Date,Call Volume,CCT,Service Level,Abandon Rate,client,day_of_week,month,day_of_month,week_of_year,quarter,is_weekend,Call Volume_lag_1,Call Volume_lag_2,Call Volume_lag_7,Call Volume_lag_14,Call Volume_lag_21,Call Volume_lag_28,Call Volume_rollmean_3,Call Volume_rollstd_3,Call Volume_rollmean_7,Call Volume_rollstd_7,Call Volume_rollmean_14,Call Volume_rollstd_14,Call Volume_rollmean_30,Call Volume_rollstd_30,diff_lag7,pct_change_7,volatility_ratio,volume_x_service,volume_x_abandon,trend
2024-01-01,2147.0,302.45,0.9855,0.0037,A,0,1,1,1,1,0,,,,,,,,,,,,,,,,0.0,0.0,2115.8685,7.9439,0
2024-01-02,7458.0,349.22,0.5213,0.1136,A,1,1,2,1,1,0,2147.0,,,,,,,,,,,,,,,0.0,0.0,3887.8554,847.2288000000001,1
2024-01-03,6882.0,331.07,0.7046,0.0432,A,2,1,3,1,1,0,7458.0,2147.0,,,,,,,,,,,,,,0.0,0.0,4849.0572,297.30240000000003,2
2024-01-04,6208.0,341.8,0.72,0.0403,A,3,1,4,1,1,0,6882.0,7458.0,,,,,5495.666666666667,2914.295855491225,,,,,,,,0.0,0.0,4469.76,250.18240000000003,3
2024-01-05,6190.0,334.56,0.8063,0.0291,A,4,1,5,1,1,0,6208.0,6882.0,,,,,6849.333333333333,625.6399390490757,,,,,,,,0.0,0.0,4990.997,180.12900000000002,4
2024-01-06,3529.0,323.18,0.9673,0.0034,A,5,1,6,1,1,1,6190.0,6208.0,,,,,6426.666666666667,394.4329262794006,,,,,,,,0.0,0.0,3413.6017,11.9986,5
2024-01-07,1611.0,269.32,0.9707,0.0056,A,6,1,7,1,1,1,3529.0,6190.0,,,,,5309.0,1541.5514911932062,,,,,,,,0.0,0.0,1563.7977,9.0216,6
2024-01-08,6688.0,343.75,0.8036,0.0173,A,0,1,8,2,1,0,1611.0,3529.0,2147.0,,,,3776.6666666666665,2299.5248059834735,4860.714285714285,2384.394382527473,,,,,4541.0,2.1150442477876106,0.4905440316735434,5374.4767999999995,115.7024,7
2024-01-09,5126.0,334.94,0.9122,0.009,A,1,1,9,2,1,0,6688.0,1611.0,7458.0,,,,3942.6666666666665,2563.654097832493,5509.428571428572,2126.8496152089087,,,,,-2332.0,-0.31268436578171094,0.3860381503516663,4675.9372,46.13399999999999,8
2024-01-10,5793.0,340.56,0.8879,0.0097,A,2,1,10,2,1,0,5126.0,6688.0,6882.0,,,,4475.0,2600.352476107806,5176.285714285715,1945.6846879085786,,,,,-1089.0,-0.15823888404533565,0.3758843300590619,5143.6047,56.1921,9
2024-01-11,5408.0,324.22,0.9274,0.0089,A,3,1,11,2,1,0,5793.0,5126.0,6208.0,,,,5869.0,783.7684607076245,5020.714285714285,1826.4533678038165,,,,,-800.0,-0.12886597938144329,0.3637835701985124,5015.3792,48.1312,10
2024-01-12,4902.0,333.5,0.963,0.0065,A,4,1,12,2,1,0,5408.0,5793.0,6190.0,,,,5442.333333333333,334.8228387271878,4906.428571428572,1763.7321090179626,,,,,-1288.0,-0.20807754442649434,0.35947371562456654,4720.626,31.863,11
2024-01-13,3337.0,316.16,0.9426,0.0087,A,5,1,13,2,1,1,4902.0,5408.0,3529.0,,,,5367.666666666667,446.86724352242754,4722.428571428572,1672.3226220980657,,,,,-192.0,-0.054406347407197506,0.3541234339076885,3145.4562,29.031899999999997,12
2024-01-14,1370.0,274.25,0.9713,0.0066,A,6,1,14,2,1,1,3337.0,4902.0,1611.0,,,,4549.0,1079.6837499934873,4695.0,1696.557887803026,,,,,-241.0,-0.14959652389819988,0.36135418270564984,1330.681,9.042,13
2024-01-15,4046.0,326.06,0.966,0.0044,A,0,1,15,3,1,0,1370.0,3337.0,6688.0,2147.0,,,3203.0,1769.808746729431,4660.571428571428,1770.4106733695858,4760.642857142857,2020.2502361052989,,,-2642.0,-0.39503588516746413,0.379869872289943,3908.4359999999997,17.802400000000002,14
2024-01-16,4893.0,339.49,0.9666,0.0039,A,1,1,16,3,1,0,4046.0,1370.0,5126.0,7458.0,,,2917.6666666666665,1386.4069869029559,4283.142857142857,1531.676034999071,4896.285714285715,1890.8757201389487,,,-233.0,-0.045454545454545456,0.3576056382160462,4729.5738,19.0827,15
2024-01-17,5538.0,327.6,0.9021,0.0081,A,2,1,17,3,1,0,4893.0,4046.0,5793.0,6882.0,,,3436.3333333333335,1838.9269516033887,4249.857142857143,1512.7211054444706,4713.071428571428,1741.9712293078387,,,-255.0,-0.044018643190056966,0.3559463423345757,4995.8298,44.8578,16
2024-01-18,5059.0,325.83,0.8213,0.019,A,3,1,18,3,1,0,5538.0,4893.0,5408.0,6208.0,,,4825.666666666667,748.2755731235196,4213.428571428572,1471.8856224973067,4617.071428571428,1647.731795963339,,,-349.0,-0.06453402366863906,0.3493320457544296,4154.9567,96.121,17
2024-01-19,5267.0,330.49,0.8563,0.014,A,4,1,19,3,1,0,5059.0,5538.0,4902.0,6190.0,,,5163.333333333333,334.91839802156517,4163.571428571428,1429.9926406737031,4535.0,1589.9977745509339,,,365.0,0.0744594043247654,0.3434533705512411,4510.1321,73.738,18
2024-01-20,3569.0,320.37,0.8563,0.0073,A,5,1,20,3,1,1,5267.0,5059.0,3337.0,3529.0,,,5288.0,240.18950851358656,4215.714285714285,1467.5671153631224,4469.071428571428,1534.2538885417543,,,232.0,0.06952352412346419,0.34811825847312294,3056.1346999999996,26.0537,19
2024-01-21,1327.0,295.66,0.8563,0.0098,A,6,1,21,3,1,1,3569.0,5267.0,1370.0,1611.0,,,4631.666666666667,926.1540548598445,4248.857142857143,1446.8892411620438,4471.928571428572,1532.4047198030696,,,-43.0,-0.031386861313868614,0.3405361000650362,1136.3101,13.0046,20
2024-01-22,5740.0,333.27,0.8563,0.0094,A,0,1,22,4,1,0,1327.0,3569.0,4046.0,6688.0,2147.0,,3387.6666666666665,1976.2493095086288,4242.714285714285,1461.1694761714798,4451.642857142857,1574.492279930403,,,1694.0,0.4186851211072664,0.3443949740126051,4915.161999999999,53.956,21
2024-01-23,5443.0,333.75,0.8563,0.0064,A,1,1,23,4,1,0,5740.0,1327.0,4893.0,5126.0,7458.0,,3545.3333333333335,2206.5951901817725,4484.714285714285,1560.091740281717,4383.928571428572,1488.9778354648176,,,550.0,0.11240547721234416,0.3478687026398248,4660.8409,34.8352,22
2024-01-24,5136.0,327.31,0.8563,0.0101,A,2,1,24,4,1,0,5443.0,5740.0,5538.0,5793.0,6882.0,,4170.0,2466.5844806128166,4563.285714285715,1597.4833034375988,4406.571428571428,1503.4703299257462,,,-402.0,-0.07258938244853738,0.35007304022988417,4397.9568,51.873599999999996,23
2024-01-25,5276.0,321.68,0.8563,0.0127,A,3,1,25,4,1,0,5136.0,5443.0,5059.0,5408.0,6208.0,,5439.666666666667,302.01379659433866,4505.857142857143,1563.4664934658738,4359.642857142857,1466.6694141249654,,,217.0,0.04289385254002767,0.3469853668007075,4517.8387999999995,67.0052,24
2024-01-26,4982.0,322.34,0.8678,0.0145,A,4,1,26,4,1,0,5276.0,5136.0,5267.0,4902.0,6190.0,,5285.0,153.69775535118848,4536.857142857143,1578.3425302693777,4350.214285714285,1459.8198613091022,,,-285.0,-0.0541104993354851,0.34789337212310734,4323.3796,72.239,25
2024-01-27,3440.0,299.77,0.9711,0.0035,A,5,1,27,4,1,1,4982.0,5276.0,3569.0,3337.0,3529.0,,5131.333333333333,147.05554506147558,4496.142857142857,1559.9375445373257,4355.928571428572,1462.3003723998972,,,-129.0,-0.03614457831325301,0.34695017353799384,3340.584,12.040000000000001,26
2024-01-28,1462.0,270.0,0.8916,0.0089,A,6,1,28,4,1,1,3440.0,4982.0,1327.0,1370.0,1611.0,,4566.0,986.1622584544575,4477.714285714285,1573.419706063379,4363.285714285715,1457.0291918606383,,,135.0,0.10173323285606632,0.3513890359380951,1303.5192,13.0118,27
2024-01-29,5399.0,321.72,0.9643,0.0043,A,0,1,29,5,1,0,1462.0,3440.0,5740.0,4046.0,6688.0,2147.0,3294.6666666666665,1764.494639644262,4497.0,1528.5519291146109,4369.857142857143,1442.6268165634974,,,-341.0,-0.059407665505226484,0.33990480967636444,5206.255700000001,23.215700000000002,28
2024-01-30,5202.0,310.12,0.9212,0.0052,A,1,1,30,5,1,0,5399.0,1462.0,5443.0,4893.0,5126.0,7458.0,3433.6666666666665,1968.5076411671187,4448.285714285715,1487.2104440064638,4466.5,1464.417224595609,,,-241.0,-0.04427705309571927,0.3343333903283848,4792.0824,27.0504,29
2024-01-31,5687.0,315.97,0.8209,0.0213,A,2,1,31,5,1,0,5202.0,5399.0,5136.0,5538.0,5793.0,6882.0,4021.0,2218.3469070458746,4413.857142857143,1462.93659335956,4488.571428571428,1473.6393836237655,4614.266666666666,1683.7057432595093,551.0,0.10728193146417446,0.33144176306815937,4668.4583,121.1331,30
2024-02-01,6089.0,279.87,0.957,0.0055,A,3,2,1,5,1,0,5687.0,5202.0,5276.0,5059.0,5408.0,6208.0,5429.333333333333,243.91870230330022,4492.571428571428,1521.9029597998745,4499.214285714285,1482.3140526047268,4732.266666666666,1627.9532089635477,813.0,0.15409401061410158,0.3387598803930018,5827.173,33.4895,31
2024-02-02,5955.0,314.45,0.8893,0.0131,A,4,2,2,5,1,0,6089.0,5687.0,4982.0,5267.0,4902.0,6190.0,5659.333333333333,444.14674752082226,4608.714285714285,1619.5437335132087,4572.785714285715,1536.7947252227689,4686.633333333333,1566.9578363566582,973.0,0.19530309112806102,0.3514090119522787,5295.7815,78.01050000000001,32
2024-02-03,3884.0,327.51,0.851,0.0233,A,5,2,3,5,1,1,5955.0,6089.0,3440.0,3569.0,3337.0,3529.0,5910.333333333333,204.68838104133812,4747.714285714285,1696.831725529053,4621.928571428572,1571.3141714102635,4655.733333333334,1530.8981347073925,444.0,0.12906976744186047,0.3573997135073531,3305.284,90.4972,33
2024-02-04,1483.0,324.53,0.943,0.0092,A,6,2,4,5,1,1,3884.0,5955.0,1462.0,1327.0,1370.0,1611.0,5309.333333333333,1236.1918675243444,4811.142857142857,1647.3792751490093,4644.428571428572,1557.26978613636,4578.266666666666,1508.274097776325,21.0,0.014363885088919288,0.3424091373015935,1398.4689999999998,13.6436,34
2024-02-05,6622.0,297.62,0.9697,0.0096,A,0,2,5,6,1,0,1483.0,3884.0,5399.0,5740.0,4046.0,6688.0,3774.0,2238.028373367951,4814.142857142857,1640.2675014126432,4655.571428571428,1532.0604383682728,4421.366666666667,1578.042162876547,1223.0,0.22652343026486385,0.34071849342379606,6421.3534,63.5712,35
2024-02-06,5655.0,341.61,0.9326,0.0078,A,1,2,6,6,1,0,6622.0,1483.0,5202.0,5443.0,4893.0,5126.0,3996.3333333333335,2571.340960147707,4988.857142857143,1772.7323005811702,4718.571428571428,1596.8480836315641,4524.466666666666,1618.2565700273801,453.0,0.08708189158016148,0.35533835702617805,5273.853,44.108999999999995,36
2024-02-07,5199.0,327.75,0.8957,0.0107,A,2,2,7,6,1,0,5655.0,6622.0,5687.0,5136.0,5538.0,5793.0,4586.666666666667,2730.9947516121906,5053.571428571428,1789.9944000976516,4733.714285714285,1605.2294553725337,4659.266666666666,1533.4046170336871,-488.0,-0.08580974151573764,0.35420383888858126,4656.7443,55.6293,37
2024-02-08,5131.0,317.4,0.9512,0.0057,A,3,2,8,6,1,0,5199.0,5655.0,6089.0,5276.0,5059.0,5408.0,5825.333333333333,726.6308095128711,4983.857142857143,1770.6108577335135,4738.214285714285,1606.5317243424352,4609.633333333333,1488.927072235837,-958.0,-0.1573328953851207,0.3552691834819444,4880.6072,29.2467,38
2024-02-09,4687.0,308.97,0.9946,0.002,A,4,2,9,6,1,0,5131.0,5199.0,5955.0,4982.0,5267.0,4902.0,5328.333333333333,284.93742002996044,4847.0,1706.8283452063945,4727.857142857143,1603.2620524390907,4609.8,1488.9871447535663,-1268.0,-0.21293031066330814,0.35214118943808426,4661.6902,9.374,39
2024-02-10,3300.0,329.39,0.9888,0.0027,A,5,2,10,6,1,1,4687.0,5131.0,3884.0,3440.0,3569.0,3337.0,5005.666666666667,278.05994557528436,4665.857142857143,1635.4318928620887,4706.785714285715,1601.6026674539478,4572.933333333333,1472.2797460315453,-584.0,-0.15036045314109167,0.35051049416841557,3263.04,8.91,40
2024-02-11,1237.0,305.5,0.9305,0.0064,A,6,2,11,6,1,1,3300.0,4687.0,1483.0,1462.0,1327.0,1370.0,4372.666666666667,955.1148273026288,4582.428571428572,1695.7480018311342,4696.785714285715,1610.5327440881842,4502.666666666667,1481.32655677811,-246.0,-0.16587997302764665,0.3700544319237441,1151.0285,7.9168,41
2024-02-12,4941.0,287.65,0.9558,0.0073,A,0,2,12,7,1,0,1237.0,3300.0,6622.0,5399.0,5740.0,4046.0,3074.6666666666665,1736.0029761879246,4547.285714285715,1771.5415804966506,4680.714285714285,1646.0270784094469,4380.5,1594.0935539110274,-1681.0,-0.2538508003624283,0.3895822017365635,4722.6078,36.0693,42
2024-02-13,4997.0,331.31,0.9367,0.0063,A,1,2,13,7,1,0,4941.0,1237.0,5655.0,5202.0,5443.0,4893.0,3159.3333333333335,1856.002244969906,4307.142857142857,1542.5654420014541,4648.0,1635.1687280616536,4433.966666666666,1584.7593199911619,-658.0,-0.11635720601237842,0.3581412303154288,4680.6899,31.4811,43
2024-02-14,4746.0,326.21,0.9534,0.0072,A,2,2,14,7,1,0,4997.0,4941.0,5199.0,5687.0,5136.0,5538.0,3725.0,2154.8531272455666,4213.142857142857,1464.831097040591,4633.357142857143,1630.7379456101291,4554.866666666667,1477.684715878265,-453.0,-0.08713214079630698,0.34768132643714017,4524.8364,34.1712,44
2024-02-15,4684.0,331.78,0.9121,0.008,A,3,2,15,7,1,0,4746.0,4997.0,5131.0,6089.0,5276.0,5059.0,4894.666666666667,131.75861768146896,4148.428571428572,1423.4399480534064,4566.142857142857,1603.1281371667772,4578.2,1474.8964288593513,-447.0,-0.08711752095108166,0.343127505643233,4272.2764,37.472,45
2024-02-16,4776.0,319.01,0.9097,0.014,A,4,2,16,7,1,0,4684.0,4746.0,4687.0,5955.0,4982.0,5267.0,4809.0,165.73774464496066,4084.5714285714284,1381.4203870344047,4465.785714285715,1543.3243927699318,4571.233333333334,1473.8514331934666,89.0,0.01898869212716023,0.33820448759236266,4344.727199999999,66.864,46
2024-02-17,3337.0,328.52,0.9317,0.0089,A,5,2,17,7,1,1,4776.0,4684.0,3300.0,3884.0,3440.0,3569.0,4735.333333333333,46.91836882641513,4097.285714285715,1388.2816374071592,4381.571428571428,1486.9493144476246,4545.833333333333,1463.1430524572852,37.0,0.011212121212121211,0.33882958968829935,3109.0829,29.6993,47
2024-02-18,1348.0,303.38,0.8697,0.0178,A,6,2,18,7,1,1,3337.0,4776.0,1237.0,1483.0,1462.0,1327.0,4265.666666666667,805.5633639468293,4102.571428571428,1384.8062267748091,4342.5,1508.0659417331135,4488.433333333333,1476.037745600288,111.0,0.08973322554567502,0.3375459150157972,1172.3556,23.9944,48
2024-02-19,4745.0,292.52,0.9645,0.0043,A,0,2,19,8,1,0,1348.0,3337.0,4941.0,6622.0,5399.0,5740.0,3153.6666666666665,1721.3379486124543,4118.428571428572,1346.6336865362769,4332.857142857143,1528.0557207491759,4357.8,1574.8687827113154,-196.0,-0.03966808338393038,0.32697755058288314,4576.5525,20.4035,49
2024-02-20,4913.0,317.84,0.9898,0.001,A,1,2,20,8,1,0,4745.0,1348.0,4997.0,5655.0,5202.0,5443.0,3143.3333333333335,1706.7607721450984,4090.4285714285716,1328.5966101044178,4198.785714285715,1387.6499324991273,4397.0,1569.1833808572599,-84.0,-0.01681008605163098,0.32480621208853155,4862.8874,4.913,50
2024-02-21,4793.0,328.07,0.9312,0.0077,A,2,2,21,8,1,0,4913.0,4745.0,4746.0,5199.0,5687.0,5136.0,3668.6666666666665,2011.510957795988,4078.4285714285716,1319.3911294157433,4145.785714285715,1341.1434947932942,4516.533333333334,1460.0480325904568,47.0,0.00990307627475769,0.3235047779575538,4463.2416,36.9061,51
2024-02-22,4556.0,337.22,0.8779,0.0136,A,3,2,22,8,1,0,4793.0,4913.0,4684.0,5131.0,6089.0,5276.0,4817.0,86.53323061113278,4085.1428571428573,1323.4678473076483,4116.785714285715,1320.8536970501261,4484.966666666666,1442.8197603718697,-128.0,-0.027327070879590094,0.3239710075239033,3999.7124,61.9616,52
2024-02-23,4813.0,327.4,0.9085,0.0095,A,4,2,23,8,1,0,4556.0,4793.0,4776.0,4687.0,5955.0,4982.0,4754.0,181.6672782864308,4066.8571428571427,1314.669721333261,4075.714285714286,1295.589288468997,4455.4,1431.5548479742647,37.0,0.007747068676716918,0.3232642984871725,4372.6105,45.7235,53
2024-02-24,3054.0,323.73,0.9076,0.0068,A,5,2,24,8,1,1,4813.0,4556.0,3337.0,3300.0,3884.0,3440.0,4720.666666666667,142.95570409512453,4072.1428571428573,1318.0660616437785,4084.714285714286,1300.5903055371205,4444.633333333333,1427.4683759606778,-283.0,-0.08480671261612227,0.3236787381689686,2771.8104,20.7672,54
2024-02-25,1399.0,298.79,0.844,0.0218,A,6,2,25,8,1,1,3054.0,4813.0,1348.0,1237.0,1483.0,1462.0,4141.0,950.0994684768535,4031.714285714286,1348.3649004486517,4067.1428571428573,1313.604252378976,4370.566666666667,1440.4312975593475,51.0,0.037833827893175076,0.3344395968797591,1180.7559999999999,30.4982,55
2024-02-26,4897.0,282.1,0.9497,0.0055,A,0,2,26,9,1,0,1399.0,3054.0,4745.0,4941.0,6622.0,5399.0,3088.6666666666665,1707.263990522067,4039.0,1331.4790022127015,4078.714285714286,1287.204270955015,4251.133333333333,1533.520352412829,152.0,0.032033719704952585,0.3296556083715527,4650.6809,26.9335,56
2024-02-27,4512.0,326.8,0.9358,0.0054,A,1,2,27,9,1,0,4897.0,1399.0,4913.0,4997.0,5655.0,5202.0,3116.6666666666665,1749.8418023733839,4060.714285714286,1346.071161353875,4075.5714285714284,1284.9887586629336,4299.7,1530.0135259713138,-401.0,-0.0816201913291268,0.33148630182857075,4222.3296,24.364800000000002,57
2024-02-28,4523.0,310.92,0.984,0.0011,A,2,2,28,9,1,0,4512.0,4897.0,4793.0,4746.0,5199.0,5687.0,3602.6666666666665,1918.1153076218677,4003.4285714285716,1311.8524888038862,4040.9285714285716,1264.612647553252,4401.366666666667,1433.2233621271757,-270.0,-0.05633215105361986,0.3276822516995148,4450.632,4.975300000000001,58
2024-02-29,4972.0,318.99,0.951,0.0054,A,3,2,29,9,1,0,4523.0,4512.0,4556.0,4684.0,5131.0,6089.0,4644.0,219.17344729688284,3964.8571428571427,1288.530096475751,4025.0,1256.4266178945124,4372.166666666667,1421.0691721214778,416.0,0.0913081650570676,0.3249877738463017,4728.371999999999,26.8488,59
2024-03-01,5476.0,324.84,0.9311,0.0087,A,4,3,1,9,1,0,4972.0,4523.0,4813.0,4776.0,4687.0,5955.0,4669.0,262.463330772128,4024.285714285714,1329.2869911203911,4045.5714285714284,1270.3271967541211,4364.5,1417.0525931397667,663.0,0.13775192187824642,0.3303162562244493,5098.7036,47.6412,60
2024-03-02,3825.0,330.3,0.8888,0.0112,A,5,3,2,9,1,1,5476.0,4972.0,3054.0,3337.0,3300.0,3884.0,4990.333333333333,476.7644421864249,4119.0,1415.6642728180054,4095.5714285714284,1314.3031329471607,4357.466666666666,1410.77192695526,771.0,0.25245579567779963,0.3436912534153934,3399.6600000000003,42.839999999999996,61
2024-03-03,1387.0,317.56,0.7931,0.0274,A,6,3,3,9,1,1,3825.0,5476.0,1399.0,1348.0,1237.0,1483.0,4757.666666666667,846.1113007951928,4229.142857142857,1347.3382931507865,4130.428571428572,1299.019554201475,4282.0,1375.0548829172174,-12.0,-0.008577555396711936,0.3185842471306413,1100.0297,38.0038,62
2024-03-04,5347.0,307.42,0.8496,0.0205,A,0,3,4,10,1,0,1387.0,3825.0,4897.0,4745.0,4941.0,6622.0,3562.6666666666665,2057.0839393017814,4227.428571428572,1351.5404614911156,4133.214285714285,1292.6197714820744,4129.733333333334,1435.0182489127599,450.0,0.0918929957116602,0.319707462504657,4542.8112,109.6135,63
2024-03-05,5043.0,308.7,0.8427,0.0165,A,1,3,5,10,1,0,5347.0,1387.0,4512.0,4913.0,4997.0,5655.0,3519.6666666666665,1997.5788678631275,4291.714285714285,1398.5799600887692,4176.214285714285,1324.1648850717722,4178.5,1451.147601751443,531.0,0.11768617021276596,0.32587909329010667,4249.7361,83.2095,64
2024-03-06,4653.0,275.76,0.94,0.0115,A,2,3,6,10,1,0,5043.0,5347.0,4523.0,4793.0,4746.0,5199.0,3925.6666666666665,2203.7979338708287,4367.571428571428,1426.6382229029252,4185.5,1330.1712295791083,4297.166666666667,1366.1958026814336,130.0,0.028741985407915102,0.32664336376281283,4373.82,53.509499999999996,65
2024-03-07,4489.0,325.52,0.739,0.0331,A,3,3,7,10,1,0,4653.0,5043.0,4972.0,4556.0,4684.0,5131.0,5014.333333333333,347.8869548191385,4386.142857142857,1429.84129988511,4175.5,1325.7718071430625,4231.533333333334,1296.1584283043362,-483.0,-0.09714400643604183,0.3259905904698489,3317.371,148.58589999999998,66
2024-03-08,4496.0,321.56,0.9302,0.0071,A,4,3,8,10,1,0,4489.0,4653.0,5476.0,4813.0,4776.0,4687.0,4728.333333333333,284.57922154179346,4317.142857142857,1408.3501492374476,4170.714285714285,1324.4128701237569,4192.666666666667,1269.2040224387536,-980.0,-0.1789627465303141,0.3262227347671123,4182.1792000000005,31.9216,67
2024-03-09,2961.0,313.31,0.9521,0.004,A,5,3,9,10,1,1,4496.0,4489.0,3825.0,3054.0,3337.0,3300.0,4546.0,92.73079315955279,4177.142857142857,1319.882624651579,4148.071428571428,1315.265545828656,4169.233333333334,1256.4086388655926,-864.0,-0.22588235294117648,0.3159773725226078,2819.1681,11.844,68
2024-03-10,1211.0,307.87,0.951,0.006,A,6,3,10,10,1,1,2961.0,4496.0,1387.0,1399.0,1348.0,1237.0,3982.0,884.2188643090577,4053.714285714286,1396.477558512334,4141.428571428572,1321.4366723838398,4096.9,1261.5833879801942,-176.0,-0.12689257390050468,0.34449333625550954,1151.661,7.266,69
2024-03-11,5459.0,314.33,0.8967,0.0102,A,0,3,11,11,1,0,1211.0,2961.0,5347.0,4897.0,4745.0,4941.0,2889.3333333333335,1643.6722098196262,4028.5714285714284,1452.93563256634,4128.0,1352.0498966668795,3981.0333333333333,1361.206804408432,112.0,0.02094632504207967,0.3606577811334887,4895.085300000001,55.6818,70
2024-03-12,4542.0,302.6,0.95,0.0055,A,1,3,12,11,1,0,5459.0,1211.0,5043.0,4512.0,4913.0,4997.0,3210.3333333333335,2134.947618405036,4044.5714285714284,1470.3861008980887,4168.142857142857,1384.5895174628936,4053.0,1380.8897431578741,-501.0,-0.09934562760261749,0.36354558866511094,4314.9,24.980999999999998,71
2024-03-13,4587.0,277.99,0.9583,0.0121,A,2,3,13,11,1,0,4542.0,5459.0,4653.0,4523.0,4793.0,4746.0,3737.3333333333335,2235.3953416193153,3973.0,1425.1859527794954,4170.285714285715,1385.1857097694328,4163.166666666667,1276.3633977000848,-66.0,-0.014184397163120567,0.35871783357148135,4395.7221,55.5027,72
2024-03-14,4573.0,316.67,0.9118,0.0061,A,3,3,14,11,1,0,4587.0,4542.0,4489.0,4972.0,4556.0,4684.0,4862.666666666667,516.9297179823728,3963.5714285714284,1420.1469239886005,4174.857142857143,1386.5442297665436,4151.366666666667,1270.5474650399879,84.0,0.01871240810871018,0.35829981863111204,4169.6614,27.895300000000002,73
2024-03-15,4285.0,328.52,0.9044,0.0074,A,4,3,15,11,1,0,4573.0,4587.0,4496.0,5476.0,4813.0,4776.0,4567.333333333333,23.02896726593841,3975.5714285714284,1425.6708195492688,4146.357142857143,1372.9326616431667,4137.233333333334,1263.1531614160656,-211.0,-0.04693060498220641,0.3586077737915441,3875.354,31.709,74
2024-03-16,3425.0,300.7,0.9252,0.0118,A,5,3,16,11,1,1,4285.0,4573.0,2961.0,3825.0,3054.0,3337.0,4481.666666666667,170.462117003561,3945.4285714285716,1415.024364589158,4061.285714285714,1320.0881339208672,4121.866666666667,1258.286676763105,464.0,0.15670381627828436,0.3586490894389205,3168.81,40.415,75
2024-03-17,1488.0,309.27,0.9022,0.0092,A,6,3,17,11,1,1,3425.0,4285.0,1211.0,1387.0,1399.0,1348.0,4094.3333333333335,597.2782712717212,4011.714285714286,1371.4197891583874,4032.714285714286,1329.8879321536488,4079.9,1259.8859923791128,277.0,0.22873658133773742,0.34185380400643517,1342.4736,13.6896,76
2024-03-18,5367.0,303.8,0.9395,0.0069,A,0,3,18,12,1,0,1488.0,3425.0,5459.0,5347.0,4897.0,4745.0,3066.0,1432.6419650422092,4051.285714285714,1277.9492314232346,4039.9285714285716,1314.6179008650083,3970.3,1337.8455956989333,-92.0,-0.01685290346217256,0.31544287950783323,5042.2965,37.0323,77
2024-03-19,5017.0,306.58,0.8767,0.0132,A,1,3,19,12,1,0,5367.0,1488.0,4542.0,5043.0,4512.0,4913.0,3426.6666666666665,1939.50053707993,4038.1428571428573,1261.425176611944,4041.3571428571427,1316.157496253792,4037.9666666666667,1355.924839828656,475.0,0.10457948040510788,0.31237755107664794,4398.4039,66.2244,78
2024-03-20,5233.0,286.11,0.8981,0.0171,A,2,3,20,12,1,0,5017.0,5367.0,4587.0,4653.0,4523.0,4793.0,3957.3333333333335,2145.6538242068164,4106.0,1305.0681974517643,4039.5,1314.652908273041,4160.266666666666,1267.5158962026612,646.0,0.1408327883148027,0.3178441786292655,4699.7573,89.4843,79
2024-03-21,4773.0,308.82,0.9388,0.0048,A,3,3,21,12,1,0,5233.0,5017.0,4573.0,4489.0,4972.0,4556.0,5205.666666666667,176.59369562171673,4198.285714285715,1366.160643834356,4080.9285714285716,1344.2782143523764,4176.533333333334,1278.363790792431,200.0,0.04373496610540127,0.32540916383695695,4480.8924,22.9104,80
2024-03-22,4702.0,307.17,0.9284,0.0106,A,4,3,22,12,1,0,4773.0,5233.0,4285.0,4496.0,5476.0,4813.0,5007.666666666667,230.1419851598913,4226.857142857143,1377.348954643354,4101.214285714285,1353.0242580445993,4171.866666666667,1275.8356486236185,417.0,0.09731621936989499,0.3258565189436082,4365.3368,49.8412,81
2024-03-23,3707.0,314.44,0.9146,0.0083,A,5,3,23,12,1,1,4702.0,4773.0,3425.0,2961.0,3825.0,3054.0,4902.666666666667,288.2712842676767,4286.428571428572,1389.249180569952,4115.928571428572,1358.7558485776435,4168.833333333333,1274.4153516439394,282.0,0.08233576642335766,0.32410412477885897,3390.4222,30.7681,82
2024-03-24,1476.0,312.19,0.9035,0.0083,A,6,3,24,12,1,1,3707.0,4702.0,1488.0,1211.0,1387.0,1399.0,4394.0,596.0176171892928,4326.714285714285,1363.964651825174,4169.214285714285,1324.1670344653771,4140.533333333334,1274.9478078116283,-12.0,-0.008064516129032258,0.3152425979059075,1333.566,12.2508,83
2024-03-25,5533.0,315.44,0.8835,0.0104,A,0,3,25,13,1,0,1476.0,3707.0,5367.0,5459.0,5347.0,4897.0,3295.0,1651.9918280669558,4325.0,1368.1282834588274,4188.142857142857,1279.7774360076373,4029.3,1357.1725972110876,166.0,0.030929755915781627,0.3163302389500179,4888.4055,57.5432,84
2024-03-26,4465.0,290.85,0.9148,0.0118,A,1,3,26,13,1,0,5533.0,1476.0,5017.0,4542.0,5043.0,4512.0,3572.0,2031.8663834022163,4348.714285714285,1390.4563656447124,4193.428571428572,1285.5697757615667,4111.933333333333,1371.1392427425103,-552.0,-0.11002591189954156,0.3197396458563446,4084.582,52.687,85
2024-03-27,4840.0,271.0,0.9287,0.0179,A,2,3,27,13,1,0,4465.0,5533.0,5233.0,4587.0,4653.0,4523.0,3824.6666666666665,2102.93421992542,4269.857142857143,1361.5922576860055,4187.928571428572,1284.1276874136831,4214.133333333333,1272.6833648344882,-393.0,-0.07510032486145614,0.31888473364120706,4494.907999999999,86.636,86
2024-03-28,4817.0,321.32,0.8968,0.0084,A,3,3,28,13,1,0,4840.0,4465.0,4773.0,4573.0,4489.0,4972.0,4946.0,541.8330001024326,4213.714285714285,1322.8098520807525,4206.0,1291.9323035372533,4212.233333333334,1271.670898744106,44.0,0.009218520846427823,0.3139296502768263,4319.8856000000005,40.462799999999994,87
2024-03-29,4600.0,315.22,0.9287,0.0058,A,4,3,29,13,1,0,4817.0,4840.0,4702.0,4285.0,4496.0,5476.0,4707.333333333333,210.18166745303,4220.0,1326.0110607884578,4223.428571428572,1298.8911670098694,4222.4,1275.3639264255455,-102.0,-0.021692896639727774,0.3142206305185919,4272.0199999999995,26.68,88
2024-03-30,3561.0,304.88,0.9036,0.0113,A,5,3,30,13,1,1,4600.0,4817.0,3707.0,3425.0,2961.0,3825.0,4752.333333333333,132.4248214396988,4205.428571428572,1320.3801040032438,4245.928571428572,1302.7622998421878,4224.966666666666,1276.0670310826506,-146.0,-0.03938494739681683,0.3139704031531594,3217.7196,40.2393,89
2024-03-31,594.0,306.22,0.8736,0.0135,A,6,3,31,13,1,1,3561.0,4600.0,1476.0,1488.0,1211.0,1387.0,4326.0,671.335236673901,4184.571428571428,1330.678631017879,4255.642857142857,1296.662793905531,4177.933333333333,1273.5843238219666,-882.0,-0.5975609756097561,0.31799639550475056,518.9184,8.019,90
2024-04-01,5958.0,302.04,0.8677,0.0175,A,0,4,1,14,2,0,594.0,3561.0,5533.0,5367.0,5459.0,5347.0,2918.3333333333335,2078.887763524846,4058.5714285714284,1636.5077509891657,4191.785714285715,1455.7060237123853,4015.2,1406.9241432385707,425.0,0.07681185613591181,0.4032226067203154,5169.7566,104.26500000000001,91
2024-04-02,5738.0,291.39,0.9355,0.0138,A,1,4,2,14,2,0,5958.0,594.0,4465.0,5017.0,4542.0,5043.0,3371.0,2687.042798319372,4119.285714285715,1706.7040081480354,4234.0,1500.2942275536373,4086.3,1450.2112842498213,1273.0,0.2851063829787234,0.41432037652284537,5367.899,79.1844,92
2024-04-03,5702.0,326.33,0.9285,0.0056,A,2,4,3,14,2,0,5738.0,5958.0,4840.0,5233.0,4587.0,4653.0,4096.666666666667,3035.392121840823,4301.142857142857,1814.1226004666296,4285.5,1541.060361719013,4231.333333333333,1387.1469437944054,862.0,0.17809917355371901,0.4217768766861435,5294.307,31.9312,93
2024-04-04,5237.0,319.4,0.9649,0.0022,A,3,4,4,14,2,0,5702.0,5738.0,4817.0,4773.0,4573.0,4489.0,5799.333333333333,138.5833082782158,4424.285714285715,1884.6807611445945,4319.0,1568.102135606066,4243.166666666667,1398.460608924199,420.0,0.08719119784097987,0.42598531895421893,5053.1813,11.5214,94
2024-04-05,5505.0,326.77,0.9157,0.0103,A,4,4,5,14,2,0,5237.0,5702.0,4600.0,4702.0,4285.0,4496.0,5559.0,279.4405124530114,4484.285714285715,1905.8335634122325,4352.142857142857,1583.265994326666,4249.633333333333,1402.7287073546258,905.0,0.1967391304347826,0.42500270608109675,5040.9285,56.7015,95
2024-04-06,3615.0,323.16,0.9885,0.0018,A,5,4,6,14,2,1,5505.0,5237.0,3561.0,3707.0,3425.0,2961.0,5481.333333333333,233.40165666364703,4613.571428571428,1945.2794878151267,4409.5,1611.2137684653471,4278.033333333334,1419.6992270908288,54.0,0.015164279696714406,0.4216428677722832,3573.4275000000002,6.507,96
2024-04-07,1434.0,329.64,0.9318,0.0076,A,6,4,7,14,2,1,3615.0,5505.0,594.0,1476.0,1488.0,1211.0,4785.666666666667,1022.6442848485173,4621.285714285715,1940.5109047435337,4402.928571428572,1614.483649977278,4248.9,1424.181249362061,840.0,1.4141414141414141,0.41990714807891233,1336.2012,10.8984,97
2024-04-08,4937.0,306.97,0.6551,0.0608,A,0,4,8,15,2,0,1434.0,3615.0,5958.0,5533.0,5367.0,5459.0,3518.0,2037.2326818505544,4741.285714285715,1654.914671947943,4399.928571428572,1620.3690683243788,4146.833333333333,1512.8250595886952,-1021.0,-0.171366230278617,0.3490434392008075,3234.2287,300.1696,98
2024-04-09,4805.0,294.4,0.9699,0.0,A,1,4,9,15,2,0,4937.0,1434.0,5738.0,4465.0,5017.0,4542.0,3328.6666666666665,1768.9664590752802,4595.428571428572,1572.7600852368687,4357.357142857143,1595.955687024252,4212.7,1502.3953322886612,-933.0,-0.16260020913210177,0.34224448509879635,4660.3695,0.0,99
2024-04-10,4728.0,340.69,0.9648,0.0027,A,2,4,10,15,2,0,4805.0,4937.0,5702.0,4840.0,5233.0,4587.0,3725.3333333333335,1985.4501588640635,4462.142857142857,1497.5280107086946,4381.642857142857,1600.3006740149629,4332.5,1394.1826860454705,-974.0,-0.17081725710277096,0.3356073659343961,4561.5743999999995,12.765600000000001,100
2024-04-11,4870.0,323.91,0.9277,0.0077,A,3,4,11,15,2,0,4728.0,4805.0,5237.0,4817.0,4773.0,4573.0,4823.333333333333,105.69925890626955,4323.0,1405.551493186926,4373.642857142857,1598.1115108461295,4308.133333333333,1380.1326956025866,-367.0,-0.07007828909681116,0.32513335488941153,4517.898999999999,37.499,101
2024-04-12,4462.0,320.1,0.9172,0.0089,A,4,4,12,15,2,0,4870.0,4728.0,5505.0,4600.0,4702.0,4285.0,4801.0,71.0844568102004,4270.571428571428,1372.2257901116773,4377.428571428572,1599.3048833446696,4319.066666666667,1383.344720628937,-1043.0,-0.18946412352406902,0.32132135314048776,4092.5464,39.7118,102
2024-04-13,3094.0,321.56,0.9096,0.0109,A,5,4,13,15,2,1,4462.0,4870.0,3615.0,3561.0,3707.0,3425.0,4686.666666666667,207.11671427804814,4121.571428571428,1268.5586121188687,4367.571428571428,1598.2524934962655,4314.9,1382.6979711095053,-521.0,-0.1441217150760719,0.30778518196360893,2814.3024,33.7246,103
2024-04-14,1352.0,330.01,0.8897,0.0118,A,6,4,14,15,2,1,3094.0,4462.0,1434.0,594.0,1476.0,1488.0,4142.0,930.2386790496304,4047.1428571428573,1317.5707986760362,4334.214285714285,1621.0915685507623,4265.6,1399.4435248734915,-82.0,-0.05718270571827057,0.3255557921190347,1202.8744000000002,15.9536,104
2024-04-15,5397.0,305.88,0.8656,0.0211,A,0,4,15,16,2,0,1352.0,3094.0,4937.0,5958.0,5533.0,5367.0,2969.3333333333335,1558.7435110797846,4035.4285714285716,1344.759936090559,4388.357142857143,1494.259559737909,4167.833333333333,1497.0863905999342,460.0,0.09317399230301802,0.3332384435228658,4671.6432,113.8767,105
2024-04-16,4674.0,280.89,0.966,0.0076,A,1,4,16,16,2,0,5397.0,1352.0,4805.0,5738.0,4465.0,5017.0,3281.0,2028.973385729838,4101.142857142857,1406.004555299807,4348.285714285715,1455.9599756001014,4233.566666666667,1506.6082639224896,-131.0,-0.027263267429760665,0.3428323772850303,4515.084,35.5224,106
2024-04-17,4768.0,310.92,0.9892,0.0007,A,2,4,17,16,2,0,4674.0,5397.0,4728.0,5702.0,4840.0,5233.0,3807.6666666666665,2157.175545321552,4082.4285714285716,1395.9101997314456,4272.285714285715,1404.7056318275045,4339.766666666666,1415.9641209981346,40.0,0.008460236886632826,0.34193132232635054,4716.5055999999995,3.3376,107
2024-04-18,4580.0,319.46,0.958,0.0029,A,3,4,18,16,2,0,4768.0,4674.0,4870.0,5237.0,4817.0,4773.0,4946.333333333333,393.1085515901875,4088.1428571428573,1399.071647983217,4205.571428571428,1352.800838959714,4319.8,1405.1615786339175,-290.0,-0.059548254620123205,0.3422267021659335,4387.639999999999,13.281999999999998,108
2024-04-19,4671.0,332.65,0.9407,0.0054,A,4,4,19,16,2,0,4580.0,4768.0,4462.0,5505.0,4600.0,4702.0,4674.0,94.00000000000895,4046.714285714286,1376.167227518239,4158.642857142857,1325.3861908685524,4305.233333333334,1399.9401879669913,209.0,0.04683998207082026,0.34007027191822903,4394.0097,25.2234,109
2024-04-20,3124.0,327.14,0.8843,0.0126,A,5,4,20,16,2,1,4671.0,4580.0,3094.0,3615.0,3561.0,3707.0,4673.0,94.01595609257868,4076.5714285714284,1388.8873073006862,4099.071428571428,1278.1170323376666,4286.5,1390.8277056833995,30.0,0.009696186166774402,0.3406998581127279,2762.5532,39.3624,110
2024-04-21,1429.0,315.03,0.9282,0.0074,A,6,4,21,16,2,1,3124.0,4671.0,1352.0,1434.0,594.0,1476.0,4125.0,868.0846732894215,4080.8571428571427,1385.3919335422045,4064.0,1298.9877716011133,4231.533333333334,1403.4653352065502,77.0,0.05695266272189349,0.339485525967774,1326.3978,10.5746,111
2024-04-22,5416.0,312.62,0.8951,0.0188,A,0,4,22,17,2,0,1429.0,3124.0,5397.0,4937.0,5958.0,5533.0,3074.6666666666665,1621.5629291931086,4091.8571428571427,1360.1901127626024,4063.6428571428573,1299.7669381110554,4122.433333333333,1490.168971750457,19.0,0.0035204743375949602,0.3324138808552951,4847.8616,101.8208,112
2024-04-23,4845.0,297.94,0.98,0.0016,A,1,4,23,17,2,0,5416.0,1429.0,4674.0,4805.0,5738.0,4465.0,3323.0,2000.935531195346,4094.5714285714284,1363.244152398101,4097.857142857143,1330.4670005529767,4179.4,1506.3186135466956,171.0,0.036585365853658534,0.33293939944130585,4748.1,7.752000000000001,113
2024-04-24,4882.0,326.93,0.9758,0.0034,A,2,4,24,17,2,0,4845.0,5416.0,4768.0,4728.0,5702.0,4840.0,3896.6666666666665,2156.0483142391163,4119.0,1376.8221865343871,4100.714285714285,1332.1442765805696,4291.7,1420.9903091227213,114.0,0.023909395973154363,0.33426127373983666,4763.8556,16.5988,114
2024-04-25,4716.0,307.34,0.9746,0.0039,A,3,4,25,17,2,0,4882.0,4845.0,4580.0,4870.0,5237.0,4817.0,5047.666666666667,319.5220388851686,4135.285714285715,1386.419094199839,4111.714285714285,1338.3438346629073,4270.0,1406.2752465166677,136.0,0.029694323144104803,0.3352656116142907,4596.2136,18.3924,115
2024-04-26,4474.0,311.38,0.8663,0.0886,A,4,4,26,17,2,0,4716.0,4882.0,4671.0,4462.0,5505.0,4600.0,4814.333333333333,87.1454722480478,4154.714285714285,1394.618432198775,4100.714285714285,1332.2509828552113,4278.366666666667,1408.2207282738837,-197.0,-0.04217512309997859,0.33567132088819673,3875.8262,396.39639999999997,116
2024-04-27,3202.0,302.46,0.9475,0.0045,A,5,4,27,17,2,1,4474.0,4716.0,3124.0,3094.0,3615.0,3561.0,4690.666666666667,205.1763469148803,4126.571428571428,1384.4139382355806,4101.571428571428,1332.50514297092,4266.166666666667,1404.7684576257495,78.0,0.02496798975672215,0.33548769534200185,3033.895,14.408999999999999,117
2024-04-28,1438.0,319.58,0.907,0.0131,A,6,4,28,17,2,1,3202.0,4474.0,1429.0,1352.0,1434.0,594.0,4130.666666666667,813.3002725521095,4137.714285714285,1375.2833301161022,4109.285714285715,1326.522488346092,4212.333333333333,1413.8471685765587,9.0,0.006298110566829951,0.33237754836392475,1304.266,18.8378,118
2024-04-29,5088.0,315.77,0.9071,0.0131,A,0,4,29,18,2,0,1438.0,3202.0,5416.0,5397.0,4937.0,5958.0,3038.0,1524.6297911296379,4139.0,1372.3300137600518,4115.428571428572,1312.9010575108782,4106.933333333333,1499.2333197759565,-328.0,-0.060561299852289516,0.3315607667939241,4615.3248,66.6528,119
2024-04-30,4954.0,285.87,0.9288,0.0092,A,1,4,30,18,2,0,5088.0,1438.0,4845.0,4674.0,4805.0,5738.0,3242.6666666666665,1825.339785720274,4092.1428571428573,1326.2881070329856,4093.3571428571427,1292.132084647626,4157.833333333333,1505.965610344482,109.0,0.022497420020639834,0.3241060132389911,4601.2752,45.5768,120
2024-05-01,5549.0,263.46,0.976,0.0079,A,2,5,1,18,2,0,4954.0,5088.0,4882.0,4768.0,4728.0,5702.0,3826.6666666666665,2069.7307393314077,4107.714285714285,1337.195287942354,4113.357142857143,1303.9239363813087,4303.166666666667,1352.7667710221176,667.0,0.13662433428922574,0.3255326916462572,5415.824,43.83710000000001,121
2024-05-02,5296.0,317.27,0.9594,0.0062,A,3,5,2,18,2,0,5549.0,4954.0,4716.0,4580.0,4870.0,5237.0,5197.0,312.11696525501253,4203.0,1422.6019588533295,4169.142857142857,1349.9793079407282,4289.533333333334,1337.4887877927283,580.0,0.12298558100084818,0.3384729856895859,5080.9824,32.8352,122
2024-05-03,5337.0,316.69,0.9576,0.0048,A,4,5,3,18,2,0,5296.0,5549.0,4474.0,4671.0,4462.0,5505.0,5266.333333333333,298.6073229733856,4285.857142857143,1473.4427291857912,4220.285714285715,1379.970982335465,4274.8,1323.34240884001,863.0,0.19289226642825213,0.34379184374855964,5110.7112,25.6176,123
2024-05-04,3668.0,315.09,0.9624,0.0052,A,5,5,4,18,2,1,5337.0,5296.0,3202.0,3124.0,3094.0,3615.0,5394.0,135.79027947536568,4409.142857142857,1526.9418705996875,4267.857142857143,1407.9003383185043,4262.633333333333,1311.392349909933,466.0,0.14553404122423486,0.3463126326528581,3530.0832,19.0736,124
2024-05-05,1837.0,308.99,0.9819,0.002,A,6,5,5,18,2,1,3668.0,5337.0,1438.0,1429.0,1352.0,1434.0,4767.0,951.982667909453,4475.714285714285,1474.8098989684177,4306.714285714285,1381.1551702816018,4210.333333333333,1302.4497695876214,399.0,0.27746870653685674,0.32951386188250636,1803.7503,3.674,125
2024-05-06,5722.0,304.08,0.985,0.0053,A,0,5,6,19,2,0,1837.0,3668.0,5088.0,5416.0,5397.0,4937.0,3614.0,1750.6247456265446,4532.714285714285,1339.324918791267,4335.857142857143,1318.6538507212476,4088.0666666666666,1348.0888370740547,634.0,0.12460691823899371,0.29547966943612686,5636.17,30.3266,126
2024-05-07,5155.0,299.56,0.9868,0.0027,A,1,5,7,19,2,0,5722.0,1837.0,4954.0,4845.0,4674.0,4805.0,3742.3333333333335,1943.5663954013348,4623.285714285715,1403.05520374713,4357.714285714285,1340.2932760907452,4158.3,1377.1650828848515,201.0,0.04057327412192168,0.30347577252510305,5086.954,13.9185,127
2024-05-08,4977.0,278.57,0.9834,0.0041,A,2,5,8,19,2,0,5155.0,5722.0,5549.0,4882.0,4768.0,4728.0,4238.0,2098.564509373015,4652.0,1412.9732245634837,4379.857142857143,1351.4770186237458,4282.333333333333,1288.0217210990604,-572.0,-0.10308163633087043,0.3037345710583585,4894.3818,20.405700000000003,128
2024-05-09,4891.0,310.08,0.9215,0.0082,A,3,5,9,19,2,0,4977.0,5155.0,5296.0,4716.0,4580.0,4870.0,5284.666666666667,389.05826470251577,4570.285714285715,1368.2857540593998,4386.642857142857,1354.4274752508097,4283.666666666667,1288.7432887770215,-405.0,-0.07647280966767371,0.2993873555393785,4507.0565,40.1062,129
2024-05-10,4840.0,307.32,0.971,0.0051,A,4,5,10,19,2,0,4891.0,4977.0,5337.0,4474.0,4671.0,4462.0,5007.666666666667,134.64521281253877,4512.428571428572,1340.7709047587566,4399.142857142857,1358.5023347078172,4286.533333333334,1290.0379233488286,-497.0,-0.09312347760914372,0.2971284494669103,4699.64,24.684,130
2024-05-11,3512.0,315.91,0.8611,0.0161,A,5,5,11,19,2,1,4840.0,4891.0,3668.0,3202.0,3124.0,3094.0,4902.666666666667,69.24112458166923,4441.428571428572,1302.439871567058,4425.285714285715,1363.5658810955595,4290.266666666666,1291.5207804897213,-156.0,-0.04252998909487459,0.29324796079026716,3024.1832,56.5432,131
2024-05-12,1132.0,299.62,0.8856,0.012,A,6,5,12,19,2,1,3512.0,4840.0,1837.0,1438.0,1429.0,1352.0,4414.333333333333,781.8595355518382,4419.142857142857,1319.1074543760533,4447.428571428572,1344.5575030919565,4245.0,1294.2963472415258,-705.0,-0.38377789874795865,0.29849848647547594,1002.4992000000001,13.584,132
2024-05-13,4971.0,306.45,0.8263,0.0261,A,0,5,13,20,2,0,1132.0,3512.0,5722.0,5088.0,5416.0,5397.0,3161.3333333333335,1878.7073570232646,4318.428571428572,1554.9442494982304,4425.571428571428,1398.6414130140004,4134.0,1412.4439323629679,-751.0,-0.13124781544914366,0.3600717769852662,4107.5373,129.7431,133
2024-05-14,4903.0,289.88,0.8269,0.0201,A,1,5,14,20,2,0,4971.0,1132.0,5155.0,4954.0,4845.0,4674.0,3205.0,1937.8253275256793,4211.142857142857,1465.285800173629,4417.214285714285,1394.7228662448936,4196.566666666667,1406.3460770755344,-252.0,-0.04888457807953443,0.3479544270715586,4054.2907,98.5503,134
2024-05-15,4703.0,275.39,0.8135,0.045,A,2,5,15,20,2,0,4903.0,4971.0,4977.0,5549.0,4882.0,4768.0,3668.6666666666665,2197.08086636185,4175.142857142857,1441.1281956128928,4413.571428571428,1393.278850784707,4314.933333333333,1304.4174002300742,-274.0,-0.05505324492666265,0.34516859540444295,3825.8905,211.635,135
2024-05-16,4650.0,313.55,0.8456,0.0127,A,3,5,16,20,2,0,4703.0,4903.0,4891.0,5296.0,4716.0,4580.0,4859.0,139.31259813814393,4136.0,1419.2742276717806,4353.142857142857,1358.1487885604174,4291.8,1290.6468680204634,-241.0,-0.04927417705990595,0.3431514090115524,3932.04,59.055,136
2024-05-17,5039.0,308.89,0.881,0.0132,A,4,5,17,20,2,0,4650.0,4703.0,4840.0,5337.0,4474.0,4671.0,4752.0,133.42788314291855,4101.571428571428,1400.7087321713063,4307.0,1334.4178217773174,4291.0,1290.4092106903454,199.0,0.04111570247933884,0.3415053855734438,4439.359,66.5148,137
2024-05-18,3620.0,308.24,0.8442,0.0189,A,5,5,18,20,2,1,5039.0,4650.0,3512.0,3668.0,3202.0,3124.0,4797.333333333333,210.9605018322942,4130.0,1420.0791057777953,4285.714285714285,1319.0119512242961,4300.033333333334,1294.8045913901658,108.0,0.030751708428246014,0.34384481980091897,3056.004,68.418,138
2024-05-19,1544.0,302.85,0.8103,0.0216,A,6,5,19,20,2,1,3620.0,5039.0,1132.0,1837.0,1438.0,1429.0,4436.333333333333,733.2327961386717,4145.428571428572,1412.8138420828657,4282.285714285715,1320.8022869902513,4268.033333333334,1299.501137262728,412.0,0.36395759717314485,0.34081249205941344,1251.1032,33.3504,139
2024-05-20,5564.0,305.33,0.9606,0.0057,A,0,5,20,21,2,0,1544.0,3620.0,4971.0,5722.0,5088.0,5416.0,3401.0,1757.7619292725637,4204.285714285715,1267.4572595404948,4261.357142857143,1364.139548869985,4163.8,1388.430406287419,593.0,0.11929189297927982,0.30146791766168746,5344.7784,31.7148,140
2024-05-21,4684.0,273.09,0.9046,0.0156,A,1,5,21,21,2,0,5564.0,1544.0,4903.0,5155.0,4954.0,4845.0,3576.0,2010.3611615826658,4289.0,1344.7071552324426,4250.071428571428,1351.7229725448522,4245.133333333333,1396.8604386471359,-219.0,-0.044666530695492555,0.3135246340015021,4237.1464,73.07039999999999,141
2024-05-22,4715.0,258.93,0.9679,0.0068,A,2,5,22,21,2,0,4684.0,5564.0,4703.0,4977.0,5549.0,4882.0,3930.6666666666665,2113.2281782461014,4257.714285714285,1330.5137747358726,4216.428571428572,1333.2022591250964,4353.633333333333,1293.1408298198317,12.0,0.0025515628322347436,0.31249484710613035,4563.6485,32.062,142
2024-05-23,4794.0,310.37,0.8889,0.0137,A,3,5,23,21,2,0,4715.0,4684.0,4650.0,4891.0,5296.0,4716.0,4987.666666666667,499.3599236355806,4259.428571428572,1331.1906771937727,4197.714285714285,1323.5084160943309,4330.266666666666,1279.5441788961894,144.0,0.03096774193548387,0.31252799638973733,4261.3866,65.6778,143
2024-05-24,4786.0,316.53,0.8756,0.0119,A,4,5,24,21,2,0,4794.0,4715.0,5039.0,4840.0,5337.0,4474.0,4731.0,56.71860364995352,4280.0,1339.3201011458498,4190.785714285715,1319.8487196861386,4328.566666666667,1278.8704251673869,-253.0,-0.05020837467751538,0.3129252572770677,4190.6216,56.9534,144
2024-05-25,3502.0,304.63,0.9196,0.0107,A,5,5,25,21,2,1,4786.0,4794.0,3620.0,3512.0,3668.0,3202.0,4765.0,43.48562981032255,4243.857142857143,1318.6786857269183,4186.928571428572,1317.8829447427995,4325.366666666667,1277.557299702438,-118.0,-0.03259668508287293,0.31072645504724233,3220.4392,37.471399999999996,145
2024-05-26,1407.0,295.22,0.932,0.0112,A,6,5,26,21,2,1,3502.0,4786.0,1544.0,1132.0,1837.0,1438.0,4360.666666666667,743.6379047179718,4227.0,1328.698987731983,4186.214285714285,1318.2795418838325,4284.9,1283.967970112907,-137.0,-0.08873056994818652,0.3143361693238663,1311.324,15.7584,146
2024-05-27,3209.0,284.69,0.9663,0.0054,A,0,5,27,22,2,0,1407.0,3502.0,5564.0,4971.0,5722.0,5088.0,3231.6666666666665,1705.6436712670497,4207.428571428572,1375.0076190265088,4205.857142857143,1270.4510923376683,4182.666666666667,1386.4073972914189,-2355.0,-0.4232566498921639,0.326804744437918,3100.8567000000003,17.3286,147
2024-05-28,5473.0,269.47,0.9309,0.0084,A,1,5,28,22,2,0,3209.0,1407.0,4684.0,4903.0,5155.0,4954.0,2706.0,1134.4659536539684,3871.0,1272.0167713779026,4080.0,1276.085299777287,4182.9,1386.2372377448037,789.0,0.1684457728437233,0.3286015942593393,5094.8157,45.9732,148
2024-05-29,4810.0,245.04,0.9747,0.0034,A,2,5,29,22,2,0,5473.0,3209.0,4715.0,4703.0,4977.0,5549.0,3363.0,2037.369873145278,3983.714285714286,1385.9210793170132,4120.714285714285,1312.9248281587186,4317.4,1304.0405536321475,95.0,0.02014846235418876,0.34789670641967624,4688.307,16.354,149
2024-05-30,4931.0,311.3,0.8826,0.022,A,3,5,30,22,2,0,4810.0,5473.0,4794.0,4650.0,4891.0,5296.0,4497.333333333333,1163.9348492649133,3997.285714285714,1394.7128395343257,4128.357142857143,1316.8806737101145,4308.133333333333,1299.3550849485318,137.0,0.02857738840216938,0.34891497361567775,4352.100600000001,108.482,150
2024-05-31,5264.0,295.61,0.8995,0.0137,A,4,5,31,22,2,0,4931.0,4810.0,4786.0,5039.0,4840.0,5337.0,5071.333333333333,353.07553488359105,4016.8571428571427,1408.6477473770626,4148.428571428572,1327.5412619567796,4307.366666666667,1298.9675869528155,478.0,0.09987463435018805,0.3506840540450757,4734.968,72.1168,151
2024-06-01,3678.0,308.17,0.9424,0.0082,A,5,6,1,22,2,1,5264.0,4931.0,3502.0,3620.0,3512.0,3668.0,5001.666666666667,235.1049411078684,4085.1428571428573,1462.6958476925884,4164.5,1340.451172610865,4297.866666666667,1290.5889255346337,176.0,0.05025699600228441,0.35805255748524684,3466.1472,30.1596,152
2024-06-02,1633.0,315.03,0.962,0.0079,A,6,6,2,22,2,1,3678.0,5264.0,1407.0,1544.0,1132.0,1837.0,4624.333333333333,836.2908186350821,4110.285714285715,1452.478308993024,4168.642857142857,1338.7273869177075,4243.933333333333,1281.21270498005,226.0,0.16062544420753375,0.35337648279407646,1570.946,12.9007,153
2024-06-03,6408.0,317.47,0.9491,0.0062,A,0,6,3,23,2,0,1633.0,3678.0,3209.0,5564.0,4971.0,5722.0,3525.0,1820.3288164504804,4142.571428571428,1383.2361641145312,4175.0,1325.4506345448635,4120.466666666666,1348.9271786621148,3199.0,0.9968837644125896,0.3339076194496765,6081.8328,39.7296,154
2024-06-04,5851.0,320.99,0.9434,0.006,A,1,6,4,23,2,0,6408.0,1633.0,5473.0,4684.0,4903.0,5155.0,3906.3333333333335,2395.6749222992125,4599.571428571428,1542.6558113788533,4235.285714285715,1409.9846932377786,4211.8,1408.6721651844744,378.0,0.06906632559839211,0.33539120662334915,5519.8334,35.106,155
2024-06-05,5283.0,323.7,0.989,0.002,A,2,6,5,23,2,0,5851.0,6408.0,4810.0,4715.0,4703.0,4977.0,4630.666666666667,2610.9512315118673,4653.571428571428,1584.3771496651132,4318.642857142857,1471.6983703893238,4345.6,1365.291293915469,473.0,0.09833679833679834,0.3404647750623421,5224.887,10.566,156
2024-06-06,5283.0,323.7,0.9196,0.0083,A,3,6,6,23,2,0,5283.0,5851.0,4931.0,4794.0,4650.0,4891.0,5847.333333333333,562.5089628915539,4721.142857142857,1602.1472496383738,4359.214285714285,1491.16604753417,4330.966666666666,1352.321209632898,352.0,0.07138511458122085,0.3393558081417519,4858.2468,43.8489,157
2024-06-07,5283.0,323.7,0.9538,0.0061,A,4,6,7,23,2,0,5283.0,5283.0,5264.0,4786.0,5039.0,4840.0,5472.333333333333,327.934952899707,4771.428571428572,1615.301711460622,4394.142857142857,1507.7683895358446,4335.233333333334,1355.209582553073,19.0,0.003609422492401216,0.33853628683306447,5038.9254,32.2263,158
2024-06-08,5283.0,323.7,0.9775,0.0029,A,5,6,8,23,2,1,5283.0,5283.0,3678.0,3502.0,3620.0,3512.0,5283.0,0.0,4774.142857142857,1616.2830227171867,4429.642857142857,1523.4733396037864,4345.433333333333,1361.3440793197165,1605.0,0.4363784665579119,0.3385493629079358,5164.132500000001,15.320699999999999,159
2024-06-09,5283.0,323.7,0.9359,0.0073,A,6,6,9,23,2,1,5283.0,5283.0,1633.0,1407.0,1544.0,1132.0,5283.0,0.0,5003.428571428572,1547.2355839951933,4556.857142857143,1514.3861847241985,4358.5,1368.623011744234,3650.0,2.2351500306184935,0.3092350698939685,4944.3597,38.5659,160
2024-06-10,5283.0,323.7,0.9396,0.0052,A,0,6,10,24,2,0,5283.0,5283.0,6408.0,3209.0,5564.0,4971.0,5283.0,0.0,5524.857142857143,443.2427583809313,4833.714285714285,1219.909733644976,4373.266666666666,1376.3652265229618,-1125.0,-0.175561797752809,0.08022700803295545,4963.9068,27.4716,161
2024-06-11,5402.0,310.34,0.9398,0.0071,A,1,6,11,24,2,0,5283.0,5283.0,5851.0,5473.0,4684.0,4903.0,5283.0,0.0,5364.142857142857,214.6838206692276,4981.857142857143,1130.05274602171,4432.3,1376.1307864368503,-449.0,-0.07673901897111605,0.04002201775505588,5076.7996,38.3542,162
2024-06-12,4978.0,306.48,0.9593,0.0051,A,2,6,12,24,2,0,5402.0,5283.0,5283.0,4810.0,4715.0,4703.0,5322.666666666667,68.704682033568,5300.0,44.97777228803493,4976.785714285715,1127.8361977747422,4574.633333333333,1236.7771935303356,-305.0,-0.05773234904410373,0.00848637212981791,4775.3954,25.387800000000002,163
2024-06-13,4820.0,291.2,0.9156,0.0264,A,3,6,13,24,2,0,4978.0,5402.0,5283.0,4931.0,4794.0,4650.0,5221.0,218.6938499363909,5256.428571428572,130.53972210638952,4988.785714285715,1126.8184058579352,4574.866666666667,1236.8552094709362,-463.0,-0.08763959871285254,0.024834299626164603,4413.192,127.248,164
2024-06-14,4965.0,282.76,0.9338,0.0175,A,4,6,14,24,2,0,4820.0,4978.0,5283.0,5264.0,4786.0,5039.0,5066.666666666667,300.9606840325403,5190.285714285715,208.7196798624872,4980.857142857143,1127.6464842345724,4572.1,1236.1885625053148,-318.0,-0.060193072118114706,0.04021352413953017,4636.317,86.8875,165
2024-06-15,3358.0,305.9,0.9705,0.0063,A,5,6,15,24,2,1,4965.0,4820.0,5283.0,3678.0,3502.0,3620.0,4921.0,87.70974860300169,5144.857142857143,219.50507099033183,4959.5,1124.6989853699995,4580.833333333333,1238.0692722899219,-1925.0,-0.3643763013439334,0.04266494965658696,3258.9390000000003,21.1554,166
2024-06-16,1319.0,304.81,0.9788,0.0015,A,6,6,16,24,2,1,3358.0,4965.0,5283.0,1633.0,1407.0,1544.0,4381.0,888.9055067891095,4869.857142857143,699.2251493787993,4936.642857142857,1155.5740236678143,4537.766666666666,1257.8929476772194,-3964.0,-0.7503312511830399,0.14358227127963843,1291.0372,1.9785000000000001,167
2024-06-17,5656.0,307.61,0.8833,0.0147,A,0,6,17,25,2,0,1319.0,3358.0,5283.0,6408.0,3209.0,5564.0,3214.0,1827.260517824431,4303.571428571428,1479.112217643052,4914.214285714285,1225.5550816841146,4413.766666666666,1383.8288882495615,373.0,0.07060382358508423,0.34369412526145604,4995.9448,83.1432,168
2024-06-18,5368.0,307.3,0.953,0.0085,A,1,6,18,25,2,0,5656.0,1319.0,5402.0,5851.0,5473.0,4684.0,3444.3333333333335,2169.78854576508,4356.857142857143,1526.2451123122846,4860.5,1170.2815407479445,4481.633333333333,1393.4500840653038,-34.0,-0.006293965198074787,0.3503087345460683,5115.704,45.628,169
2024-06-19,4712.0,318.93,0.9672,0.0028,A,2,6,19,25,2,0,5368.0,5656.0,4978.0,5283.0,4810.0,4715.0,4114.333333333333,2425.1087260849436,4352.0,1522.413982244425,4826.0,1145.696563399146,4609.1,1286.2390336652547,-266.0,-0.05343511450381679,0.34981938930248735,4557.4464,13.1936,170
2024-06-20,5063.0,303.19,0.8442,0.0235,A,3,6,20,25,2,0,4712.0,5368.0,4820.0,5283.0,4931.0,4794.0,5245.333333333333,483.80712410353374,4314.0,1507.4305954172466,4785.214285714285,1138.3161098456194,4580.7,1273.7735453476719,243.0,0.0504149377593361,0.34942758354595427,4274.1846,118.9805,171
2024-06-21,4936.0,297.55,0.8923,0.0175,A,4,6,21,25,2,0,5063.0,4712.0,4965.0,5283.0,5264.0,4786.0,5047.666666666667,328.26869076007375,4348.714285714285,1523.7350725859683,4769.5,1132.4189052303373,4593.333333333333,1276.7094917939526,-29.0,-0.005840886203423968,0.35038748753660454,4404.3928,86.38000000000001,172
2024-06-22,3236.0,314.19,0.9687,0.0051,A,5,6,22,25,2,1,4936.0,5063.0,3358.0,5283.0,3678.0,3502.0,4903.666666666667,177.7198169404117,4344.571428571428,1521.8184141724269,4744.714285714285,1124.081945313694,4600.7,1278.0725830664696,-122.0,-0.03633114949374628,0.3502804451929169,3134.7132,16.503600000000002,173
2024-06-23,1493.0,315.09,0.9594,0.0055,A,6,6,23,25,2,1,3236.0,4936.0,1319.0,5283.0,1633.0,1407.0,4411.666666666667,1020.1354485230553,4327.142857142857,1535.6360710979466,4598.5,1180.399199097817,4548.766666666666,1301.3884543807026,174.0,0.13191811978771797,0.3548845327727179,1432.3842,8.2115,174
2024-06-24,5730.0,324.54,0.9276,0.0065,A,0,6,24,26,2,0,1493.0,3236.0,5656.0,5283.0,6408.0,3209.0,3221.6666666666665,1721.5447520565185,4352.0,1479.1994456461896,4327.785714285715,1421.349097949465,4439.0,1414.6367146666146,74.0,0.013083451202263084,0.33988957850326046,5315.148,37.245,175
2024-06-25,5443.0,311.56,0.9133,0.0091,A,1,6,25,26,2,0,5730.0,1493.0,5368.0,5402.0,5851.0,5473.0,3486.3333333333335,2129.5638833651687,4362.571428571428,1490.2948094412775,4359.714285714285,1449.204844498762,4513.266666666666,1422.2124564439591,75.0,0.013971684053651267,0.34160926275751335,4971.0919,49.5313,176
2024-06-26,5063.0,311.19,0.924,0.0089,A,2,6,26,26,2,0,5443.0,5730.0,4712.0,4978.0,5283.0,4810.0,4222.0,2367.7358383062924,4373.285714285715,1498.9722828531217,4362.642857142857,1451.5127179359022,4647.8,1304.24366773528,351.0,0.07449066213921901,0.34275654068441025,4678.212,45.0607,177
2024-06-27,5373.0,290.79,0.9125,0.0107,A,3,6,27,26,2,0,5063.0,5443.0,5063.0,4820.0,5283.0,4931.0,5412.0,334.57883973735466,4423.428571428572,1517.9419023953496,4368.714285714285,1454.4594252780719,4709.6,1277.364787364983,310.0,0.0612285206399368,0.34315958263685076,4902.8625,57.491099999999996,178
2024-06-28,4641.0,260.69,0.8679,0.0182,A,4,6,28,26,2,0,5373.0,5063.0,4936.0,4965.0,5283.0,5264.0,5293.0,202.2374841615547,4467.714285714285,1544.009468266057,4408.214285714285,1475.0219387453933,4706.266666666666,1275.4329875564276,-295.0,-0.05976499189627228,0.3455927056936241,4027.9239000000002,84.4662,179
2024-06-29,3286.0,314.7,0.926,0.0092,A,5,6,29,26,2,1,4641.0,5373.0,3236.0,3358.0,5283.0,3678.0,5025.666666666667,367.42527584983856,4425.571428571428,1533.084891881164,4385.071428571428,1468.1397682512652,4700.633333333333,1275.3322348295721,50.0,0.015451174289245983,0.3464151277693969,3042.8360000000002,30.2312,180
2024-06-30,1454.0,325.85,0.8944,0.0094,A,6,6,30,26,2,1,3286.0,4641.0,1493.0,1319.0,5283.0,1633.0,4433.333333333333,1058.8844759147876,4432.714285714285,1526.7220565955129,4379.928571428572,1472.134999259224,4645.8,1300.207076345649,-39.0,-0.026121902210314803,0.34442148945079093,1300.4576,13.6676,181
2024-07-01,6314.0,313.51,0.9356,0.0075,A,0,7,1,27,3,0,1454.0,3286.0,5730.0,5656.0,5283.0,6408.0,3127.0,1599.4383389177622,4427.142857142857,1539.257551394114,4389.571428571428,1450.8308343463443,4518.8,1418.439657535335,584.0,0.10191972076788831,0.347686442715676,5907.3784,47.355,182
2024-07-02,5755.0,312.3,0.9059,0.0089,A,1,7,2,27,3,0,6314.0,1454.0,5443.0,5368.0,5402.0,5851.0,3684.6666666666665,2454.4044763105653,4510.571428571428,1634.5210161943303,4436.571428571428,1504.6719404413866,4606.666666666667,1445.9377420978328,312.0,0.05732133014881499,0.36237559743334113,5213.4545,51.2195,183
2024-07-03,5422.0,320.69,0.9098,0.0118,A,2,7,3,27,3,0,5755.0,6314.0,5063.0,4712.0,4978.0,5283.0,4507.666666666667,2659.2819206194245,4555.142857142857,1668.094064950716,4464.214285714285,1526.4963996818851,4744.066666666667,1346.0152669455729,359.0,0.07090657712818486,0.3662001647950515,4932.935600000001,63.9796,184
2024-07-04,2361.0,319.75,0.88,0.0131,A,3,7,4,27,3,0,5422.0,5755.0,5373.0,5063.0,4820.0,5283.0,5830.333333333333,450.7464179927834,4606.428571428572,1691.662777382344,4514.928571428572,1547.0178490485248,4711.2,1315.6808752570773,-3012.0,-0.5605806811836963,0.36723955471162684,2077.68,30.929100000000002,185
2024-07-05,5421.0,300.79,0.9468,0.0075,A,4,7,5,27,3,0,2361.0,5422.0,4641.0,4936.0,4965.0,5283.0,4512.666666666667,1870.8218336691857,4176.142857142857,1840.680800552829,4321.928571428572,1639.1830734703333,4594.866666666667,1364.8008755437727,780.0,0.16806722689075632,0.440760975742134,5132.6028,40.6575,186
2024-07-06,3534.0,298.05,0.9566,0.0049,A,5,7,6,27,3,1,5421.0,2361.0,3286.0,3236.0,3358.0,5283.0,4401.333333333333,1766.9805695969987,4287.571428571428,1896.2813484240532,4356.571428571428,1658.1743303676215,4599.466666666666,1367.4302033082095,248.0,0.07547169811320754,0.44227399590072214,3380.6244,17.3166,187
2024-07-07,1508.0,323.41,0.9811,0.0028,A,6,7,7,27,3,1,3534.0,5421.0,1454.0,1493.0,1319.0,5283.0,3772.0,1543.8209093026321,4323.0,1876.6653049136546,4377.857142857143,1644.539863499016,4541.166666666667,1374.5485800256631,54.0,0.037138927097661624,0.4341117984995731,1479.4987999999998,4.2224,188
2024-07-08,6364.0,332.23,0.9393,0.0056,A,0,7,8,28,3,0,1508.0,3534.0,6314.0,5730.0,5656.0,5283.0,3487.6666666666665,1956.9114270536982,4330.714285714285,1862.967320726596,4378.928571428572,1642.519428021651,4415.333333333333,1473.5237225506537,50.0,0.007918910357934749,0.4301755317528014,5977.7052,35.6384,189
2024-07-09,5479.0,330.02,0.9165,0.0074,A,1,7,9,28,3,0,6364.0,1508.0,5755.0,5443.0,5368.0,5402.0,3802.0,2439.0678547346743,4337.857142857143,1871.9132305897986,4424.214285714285,1690.6692884349507,4451.366666666667,1508.280557532278,-276.0,-0.04795829713292789,0.4315294784827462,5021.5035,40.5446,190
2024-07-10,5188.0,306.88,0.9135,0.0121,A,2,7,10,28,3,0,5479.0,6364.0,5422.0,5063.0,4712.0,4978.0,4450.333333333333,2586.271511913112,4298.428571428572,1839.7185343726576,4426.785714285715,1692.3645351342657,4457.9,1512.4259195309237,-234.0,-0.04315750645518259,0.4279979308255044,4739.238,62.7748,191
2024-07-11,5296.0,313.69,0.8522,0.019,A,3,7,11,28,3,0,5188.0,5479.0,2361.0,5373.0,5063.0,4820.0,5677.0,612.4924489330393,4265.0,1817.8965867177358,4435.714285714285,1696.3044188230722,4454.733333333334,1510.7372927865674,2935.0,1.2431173231681492,0.42623601095374813,4513.2512,100.624,192
2024-07-12,4830.0,301.51,0.9118,0.0252,A,4,7,12,28,3,0,5296.0,5188.0,5421.0,4641.0,4936.0,4965.0,5321.0,147.10200542478864,4684.285714285715,1634.8103574304569,4430.214285714285,1693.153551970243,4451.2,1508.5678159010315,-591.0,-0.10902047592695074,0.3489988564200426,4403.994000000001,121.716,193
2024-07-13,3296.0,285.67,0.9258,0.0126,A,5,7,13,28,3,1,4830.0,5296.0,3534.0,3286.0,3236.0,3358.0,5104.666666666667,243.92075215801017,4599.857142857143,1605.4187852988607,4443.714285714285,1695.7150263382848,4446.266666666666,1507.0268728202207,-238.0,-0.06734578381437464,0.3490149227333776,3051.4368,41.5296,194
2024-07-14,1456.0,313.54,0.8762,0.0133,A,6,7,14,28,3,1,3296.0,4830.0,1508.0,1454.0,1493.0,1319.0,4474.0,1046.4473230889364,4565.857142857143,1634.0194234434514,4444.428571428572,1695.191875424577,4395.466666666666,1519.6277614380863,-52.0,-0.034482758620689655,0.357877912584217,1275.7472,19.3648,195
2024-07-15,4905.0,312.46,0.906,0.0101,A,0,7,15,29,3,0,1456.0,3296.0,6364.0,6314.0,5730.0,5656.0,3194.0,1689.3111021952147,4558.428571428572,1650.2753161359508,4444.571428571428,1694.9205433741274,4278.5,1606.8221743553327,-1459.0,-0.2292583280955374,0.3620272403695401,4443.93,49.5405,196
2024-07-16,4758.0,304.71,0.8621,0.0132,A,1,7,16,29,3,0,4905.0,1456.0,5479.0,5755.0,5443.0,5368.0,3219.0,1725.7888051554894,4350.0,1466.081966785393,4343.928571428572,1615.341091119563,4330.066666666667,1601.0756714618844,-721.0,-0.13159335645190728,0.33703033719204434,4101.8718,62.8056,197
2024-07-17,4733.0,318.49,0.8718,0.0135,A,2,7,17,29,3,0,4758.0,4905.0,5188.0,5422.0,5063.0,4712.0,3706.3333333333335,1950.2313537971183,4247.0,1397.2555242331277,4272.714285714285,1569.6785770229633,4444.7,1497.8402416997505,-455.0,-0.0877023901310717,0.3289982397535031,4126.2294,63.8955,198
2024-07-18,4685.0,307.01,0.933,0.0098,A,3,7,18,29,3,0,4733.0,4758.0,5296.0,2361.0,5373.0,5063.0,4798.666666666667,92.93187468964166,4182.0,1356.1635840364759,4223.5,1541.4198624345322,4413.933333333333,1481.491651223075,-611.0,-0.11537009063444109,0.3242858881005442,4371.1050000000005,45.913,199
2024-07-19,4561.0,296.09,0.8758,0.0157,A,4,7,19,29,3,0,4685.0,4733.0,4830.0,5421.0,4641.0,4936.0,4725.333333333333,37.09896674210667,4094.714285714286,1290.5915587158333,4389.5,1447.7029417985952,4391.166666666667,1471.5390977109478,-269.0,-0.0556935817805383,0.31518476471446927,3994.5238,71.6077,200
2024-07-20,3275.0,309.04,0.8969,0.0154,A,5,7,20,29,3,1,4561.0,4685.0,3296.0,3534.0,3286.0,3236.0,4659.666666666667,88.75434261675689,4056.285714285714,1268.8708516217207,4328.071428571428,1418.519296486831,4386.133333333333,1470.661843345118,-21.0,-0.006371359223300971,0.31281594566993187,2937.3475000000003,50.435,201
2024-07-21,1348.0,337.28,0.8376,0.0179,A,6,7,21,29,3,1,3275.0,4561.0,1456.0,1508.0,1454.0,1493.0,4173.666666666667,780.7338428256701,4053.285714285714,1270.9910456392802,4309.571428571428,1431.3033175442538,4326.533333333334,1478.4946382730973,-108.0,-0.07417582417582418,0.3135705536769098,1129.0848,24.129199999999997,202
2024-07-22,5264.0,327.18,0.8701,0.0136,A,0,7,22,30,3,0,1348.0,3275.0,4905.0,6364.0,6314.0,5730.0,3061.3333333333335,1617.1216198336324,4037.8571428571427,1307.8940360456586,4298.142857142857,1455.8226253508758,4206.933333333333,1569.7960757818928,359.0,0.07319062181447503,0.3239079516122275,4580.2064,71.5904,203
2024-07-23,4948.0,305.6,0.8634,0.0178,A,1,7,23,30,3,0,5264.0,1348.0,4758.0,5479.0,5755.0,5443.0,3295.6666666666665,1958.0817994489782,4089.1428571428573,1353.7970587168777,4219.571428571428,1362.439537926544,4274.533333333334,1570.2088315611534,190.0,0.039932744850777635,0.33107110854591054,4272.1032,88.0744,204
2024-07-24,4479.0,318.99,0.917,0.0085,A,2,7,24,30,3,0,4948.0,5264.0,4733.0,5188.0,5422.0,5063.0,3853.3333333333335,2175.4276207985736,4116.285714285715,1371.234688676072,4181.642857142857,1331.7266759964073,4389.7,1483.4703755627916,-254.0,-0.053665751109233044,0.33312427364241354,4107.243,38.0715,205
2024-07-25,4829.0,314.48,0.8743,0.0165,A,3,7,25,30,3,0,4479.0,4948.0,4685.0,5296.0,2361.0,5373.0,4897.0,394.9772145326833,4080.0,1355.465233785062,4131.0,1303.6991158297935,4348.0,1461.9218574333502,144.0,0.03073639274279616,0.3322218710257505,4221.9947,79.6785,206
2024-07-26,4438.0,298.36,0.8839,0.0184,A,4,7,26,30,3,0,4829.0,4479.0,4561.0,4830.0,5421.0,4641.0,4752.0,243.79704674174974,4100.571428571428,1367.2191798370438,4097.642857142857,1277.3051323387463,4327.533333333334,1450.315298260283,-123.0,-0.02696777022582767,0.3334216227306057,3922.7482,81.6592,207
2024-07-27,3386.0,300.08,0.8882,0.0299,A,5,7,27,30,3,1,4438.0,4829.0,3275.0,3296.0,3534.0,3286.0,4582.0,214.8883430993891,4083.0,1361.092208485521,4069.6428571428573,1264.24587476809,4306.7,1443.8608479614163,111.0,0.03389312977099237,0.333355916846809,3007.4452,101.2414,208
2024-07-28,1452.0,327.66,0.8765,0.0114,A,6,7,28,30,3,1,3386.0,4438.0,1348.0,1456.0,1508.0,1454.0,4217.666666666667,746.3057907676573,4098.857142857143,1350.7168995970753,4076.0714285714284,1260.2318141019637,4240.466666666666,1438.8258798908498,104.0,0.0771513353115727,0.3295350026899319,1272.6779999999999,16.5528,209
2024-07-29,4844.0,316.72,0.8901,0.0135,A,0,7,29,31,3,0,1452.0,3386.0,5264.0,4905.0,6364.0,6314.0,3092.0,1514.5547200415106,4113.714285714285,1315.5296416634749,4075.785714285714,1260.8718094160963,4134.166666666667,1523.522530945589,-420.0,-0.0797872340425532,0.31979120334922645,4311.6444,65.394,210
2024-07-30,4502.0,315.58,0.9665,0.005,A,1,7,30,31,3,0,4844.0,1452.0,4948.0,4758.0,5479.0,5755.0,3227.3333333333335,1701.5573259027597,4053.714285714286,1262.8452946007403,4071.4285714285716,1257.8877725582872,4186.1,1520.1641324722716,-446.0,-0.09013742926434923,0.31152794834385333,4351.183,22.51,211
2024-07-31,4258.0,323.84,0.9291,0.0057,A,2,7,31,31,3,0,4502.0,4844.0,4479.0,4733.0,5188.0,5422.0,3599.3333333333335,1867.4906514714728,3990.0,1220.7556403037117,4053.1428571428573,1248.968550268757,4287.7,1430.4787756503786,-221.0,-0.049341370841705735,0.3059537945623338,3956.1078,24.2706,212
2024-08-01,5070.0,312.41,0.9708,0.004,A,3,8,1,31,3,0,4258.0,4502.0,4829.0,4685.0,5296.0,2361.0,4534.666666666667,294.36258820260025,3958.4285714285716,1208.800487693321,4019.214285714286,1235.4580700522151,4219.166666666667,1378.3536176911568,241.0,0.04990681300476289,0.3053738284980781,4921.956,20.28,213
2024-08-02,5322.0,312.63,0.9545,0.0035,A,4,8,2,31,3,0,5070.0,4258.0,4438.0,4561.0,4830.0,5421.0,4610.0,416.63413206313226,3992.8571428571427,1240.7384130121068,4046.714285714286,1255.5393832362026,4196.333333333333,1357.5509727734582,884.0,0.19918882379450203,0.31073949520875666,5079.849,18.627,214
2024-08-03,3387.0,292.43,0.924,0.0074,A,5,8,3,31,3,1,5322.0,5070.0,3386.0,3275.0,3296.0,3534.0,4883.333333333333,556.0191843213056,4119.142857142857,1335.004547878821,4101.071428571428,1295.3593777722144,4193.0,1354.5571613808984,1.0,0.00029533372711163615,0.3240976567646441,3129.588,25.0638,215
2024-08-04,1511.0,284.57,0.9637,0.0094,A,6,8,4,31,3,1,3387.0,5322.0,1452.0,1348.0,1456.0,1508.0,4593.0,1051.9995247147215,4119.285714285715,1334.9130701142667,4109.071428571428,1290.2007872531206,4227.2,1319.1984347871355,59.0,0.040633608815427,0.324064209842201,1456.1507,14.2034,216
2024-08-05,5589.0,325.96,0.9614,0.0022,A,0,8,5,32,3,0,1511.0,3387.0,4844.0,5264.0,4905.0,6364.0,3406.6666666666665,1905.5761158592816,4127.714285714285,1315.3074056769256,4120.714285714285,1263.8341193838226,4096.866666666667,1388.5148536658075,745.0,0.15379851362510322,0.3186527251241946,5373.2646,12.295800000000002,217
2024-08-06,5151.0,325.18,0.9167,0.0074,A,1,8,6,32,3,0,5589.0,1511.0,4502.0,4948.0,4758.0,5479.0,3495.6666666666665,2041.1705791857144,4234.142857142857,1409.6809838365805,4143.928571428572,1289.1802084619942,4165.366666666667,1410.3081953059511,649.0,0.14415815193247444,0.33293184273612686,4721.9217,38.1174,218
2024-08-07,4659.0,316.62,0.9427,0.0044,A,2,8,7,32,3,0,5151.0,5589.0,4258.0,4479.0,4733.0,5188.0,4083.6666666666665,2238.7320816331144,4326.857142857143,1450.9715628469326,4158.428571428572,1300.0157226437225,4286.8,1328.0475791227482,401.0,0.09417566932832315,0.33534076003461855,4392.0393,20.4996,219
2024-08-08,4326.0,321.05,0.9015,0.0131,A,3,8,8,32,3,0,4659.0,5151.0,5070.0,4829.0,4685.0,5296.0,5133.0,465.2612169523614,4384.142857142857,1455.7081241983697,4171.285714285715,1304.3130481109695,4229.966666666666,1271.3619220275593,-744.0,-0.1467455621301775,0.33203939096707574,3899.8889999999997,56.6706,220
2024-08-09,4541.0,327.6,0.9144,0.0099,A,4,8,9,32,3,0,4326.0,4659.0,5322.0,4438.0,4561.0,4830.0,4712.0,415.045780607389,4277.857142857143,1424.1032767524748,4135.357142857143,1291.668545668018,4191.533333333334,1249.5419500991045,-781.0,-0.14674934235249906,0.3329010832281624,4152.2904,44.95590000000001,221
2024-08-10,3234.0,302.68,0.8626,0.0168,A,5,8,10,32,3,1,4541.0,4326.0,3387.0,3386.0,3275.0,3296.0,4508.666666666667,168.83818683382162,4166.285714285715,1357.7121337364672,4142.714285714285,1293.8165027766277,4169.966666666666,1237.2734897773205,-153.0,-0.045172719220549155,0.3258807069042405,2789.6484,54.331199999999995,222
2024-08-11,1439.0,303.17,0.9331,0.0139,A,6,8,11,32,3,1,3234.0,4541.0,1511.0,1452.0,1348.0,1456.0,4033.6666666666665,700.8254656712594,4144.428571428572,1373.4882425346584,4131.857142857143,1301.271263456971,4101.233333333334,1229.8146673755189,-72.0,-0.04765056254136334,0.3314059390487266,1342.7309,20.0021,223
2024-08-12,4896.0,322.33,0.9603,0.0034,A,0,8,12,33,3,0,1439.0,3234.0,5589.0,4844.0,5264.0,4905.0,3071.3333333333335,1557.384452642747,4134.142857142857,1396.5718060750767,4130.928571428572,1303.3336820680986,3988.2,1313.510285062711,-693.0,-0.12399355877616747,0.3378141139129043,4701.6288,16.6464,224
2024-08-13,4601.0,316.52,0.9224,0.009,A,1,8,13,33,3,0,4896.0,1439.0,5151.0,4502.0,4948.0,4758.0,3189.6666666666665,1728.9263527788994,4035.1428571428573,1297.284783508926,4134.642857142857,1305.5942712416065,4041.5333333333333,1316.913783299303,-550.0,-0.10677538342069501,0.3214966184437613,4243.9624,41.409,225
2024-08-14,4587.0,323.87,0.8838,0.0093,A,2,8,14,33,3,0,4601.0,4896.0,4659.0,4258.0,4479.0,4733.0,3645.3333333333335,1916.4254051053858,3956.5714285714284,1233.5267673278422,4141.714285714285,1308.0029068758238,4146.366666666667,1226.0381240439458,-72.0,-0.015453960077269801,0.31176658619637837,4053.9906,42.659099999999995,226
2024-08-15,4617.0,321.9,0.9329,0.0088,A,3,8,15,33,3,0,4587.0,4601.0,4326.0,5070.0,4829.0,4685.0,4694.666666666667,174.5002387772884,3946.285714285714,1226.9761902451744,4165.214285714285,1313.1979860437843,4135.766666666666,1220.615692106281,291.0,0.06726768377253814,0.3109192489037149,4307.1993,40.6296,227
2024-08-16,4673.0,316.85,0.9834,0.0012,A,4,8,16,33,3,0,4617.0,4587.0,4541.0,5322.0,4438.0,4561.0,4601.666666666667,15.011106998876382,3987.8571428571427,1246.7558473322408,4132.857142857143,1294.6389967354346,4131.066666666667,1218.4066172905802,132.0,0.029068487117375027,0.31263804160220976,4595.4282,5.6076,228
2024-08-17,3511.0,301.1,0.9593,0.0085,A,5,8,17,33,3,1,4673.0,4617.0,3234.0,3387.0,3386.0,3275.0,4625.666666666667,43.65012409296728,4006.714285714286,1257.4687158846389,4086.5,1259.9383226662635,4129.066666666667,1217.4333355205881,277.0,0.08565244279529993,0.31384037548374055,3368.1023,29.843500000000002,229
2024-08-18,1469.0,318.23,0.9718,0.0166,A,6,8,18,33,3,1,3511.0,4673.0,1439.0,1511.0,1452.0,1348.0,4267.0,655.3136653542348,4046.285714285714,1233.2240556478625,4095.3571428571427,1255.0691434917264,4089.9333333333334,1217.815679766467,30.0,0.020847810979847115,0.3047792822177319,1427.5742,24.3854,230
2024-08-19,5088.0,333.85,0.8652,0.0186,A,0,8,19,34,3,0,1469.0,3511.0,4896.0,5589.0,4844.0,5264.0,3217.6666666666665,1622.0164405249864,4050.5714285714284,1222.659922347288,4092.3571428571427,1261.7541274043763,3986.866666666667,1304.3413117245316,192.0,0.0392156862745098,0.3018487499622987,4402.1376,94.6368,231
2024-08-20,4813.0,326.45,0.9208,0.0062,A,1,8,20,34,3,0,5088.0,1469.0,4601.0,5151.0,4502.0,4948.0,3356.0,1814.472099537497,4078.0,1246.7040546978224,4056.5714285714284,1222.5365002753476,4047.3,1312.198159709437,212.0,0.04607693979569659,0.3057145793766117,4431.810399999999,29.8406,232
2024-08-21,4550.0,328.37,0.8429,0.0136,A,2,8,21,34,3,0,4813.0,5088.0,4587.0,4659.0,4258.0,4479.0,3790.0,2014.7424152977985,4108.285714285715,1263.9818978510843,4032.4285714285716,1202.4331559406933,4162.8,1215.3320079941839,-37.0,-0.008066274253324613,0.307666502710814,3835.1949999999997,61.879999999999995,233
2024-08-22,4449.0,322.64,0.8524,0.0156,A,3,8,22,34,3,0,4550.0,4813.0,4617.0,4326.0,5070.0,4829.0,4817.0,269.0223039080511,4103.0,1261.7217072978722,4024.6428571428573,1198.4102037631012,4139.0,1199.916864936327,-168.0,-0.036387264457439894,0.3075119930045996,3792.3276,69.4044,234
2024-08-23,4715.0,318.89,0.8726,0.0204,A,4,8,23,34,3,0,4449.0,4550.0,4673.0,4541.0,5322.0,4438.0,4604.0,187.91221354664017,4079.0,1251.8744612247099,4033.4285714285716,1201.236972348198,4122.366666666667,1191.7465156111296,42.0,0.008987802268350097,0.30690719814285605,4114.309,96.186,235
2024-08-24,3182.0,315.08,0.9072,0.0088,A,5,8,24,34,3,1,4715.0,4449.0,3511.0,3234.0,3387.0,3386.0,4571.333333333333,134.27707672321372,4085.0,1255.2918651320329,4045.8571428571427,1207.7748680396248,4130.233333333334,1194.9564032830363,-329.0,-0.09370549700939904,0.30729299024039974,2886.7104,28.001600000000003,236
2024-08-25,1514.0,290.61,0.9113,0.0109,A,6,8,25,34,3,1,3182.0,4715.0,1469.0,1439.0,1511.0,1452.0,4115.333333333333,819.1595286226833,4038.0,1286.145144738075,4042.1428571428573,1210.5404296710346,4075.3333333333335,1199.5711110954273,45.0,0.03063308373042886,0.31851043703270804,1379.7082,16.5026,237
2024-08-26,5193.0,327.64,0.9528,0.0058,A,0,8,26,35,3,0,1514.0,3182.0,5088.0,4896.0,5589.0,4844.0,3137.0,1600.9743908008063,4044.4285714285716,1271.1898438264875,4047.5,1198.2377284354532,3977.866666666667,1284.8462066382313,105.0,0.020636792452830188,0.3143064147075487,4947.8904,30.1194,238
2024-08-27,4875.0,328.18,0.9157,0.0073,A,1,8,27,35,3,0,5193.0,1514.0,4813.0,4601.0,5151.0,4502.0,3296.3333333333335,1842.162949723326,4059.4285714285716,1286.0884958071936,4068.714285714286,1216.8994287862167,4038.1,1298.426962082225,62.0,0.012881778516517764,0.3168151559209725,4464.037499999999,35.5875,239
2024-08-28,4471.0,323.12,0.8943,0.0131,A,2,8,28,35,3,0,4875.0,5193.0,4550.0,4587.0,4659.0,4258.0,3860.6666666666665,2038.4833414412146,4068.285714285714,1292.3415072760615,4088.285714285714,1228.2689775935407,4152.2,1210.776165993506,-79.0,-0.01736263736263736,0.317662425413738,3998.4153,58.570100000000004,240
2024-08-29,4425.0,318.79,0.7749,0.0321,A,3,8,29,35,3,0,4471.0,4875.0,4449.0,4617.0,4326.0,5070.0,4846.333333333333,361.8526403569983,4057.0,1287.7705540972704,4080.0,1225.0329351930475,4139.766666666666,1205.3300787960857,-24.0,-0.005394470667565745,0.317419411904676,3428.9325000000003,142.0425,241
2024-08-30,4596.0,316.03,0.8548,0.0194,A,4,8,30,35,3,0,4425.0,4471.0,4715.0,4673.0,4541.0,5322.0,4590.333333333333,247.599138393763,4053.5714285714284,1286.5843484646766,4066.285714285714,1219.6215320002689,4137.2,1204.6139000841163,-119.0,-0.02523860021208908,0.31739525777102157,3928.6608,89.1624,242
2024-08-31,3305.0,316.33,0.8582,0.0219,A,5,8,31,35,3,1,4596.0,4425.0,3182.0,3511.0,3234.0,3387.0,4497.333333333333,88.48917071221078,4036.5714285714284,1277.1396239439168,4060.785714285714,1216.8454916502144,4148.466666666666,1207.3602077525873,123.0,0.038654934003771214,0.316392177505925,2836.3509999999997,72.3795,243
2024-09-01,1500.0,296.27,0.9192,0.0117,A,6,9,1,35,3,1,3305.0,4596.0,1514.0,1469.0,1439.0,1511.0,4108.666666666667,701.2277328609723,4054.1428571428573,1264.2030992646976,4046.0714285714284,1225.2216417565323,4089.633333333333,1203.90475288662,-14.0,-0.009247027741083224,0.31182993392483466,1378.8,17.55,244
2024-09-02,3649.0,286.3,0.9393,0.0131,A,0,9,2,36,3,0,1500.0,3305.0,5193.0,5088.0,4896.0,5589.0,3133.6666666666665,1555.094959587147,4052.1428571428573,1268.893800201761,4048.285714285714,1220.223776990953,3962.233333333333,1269.4386944041778,-1544.0,-0.2973233198536491,0.31314142786576155,3427.5057,47.8019,245
2024-09-03,6860.0,329.37,0.8688,0.0129,A,1,9,3,36,3,0,3649.0,1500.0,4875.0,4813.0,4601.0,5151.0,2818.0,1154.3080178184769,3831.5714285714284,1167.6868668644038,3945.5,1186.034553264981,3970.9666666666667,1266.2420230428102,1985.0,0.40717948717948715,0.30475403855377603,5959.968,88.494,246
2024-09-04,6173.0,329.62,0.8846,0.0103,A,2,9,4,36,3,0,6860.0,3649.0,4471.0,4550.0,4587.0,4659.0,4003.0,2697.4778961096245,4115.142857142857,1617.6476159917524,4091.714285714286,1406.8313238005383,4149.266666666666,1284.3762455876736,1702.0,0.3806754641019906,0.3930963449261358,5460.6358,63.5819,247
2024-09-05,6173.0,329.62,0.8846,0.0103,A,3,9,5,36,3,0,6173.0,6860.0,4425.0,4449.0,4617.0,4326.0,5560.666666666667,1690.811737992529,4358.285714285715,1797.9161747502478,4207.642857142857,1510.5485303813853,4168.733333333334,1311.097774657804,1748.0,0.39502824858757063,0.41252829498006205,5460.6358,63.5819,248
2024-09-06,6173.0,329.62,0.8846,0.0103,A,4,9,6,36,3,0,6173.0,6173.0,4596.0,4715.0,4673.0,4541.0,6402.0,396.6396349332365,4608.0,1925.5844134530503,4330.785714285715,1599.3969141557668,4202.8,1350.1949386713734,1577.0,0.34312445604873804,0.4178785619472765,5460.6358,63.5819,249
2024-09-07,6173.0,329.62,0.8846,0.0103,A,5,9,7,36,3,1,6173.0,6173.0,3305.0,3182.0,3511.0,3234.0,6173.0,0.0,4833.285714285715,2014.1605955737245,4434.928571428572,1672.152204347886,4253.266666666666,1395.3732397322656,2868.0,0.8677760968229955,0.4167269875274457,5460.6358,63.5819,250
2024-09-08,6173.0,329.62,0.8846,0.0103,A,6,9,8,36,3,1,6173.0,6173.0,1500.0,1514.0,1469.0,1439.0,6173.0,0.0,5243.0,1941.8708333288632,4648.571428571428,1690.7273225215467,4314.833333333333,1438.7650375698356,4673.0,3.1153333333333335,0.37037399071692984,5460.6358,63.5819,251
2024-09-09,6173.0,329.62,0.8846,0.0103,A,0,9,9,37,3,0,6173.0,6173.0,3649.0,5193.0,5088.0,4896.0,6173.0,0.0,5910.571428571428,1029.6005466754043,4981.357142857143,1470.4567896846438,4369.233333333334,1477.9313521301287,2524.0,0.6916963551657989,0.17419644769004278,5460.6358,63.5819,252
2024-09-10,6173.0,329.62,0.8846,0.0103,A,1,9,10,37,3,0,6173.0,6173.0,6860.0,4875.0,4813.0,4601.0,6173.0,0.0,6271.142857142857,259.6615929573559,5051.357142857143,1504.2447942734918,4467.2,1497.3660414437604,-687.0,-0.10014577259475219,0.04140578501757463,5460.6358,63.5819,253
2024-09-11,6173.0,329.62,0.8846,0.0103,A,2,9,11,37,3,0,6173.0,6173.0,6173.0,4471.0,4550.0,4587.0,6173.0,0.0,6173.0,0.0,5144.071428571428,1532.2788189885277,4625.0,1414.3815512137378,0.0,0.0,0.0,5460.6358,63.5819,254
2024-09-12,6173.0,329.62,0.8846,0.0103,A,3,9,12,37,3,0,6173.0,6173.0,6173.0,4425.0,4449.0,4617.0,6173.0,0.0,6173.0,0.0,5265.642857142857,1542.2554216841918,4667.566666666667,1441.7695708407373,0.0,0.0,0.0,5460.6358,63.5819,255
2024-09-13,6173.0,329.62,0.8846,0.0103,A,4,9,13,37,3,0,6173.0,6173.0,6173.0,4596.0,4715.0,4673.0,6173.0,0.0,6173.0,0.0,5390.5,1539.718743047673,4719.966666666666,1467.6019728028084,0.0,0.0,0.0,5460.6358,63.5819,256
2024-09-14,6173.0,329.62,0.8846,0.0103,A,5,9,14,37,3,1,6173.0,6173.0,6173.0,3305.0,3182.0,3511.0,6173.0,0.0,6173.0,0.0,5503.142857142857,1534.8008568963166,4772.833333333333,1491.02591580736,0.0,0.0,0.0,5460.6358,63.5819,257
2024-09-15,6173.0,329.62,0.8846,0.0103,A,6,9,15,37,3,1,6173.0,6173.0,6173.0,1500.0,1514.0,1469.0,6173.0,0.0,6173.0,0.0,5708.0,1404.7261983417586,4824.7,1512.3294238382307,0.0,0.0,0.0,5460.6358,63.5819,258
2024-09-16,6173.0,329.62,0.8846,0.0103,A,0,9,16,38,3,0,6173.0,6173.0,6173.0,3649.0,5193.0,5088.0,6173.0,0.0,6173.0,0.0,6041.785714285715,712.6065025471809,4874.7,1531.8117321520285,0.0,0.0,0.0,5460.6358,63.5819,259
2024-09-17,5083.0,326.15,0.8595,0.0147,A,1,9,17,38,3,0,6173.0,6173.0,6173.0,6860.0,4875.0,4813.0,6173.0,0.0,6173.0,0.0,6222.071428571428,183.60847319383004,4963.433333333333,1527.186565468378,-1090.0,-0.17657540903936497,0.0,4368.8385,74.7201,260
2024-09-18,4853.0,326.24,0.8721,0.0149,A,2,9,18,38,3,0,5083.0,6173.0,6173.0,6173.0,4471.0,4550.0,5809.666666666667,629.3117934166759,6017.285714285715,411.98127558006536,6095.142857142857,291.314753684539,5083.9,1377.210207329434,-1320.0,-0.2138344403045521,0.0684662977863882,4232.3013,72.3097,261
2024-09-19,4918.0,321.37,0.87,0.0165,A,3,9,19,38,3,0,4853.0,5083.0,6173.0,6173.0,4425.0,4449.0,5369.666666666667,705.1477386571692,5828.714285714285,591.716631022465,6000.857142857143,439.8982150002855,5076.066666666667,1377.8542521725055,-1255.0,-0.20330471407743397,0.10151752204988249,4278.66,81.147,262
2024-09-20,4761.0,310.47,0.8549,0.0181,A,4,9,20,38,3,0,4918.0,4853.0,6173.0,6173.0,4596.0,4715.0,4951.333333333333,118.56784274551612,5649.428571428572,656.5865916853277,5911.214285714285,522.2790557622523,5079.566666666667,1377.296218942248,-1412.0,-0.22873805281062692,0.11622177064171582,4070.1789,86.17410000000001,263
2024-09-21,3243.0,312.16,0.8742,0.0167,A,5,9,21,38,3,1,4761.0,4918.0,6173.0,6173.0,3305.0,3182.0,4844.0,78.88599368705245,5447.714285714285,685.1999013148685,5810.357142857143,598.596513282765,5086.6,1375.0355631764469,-2930.0,-0.4746476591608618,0.12577750325704307,2835.0306,54.1581,264
2024-09-22,1615.0,294.99,0.954,0.0069,A,6,9,22,38,3,1,3243.0,4761.0,6173.0,6173.0,1500.0,1514.0,4307.333333333333,925.076393241842,5029.142857142857,993.7559104346532,5601.071428571428,898.9197332427323,5046.4,1411.4654551332287,-4558.0,-0.7383768022031427,0.19759945952285457,1540.71,11.1435,265
2024-09-23,5318.0,284.0,0.9579,0.0043,A,0,9,23,39,3,0,1615.0,3243.0,6173.0,6173.0,3649.0,5193.0,3206.3333333333335,1573.3204801734935,4378.0,1489.147295154733,5275.5,1375.1208478362346,4943.066666666667,1543.8326006567386,-855.0,-0.13850639883363033,0.3401432834981117,5094.1122,22.8674,266
2024-09-24,4806.0,300.53,0.8827,0.0175,A,1,9,24,39,3,0,5318.0,1615.0,5083.0,6173.0,6860.0,4875.0,3392.0,1855.991109892506,4255.857142857143,1345.5173018299688,5214.428571428572,1350.9691515174013,5014.266666666666,1508.667942563741,-277.0,-0.05449537674601613,0.31615659470342655,4242.2562,84.105,267
2024-09-25,4816.0,331.01,0.8261,0.0227,A,2,9,25,39,3,0,4806.0,5318.0,4853.0,6173.0,6173.0,4471.0,3913.0,2006.5241090004397,4216.285714285715,1320.9864640090857,5116.785714285715,1325.5189508305746,5124.0,1357.4387139274218,-37.0,-0.007624150010302906,0.3133057277245917,3978.4975999999997,109.3232,268
2024-09-26,4434.0,328.16,0.8089,0.0233,A,3,9,26,39,3,0,4816.0,4806.0,4918.0,6173.0,6173.0,4425.0,4980.0,292.75928678693185,4211.0,1318.0849744989848,5019.857142857143,1291.5213960610622,5111.433333333333,1358.5225413670053,-484.0,-0.09841398942659618,0.3130099678221289,3586.6625999999997,103.3122,269
2024-09-27,3709.0,319.67,0.898,0.0138,A,4,9,27,39,3,0,4434.0,4816.0,4761.0,6173.0,6173.0,4596.0,4685.333333333333,217.71847265064721,4141.857142857143,1287.1481951160342,4895.642857142857,1255.199622931186,5096.733333333334,1363.5457564324806,-1052.0,-0.22096198277672757,0.310765956120865,3330.6820000000002,51.1842,270
2024-09-28,2749.0,307.18,0.9284,0.011,A,5,9,28,39,3,1,3709.0,4434.0,3243.0,6173.0,6173.0,3305.0,4319.666666666667,562.2867002991766,3991.5714285714284,1264.016726833262,4719.642857142857,1234.8981650411406,5071.333333333333,1382.568332995613,-494.0,-0.15232809127351218,0.31667145370004063,2552.1716,30.238999999999997,271
2024-09-29,1161.0,314.31,0.9157,0.0121,A,6,9,29,39,3,1,2749.0,3709.0,1615.0,6173.0,6173.0,1500.0,3630.6666666666665,845.2267940223772,3921.0,1325.0906887203307,4475.071428571428,1263.6464004122051,5015.466666666666,1442.1632872620244,-454.0,-0.28111455108359135,0.33794712795723814,1063.1277,14.0481,272
2024-09-30,5056.0,321.5,0.9088,0.0092,A,0,9,30,40,3,0,1161.0,2749.0,5318.0,6173.0,6173.0,3649.0,2539.6666666666665,1286.8338406077771,3856.1428571428573,1460.9192800620879,4117.071428571428,1442.8668292026068,4900.966666666666,1603.9054379928277,-262.0,-0.04926664159458443,0.3788550720718192,4594.8928000000005,46.5152,273
2024-10-01,5350.0,291.91,0.9016,0.0115,A,1,10,1,40,4,0,5056.0,1161.0,4806.0,5083.0,6173.0,6860.0,2988.6666666666665,1958.529124964282,3818.714285714286,1420.0079476638705,4037.285714285714,1348.2143420420618,4959.333333333333,1575.431989653302,544.0,0.11319184352892218,0.37185498610778095,4823.5599999999995,61.525,274
2024-10-02,5248.0,293.44,0.8162,0.046,A,2,10,2,40,4,0,5350.0,5056.0,4816.0,4853.0,6173.0,6173.0,3855.6666666666665,2338.2750764897924,3896.4285714285716,1495.9033900559684,4056.3571428571427,1365.9168015626744,5087.666666666667,1434.418573387186,432.0,0.08970099667774087,0.3839165437357206,4283.4176,241.408,275
2024-10-03,5211.0,318.72,0.9233,0.0084,A,3,10,3,40,4,0,5248.0,5350.0,4434.0,4918.0,6173.0,6173.0,5218.0,149.27826365546363,3958.1428571428573,1548.162074694958,4084.5714285714284,1387.5462966239083,5140.966666666666,1408.592608521561,777.0,0.17523680649526388,0.3911334508559102,4811.3163,43.7724,276
2024-10-04,4731.0,326.63,0.9567,0.0029,A,4,10,4,40,4,0,5211.0,5248.0,3709.0,4761.0,6173.0,6173.0,5269.666666666667,71.98842499543058,4069.1428571428573,1614.4038557696142,4105.5,1403.2053279216445,5086.0,1370.8674575635914,1022.0,0.27554596926395253,0.3967429781767764,4526.1476999999995,13.719899999999999,277
2024-10-05,3331.0,324.71,0.9348,0.0055,A,5,10,5,40,4,1,4731.0,5211.0,2749.0,3243.0,6173.0,6173.0,5063.333333333333,288.40307441725685,4215.142857142857,1622.5976527953972,4103.357142857143,1402.1498113278021,5037.933333333333,1356.6463959625335,582.0,0.21171335030920335,0.3849448779762686,3113.8188,18.3205,278
2024-10-06,1427.0,314.09,0.9349,0.0104,A,6,10,6,40,4,1,3331.0,4731.0,1161.0,1615.0,6173.0,6173.0,4424.333333333333,976.7974883942604,4298.285714285715,1548.153923687358,4109.642857142857,1398.187871559406,4943.2,1373.7716368977783,266.0,0.22911283376399655,0.3601793893183829,1334.1023,14.8408,279
2024-10-07,5305.0,328.42,0.9655,0.0052,A,0,10,7,41,4,0,1427.0,3331.0,5056.0,5318.0,6173.0,6173.0,3163.0,1658.3944042356213,4336.285714285715,1459.0119618296126,4096.214285714285,1424.6426368942987,4785.0,1495.1720463798947,249.0,0.049248417721518986,0.33646582766051547,5121.9775,27.586,280
2024-10-08,4796.0,301.42,0.9514,0.0059,A,1,10,8,41,4,0,5305.0,1427.0,5350.0,4806.0,5083.0,6173.0,3354.3333333333335,1939.1052919667236,4371.857142857143,1482.3324445583949,4095.285714285714,1423.7890092486107,4756.066666666667,1475.6574907088157,-554.0,-0.10355140186915889,0.33906241583860286,4562.9144,28.2964,281
2024-10-09,4425.0,292.88,0.9893,0.0085,A,2,10,9,41,4,0,4796.0,5305.0,5248.0,4816.0,4853.0,6173.0,3842.6666666666665,2107.4520951455447,4292.714285714285,1435.4526248174227,4094.5714285714284,1423.4074887820693,4710.166666666667,1451.278582143514,-823.0,-0.15682164634146342,0.3343927709315438,4377.6525,37.612500000000004,282
2024-10-10,4512.0,319.45,0.9468,0.0055,A,3,10,10,41,4,0,4425.0,4796.0,5211.0,4434.0,4918.0,6173.0,4842.0,441.7997283837974,4175.142857142857,1376.669462697491,4066.6428571428573,1411.9533445736602,4651.9,1425.3815544835895,-699.0,-0.13413932066781808,0.3297299062096229,4271.9616,24.816,283
2024-10-11,4341.0,310.53,0.9764,0.0026,A,4,10,11,41,4,0,4512.0,4425.0,4731.0,3709.0,4761.0,6173.0,4577.666666666667,194.02147647447234,4075.285714285714,1312.883939308889,4072.214285714286,1413.6672537749475,4596.533333333334,1396.2206063545914,-390.0,-0.08243500317057705,0.3221575200743935,4238.5524000000005,11.2866,284
2024-10-12,2849.0,330.58,0.8994,0.011,A,5,10,12,41,4,1,4341.0,4512.0,3331.0,2749.0,3243.0,6173.0,4426.0,85.50438585244079,4019.5714285714284,1288.4680641680416,4117.357142857143,1411.2653137217974,4535.466666666666,1364.598001518072,-482.0,-0.14470129090363254,0.3205486174494897,2562.3905999999997,31.339,285
2024-10-13,1219.0,328.17,0.9021,0.0105,A,6,10,13,41,4,1,2849.0,4341.0,1427.0,1161.0,1615.0,6173.0,3900.6666666666665,914.7744712951625,3950.714285714286,1343.1193437027696,4124.5,1404.0414605975568,4424.666666666667,1361.9972488030658,-208.0,-0.14576033637000702,0.33996873642811015,1099.6599,12.7995,286
2024-10-14,4679.0,326.95,0.9093,0.0092,A,0,10,14,42,4,0,1219.0,2849.0,5305.0,5056.0,5318.0,6173.0,2803.0,1561.508245255217,3921.0,1408.9455868367143,4128.642857142857,1394.6788771361198,4259.533333333334,1440.7567152866852,-626.0,-0.11800188501413761,0.35933322796141653,4254.6147,43.0468,287
2024-10-15,4408.0,306.47,0.9392,0.0086,A,1,10,15,42,4,0,4679.0,1219.0,4796.0,5350.0,4806.0,5083.0,2915.6666666666665,1730.9631230425907,3831.5714285714284,1323.7504620260843,4101.714285714285,1378.946890736741,4209.733333333334,1397.5078047609675,-388.0,-0.08090075062552127,0.3454850018337344,4139.9936,37.9088,288
2024-10-16,4678.0,299.53,0.9512,0.0103,A,2,10,16,42,4,0,4408.0,4679.0,4425.0,5248.0,4816.0,4853.0,3435.3333333333335,1924.1778330843933,3776.1428571428573,1284.168528474279,4034.4285714285716,1335.6542455801432,4150.9,1348.2922365616507,253.0,0.057175141242937856,0.3400741383618943,4449.7136,48.1834,289
2024-10-17,4769.0,319.01,0.959,0.0051,A,3,10,17,42,4,0,4678.0,4408.0,4512.0,5211.0,4434.0,4918.0,4588.333333333333,156.17404820691272,3812.285714285714,1308.7983947481077,3993.714285714286,1304.1313306076675,4101.066666666667,1297.654540217516,257.0,0.05695921985815603,0.3433106783795531,4573.471,24.321900000000003,290
2024-10-18,4451.0,335.69,0.9192,0.0088,A,4,10,18,42,4,0,4769.0,4678.0,4341.0,4731.0,3709.0,4761.0,4618.333333333333,187.75072125915963,3849.0,1335.0396997842372,3962.1428571428573,1277.473158359763,4090.6,1290.7090700263489,110.0,0.02533978346003225,0.3468536502427221,4091.3592,39.168800000000005,291
2024-10-19,3266.0,319.85,0.9192,0.007,A,5,10,19,42,4,1,4451.0,4769.0,2849.0,3331.0,2749.0,3243.0,4632.666666666667,163.77525250578734,3864.714285714286,1342.423022533716,3942.1428571428573,1266.656097893058,4077.2,1284.5932510680811,417.0,0.14636714636714637,0.3473537558768348,3002.1072,22.862000000000002,292
2024-10-20,1413.0,325.67,0.9685,0.0049,A,6,10,20,42,4,1,3266.0,4451.0,1219.0,1427.0,1161.0,1615.0,4162.0,792.0814352072694,3924.285714285714,1298.3668862954564,3937.5,1269.1851262189384,4022.133333333333,1282.714598119899,194.0,0.15914684167350288,0.3308543212256351,1368.4905,6.9237,293
2024-10-21,5574.0,323.52,0.9032,0.0161,A,0,10,21,43,4,0,1413.0,3266.0,4679.0,5305.0,5056.0,5318.0,3043.3333333333335,1531.191148528934,3952.0,1231.3372134932497,3936.5,1271.3190454738785,3910.5333333333333,1359.555726961075,895.0,0.19128018807437486,0.31157318155193564,5034.4368,89.7414,294
2024-10-22,5137.0,308.02,0.8956,0.0093,A,1,10,22,43,4,0,5574.0,1413.0,4408.0,4796.0,5350.0,4806.0,3417.6666666666665,2084.6420156308254,4079.8571428571427,1359.2320661034296,3955.714285714286,1295.3978556395723,3988.233333333333,1386.4338198347655,729.0,0.16538112522686024,0.3331567793943768,4600.6972,47.7741,295
2024-10-23,4925.0,282.99,0.9772,0.0033,A,2,10,23,43,4,0,5137.0,5574.0,4678.0,4425.0,5248.0,4816.0,4041.3333333333335,2286.666642371236,4184.0,1415.3341183857103,3980.0714285714284,1315.463443592626,4105.633333333333,1326.3601862534047,247.0,0.052800342026507054,0.33827297284553304,4812.71,16.2525,296
2024-10-24,4930.0,289.2,0.9698,0.0033,A,3,10,24,43,4,0,4925.0,5137.0,4769.0,4512.0,5211.0,4434.0,5212.0,330.9365498097653,4219.285714285715,1432.6754359455929,4015.785714285714,1335.1129124575896,4092.5333333333333,1315.8724582712366,161.0,0.03375969804990564,0.3395540224011901,4781.114,16.269,297
2024-10-25,4782.0,330.37,0.8966,0.0117,A,4,10,25,43,4,0,4930.0,4925.0,4451.0,4341.0,4731.0,3709.0,4997.333333333333,120.98071471655166,4242.285714285715,1444.2171713752846,4045.6428571428573,1351.6349989289522,4096.666666666667,1318.3831878043134,331.0,0.07436531116603011,0.34043373517062875,4287.5412,55.949400000000004,298
2024-10-26,3105.0,323.48,0.9137,0.0152,A,5,10,26,43,4,1,4782.0,4930.0,3266.0,2849.0,3331.0,2749.0,4879.0,84.04165633777131,4289.571428571428,1457.546895431136,4077.1428571428573,1364.128848930157,4095.5333333333333,1317.7579635785619,-161.0,-0.04929577464788732,0.3397884659812153,2837.0384999999997,47.196,299
2024-10-27,1404.0,326.17,0.9534,0.0091,A,6,10,27,43,4,1,3105.0,4782.0,1413.0,1219.0,1427.0,1161.0,4272.333333333333,1013.6450726626842,4266.571428571428,1477.5241517645688,4095.4285714285716,1348.0202985395747,4051.233333333333,1328.2840546679256,-9.0,-0.006369426751592357,0.3463024530352904,1338.5736,12.7764,300
2024-10-28,5224.0,322.09,0.942,0.0054,A,0,10,28,44,4,0,1404.0,3105.0,5574.0,4679.0,5305.0,5056.0,3097.0,1689.014209531709,4265.285714285715,1480.4222049003095,4108.642857142857,1318.2320682316465,3974.4,1412.7429568286568,-350.0,-0.06279153211338356,0.3470862924708499,4921.008,28.209600000000002,301
2024-10-29,4644.0,306.61,0.9068,0.0176,A,1,10,29,44,4,0,5224.0,1404.0,5137.0,4408.0,4796.0,5350.0,3244.3333333333335,1913.8078099258962,4215.285714285715,1434.038552978462,4147.571428571428,1344.1629774287449,4056.9,1410.9808852782865,-493.0,-0.09597041074557135,0.3401996092740445,4211.1792000000005,81.73440000000001,302
2024-10-30,4172.0,299.6,0.955,0.0098,A,2,10,30,44,4,0,4644.0,5224.0,4925.0,4678.0,4425.0,5248.0,3757.3333333333335,2058.5755592966093,4144.857142857143,1392.7381218988962,4164.428571428572,1349.15082775943,4173.0,1303.6978970975426,-753.0,-0.15289340101522841,0.3360159527570233,3984.2599999999998,40.8856,303
2024-10-31,4323.0,294.88,0.9704,0.0086,A,3,10,31,44,4,0,4172.0,4644.0,4930.0,4769.0,4512.0,5211.0,4680.0,526.9231443009514,4037.285714285714,1350.8904118254347,4128.285714285715,1341.0878723330102,4143.533333333334,1292.9981394053711,-607.0,-0.1231237322515213,0.33460361922005744,4195.0392,37.1778,304
2024-11-01,5336.0,328.56,0.8821,0.0151,A,4,11,1,44,4,0,4323.0,4172.0,4782.0,4451.0,4341.0,4731.0,4379.666666666667,241.04840454427182,3950.5714285714284,1302.6567541173715,4096.428571428572,1329.9481606025508,4109.3,1273.4012329191478,554.0,0.11585110832287746,0.32973881821152823,4706.8856,80.5736,305
2024-11-02,3772.0,319.3,0.927,0.0068,A,5,11,2,44,4,1,5336.0,4323.0,3105.0,3266.0,2849.0,3331.0,4610.333333333333,632.9647172894674,4029.714285714286,1376.334590411028,4159.642857142857,1368.5696973422712,4112.233333333334,1276.2129776678426,667.0,0.21481481481481482,0.34154644543665613,3496.6440000000002,25.6496,306
2024-11-03,1392.0,336.15,0.9316,0.0127,A,6,11,3,44,4,1,3772.0,5336.0,1404.0,1413.0,1219.0,1427.0,4477.0,793.2912453821759,4125.0,1323.7286982862672,4195.785714285715,1349.7053911343548,4064.266666666667,1260.4366220325903,-12.0,-0.008547008547008548,0.3209039268572769,1296.7872,17.6784,307
2024-11-04,5837.0,320.54,0.9078,0.0089,A,0,11,4,45,4,0,1392.0,3772.0,5224.0,5574.0,4679.0,5305.0,3500.0,1986.0191338453963,4123.285714285715,1327.8411946069555,4194.285714285715,1353.0434883323894,3952.9666666666667,1344.1720816389109,613.0,0.11734303215926493,0.3220347282766409,5298.828600000001,51.9493,308
2024-11-05,4874.0,318.24,0.9657,0.0052,A,1,11,5,45,4,0,5837.0,1392.0,4644.0,5137.0,4408.0,4796.0,3667.0,2224.3594583609943,4210.857142857143,1428.9003264248813,4213.071428571428,1375.3154862842148,4036.5,1381.5354214386482,230.0,0.04952627045650301,0.3393371653200627,4706.8218,25.3448,309
2024-11-06,4695.0,296.93,0.9588,0.0104,A,2,11,6,45,4,0,4874.0,5837.0,4172.0,4925.0,4678.0,4425.0,4034.3333333333335,2338.4367285289854,4243.714285714285,1443.0942120187076,4194.285714285715,1363.4697496614135,4151.4,1297.8286800493447,523.0,0.12535953978907,0.34005451707166745,4501.566,48.827999999999996,310
2024-11-07,4920.0,292.94,0.9516,0.0108,A,3,11,7,45,4,0,4695.0,4874.0,4323.0,4930.0,4769.0,4512.0,5135.333333333333,614.2168455304109,4318.428571428572,1452.2721114564845,4177.857142857143,1355.349506848431,4131.066666666667,1283.8348248397335,597.0,0.13809854267869534,0.33629642992475406,4681.872,53.136,311
2024-11-08,5549.0,326.39,0.9418,0.0058,A,4,11,8,45,4,0,4920.0,4695.0,5336.0,4782.0,4451.0,4341.0,4829.666666666667,118.87107862442069,4403.714285714285,1470.0066569334176,4177.142857142857,1354.9251956157154,4135.2,1286.2467559692361,213.0,0.03991754122938531,0.3338106338329308,5226.0482,32.1842,312
2024-11-09,3716.0,338.09,0.8735,0.0111,A,5,11,9,45,4,1,5549.0,4920.0,3772.0,3105.0,3266.0,2849.0,5054.666666666667,442.64018495085816,4434.142857142857,1494.5210412895276,4231.928571428572,1396.1432847056103,4172.666666666667,1311.1093574246354,-56.0,-0.014846235418875928,0.3370484644810301,3245.9260000000004,41.2476,313
2024-11-10,1577.0,322.49,0.8559,0.0171,A,6,11,10,45,4,1,3716.0,5549.0,1392.0,1404.0,1413.0,1219.0,4728.333333333333,931.4098632360165,4426.142857142857,1498.799900873073,4275.571428571428,1367.4613601226804,4146.133333333333,1312.0594691456317,185.0,0.13290229885057472,0.33862438453705296,1349.7543,26.9667,314
2024-11-11,5406.0,315.68,0.8942,0.0137,A,0,11,11,46,4,0,1577.0,3716.0,5837.0,5224.0,5574.0,4679.0,3614.0,1987.9635308526206,4452.571428571428,1436.7271669948138,4287.928571428572,1340.0225293333237,4054.0,1392.483739767632,-431.0,-0.07383930101079321,0.3226735808830755,4834.0452,74.0622,315
2024-11-12,4961.0,322.74,0.9121,0.0149,A,1,11,12,46,4,0,5406.0,1577.0,4874.0,4644.0,5137.0,4408.0,3566.3333333333335,1918.8825741387493,4391.0,1375.4366579381222,4300.928571428572,1350.642950272528,4139.233333333334,1394.4379088396875,87.0,0.017849815346737793,0.3132399585374908,4524.9281,73.9189,316
2024-11-13,4860.0,299.82,0.9315,0.0083,A,2,11,13,46,4,0,4961.0,5406.0,4695.0,4172.0,4925.0,4678.0,3981.3333333333335,2094.067891290382,4403.428571428572,1380.9106726049577,4323.571428571428,1359.4651501621856,4263.966666666666,1287.4733471183897,165.0,0.03514376996805112,0.3135989718477389,4527.09,40.338,317
2024-11-14,5290.0,278.13,0.9079,0.0205,A,3,11,14,46,4,0,4860.0,4961.0,4920.0,4323.0,4930.0,4769.0,5075.666666666667,290.5001434308275,4427.0,1388.1066241467156,4372.714285714285,1365.984087561977,4270.0,1289.907133786422,370.0,0.07520325203252033,0.3135546926014718,4802.791,108.44500000000001,318
2024-11-15,5065.0,314.53,0.9309,0.0095,A,4,11,15,46,4,0,5290.0,4860.0,5549.0,5336.0,4782.0,4451.0,5037.0,224.84883811129342,4479.857142857143,1416.7570279305016,4441.785714285715,1387.5549152581825,4299.4,1303.144435851089,-484.0,-0.08722292304919806,0.3162504925384582,4715.0085,48.1175,319
2024-11-16,3616.0,318.45,0.8858,0.0117,A,5,11,16,46,4,1,5065.0,5290.0,3716.0,3772.0,3105.0,3266.0,5071.666666666667,215.07750540986726,4410.714285714285,1366.8128028721524,4422.428571428572,1375.9624164302493,4312.3,1308.924147587601,-100.0,-0.02691065662002153,0.309884684051986,3203.0528,42.3072,320
2024-11-17,1716.0,318.5,0.8894,0.0121,A,6,11,17,46,4,1,3616.0,5065.0,1577.0,1392.0,1404.0,1413.0,4657.0,908.5246281747148,4396.428571428572,1375.7772175686525,4411.285714285715,1382.2521994401536,4273.866666666667,1311.9758127851794,139.0,0.08814204185161699,0.3129306425013994,1526.2104,20.7636,321
2024-11-18,5782.0,309.51,0.8631,0.013,A,0,11,18,47,4,0,1716.0,3616.0,5406.0,5837.0,5224.0,5574.0,3465.6666666666665,1679.553611330509,4416.285714285715,1328.491464567448,4434.428571428572,1329.518577663226,4182.7,1391.8370433252653,376.0,0.06955234924158342,0.3008164667132088,4990.4442,75.166,322
2024-11-19,5221.0,306.16,0.9069,0.0099,A,1,11,19,47,4,0,5782.0,1716.0,4961.0,4874.0,4644.0,5137.0,3704.6666666666665,2034.4496389277742,4470.0,1381.7128259277777,4430.5,1325.1293550790833,4266.566666666667,1410.3742883835243,260.0,0.052408788550695425,0.30910801474894356,4734.9249,51.687900000000006,323
2024-11-20,5562.0,304.18,0.9207,0.0099,A,2,11,20,47,4,0,5221.0,5782.0,4860.0,4695.0,4172.0,4925.0,4239.666666666667,2203.4859503371795,4507.142857142857,1400.4787786767072,4455.285714285715,1337.2526042122809,4393.5,1312.6736535367993,702.0,0.14444444444444443,0.31072429320877815,5120.9334,55.06380000000001,324
2024-11-21,5322.0,284.13,0.9391,0.01,A,3,11,21,47,4,0,5562.0,5221.0,5290.0,4920.0,4323.0,4930.0,5521.666666666667,282.6664701257024,4607.428571428572,1454.0666946123708,4517.214285714285,1368.9086151760812,4393.1,1312.303301516996,32.0,0.0060491493383742915,0.3155918039900346,4997.8902,53.22,325
2024-11-22,5335.0,319.14,0.9048,0.008,A,4,11,22,47,4,0,5322.0,5562.0,5065.0,5549.0,5336.0,4782.0,5368.333333333333,175.15802389079084,4612.0,1456.6183439734627,4545.928571428572,1382.1594288696172,4399.266666666666,1316.3479503675217,270.0,0.05330700888450148,0.31583225151202576,4827.108,42.68,326
2024-11-23,4064.0,314.71,0.8292,0.0187,A,5,11,23,47,4,1,5335.0,5322.0,3616.0,3716.0,3772.0,3105.0,5406.333333333333,134.9678974175944,4650.571428571428,1474.0832017611078,4530.642857142857,1371.353941135596,4412.933333333333,1324.100004904652,448.0,0.12389380530973451,0.3169681886197627,3369.8688,75.99680000000001,327
2024-11-24,1713.0,316.53,0.8519,0.0198,A,6,11,24,47,4,1,4064.0,5335.0,1716.0,1577.0,1392.0,1404.0,4907.0,730.0883508178994,4714.571428571428,1430.7680754455907,4555.5,1358.5459846128476,4384.066666666667,1321.8766944773226,-3.0,-0.0017482517482517483,0.3034778658299235,1459.3047,33.9174,328
2024-11-25,6285.0,301.14,0.8124,0.0249,A,0,11,25,48,4,0,1713.0,4064.0,5782.0,5406.0,5837.0,5224.0,3704.0,1837.640062689105,4714.142857142857,1431.8160296829815,4565.214285714285,1335.9075381737503,4281.766666666666,1406.0910522176134,503.0,0.08699411968177101,0.30372775562231796,5105.934,156.4965,329
2024-11-26,5478.0,304.57,0.8999,0.0119,A,1,11,26,48,4,0,6285.0,1713.0,5221.0,4961.0,4874.0,4644.0,4020.6666666666665,2286.308013661621,4786.0,1505.086486994461,4628.0,1397.690127427282,4387.766666666666,1433.908973288805,257.0,0.04922428653514652,0.31447690910874654,4929.6522,65.18820000000001,330
2024-11-27,5067.0,296.13,0.955,0.0067,A,2,11,27,48,4,0,5478.0,6285.0,5562.0,4860.0,4695.0,4172.0,4492.0,2440.2751893997543,4822.714285714285,1520.5215897059468,4664.928571428572,1413.90101189177,4523.566666666667,1330.792470241158,-495.0,-0.0889967637540453,0.3152833652638297,4838.985,33.9489,331
2024-11-28,545.0,290.14,0.9653,0.0096,A,3,11,28,48,4,0,5067.0,5478.0,5322.0,5290.0,4920.0,4323.0,5610.0,619.6361835787123,4752.0,1491.6458471545207,4679.714285714285,1417.1764142163067,4518.333333333333,1328.2493101391194,-4777.0,-0.8975948891394213,0.3138985368591163,526.0885000000001,5.231999999999999,332
2024-11-29,6986.0,280.51,0.9065,0.0305,A,4,11,29,48,4,0,545.0,5067.0,5335.0,5065.0,5549.0,5336.0,3696.6666666666665,2737.148577138872,4069.5714285714284,2139.4715747229743,4340.785714285715,1780.7572796456536,4381.7,1512.8719696496853,1651.0,0.3094657919400187,0.5257240503759898,6332.809,213.073,333
2024-11-30,4936.0,327.42,0.9594,0.0055,A,5,11,30,48,4,1,6986.0,545.0,4064.0,3616.0,3716.0,3772.0,4199.333333333333,3307.000806370229,4305.428571428572,2379.7366000703255,4478.0,1910.1618537946745,4475.5,1584.9411769787384,872.0,0.21456692913385828,0.552729318484713,4735.5984,27.148,334
2024-12-01,2101.0,323.73,0.9739,0.0046,A,6,12,1,48,4,1,4936.0,6986.0,1713.0,1716.0,1577.0,1392.0,4155.666666666667,3290.639806076221,4430.0,2387.8017784844124,4572.285714285715,1896.8719363354876,4495.933333333333,1586.8576176993838,388.0,0.22650321074138938,0.5390071734727793,2046.1639,9.6646,335
2024-12-02,8302.0,323.3,0.9752,0.0026,A,0,12,2,49,4,0,2101.0,4936.0,6285.0,5782.0,5406.0,5837.0,4674.333333333333,2452.9896724881132,4485.428571428572,2317.693886685846,4599.785714285715,1854.5971645770253,4388.1,1636.928881188477,2017.0,0.32092283214001593,0.5167162623989082,8096.1104,21.5852,336
2024-12-03,7285.0,316.96,0.9569,0.005,A,1,12,3,49,4,0,8302.0,2101.0,5478.0,5221.0,4961.0,4874.0,5113.0,3104.286874629985,4773.571428571428,2676.3409634015147,4779.785714285715,2086.016785040937,4539.1,1780.754902881898,1807.0,0.3298649142022636,0.5606579902382345,6971.0165,36.425000000000004,337
2024-12-04,6329.0,329.58,0.9508,0.0077,A,2,12,4,49,4,0,7285.0,8302.0,5067.0,5562.0,4860.0,4695.0,5896.0,3325.6715111387634,5031.714285714285,2837.8805303891677,4927.214285714285,2189.945456945356,4735.533333333334,1746.3232258649548,1262.0,0.2490625616735741,0.5639987426246146,6017.6132,48.7333,338
2024-12-05,6112.0,311.71,0.9025,0.0143,A,3,12,5,49,4,0,6329.0,7285.0,545.0,5322.0,5290.0,4920.0,7305.333333333333,986.6571508549954,5212.0,2880.265612751713,4982.0,2216.4806476796634,4751.933333333333,1759.2860803870578,5567.0,5.0,0.5526219517942658,5516.08,87.4016,339
2024-12-06,6090.0,291.69,0.9258,0.0155,A,4,12,6,49,4,0,6112.0,6329.0,6986.0,5335.0,5065.0,5549.0,6575.333333333333,624.0932088504953,6007.285714285715,2015.6609928495543,5038.428571428572,2235.774610708805,4793.2,1776.68162983498,-896.0,-0.1282565130260521,0.33553606216134885,5638.121999999999,94.395,340
2024-12-07,4323.0,331.18,0.973,0.0045,A,5,12,7,49,4,1,6090.0,6112.0,4936.0,4064.0,3616.0,3716.0,6177.0,132.0946630261064,5879.285714285715,1971.108293514569,5092.357142857143,2252.521274795555,4839.7,1792.2102545604687,-613.0,-0.12418962722852513,0.3352632257223176,4206.2789999999995,19.4535,341
2024-12-08,2007.0,335.9,0.9272,0.0079,A,6,12,8,49,4,1,4323.0,6090.0,2101.0,1713.0,1716.0,1577.0,5508.333333333333,1026.58771341436,5791.714285714285,2032.656858587281,5110.857142857143,2244.4748865789334,4819.8,1794.6007220894885,-94.0,-0.0447405997144217,0.35095944970921433,1860.8904,15.855300000000002,342
2024-12-09,7094.0,314.1,0.9017,0.0084,A,0,12,9,50,4,0,2007.0,4323.0,8302.0,6285.0,5782.0,5406.0,4140.0,2047.6423027472376,5778.285714285715,2061.2128884296694,5131.857142857143,2211.369219324494,4701.733333333334,1860.2843670892796,-1208.0,-0.14550710672127198,0.3567170247974606,6396.659799999999,59.5896,343
2024-12-10,6604.0,316.39,0.9669,0.004,A,1,12,10,50,4,0,7094.0,2007.0,7285.0,5478.0,5221.0,4961.0,4474.666666666667,2546.889148222462,5605.714285714285,1854.952624218539,5189.642857142857,2253.979680720059,4814.333333333333,1900.3628207725726,-681.0,-0.09347975291695264,0.33090388301553963,6385.4076,26.416,344
2024-12-11,6715.0,327.36,0.9607,0.0037,A,2,12,11,50,4,0,6604.0,7094.0,6329.0,5067.0,5562.0,4860.0,5235.0,2806.2453563435956,5508.428571428572,1768.0223280210455,5270.071428571428,2284.937483214322,4981.9,1825.2086201025138,386.0,0.06098909780376047,0.3209667339958847,6451.1005,24.8455,345
2024-12-12,6192.0,313.29,0.8801,0.018,A,3,12,12,50,4,0,6715.0,6604.0,6112.0,545.0,5322.0,5290.0,6804.333333333333,256.92476200885284,5563.571428571428,1803.5432586201784,5387.785714285715,2315.9114895592456,5025.533333333334,1851.158700201931,80.0,0.013089005235602094,0.32417005547159455,5449.5792,111.45599999999999,346
2024-12-13,6005.0,290.11,0.9883,0.0036,A,4,12,13,50,4,0,6192.0,6715.0,6090.0,6986.0,5335.0,5065.0,6503.666666666667,275.5582213132283,5575.0,1807.8460480177341,5791.142857142857,1853.0894725853336,5066.566666666667,1863.2825628968276,-85.0,-0.013957307060755337,0.32427731803008686,5934.7415,21.618,347
2024-12-14,4610.0,323.34,0.967,0.0034,A,5,12,14,50,4,1,6005.0,6192.0,4323.0,4936.0,4064.0,3616.0,6304.0,368.01222805768236,5562.857142857143,1804.0919626016341,5721.071428571428,1822.7312331640244,5104.733333333334,1870.6178388036776,287.0,0.06638908165625723,0.32431031685186024,4457.87,15.674,348
2024-12-15,2099.0,321.67,0.9879,0.0025,A,6,12,15,50,4,1,4610.0,6005.0,2007.0,2101.0,1713.0,1716.0,5602.333333333333,864.457247834341,5603.857142857143,1774.2327382628853,5697.785714285715,1835.569296664427,5082.066666666667,1872.4145012170204,92.0,0.0458395615346288,0.31660920202514076,2073.6021,5.2475000000000005,349
2024-12-16,6945.0,317.93,0.9817,0.003,A,0,12,16,51,4,0,2099.0,4610.0,7094.0,8302.0,6285.0,5782.0,4238.0,1979.3930888027294,5617.0,1743.2175232406712,5697.642857142857,1835.8708102336961,4983.2,1950.0424646127772,-149.0,-0.021003665069072457,0.31034671946602654,6817.9065,20.835,350
2024-12-17,6472.0,315.98,0.9897,0.0015,A,1,12,17,51,4,0,6945.0,2099.0,6604.0,7285.0,5478.0,5221.0,4551.333333333333,2423.5326144562896,5595.714285714285,1722.9687281245833,5600.714285714285,1719.954669732334,5094.166666666667,1964.2258997013146,-132.0,-0.019987886129618413,0.30790863152596587,6405.338400000001,9.708,351
2024-12-18,6209.0,321.5,0.9497,0.0172,A,2,12,18,51,4,0,6472.0,6945.0,6715.0,6329.0,5067.0,5562.0,5172.0,2671.783861018701,5576.857142857143,1710.7734535945474,5542.642857142857,1671.7628009491534,5252.7,1871.9319570230377,-506.0,-0.0753536857781087,0.3067630046406535,5896.6873,106.7948,352
2024-12-19,5932.0,302.09,0.8968,0.0204,A,3,12,19,51,4,0,6209.0,6472.0,6192.0,6112.0,545.0,5322.0,6542.0,372.9597833546908,5504.571428571428,1664.7389041671443,5534.071428571428,1667.7236196170418,5266.933333333333,1877.709737278695,-260.0,-0.04198966408268734,0.3024284316715979,5319.8176,121.01280000000001,353
2024-12-20,6055.0,302.38,0.9294,0.0134,A,4,12,20,51,4,0,5932.0,6209.0,6005.0,6090.0,6986.0,5335.0,6204.333333333333,270.0302452195237,5467.428571428572,1649.6774287864957,5521.214285714285,1663.6141924492822,5290.633333333333,1881.5930060004596,50.0,0.00832639467110741,0.3017282086513762,5627.517,81.137,354
2024-12-21,4701.0,322.18,0.9493,0.006,A,5,12,21,51,4,1,6055.0,5932.0,4610.0,4323.0,4936.0,4064.0,6065.333333333333,138.7888083864048,5474.571428571428,1652.4988005182609,5518.714285714285,1662.7197566069228,5307.066666666667,1886.192021038644,91.0,0.019739696312364424,0.3018498931065139,4462.6593,28.206,355
2024-12-22,2292.0,310.99,0.9739,0.0043,A,6,12,22,51,4,1,4701.0,6055.0,2099.0,2007.0,2101.0,1713.0,5562.666666666667,748.7551891862423,5487.571428571428,1644.9042380579356,5545.714285714285,1644.7819321708275,5286.366666666667,1889.4272893152452,193.0,0.09194854692710815,0.2997508569079621,2232.1788,9.8556,356
2024-12-23,6323.0,312.94,0.9352,0.007,A,0,12,23,52,4,0,2292.0,4701.0,6945.0,7094.0,8302.0,6285.0,4349.333333333333,1905.989069573418,5515.142857142857,1578.934179393539,5566.071428571428,1598.7339926081745,5184.933333333333,1966.8225194430913,-622.0,-0.08956083513318934,0.2862907127326004,5913.2696000000005,44.261,357
2024-12-24,4112.0,303.06,0.9563,0.0077,A,1,12,24,52,4,0,6323.0,2292.0,6472.0,6604.0,7285.0,5478.0,4438.666666666667,2028.2638717221541,5426.285714285715,1500.6149533092234,5511.0,1554.7265403872834,5260.233333333334,1965.670328470633,-2360.0,-0.3646477132262052,0.2765455105614091,3932.3056,31.6624,358
2024-12-25,294.0,319.62,0.9061,0.0106,A,2,12,25,52,4,0,4112.0,6323.0,6209.0,6715.0,6329.0,5067.0,4242.333333333333,2018.6580526016153,5089.142857142857,1491.6010892741433,5333.0,1562.597590798484,5340.2,1862.4758346036913,-5915.0,-0.9526493799323562,0.29309475704353816,266.3934,3.1164,359
2024-12-26,5361.0,314.83,0.882,0.0164,A,3,12,26,52,4,0,294.0,4112.0,5932.0,6192.0,6112.0,545.0,3576.3333333333335,3049.9859562518245,4244.142857142857,2239.433814499505,4874.357142857143,2005.356235651942,5140.5,2067.5719184422583,-571.0,-0.09625758597437627,0.5276527887675969,4728.402,87.9204,360
2024-12-27,5443.0,280.98,0.9291,0.0115,A,4,12,27,52,4,0,5361.0,294.0,6055.0,6005.0,6090.0,6986.0,3255.6666666666665,2639.811041217413,4162.571428571428,2177.242664253944,4815.0,1975.4300408148704,5136.6,2067.023623974562,-612.0,-0.10107349298100743,0.5230523251347934,5057.0913,62.5945,361
2024-12-28,3611.0,317.73,0.864,0.0152,A,5,12,28,52,4,1,5443.0,5361.0,4701.0,4610.0,4323.0,4936.0,3699.3333333333335,2949.3901629545985,4075.1428571428573,2099.484812088544,4774.857142857143,1954.9923020561732,5149.133333333333,2067.7268667312574,-1090.0,-0.2318655605190385,0.5151929357295032,3119.904,54.8872,362
2024-12-29,1443.0,331.58,0.9239,0.0112,A,6,12,29,52,4,1,3611.0,5443.0,2292.0,2099.0,2007.0,2101.0,4805.0,1034.8468485722924,3919.4285714285716,2085.706183937296,4703.5,1979.5499391372919,5251.333333333333,1901.3951562549657,-849.0,-0.3704188481675393,0.5321454762925015,1333.1877000000002,16.1616,363
2024-12-30,6201.0,324.73,0.9676,0.0035,A,0,12,30,1,4,0,1443.0,3611.0,6323.0,6945.0,7094.0,8302.0,3499.0,2002.3506186479988,3798.1428571428573,2216.6876511717055,4656.642857142857,2052.367023974731,5066.566666666667,1994.0772247234777,-122.0,-0.019294638620907797,0.5836240853876683,6000.0876,21.703500000000002,364
2024-12-31,4846.0,311.67,0.9092,0.0144,A,1,12,31,1,4,0,6201.0,1443.0,4112.0,6472.0,6604.0,7285.0,3751.6666666666665,2382.116985652332,3780.714285714286,2193.889902607215,4603.5,1997.453330541743,5108.733333333334,2004.5682815514829,734.0,0.17850194552529183,0.5802845009730022,4405.9832,69.7824,365
2025-01-01,2196.0,291.4,0.9504,0.0089,A,2,1,1,1,1,0,4846.0,6201.0,294.0,6209.0,6715.0,6329.0,4163.333333333333,2451.3600986663196,3885.5714285714284,2229.612661214411,4487.357142857143,1926.4619466441907,5200.233333333334,1923.5556817829588,1902.0,5.0,0.573818472315191,2087.0784,19.5444,366
2025-01-02,6711.0,307.38,0.9268,0.0101,A,3,1,2,1,1,0,2196.0,4846.0,5361.0,5932.0,6192.0,6112.0,4414.333333333333,2037.0955631323102,4157.285714285715,1791.9031516133614,4200.714285714285,1949.0093905355088,4996.7,1907.0071722918046,1350.0,0.2518186905428092,0.4310271833027569,6219.7548,67.7811,367
2025-01-03,6351.0,295.82,0.9476,0.0062,A,4,1,3,1,1,0,6711.0,2196.0,5443.0,6055.0,6005.0,6090.0,4584.333333333333,2268.8451541110826,4350.142857142857,2003.2337547551633,4256.357142857143,2012.3298248984474,4977.566666666667,1886.02061793193,908.0,0.16681976851001287,0.46049838374063723,6018.2076,39.3762,368
2025-01-04,3910.0,291.55,0.9516,0.0126,A,5,1,4,1,1,1,6351.0,6711.0,3611.0,4701.0,4610.0,4323.0,5086.0,2509.277784542796,4479.857142857143,2112.225716203283,4277.5,2034.118245938896,4978.3,1886.5684072337226,299.0,0.08280254777070063,0.47149398939452725,3720.756,49.266,369
2025-01-05,1565.0,328.12,0.9061,0.0112,A,6,1,5,1,1,1,3910.0,6351.0,1443.0,2292.0,2099.0,2007.0,5657.333333333333,1523.9029934130738,4522.571428571428,2094.677290749329,4221.0,2032.4349549626031,4904.9,1883.773109370176,122.0,0.08454608454608455,0.4631606871958211,1418.0465,17.528,370
2025-01-06,5880.0,324.99,0.8992,0.0093,A,0,1,6,2,1,0,1565.0,3910.0,6201.0,6323.0,6945.0,7094.0,3942.0,2393.1604626518506,4540.0,2065.0819192790705,4169.071428571428,2093.870852834921,4754.066666666667,1965.0162925240684,-321.0,-0.05176584421867441,0.45486385887204195,5287.296,54.684,371
2025-01-07,5594.0,321.86,0.8726,0.012,A,1,1,7,2,1,0,5880.0,1565.0,4846.0,4112.0,6472.0,6604.0,3785.0,2160.2141097585722,4494.142857142857,2025.2299810615266,4137.428571428572,2061.9200803092267,4805.966666666666,1973.7805573329888,748.0,0.1543541064795708,0.45063765114691146,4881.3244,67.128,372
2025-01-08,5423.0,311.64,0.9242,0.0081,A,2,1,8,2,1,0,5594.0,5880.0,2196.0,294.0,6209.0,6715.0,4346.333333333333,2412.946400841375,4601.0,2066.207959846571,4243.285714285715,2098.236637991764,4925.533333333334,1905.856468404925,3227.0,1.4694899817850637,0.4490780177888657,5011.9366,43.9263,373
2025-01-09,4085.0,304.69,0.9494,0.006,A,3,1,9,2,1,0,5423.0,5594.0,6711.0,5361.0,5932.0,6192.0,5632.333333333333,230.8989678048165,5062.0,1780.4168051330007,4609.642857142857,1779.1437701729021,4869.833333333333,1864.260305994236,-2626.0,-0.39129786917001935,0.3517220081258397,3878.299,24.51,374
2025-01-10,4101.0,292.89,0.9612,0.0058,A,4,1,10,2,1,0,4085.0,5423.0,6351.0,5443.0,6055.0,6005.0,5034.0,826.2935313797417,4686.857142857143,1646.6889433619433,4518.5,1770.3541040837413,4785.866666666667,1840.030410793163,-2250.0,-0.35427491733585265,0.3513418252722995,3941.8812000000003,23.7858,375
2025-01-11,3287.0,277.92,0.9682,0.0055,A,5,1,11,2,1,1,4101.0,4085.0,3910.0,3611.0,4701.0,4610.0,4536.333333333333,767.917530294331,4365.428571428572,1478.7466378820993,4422.642857142857,1752.6894326299623,4698.733333333334,1807.1254165841253,-623.0,-0.15933503836317137,0.3387403123625465,3182.4734,18.0785,376
2025-01-12,1368.0,322.86,0.9416,0.0077,A,6,1,12,2,1,1,3287.0,4101.0,1565.0,1443.0,2292.0,2099.0,3824.3333333333335,465.4130781718062,4276.428571428572,1528.6320526473808,4399.5,1766.3170178912674,4601.9,1802.175033598047,-197.0,-0.12587859424920128,0.35745529876504645,1288.1088,10.5336,377
2025-01-13,5722.0,327.23,0.9296,0.012,A,0,1,13,3,1,0,1368.0,3287.0,5880.0,6201.0,6323.0,6945.0,2918.6666666666665,1403.2370909199094,4248.285714285715,1587.5486044302909,4394.142857142857,1776.060543716077,4447.333333333333,1875.0623407260853,-158.0,-0.02687074829931973,0.37369158083973486,5319.1712,68.664,378
2025-01-14,5297.0,333.24,0.9076,0.0078,A,1,1,14,3,1,0,5722.0,1368.0,5594.0,4846.0,4112.0,6472.0,3459.0,2182.090053137136,4225.714285714285,1561.3903755185302,4359.928571428572,1742.879291653532,4484.4,1889.325743623166,-297.0,-0.053092599213442976,0.36949738433501395,4807.5572,41.3166,379
2025-01-15,4862.0,315.55,0.9078,0.0096,A,2,1,15,3,1,0,5297.0,5722.0,5423.0,2196.0,294.0,6209.0,4129.0,2400.5201519670727,4183.285714285715,1521.5389921924107,4392.142857142857,1756.6680811276613,4591.0,1839.6615130938096,-561.0,-0.10344827586206896,0.3637186403492427,4413.7236,46.6752,380
2025-01-16,4775.0,321.74,0.9399,0.023,A,3,1,16,3,1,0,4862.0,5297.0,4085.0,6711.0,5361.0,5932.0,5293.666666666667,430.0096898133008,4103.142857142857,1458.840113305933,4582.571428571428,1640.9780251791526,4521.566666666667,1786.286606407234,690.0,0.1689106487148103,0.35554212078342495,4488.0225,109.825,381
2025-01-17,4918.0,293.32,0.9563,0.0085,A,4,1,17,3,1,0,4775.0,4862.0,4101.0,6351.0,5443.0,6055.0,4978.0,279.66587206880195,4201.714285714285,1480.559321595017,4444.285714285715,1525.3149701755865,4465.0,1748.8697828144236,817.0,0.19921970251158255,0.3523702995772175,4703.0834,41.803000000000004,382
2025-01-18,2867.0,293.22,0.9732,0.0037,A,5,1,18,3,1,1,4918.0,4775.0,3287.0,3910.0,3611.0,4701.0,4851.666666666667,72.05784713228124,4318.428571428572,1503.324189603697,4341.928571428572,1432.796698461045,4421.966666666666,1720.1236620207483,-420.0,-0.12777608761788864,0.3481183409052856,2790.1643999999997,10.6079,383
2025-01-19,1159.0,322.74,0.9425,0.0057,A,6,1,19,3,1,1,2867.0,4918.0,1368.0,1565.0,1443.0,2292.0,4186.666666666667,1145.0992678948628,4258.428571428572,1558.7121668376146,4267.428571428572,1483.2119882868374,4319.8,1718.364466979955,-209.0,-0.1527777777777778,0.36602989593288277,1092.3575,6.6063,384
2025-01-20,3907.0,318.63,0.9005,0.0174,A,0,1,20,4,1,0,1159.0,2867.0,5722.0,5880.0,6201.0,6323.0,2981.3333333333335,1882.1063554787152,4228.571428571428,1623.9428209497642,4238.428571428572,1542.8835498350613,4156.6,1779.2988467952475,-1815.0,-0.31719678434113946,0.3840405319813632,3518.2535,67.98179999999999,385
2025-01-21,4289.0,309.15,0.9059,0.0103,A,1,1,21,4,1,0,3907.0,1159.0,5297.0,5594.0,4846.0,4112.0,2644.3333333333335,1387.4657953742055,3969.285714285714,1484.6782720268259,4097.5,1469.7828594204468,4130.133333333333,1776.8253505724144,-1008.0,-0.19029639418538796,0.37404167371559405,3885.4051,44.176700000000004,386
2025-01-22,4783.0,309.72,0.9095,0.0095,A,2,1,22,4,1,0,4289.0,3907.0,4862.0,5423.0,2196.0,294.0,3118.3333333333335,1707.5483399697266,3825.285714285714,1379.60486061356,4004.285714285714,1407.641695481181,4196.7,1742.666528924706,-79.0,-0.016248457424928014,0.3606540696976853,4350.1385,45.4385,387
2025-01-23,5062.0,307.63,0.9649,0.0056,A,3,1,23,4,1,0,4783.0,4289.0,4775.0,4085.0,6711.0,5361.0,4326.333333333333,439.1916817670269,3814.0,1370.000364963451,3958.5714285714284,1367.8536085800574,4145.366666666667,1700.033011511802,287.0,0.06010471204188482,0.3592030322400238,4884.3238,28.3472,388
2025-01-24,4989.0,295.38,0.8831,0.0201,A,4,1,24,4,1,0,5062.0,4783.0,4918.0,4101.0,6351.0,5443.0,4711.333333333333,391.45157214314986,3855.0,1407.3392152095585,4028.3571428571427,1399.3596121711585,4177.033333333334,1708.218218381128,71.0,0.014436762911752745,0.3650685383163576,4405.7859,100.2789,389
2025-01-25,3721.0,268.79,0.9722,0.0083,A,5,1,25,4,1,1,4989.0,5062.0,2867.0,3287.0,3910.0,3611.0,4944.666666666667,144.68701853773953,3865.1428571428573,1416.5032566819132,4091.785714285714,1422.833801774655,4333.533333333334,1547.7330415210777,854.0,0.2978723404255319,0.366481475339052,3617.5562,30.8843,390
2025-01-26,1280.0,324.25,0.9243,0.0072,A,6,1,26,4,1,1,3721.0,4989.0,1159.0,1368.0,1565.0,1443.0,4590.666666666667,754.0373553964985,3987.1428571428573,1351.4923145140217,4122.785714285715,1408.6075054448615,4278.866666666667,1539.1299094491392,121.0,0.10440034512510785,0.33896260127546224,1183.104,9.216,391
2025-01-27,5384.0,334.37,0.9504,0.0067,A,0,1,27,5,1,0,1280.0,3721.0,3907.0,5722.0,5880.0,6201.0,3330.0,1885.160735852524,4004.4285714285716,1309.4100270914416,4116.5,1421.978835177338,4140.1,1616.2858092680824,1477.0,0.37803941643204503,0.32699048159680677,5116.9536,36.0728,392
2025-01-28,4491.0,309.28,0.9329,0.0063,A,1,1,28,5,1,0,5384.0,1280.0,4289.0,5297.0,5594.0,4846.0,3461.6666666666665,2064.253941096725,4215.428571428572,1406.4971687544482,4092.3571428571427,1395.241231259521,4199.2,1628.639910668005,202.0,0.0470972254604803,0.33365460828524934,4189.653899999999,28.2933,393
2025-01-29,4087.0,315.02,0.9075,0.0271,A,2,1,29,5,1,0,4491.0,5384.0,4783.0,4862.0,5423.0,2196.0,3718.3333333333335,2158.347593260492,4244.285714285715,1410.325224228522,4034.785714285714,1357.8383374133466,4300.8,1543.6231762787259,-696.0,-0.14551536692452435,0.3322880030158079,3708.9525,110.7577,394
2025-01-30,4363.0,305.73,0.9368,0.0085,A,3,1,30,5,1,0,4087.0,4491.0,5062.0,4775.0,4085.0,6711.0,4654.0,663.6859196939566,4144.857142857143,1390.409223762487,3979.4285714285716,1337.160177637418,4230.333333333333,1501.566844501351,-699.0,-0.1380877123666535,0.33545407618175394,4087.2583999999997,37.0855,395
2025-01-31,4812.0,307.8,0.9386,0.0113,A,4,1,31,5,1,0,4363.0,4087.0,4989.0,4918.0,4101.0,6351.0,4313.666666666667,206.46872240935465,4045.0,1337.6635102545997,3950.0,1322.7603422679838,4214.233333333334,1497.321348121447,-177.0,-0.035478051713770296,0.3306955525969344,4516.5432,54.3756,396
2025-02-01,3607.0,312.57,0.977,0.0031,A,5,2,1,5,1,1,4812.0,4363.0,3721.0,2867.0,3287.0,3910.0,4420.666666666667,365.92394473899844,4019.714285714286,1318.3790191349485,3942.4285714285716,1317.0845258948411,4301.433333333333,1451.1958132883867,-114.0,-0.030636925557645793,0.32797829035271303,3524.0389999999998,11.1817,397
2025-02-02,1526.0,316.65,0.8859,0.0185,A,6,2,2,5,1,1,3607.0,4812.0,1280.0,1159.0,1368.0,1565.0,4260.666666666667,608.9830320570122,4003.4285714285716,1323.3786126354557,3995.285714285714,1285.0651841336758,4197.966666666666,1382.5036629828212,246.0,0.1921875,0.3305613148889591,1351.8834,28.230999999999998,398
2025-02-03,6086.0,298.83,0.9219,0.0164,A,0,2,3,6,1,0,1526.0,3607.0,5384.0,3907.0,5722.0,5880.0,3315.0,1662.3468350497837,4038.5714285714284,1239.6188738402395,4021.5,1225.1008592702096,4037.133333333333,1403.8863234590633,702.0,0.13038632986627044,0.306944892708938,5610.6834,99.8104,399
2025-02-04,5054.0,337.13,0.7964,0.023,A,1,2,4,6,1,0,6086.0,1526.0,4491.0,4289.0,5297.0,5594.0,3739.6666666666665,2282.892974568313,4138.857142857143,1386.3209619434463,4177.142857142857,1342.2495960222784,4109.666666666667,1452.4636225092333,563.0,0.12536183478067245,0.3349526002210453,4025.0056,116.242,400
2025-02-05,4855.0,329.7,0.9504,0.0078,A,2,2,5,6,1,0,5054.0,6086.0,4087.0,4783.0,4862.0,5423.0,4222.0,2391.143659423252,4219.285714285715,1425.921656834121,4231.785714285715,1362.5712785065523,4225.966666666666,1379.536815904809,768.0,0.18791289454367507,0.33795332987434723,4614.192,37.869,401
2025-02-06,4360.0,326.6,0.9193,0.0122,A,3,2,6,6,1,0,4855.0,5054.0,4363.0,5062.0,4775.0,4085.0,5331.666666666667,660.8058212011591,4329.0,1443.4846725892155,4236.928571428572,1364.9456153880362,4191.8,1349.525699567482,-3.0,-0.0006876002750401101,0.3334452928134016,4008.148,53.192,402
2025-02-07,4594.0,319.16,0.9381,0.0085,A,4,2,7,6,1,0,4360.0,4855.0,4812.0,4989.0,4918.0,4101.0,4756.333333333333,357.36582563718486,4328.571428571428,1443.4733408394766,4186.785714285715,1345.0535693404913,4150.666666666667,1323.8754065069804,-218.0,-0.04530340814630091,0.3334756893028494,4309.6314,39.049,403
2025-02-08,3254.0,328.59,0.9182,0.0118,A,5,2,8,6,1,1,4594.0,4360.0,3607.0,3721.0,2867.0,3287.0,4603.0,247.62269685958867,4297.428571428572,1433.6231323867091,4158.571428571428,1331.0010526659223,4123.033333333334,1304.9182953239888,-353.0,-0.09786526199057388,0.33360022361235836,2987.8228,38.3972,404
2025-02-09,1095.0,303.69,0.9096,0.0117,A,6,2,9,6,1,1,3254.0,4594.0,1526.0,1280.0,1159.0,1368.0,4069.3333333333335,715.7271360884375,4247.0,1467.7591764318809,4125.214285714285,1348.5471486336335,4095.3333333333335,1314.5380028434104,-431.0,-0.282437745740498,0.34559905260934326,996.012,12.8115,405
2025-02-10,5093.0,287.12,0.9435,0.016,A,0,2,10,7,1,0,1095.0,3254.0,6086.0,5384.0,3907.0,5722.0,2981.0,1765.4027869016293,4185.428571428572,1603.6743078674917,4112.0,1379.131331951102,3995.133333333333,1424.0915006764333,-993.0,-0.16316135392704567,0.3831565347488717,4805.2455,81.488,406
2025-02-11,4935.0,316.12,0.9581,0.007,A,1,2,11,7,1,0,5093.0,1095.0,5054.0,4491.0,4289.0,5297.0,3147.3333333333335,2001.1332622625039,4043.5714285714284,1443.4494399577275,4091.214285714286,1360.5533477552074,4055.3333333333335,1431.2786502678807,-119.0,-0.023545706371191136,0.35697389435449894,4728.2235,34.545,407
2025-02-12,4376.0,321.88,0.9305,0.0089,A,2,2,12,7,1,0,4935.0,5093.0,4855.0,4087.0,4783.0,4862.0,3707.6666666666665,2264.0144286937225,4026.5714285714284,1430.2059125807525,4122.928571428572,1375.6798299406316,4174.233333333334,1345.9535187786546,-479.0,-0.09866117404737385,0.35519198850724715,4071.868,38.9464,408
2025-02-13,4395.0,324.58,0.8416,0.0275,A,3,2,13,7,1,0,4376.0,4935.0,4360.0,4363.0,5062.0,4775.0,4801.333333333333,376.72580656672164,3958.1428571428573,1394.9888205730538,4143.571428571428,1377.2666193077257,4129.366666666667,1314.6505103516356,35.0,0.008027522935779817,0.3524351876425227,3698.832,120.8625,409
2025-02-14,4312.0,318.78,0.8936,0.0173,A,4,2,14,7,1,0,4395.0,4376.0,4594.0,4812.0,4989.0,4918.0,4568.666666666667,317.3961772506884,3963.1428571428573,1396.7308770329141,4145.857142857143,1377.6852859970372,4099.3,1297.2244415382172,-282.0,-0.061384414453635176,0.35243011099525623,3853.2032,74.5976,410
2025-02-15,2933.0,330.81,0.8851,0.0129,A,5,2,15,7,1,1,4312.0,4395.0,3254.0,3607.0,3721.0,2867.0,4361.0,43.48562981054913,3922.8571428571427,1379.4626282930367,4110.142857142857,1365.515335640037,4080.9666666666667,1289.939760243661,-321.0,-0.0986478180700676,0.35164742891665174,2595.9983,37.8357,411
2025-02-16,1187.0,306.66,0.8399,0.0232,A,6,2,16,7,1,1,2933.0,4312.0,1095.0,1526.0,1280.0,1159.0,3880.0,821.1753771272171,3877.0,1410.3917895393424,4062.0,1396.1563170141271,4019.5666666666666,1299.5680896129431,92.0,0.08401826484018265,0.36378431507334086,996.9612999999999,27.5384,412
2025-02-17,4362.0,287.36,0.9127,0.024,A,0,2,17,8,1,0,1187.0,2933.0,5093.0,6086.0,5384.0,3907.0,2810.6666666666665,1566.0875880145963,3890.1428571428573,1380.2534101354236,4037.785714285714,1445.5875131730172,3895.2,1386.2586562647589,-731.0,-0.14353033575495777,0.35480789801872736,3981.1974,104.688,413
2025-02-18,4177.0,320.18,0.8897,0.0123,A,1,2,18,8,1,0,4362.0,1187.0,4935.0,5054.0,4491.0,4289.0,2827.3333333333335,1590.1353191893375,3785.714285714286,1299.361601490732,3914.6428571428573,1326.1870506857554,3945.0333333333333,1374.8465113913862,-758.0,-0.153596757852077,0.3432275928466085,3716.2769000000003,51.3771,414
2025-02-19,4276.0,325.38,0.938,0.0058,A,2,2,19,8,1,0,4177.0,4362.0,4376.0,4855.0,4087.0,4783.0,3242.0,1782.0844536665586,3677.4285714285716,1216.5668713149064,3852.0,1288.4037828616836,4045.633333333333,1270.4072245118718,-100.0,-0.022851919561243144,0.3308199867611042,4010.888,24.8008,415
2025-02-20,4508.0,315.27,0.9137,0.0083,A,3,2,20,8,1,0,4276.0,4177.0,4395.0,4360.0,4363.0,5062.0,4271.666666666667,92.57609482666086,3663.1428571428573,1207.5503341574615,3810.6428571428573,1262.7691552934082,4057.9333333333334,1270.8049562311332,113.0,0.02571103526734926,0.32964871457383316,4118.9596,37.4164,416
2025-02-21,4322.0,309.67,0.9741,0.0022,A,4,2,21,8,1,0,4508.0,4276.0,4312.0,4594.0,4812.0,4989.0,4320.333333333333,169.89506565334426,3679.285714285714,1219.659202986047,3821.214285714286,1268.3291964428788,4065.233333333333,1272.805499764158,10.0,0.002319109461966605,0.3314934739236004,4210.0602,9.5084,417
2025-02-22,2875.0,309.45,0.9678,0.0055,A,5,2,22,8,1,1,4322.0,4508.0,2933.0,3254.0,3607.0,3721.0,4368.666666666667,122.83864755586255,3680.714285714286,1220.5293543220878,3801.785714285714,1257.6189455029296,4049.866666666667,1266.6087966211842,-58.0,-0.019774974428912375,0.3316012218224186,2782.425,15.812499999999998,418
2025-02-23,1250.0,295.56,0.9751,0.0138,A,6,2,23,8,1,1,2875.0,4322.0,1187.0,1095.0,1526.0,1280.0,3901.6666666666665,893.9699845818988,3672.4285714285716,1226.6329058501053,3774.714285714286,1274.2863117822433,3976.9666666666667,1269.2803142300602,63.0,0.05307497893850042,0.33401137203682796,1218.875,17.25,419
2025-02-24,4776.0,285.07,0.9265,0.0094,A,0,2,24,9,1,0,1250.0,2875.0,4362.0,5093.0,6086.0,5384.0,2815.6666666666665,1536.8592431753066,3681.4285714285716,1205.4050297365916,3785.785714285714,1249.6482691954905,3852.3333333333335,1347.6318266610863,414.0,0.09491059147180192,0.327428607223754,4424.964,44.894400000000005,420
2025-02-25,4348.0,323.22,0.9512,0.0062,A,1,2,25,9,1,0,4776.0,1250.0,4177.0,4935.0,5054.0,4491.0,2967.0,1764.7994220307417,3740.5714285714284,1253.557053234624,3763.1428571428573,1226.803467248416,3887.5,1357.8132203581317,171.0,0.040938472587981806,0.3351244795540165,4135.8176,26.9576,421
2025-02-26,4988.0,321.08,0.9534,0.0068,A,2,2,26,9,1,0,4348.0,4776.0,4276.0,4376.0,4855.0,4087.0,3458.0,1924.1216177778454,3765.0,1265.092486737625,3721.214285714286,1193.2439416965804,3989.766666666667,1267.1621207366843,712.0,0.166510757717493,0.3360139407005644,4755.5592,33.9184,422
2025-02-27,4399.0,314.58,0.9532,0.0049,A,3,2,27,9,1,0,4988.0,4348.0,4508.0,4395.0,4360.0,4363.0,4704.0,326.01840438848654,3866.714285714286,1339.4614233944528,3764.9285714285716,1229.7295802977696,3976.5666666666666,1254.1331855614233,-109.0,-0.024179236912156166,0.3464081709742923,4193.1268,21.5551,423
2025-02-28,4563.0,296.05,0.9668,0.0064,A,4,2,28,9,1,0,4399.0,4988.0,4322.0,4312.0,4594.0,4812.0,4578.333333333333,355.6969684061841,3851.1428571428573,1331.3730291909671,3765.214285714286,1229.8876858397307,3973.5,1252.9438094564255,241.0,0.05576122165664044,0.34570855420790747,4411.5084,29.203200000000002,424
2025-03-01,3266.0,316.8,0.9312,0.0057,A,5,3,1,9,1,1,4563.0,4399.0,2875.0,2933.0,3254.0,3607.0,4650.0,303.9851970080377,3885.5714285714284,1348.5833131033994,3783.1428571428573,1240.257284545477,3989.366666666667,1257.4365407538444,391.0,0.136,0.3470746421458067,3041.2992,18.6162,425
2025-03-02,1604.0,317.63,0.9523,0.0066,A,6,3,2,9,1,1,3266.0,4563.0,1250.0,1187.0,1095.0,1526.0,4076.0,706.2570353632053,3941.4285714285716,1307.213047816209,3806.9285714285716,1225.8080201229677,3952.8,1262.1382622769408,354.0,0.2832,0.3316597076735579,1527.4892,10.5864,426
2025-03-03,5603.0,290.8,0.9537,0.0047,A,0,3,3,10,1,0,1604.0,3266.0,4776.0,4362.0,5093.0,6086.0,3144.3333333333335,1483.2472259651695,3992.0,1187.0634636221673,3836.714285714286,1160.5806523242745,3845.866666666667,1321.3419441360911,827.0,0.1731574539363484,0.29736058707970126,5343.5811,26.3341,427
2025-03-04,4533.0,281.84,0.9597,0.0146,A,1,3,4,10,1,0,5603.0,1604.0,4348.0,4177.0,4935.0,5054.0,3491.0,2008.9721252421677,4110.142857142857,1312.6105577018902,3925.3571428571427,1247.8951883467175,3912.4,1358.6257153766696,185.0,0.04254829806807728,0.31935886496518134,4350.3201,66.1818,428
2025-03-05,4345.0,331.93,0.9367,0.0079,A,2,3,5,10,1,0,4533.0,5603.0,4988.0,4276.0,4376.0,4855.0,3913.3333333333335,2070.263348787627,4136.571428571428,1320.039249055728,3950.785714285714,1257.0112403004782,4012.633333333333,1285.447580265022,-643.0,-0.1289093825180433,0.31911433704206715,4069.9615,34.325500000000005,429
2025-03-06,4191.0,332.6,0.924,0.0089,A,3,3,6,10,1,0,4345.0,4533.0,4399.0,4508.0,4395.0,4360.0,4827.0,678.5779247809448,4044.714285714286,1272.4300523389206,3955.714285714286,1258.5188136836068,3954.6,1226.566151553979,-208.0,-0.04728347351670834,0.3145908369431867,3872.4840000000004,37.2999,430
2025-03-07,3994.0,328.38,0.9424,0.0056,A,4,3,7,10,1,0,4191.0,4345.0,4563.0,4322.0,4312.0,4594.0,4356.333333333333,171.28144480168774,4015.0,1265.1857571123658,3933.0714285714284,1250.6449698692786,3925.8333333333335,1209.8995422343373,-569.0,-0.12469866316020162,0.31511475893209606,3763.9456,22.3664,431
2025-03-08,3024.0,328.1,0.9334,0.0069,A,5,3,8,10,1,1,3994.0,4191.0,3266.0,2875.0,2933.0,3254.0,4176.666666666667,175.93843620242924,3933.714285714286,1242.1792294573386,3909.6428571428573,1245.8617411342102,3897.133333333333,1197.2444722932703,-242.0,-0.07409675443968157,0.3157776948794803,2822.6016,20.8656,432
2025-03-09,1154.0,321.93,0.9607,0.0035,A,6,3,9,10,1,1,3024.0,3994.0,1604.0,1250.0,1187.0,1095.0,3736.3333333333335,624.7130007718445,3899.1428571428573,1266.9797983881979,3920.285714285714,1236.9478832732016,3852.6,1204.260471309522,-450.0,-0.2805486284289277,0.32493802992296417,1108.6478,4.039,433
2025-03-10,4823.0,299.51,0.9403,0.0099,A,0,3,10,11,1,0,1154.0,3024.0,5603.0,4776.0,4362.0,5093.0,2724.0,1443.571958719081,3834.8571428571427,1406.5695181980157,3913.4285714285716,1253.0508439733821,3737.9333333333334,1291.8226880927893,-780.0,-0.13921113689095127,0.3667853757780551,4535.0669,47.7477,434
2025-03-11,4637.0,275.82,0.9422,0.0139,A,1,3,11,11,1,0,4823.0,1154.0,4533.0,4348.0,4177.0,4935.0,3000.3333333333335,1834.6144917484364,3723.4285714285716,1267.136516868226,3916.785714285714,1255.5999594782354,3790.233333333333,1303.2649896829682,104.0,0.022942863445841608,0.340314442068661,4368.981400000001,64.45429999999999,435
2025-03-12,4261.0,325.02,0.9544,0.0063,A,2,3,12,11,1,0,4637.0,4823.0,4345.0,4988.0,4276.0,4376.0,3538.0,2066.698091158946,3738.285714285714,1278.7670773425573,3937.4285714285716,1265.5708176571877,3908.3,1207.6056147143672,-84.0,-0.019332566168009206,0.3420731252444933,4066.6984,26.8443,436
2025-03-13,4080.0,318.97,0.9345,0.0104,A,3,3,13,11,1,0,4261.0,4637.0,4191.0,4399.0,4508.0,4395.0,4573.666666666667,286.30286993558167,3726.285714285714,1272.5035316631643,3885.5,1233.6608903210315,3880.5666666666666,1188.8684473302676,-111.0,-0.026485325697924122,0.3414938169622048,3812.7599999999998,42.431999999999995,437
2025-03-14,3905.0,310.55,0.9378,0.0087,A,4,3,14,11,1,0,4080.0,4261.0,3994.0,4563.0,4322.0,4312.0,4326.0,284.1320115721226,3710.4285714285716,1266.4244755929744,3862.714285714286,1226.3714099589988,3852.0666666666666,1172.859956755678,-89.0,-0.02228342513770656,0.34131487810999195,3662.109,33.973499999999994,438
2025-03-15,2616.0,310.32,0.9151,0.0106,A,5,3,15,11,1,1,3905.0,4080.0,3024.0,3266.0,2875.0,2933.0,4082.0,178.008426766893,3697.714285714286,1263.5465582090326,3815.714285714286,1209.9679225609086,3836.366666666667,1168.7499211383638,-408.0,-0.1349206349206349,0.34171016486876943,2393.9016,27.7296,439
2025-03-16,1200.0,313.56,0.9432,0.0083,A,6,3,16,11,1,1,2616.0,3905.0,1154.0,1604.0,1250.0,1187.0,3533.6666666666665,799.5250673577193,3639.4285714285716,1308.4172190274805,3769.285714285714,1244.6575326676652,3777.0666666666666,1184.4545356941526,46.0,0.03986135181975736,0.35951171821292055,1131.8400000000001,9.96,440
2025-03-17,4603.0,297.69,0.8898,0.0154,A,0,3,17,12,1,0,1200.0,2616.0,4823.0,5603.0,4776.0,4362.0,2573.6666666666665,1352.996797236926,3646.0,1293.8887123705758,3740.4285714285716,1302.079680551648,3673.3333333333335,1269.2292620091325,-220.0,-0.04561476259589467,0.35487896664031154,4095.7494,70.8862,441
2025-03-18,3915.0,280.69,0.9616,0.0061,A,1,3,18,12,1,0,4603.0,1200.0,4637.0,4533.0,4348.0,4177.0,2806.3333333333335,1709.4655110102035,3614.5714285714284,1262.8336994160945,3669.0,1216.6719423840602,3729.0,1272.2579439178537,-722.0,-0.15570411904248435,0.34937300987719,3764.664,23.881500000000003,442
2025-03-19,4089.0,327.69,0.9475,0.0047,A,2,3,19,12,1,0,3915.0,4603.0,4261.0,4345.0,4988.0,4276.0,3239.3333333333335,1799.3044026326868,3511.4285714285716,1192.960024077758,3624.8571428571427,1193.9114035641112,3819.9333333333334,1178.329236039639,-172.0,-0.04036611124149261,0.33973637789032973,3874.3275,19.2183,443
2025-03-20,4377.0,323.94,0.9339,0.006,A,3,3,20,12,1,0,4089.0,3915.0,4080.0,4191.0,4399.0,4508.0,4202.333333333333,357.728015863108,3486.8571428571427,1176.6071885682416,3606.5714285714284,1183.9522933661724,3810.8333333333335,1175.0482039513136,297.0,0.07279411764705883,0.337440606357657,4087.6803,26.262,444
2025-03-21,3910.0,326.11,0.873,0.0224,A,4,3,21,12,1,0,4377.0,4089.0,3905.0,3994.0,4563.0,4322.0,4127.0,233.33238095048839,3529.285714285714,1206.5350822756423,3619.8571428571427,1192.0309661144759,3817.5,1177.7615164604356,5.0,0.0012804097311139564,0.3418638160667677,3413.43,87.584,445
2025-03-22,2984.0,330.8,0.9375,0.0072,A,5,3,22,12,1,1,3910.0,4377.0,2616.0,3024.0,3266.0,2875.0,4125.333333333333,235.6105543759811,3530.0,1206.7960335809246,3613.8571428571427,1190.2128999690492,3805.3,1174.7400636912798,368.0,0.14067278287461774,0.341868564753803,2797.5,21.4848,446
2025-03-23,1257.0,317.88,0.9297,0.0382,A,6,3,23,12,1,1,2984.0,3910.0,1200.0,1154.0,1604.0,1250.0,3757.0,708.9915373261018,3582.5714285714284,1167.726688505322,3611.0,1191.7847637375255,3754.5,1176.2555947318363,57.0,0.0475,0.3259465196402127,1168.6329,48.017399999999995,447
2025-03-24,4338.0,300.9,0.9348,0.0075,A,0,3,24,13,1,0,1257.0,2984.0,4603.0,4823.0,5603.0,4776.0,2717.0,1346.5025064960128,3590.714285714286,1148.3818636507158,3618.3571428571427,1175.659265600027,3652.3333333333335,1255.6911638020688,-265.0,-0.05757114925048881,0.31981989439248104,4055.1623999999997,32.535,448
2025-03-25,4166.0,286.01,0.9749,0.0013,A,1,3,25,13,1,0,4338.0,1257.0,3915.0,4637.0,4533.0,4348.0,2859.6666666666665,1544.2585059935323,3552.8571428571427,1113.2809511486587,3583.714285714286,1144.1554109453798,3701.1,1252.8669838855049,251.0,0.06411238825031929,0.31334807631848055,4061.4334,5.4158,449
2025-03-26,4298.0,322.14,0.9515,0.0035,A,2,3,26,13,1,0,4166.0,4338.0,4089.0,4261.0,4345.0,4988.0,3253.6666666666665,1731.30134099566,3588.714285714286,1130.793484577043,3550.0714285714284,1117.4142861146768,3798.3,1166.2702162198057,209.0,0.051112741501589634,0.3150971056900323,4089.547,15.043000000000001,450
2025-03-27,4737.0,338.12,0.9398,0.0053,A,3,3,27,13,1,0,4298.0,4166.0,4377.0,4080.0,4191.0,4399.0,4267.333333333333,90.00740710272414,3618.5714285714284,1148.8199535672559,3552.714285714286,1119.2673035085422,3782.366666666667,1155.6694875126839,360.0,0.0822481151473612,0.31747886596805336,4451.8326,25.1061,451
2025-03-28,4290.0,327.38,0.9441,0.004,A,4,3,28,13,1,0,4737.0,4298.0,3910.0,3905.0,3994.0,4563.0,4400.333333333333,298.9386782157062,3670.0,1195.5387906713806,3599.6428571428573,1156.2386370097965,3795.3333333333335,1164.3842040807049,380.0,0.09718670076726342,0.32575988846631626,4050.1890000000003,17.16,452
2025-03-29,2993.0,320.87,0.902,0.0104,A,5,3,29,13,1,1,4290.0,4737.0,2984.0,2616.0,3024.0,3266.0,4441.666666666667,255.79744590857993,3724.285714285714,1216.6928829530314,3627.1428571428573,1168.5725583701726,3772.0666666666666,1146.5680103242305,9.0,0.0030160857908847183,0.32669160646993556,2699.686,31.1272,453
2025-03-30,1318.0,317.25,0.9445,0.0074,A,6,3,30,13,1,1,2993.0,4290.0,1257.0,1200.0,1154.0,1604.0,4006.6666666666665,905.8655161409773,3725.5714285714284,1215.7846378838126,3654.0714285714284,1147.6356607783223,3725.2,1148.7914609230306,61.0,0.04852824184566428,0.32633507669721573,1244.851,9.7532,454
2025-03-31,5112.0,301.57,0.92,0.0091,A,0,3,31,14,1,0,1318.0,2993.0,4338.0,4603.0,4823.0,5603.0,2867.0,1490.0010067110836,3734.285714285714,1195.185998674917,3662.5,1128.4995995364077,3617.0333333333333,1217.8788084017403,774.0,0.17842323651452283,0.3200574594768332,4703.04,46.519200000000005,455
2025-04-01,5249.0,304.6,0.8755,0.0235,A,1,4,1,14,2,0,5112.0,1318.0,4166.0,3915.0,4637.0,4533.0,3141.0,1901.3250642644036,3844.8571428571427,1292.2113383100816,3698.8571428571427,1168.6169246093875,3678.5666666666666,1245.844753801504,1083.0,0.2599615938550168,0.3360882577160798,4595.4995,123.3515,456
2025-04-02,4920.0,291.8,0.9117,0.0164,A,2,4,2,14,2,0,5249.0,5112.0,4298.0,4089.0,4261.0,4345.0,3893.0,2231.0672334109586,3999.5714285714284,1397.6044811441745,3794.1428571428573,1239.812818201123,3800.0666666666666,1213.8754106759436,622.0,0.14471847370870172,0.34943856013177205,4485.563999999999,80.688,457
2025-04-03,4944.0,298.09,0.9039,0.0203,A,3,4,3,14,2,0,4920.0,5249.0,4737.0,4377.0,4080.0,4191.0,5093.666666666667,165.26443456879494,4088.4285714285716,1438.9029220373457,3853.5,1274.4245609444479,3777.3,1184.9551759309425,207.0,0.04369854338188727,0.35194522709603476,4468.881600000001,100.36319999999999,458
2025-04-04,4810.0,328.86,0.9147,0.0073,A,4,4,4,14,2,0,4944.0,4920.0,4290.0,3910.0,3905.0,3994.0,5037.666666666667,183.413012988022,4118.0,1456.4732518427265,3894.0,1301.0713928262187,3791.0,1196.3150317422358,520.0,0.12121212121212122,0.3536846167660822,4399.706999999999,35.113,459
2025-04-05,3365.0,324.81,0.9201,0.0117,A,5,4,5,14,2,1,4810.0,4944.0,2993.0,2984.0,2616.0,3024.0,4891.333333333333,71.45161533056108,4192.285714285715,1479.782496887712,3958.285714285714,1323.955927024493,3806.5,1206.707653936519,372.0,0.12429001002338791,0.3529774919312337,3096.1365,39.3705,460
2025-04-06,1279.0,316.57,0.9525,0.0094,A,6,4,6,14,2,1,3365.0,4810.0,1318.0,1257.0,1200.0,1154.0,4373.0,875.5209877553025,4245.428571428572,1435.5535351845806,3985.5,1306.1852118640356,3778.9666666666667,1207.0553649369201,-39.0,-0.02959028831562974,0.3381410171038449,1218.2475,12.0226,461
2025-04-07,5109.0,321.73,0.916,0.0058,A,0,4,7,15,2,0,1279.0,3365.0,5112.0,4338.0,4603.0,4823.0,3151.3333333333335,1775.170508242341,4239.857142857143,1448.8229048174949,3987.0714285714284,1302.658610705024,3688.4666666666667,1289.351393566537,-3.0,-0.0005868544600938967,0.34171502859673386,4679.844,29.632199999999997,462
2025-04-08,4982.0,324.76,0.9377,0.0201,A,1,4,8,15,2,0,5109.0,1279.0,5249.0,4166.0,3915.0,4637.0,3251.0,1917.5432198519113,4239.428571428572,1448.5223340980788,4042.1428571428573,1334.5430135237466,3757.9666666666667,1308.3534659846464,-267.0,-0.05086683177748143,0.3416786743053832,4671.6214,100.1382,463
2025-04-09,4367.0,306.01,0.9465,0.0124,A,2,4,9,15,2,0,4982.0,5109.0,4920.0,4298.0,4089.0,4261.0,3790.0,2175.5167202299385,4201.285714285715,1420.7565724272513,4100.428571428572,1357.9819707812844,3885.5666666666666,1229.9570691508025,-553.0,-0.11239837398373984,0.3381718523918106,4133.3655,54.1508,464
2025-04-10,4507.0,266.47,0.9613,0.0109,A,3,4,10,15,2,0,4367.0,4982.0,4944.0,4737.0,4377.0,4080.0,4819.333333333333,396.8454779046198,4122.285714285715,1389.1555845531595,4105.357142857143,1358.8790973073687,3870.366666666667,1220.7558846407692,-437.0,-0.08838996763754045,0.33698673038092997,4332.5791,49.1263,465
2025-04-11,4556.0,313.52,0.9616,0.0101,A,4,4,11,15,2,0,4507.0,4367.0,4810.0,4290.0,3910.0,3905.0,4618.666666666667,322.3481554675769,4059.8571428571427,1355.484467951269,4088.9285714285716,1352.0283033158075,3866.0333333333333,1218.16870705604,-254.0,-0.05280665280665281,0.3338749173320273,4381.0496,46.0156,466
2025-04-12,3146.0,317.58,0.9478,0.0167,A,5,4,12,15,2,1,4556.0,4507.0,3365.0,2993.0,2984.0,2616.0,4476.666666666667,98.08329793268153,4023.5714285714284,1335.3061892493458,4107.928571428572,1356.9314627148574,3875.866666666667,1222.6493205001789,-219.0,-0.06508172362555721,0.33187087962880957,2981.7788,52.538199999999996,467
2025-04-13,1227.0,321.37,0.9408,0.0165,A,6,4,13,15,2,1,3146.0,4556.0,1279.0,1318.0,1257.0,1200.0,4069.6666666666665,800.2939043459953,3992.285714285714,1355.7174870753477,4118.857142857143,1347.8469359082844,3844.733333333333,1229.146407859549,-52.0,-0.040656763096168884,0.33958428431716287,1154.3616,20.2455,468
2025-04-14,5030.0,317.79,0.9368,0.0167,A,0,4,14,16,2,0,1227.0,3146.0,5109.0,5112.0,4338.0,4603.0,2976.3333333333335,1670.9728703163833,3984.8571428571427,1373.093760888333,4112.357142857143,1362.5325180109835,3755.4666666666667,1318.6077488784572,-79.0,-0.015462908592679585,0.34457791375271857,4712.104,84.001,469
2025-04-15,4450.0,318.11,0.9176,0.012,A,1,4,15,16,2,0,5030.0,1227.0,4982.0,5249.0,4166.0,3915.0,3134.3333333333335,1901.526842653916,3973.5714285714284,1362.5988474410249,4106.5,1358.0737348283992,3835.9333333333334,1320.3300249228048,-532.0,-0.10678442392613409,0.34291540291523187,4083.3199999999997,53.4,470
2025-04-16,4411.0,299.58,0.9089,0.0128,A,2,4,16,16,2,0,4450.0,5030.0,4367.0,4920.0,4298.0,4089.0,3569.0,2048.8589507333177,3897.5714285714284,1310.831651680569,4049.4285714285716,1322.6960063728602,3944.266666666667,1226.597759808741,44.0,0.010075566750629723,0.3363201100232373,4009.1579,56.460800000000006,471
2025-04-17,4649.0,280.68,0.87,0.0337,A,3,4,17,16,2,0,4411.0,4450.0,4507.0,4944.0,4737.0,4377.0,4630.333333333333,346.6703525445295,3903.8571428571427,1313.5604831362475,4013.0714285714284,1303.7860527818816,3937.866666666667,1223.539262319272,142.0,0.03150654537386288,0.33647760024714507,4044.63,156.6713,472
2025-04-18,4159.0,315.86,0.9434,0.0051,A,4,4,18,16,2,0,4649.0,4411.0,4556.0,4810.0,4290.0,3910.0,4503.333333333333,127.64925903956635,3924.1428571428573,1325.4699076895204,3992.0,1289.8931380902434,3962.3333333333335,1230.3858473394996,-397.0,-0.08713784021071115,0.3377731025456566,3923.6006,21.210900000000002,473
2025-04-19,2949.0,319.05,0.8684,0.0169,A,5,4,19,16,2,1,4159.0,4649.0,3146.0,3365.0,2993.0,2984.0,4406.333333333333,245.03333106610572,3867.4285714285716,1302.2174494738867,3945.5,1269.7125507525116,3964.6666666666665,1230.7006788490635,-197.0,-0.06261919898283534,0.33671402727235544,2560.9116,49.8381,474
2025-04-20,541.0,314.72,0.869,0.0124,A,6,4,20,16,2,1,2949.0,4159.0,1227.0,1279.0,1318.0,1257.0,3919.0,875.0428560933605,3839.285714285714,1322.3797631902971,3915.785714285714,1289.0628783715679,3917.0666666666666,1241.768592283448,-686.0,-0.5590872045639772,0.34443379878444946,470.129,6.7084,475
2025-04-21,4452.0,319.92,0.8594,0.0162,A,0,4,21,17,2,0,541.0,2949.0,5030.0,5109.0,5112.0,4338.0,2549.6666666666665,1841.7603897720733,3741.285714285714,1553.4667375782115,3863.0714285714284,1414.2004245011838,3804.766666666667,1386.3512687013692,-578.0,-0.11491053677932406,0.4152226951409936,3826.0488,72.1224,476
2025-04-22,4382.0,320.51,0.9097,0.0104,A,1,4,22,17,2,0,4452.0,541.0,4450.0,4982.0,5249.0,4166.0,2647.3333333333335,1972.8741301292837,3658.714285714286,1487.51232087734,3816.1428571428573,1380.16676011063,3853.7,1382.2837712054427,-68.0,-0.015280898876404495,0.40656695350206473,3986.3053999999997,45.5728,477
2025-04-23,4543.0,301.43,0.9114,0.0121,A,2,4,23,17,2,0,4382.0,4452.0,4411.0,4367.0,4920.0,4298.0,3125.0,2238.083331781915,3649.0,1481.6941879708688,3773.285714285714,1350.1692445804624,3957.866666666667,1294.8342120833904,132.0,0.029925187032418952,0.40605486104984073,4140.4902,54.9703,478
2025-04-24,4294.0,275.32,0.9623,0.0078,A,3,4,24,17,2,0,4543.0,4382.0,4649.0,4507.0,4944.0,4737.0,4459.0,80.72793816280436,3667.8571428571427,1493.7987848180207,3785.8571428571427,1356.9250224251537,3964.7,1297.4477904584533,-355.0,-0.07636050763605076,0.4072674388987788,4132.1162,33.4932,479
2025-04-25,4408.0,316.32,0.8679,0.0137,A,4,4,25,17,2,0,4294.0,4543.0,4159.0,4556.0,4810.0,4290.0,4406.333333333333,126.27087286208048,3617.1428571428573,1460.5945625636368,3770.6428571428573,1349.3905523003152,3968.9666666666667,1298.342749585911,249.0,0.05987016109641741,0.40379786484776686,3825.7032,60.3896,480
2025-04-26,2956.0,308.9,0.919,0.0082,A,5,4,26,17,2,1,4408.0,4294.0,2949.0,3146.0,3365.0,2993.0,4415.0,124.6475029834863,3652.714285714286,1478.9076728321788,3760.0714285714284,1343.3307321891893,3972.633333333333,1299.4588657122492,7.0,0.002373685995252628,0.4048791000752963,2716.5640000000003,24.2392,481
2025-04-27,1379.0,339.66,0.9368,0.0067,A,6,4,27,17,2,1,2956.0,4408.0,541.0,1227.0,1279.0,1318.0,3886.0,807.4181073025462,3653.714285714286,1478.3547966445303,3746.5,1350.949964910727,3913.266666666667,1304.0092271022559,838.0,1.5489833641404807,0.4046169681150967,1291.8472,9.2393,482
2025-04-28,4688.0,317.24,0.8968,0.01,A,0,4,28,18,2,0,1379.0,2956.0,4452.0,5030.0,5109.0,5112.0,2914.3333333333335,1514.9298113554216,3773.4285714285716,1190.1128597942325,3757.3571428571427,1329.5858584330092,3816.233333333333,1381.0400549344483,236.0,0.053009883198562445,0.31539297412582823,4204.1984,46.88,483
2025-04-29,4254.0,325.26,0.9008,0.0078,A,1,4,29,18,2,0,4688.0,1379.0,4382.0,4450.0,4982.0,5249.0,3007.6666666666665,1655.1049312153511,3807.1428571428573,1215.6093709975794,3732.9285714285716,1307.3609038697082,3872.733333333333,1380.8714623028122,-128.0,-0.02921040620721132,0.3192970205246925,3832.0032,33.1812,484
2025-04-30,4734.0,304.33,0.8914,0.0193,A,2,4,30,18,2,0,4254.0,4688.0,4543.0,4411.0,4367.0,4920.0,3440.3333333333335,1798.3076303384153,3788.8571428571427,1206.4491187739598,3718.9285714285716,1300.1207910915657,3970.6,1294.9336183226046,191.0,0.042042703059652214,0.3184203239355146,4219.8876,91.3662,485
2025-05-01,5190.0,274.97,0.9208,0.0157,A,3,5,1,18,2,0,4734.0,4254.0,4294.0,4649.0,4507.0,4944.0,4558.666666666667,264.8496428794082,3816.1428571428573,1228.309736802488,3742.0,1316.1142690628183,3958.0,1285.2473530883829,896.0,0.20866325104797392,0.3218720532181865,4778.951999999999,81.48299999999999,486
2025-05-02,5421.0,296.33,0.9321,0.018,A,4,5,2,18,2,0,5190.0,4734.0,4408.0,4159.0,4556.0,4810.0,4726.0,468.0512792419377,3944.1428571428573,1328.9668203246458,3780.6428571428573,1352.2399427014977,3956.0333333333333,1283.2473485151916,1013.0,0.22980943738656986,0.3369469282579058,5052.9141,97.57799999999999,487
2025-05-03,3403.0,294.14,0.9689,0.0049,A,5,5,3,18,2,1,5421.0,5190.0,2956.0,2949.0,3146.0,3365.0,5115.0,349.5868990680413,4088.8571428571427,1438.5330987469383,3870.785714285714,1419.7790824128697,3972.733333333333,1299.3833798444923,447.0,0.15121786197564277,0.35181789152500065,3297.1666999999998,16.674699999999998,488
2025-05-04,1500.0,337.88,0.8681,0.0133,A,6,5,4,18,2,1,3403.0,5421.0,1379.0,541.0,1227.0,1279.0,4671.333333333333,1104.4647270661699,4152.714285714285,1388.9297695570851,3903.214285714286,1402.1811678497593,3921.366666666667,1290.0895313312876,121.0,0.0877447425670776,0.3344631183356702,1302.1499999999999,19.95,489
2025-05-05,5808.0,339.59,0.887,0.0081,A,0,5,5,19,2,0,1500.0,3403.0,4688.0,4452.0,5030.0,5109.0,3441.3333333333335,1960.7810518600406,4170.0,1348.830728198808,3971.714285714286,1239.2528411892354,3811.0333333333333,1351.5475544552746,1120.0,0.23890784982935154,0.32346060628268775,5151.696,47.044799999999995,490
2025-05-06,4907.0,336.09,0.9007,0.0103,A,1,5,6,19,2,0,5808.0,1500.0,4254.0,4382.0,4450.0,4982.0,3570.3333333333335,2158.869225620988,4330.0,1480.5171393806947,4068.5714285714284,1329.3911685884134,3892.4666666666667,1396.5935338711054,653.0,0.1535025858015985,0.34192081740893643,4419.7348999999995,50.5421,491
2025-05-07,4535.0,322.36,0.9802,0.0035,A,2,5,7,19,2,0,4907.0,5808.0,4734.0,4543.0,4411.0,4367.0,4071.6666666666665,2272.2350964047178,4423.285714285715,1495.4276661750985,4106.071428571428,1346.2108912559918,4013.4,1317.3125097241978,-199.0,-0.04203633291085763,0.33808073065354416,4445.206999999999,15.8725,492
2025-05-08,4800.0,306.53,0.9378,0.0077,A,3,5,8,19,2,0,4535.0,4907.0,5190.0,4294.0,4649.0,4507.0,5083.333333333333,654.5627038972965,4394.857142857143,1490.4195638109668,4105.5,1346.0128442637779,3994.266666666667,1304.961353195311,-390.0,-0.07514450867052024,0.3391281025444275,4501.44,36.96,493
2025-05-09,4427.0,290.97,0.9578,0.0106,A,4,5,9,19,2,0,4800.0,4535.0,5421.0,4408.0,4159.0,4556.0,4747.333333333333,191.51066114800224,4339.142857142857,1462.7749232846697,4141.642857142857,1358.2020698840622,3988.2,1300.626968175284,-994.0,-0.1833610035048884,0.3371114921641104,4240.1806,46.9262,494
2025-05-10,2858.0,347.5,0.9444,0.0057,A,5,5,10,19,2,1,4427.0,4800.0,3403.0,2956.0,2949.0,3146.0,4587.333333333333,191.9279378656149,4197.142857142857,1386.5075343672445,4143.0,1358.4981526557992,3990.2,1301.275512188212,-545.0,-0.16015280634734058,0.3303455663911066,2699.0952,16.2906,495
2025-05-11,940.0,344.43,0.9614,0.0028,A,6,5,11,19,2,1,2858.0,4427.0,1500.0,1379.0,541.0,1227.0,4028.3333333333335,1030.5543815507046,4119.285714285715,1452.275652701154,4136.0,1365.3203061778313,3935.233333333333,1313.4631161442144,-560.0,-0.37333333333333335,0.35255521307120086,903.716,2.632,496
2025-05-12,4723.0,337.18,0.9508,0.0028,A,0,5,12,20,2,0,940.0,2858.0,5808.0,4688.0,4452.0,5030.0,2741.6666666666665,1746.408409660631,4039.285714285714,1625.6807511814534,4104.642857142857,1436.6867656651366,3814.7,1416.4136145865787,-1085.0,-0.1868112947658402,0.4024673831395287,4490.6284,13.2244,497
2025-05-13,4240.0,316.18,0.9299,0.0148,A,1,5,13,20,2,0,4723.0,940.0,4907.0,4254.0,4382.0,4450.0,2840.3333333333335,1891.5618766863993,3884.285714285714,1473.5426375785303,4107.142857142857,1437.8099723132764,3867.266666666667,1419.9993912901427,-667.0,-0.13592826574281638,0.37936000231885664,3942.776,62.752,498
2025-05-14,4745.0,341.13,0.9288,0.0075,A,2,5,14,20,2,0,4240.0,4723.0,4535.0,4734.0,4543.0,4411.0,3301.0,2058.8984919126133,3789.0,1416.8627315304702,4106.142857142857,1437.7048406370473,3967.7,1330.5542829963777,210.0,0.04630650496141125,0.3739410745659726,4407.156,35.5875,499
2025-05-15,4286.0,301.57,0.9124,0.0105,A,3,5,15,20,2,0,4745.0,4240.0,4800.0,5190.0,4294.0,4649.0,4569.333333333333,285.4230777869007,3819.0,1437.3656458952905,4106.928571428572,1438.0773202859668,3958.2,1323.7078644266007,-514.0,-0.10708333333333334,0.3763722560605631,3910.5464,45.003,500
2025-05-16,3893.0,298.47,0.9649,0.0038,A,4,5,16,20,2,0,4286.0,4745.0,4427.0,5421.0,4408.0,4159.0,4423.666666666667,279.2316839711234,3745.5714285714284,1391.2887140037722,4042.3571428571427,1405.634628483233,3952.733333333333,1321.9442560456016,-534.0,-0.12062344702959114,0.3714489873002939,3756.3557,14.7934,501
2025-05-17,2905.0,337.05,0.9524,0.0019,A,5,5,17,20,2,1,3893.0,4286.0,2858.0,3403.0,2956.0,2949.0,4308.0,426.4258434945255,3669.285714285714,1362.0303122282392,3933.214285714286,1348.5146916612964,3935.4666666666667,1319.132126747013,47.0,0.016445066480055982,0.37119767123214614,2766.722,5.5195,502
2025-05-18,1264.0,332.25,0.9328,0.0077,A,6,5,18,20,2,1,2905.0,3893.0,940.0,1500.0,1379.0,541.0,3694.6666666666665,711.5422217503043,3676.0,1357.472651658214,3897.6428571428573,1369.9740933621715,3877.3333333333335,1325.0182128438175,324.0,0.3446808510638298,0.3692798290691551,1179.0592,9.732800000000001,503
2025-05-19,4707.0,327.25,0.908,0.0101,A,0,5,19,21,2,0,1264.0,2905.0,4723.0,5808.0,4688.0,4452.0,2687.3333333333335,1327.9474136174867,3722.285714285714,1249.8962242636608,3880.785714285714,1402.804398809281,3780.8333333333335,1406.6998818053821,-16.0,-0.0033876773237349143,0.33578728775888955,4273.956,47.5407,504
2025-05-20,4656.0,322.16,0.98,0.0033,A,1,5,20,21,2,0,4707.0,1264.0,4240.0,4907.0,4254.0,4382.0,2958.6666666666665,1722.1272697839056,3720.0,1247.7740180016508,3802.1428571428573,1314.5362362763162,3839.4333333333334,1407.469621974705,416.0,0.09811320754716982,0.33542312311872335,4562.88,15.3648,505
2025-05-21,4287.0,333.35,0.9359,0.0078,A,2,5,21,21,2,0,4656.0,4707.0,4745.0,4535.0,4734.0,4543.0,3542.3333333333335,1973.2593173055996,3779.4285714285716,1285.9894837754068,3784.214285714286,1299.9388848694352,3976.6,1268.5972323519545,-458.0,-0.09652265542676501,0.34026029582808615,4012.2032999999997,33.4386,506
2025-05-22,4307.0,313.8,0.9426,0.0062,A,3,5,22,21,2,0,4287.0,4656.0,4286.0,4800.0,5190.0,4294.0,4550.0,229.18769600485726,3714.0,1239.4856460107358,3766.5,1290.5769580367423,3971.1,1266.821500367399,21.0,0.00489967335510966,0.3337333457217921,4059.7782,26.7034,507
2025-05-23,4282.0,304.07,0.9789,0.0043,A,4,5,23,21,2,0,4307.0,4287.0,3893.0,4427.0,5421.0,4408.0,4416.666666666667,207.50983912419693,3717.0,1241.1251615637525,3731.285714285714,1266.7132775306784,3968.6,1266.0564240844567,389.0,0.09992293860775751,0.33390507440509887,4191.6498,18.4126,508
2025-05-24,2910.0,340.46,0.9173,0.0038,A,5,5,24,21,2,1,4282.0,4307.0,2905.0,2858.0,3403.0,2956.0,4292.0,13.228756556024864,3772.5714285714284,1258.9004272436605,3720.9285714285716,1261.1679241746594,3959.9,1262.8659346761722,5.0,0.0017211703958691911,0.33369823503126417,2669.343,11.058,509
2025-05-25,1230.0,328.42,0.9062,0.0081,A,6,5,25,21,2,1,2910.0,4282.0,1264.0,940.0,1500.0,1379.0,3833.0,799.4391784244912,3773.285714285714,1258.3274235118179,3724.6428571428573,1258.504766479942,3913.766666666667,1275.4566371826759,-34.0,-0.02689873417721519,0.3334832076849553,1114.626,9.963,510
2025-05-26,2721.0,333.3,0.8892,0.0141,A,0,5,26,22,2,0,1230.0,2910.0,4707.0,4723.0,5808.0,4688.0,2807.3333333333335,1528.5880194916397,3768.4285714285716,1269.6423193354908,3745.3571428571427,1210.6211124963766,3807.8333333333335,1362.0291678312176,-1986.0,-0.4219247928616954,0.3369155857063738,2419.5132,38.366099999999996,511
2025-05-27,4971.0,329.41,0.9055,0.0092,A,1,5,27,22,2,0,2721.0,1230.0,4656.0,4240.0,4907.0,4254.0,2287.0,920.2537693484594,3484.714285714286,1246.6410488837134,3602.3571428571427,1204.481414560625,3800.0,1367.760893602744,315.0,0.06765463917525773,0.3577455557818224,4501.2405,45.7332,512
2025-05-28,4602.0,322.09,0.9583,0.0046,A,2,5,28,22,2,0,4971.0,2721.0,4287.0,4745.0,4535.0,4734.0,2974.0,1883.2888785313944,3529.714285714286,1300.4898710723917,3654.5714285714284,1249.261548908956,3919.733333333333,1304.266789223459,315.0,0.0734779566130161,0.36844054951864746,4410.0966,21.1692,513
2025-05-29,4264.0,315.19,0.9167,0.0087,A,3,5,29,22,2,0,4602.0,4971.0,4307.0,4286.0,4800.0,5190.0,4098.0,1206.7050178067634,3574.714285714286,1336.0254132170867,3644.3571428571427,1240.2119302232654,3916.866666666667,1302.6134402472019,-43.0,-0.009983747387973066,0.3737432718906449,3908.8088,37.096799999999995,514
2025-05-30,4437.0,289.94,0.9862,0.0017,A,4,5,30,22,2,0,4264.0,4602.0,4282.0,3893.0,4427.0,5421.0,4612.333333333333,353.6132538994363,3568.5714285714284,1332.1906591704262,3642.785714285714,1239.350026833007,3917.2,1302.703962453907,155.0,0.03619803829985988,0.3733120341950754,4375.7694,7.5428999999999995,515
2025-05-31,3014.0,318.7,0.9125,0.0059,A,5,5,31,22,2,1,4437.0,4264.0,2910.0,2905.0,2858.0,3403.0,4434.333333333333,169.01577835619332,3590.714285714286,1347.2284778123396,3681.6428571428573,1256.2116802968646,3907.3,1297.4003223954169,104.0,0.03573883161512027,0.3751979050999156,2750.275,17.7826,516
2025-06-01,1412.0,297.56,0.9845,0.0029,A,6,6,1,22,2,1,3014.0,4437.0,1230.0,1264.0,940.0,1500.0,3905.0,776.461847098764,3605.5714285714284,1339.018901676747,3689.4285714285716,1251.3563542311645,3834.766666666667,1283.9730012021678,182.0,0.14796747967479676,0.3713749479669254,1390.114,4.094799999999999,517
2025-06-02,5596.0,322.25,0.9327,0.0116,A,0,6,2,23,2,0,1412.0,3014.0,2721.0,4707.0,4723.0,5808.0,2954.3333333333335,1513.3824147694368,3631.5714285714284,1285.918200760687,3700.0,1229.7284878566245,3701.133333333333,1321.270802422179,2875.0,1.0565968393972804,0.35409415071495254,5219.3892,64.9136,518
2025-06-03,4963.0,319.35,0.9067,0.0107,A,1,6,3,23,2,0,5596.0,1412.0,4971.0,4656.0,4240.0,4907.0,3340.6666666666665,2111.041764942931,4042.285714285714,1400.6278014145041,3763.5,1306.2963940969737,3774.233333333333,1364.1754787349103,-8.0,-0.0016093341380004024,0.34649401363802407,4499.9520999999995,53.104099999999995,519
2025-06-04,4611.0,325.28,0.8562,0.0146,A,2,6,4,23,2,0,4963.0,5596.0,4602.0,4287.0,4745.0,4535.0,3990.3333333333335,2255.2215707848654,4041.1428571428573,1399.7466947715216,3785.4285714285716,1324.8757685903192,3889.6666666666665,1310.5612204867373,9.0,0.001955671447196871,0.34637397000143705,3947.9381999999996,67.3206,520
2025-06-05,4617.0,328.65,0.9349,0.0104,A,3,6,5,23,2,0,4611.0,4963.0,4264.0,4307.0,4286.0,4800.0,5056.666666666667,499.1355861219886,4042.4285714285716,1400.3517245252858,3808.5714285714284,1337.0846998247648,3849.766666666667,1267.66292385072,353.0,0.08278611632270169,0.34641347392575184,4316.4333,48.016799999999996,521
2025-06-06,4443.0,314.89,0.9168,0.0081,A,4,6,6,23,2,0,4617.0,4611.0,4437.0,4282.0,3893.0,4427.0,4730.333333333333,201.5175757430251,4092.8571428571427,1415.9300157577702,3830.714285714286,1348.492116777468,3840.1,1260.4078527097583,6.0,0.001352265043948614,0.3459514872706594,4073.3423999999995,35.988299999999995,522
2025-06-07,3154.0,285.54,0.9294,0.0201,A,5,6,7,23,2,1,4443.0,4617.0,3014.0,2910.0,2905.0,2858.0,4557.0,98.77246579900228,4093.714285714286,1416.1748614119756,3842.214285714286,1353.3146304577424,3837.0333333333333,1258.769664321516,140.0,0.046449900464499004,0.34593886201437146,2931.3276,63.3954,523
2025-06-08,1423.0,330.24,0.8776,0.0133,A,6,6,8,23,2,1,3154.0,4443.0,1412.0,1230.0,1264.0,940.0,4071.3333333333335,799.1835417057557,4113.714285714285,1399.2728723978616,3859.6428571428573,1341.9087786916284,3782.1666666666665,1251.1987378547053,11.0,0.007790368271954674,0.34014828819228476,1248.8248,18.9259,524
2025-06-09,4907.0,333.26,0.9045,0.0131,A,0,6,9,24,2,0,1423.0,3154.0,5596.0,2721.0,4707.0,4723.0,3006.6666666666665,1515.3812501589725,4115.285714285715,1395.7347783259404,3873.4285714285716,1313.5066228807664,3682.0333333333333,1316.323340513882,-689.0,-0.12312365975696926,0.3391586575582873,4438.3814999999995,64.2817,525
2025-06-10,4457.0,326.16,0.8886,0.012,A,1,6,10,24,2,0,4907.0,1423.0,4963.0,4971.0,4656.0,4240.0,3161.3333333333335,1742.011576693269,4016.8571428571427,1294.5354930851188,4029.5714285714284,1295.7844499218722,3750.3333333333335,1325.220510820318,-506.0,-0.10195446302639533,0.32227571134489763,3960.4901999999997,53.484,526
2025-06-11,4523.0,327.34,0.8785,0.0135,A,2,6,11,24,2,0,4457.0,4907.0,4611.0,4602.0,4287.0,4745.0,3595.6666666666665,1894.989533832143,3944.5714285714284,1246.1203603107285,3992.8571428571427,1274.159805044562,3867.5666666666666,1219.371903985775,-88.0,-0.019084797224029493,0.31590766775949225,3973.4554999999996,61.0605,527
2025-06-12,4523.0,327.34,0.8785,0.0135,A,3,6,12,24,2,0,4523.0,4457.0,4617.0,4264.0,4307.0,4286.0,4629.0,243.0061727611337,3932.0,1238.6983759845066,3987.214285714286,1271.4265869227581,3860.9,1215.0728756348146,-94.0,-0.020359540827377086,0.3150301057946355,3973.4554999999996,61.0605,528
2025-06-13,4523.0,327.34,0.8785,0.0135,A,4,6,13,24,2,0,4523.0,4523.0,4443.0,4437.0,4282.0,3893.0,4501.0,38.10511776672229,3918.5714285714284,1230.517216071196,4005.714285714286,1277.6329332354815,3870.3333333333335,1219.2090520676456,80.0,0.018005851901868108,0.3140218925445998,3973.4554999999996,61.0605,529
2025-06-14,4523.0,327.34,0.8785,0.0135,A,5,6,14,24,2,1,4523.0,4523.0,3154.0,3014.0,2910.0,2905.0,4523.0,0.0,3930.0,1236.5563742372017,4011.8571428571427,1280.070482262765,3862.9333333333334,1214.381350469376,1369.0,0.43405199746353834,0.3146453878466162,3973.4554999999996,61.0605,530
2025-06-15,4523.0,327.34,0.8785,0.0135,A,6,6,15,24,2,1,4523.0,4523.0,1423.0,1412.0,1230.0,1264.0,4523.0,0.0,4125.571428571428,1201.1220944243248,4119.642857142857,1252.8258892564431,3870.8333333333335,1217.9939721082212,3100.0,2.1784961349262124,0.29114078260917187,3973.4554999999996,61.0605,531
2025-06-16,4523.0,327.34,0.8785,0.0135,A,0,6,16,25,2,0,4523.0,4523.0,4907.0,5596.0,2721.0,4707.0,4523.0,0.0,4568.428571428572,151.30857779479854,4341.857142857143,982.3247040443468,3891.8333333333335,1223.8065286393262,-384.0,-0.07825555329121663,0.03312048671201694,3973.4554999999996,61.0605,532
2025-06-17,4523.0,327.34,0.8785,0.0135,A,1,6,17,25,2,0,4523.0,4523.0,4457.0,4963.0,4971.0,4656.0,4523.0,0.0,4513.571428571428,24.94565521856639,4265.214285714285,916.6076401242001,3945.766666666667,1214.4338452002323,66.0,0.014808166928427194,0.005526810777970082,3973.4554999999996,61.0605,533
2025-06-18,4523.0,327.34,0.8785,0.0135,A,2,6,18,25,2,0,4523.0,4523.0,4523.0,4611.0,4602.0,4287.0,4523.0,0.0,4523.0,0.0,4233.785714285715,898.2000957959763,4054.4,1107.3099930415406,0.0,0.0,0.0,3973.4554999999996,61.0605,534
2025-06-19,3889.0,327.77,0.9698,0.0023,A,3,6,19,25,2,0,4523.0,4523.0,4523.0,4617.0,4264.0,4307.0,4523.0,0.0,4523.0,0.0,4227.5,895.6615732776207,4048.266666666667,1104.0754888400852,-634.0,-0.14017245191244748,0.0,3771.5522,8.9447,535
2025-06-20,4593.0,307.09,0.9045,0.0141,A,4,6,20,25,2,0,3889.0,4523.0,4523.0,4443.0,4437.0,4282.0,4311.666666666667,366.0400706662481,4432.428571428572,239.6294758878425,4175.5,892.4357981648552,4022.7,1098.3830482530482,70.0,0.015476453681185054,0.054062794701869255,4154.3685,64.7613,536
2025-06-21,2897.0,299.17,0.9563,0.0093,A,5,6,21,25,2,1,4593.0,3889.0,4523.0,3154.0,3014.0,2910.0,4335.0,387.8298596034326,4442.428571428572,245.4294583940885,4186.214285714285,896.7841845317981,4032.9,1102.335775555238,-1626.0,-0.3594959097943843,0.055246686457170124,2770.4011,26.942099999999996,537
2025-06-22,1191.0,333.58,0.9675,0.003,A,6,6,22,25,2,1,2897.0,4593.0,4523.0,1423.0,1412.0,1230.0,3793.0,852.0657251644536,4210.142857142857,627.9032379200386,4167.857142857143,921.8198436656766,3985.9,1120.1608366658797,-3332.0,-0.7366791952244086,0.14914060145364155,1152.2925,3.573,538
2025-06-23,5164.0,328.17,0.8652,0.0233,A,0,6,23,26,2,0,1191.0,2897.0,4523.0,4907.0,5596.0,2721.0,2893.6666666666665,1701.0024495377345,3734.1428571428573,1277.8162920351501,4151.285714285715,975.4827939634146,3882.866666666667,1228.8677640857875,641.0,0.141720097280566,0.34219801997957267,4467.8928,120.3212,539
2025-06-24,4389.0,332.32,0.8953,0.0117,A,1,6,24,26,2,0,5164.0,1191.0,4523.0,4457.0,4963.0,4971.0,3084.0,1993.0903140600622,3825.714285714286,1363.841720323595,4169.642857142857,993.0580281397133,3958.0,1236.2184551953276,-134.0,-0.029626354189697102,0.35649335482692923,3929.4717,51.3513,540
2025-06-25,4681.0,328.91,0.8724,0.0117,A,2,6,25,26,2,0,4389.0,5164.0,4523.0,4523.0,4611.0,4602.0,3581.3333333333335,2106.045187865959,3806.5714285714284,1353.3232992825244,4164.785714285715,991.7098039067796,4063.3,1125.4115002200695,158.0,0.03493256688038912,0.3555228963063001,4083.7043999999996,54.767700000000005,541
2025-06-26,4308.0,328.92,0.9346,0.0084,A,3,6,26,26,2,0,4681.0,4389.0,3889.0,4523.0,4617.0,4264.0,4744.666666666667,391.4030318397484,3829.1428571428573,1368.4963072135517,4176.071428571428,996.9848748397986,4128.633333333333,1101.4365379478002,419.0,0.10773977886346105,0.3573897235671863,4026.2568,36.1872,542
2025-06-27,4243.0,302.35,0.8899,0.0134,A,4,6,27,26,2,0,4308.0,4681.0,4593.0,4523.0,4443.0,4437.0,4459.333333333333,196.19463125516788,3889.0,1380.6601078228196,4160.714285714285,992.8772817943237,4106.533333333334,1090.5495208706775,-350.0,-0.07620291748312649,0.35501674153325263,3775.8457000000003,56.8562,543
2025-06-28,2740.0,280.39,0.9545,0.0092,A,5,6,28,26,2,1,4243.0,4308.0,2897.0,4523.0,3154.0,3014.0,4410.666666666667,236.36060021363963,3839.0,1357.0515833968825,4140.714285714285,987.8254617376143,4094.5666666666666,1086.8887797471414,-157.0,-0.05419399378667587,0.3534909047660543,2615.33,25.208,544
2025-06-29,1213.0,321.09,0.9677,0.0039,A,6,6,29,26,2,1,2740.0,4243.0,1191.0,4523.0,1423.0,1412.0,3763.6666666666665,887.1168656571475,3816.5714285714284,1376.375052707027,4013.3571428571427,1047.8611627899488,4043.766666666667,1113.9741433058603,22.0,0.018471872376154493,0.3606312834611914,1173.8201,4.7307,545
2025-06-30,4987.0,328.38,0.6614,0.0712,A,0,6,30,27,2,0,1213.0,2740.0,5164.0,4523.0,4907.0,5596.0,2732.0,1515.0158415013498,3819.714285714286,1369.3879063637241,3776.9285714285716,1273.2108088357752,3936.3,1224.7356970327162,-177.0,-0.03427575522850503,0.35850532367963456,3298.4018,355.07439999999997,546
2025-07-01,4987.0,322.97,0.9005,0.0097,A,1,7,1,27,3,0,4987.0,1213.0,4389.0,4523.0,4457.0,4963.0,2980.0,1898.4122313133255,3794.4285714285716,1341.7846147504217,3810.0714285714284,1299.8854070373116,4002.0666666666666,1226.4741146974902,598.0,0.13624971519708362,0.3536196793514157,4490.7935,48.3739,547
2025-07-02,4836.0,322.58,0.9331,0.0067,A,2,7,2,27,3,0,4987.0,4987.0,4681.0,4523.0,4523.0,4611.0,3729.0,2178.919915921654,3879.8571428571427,1403.5633732956733,3843.214285714286,1325.1311214408086,4121.233333333334,1136.518449061638,155.0,0.033112582781456956,0.36175645690451463,4512.4716,32.4012,548
2025-07-03,4711.0,318.75,0.9188,0.0104,A,3,7,3,27,3,0,4836.0,4987.0,4308.0,3889.0,4523.0,4617.0,4936.666666666667,87.17989064769664,3902.0,1419.441674274309,3865.5714285714284,1340.0390186216807,4095.9,1110.688706815855,403.0,0.09354688950789229,0.36377285347880806,4328.4668,48.9944,549
2025-07-04,1963.0,322.07,0.9234,0.0091,A,4,7,4,27,3,0,4711.0,4836.0,4243.0,4593.0,4523.0,4443.0,4844.666666666667,138.20395556331115,3959.5714285714284,1446.5667235610922,3924.285714285714,1359.0182219059882,4087.5,1104.8423432545826,-2280.0,-0.5373556445910912,0.3653341654914906,1812.6342,17.863300000000002,550
2025-07-05,3073.0,307.18,0.9373,0.0087,A,5,7,5,27,3,1,1963.0,4711.0,2740.0,2897.0,4523.0,3154.0,3836.6666666666665,1623.8461544534816,3633.8571428571427,1618.572872272708,3736.4285714285716,1438.896356682687,3999.233333333333,1165.6778310267082,333.0,0.12153284671532846,0.44541455776659816,2880.3229,26.7351,551
2025-07-06,1340.0,277.6,0.962,0.0049,A,6,7,6,27,3,1,3073.0,1963.0,1213.0,1191.0,4523.0,1423.0,3249.0,1382.4282983214846,3681.4285714285716,1592.6083277800187,3749.0,1431.749333454058,3947.766666666667,1171.5322617110853,127.0,0.10469909315746084,0.43260606497711024,1289.08,6.566,552
2025-07-07,5576.0,337.06,0.9416,0.0066,A,0,7,7,28,3,0,1340.0,3073.0,4987.0,5164.0,4523.0,4907.0,2125.3333333333335,877.8304695858908,3699.5714285714284,1560.195058012812,3759.6428571428573,1411.6850600580833,3844.3333333333335,1259.9450544487624,589.0,0.11810707840385001,0.4217231882492059,5250.3616,36.8016,553
2025-07-08,4861.0,329.71,0.9384,0.0077,A,1,7,8,28,3,0,5576.0,1340.0,4987.0,4389.0,4523.0,4457.0,3329.6666666666665,2129.6319713352746,3783.714285714286,1654.2472320550785,3789.0714285714284,1447.0638954733142,3925.0666666666666,1291.3900271795726,-126.0,-0.02526569079606978,0.4372019415685853,4561.5624,37.429700000000004,554
2025-07-09,4594.0,328.16,0.9682,0.0056,A,2,7,9,28,3,0,4861.0,5576.0,4836.0,4681.0,4523.0,4523.0,3925.6666666666665,2267.611151263232,3765.714285714286,1639.592603289576,3822.785714285714,1467.4709892858496,4039.6666666666665,1211.7897374611218,-242.0,-0.0500413564929694,0.4354001602058813,4447.9108,25.726399999999998,555
2025-07-10,4494.0,326.88,0.9365,0.0082,A,3,7,10,28,3,0,4594.0,4861.0,4711.0,4308.0,3889.0,4523.0,5010.333333333333,507.74632773989055,3731.1428571428573,1615.6403713462328,3816.5714285714284,1463.7366153515682,4029.233333333333,1205.3951901214054,-217.0,-0.04606240713224369,0.4330148786056983,4208.631,36.8508,556
2025-07-11,4493.0,321.84,0.9783,0.0035,A,4,7,11,28,3,0,4494.0,4594.0,1963.0,4243.0,4593.0,4523.0,4649.666666666667,189.72699684902443,3700.1428571428573,1595.664274272774,3829.8571428571427,1469.3734853877095,4030.4666666666667,1205.8668003680539,2530.0,1.2888436067244013,0.43124396432220446,4395.5019,15.7255,557
2025-07-12,2900.0,302.49,0.9411,0.0116,A,5,7,12,28,3,1,4493.0,4494.0,3073.0,2740.0,2897.0,4523.0,4527.0,58.025856305772564,4061.5714285714284,1412.6458458206273,3847.714285714286,1476.2834535294437,4029.4666666666667,1205.4566378543566,-173.0,-0.056296778392450376,0.34780770710648207,2729.19,33.64,558
2025-07-13,1187.0,290.13,0.9317,0.0148,A,6,7,13,28,3,1,2900.0,4493.0,1340.0,1213.0,1191.0,4523.0,3962.3333333333335,920.0077898221077,4036.8571428571427,1434.1727497726574,3859.1428571428573,1467.6425291625271,3975.366666666667,1218.8881446611117,-153.0,-0.11417910447761194,0.35526963155243124,1105.9279,17.567600000000002,559
2025-07-14,4735.0,323.69,0.9574,0.0058,A,0,7,14,29,3,0,1187.0,2900.0,5576.0,4987.0,5164.0,4523.0,2860.0,1653.3629365629442,4015.0,1482.4760818756308,3857.285714285714,1471.2604971756145,3864.1666666666665,1315.5447824808753,-841.0,-0.15082496413199425,0.3692343915007798,4533.289,27.462999999999997,560
2025-07-15,4369.0,327.24,0.9437,0.0048,A,1,7,15,29,3,0,4735.0,1187.0,4861.0,4987.0,4389.0,4523.0,2940.6666666666665,1774.3495521833838,3894.8571428571427,1364.2489299453855,3839.285714285714,1457.8564046926165,3871.233333333333,1319.7684667194985,-492.0,-0.10121374202838922,0.3502693115323393,4123.0253,20.9712,561
2025-07-16,4771.0,335.11,0.8951,0.018,A,2,7,16,29,3,0,4369.0,4735.0,4594.0,4836.0,4681.0,4523.0,3430.3333333333335,1951.3834408781295,3824.5714285714284,1318.069909266679,3795.1428571428573,1429.5119585230566,3866.1,1317.443405838071,177.0,0.03852851545494123,0.3446320545669637,4270.5221,85.878,562
2025-07-17,4678.0,329.45,0.9507,0.0086,A,3,7,17,29,3,0,4771.0,4369.0,4494.0,4711.0,4308.0,3889.0,4625.0,222.4320120846312,3849.8571428571427,1336.854570571208,3790.5,1425.972529134464,3874.366666666667,1322.475903785004,184.0,0.040943480195816645,0.34724783828707767,4447.3746,40.2308,563
2025-07-18,4093.0,324.21,0.9659,0.0045,A,4,7,18,29,3,0,4678.0,4771.0,4493.0,1963.0,4243.0,4593.0,4606.0,210.44951888758925,3876.1428571428573,1353.3381480092582,3788.1428571428573,1424.360253541258,3879.5333333333333,1325.3969277510653,-400.0,-0.08902737591809481,0.3491455805132056,3953.4287,18.418499999999998,564
2025-07-19,2846.0,304.9,0.9185,0.0086,A,5,7,19,29,3,1,4093.0,4678.0,2900.0,3073.0,2740.0,2897.0,4514.0,367.5499965991281,3819.0,1331.21510908893,3940.285714285714,1324.6815250682441,3865.2,1320.5143825353694,-54.0,-0.018620689655172412,0.34857688114399843,2614.051,24.4756,565
2025-07-20,1456.0,278.91,0.9557,0.0085,A,6,7,20,29,3,1,2846.0,4093.0,1187.0,1340.0,1213.0,1191.0,3872.3333333333335,935.7223591073164,3811.285714285714,1337.5695264528206,3924.0714285714284,1337.441614212956,3830.4333333333334,1333.532117796723,269.0,0.22662173546756528,0.35094968646387587,1391.4992,12.376000000000001,566
2025-07-21,4883.0,331.4,0.9101,0.0106,A,0,7,21,30,3,0,1456.0,2846.0,4735.0,5576.0,4987.0,5164.0,2798.3333333333335,1319.1460621680137,3849.714285714286,1250.6472609927057,3932.3571428571427,1320.4527549374739,3725.866666666667,1393.325585965377,148.0,0.03125659978880676,0.3248675533230273,4444.0183,51.7598,567
2025-07-22,4301.0,323.97,0.9187,0.009,A,1,7,22,30,3,0,4883.0,1456.0,4369.0,4861.0,4987.0,4389.0,3061.6666666666665,1723.6491328960697,3870.8571428571427,1269.2209459049263,3882.8571428571427,1265.9626229227104,3792.0666666666666,1399.751133874026,-68.0,-0.01556420233463035,0.3278914460191351,3951.3287,38.708999999999996,568
2025-07-23,4360.0,321.69,0.8972,0.0124,A,2,7,23,30,3,0,4301.0,4883.0,4771.0,4594.0,4836.0,4681.0,3546.6666666666665,1833.8065146937847,3861.1428571428573,1265.026143151646,3842.8571428571427,1241.2858628883916,3895.733333333333,1312.944254754162,-411.0,-0.08614546216726053,0.327629976397126,3911.792,54.064,569
2025-07-24,4183.0,317.05,0.923,0.0122,A,3,7,24,30,3,0,4360.0,4301.0,4678.0,4494.0,4711.0,4308.0,4514.666666666667,320.34720746925825,3802.4285714285716,1224.651903895254,3826.1428571428573,1231.9336806040246,3868.9333333333334,1294.2359197966819,-495.0,-0.10581445061992305,0.3220709819764353,3860.909,51.0326,570
2025-07-25,4219.0,324.68,0.9575,0.0054,A,4,7,25,30,3,0,4183.0,4360.0,4093.0,4493.0,1963.0,4243.0,4281.333333333333,90.12398866758737,3731.714285714286,1179.1126203330007,3803.9285714285716,1221.7261725359435,3862.0666666666666,1291.9259328970695,126.0,0.030784265819692156,0.3159707657273947,4039.6925,22.782600000000002,571
2025-07-26,2891.0,297.95,0.8863,0.0167,A,5,7,26,30,3,1,4219.0,4183.0,2846.0,2900.0,3073.0,2740.0,4254.0,93.54677974159493,3749.714285714286,1186.4858075124857,3784.3571428571427,1211.9943898792958,3846.6666666666665,1284.5600436519644,45.0,0.015811665495432184,0.3164203235517906,2562.2933,48.2797,572
2025-07-27,1483.0,282.33,0.9561,0.0107,A,6,7,27,30,3,1,2891.0,4219.0,1456.0,1187.0,1340.0,1213.0,3764.3333333333335,756.543014859937,3756.1428571428573,1180.881934342772,3783.714285714286,1212.5018273465269,3799.4333333333334,1293.035473906892,27.0,0.018543956043956044,0.31438685355035195,1417.8962999999999,15.868099999999998,573
2025-07-28,4644.0,328.5,0.9569,0.009,A,0,7,28,31,3,0,1483.0,2891.0,4883.0,4735.0,5576.0,4987.0,2864.3333333333335,1368.1949178875705,3760.0,1172.1284059351108,3804.8571428571427,1165.4049053468837,3707.4333333333334,1356.99304202047,-239.0,-0.04894532049969281,0.3117362781742316,4443.8436,41.796,574
2025-07-29,3847.0,329.61,0.9041,0.0121,A,1,7,29,31,3,0,4644.0,1483.0,4301.0,4369.0,4861.0,4987.0,3006.0,1583.6347432410164,3725.8571428571427,1136.9166531414955,3798.3571428571427,1160.0595214930047,3770.9,1354.7090627982082,-454.0,-0.10555684724482678,0.30514230942028564,3478.0727,46.5487,575
2025-07-30,3909.0,328.6,0.9252,0.0103,A,2,7,30,31,3,0,3847.0,4644.0,4360.0,4771.0,4594.0,4836.0,3324.6666666666665,1643.9599549056445,3661.0,1111.2993896035916,3761.0714285714284,1148.640163530211,3858.7,1265.6405806192984,-451.0,-0.10344036697247706,0.3035507756360534,3616.6068,40.2627,576
2025-07-31,4064.0,319.55,0.9343,0.0102,A,3,7,31,31,3,0,3909.0,3847.0,4183.0,4678.0,4494.0,4711.0,4133.333333333333,443.3354636540564,3596.5714285714284,1076.5503327980534,3699.5,1112.8866657343035,3822.766666666667,1247.6774197196053,-119.0,-0.028448481950753047,0.2993268322841744,3796.9952000000003,41.4528,577
2025-08-01,5011.0,328.23,0.8752,0.0172,A,4,8,1,31,3,0,4064.0,3909.0,4219.0,4093.0,4493.0,1963.0,3940.0,111.77208953950377,3579.5714285714284,1066.6404981909006,3655.6428571428573,1083.0578936967706,3792.0,1229.2221538226067,792.0,0.18772220905427828,0.29797994521835436,4385.6272,86.1892,578
2025-08-02,3409.0,316.72,0.8649,0.0141,A,5,8,2,31,3,1,5011.0,4064.0,2891.0,2846.0,2900.0,3073.0,4328.0,596.5509198719095,3692.714285714286,1181.5837837814213,3721.214285714286,1137.9706754753142,3797.8333333333335,1234.7501515616918,518.0,0.1791767554479419,0.31997703920731746,2948.4441,48.0669,579
2025-08-03,1477.0,331.61,0.8895,0.0128,A,6,8,3,31,3,1,3409.0,5011.0,1483.0,1456.0,1187.0,1340.0,4161.333333333333,805.4230772292021,3766.714285714286,1138.4388015004974,3761.4285714285716,1114.3656846479364,3754.4333333333334,1224.3850161677515,-6.0,-0.004045853000674309,0.3022365688361771,1313.7915,18.9056,580
2025-08-04,5076.0,307.45,0.9212,0.0165,A,0,8,4,32,3,0,1477.0,3409.0,4644.0,4883.0,4735.0,5576.0,3299.0,1769.566048498907,3765.8571428571427,1140.4452973248915,3762.9285714285716,1111.032884944706,3738.233333333333,1251.8129937272506,432.0,0.09302325581395349,0.30283817310702327,4676.0112,83.754,581
2025-08-05,4888.0,289.73,0.8836,0.0199,A,1,8,5,32,3,0,5076.0,1477.0,3847.0,4301.0,4369.0,4861.0,3320.6666666666665,1801.1252964003836,3827.5714285714284,1205.7066886467887,3776.714285714286,1127.081283572842,3805.0,1268.4145411796073,1041.0,0.27060046789706266,0.3150056664250932,4319.0368,97.27120000000001,582
2025-08-06,4058.0,328.12,0.9234,0.0053,A,2,8,6,32,3,0,4888.0,5076.0,3909.0,4360.0,4771.0,4594.0,3813.6666666666665,2025.7947411653934,3976.285714285714,1270.9374118192811,3818.6428571428573,1158.564337521145,3923.266666666667,1193.8700019722426,149.0,0.03811716551547711,0.31962929807914664,3747.1572,21.5074,583
2025-08-07,4321.0,337.62,0.8939,0.0129,A,3,8,7,32,3,0,4058.0,4888.0,4064.0,4183.0,4678.0,4494.0,4674.0,541.6899482176283,3997.5714285714284,1270.8704178820153,3797.0714285714284,1150.49276829109,3872.6666666666665,1152.8713279679498,257.0,0.06323818897637795,0.31791062163363853,3862.5419,55.7409,584
2025-08-08,4521.0,326.62,0.8935,0.0119,A,4,8,8,32,3,0,4321.0,4058.0,5011.0,4219.0,4093.0,4493.0,4422.333333333333,424.1772428282236,4034.285714285714,1276.8077007763911,3806.9285714285716,1154.6373699321973,3854.6666666666665,1141.0632770792602,-490.0,-0.09778487327878667,0.31648916095732077,4039.5135,53.7999,585
2025-08-09,2820.0,330.37,0.9033,0.013,A,5,8,9,32,3,1,4521.0,4321.0,3409.0,2891.0,2846.0,2900.0,4300.0,232.21326404842242,3964.285714285714,1226.7876363747284,3828.5,1165.6961439414588,3852.233333333333,1139.5090498599184,-589.0,-0.17277794074508654,0.3094599443107423,2547.306,36.66,586
2025-08-10,1280.0,334.28,0.9098,0.0091,A,6,8,10,32,3,1,2820.0,4521.0,1477.0,1483.0,1456.0,1187.0,3887.3333333333335,929.7313231968479,3880.1428571428573,1289.8019781567748,3823.4285714285716,1170.2341458203748,3796.4333333333334,1147.9543630041405,-197.0,-0.13337846987136087,0.3324109512572226,1164.544,11.648,587
2025-08-11,4869.0,321.88,0.8019,0.0247,A,0,8,11,33,3,0,1280.0,2820.0,5076.0,4644.0,4883.0,4735.0,2873.6666666666665,1621.1663496795684,3852.0,1351.643320801258,3808.9285714285716,1202.28317823187,3689.3333333333335,1227.8281451502096,-207.0,-0.040780141843971635,0.35089390467322373,3904.4510999999998,120.2643,588
2025-08-12,4011.0,303.61,0.8383,0.0328,A,1,8,12,33,3,0,4869.0,1280.0,4888.0,3847.0,4301.0,4369.0,2989.6666666666665,1800.5055771458678,3822.4285714285716,1322.3482719695812,3825.0,1215.7332070685643,3754.9666666666667,1236.7732065208356,-877.0,-0.1794189852700491,0.34594453428213434,3362.4213,131.5608,589
2025-08-13,3999.0,333.68,0.9302,0.0073,A,2,8,13,33,3,0,4011.0,4869.0,4058.0,3909.0,4360.0,4771.0,3386.6666666666665,1874.1863123321996,3697.1428571428573,1243.7758946813765,3836.714285714286,1216.7511867877658,3849.1,1138.115482595746,-59.0,-0.014539181862986693,0.3364154274640508,3719.8698,29.1927,590
2025-08-14,4137.0,326.3,0.9366,0.0075,A,3,8,14,33,3,0,3999.0,4011.0,4321.0,4064.0,4183.0,4678.0,4293.0,498.86671566664205,3688.714285714286,1241.120020288887,3843.1428571428573,1217.4000579509134,3824.5666666666666,1126.2310255842342,-184.0,-0.042582735477898634,0.33646412385353813,3874.7142,31.0275,591
2025-08-15,3831.0,327.6,0.8953,0.018,A,4,8,15,33,3,0,4137.0,3999.0,4521.0,5011.0,4219.0,4093.0,4049.0,76.44605941463315,3662.4285714285716,1227.3692540202674,3848.3571428571427,1218.5745523193998,3816.8333333333335,1123.1560546017265,-690.0,-0.15262110152621103,0.3351244208816114,3429.8943,68.958,592
2025-08-16,3048.0,329.31,0.9217,0.0098,A,5,8,16,33,3,1,3831.0,4137.0,2820.0,3409.0,2891.0,2846.0,3989.0,153.24490203601044,3563.8571428571427,1173.4471197532177,3764.0714285714284,1171.8859529891004,3785.5,1108.6372420601656,228.0,0.08085106382978724,0.3292632315818545,2809.3415999999997,29.8704,593
2025-08-17,1425.0,337.33,0.9767,0.0054,A,6,8,17,33,3,1,3048.0,3831.0,1280.0,1477.0,1483.0,1456.0,3672.0,561.6413446319909,3596.4285714285716,1152.3329751917481,3738.285714285714,1184.2066756058402,3731.1666666666665,1103.3179765920966,145.0,0.11328125,0.3204103605299796,1391.7975000000001,7.695,594
2025-08-18,4298.0,302.24,0.9289,0.0107,A,0,8,18,34,3,0,1425.0,3048.0,4869.0,5076.0,4644.0,4883.0,2768.0,1227.195583434052,3617.1428571428573,1104.0444478630031,3734.5714285714284,1191.901371389791,3642.233333333333,1178.137240507778,-571.0,-0.11727254056274389,0.30522555825596454,3992.4121999999998,45.9886,595
2025-08-19,4205.0,294.89,0.9514,0.0136,A,1,8,19,34,3,0,4298.0,1425.0,4011.0,4888.0,3847.0,4301.0,2923.6666666666665,1440.5298793615405,3535.5714285714284,1013.5192576928495,3679.0,1141.6237424084848,3690.633333333333,1174.1171146229792,194.0,0.04836699077536774,0.2866634936300435,4000.637,57.187999999999995,596
2025-08-20,4260.0,333.37,0.9142,0.0099,A,2,8,20,34,3,0,4205.0,4298.0,3999.0,4058.0,3909.0,4360.0,3309.3333333333335,1632.5429039793623,3563.285714285714,1031.1848709592366,3630.214285714286,1099.8124440503009,3782.266666666667,1098.5423863978376,261.0,0.06526631657914479,0.2893915766633788,3894.492,42.17400000000001,597
2025-08-21,3838.0,325.67,0.9035,0.0099,A,3,8,21,34,3,0,4260.0,4205.0,4137.0,4321.0,4064.0,4183.0,4254.333333333333,46.75824348023899,3600.5714285714284,1054.0308118745545,3644.6428571428573,1107.156830468354,3761.5,1082.7924228745303,-299.0,-0.0722745951172347,0.2927398699857912,3467.633,37.9962,598
2025-08-22,3739.0,335.24,0.9026,0.014,A,4,8,22,34,3,0,3838.0,4260.0,3831.0,4521.0,5011.0,4219.0,4101.0,229.41883096212044,3557.8571428571427,1034.5474741114858,3610.1428571428573,1091.879667724971,3746.0666666666666,1078.1272055116601,-92.0,-0.02401461759331767,0.29077825010160213,3374.8214,52.346000000000004,599
2025-08-23,2800.0,327.01,0.8656,0.0147,A,5,8,23,34,3,1,3739.0,3838.0,3048.0,2820.0,3409.0,2891.0,3945.6666666666665,276.6845375754876,3544.714285714286,1031.0777071080613,3554.285714285714,1061.2720544829008,3725.366666666667,1071.876713295779,-248.0,-0.08136482939632546,0.290877521853723,2423.6800000000003,41.16,600
2025-08-24,1151.0,320.22,0.9004,0.015,A,6,8,24,34,3,1,2800.0,3739.0,1425.0,1280.0,1477.0,1483.0,3459.0,572.8533843838528,3509.285714285714,1054.9735722259663,3552.8571428571427,1062.3494179008474,3679.266666666667,1081.2156291793165,-274.0,-0.19228070175438597,0.3006234482223393,1036.3604,17.265,601
2025-08-25,4468.0,298.78,0.8472,0.0256,A,0,8,25,35,3,0,1151.0,2800.0,4298.0,4869.0,5076.0,4644.0,2563.3333333333335,1310.131418344503,3470.1428571428573,1146.3241875041808,3543.6428571428573,1083.919923748468,3577.0,1169.8637704362548,170.0,0.03955328059562587,0.33033919198589046,3785.2895999999996,114.38080000000001,602
2025-08-26,3898.0,303.13,0.8912,0.0305,A,1,8,26,35,3,0,4468.0,1151.0,4205.0,4011.0,4888.0,3847.0,2806.3333333333335,1658.5090694154724,3494.4285714285716,1168.3747767936438,3515.0,1051.0013540209304,3629.5666666666666,1173.4012361164266,-307.0,-0.07300832342449465,0.33435360114286033,3473.8976,118.889,603
2025-08-27,3905.0,327.68,0.8962,0.0139,A,2,8,27,35,3,0,3898.0,4468.0,4260.0,3999.0,4058.0,3909.0,3172.3333333333335,1773.5744510263366,3450.5714285714284,1142.7373359821565,3506.9285714285716,1047.326667449861,3710.0666666666666,1101.7093907238923,-355.0,-0.08333333333333333,0.3311733605976276,3499.661,54.2795,604
2025-08-28,3916.0,335.57,0.8859,0.0209,A,3,8,28,35,3,0,3905.0,3898.0,3838.0,4137.0,4321.0,4064.0,4090.3333333333335,327.0876538993172,3399.8571428571427,1108.183111910566,3500.214285714286,1044.226115991486,3685.4333333333334,1088.2872872271573,78.0,0.020323084940072955,0.32594990475961017,3469.1844,81.8444,605
2025-08-29,3870.0,327.7,0.9202,0.0089,A,4,8,29,35,3,0,3916.0,3905.0,3739.0,3831.0,4521.0,5011.0,3906.3333333333335,9.073771727448857,3411.0,1113.7013363854078,3484.4285714285716,1035.4931723049133,3687.733333333333,1088.713347958499,131.0,0.0350361059106713,0.3265028837248337,3561.174,34.443,606
2025-08-30,2750.0,318.39,0.8225,0.0222,A,5,8,30,35,3,1,3870.0,3916.0,2800.0,3048.0,2820.0,3409.0,3897.0,24.020824299524627,3429.714285714286,1121.206896501213,3487.214285714286,1036.549169754462,3686.4333333333334,1088.4632850898195,-50.0,-0.017857142857142856,0.3269097082434393,2261.875,61.050000000000004,607
2025-08-31,1334.0,305.91,0.8932,0.0144,A,6,8,31,35,3,1,2750.0,3870.0,1151.0,1425.0,1280.0,1477.0,3512.0,660.3120474442621,3422.5714285714284,1126.0360943212534,3465.9285714285716,1049.2443041971171,3642.633333333333,1099.1315532111637,183.0,0.158992180712424,0.3290029493383744,1191.5288,19.2096,608
2025-09-01,2782.0,309.87,0.9471,0.0084,A,0,9,1,36,3,0,1334.0,2750.0,4468.0,4298.0,4869.0,5076.0,2651.3333333333335,1270.8758134976752,3448.714285714286,1064.9767938450814,3459.4285714285716,1063.0513204404067,3520.0666666666666,1145.3247975810377,-1686.0,-0.3773500447627574,0.30880400799120045,2634.8322000000003,23.3688,609
2025-09-02,5277.0,301.06,0.9246,0.0114,A,1,9,2,36,3,0,2782.0,1334.0,3898.0,4205.0,4011.0,4888.0,2288.6666666666665,826.9203911703848,3207.8571428571427,983.5762008391191,3351.1428571428573,1048.1691625909318,3499.1666666666665,1153.1157217799584,1379.0,0.3537711646998461,0.3066147141337713,4879.1142,60.1578,610
2025-09-03,4679.0,297.08,0.9704,0.0043,A,2,9,3,36,3,0,5277.0,2782.0,3905.0,4260.0,3999.0,4058.0,3131.0,1994.5332787396749,3404.8571428571427,1247.5258752922866,3427.714285714286,1149.5929332106623,3625.8333333333335,1131.8401277179837,774.0,0.19820742637644045,0.36639595229697103,4540.5016000000005,20.1197,611
2025-09-04,4397.0,336.84,0.881,0.0137,A,3,9,4,36,3,0,4679.0,5277.0,3916.0,3838.0,4137.0,4321.0,4246.0,1302.6407793401918,3515.4285714285716,1330.7666784154655,3457.6428571428573,1178.0298812419335,3612.6,1116.5174180583144,481.0,0.122829417773238,0.37855033927618087,3873.757,60.2389,612
2025-09-05,4424.0,324.25,0.9789,0.007,A,4,9,5,36,3,0,4397.0,4679.0,3870.0,3739.0,3831.0,4521.0,4784.333333333333,449.356577044721,3584.1428571428573,1366.8271566626324,3497.5714285714284,1201.159933902713,3596.233333333333,1100.6632070721353,554.0,0.14315245478036176,0.3813539836836234,4330.6536,30.968,613
2025-09-06,2970.0,314.2,0.9576,0.0051,A,5,9,6,36,3,1,4424.0,4397.0,2750.0,2800.0,3048.0,2820.0,4500.0,155.60526983370187,3663.285714285714,1401.731038666793,3546.5,1225.45669665827,3608.4333333333334,1107.9622389723056,220.0,0.08,0.38264311003656165,2844.072,15.147,614
2025-09-07,1345.0,320.54,0.9611,0.0077,A,6,9,7,36,3,1,2970.0,4424.0,1334.0,1151.0,1425.0,1280.0,3930.3333333333335,831.782623846736,3694.714285714286,1380.1412626111455,3558.6428571428573,1218.312174668315,3563.4,1105.4541148324613,11.0,0.008245877061469266,0.37354478746773456,1292.6795,10.3565,615
2025-09-08,4879.0,324.69,0.908,0.0124,A,0,9,8,37,3,0,1345.0,2970.0,2782.0,4468.0,4298.0,4869.0,2913.0,1540.2912062334324,3696.285714285714,1377.0080748111902,3572.5,1189.5856259800912,3457.5333333333333,1161.255317595447,2097.0,0.7537742631200575,0.3725383212366983,4430.1320000000005,60.4996,616
2025-09-09,4128.0,313.12,0.9407,0.007,A,1,9,9,37,3,0,4879.0,1345.0,5277.0,3898.0,4205.0,4011.0,3064.6666666666665,1768.9008828460044,3995.8571428571427,1373.0501846341226,3601.8571428571427,1218.11448603934,3526.1666666666665,1182.9202055268563,-1149.0,-0.21773735076748152,0.3436184366822373,3883.2096,28.896,617
2025-09-10,4069.0,288.58,0.9383,0.0133,A,2,9,10,37,3,0,4128.0,4879.0,4679.0,3905.0,4260.0,3999.0,3450.6666666666665,1861.8201667543963,3831.714285714286,1258.2484802674005,3618.285714285714,1223.9527660928577,3621.1,1108.373687451349,-610.0,-0.13036973712331695,0.3283774275546866,3817.9427,54.1177,618
2025-09-11,3930.0,307.52,0.935,0.0067,A,3,9,11,37,3,0,4069.0,4128.0,4397.0,3916.0,3838.0,4137.0,4358.666666666667,451.58646274368624,3744.5714285714284,1209.9855174261118,3630.0,1227.6870686219363,3594.4333333333334,1086.7271548992512,-467.0,-0.1062087787127587,0.32313057462165357,3674.55,26.331,619
2025-09-12,3572.0,323.49,0.9419,0.0046,A,4,9,12,37,3,0,3930.0,4069.0,4424.0,3870.0,3739.0,3831.0,4042.3333333333335,101.65792312141403,3677.8571428571427,1180.5334145449353,3631.0,1227.9436218579103,3591.733333333333,1085.7566861913467,-852.0,-0.19258589511754068,0.3209840319213264,3364.4667999999997,16.4312,620
2025-09-13,2715.0,328.25,0.9085,0.0148,A,5,9,13,37,3,1,3572.0,3930.0,2970.0,2750.0,2800.0,3048.0,3857.0,256.4156781478635,3556.1428571428573,1133.779142010084,3609.714285714286,1226.063395811748,3577.5,1083.029045683043,-255.0,-0.08585858585858586,0.3188227210087409,2466.5775,40.182,621
2025-09-14,1228.0,328.63,0.92,0.0144,A,6,9,14,37,3,1,2715.0,3572.0,1345.0,1334.0,1151.0,1425.0,3405.6666666666665,624.3447231565016,3519.714285714286,1159.5544710916126,3607.214285714286,1227.9854157597579,3530.1,1088.7998565329756,-117.0,-0.08698884758364313,0.32944562454912285,1129.76,17.6832,622
2025-09-15,4336.0,327.5,0.9571,0.0055,A,0,9,15,38,3,0,1228.0,2715.0,4879.0,2782.0,4468.0,4298.0,2505.0,1186.0265595677226,3503.0,1196.384553561261,3599.6428571428573,1243.3107543442695,3443.3333333333335,1165.04164002345,-543.0,-0.11129329780692765,0.34153141694583533,4149.9856,23.848,623
2025-09-16,3887.0,301.47,0.8963,0.0108,A,1,9,16,38,3,0,4336.0,1228.0,4128.0,5277.0,3898.0,4205.0,2759.6666666666665,1554.4813711760519,3425.4285714285716,1106.5266764584856,3710.6428571428573,1234.0324523312095,3486.266666666667,1173.671014626644,-241.0,-0.058381782945736434,0.3230330609395862,3483.9181,41.979600000000005,624
2025-09-17,4124.0,283.14,0.959,0.0058,A,2,9,17,38,3,0,3887.0,4336.0,4069.0,4679.0,3905.0,4260.0,3150.3333333333335,1679.8584265745055,3391.0,1084.5545936773503,3611.3571428571427,1151.4702713115394,3568.3333333333335,1108.8565820430747,55.0,0.013516834603096583,0.3198332626592009,3954.9159999999997,23.9192,625
2025-09-18,3935.0,334.82,0.9389,0.0062,A,3,9,18,38,3,0,4124.0,3887.0,3930.0,4397.0,3916.0,3838.0,4115.666666666667,224.61596856269867,3398.8571428571427,1090.4681607107038,3571.714285714286,1121.0375982558662,3562.5333333333333,1105.3579146775267,5.0,0.001272264631043257,0.3208337729058056,3694.5715,24.397,626
2025-09-19,3884.0,336.95,0.9491,0.0098,A,4,9,19,38,3,0,3935.0,4124.0,3572.0,4424.0,3870.0,3739.0,3982.0,125.29565036356153,3399.5714285714284,1090.8756203378985,3538.714285714286,1101.5046652068756,3553.5333333333333,1101.0372142332237,312.0,0.08734602463605823,0.3208862185302891,3686.3044,38.0632,627
2025-09-20,2910.0,337.37,0.8886,0.014,A,5,9,20,38,3,1,3884.0,3935.0,2715.0,2970.0,2750.0,2800.0,3981.0,126.43970895263826,3444.1428571428573,1105.3725508580592,3500.1428571428573,1077.3088163169691,3541.0,1094.8406591671405,195.0,0.0718232044198895,0.320942712514265,2585.826,40.74,628
2025-09-21,1179.0,327.73,0.9032,0.01,A,6,9,21,38,3,1,2910.0,3884.0,1228.0,1345.0,1334.0,1151.0,3576.3333333333335,577.6247340041517,3472.0,1086.2257285358833,3495.8571428571427,1079.69674212023,3510.0666666666666,1099.2607526419165,-49.0,-0.039902280130293157,0.31285303241240875,1064.8728,11.790000000000001,629
2025-09-22,4319.0,331.46,0.9678,0.0039,A,0,9,22,39,3,0,1179.0,2910.0,4336.0,4879.0,2782.0,4468.0,2657.6666666666665,1370.040267048155,3465.0,1103.1234442859559,3484.0,1105.7318495353684,3424.733333333333,1177.4586875638422,-17.0,-0.003920664206642066,0.31836174438267123,4179.9282,16.8441,630
2025-09-23,4252.0,314.7,0.8963,0.0153,A,1,9,23,39,3,0,4319.0,1179.0,3887.0,4128.0,5277.0,3898.0,2802.6666666666665,1572.7492913154906,3462.5714285714284,1100.902789705308,3444.0,1060.5933752821063,3475.366666666667,1182.3175512331898,365.0,0.09390275276562902,0.3179437052536164,3811.0676,65.0556,631
2025-09-24,3768.0,284.18,0.9142,0.0198,A,2,9,24,39,3,0,4252.0,4319.0,4124.0,4069.0,4679.0,3905.0,3250.0,1793.8514431245521,3514.714285714286,1132.544879800303,3452.8571428571427,1067.2418698641804,3578.733333333333,1105.1339108540467,-356.0,-0.0863239573229874,0.3222295719465968,3444.7056000000002,74.60640000000001,632
2025-09-25,4005.0,323.21,0.9563,0.0062,A,3,9,25,39,3,0,3768.0,4252.0,3935.0,3930.0,4397.0,3916.0,4113.0,300.65096041760006,3463.8571428571427,1108.3596631315665,3431.3571428571427,1056.8559764438285,3555.4,1093.034390726278,70.0,0.017789072426937738,0.31997845679551973,3829.9815000000003,24.831,633
2025-09-26,3796.0,316.57,0.9449,0.0062,A,4,9,26,39,3,0,4005.0,3768.0,3884.0,3572.0,4424.0,3870.0,4008.3333333333335,242.01721701845938,3473.8571428571427,1113.6222322630117,3436.714285714286,1059.7640832222496,3558.9666666666667,1094.3646395821809,-88.0,-0.02265705458290422,0.320572259153723,3586.8404,23.5352,634
2025-09-27,2763.0,304.9,0.9219,0.0093,A,5,9,27,39,3,1,3796.0,4005.0,2910.0,2715.0,2970.0,2750.0,3856.3333333333335,129.50804350835605,3461.285714285714,1108.7064105352156,3452.714285714286,1063.6475289935333,3555.3333333333335,1093.3566580074482,-147.0,-0.050515463917525774,0.3203163512215324,2547.2097000000003,25.695899999999998,635
2025-09-28,1198.0,274.6,0.9513,0.0202,A,6,9,28,39,3,1,2763.0,3796.0,1179.0,1228.0,1345.0,1334.0,3521.3333333333335,664.9979949844715,3440.285714285714,1122.198692193981,3456.1428571428573,1061.1611098692244,3516.9,1100.483165046947,19.0,0.016115351993214587,0.3261934575765247,1139.6574,24.1996,636
2025-09-29,4414.0,303.17,0.9655,0.0044,A,0,9,29,40,3,0,1198.0,2763.0,4319.0,4336.0,4879.0,2782.0,2585.6666666666665,1308.0467626707314,3443.0,1115.8225665400287,3454.0,1066.0257609818377,3427.8333333333335,1176.4274405965423,95.0,0.021995832368603842,0.3240843934185387,4261.717000000001,19.4216,637
2025-09-30,4537.0,310.11,0.9675,0.0036,A,1,9,30,40,3,0,4414.0,1198.0,4252.0,3887.0,4128.0,5277.0,2791.6666666666665,1608.191634517907,3456.5714285714284,1128.7556359612397,3459.5714285714284,1071.1813546293074,3483.3,1182.5780472895046,285.0,0.06702728127939793,0.3265535399127409,4389.5475,16.333199999999998,638
2025-10-01,4583.0,315.51,0.8606,0.023,A,2,10,1,40,4,0,4537.0,4414.0,3768.0,4124.0,4069.0,4679.0,3383.0,1893.2646407726618,3497.285714285714,1166.7298622339918,3506.0,1104.6949457098583,3590.0666666666666,1125.0295607866033,815.0,0.2162951167728238,0.3336101072520707,3944.1298,105.40899999999999,639
2025-10-02,4616.0,310.61,0.8813,0.0479,A,3,10,2,40,4,0,4583.0,4537.0,4005.0,3935.0,3930.0,4397.0,4511.333333333333,87.37467215018609,3613.714285714286,1236.8071412964453,3538.785714285714,1130.946450379662,3650.1,1128.4698015912813,611.0,0.15255930087390762,0.3422537155706482,4068.0807999999997,221.10639999999998,640
2025-10-03,4373.0,347.41,0.6955,0.0442,A,4,10,3,40,4,0,4616.0,4583.0,3796.0,3884.0,3572.0,4424.0,4578.666666666667,39.677869566693005,3701.0,1289.463195804097,3587.4285714285716,1163.4761386787052,3628.0666666666666,1101.7458538323617,577.0,0.15200210748155954,0.3484094017303694,3041.4215,193.28660000000002,641
2025-10-04,2840.0,341.63,0.7791,0.0413,A,5,10,4,40,4,1,4373.0,4616.0,2763.0,2910.0,2715.0,2970.0,4524.0,131.80667661396723,3783.4285714285716,1314.7426690095174,3622.3571428571427,1180.2830564769529,3617.866666666667,1093.0630398999963,77.0,0.027868259138617443,0.3475003278608451,2212.6440000000002,117.29200000000002,642
2025-10-05,1455.0,343.77,0.8676,0.0148,A,6,10,5,40,4,1,2840.0,4373.0,1198.0,1179.0,1228.0,1345.0,3943.0,962.9221152305245,3794.4285714285716,1305.068690036762,3617.3571428571427,1183.6763205657687,3565.9666666666667,1091.7565246864442,257.0,0.21452420701168615,0.3439434068844296,1262.358,21.534000000000002,643
2025-10-06,4709.0,332.93,0.9147,0.0082,A,0,10,6,41,4,0,1455.0,2840.0,4414.0,4319.0,4336.0,4879.0,2889.3333333333335,1459.6254085666556,3831.1428571428573,1220.7425921095983,3637.0714285714284,1141.4877919280889,3467.0,1144.5849119613972,295.0,0.0668328047122791,0.3186366673416059,4307.3223,38.613800000000005,644
2025-10-07,4193.0,331.84,0.8888,0.013,A,1,10,7,41,4,0,4709.0,1455.0,4537.0,4252.0,3887.0,4128.0,3001.3333333333335,1632.9881608062485,3873.285714285714,1248.9831483098123,3664.9285714285716,1163.9477561818933,3524.9666666666667,1162.44265660078,-344.0,-0.07582102711042539,0.3224608873296458,3726.7384,54.509,645
2025-10-08,4361.0,319.56,0.8827,0.0165,A,2,10,8,41,4,0,4193.0,4709.0,4583.0,3768.0,4124.0,4069.0,3452.3333333333335,1748.876591796393,3824.1428571428573,1225.0543428179535,3660.714285714286,1161.7634095547185,3619.9,1092.459400334552,-222.0,-0.04843988653720271,0.3203474317204854,3849.4547000000002,71.9565,646
2025-10-09,4067.0,298.09,0.8359,0.0223,A,3,10,9,41,4,0,4361.0,4193.0,4616.0,4005.0,3935.0,3930.0,4421.0,263.1805463935751,3792.4285714285716,1204.8416019188041,3703.0714285714284,1176.6901732130889,3602.633333333333,1075.839863847635,-549.0,-0.11893414211438474,0.3176965839240452,3399.6052999999997,90.6941,647
2025-10-10,4163.0,340.38,0.7764,0.0217,A,4,10,10,41,4,0,4067.0,4361.0,4373.0,3796.0,3884.0,3572.0,4207.0,147.49915254001886,3714.0,1159.3045328989197,3707.5,1178.0298252721595,3600.6,1074.869891083865,-210.0,-0.04802195289275097,0.31214446227757664,3232.1531999999997,90.3371,648
2025-10-11,2914.0,340.59,0.9348,0.0074,A,5,10,11,41,4,1,4163.0,4067.0,2840.0,2763.0,2910.0,2715.0,4197.0,149.91997865536098,3684.0,1141.9969351972807,3733.714285714286,1184.217783282173,3603.733333333333,1076.418292407698,74.0,0.026056338028169014,0.309988310314137,2724.0072,21.5636,649
2025-10-12,1221.0,326.36,0.9297,0.0026,A,6,10,12,41,4,1,2914.0,4163.0,1455.0,1198.0,1179.0,1228.0,3714.6666666666665,695.0570719972312,3694.5714285714284,1133.190460182048,3744.5,1175.3509950386938,3569.866666666667,1081.7687857149267,-234.0,-0.16082474226804125,0.3067177024698142,1135.1637,3.1746,650
2025-10-13,3999.0,318.44,0.93,0.0043,A,0,10,13,42,4,0,1221.0,2914.0,4709.0,4414.0,4319.0,4336.0,2766.0,1476.5733981079452,3661.1428571428573,1211.0447870291412,3746.1428571428573,1171.527658634247,3491.5,1163.6656928979257,-710.0,-0.15077511148863879,0.3307832647574523,3719.07,17.1957,651
2025-10-14,4005.0,338.09,0.9066,0.0101,A,1,10,14,42,4,0,3999.0,1221.0,4193.0,4537.0,4252.0,3887.0,2711.3333333333335,1400.045118320613,3559.714285714286,1136.0681778669289,3716.5,1158.5071129558146,3534.3,1157.7187184435193,-188.0,-0.04483663248270928,0.31914588831641794,3630.933,40.4505,652
2025-10-15,4122.0,305.31,0.9501,0.0123,A,2,10,15,42,4,0,4005.0,3999.0,4361.0,4583.0,3768.0,4124.0,3075.0,1605.6139012851254,3532.8571428571427,1120.720367824696,3678.5,1138.068522338812,3626.866666666667,1075.0228139787225,-239.0,-0.05480394404952992,0.31722776282947324,3916.3122,50.7006,653
2025-10-16,4062.0,306.08,0.9574,0.0049,A,3,10,16,42,4,0,4122.0,4005.0,4067.0,4616.0,4005.0,3935.0,4042.0,69.3469537905323,3498.714285714286,1094.622722567864,3645.5714285714284,1116.3467695524073,3619.733333333333,1070.857018477727,-5.0,-0.0012294074256208507,0.31286427904026165,3888.9588000000003,19.9038,654
2025-10-17,4108.0,337.69,0.9189,0.0062,A,4,10,17,42,4,0,4062.0,4122.0,4163.0,4373.0,3796.0,3884.0,4063.0,58.50640990546173,3498.0,1094.1916346478397,3606.0,1088.7801925514134,3625.5666666666666,1072.8379278997588,-55.0,-0.013211626231083353,0.3128049270005259,3774.8412000000003,25.4696,655
2025-10-18,2615.0,341.33,0.9507,0.0124,A,5,10,18,42,4,1,4108.0,4062.0,2914.0,2840.0,2763.0,2910.0,4097.333333333333,31.390019645720752,3490.1428571428573,1088.8047618943385,3587.0714285714284,1076.6561099630949,3625.0333333333333,1072.585547856805,-299.0,-0.10260809883321895,0.3119656720257202,2486.0805,32.426,656
2025-10-19,1252.0,349.09,0.9702,0.0044,A,6,10,19,42,4,1,2615.0,4108.0,1221.0,1455.0,1198.0,1179.0,3595.0,849.0164898281029,3447.4285714285716,1120.5755748933652,3571.0,1090.2589671195556,3581.0333333333333,1086.4170940752317,31.0,0.025389025389025387,0.3250467853577638,1214.6904,5.5088,657
2025-10-20,4864.0,346.78,0.9518,0.005,A,0,10,20,43,4,0,1252.0,2615.0,3999.0,4709.0,4414.0,4319.0,2658.3333333333335,1428.493028801114,3451.8571428571427,1110.324491394499,3556.5,1121.468868527748,3493.3,1164.5696896575098,865.0,0.21630407601900475,0.3216600355817363,4629.5552,24.32,658
2025-10-21,3945.0,348.44,0.9531,0.0048,A,1,10,21,43,4,0,4864.0,1252.0,4005.0,4193.0,4537.0,4252.0,2910.3333333333335,1824.0209245875926,3575.4285714285716,1223.7112754707564,3567.5714285714284,1134.412264925398,3558.4333333333334,1185.2798791652729,-60.0,-0.0149812734082397,0.3422558306015381,3759.9795,18.936,659
2025-10-22,4155.0,321.88,0.8221,0.0236,A,2,10,22,43,4,0,3945.0,4864.0,4122.0,4361.0,4583.0,3768.0,3353.6666666666665,1877.2033276481718,3566.8571428571427,1220.40654818676,3549.8571428571427,1125.7983052819934,3650.633333333333,1098.1876757933433,33.0,0.008005822416302766,0.34215178778065203,3415.8255000000004,98.05799999999999,660
2025-10-23,3949.0,291.5,0.9253,0.0165,A,3,10,23,43,4,0,4155.0,3945.0,4062.0,4067.0,4616.0,4005.0,4321.333333333333,481.54992818331493,3571.5714285714284,1222.9694541215104,3535.1428571428573,1115.6818444439984,3645.1666666666665,1095.1498742758704,-113.0,-0.027818808468734614,0.34241775044400513,3654.0097,65.1585,661
2025-10-24,3812.0,333.68,0.9575,0.0165,A,4,10,24,43,4,0,3949.0,4155.0,4108.0,4163.0,4373.0,3796.0,4016.3333333333335,120.1055091715634,3555.4285714285716,1216.143749335414,3526.714285714286,1111.7937293865625,3635.0666666666666,1090.748744206714,-296.0,-0.07205452775073028,0.34205264566650184,3649.9900000000002,62.898,662
2025-10-25,2619.0,336.86,0.9592,0.0165,A,5,10,25,43,4,1,3812.0,3949.0,2615.0,2914.0,2840.0,2763.0,3972.0,172.65283084857842,3513.1428571428573,1198.7501030339008,3501.6428571428573,1100.2390374643246,3636.5333333333333,1090.9632167171828,4.0,0.0015296367112810707,0.3412187183326816,2512.1448,43.2135,663
2025-10-26,1147.0,320.92,0.9627,0.0165,A,6,10,26,43,4,1,2619.0,3812.0,1252.0,1221.0,1455.0,1198.0,3460.0,731.5415230867181,3513.714285714286,1198.2514641879432,3480.5714285714284,1115.0838336393992,3590.3333333333335,1104.0894932909296,-105.0,-0.08386581469648563,0.341021314413547,1104.2169,18.9255,664
2025-10-27,4172.0,267.75,0.8553,0.0165,A,0,10,27,44,4,0,1147.0,2619.0,4864.0,3999.0,4709.0,4414.0,2526.0,1334.9318334656828,3498.714285714286,1231.4794238754253,3475.285714285714,1126.7330875364555,3502.0333333333333,1189.6836288617371,-692.0,-0.14226973684210525,0.35198056294671415,3568.3116,68.83800000000001,665
2025-10-28,3741.0,320.77,0.949,0.0165,A,1,10,28,44,4,0,4172.0,1147.0,3945.0,4005.0,4193.0,4537.0,2646.0,1512.6807330035138,3399.8571428571427,1126.9537743509204,3487.6428571428573,1133.8448277460973,3549.0,1187.311887096815,-204.0,-0.05171102661596958,0.33147091980572474,3550.209,61.7265,666
2025-10-29,3479.0,301.73,0.9702,0.0165,A,2,10,29,44,4,0,3741.0,4172.0,4155.0,4122.0,4361.0,4583.0,3020.0,1636.3181231044416,3370.714285714286,1113.0589553546629,3468.785714285714,1126.751844808875,3633.766666666667,1101.3420867078678,-676.0,-0.16269554753309265,0.33021456611496675,3375.3257999999996,57.4035,667
2025-10-30,3919.0,281.93,0.9888,0.0165,A,3,10,30,44,4,0,3479.0,3741.0,3949.0,4062.0,4067.0,4616.0,3797.3333333333335,349.9176093502071,3274.1428571428573,1061.8176912840463,3422.8571428571427,1111.0732757904887,3602.6,1091.6884297207814,-30.0,-0.007596859964547987,0.32430402020107,3875.1072,64.6635,668
2025-10-31,3884.0,287.49,0.976,0.0165,A,4,10,31,44,4,0,3919.0,3479.0,3812.0,4108.0,4163.0,4373.0,3713.0,221.3323293150641,3269.8571428571427,1058.6958059441731,3412.6428571428573,1105.388313750334,3582.0,1079.2078832052855,72.0,0.01888772298006296,0.3237743300978292,3790.784,64.086,669
2025-11-01,2914.0,324.91,0.9405,0.0165,A,5,11,1,44,4,1,3884.0,3919.0,2619.0,2615.0,2914.0,2840.0,3760.6666666666665,244.55742338633806,3280.1428571428573,1065.1707888990302,3396.6428571428573,1096.1314917712791,3558.7,1064.2937807410874,295.0,0.11263841160748378,0.32473304831206007,2740.617,48.081,670
2025-11-02,1460.0,314.36,0.9163,0.0165,A,6,11,2,44,4,1,2914.0,3884.0,1147.0,1252.0,1221.0,1455.0,3572.3333333333335,570.4019050926876,3322.285714285714,1040.1964100248306,3418.0,1082.5592184903533,3501.9666666666667,1051.2736276678431,313.0,0.2728857890148213,0.31309661464455685,1337.798,24.09,671
2025-11-03,5157.0,323.17,0.9025,0.0165,A,0,11,3,45,4,0,1460.0,2914.0,4172.0,4864.0,3999.0,4709.0,2752.6666666666665,1220.0267756624767,3367.0,932.2281551923372,3432.8571428571427,1051.5287667262035,3404.866666666667,1101.381381323682,985.0,0.23609779482262705,0.2768720389641631,4654.1925,85.0905,672
2025-11-04,4378.0,317.94,0.925,0.027,A,1,11,4,45,4,0,5157.0,1460.0,3741.0,3945.0,4005.0,4193.0,3177.0,1862.4792616295194,3507.714285714286,1127.812589970167,3453.785714285714,1084.599619751371,3482.1,1140.9332946139502,637.0,0.1702753274525528,0.3215235045121434,4049.65,118.206,673
2025-11-05,4446.0,320.25,0.9591,0.0082,A,2,11,5,45,4,0,4378.0,5157.0,3479.0,4155.0,4122.0,4361.0,3665.0,1948.9045641077535,3598.714285714286,1174.5052453814549,3484.714285714286,1105.6540305017745,3579.5333333333333,1085.3068764602817,967.0,0.2779534348950848,0.3263680170564957,4264.1586,36.4572,674
2025-11-06,4029.0,299.33,0.9405,0.0083,A,3,11,6,45,4,0,4446.0,4378.0,3919.0,3949.0,4062.0,4067.0,4660.333333333333,431.4676503903291,3736.8571428571427,1214.2729551150321,3505.5,1121.84118922695,3570.766666666667,1076.8985378946152,110.0,0.028068384792038787,0.3249449761375191,3789.2745,33.4407,675
2025-11-07,4446.0,279.99,0.9381,0.01,A,4,11,7,45,4,0,4029.0,4446.0,3884.0,3812.0,4108.0,4163.0,4284.333333333333,223.7237880364019,3752.5714285714284,1217.7298355468406,3511.214285714286,1124.4746587814873,3565.3,1074.043444507565,562.0,0.1446961894953656,0.3245054381311057,4170.7926,44.46,676
2025-11-08,3451.0,316.83,0.9535,0.0047,A,5,11,8,45,4,1,4446.0,4029.0,2914.0,2619.0,2615.0,2914.0,4307.0,240.7550622521223,3832.8571428571427,1246.0367074008939,3556.5,1149.9967725707152,3568.133333333333,1076.3245803654538,537.0,0.1842827728208648,0.325093438382641,3290.5285,16.2197,677
2025-11-09,1477.0,314.48,0.9352,0.0085,A,6,11,9,45,4,1,3451.0,4446.0,1460.0,1147.0,1252.0,1221.0,3975.3333333333335,499.6662219255584,3909.5714285714284,1195.5449046554486,3615.9285714285716,1118.8999724513508,3547.6,1072.347846292562,17.0,0.011643835616438357,0.30579947866365115,1381.2904,12.5545,678
2025-11-10,5019.0,314.61,0.8808,0.0177,A,0,11,10,46,4,0,1477.0,3451.0,5157.0,4172.0,4864.0,3999.0,3124.6666666666665,1511.1619149956678,3912.0,1189.742829354305,3639.5,1065.0681271095295,3458.0666666666666,1129.7871002777674,-138.0,-0.02675974403723095,0.3041264901212436,4420.7352,88.83630000000001,679
2025-11-11,4341.0,316.38,0.9234,0.0095,A,1,11,11,46,4,0,5019.0,1477.0,4378.0,3741.0,3945.0,4005.0,3315.6666666666665,1774.8738922338598,3892.285714285714,1166.5927187448747,3700.0,1120.268923758241,3528.233333333333,1159.8000922672015,-37.0,-0.008451347647327547,0.29971918928334884,4008.4794,41.2395,680
2025-11-12,4263.0,316.08,0.9435,0.0102,A,2,11,12,46,4,0,4341.0,5019.0,4446.0,3479.0,4155.0,4122.0,3612.3333333333335,1880.0684384706228,3887.0,1164.106381163961,3742.8571428571427,1133.358444022609,3632.233333333333,1083.1266262564893,-183.0,-0.04116059379217274,0.299487106036522,4022.1405,43.482600000000005,681
2025-11-13,4402.0,286.71,0.9327,0.0074,A,3,11,13,46,4,0,4263.0,4341.0,4029.0,3919.0,3949.0,4062.0,4541.0,415.7932178379289,3860.8571428571427,1151.44639889306,3798.8571428571427,1138.6747261040439,3641.0333333333333,1087.2737333645032,373.0,0.09257880367336808,0.2982359502794132,4105.7454,32.5748,682
2025-11-14,4469.0,277.26,0.9266,0.0129,A,4,11,14,46,4,0,4402.0,4263.0,4446.0,3884.0,3812.0,4108.0,4335.333333333333,69.6730459600814,3914.1428571428573,1169.0210189971478,3833.3571428571427,1149.8570216899395,3654.266666666667,1094.2499535844436,23.0,0.0051731893837157,0.29866590506879936,4140.9754,57.6501,683
2025-11-15,3003.0,313.44,0.9541,0.0059,A,5,11,15,46,4,1,4469.0,4402.0,3451.0,2914.0,2619.0,2615.0,4378.0,105.07616285353059,3917.4285714285716,1170.7960051666869,3875.1428571428573,1162.3999614287927,3665.8333333333335,1101.176614708842,-448.0,-0.12981744421906694,0.29886850106362806,2865.1623,17.7177,684
2025-11-16,1415.0,310.49,0.944,0.0068,A,6,11,16,46,4,1,3003.0,4469.0,1477.0,1460.0,1147.0,1252.0,3958.0,827.7324446945571,3853.4285714285716,1212.0596598549118,3881.5,1156.9698320646396,3630.5333333333333,1105.006248487048,-62.0,-0.04197698036560596,0.31454058052140516,1335.76,9.622,685
2025-11-17,4864.0,302.44,0.9003,0.0127,A,0,11,17,47,4,0,1415.0,3003.0,5019.0,5157.0,4172.0,4864.0,2962.3333333333335,1527.4060800367974,3844.5714285714284,1232.3760055468479,3878.285714285714,1164.2542960771304,3540.766666666667,1172.22154794701,-155.0,-0.03088264594540745,0.3205496447245814,4379.0592,61.7728,686
2025-11-18,4432.0,300.58,0.9284,0.0088,A,1,11,18,47,4,0,4864.0,1415.0,4341.0,4378.0,3741.0,3945.0,3094.0,1726.299800150611,3822.4285714285716,1208.9267770965027,3857.3571428571427,1141.9192755480224,3615.733333333333,1182.8414046294477,91.0,0.020962911771481227,0.3162719078998213,4114.6688,39.0016,687
2025-11-19,4309.0,305.47,0.9381,0.0099,A,2,11,19,47,4,0,4432.0,4864.0,4263.0,4446.0,3479.0,4155.0,3570.3333333333335,1879.0296254538846,3835.4285714285716,1215.9017034205262,3861.214285714286,1143.902643690339,3721.733333333333,1103.540944456511,46.0,0.010790523105794042,0.31701847154140655,4042.2729000000004,42.6591,688
2025-11-20,4444.0,288.79,0.9191,0.0085,A,3,11,20,47,4,0,4309.0,4432.0,4402.0,4029.0,3919.0,3949.0,4535.0,291.4841333589513,3842.0,1218.7187260944663,3851.4285714285716,1139.0910488553607,3703.233333333333,1088.2779400101144,42.0,0.009541117673784643,0.3172094549959569,4084.4804,37.774,689
2025-11-21,4409.0,269.1,0.9609,0.007,A,4,11,21,47,4,0,4444.0,4309.0,4469.0,4446.0,3884.0,3812.0,4395.0,74.71947537303026,3848.0,1222.0340966328718,3881.0714285714284,1149.420487047253,3719.866666666667,1095.8873190670506,-60.0,-0.013425822331617812,0.317576428438896,4236.6080999999995,30.863,690
2025-11-22,3132.0,287.12,0.9779,0.0033,A,5,11,22,47,4,1,4409.0,4444.0,3003.0,3451.0,2914.0,2619.0,4387.333333333333,70.0594985234287,3839.4285714285716,1217.1530795457097,3878.4285714285716,1148.063366938203,3728.3333333333335,1100.337168806673,129.0,0.04295704295704296,0.3170141225189748,3062.7828,10.3356,691
2025-11-23,1457.0,277.77,0.9683,0.0029,A,6,11,23,47,4,1,3132.0,4409.0,1415.0,1477.0,1460.0,1147.0,3995.0,747.5847778011714,3857.8571428571427,1203.2757274168137,3855.6428571428573,1160.299537396919,3701.1,1104.7887097103512,42.0,0.029681978798586573,0.31190261403139036,1410.8131,4.2253,692
2025-11-24,4655.0,284.29,0.9897,0.0068,A,0,11,24,48,4,0,1457.0,3132.0,4864.0,5019.0,5157.0,4172.0,2999.3333333333335,1480.4649044585199,3863.8571428571427,1189.0855630233102,3854.214285714286,1163.4614256652333,3622.6,1177.8853524211484,-209.0,-0.04296875,0.3077457367235986,4607.0535,31.654,693
2025-11-25,4292.0,302.89,0.9445,0.005,A,1,11,25,48,4,0,4655.0,1457.0,4432.0,4341.0,4378.0,3741.0,3081.3333333333335,1599.6019296479274,3834.0,1162.104986651372,3828.214285714286,1139.244701111652,3690.4666666666667,1176.7205080319638,-140.0,-0.0315884476534296,0.30310510867276264,4053.794,21.46,694
2025-11-26,3825.0,313.21,0.9424,0.0085,A,2,11,26,48,4,0,4292.0,4655.0,4309.0,4263.0,4446.0,3479.0,3468.0,1751.0091376118041,3814.0,1151.2520720212922,3824.714285714286,1137.622245574673,3795.3,1078.2869923777462,-484.0,-0.11232304478997447,0.3018489963348957,3604.68,32.5125,695
2025-11-27,498.0,300.28,0.9571,0.0058,A,3,11,27,48,4,0,3825.0,4292.0,4444.0,4402.0,4029.0,3919.0,4257.333333333333,416.0845266689879,3744.8571428571427,1130.9228427220223,3793.4285714285716,1130.6430923141882,3783.733333333333,1075.9654504558798,-3946.0,-0.8879387938793879,0.3019935873599663,476.63579999999996,2.8884,696
2025-11-28,5802.0,270.24,0.9708,0.0028,A,4,11,28,48,4,0,498.0,3825.0,4409.0,4469.0,4446.0,3884.0,2871.6666666666665,2068.8746538476844,3181.1428571428573,1607.4194047780793,3514.5714285714284,1414.7419288600693,3675.633333333333,1232.0014129899407,1393.0,0.3159446586527557,0.5052962023282986,5632.5815999999995,16.2456,697
2025-11-29,3864.0,314.4,0.9491,0.0053,A,5,11,29,48,4,1,5802.0,498.0,3132.0,3003.0,3451.0,2914.0,3375.0,2680.4811135316804,3380.1428571428573,1852.333431879131,3609.785714285714,1524.515215685671,3753.0666666666666,1290.8148972066394,732.0,0.23371647509578544,0.5480044809244713,3667.3224,20.4792,698
2025-11-30,1708.0,313.85,0.8753,0.0118,A,6,11,30,48,4,1,3864.0,5802.0,1457.0,1415.0,1477.0,1460.0,3388.0,2683.8472385737673,3484.714285714286,1856.6471316404068,3671.285714285714,1515.4941021417271,3751.233333333333,1290.6101386108317,251.0,0.17227179135209333,0.5327975206609621,1495.0123999999998,20.1544,699
2025-12-01,7090.0,335.76,0.9034,0.013,A,0,12,1,49,4,0,1708.0,3864.0,4655.0,4864.0,5019.0,5157.0,3791.3333333333335,2047.9671221319363,3520.5714285714284,1812.8669612102258,3692.214285714286,1483.6266469272227,3678.7,1342.9753932580325,2435.0,0.523093447905478,0.5149354296571815,6405.106,92.17,700
2025-12-02,5783.0,343.91,0.8387,0.0213,A,1,12,2,49,4,0,7090.0,1708.0,4292.0,4432.0,4341.0,4378.0,4220.666666666667,2708.669291983309,3868.4285714285716,2248.176287359958,3851.214285714286,1719.4108194186908,3817.9,1471.27444988913,1491.0,0.3473904939422181,0.581160087577817,4850.2021,123.1779,701
2025-12-03,5343.0,336.69,0.9015,0.0116,A,2,12,3,49,4,0,5783.0,7090.0,3825.0,4309.0,4263.0,4446.0,4860.333333333333,2807.1277728905307,4081.4285714285716,2362.709169374769,3947.714285714286,1790.9380622615433,3962.0,1443.8190258167226,1518.0,0.3968627450980392,0.5788926911313749,4816.7145,61.97879999999999,702
2025-12-04,5121.0,330.38,0.943,0.0066,A,3,12,4,49,4,0,5343.0,5783.0,498.0,4444.0,4402.0,4029.0,6072.0,908.6489971380581,4298.285714285715,2404.5438038767147,4021.5714285714284,1827.9222216362596,3968.2,1449.5156242095466,4623.0,5.0,0.5594192577485044,4829.103,33.7986,703
2025-12-05,5183.0,342.2,0.934,0.0093,A,4,12,5,49,4,0,5121.0,5343.0,5802.0,4409.0,4469.0,4446.0,5415.666666666667,336.9292705203,4958.714285714285,1725.9061112244528,4069.9285714285716,1848.7928479160355,3992.9666666666667,1463.0433675740112,-619.0,-0.1066873491899345,0.3480551634516773,4840.9220000000005,48.201899999999995,704
2025-12-06,3698.0,338.32,0.8602,0.0154,A,5,12,6,49,4,1,5183.0,5121.0,3864.0,3132.0,3003.0,3451.0,5215.666666666667,114.54838861085913,4870.285714285715,1691.003027228291,4125.214285714285,1871.1498389440144,4017.5333333333333,1477.0335539655941,-166.0,-0.04296066252587992,0.34720817759585937,3181.0196,56.949200000000005,705
2025-12-07,1787.0,298.43,0.9526,0.0073,A,6,12,7,49,4,1,3698.0,5183.0,1708.0,1457.0,1415.0,1477.0,4667.333333333333,840.0394831990652,4846.571428571428,1708.5400060814961,4165.642857142857,1854.0761168983163,4006.5,1478.1807726227967,79.0,0.04625292740046839,0.35252549792402504,1702.2962,13.0451,706
2025-12-08,5893.0,338.98,0.9175,0.0083,A,0,12,8,50,4,0,1787.0,3698.0,7090.0,4655.0,4864.0,5019.0,3556.0,1702.447356014287,4857.857142857143,1684.4439664739468,4189.214285714285,1818.7526231996467,3917.866666666667,1529.738285782412,-1197.0,-0.1688293370944993,0.3467462951130018,5406.8275,48.9119,707
2025-12-09,5274.0,336.41,0.8712,0.0167,A,1,12,9,50,4,0,5893.0,1787.0,5783.0,4292.0,4432.0,4341.0,3792.6666666666665,2054.6363019603655,4686.857142857143,1466.7697420489965,4277.642857142857,1872.4449096196215,3999.266666666667,1568.5188034517194,-509.0,-0.08801660038042539,0.3129537976817537,4594.708799999999,88.0758,708
2025-12-10,5303.0,330.37,0.9342,0.0083,A,2,12,10,50,4,0,5274.0,5893.0,5343.0,3825.0,4309.0,4263.0,4318.0,2213.6533152235074,4614.142857142857,1415.07814019479,4347.785714285715,1891.3220926753202,4125.833333333333,1510.0791046494387,-40.0,-0.007486430844095077,0.3066827759795514,4954.0626,44.0149,709
2025-12-11,5517.0,331.79,0.879,0.0127,A,3,12,11,50,4,0,5303.0,5274.0,5121.0,498.0,4444.0,4402.0,5490.0,349.30931851298874,4608.428571428572,1411.7211548487971,4453.357142857143,1901.120827590634,4135.3,1516.7469079443083,396.0,0.0773286467486819,0.30633460689858893,4849.443,70.0659,710
2025-12-12,4989.0,329.68,0.8994,0.0134,A,4,12,12,50,4,0,5517.0,5303.0,5183.0,5802.0,4409.0,4469.0,5364.666666666667,132.719001402752,4665.0,1443.2665496481711,4811.857142857143,1536.0428608374411,4174.5,1537.303926381821,-194.0,-0.03743005981092032,0.30938189703069047,4487.1066,66.8526,711
2025-12-13,3926.0,318.0,0.8604,0.0199,A,5,12,13,50,4,1,4989.0,5517.0,3698.0,3864.0,3132.0,3003.0,5269.666666666667,265.5735930647945,4637.285714285715,1433.4913921710777,4753.785714285715,1510.892358766904,4198.7,1544.4428333600563,228.0,0.06165494862087615,0.30912293968754945,3377.9304,78.12740000000001,712
2025-12-14,2057.0,287.31,0.9473,0.0136,A,6,12,14,50,4,1,3926.0,4989.0,1787.0,1708.0,1457.0,1415.0,4810.666666666667,810.3532151681461,4669.857142857143,1411.006074705969,4758.214285714285,1508.1721070208148,4182.833333333333,1544.7272738495656,270.0,0.1510912143256855,0.30215187136167465,1948.5961,27.975199999999997,713
2025-12-15,5530.0,329.09,0.9268,0.0074,A,0,12,15,51,4,0,2057.0,3926.0,5893.0,7090.0,4655.0,4864.0,3657.3333333333335,1484.349127844716,4708.428571428572,1319.8088064997485,4783.142857142857,1455.853746730121,4102.433333333333,1591.384556211077,-363.0,-0.06159850670286781,0.28030770489087165,5125.204,40.922000000000004,714
2025-12-16,5153.0,329.24,0.9021,0.0107,A,1,12,16,51,4,0,5530.0,2057.0,5274.0,5783.0,4292.0,4432.0,3837.6666666666665,1738.1842058117331,4656.571428571428,1271.7650277131736,4671.714285714285,1318.9742184785064,4186.666666666667,1598.0481053855776,-121.0,-0.022942737959802808,0.2731118908452637,4648.5213,55.1371,715
2025-12-17,5411.0,316.7,0.8911,0.0126,A,2,12,17,51,4,0,5153.0,5530.0,5303.0,5343.0,3825.0,4309.0,4246.666666666667,1905.6527315682047,4639.285714285715,1262.7647860001118,4626.714285714285,1288.5393894801027,4311.266666666666,1518.2213262243065,108.0,0.020365830661889496,0.27218948428023965,4821.7421,68.1786,716
2025-12-18,5070.0,322.39,0.8712,0.0136,A,3,12,18,51,4,0,5411.0,5153.0,5517.0,5121.0,498.0,4444.0,5364.666666666667,192.7234633700416,4654.714285714285,1272.8452006280688,4631.571428571428,1291.571714813193,4329.5,1528.3393004308211,-447.0,-0.08102229472539424,0.2734529173003248,4416.9839999999995,68.952,717
2025-12-19,4977.0,326.72,0.8854,0.0145,A,4,12,19,51,4,0,5070.0,5411.0,4989.0,5183.0,5802.0,4409.0,5211.333333333333,177.82669465900227,4590.857142857143,1232.9632906905538,4627.928571428572,1290.1562495882604,4350.766666666666,1534.2422072719496,-12.0,-0.0024052916416115455,0.26856930031223164,4406.6358,72.1665,718
2025-12-20,4104.0,310.08,0.8834,0.0156,A,5,12,20,51,4,1,4977.0,5070.0,3926.0,3698.0,3864.0,3132.0,5152.666666666667,228.5045586708214,4589.142857142857,1232.325637236554,4613.214285714285,1284.5009913204792,4373.033333333334,1538.456738677302,178.0,0.04533876719307183,0.26853067677300085,3625.4736,64.02239999999999,719
2025-12-21,1956.0,301.96,0.935,0.0097,A,6,12,21,51,4,1,4104.0,4977.0,2057.0,1787.0,1708.0,1457.0,4717.0,532.9061831129563,4614.571428571428,1218.115875323152,4642.214285714285,1266.7087685792665,4361.7,1539.1680948284766,-101.0,-0.049100631988332526,0.2639716156046704,1828.8600000000001,18.973200000000002,720
2025-12-22,5346.0,309.27,0.9732,0.0036,A,0,12,22,52,4,0,1956.0,4104.0,5530.0,5893.0,7090.0,4655.0,3679.0,1554.695790178913,4600.142857142857,1253.5423711189337,4654.285714285715,1237.8835181048344,4279.933333333333,1600.5031091187686,-184.0,-0.033273056057866186,0.27250074835665156,5202.727199999999,19.2456,721
2025-12-23,4997.0,311.69,0.917,0.0094,A,1,12,23,52,4,0,5346.0,1956.0,5153.0,5274.0,5783.0,4292.0,3802.0,1715.0591826523168,4573.857142857143,1232.5476905677165,4615.214285714285,1203.9456401331422,4353.733333333334,1596.7861026046212,-156.0,-0.03027362701339026,0.2694766478425216,4582.249,46.9718,722
2025-12-24,3276.0,295.41,0.9406,0.0089,A,2,12,24,52,4,0,4997.0,5346.0,5411.0,5303.0,5343.0,3825.0,4099.666666666667,1864.6528720738781,4551.571428571428,1221.6934772605418,4595.428571428572,1194.5255713710517,4471.733333333334,1503.410580883556,-2135.0,-0.3945666235446313,0.26841135999572496,3081.4056,29.1564,723
2025-12-25,290.0,254.13,0.9161,0.0138,A,3,12,25,52,4,0,3276.0,4997.0,5070.0,5517.0,5121.0,498.0,4539.666666666667,1108.192371988436,4246.571428571428,1237.7735195560945,4450.642857142857,1224.6299665388929,4425.766666666666,1518.618489315846,-4780.0,-0.9428007889546351,0.2914759684078807,265.669,4.002,724
2025-12-26,4024.0,329.72,0.7901,0.0313,A,4,12,26,52,4,0,290.0,3276.0,4977.0,4989.0,5183.0,5802.0,2854.3333333333335,2381.6620947005435,3563.714285714286,1866.5862525196153,4077.285714285714,1610.5095910478565,4292.366666666667,1696.1687758274375,-953.0,-0.1914808117339763,0.523775505798016,3179.3624,125.9512,725
2025-12-27,3194.0,318.87,0.9046,0.0125,A,5,12,27,52,4,1,4024.0,290.0,4104.0,3926.0,3698.0,3864.0,2530.0,1975.6204088842705,3427.5714285714284,1779.0263120728707,4008.3571428571427,1588.9942444172664,4299.0,1694.6664405798504,-910.0,-0.22173489278752437,0.5190340592885465,2889.2924,39.925000000000004,726
2025-12-28,1269.0,298.36,0.9897,0.0008,A,6,12,28,52,4,1,3194.0,4024.0,1956.0,2057.0,1787.0,1708.0,2502.6666666666665,1960.6492122083916,3297.5714285714284,1754.4375981248986,3956.0714285714284,1603.886072315307,4388.866666666667,1551.5962799942336,-687.0,-0.3512269938650307,0.5320393010819343,1255.9293,1.0152,727
2025-12-29,5186.0,334.15,0.8176,0.0166,A,0,12,29,1,4,0,1269.0,3194.0,5346.0,5530.0,5893.0,7090.0,2829.0,1413.3028691685477,3199.4285714285716,1858.1429669738175,3899.785714285714,1687.3143056153037,4237.766666666666,1628.070206978363,-160.0,-0.029928918817807706,0.5807733867126594,4240.0736,86.0876,728
2025-12-30,4753.0,332.86,0.9001,0.0078,A,1,12,30,1,4,0,5186.0,1269.0,4997.0,5153.0,5274.0,5783.0,3216.3333333333335,1958.5955001820505,3176.5714285714284,1828.0778481912616,3875.214285714286,1664.0932009111357,4281.833333333333,1635.4789888557111,-244.0,-0.04882929757854713,0.5754877197939752,4278.1753,37.0734,729
2025-12-31,3991.0,333.31,0.7732,0.0236,A,2,12,31,1,4,0,4753.0,5186.0,3276.0,5411.0,5303.0,5343.0,3736.0,2147.426133770388,3141.714285714286,1789.5005554889365,3846.6428571428573,1643.7766836508763,4383.333333333333,1563.1231630900031,715.0,0.21825396825396826,0.5695936653520624,3085.8412,94.1876,730
2024-01-01,4406.0,301.02,0.9785,0.0057,B,0,1,1,1,1,0,,,,,,,,,,,,,,,,0.0,0.0,4311.271,25.1142,0
2024-01-02,14914.0,356.37,0.565,0.132,B,1,1,2,1,1,0,4406.0,,,,,,,,,,,,,,,0.0,0.0,8426.41,1968.6480000000001,1
2024-01-03,14132.0,347.41,0.6218,0.0797,B,2,1,3,1,1,0,14914.0,4406.0,,,,,,,,,,,,,,0.0,0.0,8787.2776,1126.3203999999998,2
2024-01-04,12487.0,344.92,0.6122,0.0824,B,3,1,4,1,1,0,14132.0,14914.0,,,,,11150.666666666666,5854.124813610771,,,,,,,,0.0,0.0,7644.541399999999,1028.9288,3
2024-01-05,13010.0,340.52,0.7637,0.0262,B,4,1,5,1,1,0,12487.0,14132.0,,,,,13844.333333333334,1238.808432863346,,,,,,,,0.0,0.0,9935.737000000001,340.862,4
2024-01-06,8264.0,321.17,0.9238,0.0174,B,5,1,6,1,1,1,13010.0,12487.0,,,,,13209.666666666666,840.479823275574,,,,,,,,0.0,0.0,7634.2832,143.7936,5
2024-01-07,5082.0,289.35,0.9496,0.0085,B,6,1,7,1,1,1,8264.0,13010.0,,,,,11253.666666666666,2602.2994319127342,,,,,,,,0.0,0.0,4825.8672,43.197,6
2024-01-08,13645.0,343.62,0.8764,0.0144,B,0,1,8,2,1,0,5082.0,8264.0,4406.0,,,,8785.333333333334,3989.6287212387747,10327.857142857143,4362.852905633019,,,,,9239.0,2.096913300045393,0.4224354428305019,11958.478,196.488,7
2024-01-09,11564.0,350.61,0.9403,0.0075,B,1,1,9,2,1,0,13645.0,5082.0,14914.0,,,,8997.0,4328.303247232107,11647.714285714286,3604.3445411653656,,,,,-3350.0,-0.2246211613249296,0.3094465105128849,10873.6292,86.72999999999999,8
2024-01-10,11742.0,339.42,0.9237,0.0116,B,2,1,10,2,1,0,11564.0,13645.0,14132.0,,,,10097.0,4466.017129389453,11169.142857142857,3308.6494943088906,,,,,-2390.0,-0.1691197282762525,0.29623128082679623,10846.0854,136.2072,9
2024-01-11,11327.0,333.61,0.9142,0.0168,B,3,1,11,2,1,0,11742.0,11564.0,12487.0,,,,12317.0,1153.5202642346633,10827.714285714286,3066.393033858386,,,,,-1160.0,-0.09289661247697606,0.28319855446352876,10355.1434,190.2936,10
2024-01-12,10969.0,341.65,0.9059,0.0168,B,4,1,12,2,1,0,11327.0,11742.0,13010.0,,,,11544.333333333334,208.19782259510035,10662.0,2992.223977802018,,,,,-2041.0,-0.1568793235972329,0.28064377957250214,9936.8171,184.27919999999997,11
2024-01-13,7206.0,327.53,0.8978,0.0171,B,5,1,13,2,1,1,10969.0,11327.0,8264.0,,,,11346.0,386.8501001680206,10370.42857142857,2819.7657619704773,,,,,-1058.0,-0.12802516940948694,0.2719044581956021,6469.5468,123.2226,12
2024-01-14,4958.0,280.85,0.9247,0.0117,B,6,1,14,2,1,1,7206.0,10969.0,5082.0,,,,9834.0,2282.9430566704914,10219.285714285714,2975.5428476322154,,,,,-124.0,-0.024399842581660763,0.29116935672643474,4584.6626,58.0086,13
2024-01-15,9352.0,333.13,0.9936,0.0032,B,0,1,15,3,1,0,4958.0,7206.0,13645.0,4406.0,,,7711.0,3037.153107763915,10201.57142857143,3011.3772517539123,10264.714285714286,3602.062324420691,,,-4293.0,-0.31462074019787467,0.2951875868182407,9292.147200000001,29.9264,14
2024-01-16,10621.0,339.55,0.9739,0.0042,B,1,1,16,3,1,0,9352.0,4958.0,11564.0,14914.0,,,7172.0,2197.197305660101,9588.285714285714,2602.6298695925298,10618.0,3203.774840835297,,,-943.0,-0.08154617779315115,0.271438497677936,10343.7919,44.6082,15
2024-01-17,12302.0,338.55,0.8915,0.0114,B,2,1,17,3,1,0,10621.0,9352.0,11742.0,14132.0,,,8310.333333333334,2971.7325474095646,9453.57142857143,2505.929957596769,10311.357142857143,2956.898416796348,,,560.0,0.04769204564810083,0.2650775927945203,10967.233,140.24280000000002,16
2024-01-18,11011.0,335.82,0.8726,0.0187,B,3,1,18,3,1,0,12302.0,10621.0,11327.0,12487.0,,,10758.333333333334,1479.7872594847333,9533.57142857143,2598.395328989466,10180.642857142857,2811.9028215822073,,,-316.0,-0.02789794296812925,0.2725521435967073,9608.1986,205.90570000000002,17
2024-01-19,11780.0,335.46,0.8266,0.0154,B,4,1,19,3,1,0,11011.0,12302.0,10969.0,13010.0,,,11311.333333333334,879.8240354373918,9488.42857142857,2564.569285288976,10075.214285714286,2745.6674172109897,,,811.0,0.07393563679460297,0.27028387956793737,9737.348,181.412,18
2024-01-20,8432.0,321.99,0.8735,0.0238,B,5,1,20,3,1,1,11780.0,11011.0,7206.0,8264.0,,,11697.666666666666,649.4261569519174,9604.285714285714,2659.177235805948,9987.357142857143,2662.968661739487,,,1226.0,0.1701359977796281,0.27687402425467256,7365.352000000001,200.6816,19
2024-01-21,5266.0,297.18,0.973,0.0068,B,6,1,21,3,1,1,8432.0,11780.0,4958.0,5082.0,,,10407.666666666666,1753.6488626099967,9779.42857142857,2511.1450148715585,9999.357142857143,2654.971928205728,,,308.0,0.06212182331585317,0.2567782970682031,5123.818,35.8088,20
2024-01-22,11759.0,334.07,0.9018,0.0076,B,0,1,22,4,1,0,5266.0,8432.0,9352.0,13645.0,4406.0,,8492.666666666666,3257.4237264030194,9823.42857142857,2413.3796397819965,10012.5,2629.0863797729608,,,2407.0,0.2573781009409752,0.24567589841303555,10604.2662,89.3684,21
2024-01-23,11314.0,340.96,0.9695,0.0044,B,1,1,23,4,1,0,11759.0,5266.0,10621.0,11564.0,14914.0,,8485.666666666666,3246.832661738719,10167.285714285714,2504.759982798465,9877.785714285714,2472.2828497182495,,,693.0,0.06524809339986819,0.246354833845095,10968.923,49.781600000000005,22
2024-01-24,10439.0,332.58,0.967,0.0049,B,2,1,24,4,1,0,11314.0,11759.0,12302.0,11742.0,14132.0,,9446.333333333334,3627.1057791761923,10266.285714285714,2539.141109002918,9859.92857142857,2460.039101136582,,,-1863.0,-0.15143879044057876,0.24732811648419828,10094.512999999999,51.1511,23
2024-01-25,11369.0,330.15,0.8507,0.0194,B,3,1,25,4,1,0,10439.0,11314.0,11011.0,11327.0,12487.0,,11170.666666666666,671.5715399965442,10000.142857142857,2383.040734619771,9766.857142857143,2407.4429414803412,,,358.0,0.032512941603850695,0.23830066916670328,9671.6083,220.5586,24
2024-01-26,10808.0,337.58,0.8594,0.0097,B,4,1,26,4,1,0,11369.0,10439.0,11780.0,10969.0,13010.0,,11040.666666666666,521.7837994163193,10051.285714285714,2412.016011160629,9769.857142857143,2409.5618770972537,,,-972.0,-0.08251273344651952,0.23997089324925602,9288.3952,104.83760000000001,25
2024-01-27,8020.0,312.01,0.8889,0.0177,B,5,1,27,4,1,1,10808.0,11369.0,8432.0,7206.0,8264.0,,10872.0,468.2915758371021,9912.42857142857,2322.215957309084,9758.357142857143,2403.7757993220985,,,-412.0,-0.048861480075901326,0.23427315925409067,7128.978,141.954,26
2024-01-28,4402.0,279.06,0.9925,0.0032,B,6,1,28,4,1,1,8020.0,10808.0,5266.0,4958.0,5082.0,,10065.666666666666,1793.667843647014,9853.57142857143,2370.7062841512607,9816.5,2346.4510927716415,,,-864.0,-0.16407140144322066,0.2405936062204976,4368.985000000001,14.086400000000001,27
2024-01-29,11053.0,336.11,0.9811,0.003,B,0,1,29,5,1,0,4402.0,8020.0,11759.0,9352.0,13645.0,4406.0,7743.333333333333,3211.949148621959,9730.142857142857,2654.8278932648595,9776.785714285714,2437.9299598247258,,,-706.0,-0.06003911897270176,0.2728457261360723,10844.0983,33.159,28
2024-01-30,9718.0,329.33,0.9679,0.004,B,1,1,30,5,1,0,11053.0,4402.0,11314.0,10621.0,11564.0,14914.0,7825.0,3329.7851282027186,9629.285714285714,2577.18035291063,9898.285714285714,2457.4398945172256,,,-1596.0,-0.14106416828707796,0.267639825982856,9406.0522,38.872,29
2024-01-31,9721.0,324.94,0.9307,0.008,B,2,1,31,5,1,0,9718.0,11053.0,10439.0,12302.0,11742.0,14132.0,8391.0,3518.4722536919335,9401.285714285714,2471.7359429009716,9833.785714285714,2448.847206923523,10045.066666666668,2928.719856080861,-718.0,-0.06878053453395919,0.2629146712502363,9047.3347,77.768,30
2024-02-01,11095.0,329.45,0.9117,0.0275,B,3,2,1,5,1,0,9721.0,9718.0,11369.0,11011.0,11327.0,12487.0,10164.0,769.8980451981902,9298.714285714286,2436.1373602683448,9649.42857142857,2343.6312624868046,10222.233333333334,2729.8408780623517,-274.0,-0.02410062450523353,0.26198647312037626,10115.3115,305.1125,31
2024-02-02,12270.0,371.27,0.7507,0.0308,B,4,2,2,5,1,0,11095.0,9721.0,10808.0,11780.0,10969.0,13010.0,10178.0,794.1467118864085,9259.57142857143,2399.250775911986,9655.42857142857,2347.4895498837022,10094.933333333332,2588.9139905710877,1462.0,0.13527017024426352,0.2591103480781878,9211.089,377.916,32
2024-02-03,8131.0,377.14,0.742,0.0303,B,5,2,3,5,1,1,12270.0,11095.0,8020.0,8432.0,7206.0,8264.0,11028.666666666666,1275.7940011355001,9468.42857142857,2610.814870057674,9690.42857142857,2384.956432896246,10032.866666666667,2509.906121796169,111.0,0.013840399002493765,0.27573898354537213,6033.202,246.3693,33
2024-02-04,4971.0,352.61,0.9251,0.0126,B,6,2,4,5,1,1,8131.0,12270.0,4402.0,5266.0,4958.0,5082.0,10498.666666666666,2132.9651505201223,9484.285714285714,2600.869579857582,9668.92857142857,2398.491944929169,9887.666666666666,2488.948460049265,569.0,0.12925942753293956,0.27422935771958235,4598.6721,62.6346,34
2024-02-05,13191.0,321.28,0.9071,0.0138,B,0,2,5,6,1,0,4971.0,8131.0,11053.0,11759.0,9352.0,13645.0,8457.333333333334,3660.4262502246,9565.57142857143,2418.0227361174534,9647.857142857143,2441.0663450834145,9619.7,2572.5442276952745,2138.0,0.19343164751651135,0.25278392976033354,11965.5561,182.0358,35
2024-02-06,11538.0,374.23,0.9068,0.0137,B,1,2,6,6,1,0,13191.0,4971.0,9718.0,11314.0,10621.0,11564.0,8764.333333333334,4146.436220820638,9871.0,2749.523776947562,9750.142857142857,2563.2750642381425,9783.933333333332,2639.4135572957834,1820.0,0.18728133360773822,0.27854561614300094,10462.6584,158.0706,36
2024-02-07,10629.0,381.02,0.8877,0.0113,B,2,2,7,6,1,0,11538.0,13191.0,9721.0,10439.0,12302.0,11742.0,9900.0,4347.917087525933,10131.0,2817.8468730575105,9766.142857142857,2574.462269683123,9999.133333333333,2502.466751762781,908.0,0.09340602818640058,0.2781410396858662,9435.3633,120.1077,37
2024-02-08,10324.0,366.36,0.917,0.0106,B,3,2,8,6,1,0,10629.0,11538.0,11095.0,11369.0,11011.0,11327.0,11786.0,1298.87990206947,10260.714285714286,2816.7265110576905,9779.714285714286,2578.7793006224247,9898.6,2409.8149535482653,-771.0,-0.06949076160432627,0.27451563630217657,9467.108,109.4344,38
2024-02-09,10068.0,364.52,0.9826,0.0036,B,4,2,9,6,1,0,10324.0,10629.0,12270.0,10808.0,11780.0,10969.0,10830.333333333334,631.5459867130262,10150.57142857143,2793.645817275508,9705.07142857143,2544.129757947642,9857.266666666666,2390.8243410767464,-2202.0,-0.17946210268948656,0.2752205466395777,9892.8168,36.2448,39
2024-02-10,7640.0,375.11,0.9792,0.0051,B,5,2,10,6,1,1,10068.0,10324.0,8131.0,8020.0,8432.0,7206.0,10340.333333333334,280.8564283283014,9836.0,2634.6693657206124,9652.214285714286,2527.0825738714666,9801.466666666667,2364.7116137262815,-491.0,-0.06038617636207109,0.2678598379138484,7481.088,38.964000000000006,40
2024-02-11,4490.0,343.56,0.7482,0.0432,B,6,2,11,6,1,1,7640.0,10068.0,4971.0,4402.0,5266.0,4958.0,9344.0,1481.2481223616783,9765.857142857143,2693.5059822080334,9625.07142857143,2547.9172630053904,9678.566666666668,2378.463161926978,-481.0,-0.0967612150472742,0.2758084562170863,3359.418,193.96800000000002,41
2024-02-12,10990.0,327.62,0.6939,0.0365,B,0,2,12,7,1,0,4490.0,7640.0,13191.0,11053.0,11759.0,9352.0,7399.333333333333,2796.7769545198507,9697.142857142857,2838.4505414381383,9631.357142857143,2534.1119095907484,9462.6,2545.5321318896677,-2201.0,-0.16685618982639677,0.292709985121788,7625.960999999999,401.135,42
2024-02-13,10243.0,368.58,0.9118,0.0073,B,1,2,13,7,1,0,10990.0,4490.0,11538.0,9718.0,11314.0,10621.0,7706.666666666667,3250.5127800599907,9382.714285714286,2487.07302628918,9626.857142857143,2531.44774197092,9588.733333333334,2523.5149259731343,-1295.0,-0.11223782284624718,0.265069674995421,9339.5674,74.7739,43
2024-02-14,9921.0,361.98,0.9382,0.007,B,2,2,14,7,1,0,10243.0,10990.0,10629.0,9721.0,10439.0,12302.0,8574.333333333334,3556.8014188781085,9197.714285714286,2344.086653282088,9664.357142857143,2536.784718652966,9764.9,2368.8279707847955,-708.0,-0.06661021732994638,0.2548553456289546,9307.8822,69.447,44
2024-02-15,10054.0,362.09,0.8878,0.011,B,3,2,15,7,1,0,9921.0,10243.0,10324.0,11095.0,11369.0,11011.0,10384.666666666666,548.3997933381489,9096.57142857143,2286.606208419135,9678.642857142857,2537.6912162024773,9783.866666666667,2367.685625877833,-270.0,-0.026152654010073616,0.25137011525431785,8925.941200000001,110.594,45
2024-02-16,10052.0,361.3,0.917,0.0085,B,4,2,16,7,1,0,10054.0,9921.0,10068.0,12270.0,10808.0,11780.0,10072.666666666666,161.80955884410594,9058.0,2264.6221907123154,9604.285714285714,2508.076444319321,9764.966666666667,2363.0312573024726,-16.0,-0.0015891934843067143,0.2500134898114722,9217.684000000001,85.44200000000001,46
2024-02-17,7426.0,361.98,0.8577,0.0154,B,5,2,17,7,1,1,10052.0,10054.0,7640.0,8131.0,8020.0,8432.0,10009.0,76.21679604910437,9055.714285714286,2263.4406489741564,9445.857142857143,2394.205146956769,9689.966666666667,2314.9490570597027,-214.0,-0.02801047120418848,0.24994611993719978,6369.2802,114.3604,47
2024-02-18,4754.0,356.61,0.5757,0.0535,B,6,2,18,7,1,1,7426.0,10052.0,4490.0,4971.0,4402.0,5266.0,9177.333333333334,1516.699486824376,9025.142857142857,2287.0709381631464,9395.5,2431.1173357121206,9570.466666666667,2336.831729785722,264.0,0.058797327394209356,0.25341105114508716,2736.8777999999998,254.339,48
2024-02-19,9508.0,320.44,0.877,0.0184,B,0,2,19,8,1,0,4754.0,7426.0,10990.0,13191.0,11053.0,11759.0,7410.666666666667,2649.0332827907855,9062.857142857143,2200.3539433896663,9380.0,2461.9921264636955,9336.266666666666,2456.753660244843,-1482.0,-0.1348498635122839,0.242788108507687,8338.516,174.9472,49
2024-02-20,10377.0,344.73,0.9795,0.0057,B,1,2,20,8,1,0,9508.0,4754.0,10243.0,11538.0,9718.0,11314.0,7229.333333333333,2383.094067243953,8851.142857142857,2050.197423710812,9116.92857142857,2207.0174606079972,9372.133333333333,2450.944360337717,134.0,0.013082104852094113,0.23163081387352213,10164.2715,59.148900000000005,50
2024-02-21,10271.0,363.2,0.9455,0.0067,B,2,2,21,8,1,0,10377.0,9508.0,9921.0,10629.0,9721.0,10439.0,8213.0,3026.9293021146023,8870.285714285714,2065.924548016024,9034.0,2129.498893745085,9542.5,2330.349992212949,350.0,0.03527870174377583,0.23290394633949893,9711.2305,68.8157,51
2024-02-22,9753.0,361.07,0.9475,0.006,B,3,2,22,8,1,0,10271.0,10377.0,10054.0,10324.0,11095.0,11369.0,10052.0,474.0896539685216,8920.285714285714,2099.554136341463,9008.42857142857,2110.9411212969485,9492.9,2297.1454302212132,-301.0,-0.029938333001790333,0.23536848522453224,9240.9675,58.518,52
2024-02-23,10516.0,354.83,0.9008,0.0087,B,4,2,23,8,1,0,9753.0,10271.0,10052.0,10068.0,12270.0,10808.0,10133.666666666666,333.9001846859712,8877.285714285714,2075.4086918231824,8967.642857142857,2088.9694038759094,9440.866666666667,2272.0145964400795,464.0,0.046159968165539196,0.233788655521512,9472.8128,91.4892,53
2024-02-24,6872.0,357.99,0.8741,0.0134,B,5,2,24,8,1,1,10516.0,9753.0,7426.0,7640.0,8131.0,8020.0,10180.0,389.5548741833328,8943.57142857143,2125.974353650798,8999.642857142857,2110.4428848774064,9443.433333333332,2273.2242282612638,-554.0,-0.07460274710476704,0.2377097751865759,6006.8152,92.0848,54
2024-02-25,5040.0,359.63,0.5185,0.0795,B,6,2,25,8,1,1,6872.0,10516.0,4754.0,4490.0,4971.0,4402.0,9047.0,1921.850930743587,8864.42857142857,2200.876405521429,8944.785714285714,2157.9496029821894,9293.533333333333,2290.078040129867,286.0,0.06015986537652503,0.2482818139699603,2613.24,400.68,55
2024-02-26,10173.0,318.28,0.8899,0.0151,B,0,2,26,9,1,0,5040.0,6872.0,9508.0,10990.0,13191.0,11053.0,7476.0,2787.517892319257,8905.285714285714,2112.7425868039895,8984.07142857143,2073.984142966075,9101.266666666666,2398.125761467919,665.0,0.0699411022297013,0.23724590704762705,9052.9527,153.6123,56
2024-02-27,9409.0,358.01,0.9008,0.0055,B,1,2,27,9,1,0,10173.0,5040.0,10377.0,10243.0,11538.0,9718.0,7361.666666666667,2601.2982015396324,9000.285714285714,2158.809372029379,8925.714285714286,2024.0944196801247,9173.033333333333,2396.866984978131,-968.0,-0.09328322251132312,0.23986009339712477,8475.6272,51.7495,57
2024-02-28,9603.0,350.34,0.965,0.0042,B,2,2,28,9,1,0,9409.0,10173.0,10271.0,9921.0,10629.0,9721.0,8207.333333333334,2769.462823966649,8862.0,2085.6890148501625,8866.142857142857,1994.3978793357412,9339.933333333332,2221.0701200459466,-668.0,-0.06503748417875573,0.235351953830982,9266.895,40.3326,58
2024-02-29,9608.0,352.76,0.9661,0.0041,B,3,2,29,9,1,0,9603.0,9409.0,9753.0,10054.0,10324.0,11095.0,9728.333333333334,397.12130808271195,8766.57142857143,2024.8722475868922,8843.42857142857,1983.239568688863,9291.6,2198.1649494129374,-145.0,-0.01486722034245873,0.23097652988802014,9282.2888,39.3928,59
2024-03-01,11913.0,345.6,0.9888,0.0032,B,4,3,1,9,1,0,9608.0,9603.0,10516.0,10052.0,10068.0,12270.0,9540.0,113.47686988981971,8745.857142857143,2013.8107680523963,8811.57142857143,1965.803563012248,9287.933333333332,2197.5208120835227,1397.0,0.13284518828451883,0.23025882256687694,11779.5744,38.1216,60
2024-03-02,8661.0,350.99,0.8449,0.016,B,5,3,2,9,1,1,11913.0,9608.0,6872.0,7426.0,7640.0,8131.0,10374.666666666666,1332.2380918339354,8945.42857142857,2271.240105987827,8944.5,2113.5060826830995,9361.0,2248.2721334853777,1789.0,0.2603317811408615,0.2538995295588296,7317.6789,138.576,61
2024-03-03,5173.0,336.5,0.7636,0.0368,B,6,3,3,9,1,1,8661.0,11913.0,5040.0,4754.0,4490.0,4971.0,10060.666666666666,1672.5897086055877,9201.0,2092.676356566709,9032.714285714286,2070.5887096175334,9279.866666666667,2227.3601621547464,133.0,0.02638888888888889,0.22744009961598835,3950.1027999999997,190.3664,62
2024-03-04,11599.0,330.41,0.8014,0.0274,B,0,3,4,10,1,0,5173.0,8661.0,10173.0,9508.0,10990.0,13191.0,8582.333333333334,3370.688554781252,9220.0,2048.7435987290637,9062.642857142857,2006.0072707569302,9043.3,2275.199182640862,1426.0,0.1401749729676595,0.22220646407039737,9295.4386,317.81260000000003,63
2024-03-05,10843.0,327.83,0.7801,0.0347,B,1,3,5,10,1,0,11599.0,5173.0,9409.0,10377.0,10243.0,11538.0,8477.666666666666,3216.920473579247,9423.714285714286,2222.799939587132,9212.0,2116.5157507273407,9158.9,2315.002187382595,1434.0,0.15240726963545542,0.23587301908725591,8458.6243,376.25210000000004,64
2024-03-06,9956.0,276.37,0.9519,0.0097,B,2,3,6,10,1,0,10843.0,11599.0,9603.0,10271.0,9921.0,10629.0,9205.0,3512.21468592112,9628.57142857143,2286.388262241187,9245.285714285714,2139.783074144573,9354.633333333333,2193.7698537595875,353.0,0.03675934603769655,0.23745872159774936,9477.116399999999,96.5732,65
2024-03-07,9420.0,344.32,0.7251,0.0405,B,3,3,7,10,1,0,9956.0,10843.0,9608.0,9753.0,10054.0,10324.0,10799.333333333334,822.36994919155,9679.0,2289.6208565320712,9222.785714285714,2129.800791644117,9246.8,2074.9844270292215,-188.0,-0.019567027477102414,0.2365555177737443,6830.442,381.51,66
2024-03-08,9653.0,337.15,0.8874,0.0098,B,4,3,8,10,1,0,9420.0,9956.0,11913.0,10516.0,10052.0,10068.0,10073.0,718.6786486323244,9652.142857142857,2291.69416433719,9199.0,2125.278515684654,9176.2,2029.8812671239377,-2260.0,-0.18970872156467725,0.23742853770976588,8566.0722,94.5994,67
2024-03-09,6847.0,338.49,0.9425,0.0075,B,5,3,9,10,1,1,9653.0,9420.0,8661.0,6872.0,7426.0,7640.0,9676.333333333334,268.7607362196344,9329.285714285714,2068.4149095612374,9137.357142857143,2096.461179707837,9143.666666666666,2013.549607779381,-1814.0,-0.20944463687795867,0.22171203379417598,6453.2975,51.3525,68
2024-03-10,4416.0,325.79,0.9248,0.0087,B,6,3,10,10,1,1,6847.0,9653.0,5173.0,5040.0,4754.0,4490.0,8640.0,1557.147712967525,9070.142857142857,2269.915301545512,9135.57142857143,2098.5487921339904,9027.766666666666,2043.117845324897,-757.0,-0.14633674850183645,0.2502623538898204,4083.9168,38.4192,69
2024-03-11,11636.0,336.82,0.9641,0.0047,B,0,3,11,11,1,0,4416.0,6847.0,11599.0,10173.0,9508.0,10990.0,6972.0,2620.7367284792276,8962.0,2493.5433957857326,9091.0,2196.5642402484978,8839.366666666667,2198.5657940063347,37.0,0.0031899301663936546,0.2782351479341367,11218.2676,54.6892,70
2024-03-12,10095.0,314.37,0.9171,0.0145,B,1,3,12,11,1,0,11636.0,4416.0,10843.0,9409.0,10377.0,10243.0,7633.0,3673.6149771036157,8967.285714285714,2500.095445797063,9195.5,2285.0188603833644,8972.566666666668,2243.976345737601,-748.0,-0.0689845983583879,0.27880180530148385,9258.1245,146.3775,71
2024-03-13,9849.0,279.41,0.9875,0.0047,B,2,3,13,11,1,0,10095.0,11636.0,9956.0,9603.0,10271.0,9921.0,8715.666666666666,3802.5018518514,8860.42857142857,2421.3071440266017,9244.5,2297.271784932325,9159.4,2085.6382236620025,-107.0,-0.010747288067496986,0.27327201212753677,9725.8875,46.2903,72
2024-03-14,9483.0,341.03,0.9552,0.0067,B,3,3,14,11,1,0,9849.0,10095.0,9420.0,9608.0,9753.0,10054.0,10526.666666666666,968.5527003386599,8845.142857142857,2413.5634394377225,9262.07142857143,2301.1623305252865,9121.366666666667,2061.3669131366946,63.0,0.006687898089171975,0.27286879120201657,9058.161600000001,63.536100000000005,73
2024-03-15,10035.0,333.71,0.9511,0.0071,B,4,3,15,11,1,0,9483.0,9849.0,9653.0,11913.0,10516.0,10052.0,9809.0,307.9545420999372,8854.142857142857,2416.1803484405814,9253.142857142857,2299.9590584029243,9096.033333333333,2051.7548163552033,382.0,0.039573189681964153,0.2728869849317361,9544.288499999999,71.2485,74
2024-03-16,6828.0,327.23,0.9241,0.0109,B,5,3,16,11,1,1,10035.0,9483.0,6847.0,8661.0,6872.0,7426.0,9789.0,280.848713723211,8908.714285714286,2441.41248148728,9119.0,2184.774094993312,9099.833333333334,2053.44027701425,-19.0,-0.002774937929020009,0.27404767996682156,6309.754800000001,74.4252,75
2024-03-17,4807.0,321.83,0.8617,0.0127,B,6,3,17,11,1,1,6828.0,10035.0,4416.0,5173.0,5040.0,4754.0,8782.0,1714.5737079519179,8906.0,2444.095742805501,8988.07142857143,2267.682940267977,8992.3,2085.9611387592495,391.0,0.08854166666666667,0.2744324885252078,4142.1919,61.048899999999996,76
2024-03-18,11456.0,328.46,0.9065,0.0158,B,0,3,18,12,1,0,4807.0,6828.0,11636.0,11599.0,10173.0,9508.0,7223.333333333333,2636.3255362973164,8961.857142857143,2325.993868476538,8961.92857142857,2316.629463558765,8817.466666666667,2210.184525504964,-180.0,-0.015469233413544173,0.2595437342281696,10384.864,181.00480000000002,77
2024-03-19,10407.0,322.33,0.7932,0.0285,B,1,3,19,12,1,0,11456.0,4807.0,10095.0,10843.0,9409.0,10377.0,7697.0,3408.6171682956706,8936.142857142857,2292.253798380635,8951.714285714286,2304.3908398657427,8951.8,2244.8935832239335,312.0,0.030906389301634474,0.25651490078276734,8254.8324,296.59950000000003,78
2024-03-20,10951.0,287.92,0.9139,0.0126,B,2,3,20,12,1,0,10407.0,11456.0,9849.0,9956.0,9603.0,10271.0,8890.0,3574.6701945773943,8980.714285714286,2321.390726431438,8920.57142857143,2279.678442719017,9140.233333333334,2113.811212059837,1102.0,0.11188953193217585,0.2584862019409857,10008.118900000001,137.9826,79
2024-03-21,9941.0,325.93,0.9711,0.0055,B,3,3,21,12,1,0,10951.0,10407.0,9483.0,9420.0,9608.0,9753.0,10938.0,524.6208154467129,9138.142857142857,2425.1374138779133,8991.642857142857,2329.4098165429355,9188.333333333334,2138.7391763297856,458.0,0.048296952441210586,0.2653862444251785,9653.7051,54.6755,80
2024-03-22,9880.0,328.81,0.941,0.0132,B,4,3,22,12,1,0,9941.0,10951.0,10035.0,9653.0,11913.0,10516.0,10433.0,505.5017309564599,9203.57142857143,2442.110962339945,9028.857142857143,2340.9129007272372,9173.8,2131.8536114587346,-155.0,-0.015445939212755356,0.2653438375844721,9297.08,130.416,81
2024-03-23,7636.0,328.74,0.9112,0.0128,B,5,3,23,12,1,1,9880.0,9941.0,6828.0,6847.0,8661.0,6872.0,10257.333333333334,601.5067192752811,9181.42857142857,2434.0051257918362,9045.07142857143,2346.3484056421244,9160.766666666666,2126.101899840584,808.0,0.11833626244874049,0.26510091614350173,6957.9232,97.74080000000001,82
2024-03-24,4417.0,322.73,0.9217,0.0105,B,6,3,24,12,1,1,7636.0,9880.0,4807.0,4416.0,5173.0,5040.0,9152.333333333334,1313.5373361017644,9296.857142857143,2320.299652241162,9101.42857142857,2298.478751572128,9090.2,2140.848629672917,-390.0,-0.08113168296234657,0.24957892937226306,4071.1488999999997,46.3785,83
2024-03-25,12048.0,331.95,0.8528,0.0154,B,0,3,25,13,1,0,4417.0,7636.0,11456.0,11636.0,11599.0,10173.0,7311.0,2745.9626727251775,9241.142857142857,2447.2843063670507,9101.5,2298.321954751402,8886.9,2285.4843197585187,592.0,0.051675977653631286,0.2648248538302213,10274.5344,185.5392,84
2024-03-26,10177.0,309.89,0.9109,0.0122,B,1,3,26,13,1,0,12048.0,4417.0,10407.0,10095.0,10843.0,9409.0,8033.666666666667,3831.0108761700653,9325.714285714286,2544.863828333824,9130.92857142857,2335.606278209832,9059.433333333332,2323.192047271542,-230.0,-0.022100509272604978,0.272886746298051,9270.2293,124.1594,85
2024-03-27,10803.0,267.55,0.9818,0.006,B,2,3,27,13,1,0,10177.0,12048.0,10951.0,9849.0,9956.0,9603.0,8880.666666666666,3977.2352625075278,9292.857142857143,2530.017880606866,9136.785714285714,2338.311165006831,9230.666666666666,2202.9204962148933,-148.0,-0.013514747511642772,0.27225403788236835,10606.3854,64.818,86
2024-03-28,10446.0,331.32,0.9399,0.0072,B,3,3,28,13,1,0,10803.0,10177.0,9941.0,9483.0,9420.0,9608.0,11009.333333333334,952.412900654599,9271.714285714286,2514.4219822380423,9204.92857142857,2374.286952532703,9251.666666666666,2215.1820402089666,505.0,0.050799718338195354,0.2711927810493713,9818.195399999999,75.21119999999999,87
2024-03-29,10104.0,319.16,0.987,0.0034,B,4,3,29,13,1,0,10446.0,10803.0,9880.0,10035.0,9653.0,11913.0,10475.333333333334,314.02919184896,9343.857142857143,2543.8972351211687,9273.714285714286,2396.8054838623266,9286.233333333334,2225.7873102735366,224.0,0.022672064777327937,0.27225343840641186,9972.648,34.3536,88
2024-03-30,7230.0,320.99,0.8947,0.0129,B,5,3,30,13,1,1,10104.0,10446.0,7636.0,6828.0,6847.0,8661.0,10451.0,349.52682300501294,9375.857142857143,2553.157484930596,9278.642857142857,2398.561639725032,9302.933333333332,2230.1212265384734,-406.0,-0.05316919853326349,0.27231190130447763,6468.6810000000005,93.267,89
2024-03-31,2232.0,310.1,0.8758,0.0123,B,6,3,31,13,1,1,7230.0,10104.0,4417.0,4807.0,4416.0,5173.0,9260.0,1766.328395287803,9317.857142857143,2603.38660393031,9307.357142857143,2369.1935858542124,9223.666666666666,2260.952428747112,-2185.0,-0.494679646819108,0.2793975657725131,1954.7856000000002,27.4536,90
2024-04-01,13904.0,356.31,0.7403,0.0322,B,0,4,1,14,2,0,2232.0,7230.0,12048.0,11456.0,11636.0,11599.0,6522.0,3983.4713504680817,9005.714285714286,3321.0106250098843,9123.42857142857,2805.2679212314297,8900.966666666667,2537.797721394011,1856.0,0.15405046480743692,0.36876704275173205,10293.1312,447.7088,91
2024-04-02,12726.0,316.96,0.8316,0.0205,B,1,4,2,14,2,0,13904.0,2232.0,10177.0,10407.0,10095.0,10843.0,7788.666666666667,5856.020605610377,9270.857142857143,3661.062342570863,9298.285714285714,3029.201327300428,9075.733333333334,2696.2845308432047,2549.0,0.25046673872457503,0.3949000924247418,10582.9416,260.88300000000004,92
2024-04-03,12751.0,352.7,0.9078,0.0087,B,2,4,3,14,2,0,12726.0,13904.0,10803.0,10951.0,9849.0,9956.0,9620.666666666666,6425.824253224898,9635.0,3886.064461637247,9463.92857142857,3155.272034213548,9327.5,2671.8202725792594,1948.0,0.18032028140331388,0.40332791506354404,11575.3578,110.93369999999999,93
2024-04-04,12421.0,353.27,0.954,0.0052,B,3,4,4,14,2,0,12751.0,12726.0,10446.0,9941.0,9483.0,9420.0,13127.0,673.0178303729962,9913.285714285714,4049.940605090635,9592.5,3255.6066373140143,9365.9,2713.545121715539,1975.0,0.1890675856787287,0.4085366569486036,11849.634,64.58919999999999,94
2024-04-05,12811.0,351.83,0.8763,0.0138,B,4,4,5,14,2,0,12421.0,12751.0,10104.0,9880.0,10035.0,9653.0,12632.666666666666,183.7344097694052,10195.42857142857,4160.523358791249,9769.642857142857,3342.3427437178707,9418.5,2758.0933913071917,2707.0,0.2679136975455265,0.408077338744798,11226.2793,176.7918,95
2024-04-06,8281.0,358.77,0.9298,0.0072,B,5,4,6,14,2,1,12811.0,12421.0,7230.0,7636.0,6828.0,6847.0,12661.0,209.99999999994827,10582.142857142857,4274.843990469962,9979.0,3440.1516513978518,9513.666666666666,2825.7055552653505,1051.0,0.14536652835408023,0.4039677075030676,7699.6738,59.6232,96
2024-04-07,4791.0,357.03,0.8767,0.0156,B,6,4,7,14,2,1,8281.0,12811.0,2232.0,4417.0,4807.0,4416.0,11171.0,2510.3983747604657,10732.285714285714,4154.241676258365,10025.07142857143,3410.5515336578987,9475.7,2834.6452329262856,2559.0,1.146505376344086,0.38707893051418363,4200.2697,74.7396,97
2024-04-08,12981.0,340.15,0.7714,0.0986,B,0,4,8,15,2,0,4791.0,8281.0,13904.0,12048.0,11456.0,11636.0,8627.666666666666,4021.222865414617,11097.857142857143,3307.9415769010334,10051.785714285714,3364.3978814039788,9313.633333333333,2960.359979081449,-923.0,-0.0663837744533947,0.29807029720418654,10013.5434,1279.9266,98
2024-04-09,12416.0,320.05,0.9482,0.0054,B,1,4,9,15,2,0,12981.0,4791.0,12726.0,10177.0,10407.0,10095.0,8684.333333333334,4109.870233150111,10966.0,3193.873040682741,10118.42857142857,3415.8285111495857,9518.1,2995.7401060103016,-310.0,-0.02435957881502436,0.29125232907922133,11772.851200000001,67.0464,99
2024-04-10,11093.0,357.0,0.9735,0.003,B,2,4,10,15,2,0,12416.0,12981.0,12751.0,10803.0,10951.0,9849.0,10062.666666666666,4574.129243182065,10921.714285714286,3167.4416971369687,10278.357142857143,3470.754974556194,9784.766666666666,2879.7292219849446,-1658.0,-0.13002901733197397,0.2900132354936271,10799.0355,33.279,100
2024-04-11,12206.0,348.64,0.9705,0.0041,B,3,4,11,15,2,0,11093.0,12416.0,12421.0,10446.0,9941.0,9483.0,12163.333333333334,969.0285513509467,10684.857142857143,3068.291187212162,10299.07142857143,3474.989838707569,9766.666666666666,2869.3802807230504,-215.0,-0.017309395378793977,0.2871625840372909,11845.923,50.0446,101
2024-04-12,11717.0,354.19,0.9544,0.0037,B,4,4,12,15,2,0,12206.0,11093.0,12811.0,10104.0,9880.0,10035.0,11905.0,711.0084387684742,10654.142857142857,3049.031126361917,10424.785714285714,3512.348965897571,9837.033333333333,2903.392504180812,-1094.0,-0.08539536335961283,0.2861826772219179,11182.7048,43.352900000000005,102
2024-04-13,7742.0,345.0,0.9676,0.0035,B,5,4,13,15,2,1,11717.0,12206.0,8281.0,7230.0,7636.0,6828.0,11672.0,557.8628863797848,10497.857142857143,2946.359359648867,10540.0,3527.4398212170354,9899.3,2923.6182725260605,-539.0,-0.0650887573964497,0.28066293144916743,7491.1592,27.097,103
2024-04-14,4825.0,350.87,0.8102,0.0269,B,6,4,14,15,2,1,7742.0,11717.0,4791.0,2232.0,4417.0,4807.0,10555.0,2448.368232108886,10420.857142857143,3020.0714907968345,10576.57142857143,3492.968667178405,9841.266666666666,2949.3328986613956,34.0,0.00709663953245669,0.28981027658237385,3909.215,129.7925,104
2024-04-15,12818.0,345.17,0.686,0.0432,B,0,4,15,16,2,0,4825.0,7742.0,12981.0,13904.0,12048.0,11456.0,8094.666666666667,3459.5081056897875,10425.714285714286,3009.5168889311635,10761.785714285714,3058.1446406043515,9667.6,3087.6783332554514,-163.0,-0.012556813804791619,0.2886628969925753,8793.148000000001,553.7376,105
2024-04-16,10700.0,309.73,0.958,0.0056,B,1,4,16,16,2,0,12818.0,4825.0,12416.0,12726.0,10177.0,10407.0,8461.666666666666,4044.8055989544587,10402.42857142857,2986.9968673760422,10684.214285714286,2985.2135132650387,9867.266666666666,3091.393257297486,-1716.0,-0.13820876288659795,0.2871441843475053,10250.6,59.92,106
2024-04-17,10989.0,348.57,0.9473,0.0081,B,2,4,17,16,2,0,10700.0,12818.0,11093.0,12751.0,10803.0,10951.0,9447.666666666666,4141.046526342505,10157.285714285714,2862.0014974539354,10539.5,2927.162783573616,10063.7,2942.402374673245,-104.0,-0.009375281709185973,0.2817683363409453,10409.8797,89.01089999999999,107
2024-04-18,10710.0,359.41,0.9602,0.005,B,3,4,18,16,2,0,10989.0,10700.0,12206.0,12421.0,10446.0,9941.0,11502.333333333334,1148.5270276895146,10142.42857142857,2856.5993102021876,10413.642857142857,2861.914679348095,10048.133333333333,2936.010849051331,-1496.0,-0.12256267409470752,0.2816484523489065,10283.742,53.550000000000004,108
2024-04-19,9983.0,358.54,0.9527,0.0048,B,4,4,19,16,2,0,10710.0,10989.0,11717.0,12811.0,10104.0,9880.0,10799.666666666666,164.04369336648176,9928.714285714286,2729.6230334538673,10291.42857142857,2805.5776784630443,10058.233333333334,2937.8085508775393,-1734.0,-0.14799009985491166,0.27492210520966703,9510.8041,47.9184,109
2024-04-20,7367.0,346.05,0.8981,0.0142,B,5,4,20,16,2,1,9983.0,10710.0,7742.0,8281.0,7230.0,7636.0,10560.666666666666,519.3595414867414,9681.0,2616.6293840231397,10089.42857142857,2710.408590097571,10025.966666666667,2932.976874044211,-375.0,-0.04843709635753035,0.27028503088762934,6616.3027,104.6114,110
2024-04-21,4537.0,353.95,0.8067,0.0155,B,6,4,21,16,2,1,7367.0,9983.0,4825.0,4791.0,2232.0,4417.0,9353.333333333334,1758.2014484504691,9627.42857142857,2666.310863167984,10024.142857142857,2767.720857899641,9940.166666666666,2972.925426571278,-288.0,-0.059689119170984455,0.2769494308252595,3659.9979,70.3235,111
2024-04-22,12112.0,336.94,0.7993,0.0249,B,0,4,22,17,2,0,4537.0,7367.0,12818.0,12981.0,13904.0,12048.0,7295.666666666667,2723.700668820519,9586.285714285714,2753.560586724375,10006.0,2805.2419064754704,9762.066666666668,3132.4182784654345,-706.0,-0.05507879544390701,0.2872395700266843,9681.1216,301.5888,112
2024-04-23,10845.0,312.46,0.9477,0.0071,B,1,4,23,17,2,0,12112.0,4537.0,10700.0,12416.0,12726.0,10177.0,8005.333333333333,3827.6309034876044,9485.42857142857,2625.4087210148687,9943.92857142857,2743.280446817293,9911.266666666666,3134.2572780576684,145.0,0.013551401869158878,0.2767833526176102,10277.8065,76.9995,113
2024-04-24,10728.0,346.56,0.9864,0.0036,B,2,4,24,17,2,0,10845.0,12112.0,10989.0,11093.0,12751.0,10803.0,9164.666666666666,4057.437163202078,9506.142857142857,2637.1345831268804,9831.714285714286,2665.4072117399965,10125.533333333333,2960.609661508265,-261.0,-0.02375102375102375,0.277413733704344,10582.0992,38.620799999999996,114
2024-04-25,10801.0,342.39,0.9712,0.0029,B,3,4,25,17,2,0,10728.0,10845.0,10710.0,12206.0,12421.0,10446.0,11228.333333333334,767.5104776700507,9468.857142857143,2614.4218882046916,9805.642857142857,2653.8812392170285,10081.533333333333,2940.7956081977877,91.0,0.00849673202614379,0.27610743817979,10489.931199999999,31.322899999999997,115
2024-04-26,10481.0,334.85,0.9728,0.0032,B,4,4,26,17,2,0,10801.0,10728.0,9983.0,11717.0,12811.0,10104.0,10791.333333333334,59.09596714931206,9481.857142857143,2621.837677951056,9705.285714285714,2581.7128014190444,10102.333333333334,2943.6994357128387,498.0,0.049884804167084046,0.2765109870829613,10195.9168,33.5392,116
2024-04-27,7280.0,331.56,0.8969,0.0106,B,5,4,27,17,2,1,10481.0,10801.0,7367.0,7742.0,8281.0,7230.0,10670.0,167.69913535847473,9553.0,2644.36224195299,9617.0,2528.206265927862,10091.6,2941.6428860358815,-87.0,-0.011809420388217728,0.27680961393834297,6529.432,77.168,117
2024-04-28,4673.0,322.97,0.7991,0.0207,B,6,4,28,17,2,1,7280.0,10481.0,4537.0,4825.0,4791.0,2232.0,9520.666666666666,1947.0594067293691,9540.57142857143,2656.5253532351107,9584.0,2557.40926600459,9986.066666666668,2984.962310549715,136.0,0.029975754904121667,0.2784450987159465,3734.1943,96.7311,118
2024-04-29,11760.0,328.53,0.8888,0.0295,B,0,4,29,18,2,0,4673.0,7280.0,12112.0,12818.0,12981.0,13904.0,7478.0,2909.0580949853866,9560.0,2613.989415943883,9573.142857142857,2579.3952438848537,9805.033333333333,3138.3148177648286,-352.0,-0.02906208718626156,0.27342985522425556,10452.288,346.91999999999996,119
2024-04-30,11881.0,308.52,0.8871,0.0281,B,1,4,30,18,2,0,11760.0,4673.0,10845.0,10700.0,12416.0,12726.0,7904.333333333333,3584.5134025880466,9509.714285714286,2559.532490793689,9497.57142857143,2490.998092031681,9956.033333333333,3119.0662007029937,1036.0,0.09552789303826648,0.26914925242692916,10539.6351,333.8561,120
2024-05-01,11910.0,283.94,0.9944,0.0041,B,2,5,1,18,2,0,11881.0,11760.0,10728.0,10989.0,11093.0,12751.0,9438.0,4127.054518660978,9657.714285714286,2676.873780755308,9581.92857142857,2554.049588829039,10277.666666666666,2773.4580100180588,1182.0,0.11017897091722595,0.27717467110359084,11843.304,48.831,121
2024-05-02,11768.0,330.52,0.9944,0.0041,B,3,5,2,18,2,0,11910.0,11881.0,10801.0,10710.0,12206.0,12421.0,11850.333333333334,79.56339191682628,9826.57142857143,2790.508009732446,9647.714285714286,2604.444113982315,10211.2,2706.643772339615,967.0,0.08952874733820942,0.28397575186996077,11702.099199999999,48.2488,122
2024-05-03,12334.0,328.77,0.9944,0.0041,B,4,5,3,18,2,0,11768.0,11910.0,10481.0,9983.0,11717.0,12811.0,11853.0,75.0266619274582,9964.714285714286,2869.6010009689317,9723.285714285714,2652.5442772660977,10179.266666666666,2681.485112618639,1853.0,0.1767961072416754,0.28797624484656603,12264.9296,50.5694,123
2024-05-04,7672.0,326.25,0.9944,0.0041,B,5,5,4,18,2,1,12334.0,11768.0,7280.0,7367.0,7742.0,8281.0,12004.0,294.4758054577254,10229.42857142857,3007.327376987905,9891.214285714286,2743.1237437684717,10165.366666666667,2668.744874608122,392.0,0.05384615384615385,0.29398781720687284,7629.0368,31.4552,124
2024-05-05,5164.0,337.49,0.9944,0.0041,B,6,5,5,18,2,1,7672.0,12334.0,4673.0,4537.0,4825.0,4791.0,10591.333333333334,2544.0065513542454,10285.42857142857,2946.2820558088047,9913.0,2722.669391495155,10007.066666666668,2671.1808435316707,491.0,0.10507168842285469,0.2864520457604605,5135.0815999999995,21.172400000000003,125
2024-05-06,13002.0,335.06,0.9944,0.0041,B,0,5,6,19,2,0,5164.0,7672.0,11760.0,12112.0,12818.0,12981.0,8390.0,3638.5255255391576,10355.57142857143,2792.212495324742,9957.785714285714,2631.0515060470616,9752.166666666666,2757.841723388846,1242.0,0.10561224489795919,0.26963384054509226,12929.1888,53.30820000000001,126
2024-05-07,11768.0,302.74,0.9944,0.0041,B,1,5,7,19,2,0,13002.0,5164.0,11881.0,10845.0,10700.0,12416.0,8612.666666666666,4002.7742046402436,10533.0,2932.2773288577846,10021.357142857143,2697.0302644302546,9909.533333333333,2805.2856235836393,-113.0,-0.009510983923912128,0.2783895688652601,11702.099199999999,48.2488,127
2024-05-08,11917.0,286.02,0.9944,0.0041,B,2,5,8,19,2,0,11768.0,13002.0,11910.0,10728.0,10989.0,11093.0,9978.0,4214.4555994813845,10516.857142857143,2923.9185709461576,10087.285714285714,2729.7951579551873,10142.1,2651.291765185025,7.0,0.0005877413937867338,0.2780220869437244,11850.264799999999,48.859700000000004,128
2024-05-09,11394.0,342.53,0.9944,0.0041,B,3,5,9,19,2,0,11917.0,11768.0,11768.0,10801.0,10710.0,12206.0,12229.0,673.5703378267053,10517.857142857143,2924.4755899460824,10172.214285714286,2769.469823701928,10106.633333333333,2618.9249766523144,-374.0,-0.031781101291638345,0.27804861296601124,11330.193599999999,46.7154,129
2024-05-10,10986.0,337.06,0.9944,0.0041,B,4,5,10,19,2,0,11394.0,11917.0,12334.0,10481.0,9983.0,11717.0,11693.0,269.44572737377996,10464.42857142857,2901.1529809797394,10214.57142857143,2784.3213705507264,10072.566666666668,2594.381165776017,-1348.0,-0.10929138965461327,0.2772395034451158,10924.4784,45.04260000000001,130
2024-05-11,8107.0,335.42,0.9944,0.0041,B,5,5,11,19,2,1,10986.0,11394.0,7672.0,7280.0,7367.0,7742.0,11432.333333333334,466.6822616441732,10271.857142857143,2799.3238724479784,10250.642857142857,2791.300954122199,10069.0,2593.0031184735944,435.0,0.05669968717413973,0.2725236374996293,8061.600799999999,33.2387,131
2024-05-12,4050.0,325.2,0.9944,0.0041,B,6,5,12,19,2,1,8107.0,10986.0,5164.0,4673.0,4537.0,4825.0,10162.333333333334,1791.622821168934,10334.0,2736.104347425369,10309.714285714286,2731.712999582477,9932.366666666667,2584.4955818580283,-1114.0,-0.21572424477149496,0.2647672099308466,4027.3199999999997,16.605,132
2024-05-13,11156.0,334.03,0.9944,0.0041,B,0,5,13,20,2,0,4050.0,8107.0,13002.0,11760.0,12112.0,12818.0,7714.333333333333,3484.6325966066133,10174.857142857143,3095.6978980821877,10265.214285714286,2833.7672446238907,9676.8,2774.059621963249,-1846.0,-0.1419781572065836,0.3042497653399881,11093.526399999999,45.7396,133
2024-05-14,10891.0,316.28,0.7786,0.0303,B,1,5,14,20,2,0,11156.0,4050.0,11768.0,11881.0,10845.0,10700.0,7771.0,3564.8956506467357,9911.142857142857,2886.2652008302703,10222.07142857143,2813.786593632409,9790.6,2761.9512417978985,-877.0,-0.07452413324269204,0.29121416595767957,8479.7326,329.9973,134
2024-05-15,10444.0,284.73,0.9608,0.0069,B,2,5,15,20,2,0,10891.0,11156.0,11917.0,11910.0,10728.0,10989.0,8699.0,4028.331788718502,9785.857142857143,2810.2635361932034,10151.357142857143,2781.1390750814744,9992.8,2603.3798774298934,-1473.0,-0.12360493412771671,0.28717602302670653,10034.5952,72.0636,135
2024-05-16,10566.0,338.42,0.7652,0.0182,B,3,5,16,20,2,0,10444.0,10891.0,11394.0,11768.0,10801.0,10710.0,10830.333333333334,359.8559897143959,9575.42857142857,2676.0327512409604,10046.642857142857,2737.0794824788295,9913.666666666666,2550.077623339623,-828.0,-0.07266982622432859,0.2794687184264296,8085.1032,192.30120000000002,136
2024-05-17,11017.0,337.3,0.8154,0.017,B,4,5,17,20,2,0,10566.0,10444.0,10986.0,12334.0,10481.0,9983.0,10633.666666666666,231.0548275482009,9457.142857142857,2599.454970346114,9960.785714285714,2697.4961945812274,9909.2,2548.769823619444,31.0,0.002821773165847442,0.27486683976469484,8983.2618,187.28900000000002,137
2024-05-18,6753.0,340.84,0.5902,0.0709,B,5,5,18,20,2,1,11017.0,10566.0,8107.0,7672.0,7280.0,7367.0,10675.666666666666,301.8316307700843,9461.57142857143,2602.518322519093,9866.714285714286,2630.499584857228,9910.133333333333,2549.18396318526,-1354.0,-0.16701615887504626,0.2750619537321443,3985.6205999999997,478.78770000000003,138
2024-05-19,4282.0,337.34,0.7483,0.02,B,6,5,19,20,2,1,6753.0,11017.0,4050.0,5164.0,4673.0,4537.0,9445.333333333334,2342.508128765691,9268.142857142857,2765.2065280656902,9801.07142857143,2700.028275187719,9778.233333333334,2608.0617943193934,232.0,0.05728395061728395,0.29835605370870777,3204.2205999999996,85.64,139
2024-05-20,12003.0,328.43,0.8106,0.0204,B,0,5,20,21,2,0,4282.0,6753.0,11156.0,13002.0,11760.0,12112.0,7350.666666666667,3407.0456899392107,9301.285714285714,2692.678945727075,9738.07142857143,2823.992494658952,9588.2,2793.717550455687,847.0,0.07592326998924345,0.28949534810993144,9729.6318,244.86120000000003,140
2024-05-21,10436.0,322.55,0.6169,0.0995,B,1,5,21,21,2,0,12003.0,4282.0,10891.0,11768.0,11881.0,10845.0,7679.333333333333,3942.972271438559,9422.285714285714,2806.537826473847,9666.714285714286,2746.7396457106493,9742.733333333334,2794.8350630913883,-455.0,-0.041777614544119,0.2978616772593385,6437.9684,1038.382,141
2024-05-22,10188.0,288.06,0.8682,0.0174,B,2,5,22,21,2,0,10436.0,12003.0,10444.0,11917.0,11910.0,10728.0,8907.0,4081.2793337383814,9357.285714285714,2771.9081102064947,9571.57142857143,2690.8561895736857,9939.366666666667,2617.8630859503705,-256.0,-0.024511681348142474,0.2962299319315043,8845.221599999999,177.2712,142
2024-05-23,10207.0,336.84,0.7723,0.0212,B,3,5,23,21,2,0,10188.0,10436.0,10566.0,11394.0,11768.0,10801.0,10875.666666666666,984.1424354905793,9320.714285714286,2756.828595462887,9448.07142857143,2613.4946973290407,9875.233333333334,2586.1774305524436,-359.0,-0.03397690706038236,0.29577439142064843,7882.8661,216.3884,143
2024-05-24,9924.0,331.35,0.8684,0.0101,B,4,5,24,21,2,0,10207.0,10188.0,11017.0,10986.0,12334.0,10481.0,10277.0,138.02535998866458,9269.42857142857,2733.037922480084,9363.285714285714,2564.300817244081,9853.966666666667,2580.544923518837,-1093.0,-0.0992103113370246,0.29484427237556005,8618.0016,100.2324,144
2024-05-25,7132.0,333.91,0.8074,0.0255,B,5,5,25,21,2,1,9924.0,10207.0,6753.0,8107.0,7672.0,7280.0,10106.333333333334,158.19081304973105,9113.285714285714,2646.405468699358,9287.42857142857,2528.0570439731773,9827.166666666666,2575.3243797470504,379.0,0.056123204501702946,0.2903898277380827,5758.3768,181.86599999999999,145
2024-05-26,3996.0,315.32,0.8553,0.0152,B,6,5,26,21,2,1,7132.0,9924.0,4282.0,4050.0,5164.0,4673.0,9087.666666666666,1699.557687556778,9167.42857142857,2593.4145996570332,9217.785714285714,2576.0509484501604,9704.866666666667,2614.306972627053,-286.0,-0.06679121905651565,0.2828944430218668,3417.7787999999996,60.7392,146
2024-05-27,6576.0,310.17,0.9359,0.0074,B,0,5,27,22,2,0,3996.0,7132.0,12003.0,11156.0,13002.0,11760.0,7017.333333333333,2965.663051213566,9126.57142857143,2683.8831232092775,9213.92857142857,2584.4107932663546,9488.7,2808.793840411044,-5427.0,-0.4521369657585604,0.29407353508538553,6154.4784,48.662400000000005,147
2024-05-28,11555.0,296.87,0.885,0.0118,B,1,5,28,22,2,0,6576.0,3996.0,10436.0,10891.0,11768.0,11881.0,5901.333333333333,1673.321646705548,8351.285714285714,2491.434306732137,8886.785714285714,2609.421397067271,9465.233333333334,2830.7383426180177,1119.0,0.10722499041778459,0.2983294299787023,10226.175,136.349,148
2024-05-29,10815.0,263.26,0.9837,0.0099,B,2,5,29,22,2,0,11555.0,6576.0,10188.0,10444.0,11917.0,11910.0,7375.666666666667,3842.4237576474243,8511.142857142857,2676.513305812325,8934.214285714286,2654.3004345219247,9694.633333333333,2705.054024361183,627.0,0.06154299175500589,0.31447166975538415,10638.7155,107.06850000000001,149
2024-05-30,9831.0,334.25,0.7738,0.0461,B,3,5,30,22,2,0,10815.0,11555.0,10207.0,10566.0,11394.0,11768.0,9648.666666666666,2686.6075882669084,8600.714285714286,2751.4265217813563,8960.714285714286,2672.3241232642795,9663.133333333333,2685.606047743814,-376.0,-0.03683746448515725,0.31990674615845016,7607.227800000001,453.20910000000003,150
2024-05-31,10693.0,302.26,0.8613,0.0185,B,4,5,31,22,2,0,9831.0,10815.0,9924.0,11017.0,10986.0,12334.0,10733.666666666666,864.8730157273524,8547.0,2718.312589334288,8908.214285714286,2645.4456997922734,9594.8,2653.111893087317,769.0,0.07748891575977429,0.3180428909950027,9209.8809,197.82049999999998,151
2024-06-01,7528.0,347.88,0.8212,0.0176,B,5,6,1,22,2,1,10693.0,9831.0,7132.0,6753.0,8107.0,7672.0,10446.333333333334,536.3742474553821,8656.857142857143,2797.619430192468,8885.07142857143,2626.930981034877,9554.233333333334,2625.6532938566393,396.0,0.055524397083567024,0.32316802553462615,6181.993600000001,132.49280000000002,152
2024-06-02,5200.0,337.61,0.961,0.0083,B,6,6,2,22,2,1,7528.0,10693.0,3996.0,4282.0,4050.0,5164.0,9350.666666666666,1636.2598611874998,8713.42857142857,2765.4648106688273,8940.42857142857,2586.398973157782,9412.9,2616.4809658829117,1204.0,0.3013013013013013,0.31737963856579,4997.2,43.160000000000004,153
2024-06-03,13735.0,331.78,0.9582,0.0068,B,0,6,3,23,2,0,5200.0,7528.0,6576.0,12003.0,11156.0,13002.0,7807.0,2757.107723684371,8885.42857142857,2441.6433576004188,9006.0,2468.145208295239,9175.1,2665.568728213095,7159.0,1.0886557177615572,0.27479185027176006,13160.877,93.398,154
2024-06-04,12071.0,347.73,0.9639,0.0071,B,1,6,4,23,2,0,13735.0,5200.0,11555.0,10436.0,10891.0,11768.0,8821.0,4411.965888354081,9908.142857142857,2787.8607347194493,9129.714285714286,2665.4453929610195,9377.2,2775.2631984533723,516.0,0.04465599307659022,0.2813706639998291,11635.2369,85.70410000000001,155
2024-06-05,11756.0,344.09,0.9519,0.009,B,2,6,5,23,2,0,12071.0,13735.0,10815.0,10188.0,10444.0,11917.0,10335.333333333334,4524.484537859903,9981.857142857143,2844.901312205833,9246.5,2761.181791301573,9607.433333333332,2699.142720649794,941.0,0.08700878409616274,0.28500721574056975,11190.536399999999,105.80399999999999,156
2024-06-06,10749.0,326.19,0.8295,0.0208,B,3,6,6,23,2,0,11756.0,12071.0,9831.0,10207.0,10566.0,11394.0,12520.666666666666,1063.3721518515144,10116.285714285714,2912.265424847451,9358.5,2833.171306830234,9565.9,2654.321633578483,918.0,0.09337808971620384,0.28787892187889624,8916.2955,223.5792,157
2024-06-07,10675.0,303.42,0.969,0.0032,B,4,6,7,23,2,0,10749.0,11756.0,10693.0,9924.0,11017.0,10986.0,11525.333333333334,690.5261279150326,10247.42857142857,2917.941332351907,9397.214285714286,2849.3147672479295,9531.933333333332,2631.5928431187854,-18.0,-0.0016833442438978772,0.2847486383547559,10344.074999999999,34.160000000000004,158
2024-06-08,7359.0,336.1,0.9666,0.0036,B,5,6,8,23,2,1,10675.0,10749.0,7528.0,7132.0,6753.0,8107.0,11060.0,603.8882346924785,10244.857142857143,2917.4911270114394,9450.857142857143,2867.009668550216,9490.533333333333,2602.3847516080873,-169.0,-0.02244952178533475,0.2847761648922118,7113.2094,26.4924,159
2024-06-09,4548.0,339.89,0.9464,0.0076,B,6,6,9,23,2,1,7359.0,10675.0,5200.0,3996.0,4282.0,4050.0,9594.333333333334,1936.2090107561585,10220.714285714286,2944.2969004662623,9467.07142857143,2853.4967068570336,9356.033333333333,2604.8848473235967,-652.0,-0.12538461538461537,0.2880715396360869,4304.2272,34.5648,160
2024-06-10,12463.0,338.7,0.9753,0.0037,B,0,6,10,24,2,0,4548.0,7359.0,13735.0,6576.0,12003.0,11156.0,7527.333333333333,3066.9666338800225,10127.57142857143,3133.8126862307754,9506.5,2774.8131122099535,9141.433333333332,2728.2438798274757,-1272.0,-0.09261012013105206,0.30943377771593,12155.1639,46.1131,161
2024-06-11,11209.0,327.77,0.9459,0.0065,B,1,6,11,24,2,0,12463.0,4548.0,12071.0,11555.0,10436.0,10891.0,8123.333333333333,4012.4755866339365,9945.857142857143,2919.3103311439504,9927.0,2742.4332261697778,9286.633333333333,2786.5835401862205,-862.0,-0.07141081931902908,0.2935202355324924,10602.5931,72.85849999999999,162
2024-06-12,10688.0,330.13,0.9135,0.0124,B,2,6,12,24,2,0,11209.0,12463.0,11756.0,10815.0,10188.0,10444.0,9406.666666666666,4254.187388131057,9822.714285714286,2831.5892307021795,9902.285714285714,2728.1553200925764,9525.266666666666,2624.494538308126,-1068.0,-0.09084722694794148,0.28826953002392786,9763.488,132.53119999999998,163
2024-06-13,10119.0,325.03,0.8022,0.0269,B,3,6,13,24,2,0,10688.0,11209.0,10749.0,9831.0,10207.0,10566.0,11453.333333333334,912.3762016478324,9670.142857142857,2737.260335236151,9893.214285714286,2725.0964182962343,9509.666666666666,2615.8438518901035,-630.0,-0.05861010326542004,0.28306307111215756,8117.4618,272.2011,164
2024-06-14,11074.0,302.19,0.9731,0.0058,B,4,6,14,24,2,0,10119.0,10688.0,10675.0,10693.0,9924.0,11017.0,10672.0,545.176118332414,9580.142857142857,2706.055088658973,9913.785714285714,2725.6776201544753,9483.933333333332,2605.563489698641,399.0,0.037377049180327866,0.2824650038116463,10776.1094,64.22919999999999,165
2024-06-15,7289.0,337.81,0.9329,0.0062,B,5,6,15,24,2,1,11074.0,10119.0,7359.0,7528.0,7132.0,6753.0,10627.0,480.41336367757145,9637.142857142857,2736.986142247915,9941.0,2735.938792612703,9504.933333333332,2616.085690536507,-70.0,-0.009512161978529691,0.284003898543365,6799.9081,45.1918,166
2024-06-16,3861.0,333.75,0.9832,0.0039,B,6,6,16,24,2,1,7289.0,11074.0,4548.0,5200.0,3996.0,4282.0,9494.0,1968.381314684735,9627.142857142857,2746.807202830914,9923.92857142857,2752.8467632975467,9395.7,2638.571755116116,-687.0,-0.15105540897097625,0.2853190446626561,3796.1351999999997,15.0579,167
2024-06-17,12420.0,321.09,0.9444,0.0072,B,0,6,17,25,2,0,3861.0,7289.0,12463.0,13735.0,6576.0,12003.0,7408.0,3607.972145125295,9529.0,2962.3466486329116,9828.285714285714,2946.0754188625842,9157.166666666666,2805.1498955994484,-43.0,-0.0034502126293829735,0.31087697015771976,11729.448,89.42399999999999,168
2024-06-18,10759.0,330.06,0.8341,0.0193,B,1,6,18,25,2,0,12420.0,3861.0,11209.0,12071.0,11555.0,10436.0,7856.666666666667,4307.644870846871,9522.857142857143,2955.284725626921,9734.357142857143,2830.6391669385507,9346.066666666668,2828.3825027052444,-450.0,-0.04014631100008922,0.3103359297838051,8974.0819,207.64870000000002,169
2024-06-19,9655.0,342.58,0.8018,0.0339,B,2,6,19,25,2,0,10759.0,12420.0,10688.0,11756.0,10815.0,10188.0,9013.333333333334,4538.682003988971,9458.57142857143,2917.1415722211577,9640.642857142857,2768.3621263551017,9561.966666666667,2671.3415521991446,-1033.0,-0.0966504491017964,0.30841249064413384,7741.379,327.3045,170
2024-06-20,11249.0,325.05,0.8234,0.0325,B,3,6,20,25,2,0,9655.0,10759.0,10119.0,10749.0,9831.0,10207.0,10944.666666666666,1391.8190734909929,9311.0,2870.3349978704523,9490.57142857143,2700.996189849663,9483.7,2631.4552568807826,1130.0,0.11167111374641762,0.3082735471883205,9262.4266,365.59250000000003,171
2024-06-21,11260.0,296.89,0.767,0.033,B,4,6,21,25,2,0,11249.0,9655.0,11074.0,10675.0,10693.0,9924.0,10554.333333333334,816.4712691413762,9472.42857142857,2953.9099431737804,9526.285714285714,2722.1388205309695,9510.8,2645.7482013274757,186.0,0.016796098970561675,0.31184293667661733,8636.42,371.58000000000004,172
2024-06-22,7073.0,343.0,0.8666,0.0156,B,5,6,22,25,2,1,11260.0,11249.0,7289.0,7359.0,7528.0,7132.0,10721.333333333334,923.4881338346088,9499.0,2971.501921026914,9568.07142857143,2745.5179268788547,9546.533333333333,2662.396622352243,-216.0,-0.029633694608313898,0.31282260459279015,6129.4618,110.33879999999999,173
2024-06-23,4726.0,324.03,0.9528,0.0059,B,6,6,23,25,2,1,7073.0,11260.0,3861.0,4548.0,5200.0,3996.0,9860.666666666666,2414.196415649177,9468.142857142857,2999.268045627763,9547.642857142857,2764.219673090198,9442.066666666668,2696.8504610369832,865.0,0.22403522403522402,0.3167746928707446,4502.9328,27.883399999999998,174
2024-06-24,12089.0,329.46,0.9291,0.0079,B,0,6,24,26,2,0,4726.0,7073.0,12420.0,12463.0,13735.0,6576.0,7686.333333333333,3309.897631851075,9591.714285714286,2736.0138714490977,9560.357142857143,2739.7555086636335,9268.8,2828.58228653934,-331.0,-0.026650563607085346,0.2852476408230866,11231.8899,95.5031,175
2024-06-25,11816.0,326.56,0.8384,0.0133,B,1,6,25,26,2,0,12089.0,4726.0,10759.0,11209.0,12071.0,11555.0,7962.666666666667,3761.259407875685,9544.42857142857,2681.2999246101244,9533.642857142857,2710.947765213167,9434.033333333333,2844.195583305048,1057.0,0.09824333116460637,0.28092828235276934,9906.5344,157.15279999999998,176
2024-06-26,10808.0,320.11,0.8263,0.0147,B,2,6,26,26,2,0,11816.0,12089.0,9655.0,10688.0,11756.0,10815.0,9543.666666666666,4174.454016195811,9695.42857142857,2788.711223076757,9577.0,2744.450428381998,9694.7,2682.3635505354914,1153.0,0.1194199896426722,0.28763155775236193,8930.6504,158.8776,177
2024-06-27,11070.0,312.24,0.7817,0.0258,B,3,6,27,26,2,0,10808.0,11816.0,11249.0,10119.0,10749.0,9831.0,11571.0,674.7288344216403,9860.142857142857,2819.802796211783,9585.57142857143,2748.3717897157717,9835.766666666666,2623.3257739159935,-179.0,-0.01591252555782736,0.2859799129755072,8653.419,285.606,178
2024-06-28,10517.0,288.81,0.8193,0.0264,B,4,6,28,26,2,0,11070.0,10808.0,11260.0,11074.0,10675.0,10693.0,11231.333333333334,523.0079667971806,9834.57142857143,2805.88606665481,9653.5,2774.20119480018,9819.6,2613.8426805415584,-743.0,-0.06598579040852576,0.2853084231513272,8616.5781,277.6488,179
2024-06-29,6952.0,317.96,0.8517,0.0144,B,5,6,29,26,2,1,10517.0,11070.0,7073.0,7289.0,7359.0,7528.0,10798.333333333334,276.62670394111257,9728.42857142857,2756.5974713489813,9613.714285714286,2756.1979226846115,9809.666666666666,2610.493536813895,-121.0,-0.017107309486780714,0.2833548554228824,5921.0184,100.1088,180
2024-06-30,4466.0,343.54,0.8081,0.0251,B,6,6,30,26,2,1,6952.0,10517.0,4726.0,3861.0,4548.0,5200.0,9513.0,2235.0599544531237,9711.142857142857,2776.332738738362,9589.642857142857,2779.436373609771,9713.7,2662.091051967514,-260.0,-0.05501481168006771,0.2858914526930556,3608.9746,112.09660000000001,181
2024-07-01,13539.0,336.56,0.928,0.0073,B,0,7,1,27,3,0,4466.0,6952.0,12089.0,12420.0,12463.0,13735.0,7311.666666666667,3041.4914652737966,9674.0,2854.772553695532,9632.857142857143,2686.672058002749,9506.133333333333,2821.1146211643213,1450.0,0.11994375051699893,0.2950974316410515,12564.192000000001,98.8347,182
2024-07-02,11789.0,334.68,0.8103,0.02,B,1,7,2,27,3,0,13539.0,4466.0,11816.0,10759.0,11209.0,12071.0,8319.0,4688.427134978212,9881.142857142857,3101.1825931715885,9712.785714285714,2790.602834750703,9706.5,2888.4343778546195,-27.0,-0.0022850372376438726,0.3138485737942563,9552.6267,235.78,183
2024-07-03,11564.0,339.5,0.7187,0.0361,B,2,7,3,27,3,0,11789.0,13539.0,10808.0,9655.0,10688.0,11756.0,9931.333333333334,4813.317601544005,9877.285714285714,3098.390534577894,9786.357142857143,2833.5538600884147,9926.133333333333,2782.517103251128,756.0,0.06994818652849741,0.31368845897579234,8311.0468,417.4604,184
2024-07-04,4858.0,342.55,0.8295,0.0194,B,3,7,4,27,3,0,11564.0,11789.0,11070.0,11249.0,10119.0,10749.0,12297.333333333334,1081.1837648306207,9985.285714285714,3149.0017314637807,9922.714285714286,2872.4126934197075,9853.766666666666,2707.255101584899,-6212.0,-0.5611562782294489,0.3153642090539861,4029.7110000000002,94.2452,185
2024-07-05,11932.0,317.82,0.8609,0.0184,B,4,7,5,27,3,0,4858.0,11564.0,10517.0,11260.0,11074.0,10675.0,9403.666666666666,3938.269967045598,9097.857142857143,3630.8176043682556,9466.214285714286,3140.7325989714145,9613.333333333334,2821.438803082607,1415.0,0.1345440715032804,0.3990849215761606,10272.2588,219.5488,186
2024-07-06,7288.0,297.87,0.9376,0.01,B,5,7,6,27,3,1,11932.0,4858.0,6952.0,7073.0,7289.0,7359.0,9451.333333333334,3982.1965462961944,9300.0,3760.083908638206,9514.214285714286,3175.201899784576,9619.2,2826.22663512738,336.0,0.04833141542002301,0.40431009770303294,6833.2288,72.88,187
2024-07-07,4733.0,336.3,0.9028,0.014,B,6,7,7,27,3,1,7288.0,11932.0,4466.0,4726.0,3861.0,4548.0,8026.0,3594.2804565030838,9348.0,3727.1145675978314,9529.57142857143,3162.9829327656844,9503.833333333334,2849.0646630118754,267.0,0.059785042543663236,0.3987071638423012,4272.9524,66.262,188
2024-07-08,13865.0,341.78,0.9111,0.0089,B,0,7,8,28,3,0,4733.0,7288.0,13539.0,12089.0,12420.0,12463.0,7984.333333333333,3649.665783785325,9386.142857142857,3669.7505559447927,9530.07142857143,3162.165627547667,9305.766666666666,2968.86267186069,326.0,0.024078587783440433,0.3909753571619797,12632.4015,123.3985,189
2024-07-09,12003.0,337.15,0.8767,0.0148,B,1,7,9,28,3,0,13865.0,4733.0,11789.0,11816.0,10759.0,11209.0,8628.666666666666,4711.305162408114,9432.714285714286,3732.7641998160752,9656.92857142857,3305.1123677926957,9522.633333333333,3058.036303468832,214.0,0.018152515056408518,0.3957253539916177,10523.0301,177.64440000000002,190
2024-07-10,11288.0,337.94,0.8442,0.0172,B,2,7,10,28,3,0,12003.0,13865.0,11564.0,10808.0,9655.0,10688.0,10200.333333333334,4825.511510019775,9463.285714285714,3756.0820773018986,9670.285714285714,3314.872602925541,9771.133333333333,2940.494149573869,-276.0,-0.023867173988239364,0.3969109874418926,9529.3296,194.1536,191
2024-07-11,11376.0,335.15,0.8201,0.0224,B,3,7,11,28,3,0,11288.0,12003.0,4858.0,11070.0,11249.0,10119.0,12385.333333333334,1330.3632336070161,9423.857142857143,3731.724687441065,9704.57142857143,3329.992994085621,9731.966666666667,2911.081011243586,6518.0,1.3417044051049816,0.3959869754890696,9329.4576,254.8224,192
2024-07-12,10779.0,318.08,0.8627,0.0151,B,4,7,12,28,3,0,11376.0,11288.0,11932.0,10517.0,11260.0,11074.0,11555.666666666666,389.8927202876737,10355.0,3174.0939914669607,9726.42857142857,3340.6319465331376,9737.533333333333,2914.160880387629,-1153.0,-0.09663090848139456,0.3065276669692864,9299.0433,162.7629,193
2024-07-13,6696.0,283.38,0.9633,0.0068,B,5,7,13,28,3,1,10779.0,11376.0,7288.0,6952.0,7073.0,7289.0,11147.666666666666,322.2923103850377,10190.285714285714,3107.844039109518,9745.142857142857,3346.1307587936594,9740.566666666668,2915.231494721488,-592.0,-0.08122941822173436,0.30498105021262023,6450.2568,45.532799999999995,194
2024-07-14,4607.0,332.86,0.8046,0.0183,B,6,7,14,28,3,1,6696.0,10779.0,4733.0,4466.0,4726.0,3861.0,9617.0,2547.2108275523647,10105.714285714286,3206.474476965092,9726.857142857143,3363.2245026083274,9626.466666666667,2966.4461232759377,-126.0,-0.0266215930699345,0.3172932052411032,3706.7922,84.3081,195
2024-07-15,11868.0,342.28,0.8715,0.013,B,0,7,15,29,3,0,4607.0,6696.0,13865.0,13539.0,12089.0,12420.0,7360.666666666667,3139.224798152141,10087.714285714286,3241.8205643478423,9736.92857142857,3346.427796099218,9410.9,3090.027891292488,-1997.0,-0.1440317345834836,0.32136324171460184,10342.962000000001,154.284,196
2024-07-16,10275.0,333.19,0.8576,0.0167,B,1,7,16,29,3,0,11868.0,4607.0,12003.0,11789.0,11816.0,10759.0,7723.666666666667,3737.9946941285707,9802.42857142857,2926.5513753188984,9617.57142857143,3228.095406899234,9563.533333333333,3094.6888399469085,-1728.0,-0.14396400899775055,0.29855370574685997,8811.84,171.5925,197
2024-07-17,11140.0,343.89,0.8117,0.0235,B,2,7,17,29,3,0,10275.0,11868.0,11288.0,11564.0,10808.0,9655.0,8916.666666666666,3816.3244533625984,9555.57142857143,2779.1622752874523,9509.42857142857,3174.6735922898265,9777.333333333334,2902.7445791791624,-148.0,-0.013111268603827072,0.2908420805664932,9042.338,261.79,198
2024-07-18,10300.0,337.02,0.9124,0.0103,B,3,7,18,29,3,0,11140.0,10275.0,11376.0,4858.0,11070.0,11249.0,11094.333333333334,797.4812432485908,9534.42857142857,2764.30924808488,9479.142857142857,3155.530428583166,9734.666666666666,2871.803570428595,-1076.0,-0.09458509142053446,0.28992919999092254,9397.72,106.09,199
2024-07-19,10393.0,313.82,0.7712,0.0497,B,4,7,19,29,3,0,10300.0,11140.0,10779.0,11932.0,10517.0,11260.0,10571.666666666666,492.3498078940642,9380.714285714286,2673.254927006004,9867.857142857143,2864.226324779593,9719.366666666667,2867.3773729403956,-386.0,-0.03581037201966787,0.2849734940842462,8015.0815999999995,516.5321,200
2024-07-20,7637.0,297.83,0.8267,0.0159,B,5,7,20,29,3,1,10393.0,10300.0,6696.0,7288.0,6952.0,7073.0,10611.0,460.481269977388,9325.57142857143,2643.4190522341055,9757.92857142857,2807.890132199882,9743.966666666667,2869.9706893052503,941.0,0.140531660692951,0.2834592038119263,6313.5079,121.42830000000001,201
2024-07-21,4689.0,334.03,0.8284,0.0163,B,6,7,21,29,3,1,7637.0,10393.0,4607.0,4733.0,4466.0,4726.0,9443.333333333334,1565.0215120992202,9460.0,2507.858183124923,9782.857142857143,2785.737048089585,9623.566666666668,2880.400590953939,82.0,0.017799001519426958,0.2651012878567572,3884.3676,76.43069999999999,202
2024-07-22,11666.0,330.63,0.8891,0.0104,B,0,7,22,30,3,0,4689.0,7637.0,11868.0,13865.0,13539.0,12089.0,7573.0,2852.538518583055,9471.714285714286,2481.4641991027283,9779.714285714286,2791.8905485646837,9404.533333333333,2999.0647132102654,-202.0,-0.01702055948769801,0.261986808749647,10372.2406,121.32639999999999,203
2024-07-23,11087.0,335.72,0.8764,0.0116,B,1,7,23,30,3,0,11666.0,4689.0,10275.0,12003.0,11789.0,11816.0,7997.333333333333,3502.42949013015,9442.857142857143,2449.927306987655,9622.642857142857,2599.609456086779,9557.633333333333,2993.166245176561,812.0,0.07902676399026765,0.2594476724495247,9716.646799999999,128.6092,204
2024-07-24,10197.0,336.73,0.8093,0.0214,B,2,7,24,30,3,0,11087.0,11666.0,11140.0,11288.0,11564.0,10808.0,9147.333333333334,3871.868067655887,9558.857142857143,2514.273084383858,9557.214285714286,2546.066504013027,9769.666666666666,2861.5032139905334,-943.0,-0.08464991023339317,0.26303072080773265,8252.4321,218.2158,205
2024-07-25,10599.0,330.44,0.9424,0.0083,B,3,7,25,30,3,0,10197.0,11087.0,10300.0,11376.0,4858.0,11070.0,10983.333333333334,739.966440680468,9424.142857142857,2439.5898855184205,9479.285714285714,2505.3879917112567,9706.6,2829.2913892911824,299.0,0.029029126213592233,0.25886597035924364,9988.4976,87.9717,206
2024-07-26,9744.0,308.7,0.8051,0.0309,B,4,7,26,30,3,0,10599.0,10197.0,10393.0,10779.0,11932.0,10517.0,10627.666666666666,445.69197135838465,9466.857142857143,2460.0130371315345,9423.785714285714,2468.4736541674197,9666.033333333333,2806.637717040201,-649.0,-0.062445877032618106,0.2598553036144254,7844.8944,301.0896,207
2024-07-27,7184.0,288.53,0.957,0.0103,B,5,7,27,30,3,1,9744.0,10599.0,7637.0,6696.0,7288.0,6952.0,10180.0,427.7534336507343,9374.142857142857,2431.3535618780566,9349.857142857143,2440.0996782017764,9630.566666666668,2798.4201045606396,-453.0,-0.05931648553096766,0.2593680935879303,6875.088,73.9952,208
2024-07-28,4263.0,331.35,0.8619,0.0121,B,6,7,28,30,3,1,7184.0,9744.0,4689.0,4607.0,4733.0,4466.0,9175.666666666666,1777.02232212579,9309.42857142857,2490.603197162136,9384.714285714286,2402.468167677414,9501.033333333333,2819.3533800517416,-426.0,-0.09085092770313499,0.2675355611842825,3674.2797,51.5823,209
2024-07-29,12167.0,321.44,0.8578,0.011,B,0,7,29,31,3,0,4263.0,7184.0,11666.0,11868.0,13865.0,13539.0,7063.666666666667,2742.4806896919713,9248.57142857143,2623.95317902478,9360.142857142857,2456.248604842592,9292.566666666668,2968.8898736075034,501.0,0.04294531116063775,0.2837144308491421,10436.8526,133.837,210
2024-07-30,10481.0,337.77,0.9131,0.0075,B,1,7,30,31,3,0,12167.0,4263.0,11087.0,10275.0,12003.0,11789.0,7871.333333333333,3996.576576688272,9320.142857142857,2706.417954207574,9381.5,2480.9079835973153,9466.4,2979.773650278916,-606.0,-0.05465860918192478,0.2903837415038552,9570.2011,78.6075,211
2024-07-31,10131.0,332.51,0.9449,0.0077,B,2,7,31,31,3,0,10481.0,12167.0,10197.0,11140.0,11288.0,11564.0,8970.333333333334,4162.9183673636135,9233.57142857143,2649.5764351522776,9396.214285714286,2487.2178519094614,9666.9,2830.327656796572,-66.0,-0.006472491909385114,0.28695033721769847,9572.7819,78.0087,212
2024-08-01,11272.0,332.84,0.9119,0.0092,B,3,8,1,31,3,0,10131.0,10481.0,10599.0,10300.0,11376.0,4858.0,10926.333333333334,1088.6070610341096,9224.142857142857,2645.691241028913,9324.142857142857,2447.096956902911,9553.3,2736.3893041995902,673.0,0.06349655627889424,0.2868224486549643,10278.936800000001,103.7024,213
2024-08-02,12391.0,346.19,0.9098,0.0101,B,4,8,2,31,3,0,11272.0,10131.0,9744.0,10393.0,10779.0,11932.0,10628.0,584.5314362803687,9320.285714285714,2715.2923546882644,9393.57142857143,2490.3205142584025,9536.066666666668,2723.4209715917464,2647.0,0.2716543513957307,0.291331450335947,11273.3318,125.14909999999999,214
2024-08-03,8387.0,330.31,0.8285,0.0212,B,5,8,3,31,3,1,12391.0,11272.0,7184.0,7637.0,6696.0,7288.0,11264.666666666666,1130.0178464667356,9698.42857142857,2957.636548391457,9536.285714285714,2606.5395400082357,9563.633333333333,2748.7236220789273,1203.0,0.1674554565701559,0.30496038885151056,6948.6295,177.8044,215
2024-08-04,5500.0,308.18,0.9593,0.0052,B,6,8,4,31,3,1,8387.0,12391.0,4263.0,4689.0,4607.0,4733.0,10683.333333333334,2065.8897195478085,9870.285714285714,2818.87783312708,9589.857142857143,2571.9795087454654,9681.266666666666,2612.538188908582,1237.0,0.29017124091015717,0.2855923237406583,5276.150000000001,28.599999999999998,216
2024-08-05,13735.0,345.93,0.8728,0.0115,B,0,8,5,32,3,0,5500.0,8387.0,12167.0,11666.0,11868.0,13865.0,8759.333333333334,3460.555494907333,10047.0,2419.214128596307,9647.785714285714,2459.7931801293703,9466.866666666667,2684.3960822570066,1568.0,0.12887318155666969,0.24078970126369137,11987.908,157.9525,217
2024-08-06,11490.0,335.72,0.9503,0.0059,B,1,8,6,32,3,0,13735.0,5500.0,10481.0,11087.0,10275.0,12003.0,9207.333333333334,4178.338944285556,10271.0,2704.049247579143,9795.57142857143,2645.517768554246,9681.766666666666,2760.9189460099637,1009.0,0.09626943993893712,0.26327029963773174,10918.947,67.791,218
2024-08-07,10664.0,335.86,0.9474,0.0063,B,2,8,7,32,3,0,11490.0,13735.0,10131.0,10197.0,11140.0,11288.0,10241.666666666666,4257.05982261623,10415.142857142857,2743.711441859453,9824.357142857143,2662.7867879388973,9907.0,2615.042981119706,533.0,0.052610798539137305,0.26343483517153826,10103.0736,67.1832,219
2024-08-08,10556.0,327.5,0.9514,0.0049,B,3,8,8,32,3,0,10664.0,11490.0,11272.0,10599.0,10300.0,11376.0,11963.0,1589.200113264525,10491.285714285714,2741.906983243944,9857.714285714286,2670.727282928789,9800.3,2511.2215896678217,-716.0,-0.06352022711142655,0.26135090187376747,10042.9784,51.724399999999996,220
2024-08-09,10462.0,333.8,0.8288,0.0239,B,4,8,9,32,3,0,10556.0,10664.0,12391.0,9744.0,10393.0,10779.0,10903.333333333334,510.9298712478257,10389.0,2721.2056151639845,9854.642857142857,2669.8337778031937,9752.066666666668,2481.171746732095,-1929.0,-0.1556775078686143,0.2619314289309832,8670.9056,250.04180000000002,221
2024-08-10,7261.0,328.17,0.7958,0.0365,B,5,8,10,32,3,1,10462.0,10556.0,8387.0,7184.0,7637.0,6696.0,10560.666666666666,101.0808257451545,10113.42857142857,2578.614218085807,9905.92857142857,2674.4370928732337,9724.533333333333,2468.0884370972854,-1126.0,-0.13425539525456062,0.25496934099783386,5778.3038,265.0265,222
2024-08-11,4706.0,292.6,0.9213,0.009,B,6,8,11,32,3,1,7261.0,10462.0,5500.0,4263.0,4689.0,4607.0,9426.333333333334,1875.8225751209336,9952.57142857143,2734.6595069674772,9911.42857142857,2668.4813806959287,9587.366666666667,2487.4136198252068,-794.0,-0.14436363636363636,0.2747691414820626,4335.6378,42.354,223
2024-08-12,11125.0,338.67,0.8947,0.0082,B,0,8,12,33,3,0,4706.0,7261.0,13735.0,12167.0,11666.0,11868.0,7476.333333333333,2884.0354251176154,9839.142857142857,2957.5111399379584,9943.07142857143,2598.0470613456955,9384.933333333332,2630.1169625667962,-2610.0,-0.1900254823443757,0.3005862586689565,9953.5375,91.22500000000001,224
2024-08-13,9884.0,338.24,0.8882,0.0091,B,1,8,13,33,3,0,11125.0,4706.0,11490.0,10481.0,11087.0,10275.0,7697.333333333333,3231.6683513834373,9466.285714285714,2516.075032948847,9868.642857142857,2543.79445853094,9532.566666666668,2598.0864534384173,-1606.0,-0.13977371627502175,0.265793269809277,8778.9688,89.9444,225
2024-08-14,10032.0,330.78,0.9539,0.0043,B,2,8,14,33,3,0,9884.0,11125.0,10664.0,10131.0,10197.0,11140.0,8571.666666666666,3404.7840362251077,9236.857142857143,2369.7540258130384,9826.0,2537.7362716829653,9708.466666666667,2426.0484222550926,-632.0,-0.05926481620405101,0.25655414922656544,9569.5248,43.1376,226
2024-08-15,9752.0,334.6,0.9586,0.0058,B,3,8,15,33,3,0,10032.0,9884.0,10556.0,11272.0,10599.0,10300.0,10347.0,677.819297453228,9146.57142857143,2317.78844714401,9818.92857142857,2536.9588233608647,9647.266666666666,2392.6204352396608,-804.0,-0.07616521409624857,0.2534051655578682,9348.2672,56.5616,227
2024-08-16,9956.0,327.31,0.9498,0.0055,B,4,8,16,33,3,0,9752.0,10032.0,10462.0,12391.0,9744.0,10393.0,9889.333333333334,140.0761697553298,9031.714285714286,2255.3850162286094,9710.357142857143,2502.277658059143,9629.833333333334,2389.792561814881,-506.0,-0.04836551328617855,0.24971837514789574,9456.2088,54.757999999999996,228
2024-08-17,6987.0,326.63,0.9694,0.0061,B,5,8,17,33,3,1,9956.0,9752.0,7261.0,8387.0,7184.0,7637.0,9913.333333333334,144.7941066940357,8959.42857142857,2209.5466999019436,9536.42857142857,2383.4218037320766,9590.366666666667,2373.7152529945192,-274.0,-0.03773584905660377,0.24661692230552978,6773.1978,42.6207,229
2024-08-18,4342.0,304.9,0.9031,0.0147,B,6,8,18,33,3,1,6987.0,9956.0,4706.0,5500.0,4263.0,4689.0,8898.333333333334,1658.402946612593,8920.285714285714,2246.7632062061757,9436.42857142857,2463.385622527398,9479.933333333332,2416.247246045605,-364.0,-0.07734806629834254,0.25187121558315284,3921.2602,63.8274,230
2024-08-19,10811.0,343.49,0.8668,0.037,B,0,8,19,34,3,0,4342.0,6987.0,11125.0,13735.0,12167.0,11666.0,7095.0,2808.5578149648286,8868.285714285714,2361.822651702533,9353.714285714286,2620.179718691397,9278.233333333334,2584.1256332666426,-314.0,-0.028224719101123594,0.2663223454672788,9370.9748,400.007,231
2024-08-20,10138.0,351.8,0.8525,0.018,B,1,8,20,34,3,0,10811.0,4342.0,9884.0,11490.0,10481.0,11087.0,7380.0,3252.3571452102256,8823.42857142857,2314.3224967682368,9144.857142857143,2346.3025202397675,9384.033333333333,2579.5841081973563,254.0,0.025698097936058276,0.262292880599988,8642.645,182.48399999999998,232
2024-08-21,9962.0,333.1,0.8172,0.0246,B,2,8,21,34,3,0,10138.0,10811.0,10032.0,10664.0,10131.0,10197.0,8430.333333333334,3556.5551216497875,8859.714285714286,2335.615601526755,9048.285714285714,2268.9006971717254,9565.666666666666,2424.79134307908,-70.0,-0.006977671451355662,0.263622000236823,8140.946400000001,245.0652,233
2024-08-22,9427.0,329.56,0.913,0.0071,B,3,8,22,34,3,0,9962.0,10138.0,9752.0,10556.0,11272.0,10599.0,10303.666666666666,448.0896487683246,8849.714285714286,2329.902767233399,8998.142857142857,2237.993189552525,9508.866666666667,2393.653040472011,-325.0,-0.0333264971287941,0.263274348980335,8606.851,66.9317,234
2024-08-23,10178.0,336.92,0.8211,0.0174,B,4,8,23,34,3,0,9427.0,9962.0,9956.0,10462.0,12391.0,9744.0,9842.333333333334,370.29762804172003,8803.285714285714,2312.0961423410827,8917.5,2197.5148463662235,9453.533333333333,2375.028242784277,222.0,0.022298111691442347,0.2626401343067942,8357.1558,177.0972,235
2024-08-24,6535.0,325.41,0.8512,0.0281,B,5,8,24,34,3,1,10178.0,9427.0,6987.0,7261.0,8387.0,7184.0,9855.666666666666,386.6268657676595,8835.0,2331.9798455389678,8897.214285714286,2183.426177736802,9452.9,2374.8256756349833,-452.0,-0.06469157005868041,0.2639479168691531,5562.592,183.6335,236
2024-08-25,4677.0,282.2,0.9281,0.0088,B,6,8,25,34,3,1,6535.0,10178.0,4342.0,4706.0,5500.0,4263.0,8713.333333333334,1923.5000216619005,8770.42857142857,2397.029053998768,8845.357142857143,2233.32727310423,9317.433333333332,2422.624477188168,335.0,0.07715338553661907,0.27330808688272895,4340.7237000000005,41.1576,237
2024-08-26,10563.0,332.89,0.9418,0.0061,B,0,8,26,35,3,0,4677.0,6535.0,10811.0,11125.0,13735.0,12167.0,7130.0,2798.3511216428883,8818.285714285714,2295.053936496595,8843.285714285714,2237.4714928505005,9148.533333333333,2564.344491534697,-248.0,-0.02293959855702525,0.2602607820677191,9948.2334,64.43430000000001,238
2024-08-27,10300.0,322.95,0.9459,0.005,B,1,8,27,35,3,0,10563.0,4677.0,10138.0,9884.0,11490.0,10481.0,7258.333333333333,3008.929599265052,8782.857142857143,2260.824586190568,8803.142857142857,2198.080626264743,9261.166666666666,2549.2443381132134,162.0,0.015979483132767803,0.2574133393515611,9742.77,51.5,239
2024-08-28,9587.0,323.46,0.9786,0.0033,B,2,8,28,35,3,0,10300.0,10563.0,9962.0,10032.0,10664.0,10131.0,8513.333333333334,3324.963508571686,8806.0,2277.7740596175495,8832.857142857143,2216.5501211478177,9462.4,2373.2954914327784,-375.0,-0.03764304356554909,0.2586616011375823,9381.8382,31.6371,240
2024-08-29,8758.0,336.14,0.7727,0.0269,B,3,8,29,35,3,0,9587.0,10300.0,9427.0,9752.0,10556.0,11272.0,10150.0,504.99405937098936,8752.42857142857,2250.2986362660613,8801.07142857143,2201.168761722368,9376.4,2318.011909760837,-669.0,-0.07096637318340936,0.2571056270726889,6767.306600000001,235.5902,241
2024-08-30,9961.0,336.52,0.7108,0.0449,B,4,8,30,35,3,0,8758.0,9587.0,10178.0,9956.0,10462.0,12391.0,9548.333333333334,771.7268515046809,8656.857142857143,2230.9979402777913,8730.07142857143,2184.1014158013495,9318.966666666667,2311.0343778062406,-217.0,-0.021320495185694635,0.2577145381356569,7080.2788,447.24890000000005,242
2024-08-31,6918.0,324.99,0.7913,0.0395,B,5,8,31,35,3,1,9961.0,8758.0,6535.0,6987.0,7261.0,8387.0,9435.333333333334,615.6738855378946,8625.857142857143,2207.7249548325563,8730.42857142857,2184.317697176344,9313.3,2309.1822877224336,383.0,0.05860749808722265,0.2559426754082889,5474.2134,273.261,243
2024-09-01,4494.0,318.5,0.8756,0.0191,B,6,9,1,35,3,1,6918.0,9961.0,4677.0,4342.0,4706.0,5500.0,8545.666666666666,1532.5718036468425,8680.57142857143,2151.2954900975888,8725.5,2188.6276609925003,9168.166666666666,2318.6381865719927,-183.0,-0.0391276459268762,0.2478287872866026,3934.9464000000003,85.83539999999999,244
2024-09-02,4494.0,318.5,0.8756,0.0037,B,0,9,2,36,3,0,4494.0,6918.0,10563.0,10811.0,11125.0,13735.0,7124.333333333333,2739.3342865253494,8654.42857142857,2208.409899840658,8736.357142857143,2165.464121761736,8904.933333333332,2387.3866383389827,-6069.0,-0.5745526838966203,0.2551768590628185,3934.9464000000003,16.6278,245
2024-09-03,4494.0,318.5,0.8756,0.047,B,1,9,3,36,3,0,4494.0,4494.0,10300.0,10138.0,9884.0,11490.0,5302.0,1399.497052515662,7787.428571428572,2505.5652627130244,8285.142857142857,2350.174849702844,8775.166666666666,2518.700610308375,-5806.0,-0.5636893203883495,0.3217448789072346,3934.9464000000003,211.218,246
2024-09-04,4494.0,318.5,0.8756,0.0265,B,2,9,4,36,3,0,4494.0,4494.0,9587.0,9962.0,10032.0,10664.0,4494.0,0.0,6958.0,2496.168330328144,7882.0,2487.932876908048,8741.633333333333,2569.983677438208,-5093.0,-0.531240221132784,0.3587479635424179,3934.9464000000003,119.091,247
2024-09-05,4494.0,318.5,0.8756,0.0284,B,3,9,5,36,3,0,4494.0,4494.0,8758.0,9427.0,9752.0,10556.0,4494.0,0.0,6230.428571428572,2339.4896777675212,7491.428571428572,2564.311714949749,8433.6,2503.802688601527,-4264.0,-0.4868691482073533,0.3754941816516325,3934.9464000000003,127.62960000000001,248
2024-09-06,4494.0,318.5,0.8756,0.0184,B,4,9,6,36,3,0,4494.0,4494.0,9961.0,10178.0,9956.0,10462.0,4494.0,0.0,5621.285714285715,2116.146396501993,7139.071428571428,2616.280285628239,8200.4,2534.9230363070105,-5467.0,-0.5488404778636683,0.37645238190332536,3934.9464000000003,82.6896,249
2024-09-07,4494.0,318.5,0.8756,0.0168,B,5,9,7,36,3,1,4494.0,4494.0,6918.0,6535.0,6987.0,7261.0,4494.0,0.0,4840.285714285715,916.1858825742379,6733.071428571428,2548.568299873641,7994.733333333334,2578.0794901381946,-2424.0,-0.35039028620988727,0.1892834300814493,3934.9464000000003,75.4992,250
2024-09-08,4494.0,318.5,0.8756,0.015,B,6,9,8,36,3,1,4494.0,4494.0,4494.0,4677.0,4342.0,4706.0,4494.0,0.0,4494.0,0.0,6587.285714285715,2618.1946930183385,7792.666666666667,2607.802884624798,0.0,0.0,0.0,3934.9464000000003,67.41,251
2024-09-09,4494.0,318.5,0.8756,0.0052,B,0,9,9,37,3,0,4494.0,4494.0,4494.0,10563.0,10811.0,11125.0,4494.0,0.0,4494.0,0.0,6574.214285714285,2628.9004188230206,7593.733333333334,2624.730316962402,0.0,0.0,0.0,3934.9464000000003,23.3688,252
2024-09-10,4494.0,318.5,0.8756,0.0169,B,1,9,10,37,3,0,4494.0,4494.0,4494.0,10300.0,10138.0,9884.0,4494.0,0.0,4494.0,0.0,6140.714285714285,2411.997175294015,7501.5,2684.755774547372,0.0,0.0,0.0,3934.9464000000003,75.9486,253
2024-09-11,4494.0,318.5,0.8756,0.0124,B,2,9,11,37,3,0,4494.0,4494.0,4494.0,9587.0,9962.0,10032.0,4494.0,0.0,4494.0,0.0,5726.0,2123.7607064971958,7494.433333333333,2692.6351108588456,0.0,0.0,0.0,3934.9464000000003,55.7256,254
2024-09-12,9470.0,334.47,0.8249,0.0196,B,3,9,12,37,3,0,4494.0,4494.0,4494.0,8758.0,9427.0,9752.0,4494.0,0.0,4494.0,0.0,5362.214285714285,1826.986092261954,7273.4,2656.2492690465406,4976.0,1.107254116599911,0.0,7811.803,185.612,255
2024-09-13,9247.0,323.5,0.8177,0.0232,B,4,9,13,37,3,0,9470.0,4494.0,4494.0,9961.0,10178.0,9956.0,6152.666666666667,2872.8949394875813,5204.857142857143,1880.751217693856,5413.071428571428,1935.4734846775953,7259.6,2643.262425162473,4753.0,1.057632398753894,0.36134540604536947,7561.2719,214.5304,256
2024-09-14,6890.0,311.43,0.8725,0.0165,B,5,9,14,37,3,1,9247.0,9470.0,4494.0,6918.0,6535.0,6987.0,7737.0,2810.732822592715,5883.857142857143,2374.5057330295676,5362.071428571428,1811.8772442832799,7233.433333333333,2618.6418391236957,2396.0,0.5331553182020472,0.40356277784754835,6011.525000000001,113.685,257
2024-09-15,4298.0,315.85,0.9182,0.0126,B,6,9,15,37,3,1,6890.0,9247.0,4494.0,4494.0,4677.0,4342.0,8535.666666666666,1429.5440998211066,6226.142857142857,2312.6524763116267,5360.071428571428,1810.0421781862185,7138.033333333334,2575.501296812912,-196.0,-0.04361370716510903,0.371442244319606,3946.4236,54.1548,258
2024-09-16,10854.0,294.7,0.9852,0.0056,B,0,9,16,38,3,0,4298.0,6890.0,4494.0,4494.0,10563.0,10811.0,6811.666666666667,2475.4297270036477,6198.142857142857,2338.1651230948096,5346.071428571428,1817.9967193118073,6949.433333333333,2569.18580532798,6360.0,1.4152202937249667,0.377236404030324,10693.3608,60.7824,259
2024-09-17,10294.0,332.22,0.8711,0.0153,B,1,9,17,38,3,0,10854.0,4298.0,4494.0,4494.0,10300.0,10138.0,7347.333333333333,3301.840294946645,7106.714285714285,2762.742762442503,5800.357142857143,2315.307775093092,7078.333333333333,2666.306554707859,5800.0,1.2906097018246552,0.3887510671416874,8967.1034,157.4982,260
2024-09-18,9981.0,332.82,0.8365,0.0187,B,2,9,18,38,3,0,10294.0,10854.0,4494.0,4494.0,9587.0,9962.0,8482.0,3634.252605419717,7935.285714285715,2717.943015976445,6214.642857142857,2568.625061933163,7276.733333333334,2677.097269152857,5487.0,1.2209612817089452,0.34251356710236586,8349.1065,186.6447,261
2024-09-19,9411.0,346.59,0.8236,0.0215,B,3,9,19,38,3,0,9981.0,10294.0,9470.0,4494.0,8758.0,9427.0,10376.333333333334,442.2853528360562,8719.142857142857,2322.5259545425406,6606.571428571428,2701.084873621234,7249.066666666667,2643.3892681533766,-59.0,-0.006230200633579725,0.2663709028049576,7750.8996,202.33649999999997,262
2024-09-20,10018.0,337.7,0.9093,0.0129,B,4,9,20,38,3,0,9411.0,9981.0,9247.0,4494.0,9961.0,10178.0,9895.333333333334,447.68999691005075,8710.714285714286,2319.451926230671,6957.785714285715,2724.8304725974335,7224.833333333333,2619.213491888718,771.0,0.08337839299232183,0.2662757438887199,9109.3674,129.2322,263
2024-09-21,6663.0,331.33,0.9289,0.0087,B,5,9,21,38,3,1,10018.0,9411.0,6890.0,4494.0,6918.0,6535.0,9803.333333333334,340.2739092750464,8820.857142857143,2366.9817932387537,7352.357142857143,2740.524559758098,7226.7,2621.2506510942458,-227.0,-0.03294629898403483,0.26833920501200526,6189.2607,57.96809999999999,264
2024-09-22,4295.0,307.7,0.9452,0.0081,B,6,9,22,38,3,1,6663.0,10018.0,4298.0,4494.0,4494.0,4677.0,8697.333333333334,1787.7349729009995,8788.42857142857,2399.180197285638,7507.285714285715,2625.3958068940956,7134.566666666667,2589.6310172970707,-3.0,-0.0006979990693345743,0.27299308150326673,4059.634,34.7895,265
2024-09-23,11124.0,282.99,0.9877,0.0035,B,0,9,23,39,3,0,4295.0,6663.0,10854.0,4494.0,4494.0,10563.0,6992.0,2875.650013475219,8788.0,2400.116108302527,7493.071428571428,2643.4418258802566,6938.466666666666,2573.917391881452,270.0,0.024875621890547265,0.2731128935255493,10987.1748,38.934,266
2024-09-24,9684.0,315.61,0.9758,0.0049,B,1,9,24,39,3,0,11124.0,4295.0,10294.0,4494.0,4494.0,10300.0,7360.666666666667,3467.544424132639,8826.57142857143,2440.6785161195558,7966.642857142857,2658.667034643275,7091.433333333333,2683.155703623066,-610.0,-0.05925782008937245,0.2765149000232559,9449.6472,47.4516,267
2024-09-25,10521.0,337.08,0.8851,0.0121,B,2,9,25,39,3,0,9684.0,11124.0,9981.0,4494.0,4494.0,9587.0,8367.666666666666,3599.77226131506,8739.42857142857,2389.9145631272163,8337.357142857143,2493.941816826178,7258.333333333333,2683.517099440293,540.0,0.05410279531109107,0.27346348146152927,9312.1371,127.30409999999999,268
2024-09-26,9371.0,331.98,0.885,0.0094,B,3,9,26,39,3,0,10521.0,9684.0,9411.0,9470.0,4494.0,8758.0,10443.0,723.1618076198286,8816.57142857143,2444.7559426346747,8767.857142857143,2291.438475219063,7256.933333333333,2681.743963367385,-40.0,-0.0042503453405589205,0.2772910039283609,8293.335000000001,88.0874,269
2024-09-27,9822.0,328.44,0.9405,0.0094,B,4,9,27,39,3,0,9371.0,10521.0,10018.0,9247.0,4494.0,9961.0,9858.666666666666,594.5639859033845,8810.857142857143,2443.181220497246,8760.785714285714,2289.2566875120533,7225.966666666666,2650.5758968679634,-196.0,-0.019564783389898182,0.2772921159524081,9237.591,92.3268,270
2024-09-28,6763.0,317.11,0.8932,0.0128,B,5,9,28,39,3,1,9822.0,9371.0,6663.0,6890.0,4494.0,6918.0,9904.666666666666,579.4396718669851,8782.857142857143,2428.1177503415574,8801.857142857143,2303.7629037041756,7233.8,2658.130629103703,100.0,0.015008254539996999,0.27646103208182987,6040.7116,86.5664,271
2024-09-29,4127.0,334.03,0.9008,0.0106,B,6,9,29,39,3,1,6763.0,9822.0,4295.0,4298.0,4494.0,4494.0,8652.0,1651.3906261087973,8797.142857142857,2413.8190645096856,8792.785714285714,2312.105173897765,7167.3,2643.59925949973,-168.0,-0.03911525029103609,0.2743867075603735,3717.6016,43.7462,272
2024-09-30,11613.0,337.78,0.7696,0.0326,B,0,9,30,40,3,0,4127.0,6763.0,11124.0,10854.0,4494.0,4494.0,6904.0,2850.1170151416645,8773.142857142857,2466.307863221948,8780.57142857143,2337.9834083205974,6972.833333333333,2645.5821350570964,489.0,0.04395900755124056,0.28112022149667226,8937.3648,378.58379999999994,273
2024-10-01,11492.0,316.19,0.8566,0.0199,B,1,10,1,40,4,0,11613.0,4127.0,9684.0,10294.0,4494.0,4494.0,7501.0,3797.1742124901275,8843.0,2549.5145289512025,8834.785714285714,2397.7964300123976,7129.333333333333,2777.7900709306405,1808.0,0.18669971086327963,0.288308778576411,9844.0472,228.69080000000002,274
2024-10-02,11169.0,304.11,0.8895,0.0151,B,2,10,2,40,4,0,11492.0,11613.0,10521.0,9981.0,4494.0,4494.0,9077.333333333334,4287.541292318166,9101.285714285714,2733.833859514605,8920.357142857143,2474.0425842719824,7362.6,2841.945006626552,648.0,0.06159110350727117,0.30037886352952076,9934.825499999999,168.6519,275
2024-10-03,11589.0,340.82,0.8379,0.0145,B,3,10,3,40,4,0,11169.0,11492.0,9371.0,9411.0,9470.0,4494.0,11424.666666666666,229.53068059255622,9193.857142857143,2800.0878812739247,9005.214285714286,2532.893577240535,7585.1,2870.765359320717,2218.0,0.23668765339878348,0.3045607341690488,9710.4231,168.0405,276
2024-10-04,11466.0,339.47,0.9545,0.0062,B,4,10,4,40,4,0,11589.0,11169.0,9822.0,10018.0,9247.0,4494.0,11416.666666666666,219.90073518131365,9510.714285714286,2945.207786347489,9160.785714285714,2624.9483563731983,7821.6,2899.4402979504953,1644.0,0.16737935247403787,0.30967261741543256,10944.297,71.08919999999999,277
2024-10-05,8178.0,331.58,0.9845,0.0032,B,5,10,5,40,4,1,11466.0,11589.0,6763.0,6663.0,6890.0,4494.0,11408.0,215.92359759866233,9745.57142857143,3038.2459773770133,9264.214285714286,2689.066643296126,8054.0,2902.9372996186453,1415.0,0.2092266745527133,0.31175657575805993,8051.241,26.169600000000003,278
2024-10-06,5094.0,330.31,0.9859,0.0079,B,6,10,6,40,4,1,8178.0,11466.0,4127.0,4295.0,4298.0,4494.0,10411.0,1934.8123940061917,9947.714285714286,2847.839749370605,9372.42857142857,2605.5212593580995,8176.8,2823.996219593046,967.0,0.23431063726677975,0.2862808146249567,5022.1746,40.2426,279
2024-10-07,12899.0,335.53,0.9506,0.0057,B,0,10,7,41,4,0,5094.0,8178.0,11613.0,11124.0,10854.0,4494.0,8246.0,3186.5442096415386,10085.857142857143,2523.403483959143,9429.5,2492.028884571454,8196.8,2799.0289252056477,1286.0,0.11073796607250495,0.2501922690572938,12261.7894,73.5243,280
2024-10-08,11424.0,322.18,0.9552,0.006,B,1,10,8,41,4,0,12899.0,5094.0,11492.0,9684.0,10294.0,4494.0,8723.666666666666,3931.007546842583,10269.57142857143,2694.152362503086,9556.285714285714,2626.400854886671,8476.966666666667,2836.0212596271963,-68.0,-0.005917159763313609,0.26234321278564415,10912.204800000001,68.544,281
2024-10-09,10108.0,295.39,0.9955,0.0033,B,2,10,9,41,4,0,11424.0,12899.0,11169.0,10521.0,9981.0,4494.0,9805.666666666666,4146.535702647852,10259.857142857143,2689.1279521170336,9680.57142857143,2673.654189545595,8707.966666666667,2782.13285192262,-1061.0,-0.09499507565583311,0.2621018903746813,10062.514000000001,33.3564,282
2024-10-10,10457.0,335.27,0.9241,0.0074,B,3,10,10,41,4,0,10108.0,11424.0,11589.0,9371.0,9411.0,9470.0,11477.0,1396.2546329376864,10108.285714285714,2659.077453697411,9651.07142857143,2665.9352368002437,8895.1,2675.686471375788,-1132.0,-0.09767883337647769,0.26305919013937473,9663.3137,77.3818,283
2024-10-11,10640.0,330.02,0.9836,0.0037,B,4,10,11,41,4,0,10457.0,10108.0,11466.0,9822.0,10018.0,9247.0,10663.0,681.7558213905995,9946.57142857143,2587.4757233735763,9728.642857142857,2672.949641447491,9093.866666666667,2556.292098324054,-826.0,-0.07203907203907203,0.26013744956790613,10465.504,39.368,284
2024-10-12,7298.0,327.99,0.9439,0.0068,B,5,10,12,41,4,1,10640.0,10457.0,8178.0,6763.0,6663.0,6890.0,10401.666666666666,270.28195154932223,9828.57142857143,2524.7077624379167,9787.07142857143,2684.064640522929,9298.733333333334,2417.443034073085,-880.0,-0.10760577158229397,0.25687433629455547,6888.5822,49.6264,285
2024-10-13,4930.0,336.58,0.9227,0.008,B,6,10,13,41,4,1,7298.0,10640.0,5094.0,4127.0,4295.0,4298.0,9465.0,1878.9063308212033,9702.857142857143,2639.8760342467704,9825.285714285714,2641.1632468863572,9226.333333333334,2444.5099830991157,-164.0,-0.03219473890851983,0.2720720294423939,4548.911,39.44,286
2024-10-14,11387.0,334.35,0.8727,0.0114,B,0,10,14,42,4,0,4930.0,7298.0,12899.0,11613.0,11124.0,10854.0,7622.666666666667,2868.8118330300736,9679.42857142857,2687.8873895771,9882.642857142857,2513.5321028123194,9082.433333333332,2567.234385862342,-1512.0,-0.11721838902240483,0.27769070970895127,9937.4349,129.8118,287
2024-10-15,9889.0,322.97,0.9099,0.0144,B,1,10,15,42,4,0,11387.0,4930.0,11424.0,11492.0,9684.0,10294.0,7871.666666666667,3266.5015434457346,9463.42857142857,2434.8853400206726,9866.5,2502.26472036218,9232.333333333334,2566.0935201241136,-1535.0,-0.13436624649859943,0.25729420596800784,8998.001100000001,142.4016,288
2024-10-16,10672.0,305.49,0.9639,0.0059,B,2,10,16,42,4,0,9889.0,11387.0,10108.0,11169.0,10521.0,9981.0,8735.333333333334,3379.5594880595527,9244.142857142857,2293.9291930783515,9752.0,2458.4545802346865,9418.7,2392.5302743733637,564.0,0.05579738820736051,0.2481494745947003,10286.7408,62.9648,289
2024-10-17,10433.0,344.33,0.9442,0.0062,B,3,10,17,42,4,0,10672.0,9889.0,10457.0,11589.0,9371.0,9411.0,10649.333333333334,749.2571877088023,9324.714285714286,2338.7942558995073,9716.5,2439.9377908210918,9412.633333333333,2388.9934611612575,-24.0,-0.0022951133212202354,0.25081672040961117,9850.838600000001,64.6846,290
2024-10-18,10498.0,337.03,0.9208,0.0105,B,4,10,18,42,4,0,10433.0,10672.0,10640.0,11466.0,9822.0,10018.0,10331.333333333334,401.2783738669587,9321.285714285714,2336.874530527587,9633.92857142857,2390.759726829226,9417.266666666666,2390.895805764644,-142.0,-0.013345864661654135,0.25070302554358087,9666.5584,110.22900000000001,291
2024-10-19,7057.0,333.05,0.9272,0.0072,B,5,10,19,42,4,1,10498.0,10433.0,7298.0,8178.0,6763.0,6663.0,10534.333333333334,123.57319018826881,9301.0,2324.100686287055,9564.785714285714,2347.3015662366706,9434.5,2396.9548173780213,-241.0,-0.033022745957796654,0.24987643116729974,6543.2504,50.8104,292
2024-10-20,5068.0,340.04,0.9593,0.0047,B,6,10,20,42,4,1,7057.0,10498.0,4930.0,5094.0,4127.0,4295.0,9329.333333333334,1968.166744291076,9266.57142857143,2360.2222252112,9484.714285714286,2416.3509496941656,9356.033333333333,2435.963471264155,138.0,0.027991886409736308,0.2547028578373632,4861.7324,23.8196,293
2024-10-21,10867.0,334.85,0.8988,0.0267,B,0,10,21,43,4,0,5068.0,7057.0,11387.0,12899.0,11613.0,11124.0,7541.0,2747.1652662335478,9286.285714285714,2318.164627047699,9482.857142857143,2419.9923667121425,9191.033333333333,2554.3465522899155,-520.0,-0.045666110476859575,0.24963313625829017,9767.259600000001,290.1489,294
2024-10-22,9716.0,329.43,0.8742,0.0133,B,1,10,22,43,4,0,10867.0,5068.0,9889.0,11424.0,11492.0,9684.0,7664.0,2946.7672117084576,9212.0,2246.8627016353166,9337.714285714286,2254.629576554097,9331.166666666666,2526.0347430287816,-173.0,-0.017494185458590352,0.2439060683494699,8493.7272,129.2228,295
2024-10-23,10100.0,299.85,0.9898,0.0043,B,2,10,23,43,4,0,9716.0,10867.0,10672.0,10108.0,11169.0,10521.0,8550.333333333334,3070.2091676844025,9187.285714285714,2239.1130471897104,9215.714285714286,2177.96208304112,9511.866666666667,2340.4261435331205,-572.0,-0.053598200899550225,0.2437186691285779,9996.98,43.43,296
2024-10-24,9442.0,313.8,0.9907,0.004,B,3,10,24,43,4,0,10100.0,9716.0,10433.0,10457.0,11589.0,9371.0,10227.666666666666,586.0241747004235,9105.57142857143,2185.699495748268,9215.142857142857,2177.7110021284248,9477.733333333334,2323.5096511205966,-991.0,-0.09498706028946612,0.2400397946349625,9354.189400000001,37.768,297
2024-10-25,10008.0,336.74,0.8875,0.0103,B,4,10,25,43,4,0,9442.0,10100.0,10498.0,10640.0,11466.0,9822.0,9752.666666666666,330.52886913751183,8964.0,2116.385046882208,9142.642857142857,2149.9051001289376,9469.666666666666,2323.188910236027,-490.0,-0.046675557248999806,0.23609828724701115,8882.1,103.0824,298
2024-10-26,6852.0,331.46,0.909,0.0198,B,5,10,26,43,4,1,10008.0,9442.0,7057.0,7298.0,8178.0,6763.0,9850.0,356.3200808261962,8894.0,2064.6627650377354,9097.5,2122.5063105822596,9452.566666666668,2317.0635650253093,-205.0,-0.02904917103585093,0.2321410799457764,6228.468,135.6696,299
2024-10-27,4832.0,322.69,0.9023,0.0083,B,6,10,27,43,4,1,6852.0,10008.0,5068.0,4930.0,5094.0,4127.0,8767.333333333334,1682.6958528900416,8864.714285714286,2096.2738938638654,9065.642857142857,2154.6959666716753,9368.6,2365.262289166193,-236.0,-0.04656669297553275,0.23647393771529268,4359.9136,40.1056,300
2024-10-28,10933.0,326.06,0.8274,0.0122,B,0,10,28,44,4,0,4832.0,6852.0,10867.0,11387.0,12899.0,11613.0,7230.666666666667,2608.6941816421063,8831.0,2168.1779601007383,9058.642857142857,2169.2748737820093,9202.266666666666,2503.684663042452,66.0,0.006073433330265943,0.24551896275628335,9045.9642,133.3826,301
2024-10-29,10085.0,310.67,0.8362,0.019,B,1,10,29,44,4,0,10933.0,4832.0,9716.0,9889.0,11424.0,11492.0,7539.0,3107.97796002482,8840.42857142857,2178.6257026806793,9026.214285714286,2134.912002458587,9341.266666666666,2479.227186781828,369.0,0.03797859201317415,0.2464389237555509,8433.077000000001,191.615,302
2024-10-30,9196.0,311.58,0.9849,0.0052,B,2,10,30,44,4,0,10085.0,10933.0,10100.0,10672.0,10108.0,11169.0,8616.666666666666,3304.9284914099658,8893.142857142857,2207.613374104203,9040.214285714286,2141.637122841785,9539.866666666667,2277.5649388271445,-904.0,-0.0895049504950495,0.24823770511356136,9057.1404,47.819199999999995,303
2024-10-31,9070.0,299.57,0.9861,0.0039,B,3,10,31,44,4,0,9196.0,10085.0,9442.0,10433.0,10457.0,11589.0,10071.333333333334,868.5806429649011,8764.0,2150.961567919472,8934.785714285714,2090.8565848096164,9459.3,2244.2062747101154,-372.0,-0.03939843253547977,0.24543148880870289,8943.927,35.373,304
2024-11-01,11480.0,337.56,0.8905,0.0118,B,4,11,1,44,4,0,9070.0,9196.0,10008.0,10498.0,10640.0,11466.0,9450.333333333334,553.2362364608225,8710.857142857143,2135.9617996405586,8837.42857142857,2047.0014736113417,9378.566666666668,2211.8921636639834,1472.0,0.14708233413269384,0.24520684527492637,10222.939999999999,135.464,305
2024-11-02,8526.0,337.51,0.9191,0.0073,B,5,11,2,44,4,1,11480.0,9070.0,6852.0,7057.0,7298.0,8178.0,9915.333333333334,1356.5048224511863,8921.142857142857,2346.984904693057,8907.57142857143,2123.66883968742,9388.933333333332,2221.2817662461125,1674.0,0.24430823117338005,0.263081192878097,7836.2466,62.2398,306
2024-11-03,5750.0,335.05,0.9271,0.011,B,6,11,3,44,4,1,8526.0,11480.0,4832.0,5068.0,4930.0,5094.0,9692.0,1572.1615693051385,9160.285714285714,2180.3856474093113,9012.5,2060.5533890755523,9286.833333333334,2186.7967138753584,918.0,0.18998344370860928,0.23802594323110915,5330.825,63.24999999999999,307
2024-11-04,12755.0,357.34,0.9388,0.0101,B,0,11,4,45,4,0,5750.0,8526.0,10933.0,10867.0,11387.0,12899.0,8585.333333333334,2865.460754108029,9291.42857142857,1884.1484245446916,9061.214285714286,1966.0199223723066,9096.3,2238.7777630693413,1822.0,0.16665142229946034,0.20278350202664272,11974.394,128.8255,308
2024-11-05,10810.0,356.93,0.904,0.0131,B,1,11,5,45,4,0,12755.0,5750.0,10085.0,9716.0,9889.0,11424.0,9010.333333333334,3527.526092509217,9551.714285714286,2240.8116620461165,9196.07142857143,2155.0767776537323,9248.866666666667,2328.2090457945383,725.0,0.07188894397620228,0.23459785280612028,9772.24,141.61100000000002,309
2024-11-06,10352.0,318.89,0.959,0.0082,B,2,11,6,45,4,0,10810.0,12755.0,9196.0,10100.0,10672.0,10108.0,9771.666666666666,3616.0901998337,9655.285714285714,2285.870418774553,9274.214285714286,2194.846732990406,9439.4,2207.208372582883,1156.0,0.12570682905611136,0.23674808663532737,9927.568,84.88640000000001,310
2024-11-07,10939.0,293.97,0.9567,0.0079,B,3,11,7,45,4,0,10352.0,10810.0,9070.0,9442.0,10433.0,10457.0,11305.666666666666,1275.8786514920987,9820.42857142857,2288.9147251585428,9292.214285714286,2203.157565459569,9354.5,2116.674860605005,1869.0,0.20606394707828005,0.23307686711533976,10465.3413,86.41810000000001,311
2024-11-08,11430.0,357.9,0.8133,0.0187,B,4,11,8,45,4,0,10939.0,10352.0,11480.0,10008.0,10498.0,10640.0,10700.333333333334,308.48392718796333,10087.42857142857,2295.7867102689706,9399.142857142857,2246.880533510429,9338.333333333334,2102.1256127914903,-50.0,-0.004355400696864111,0.22758889384074654,9296.019,213.741,312
2024-11-09,8030.0,350.34,0.8584,0.0189,B,5,11,9,45,4,1,11430.0,10939.0,8526.0,6852.0,7057.0,7298.0,10907.0,539.7119602157903,10080.285714285714,2290.8042775617564,9500.714285714286,2307.835763672946,9382.4,2132.454124501492,-496.0,-0.058174994135585266,0.22725588762977658,6892.952,151.767,313
2024-11-10,5404.0,342.25,0.8255,0.0182,B,6,11,10,45,4,1,8030.0,11430.0,5750.0,4832.0,5068.0,4930.0,10133.0,1837.723319762795,10009.42857142857,2353.700197358962,9584.857142857143,2223.780040905496,9301.5,2136.3143697047194,-346.0,-0.06017391304347826,0.23514830847362111,4461.002,98.3528,314
2024-11-11,10465.0,343.12,0.8799,0.0154,B,0,11,11,46,4,0,5404.0,8030.0,12755.0,10933.0,10867.0,11387.0,8288.0,3021.273241532455,9960.0,2459.3212478242845,9625.714285714286,2133.147094663776,9126.966666666667,2234.80617817809,-2290.0,-0.1795374362994904,0.24691980399842214,9208.1535,161.161,315
2024-11-12,10907.0,335.88,0.8313,0.0206,B,1,11,12,46,4,0,10465.0,5404.0,10810.0,10085.0,9716.0,9889.0,7966.333333333333,2531.1006169912266,9632.857142857143,2159.6067874014598,9592.285714285714,2114.6717304282733,9232.533333333333,2220.1839428817284,97.0,0.008973172987974098,0.22419171751164493,9066.9891,224.6842,316
2024-11-13,11460.0,307.67,0.9054,0.0151,B,2,11,13,46,4,0,10907.0,10465.0,10352.0,9196.0,10100.0,10672.0,8925.333333333334,3057.561501153059,9646.714285714286,2168.710808620769,9651.0,2140.6562257688784,9431.766666666666,2084.826242380769,1108.0,0.10703245749613602,0.22481341774912825,10375.884,173.04600000000002,317
2024-11-14,11200.0,291.45,0.9668,0.0073,B,3,11,14,46,4,0,11460.0,10907.0,10939.0,9070.0,9442.0,10433.0,10944.0,498.5308415734858,9805.0,2266.9743418633248,9812.714285714286,2188.618335795486,9434.2,2087.2282296765247,261.0,0.02385958497120395,0.23120595021553542,10828.16,81.76,318
2024-11-15,10795.0,353.17,0.8698,0.0146,B,4,11,15,46,4,0,11200.0,11460.0,11430.0,11480.0,10008.0,10498.0,11189.0,276.66405621251675,9842.285714285714,2290.755822451452,9964.857142857143,2206.973662564357,9477.9,2110.6711197773207,-635.0,-0.05555555555555555,0.23274632427369027,9389.491,157.607,319
2024-11-16,7668.0,355.04,0.88,0.0155,B,5,11,16,46,4,1,10795.0,11200.0,8030.0,8526.0,6852.0,7057.0,11151.666666666666,335.12435502854254,9751.57142857143,2229.147733786974,9915.92857142857,2178.204781793612,9482.0,2113.188618635595,-362.0,-0.04508094645080946,0.22859369385899442,6747.84,118.854,320
2024-11-17,5232.0,334.96,0.871,0.0167,B,6,11,17,46,4,1,7668.0,10795.0,5404.0,5750.0,4832.0,5068.0,9887.666666666666,1932.924295810191,9699.857142857143,2279.3763349193696,9854.642857142857,2231.7324628445654,9389.833333333334,2130.507242230211,-172.0,-0.03182827535159141,0.2349907118578416,4557.072,87.3744,321
2024-11-18,11639.0,354.35,0.7845,0.0287,B,0,11,18,47,4,0,5232.0,7668.0,10465.0,12755.0,10933.0,10867.0,7898.333333333333,2788.6434575494527,9675.285714285714,2333.683477129782,9817.642857142857,2308.008719059079,9214.3,2249.658658399162,1174.0,0.11218346870520783,0.24120047159786312,9130.7955,334.0393,322
2024-11-19,10876.0,354.32,0.8344,0.0246,B,1,11,19,47,4,0,11639.0,5232.0,10907.0,10810.0,10085.0,9716.0,8179.666666666667,3234.0012883938925,9843.0,2439.675524873473,9737.92857142857,2216.200298649977,9367.033333333333,2253.6817460865354,-31.0,-0.002842211423856239,0.24785893781097967,9074.9344,267.5496,323
2024-11-20,11362.0,322.31,0.9019,0.0123,B,2,11,20,47,4,0,10876.0,11639.0,11460.0,10352.0,9196.0,10100.0,9249.0,3499.679842499882,9838.57142857143,2437.4493401328928,9742.642857142857,2218.7249840719414,9560.633333333333,2116.961265316528,-98.0,-0.008551483420593368,0.247744233787284,10247.3878,139.7526,324
2024-11-21,10987.0,300.88,0.9824,0.0042,B,3,11,21,47,4,0,11362.0,10876.0,11200.0,10939.0,9070.0,9442.0,11292.333333333334,386.2412890063525,9824.57142857143,2426.8425204466002,9814.785714285714,2256.167007544887,9577.133333333333,2129.3870371595126,-213.0,-0.019017857142857142,0.24701764734377654,10793.6288,46.145399999999995,325
2024-11-22,11288.0,343.43,0.8785,0.0163,B,4,11,22,47,4,0,10987.0,11362.0,10795.0,11430.0,11480.0,10008.0,11075.0,254.6703751910698,9794.142857142857,2407.9847333798575,9818.214285714286,2258.04252118345,9619.5,2144.8332263757707,493.0,0.04566929133858268,0.24585967026442923,9916.508,183.99439999999998,326
2024-11-23,8956.0,341.92,0.8474,0.0214,B,5,11,23,47,4,1,11288.0,10987.0,7668.0,8030.0,8526.0,6852.0,11212.333333333334,198.6210797807991,9864.57142857143,2448.9969278014505,9808.07142857143,2250.5521532516145,9659.1,2164.883883961092,1288.0,0.16797078768909754,0.248261867789639,7589.3144,191.6584,327
2024-11-24,5605.0,334.99,0.8726,0.0185,B,6,11,24,47,4,1,8956.0,11288.0,5232.0,5404.0,5750.0,4832.0,10410.333333333334,1268.4495785537983,10048.57142857143,2300.3296761654883,9874.214285714286,2207.470608866848,9642.9,2168.3800460569437,373.0,0.0712920489296636,0.2289210652993804,4890.923000000001,103.6925,328
2024-11-25,12253.0,337.05,0.8367,0.0212,B,0,11,25,48,4,0,5605.0,8956.0,11639.0,10465.0,12755.0,10933.0,8616.333333333334,2856.685550307095,10101.857142857143,2170.836661180157,9888.57142857143,2176.5981472255,9496.133333333333,2288.4975757083444,614.0,0.05275367299596185,0.21489480899213864,10252.0851,259.7636,329
2024-11-26,10805.0,321.7,0.9072,0.0141,B,1,11,26,48,4,0,12253.0,5605.0,10876.0,10907.0,10810.0,10085.0,8938.0,3324.0365521456006,10189.57142857143,2254.1052073304595,10016.285714285714,2263.734709537498,9676.166666666666,2285.7574475861134,-71.0,-0.006528135343876425,0.2212168807227728,9802.296,152.35049999999998,330
2024-11-27,10294.0,307.83,0.9204,0.0088,B,2,11,27,48,4,0,10805.0,12253.0,11362.0,11460.0,10352.0,9196.0,9554.333333333334,3496.0122044028008,10179.42857142857,2250.65878186387,10009.0,2260.8097256037718,9875.266666666666,2102.0106619588046,-1068.0,-0.0939975356451329,0.22109873516682232,9474.5976,90.58720000000001,331
2024-11-28,1140.0,288.72,0.9739,0.0065,B,3,11,28,48,4,0,10294.0,10805.0,10987.0,11200.0,10939.0,9070.0,11117.333333333334,1016.1615685181637,10026.857142857143,2192.5819960776403,9925.714285714286,2224.4290686193312,9853.966666666667,2094.1457230086417,-9847.0,-0.8962410121052152,0.21867091201549385,1110.246,7.409999999999999,332
2024-11-29,14038.0,314.81,0.9708,0.004,B,4,11,29,48,4,0,1140.0,10294.0,11288.0,10795.0,11430.0,11480.0,7413.0,5438.582260111549,8620.142857142857,3937.9972671639057,9207.142857142857,3194.48134365268,9555.8,2628.692350934595,2750.0,0.24362154500354358,0.4568366594877006,13628.0904,56.152,333
2024-11-30,9827.0,333.38,0.931,0.0081,B,5,11,30,48,4,1,14038.0,1140.0,8956.0,7668.0,8030.0,8526.0,8490.666666666666,6635.4057399177445,9013.0,4362.764643357841,9438.785714285714,3427.5570618281313,9717.2,2751.612961456454,871.0,0.0972532380527021,0.4840524401817199,9148.937,79.5987,334
2024-12-01,6702.0,333.51,0.9375,0.0064,B,6,12,1,48,4,1,9827.0,14038.0,5605.0,5232.0,5404.0,5750.0,8335.0,6577.168767790593,9137.42857142857,4373.276073957321,9593.0,3390.121350221958,9742.433333333332,2748.942927661506,1097.0,0.19571810883140053,0.4786112460164043,6283.125,42.8928,335
2024-12-02,16467.0,336.96,0.9736,0.004,B,0,12,2,49,4,0,6702.0,9827.0,12253.0,11639.0,10465.0,12755.0,10189.0,3681.3729775723596,9294.142857142857,4243.320375545991,9698.0,3265.12110742524,9583.166666666666,2783.0029066030274,4214.0,0.34391577572839305,0.4565585488375465,16032.271200000001,65.868,336
2024-12-03,14486.0,337.35,0.9266,0.0069,B,1,12,3,49,4,0,16467.0,6702.0,10805.0,10876.0,10907.0,10810.0,10998.666666666666,4986.82347124232,9896.142857142857,4969.789111172002,10042.857142857143,3710.4853063704745,9847.866666666667,3044.3595525261885,3681.0,0.34067561314206385,0.5021945603366971,13422.7276,99.9534,337
2024-12-04,12987.0,339.01,0.9288,0.0069,B,2,12,4,49,4,0,14486.0,16467.0,10294.0,11362.0,11460.0,10352.0,12551.666666666666,5161.883409505997,10422.0,5267.793813985764,10300.714285714286,3893.7488644980954,10139.066666666668,3056.6573689676693,2693.0,0.2616087040994754,0.5054494160416201,12062.3256,89.6103,338
2024-12-05,13248.0,324.64,0.8951,0.013,B,3,12,5,49,4,0,12987.0,14486.0,1140.0,10987.0,11200.0,10939.0,14646.666666666666,1745.554448687643,10806.714285714286,5354.510799761444,10416.785714285714,3951.609510032616,10146.8,3063.7890491890953,12108.0,5.0,0.495480000506697,11858.2848,172.224,339
2024-12-06,12372.0,306.37,0.9435,0.0115,B,4,12,6,49,4,0,13248.0,12987.0,14038.0,11288.0,10795.0,11430.0,13573.666666666666,800.8085497378532,12536.42857142857,3255.6577859240288,10578.285714285714,4022.277472519028,10228.066666666668,3113.910812326908,-1666.0,-0.11867787434107423,0.25969579512812035,11672.982,142.278,340
2024-12-07,9082.0,345.44,0.9807,0.0032,B,5,12,7,49,4,1,12372.0,13248.0,9827.0,8956.0,7668.0,8030.0,12869.0,449.76327106593016,12298.42857142857,3187.780254719743,10655.714285714286,4047.3456910495224,10295.4,3138.4262100393653,-745.0,-0.07581153963569756,0.2592022416689496,8906.7174,29.0624,341
2024-12-08,6557.0,341.51,0.9644,0.0036,B,6,12,8,49,4,1,9082.0,12372.0,6702.0,5605.0,5232.0,5404.0,11567.333333333334,2196.475661903243,12192.0,3294.6881997138125,10664.714285714286,4043.413512759341,10233.5,3143.6033766452088,-145.0,-0.02163533273649657,0.270233612181251,6323.5708,23.6052,342
2024-12-09,13198.0,333.28,0.9118,0.0118,B,0,12,9,50,4,0,6557.0,9082.0,16467.0,12253.0,11639.0,10465.0,9337.0,2915.874654370452,12171.285714285714,3335.1647492683196,10732.714285714286,3958.8982427821115,10071.066666666668,3204.9451330322504,-3269.0,-0.19851824861844902,0.2740190993424599,12033.9364,155.7364,343
2024-12-10,12512.0,336.79,0.9384,0.0083,B,1,12,10,50,4,0,13198.0,6557.0,14486.0,10805.0,10876.0,10907.0,9612.333333333334,3352.112816319482,11704.285714285714,2822.9506262234418,10800.214285714286,3994.70761765482,10243.333333333334,3230.2450567157853,-1974.0,-0.1362695015877399,0.2411894835049932,11741.2608,103.8496,344
2024-12-11,12672.0,331.23,0.901,0.0102,B,2,12,11,50,4,0,12512.0,13198.0,12987.0,10294.0,11362.0,11460.0,10755.666666666666,3652.2938454255436,11422.285714285714,2587.537485350754,10922.142857142857,4020.8304893611003,10480.266666666666,3121.9113832806756,-315.0,-0.024255024255024255,0.22653412373624593,11417.472,129.2544,345
2024-12-12,12470.0,317.71,0.8042,0.0331,B,3,12,12,50,4,0,12672.0,12512.0,13248.0,1140.0,10987.0,11200.0,12794.0,358.90388685542274,11377.285714285714,2558.3647586095503,11092.0,4042.4243297232492,10553.833333333334,3147.438422977767,-778.0,-0.058725845410628016,0.2248660025648454,10028.374,412.75699999999995,346
2024-12-13,11852.0,305.95,0.9837,0.0063,B,4,12,13,50,4,0,12470.0,12672.0,12372.0,14038.0,11288.0,10795.0,12551.333333333334,106.5895554605083,11266.142857142857,2479.225848833435,11901.285714285714,2857.148940103416,10605.933333333332,3166.3654017613403,-520.0,-0.04203039120594892,0.2200598625696974,11658.8124,74.66760000000001,347
2024-12-14,9872.0,344.6,0.9069,0.0061,B,5,12,14,50,4,1,11852.0,12470.0,9082.0,9827.0,8956.0,7668.0,12331.333333333334,427.2251553142368,11191.857142857143,2448.164103198666,11745.142857142857,2790.34673492362,10619.0,3170.8171251870235,790.0,0.08698524554062982,0.21874511727136645,8952.9168,60.2192,348
2024-12-15,7389.0,336.57,0.9548,0.0043,B,6,12,15,50,4,1,9872.0,11852.0,6557.0,6702.0,5605.0,5232.0,11398.0,1357.1985853219714,11304.714285714286,2350.971906416996,11748.357142857143,2787.99212577916,10574.733333333334,3171.696042893413,832.0,0.12688729601952112,0.20796385003625503,7055.0172,31.7727,349
2024-12-16,13249.0,340.78,0.9243,0.0082,B,0,12,16,51,4,0,7389.0,9872.0,13198.0,16467.0,12253.0,11639.0,9704.333333333334,2236.2192051168267,11423.57142857143,2075.875386204019,11797.42857142857,2696.8965558521218,10461.2,3224.067375440423,51.0,0.0038642218517957265,0.18171859817955519,12246.0507,108.6418,350
2024-12-17,12597.0,330.33,0.9791,0.0033,B,1,12,17,51,4,0,13249.0,7389.0,12512.0,14486.0,10805.0,10876.0,10170.0,2941.3437405376458,11430.857142857143,2083.217577736551,11567.57142857143,2387.704810845818,10647.233333333334,3218.348866489891,85.0,0.006793478260869565,0.18224508903414138,12333.7227,41.5701,351
2024-12-18,12396.0,328.56,0.762,0.0358,B,2,12,18,51,4,0,12597.0,13249.0,12672.0,12987.0,10294.0,11362.0,11078.333333333334,3211.644646179477,11443.0,2090.8036732319147,11432.642857142857,2260.060639320678,10892.733333333334,3068.438015908298,-276.0,-0.021780303030303032,0.1827146441695285,9445.752,443.7768,352
2024-12-19,11604.0,318.11,0.8324,0.028,B,3,12,19,51,4,0,12396.0,12597.0,12470.0,13248.0,1140.0,10987.0,12747.333333333334,445.9286191009302,11403.57142857143,2066.222225636524,11390.42857142857,2234.165571795833,10917.966666666667,3077.8846238076003,-866.0,-0.06944667201283079,0.18119079961735882,9659.169600000001,324.91200000000003,353
2024-12-20,12118.0,312.85,0.9424,0.0052,B,4,12,20,51,4,0,11604.0,12396.0,11852.0,12372.0,14038.0,11288.0,12199.0,524.9942856831314,11279.857142857143,2017.0692789764396,11273.0,2171.341910503201,10942.233333333334,3080.4111535171132,266.0,0.022443469456631792,0.17882046318766798,11420.003200000001,63.0136,354
2024-12-21,9945.0,345.47,0.8929,0.0091,B,5,12,21,51,4,1,12118.0,11604.0,9872.0,9082.0,9827.0,8956.0,12039.333333333334,401.81753736401066,11317.857142857143,2032.094111056507,11254.857142857143,2162.4958819753706,10967.433333333332,3087.0487265720108,73.0,0.007394651539708265,0.1795476021129132,8879.8905,90.4995,355
2024-12-22,7267.0,335.85,0.981,0.0028,B,6,12,22,51,4,1,9945.0,12118.0,7389.0,6557.0,6702.0,5605.0,11222.333333333334,1135.6647099092656,11328.285714285714,2023.6069870642616,11316.5,2107.391196205904,10932.7,3092.677783477254,-122.0,-0.01651102990932467,0.17863311696953052,7128.927,20.3476,356
2024-12-23,13590.0,330.09,0.9619,0.0045,B,0,12,23,52,4,0,7267.0,9945.0,13249.0,13198.0,16467.0,12253.0,9776.666666666666,2429.8770202076744,11310.857142857143,2063.3247788114218,11367.214285714286,1989.2764892164812,10798.666666666666,3163.080071738601,341.0,0.025737791531436335,0.18241984252399657,13072.221,61.154999999999994,357
2024-12-24,7991.0,325.84,0.9626,0.0057,B,1,12,24,52,4,0,13590.0,7267.0,12597.0,12512.0,14486.0,10805.0,10267.333333333334,3173.7999831957454,11359.57142857143,2119.9582430748524,11395.214285714286,2019.5562413777714,10953.133333333333,3183.0776338299534,-4606.0,-0.3656426133206319,0.18662308313346787,7692.1366,45.548700000000004,358
2024-12-25,716.0,327.76,0.8773,0.0116,B,2,12,25,52,4,0,7991.0,13590.0,12396.0,12672.0,12987.0,10294.0,9616.0,3460.570906656876,10701.57142857143,2371.730511472086,11072.285714285714,2182.1549133675317,11032.666666666666,3072.7357835326957,-11680.0,-0.9422394320748628,0.22162450882119583,628.1468,8.3056,359
2024-12-26,716.0,327.76,0.8773,0.0116,B,3,12,26,52,4,0,716.0,7991.0,11604.0,12470.0,13248.0,1140.0,7432.333333333333,6455.156879064472,9033.0,4303.143579601613,10218.285714285714,3468.3907247858047,10648.1,3592.6990271938985,-10888.0,-0.9382971389176146,0.4763803364996804,628.1468,8.3056,360
2024-12-27,716.0,327.76,0.8773,0.0116,B,4,12,27,52,4,0,716.0,716.0,12118.0,11852.0,12372.0,14038.0,3141.0,4200.223208354545,7477.571428571428,5110.923101787071,9378.714285714286,4222.116119610224,10311.8,4023.8348701293576,-11402.0,-0.9409143423007097,0.6835004052597194,628.1468,8.3056,361
2024-12-28,8175.0,327.76,0.8773,0.0168,B,5,12,28,52,4,1,716.0,716.0,9945.0,9872.0,9082.0,9827.0,716.0,0.0,5848.714285714285,5201.638386581829,8583.285714285714,4737.810455483404,9992.533333333333,4388.728861081752,-1770.0,-0.1779788838612368,0.8893644196788746,7171.9275,137.34,362
2024-12-29,4550.0,327.76,0.8773,0.0118,B,6,12,29,52,4,1,8175.0,716.0,7267.0,7389.0,6557.0,6702.0,3202.3333333333335,4306.455657885435,5595.857142857143,5008.771353953999,8462.07142857143,4723.991426167648,10227.033333333333,4076.229084653449,-2717.0,-0.3738819320214669,0.8950856367638812,3991.7149999999997,53.69,363
2024-12-30,12031.0,327.76,0.8773,0.0077,B,0,12,30,1,4,0,4550.0,8175.0,13590.0,13249.0,13198.0,16467.0,4480.333333333333,3729.987980320238,5207.714285714285,4962.748859059353,8259.285714285714,4833.268895869561,9910.766666666666,4137.957872848785,-1559.0,-0.11471670345842531,0.9529610471667163,10554.7963,92.6387,364
2024-12-31,8900.0,327.76,0.8773,0.0102,B,1,12,31,1,4,0,12031.0,4550.0,7991.0,12597.0,12512.0,14486.0,8252.0,3741.094358606854,4985.0,4540.935292792993,8172.285714285715,4746.731351938139,9984.233333333334,4155.945543131098,909.0,0.11375297209360531,0.9109198180126366,7807.969999999999,90.78,365
2025-01-01,4185.0,327.76,0.8773,0.007,B,2,1,1,1,1,0,8900.0,12031.0,716.0,12396.0,12672.0,12987.0,8493.666666666666,3757.0161476008266,5114.857142857143,4652.843375420039,7908.214285714285,4581.603350164841,10057.5,4115.262104611947,3469.0,4.844972067039106,0.9096722050033591,3671.5004999999996,29.295,366
2025-01-02,13608.0,327.76,0.8773,0.0115,B,3,1,2,1,1,0,4185.0,8900.0,716.0,11604.0,12470.0,13248.0,8372.0,3949.5590893161766,5610.428571428572,4275.692180109241,7321.714285714285,4487.5084131666745,9648.1,4066.271691908174,12892.0,5.0,0.7620972490200567,11938.2984,156.492,367
2025-01-03,13256.0,327.76,0.8773,0.0054,B,4,1,3,1,1,0,13608.0,4185.0,716.0,12118.0,11852.0,12372.0,8897.666666666666,4711.500433336852,7452.142857142857,4581.695444140408,7464.857142857143,4663.137535000399,9618.833333333334,4033.2763876952695,12540.0,5.0,0.6148158364609001,11629.4888,71.5824,368
2025-01-04,8131.0,327.76,0.8773,0.0053,B,5,1,4,1,1,1,13256.0,13608.0,8175.0,9945.0,9872.0,9082.0,10349.666666666666,5341.658200721319,9243.57142857143,3911.440947491631,7546.142857142857,4759.413067517115,9627.8,4041.313617095821,-44.0,-0.005382262996941896,0.4231525636726901,7133.3263,43.0943,369
2025-01-05,5141.0,327.76,0.8773,0.0308,B,6,1,5,1,1,1,8131.0,13256.0,4550.0,7267.0,7389.0,6557.0,11665.0,3065.5901552555847,9237.285714285714,3913.4791730754337,7416.571428571428,4713.5538236400325,9457.233333333334,3990.920857208987,591.0,0.12989010989010988,0.42366115914582264,4510.1993,158.3428,370
2025-01-06,12566.0,357.15,0.9009,0.0101,B,0,1,6,2,1,0,5141.0,8131.0,12031.0,13590.0,13249.0,13198.0,8842.666666666666,4104.04170706553,9321.714285714286,3800.2396290359356,7264.714285714285,4752.826453459375,9216.2,4027.008484958903,535.0,0.04446845648740753,0.4076760467610425,11320.7094,126.91659999999999,371
2025-01-07,11916.0,355.89,0.8577,0.0189,B,1,1,7,2,1,0,12566.0,5141.0,8900.0,7991.0,12597.0,12512.0,8612.666666666666,3735.8611234002474,9398.142857142857,3868.574217485096,7191.571428571428,4654.866464486144,9332.333333333334,4072.9793579853404,3016.0,0.338876404494382,0.4116317740951202,10220.3532,225.2124,372
2025-01-08,11943.0,346.24,0.898,0.0144,B,2,1,8,2,1,0,11916.0,12566.0,4185.0,716.0,12396.0,12672.0,9874.333333333334,4112.050380690068,9829.0,3970.4574043805055,7471.928571428572,4821.920307931673,9510.966666666667,4064.5703296126867,7758.0,1.853763440860215,0.4039533425964498,10724.814,171.9792,373
2025-01-09,9848.0,341.41,0.9361,0.0124,B,3,1,9,2,1,0,11943.0,11916.0,13608.0,716.0,11604.0,12470.0,12141.666666666666,367.7313330861002,10937.285714285714,3125.256560896822,8273.857142857143,4537.082743809699,9469.133333333333,4031.639084261771,-3760.0,-0.27630805408583187,0.28574334094745046,9218.712800000001,122.1152,374
2025-01-10,10329.0,318.76,0.9545,0.0063,B,4,1,10,2,1,0,9848.0,11943.0,13256.0,716.0,12118.0,11852.0,11235.666666666666,1201.8304095558988,10400.142857142857,2905.0973264574973,8926.142857142857,3990.436699779235,9380.333333333334,3991.444456656597,-2927.0,-0.22080567290283645,0.2793324444060175,9859.0305,65.0727,375
2025-01-11,7859.0,295.2,0.9705,0.0059,B,5,1,11,2,1,1,10329.0,9848.0,8131.0,8175.0,9945.0,9872.0,10706.666666666666,1097.3742904466599,9982.0,2622.4282640331635,9612.785714285714,3222.1286604348293,9302.233333333334,3947.496576254398,-272.0,-0.0334522198991514,0.2627157146897579,7627.159500000001,46.3681,376
2025-01-12,4960.0,348.98,0.8867,0.0121,B,6,1,12,2,1,1,7859.0,10329.0,5141.0,4550.0,7267.0,7389.0,9345.333333333334,1309.4771221114709,9943.142857142857,2656.2234738171283,9590.214285714286,3234.060015107732,9148.533333333333,3909.4871939347995,-181.0,-0.0352071581404396,0.26714123612424784,4398.032,60.016,377
2025-01-13,11913.0,342.95,0.9111,0.0097,B,0,1,13,3,1,0,4960.0,7859.0,12566.0,12031.0,13590.0,13249.0,7716.0,2687.355019345238,9917.285714285714,2711.07590661504,9619.5,3186.413362290674,8918.8,3947.4582428836793,-653.0,-0.05196562151838294,0.27336874067364747,10853.9343,115.5561,378
2025-01-14,11460.0,340.17,0.863,0.021,B,1,1,14,3,1,0,11913.0,4960.0,11916.0,8900.0,7991.0,12597.0,8244.0,3492.452003965127,9824.0,2614.2515818744982,9611.07142857143,3179.692860452583,8986.833333333334,3981.8907229964284,-456.0,-0.038267875125881166,0.2661086707934139,9889.98,240.66000000000003,379
2025-01-15,11389.0,342.76,0.8934,0.0144,B,2,1,15,3,1,0,11460.0,11913.0,11943.0,4185.0,716.0,12396.0,9444.333333333334,3890.1460555271365,9758.857142857143,2558.5215410839232,9793.92857142857,3209.1288888535883,9122.533333333333,3994.9071262203834,-554.0,-0.046387004940132294,0.26217430008764875,10174.9326,164.0016,380
2025-01-16,10391.0,333.87,0.89,0.0477,B,3,1,16,3,1,0,11389.0,11460.0,9848.0,13608.0,716.0,11604.0,11587.333333333334,284.2610302755004,9679.714285714286,2487.2754648601367,10308.5,2790.8891263152245,9060.533333333333,3942.7499132155062,543.0,0.055138099106417544,0.25695752905960856,9247.99,495.6507,381
2025-01-17,10798.0,311.21,0.8303,0.0208,B,4,1,17,3,1,0,10391.0,11389.0,10329.0,13256.0,716.0,12118.0,11080.0,597.7466018305473,9757.285714285714,2501.823382674168,10078.714285714286,2625.887291171121,8987.0,3894.7991847661588,469.0,0.04540613805789525,0.2564056701764129,8965.5794,224.5984,382
2025-01-18,7223.0,305.52,0.9485,0.0096,B,5,1,18,3,1,1,10798.0,10391.0,7859.0,8131.0,8175.0,9945.0,10859.333333333334,501.8190244832344,9824.285714285714,2525.8505969465455,9903.142857142857,2474.941579952094,8933.733333333334,3857.315842998035,-636.0,-0.08092632650464436,0.2571027218063955,6851.0155,69.34079999999999,383
2025-01-19,4248.0,349.68,0.8406,0.0187,B,6,1,19,3,1,1,7223.0,10798.0,4960.0,5141.0,4550.0,7267.0,9470.666666666666,1957.144944385401,9733.42857142857,2618.0807765194963,9838.285714285714,2536.095588727834,8787.7,3835.6053889835907,-712.0,-0.1435483870967742,0.2689782698158992,3570.8688,79.4376,384
2025-01-20,9157.0,342.98,0.8427,0.0181,B,0,1,20,4,1,0,4248.0,7223.0,11913.0,12566.0,12031.0,13590.0,7423.0,3279.576954425684,9631.714285714286,2838.954250792923,9774.5,2670.969162912727,8525.366666666667,3868.9640730886267,-2756.0,-0.23134391001427013,0.29475067122824095,7716.6039,165.7417,385
2025-01-21,10177.0,332.18,0.8797,0.0137,B,1,1,21,4,1,0,9157.0,4248.0,11460.0,11916.0,8900.0,7991.0,6876.0,2472.827733587614,9238.0,2654.9946641503084,9531.0,2549.53591553744,8499.1,3861.6617412000546,-1283.0,-0.1119546247818499,0.28739929250382207,8952.706900000001,139.4249,386
2025-01-22,10344.0,342.53,0.9034,0.0142,B,2,1,22,4,1,0,10177.0,9157.0,11389.0,11943.0,4185.0,716.0,7860.666666666667,3169.95588823147,9054.714285714286,2516.7194727982364,9406.785714285714,2465.3727500528685,8596.1,3866.190848795531,-1045.0,-0.09175520238826938,0.2779457632107608,9344.7696,146.8848,387
2025-01-23,10632.0,331.03,0.924,0.0097,B,3,1,23,4,1,0,10344.0,10177.0,10391.0,9848.0,13608.0,716.0,9892.666666666666,642.5545372443669,8905.42857142857,2382.597522113391,9292.57142857143,2374.1909622594962,8487.9,3765.727564907399,241.0,0.02319314791646617,0.2675443975551628,9823.968,103.13040000000001,388
2025-01-24,10094.0,309.82,0.9001,0.0128,B,4,1,24,4,1,0,10632.0,10344.0,10798.0,10329.0,13256.0,716.0,10384.333333333334,230.16588220957505,8939.857142857143,2409.2341403145238,9348.57142857143,2397.4319502425724,8575.933333333332,3784.5337610471533,-704.0,-0.06519725875162068,0.2694935838252715,9085.6094,129.2032,389
2025-01-25,7589.0,292.6,0.9492,0.0061,B,5,1,25,4,1,1,10094.0,10632.0,7223.0,7859.0,8131.0,8175.0,10356.666666666666,269.22357499541596,8839.285714285714,2332.202229244958,9331.785714285714,2390.8530559540422,8888.533333333333,3488.6643500237174,366.0,0.050671466149799255,0.26384510068225786,7203.478800000001,46.2929,390
2025-01-26,4095.0,338.61,0.8918,0.0109,B,6,1,26,4,1,1,7589.0,10094.0,4248.0,4960.0,5141.0,4550.0,9438.333333333334,1624.0031814418755,8891.57142857143,2293.7124825009932,9312.5,2404.6959747064034,9117.633333333333,3141.9106364004706,-153.0,-0.036016949152542374,0.2579648041886691,3651.9210000000003,44.6355,391
2025-01-27,10999.0,329.78,0.8631,0.0134,B,0,1,27,5,1,0,4095.0,7589.0,9157.0,11913.0,12566.0,12031.0,7259.333333333333,3013.0566429015867,8869.714285714286,2345.481451236644,9250.714285714286,2532.829382591459,9230.266666666666,2879.986146199114,1842.0,0.2011575843616905,0.2644370918479659,9493.2369,147.38660000000002,392
2025-01-28,10207.0,317.53,0.8822,0.0105,B,1,1,28,5,1,0,10999.0,4095.0,10177.0,11460.0,11916.0,8900.0,7561.0,3452.0851669679355,9132.857142857143,2482.41531769439,9185.42857142857,2469.9266172308526,9324.4,2890.4377618576027,30.0,0.0029478235236317187,0.27181146916722554,9004.6154,107.1735,393
2025-01-29,9073.0,335.41,0.8587,0.0439,B,2,1,29,5,1,0,10207.0,10999.0,10344.0,11389.0,11943.0,4185.0,8433.666666666666,3778.2055705497755,9137.142857142857,2484.5433804873965,9095.92857142857,2402.95934420249,9512.966666666667,2749.3049213527934,-1271.0,-0.12287316318638825,0.27191688029099087,7790.9851,398.3047,394
2025-01-30,9103.0,333.31,0.9087,0.0099,B,3,1,30,5,1,0,9073.0,10207.0,10632.0,10391.0,9848.0,13608.0,10093.0,968.0475194947751,8955.57142857143,2427.432378539281,8930.5,2310.9104682586994,9414.366666666667,2708.6265062896155,-1529.0,-0.14381113619262603,0.2710527628415666,8271.8961,90.11970000000001,395
2025-01-31,9932.0,329.99,0.9189,0.0147,B,4,1,31,5,1,0,9103.0,9073.0,10094.0,10798.0,10329.0,13256.0,9461.0,646.2290615563498,8737.142857142857,2317.754403768955,8838.5,2273.6313465467415,9421.133333333333,2707.550562884226,-162.0,-0.016049138101842678,0.26527601089572733,9126.5148,146.00039999999998,396
2025-02-01,7615.0,308.74,0.9638,0.0064,B,5,2,1,5,1,1,9932.0,9103.0,7589.0,7223.0,7859.0,8131.0,9369.333333333334,487.5144442304615,8714.0,2302.708043442164,8776.642857142857,2227.5327367754985,9612.7,2521.199976338575,26.0,0.0034260113321913296,0.2642538493736704,7339.3369999999995,48.736000000000004,397
2025-02-02,5069.0,317.56,0.8492,0.0268,B,6,2,2,5,1,1,7615.0,9932.0,4095.0,4248.0,4960.0,5141.0,8883.333333333334,1174.0154740604346,8717.714285714286,2300.6109850997873,8804.642857142857,2208.88693192339,9412.933333333332,2429.4756910356828,974.0,0.23785103785103784,0.26390070948640715,4304.5948,135.8492,398
2025-02-03,12464.0,295.32,0.9228,0.0118,B,0,2,3,6,1,0,5069.0,7615.0,10999.0,9157.0,11913.0,12566.0,7538.666666666667,2432.3984733865823,8856.857142857143,1981.7908087191556,8863.285714285714,2086.0940102929612,9140.033333333333,2442.6848920008424,1465.0,0.13319392672061098,0.2237577931712973,11501.779199999999,147.0752,399
2025-02-04,10677.0,344.31,0.7055,0.0339,B,1,2,4,6,1,0,12464.0,5069.0,10207.0,10177.0,11460.0,11916.0,8382.666666666666,3756.792559262936,9066.142857142857,2297.8638216519857,9099.5,2298.343241086088,9284.466666666667,2508.18901192478,470.0,0.04604683060644656,0.25345550559481744,7532.623500000001,361.95029999999997,400
2025-02-05,10567.0,337.93,0.918,0.0112,B,2,2,5,6,1,0,10677.0,12464.0,9073.0,10344.0,11389.0,11943.0,9403.333333333334,3858.5199666884373,9133.285714285714,2343.1751047304383,9135.214285714286,2320.1559025392803,9469.0,2393.8758646121123,1494.0,0.16466438884602666,0.2565533563748466,9700.506000000001,118.3504,401
2025-02-06,9957.0,335.22,0.8882,0.0137,B,3,2,6,6,1,0,10567.0,10677.0,9103.0,10632.0,10391.0,9848.0,11236.0,1064.9004648322596,9346.714285714286,2404.0194615328123,9151.142857142857,2329.8382201062973,9402.366666666667,2331.7124310084882,854.0,0.09381522574975283,0.2572047660863204,8843.8074,136.4109,402
2025-02-07,9692.0,343.41,0.89,0.0132,B,4,2,7,6,1,0,9957.0,10567.0,9932.0,10094.0,10798.0,10329.0,10400.333333333334,387.85736209760677,9468.714285714286,2411.2486885626677,9102.92857142857,2303.6730358373134,9337.066666666668,2285.8707377900946,-240.0,-0.024164317358034634,0.254654287351408,8625.880000000001,127.9344,403
2025-02-08,6919.0,336.74,0.9415,0.0078,B,5,2,8,6,1,1,9692.0,9957.0,7615.0,7589.0,7223.0,7859.0,10072.0,448.6925450684333,9434.42857142857,2405.262137976004,9074.214285714286,2292.849459266153,9262.033333333333,2233.7314919571,-696.0,-0.09139855548260013,0.25494518504916686,6514.2385,53.968199999999996,404
2025-02-09,3900.0,318.37,0.868,0.0184,B,6,2,9,6,1,1,6919.0,9692.0,5069.0,4095.0,4248.0,4960.0,8856.0,1682.7159593942213,9335.0,2505.3134867051285,9026.357142857143,2332.876817848018,9164.4,2270.937943852178,-1169.0,-0.23061747879266128,0.26837852026835873,3385.2,71.76,405
2025-02-10,10221.0,296.45,0.9809,0.0063,B,0,2,10,7,1,0,3900.0,6919.0,12464.0,10999.0,9157.0,11913.0,6837.0,2896.8705528552805,9168.0,2852.0407897971236,9012.42857142857,2364.9463065716695,8950.1,2453.270123732804,-2243.0,-0.17995827984595636,0.3110864735817107,10025.7789,64.3923,406
2025-02-11,9829.0,337.02,0.9313,0.0073,B,1,2,11,7,1,0,10221.0,3900.0,10677.0,10207.0,10177.0,11460.0,7013.333333333333,3161.5556824660525,8847.57142857143,2527.557836934209,8956.857142857143,2323.4518040437665,9028.833333333334,2454.947251112964,-848.0,-0.0794230589116793,0.28567814991263885,9153.7477,71.7517,407
2025-02-12,9660.0,336.41,0.941,0.0061,B,2,2,12,7,1,0,9829.0,10221.0,10567.0,9073.0,10344.0,11389.0,7983.333333333333,3541.6979449599266,8726.42857142857,2444.2093375392783,8929.857142857143,2309.9639976262874,9191.133333333333,2334.677393845519,-907.0,-0.08583325447146778,0.2800927455639674,9090.06,58.926,408
2025-02-13,9420.0,324.22,0.7646,0.0392,B,3,2,13,7,1,0,9660.0,9829.0,9957.0,9103.0,10632.0,10391.0,9903.333333333334,287.792170382251,8596.857142857143,2352.7036524369955,8971.785714285714,2318.0752021574044,9116.033333333333,2279.6923186728645,-537.0,-0.05393190720096415,0.2736702045109337,7202.531999999999,369.264,409
2025-02-14,9552.0,338.15,0.8634,0.0148,B,4,2,14,7,1,0,9420.0,9660.0,9692.0,9932.0,10094.0,10798.0,9636.333333333334,205.52453219344076,8520.142857142857,2309.3168851827973,8994.42857142857,2321.001863065085,9048.033333333333,2237.396970979244,-140.0,-0.014444903012794058,0.2710420381328211,8247.1968,141.36960000000002,410
2025-02-15,6510.0,330.85,0.8855,0.0129,B,5,2,15,7,1,1,9552.0,9420.0,6919.0,7615.0,7589.0,7223.0,9544.0,120.19983361053976,8500.142857142857,2298.055223340751,8967.285714285714,2311.3961291682594,8986.8,2195.872168253497,-409.0,-0.05911258852435323,0.2703548942603529,5764.605,83.979,411
2025-02-16,3924.0,328.1,0.8365,0.0168,B,6,2,16,7,1,1,6510.0,9552.0,3900.0,5069.0,4095.0,4248.0,8494.0,1719.4615436234753,8441.714285714286,2349.5781688270063,8888.357142857143,2379.003301551126,8857.433333333332,2224.42918959903,24.0,0.006153846153846154,0.2783295062240074,3282.426,65.9232,412
2025-02-17,9059.0,302.87,0.8995,0.0164,B,0,2,17,8,1,0,3924.0,6510.0,10221.0,12464.0,10999.0,9157.0,6662.0,2817.0772087395944,8445.142857142857,2341.8510078262966,8806.57142857143,2534.974517070684,8628.3,2367.104839395505,-1162.0,-0.11368750611486156,0.27730152674037617,8148.5705,148.5676,413
2025-02-18,9134.0,346.23,0.711,0.0345,B,1,2,18,8,1,0,9059.0,3924.0,9829.0,10677.0,10207.0,10177.0,6497.666666666667,2567.522216716615,8279.142857142857,2233.676224565764,8563.357142857143,2310.478425552812,8689.5,2353.2123715290145,-695.0,-0.07070912605554991,0.26979558912172324,6494.273999999999,315.12300000000005,414
2025-02-19,9292.0,338.55,0.8861,0.0083,B,2,2,19,8,1,0,9134.0,9059.0,9660.0,10567.0,9073.0,10344.0,7372.333333333333,2986.5797048351787,8179.857142857143,2167.7783118953134,8453.142857142857,2237.5488600472722,8852.366666666667,2199.2595694967335,-368.0,-0.0380952380952381,0.26501420184193214,8233.6412,77.1236,415
2025-02-20,9831.0,336.11,0.8991,0.0106,B,3,2,20,8,1,0,9292.0,9134.0,9420.0,9957.0,9103.0,10632.0,9161.666666666666,118.93835938562533,8127.285714285715,2130.0340149306976,8362.07142857143,2169.815605929732,8856.866666666667,2200.042362183571,411.0,0.04363057324840764,0.26208430339622935,8839.0521,104.2086,416
2025-02-21,9096.0,332.34,0.9313,0.0062,B,4,2,21,8,1,0,9831.0,9292.0,9552.0,9692.0,9932.0,10094.0,9419.0,365.4435660946917,8186.0,2176.75867595221,8353.07142857143,2162.941674390027,8845.333333333334,2193.781168688419,-456.0,-0.04773869346733668,0.26591237184854755,8471.104800000001,56.395199999999996,417
2025-02-22,6310.0,324.57,0.8678,0.0111,B,5,2,22,8,1,1,9096.0,9831.0,6510.0,6919.0,7615.0,7589.0,9406.333333333334,380.6052197925549,8120.857142857143,2135.4979457237505,8310.5,2140.308344069203,8803.733333333334,2176.144279784029,-200.0,-0.030721966205837174,0.26296459944527767,5475.818,70.041,418
2025-02-23,4220.0,321.82,0.8106,0.0241,B,6,2,23,8,1,1,6310.0,9096.0,3924.0,3900.0,5069.0,4095.0,8412.333333333334,1857.3934244885659,8092.285714285715,2161.8178087191154,8267.0,2176.645160297401,8659.666666666666,2193.9258204750436,296.0,0.07543323139653414,0.2671455117931329,3420.732,101.702,419
2025-02-24,9793.0,289.1,0.8909,0.0185,B,0,2,24,9,1,0,4220.0,6310.0,9059.0,10221.0,12464.0,10999.0,6542.0,2446.264907977072,8134.571428571428,2067.5352360675342,8289.857142857143,2128.40495919588,8463.866666666667,2319.9970531094964,734.0,0.08102439562865658,0.25416646153055283,8724.583700000001,181.1705,420
2025-02-25,9388.0,331.88,0.808,0.0164,B,1,2,25,9,1,0,9793.0,4220.0,9134.0,9829.0,10677.0,10207.0,6774.333333333333,2815.366109999444,8239.42857142857,2139.5896691610847,8259.285714285714,2101.4361546542063,8537.333333333334,2326.2259405390414,254.0,0.027808189183271294,0.2596769485423329,7585.504000000001,153.9632,421
2025-02-26,9184.0,322.98,0.9117,0.011,B,2,2,26,9,1,0,9388.0,9793.0,9292.0,9660.0,10567.0,9073.0,7800.333333333333,3107.265089002445,8275.714285714286,2159.3519640766754,8227.785714285714,2079.285053850188,8713.766666666666,2173.3807556880984,-108.0,-0.01162290142057684,0.2609263550584624,8373.0528,101.024,422
2025-02-27,9182.0,324.92,0.8819,0.0133,B,3,2,27,9,1,0,9184.0,9388.0,9831.0,9420.0,9957.0,9103.0,9455.0,309.9790315489048,8260.285714285714,2151.251009241319,8193.785714285714,2057.8455193037753,8653.266666666666,2132.450054932489,-649.0,-0.06601566473400468,0.26043300239855477,8097.6058,122.1206,423
2025-02-28,9732.0,316.15,0.8883,0.0134,B,4,2,28,9,1,0,9182.0,9184.0,9096.0,9552.0,9692.0,9932.0,9251.333333333334,118.36102962265925,8167.571428571428,2085.246896424379,8176.785714285715,2047.8954742921615,8619.1,2114.835973911852,636.0,0.06992084432717678,0.2553080698051642,8644.935599999999,130.4088,424
2025-03-01,7373.0,334.48,0.9369,0.0092,B,5,3,1,9,1,1,9732.0,9182.0,6310.0,6510.0,6919.0,7615.0,9366.0,316.9668752409304,8258.42857142857,2145.4292388814665,8189.642857142857,2057.734923765318,8641.066666666668,2123.1194507843447,1063.0,0.16846275752773376,0.2597866192490835,6907.7636999999995,67.8316,425
2025-03-02,5032.0,329.15,0.8846,0.0198,B,6,3,2,9,1,1,7373.0,9732.0,4220.0,3924.0,3900.0,5069.0,8762.333333333334,1234.2245878823476,8410.285714285714,2018.3898462458803,8251.285714285714,2016.0520608575205,8583.4,2133.608706006046,812.0,0.1924170616113744,0.23999063941638069,4451.3072,99.6336,426
2025-03-03,12153.0,315.64,0.901,0.0152,B,0,3,3,10,1,0,5032.0,7373.0,9793.0,9059.0,10221.0,12464.0,7379.0,2350.005744673842,8526.285714285714,1741.81483079052,8330.42857142857,1847.8420975782433,8420.066666666668,2212.890790476267,2360.0,0.24098846114571632,0.20428764519022924,10949.853000000001,184.7256,427
2025-03-04,9625.0,297.99,0.9364,0.0082,B,1,3,4,10,1,0,12153.0,5032.0,9388.0,9134.0,9829.0,10677.0,8186.0,3629.447203087549,8863.42857142857,2196.829067629267,8551.42857142857,2108.339255808316,8571.333333333334,2308.977193079413,237.0,0.025244993608862377,0.24785319246671506,9012.85,78.92500000000001,428
2025-03-05,10048.0,348.19,0.8186,0.0277,B,2,3,5,10,1,0,9625.0,12153.0,9184.0,9292.0,9660.0,10567.0,8936.666666666666,3610.0571094282354,8897.285714285714,2208.0587034984287,8586.5,2122.8097037797534,8723.2,2218.743546275211,864.0,0.09407665505226481,0.24817217007576953,8225.2928,278.32959999999997,429
2025-03-06,9558.0,345.08,0.8637,0.0184,B,3,3,6,10,1,0,10048.0,9625.0,9182.0,9831.0,9420.0,9957.0,10608.666666666666,1354.0518207710127,9020.714285714286,2250.497553452384,8640.5,2151.5576021535103,8642.666666666666,2119.928485022351,376.0,0.04094968416467001,0.24948108122839002,8255.2446,175.8672,430
2025-03-07,8930.0,338.44,0.9022,0.0148,B,4,3,7,10,1,0,9558.0,10048.0,9732.0,9096.0,9552.0,9692.0,9743.666666666666,265.6808862777313,9074.42857142857,2259.457962811926,8621.0,2141.149834874842,8605.366666666667,2092.5680557191104,-802.0,-0.0824085491163173,0.2489917624042991,8056.646,132.16400000000002,431
2025-03-08,6594.0,333.59,0.8971,0.0138,B,5,3,8,10,1,1,8930.0,9558.0,7373.0,6310.0,6510.0,6919.0,9512.0,560.4177013621124,8959.857142857143,2240.813648995323,8609.142857142857,2138.7753813498225,8550.8,2060.753518029008,-779.0,-0.10565577105655771,0.25009479652046845,5915.4774,90.99719999999999,432
2025-03-09,4039.0,336.84,0.8909,0.0167,B,6,3,9,10,1,1,6594.0,8930.0,5032.0,4220.0,3924.0,3900.0,8360.666666666666,1561.8672585509185,8848.57142857143,2349.466170370241,8629.42857142857,2116.5222459455426,8438.7,2073.054736706022,-993.0,-0.19733704292527823,0.2655192636840763,3598.3451,67.4513,433
2025-03-10,9723.0,312.83,0.909,0.0113,B,0,3,10,11,1,0,4039.0,6594.0,12153.0,9793.0,9059.0,10221.0,6521.0,2446.317027696959,8706.714285714286,2631.376174443419,8616.5,2145.8779358072916,8250.266666666666,2207.7489539524468,-2430.0,-0.1999506294742039,0.30222378822754087,8838.207,109.86989999999999,434
2025-03-11,9460.0,296.98,0.9559,0.007,B,1,3,11,11,1,0,9723.0,4039.0,9625.0,9388.0,9134.0,9829.0,6785.333333333333,2846.826361640873,8359.57142857143,2230.7411964892253,8611.5,2143.005393223396,8343.733333333334,2208.799797882642,-165.0,-0.017142857142857144,0.26684875122485047,9042.814,66.22,435
2025-03-12,8880.0,338.61,0.9255,0.0129,B,2,3,12,11,1,0,9460.0,9723.0,10048.0,9184.0,9292.0,9660.0,7740.666666666667,3208.4333144594707,8336.0,2215.964124258309,8616.642857142857,2145.0975809664415,8529.066666666668,2050.6847625615846,-1168.0,-0.11624203821656051,0.26583062910968197,8218.44,114.552,436
2025-03-13,8253.0,332.56,0.9335,0.0156,B,3,3,13,11,1,0,8880.0,9460.0,9558.0,9182.0,9831.0,9420.0,9354.333333333334,431.31929394978164,8169.142857142857,2106.857251023515,8594.92857142857,2140.4461959092464,8484.366666666667,2027.0116016770348,-1305.0,-0.13653483992467044,0.2579043221384409,7704.1755,128.7468,437
2025-03-14,8574.0,332.97,0.9552,0.0087,B,4,3,14,11,1,0,8253.0,8880.0,8930.0,9732.0,9096.0,9552.0,8864.333333333334,603.6524938516799,7982.714285714285,2019.4018680693007,8528.57142857143,2135.239951001197,8431.833333333334,2011.3231548742478,-356.0,-0.03986562150055991,0.25297183336289314,8189.884800000001,74.5938,438
2025-03-15,5954.0,337.75,0.9214,0.0109,B,5,3,15,11,1,1,8574.0,8253.0,6594.0,7373.0,6310.0,6510.0,8569.0,313.52990288013615,7931.857142857143,1995.9152811488977,8445.857142857143,2107.2819846041743,8395.633333333333,1998.1863239091183,-640.0,-0.09705793145283591,0.2516327822351509,5486.0156,64.8986,439
2025-03-16,3820.0,336.25,0.893,0.0188,B,6,3,16,11,1,1,5954.0,8574.0,4039.0,5032.0,4220.0,3924.0,7593.666666666667,1429.0347558171525,7840.428571428572,2080.288830678925,8344.5,2195.1483128446152,8280.1,2036.7445009300818,-219.0,-0.05422134191631592,0.26532845899007845,3411.26,71.816,440
2025-03-17,9564.0,317.86,0.8055,0.0316,B,0,3,17,12,1,0,3820.0,5954.0,9723.0,12153.0,9793.0,9059.0,6116.0,2381.136703341515,7809.142857142857,2147.5468507556116,8257.92857142857,2353.986944094418,8089.033333333334,2177.3210759591825,-159.0,-0.01635297747608763,0.27500417011724865,7703.802,302.22240000000005,441
2025-03-18,8486.0,316.56,0.9608,0.0062,B,1,3,18,12,1,0,9564.0,3820.0,9460.0,9625.0,9388.0,9134.0,6446.0,2903.43451794596,7786.428571428572,2124.6492931887574,8073.0,2113.90579078341,8190.833333333333,2172.33680127205,-974.0,-0.10295983086680761,0.27286570135439503,8153.3488,52.6132,442
2025-03-19,8451.0,352.92,0.8657,0.0286,B,2,3,19,12,1,0,8486.0,9564.0,8880.0,10048.0,9184.0,9292.0,7290.0,3053.063379623827,7647.285714285715,2026.4024537987923,7991.642857142857,2071.0638146073056,8342.9,2017.5086779285996,-429.0,-0.04831081081081081,0.2649832279724187,7316.0307,241.6986,443
2025-03-20,9087.0,339.56,0.8755,0.0195,B,3,3,20,12,1,0,8451.0,8486.0,8253.0,9558.0,9182.0,9831.0,8833.666666666666,632.7292733336691,7586.0,1989.0501083012446,7877.571428571428,1991.5436886335692,8322.633333333333,2013.11613799538,834.0,0.10105416212286442,0.2622001197338841,7955.6685,177.1965,444
2025-03-21,8572.0,341.16,0.8625,0.0717,B,4,3,21,12,1,0,9087.0,8451.0,8574.0,8930.0,9732.0,9096.0,8674.666666666666,357.51969642714477,7705.142857142857,2059.395900789924,7843.928571428572,1964.7711342265918,8321.066666666668,2012.481123206956,-2.0,-0.00023326335432703523,0.26727549884176555,7393.35,614.6124,445
2025-03-22,5965.0,348.34,0.8969,0.0118,B,5,3,22,12,1,1,8572.0,9087.0,5954.0,6594.0,7373.0,6310.0,8703.333333333334,337.7281944602151,7704.857142857143,2059.255401722592,7818.357142857143,1951.8357279215757,8297.066666666668,2004.7813868837084,11.0,0.0018474974806852536,0.2672671749185698,5350.0085,70.387,446
2025-03-23,4327.0,315.19,0.9413,0.0211,B,6,3,23,12,1,1,5965.0,8572.0,3820.0,4039.0,5032.0,4220.0,7874.666666666667,1673.7461974066978,7706.428571428572,2057.700241948314,7773.428571428572,1989.0708582453308,8168.2,2026.9110930946886,507.0,0.13272251308900523,0.2670108757741811,4073.0051000000003,91.2997,447
2025-03-24,9478.0,310.44,0.9173,0.0143,B,0,3,24,13,1,0,4327.0,5965.0,9564.0,9723.0,12153.0,9793.0,6288.0,2140.853334537444,7778.857142857143,1901.0642132387352,7794.0,1948.554217480611,8009.233333333334,2135.7271342458475,-86.0,-0.008992053534086157,0.2443886265457861,8694.1694,135.5354,448
2025-03-25,8959.0,302.38,0.9618,0.0081,B,1,3,25,13,1,0,9478.0,4327.0,8486.0,9460.0,9625.0,9388.0,6590.0,2631.7615773470216,7766.571428571428,1887.8367564616085,7776.5,1930.9175479349228,8114.833333333333,2127.114948879605,473.0,0.05573886401131275,0.24307209092504983,8616.7662,72.5679,449
2025-03-26,8378.0,335.12,0.9453,0.0083,B,2,3,26,13,1,0,8959.0,9478.0,8451.0,8880.0,10048.0,9184.0,7588.0,2836.006170656202,7834.142857142857,1925.9591920712342,7740.714285714285,1901.7392617759556,8272.8,2000.0707642653365,-73.0,-0.008638031002248255,0.24584172476702054,7919.7234,69.5374,450
2025-03-27,8514.0,337.31,0.9149,0.0108,B,3,3,27,13,1,0,8378.0,8959.0,9087.0,8253.0,9558.0,9182.0,8938.333333333334,550.2911350670182,7823.714285714285,1922.2564617557607,7704.857142857143,1883.2484152141294,8225.633333333333,1979.5639276563215,-573.0,-0.06305711455926048,0.24569614783424618,7789.458600000001,91.9512,451
2025-03-28,8449.0,335.39,0.9181,0.0115,B,4,3,28,13,1,0,8514.0,8378.0,8572.0,8574.0,8930.0,9732.0,8617.0,303.88649196702255,7741.857142857143,1871.0121528708314,7723.5,1890.3704459911714,8196.5,1968.2665531217797,-123.0,-0.01434904339710686,0.24167484859845034,7757.0269,97.1635,452
2025-03-29,5740.0,330.02,0.9286,0.0096,B,5,3,29,13,1,1,8449.0,8514.0,5965.0,5954.0,6594.0,7373.0,8447.0,68.02205524701563,7724.285714285715,1862.4746722470538,7714.571428571428,1886.3352632219603,8172.0,1960.1083362036734,-225.0,-0.037720033528918694,0.2411193398507375,5330.164,55.10399999999999,453
2025-03-30,3643.0,314.93,0.8082,0.0276,B,6,3,30,13,1,1,5740.0,8449.0,4327.0,3820.0,4039.0,5032.0,7567.666666666667,1583.139391630878,7692.142857142857,1899.4711043315033,7699.285714285715,1902.4971213390133,8057.266666666666,1999.2958059127188,-684.0,-0.1580771897388491,0.2469365350602753,2944.2726000000002,100.5468,454
2025-03-31,9563.0,303.15,0.8433,0.032,B,0,3,31,14,1,0,3643.0,5740.0,9478.0,9564.0,9723.0,12153.0,5944.0,2409.485629755882,7594.428571428572,2107.624164562429,7686.642857142857,1930.6395356159712,7854.3,2128.3268667486423,85.0,0.008968136737708377,0.27752241590521254,8064.477900000001,306.016,455
2025-04-01,9723.0,332.87,0.7325,0.0566,B,1,4,1,14,2,0,9563.0,3643.0,8959.0,8486.0,9460.0,9625.0,6315.333333333333,3001.6422727122936,7606.571428571428,2120.4904194660908,7686.571428571428,1930.5647525364695,7927.3,2148.7094627176493,764.0,0.08527737470699855,0.2787708548297081,7122.097500000001,550.3217999999999,456
2025-04-02,9144.0,321.06,0.7779,0.0361,B,2,4,2,14,2,0,9723.0,9563.0,8378.0,8451.0,8880.0,10048.0,7643.0,3465.025252433242,7715.714285714285,2219.072607666343,7774.928571428572,1997.1268001916887,8083.666666666667,2100.901930014866,766.0,0.09142993554547625,0.28760430019745237,7113.1176000000005,330.0984,457
2025-04-03,9731.0,302.79,0.8722,0.0183,B,3,4,3,14,2,0,9144.0,9723.0,8514.0,9087.0,8253.0,9558.0,9476.666666666666,298.9988851707135,7825.142857142857,2275.3481366281103,7824.428571428572,2023.5855730431836,7983.366666666667,1967.5199597345843,1217.0,0.1429410382898755,0.2907740060682922,8487.3782,178.0773,458
2025-04-04,8861.0,342.02,0.8223,0.0206,B,4,4,4,14,2,0,9731.0,9144.0,8449.0,8572.0,8574.0,8930.0,9532.666666666666,336.61897351950887,7999.0,2380.8065160080837,7870.428571428572,2061.459255900102,7986.9,1970.6623838279452,412.0,0.04876316723872648,0.29763801925341715,7286.4003,182.5366,459
2025-04-05,6701.0,341.56,0.8851,0.0117,B,5,4,5,14,2,1,8861.0,9731.0,5740.0,5965.0,5954.0,6594.0,9245.333333333334,443.76382607569116,8057.857142857143,2398.8098735672434,7891.071428571428,2070.452364703287,7947.333333333333,1939.52312541587,961.0,0.16742160278745644,0.2976982380102952,5931.0551,78.4017,460
2025-04-06,4054.0,345.7,0.9431,0.0076,B,6,4,6,14,2,1,6701.0,8861.0,3643.0,4327.0,3820.0,4039.0,8431.0,1560.0961508830237,8195.142857142857,2267.980043164042,7943.642857142857,2026.6659854261766,7852.1,1927.8160477060715,411.0,0.11281910513313204,0.27674685880396566,3823.3274,30.8104,461
2025-04-07,10208.0,341.24,0.9347,0.007,B,0,4,7,15,2,0,4054.0,6701.0,9563.0,9478.0,9564.0,9723.0,6538.666666666667,2407.608010730445,8253.857142857143,2131.7179635660937,7924.142857142857,2065.090195725953,7689.566666666667,2036.2994611309632,645.0,0.06744745372790965,0.25826930690348504,9541.417599999999,71.456,462
2025-04-08,9415.0,342.28,0.8828,0.0165,B,1,4,8,15,2,0,10208.0,4054.0,9723.0,8959.0,8486.0,9460.0,6987.666666666667,3086.9989202028237,8346.0,2210.230606369669,7976.285714285715,2115.9328704115005,7810.033333333334,2075.7700936301085,-308.0,-0.03167746580273578,0.2648251385537586,8311.562,155.3475,463
2025-04-09,9081.0,323.22,0.9126,0.015,B,2,4,9,15,2,0,9415.0,10208.0,9144.0,8378.0,8451.0,8880.0,7892.333333333333,3347.6580370959896,8302.0,2181.123410844337,8008.857142857143,2135.6417467191472,7989.233333333334,1968.2625750564314,-63.0,-0.006889763779527559,0.26272264645197985,8287.3206,136.215,464
2025-04-10,8458.0,298.19,0.9883,0.0091,B,3,4,10,15,2,0,9081.0,9415.0,9731.0,8514.0,9087.0,8253.0,9568.0,578.8687243235644,8293.0,2177.1964388481883,8059.071428571428,2153.181490949375,7967.833333333333,1952.1865562939086,-1273.0,-0.13081903195971636,0.2625342383755201,8359.0414,76.9678,465
2025-04-11,9084.0,340.92,0.9505,0.0113,B,4,4,11,15,2,0,8458.0,9081.0,8861.0,8449.0,8572.0,8574.0,8984.666666666666,485.71836833018887,8111.142857142857,2088.419771707075,8055.071428571428,2152.323197930921,7934.433333333333,1934.2660852389733,223.0,0.025166459767520594,0.2574754024789448,8634.342,102.6492,466
2025-04-12,6088.0,337.49,0.9813,0.0073,B,5,4,12,15,2,1,9084.0,8458.0,6701.0,5740.0,5965.0,5954.0,8874.333333333334,360.5583632830397,8143.0,2103.4116731316667,8100.428571428572,2167.8977663337046,7941.233333333334,1938.0597600005244,-613.0,-0.09147888374869423,0.2583091825041958,5974.154399999999,44.4424,467
2025-04-13,3886.0,339.68,0.9786,0.0089,B,6,4,13,15,2,1,6088.0,9084.0,4054.0,3643.0,4327.0,3820.0,7876.666666666667,1580.3370948419115,8055.428571428572,2184.6442774620095,8125.285714285715,2140.574057747883,7869.066666666667,1966.1552528121667,-168.0,-0.041440552540700545,0.2712014957479263,3802.8396000000002,34.5854,468
2025-04-14,9688.0,340.1,0.9837,0.006,B,0,4,14,16,2,0,3886.0,6088.0,10208.0,9563.0,9478.0,9564.0,6352.666666666667,2609.0874522203003,8031.428571428572,2236.2429695915207,8142.642857142857,2102.0719671183947,7712.8,2090.5579093662404,-520.0,-0.050940438871473356,0.2784365134674608,9530.0856,58.128,469
2025-04-15,9166.0,340.6,0.9144,0.0084,B,1,4,15,16,2,0,9688.0,3886.0,9415.0,9723.0,8959.0,8486.0,6554.0,2928.936325699157,7957.142857142857,2159.198649852229,8151.571428571428,2108.8236500032735,7837.266666666666,2093.3871074431386,-249.0,-0.026447158789166224,0.271353510753422,8381.3904,76.9944,470
2025-04-16,9131.0,316.83,0.8416,0.0231,B,2,4,16,16,2,0,9166.0,9688.0,9081.0,9144.0,8378.0,8451.0,7580.0,3209.727091202622,7921.571428571428,2133.0714831858845,8111.785714285715,2081.979464118446,8015.466666666666,1963.1103177203743,50.0,0.005506001541680431,0.26927378013563674,7684.6496,210.9261,471
2025-04-17,8766.0,309.94,0.9094,0.016,B,3,4,17,16,2,0,9131.0,9166.0,8458.0,9731.0,8514.0,9087.0,9328.333333333334,311.97168674949705,7928.714285714285,2137.6797947217874,8110.857142857143,2081.4865197420986,8001.033333333334,1952.8976787528115,308.0,0.036415228186332464,0.2696124135250268,7971.8004,140.256,472
2025-04-18,8324.0,348.2,0.8714,0.0108,B,4,4,18,16,2,0,8766.0,9131.0,9084.0,8861.0,8449.0,8572.0,9021.0,221.5287791687613,7972.714285714285,2153.50108074312,8041.928571428572,2039.2580273711667,8010.366666666667,1955.9620524372835,-760.0,-0.08366358432408631,0.2701088993746858,7253.5336,89.89920000000001,473
2025-04-19,6191.0,340.18,0.8161,0.0296,B,5,4,19,16,2,1,8324.0,8766.0,6088.0,6701.0,5740.0,5965.0,8740.333333333334,404.1117832151684,7864.142857142857,2106.7879523555166,8003.571428571428,2027.684193066841,8006.133333333333,1955.1127444927874,103.0,0.016918528252299607,0.2678979757395887,5052.475100000001,183.2536,474
2025-04-20,2388.0,339.3,0.7592,0.0417,B,6,4,20,16,2,1,6191.0,8324.0,3886.0,4054.0,3643.0,4327.0,7760.333333333333,1376.9336706368144,7878.857142857143,2092.6275690760212,7967.142857142857,2057.2514470728793,7909.6,1971.3323448351016,-1498.0,-0.38548636129696345,0.2656003949726601,1812.9696,99.5796,475
2025-04-21,9800.0,337.27,0.7549,0.0339,B,0,4,21,17,2,0,2388.0,6191.0,9688.0,10208.0,9563.0,9478.0,5634.333333333333,3006.89745973045,7664.857142857143,2587.1661735427183,7848.142857142857,2330.98823074422,7703.466666666666,2208.704952639905,112.0,0.011560693641618497,0.33753612432994795,7398.02,332.21999999999997,476
2025-04-22,9179.0,337.4,0.8253,0.0168,B,1,4,22,17,2,0,9800.0,2388.0,9166.0,9415.0,9723.0,8959.0,6126.333333333333,3706.4231184975924,7680.857142857143,2602.0667701253055,7819.0,2301.579892161021,7831.3,2215.5865908104934,13.0,0.0014182849661793584,0.3387729678770438,7575.4287,154.2072,477
2025-04-23,9415.0,315.73,0.7818,0.0322,B,2,4,23,17,2,0,9179.0,9800.0,9131.0,9081.0,9144.0,8378.0,7122.333333333333,4111.79332327555,7682.714285714285,2603.3077494017302,7802.142857142857,2289.8255847970486,7993.033333333334,2126.250877002519,284.0,0.031102836491074363,0.33885260502821013,7360.647000000001,303.163,478
2025-04-24,8477.0,299.16,0.895,0.0149,B,3,4,24,17,2,0,9415.0,9179.0,8766.0,8458.0,9731.0,8514.0,9464.666666666666,313.4650432397902,7723.285714285715,2631.6986728654497,7826.0,2305.8584251690336,7990.933333333333,2124.764261704354,-289.0,-0.03296828656171572,0.3407485842453831,7586.915,126.3073,479
2025-04-25,8852.0,332.62,0.8706,0.0097,B,4,4,25,17,2,0,8477.0,9415.0,8324.0,9084.0,8861.0,8449.0,9023.666666666666,487.91119410537897,7682.0,2614.8272090777236,7827.357142857143,2306.2645657540434,7974.866666666667,2119.00623639597,528.0,0.06343104276790004,0.3403836512728096,7706.551200000001,85.8644,480
2025-04-26,6159.0,334.54,0.9097,0.0115,B,5,4,26,17,2,1,8852.0,8477.0,6191.0,6088.0,6701.0,5740.0,8914.666666666666,472.12957261046466,7757.428571428572,2643.887217535477,7810.785714285715,2297.356814942941,7990.666666666667,2123.8773315660646,-32.0,-0.0051687934097884025,0.34082005308733265,5602.842299999999,70.8285,481
2025-04-27,4072.0,332.38,0.9437,0.0069,B,6,4,27,17,2,1,6159.0,8852.0,2388.0,3886.0,4054.0,3643.0,7829.333333333333,1458.6522317994004,7752.857142857143,2647.0728127859165,7815.857142857143,2293.33606035274,7912.166666666667,2147.2600838780677,1684.0,0.7051926298157454,0.3414319087801993,3842.7464,28.096799999999998,482
2025-04-28,9736.0,330.66,0.9366,0.0077,B,0,4,28,18,2,0,4072.0,6159.0,9800.0,9688.0,10208.0,9563.0,6361.0,2396.3937489486325,7993.428571428572,2097.771107401258,7829.142857142857,2269.230498416808,7766.266666666666,2255.5000658670774,-64.0,-0.006530612244897959,0.26243696164365027,9118.7376,74.9672,483
2025-04-29,8455.0,323.7,0.807,0.0172,B,1,4,29,18,2,0,9736.0,4072.0,9179.0,9166.0,9415.0,9723.0,6655.666666666667,2864.477671990726,7984.285714285715,2088.704998660283,7832.571428571428,2272.289279873606,7899.466666666666,2249.697002331382,-724.0,-0.07887569452010022,0.2616019858762208,6823.185,145.426,484
2025-04-30,8924.0,310.38,0.8464,0.0187,B,2,4,30,18,2,0,8455.0,9736.0,9415.0,9131.0,9081.0,9144.0,7421.0,2970.2004982829108,7880.857142857143,2036.9699252051687,7781.785714285715,2248.0103742770143,8059.866666666667,2102.4798614531483,-491.0,-0.05215082315454063,0.25847060646840775,7553.2736,166.8788,485
2025-05-01,9527.0,287.11,0.9856,0.004,B,3,5,1,18,2,0,8924.0,8455.0,8477.0,8766.0,8458.0,9731.0,9038.333333333334,648.1082728474754,7810.714285714285,1983.0780547997704,7767.0,2239.1167901652516,8038.566666666667,2089.9260122744936,1050.0,0.12386457473162675,0.2538920234768796,9389.8112,38.108000000000004,486
2025-05-02,10385.0,317.38,0.9324,0.0114,B,4,5,2,18,2,0,9527.0,8924.0,8852.0,8324.0,9084.0,8861.0,8968.666666666666,537.3940205597188,7960.714285714285,2079.2543306263547,7821.357142857143,2274.1964804888935,8032.033333333334,2084.7787360199345,1533.0,0.17318120198825124,0.26118941793422135,9682.974,118.38900000000001,487
2025-05-03,6700.0,316.75,0.9653,0.011,B,5,5,3,18,2,1,10385.0,9527.0,6159.0,6191.0,6088.0,6701.0,9612.0,734.1995641513195,8179.714285714285,2261.5199692747497,7968.571428571428,2373.763830981226,8073.4,2119.624358392216,541.0,0.08783893489202793,0.2764790908680577,6467.51,73.69999999999999,488
2025-05-04,4558.0,347.53,0.7917,0.0241,B,6,5,4,18,2,1,6700.0,10385.0,4072.0,2388.0,3886.0,4054.0,8870.666666666666,1928.1821317845843,8257.0,2189.036774474083,8004.928571428572,2348.204206304349,7972.366666666667,2110.10518586213,486.0,0.1193516699410609,0.2651128466118545,3608.5685999999996,109.8478,489
2025-05-05,11371.0,351.91,0.9119,0.0132,B,0,5,5,19,2,0,4558.0,6700.0,9736.0,9800.0,9688.0,10208.0,7214.333333333333,2947.352427744838,8326.42857142857,2036.5790644397252,8159.928571428572,1993.7961266151162,7828.933333333333,2192.265478092636,1635.0,0.16793344289235826,0.24459214979974397,10369.2149,150.0972,490
2025-05-06,9976.0,346.91,0.8806,0.0152,B,1,5,6,19,2,0,11371.0,4558.0,8455.0,9179.0,9166.0,9415.0,7543.0,3483.8526088226017,8560.0,2301.6863383180416,8272.142857142857,2132.5816011853412,7984.6,2273.7015938620857,1521.0,0.17989355410999408,0.2688885909250049,8784.865600000001,151.6352,491
2025-05-07,9005.0,352.0,0.8863,0.011,B,2,5,7,19,2,0,9976.0,11371.0,8924.0,9415.0,9131.0,9081.0,8635.0,3599.0211169149893,8777.285714285714,2361.147299816024,8329.07142857143,2168.9792517461856,8182.0,2175.640246630536,81.0,0.009076647243388615,0.2690065444688753,7981.1314999999995,99.05499999999999,492
2025-05-08,8998.0,321.39,0.8618,0.0161,B,3,5,8,19,2,0,9005.0,9976.0,9527.0,8477.0,8766.0,8458.0,10117.333333333334,1189.3150689927832,8788.857142857143,2362.1844006887086,8299.785714285714,2155.917694253552,8141.9,2147.920539691248,-529.0,-0.055526398656450086,0.2687703716527577,7754.4764000000005,144.8678,493
2025-05-09,9127.0,300.71,0.9888,0.0028,B,4,5,9,19,2,0,8998.0,9005.0,10385.0,8852.0,8324.0,9084.0,9326.333333333334,562.6387236347422,8713.285714285714,2343.0179764771683,8337.0,2163.6945611259694,8128.0,2140.7350010749915,-1258.0,-0.12113625421280694,0.2689017729139439,9024.7776,25.5556,494
2025-05-10,6510.0,349.68,0.9209,0.0091,B,5,5,10,19,2,1,9127.0,8998.0,6700.0,6159.0,6191.0,6088.0,9043.333333333334,72.54194189115726,8533.57142857143,2239.376762787852,8356.642857142857,2169.968755788629,8129.533333333334,2141.4574916410793,-190.0,-0.028358208955223882,0.26241964241257154,5995.059,59.241,495
2025-05-11,3358.0,351.11,0.8975,0.0106,B,6,5,11,19,2,1,6510.0,9127.0,4558.0,4072.0,2388.0,3886.0,8211.666666666666,1475.0973979142411,8506.42857142857,2266.2946893657786,8381.714285714286,2144.5026831976,8064.6,2160.6023521550387,-1200.0,-0.26327336551118913,0.26642140944765225,3013.805,35.5948,496
2025-05-12,9774.0,342.89,0.9445,0.0085,B,0,5,12,20,2,0,3358.0,6510.0,11371.0,9736.0,9800.0,9688.0,6331.666666666667,2888.6315675996866,8335.0,2630.813055565377,8330.714285714286,2260.245848730453,7873.733333333334,2314.853669812334,-1597.0,-0.14044499164541377,0.31563443977988925,9231.543,83.07900000000001,497
2025-05-13,8564.0,339.11,0.9013,0.0164,B,1,5,13,20,2,0,9774.0,3358.0,9976.0,8455.0,9179.0,9166.0,6547.333333333333,3208.162921881215,8106.857142857143,2381.041258817319,8333.42857142857,2262.085311398291,7996.6,2314.624876138968,-1412.0,-0.14153969526864474,0.29370707005923086,7718.7332,140.4496,498
2025-05-14,8995.0,339.6,0.9398,0.0093,B,2,5,14,20,2,0,8564.0,9774.0,9005.0,8924.0,9415.0,9131.0,7232.0,3409.095481209064,7905.142857142857,2252.6506186099264,8341.214285714286,2262.723416204841,8152.533333333334,2181.9211359895935,-10.0,-0.001110494169905608,0.28496014041978973,8453.501,83.6535,499
2025-05-15,8646.0,315.41,0.8299,0.0326,B,3,5,15,20,2,0,8995.0,8564.0,8998.0,9527.0,8477.0,8766.0,9111.0,613.2837842304311,7903.714285714285,2251.8398932343703,8346.285714285714,2264.2091649971503,8129.433333333333,2168.7331385942202,-352.0,-0.039119804400977995,0.2849090708281928,7175.3153999999995,281.8596,500
2025-05-16,8324.0,299.81,0.9792,0.0033,B,4,5,16,20,2,0,8646.0,8995.0,9127.0,10385.0,8852.0,8324.0,8735.0,228.8689581398281,7853.428571428572,2227.1253412671135,8283.357142857143,2240.99331022729,8112.1,2162.231101081176,-803.0,-0.08798071655527556,0.2835863751749881,8150.8607999999995,27.4692,501
2025-05-17,6169.0,355.1,0.923,0.011,B,5,5,17,20,2,1,8324.0,8646.0,6510.0,6700.0,6159.0,6191.0,8655.0,335.5905243000955,7738.714285714285,2170.5552833538013,8136.142857142857,2158.4895665235804,8085.2,2154.1226936528706,-341.0,-0.05238095238095238,0.28048009051848055,5693.987,67.859,502
2025-05-18,3930.0,348.97,0.8966,0.0149,B,6,5,18,20,2,1,6169.0,8324.0,3358.0,4558.0,4072.0,2388.0,7713.0,1346.801024650651,7690.0,2206.26056182549,8098.214285714285,2190.1002498505745,7998.633333333333,2177.8715722138954,572.0,0.1703394877903514,0.2868999430202198,3523.638,58.557,503
2025-05-19,9698.0,344.39,0.8637,0.0147,B,0,5,19,21,2,0,3930.0,6169.0,9774.0,11371.0,9736.0,9800.0,6141.0,2197.133814768708,7771.714285714285,2021.968901366958,8053.357142857143,2273.04829577926,7852.166666666667,2299.587310551727,-76.0,-0.00777573153263761,0.2601702567841018,8376.1626,142.5606,504
2025-05-20,9118.0,353.91,0.9203,0.0125,B,1,5,20,21,2,0,9698.0,3930.0,8564.0,9976.0,8455.0,9179.0,6599.0,2907.942743590403,7760.857142857143,2009.591702193178,7933.857142857143,2124.326204747229,7969.066666666667,2301.368482436912,554.0,0.0646893974778141,0.2589394013060458,8391.2954,113.97500000000001,505
2025-05-21,8859.0,339.32,0.874,0.0235,B,2,5,21,21,2,0,9118.0,9698.0,8995.0,9005.0,8924.0,9415.0,7582.0,3175.992443315955,7840.0,2056.846534544213,7872.571428571428,2072.626862194459,8193.4,2053.211019270823,-136.0,-0.015119510839355197,0.26235287430410875,7742.766,208.1865,506
2025-05-22,8538.0,327.79,0.9118,0.0123,B,3,5,22,21,2,0,8859.0,9118.0,8646.0,8998.0,9527.0,8477.0,9225.0,429.61261620207875,7820.571428571428,2044.724908729979,7862.142857142857,2066.849920387674,8162.033333333334,2034.9272033634184,-108.0,-0.012491325468424705,0.26145466829442227,7784.9484,105.0174,507
2025-05-23,9208.0,308.86,0.963,0.0061,B,4,5,23,21,2,0,8538.0,8859.0,8324.0,9127.0,10385.0,8852.0,8838.333333333334,290.5517739290895,7805.142857142857,2037.8544623018784,7829.285714285715,2050.999547259112,8140.666666666667,2027.2315644967427,884.0,0.10619894281595386,0.2610912445294888,8867.304,56.168800000000005,508
2025-05-24,5811.0,347.52,0.9082,0.0092,B,5,5,24,21,2,1,9208.0,8538.0,6169.0,6510.0,6700.0,6159.0,8868.333333333334,335.09749824989694,7931.428571428572,2101.7557626218518,7835.071428571428,2055.052140992472,8133.766666666666,2023.0926595673661,-358.0,-0.05803209596368941,0.2649908202152911,5277.5502,53.4612,509
2025-05-25,3935.0,346.21,0.9232,0.0104,B,6,5,25,21,2,1,5811.0,9208.0,3930.0,3358.0,4558.0,4072.0,7852.333333333333,1799.3071814821885,7880.285714285715,2155.458861765118,7785.142857142857,2097.769176168688,8044.9,2065.6027816896676,5.0,0.001272264631043257,0.2735254710191042,3632.792,40.924,510
2025-05-26,5494.0,340.85,0.826,0.0439,B,0,5,26,22,2,0,3935.0,5811.0,9698.0,9774.0,11371.0,9736.0,6318.0,2672.811067022901,7881.0,2153.931908549233,7826.357142857143,2007.8401563387793,7881.0,2190.643914154156,-4204.0,-0.433491441534337,0.27330692913960575,4538.044,241.1866,511
2025-05-27,9931.0,354.82,0.833,0.0239,B,1,5,27,22,2,0,5494.0,3935.0,9118.0,8564.0,9976.0,8455.0,5080.0,1004.1867356224853,7280.428571428572,2148.953765373774,7520.642857142857,2014.30666090736,7858.833333333333,2211.930395539741,813.0,0.0891642904145646,0.29516858029583065,8272.523,237.35090000000002,512
2025-05-28,9550.0,334.28,0.8623,0.0164,B,2,5,28,22,2,0,9931.0,5494.0,8859.0,8995.0,9005.0,8924.0,6453.333333333333,3110.9876781069747,7396.571428571428,2282.631876960043,7618.285714285715,2100.0797944023648,8054.133333333333,2122.912373869066,691.0,0.07799977424088497,0.30860675097961027,8234.965,156.62,513
2025-05-29,8822.0,312.65,0.8082,0.0271,B,3,5,29,22,2,0,9550.0,9931.0,8538.0,8646.0,8998.0,9527.0,8325.0,2459.1077650237335,7495.285714285715,2369.6974289477876,7657.928571428572,2133.046447771728,8047.933333333333,2118.0972256889486,284.0,0.033263059264464746,0.31615838532095436,7129.9404,239.0762,514
2025-05-30,9361.0,309.2,0.8927,0.015,B,4,5,30,22,2,0,8822.0,9550.0,9208.0,8324.0,9127.0,10385.0,9434.333333333334,563.4752286776356,7535.857142857143,2392.843178352967,7670.5,2139.825612952161,8060.166666666667,2121.586314177602,153.0,0.01661598609904431,0.31752767243219593,8356.5647,140.415,515
2025-05-31,6279.0,316.75,0.8803,0.0151,B,5,5,31,22,2,1,9361.0,8822.0,5811.0,6169.0,6510.0,6700.0,9244.333333333334,377.76227092355384,7557.714285714285,2411.2905060904127,7744.571428571428,2181.7250307703875,8074.733333333334,2129.208367272758,468.0,0.08053691275167785,0.3190502333024514,5527.4037,94.8129,516
2025-06-01,4235.0,321.14,0.9881,0.0057,B,6,6,1,22,2,1,6279.0,9361.0,3935.0,3930.0,3358.0,4558.0,8154.0,1646.0100242708202,7624.571428571428,2360.7464114231916,7752.428571428572,2175.8044211557294,7966.466666666666,2135.3853683268326,300.0,0.07623888182973317,0.3096234894694286,4184.6035,24.1395,517
2025-06-02,10900.0,336.33,0.9174,0.0104,B,0,6,2,23,2,0,4235.0,6279.0,5494.0,9698.0,9774.0,11371.0,6625.0,2580.456548752581,7667.428571428572,2284.0804756066455,7774.214285714285,2135.745633751326,7761.466666666666,2189.709786050742,5406.0,0.9839825263924281,0.29789393593021535,9999.66,113.36,518
2025-06-03,10471.0,341.07,0.9269,0.0107,B,1,6,3,23,2,0,10900.0,4235.0,9931.0,9118.0,8564.0,9976.0,7138.0,3414.5229535031776,8439.714285714286,2339.9747658386864,7860.071428571428,2240.6164489774937,7901.466666666666,2252.858104005124,540.0,0.0543751888027389,0.27725758084008945,9705.569899999999,112.0397,519
2025-06-04,9493.0,338.62,0.8234,0.0151,B,2,6,4,23,2,0,10471.0,10900.0,9550.0,8859.0,8995.0,9005.0,8535.333333333334,3730.369999521944,8516.857142857143,2405.3212833612047,7956.714285714285,2326.5774277836686,8098.566666666667,2208.4789536026155,-57.0,-0.005968586387434555,0.28241888328237164,7816.5362000000005,143.3443,520
2025-06-05,9626.0,339.34,0.7492,0.044,B,3,6,5,23,2,0,9493.0,10471.0,8822.0,8538.0,8646.0,8998.0,10288.0,721.1303626945354,8508.714285714286,2401.3339844265356,8002.0,2351.527425051466,8035.966666666666,2138.01439437967,804.0,0.09113579687145772,0.2822205451719371,7211.7991999999995,423.544,521
2025-06-06,9019.0,329.86,0.8348,0.0161,B,4,6,6,23,2,0,9626.0,9493.0,9361.0,9208.0,8324.0,9127.0,9863.333333333334,530.4397546689927,8623.57142857143,2437.7675481980523,8079.714285714285,2388.2948996035802,8024.3,2127.99447675585,-342.0,-0.036534558273688705,0.2826865375198603,7529.0612,145.20589999999999,522
2025-06-07,5986.0,303.41,0.9847,0.0041,B,5,6,7,23,2,1,9019.0,9626.0,6279.0,5811.0,6169.0,6510.0,9379.333333333334,319.06477921155505,8574.714285714286,2423.9127263088135,8066.214285714285,2381.9523401087176,8024.766666666666,2128.218482486081,-293.0,-0.046663481446090144,0.28268145684423795,5894.4142,24.542600000000004,523
2025-06-08,4099.0,354.93,0.7284,0.0309,B,6,6,8,23,2,1,5986.0,9019.0,4235.0,3935.0,3930.0,3358.0,8210.333333333334,1950.0913653809557,8532.857142857143,2472.2119264989656,8078.714285714285,2369.6343901237356,7924.366666666667,2151.639991732572,-136.0,-0.032113341204250294,0.2897285030218108,2985.7116,126.6591,524
2025-06-09,10145.0,338.43,0.8768,0.0118,B,0,6,9,24,2,0,4099.0,5986.0,10900.0,5494.0,9698.0,9774.0,6368.0,2482.1448386425986,8513.42857142857,2511.834048203464,8090.428571428572,2347.879721538804,7756.766666666666,2248.3825248744643,-755.0,-0.06926605504587156,0.29504376845696295,8895.136,119.711,525
2025-06-10,9172.0,337.68,0.8573,0.0146,B,1,6,10,24,2,0,10145.0,4099.0,10471.0,9931.0,9118.0,8564.0,6743.333333333333,3093.33062140687,8405.57142857143,2406.2672238097043,8422.642857142857,2280.3121111321097,7877.933333333333,2276.645186617159,-1299.0,-0.12405691910992264,0.28627051048909613,7863.155599999999,133.9112,526
2025-06-11,9394.0,339.78,0.8463,0.0139,B,2,6,11,24,2,0,9172.0,10145.0,9493.0,9550.0,8859.0,8995.0,7805.333333333333,3246.438407444899,8220.0,2266.461706419626,8368.42857142857,2250.52044286121,8071.733333333334,2120.737866604577,-99.0,-0.010428736964078795,0.2757252684208791,7950.1422,130.57659999999998,527
2025-06-12,8365.0,335.2,0.8854,0.0118,B,3,6,12,24,2,0,9394.0,9172.0,9626.0,8822.0,8538.0,8646.0,9570.333333333334,509.904239375695,8205.857142857143,2257.4852844534125,8357.285714285714,2244.5985910992613,8059.066666666667,2111.3340109388387,-1261.0,-0.1309993766881363,0.27510657877080635,7406.371,98.707,528
2025-06-13,8477.0,322.08,0.7019,0.0457,B,4,6,13,24,2,0,8365.0,9394.0,9019.0,9361.0,9208.0,8324.0,8977.0,541.5062326511065,8025.714285714285,2174.043829233545,8324.642857142857,2240.6400049691347,8052.433333333333,2110.005110033569,-542.0,-0.060095354252134386,0.27088477758338936,5950.0063,387.39889999999997,529
2025-06-14,6491.0,300.35,0.913,0.0134,B,5,6,14,24,2,1,8477.0,8365.0,5986.0,6279.0,5811.0,6169.0,8745.333333333334,564.5461303855833,7948.285714285715,2142.190289889093,8261.5,2221.562816162036,8035.166666666667,2104.137190416041,505.0,0.08436351486802539,0.2695160147601217,5926.283,86.9794,530
2025-06-15,6491.0,300.35,0.913,0.0218,B,6,6,15,24,2,1,6491.0,8477.0,4099.0,4235.0,3935.0,3930.0,7777.666666666667,1115.6923112280424,8020.428571428572,2072.4606837559472,8276.642857142857,2207.689206357653,7963.333333333333,2119.2950899204375,2392.0,0.5835569651134423,0.25839774836206886,5926.283,141.5038,531
2025-06-16,6491.0,300.35,0.913,0.0106,B,0,6,16,25,2,0,6491.0,6491.0,10145.0,10900.0,5494.0,9698.0,7153.0,1146.617634610623,8362.142857142857,1409.1799540360516,8437.785714285714,1958.2310769031849,7902.233333333334,2134.9039174589484,-3654.0,-0.3601774273040907,0.16851900022640065,5926.283,68.8046,532
2025-06-17,6491.0,300.35,0.913,0.0212,B,1,6,17,25,2,0,6491.0,6491.0,9172.0,10471.0,9931.0,9118.0,6491.0,0.0,7840.142857142857,1312.11895148916,8122.857142857143,1884.953615309427,7912.966666666666,2126.6831303185636,-2681.0,-0.29230266027038815,0.1673590616137483,5926.283,137.6092,533
2025-06-18,6491.0,300.35,0.913,0.0313,B,2,6,18,25,2,0,6491.0,6491.0,9394.0,9493.0,9550.0,8859.0,6491.0,0.0,7457.142857142857,1248.295962311684,7838.571428571428,1801.866071787601,7998.333333333333,2009.4603381442166,-2903.0,-0.3090270385352353,0.16739601027168177,5926.283,203.16830000000002,534
2025-06-19,6491.0,300.35,0.913,0.0184,B,3,6,19,25,2,0,6491.0,6491.0,8365.0,9626.0,8822.0,8538.0,6491.0,0.0,7042.428571428572,942.2984058747533,7624.142857142857,1768.147177007721,7891.433333333333,2001.2095770469227,-1874.0,-0.22402869097429767,0.13380304767274423,5926.283,119.4344,535
2025-06-20,6491.0,300.35,0.913,0.0144,B,4,6,20,25,2,0,6491.0,6491.0,8477.0,9019.0,9361.0,9208.0,6491.0,0.0,6774.714285714285,750.6374433961904,7400.214285714285,1691.9956891457612,7803.866666666667,2003.161840920372,-1986.0,-0.23428099563524832,0.11079986723263677,5926.283,93.4704,536
2025-06-21,6491.0,300.35,0.913,0.0059,B,5,6,21,25,2,1,6491.0,6491.0,6491.0,5986.0,6279.0,5811.0,6491.0,0.0,6491.0,0.0,7219.642857142857,1640.0459940615337,7724.933333333333,2006.8027570608622,0.0,0.0,0.0,5926.283,38.2969,537
2025-06-22,6491.0,300.35,0.913,0.0179,B,6,6,22,25,2,1,6491.0,6491.0,6491.0,4099.0,4235.0,3935.0,6491.0,0.0,6491.0,0.0,7255.714285714285,1616.2061668074086,7656.7,2012.994872117752,0.0,0.0,0.0,5926.283,116.18889999999999,538
2025-06-23,10537.0,353.44,0.8375,0.0169,B,0,6,23,26,2,0,6491.0,6491.0,6491.0,10145.0,10900.0,5494.0,6491.0,0.0,6491.0,0.0,7426.571428571428,1363.503502818284,7566.133333333333,2001.8832294536478,4046.0,0.6233246032968726,0.0,8824.737500000001,178.07529999999997,539
2025-06-24,8851.0,336.2,0.8665,0.0191,B,1,6,24,26,2,0,10537.0,6491.0,6491.0,9172.0,10471.0,9931.0,7839.666666666667,2335.9591891412333,7069.0,1529.2442577952736,7454.571428571428,1426.204738473367,7723.666666666667,2044.5015467620944,2360.0,0.3635803420120166,0.21633105924392043,7669.391500000001,169.05409999999998,540
2025-06-25,9518.0,337.83,0.8115,0.0217,B,2,6,25,26,2,0,8851.0,10537.0,6491.0,9394.0,9493.0,9550.0,8626.333333333334,2032.3349461477408,7406.142857142857,1636.933660697235,7431.642857142857,1398.7871453591165,7887.533333333334,1923.815600406591,3027.0,0.4663380064704976,0.22102377611019125,7723.857,206.5406,541
2025-06-26,8556.0,326.6,0.8614,0.0165,B,3,6,26,26,2,0,9518.0,8851.0,6491.0,8365.0,9626.0,8822.0,9635.333333333334,849.1020747432574,7838.571428571428,1750.7523960802746,7440.5,1412.4940707839903,8021.666666666667,1891.1827595145364,2065.0,0.3181327992605146,0.22335095266196323,7370.138400000001,141.174,542
2025-06-27,8513.0,313.85,0.7422,0.0328,B,4,6,27,26,2,0,8556.0,9518.0,6491.0,8477.0,9019.0,9361.0,8975.0,492.84175959428876,8133.571428571428,1657.3263465737546,7454.142857142857,1422.993802740297,7975.833333333333,1859.7138467930977,2022.0,0.31150824218148204,0.20376366779689614,6318.348599999999,279.2264,543
2025-06-28,6105.0,296.48,0.9767,0.0053,B,5,6,28,26,2,1,8513.0,8556.0,6491.0,6491.0,5986.0,6279.0,8862.333333333334,568.2308803060002,8422.42857142857,1491.2097837150643,7456.714285714285,1425.015434657084,7941.266666666666,1838.9674189109628,-386.0,-0.059466954244338316,0.17705223274599202,5962.7535,32.3565,544
2025-06-29,3606.0,324.44,0.892,0.0124,B,6,6,29,26,2,1,6105.0,8513.0,6491.0,6491.0,4099.0,4235.0,7724.666666666667,1402.8372440641049,8367.285714285714,1579.082720472599,7429.142857142857,1448.6753024291054,7850.7,1860.8706555136173,-2885.0,-0.4444615621629949,0.18872102308835761,3216.552,44.7144,545
2025-06-30,9962.0,332.29,0.9162,0.0192,B,0,6,30,27,2,0,3606.0,6105.0,10537.0,6491.0,10145.0,10900.0,6074.666666666667,2453.6406283996507,7955.142857142857,2342.4123910028497,7223.071428571428,1763.3965243806408,7658.866666666667,1991.8352260706818,-575.0,-0.05456961184397836,0.29445258659303863,9127.1844,191.2704,546
2025-07-01,10358.0,340.43,0.8554,0.0207,B,1,7,1,27,3,0,9962.0,3606.0,8851.0,6491.0,9172.0,10471.0,6557.666666666667,3202.087496202035,7873.0,2244.8322877221526,7471.0,1891.8776997388495,7781.633333333333,2017.1938597507296,1507.0,0.1702632470907242,0.2851304823729395,8860.2332,214.4106,547
2025-07-02,9446.0,338.09,0.913,0.0115,B,2,7,2,27,3,0,10358.0,9962.0,9518.0,6491.0,9394.0,9493.0,7975.333333333333,3789.130419150727,8088.285714285715,2419.7085715904836,7747.214285714285,2016.0102326728643,7985.733333333334,1954.7679451894508,-72.0,-0.007564614414793024,0.29916210394456505,8624.198,108.629,548
2025-07-03,9631.0,334.25,0.8605,0.02,B,3,7,3,27,3,0,9446.0,10358.0,8556.0,6491.0,8365.0,9626.0,9922.0,457.31389657428826,8078.0,2412.761281187985,7958.285714285715,2029.019218492258,7937.266666666666,1897.1973146129712,1075.0,0.12564282374941563,0.29868300088982236,8287.4755,192.62,549
2025-07-04,4225.0,336.54,0.8206,0.0315,B,4,7,4,27,3,0,9631.0,9446.0,8513.0,6491.0,8477.0,9019.0,9811.666666666666,482.0957719512755,8231.57142857143,2481.4893953123224,8182.571428571428,2027.8965120873934,7909.266666666666,1864.429096927856,-4288.0,-0.5037002231880653,0.30145998450541045,3467.035,133.0875,550
2025-07-05,6267.0,322.42,0.8959,0.0221,B,5,7,5,27,3,1,4225.0,9631.0,6105.0,6491.0,6491.0,5986.0,7767.333333333333,3069.1448863377846,7619.0,2895.209952087503,8020.714285714285,2251.4085310370306,7733.666666666667,1955.9575542487987,162.0,0.026535626535626536,0.3799986812032423,5614.6053,138.50070000000002,551
2025-07-06,4076.0,313.34,0.9439,0.0092,B,6,7,6,27,3,1,6267.0,4225.0,3606.0,6491.0,6491.0,4099.0,6707.666666666667,2729.807563425197,7642.142857142857,2881.7067528677626,8004.714285714285,2263.877355626543,7621.7,1939.9735005299872,470.0,0.13033832501386577,0.3770809845793876,3847.3363999999997,37.4992,552
2025-07-07,11100.0,339.68,0.9071,0.0138,B,0,7,7,28,3,0,4076.0,6267.0,9962.0,10537.0,6491.0,10145.0,4856.0,1224.2307788975672,7709.285714285715,2775.5111069426052,7832.214285714285,2470.654014272678,7456.933333333333,2025.2417298603557,1138.0,0.11423408954025296,0.3600218243046092,10068.81,153.18,553
2025-07-08,10246.0,339.0,0.886,0.0146,B,1,7,8,28,3,0,11100.0,4076.0,10358.0,8851.0,6491.0,9172.0,7147.666666666667,3593.8592534117683,7871.857142857143,2956.8560684490008,7872.428571428572,2522.1118048262447,7627.4,2110.5894028887187,-112.0,-0.010812898242904035,0.3756236952460484,9077.956,149.5916,554
2025-07-09,9843.0,341.11,0.9243,0.0098,B,2,7,9,28,3,0,10246.0,11100.0,9446.0,9518.0,6491.0,9394.0,8474.0,3832.640343157705,7855.857142857143,2941.4237725162416,7972.071428571428,2590.3795523580457,7832.3,2053.8523962342565,397.0,0.04202837179758628,0.3744242950230709,9097.884900000001,96.4614,555
2025-07-10,9242.0,341.67,0.8898,0.017,B,3,7,10,28,3,0,9843.0,10246.0,9631.0,8556.0,6491.0,8365.0,10396.333333333334,641.8429195163504,7912.571428571428,2980.7580052252074,7995.285714285715,2606.704297902476,7822.233333333334,2042.8367140400233,-389.0,-0.04039040598068736,0.37671167105828796,8223.5316,157.114,556
2025-07-11,8999.0,333.69,0.8809,0.0206,B,4,7,11,28,3,0,9242.0,9843.0,4225.0,8513.0,6491.0,8477.0,9777.0,505.24350564847583,7857.0,2946.813985759287,8044.285714285715,2624.442458843433,7824.566666666667,2044.4709067398592,4774.0,1.1299408284023669,0.37505587193067164,7927.2191,185.3794,557
2025-07-12,6037.0,315.73,0.8748,0.0199,B,5,7,12,28,3,1,8999.0,9242.0,6267.0,6105.0,6491.0,6491.0,9361.333333333334,434.4701754244012,8539.0,2481.9061223180697,8079.0,2634.3148576490844,7811.4,2035.2662216779904,-230.0,-0.036700175522578586,0.2906553603838939,5281.1676,120.1363,558
2025-07-13,3795.0,302.05,0.9824,0.0091,B,6,7,13,28,3,1,6037.0,8999.0,4076.0,3606.0,6491.0,6491.0,8092.666666666667,1784.400833146341,8506.142857142857,2518.253722229697,8074.142857142857,2638.2941708361636,7733.8,2057.6880129457536,-281.0,-0.06894013738959764,0.2960511908302887,3728.208,34.5345,559
2025-07-14,10156.0,335.72,0.8932,0.0149,B,0,7,14,29,3,0,3795.0,6037.0,11100.0,9962.0,10537.0,6491.0,6277.0,2610.2881067039493,8466.0,2601.5069991577147,8087.642857142857,2614.044335070512,7577.733333333334,2173.662203451262,-944.0,-0.08504504504504505,0.30728880216840476,9071.3392,151.3244,560
2025-07-15,9169.0,349.47,0.8998,0.0111,B,1,7,15,29,3,0,10156.0,3795.0,10246.0,10358.0,8851.0,6491.0,6662.666666666667,3226.32520576172,8331.142857142857,2462.988390050532,8101.5,2625.2349272163947,7699.9,2213.112511747906,-1077.0,-0.10511419090376732,0.2956363169236552,8250.2662,101.77590000000001,561
2025-07-16,9123.0,343.74,0.8504,0.0164,B,2,7,16,29,3,0,9169.0,10156.0,9843.0,9446.0,9518.0,6491.0,7706.666666666667,3423.360094020693,8177.285714285715,2354.69366119993,8016.571428571428,2565.1652132813037,7789.166666666667,2216.67584433325,-720.0,-0.0731484303565986,0.2879554100801787,7758.1992,149.61720000000003,562
2025-07-17,9084.0,337.07,0.8761,0.0166,B,3,7,17,29,3,0,9123.0,9169.0,9242.0,9631.0,8556.0,6491.0,9482.666666666666,583.5771871254932,8074.428571428572,2284.4841764347675,7993.5,2552.742258525424,7876.9,2215.609690356123,-158.0,-0.01709586669552045,0.2829282786051799,7958.4924,150.7944,563
2025-07-18,8722.0,336.89,0.8812,0.0159,B,4,7,18,29,3,0,9084.0,9123.0,8999.0,4225.0,8513.0,6491.0,9125.333333333334,42.54801209593525,8051.857142857143,2271.7707064880087,7954.428571428572,2529.8346164943528,7963.333333333333,2210.2512937693646,-277.0,-0.030781197910878987,0.28214245063988896,7685.8264,138.6798,564
2025-07-19,5948.0,319.7,0.8666,0.0133,B,5,7,19,29,3,1,8722.0,9084.0,6037.0,6267.0,6105.0,6491.0,8976.333333333334,221.1206307274858,8012.285714285715,2254.8726286485567,8275.642857142857,2294.422153066752,8037.7,2196.4941525232707,-89.0,-0.014742421732648666,0.2814268872898744,5154.5368,79.10839999999999,565
2025-07-20,4260.0,298.39,0.9633,0.0063,B,6,7,20,29,3,1,5948.0,8722.0,3795.0,4076.0,3606.0,6491.0,7918.0,1715.6444853174057,7999.571428571428,2268.078985775003,8252.857142857143,2317.373442138669,8019.6,2211.8625884861794,465.0,0.1225296442687747,0.28352506206448597,4103.658,26.838,566
2025-07-21,9871.0,345.59,0.8807,0.011,B,0,7,21,30,3,0,4260.0,5948.0,10156.0,11100.0,9962.0,10537.0,6310.0,2252.9189954368276,8066.0,2126.8199265569906,8266.0,2292.2479728927065,7945.233333333334,2300.748074496381,-285.0,-0.02806222922410398,0.26367715429667626,8693.3897,108.58099999999999,567
2025-07-22,9043.0,355.86,0.9017,0.0101,B,1,7,22,30,3,0,9871.0,4260.0,9169.0,10246.0,10358.0,8851.0,6693.0,2878.732186223663,8025.285714285715,2082.406437616935,8178.214285714285,2196.917251989219,8057.9,2309.8199564109837,-126.0,-0.01374195659286727,0.2594806604716974,8154.0731,91.3343,568
2025-07-23,9379.0,353.13,0.8611,0.018,B,2,7,23,30,3,0,9043.0,9871.0,9123.0,9843.0,9446.0,9518.0,7724.666666666667,3028.916032730747,8007.285714285715,2071.388078421919,8092.285714285715,2132.3972580018976,8142.966666666666,2297.0816190043774,256.0,0.028060944864627863,0.25868791901934723,8076.256899999999,168.82199999999997,569
2025-07-24,8333.0,347.47,0.8186,0.0258,B,3,7,24,30,3,0,9379.0,9043.0,9084.0,9242.0,9631.0,8556.0,9431.0,416.44207280241295,8043.857142857143,2096.4776355092267,8059.142857142857,2106.542732942826,8104.366666666667,2264.9702667353845,-751.0,-0.08267283135182739,0.2606308886739586,6821.3938,214.9914,570
2025-07-25,8858.0,344.74,0.8946,0.0139,B,4,7,25,30,3,0,8333.0,9379.0,8722.0,8999.0,4225.0,8513.0,8918.333333333334,534.0274649616086,7936.571428571428,2053.1457861163913,7994.214285714285,2081.1353476323393,8087.1,2261.0532082073573,136.0,0.01559275395551479,0.2586942994962693,7924.3668,123.1262,571
2025-07-26,5860.0,321.59,0.8214,0.0367,B,5,7,26,30,3,1,8858.0,8333.0,5948.0,6037.0,6267.0,6105.0,8856.666666666666,523.0012746956975,7956.0,2062.439332441048,7984.142857142857,2076.234159654018,8065.1,2249.83354709968,-88.0,-0.014794889038332213,0.2592306853244153,4813.404,215.062,572
2025-07-27,4119.0,299.64,0.9698,0.005,B,6,7,27,30,3,1,5860.0,8858.0,4260.0,3795.0,4076.0,3606.0,7683.666666666667,1601.0079117023024,7943.428571428572,2076.9361133765033,7971.5,2089.4995260183027,7975.233333333334,2283.146508255849,-141.0,-0.03309859154929577,0.2614659519753169,3994.6062,20.595,573
2025-07-28,10493.0,351.38,0.9584,0.0074,B,0,7,28,31,3,0,4119.0,5860.0,9871.0,10156.0,11100.0,9962.0,6279.0,2397.1234845122362,7923.285714285715,2118.8734989993573,7994.642857142857,2040.9125638808086,7828.766666666666,2386.078512500384,622.0,0.06301286597102623,0.2674235885724808,10056.4912,77.6482,574
2025-07-29,9637.0,343.93,0.8616,0.0139,B,1,7,29,31,3,0,10493.0,4119.0,9043.0,9169.0,10246.0,10358.0,6824.0,3294.5319849714715,8012.142857142857,2224.5719010310777,8018.714285714285,2070.1435263720637,7975.033333333334,2411.128645194635,594.0,0.06568616609532235,0.2776500545104314,8303.2392,133.9543,575
2025-07-30,9308.0,338.98,0.9435,0.0084,B,2,7,30,31,3,0,9637.0,10493.0,9379.0,9123.0,9843.0,9446.0,8083.0,3459.5022763397656,8097.0,2281.060060585842,8052.142857142857,2093.7906682945427,8176.066666666667,2282.2701029870373,-71.0,-0.007570103422539717,0.28171669267455135,8782.098,78.18719999999999,576
2025-07-31,9912.0,344.61,0.89,0.0124,B,3,7,31,31,3,0,9308.0,9637.0,8333.0,9084.0,9242.0,9631.0,9812.666666666666,611.7191621432926,8086.857142857143,2274.5580837143643,8065.357142857143,2101.6379914849017,8154.266666666666,2267.6997753812834,1579.0,0.18948757950318013,0.281266015156878,8821.68,122.9088,577
2025-08-01,12237.0,362.1,0.8631,0.0169,B,4,8,1,31,3,0,9912.0,9308.0,8858.0,8722.0,8999.0,4225.0,9619.0,302.4020502575427,8312.42857142857,2378.9377781650473,8124.5,2143.737848137782,8139.4,2254.1759041602113,3379.0,0.38146308421765635,0.2861904625974072,10561.7547,206.8053,578
2025-08-02,8542.0,351.69,0.8856,0.0148,B,5,8,2,31,3,1,12237.0,9912.0,5860.0,5948.0,6037.0,6267.0,10485.666666666666,1546.4735152382234,8795.142857142857,2811.5710571713707,8375.57142857143,2408.575854805408,8232.433333333332,2364.838897820237,2682.0,0.45767918088737203,0.3196731540168209,7564.7952000000005,126.42160000000001,579
2025-08-03,5669.0,348.61,0.7995,0.0344,B,6,8,3,31,3,1,8542.0,12237.0,4119.0,4260.0,3795.0,4076.0,10230.333333333334,1867.9556561474567,9178.285714285714,2511.673393993573,8560.857142857143,2305.01215939201,8196.133333333333,2350.9480073649625,1550.0,0.3763049283806749,0.273653868726731,4532.3655,195.0136,580
2025-08-04,12359.0,321.84,0.7995,0.0278,B,0,8,4,32,3,0,5669.0,8542.0,10493.0,9871.0,10156.0,11100.0,8816.0,3292.561768592959,9399.714285714286,2009.416143583804,8661.5,2126.6389788005417,8244.266666666666,2280.568122402726,1866.0,0.1778328409415801,0.21377417254455494,9881.0205,343.5802,581
2025-08-05,11172.0,316.47,0.9211,0.0117,B,1,8,5,32,3,0,12359.0,5669.0,9637.0,9043.0,9169.0,10246.0,8856.666666666666,3356.0819914497515,9666.285714285714,2283.6810718870584,8839.214285714286,2329.7437356126416,8447.333333333334,2367.9840303127153,1535.0,0.15928193421189166,0.2362521799362942,10290.5292,130.7124,582
2025-08-06,10126.0,354.61,0.784,0.0236,B,2,8,6,32,3,0,11172.0,12359.0,9308.0,9379.0,9123.0,9843.0,9733.333333333334,3569.502252882508,9885.57142857143,2353.044471682226,8991.285714285714,2412.0973455471444,8683.866666666667,2268.6006279632743,818.0,0.0878813923506661,0.23802816950787697,7938.784000000001,238.9736,583
2025-08-07,9715.0,347.4,0.9238,0.0087,B,3,8,7,32,3,0,10126.0,11172.0,9912.0,8333.0,9084.0,9242.0,11219.0,1117.2416927415095,10002.42857142857,2339.855327233066,9044.642857142857,2429.532611180839,8651.4,2239.6146620529876,-197.0,-0.019874899112187247,0.23392872146238003,8974.716999999999,84.5205,584
2025-08-08,10058.0,348.7,0.9228,0.0076,B,4,8,8,32,3,0,9715.0,10126.0,12237.0,8858.0,8722.0,8999.0,10337.666666666666,751.2085817755808,9974.285714285714,2342.307673661862,9143.357142857143,2426.46772734939,8633.7,2228.6491834199883,-2179.0,-0.17806651957179048,0.23483462783776904,9281.5224,76.4408,585
2025-08-09,6669.0,347.13,0.9147,0.0085,B,5,8,9,32,3,1,10058.0,9715.0,8542.0,5860.0,5948.0,6037.0,9966.333333333334,220.300552276414,9663.0,2126.3141818649437,9229.07142857143,2436.7850656231335,8640.866666666667,2233.013438403789,-1873.0,-0.21926949192226644,0.22004700215926148,6100.1343,56.6865,586
2025-08-10,4412.0,346.89,0.826,0.0241,B,6,8,10,32,3,1,6669.0,10058.0,5669.0,4119.0,4260.0,3795.0,8814.0,1865.5243230791718,9395.42857142857,2392.1226875687044,9286.857142857143,2359.0994649896115,8555.1,2258.396903970165,-1257.0,-0.2217322279061563,0.25460495701527996,3644.312,106.3292,587
2025-08-11,10926.0,329.89,0.6497,0.068,B,0,8,11,33,3,0,4412.0,6669.0,12359.0,10493.0,9871.0,10156.0,7046.333333333333,2841.8505121370126,9215.857142857143,2740.318559861931,9307.785714285714,2310.5261864436306,8402.2,2379.345163463365,-1433.0,-0.11594789222428999,0.29734820292715225,7098.622200000001,742.9680000000001,588
2025-08-12,9408.0,329.92,0.8009,0.038,B,1,8,12,33,3,0,10926.0,4412.0,11172.0,9637.0,9043.0,9169.0,7335.666666666667,3307.776040383235,9011.142857142857,2510.244372471285,9338.714285714286,2330.424174944301,8565.166666666666,2379.1904604563288,-1764.0,-0.15789473684210525,0.2785711437791146,7534.8672,357.504,589
2025-08-13,9002.0,349.39,0.9293,0.008,B,2,8,13,33,3,0,9408.0,10926.0,10126.0,9308.0,9379.0,9123.0,8248.666666666666,3408.23845018704,8759.142857142857,2339.929659097414,9322.357142857143,2328.972688915496,8752.266666666666,2205.491233627819,-1124.0,-0.11100138257949832,0.2671413969677708,8365.5586,72.016,590
2025-08-14,8774.0,348.82,0.8654,0.0142,B,3,8,14,33,3,0,9002.0,9408.0,9715.0,9912.0,8333.0,9084.0,9778.666666666666,1014.1446313683776,8598.57142857143,2267.9588368650357,9300.5,2330.5531449719074,8713.8,2190.174491552725,-941.0,-0.0968605249613999,0.26375995776798883,7593.0196,124.5908,591
2025-08-15,8793.0,342.93,0.7997,0.0242,B,4,8,15,33,3,0,8774.0,9002.0,10058.0,12237.0,8858.0,8722.0,9061.333333333334,321.1375613865941,8464.142857142857,2218.095611748298,9219.214285714286,2327.4281011309567,8700.633333333333,2188.5302970074467,-1265.0,-0.12577053092066018,0.2620579129139409,7031.7621,212.79059999999998,592
2025-08-16,6247.0,341.85,0.8864,0.0162,B,5,8,16,33,3,1,8793.0,8774.0,6669.0,8542.0,5860.0,5948.0,8856.333333333334,126.50823425111808,8283.42857142857,2115.768249528806,8973.214285714286,2159.9035654602476,8689.633333333333,2187.163089063292,-422.0,-0.06327785275153697,0.2554218016470344,5537.3408,101.20139999999999,593
2025-08-17,4432.0,346.82,0.7899,0.0287,B,6,8,17,33,3,1,6247.0,8793.0,4412.0,5669.0,4119.0,4260.0,7938.0,1464.4797711132903,8223.142857142857,2174.629196634921,8809.285714285714,2278.958379765473,8595.066666666668,2230.4277915532916,20.0,0.004533091568449683,0.26445231882916587,3500.8368,127.19839999999999,594
2025-08-18,10515.0,330.83,0.7462,0.0544,B,0,8,18,34,3,0,4432.0,6247.0,10926.0,12359.0,10493.0,9871.0,6490.666666666667,2190.6871829025295,8226.0,2168.7926748923155,8720.92857142857,2429.108809808667,8452.066666666668,2355.9973206081113,-411.0,-0.03761669412410763,0.2636509451607483,7846.293,572.016,595
2025-08-19,9578.0,313.05,0.9633,0.0067,B,1,8,19,34,3,0,10515.0,4432.0,9408.0,11172.0,9637.0,9043.0,7064.666666666667,3122.844269785703,8167.285714285715,2087.5567628438594,8589.214285714286,2260.8312351049867,8604.3,2336.0818382865727,170.0,0.018069727891156462,0.2555998205367584,9226.4874,64.1726,596
2025-08-20,10023.0,343.81,0.7879,0.023,B,2,8,20,34,3,0,9578.0,10515.0,9002.0,10126.0,9308.0,9379.0,8175.0,3275.2143441307817,8191.571428571428,2105.309704623253,8475.357142857143,2158.580003582933,8781.566666666668,2192.4126009133506,1021.0,0.11341924016885137,0.2570092592100377,7897.121700000001,230.529,597
2025-08-21,9013.0,340.77,0.7906,0.0229,B,3,8,21,34,3,0,10023.0,9578.0,8774.0,9715.0,9912.0,8333.0,10038.666666666666,468.6964191598784,8337.42857142857,2203.874985651604,8468.0,2152.6888016903513,8786.633333333333,2195.190974071195,239.0,0.027239571461135172,0.2643350964593611,7125.6777999999995,206.39770000000001,598
2025-08-22,8687.0,344.72,0.8025,0.0261,B,4,8,22,34,3,0,9013.0,10023.0,8793.0,10058.0,12237.0,8858.0,9538.0,506.1867244406727,8371.57142857143,2213.59555603868,8417.857142857143,2129.4584669904516,8785.633333333333,2195.0769915541773,-106.0,-0.01205504378482884,0.2644181650871275,6971.3175,226.7307,599
2025-08-23,6701.0,347.87,0.7575,0.0404,B,5,8,23,34,3,1,8687.0,9013.0,6247.0,6669.0,8542.0,5860.0,9241.0,696.5716043595149,8356.42857142857,2210.5926699373767,8319.92857142857,2079.1607576240744,8762.566666666668,2192.260755371083,454.0,0.07267488394429326,0.26453797229783127,5076.0075,270.7204,600
2025-08-24,4217.0,337.21,0.8692,0.0178,B,6,8,24,34,3,1,6701.0,8687.0,4432.0,4412.0,5669.0,4119.0,8133.666666666667,1251.3869638658389,8421.285714285714,2144.047163216134,8322.214285714286,2077.2228938054313,8708.166666666666,2223.3165515746314,-215.0,-0.04851083032490975,0.2545985537076615,3665.4164,75.0626,601
2025-08-25,10409.0,320.24,0.7535,0.0439,B,0,8,25,35,3,0,4217.0,6701.0,10515.0,10926.0,12359.0,10493.0,6535.0,2239.618717549951,8390.57142857143,2211.2079547269022,8308.285714285714,2105.9148725789964,8553.466666666667,2369.2070801231594,-106.0,-0.010080836899667142,0.26353484664910126,7843.1815,456.9551,602
2025-08-26,8604.0,313.16,0.9446,0.0127,B,1,8,26,35,3,0,10409.0,4217.0,9578.0,9408.0,11172.0,9637.0,7109.0,3116.097559448366,8375.42857142857,2194.534715844689,8271.357142857143,2060.524339808927,8705.1,2336.2184644833765,-974.0,-0.10169137607016078,0.2620205876187628,8127.3384,109.2708,603
2025-08-27,8812.0,345.73,0.85,0.0165,B,2,8,27,35,3,0,8604.0,10409.0,10023.0,9002.0,10126.0,9308.0,7743.333333333333,3184.458562037411,8236.285714285714,2135.666852475312,8213.92857142857,2037.4835332712764,8854.6,2170.229490486957,-1211.0,-0.1208221091489574,0.2592997531364205,7490.2,145.398,604
2025-08-28,8436.0,340.9,0.8106,0.0216,B,3,8,28,35,3,0,8812.0,8604.0,9013.0,8774.0,9715.0,9912.0,9275.0,987.5641751298926,8063.285714285715,2012.2969226140056,8200.357142857143,2032.4570809033685,8798.566666666668,2148.0564861790895,-577.0,-0.06401863974259403,0.24956289457147987,6838.2216,182.2176,605
2025-08-29,8670.0,331.26,0.9238,0.0074,B,4,8,29,35,3,0,8436.0,8812.0,8687.0,8793.0,10058.0,12237.0,8617.333333333334,188.3542761217353,7980.857142857143,1978.443447812033,8176.214285714285,2027.119296651556,8758.533333333333,2143.0775282182367,-17.0,-0.0019569471624266144,0.24789861695278398,8009.346,64.158,606
2025-08-30,5883.0,332.82,0.9135,0.0082,B,5,8,30,35,3,1,8670.0,8436.0,6701.0,6247.0,6669.0,8542.0,8639.333333333334,189.86661985020464,7978.428571428572,1977.442359643935,8167.428571428572,2024.5053228375957,8737.266666666666,2140.6010585706968,-818.0,-0.12207133263691987,0.24784860100462935,5374.1205,48.2406,607
2025-08-31,3483.0,320.95,0.8745,0.0205,B,6,8,31,35,3,1,5883.0,8670.0,4217.0,4432.0,4412.0,5669.0,7663.0,1545.9589257157008,7861.571428571428,2086.6671078654354,8141.428571428572,2053.199893385385,8602.966666666667,2190.172083985919,-734.0,-0.17405738676784444,0.26542620986458626,3045.8835000000004,71.4015,608
2025-09-01,5837.0,352.25,0.8893,0.014,B,0,9,1,36,3,0,3483.0,5883.0,10409.0,10515.0,10926.0,12359.0,6012.0,2595.905044488358,7756.714285714285,2307.1302314264317,8073.642857142857,2195.799402605682,8311.166666666666,2270.972768681277,-4572.0,-0.4392352771639927,0.29743653645661866,5190.8441,81.718,609
2025-09-02,11231.0,318.71,0.8705,0.0178,B,1,9,2,36,3,0,5837.0,3483.0,8604.0,9578.0,9408.0,11172.0,5067.666666666667,1372.5543097937766,7103.571428571428,2065.6562199571013,7739.5,2151.1925404653557,8221.0,2314.7690582655105,2627.0,0.30532310553231057,0.29079122251784234,9776.585500000001,199.9118,610
2025-09-03,10921.0,307.04,0.8926,0.0183,B,2,9,3,36,3,0,11231.0,5837.0,8812.0,10023.0,9002.0,10126.0,6850.333333333333,3972.1542433965737,7478.857142857143,2562.554677697695,7857.571428571428,2300.075240049781,8406.4,2326.0349509634207,2109.0,0.23933272809804812,0.34263987515059335,9748.0846,199.8543,611
2025-09-04,9728.0,366.65,0.7753,0.0279,B,3,9,4,36,3,0,10921.0,11231.0,8436.0,9013.0,8774.0,9715.0,9329.666666666666,3028.706874778957,7780.142857142857,2852.9454036469665,7921.714285714285,2376.364593516456,8358.466666666667,2255.5216344956916,1292.0,0.15315315315315314,0.3666957607375694,7542.1184,271.4112,612
2025-09-05,10128.0,357.72,0.9531,0.008,B,4,9,5,36,3,0,9728.0,10921.0,8670.0,8687.0,8793.0,10058.0,10626.666666666666,793.552980797925,7964.714285714285,2942.825100380323,7972.785714285715,2409.0799449828623,8310.333333333334,2208.323632162589,1458.0,0.16816608996539792,0.36948282070314176,9652.996799999999,81.024,613
2025-09-06,6831.0,358.9,0.9325,0.0102,B,5,9,6,36,3,1,10128.0,9728.0,5883.0,6701.0,6247.0,6669.0,10259.0,607.1927206414385,8173.0,3050.68336606733,8075.714285714285,2471.906564968429,8310.4,2208.380364539296,948.0,0.1611422743498215,0.3732635955056075,6369.9075,69.67620000000001,614
2025-09-07,3944.0,364.8,0.8859,0.0196,B,6,9,7,36,3,1,6831.0,10128.0,3483.0,4217.0,4432.0,4412.0,8895.666666666666,1799.204361192284,8308.42857142857,2951.510678570245,8085.0,2466.583654181807,8214.266666666666,2207.8999685819826,461.0,0.1323571633649153,0.35524295036007697,3493.9896,77.30239999999999,615
2025-09-08,10918.0,358.11,0.8798,0.0197,B,0,9,8,37,3,0,3944.0,6831.0,5837.0,10409.0,10515.0,10926.0,6967.666666666667,3094.264425244456,8374.285714285714,2828.4744836681507,8065.5,2500.3628582821484,8010.466666666666,2311.587284683966,5081.0,0.8704814116840843,0.33775710313335133,9605.6564,215.0846,616
2025-09-09,9144.0,331.87,0.9002,0.0127,B,1,9,9,37,3,0,10918.0,3944.0,11231.0,8604.0,9578.0,9408.0,7231.0,3504.1645223933283,9100.142857142857,2718.6452158241896,8101.857142857143,2540.439781950015,8152.1,2356.297905028422,-2087.0,-0.18582494880242187,0.2987475316049878,8231.4288,116.1288,617
2025-09-10,9022.0,316.55,0.8662,0.0122,B,2,9,10,37,3,0,9144.0,10918.0,10921.0,8812.0,10023.0,9002.0,8002.0,3624.540246707165,8802.0,2555.560538642471,8140.428571428572,2552.719988690357,8309.833333333334,2253.4355240209325,-1899.0,-0.17388517535024264,0.29033862061377763,7814.8564,110.06840000000001,618
2025-09-11,8947.0,350.67,0.9273,0.0096,B,3,9,11,37,3,0,9022.0,9144.0,9728.0,8436.0,9013.0,8774.0,9694.666666666666,1061.1924110797759,8530.714285714286,2388.4585485402827,8155.428571428572,2557.5821128042435,8246.366666666667,2203.4705460083624,-781.0,-0.08028371710526316,0.27998341856789716,8296.553100000001,85.8912,619
2025-09-12,8534.0,358.56,0.923,0.0106,B,4,9,12,37,3,0,8947.0,9022.0,10128.0,8670.0,8687.0,8793.0,9037.666666666666,99.43004240837882,8419.142857142857,2340.9780312632265,8191.928571428572,2565.528209649126,8231.0,2196.687176573872,-1594.0,-0.15738546603475514,0.2780541999328501,7876.8820000000005,90.4604,620
2025-09-13,6128.0,357.88,0.8338,0.0252,B,5,9,13,37,3,1,8534.0,8947.0,6831.0,5883.0,6701.0,6247.0,8834.333333333334,262.7857175215945,8191.428571428572,2221.5269416284045,8182.214285714285,2563.835683519493,8215.4,2192.6811583239632,-703.0,-0.10291318986971161,0.2712014055005028,5109.5264,154.4256,621
2025-09-14,4181.0,351.54,0.9054,0.0162,B,6,9,14,37,3,1,6128.0,8534.0,3944.0,3483.0,4217.0,4432.0,7869.666666666667,1522.3975608668632,8091.0,2307.504496203614,8199.714285714286,2547.72020044984,8127.2,2222.4520226775194,237.0,0.06009127789046653,0.28519398049729505,3785.4773999999998,67.73219999999999,622
2025-09-15,9648.0,351.69,0.8983,0.0166,B,0,9,15,38,3,0,4181.0,6128.0,10918.0,5837.0,10409.0,10515.0,6281.0,2180.5295228453338,8124.857142857143,2237.1830821050476,8249.57142857143,2453.4008959083535,7973.466666666666,2331.639082104121,-1270.0,-0.11632167063564755,0.2753504514318552,8666.7984,160.1568,623
2025-09-16,8801.0,334.25,0.7743,0.0278,B,1,9,16,38,3,0,9648.0,4181.0,9144.0,11231.0,8604.0,9578.0,6652.333333333333,2770.9594607885224,7943.428571428572,2013.1994318449526,8521.785714285714,2375.3053302865874,8086.833333333333,2327.478272550649,-343.0,-0.037510936132983376,0.2534421268778266,6814.6143,244.66779999999997,624
2025-09-17,8889.0,323.58,0.9258,0.0124,B,2,9,17,38,3,0,8801.0,9648.0,9022.0,10921.0,8812.0,10023.0,7543.333333333333,2942.5017133951483,7894.428571428572,1983.0566353605498,8348.214285714286,2247.4484739048194,8232.466666666667,2225.3512195998787,-133.0,-0.014741742407448459,0.25119698245641314,8229.4362,110.22359999999999,625
2025-09-18,8699.0,359.39,0.9111,0.0089,B,3,9,18,38,3,0,8889.0,8801.0,8947.0,9728.0,8436.0,9013.0,9112.666666666666,465.6955371627759,7875.428571428572,1971.0534287653147,8203.07142857143,2131.117672247825,8178.266666666666,2187.3176918448366,-248.0,-0.027718788420699674,0.25027887827160794,7925.6589,77.4211,626
2025-09-19,8539.0,357.51,0.924,0.0086,B,4,9,19,38,3,0,8699.0,8889.0,8534.0,10128.0,8670.0,8687.0,8796.333333333334,95.08592605290148,7840.0,1950.7061969108906,8129.571428571428,2091.861876389085,8148.966666666666,2173.7664513598106,5.0,0.0005858917272088118,0.24881456593251156,7890.036,73.4354,627
2025-09-20,6546.0,356.47,0.8336,0.0191,B,5,9,20,38,3,1,8539.0,8699.0,6128.0,6831.0,5883.0,6701.0,8709.0,175.2141546793745,7840.714285714285,1951.0035634928472,8016.071428571428,2016.8536602374347,8099.5,2146.3623878553103,418.0,0.06821148825065274,0.24882982498770032,5456.7456,125.0286,628
2025-09-21,3885.0,359.54,0.8774,0.0171,B,6,9,21,38,3,1,6546.0,8539.0,4181.0,3944.0,3483.0,4217.0,7928.0,1199.5178197926182,7900.428571428572,1895.4517365826468,7995.714285714285,2031.123161382206,8017.266666666666,2157.387339661861,-296.0,-0.07079646017699115,0.2399175841469455,3408.6989999999996,66.43350000000001,629
2025-09-22,9579.0,335.16,0.9071,0.0122,B,0,9,22,39,3,0,3885.0,6546.0,9648.0,10918.0,5837.0,10409.0,6323.333333333333,2334.9763025207403,7858.142857142857,1993.0472839825854,7991.5,2040.2173998036308,7857.2,2280.6058541687794,-69.0,-0.007151741293532339,0.2536282834526169,8689.1109,116.86380000000001,630
2025-09-23,9140.0,337.41,0.7408,0.0501,B,1,9,23,39,3,0,9579.0,3885.0,8801.0,9144.0,11231.0,8604.0,6670.0,2849.0245699186385,7848.285714285715,1982.8643182935612,7895.857142857143,1920.3369038207259,7953.133333333333,2290.801918517837,339.0,0.0385183501874787,0.25264935432769536,6770.912,457.914,631
2025-09-24,8554.0,317.66,0.8455,0.0219,B,2,9,24,39,3,0,9140.0,9579.0,8889.0,9022.0,10921.0,8812.0,7534.666666666667,3168.316640320753,7896.714285714285,2013.9078689855182,7895.571428571428,1920.1372032021116,8117.233333333334,2187.9570487389346,-335.0,-0.0376870289121386,0.25503111751539753,7232.407,187.33259999999999,632
2025-09-25,8935.0,345.18,0.9153,0.0162,B,3,9,25,39,3,0,8554.0,9140.0,8699.0,8947.0,9728.0,8436.0,9091.0,514.2538283766048,7848.857142857143,1990.2391337534527,7862.142857142857,1903.0156576882232,8055.4,2146.7810321502166,236.0,0.027129555121278306,0.2535705641635574,8178.2055,144.74699999999999,633
2025-09-26,8576.0,339.6,0.9582,0.0057,B,4,9,26,39,3,0,8935.0,8554.0,8539.0,8534.0,10128.0,8670.0,8876.333333333334,297.3723815913911,7882.571428571428,2008.9515389163005,7861.285714285715,1902.4920672460141,8066.433333333333,2150.545058148372,37.0,0.004333060077292423,0.2548599219329099,8217.5232,48.8832,634
2025-09-27,6036.0,333.87,0.9009,0.0113,B,5,9,27,39,3,1,8576.0,8935.0,6546.0,6128.0,6831.0,5883.0,8688.333333333334,213.90262582152326,7887.857142857143,2011.0141246454975,7864.285714285715,1903.667207041394,8058.566666666667,2148.154054119451,-510.0,-0.07791017415215398,0.25495062704914395,5437.8324,68.2068,635
2025-09-28,3795.0,291.86,0.8755,0.0281,B,6,9,28,39,3,1,6036.0,8576.0,3885.0,4181.0,3944.0,3483.0,7849.0,1580.3312943810356,7815.0,2075.921642708739,7857.714285714285,1910.2692290544999,7978.566666666667,2178.094147664857,-90.0,-0.023166023166023165,0.26563296771704914,3322.5224999999996,106.6395,636
2025-09-29,9380.0,320.5,0.9553,0.0056,B,0,9,29,40,3,0,3795.0,6036.0,9579.0,9648.0,10918.0,5837.0,6135.666666666667,2392.057761287013,7802.142857142857,2104.402007584029,7830.142857142857,1969.2920968300534,7816.066666666667,2303.001728379612,-199.0,-0.020774611128510284,0.2697210299933755,8960.714,52.528,637
2025-09-30,8608.0,309.43,0.9949,0.0044,B,1,9,30,40,3,0,9380.0,3795.0,9140.0,8801.0,9144.0,11231.0,6403.666666666667,2810.5943025156485,7773.714285714285,2077.5707540527033,7811.0,1951.4840506650178,7932.633333333333,2290.2506937516314,-532.0,-0.05820568927789934,0.2672558673619693,8564.0992,37.8752,638
2025-10-01,9837.0,334.48,0.6876,0.0703,B,2,10,1,40,4,0,8608.0,9380.0,8554.0,8889.0,9022.0,10921.0,7261.0,3026.361346567865,7697.714285714285,2028.4092876180373,7797.214285714285,1944.6221376508352,8103.466666666666,2132.6166659008622,1283.0,0.14998830956277764,0.2635079989111102,6763.9212,691.5411,639
2025-10-02,9800.0,320.97,0.8663,0.0238,B,3,10,2,40,4,0,9837.0,8608.0,8935.0,8699.0,8947.0,9728.0,9275.0,621.191596852363,7881.0,2171.5903542488286,7864.928571428572,2001.2448996441178,8236.8,2110.960680141485,865.0,0.09681029658645775,0.27554756430006705,8489.74,233.24,640
2025-10-03,10095.0,363.46,0.4836,0.178,B,4,10,3,40,4,0,9800.0,9837.0,8576.0,8539.0,8534.0,10128.0,9415.0,699.1273131554678,8004.571428571428,2264.1990384491774,7943.571428571428,2057.388101987019,8189.1,2056.4331079775384,1519.0,0.17712220149253732,0.28286324366690896,4881.942,1796.9099999999999,641
2025-10-04,6365.0,359.44,0.6378,0.1171,B,5,10,4,40,4,1,10095.0,9800.0,6036.0,6546.0,6128.0,6831.0,9910.666666666666,160.70573522217077,8221.57142857143,2396.9884478335566,8054.714285714285,2132.6791900031467,8161.566666666667,2023.866488770385,329.0,0.054506295559973494,0.29154869828213054,4059.597,745.3415,642
2025-10-05,4448.0,357.59,0.7226,0.0474,B,6,10,5,40,4,1,6365.0,10095.0,3795.0,3885.0,4181.0,3944.0,8753.333333333334,2073.6099761848513,8268.57142857143,2349.7515370170936,8041.785714285715,2143.052143325248,8049.466666666666,2027.245264125554,653.0,0.17206851119894598,0.2841786585887984,3214.1248,210.8352,643
2025-10-06,10722.0,350.84,0.8703,0.0176,B,0,10,6,41,4,0,4448.0,6365.0,9380.0,9579.0,9648.0,10918.0,6969.333333333333,2871.5964781517273,8361.857142857143,2146.741828024597,8082.0,2062.8309524683523,7860.133333333333,2090.6757319325957,1342.0,0.14307036247334753,0.25673026833020995,9331.3566,188.7072,644
2025-10-07,9573.0,355.6,0.7879,0.0284,B,1,10,7,41,4,0,10722.0,4448.0,8608.0,9140.0,8801.0,9144.0,7178.333333333333,3215.1053378285133,8553.57142857143,2306.77920176904,8163.642857142857,2147.5174077253646,7989.833333333333,2144.6270326551767,965.0,0.11210501858736059,0.2696860862193449,7542.5667,271.8732,645
2025-10-08,9755.0,331.61,0.8235,0.0222,B,2,10,8,41,4,0,9573.0,10722.0,9837.0,8554.0,8889.0,9022.0,8247.666666666666,3340.381764609153,8691.42857142857,2339.1815418462534,8194.57142857143,2165.7016171452265,8177.466666666666,2021.1364971792077,-82.0,-0.008335874758564604,0.2691366008041383,8033.2425,216.561,646
2025-10-09,8981.0,323.14,0.8057,0.0261,B,3,10,9,41,4,0,9755.0,9573.0,9800.0,8935.0,8699.0,8947.0,10016.666666666666,617.5777953693719,8679.714285714286,2332.684841856804,8280.357142857143,2204.473514928663,8138.7,1977.4399358766757,-819.0,-0.08357142857142857,0.2687513396260184,7235.9917,234.40410000000003,647
2025-10-10,8859.0,373.83,0.7003,0.2327,B,4,10,10,41,4,0,8981.0,9755.0,10095.0,8576.0,8539.0,8534.0,9436.333333333334,404.69412317615223,8562.714285714286,2287.226174086965,8283.642857142857,2205.558314355332,8133.266666666666,1974.804642164028,-1236.0,-0.12243684992570579,0.26711462017398946,6203.9577,2061.4892999999997,648
2025-10-11,6416.0,368.0,0.887,0.0304,B,5,10,11,41,4,1,8859.0,8981.0,6365.0,6036.0,6546.0,6128.0,9198.333333333334,485.9314080539795,8386.142857142857,2195.0726964857126,8303.857142857143,2209.736839784063,8127.833333333333,1972.4980150915694,51.0,0.008012568735271014,0.26174997658382004,5690.992,195.0464,649
2025-10-12,4187.0,357.16,0.9705,0.005,B,6,10,12,41,4,1,6416.0,8859.0,4448.0,3795.0,3885.0,4181.0,8085.333333333333,1446.9714348712498,8393.42857142857,2187.31714337775,8331.0,2181.895682481343,8043.466666666666,1990.2998514923631,-261.0,-0.05867805755395684,0.2605987678054984,4063.4835000000003,20.935,650
2025-10-13,9290.0,355.65,0.9716,0.0057,B,0,10,13,42,4,0,4187.0,6416.0,10722.0,9380.0,9579.0,9648.0,6487.333333333333,2336.816709400509,8356.142857142857,2266.570127495961,8359.0,2120.869886844319,7898.566666666667,2108.107039148081,-1432.0,-0.13355717216937138,0.2712459763129217,9026.164,52.953,651
2025-10-14,9167.0,360.78,0.9428,0.0056,B,1,10,14,42,4,0,9290.0,4187.0,9573.0,8608.0,9140.0,8801.0,6631.0,2558.2847769550763,8151.571428571428,2073.8813737484734,8352.57142857143,2117.671061632255,8003.966666666666,2095.5391781416024,-406.0,-0.04241094745638776,0.254414917653727,8642.6476,51.3352,652
2025-10-15,9217.0,340.64,0.9397,0.0084,B,2,10,15,42,4,0,9167.0,9290.0,9755.0,9837.0,8554.0,8889.0,7548.0,2911.3610219277257,8093.571428571428,2032.772807205514,8392.5,2128.101889911785,8170.166666666667,1976.2045490131284,-538.0,-0.05515120451050743,0.2511589383185703,8661.214899999999,77.4228,653
2025-10-16,8837.0,323.29,0.9562,0.0068,B,3,10,16,42,4,0,9217.0,9167.0,8981.0,9800.0,8935.0,8699.0,9224.666666666666,61.857362806098145,8016.714285714285,1968.6454492269047,8348.214285714286,2102.0208656862033,8155.8,1966.6339595955405,-144.0,-0.0160338492372787,0.24556762023252016,8449.939400000001,60.0916,654
2025-10-17,9714.0,360.81,0.9586,0.0048,B,4,10,17,42,4,0,8837.0,9217.0,8859.0,10095.0,8576.0,8539.0,9073.666666666666,206.47840887930812,7996.142857142857,1957.6111657298984,8279.42857142857,2066.311865444004,8157.0,1967.0521617121656,855.0,0.09651202167287504,0.244819433657465,9311.840400000001,46.627199999999995,655
2025-10-18,6818.0,356.97,0.9765,0.0067,B,5,10,18,42,4,1,9714.0,8837.0,6416.0,6365.0,6036.0,6546.0,9256.0,439.7988176427838,8118.285714285715,2045.1376248951576,8252.214285714286,2042.9373339751285,8184.5,1983.338090885811,402.0,0.06265586034912718,0.2519174240562065,6657.777,45.6806,656
2025-10-19,4200.0,368.51,0.9889,0.0027,B,6,10,19,42,4,1,6818.0,9714.0,4187.0,4448.0,3795.0,3885.0,8456.333333333334,1485.0536466179772,8175.714285714285,1994.3840915836172,8284.57142857143,2014.1316783126103,8121.8,1996.2027987639567,13.0,0.0031048483401003107,0.24394004265394584,4153.38,11.34,657
2025-10-20,10876.0,355.21,0.9859,0.0031,B,0,10,20,43,4,0,4200.0,6818.0,9290.0,10722.0,9380.0,9579.0,6910.666666666667,2758.1677493099305,8177.571428571428,1990.0521649061172,8266.857142857143,2051.21903181583,7977.166666666667,2118.382907710055,1586.0,0.17072120559741658,0.24335491071996262,10722.6484,33.7156,658
2025-10-21,9452.0,354.44,0.985,0.003,B,1,10,21,43,4,0,10876.0,4200.0,9167.0,9573.0,8608.0,9140.0,7298.0,3363.7841785703285,8404.142857142857,2215.345076850044,8277.857142857143,2065.7593074904617,8121.5,2164.5169207007716,285.0,0.031089778553507145,0.26360154920107953,9310.22,28.356,659
2025-10-22,9410.0,327.52,0.8945,0.0156,B,2,10,22,43,4,0,9452.0,10876.0,9217.0,9755.0,9837.0,8554.0,8176.0,3516.159268292611,8444.857142857143,2234.240096660099,8269.214285714286,2060.1693425007993,8307.066666666668,2022.7850369594598,193.0,0.02093956818921558,0.26456813405658036,8417.244999999999,146.796,660
2025-10-23,9812.0,319.64,0.9878,0.0039,B,3,10,23,43,4,0,9410.0,9452.0,8837.0,8981.0,9800.0,8935.0,9912.666666666666,834.5353996885339,8472.42857142857,2246.5138813387152,8244.57142857143,2043.0219214263282,8301.433333333332,2019.353049068331,975.0,0.11033156048432725,0.26515583606270776,9692.2936,38.266799999999996,661
2025-10-24,9294.0,357.59,0.9888,0.0024,B,4,10,24,43,4,0,9812.0,9410.0,9714.0,8859.0,10095.0,8576.0,9558.0,220.97058627785813,8611.714285714286,2302.4147985890445,8303.92857142857,2077.838761208957,8323.833333333334,2032.65903790276,-420.0,-0.04323656578134651,0.267358475002875,9189.9072,22.3056,662
2025-10-25,6538.0,344.48,0.9946,0.0025,B,5,10,25,43,4,1,9294.0,9812.0,6818.0,6416.0,6365.0,6036.0,9505.333333333334,271.8406395911315,8551.714285714286,2274.2018170694146,8335.0,2089.9945160031,8348.5,2040.025130845872,-280.0,-0.04106776180698152,0.26593519627620027,6502.6948,16.345,663
2025-10-26,3930.0,339.25,0.998,0.0018,B,6,10,26,43,4,1,6538.0,9294.0,4200.0,4187.0,4448.0,3795.0,8548.0,1759.8738591160497,8511.714285714286,2311.9271697212175,8343.714285714286,2081.6152540596986,8268.6,2063.0725428935684,-270.0,-0.06428571428571428,0.2716171022800262,3922.14,7.074,664
2025-10-27,10145.0,318.68,0.969,0.0088,B,0,10,27,44,4,0,3930.0,6538.0,10876.0,9290.0,10722.0,9380.0,6587.333333333333,2682.3402717279223,8473.142857142857,2396.554987794715,8325.357142857143,2121.8364544800324,8113.733333333334,2208.457301053082,-731.0,-0.0672122103714601,0.28284132915030696,9830.505,89.27600000000001,665
2025-10-28,9422.0,324.27,0.9935,0.0029,B,1,10,28,44,4,0,10145.0,3930.0,9452.0,9167.0,9573.0,8608.0,6871.0,3120.852928287407,8368.714285714286,2287.86295585243,8386.42857142857,2163.6297392002184,8250.7,2202.5651056955257,-30.0,-0.0031739314430808295,0.2733828492338302,9360.757,27.3238,666
2025-10-29,8086.0,319.41,0.993,0.0045,B,2,10,29,44,4,0,9422.0,10145.0,9410.0,9217.0,9755.0,9837.0,7832.333333333333,3398.7992487543866,8364.42857142857,2285.5223952189863,8404.642857142857,2171.7644229499583,8438.266666666666,2043.9206903658737,-1324.0,-0.14070138150903294,0.27324310031481797,8029.398,36.387,667
2025-10-30,8334.0,294.7,0.9963,0.0045,B,3,10,30,44,4,0,8086.0,9422.0,9812.0,8837.0,8981.0,9800.0,9217.666666666666,1044.5976897032326,8175.285714285715,2238.88191696104,8323.857142857143,2160.226656809689,8395.133333333333,2037.0038635775452,-1478.0,-0.1506318793314309,0.27385977630711517,8303.1642,37.503,668
2025-10-31,8358.0,319.5,0.9778,0.004,B,4,10,31,44,4,0,8334.0,8086.0,9294.0,9714.0,8859.0,10095.0,8614.0,710.6504063180573,7964.142857142857,2125.630920344287,8287.92857142857,2155.2127313985443,8386.0,2036.630753864374,-936.0,-0.10071013557133635,0.2669001496423256,8172.4524,33.432,669
2025-11-01,7208.0,354.89,0.8813,0.0119,B,5,11,1,44,4,1,8358.0,8334.0,6538.0,6818.0,6416.0,6365.0,8259.333333333334,150.58995097072898,7830.428571428572,2056.343344964755,8191.071428571428,2116.31277549804,8336.7,2018.1123674330343,670.0,0.10247782196390333,0.2626092973337217,6352.4104,85.77520000000001,670
2025-11-02,4996.0,343.04,0.8177,0.0232,B,6,11,2,44,4,1,7208.0,8358.0,3930.0,4200.0,4187.0,4448.0,7966.666666666667,657.1341821373907,7926.142857142857,2001.008281556334,8218.92857142857,2099.3474614118113,8250.3,2008.7679900702794,1066.0,0.2712468193384224,0.25245675199420253,4085.2291999999998,115.90719999999999,671
2025-11-03,11351.0,363.44,0.8588,0.0162,B,0,11,3,45,4,0,4996.0,7208.0,10145.0,10876.0,9290.0,10722.0,6854.0,1708.7270115498507,8078.428571428572,1657.2289981716017,8275.785714285714,1990.0637863210136,8080.333333333333,2062.3071000005293,1206.0,0.11887629374075899,0.2051424956621905,9748.238800000001,183.8862,672
2025-11-04,9829.0,350.14,0.8479,0.0491,B,1,11,4,45,4,0,11351.0,4996.0,9422.0,9452.0,9167.0,9573.0,7851.666666666667,3226.0248500799526,8250.714285714286,1945.4938288504402,8309.714285714286,2041.1971008198989,8246.533333333333,2119.421077970841,407.0,0.04319677350880917,0.23579701847377857,8334.0091,482.60389999999995,673
2025-11-05,10170.0,350.58,0.8872,0.0202,B,2,11,5,45,4,0,9829.0,11351.0,8086.0,9410.0,9217.0,9755.0,8725.333333333334,3318.1420001762053,8308.857142857143,1991.862146214873,8336.642857142857,2059.8277227119515,8425.9,2011.8322297571478,2084.0,0.25772940885481077,0.2397275716705772,9022.824,205.434,674
2025-11-06,9482.0,335.13,0.8402,0.0223,B,3,11,6,45,4,0,10170.0,9829.0,8334.0,9812.0,8837.0,8981.0,10450.0,798.6995680479329,8606.57142857143,2105.502304054992,8390.92857142857,2099.9160959167075,8407.5,1992.5399792640246,1148.0,0.13774898008159348,0.2446389159178193,7966.7764,211.4486,675
2025-11-07,9500.0,324.21,0.8091,0.0212,B,4,11,7,45,4,0,9482.0,10170.0,8358.0,9294.0,9714.0,8859.0,9827.0,344.00436043744827,8770.57142857143,2125.3489013291182,8367.357142857143,2084.5333957559747,8404.466666666667,1990.7729868213082,1142.0,0.1366355587461115,0.24232730086496768,7686.450000000001,201.4,676
2025-11-08,7242.0,353.69,0.8731,0.0184,B,5,11,8,45,4,1,9500.0,9482.0,7208.0,6538.0,6818.0,6416.0,9717.333333333334,392.1241300064497,8933.714285714286,2132.2206510494757,8382.07142857143,2092.29014991433,8395.966666666667,1985.3447626134719,34.0,0.0047169811320754715,0.23867123828428952,6322.9902,133.2528,677
2025-11-09,4752.0,349.59,0.892,0.0128,B,6,11,9,45,4,1,7242.0,9500.0,4996.0,3930.0,4200.0,4187.0,8741.333333333334,1298.4919458099653,8938.57142857143,2127.6681960260858,8432.357142857143,2052.6451455150623,8338.0,1993.0464638077333,-244.0,-0.0488390712570056,0.23803224184405625,4238.784,60.8256,678
2025-11-10,10619.0,374.97,0.8341,0.0217,B,0,11,10,46,4,0,4752.0,7242.0,11351.0,10145.0,10876.0,9290.0,7164.666666666667,2374.9444905793916,8903.714285714286,2203.6650315845454,8491.07142857143,1921.5202901022628,8201.1,2094.496060697135,-732.0,-0.0644877103338913,0.24749952220729418,8857.3079,230.4323,679
2025-11-11,9722.0,356.11,0.8957,0.0149,B,1,11,11,46,4,0,10619.0,4752.0,9829.0,9422.0,9452.0,9167.0,7537.666666666667,2944.6538562848764,8799.142857142857,2082.197911548535,8524.92857142857,1956.75702922681,8341.2,2111.4737196956717,-107.0,-0.010886153220063078,0.2366364480442859,8707.9954,144.8578,680
2025-11-12,9758.0,355.82,0.8771,0.0182,B,2,11,12,46,4,0,9722.0,10619.0,10170.0,8086.0,9410.0,9217.0,8364.333333333334,3160.3585767019167,8783.857142857143,2073.7531537907494,8546.357142857143,1968.9413245600792,8525.7,1973.2638838159432,-412.0,-0.04051130776794493,0.23608684887106615,8558.7418,177.59560000000002,681
2025-11-13,9256.0,315.3,0.7397,0.0531,B,3,11,13,46,4,0,9758.0,9722.0,9482.0,8334.0,9812.0,8837.0,10033.0,507.8100038399908,8725.0,2033.3070763331839,8665.785714285714,1989.4714094479846,8541.3,1981.347924154587,-226.0,-0.02383463404345075,0.233043790983746,6846.6632,491.4936,682
2025-11-14,9435.0,307.96,0.7558,0.0402,B,4,11,14,46,4,0,9256.0,9758.0,9500.0,8358.0,9294.0,9714.0,9578.666666666666,280.0166661706435,8692.714285714286,2021.0410447989018,8731.642857142857,1992.9009627306395,8544.266666666666,1982.3834476037428,-65.0,-0.006842105263157895,0.23249827135355242,7130.973,379.287,683
2025-11-15,6524.0,364.44,0.9363,0.0078,B,5,11,15,46,4,1,9435.0,9256.0,7242.0,7208.0,6538.0,6818.0,9483.0,254.4189458353913,8683.42857142857,2016.858766923013,8808.57142857143,1998.1482856456214,8551.533333333333,1985.3318272691301,-718.0,-0.09914388290527479,0.23226525678568524,6108.4212,50.8872,684
2025-11-16,4437.0,359.66,0.9363,0.0078,B,6,11,16,46,4,1,6524.0,9435.0,4752.0,4996.0,3930.0,4200.0,8405.0,1631.450581537802,8580.857142857143,2118.0999684128233,8759.714285714286,2048.0342330586623,8474.433333333332,2018.4989247446645,-315.0,-0.06628787878787878,0.2468401388287844,4154.3631000000005,34.608599999999996,685
2025-11-17,10938.0,368.8,0.9363,0.0078,B,0,11,17,47,4,0,4437.0,6524.0,10619.0,11351.0,10145.0,10876.0,6798.666666666667,2510.295268157399,8535.857142857143,2214.170832657318,8719.785714285714,2130.8316967278724,8298.533333333333,2133.4116878570376,319.0,0.0300404934551276,0.259396425643106,10241.2494,85.3164,686
2025-11-18,9369.0,358.69,0.9363,0.0078,B,1,11,18,47,4,0,10938.0,4437.0,9722.0,9829.0,9422.0,9452.0,7299.666666666667,3319.1857937351756,8581.42857142857,2266.8474332681085,8690.285714285714,2094.1451506731514,8435.866666666667,2167.160142919169,-353.0,-0.03630940135774532,0.2641573503059224,8772.1947,73.0782,687
2025-11-19,9485.0,346.51,0.9363,0.0078,B,2,11,19,47,4,0,9369.0,10938.0,9758.0,10170.0,8086.0,9410.0,8248.0,3392.378369227117,8531.0,2241.024616851242,8657.42857142857,2078.454296763878,8608.166666666666,2019.2048807822061,-273.0,-0.027977044476327116,0.2626919021042366,8880.8055,73.98299999999999,688
2025-11-20,9641.0,328.34,0.9363,0.0078,B,3,11,20,47,4,0,9485.0,9369.0,9256.0,9482.0,8334.0,9812.0,9930.666666666666,874.3021979460567,8492.0,2218.3735783977536,8608.5,2047.946917506174,8561.8,1980.9413888873303,385.0,0.041594641313742436,0.2612309913327548,9026.8683,75.1998,689
2025-11-21,9896.0,297.28,0.9363,0.0078,B,4,11,21,47,4,0,9641.0,9485.0,9435.0,9500.0,8358.0,9294.0,9498.333333333334,136.48931582113516,8547.0,2245.084185503948,8619.857142857143,2053.5967268389086,8568.1,1984.1680328940363,461.0,0.04886062533121357,0.2626751123790743,9265.6248,77.1888,690
2025-11-22,7364.0,333.3,0.9363,0.0078,B,5,11,22,47,4,1,9896.0,9641.0,6524.0,7242.0,7208.0,6538.0,9674.0,207.47770964607693,8612.857142857143,2281.933202978797,8648.142857142857,2069.319132064852,8584.3,1993.2421198328695,840.0,0.12875536480686695,0.264944972978132,6894.9132,57.4392,691
2025-11-23,5176.0,300.8,0.9363,0.0078,B,6,11,23,47,4,1,7364.0,9896.0,4437.0,4752.0,4996.0,3930.0,8967.0,1394.0814179953795,8732.857142857143,2173.2784319679513,8656.857142857143,2063.1899072568567,8502.7,1991.3566533119129,739.0,0.16655397791300428,0.24886224478612234,4846.2888,40.3728,692
2025-11-24,10592.0,289.2,0.9363,0.0078,B,0,11,24,48,4,0,5176.0,7364.0,10938.0,10619.0,11351.0,10145.0,7478.666666666667,2362.088341559942,8838.42857142857,1934.6688654773868,8687.142857142857,2003.7157735314818,8365.433333333332,2075.099094988707,-346.0,-0.03163283964161638,0.21889285519956211,9917.2896,82.6176,693
2025-11-25,9971.0,360.29,0.9363,0.0078,B,1,11,25,48,4,0,10592.0,5176.0,9369.0,9722.0,9829.0,9422.0,7710.666666666667,2724.5912231623643,8789.0,1875.6053245108021,8685.214285714286,2001.7253395920225,8500.566666666668,2083.972560599899,602.0,0.06425445618529192,0.2134037233485951,9335.8473,77.7738,694
2025-11-26,8880.0,354.34,0.9363,0.0078,B,2,11,26,48,4,0,9971.0,10592.0,9485.0,9758.0,10170.0,8086.0,8579.666666666666,2963.970366473551,8875.0,1919.9098937189583,8703.0,2012.7219992223988,8701.933333333332,1911.8590507370131,-605.0,-0.06378492356352135,0.21632787534861503,8314.344000000001,69.264,695
2025-11-27,1139.0,330.84,0.9553,0.0055,B,3,11,27,48,4,0,8880.0,9971.0,9641.0,9256.0,9482.0,8334.0,9814.333333333334,866.685833121386,8788.57142857143,1901.4012251620004,8640.285714285714,1990.8809193833765,8659.766666666666,1892.789142187154,-8502.0,-0.8818587283476818,0.21634929415042264,1088.0867,6.2645,696
2025-11-28,13204.0,320.69,0.9949,0.0031,B,4,11,28,48,4,0,1139.0,8880.0,9896.0,9435.0,9500.0,8358.0,6663.333333333333,4815.211764121431,7574.0,3394.9713302667546,8060.5,2810.8437208562277,8383.666666666666,2331.1301585479764,3308.0,0.3342764753435732,0.4482402073233106,13136.6596,40.9324,697
2025-11-29,8748.0,335.18,0.9465,0.0088,B,5,11,29,48,4,1,13204.0,1139.0,7364.0,6524.0,7242.0,7208.0,7741.0,6112.613761722562,8046.571428571428,3955.9434549861207,8329.714285714286,3116.4899493493585,8554.266666666666,2490.4281854987116,1384.0,0.18794133623030962,0.491630937487179,8279.982,76.9824,698
2025-11-30,6178.0,327.72,0.8389,0.028,B,6,11,30,48,4,1,8748.0,13204.0,5176.0,4437.0,4752.0,4996.0,7697.0,6100.779212526877,8244.285714285714,3950.7255331261817,8488.57142857143,3073.755976358202,8568.066666666668,2490.3125815894996,1002.0,0.19358578052550232,0.47920774097874325,5182.7242,172.984,699
2025-12-01,14522.0,363.75,0.8803,0.0125,B,0,12,1,49,4,0,6178.0,8748.0,10592.0,10938.0,10619.0,11351.0,9376.666666666666,3554.938161675015,8387.42857142857,3837.558332114428,8612.92857142857,2929.0414411093993,8495.4,2528.171775045734,3930.0,0.3710347432024169,0.4575369315438241,12783.7166,181.525,700
2025-12-02,12854.0,365.57,0.7612,0.0628,B,1,12,2,49,4,0,14522.0,6178.0,9971.0,9369.0,9722.0,9829.0,9816.0,4273.295215638627,8948.857142857143,4452.107007869841,8868.92857142857,3283.1077318785697,8739.2,2743.25051843548,2883.0,0.28913850165479893,0.49750565203998737,9784.4648,807.2312,701
2025-12-03,12181.0,377.09,0.8619,0.0151,B,2,12,3,49,4,0,12854.0,14522.0,8880.0,9485.0,9758.0,10170.0,11184.666666666666,4415.3809952634065,9360.714285714286,4689.447754063926,9117.857142857143,3451.7282150148553,9001.133333333333,2748.6613636375823,3301.0,0.37173423423423424,0.5009711450354443,10498.8039,183.9331,702
2025-12-04,11873.0,363.22,0.9464,0.0113,B,3,12,4,49,4,0,12181.0,12854.0,1139.0,9641.0,9256.0,9482.0,13185.666666666666,1205.2270878690092,9832.285714285714,4797.773605687179,9310.42857142857,3547.658354774001,9028.8,2777.1590221812558,10734.0,5.0,0.4879611664169101,11236.6072,134.1649,703
2025-12-05,11580.0,362.85,0.9269,0.0118,B,4,12,5,49,4,0,11873.0,12181.0,13204.0,9896.0,9435.0,9500.0,12302.666666666666,501.6894789939679,11365.714285714286,2893.765293079007,9469.857142857143,3613.2032210330335,9096.933333333332,2822.1759999533406,-1624.0,-0.12299303241441988,0.2546047894865893,10733.501999999999,136.644,704
2025-12-06,8452.0,333.06,0.7139,0.0499,B,5,12,6,49,4,1,11580.0,11873.0,8748.0,7364.0,6524.0,7242.0,11878.0,300.5311963838664,11133.714285714286,2784.873468956047,9590.142857142857,3656.255248141247,9143.933333333332,2852.243653244102,-296.0,-0.03383630544124371,0.2501297767744345,6033.882799999999,421.7548,705
2025-12-07,5642.0,319.38,0.9161,0.0135,B,6,12,7,49,4,1,8452.0,11580.0,6178.0,5176.0,4437.0,4752.0,10635.0,1896.2012024044159,11091.42857142857,2829.0329241128197,9667.857142857143,3616.6467226539403,9109.6,2854.232436225192,-536.0,-0.08675946908384591,0.2550647922306767,5168.6362,76.167,706
2025-12-08,12738.0,365.74,0.948,0.006,B,0,12,8,50,4,0,5642.0,8452.0,14522.0,10592.0,10938.0,10619.0,8558.0,2970.4188256877196,11014.857142857143,2987.027866657845,9701.142857142857,3574.019173835673,8981.0,2922.1410431158274,-1784.0,-0.12284809254923565,0.27118171646872946,12075.624,76.428,707
2025-12-09,12088.0,349.99,0.8931,0.0154,B,1,12,9,50,4,0,12738.0,5642.0,12854.0,9971.0,9369.0,9722.0,8944.0,3573.4929690710183,10760.0,2700.2628884363644,9854.42857142857,3660.148099447628,9164.2,2981.045875249964,-766.0,-0.05959234479539443,0.2509538000405543,10795.7928,186.1552,708
2025-12-10,11483.0,357.5,0.9336,0.0078,B,2,12,10,50,4,0,12088.0,12738.0,12181.0,8880.0,9485.0,9758.0,10156.0,3922.7250732112193,10650.57142857143,2615.4490919115547,10005.642857142857,3708.7425322243175,9408.733333333334,2906.5894332246753,-698.0,-0.05730235612839668,0.24556889829359768,10720.5288,89.56739999999999,709
2025-12-11,11122.0,367.23,0.8749,0.0136,B,3,12,11,50,4,0,11483.0,12088.0,11873.0,1139.0,9641.0,9256.0,12103.0,627.6344477479784,10550.857142857143,2560.096640661018,10191.57142857143,3713.215125929084,9437.533333333333,2923.2277594011284,-751.0,-0.06325275835930262,0.24264347493266794,9730.6378,151.2592,710
2025-12-12,11325.0,364.09,0.8016,0.0291,B,4,12,12,50,4,0,11122.0,11483.0,11580.0,13204.0,9896.0,9435.0,11564.333333333334,488.10893592850607,10443.57142857143,2510.7150281107106,10904.642857142857,2646.356293447295,9484.2,2939.0576064094275,-255.0,-0.022020725388601035,0.24040770394330035,9078.119999999999,329.5575,711
2025-12-13,8383.0,356.88,0.6172,0.0623,B,5,12,13,50,4,1,11325.0,11122.0,8452.0,8748.0,7364.0,6524.0,11310.0,180.966847792441,10407.142857142857,2493.2674965843157,10770.42857142857,2567.235709243146,9536.433333333332,2957.955126415049,-69.0,-0.008163748225272126,0.23957271758531518,5173.9875999999995,522.2609,712
2025-12-14,6861.0,338.62,0.7,0.0399,B,6,12,14,50,4,1,8383.0,11325.0,5642.0,6178.0,5176.0,4437.0,10276.666666666666,1643.101437323118,10397.285714285714,2502.4050907267692,10744.357142857143,2591.096756413947,9507.333333333334,2965.094745632038,1219.0,0.2160581354129741,0.2406786886012474,4802.7,273.7539,713
2025-12-15,12359.0,363.22,0.9252,0.0103,B,0,12,15,51,4,0,6861.0,8383.0,12738.0,14522.0,10592.0,10938.0,8856.333333333334,2269.329710142036,10571.42857142857,2131.2156825892366,10793.142857142857,2503.454470469607,9421.533333333333,3004.2430767778797,-379.0,-0.02975349348406343,0.20160148348817106,11434.5468,127.2977,714
2025-12-16,10994.0,360.8,0.7507,0.026,B,1,12,16,51,4,0,12359.0,6861.0,12088.0,12854.0,9971.0,9369.0,9201.0,2838.810314198537,10517.285714285714,2070.963601344856,10638.642857142857,2315.301030673406,9616.033333333333,2999.0626177286604,-1094.0,-0.09050297816015883,0.19691046317509941,8253.1958,285.844,715
2025-12-17,11666.0,360.13,0.8097,0.0225,B,2,12,17,51,4,0,10994.0,12359.0,11483.0,12181.0,8880.0,9485.0,10071.333333333334,2862.7759837844987,10361.0,1971.5678194438754,10505.785714285714,2230.201825243324,9834.6,2843.5055174179333,183.0,0.015936601933292695,0.19028740656730772,9445.9602,262.485,716
2025-12-18,10806.0,354.7,0.8784,0.0163,B,3,12,18,51,4,0,11666.0,10994.0,11122.0,11873.0,1139.0,9641.0,11673.0,682.526922545862,10387.142857142857,1990.0517102637866,10469.0,2204.5444671614773,9858.866666666667,2856.3242201428634,-316.0,-0.028412156087034707,0.19158797925796323,9491.990399999999,176.13779999999997,717
2025-12-19,10964.0,359.01,0.8521,0.0182,B,4,12,19,51,4,0,10806.0,11666.0,11325.0,11580.0,13204.0,9896.0,11155.333333333334,452.12977488025854,10342.0,1974.1241095736636,10392.785714285714,2170.452706360916,9906.766666666666,2859.872877369319,-361.0,-0.031876379690949225,0.19088417226587348,9342.4244,199.5448,718
2025-12-20,9475.0,352.02,0.6951,0.0487,B,5,12,20,51,4,1,10964.0,10806.0,8383.0,8452.0,8748.0,7364.0,11145.333333333334,457.77869471314796,10290.42857142857,1948.716402929792,10348.785714285714,2150.687696048415,9956.066666666668,2865.094653709136,1092.0,0.1302636287725158,0.18937174379115884,6586.0725,461.4325,719
2025-12-21,6384.0,323.81,0.8991,0.0216,B,6,12,21,51,4,1,9475.0,10964.0,6861.0,5642.0,6178.0,5176.0,10415.0,817.8881341601435,10446.42857142857,1809.2936796019696,10421.857142857143,2098.0192437755954,9950.533333333333,2865.8843099750115,-477.0,-0.0695233930913861,0.17319734368839368,5739.8544,137.89440000000002,720
2025-12-22,11977.0,342.38,0.9257,0.0104,B,0,12,22,52,4,0,6384.0,9475.0,12359.0,12738.0,14522.0,10592.0,8941.0,2336.229226766929,10378.285714285714,1968.789197644562,10474.857142857143,1973.6695950258859,9833.466666666667,2938.986111045706,-382.0,-0.030908649567117082,0.1897027362558079,11087.1089,124.5608,721
2025-12-23,11557.0,332.4,0.9266,0.0104,B,1,12,23,52,4,0,11977.0,6384.0,10994.0,12088.0,12854.0,9971.0,9278.666666666666,2801.6642078117297,10323.714285714286,1909.1270879894948,10420.5,1916.187791905096,9987.233333333334,2925.9757309589822,563.0,0.05120975077314899,0.18492637776999507,10708.716199999999,120.19279999999999,722
2025-12-24,7474.0,320.89,0.9168,0.0177,B,2,12,24,52,4,0,11557.0,11977.0,11666.0,11483.0,12181.0,8880.0,9972.666666666666,3114.9632956639007,10404.142857142857,1953.416957416881,10382.57142857143,1885.6547409846203,10199.933333333332,2793.080414577942,-4192.0,-0.35933481913252185,0.18775376157736845,6852.1632,132.2898,723
2025-12-25,767.0,289.44,0.9893,0.0209,B,3,12,25,52,4,0,7474.0,11557.0,10806.0,11122.0,11873.0,1139.0,10336.0,2487.44507477049,9805.285714285714,2136.1207608096247,10096.214285714286,2006.2375493434415,10096.0,2835.6753133528273,-10039.0,-0.9290209143068665,0.21785400477391748,758.7931,16.0303,724
2025-12-26,9450.0,354.61,0.83,0.0262,B,4,12,26,52,4,0,767.0,7474.0,10964.0,11325.0,11580.0,13204.0,6599.333333333333,5447.917614404004,8371.142857142857,3951.1578652580292,9356.57142857143,3170.147526639622,9789.2,3308.1998897202157,-1514.0,-0.13808828894564026,0.4719974240896653,7843.5,247.59,725
2025-12-27,7320.0,344.15,0.8576,0.0213,B,5,12,27,52,4,1,9450.0,767.0,9475.0,8383.0,8452.0,8748.0,5897.0,4551.243676183478,8154.857142857143,3824.9936570130903,9222.642857142857,3119.7973456655723,9808.2,3304.43271149945,-2155.0,-0.22744063324538258,0.469044839168447,6277.6320000000005,155.916,726
2025-12-28,4585.0,339.58,0.9323,0.0081,B,6,12,28,52,4,1,7320.0,9450.0,6384.0,6861.0,5642.0,6178.0,5845.666666666667,4525.358144206206,7847.0,3787.572573562107,9146.714285714286,3154.546156034085,10014.233333333334,2915.0123283980593,-1799.0,-0.2817982456140351,0.4826777843203909,4274.5955,37.1385,727
2025-12-29,11306.0,369.74,0.7318,0.0299,B,0,12,29,1,4,0,4585.0,7320.0,11977.0,12359.0,12738.0,14522.0,7118.333333333333,2438.761639302496,7590.0,3960.474887350405,8984.142857142857,3334.895151324797,9726.933333333332,3012.8880283316844,-671.0,-0.05602404608833598,0.5218016979381298,8273.7308,338.0494,728
2025-12-30,10654.0,347.29,0.8274,0.0169,B,1,12,30,1,4,0,11306.0,4585.0,11557.0,10994.0,12088.0,12854.0,7737.0,3379.8486652511597,7494.142857142857,3842.974864544872,8908.92857142857,3264.046484969834,9812.2,3020.4153790611294,-903.0,-0.07813446396123562,0.512797118736806,8815.1196,180.05259999999998,729
2025-12-31,7422.0,349.35,0.7137,0.0607,B,2,12,31,1,4,0,10654.0,11306.0,7474.0,11666.0,11483.0,12181.0,8848.333333333334,3706.519166729527,7365.142857142857,3696.217365026531,8884.642857142857,3248.567580361504,9961.4,2944.2975931860906,-52.0,-0.006957452502006957,0.5018527728137504,5297.0814,450.5154,730
2024-01-01,8059.0,333.48,0.9984,0.0014,C,0,1,1,1,1,0,,,,,,,,,,,,,,,,0.0,0.0,8046.1056,11.2826,0
2024-01-02,30738.0,370.36,0.5464,0.1005,C,1,1,2,1,1,0,8059.0,,,,,,,,,,,,,,,0.0,0.0,16795.2432,3089.1690000000003,1
2024-01-03,29358.0,369.6,0.5153,0.0738,C,2,1,3,1,1,0,30738.0,8059.0,,,,,,,,,,,,,,0.0,0.0,15128.177399999999,2166.6204000000002,2
2024-01-04,27542.0,372.0,0.6336,0.0451,C,3,1,4,1,1,0,29358.0,30738.0,,,,,22718.333333333332,12714.09219462142,,,,,,,,0.0,0.0,17450.611200000003,1242.1442,3
2024-01-05,25956.0,375.03,0.7092,0.0273,C,4,1,5,1,1,0,27542.0,29358.0,,,,,29212.666666666668,1602.9489490727265,,,,,,,,0.0,0.0,18407.9952,708.5988,4
2024-01-06,15373.0,358.6,0.9056,0.0077,C,5,1,6,1,1,1,25956.0,27542.0,,,,,27618.666666666668,1702.295313197261,,,,,,,,0.0,0.0,13921.7888,118.3721,5
2024-01-07,10227.0,341.49,0.9774,0.006,C,6,1,7,1,1,1,15373.0,25956.0,,,,,22957.0,6615.636099423851,,,,,,,,0.0,0.0,9995.8698,61.362,6
2024-01-08,26843.0,372.41,0.8165,0.0174,C,0,1,8,2,1,0,10227.0,15373.0,8059.0,,,,17185.333333333332,8019.586917873848,21036.14285714286,9550.091647528334,,,,,18784.0,2.330810274227572,0.4539849207330128,21917.3095,467.0682,7
2024-01-09,23764.0,367.39,0.9426,0.0069,C,1,1,9,2,1,0,26843.0,10227.0,30738.0,,,,17481.0,8506.21020196421,23719.571428571428,7768.88380779682,,,,,-6974.0,-0.22688528856789641,0.3275305302708297,22399.9464,163.9716,8
2024-01-10,24517.0,360.0,0.9346,0.0061,C,2,1,10,2,1,0,23764.0,26843.0,29358.0,,,,20278.0,8839.514183483163,22723.285714285714,7140.598380954864,,,,,-4841.0,-0.1648954288439267,0.31424145569166967,22913.5882,149.55370000000002,9
2024-01-11,23248.0,357.9,0.9524,0.0078,C,3,1,11,2,1,0,24517.0,23764.0,27542.0,,,,25041.333333333332,1605.071441816017,22031.714285714286,6605.287672622231,,,,,-4294.0,-0.15590734151477742,0.2998081577748675,22141.3952,181.3344,10
2024-01-12,22622.0,360.63,0.9595,0.0065,C,4,1,12,2,1,0,23248.0,24517.0,25956.0,,,,23843.0,638.1778748907024,21418.285714285714,6194.903704236401,,,,,-3334.0,-0.1284481430112498,0.2892343386802652,21705.809,147.043,11
2024-01-13,15336.0,356.55,0.8684,0.012,C,5,1,13,2,1,1,22622.0,23248.0,15373.0,,,,23462.333333333332,965.5104004273312,20942.0,5909.471662791294,,,,,-37.0,-0.002406817146945944,0.2821827744623863,13317.7824,184.032,12
2024-01-14,9785.0,331.6,0.9676,0.0123,C,6,1,14,2,1,1,15336.0,22622.0,10227.0,,,,20402.0,4398.435630994276,20936.714285714286,5915.296715980966,,,,,-442.0,-0.04321893028258531,0.2825322366851584,9467.966,120.3555,13
2024-01-15,18890.0,349.88,0.9918,0.0022,C,0,1,15,3,1,0,9785.0,15336.0,26843.0,8059.0,,,15914.333333333334,6438.011675457987,20873.571428571428,6049.507606881262,20954.85714285714,7680.63128272012,,,-7953.0,-0.29627835934880603,0.28981660505881557,18735.102,41.558,14
2024-01-16,23325.0,355.54,0.9741,0.0048,C,1,1,16,3,1,0,18890.0,9785.0,23764.0,30738.0,,,14670.333333333334,4588.855013326674,19737.428571428572,5459.609078103876,21728.5,6773.695943188566,,,-439.0,-0.018473320989732367,0.27661197396337,22720.8825,111.96,15
2024-01-17,24708.0,362.67,0.8574,0.0116,C,2,1,17,3,1,0,23325.0,18890.0,24517.0,29358.0,,,17333.333333333332,6902.920275748037,19674.714285714286,5407.923930501908,21199.0,6287.539423335651,,,191.0,0.007790512705469674,0.27486670718408224,21184.6392,286.6128,16
2024-01-18,22867.0,361.02,0.8917,0.0132,C,3,1,18,3,1,0,24708.0,23325.0,23248.0,27542.0,,,22307.666666666668,3039.4911306554854,19702.0,5436.83225785015,20866.85714285714,5936.395641194345,,,-381.0,-0.016388506538196835,0.2759533173205842,20390.5039,301.8444,17
2024-01-19,24245.0,370.88,0.7477,0.0212,C,4,1,19,3,1,0,22867.0,24708.0,22622.0,25956.0,,,23633.333333333332,958.4478772126098,19647.571428571428,5397.1789191867865,20532.928571428572,5656.937435428437,,,1623.0,0.07174431968879852,0.274699544358863,18127.9865,513.994,18
2024-01-20,15539.0,355.82,0.8427,0.0116,C,5,1,20,3,1,1,24245.0,22867.0,15336.0,15373.0,,,23940.0,957.6476387482115,19879.428571428572,5578.083029654027,20410.714285714286,5548.200656742017,,,203.0,0.013236828377673449,0.28059574296169904,13094.7153,180.2524,19
2024-01-21,10274.0,348.21,0.9236,0.011,C,6,1,21,3,1,1,15539.0,24245.0,9785.0,10227.0,,,20883.666666666668,4679.617220813403,19908.428571428572,5550.98717518313,20422.571428571428,5536.771924204514,,,489.0,0.049974450689831376,0.2788259834404804,9489.0664,113.014,20
2024-01-22,25355.0,366.46,0.8494,0.0097,C,0,1,22,4,1,0,10274.0,15539.0,18890.0,26843.0,8059.0,,16686.0,7055.77189257136,19978.285714285714,5403.4710978001785,20425.928571428572,5530.1247094616065,,,6465.0,0.34224457384859713,0.2704672049982928,21536.537,245.9435,21
2024-01-23,23760.0,349.29,0.9535,0.0048,C,1,1,23,4,1,0,25355.0,10274.0,23325.0,23764.0,30738.0,,17056.0,7654.090866980874,20901.85714285714,5729.147709405863,20319.64285714286,5410.306526324662,,,435.0,0.01864951768488746,0.27409754407223585,22655.16,114.04799999999999,22
2024-01-24,23576.0,352.31,0.9202,0.0047,C,2,1,24,4,1,0,23760.0,25355.0,24708.0,24517.0,29358.0,,19796.333333333332,8285.054636713832,20964.0,5762.076130470102,20319.35714285714,5410.110742605253,,,-1132.0,-0.04581512060870973,0.27485575894247766,21694.6352,110.80720000000001,23
2024-01-25,23159.0,346.9,0.8587,0.0094,C,3,1,25,4,1,0,23576.0,23760.0,22867.0,23248.0,27542.0,,24230.333333333332,978.3252696998995,20802.285714285714,5654.365207939957,20252.14285714286,5359.55757153866,,,292.0,0.012769493156076442,0.27181461141344154,19886.6333,217.6946,24
2024-01-26,21953.0,350.61,0.8749,0.0064,C,4,1,26,4,1,0,23159.0,23576.0,24245.0,22622.0,25956.0,,23498.333333333332,307.9355993278138,20844.0,5673.181823280475,20245.785714285714,5355.78219782596,,,-2292.0,-0.09453495566096103,0.272173374749591,19206.6797,140.4992,25
2024-01-27,15160.0,345.61,0.8564,0.0085,C,5,1,27,4,1,1,21953.0,23159.0,15539.0,15336.0,15373.0,,22896.0,842.8576392250629,20516.571428571428,5507.91197149285,20198.0,5335.897704013105,,,-379.0,-0.024390243902439025,0.26846161848575334,12983.024000000001,128.86,26
2024-01-28,9395.0,315.12,0.9524,0.0032,C,6,1,28,4,1,1,15160.0,21953.0,10274.0,9785.0,10227.0,,20090.666666666668,4312.448762980655,20462.428571428572,5566.547190049465,20185.428571428572,5348.426392792641,,,-879.0,-0.08555577185127507,0.27203746469380297,8947.798,30.064,27
2024-01-29,24402.0,353.25,0.9624,0.0039,C,0,1,29,5,1,0,9395.0,15160.0,25355.0,18890.0,26843.0,8059.0,15502.666666666666,6286.008776110115,20336.85714285714,5837.982055144607,20157.571428571428,5407.453640959015,,,-953.0,-0.03758627489647012,0.2870641227469637,23484.484800000002,95.1678,28
2024-01-30,22952.0,346.11,0.9423,0.0039,C,1,1,30,5,1,0,24402.0,9395.0,23760.0,23325.0,23764.0,30738.0,16319.0,7570.33506523985,20200.714285714286,5711.18918481623,20551.285714285714,5507.795153284977,,,-808.0,-0.034006734006734006,0.28272214061535034,21627.6696,89.5128,29
2024-01-31,23564.0,342.53,0.8365,0.0099,C,2,1,31,5,1,0,22952.0,24402.0,23576.0,24708.0,24517.0,29358.0,18916.333333333332,8277.527791154396,20085.285714285714,5634.919156896741,20524.64285714286,5494.231220907183,20764.266666666666,6353.672323578098,-12.0,-0.0005089921954530031,0.2805496141331407,19711.286,233.2836,30
2024-02-01,26582.0,316.06,0.9954,0.0021,C,3,2,1,5,1,0,23564.0,22952.0,23159.0,22867.0,23248.0,27542.0,23639.333333333332,727.9294837643249,20083.571428571428,5633.681888343323,20442.928571428572,5435.419670504341,21281.1,5898.879533290696,3423.0,0.1478043093397815,0.2805119551758955,26459.7228,55.822199999999995,31
2024-02-02,26681.0,357.08,0.7844,0.0451,C,4,2,2,5,1,0,26582.0,23564.0,21953.0,24245.0,22622.0,25956.0,24366.0,1943.354831213297,20572.571428571428,6076.288556269163,20708.285714285714,5649.339681340189,21142.566666666666,5715.066148489377,4728.0,0.21536919783173142,0.2953587293336769,20928.576399999998,1203.3131,32
2024-02-03,18320.0,353.6,0.7582,0.0439,C,5,2,3,5,1,1,26681.0,26582.0,15160.0,15539.0,15336.0,15373.0,25609.0,1771.713577303076,21248.0,6503.096518838799,20882.285714285714,5802.0991483662665,21053.333333333332,5602.153134922896,3160.0,0.20844327176781002,0.30605687682788024,13890.224,804.248,33
2024-02-04,11629.0,339.73,0.8832,0.0239,C,6,2,4,5,1,1,18320.0,26681.0,9395.0,10274.0,9785.0,10227.0,23861.0,4798.902061930423,21699.428571428572,6107.707039938496,21080.928571428572,5650.723499820939,20745.933333333334,5485.633103583072,2234.0,0.23778605641298564,0.28146856585801777,10270.7328,277.9331,34
2024-02-05,29469.0,323.03,0.9395,0.007,C,0,2,5,6,1,0,11629.0,18320.0,24402.0,25355.0,18890.0,26843.0,18876.666666666668,7541.424555966426,22018.571428571428,5371.624765287277,21177.714285714286,5459.761144797618,20268.366666666665,5637.939605817943,5067.0,0.2076469141873617,0.24395882279251893,27686.1255,206.28300000000002,35
2024-02-06,25766.0,350.82,0.9274,0.0051,C,1,2,6,6,1,0,29469.0,11629.0,22952.0,23760.0,23325.0,23764.0,19806.0,9012.355241555899,22742.428571428572,6045.473316378759,21471.571428571428,5801.880778801698,20738.233333333334,5800.9164714892595,2814.0,0.1226036946671314,0.26582355958121895,23895.3884,131.4066,36
2024-02-07,23366.0,353.82,0.9794,0.0034,C,2,2,7,6,1,0,25766.0,29469.0,23564.0,23576.0,24708.0,24517.0,22288.0,9414.816142655154,23144.428571428572,6154.311790854245,21614.85714285714,5886.891877554913,21256.2,5516.783335641685,-198.0,-0.008402648107282295,0.26590899714204413,22884.6604,79.4444,37
2024-02-08,22637.0,349.61,0.9753,0.0028,C,3,2,8,6,1,0,23366.0,25766.0,26582.0,23159.0,22867.0,23248.0,26200.333333333332,3074.595312123761,23116.14285714286,6152.516759521298,21599.85714285714,5881.775750402425,21140.3,5431.2251437469395,-3945.0,-0.1484086976149274,0.26615671989672696,22077.8661,63.3836,38
2024-02-09,22877.0,351.39,0.9971,0.0009,C,4,2,9,6,1,0,22637.0,23366.0,26681.0,21953.0,24245.0,22622.0,23923.0,1637.1765329371383,22552.571428571428,5959.7944275828495,21562.571428571428,5872.779406383657,21102.733333333334,5416.328957394726,-3804.0,-0.14257336681533675,0.26426230137253875,22810.6567,20.589299999999998,39
2024-02-10,15620.0,353.66,0.9427,0.0048,C,5,2,10,6,1,1,22877.0,22637.0,18320.0,15160.0,15539.0,15336.0,22960.0,371.519851421251,22009.14285714286,5687.83829553816,21628.571428571428,5882.688405747911,21048.066666666666,5388.887396737164,-2700.0,-0.14737991266375547,0.2584307045693161,14724.974,74.976,40
2024-02-11,9000.0,344.71,0.7265,0.0507,C,6,2,11,6,1,1,15620.0,22877.0,11629.0,9395.0,10274.0,9785.0,20378.0,4122.295840911963,21623.428571428572,6059.138686236484,21661.428571428572,5844.943228181037,20793.8,5460.983139982434,-2629.0,-0.22607274916157882,0.2802117465424763,6538.5,456.3,41
2024-02-12,26633.0,331.36,0.9095,0.0087,C,0,2,12,7,1,0,9000.0,15620.0,29469.0,24402.0,25355.0,18890.0,15832.333333333334,6940.936272098556,21247.85714285714,6816.083172139538,21633.214285714286,5909.308539252958,20339.733333333334,5855.777800649091,-2836.0,-0.09623672333638739,0.3207892036506321,24222.713499999998,231.7071,42
2024-02-13,24292.0,355.25,0.9647,0.0026,C,1,2,13,7,1,0,26633.0,9000.0,25766.0,22952.0,23760.0,23325.0,17084.333333333332,8907.237300832026,20842.714285714286,6311.59683213595,21792.571428571428,6018.786061021912,20716.3,5886.066716378194,-1474.0,-0.057207172242490105,0.3028202922909112,23434.4924,63.1592,43
2024-02-14,21927.0,350.43,0.9834,0.0021,C,2,2,14,7,1,0,24292.0,26633.0,23366.0,23564.0,23576.0,24708.0,19975.0,9576.431433472497,20632.14285714286,6142.2847928267265,21888.285714285714,6049.2200696081045,21199.866666666665,5542.951004986257,-1439.0,-0.06158520927843876,0.297704646354766,21563.0118,46.046699999999994,44
2024-02-15,23778.0,340.66,0.9631,0.0046,C,3,2,15,7,1,0,21927.0,24292.0,22637.0,26582.0,23159.0,22867.0,24284.0,2353.0101997229185,20426.571428571428,6059.054350230538,21771.35714285714,6030.128798307367,21301.1,5527.020344291027,1141.0,0.05040420550426293,0.29662610641331155,22900.5918,109.3788,45
2024-02-16,23890.0,349.39,0.9525,0.0053,C,4,2,16,7,1,0,23778.0,21927.0,22877.0,26681.0,21953.0,24245.0,23332.333333333332,1243.8932162100664,20589.571428571428,6143.193166889209,21571.071428571428,5903.288672286972,21316.2,5533.3555473865135,1013.0,0.044280281505442144,0.2983643048715679,22755.225,126.617,46
2024-02-17,15746.0,344.78,0.8973,0.0075,C,5,2,17,7,1,1,23890.0,23778.0,15620.0,18320.0,15160.0,15539.0,23198.333333333332,1102.4301943131923,20734.285714285714,6217.540207999882,21371.714285714286,5762.9070979654225,21288.933333333334,5518.0597535436455,126.0,0.008066581306017926,0.2998675861650763,14128.8858,118.095,47
2024-02-18,10566.0,339.47,0.682,0.0363,C,6,2,18,7,1,1,15746.0,23890.0,9000.0,11629.0,9395.0,10274.0,21138.0,4669.9447534205465,20752.285714285714,6200.425327192903,21187.85714285714,5907.014928255843,21051.566666666666,5600.3819062098155,1566.0,0.174,0.29878276603162696,7206.012000000001,383.5458,48
2024-02-19,21776.0,322.36,0.9883,0.0028,C,0,2,19,8,1,0,10566.0,15746.0,26633.0,29469.0,24402.0,25355.0,16734.0,6716.721819459258,20976.0,5714.973111631117,21111.928571428572,6044.566008017015,20595.6,5881.226623171687,-4857.0,-0.18236773927082942,0.2724529515461059,21521.2208,60.9728,49
2024-02-20,24935.0,333.02,0.975,0.003,C,1,2,20,8,1,0,21776.0,10566.0,24292.0,25766.0,22952.0,23760.0,16029.333333333334,5610.3683776855,20282.14285714286,5183.849805841581,20562.428571428572,5556.362682883137,20803.5,5806.071256110665,643.0,0.026469619627861023,0.2555868895290795,24311.625,74.805,50
2024-02-21,25750.0,344.11,0.9699,0.0027,C,2,2,21,8,1,0,24935.0,21776.0,21927.0,23366.0,23564.0,23576.0,19092.333333333332,7551.0655098028,20374.0,5271.698872280167,20503.071428571428,5500.657729403273,21292.2,5498.07969862331,3823.0,0.1743512564418297,0.25874638619221396,24974.925,69.525,51
2024-02-22,23207.0,346.3,0.9074,0.0076,C,3,2,22,8,1,0,25750.0,24935.0,23778.0,22637.0,26582.0,23159.0,24153.666666666668,2099.054628477647,20920.14285714286,5644.267251780676,20673.35714285714,5631.450142617906,21305.366666666665,5508.607581014388,-571.0,-0.024013794263605014,0.26980060749697643,21058.0318,176.3732,52
2024-02-23,23859.0,346.31,0.9071,0.0081,C,4,2,23,8,1,0,23207.0,25750.0,23890.0,22877.0,26681.0,21953.0,24630.666666666668,1298.5285261916392,20838.571428571428,5600.034340881098,20714.071428571428,5648.772807015232,21286.933333333334,5501.030492386032,-31.0,-0.001297614064462118,0.26873408093622875,21642.4989,193.25789999999998,53
2024-02-24,16050.0,344.02,0.8792,0.0073,C,5,2,24,8,1,1,23859.0,23207.0,15746.0,15620.0,18320.0,15160.0,24272.0,1320.847833779538,20834.14285714286,5597.230607737227,20784.214285714286,5683.685697185905,21296.366666666665,5505.332176913661,304.0,0.01930649053727931,0.2686566299423377,14111.16,117.165,54
2024-02-25,10748.0,325.63,0.7958,0.0182,C,6,2,25,8,1,1,16050.0,23859.0,10566.0,9000.0,11629.0,9395.0,21038.666666666668,4332.594180549736,20877.571428571428,5552.170232054692,20814.928571428572,5654.719940889216,21059.4,5574.950605007712,182.0,0.01722506151807685,0.2659394676746943,8553.258399999999,195.61360000000002,55
2024-02-26,25836.0,310.79,0.985,0.003,C,0,2,26,9,1,0,10748.0,16050.0,21776.0,26633.0,29469.0,24402.0,16885.666666666668,6595.326704063525,20903.571428571428,5495.976493676769,20939.785714285714,5386.724510363369,20685.9,5880.017401745302,4060.0,0.1864437913299045,0.262920454165299,25448.46,77.508,56
2024-02-27,23300.0,344.14,0.9341,0.0043,C,1,2,27,9,1,0,25836.0,10748.0,24935.0,24292.0,25766.0,22952.0,17544.666666666668,7654.244399895619,21483.571428571428,5808.721398527756,20882.85714285714,5325.795467593304,21041.766666666666,5857.068412777336,-1635.0,-0.06557048325646682,0.2703796907251009,21764.530000000002,100.19,57
2024-02-28,24038.0,333.22,0.9689,0.0035,C,2,2,28,9,1,0,23300.0,25836.0,25750.0,21927.0,23366.0,23564.0,19961.333333333332,8079.106221193867,21250.0,5678.213187262342,20812.0,5283.379600218029,21505.266666666666,5438.875827895354,-1712.0,-0.06648543689320388,0.2672100323417573,23290.4182,84.133,58
2024-02-29,25323.0,335.04,0.8728,0.0095,C,3,2,29,9,1,0,24038.0,23300.0,23207.0,23778.0,22637.0,26582.0,24391.333333333332,1304.3992231419982,21005.428571428572,5485.691504789004,20962.785714285714,5347.384999713866,21493.133333333335,5432.593193788341,2116.0,0.09117938553022795,0.2611558953027315,22101.9144,240.5685,59
2024-03-01,28366.0,338.36,0.8608,0.0094,C,4,3,1,9,1,0,25323.0,24038.0,23859.0,23890.0,22877.0,26681.0,24220.333333333332,1023.7511090755643,21307.714285714286,5682.014569800797,21073.14285714286,5425.3279072420055,21572.166666666668,5471.654840667703,4507.0,0.18890146276038391,0.26666466865525285,24417.4528,266.6404,60
2024-03-02,17714.0,336.89,0.7481,0.0212,C,5,3,2,9,1,1,28366.0,25323.0,16050.0,15746.0,15620.0,18320.0,25909.0,2222.71073241664,21951.571428571428,6246.6018990899565,21392.85714285714,5727.561017465569,21732.233333333334,5600.650594494286,1664.0,0.10367601246105919,0.2845628578079649,13251.8434,375.5368,61
2024-03-03,11310.0,353.54,0.7676,0.0185,C,6,3,3,9,1,1,17714.0,28366.0,10748.0,10566.0,9000.0,11629.0,23801.0,5486.678321170298,22189.285714285714,6011.837232058255,21533.428571428572,5601.06286224438,21436.633333333335,5569.795102300371,562.0,0.052288797915891326,0.2709342386892502,8681.555999999999,209.23499999999999,62
2024-03-04,29975.0,349.61,0.7256,0.0199,C,0,3,4,10,1,0,11310.0,17714.0,25836.0,21776.0,26633.0,29469.0,19130.0,8615.71680128822,22269.571428571428,5834.721354590486,21586.571428571428,5491.456521295124,20924.266666666666,5773.977413171625,4139.0,0.16020281777364917,0.2620042048543715,21749.86,596.5025,63
2024-03-05,26921.0,368.85,0.4338,0.087,C,1,3,5,10,1,0,29975.0,11310.0,23300.0,24935.0,24292.0,25766.0,19666.333333333332,9484.421982036305,22860.85714285714,6435.199101518959,22172.214285714286,5932.682596996346,21312.766666666666,5981.094471884657,3621.0,0.1554077253218884,0.2814942178810488,11678.329800000001,2342.127,64
2024-03-06,25161.0,341.41,0.7701,0.0206,C,2,3,6,10,1,0,26921.0,29975.0,24038.0,25750.0,21927.0,23366.0,22735.333333333332,10011.763597555302,23378.14285714286,6619.284287307081,22314.071428571428,6026.822411447088,21822.5,5775.433536496006,1123.0,0.04671769697978201,0.2831398681989255,19376.486100000002,518.3166,65
2024-03-07,25192.0,370.13,0.6795,0.0298,C,3,3,7,10,1,0,25161.0,26921.0,25323.0,23207.0,23778.0,22637.0,27352.333333333332,2435.813074382656,23538.571428571428,6651.472941064574,22272.0,6003.000954650805,21678.9,5630.493745422455,-131.0,-0.005173162737432374,0.28257759657372106,17117.964,750.7216,66
2024-03-08,24007.0,353.49,0.9243,0.0063,C,4,3,8,10,1,0,25192.0,25161.0,28366.0,23859.0,23890.0,22877.0,25758.0,1007.3068052982418,23519.85714285714,6645.797454747153,22413.785714285714,6050.041299014432,21659.766666666666,5617.085504455831,-4359.0,-0.15366988648381866,0.28256113182921466,22189.6701,151.2441,67
2024-03-09,15871.0,349.04,0.9434,0.0044,C,5,3,9,10,1,1,24007.0,25192.0,17714.0,16050.0,15746.0,15620.0,24786.666666666668,675.3890236992929,22897.14285714286,6311.861041683645,22424.35714285714,6052.889451228332,21681.133333333335,5625.013144710057,-1843.0,-0.10404200067743029,0.2756615129260389,14972.7014,69.8324,68
2024-03-10,10137.0,351.75,0.9158,0.0063,C,6,3,10,10,1,1,15871.0,24007.0,11310.0,10748.0,10566.0,9000.0,21690.0,5074.11342009618,22633.85714285714,6596.135445055973,22411.571428571428,6067.561235015214,21455.6,5720.201416757618,-1173.0,-0.10371352785145889,0.29142781115138394,9283.4646,63.8631,69
2024-03-11,26734.0,358.05,0.9275,0.0055,C,0,3,11,11,1,0,10137.0,15871.0,29975.0,25836.0,21776.0,26633.0,16671.666666666668,6969.5785621035575,22466.285714285714,6937.8088931661405,22367.928571428572,6159.410754338385,21030.933333333334,6073.0623357029135,-3241.0,-0.1081234361968307,0.30880978642386675,24795.785,147.03699999999998,70
2024-03-12,24755.0,339.13,0.9119,0.007,C,1,3,12,11,1,0,26734.0,10137.0,26921.0,23300.0,24935.0,24292.0,17580.666666666668,8429.550541596716,22003.285714285714,6443.745875246932,22432.071428571428,6202.827462775911,21401.4,6070.59021501375,-2166.0,-0.08045763530329482,0.2928538018784761,22574.0845,173.285,71
2024-03-13,24673.0,319.56,0.9696,0.0037,C,2,3,13,11,1,0,24755.0,26734.0,25161.0,24038.0,25750.0,21927.0,20542.0,9065.160175087927,21693.85714285714,6216.228235529196,22536.0,6230.615304841336,21926.566666666666,5625.949150163899,-488.0,-0.01939509558443623,0.28654324561070205,23922.9408,91.29010000000001,72
2024-03-14,23425.0,356.01,0.8487,0.0099,C,3,3,14,11,1,0,24673.0,24755.0,25192.0,25323.0,23207.0,23778.0,25387.333333333332,1166.9680087018223,21624.14285714286,6173.45328614305,22581.35714285714,6244.685957579551,21861.233333333334,5580.607244694813,-1767.0,-0.07014131470308034,0.2854889244363202,19880.7975,231.90750000000003,73
2024-03-15,23743.0,358.17,0.8663,0.0137,C,4,3,15,11,1,0,23425.0,24673.0,24007.0,28366.0,23859.0,23890.0,24284.333333333332,745.333035181921,21371.714285714286,6037.888613146309,22445.785714285714,6201.036813786392,21832.333333333332,5569.819605407487,-264.0,-0.010996792602157704,0.28251774904094973,20568.5609,325.2791,74
2024-03-16,15497.0,349.48,0.8708,0.0085,C,5,3,16,11,1,1,23743.0,23425.0,15871.0,17714.0,16050.0,15746.0,23947.0,648.527563022699,21334.0,6019.480902314857,22115.571428571428,5980.702270498982,21892.866666666665,5580.741451995692,-374.0,-0.023564992754079767,0.28215434997257227,13494.7876,131.7245,75
2024-03-17,10269.0,354.0,0.8161,0.0179,C,6,3,17,11,1,1,15497.0,23743.0,10137.0,11310.0,10748.0,10566.0,20888.333333333332,4671.738149054749,21280.571428571428,6077.432568037886,21957.214285714286,6133.6083893273135,21616.833333333332,5688.048966054168,132.0,0.013021604024859426,0.2855859669199619,8380.5309,183.8151,76
2024-03-18,27636.0,350.29,0.9124,0.0071,C,0,3,18,12,1,0,10269.0,15497.0,26734.0,29975.0,25836.0,21776.0,16503.0,6793.099145456376,21299.428571428572,6037.1647831616765,21882.85714285714,6277.240634070197,21162.8,6033.483516007236,902.0,0.03373980698735692,0.28344257043872223,25215.0864,196.21560000000002,77
2024-03-19,25622.0,345.23,0.8361,0.0126,C,1,3,19,12,1,0,27636.0,10269.0,24755.0,26921.0,23300.0,24935.0,17800.666666666668,8909.732450154352,21428.285714285714,6180.419260705149,21715.785714285714,6073.104936186605,21559.133333333335,6055.8691094891055,867.0,0.03502322763078166,0.28842341114505554,21422.5542,322.8372,78
2024-03-20,24587.0,333.98,0.8895,0.0138,C,2,3,20,12,1,0,25622.0,27636.0,24673.0,25161.0,24038.0,25750.0,21175.666666666668,9498.977962566998,21552.14285714286,6266.289716373139,21623.0,5996.906715453076,22061.0,5728.437140177548,-86.0,-0.0034855915373079886,0.29075019397880203,21870.1365,339.3006,79
2024-03-21,23634.0,351.31,0.9797,0.0027,C,3,3,21,12,1,0,24587.0,25622.0,23425.0,25192.0,25323.0,23207.0,25948.333333333332,1550.47422852928,21539.85714285714,6259.231487133525,21582.0,5972.770842620834,22154.7,5746.575682901109,209.0,0.008922091782283885,0.2905883472495154,23154.2298,63.811800000000005,80
2024-03-22,22057.0,351.41,0.9209,0.009,C,4,3,22,12,1,0,23634.0,24587.0,23743.0,24007.0,28366.0,23859.0,24614.333333333332,994.2818178632574,21569.714285714286,6270.211365769779,21470.714285714286,5914.565533540862,22111.333333333332,5729.754976607118,-1686.0,-0.07101040306616686,0.29069515167025495,20312.2913,198.51299999999998,81
2024-03-23,15327.0,348.2,0.7946,0.0175,C,5,3,23,12,1,1,22057.0,23634.0,15497.0,15871.0,17714.0,16050.0,23426.0,1277.7609322561593,21328.85714285714,6204.856899466506,21331.428571428572,5873.057711202992,21988.233333333334,5688.406598805445,-170.0,-0.010969865135187455,0.29091370709210557,12178.8342,268.2225,82
2024-03-24,9721.0,350.39,0.8938,0.011,C,6,3,24,12,1,1,15327.0,22057.0,10269.0,10137.0,11310.0,10748.0,20339.333333333332,4411.841603382136,21304.571428571428,6231.761357677906,21292.571428571428,5913.623342162323,21725.566666666666,5810.80427505423,-548.0,-0.053364495082286495,0.292508177344536,8688.6298,106.931,83
2024-03-25,25652.0,364.45,0.8159,0.0124,C,0,3,25,13,1,0,9721.0,15327.0,27636.0,26734.0,29975.0,25836.0,15701.666666666666,6176.528582734274,21226.285714285714,6394.8089289747495,21262.85714285714,5974.718298568795,21254.3,6192.579703940449,-1984.0,-0.07179041829497756,0.3012683902898243,20929.4668,318.0848,84
2024-03-26,22301.0,344.07,0.9215,0.0059,C,1,3,26,13,1,0,25652.0,9721.0,25622.0,24755.0,26921.0,23300.0,16900.0,8081.147010171274,20942.85714285714,6100.569302083516,21185.571428571428,5905.095006260872,21574.366666666665,6162.3859154766005,-3321.0,-0.12961517445944892,0.2912959421185854,20550.3715,131.5759,85
2024-03-27,23706.0,328.72,0.894,0.0232,C,2,3,27,13,1,0,22301.0,25652.0,24587.0,24673.0,25161.0,24038.0,19224.666666666668,8399.229746431125,20468.428571428572,5797.647104850458,21010.285714285714,5826.894679363585,21959.466666666667,5813.609850931742,-881.0,-0.0358319437100907,0.28324827597870733,21193.164,549.9792,86
2024-03-28,22732.0,361.56,0.9135,0.0046,C,3,3,28,13,1,0,23706.0,22301.0,23634.0,23425.0,25192.0,25323.0,23886.333333333332,1682.7627085639374,20342.571428571428,5702.114077461175,20941.214285714286,5785.723333258431,21888.466666666667,5777.528893873248,-902.0,-0.038165354997038166,0.2803044884213839,20765.682,104.5672,87
2024-03-29,20764.0,349.12,0.978,0.0032,C,4,3,29,13,1,0,22732.0,23706.0,22057.0,23743.0,24007.0,28366.0,22913.0,719.7756594940564,20213.714285714286,5625.007665603238,20891.714285714286,5765.7686581912285,21869.533333333333,5773.673101679509,-1293.0,-0.058620845989935166,0.27827679693576257,20307.192,66.4448,88
2024-03-30,13639.0,344.95,0.8013,0.0123,C,5,3,30,13,1,1,20764.0,22732.0,15327.0,15497.0,15871.0,17714.0,22400.666666666668,1498.7252361034823,20029.0,5575.400493835991,20678.928571428572,5707.11929845638,21760.4,5762.202599700917,-1688.0,-0.11013244601030861,0.2783663934213386,10928.9307,167.7597,89
2024-03-31,5386.0,342.72,0.6537,0.0277,C,6,3,31,13,1,1,13639.0,20764.0,9721.0,10269.0,10137.0,11310.0,19045.0,4784.023724857571,19787.85714285714,5842.7560685168455,20546.214285714286,5856.537217615777,21370.933333333334,5906.165323032239,-4335.0,-0.44594177553749614,0.2952697720796876,3520.8282,149.19219999999999,90
2024-04-01,29720.0,333.02,0.8132,0.0162,C,0,4,1,14,2,0,5386.0,13639.0,25652.0,27636.0,26734.0,29975.0,13263.0,7695.891956102301,19168.571428571428,7167.217773937637,20197.428571428572,6612.31490611136,20604.933333333334,6434.243871839088,4068.0,0.15858412599407454,0.3739046386761325,24168.304,481.464,91
2024-04-02,25859.0,325.28,0.9511,0.0059,C,1,4,2,14,2,0,29720.0,5386.0,22301.0,25622.0,24755.0,26921.0,16248.333333333334,12375.069871856622,19749.714285714286,7907.2516657029355,20346.285714285714,6813.06444581711,21005.133333333335,6618.95781844082,3558.0,0.15954441504865252,0.4003729649609437,24594.494899999998,152.5681,92
2024-04-03,27131.0,342.7,0.87,0.0103,C,2,4,3,14,2,0,25859.0,29720.0,23706.0,24587.0,24673.0,25161.0,20321.666666666668,13077.93692955175,20258.0,8207.248889447259,20363.214285714286,6827.460719303073,21490.1,6413.929095174895,3425.0,0.1444781911752299,0.4051361876516566,23603.97,279.4493,93
2024-04-04,26121.0,342.31,0.9558,0.004,C,3,4,4,14,2,0,27131.0,25859.0,22732.0,23634.0,23425.0,25192.0,27570.0,1967.5799856676947,20747.285714285714,8542.318454110014,20544.928571428572,6980.660840044897,21395.3,6304.27528800072,3389.0,0.14908499032201303,0.4117318560002348,24966.4518,104.48400000000001,94
2024-04-05,23967.0,345.6,0.9281,0.0055,C,4,4,5,14,2,0,26121.0,27131.0,20764.0,22057.0,23743.0,24007.0,26370.333333333332,671.655665749511,21231.428571428572,8766.643045414488,20722.571428571428,7096.009427995277,21368.633333333335,6281.7476894040665,3203.0,0.15425736852244268,0.41290876946508825,22243.7727,131.8185,95
2024-04-06,15682.0,348.42,0.9468,0.0041,C,5,4,6,14,2,1,23967.0,26121.0,13639.0,15327.0,15497.0,15871.0,25739.666666666668,1616.1018944773937,21689.0,8821.597002055047,20859.0,7141.851656042929,21328.833333333332,6260.638422239618,2043.0,0.1497910403988562,0.4067313846675756,14847.7176,64.2962,96
2024-04-07,10086.0,341.6,0.8572,0.0117,C,6,4,7,14,2,1,15682.0,23967.0,5386.0,9721.0,10269.0,10137.0,21923.333333333332,5511.407291548449,21980.85714285714,8540.186637862414,20884.35714285714,7121.300060729439,21011.833333333332,6298.933161358704,4700.0,0.8726327515781657,0.3885283718627696,8645.7192,118.0062,97
2024-04-08,24508.0,333.78,0.7231,0.0581,C,0,4,8,15,2,0,10086.0,15682.0,29720.0,25652.0,27636.0,26734.0,16578.333333333332,6983.774075192683,22652.285714285714,7077.562615154209,20910.428571428572,7077.822065212804,20547.8,6577.294310077609,-5212.0,-0.1753701211305518,0.3124436405413485,17721.7348,1423.9148,98
2024-04-09,24075.0,319.58,0.9983,0.0009,C,1,4,9,15,2,0,24508.0,10086.0,25859.0,22301.0,25622.0,24755.0,16758.666666666668,7271.033580814588,21907.714285714286,6457.059953112961,20828.714285714286,7025.277913238864,20835.7,6554.512386976964,-1784.0,-0.06898952008971732,0.29473909824191563,24034.0725,21.6675,99
2024-04-10,23852.0,349.61,0.9715,0.003,C,2,4,10,15,2,0,24075.0,24508.0,27131.0,23706.0,24587.0,24673.0,19556.333333333332,8204.406275492056,21652.85714285714,6308.6124049738855,20955.428571428572,7069.734199271688,21300.3,6257.251336346246,-3279.0,-0.12085805904684678,0.29135242353247476,23172.218,71.556,100
2024-04-11,22754.0,338.62,0.9713,0.0032,C,3,4,11,15,2,0,23852.0,24075.0,26121.0,22732.0,23634.0,23425.0,24145.0,333.5550929008699,21184.428571428572,5945.330740930024,20965.85714285714,7074.2099407435135,21204.233333333334,6192.742825461011,-3367.0,-0.12890011867845794,0.28064626434854556,22100.9602,72.81280000000001,101
2024-04-12,23285.0,342.42,0.9505,0.0043,C,4,4,12,15,2,0,22754.0,23852.0,23967.0,20764.0,22057.0,23743.0,23560.333333333332,707.1508561356909,20703.428571428572,5605.89029079065,20967.428571428572,7074.634871951246,21137.533333333333,6163.888756483104,-682.0,-0.028455793382567696,0.2707711078602202,22132.3925,100.1255,102
2024-04-13,15083.0,342.85,0.9116,0.0073,C,5,4,13,15,2,1,23285.0,22754.0,15682.0,13639.0,15327.0,15497.0,23297.0,549.098351846103,20606.0,5545.316372098764,21147.5,7101.0928492624425,21091.266666666666,6141.605102640643,-599.0,-0.03819665858946563,0.26911173309224323,13749.6628,110.1059,103
2024-04-14,10515.0,344.05,0.8102,0.0111,C,6,4,14,15,2,1,15083.0,23285.0,10086.0,5386.0,9721.0,10269.0,20374.0,4589.82581368837,20520.428571428572,5637.8142590056605,21250.64285714286,6993.312218520945,20813.2,6220.636980356536,429.0,0.04253420582986318,0.2747415454497582,8519.253,116.71650000000001,104
2024-04-15,26959.0,334.11,0.7974,0.0337,C,0,4,15,16,2,0,10515.0,15083.0,24508.0,29720.0,25652.0,27636.0,16294.333333333334,6470.6044024753555,20581.714285714286,5506.279860737359,21617.0,6186.035725729366,20372.266666666666,6469.637142376916,2451.0,0.1000081606006202,0.2675326158112715,21497.1066,908.5183000000001,105
2024-04-16,24484.0,320.71,0.9864,0.0024,C,1,4,16,16,2,0,26959.0,10515.0,24075.0,25859.0,22301.0,25622.0,17519.0,8488.336468354686,20931.85714285714,5863.880411143324,21419.785714285714,5947.238146058565,20754.333333333332,6510.118174325112,409.0,0.01698857736240914,0.28014143088800575,24151.017600000003,58.761599999999994,106
2024-04-17,23809.0,332.04,0.981,0.0027,C,2,4,17,16,2,0,24484.0,26959.0,23852.0,27131.0,23706.0,24587.0,20652.666666666668,8866.263042191646,20990.285714285714,5902.33054858518,21321.571428571428,5879.253494139515,21228.166666666668,6232.009080397821,-43.0,-0.0018027838336407847,0.28119343533128427,23356.629,64.2843,107
2024-04-18,22808.0,338.61,0.9279,0.0073,C,3,4,18,16,2,0,23809.0,24484.0,22754.0,26121.0,22732.0,23634.0,25084.0,1658.5008290622302,20984.14285714286,5898.877193403594,21084.285714285714,5690.766197278533,21100.6,6134.729719477008,54.0,0.0023732091060912367,0.281111181598521,21163.5432,166.4984,108
2024-04-19,22825.0,341.72,0.9164,0.0071,C,4,4,19,16,2,0,22808.0,23809.0,23285.0,23967.0,20764.0,22057.0,23700.333333333332,843.2676522513109,20991.85714285714,5901.612164727285,20847.64285714286,5531.875194753559,21006.8,6084.521222770514,-460.0,-0.019755207214945242,0.28113816345855874,20916.829999999998,162.0575,109
2024-04-20,15136.0,344.76,0.8542,0.0106,C,5,4,20,16,2,1,22825.0,22808.0,15083.0,15682.0,13639.0,15327.0,23147.333333333332,573.0831818623165,20926.14285714286,5874.320341638716,20766.071428571428,5490.605675771412,20948.066666666666,6057.213106379197,53.0,0.003513889809719552,0.28071682305435447,12929.171199999999,160.4416,110
2024-04-21,10505.0,341.32,0.7555,0.0229,C,6,4,21,16,2,1,15136.0,22825.0,10515.0,10086.0,5386.0,9721.0,20256.333333333332,4434.34688915216,20933.714285714286,5865.561516578087,20727.071428571428,5531.284361413112,20664.8,6125.592916551859,-10.0,-0.0009510223490252021,0.2801968841516529,7936.527499999999,240.5645,111
2024-04-22,26933.0,329.15,0.9275,0.0084,C,0,4,22,17,2,0,10505.0,15136.0,26959.0,24508.0,29720.0,25652.0,16155.333333333334,6222.93181172134,20932.285714285714,5868.522406713223,20757.0,5470.073758467704,20279.733333333334,6392.341306181375,-26.0,-0.0009644274639267035,0.28035745770028914,24980.3575,226.23719999999997,112
2024-04-23,23081.0,314.41,0.9767,0.0031,C,1,4,23,17,2,0,26933.0,10505.0,24484.0,24075.0,25859.0,22301.0,17524.666666666668,8470.483595009993,20928.571428571428,5864.078809643865,20930.214285714286,5633.929632538524,20666.6,6433.3324050979,-1403.0,-0.05730272831236726,0.2801948919283758,22543.2127,71.55109999999999,113
2024-04-24,23098.0,346.97,0.9765,0.0026,C,2,4,24,17,2,0,23081.0,26933.0,23809.0,23852.0,27131.0,23706.0,20173.0,8591.39942035057,20728.14285714286,5745.073206048558,20859.214285714286,5597.394643644788,21111.933333333334,6103.471945418092,-711.0,-0.029862656978453524,0.2771629492156275,22555.197,60.0548,114
2024-04-25,22567.0,339.21,0.9787,0.0084,C,3,4,25,17,2,0,23098.0,23081.0,22808.0,22754.0,26121.0,22732.0,24370.666666666668,2219.0620390907143,20626.571428571428,5687.523211883552,20805.35714285714,5569.943620860134,21026.8,6055.586046982881,-241.0,-0.010566467905997896,0.2757376925961303,22086.3229,189.56279999999998,115
2024-04-26,22280.0,329.72,0.9353,0.0045,C,4,4,26,17,2,0,22567.0,23098.0,22825.0,23285.0,23967.0,20764.0,22915.333333333332,301.7852437304402,20592.14285714286,5672.827878832307,20792.0,5565.133311002606,21035.666666666668,6057.710449093571,-545.0,-0.023877327491785325,0.2754850681732016,20838.484,100.25999999999999,116
2024-04-27,14692.0,330.12,0.8672,0.0087,C,5,4,27,17,2,1,22280.0,22567.0,15136.0,15083.0,15682.0,13639.0,22648.333333333332,415.0208830088442,20514.285714285714,5640.724472213518,20720.214285714286,5536.912249461952,20988.133333333335,6041.607811429537,-444.0,-0.029334038054968287,0.2749656776148651,12740.902399999999,127.82039999999999,117
2024-04-28,10148.0,324.27,0.7461,0.0173,C,6,4,28,17,2,1,14692.0,22280.0,10505.0,10515.0,10086.0,5386.0,19846.333333333332,4466.089602026972,20450.85714285714,5713.310873990408,20692.285714285714,5568.430429712623,20720.133333333335,6139.120535315006,-357.0,-0.03398381722989053,0.27936779539755835,7571.4228,175.5604,118
2024-04-29,26280.0,363.1,0.6458,0.0572,C,0,4,29,18,2,0,10148.0,14692.0,26933.0,26959.0,24508.0,29720.0,15706.666666666666,6129.3162206997795,20399.85714285714,5817.5325648299595,20666.071428571428,5620.646164116531,20366.266666666666,6435.319186325184,-653.0,-0.024245349571158058,0.28517516196758885,16971.624,1503.2160000000001,119
2024-04-30,25188.0,346.88,0.8304,0.0198,C,1,4,30,18,2,0,26280.0,10148.0,23081.0,24484.0,24075.0,25859.0,17040.0,8318.364262281382,20306.571428571428,5699.3467420147535,20617.571428571428,5564.820374657017,20787.633333333335,6393.359396918094,2107.0,0.0912872059269529,0.28066514143277527,20916.1152,498.72240000000005,120
2024-05-01,27653.0,316.87,0.9872,0.0019,C,2,5,1,18,2,0,25188.0,26280.0,23098.0,23809.0,23852.0,27131.0,20538.666666666668,9015.130688644143,20607.571428571428,5921.598935454921,20667.85714285714,5605.47865048998,21447.7,5736.92986589577,4555.0,0.19720322105810026,0.2873506446880443,27299.0416,52.5407,121
2024-05-02,25397.0,351.18,0.9046,0.008,C,3,5,2,18,2,0,27653.0,25188.0,22567.0,22808.0,22754.0,26121.0,26373.666666666668,1235.1665204875846,21258.285714285714,6466.114616838704,20942.428571428572,5859.562017161958,21378.8,5645.843600262113,2830.0,0.1254043514866841,0.30416914626815045,22974.1262,203.17600000000002,122
2024-05-03,26168.0,352.4,0.9583,0.0041,C,4,5,3,18,2,0,25397.0,27653.0,22280.0,22825.0,23285.0,23967.0,26079.333333333332,1366.8358838329518,21662.571428571428,6647.504841596396,21127.35714285714,5962.911919100024,21363.4,5633.818981582683,3888.0,0.17450628366247756,0.30686591679641495,25076.794400000002,107.28880000000001,123
2024-05-04,16820.0,351.65,0.9428,0.0048,C,5,5,4,18,2,1,26168.0,25397.0,14692.0,15136.0,15083.0,15682.0,26406.0,1146.6765018958372,22218.0,6866.513986975723,21366.14285714286,6101.449825903845,21331.3,5602.479845937681,2128.0,0.14484072964878847,0.30905184926526796,15857.895999999999,80.73599999999999,124
2024-05-05,16820.0,351.65,0.9428,0.0048,C,6,5,5,18,2,1,16820.0,26168.0,10148.0,10505.0,10515.0,10086.0,22795.0,5188.841778277699,22522.0,6515.940735355608,21486.428571428572,5984.66079900281,21021.266666666666,5585.611484034194,6672.0,0.6574694521087899,0.2893144807457423,15857.895999999999,80.73599999999999,125
2024-05-06,16820.0,351.65,0.9428,0.0048,C,0,5,6,19,2,0,16820.0,16820.0,26280.0,26933.0,26959.0,24508.0,19936.0,5397.070316384628,23475.14285714286,4614.875600655312,21937.5,5291.105813605443,20783.033333333333,5608.009226241444,-9460.0,-0.3599695585996956,0.19658562372714716,15857.895999999999,80.73599999999999,126
2024-05-07,16820.0,351.65,0.9428,0.0048,C,1,5,7,19,2,0,16820.0,16820.0,25188.0,23081.0,24484.0,24075.0,16820.0,0.0,22123.714285714286,5023.638280313231,21215.14285714286,5246.786545586272,20820.966666666667,5576.073210344929,-8368.0,-0.33222169286962044,0.22707029278339091,15857.895999999999,80.73599999999999,127
2024-05-08,16820.0,351.65,0.9428,0.0048,C,2,5,8,19,2,0,16820.0,16820.0,27653.0,23098.0,23809.0,23852.0,16820.0,0.0,20928.285714285714,5166.5243221558985,20767.928571428572,5341.491054641321,21045.433333333334,5255.348170383575,-10833.0,-0.3917477308067841,0.24686801359125238,15857.895999999999,80.73599999999999,128
2024-05-09,16820.0,351.65,0.9428,0.0048,C,3,5,9,19,2,0,16820.0,16820.0,25397.0,22567.0,22808.0,22754.0,16820.0,0.0,19380.714285714286,4378.912144748789,20319.5,5394.095914124006,20789.166666666668,5268.110268288861,-8577.0,-0.3377170531952593,0.22594173156850714,15857.895999999999,80.73599999999999,129
2024-05-10,16820.0,351.65,0.9428,0.0048,C,4,5,10,19,2,0,16820.0,16820.0,26168.0,22280.0,22825.0,23285.0,16820.0,0.0,18155.428571428572,3533.211893690235,19909.0,5428.46925583433,20547.333333333332,5278.58285144225,-9348.0,-0.35723020483032714,0.19460911538329065,15857.895999999999,80.73599999999999,130
2024-05-11,16820.0,351.65,0.9428,0.0048,C,5,5,11,19,2,1,16820.0,16820.0,16820.0,14692.0,15136.0,15083.0,16820.0,0.0,16820.0,0.0,19519.0,5441.143120846807,20312.933333333334,5282.905293513206,0.0,0.0,0.0,15857.895999999999,80.73599999999999,131
2024-05-12,8162.0,346.05,0.8539,0.0197,C,6,5,12,19,2,1,16820.0,16820.0,16820.0,10148.0,10505.0,10515.0,16820.0,0.0,16820.0,0.0,19671.0,5324.397517379501,20115.133333333335,5299.41959563259,-8658.0,-0.51474435196195,0.0,6969.5318,160.79139999999998,132
2024-05-13,26132.0,346.11,0.6108,0.0302,C,0,5,13,20,2,0,8162.0,16820.0,16820.0,26280.0,26933.0,26959.0,13934.0,4998.6986306437875,15583.142857142857,3272.416407313861,19529.14285714286,5616.1000683768125,19611.033333333333,5692.2131656314905,9312.0,0.5536266349583828,0.20999720257418297,15961.4256,789.1864,133
2024-05-14,24354.0,342.66,0.7202,0.0234,C,1,5,14,20,2,0,26132.0,8162.0,16820.0,25188.0,23081.0,24484.0,17038.0,8986.983253572918,16913.428571428572,5189.945499300943,19518.571428571428,5602.538061028661,19979.333333333332,5746.3271768137665,7534.0,0.4479191438763377,0.306853544057187,17539.750799999998,569.8836,134
2024-05-15,25217.0,322.79,0.9411,0.0063,C,2,5,15,20,2,0,24354.0,26132.0,16820.0,27653.0,23098.0,23809.0,19549.333333333332,9901.709010738168,17989.714285714286,5899.969539872933,19459.0,5541.722115010826,20440.633333333335,5511.017732427143,8397.0,0.4992271105826397,0.32796349325892993,23731.7187,158.8671,135
2024-05-16,23768.0,358.38,0.7819,0.0136,C,3,5,16,20,2,0,25217.0,24354.0,16820.0,25397.0,22567.0,22808.0,25234.333333333332,889.1267251260801,19189.285714285714,6450.45824507286,19285.0,5297.517241413849,20382.566666666666,5448.794866335332,6948.0,0.41307966706302024,0.33614895005032586,18584.199200000003,323.2448,136
2024-05-17,23437.0,345.74,0.7984,0.0204,C,4,5,17,20,2,0,23768.0,25217.0,16820.0,26168.0,22280.0,22825.0,24446.333333333332,728.8993986370319,20181.85714285714,6558.775201427247,19168.64285714286,5169.2817178039395,20358.7,5431.751842574393,6617.0,0.3934007134363853,0.32498372944575915,18712.1008,478.11480000000006,137
2024-05-18,14761.0,347.18,0.5979,0.0296,C,5,5,18,20,2,1,23437.0,23768.0,16820.0,16820.0,14692.0,15136.0,24140.666666666668,946.7102689489681,21127.14285714286,6469.72576514572,18973.571428571428,4930.862675564469,20346.3,5424.022754186324,-2059.0,-0.12241379310344827,0.30622814494570316,8825.6019,436.92560000000003,138
2024-05-19,9901.0,350.66,0.7051,0.0274,C,6,5,19,20,2,1,14761.0,23437.0,8162.0,16820.0,10148.0,10505.0,20655.333333333332,5107.324576853661,20833.0,6739.371434587445,18826.5,5029.752673992881,20078.066666666666,5496.575102504397,1739.0,0.2130605243812791,0.3234950047802738,6981.1951,271.2874,139
2024-05-20,26363.0,348.16,0.7815,0.0144,C,0,5,20,21,2,0,9901.0,14761.0,26132.0,16820.0,26280.0,26933.0,16033.0,6857.062928105596,21081.428571428572,6205.335469232441,18332.285714285714,5554.612739095206,19647.266666666666,5773.354913819132,231.0,0.00883973672126129,0.29435080493750143,20602.6845,379.6272,140
2024-05-21,23930.0,339.74,0.7101,0.0242,C,1,5,21,21,2,0,26363.0,9901.0,24354.0,16820.0,25188.0,23081.0,17008.333333333332,8457.9691021742,21114.428571428572,6237.203322460652,19013.928571428572,5927.762847746269,20021.5,5834.396258988288,-424.0,-0.017409871068407655,0.2954000531608349,16992.693,579.106,141
2024-05-22,23274.0,322.32,0.8995,0.0088,C,2,5,22,21,2,0,23930.0,26363.0,25217.0,16820.0,27653.0,23098.0,20064.666666666668,8885.660489425276,21053.85714285714,6202.461458393518,19521.785714285714,6029.047713790704,20469.0,5588.998195346477,-1943.0,-0.07705119562200104,0.2945997693585473,20934.963,204.8112,142
2024-05-23,23980.0,350.4,0.8581,0.0115,C,3,5,23,21,2,0,23274.0,23930.0,23768.0,16820.0,25397.0,22567.0,24522.333333333332,1627.4594721016626,20776.285714285714,6026.0700768766765,19982.785714285714,6053.267295481799,20347.033333333333,5481.972263282829,212.0,0.008919555705149781,0.29004559138947383,20577.237999999998,275.77,143
2024-05-24,22158.0,343.89,0.8742,0.0066,C,4,5,24,21,2,0,23980.0,23274.0,23437.0,16820.0,26168.0,22280.0,23728.0,393.9695419700455,20806.571428571428,6044.117439217038,20494.214285714286,6067.943919655817,20377.0,5499.860531147034,-1279.0,-0.05457183086572513,0.29049079325569716,19370.5236,146.2428,144
2024-05-25,14687.0,334.28,0.848,0.0111,C,5,5,25,21,2,1,22158.0,23980.0,14761.0,16820.0,16820.0,14692.0,23137.333333333332,918.6562650596902,20623.85714285714,5970.226780409913,20875.5,5986.473814422754,20345.666666666668,5486.4855174631875,-74.0,-0.005013210487094371,0.2894815814062036,12454.576,163.0257,145
2024-05-26,8720.0,339.62,0.868,0.0093,C,6,5,26,21,2,1,14687.0,22158.0,9901.0,8162.0,16820.0,10148.0,20275.0,4924.350617086489,20613.285714285714,5982.391431367154,20723.14285714286,6123.2078553288175,20083.0,5564.5446261622965,-1181.0,-0.11928088071911928,0.29022017713659065,7568.96,81.09599999999999,146
2024-05-27,12426.0,325.84,0.956,0.0041,C,0,5,27,22,2,0,8720.0,14687.0,26363.0,26132.0,16820.0,26280.0,15188.333333333334,6733.012871912056,20444.571428571428,6340.767194831199,20763.0,6036.355599455438,19631.0,5919.349888581368,-13937.0,-0.5286575882866138,0.31014429512422714,11879.256,50.946600000000004,147
2024-05-28,25849.0,318.05,0.9548,0.0047,C,1,5,28,22,2,0,12426.0,8720.0,23930.0,24354.0,16820.0,25188.0,11944.333333333334,3012.519598829762,18453.571428571428,6360.727103540455,19784.0,6207.6249019312545,19555.466666666667,5998.4754829489975,1919.0,0.08019222732971167,0.34468813411870086,24680.6252,121.4903,148
2024-05-29,23492.0,292.49,0.9853,0.0022,C,2,5,29,22,2,0,25849.0,12426.0,23274.0,25217.0,16820.0,27653.0,15665.0,9012.158509480405,18727.714285714286,6669.933900579158,19890.785714285714,6304.391450880423,20078.833333333332,5832.017123593262,218.0,0.009366675259946722,0.35615312145524664,23146.6676,51.6824,149
2024-05-30,23041.0,329.36,0.8365,0.0185,C,3,5,30,22,2,0,23492.0,25849.0,23980.0,23768.0,16820.0,25397.0,20589.0,7166.923258972436,18758.85714285714,6695.16025271417,19767.571428571428,6208.413716813739,19985.9,5751.45087752227,-939.0,-0.03915763135946622,0.3569066175901608,19273.7965,426.25849999999997,150
2024-05-31,25027.0,320.32,0.9632,0.0064,C,4,5,31,22,2,0,23041.0,23492.0,22158.0,23437.0,16820.0,26168.0,24127.333333333332,1507.9629747886459,18624.714285714286,6581.558572108516,19715.64285714286,6175.331602521357,19914.333333333332,5697.5934625390555,2869.0,0.1294791948731835,0.3533776932705362,24106.0064,160.1728,151
2024-06-01,17543.0,342.94,0.82,0.014,C,5,6,1,22,2,1,25027.0,23041.0,14687.0,14761.0,16820.0,16820.0,23853.333333333332,1041.1389596655297,19034.571428571428,6918.944448809671,19829.214285714286,6263.03442281126,19826.8,5593.830045622615,2856.0,0.1944576836658269,0.3634935766625216,14385.259999999998,245.602,152
2024-06-02,11620.0,339.3,0.9855,0.0017,C,6,6,2,22,2,1,17543.0,25027.0,8720.0,9901.0,8162.0,16820.0,21870.333333333332,3876.9071865771325,19442.571428571428,6700.608351912098,20027.928571428572,6132.636269165994,19565.0,5507.266485102296,2900.0,0.33256880733944955,0.34463591282300027,11451.51,19.753999999999998,153
2024-06-03,30859.0,333.82,0.9607,0.0033,C,0,6,3,23,2,0,11620.0,17543.0,12426.0,26363.0,26132.0,16820.0,18063.333333333332,6718.628753944767,19856.85714285714,5977.828073488762,20150.714285714286,5928.078368481412,19080.066666666666,5546.164085597162,18433.0,1.4834218573957831,0.3010460331401987,29646.2413,101.8347,154
2024-06-04,26938.0,340.13,0.9885,0.0023,C,1,6,4,23,2,0,30859.0,11620.0,25849.0,23930.0,24354.0,16820.0,20007.333333333332,9853.399633290706,22490.14285714286,6214.18705942489,20471.85714285714,6393.978547847168,19548.033333333333,5928.027324866831,1089.0,0.04212928933421022,0.27630714037244397,26628.213,61.9574,155
2024-06-05,25705.0,333.61,0.9568,0.0036,C,2,6,5,23,2,0,26938.0,30859.0,23492.0,23274.0,25217.0,16820.0,23139.0,10166.566824646367,22645.714285714286,6324.935038251002,20686.714285714286,6567.311022475955,19885.3,6053.954843878843,2213.0,0.09420228162778818,0.27929942762905,24594.543999999998,92.538,156
2024-06-06,23898.0,324.11,0.9902,0.0029,C,3,6,6,23,2,0,25705.0,26938.0,23041.0,23980.0,23768.0,16820.0,27834.0,2691.289839463615,22961.85714285714,6428.740478729648,20860.35714285714,6672.28182174519,20181.466666666667,6115.841813279463,857.0,0.037194566208063884,0.2799747615679888,23663.7996,69.3042,157
2024-06-07,22988.0,325.13,0.91,0.0076,C,4,6,7,23,2,0,23898.0,25705.0,25027.0,22158.0,23437.0,16820.0,25513.666666666668,1529.0050141622899,23084.285714285714,6438.65155950855,20854.5,6669.367998543798,20417.4,6118.218518039604,-2039.0,-0.08147201022895273,0.2789192457241157,20919.08,174.7088,158
2024-06-08,15035.0,346.76,0.9374,0.0051,C,5,6,8,23,2,1,22988.0,23898.0,17543.0,14687.0,14761.0,16820.0,24197.0,1382.9580615478158,22793.0,6381.987725883942,20913.785714285714,6685.515953607034,20623.0,6096.759721642984,-2508.0,-0.1429630051872542,0.2799977065714887,14093.809,76.6785,159
2024-06-09,9968.0,340.54,0.985,0.0024,C,6,6,9,23,2,1,15035.0,22988.0,11620.0,8720.0,9901.0,8162.0,20640.333333333332,4875.638043716271,22434.714285714286,6783.608767076847,20938.64285714286,6661.186179966442,20563.5,6143.6836683899455,-1652.0,-0.14216867469879518,0.30237107906457417,9818.48,23.923199999999998,160
2024-06-10,26820.0,335.94,0.9457,0.0045,C,0,6,10,24,2,0,9968.0,15035.0,30859.0,12426.0,26363.0,26132.0,15997.0,6563.092487539703,22198.714285714286,7236.19531048109,21027.785714285714,6491.276621845566,20335.1,6409.277899775581,-4039.0,-0.1308856411419683,0.32597362249659007,25363.674,120.69,161
2024-06-11,24021.0,339.59,0.9357,0.0049,C,1,6,11,24,2,0,26820.0,9968.0,26938.0,25849.0,23930.0,24354.0,17274.333333333332,8646.29610488407,21621.714285714286,6559.984316909238,22055.928571428572,6155.277153846076,20668.433333333334,6479.812468994244,-2917.0,-0.1082856930729824,0.3033979743800192,22476.4497,117.7029,162
2024-06-12,23552.0,334.07,0.9386,0.0053,C,2,6,12,24,2,0,24021.0,26820.0,25705.0,23492.0,23274.0,25217.0,20269.666666666668,9030.60642112884,21205.0,6251.379687716938,21925.35714285714,6087.642648553184,21197.066666666666,6057.472876585965,-2153.0,-0.08375802373079168,0.29480687044173254,22105.9072,124.8256,163
2024-06-13,22778.0,317.04,0.9678,0.0061,C,3,6,13,24,2,0,23552.0,24021.0,23898.0,23041.0,23980.0,23768.0,24797.666666666668,1767.0213166041387,20897.428571428572,6042.553209175257,21929.64285714286,6088.85140876521,21111.066666666666,6003.064205676233,-1120.0,-0.04686584651435267,0.2891529543226562,22044.5484,138.94580000000002,164
2024-06-14,23276.0,325.78,0.8941,0.0084,C,4,6,14,24,2,0,22778.0,23552.0,22988.0,25027.0,22158.0,23437.0,23450.333333333332,627.7056104046112,20737.428571428572,5964.179403101558,21910.85714285714,6085.563646951612,21058.533333333333,5980.560097938773,288.0,0.012528275622063685,0.28760457848273585,20811.0716,195.51839999999999,165
2024-06-15,14831.0,341.26,0.9725,0.0033,C,5,6,15,24,2,1,23276.0,22778.0,15035.0,17543.0,14687.0,14761.0,23202.0,392.27031496162397,20778.571428571428,5983.254963009754,21785.785714285714,6034.371883425203,20993.833333333332,5944.410890351816,-204.0,-0.013568340538742934,0.2879531436305829,14423.147500000001,48.9423,166
2024-06-16,8648.0,339.39,0.9832,0.0022,C,6,6,16,24,2,1,14831.0,23276.0,9968.0,11620.0,8720.0,9901.0,20295.0,4738.509575805466,20749.428571428572,6016.29852586961,21592.071428571428,6221.673240984495,20695.933333333334,6023.99451007977,-1320.0,-0.13242375601926162,0.2899500824882425,8502.7136,19.0256,167
2024-06-17,26763.0,334.85,0.8926,0.0095,C,0,6,17,25,2,0,8648.0,14831.0,26820.0,30859.0,12426.0,26363.0,15585.0,7343.090834246849,20560.85714285714,6417.833809746377,21379.785714285714,6625.682527147641,20202.966666666667,6386.179995105447,-57.0,-0.0021252796420581656,0.312138436892741,23888.6538,254.2485,168
2024-06-18,24501.0,329.12,0.9412,0.0062,C,1,6,18,25,2,0,26763.0,8648.0,24021.0,26938.0,25849.0,23930.0,16747.333333333332,9208.287372434324,20552.714285714286,6408.598227233091,21087.214285714286,6254.972276622718,20603.033333333333,6409.403084172679,480.0,0.019982515299113275,0.3118127434724064,23060.341200000003,151.90619999999998,169
2024-06-19,23216.0,340.66,0.8758,0.0077,C,2,6,19,25,2,0,24501.0,26763.0,23552.0,25705.0,23492.0,23274.0,19970.666666666668,9870.726737851344,20621.285714285714,6454.298663533872,20913.14285714286,6111.897877936915,21089.7,6116.366631339676,-336.0,-0.014266304347826086,0.3129920584467998,20332.5728,178.7632,170
2024-06-20,24554.0,325.43,0.9454,0.0065,C,3,6,20,25,2,0,23216.0,24501.0,22778.0,23898.0,23041.0,23980.0,24826.666666666668,1795.7857147592592,20573.285714285714,6430.074590399019,20735.35714285714,5996.9068386851095,20984.8,6049.427504403571,1776.0,0.07796997102467293,0.3125448545116978,23213.3516,159.601,171
2024-06-21,24108.0,321.2,0.8955,0.0089,C,4,6,21,25,2,0,24554.0,23216.0,23276.0,22988.0,25027.0,22158.0,24090.333333333332,757.658454274369,20827.0,6565.184435083797,20782.214285714286,6026.011414354786,21005.6,6060.965062566778,832.0,0.03574497336312081,0.3152246811871032,21588.714,214.56119999999999,172
2024-06-22,15477.0,342.28,0.9104,0.0173,C,5,6,22,25,2,1,24108.0,24554.0,14831.0,15035.0,17543.0,14687.0,23959.333333333332,681.2762533168361,20945.85714285714,6624.17731819258,20862.214285714286,6064.856751159751,21033.4,6073.627812107023,646.0,0.04355741352572315,0.31625238695240154,14090.2608,267.7521,173
2024-06-23,10536.0,343.41,0.979,0.0024,C,6,6,23,25,2,1,15477.0,24108.0,8648.0,9968.0,11620.0,8720.0,21379.666666666668,5116.7210529140075,21038.14285714286,6528.599324729389,20893.785714285714,6033.257114700816,20749.966666666667,6129.523762134759,1888.0,0.2183163737280296,0.3103220359829814,10314.744,25.286399999999997,174
2024-06-24,26564.0,335.8,0.8737,0.0105,C,0,6,24,26,2,0,10536.0,15477.0,26763.0,26820.0,30859.0,12426.0,16707.0,6869.095355285156,21307.85714285714,5944.266128760027,20934.35714285714,5955.542830095254,20362.566666666666,6398.817184251415,-199.0,-0.007435638754997571,0.2789706205043089,23208.966800000002,278.922,175
2024-06-25,24308.0,336.15,0.876,0.0102,C,1,6,25,26,2,0,26564.0,10536.0,24501.0,24021.0,26938.0,25849.0,17525.666666666668,8208.043148846955,21279.428571428572,5914.228545272341,20916.071428571428,5936.444033572317,20758.466666666667,6402.97504523366,-193.0,-0.0078772295008367,0.2779317370022448,21293.808,247.94160000000002,176
2024-06-26,23037.0,330.91,0.8322,0.0105,C,2,6,26,26,2,0,24308.0,26564.0,23216.0,23552.0,25705.0,23492.0,20469.333333333332,8676.157982271498,21251.85714285714,5897.132026914189,20936.571428571428,5948.47424153437,21278.066666666666,6012.973261513649,-179.0,-0.007710199862164025,0.2774878443456997,19171.3914,241.88850000000002,177
2024-06-27,22647.0,318.16,0.9381,0.0047,C,3,6,27,26,2,0,23037.0,24308.0,24554.0,22778.0,23898.0,23041.0,24636.333333333332,1786.2766676339475,21226.285714285714,5887.575865449928,20899.785714285714,5932.627413505134,21631.766666666666,5781.9613286277745,-1907.0,-0.07766555347397573,0.27737193142027067,21245.150700000002,106.4409,178
2024-06-28,22163.0,312.02,0.8276,0.0139,C,4,6,28,26,2,0,22647.0,23037.0,24108.0,23276.0,22988.0,25027.0,23330.666666666668,868.5679785333092,20953.85714285714,5750.456834854402,20890.428571428572,5929.539659318308,21525.033333333333,5730.755227856895,-1945.0,-0.08067861290857807,0.2744342865205916,18342.0988,308.0657,179
2024-06-29,15440.0,333.49,0.8721,0.0078,C,5,6,29,26,2,1,22163.0,22647.0,15477.0,14831.0,15035.0,17543.0,22615.666666666668,437.84167610386334,20676.0,5618.118012288447,20810.928571428572,5902.494459180749,21480.733333333334,5720.152752562086,-37.0,-0.0023906441816889576,0.2717217069205091,13465.224,120.43199999999999,180
2024-06-30,10436.0,350.71,0.8254,0.0173,C,6,6,30,26,2,1,15440.0,22163.0,10536.0,8648.0,9968.0,11620.0,20083.333333333332,4028.5198688021183,20670.714285714286,5623.8391310054785,20854.428571428572,5857.1032971057575,21227.366666666665,5816.191623291869,-100.0,-0.009491268033409264,0.27206796307431735,8613.8744,180.5428,181
2024-07-01,29844.0,337.32,0.9567,0.006,C,0,7,1,27,3,0,10436.0,15440.0,26564.0,26763.0,26820.0,30859.0,16013.0,5884.4608079245545,20656.428571428572,5653.920670860251,20982.14285714286,5583.574604376435,20741.0,6091.073938488833,3280.0,0.12347538021382322,0.2737124015078098,28551.7548,179.064,182
2024-07-02,25366.0,341.93,0.8094,0.0182,C,1,7,2,27,3,0,29844.0,10436.0,24308.0,24501.0,24021.0,26938.0,18573.333333333332,10076.256712357692,21125.0,6321.604068588914,21202.214285714286,5881.70653125267,21151.033333333333,6279.490026972771,1058.0,0.04352476550929735,0.2992475298740314,20531.2404,461.6612,183
2024-07-03,25057.0,346.14,0.8472,0.0143,C,2,7,3,27,3,0,25366.0,29844.0,23037.0,23216.0,23552.0,25705.0,21882.0,10162.249160495925,21276.14285714286,6422.236771005648,21264.0,5923.420347686353,21609.233333333334,6057.63919351842,2020.0,0.0876850284325216,0.30185155336318703,21228.290399999998,358.31510000000003,184
2024-07-04,10669.0,342.87,0.9325,0.0066,C,3,7,4,27,3,0,25057.0,25366.0,22647.0,24554.0,22778.0,23898.0,26755.666666666668,2679.033843260188,21564.714285714286,6558.481778437382,21395.5,5990.147458696086,21415.833333333332,5840.883229640768,-11978.0,-0.52890007506513,0.3041302421883743,9948.8425,70.4154,185
2024-07-05,23259.0,334.18,0.94,0.0098,C,4,7,5,27,3,0,10669.0,25057.0,22163.0,24108.0,23276.0,22988.0,20364.0,8397.53767481874,19853.571428571428,7693.409275848656,20403.714285714286,6550.249559879638,20873.533333333333,6061.577732100676,1096.0,0.049451789017732256,0.38750757280763154,21863.46,227.9382,186
2024-07-06,14224.0,309.07,0.9731,0.0037,C,5,7,6,27,3,1,23259.0,10669.0,15440.0,15477.0,14831.0,15035.0,19661.666666666668,7839.59446230055,20010.14285714286,7759.11462794072,20343.071428571428,6517.16336906794,20792.0,6010.585386603796,-1216.0,-0.07875647668393783,0.38775908214823224,13841.374399999999,52.628800000000005,187
2024-07-07,10079.0,344.97,0.9496,0.0056,C,6,7,7,27,3,1,14224.0,23259.0,10436.0,10536.0,8648.0,9968.0,16050.666666666666,6490.728644253544,19836.428571428572,7890.977608575979,20253.571428571428,6597.241144999539,20469.533333333333,6097.084689074531,-357.0,-0.034208509007282485,0.39780233524202835,9571.0184,56.4424,188
2024-07-08,27531.0,344.37,0.916,0.0088,C,0,7,8,28,3,0,10079.0,14224.0,29844.0,26564.0,26763.0,26820.0,15854.0,6739.493675343877,19785.428571428572,7962.687085340442,20220.928571428572,6649.941994706956,20039.233333333334,6362.943840942528,-2313.0,-0.07750301568154402,0.40245209026399725,25218.396,242.27280000000002,189
2024-07-09,24988.0,337.43,0.8728,0.0113,C,1,7,9,28,3,0,27531.0,10079.0,25366.0,24308.0,24501.0,24021.0,17278.0,9118.01858958404,19455.0,7510.892645573705,20290.0,6725.486931184876,20455.766666666666,6432.6853709480565,-378.0,-0.014901837104785935,0.38606490082619915,21809.5264,282.3644,190
2024-07-10,23820.0,343.14,0.865,0.0095,C,2,7,10,28,3,0,24988.0,27531.0,25057.0,23037.0,23216.0,23552.0,20866.0,9427.949883193065,19401.0,7462.515281949723,20338.571428571428,6759.1084950865925,20956.433333333334,6167.298820130377,-1237.0,-0.049367442231711696,0.3846459090742603,20604.3,226.29,191
2024-07-11,22718.0,343.63,0.7426,0.0212,C,3,7,11,28,3,0,23820.0,24988.0,10669.0,22647.0,24554.0,22778.0,25446.333333333332,1897.4805225175437,19224.285714285714,7319.533630732793,20394.5,6786.338967140027,20856.433333333334,6092.81732966315,12049.0,1.129346705408192,0.3807441139565249,16870.3868,481.6216,192
2024-07-12,21909.0,343.12,0.7981,0.0187,C,4,7,12,28,3,0,22718.0,23820.0,23259.0,22163.0,24108.0,23276.0,23842.0,1135.1599006307947,20945.571428571428,6320.9544336580075,20399.571428571428,6788.178023528919,20813.0,6074.095993473512,-1350.0,-0.0580420482393912,0.30177999465012073,17485.5729,409.6983,193
2024-07-13,14472.0,324.61,0.8841,0.0113,C,5,7,13,28,3,1,21909.0,22718.0,14224.0,15440.0,15477.0,14831.0,22815.666666666668,959.236328197306,20752.714285714286,6258.896007931039,20381.428571428572,6783.440115619647,20758.233333333334,6055.928230814954,248.0,0.017435320584926885,0.30159409134445253,12794.6952,163.53359999999998,194
2024-07-14,9747.0,355.49,0.5642,0.031,C,6,7,14,28,3,1,14472.0,21909.0,10079.0,10436.0,10536.0,8648.0,19699.666666666668,4545.3266475945875,20788.14285714286,6216.338027825573,20312.285714285714,6842.359449427143,20481.366666666665,6149.548211514978,-332.0,-0.032939775771405895,0.29903287035039894,5499.2574,302.157,195
2024-07-15,25811.0,344.21,0.7783,0.0311,C,0,7,15,29,3,0,9747.0,14472.0,27531.0,29844.0,26564.0,26763.0,15376.0,6131.188547092654,20740.714285714286,6312.190578932306,20263.071428571428,6920.887064801474,20030.4,6427.330859105802,-1720.0,-0.062475028150085356,0.30433814824207833,20088.7013,802.7221,196
2024-07-16,22971.0,350.43,0.6936,0.0244,C,1,7,16,29,3,0,25811.0,9747.0,24988.0,25366.0,24308.0,24501.0,16676.666666666668,8255.812518058623,20495.0,6031.0265571735945,19975.0,6566.267749174278,20396.4,6433.666228895273,-2017.0,-0.08071874499759885,0.2942681901524076,15932.6856,560.4924000000001,197
2024-07-17,22681.0,346.31,0.774,0.0229,C,2,7,17,29,3,0,22971.0,25811.0,23820.0,25057.0,23037.0,23216.0,19509.666666666668,8573.13509361269,20206.85714285714,5825.26152284373,19803.928571428572,6445.092091772518,20873.833333333332,6051.8881583857055,-1139.0,-0.04781696053736356,0.28828142257158895,17555.094,519.3949,198
2024-07-18,21844.0,340.13,0.8851,0.0088,C,3,7,18,29,3,0,22681.0,22971.0,22718.0,10669.0,22647.0,24554.0,23821.0,1729.4796905428248,20044.14285714286,5722.518106235254,19634.214285714286,6326.31437457341,20737.766666666666,5960.106749121149,-874.0,-0.038471696452152475,0.28549577535045345,19334.1244,192.2272,199
2024-07-19,22116.0,331.17,0.8673,0.0139,C,4,7,19,29,3,0,21844.0,22681.0,21909.0,23259.0,22163.0,24108.0,22498.666666666668,585.2062314547234,19919.285714285714,5663.6873946892365,20432.428571428572,5790.42536918006,20649.2,5921.87588755338,207.0,0.009448171984116117,0.28433185185085996,19181.2068,307.4124,200
2024-07-20,14538.0,322.58,0.8169,0.0167,C,5,7,20,29,3,1,22116.0,21844.0,14472.0,14224.0,15440.0,15477.0,22213.666666666668,426.9617469205406,19948.85714285714,5676.333894001507,20350.785714285714,5755.458455020991,20612.533333333333,5908.825991878487,66.0,0.004560530679933665,0.2845443151631354,11876.0922,242.78459999999998,201
2024-07-21,9869.0,351.77,0.7462,0.017,C,6,7,21,29,3,1,14538.0,22116.0,9747.0,10079.0,10436.0,10536.0,19499.333333333332,4298.79254364914,19958.285714285714,5665.765429733369,20373.214285714286,5730.303108892261,20278.666666666668,5961.176985920751,122.0,0.01251667179645019,0.28388036481900525,7364.2478,167.77300000000002,202
2024-07-22,24841.0,346.0,0.7852,0.0257,C,0,7,22,30,3,0,9869.0,14538.0,25811.0,27531.0,29844.0,26564.0,15507.666666666666,6180.812433113743,19975.714285714286,5629.188683824258,20358.214285714286,5759.52307291781,19804.033333333333,6207.538139832185,-970.0,-0.037580876370539695,0.28180162187491814,19505.1532,638.4137000000001,203
2024-07-23,22083.0,340.49,0.7358,0.021,C,1,7,23,30,3,0,24841.0,9869.0,22971.0,24988.0,25366.0,24308.0,16416.0,7660.636983958977,19837.14285714286,5471.328645115096,20166.071428571428,5542.61134601436,20116.166666666668,6217.8756827189045,-888.0,-0.038657437638761914,0.2758123326789981,16248.671400000001,463.74300000000005,204
2024-07-24,21243.0,336.71,0.8463,0.0187,C,2,7,24,30,3,0,22083.0,24841.0,22681.0,23820.0,25057.0,23037.0,18931.0,7968.156875965739,19710.285714285714,5396.338070527867,19958.571428571428,5400.768174910025,20501.066666666666,5956.282576686005,-1438.0,-0.06340108460826242,0.2737828435747475,17977.9509,397.2441,205
2024-07-25,21402.0,336.35,0.8666,0.0111,C,3,7,25,30,3,0,21243.0,22083.0,21844.0,22718.0,10669.0,22647.0,22722.333333333332,1882.2755731649468,19504.85714285714,5290.737989750609,19774.5,5302.050644652653,20323.7,5847.750225514078,-442.0,-0.020234389305987914,0.2712523322268026,18546.9732,237.56220000000002,206
2024-07-26,20631.0,324.96,0.9162,0.0079,C,4,7,26,30,3,0,21402.0,21243.0,22116.0,21909.0,23259.0,22163.0,21576.0,446.2140741842347,19441.714285714286,5260.7208540999145,19680.5,5257.328171229192,20226.833333333332,5803.375617472232,-1485.0,-0.0671459576776994,0.27058935116464894,18902.1222,162.9849,207
2024-07-27,13721.0,315.51,0.9448,0.0093,C,5,7,27,30,3,1,20631.0,21402.0,14538.0,14472.0,14224.0,15440.0,21092.0,407.0761599505597,19229.571428571428,5163.956295230184,19589.214285714286,5226.662917985225,20146.633333333335,5779.778187387667,-817.0,-0.05619755124501307,0.268542453710515,12963.6008,127.60529999999999,208
2024-07-28,9272.0,344.95,0.7962,0.0149,C,6,7,28,30,3,1,13721.0,20631.0,9869.0,9747.0,10079.0,10436.0,18584.666666666668,4229.663146555933,19112.85714285714,5295.231012542351,19535.571428571428,5286.731136523796,19849.1,5875.578881825321,-597.0,-0.060492451109534905,0.2770507294102434,7382.3664,138.1528,209
2024-07-29,23180.0,337.61,0.7969,0.0156,C,0,7,29,31,3,0,9272.0,13721.0,24841.0,25811.0,27531.0,29844.0,14541.333333333334,5723.760156866589,19027.571428571428,5470.823943342304,19501.64285714286,5355.46084502888,19419.4,6164.783289532287,-1661.0,-0.0668652630731452,0.2875208727440341,18472.142,361.608,210
2024-07-30,21392.0,336.99,0.9524,0.004,C,1,7,30,31,3,0,23180.0,9272.0,22083.0,22971.0,24988.0,25366.0,15391.0,7102.801630342784,18790.285714285714,5206.279340510686,19313.714285714286,5159.609219379252,19677.4,6154.453406358232,-691.0,-0.03129103835529593,0.27707292053321475,20373.7408,85.568,211
2024-07-31,22000.0,337.33,0.978,0.0031,C,2,7,31,31,3,0,21392.0,23180.0,21243.0,22681.0,23820.0,25057.0,17948.0,7566.635183488107,18691.571428571428,5139.565573636948,19200.928571428572,5090.306163744909,20042.6,5907.26278056264,757.0,0.035635268088311446,0.27496701351608926,21516.0,68.2,212
2024-08-01,24376.0,336.1,0.9493,0.007,C,3,8,1,31,3,0,22000.0,21392.0,21402.0,21844.0,22718.0,10669.0,22190.666666666668,909.1211873746194,18799.714285714286,5209.684146352994,19152.285714285714,5057.641566953939,19781.133333333335,5625.342538127286,2974.0,0.1389589757966545,0.27711507032379634,23140.1368,170.632,213
2024-08-02,23876.0,337.29,0.9521,0.0039,C,4,8,2,31,3,0,24376.0,22000.0,20631.0,22116.0,21909.0,23259.0,22589.333333333332,1576.8796191635683,19224.571428571428,5566.333319075264,19333.14285714286,5204.439907161272,19748.133333333335,5594.268234993514,3245.0,0.1572875769473123,0.28954264805105706,22732.3396,93.1164,214
2024-08-03,15758.0,333.33,0.9792,0.0026,C,5,8,3,31,3,1,23876.0,24376.0,13721.0,14538.0,14472.0,14224.0,23417.333333333332,1252.6473299909442,19688.14285714286,5831.77870032151,19458.85714285714,5297.260044402394,19708.766666666666,5559.67005150568,2037.0,0.148458567159828,0.29620765872316596,15430.2336,40.9708,215
2024-08-04,10463.0,314.74,0.9957,0.0019,C,6,8,4,31,3,1,15758.0,23876.0,9272.0,9869.0,9747.0,10079.0,21336.666666666668,4837.7310108493475,19979.14285714286,5527.270556931661,19546.0,5219.547033102518,19878.4,5347.948086045193,1191.0,0.12845125107851596,0.2766520363988275,10418.009100000001,19.8797,216
2024-08-05,25956.0,346.2,0.9863,0.0021,C,0,8,5,32,3,0,10463.0,15758.0,23180.0,24841.0,25811.0,27531.0,16699.0,6755.831036963559,20149.285714285714,5148.069952719667,19588.428571428572,5136.588836876176,19451.866666666665,5574.508772131827,2776.0,0.11975841242450389,0.2554963995110615,25600.4028,54.5076,217
2024-08-06,23713.0,346.15,0.9903,0.0017,C,1,8,6,32,3,0,25956.0,10463.0,21392.0,22083.0,22971.0,24988.0,17392.333333333332,7874.741032779012,20545.85714285714,5514.338353437366,19668.071428571428,5232.051670885262,19842.933333333334,5606.537009311682,2321.0,0.10849850411368736,0.26839174024698453,23482.9839,40.3121,218
2024-08-07,22646.0,339.92,0.915,0.006,C,2,8,7,32,3,0,23713.0,25956.0,22000.0,21243.0,22681.0,23820.0,20044.0,8372.839004782078,20877.428571428572,5641.99763255127,19784.5,5307.516654562811,20297.4,5333.728989921684,646.0,0.029363636363636363,0.2702438958537511,20721.09,135.876,219
2024-08-08,21690.0,343.25,0.9187,0.0047,C,3,8,8,32,3,0,22646.0,23713.0,24376.0,21402.0,21844.0,22718.0,24105.0,1689.4593809855667,20969.714285714286,5668.640128351928,19884.714285714286,5350.247218279112,20134.566666666666,5177.560320721779,-2686.0,-0.11019035116508041,0.27032510081521305,19926.603,101.943,220
2024-08-09,21283.0,331.8,0.8993,0.0113,C,4,8,9,32,3,0,21690.0,22646.0,23876.0,20631.0,22116.0,21909.0,22683.0,1012.0074110401238,20586.0,5487.656725172702,19905.285714285714,5357.079175885248,20024.633333333335,5105.466282756922,-2593.0,-0.1086027810353493,0.2665722687832848,19139.8019,240.4979,221
2024-08-10,14064.0,320.23,0.9747,0.0026,C,5,8,10,32,3,1,21283.0,21690.0,15758.0,13721.0,14538.0,14472.0,21873.0,699.6849290931841,20215.571428571428,5313.30791055636,19951.85714285714,5366.698854361652,19940.066666666666,5061.252148011113,-1694.0,-0.10750095189744892,0.2628324373283291,13708.1808,36.5664,222
2024-08-11,9865.0,307.9,0.9927,0.0012,C,6,8,11,32,3,1,14064.0,21283.0,10463.0,9272.0,9869.0,9747.0,19012.333333333332,4290.211455550118,19973.571428571428,5581.955835760508,19976.35714285714,5336.76517704734,19651.6,5143.414876626562,-598.0,-0.05715377998661952,0.27946708758233063,9792.9855,11.838,223
2024-08-12,24663.0,347.28,0.9017,0.0064,C,0,8,12,33,3,0,9865.0,14064.0,25956.0,23180.0,24841.0,25811.0,15070.666666666666,5775.180891827845,19888.14285714286,5753.702385669333,20018.714285714286,5246.867027512292,19250.133333333335,5423.553999142,-1293.0,-0.049815071659731855,0.2893031504750521,22238.627099999998,157.8432,224
2024-08-13,22390.0,340.03,0.9265,0.0058,C,1,8,13,33,3,0,24663.0,9865.0,23713.0,21392.0,22083.0,22971.0,16197.333333333334,7626.174292089938,19703.428571428572,5543.345585989937,20124.64285714286,5329.912304187541,19589.833333333332,5433.103787373088,-1323.0,-0.05579218150381647,0.2813391367849653,20744.335,129.862,225
2024-08-14,23168.0,343.06,0.9284,0.0055,C,2,8,14,33,3,0,22390.0,24663.0,22646.0,22000.0,21243.0,22681.0,18972.666666666668,7968.928807144249,19514.428571428572,5404.67448471359,20195.928571428572,5354.782570667174,20011.266666666666,5124.89283274552,522.0,0.02305042833171421,0.2769578655573175,21509.1712,127.42399999999999,226
2024-08-15,23218.0,341.9,0.9157,0.006,C,3,8,15,33,3,0,23168.0,22390.0,21690.0,24376.0,21402.0,21844.0,23407.0,1155.1939231142626,19589.0,5458.417902652729,20279.35714285714,5394.007666734567,19923.166666666668,5043.83023643966,1528.0,0.07044721069617335,0.278647092891558,21260.722599999997,139.308,227
2024-08-16,22550.0,334.77,0.9597,0.003,C,4,8,16,33,3,0,23218.0,23168.0,21283.0,23876.0,20631.0,22116.0,22925.333333333332,464.28583150194714,19807.285714285714,5585.51482898056,20196.64285714286,5334.910418210388,19931.4,5049.175710125774,1267.0,0.05953108114457548,0.28199294489663923,21641.235,67.65,228
2024-08-17,14930.0,320.62,0.9806,0.0035,C,5,8,17,33,3,1,22550.0,23218.0,14064.0,15758.0,13721.0,14538.0,22978.666666666668,372.07705295201333,19988.285714285714,5661.3201850889045,20101.928571428572,5276.009046243574,19927.033333333333,5046.771856470663,866.0,0.06157565415244596,0.2832319022257489,14640.358,52.255,229
2024-08-18,10190.0,300.24,0.9848,0.0061,C,6,8,18,33,3,1,14930.0,22550.0,9865.0,10463.0,9272.0,9869.0,20232.666666666668,4604.374152187619,20112.0,5517.928868697008,20042.785714285714,5332.784583319299,19696.566666666666,5113.637659835896,325.0,0.03294475418144957,0.27436002728207076,10035.112000000001,62.159000000000006,230
2024-08-19,25018.0,353.82,0.8307,0.0248,C,0,8,19,34,3,0,10190.0,14930.0,24663.0,25956.0,23180.0,24841.0,15890.0,6235.671575700578,20158.428571428572,5417.798133840671,20023.285714285714,5370.871988056314,19299.033333333333,5375.902756479736,355.0,0.014394031545229696,0.2687609361336605,20782.4526,620.4463999999999,231
2024-08-20,23130.0,349.75,0.8556,0.0118,C,1,8,20,34,3,0,25018.0,10190.0,22390.0,23713.0,21392.0,22083.0,16712.666666666668,7573.032505762369,20209.14285714286,5468.416694332737,19956.285714285714,5296.505980775976,19648.366666666665,5396.319662084732,740.0,0.03305046895935686,0.2705912236351945,19790.028000000002,272.93399999999997,232
2024-08-21,23002.0,344.1,0.8817,0.0095,C,2,8,21,34,3,0,23130.0,25018.0,23168.0,22646.0,22000.0,21243.0,19446.0,8071.325046112324,20314.85714285714,5524.468705331791,19914.64285714286,5266.9065889270905,20090.4,5102.777016758481,-166.0,-0.0071650552486187844,0.27194228669603204,20280.863400000002,218.519,233
2024-08-22,22006.0,347.25,0.8438,0.0103,C,3,8,22,34,3,0,23002.0,23130.0,23218.0,21690.0,24376.0,21402.0,23716.666666666668,1128.8034963329326,20291.14285714286,5510.518772570962,19940.071428571428,5281.9458457638975,20029.1,5054.558027337712,-1212.0,-0.05220087862865019,0.27157261724324994,18568.6628,226.6618,234
2024-08-23,21979.0,343.98,0.8002,0.0166,C,4,8,23,34,3,0,22006.0,23002.0,22550.0,21283.0,23876.0,20631.0,22712.666666666668,615.3286384798411,20118.0,5421.551069574079,19962.64285714286,5290.667059980293,20026.533333333333,5053.498547325017,-571.0,-0.02532150776053215,0.26948757677572716,17587.5958,364.8514,235
2024-08-24,14269.0,328.21,0.9181,0.0084,C,5,8,24,34,3,1,21979.0,22006.0,14930.0,14064.0,15758.0,13721.0,22329.0,582.9914236076909,20036.428571428572,5383.019841970439,20012.35714285714,5307.272261966353,20051.066666666666,5061.388176307398,-661.0,-0.04427327528466175,0.26866164410390414,13100.3689,119.85959999999999,236
2024-08-25,10306.0,313.89,0.9058,0.0068,C,6,8,25,34,3,1,14269.0,21979.0,10190.0,9865.0,10463.0,9272.0,19418.0,4459.185239480428,19942.0,5492.21597657386,20027.0,5289.852419055252,19813.3,5162.274098923242,116.0,0.011383709519136408,0.2754094863390763,9335.1748,70.0808,237
2024-08-26,23706.0,348.67,0.8989,0.0061,C,0,8,26,35,3,0,10306.0,14269.0,25018.0,24663.0,25956.0,23180.0,15518.0,5935.885190938258,19958.571428571428,5457.955779017828,20058.5,5225.607859378665,19469.133333333335,5442.456790149432,-1312.0,-0.052442241586058036,0.2734642506128752,21309.3234,144.60660000000001,238
2024-08-27,22131.0,337.49,0.869,0.0081,C,1,8,27,35,3,0,23706.0,10306.0,23130.0,22390.0,23713.0,21392.0,16093.666666666666,6883.82570474685,19771.14285714286,5274.706703649373,19990.14285714286,5166.669256764099,19801.966666666667,5383.808429517816,-999.0,-0.04319066147859922,0.266788153915126,19231.839,179.2611,239
2024-08-28,22414.0,333.75,0.8778,0.0131,C,2,8,28,35,3,0,22131.0,23706.0,23002.0,23168.0,22646.0,22000.0,18714.333333333332,7324.2889302193325,19628.428571428572,5181.370759980487,19971.64285714286,5157.871424518859,20230.6,5015.867254746813,-588.0,-0.02556299452221546,0.26397277505559286,19675.0092,293.6234,240
2024-08-29,21343.0,346.42,0.5592,0.0559,C,3,8,29,35,3,0,22414.0,22131.0,22006.0,23218.0,21690.0,24376.0,22750.333333333332,839.6405977163457,19544.428571428572,5121.989354965584,19917.785714285714,5125.7651613209,20205.066666666666,5002.2668029420465,-663.0,-0.030128146869035716,0.26206902577102054,11935.0056,1193.0737,241
2024-08-30,21826.0,343.3,0.8892,0.0122,C,4,8,30,35,3,0,21343.0,22414.0,21979.0,22550.0,21283.0,23876.0,21962.666666666668,554.9885884713866,19449.714285714286,5074.796866682946,19783.85714285714,5056.93579851769,20203.433333333334,5001.873867367851,-153.0,-0.006961190227034897,0.26091883881350164,19407.6792,266.2772,242
2024-08-31,15384.0,340.79,0.7098,0.0229,C,5,8,31,35,3,1,21826.0,21343.0,14269.0,14930.0,14064.0,15758.0,21861.0,536.3571571258548,19427.85714285714,5062.401980238592,19732.14285714286,5030.102887113258,20197.633333333335,4999.8192552388755,1115.0,0.07814142546779733,0.26057438774712416,10919.5632,352.2936,243
2024-09-01,10608.0,333.03,0.8794,0.0099,C,6,9,1,35,3,1,15384.0,21826.0,10306.0,10190.0,9865.0,10463.0,19517.666666666668,3587.9969806750764,19587.14285714286,4887.549707456381,19764.571428571428,4998.124289929423,19897.9,5010.212675986983,302.0,0.029303318455268776,0.2495284658463618,9328.6752,105.01920000000001,244
2024-09-02,14620.0,311.08,0.9694,0.0028,C,0,9,2,36,3,0,10608.0,15384.0,23706.0,25018.0,24663.0,25956.0,15939.333333333334,5629.580564601014,19630.285714285714,4792.376192603037,19794.428571428572,4937.409048265111,19455.633333333335,5227.82234932404,-9086.0,-0.38327849489580695,0.244131759585926,14172.628,40.936,245
2024-09-03,28572.0,358.6,0.5883,0.038,C,1,9,3,36,3,0,14620.0,10608.0,22131.0,23130.0,22390.0,23713.0,13537.333333333334,2565.4764339852104,18332.285714285714,4734.608491884875,19051.714285714286,4872.8476499661165,19417.7,5259.609787217401,6441.0,0.29103971804256473,0.2582661303492209,16808.907600000002,1085.7359999999999,246
2024-09-04,25882.0,347.92,0.9494,0.0047,C,2,9,4,36,3,0,28572.0,14620.0,22414.0,23002.0,23168.0,22646.0,17933.333333333332,9429.20767261669,19252.428571428572,6041.440001002584,19440.428571428572,5410.590877931146,20021.333333333332,5235.570379185276,3468.0,0.15472472561791736,0.3138014499619201,24572.3708,121.64540000000001,247
2024-09-05,24291.0,336.45,0.8595,0.0113,C,3,9,5,36,3,0,25882.0,28572.0,21343.0,22006.0,23218.0,21690.0,23024.666666666668,7401.880932123501,19747.85714285714,6470.8515778726505,19646.14285714286,5607.5842304060825,20018.866666666665,5232.694570139534,2948.0,0.1381249121491824,0.3276736068659063,20878.1145,274.4883,248
2024-09-06,22187.0,339.59,0.882,0.01,C,4,9,6,36,3,0,24291.0,25882.0,21826.0,21979.0,22550.0,21283.0,26248.333333333332,2163.8831607398465,20169.0,6684.380524775638,19809.35714285714,5713.801369789351,20038.133333333335,5247.807579875833,361.0,0.016539906533492164,0.33141853957933654,19568.934,221.87,249
2024-09-07,14810.0,335.51,0.9404,0.005,C,5,9,7,36,3,1,22187.0,24291.0,15384.0,14269.0,14930.0,14064.0,24120.0,1853.4257470964767,20220.571428571428,6700.668072591528,19824.214285714286,5720.143787576456,20022.833333333332,5240.606322405522,-574.0,-0.037311492459698385,0.33137876920350345,13927.324,74.05,250
2024-09-08,9931.0,323.31,0.9721,0.0027,C,6,9,8,36,3,1,14810.0,22187.0,10608.0,10306.0,10190.0,9865.0,20429.333333333332,4978.893886530768,20138.571428571428,6772.844155329486,19862.85714285714,5681.4246433462495,19793.5,5315.141213616965,-677.0,-0.06381975867269984,0.33631204573530826,9653.9251,26.8137,251
2024-09-09,25596.0,315.69,0.9496,0.0091,C,0,9,9,37,3,0,9931.0,14810.0,14620.0,23706.0,25018.0,24663.0,15642.666666666666,6170.2823544254,20041.85714285714,6934.524194890638,19836.071428571428,5730.618445136296,19415.1,5601.803147817363,10976.0,0.7507523939808481,0.34600207682660195,24305.9616,232.92360000000002,252
2024-09-10,22996.0,350.17,0.668,0.0233,C,1,9,10,37,3,0,25596.0,9931.0,28572.0,22131.0,23130.0,22390.0,16779.0,8015.970122199815,21609.85714285714,6742.4940348155815,19971.071428571428,5849.819990186235,19799.5,5617.589707400285,-5576.0,-0.19515609687806243,0.3120101160430033,15361.328000000001,535.8068000000001,253
2024-09-11,22505.0,346.95,0.9104,0.0147,C,2,9,11,37,3,0,22996.0,25596.0,25882.0,22414.0,23002.0,23168.0,19507.666666666668,8394.903711975108,20813.285714285714,6079.687922755172,20032.85714285714,5878.883840389371,20237.2,5320.545709631279,-3377.0,-0.13047677922880765,0.2921061098287921,20488.552,330.82349999999997,254
2024-09-12,22478.0,342.63,0.7285,0.024,C,3,9,12,37,3,0,22505.0,22996.0,24291.0,21343.0,22006.0,23218.0,23699.0,1661.092110630866,20330.85714285714,5734.63894325734,20039.35714285714,5881.768671818986,20165.266666666666,5273.0216812160625,-1813.0,-0.0746366967189494,0.2820657733691319,16375.223,539.472,255
2024-09-13,21805.0,337.1,0.8607,0.0126,C,4,9,13,37,3,0,22478.0,22505.0,22187.0,21826.0,21979.0,22550.0,22659.666666666668,291.585893577585,20071.85714285714,5564.387160882167,20120.428571428572,5908.8793251445695,20168.2,5274.3262710789,-382.0,-0.017217289403704872,0.27722333420763384,18767.5635,274.743,256
2024-09-14,14449.0,328.03,0.9175,0.0087,C,5,9,14,37,3,1,21805.0,22478.0,14810.0,15384.0,14269.0,14930.0,22262.666666666668,396.5808030319161,20017.285714285714,5542.014306317551,20118.928571428572,5908.415698935599,20122.766666666666,5253.423840423156,-361.0,-0.02437542201215395,0.27686142793887325,13256.9575,125.70629999999998,257
2024-09-15,9920.0,339.1,0.8815,0.0127,C,6,9,15,37,3,1,14449.0,21805.0,9931.0,10608.0,10306.0,10190.0,19577.333333333332,4453.996445141535,19965.714285714286,5599.924098125057,20052.14285714286,5971.006780939211,19830.466666666667,5318.812997817002,-11.0,-0.0011076427348706071,0.2804770226593832,8744.48,125.984,258
2024-09-16,24813.0,322.58,0.8579,0.011,C,0,9,16,38,3,0,9920.0,14449.0,25596.0,14620.0,23706.0,25018.0,15391.333333333334,5998.27477974571,19964.14285714286,5603.209896376984,20003.0,6056.92648639048,19409.466666666667,5589.1139186280925,-783.0,-0.03059071729957806,0.2806636847107234,21287.0727,272.943,259
2024-09-17,22467.0,347.21,0.7393,0.017,C,1,9,17,38,3,0,24813.0,9920.0,22996.0,28572.0,22131.0,23130.0,16394.0,7634.633651983579,19852.285714285714,5478.469728987137,20731.071428571428,5972.120090815399,19738.9,5607.213330566505,-529.0,-0.02300400069577318,0.2759616604270826,16609.8531,381.939,260
2024-09-18,21897.0,344.04,0.8696,0.0148,C,2,9,18,38,3,0,22467.0,24813.0,22505.0,25882.0,22414.0,23002.0,19066.666666666668,8007.62526179475,19776.714285714286,5431.322696921539,20295.0,5564.529906193617,20148.133333333335,5327.292381645688,-608.0,-0.02701621861808487,0.27463220727443366,19041.6312,324.0756,261
2024-09-19,21496.0,339.89,0.7963,0.0165,C,3,9,19,38,3,0,21897.0,22467.0,22478.0,24291.0,21343.0,22006.0,23059.0,1545.5135068966879,19689.85714285714,5385.085218408677,20010.35714285714,5354.720729730605,20044.1,5258.94812053539,-982.0,-0.043687160779428774,0.27349539305125004,17117.2648,354.684,262
2024-09-20,21368.0,333.57,0.8485,0.0108,C,4,9,20,38,3,0,21496.0,21897.0,21805.0,22187.0,21826.0,21979.0,21953.333333333332,487.94501056310804,19549.571428571428,5312.650118887381,19810.714285714286,5233.57998415516,19989.633333333335,5234.289336760005,-437.0,-0.020041274936941068,0.2717527664633618,18130.748,230.7744,263
2024-09-21,14224.0,338.62,0.9027,0.0068,C,5,9,21,38,3,1,21368.0,21496.0,14449.0,14810.0,15384.0,14269.0,21587.0,275.99094188052226,19487.14285714286,5284.221022016738,19752.214285714286,5209.4969959248,19935.166666666668,5210.309091918952,-225.0,-0.015572011903937989,0.27116448320590253,12840.004799999999,96.72319999999999,264
2024-09-22,9828.0,326.5,0.9371,0.0057,C,6,9,22,38,3,1,14224.0,21368.0,9920.0,9931.0,10608.0,10306.0,19029.333333333332,4162.032836647667,19455.0,5320.53424635783,19710.35714285714,5254.421648729519,19675.766666666666,5296.657135000064,-92.0,-0.009274193548387096,0.2734790154899938,9209.818800000001,56.019600000000004,265
2024-09-23,23858.0,308.16,0.997,0.0019,C,0,9,23,39,3,0,9828.0,14224.0,24813.0,25596.0,14620.0,23706.0,15140.0,5824.276092356894,19441.85714285714,5348.055765994805,19703.0,5269.219092631651,19270.733333333334,5571.8962037844085,-955.0,-0.0384878894128078,0.27507947037660746,23786.426,45.3302,266
2024-09-24,21438.0,321.39,0.9637,0.0044,C,1,9,24,39,3,0,23858.0,9828.0,22467.0,22996.0,28572.0,22131.0,15970.0,7176.113990176026,19305.428571428572,5198.285866743071,19578.85714285714,5138.553550699522,19590.366666666665,5550.0714719432335,-1029.0,-0.04580050741086927,0.2692654994687023,20659.8006,94.3272,267
2024-09-25,22228.0,346.47,0.8209,0.0103,C,2,9,25,39,3,0,21438.0,23858.0,21897.0,22505.0,25882.0,22414.0,18374.666666666668,7499.88222129744,19158.428571428572,5107.741179071308,19467.571428571428,5075.337710844565,19961.433333333334,5273.156083562211,331.0,0.015116225967027446,0.2666054347843855,18246.9652,228.9484,268
2024-09-26,20375.0,338.09,0.813,0.0116,C,3,9,26,39,3,0,22228.0,21438.0,21496.0,22478.0,24291.0,21343.0,22508.0,1234.0583454602447,19205.714285714286,5138.757363224599,19447.785714285714,5063.110934511005,19912.166666666668,5243.787148704599,-1121.0,-0.05214923706736137,0.2675639805308851,16564.875,236.35,269
2024-09-27,19350.0,331.5,0.9346,0.0059,C,4,9,27,39,3,0,20375.0,22228.0,21368.0,21805.0,22187.0,21826.0,21347.0,929.8456861222063,19045.571428571428,5072.528358952835,19297.571428571428,4997.059346244568,19853.633333333335,5227.942217205231,-2018.0,-0.09444028453762636,0.26633637000479937,18084.51,114.16499999999999,270
2024-09-28,13071.0,320.6,0.842,0.0135,C,5,9,28,39,3,1,19350.0,20375.0,14224.0,14449.0,14810.0,15384.0,20651.0,1458.7162164040258,18757.285714285714,4974.945651772995,19122.214285714286,4945.1053994923095,19751.5,5206.0814819354955,-1153.0,-0.08106017997750281,0.2652273749812337,11005.782,176.4585,271
2024-09-29,9232.0,335.95,0.9119,0.008,C,6,9,29,39,3,1,13071.0,19350.0,9828.0,9920.0,9931.0,10608.0,17598.666666666668,3954.4254112744893,18592.571428571428,5165.490549700716,19023.785714285714,5057.70930482249,19475.766666666666,5336.3121366295845,-596.0,-0.060643060643060645,0.27782550517798976,8418.6608,73.856,272
2024-09-30,24261.0,335.8,0.7286,0.0223,C,0,9,30,40,3,0,9232.0,13071.0,23858.0,24813.0,25596.0,14620.0,13884.333333333334,5107.799363065607,18507.428571428572,5336.128367307212,18974.64285714286,5155.36947280202,19055.966666666667,5632.218852792131,403.0,0.016891608684717913,0.2883235964797956,17676.5646,541.0203,273
2024-10-01,25757.0,332.92,0.9248,0.0073,C,1,10,1,40,4,0,24261.0,9232.0,21438.0,22467.0,22996.0,28572.0,15521.333333333334,7808.380775380606,18565.0,5405.203727273664,18935.214285714286,5109.186600602908,19351.866666666665,5665.738273915035,4319.0,0.20146468887023042,0.2911502142350479,23820.0736,188.0261,274
2024-10-02,23791.0,312.84,0.962,0.0051,C,2,10,2,40,4,0,25757.0,24261.0,22228.0,21897.0,22505.0,25882.0,19750.0,9139.515687387386,19182.0,6001.434217473891,19170.214285714286,5353.929831708408,19856.833333333332,5533.091373154624,1563.0,0.07031671765341012,0.31286801258856695,22886.942,121.3341,275
2024-10-03,23904.0,343.85,0.8675,0.0106,C,3,10,3,40,4,0,23791.0,25757.0,20375.0,21496.0,22478.0,24291.0,24603.0,1026.6508656793235,19405.285714285714,6160.614761376906,19305.5,5451.177780288198,20162.533333333333,5486.936125979112,3529.0,0.17320245398773007,0.317470963946777,20736.72,253.3824,276
2024-10-04,22690.0,347.32,0.9651,0.0037,C,4,10,4,40,4,0,23904.0,23791.0,19350.0,21368.0,21805.0,22187.0,24484.0,1103.8971872416853,19909.428571428572,6393.199638604086,19477.5,5562.464489082852,20006.933333333334,5303.351821926053,3340.0,0.17260981912144702,0.3211141703875307,21898.119,83.953,277
2024-10-05,14068.0,340.04,0.9766,0.0027,C,5,10,5,40,4,1,22690.0,23904.0,13071.0,14224.0,14449.0,14810.0,23461.666666666668,670.6670808481942,20386.571428571428,6468.680567605274,19571.928571428572,5608.060661148464,19900.533333333333,5212.661923282262,997.0,0.07627572488715477,0.31730105232601935,13738.8088,37.9836,278
2024-10-06,9568.0,334.76,0.9579,0.0048,C,6,10,6,40,4,1,14068.0,22690.0,9232.0,9828.0,9920.0,9931.0,20220.666666666668,5362.828482557823,20529.0,6289.246483747726,19560.785714285714,5619.647048574271,19559.766666666666,5249.768715321446,336.0,0.036395147313691506,0.30635912532260345,9165.1872,45.926399999999994,279
2024-10-07,23412.0,339.32,0.9745,0.003,C,0,10,7,41,4,0,9568.0,14068.0,24261.0,23858.0,24813.0,25596.0,15442.0,6668.030293872405,20577.0,6189.142536194585,19542.214285714286,5654.606347974147,19139.133333333335,5530.0656274295825,-849.0,-0.03499443551378756,0.30077963435848687,22814.994000000002,70.236,280
2024-10-08,21300.0,326.69,0.977,0.0028,C,1,10,8,41,4,0,23412.0,9568.0,25757.0,21438.0,22467.0,22996.0,15682.666666666666,7061.830168825462,20455.714285714286,6112.764096933703,19510.35714285714,5629.622717337327,19425.866666666665,5520.859076912434,-4457.0,-0.17304033854874404,0.2988291687864789,20810.1,59.64,281
2024-10-09,19323.0,303.94,0.996,0.0014,C,2,10,9,41,4,0,21300.0,23412.0,23791.0,22228.0,21897.0,22505.0,18093.333333333332,7458.291850908857,19819.0,5685.752105042903,19500.5,5626.107614027255,19804.833333333332,5229.122937491741,-4468.0,-0.18780211004161237,0.28688390458867263,19245.708,27.0522,282
2024-10-10,19355.0,350.48,0.7702,0.0154,C,3,10,10,41,4,0,19323.0,21300.0,23904.0,20375.0,21496.0,22478.0,21345.0,2044.8713895988983,19180.714285714286,5409.621573772824,19293.0,5571.0763495313695,19595.733333333334,5113.7102458157415,-4549.0,-0.1903028781793842,0.282034417133354,14907.221,298.067,283
2024-10-11,19716.0,337.57,0.9057,0.0069,C,4,10,11,41,4,0,19355.0,19323.0,22690.0,19350.0,21368.0,21805.0,19992.666666666668,1132.2969280773764,18530.85714285714,5005.809639095052,19220.14285714286,5562.5008052845515,19474.366666666665,5073.274073656651,-2974.0,-0.13107095636844424,0.2701337342630467,17856.781199999998,136.0404,284
2024-10-12,13191.0,339.67,0.8605,0.0109,C,5,10,12,41,4,1,19716.0,19355.0,14068.0,13071.0,14224.0,14449.0,19464.666666666668,218.2483295089893,18106.0,4711.53460491729,19246.285714285714,5564.017923277164,19381.4,5041.276347691433,-877.0,-0.06234006255331248,0.26021951866327686,11350.8555,143.7819,285
2024-10-13,9319.0,339.08,0.8258,0.0166,C,6,10,13,41,4,1,13191.0,19716.0,9568.0,9232.0,9828.0,9920.0,17420.666666666668,3667.44329653963,17980.714285714286,4846.532358786198,19254.85714285714,5553.856205129263,19071.833333333332,5128.946669325155,-249.0,-0.026024247491638796,0.2695405912009167,7695.6302,154.6954,286
2024-10-14,20625.0,338.26,0.7708,0.0149,C,0,10,14,42,4,0,9319.0,13191.0,23412.0,24261.0,23858.0,24813.0,14075.333333333334,5254.610959275051,17945.14285714286,4918.9418045134735,19261.071428571428,5541.814441335786,18655.633333333335,5399.002490775709,-2787.0,-0.1190415171706817,0.274109927330868,15897.75,307.3125,287
2024-10-15,21392.0,334.42,0.8199,0.0186,C,1,10,15,42,4,0,20625.0,9319.0,21300.0,25757.0,21438.0,22467.0,14378.333333333334,5745.75750735562,17547.0,4497.432860347458,19001.35714285714,5372.0708599362215,18861.5,5350.600409428769,92.0,0.00431924882629108,0.256307793944689,17539.3008,397.89119999999997,288
2024-10-16,21972.0,315.57,0.8922,0.013,C,2,10,16,42,4,0,21392.0,20625.0,19323.0,23791.0,22228.0,21897.0,17112.0,6759.823148574239,17560.14285714286,4510.34405297315,18689.571428571428,5067.880815098559,19243.9,5093.28473614506,2649.0,0.13709051389535787,0.2568512163976216,19603.4184,285.63599999999997,289
2024-10-17,21144.0,343.71,0.8408,0.0104,C,3,10,17,42,4,0,21972.0,21392.0,19355.0,23904.0,20375.0,21496.0,21329.666666666668,675.6599243210055,17938.571428571428,4785.630953076868,18559.64285714286,4948.95351186869,19149.2,5011.9290277607015,1789.0,0.09243089640919659,0.26677882194423885,17777.8752,219.89759999999998,290
2024-10-18,20444.0,346.49,0.8495,0.0124,C,4,10,18,42,4,0,21144.0,21972.0,19716.0,22690.0,19350.0,21368.0,21502.666666666668,424.9486243458926,18194.14285714286,4919.770774760778,18362.5,4771.473450058741,19105.1,4987.4899730259585,728.0,0.036924325420977885,0.2704040972630552,17367.178,253.5056,291
2024-10-19,13546.0,341.85,0.8864,0.0091,C,5,10,19,42,4,1,20444.0,21144.0,13191.0,14068.0,13071.0,14224.0,21186.666666666668,764.8930208424359,18298.14285714286,4964.7920879116655,18202.071428571428,4651.017497681163,19056.666666666668,4966.453687480137,355.0,0.026912288681676902,0.2713276492960383,12007.1744,123.2686,292
2024-10-20,9448.0,338.15,0.8767,0.0093,C,6,10,20,42,4,1,13546.0,20444.0,9319.0,9568.0,9232.0,9828.0,18378.0,4199.246122817777,18348.85714285714,4905.386713555172,18164.785714285714,4688.648487875501,18791.666666666668,5043.31088112543,129.0,0.01384268698358193,0.2673401768493655,8283.0616,87.8664,293
2024-10-21,24558.0,336.66,0.8237,0.0334,C,0,10,21,43,4,0,9448.0,13546.0,20625.0,23412.0,24261.0,23858.0,14479.333333333334,5557.097923676843,18367.285714285714,4865.892748314028,18156.214285714286,4705.652250687005,18394.333333333332,5296.534178012127,3933.0,0.19069090909090908,0.26492171048057644,20228.4246,820.2372,294
2024-10-22,22700.0,325.43,0.8831,0.0111,C,1,10,22,43,4,0,24558.0,9448.0,21392.0,21300.0,25757.0,21438.0,15850.666666666666,7814.194861489792,18929.14285714286,5370.89934829574,18238.071428571428,4812.858489573469,18738.8,5351.713688800677,1308.0,0.06114435302916978,0.28373706030059603,20046.37,251.97,295
2024-10-23,21949.0,301.0,0.9974,0.0017,C,2,10,23,43,4,0,22700.0,24558.0,21972.0,19323.0,23791.0,22228.0,18902.0,8239.941019206395,19116.0,5492.246777655432,18338.071428571428,4895.211859394005,19167.866666666665,5123.812378683864,-23.0,-0.0010467868195885672,0.28731150751493156,21891.9326,37.3133,296
2024-10-24,21078.0,315.01,0.9925,0.0013,C,3,10,24,43,4,0,21949.0,22700.0,21144.0,19355.0,23904.0,20375.0,23069.0,1343.0714798550816,19112.714285714286,5490.259942670752,18525.64285714286,4985.335782335772,19104.233333333334,5075.179702497603,-66.0,-0.0031214528944381384,0.2872569463759746,20919.915,27.4014,297
2024-10-25,20565.0,345.29,0.9181,0.0063,C,4,10,25,43,4,0,21078.0,21949.0,20444.0,19716.0,22690.0,19350.0,21909.0,811.7394902307755,19103.285714285714,5486.245368017643,18648.714285714286,5028.465807145002,19092.233333333334,5069.894202006607,121.0,0.005918606926237527,0.2871885732157034,18880.7265,129.5595,298
2024-10-26,13258.0,342.02,0.7743,0.0282,C,5,10,26,43,4,1,20565.0,21078.0,13546.0,13191.0,14068.0,13071.0,21197.333333333332,699.6744481067262,19120.571428571428,5491.3618789617285,18709.35714285714,5047.4110287757085,19036.8,5043.448508230494,-288.0,-0.02126088882326886,0.2871965359129442,10265.6694,373.8756,299
2024-10-27,9290.0,337.01,0.8932,0.0064,C,6,10,27,43,4,1,13258.0,20565.0,9448.0,9319.0,9568.0,9232.0,18300.333333333332,4374.315527409225,19079.428571428572,5540.9442593942495,18714.14285714286,5041.804955449117,18799.566666666666,5144.699895294542,-158.0,-0.01672311600338696,0.2904145812674814,8297.828,59.456,300
2024-10-28,22733.0,331.42,0.9198,0.0068,C,0,10,28,44,4,0,9290.0,13258.0,24558.0,20625.0,23412.0,24261.0,14371.0,5719.307912676158,19056.85714285714,5586.849273922075,18712.071428571428,5045.966118735701,18464.233333333334,5427.660959879708,-1825.0,-0.0743138692075902,0.29316740069157354,20909.8134,154.5844,301
2024-10-29,21111.0,321.21,0.8294,0.0158,C,1,10,29,44,4,0,22733.0,9290.0,22700.0,21392.0,21300.0,25757.0,15093.666666666666,6906.939722723331,18796.14285714286,5323.735512731978,18862.64285714286,5138.049833682684,18786.3,5383.080762268336,-1589.0,-0.07,0.28323553152336606,17509.4634,333.5538,302
2024-10-30,19820.0,323.39,0.9843,0.0036,C,2,10,30,44,4,0,21111.0,22733.0,21949.0,21972.0,19323.0,23791.0,17711.333333333332,7338.042132158513,18569.14285714286,5160.922379722797,18842.571428571428,5127.947943367812,19182.266666666666,5084.679794843716,-2129.0,-0.0969975853114037,0.27793002721919297,19508.825999999997,71.352,303
2024-10-31,19779.0,319.21,0.9919,0.0015,C,3,10,31,44,4,0,19820.0,21111.0,21078.0,21144.0,19355.0,23904.0,21221.333333333332,1459.6308894146678,18265.0,4988.393328517691,18688.85714285714,5058.711463439058,19034.233333333334,4995.587174651266,-1299.0,-0.061628237973242246,0.2731121450050748,19618.7901,29.6685,304
2024-11-01,24495.0,346.56,0.7087,0.0218,C,4,11,1,44,4,0,19779.0,19820.0,20565.0,20444.0,19716.0,22690.0,20236.666666666668,757.472331728,18079.428571428572,4889.488346004528,18591.35714285714,5020.76380347948,18834.966666666667,4834.818810450403,3930.0,0.1911013858497447,0.2704448498848865,17359.6065,533.991,305
2024-11-02,16521.0,342.15,0.9171,0.0059,C,5,11,2,44,4,1,24495.0,19779.0,13258.0,13546.0,13191.0,14068.0,21364.666666666668,2711.025697652726,18640.85714285714,5419.37350095534,18880.714285714286,5247.368768155241,18858.433333333334,4861.339056930382,3263.0,0.2461155528737366,0.2907255529841315,15151.4091,97.4739,306
2024-11-03,11653.0,334.58,0.8783,0.0081,C,6,11,3,44,4,1,16521.0,24495.0,9290.0,9448.0,9319.0,9568.0,20265.0,4009.15402547721,19107.0,5003.586613620253,19093.214285714286,5072.022160509884,18612.333333333332,4783.357645819105,2363.0,0.25435952637244347,0.2618719115308658,10234.829899999999,94.38929999999999,307
2024-11-04,26664.0,338.22,0.9433,0.0051,C,0,11,4,45,4,0,11653.0,16521.0,22733.0,24558.0,20625.0,23412.0,17556.333333333332,6483.299879947976,19444.571428571428,4254.531304273998,19250.714285714286,4775.012338744779,18244.433333333334,4882.337072397374,3931.0,0.17292042405313862,0.21880303815914826,25152.1512,135.9864,308
2024-11-05,22032.0,338.25,0.969,0.0049,C,1,11,5,45,4,0,26664.0,11653.0,21111.0,22700.0,21392.0,21300.0,18279.333333333332,7658.415784830009,20006.14285714286,4961.603720188691,19401.14285714286,4983.683976540048,18664.3,5049.537740195154,921.0,0.04362654540287054,0.2480040133481919,21349.007999999998,107.9568,309
2024-11-06,21815.0,331.46,0.9671,0.0041,C,2,11,6,45,4,0,22032.0,26664.0,19820.0,21949.0,21972.0,19323.0,20116.333333333332,7686.667960393076,20137.714285714286,5007.781934625517,19353.428571428572,4952.7727698623685,19079.766666666666,4780.915593188756,1995.0,0.10065590312815338,0.24867677947829672,21097.2865,89.4415,310
2024-11-07,22814.0,317.49,0.9528,0.0055,C,3,11,7,45,4,0,21815.0,22032.0,19779.0,21078.0,21144.0,19355.0,23503.666666666668,2739.0787380675015,20422.714285714286,5043.329743806336,19343.85714285714,4947.49754704558,19026.533333333333,4739.728296689249,3035.0,0.15344557358814906,0.24694708417549335,21737.1792,125.47699999999999,311
2024-11-08,22067.0,349.61,0.8951,0.0084,C,4,11,8,45,4,0,22814.0,21815.0,24495.0,20565.0,20444.0,19716.0,22220.333333333332,525.4544065220696,20856.285714285714,5108.800241227061,19467.85714285714,5015.5902460711,19077.0,4772.71538413208,-2428.0,-0.09912226985099,0.2449525438620041,19752.1717,185.3628,312
2024-11-09,14642.0,341.34,0.8759,0.0099,C,5,11,9,45,4,1,22067.0,22814.0,16521.0,13258.0,13546.0,13191.0,22232.0,519.5372941378964,20509.428571428572,4898.681076138154,19575.14285714286,5056.759145435453,19168.466666666667,4803.784971309051,-1879.0,-0.11373403547000786,0.23885019804805507,12824.9278,144.9558,313
2024-11-10,10155.0,343.4,0.7519,0.0222,C,6,11,10,45,4,1,14642.0,22067.0,11653.0,9290.0,9448.0,9319.0,19841.0,4517.931274377702,20241.0,5196.108094846865,19674.0,4935.844998189659,19011.366666666665,4874.026321744423,-1498.0,-0.1285505878314597,0.2567120248429853,7635.5445,225.441,314
2024-11-11,21263.0,338.58,0.8681,0.0104,C,0,11,11,46,4,0,10155.0,14642.0,26664.0,22733.0,24558.0,20625.0,15621.333333333334,6016.0831388315655,20027.0,5622.133580768052,19735.785714285714,4799.389515321741,18692.666666666668,5132.114831497651,-5401.0,-0.20255775577557755,0.2807276966479279,18458.4103,221.1352,315
2024-11-12,23257.0,335.76,0.8749,0.0107,C,1,11,12,46,4,0,21263.0,10155.0,22032.0,21111.0,22700.0,21392.0,15353.333333333334,5588.059800443572,19255.428571428572,4881.2734969862895,19630.785714285714,4744.539828193955,18961.733333333334,5044.580047681993,1225.0,0.055600944081336236,0.25350116092607666,20347.5493,248.8499,316
2024-11-13,23056.0,327.92,0.8719,0.0131,C,2,11,13,46,4,0,23257.0,21263.0,21815.0,19820.0,21949.0,21972.0,18225.0,7059.581007396978,19430.428571428572,5017.466753158153,19784.071428571428,4829.938691509065,19426.333333333332,4759.662631722554,1241.0,0.0568874627549851,0.25822728174591447,20102.5264,302.03360000000004,317
2024-11-14,22691.0,304.14,0.9408,0.0064,C,3,11,14,46,4,0,23056.0,23257.0,22814.0,19779.0,21078.0,21144.0,22525.333333333332,1097.822541822433,19607.714285714286,5136.282887922131,20015.214285714286,4908.581561973834,19507.366666666665,4801.285564077195,-123.0,-0.005391426317173665,0.26195214868386285,21347.6928,145.2224,318
2024-11-15,22591.0,348.33,0.8264,0.013,C,4,11,15,46,4,0,22691.0,23056.0,22067.0,24495.0,20565.0,20444.0,23001.333333333332,286.93262856194775,19590.14285714286,5123.6808522965475,20223.214285714286,4959.238343793277,19550.666666666668,4824.668581316255,524.0,0.023745864866089636,0.2615438228123169,18669.202400000002,293.683,319
2024-11-16,15017.0,347.94,0.7932,0.0209,C,5,11,16,46,4,1,22591.0,22691.0,14642.0,16521.0,13258.0,13546.0,22779.333333333332,244.76178895707613,19665.0,5169.521738033394,20087.214285714286,4858.156474956819,19571.3,4836.689450226364,375.0,0.02561125529299276,0.2628793154352095,11911.4844,313.8553,320
2024-11-17,10343.0,336.89,0.7642,0.0183,C,6,11,17,46,4,1,15017.0,22591.0,10155.0,11653.0,9290.0,9448.0,20099.666666666668,4402.002423140346,19718.571428571428,5110.398153345205,19979.785714285714,4958.6715990749535,19367.066666666666,4896.974103945478,188.0,0.018513047759724274,0.25916675413617646,7904.1206,189.2769,321
2024-11-18,25016.0,356.11,0.6498,0.0287,C,0,11,18,47,4,0,10343.0,15017.0,21263.0,26664.0,22733.0,24558.0,15983.666666666666,6180.955373834491,19745.428571428572,5051.920554176805,19886.214285714286,5137.039048062484,19030.366666666665,5160.537572126893,3753.0,0.17650378591920238,0.2558526666515044,16255.3968,717.9592,322
2024-11-19,23171.0,347.99,0.778,0.015,C,1,11,19,47,4,0,25016.0,10343.0,23257.0,22032.0,21111.0,22700.0,16792.0,7495.812230839307,20281.571428571428,5425.175323039254,19768.5,4986.4550495856765,19412.7,5165.0932438089985,-86.0,-0.0036978114116180075,0.26749284897109116,18027.038,347.565,323
2024-11-20,23339.0,330.61,0.8096,0.0222,C,2,11,20,47,4,0,23171.0,25016.0,23056.0,21815.0,19820.0,21949.0,19510.0,7992.272705557546,20269.285714285714,5417.406043310306,19849.85714285714,5035.278998566675,19870.133333333335,4850.238790661419,283.0,0.012274462179042331,0.2672716799039514,18895.254399999998,518.1258,324
2024-11-21,22145.0,314.1,0.9314,0.0066,C,3,11,21,47,4,0,23339.0,23171.0,22691.0,22814.0,19779.0,21078.0,23842.0,1020.1779256581381,20309.714285714286,5442.66566779812,19958.714285714286,5097.1250030486135,19829.5,4814.586613471676,-546.0,-0.02406240359613944,0.26798336949655926,20625.853,146.157,325
2024-11-22,21415.0,352.77,0.705,0.019,C,4,11,22,47,4,0,22145.0,23339.0,22591.0,22067.0,24495.0,20565.0,22885.0,646.340467555716,20231.714285714286,5406.64439106442,19910.928571428572,5071.36837040573,19811.0,4804.231561504055,-1176.0,-0.05205612854676641,0.26723609846952406,15097.574999999999,406.885,326
2024-11-23,15453.0,344.46,0.7182,0.0213,C,5,11,23,47,4,1,21415.0,22145.0,15017.0,14642.0,16521.0,13258.0,22299.666666666668,971.280254784105,20063.714285714286,5338.963529696411,19864.35714285714,5053.0061518198945,19793.2,4797.020816844695,436.0,0.02903376173669841,0.26610045645924324,11098.344599999999,329.14889999999997,327
2024-11-24,10315.0,341.23,0.7885,0.0172,C,6,11,24,47,4,1,15453.0,21415.0,10343.0,10155.0,11653.0,9290.0,19671.0,3671.085398080538,20126.0,5272.402899374546,19922.285714285714,4992.82102205174,19605.7,4854.655747232538,-28.0,-0.0027071449289374455,0.26196973563423165,8133.3775,177.418,328
2024-11-25,24322.0,334.74,0.7791,0.0176,C,0,11,25,48,4,0,10315.0,15453.0,25016.0,21263.0,26664.0,22733.0,15727.666666666666,5555.095078694286,20122.0,5281.065454369328,19933.714285714286,4968.869573169019,19264.033333333333,5137.279425474371,-694.0,-0.02774224496322354,0.262452313605473,18949.2702,428.0672,329
2024-11-26,22639.0,338.34,0.8844,0.0097,C,1,11,26,48,4,0,24322.0,10315.0,23171.0,23257.0,22032.0,21111.0,16696.666666666668,7085.83391940098,20022.85714285714,5179.412335666752,20152.214285714286,5097.4148980495165,19632.833333333332,5088.14627909529,-532.0,-0.02295973415044668,0.2586749882253658,20021.9316,219.5983,330
2024-11-27,20362.0,317.43,0.8462,0.0148,C,2,11,27,48,4,0,22639.0,24322.0,23339.0,23056.0,21815.0,19820.0,19092.0,7647.543331031223,19946.85714285714,5129.178635628736,20108.071428571428,5071.067486835881,20077.8,4723.056873941147,-2977.0,-0.1275547367067998,0.2571421953290254,17230.324399999998,301.3576,331
2024-11-28,4617.0,303.16,0.8722,0.0128,C,3,11,28,48,4,0,20362.0,22639.0,22145.0,22691.0,22814.0,19779.0,22441.0,1987.4111300886202,19521.571428571428,4920.204530204757,19915.64285714286,5001.232349779757,19998.766666666666,4696.858874663546,-17528.0,-0.7915104989839693,0.2520393682551412,4026.9474,59.0976,332
2024-11-29,19725.0,317.62,0.9684,0.0048,C,4,11,29,48,4,0,4617.0,20362.0,21415.0,22591.0,22067.0,24495.0,15872.666666666666,9813.95467349088,17017.571428571428,7264.344839858636,18624.64285714286,6374.061362055813,19448.966666666667,5464.76896999336,-1690.0,-0.0789166472098996,0.4268731804858042,19101.690000000002,94.67999999999999,333
2024-11-30,15478.0,346.45,0.9031,0.0071,C,5,11,30,48,4,1,19725.0,4617.0,15453.0,15017.0,14642.0,16521.0,14901.333333333334,8912.186955699117,16776.14285714286,7120.498728520144,18419.928571428572,6282.237737821259,19445.8,5464.57407495677,25.0,0.0016178088397075002,0.42444194646854805,13978.1818,109.89380000000001,334
2024-12-01,12777.0,341.38,0.9192,0.0075,C,6,12,1,48,4,1,15478.0,19725.0,10315.0,10343.0,10155.0,11653.0,13273.333333333334,7791.555193498502,16779.714285714286,7119.73069982953,18452.85714285714,6264.21143489737,19302.433333333334,5511.7470769466445,2462.0,0.23868153174987883,0.4243058361184994,11744.6184,95.8275,335
2024-12-02,31121.0,341.51,0.9374,0.0047,C,0,12,2,49,4,0,12777.0,15478.0,24322.0,25016.0,21263.0,26664.0,15993.333333333334,3502.5494048383503,17131.428571428572,6800.816883706995,18626.714285714286,6051.998314969665,18911.833333333332,5546.17855441666,6799.0,0.2795411561549215,0.39697897086348366,29172.8254,146.2687,336
2024-12-03,27916.0,344.47,0.9385,0.0055,C,1,12,3,49,4,0,31121.0,12777.0,22639.0,23171.0,23257.0,22032.0,19792.0,9903.71299059096,18102.714285714286,8315.714856308408,19062.785714285714,6729.7781101673745,19398.5,5954.671111969504,5277.0,0.23309333451124167,0.4593628737139565,26199.166,153.53799999999998,337
2024-12-04,27916.0,336.1,0.9273,0.0057,C,2,12,4,49,4,0,27916.0,31121.0,20362.0,23339.0,23056.0,21815.0,23938.0,9797.650075400741,18856.571428571428,9006.02821923816,19401.714285714286,7063.7897698111,19940.6,5965.486936219613,7554.0,0.37098516845103624,0.4776068785013722,25886.5068,159.12120000000002,338
2024-12-05,27916.0,325.7,0.9853,0.0026,C,3,12,5,49,4,0,27916.0,27916.0,4617.0,22145.0,22691.0,22814.0,28984.333333333332,1850.4076127527906,19935.714285714286,9646.297661353206,19728.64285714286,7359.750869604038,19982.333333333332,6018.290067231165,23299.0,5.0,0.4838701800750444,27505.6348,72.5816,339
2024-12-06,27916.0,315.21,0.9942,0.0023,C,4,12,6,49,4,0,27916.0,27916.0,19725.0,21415.0,22591.0,22067.0,27916.0,0.0,23264.14285714286,7185.393133029685,20140.85714285714,7660.951305229588,20178.466666666667,6181.068230036599,8191.0,0.4152598225602028,0.3088612882560396,27754.087199999998,64.2068,340
2024-12-07,27916.0,350.65,0.8941,0.0066,C,5,12,7,49,4,1,27916.0,27916.0,15478.0,15453.0,15017.0,14642.0,27916.0,0.0,24434.285714285714,7179.935578037002,20605.214285714286,7936.201835004832,20381.833333333332,6335.2134933044745,12438.0,0.8035921953740793,0.29384675541545263,24959.6956,184.2456,341
2024-12-08,27916.0,345.89,0.9072,0.0064,C,6,12,8,49,4,1,27916.0,27916.0,12777.0,10315.0,10343.0,10155.0,27916.0,0.0,26211.14285714286,6043.11703313696,21495.428571428572,8012.444308835961,20551.9,6469.806591736937,15139.0,1.1848634264694373,0.2305552667456519,25325.3952,178.66240000000002,342
2024-12-09,27916.0,341.13,0.9116,0.0063,C,0,12,9,50,4,0,27916.0,27916.0,31121.0,24322.0,25016.0,21263.0,27916.0,0.0,28373.85714285714,1211.3761359943746,22752.64285714286,7486.829231360924,20746.866666666665,6603.780535490219,-3205.0,-0.10298512258603515,0.042693389548531205,25448.225599999998,175.8708,343
2024-12-10,27916.0,339.38,0.9042,0.0069,C,1,12,10,50,4,0,27916.0,27916.0,27916.0,22639.0,23171.0,23257.0,27916.0,0.0,27916.0,0.0,23009.35714285714,7605.457044953795,21189.333333333332,6625.294727775133,0.0,0.0,0.0,25241.6472,192.6204,344
2024-12-11,27916.0,338.31,0.8261,0.015,C,2,12,11,50,4,0,27916.0,27916.0,27916.0,20362.0,23339.0,23056.0,27916.0,0.0,27916.0,0.0,23386.285714285714,7715.656544461259,21781.366666666665,6394.819576238533,0.0,0.0,0.0,23061.4076,418.74,345
2024-12-12,27916.0,327.49,0.9068,0.0083,C,3,12,12,50,4,0,27916.0,27916.0,27916.0,4617.0,22145.0,22691.0,27916.0,0.0,27916.0,0.0,23925.85714285714,7751.941254214401,22003.133333333335,6490.8620474895415,0.0,0.0,0.0,25314.2288,231.7028,346
2024-12-13,27916.0,308.99,0.9989,0.0011,C,4,12,13,50,4,0,27916.0,27916.0,27916.0,19725.0,21415.0,22591.0,27916.0,0.0,27916.0,0.0,25590.071428571428,5445.66488791116,22158.433333333334,6577.059612818984,0.0,0.0,0.0,27885.292400000002,30.707600000000003,347
2024-12-14,27916.0,347.65,0.8767,0.0071,C,5,12,14,50,4,1,27916.0,27916.0,27916.0,15478.0,15453.0,15017.0,27916.0,0.0,27916.0,0.0,26175.14285714286,5201.604927729106,22320.433333333334,6659.269684941547,0.0,0.0,0.0,24473.9572,198.20360000000002,348
2024-12-15,27916.0,340.33,0.9468,0.0051,C,6,12,15,50,4,1,27916.0,27916.0,27916.0,12777.0,10315.0,10343.0,27916.0,0.0,27916.0,0.0,27063.571428571428,4199.711193628675,22494.6,6737.1674575984825,0.0,0.0,0.0,26430.8688,142.3716,349
2024-12-16,27916.0,335.46,0.9536,0.0043,C,0,12,16,51,4,0,27916.0,27916.0,27916.0,31121.0,24322.0,25016.0,27916.0,0.0,27916.0,0.0,28144.928571428572,856.5722803292383,22672.1,6809.553210063749,0.0,0.0,0.0,26620.6976,120.0388,350
2024-12-17,23234.0,333.6,0.9927,0.001,C,1,12,17,51,4,0,27916.0,27916.0,27916.0,27916.0,22639.0,23171.0,27916.0,0.0,27916.0,0.0,27916.0,0.0,23102.066666666666,6716.12117085517,-4682.0,-0.16771743802837083,0.0,23064.3918,23.234,351
2024-12-18,23040.0,333.52,0.7722,0.029,C,2,12,18,51,4,0,23234.0,27916.0,27916.0,27916.0,20362.0,23339.0,26355.333333333332,2703.153960345854,27247.14285714286,1769.6296626290753,27581.571428571428,1251.3171346339166,23531.766666666666,6269.154332693226,-4876.0,-0.17466685771600515,0.06494734776072734,17791.488,668.1600000000001,352
2024-12-19,21317.0,317.9,0.9223,0.0103,C,3,12,19,51,4,0,23040.0,23234.0,27916.0,27916.0,4617.0,22145.0,24730.0,2760.8614597621777,26550.571428571428,2332.5856080854123,27233.285714285714,1735.846431907126,23465.9,6263.400306818023,-6599.0,-0.23638773463246884,0.08785444088692139,19660.6691,219.5651,353
2024-12-20,21261.0,316.51,0.9465,0.0059,C,4,12,20,51,4,0,21317.0,23040.0,27916.0,27916.0,19725.0,21415.0,22530.333333333332,1055.2451531911786,25607.85714285714,2942.5226381780103,26761.928571428572,2330.3510618420655,23404.1,6275.545165767356,-6655.0,-0.23839375268663132,0.11490702333126593,20123.536500000002,125.4399,354
2024-12-21,15030.0,348.12,0.851,0.0109,C,5,12,21,51,4,1,21261.0,21317.0,27916.0,27916.0,15478.0,15453.0,21872.666666666668,1011.3280048201344,24657.14285714286,3140.8936323160387,26286.571428571428,2722.5808094042204,23334.833333333332,6287.744648470359,-12886.0,-0.46159908296317526,0.12738270814723215,12790.529999999999,163.827,355
2024-12-22,10218.0,341.54,0.9892,0.0017,C,6,12,22,51,4,1,15030.0,21261.0,27916.0,27916.0,12777.0,10315.0,19202.666666666668,3613.743811248036,22816.285714285714,4425.903324531041,25366.14285714286,4005.347595732142,23097.666666666668,6465.834246696009,-17698.0,-0.6339733486172804,0.1939800097155997,10107.6456,17.3706,356
2024-12-23,21749.0,330.84,0.9026,0.0088,C,0,12,23,52,4,0,10218.0,15030.0,27916.0,27916.0,31121.0,24322.0,15503.0,5536.674001600613,20288.0,5852.290691116864,24102.0,5610.074605290289,22724.433333333334,6876.44333530627,-6167.0,-0.22091273821464394,0.28846070046908834,19630.647399999998,191.3912,357
2024-12-24,12525.0,328.02,0.8522,0.0124,C,1,12,24,52,4,0,21749.0,10218.0,23234.0,27916.0,27916.0,22639.0,15665.666666666666,5791.722052492979,19407.0,4899.164010318475,23661.5,5529.095290440303,22934.3,6741.623467375044,-10709.0,-0.4609193423431178,0.2524431396052185,10673.805,155.31,358
2024-12-25,2980.0,328.13,0.8058,0.0123,C,2,12,25,52,4,0,12525.0,21749.0,23040.0,27916.0,27916.0,20362.0,14830.666666666666,6101.4805033969815,17877.14285714286,5169.519688474323,22562.14285714286,6116.9517780463975,23007.966666666667,6609.760580375427,-20060.0,-0.8706597222222222,0.2891692330135868,2401.284,36.654,359
2024-12-26,20267.0,322.41,0.746,0.0207,C,3,12,26,52,4,0,2980.0,12525.0,21317.0,27916.0,27916.0,4617.0,12418.0,9384.957485252671,15011.42857142857,7048.961456771313,20781.0,7828.961233778077,22296.566666666666,7545.697973626779,-1050.0,-0.04925646197870245,0.4695729938846517,15119.182,419.5269,360
2024-12-27,21576.0,305.23,0.9669,0.0029,C,4,12,27,52,4,0,20267.0,2980.0,21261.0,27916.0,27916.0,19725.0,11924.0,8659.156598653251,14861.42857142857,6902.058216144483,20234.64285714286,7554.830992429665,22217.5,7554.408426370239,315.0,0.014815860025398617,0.46442764119015073,20861.8344,62.57039999999999,361
2024-12-28,14696.0,339.47,0.8083,0.0138,C,5,12,28,52,4,1,21576.0,20267.0,15030.0,27916.0,27916.0,15478.0,14941.0,10379.186432471484,14906.42857142857,6951.585259424468,19781.785714285714,7242.534641095788,22257.966666666667,7547.374581125278,-334.0,-0.022222222222222223,0.4663481414152214,11878.7768,202.8048,362
2024-12-29,9049.0,345.64,0.8493,0.0132,C,6,12,29,52,4,1,14696.0,21576.0,10218.0,27916.0,27916.0,12777.0,18846.333333333332,3653.398463531384,14858.714285714286,6951.741981074133,18837.5,6956.58139683345,22593.933333333334,6934.4628011281275,-1169.0,-0.11440595028381288,0.4678562254715264,7685.3157,119.4468,363
2024-12-30,24280.0,336.53,0.9843,0.0024,C,0,12,30,1,4,0,9049.0,14696.0,21749.0,27916.0,27916.0,31121.0,15107.0,6273.605263323486,14691.714285714286,7094.38307663853,17489.85714285714,6889.7466388288,22238.066666666666,7348.355818601974,2531.0,0.11637316658237161,0.48288327275305526,23898.804,58.27199999999999,364
2024-12-31,18423.0,336.81,0.95,0.0059,C,1,12,31,1,4,0,24280.0,9049.0,12525.0,23234.0,27916.0,27916.0,16008.333333333334,7699.837942017578,15053.285714285714,7563.028840226326,17230.14285714286,6525.389335359384,22531.466666666667,7244.118059803255,5898.0,0.47089820359281437,0.5024171455836342,17501.85,108.6957,365
2025-01-01,8051.0,311.42,0.977,0.0051,C,2,1,1,1,1,0,18423.0,24280.0,2980.0,23040.0,27916.0,27916.0,17250.666666666668,7682.8779980768595,15895.857142857143,7562.954568786176,16886.5,6307.9468773676535,22719.666666666668,7052.775068079189,5071.0,1.7016778523489933,0.47578148827190586,7865.827,41.060100000000006,366
2025-01-02,26094.0,343.18,0.9414,0.0064,C,3,1,2,1,1,0,8051.0,18423.0,20267.0,21317.0,27916.0,27916.0,16918.0,8218.508319640501,16620.285714285714,6248.18015410048,15815.857142857143,6453.533031867632,21950.666666666668,7356.334353904576,5827.0,0.2875117185572606,0.3759369881788465,24564.8916,167.0016,367
2025-01-03,25315.0,327.78,0.957,0.0051,C,4,1,3,1,1,0,26094.0,8051.0,21576.0,21261.0,27916.0,27916.0,17522.666666666668,9055.13182307875,17452.714285714286,7139.569401448177,16157.07142857143,6879.025081465295,21889.933333333334,7312.778970491605,3739.0,0.17329440118650352,0.4090807472446958,24226.454999999998,129.1065,368
2025-01-04,16723.0,317.2,0.8545,0.0152,C,5,1,4,1,1,1,25315.0,26094.0,14696.0,15030.0,27916.0,27916.0,19820.0,10199.692691449098,17986.85714285714,7622.965289801838,16446.64285714286,7188.754386670069,21803.233333333334,7254.053438492554,2027.0,0.13792868807838868,0.4238075184151354,14289.8035,254.1896,369
2025-01-05,9615.0,364.23,0.6499,0.023,C,6,1,5,1,1,1,16723.0,25315.0,9049.0,10218.0,27916.0,27916.0,22710.666666666668,5200.079262216442,18276.428571428572,7514.854530797481,16567.571428571428,7177.321277835816,21430.133333333335,7216.56187474021,566.0,0.06254834788374405,0.4111774081805789,6248.788500000001,221.145,370
2025-01-06,24129.0,344.26,0.8813,0.0105,C,0,1,6,2,1,0,9615.0,16723.0,24280.0,21749.0,27916.0,27916.0,17217.666666666668,7861.680566732122,18357.285714285714,7401.209061459376,16524.5,7220.038618584126,20820.1,7420.035511347308,-151.0,-0.006219110378912685,0.40317556618404243,21264.8877,253.3545,371
2025-01-07,22765.0,351.21,0.8372,0.012,C,1,1,7,2,1,0,24129.0,9615.0,18423.0,12525.0,23234.0,27916.0,16822.333333333332,7257.509857611872,18335.714285714286,7381.2629613611325,16694.5,7378.789089212196,20693.866666666665,7326.780963830838,4342.0,0.23568365629919122,0.40256206255962546,19058.858,273.18,372
2025-01-08,21787.0,354.55,0.8347,0.0117,C,2,1,8,2,1,0,22765.0,24129.0,8051.0,2980.0,23040.0,27916.0,18836.333333333332,8014.977562871494,18956.0,7569.851715852812,17425.928571428572,7440.953624412622,20522.166666666668,7211.14036647862,13736.0,1.7061234629238604,0.39933803101143767,18185.6089,254.9079,373
2025-01-09,18948.0,339.34,0.9494,0.0059,C,3,1,9,2,1,0,21787.0,22765.0,26094.0,20267.0,21317.0,27916.0,22893.666666666668,1176.2896468699564,20918.285714285714,5858.860944878982,18769.285714285714,6231.747840121348,20317.866666666665,7080.070848726617,-7146.0,-0.2738560588641067,0.2800832259824137,17989.231200000002,111.7932,374
2025-01-10,20183.0,324.84,0.8968,0.01,C,4,1,10,2,1,0,18948.0,21787.0,25315.0,21576.0,21261.0,27916.0,21166.666666666668,1982.6705054883553,19897.428571428572,5412.2772735433655,18675.071428571428,6217.316864573129,20018.933333333334,6936.0596084487315,-5132.0,-0.20272565672526172,0.2720088806507916,18100.114400000002,201.83,375
2025-01-11,14455.0,313.16,0.9109,0.0092,C,5,1,11,2,1,1,20183.0,18948.0,16723.0,14696.0,15030.0,27916.0,20306.0,1423.4911309875163,19164.285714285714,4877.250821049532,18575.571428571428,6178.344534486009,19761.166666666668,6774.263441744856,-2268.0,-0.13562159899539555,0.2544968747472734,13167.059500000001,132.986,376
2025-01-12,9799.0,353.12,0.8216,0.0126,C,6,1,12,2,1,1,14455.0,20183.0,9615.0,9049.0,10218.0,27916.0,17862.0,3014.4722589534836,18840.285714285714,5134.979997178991,18558.35714285714,6190.3095561610535,19312.466666666667,6660.337719165094,184.0,0.019136765470618825,0.2725531913396289,8050.8584,123.4674,377
2025-01-13,23740.0,349.79,0.918,0.0076,C,0,1,13,3,1,0,9799.0,14455.0,24129.0,24280.0,21749.0,27916.0,14812.333333333334,5201.214217212501,18866.571428571428,5080.062855816588,18611.928571428572,6104.332679011189,18708.566666666666,6674.674894231039,-389.0,-0.016121679307057896,0.26926264133627215,21793.32,180.424,378
2025-01-14,21921.0,341.69,0.8471,0.0179,C,1,1,14,3,1,0,23740.0,9799.0,22765.0,18423.0,12525.0,23234.0,15998.0,7097.429605145804,18811.0,5014.608093693176,18573.35714285714,6067.356928136547,18569.366666666665,6517.732991131053,-844.0,-0.037074456402372065,0.26657849628904234,18569.2791,392.3859,379
2025-01-15,22338.0,337.37,0.8881,0.0078,C,2,1,15,3,1,0,21921.0,23740.0,21787.0,8051.0,2980.0,23040.0,18486.666666666668,7578.5126729018175,18690.428571428572,4912.806185780933,18823.214285714286,6132.36537596999,18369.533333333333,6309.872799053072,551.0,0.025290310735759856,0.2628514465040665,19838.3778,174.2364,380
2025-01-16,21070.0,338.23,0.9085,0.022,C,3,1,16,3,1,0,22338.0,21921.0,18948.0,26094.0,20267.0,21317.0,22666.333333333332,952.9125528260394,18769.14285714286,4974.713372934859,19843.714285714286,5339.331569063261,18183.6,6097.475207284426,2122.0,0.11199071142073042,0.2650474457357365,19142.095,463.53999999999996,381
2025-01-17,20819.0,334.15,0.8309,0.0232,C,4,1,17,3,1,0,21070.0,22338.0,20183.0,25315.0,21576.0,21261.0,21776.333333333332,646.260267487827,19072.285714285714,5051.490265729675,19484.85714285714,5047.808417935032,18111.466666666667,6048.27014729936,636.0,0.03151166823564386,0.2648602449336189,17298.5071,483.00079999999997,382
2025-01-18,14170.0,316.73,0.9401,0.0055,C,5,1,18,3,1,1,20819.0,21070.0,14455.0,16723.0,14696.0,15030.0,21409.0,814.2671551770366,19163.14285714286,5080.434083441121,19163.714285714286,4784.512842793621,18037.433333333334,5999.256992404937,-285.0,-0.019716361120719474,0.2651148677080098,13321.217,77.935,383
2025-01-19,8803.0,357.62,0.7632,0.0197,C,6,1,19,3,1,1,14170.0,20819.0,9799.0,9615.0,9049.0,10218.0,18686.333333333332,3913.2723305864406,19122.428571428572,5125.3963377525615,18981.35714285714,4931.101134746565,17799.2,6006.4341329197505,-996.0,-0.10164302479844882,0.2680306174818495,6718.4496,173.4191,384
2025-01-20,16591.0,344.62,0.8117,0.0174,C,0,1,20,4,1,0,8803.0,14170.0,23740.0,24129.0,24280.0,21749.0,14597.333333333334,6019.387371928595,18980.14285714286,5432.014587258602,18923.35714285714,5053.01183008164,17383.933333333334,6186.789156288405,-7149.0,-0.3011373209772536,0.28619461023784415,13466.9147,288.6834,385
2025-01-21,20505.0,347.9,0.87,0.0111,C,1,1,21,4,1,0,16591.0,8803.0,21921.0,22765.0,18423.0,12525.0,13188.0,3985.7846153549367,17958.85714285714,5046.30701366755,18384.928571428572,4853.3142437257875,17435.966666666667,6172.857603966785,-1416.0,-0.06459559326673053,0.28099265858209915,17839.35,227.6055,386
2025-01-22,21526.0,348.02,0.861,0.0106,C,2,1,22,4,1,0,20505.0,16591.0,22338.0,21787.0,8051.0,2980.0,15299.666666666666,5956.916764009166,17756.571428571428,4886.872171343083,18223.5,4732.501513673613,17778.866666666665,6042.417503942773,-812.0,-0.0363506133046826,0.27521485163964715,18533.886,228.1756,387
2025-01-23,20890.0,339.3,0.9,0.0068,C,3,1,23,4,1,0,21526.0,20505.0,21070.0,18948.0,26094.0,20267.0,19540.666666666668,2604.9971848993314,17640.571428571428,4768.193748060943,18204.85714285714,4717.8753832491275,17771.433333333334,6037.500228790362,-180.0,-0.00854295206454675,0.27029701205359885,18801.0,142.052,388
2025-01-24,20375.0,320.24,0.8633,0.0141,C,4,1,24,4,1,0,20890.0,21526.0,20819.0,20183.0,25315.0,21576.0,20973.666666666668,515.6164595253321,17614.85714285714,4747.0553479173095,18343.571428571428,4769.670795191787,18050.266666666666,5979.732481234125,-444.0,-0.021326672750852586,0.26949156098278376,17589.7375,287.28749999999997,389
2025-01-25,14648.0,307.59,0.9561,0.0036,C,5,1,25,4,1,1,20375.0,20890.0,14170.0,14455.0,16723.0,14696.0,20930.333333333332,576.5590458343686,17551.428571428572,4699.838680108869,18357.285714285714,4775.63886066278,18630.1,5269.181912226783,478.0,0.033733239237826396,0.267775278860183,14004.9528,52.7328,390
2025-01-26,8970.0,349.55,0.8974,0.0066,C,6,1,26,4,1,1,14648.0,20375.0,8803.0,9799.0,9615.0,9049.0,18637.666666666668,3464.7346699759623,17619.714285714286,4645.680779472666,18371.071428571428,4763.771541772104,18442.8,5308.708859197697,167.0,0.018970805407247528,0.2636637975020566,8049.678,59.202,391
2025-01-27,23139.0,342.63,0.8926,0.0081,C,0,1,27,5,1,0,8970.0,14648.0,16591.0,23740.0,24129.0,24280.0,14664.333333333334,5702.517543448108,17643.571428571428,4592.9878023331175,18311.85714285714,4882.199990501486,18022.6,5545.763400700728,6548.0,0.39467181001747936,0.2603207531381873,20653.8714,187.42589999999998,392
2025-01-28,21712.0,334.9,0.7945,0.0149,C,1,1,28,5,1,0,23139.0,8970.0,20505.0,21921.0,22765.0,18423.0,15585.666666666666,7130.887345438396,18579.0,4992.3251763748785,18268.928571428572,4833.195876345262,18304.033333333333,5585.21570282889,1207.0,0.058863691782492074,0.2687079593290747,17250.184,323.5088,393
2025-01-29,20015.0,335.75,0.8637,0.0502,C,2,1,29,5,1,0,21712.0,23139.0,21526.0,22338.0,21787.0,8051.0,17940.333333333332,7801.233385390637,18751.428571428572,5089.82572907764,18254.0,4821.356065226077,18726.133333333335,5334.526257822926,-1511.0,-0.07019418377775713,0.2714366913267064,17286.9555,1004.753,394
2025-01-30,20135.0,329.1,0.9863,0.0026,C,3,1,30,5,1,0,20015.0,21712.0,20890.0,21070.0,18948.0,26094.0,21622.0,1563.943413298615,18535.571428571428,4983.475388961076,18088.071428571428,4708.648172234795,18583.966666666667,5237.357003122938,-755.0,-0.03614169459071326,0.2688600892702644,19859.1505,52.351,395
2025-01-31,21893.0,330.0,0.879,0.0093,C,4,1,31,5,1,0,20135.0,20015.0,20375.0,20819.0,20183.0,25315.0,20620.666666666668,947.024990870598,18427.714285714286,4931.929430229279,18021.285714285714,4669.568855547936,18641.033333333333,5244.864282674827,1518.0,0.07450306748466258,0.267636525819844,19243.947,203.6049,396
2025-02-01,16452.0,298.43,0.9897,0.0027,C,5,2,1,5,1,1,21893.0,20135.0,14648.0,14170.0,14455.0,16723.0,20681.0,1051.3362925344695,18644.571428571428,5063.441874757466,18098.0,4727.529262001124,19102.433333333334,4877.072402532097,1804.0,0.12315674494811578,0.2715772735327193,16282.5444,44.4204,397
2025-02-02,10769.0,319.98,0.9483,0.0072,C,6,2,2,5,1,1,16452.0,21893.0,8970.0,8803.0,9799.0,9615.0,19493.333333333332,2776.6746898643805,18902.285714285714,4868.273674664187,18261.0,4619.790987613048,18781.033333333333,4715.466389946238,1799.0,0.20055741360089185,0.2575494703788605,10212.2427,77.5368,398
2025-02-03,27260.0,314.37,0.9773,0.0032,C,0,2,3,6,1,0,10769.0,16452.0,23139.0,16591.0,23740.0,24129.0,16371.333333333334,5562.4387037821325,19159.285714285714,4266.892417762799,18401.428571428572,4331.035685594161,18296.166666666668,4767.99734641309,4121.0,0.1780975841652621,0.22270623662036007,26641.198,87.232,399
2025-02-04,23715.0,358.43,0.5535,0.0454,C,1,2,4,6,1,0,27260.0,10769.0,21712.0,20505.0,21921.0,22765.0,18160.333333333332,8377.17567759764,19748.0,5108.743811675534,19163.5,4890.480607969227,18647.4,5029.069534835134,2003.0,0.09225313190862196,0.2586967698843191,13126.2525,1076.661,400
2025-02-05,22011.0,347.2,0.8429,0.0118,C,2,2,5,6,1,0,23715.0,27260.0,20015.0,21526.0,22338.0,21787.0,20581.333333333332,8680.620388735673,20034.14285714286,5289.962647271105,19392.785714285714,5031.4314399745945,19117.4,4809.917883018304,1996.0,0.09972520609542843,0.264047365789101,18553.0719,259.7298,401
2025-02-06,21660.0,338.69,0.839,0.0173,C,3,2,6,6,1,0,22011.0,23715.0,20135.0,20890.0,21070.0,18948.0,24328.666666666668,2677.767789285226,20319.285714285714,5342.294785148819,19427.428571428572,5048.8884643329875,19046.8,4748.97900751236,1525.0,0.07573876334740502,0.262917449966898,18172.739999999998,374.71799999999996,402
2025-02-07,21468.0,339.28,0.8814,0.0087,C,4,2,7,6,1,0,21660.0,22011.0,21893.0,20375.0,20819.0,20183.0,22462.0,1099.2301851751333,20537.14285714286,5364.575206188914,19482.428571428572,5070.195576781351,19009.966666666667,4723.362146222517,-425.0,-0.019412597633946923,0.26121331694019473,18921.8952,186.77159999999998,403
2025-02-08,14838.0,333.7,0.8806,0.0089,C,5,2,8,6,1,1,21468.0,21660.0,16452.0,14648.0,14170.0,14455.0,21713.0,275.3525013508282,20476.428571428572,5349.055145759917,19560.5,5093.358869834627,18999.333333333332,4717.249968399787,-1614.0,-0.09810357403355215,0.2612298881663196,13066.3428,132.0582,404
2025-02-09,8597.0,327.75,0.818,0.0172,C,6,2,9,6,1,1,14838.0,21468.0,10769.0,8970.0,8803.0,9799.0,19322.0,3884.4443618103423,20245.85714285714,5581.189461891033,19574.071428571428,5079.496726498156,18862.333333333332,4778.082001095772,-2172.0,-0.20169003621506176,0.27567069265131655,7032.346,147.8684,405
2025-02-10,23689.0,317.87,0.964,0.0048,C,0,2,10,7,1,0,8597.0,14838.0,27260.0,23139.0,16591.0,23740.0,14967.666666666666,6436.479653765208,19935.571428571428,6219.715504135272,19547.428571428572,5140.013165416926,18476.133333333335,5123.40927530671,-3571.0,-0.130997798972854,0.31199083138501105,22836.196,113.70719999999999,406
2025-02-11,21778.0,340.24,0.8318,0.0137,C,1,2,11,7,1,0,23689.0,8597.0,23715.0,21712.0,20505.0,21921.0,15708.0,7583.5210159925155,19425.428571428572,5638.090955194619,19586.714285714286,5171.58048195314,18783.933333333334,5150.803739982341,-1937.0,-0.08167826270293063,0.2902428090305956,18114.9404,298.3586,407
2025-02-12,22247.0,339.18,0.8813,0.0107,C,2,2,12,7,1,0,21778.0,23689.0,22011.0,20015.0,21526.0,22338.0,18021.333333333332,8217.452423551566,19148.714285714286,5436.398799275276,19591.428571428572,5173.696516838965,19183.233333333334,4887.862481016963,236.0,0.010721911771387033,0.28390411586698794,19606.2811,238.04289999999997,408
2025-02-13,21131.0,336.27,0.8346,0.0298,C,3,2,13,7,1,0,22247.0,21778.0,21660.0,20135.0,20890.0,21070.0,22571.333333333332,995.9288796563239,19182.428571428572,5457.797628382781,19750.85714285714,5221.918051048688,19133.466666666667,4847.299395527888,-529.0,-0.024422899353647276,0.28452068037474376,17635.9326,629.7038,409
2025-02-14,20580.0,337.3,0.8921,0.0088,C,4,2,14,7,1,0,21131.0,22247.0,21468.0,21893.0,20375.0,20819.0,21718.666666666668,560.3608956141569,19106.85714285714,5421.314767611596,19822.0,5234.324113300295,19107.133333333335,4833.7606744098575,-888.0,-0.04136389044158748,0.28373660445973903,18359.418,181.104,410
2025-02-15,14858.0,335.74,0.8478,0.0115,C,5,2,15,7,1,1,20580.0,21131.0,14838.0,16452.0,14648.0,14170.0,21319.333333333332,849.3081498098906,18980.0,5366.9735108966615,19728.214285714286,5206.049132109114,19048.533333333333,4803.805400558682,20.0,0.0013478905512872355,0.28276994261836996,12596.6124,170.867,411
2025-02-16,9522.0,325.52,0.9218,0.0068,C,6,2,16,7,1,1,14858.0,20580.0,8597.0,10769.0,8970.0,8803.0,18856.333333333332,3473.600773453031,18982.85714285714,5364.405696457927,19614.35714285714,5299.798524576089,18841.466666666667,4847.351880921297,925.0,0.10759567290915435,0.2825921122456765,8777.3796,64.7496,412
2025-02-17,19950.0,317.52,0.9329,0.0079,C,0,2,17,8,1,0,9522.0,14858.0,23689.0,27260.0,23139.0,16591.0,14986.666666666666,5530.122723171113,19115.0,5069.198621741551,19525.285714285714,5467.7128874676855,18464.9,5119.588933862181,-3739.0,-0.15783697074591582,0.2651948010327779,18611.355,157.60500000000002,413
2025-02-18,21806.0,347.01,0.713,0.0199,C,1,2,18,8,1,0,19950.0,9522.0,21778.0,23715.0,21712.0,20505.0,14776.666666666666,5214.475748657144,18580.85714285714,4689.691476297448,19003.14285714286,5001.4167816905465,18657.566666666666,5060.807068547214,28.0,0.0012857011663146294,0.2523937103784397,15547.678,433.93940000000003,414
2025-02-19,22394.0,341.37,0.9095,0.007,C,2,2,19,8,1,0,21806.0,19950.0,22247.0,22011.0,20015.0,21526.0,17092.666666666668,6621.739147182821,18584.85714285714,4692.883776832422,18866.785714285714,4887.805173294852,19091.0,4733.976574392455,147.0,0.006607632489773902,0.2525111568391083,20367.343,156.758,415
2025-02-20,22192.0,337.66,0.8938,0.0079,C,3,2,20,8,1,0,22394.0,21806.0,21131.0,21660.0,20135.0,20890.0,21383.333333333332,1275.6446736193739,18605.85714285714,4712.291389850265,18894.14285714286,4907.788094245918,19284.433333333334,4746.842171259811,1061.0,0.05021059107472434,0.25326924493018216,19835.209600000002,175.31680000000003,416
2025-02-21,22146.0,339.5,0.918,0.0061,C,4,2,21,8,1,0,22192.0,22394.0,20580.0,21468.0,21893.0,20375.0,22130.666666666668,298.7596581425947,18757.428571428572,4822.817256097734,18932.14285714286,4932.846515679638,19340.666666666668,4771.727449317982,1566.0,0.0760932944606414,0.2571150537896158,20330.028000000002,135.0906,417
2025-02-22,14876.0,338.12,0.8267,0.0129,C,5,2,22,8,1,1,22146.0,22192.0,14858.0,14838.0,16452.0,14648.0,22244.0,131.9242206728787,18981.14285714286,4955.934336011416,18980.571428571428,4962.894188402038,19361.333333333332,4782.848316953872,18.0,0.0012114685691210123,0.2610977839064328,12297.9892,191.9004,418
2025-02-23,9781.0,338.39,0.7581,0.0181,C,6,2,23,8,1,1,14876.0,22146.0,9522.0,8597.0,10769.0,8970.0,19738.0,4210.678330150636,18983.714285714286,4953.442497034597,18983.285714285714,4960.464066822958,19160.866666666665,4842.232633626859,259.0,0.027200168031926066,0.2609311551197431,7414.9761,177.0361,419
2025-02-24,23190.0,314.12,0.9599,0.0048,C,0,2,24,9,1,0,9781.0,14876.0,19950.0,23689.0,27260.0,23139.0,15601.0,6214.3000410344,19020.714285714286,4871.274395688976,19067.85714285714,4776.445795731428,18807.733333333334,5128.473503700775,3240.0,0.162406015037594,0.25610365218237885,22260.081,111.31199999999998,420
2025-02-25,21803.0,348.31,0.7963,0.0145,C,1,2,25,9,1,0,23190.0,9781.0,21806.0,21778.0,23715.0,21712.0,15949.0,6768.59047365108,19483.571428571428,5121.777030717043,19032.214285714286,4741.039827174745,19092.466666666667,5126.6869770758885,-3.0,-0.00013757681372099422,0.26287670355991716,17361.728900000002,316.1435,421
2025-02-26,21769.0,334.92,0.9312,0.0079,C,2,2,26,9,1,0,21803.0,23190.0,22394.0,22247.0,22011.0,20015.0,18258.0,7373.980539708533,19483.14285714286,5121.550430243126,19034.0,4742.158158475948,19520.233333333334,4776.370687423469,-625.0,-0.027909261409306062,0.2628708554772762,20271.2928,171.97510000000003,422
2025-02-27,21712.0,329.66,0.9087,0.0069,C,3,2,27,9,1,0,21769.0,21803.0,22192.0,21131.0,21660.0,20135.0,22254.0,810.778021409158,19393.85714285714,5067.509625992196,18999.85714285714,4718.90932406962,19474.566666666666,4747.037941657956,-480.0,-0.021629416005767843,0.2612945732591717,19729.6944,149.8128,423
2025-02-28,22862.0,332.95,0.7204,0.0209,C,4,2,28,9,1,0,21712.0,21769.0,22146.0,20580.0,21468.0,21893.0,21761.333333333332,45.981880490931424,19325.285714285714,5026.41673939746,19041.35714285714,4741.5934129158095,19474.566666666666,4747.037941657956,716.0,0.03233089496974623,0.26009533901389165,16469.7848,477.81579999999997,424
2025-03-01,16747.0,340.64,0.9038,0.0103,C,5,3,1,9,1,1,22862.0,21712.0,14876.0,14858.0,14838.0,16452.0,22114.333333333332,648.1252450981083,19427.571428571428,5100.128653839433,19204.35714285714,4836.822933848891,19569.466666666667,4786.5082063227865,1871.0,0.1257730572734606,0.2625201339545126,15135.938600000001,172.4941,425
2025-03-02,11178.0,338.63,0.9217,0.0072,C,6,3,2,9,1,1,16747.0,22862.0,9781.0,9522.0,8597.0,10769.0,20440.333333333332,3249.7935831885507,19694.85714285714,4865.464055585059,19339.285714285714,4731.449874202189,19456.533333333333,4812.602118815035,1397.0,0.1428279317043247,0.24704236340955882,10302.7626,80.4816,426
2025-03-03,27511.0,327.71,0.9751,0.0039,C,0,3,3,10,1,0,11178.0,16747.0,23190.0,19950.0,23689.0,27260.0,16929.0,5844.125854223209,19894.428571428572,4397.156916961308,19457.571428571428,4481.2226819557545,19099.366666666665,5018.736408378267,4321.0,0.18633031479085813,0.22102453966817093,26825.9761,107.29289999999999,427
2025-03-04,23955.0,311.34,0.9731,0.0043,C,1,3,4,10,1,0,27511.0,11178.0,21803.0,21806.0,21778.0,23715.0,18478.666666666668,8303.055120456173,20511.714285714286,5171.943725985579,19997.64285714286,4973.6952925000705,19468.0,5219.704206178735,2152.0,0.09870201348438289,0.2521458545075222,23310.6105,103.0065,428
2025-03-05,23041.0,352.17,0.909,0.0079,C,2,3,5,10,1,0,23955.0,27511.0,21769.0,22394.0,22247.0,22011.0,20881.333333333332,8589.370892756551,20819.14285714286,5323.238720571353,20151.14285714286,5066.101761210986,19907.533333333333,5013.013855221593,1272.0,0.058431714823832054,0.2556896197455602,20944.269,182.02390000000003,429
2025-03-06,22276.0,345.25,0.9263,0.0059,C,3,3,6,10,1,0,23041.0,23955.0,21712.0,22192.0,21131.0,21660.0,24835.666666666668,2361.5472329245263,21000.85714285714,5382.448371901965,20197.35714285714,5091.025264841332,19766.9,4856.369598713665,564.0,0.025976418570375828,0.25629660424277756,20634.2588,131.4284,430
2025-03-07,21656.0,338.3,0.9208,0.0083,C,4,3,7,10,1,0,22276.0,23041.0,22862.0,22146.0,20580.0,21468.0,23090.666666666668,840.6011737640454,21081.428571428572,5399.06358723874,20203.35714285714,5093.6057140624525,19718.933333333334,4823.021337604519,-1206.0,-0.05275129035080046,0.25610520505977624,19940.8448,179.7448,431
2025-03-08,14499.0,343.4,0.9372,0.0064,C,5,3,8,10,1,1,21656.0,22276.0,16747.0,14876.0,14858.0,14838.0,22324.333333333332,693.7638887499774,20909.14285714286,5351.8103923990175,20168.35714285714,5080.897931046666,19707.1,4817.63630231458,-2248.0,-0.13423299695467844,0.25595551328737337,13588.462800000001,92.7936,432
2025-03-09,9514.0,341.22,0.9539,0.007,C,6,3,9,10,1,1,14499.0,21656.0,11178.0,9781.0,9522.0,8597.0,19477.0,4322.205802596651,20588.0,5699.353998480851,20141.428571428572,5112.008663082309,19468.4,4894.332130832207,-1664.0,-0.14886383968509573,0.2768289293996916,9075.4046,66.598,433
2025-03-10,24650.0,328.16,0.9357,0.0074,C,0,3,10,11,1,0,9514.0,14499.0,27511.0,23190.0,19950.0,23689.0,15223.0,6103.291980562633,20350.285714285714,6172.325809997524,20122.35714285714,5153.959562349095,19069.933333333334,5202.812673885175,-2861.0,-0.1039947657300716,0.3033041352173551,23065.005,182.41,434
2025-03-11,21941.0,310.67,0.8567,0.013,C,1,3,11,11,1,0,24650.0,9514.0,23955.0,21803.0,21806.0,21778.0,16221.0,7713.532718540848,19941.571428571428,5695.437029094489,20226.64285714286,5234.939932167951,19397.0,5235.907977116058,-2014.0,-0.08407430599039867,0.2856062296542143,18796.8547,285.233,435
2025-03-12,21839.0,343.58,0.9157,0.0072,C,2,3,12,11,1,0,21941.0,24650.0,23041.0,21769.0,22394.0,22247.0,18701.666666666668,8071.219507195519,19653.85714285714,5506.64245642087,20236.5,5238.265328698629,19841.8,4838.50847208959,-1202.0,-0.05216787465821796,0.2801812599122389,19997.972299999998,157.2408,436
2025-03-13,20562.0,341.68,0.9332,0.0118,C,3,3,13,11,1,0,21839.0,21941.0,22276.0,21712.0,22192.0,21131.0,22810.0,1594.3026688807065,19482.14285714286,5401.147699905106,20241.5,5239.873805732348,19780.133333333335,4799.416413757371,-1714.0,-0.07694379601364698,0.27723581227743893,19188.4584,242.6316,437
2025-03-14,20580.0,339.15,0.8919,0.0103,C,4,3,14,11,1,0,20562.0,21839.0,21656.0,22862.0,22146.0,20580.0,21447.333333333332,768.4154692179719,19237.285714285714,5291.111216442313,20159.35714285714,5224.038323088653,19739.6,4787.080656704365,-1076.0,-0.04968599926117473,0.2750445824336385,18355.302,211.974,438
2025-03-15,14367.0,344.11,0.9059,0.0102,C,5,3,15,11,1,1,20580.0,20562.0,14499.0,16747.0,14876.0,14858.0,20993.666666666668,732.1354610544936,19083.571428571428,5224.341325537033,19996.35714285714,5168.530435494926,19684.033333333333,4766.603225484096,-132.0,-0.009104076143182288,0.2737611953345004,13015.0653,146.54340000000002,439
2025-03-16,9749.0,346.33,0.9081,0.0082,C,6,3,16,11,1,1,14367.0,20580.0,9514.0,11178.0,9781.0,9522.0,18503.0,3581.8923769426888,19064.714285714286,5243.849022562371,19826.35714285714,5320.533006947892,19458.566666666666,4854.953948311958,235.0,0.024700441454698338,0.2750552116320847,8853.0669,79.9418,440
2025-03-17,23933.0,335.56,0.8543,0.0123,C,0,3,17,12,1,0,9749.0,14367.0,24650.0,27511.0,23190.0,19950.0,14898.666666666666,5435.03839299535,19098.285714285714,5172.784798484115,19724.285714285714,5509.558930113699,19097.533333333333,5161.710747773275,-717.0,-0.029087221095334685,0.2708507389547963,20445.9619,294.3759,441
2025-03-18,21325.0,322.31,0.8258,0.0198,C,1,3,18,12,1,0,23933.0,9749.0,21941.0,23955.0,21803.0,21806.0,16016.333333333334,7234.410088827801,18995.85714285714,5050.176644718174,19468.714285714286,5194.553633426982,19400.033333333333,5170.597861005038,-616.0,-0.028075292830773438,0.2658567395373971,17610.185,422.235,442
2025-03-19,21614.0,356.03,0.786,0.0178,C,2,3,19,12,1,0,21325.0,23933.0,21839.0,23041.0,21769.0,22394.0,18335.666666666668,7549.738361912515,18907.85714285714,4995.373473811235,19280.85714285714,5065.790315092358,19793.466666666667,4830.94780971911,-225.0,-0.010302669536150923,0.2641956429049046,16988.604,384.7292,443
2025-03-20,21931.0,347.32,0.8591,0.0139,C,3,3,20,12,1,0,21614.0,21325.0,20562.0,22276.0,21712.0,22192.0,22290.666666666668,1429.623843300557,18875.714285714286,4974.047906024665,19178.928571428572,4998.218443594689,19848.933333333334,4842.346210566577,1369.0,0.0665791265441105,0.2635157446618683,18840.9221,304.8409,444
2025-03-21,20427.0,350.96,0.78,0.0518,C,4,3,21,12,1,0,21931.0,21614.0,20580.0,21656.0,22862.0,22146.0,21623.333333333332,303.10779160796415,19071.285714285714,5077.243173031504,19154.285714285714,4982.600362624559,19853.1,4844.141711458247,-153.0,-0.0074344023323615165,0.2662244826644434,15933.060000000001,1058.1186,445
2025-03-22,13935.0,352.85,0.9155,0.0075,C,5,3,22,12,1,1,20427.0,21931.0,14367.0,14499.0,16747.0,14876.0,21324.0,792.8297421263433,19049.428571428572,5069.989936122233,19066.5,4945.824357670123,19787.533333333333,4821.824584784972,-432.0,-0.030068907913969514,0.2661491874736072,12757.4925,104.5125,446
2025-03-23,9193.0,334.47,0.9249,0.0238,C,6,3,23,12,1,1,13935.0,20427.0,9749.0,9514.0,11178.0,9781.0,18764.333333333332,4249.393996010896,18987.714285714286,5138.650429645416,19026.214285714286,4988.007435972674,19512.3,4914.608281650629,-556.0,-0.057031490409272745,0.27063027978631227,8502.6057,218.79340000000002,447
2025-03-24,23428.0,333.59,0.878,0.0139,C,0,3,24,13,1,0,9193.0,13935.0,23933.0,24650.0,27511.0,23190.0,14518.333333333334,5639.6717398562705,18908.285714285714,5306.800565132915,19003.285714285714,5035.6067456368455,19080.533333333333,5233.864417448151,-505.0,-0.02110057243137091,0.280660057993702,20569.784,325.6492,448
2025-03-25,21466.0,318.93,0.8867,0.0096,C,1,3,25,13,1,0,23428.0,9193.0,21325.0,21941.0,23955.0,21803.0,15518.666666666666,7248.4347505743235,18836.14285714286,5229.984462327806,18916.0,4939.880176061578,19365.6,5229.858708449475,141.0,0.006611957796014068,0.27765686966769537,19033.9022,206.07359999999997,449
2025-03-26,20916.0,347.64,0.9385,0.0046,C,2,3,26,13,1,0,21466.0,23428.0,21614.0,21839.0,23041.0,21769.0,18029.0,7714.825532700018,18856.285714285714,5241.426705083426,18882.071428571428,4919.092856713222,19755.1,4917.20083219487,-698.0,-0.03229388359396687,0.27796708134903086,19629.666,96.2136,450
2025-03-27,20350.0,345.66,0.8761,0.0127,C,3,3,27,13,1,0,20916.0,21466.0,21931.0,20562.0,22276.0,21712.0,21936.666666666668,1320.4852643378697,18756.571428571428,5186.571727616816,18816.14285714286,4882.462774794372,19679.3,4879.810052479077,-1581.0,-0.07208973599015092,0.27652024504415756,17828.635,258.445,451
2025-03-28,20277.0,342.09,0.8521,0.0143,C,4,3,28,13,1,0,20350.0,20916.0,20427.0,20580.0,21656.0,22862.0,20910.666666666668,558.0191155627692,18530.714285714286,5058.130343459763,18801.0,4876.957169257204,19630.866666666665,4865.19376750837,-150.0,-0.007343222205903951,0.272959275366907,17278.0317,289.9611,452
2025-03-29,13274.0,346.67,0.7992,0.0177,C,5,3,29,13,1,1,20277.0,20350.0,13935.0,14367.0,14499.0,16747.0,20514.333333333332,349.7632532634833,18509.285714285714,5049.067495233985,18779.35714285714,4869.121095973354,19581.133333333335,4850.186180097541,-661.0,-0.04743451740222462,0.2727856478727889,10608.5808,234.9498,453
2025-03-30,8855.0,338.32,0.7737,0.0152,C,6,3,30,13,1,1,13274.0,20277.0,9193.0,9749.0,9514.0,11178.0,17967.0,4064.421114992899,18414.85714285714,5153.966188886991,18701.285714285714,4953.3450458106745,19299.866666666665,4965.64363111816,-338.0,-0.036767105406287394,0.27988086732924455,6851.1135,134.596,454
2025-03-31,23728.0,322.18,0.694,0.0402,C,0,3,31,14,1,0,8855.0,13274.0,23428.0,23933.0,24650.0,27511.0,14135.333333333334,5759.508862162941,18366.571428571428,5255.348128562063,18637.428571428572,5081.73189306235,18832.966666666667,5268.440392684,300.0,0.01280519037049684,0.2861365905444242,16467.232,953.8656,455
2025-04-01,24424.0,343.24,0.5827,0.0436,C,1,4,1,14,2,0,23728.0,8855.0,21466.0,21325.0,21941.0,23955.0,15285.666666666666,7637.842256379314,18409.428571428572,5304.496578600158,18622.785714285714,5065.568738340953,19065.666666666668,5326.974546221516,2958.0,0.13779931053759434,0.28814020804712726,14231.8648,1064.8864,456
2025-04-02,22059.0,333.43,0.8538,0.014,C,2,4,2,14,2,0,24424.0,23728.0,20916.0,21614.0,21839.0,23041.0,19002.333333333332,8794.736171900407,18832.0,5692.225370333335,18844.14285714286,5256.834128536401,19507.2,5198.046638418357,1143.0,0.05464716006884682,0.30226345424454837,18833.9742,308.826,457
2025-04-03,23069.0,317.02,0.8563,0.0154,C,3,4,3,14,2,0,22059.0,24424.0,20350.0,21931.0,20562.0,22276.0,23403.666666666668,1215.4013054680331,18995.285714285714,5777.7218034529005,18875.928571428572,5276.180283038184,19325.466666666667,5000.1070177052925,2719.0,0.13361179361179362,0.3041660910163447,19753.984699999997,355.2626,458
2025-04-04,21918.0,345.27,0.8583,0.0112,C,4,4,4,14,2,0,23069.0,22059.0,20277.0,20427.0,20580.0,21656.0,23184.0,1186.686563503635,19383.714285714286,5972.104255460969,18957.214285714286,5335.302618171957,19295.933333333334,4974.36993711408,1641.0,0.08092913152833259,0.30809906540267074,18812.219399999998,245.4816,459
2025-04-05,14401.0,342.82,0.94,0.0047,C,5,4,5,14,2,1,21918.0,23069.0,13274.0,13935.0,14367.0,14499.0,22348.666666666668,627.7980036073706,19618.14285714286,6044.779053821866,19063.714285714286,5381.578927995181,19258.5,4949.378238554397,1127.0,0.0849028175380443,0.3081218797232377,13536.939999999999,67.6847,460
2025-04-06,9941.0,335.1,0.9276,0.0061,C,6,4,6,14,2,1,14401.0,21918.0,8855.0,9193.0,9749.0,9514.0,19796.0,4707.517286213622,19779.14285714286,5859.8223360033335,19097.0,5348.758130488006,18996.0,4992.466103350469,1086.0,0.12264257481648785,0.29626270351180417,9221.2716,60.640100000000004,461
2025-04-07,23836.0,341.19,0.8942,0.0061,C,0,4,7,15,2,0,9941.0,14401.0,23728.0,23428.0,23933.0,24650.0,15420.0,6053.1729696085895,19934.285714285714,5527.3378074887905,19150.428571428572,5244.945782726097,18605.5,5229.754175999027,108.0,0.004551584625758598,0.2772779464843166,21314.1512,145.39960000000002,462
2025-04-08,21773.0,339.25,0.8096,0.0205,C,1,4,8,15,2,0,23836.0,9941.0,24424.0,21466.0,21325.0,21941.0,16059.333333333334,7094.385691047069,19949.714285714286,5539.828809457472,19179.571428571428,5271.607574315678,18916.733333333334,5254.71327301587,-2651.0,-0.10854077956108746,0.27768963154647613,17627.4208,446.3465,463
2025-04-09,21167.0,330.97,0.8395,0.0203,C,2,4,9,15,2,0,21773.0,23836.0,22059.0,20916.0,21614.0,21839.0,18516.666666666668,7498.03549827109,19571.0,5266.867918095767,19201.5,5282.477474559714,19325.366666666665,4967.083946329579,-892.0,-0.04043700983725464,0.26911593266035294,17769.696500000002,429.6901,464
2025-04-10,20652.0,315.46,0.8934,0.0201,C,3,4,10,15,2,0,21167.0,21773.0,23069.0,20350.0,21931.0,20562.0,22258.666666666668,1399.2120401616694,19443.571428571428,5207.091185973931,19219.428571428572,5289.1657581874315,19209.266666666666,4878.246158365644,-2417.0,-0.10477263860592137,0.2678052849036958,18450.4968,415.10519999999997,465
2025-04-11,20609.0,343.27,0.8548,0.0201,C,4,4,11,15,2,0,20652.0,21167.0,21918.0,20277.0,20427.0,20580.0,21197.333333333332,561.1152585105685,19098.285714285714,5002.7459697745035,19241.0,5294.7442881524585,19166.3,4858.994540167675,-1309.0,-0.05972260242722876,0.26194738337338824,17616.5732,414.2409,466
2025-04-12,13378.0,343.27,0.8548,0.0123,C,5,4,12,15,2,1,20609.0,20652.0,14401.0,13274.0,13935.0,14367.0,20809.333333333332,310.49369290435106,18911.285714285714,4903.255541450162,19264.714285714286,5300.481667932445,19125.3,4840.820101152707,-1023.0,-0.07103673356016943,0.25927668882640853,11435.5144,164.5494,467
2025-04-13,9088.0,343.27,0.8548,0.0126,C,6,4,13,15,2,1,13378.0,20609.0,9941.0,8855.0,9193.0,9749.0,18213.0,4187.288024485544,18765.14285714286,5072.418207934978,19272.14285714286,5291.505178580576,18885.833333333332,4943.890901620545,-853.0,-0.08580625691580324,0.2703106630496121,7768.4224,114.50880000000001,468
2025-04-14,23477.0,343.27,0.8548,0.0131,C,0,4,14,16,2,0,9088.0,13378.0,23836.0,23728.0,23428.0,23933.0,14358.333333333334,5822.72705296525,18643.285714285714,5323.755119408518,19288.785714285714,5256.471281683639,18502.766666666666,5244.191517080211,-359.0,-0.015061251887900655,0.2855588441327757,20068.1396,307.5487,469
2025-04-15,22081.0,343.27,0.8548,0.021,C,1,4,15,16,2,0,23477.0,9088.0,21773.0,24424.0,21466.0,21325.0,15314.333333333334,7387.345283207857,18592.0,5266.819280489238,19270.85714285714,5240.56947664664,18806.433333333334,5260.1849428830255,308.0,0.01414596059339549,0.2832841695615984,18874.8388,463.701,470
2025-04-16,21481.0,343.27,0.8548,0.0181,C,2,4,16,16,2,0,22081.0,23477.0,21167.0,22059.0,20916.0,21614.0,18215.333333333332,7935.260823270612,18636.0,5299.011228521773,19103.5,5098.8406940280975,19217.5,5003.561619417744,314.0,0.014834412056503047,0.2843427360228468,18361.9588,388.8061,471
2025-04-17,20232.0,343.27,0.8548,0.0159,C,3,4,17,16,2,0,21481.0,22081.0,20652.0,23069.0,20350.0,21931.0,22346.333333333332,1024.1119730446412,18680.85714285714,5325.271493190775,19062.214285714286,5075.354905037471,19135.766666666666,4943.544447286665,-420.0,-0.02033701336432307,0.2850656933173411,17294.3136,321.6888,472
2025-04-18,18508.0,343.27,0.8548,0.0169,C,4,4,18,16,2,0,20232.0,21481.0,20609.0,21918.0,20277.0,20427.0,21264.666666666668,943.2922841481254,18620.85714285714,5301.674874621256,18859.571428571428,4958.358331207956,19099.333333333332,4930.8650799612815,-2101.0,-0.10194575185598526,0.2847170156533288,15820.6384,312.7852,473
2025-04-19,12978.0,352.46,0.8608,0.0135,C,5,4,19,16,2,1,18508.0,20232.0,13378.0,14401.0,13274.0,13935.0,20073.666666666668,1492.8108833115432,18320.714285714286,5229.339719769769,18616.0,4879.692329519274,18995.8,4908.802911870283,-400.0,-0.02989983555090447,0.28543317898076637,11171.4624,175.203,474
2025-04-20,5287.0,345.6,0.8226,0.0142,C,6,4,20,16,2,1,12978.0,18508.0,9088.0,9941.0,8855.0,9193.0,17239.333333333332,3789.757951813465,18263.571428571428,5294.136343073105,18514.35714285714,4987.8648523906795,18697.366666666665,4995.586600351269,-3801.0,-0.418243838028169,0.2898741006806034,4349.0862,75.0754,475
2025-04-21,23594.0,342.14,0.9177,0.0072,C,0,4,21,17,2,0,5287.0,12978.0,23477.0,23836.0,23728.0,23428.0,12257.666666666666,6639.869752738631,17720.571428571428,6458.890896976625,18181.928571428572,5706.526270107637,18192.7,5548.924494424801,117.0,0.0049836009711632665,0.3644854751445969,21652.213799999998,169.8768,476
2025-04-22,21974.0,340.39,0.9198,0.006,C,1,4,22,17,2,0,23594.0,5287.0,22081.0,21773.0,24424.0,21466.0,13953.0,9192.36264515277,17737.285714285714,6476.397756836882,18164.64285714286,5688.419796895645,18514.666666666668,5573.528829134676,-107.0,-0.004845795027399121,0.36512902036757255,20211.6852,131.844,477
2025-04-23,20924.0,332.21,0.8869,0.0103,C,2,4,23,17,2,0,21974.0,23594.0,21481.0,21167.0,22059.0,20916.0,16951.666666666668,10134.31972721077,17722.0,6464.552394920051,18179.0,5698.472345894388,18940.7,5319.096599144863,-557.0,-0.02592989153205158,0.36477555551969587,18557.495600000002,215.5172,478
2025-04-24,19815.0,310.64,0.9767,0.0039,C,3,4,24,17,2,0,20924.0,21974.0,20232.0,20652.0,23069.0,20350.0,22164.0,1345.1022265984152,17642.428571428572,6413.800585641937,18161.64285714286,5689.033277444257,18857.233333333334,5265.631859018688,-417.0,-0.02061091340450771,0.3635440868967955,19353.3105,77.2785,479
2025-04-25,20110.0,342.97,0.9019,0.007,C,4,4,25,17,2,0,19815.0,20924.0,18508.0,20609.0,21918.0,20277.0,20904.333333333332,1079.6343516827105,17582.85714285714,6387.623095449802,18101.85714285714,5665.197163479742,18802.2,5246.017474039807,1602.0,0.08655716446941863,0.36328698137917304,18137.209,140.77,480
2025-04-26,12973.0,336.92,0.9689,0.0029,C,5,4,26,17,2,1,20110.0,19815.0,12978.0,13378.0,14401.0,13274.0,20283.0,574.3840178835169,17811.714285714286,6454.640519664525,18066.214285714286,5649.758690266494,18775.333333333332,5236.87461632665,-5.0,-0.0003852673755586377,0.362381768319819,12569.5397,37.6217,481
2025-04-27,8841.0,337.75,0.8942,0.006,C,6,4,27,17,2,1,12973.0,20110.0,5287.0,9088.0,9941.0,8855.0,17632.666666666668,4038.084488137086,17811.0,6455.264828029899,18037.285714285714,5676.583580187748,18529.433333333334,5332.704267606359,3554.0,0.6722148666540572,0.3624313529857896,7905.6222,53.046,482
2025-04-28,22607.0,332.6,0.8275,0.0136,C,0,4,28,18,2,0,8841.0,12973.0,23594.0,23477.0,23836.0,23728.0,13974.666666666666,5700.885223658985,18318.714285714286,5351.457300408467,18019.64285714286,5706.840788537411,18148.233333333334,5605.252024130845,-987.0,-0.04183266932270916,0.2921306166438635,18707.2925,307.4552,483
2025-04-29,20511.0,332.28,0.8492,0.0115,C,1,4,29,18,2,0,22607.0,8841.0,21974.0,22081.0,21773.0,24424.0,14807.0,7063.876839243449,18177.714285714286,5200.162808806575,17957.5,5647.269234567475,18459.333333333332,5584.355026094887,-1463.0,-0.06657868389915354,0.28607352536580133,17417.941199999997,235.8765,484
2025-04-30,23358.0,315.54,0.8838,0.0133,C,2,4,30,18,2,0,20511.0,22607.0,20924.0,21481.0,21167.0,22059.0,17319.666666666668,7417.152103963714,17968.714285714286,5049.370083297035,17845.35714285714,5574.202207244796,18847.866666666665,5290.860641373646,2434.0,0.11632575033454406,0.28100898055413176,20643.8004,310.66139999999996,485
2025-05-01,24124.0,310.74,0.9383,0.0058,C,3,5,1,18,2,0,23358.0,20511.0,19815.0,20232.0,20652.0,23069.0,22158.666666666668,1475.5013837110878,18316.428571428572,5360.988399450931,17979.428571428572,5689.749037513879,18835.533333333333,5279.511541756509,4309.0,0.21746151905122382,0.2926874296779356,22635.5492,139.9192,486
2025-05-02,23904.0,323.5,0.8169,0.0197,C,4,5,2,18,2,0,24124.0,23358.0,20110.0,18508.0,20609.0,21918.0,22664.333333333332,1903.7653041626052,18932.0,5791.816813401455,18257.428571428572,5899.490704410726,18825.533333333333,5268.834659700789,3794.0,0.18866235703630035,0.3059273617896395,19527.1776,470.9088,487
2025-05-03,15393.0,326.91,0.9719,0.0083,C,5,5,3,18,2,1,23904.0,24124.0,12973.0,12978.0,13378.0,14401.0,23795.333333333332,394.3923596285029,19474.0,6090.260038235894,18642.85714285714,6090.301796957353,18887.033333333333,5318.413008584894,2420.0,0.18654127803900408,0.3127380116173305,14960.4567,127.7619,488
2025-05-04,10502.0,351.43,0.8196,0.0114,C,6,5,4,18,2,1,15393.0,23904.0,8841.0,5287.0,9088.0,9941.0,21140.333333333332,4978.55203179934,19819.714285714286,5716.970867930116,18815.35714285714,5950.096736216114,18631.166666666668,5294.875148040159,1661.0,0.1878746748105418,0.28844870241398035,8607.4392,119.7228,489
2025-05-05,25870.0,352.85,0.9035,0.0079,C,0,5,5,19,2,0,10502.0,15393.0,22607.0,23594.0,23477.0,23836.0,16599.666666666668,6781.993389360781,20057.0,5196.088849638065,19187.85714285714,5147.070396869431,18250.633333333335,5458.215228589758,3263.0,0.144335825186889,0.25906610408526026,23373.545,204.37300000000002,490
2025-05-06,22898.0,352.22,0.8598,0.0113,C,1,5,6,19,2,0,25870.0,10502.0,20511.0,21974.0,22081.0,21773.0,17255.0,7851.37815927879,20523.14285714286,5594.0963055877155,19350.428571428572,5329.650467890936,18632.933333333334,5579.58645070757,2387.0,0.11637657842133489,0.27257503124774823,19687.7004,258.74739999999997,491
2025-05-07,21062.0,349.06,0.9108,0.0073,C,2,5,7,19,2,0,22898.0,25870.0,23358.0,20924.0,21481.0,21167.0,19756.666666666668,8151.3702733548635,20864.14285714286,5665.5289964418525,19416.428571428572,5370.205664508654,19064.833333333332,5381.535238478744,-2296.0,-0.09829608699374946,0.27154381731537336,19183.2696,153.7526,492
2025-05-08,20074.0,336.96,0.9202,0.0088,C,3,5,8,19,2,0,21062.0,22898.0,24124.0,19815.0,20232.0,20652.0,23276.666666666668,2426.264069167519,20536.14285714286,5562.614026653608,19426.285714285714,5373.31146183934,18972.366666666665,5320.211510465718,-4050.0,-0.1678826065329133,0.27086946489169095,18472.0948,176.65120000000002,493
2025-05-09,20007.0,323.73,0.8668,0.0112,C,4,5,9,19,2,0,20074.0,21062.0,23904.0,20110.0,18508.0,20609.0,21344.666666666668,1433.0629202283244,19957.571428571428,5333.130595848995,19444.785714285714,5375.198260079789,18915.733333333334,5298.368954839702,-3897.0,-0.16302710843373494,0.2672234252016275,17342.0676,224.0784,494
2025-05-10,12713.0,354.26,0.9179,0.0063,C,5,5,10,19,2,1,20007.0,20074.0,15393.0,12973.0,12978.0,13378.0,20381.0,590.7139747796737,19400.85714285714,5048.30534036161,19437.428571428572,5374.288141974432,18877.066666666666,5285.59037209744,-2680.0,-0.1741051127135711,0.2602104279820573,11669.262700000001,80.0919,495
2025-05-11,7235.0,347.63,0.9467,0.0035,C,6,5,11,19,2,1,12713.0,20007.0,10502.0,8841.0,5287.0,9088.0,17598.0,4230.666732324824,19018.0,5485.598994944227,19418.85714285714,5398.738625572894,18612.433333333334,5391.343340267213,-3267.0,-0.31108360312321465,0.288442475283638,6849.3745,25.3225,496
2025-05-12,22991.0,343.57,0.9371,0.0066,C,0,5,12,20,2,0,7235.0,12713.0,25870.0,22607.0,23594.0,23477.0,13318.333333333334,6407.481356456165,18551.285714285714,6394.566123261353,19304.14285714286,5651.915983603635,18166.633333333335,5760.832342180475,-2879.0,-0.1112872052570545,0.3446966545470816,21544.8661,151.7406,497
2025-05-13,21446.0,337.18,0.9038,0.0115,C,1,5,13,20,2,0,22991.0,7235.0,22898.0,20511.0,21974.0,22081.0,14313.0,7998.930178467618,18140.0,5920.391991526675,19331.571428571428,5670.080201770118,18487.066666666666,5752.635581482046,-1452.0,-0.06341165167263517,0.3263722156299159,19382.894800000002,246.629,498
2025-05-14,22082.0,344.48,0.9119,0.0071,C,2,5,14,20,2,0,21446.0,22991.0,21062.0,23358.0,20924.0,21481.0,17224.0,8685.150948601871,17932.571428571428,5748.856896727166,19398.35714285714,5690.510557155559,18899.0,5492.985583513724,1020.0,0.04842844934004368,0.320581848488705,20136.575800000002,156.78220000000002,499
2025-05-15,21510.0,336.15,0.8456,0.0135,C,3,5,15,20,2,0,22082.0,21446.0,20074.0,24124.0,19815.0,20232.0,22173.0,776.5094976882125,18078.285714285714,5853.374232420286,19307.214285714286,5632.131065162173,18852.5,5458.692421109273,1436.0,0.07153531931852147,0.3237792744803711,18188.856,290.385,500
2025-05-16,20555.0,330.5,0.9315,0.0075,C,4,5,16,20,2,0,21510.0,22082.0,20007.0,23904.0,20110.0,18508.0,21679.333333333332,350.18471316340066,18283.428571428572,5959.182574177502,19120.5,5501.98896553992,18833.466666666667,5448.0322023792105,548.0,0.027390413355325636,0.32593353871767183,19146.9825,154.1625,501
2025-05-17,13682.0,354.57,0.9276,0.0068,C,5,5,17,20,2,1,20555.0,21510.0,12713.0,15393.0,12973.0,12978.0,21382.333333333332,771.4637602203571,18361.714285714286,5989.123188867333,18881.285714285714,5348.682532658375,18802.6,5435.122855573034,969.0,0.07622119090694565,0.32617451157743854,12691.4232,93.0376,502
2025-05-18,9201.0,351.85,0.954,0.0041,C,6,5,18,20,2,1,13682.0,20555.0,7235.0,10502.0,8841.0,5287.0,18582.333333333332,4270.592035459877,18500.14285714286,5846.297900625401,18759.071428571428,5453.048469424243,18584.266666666666,5506.809358035474,1966.0,0.2717346233586731,0.3160136624765662,8777.753999999999,37.7241,503
2025-05-19,23467.0,340.93,0.9141,0.0067,C,0,5,19,21,2,0,9201.0,13682.0,22991.0,25870.0,22607.0,23594.0,14479.333333333334,5718.840296190595,18781.0,5229.621464950066,18666.14285714286,5613.316513943808,18274.033333333333,5767.256160388592,476.0,0.020703753642729764,0.2784527695516781,21451.1847,157.2289,504
2025-05-20,21749.0,343.35,0.9472,0.0058,C,1,5,20,21,2,0,23467.0,9201.0,21446.0,22898.0,20511.0,21974.0,15450.0,7295.481958034027,18849.0,5296.158544958141,18494.5,5409.119105732465,18623.666666666668,5753.043256628932,303.0,0.01412850881283223,0.2809782240414951,20600.6528,126.1442,505
2025-05-21,21467.0,341.07,0.8347,0.0105,C,2,5,21,21,2,0,21749.0,23467.0,22082.0,21062.0,23358.0,20924.0,18139.0,7788.052644917085,18892.285714285714,5322.096194617465,18412.428571428572,5345.508980792779,19172.4,5195.1418858192,-615.0,-0.027850738157775563,0.2817073738511732,17918.5049,225.4035,506
2025-05-22,20063.0,330.24,0.9172,0.0079,C,3,5,22,21,2,0,21467.0,21749.0,21510.0,20074.0,24124.0,19815.0,22227.666666666668,1082.5162046516134,18804.428571428572,5265.439071819883,18441.35714285714,5362.021168970103,19101.5,5147.008892015121,-1447.0,-0.06727103672710368,0.28001058643282495,18401.7836,158.4977,507
2025-05-23,19619.0,321.45,0.939,0.0056,C,4,5,23,21,2,0,20063.0,21467.0,20555.0,20007.0,23904.0,20110.0,21093.0,903.0813916807288,18597.714285714286,5169.040230522658,18440.571428571428,5361.764329516424,19037.8,5121.997222258867,-936.0,-0.045536365847725614,0.277939544134906,18422.240999999998,109.8664,508
2025-05-24,12838.0,351.95,0.9397,0.0041,C,5,5,24,21,2,1,19619.0,20063.0,13682.0,12713.0,15393.0,12973.0,20383.0,964.6636719603375,18464.0,5121.861022453964,18412.85714285714,5354.042036804354,18994.3,5110.955394525327,-844.0,-0.061686887881888613,0.2773971524292658,12063.8686,52.6358,509
2025-05-25,8208.0,346.15,0.9763,0.0034,C,6,5,25,21,2,1,12838.0,19619.0,9201.0,7235.0,10502.0,8841.0,17506.666666666668,4049.2740501642193,18343.428571428572,5261.231663693156,18421.785714285714,5343.900220432081,18761.733333333334,5229.68301889903,-993.0,-0.10792305184219107,0.2868183362344794,8013.470399999999,27.9072,510
2025-05-26,11190.0,345.64,0.8255,0.0293,C,0,5,26,22,2,0,8208.0,12838.0,23467.0,22991.0,25870.0,22607.0,13555.0,5739.189576935059,18201.571428571428,5554.058571805618,18491.285714285714,5191.369501076116,18365.0,5564.603322603596,-12277.0,-0.5231601823837729,0.30514170678072794,9237.345,327.867,511
2025-05-27,23198.0,339.63,0.8244,0.0143,C,1,5,27,22,2,0,11190.0,8208.0,21749.0,21446.0,22898.0,20511.0,10745.333333333334,2346.81088571989,16447.714285714286,5552.63738279044,17648.35714285714,5359.87994422296,18305.566666666666,5633.2770072338735,1449.0,0.06662375281622143,0.33759325376980803,19124.4312,331.7314,512
2025-05-28,22059.0,339.98,0.8756,0.0085,C,2,5,28,22,2,0,23198.0,11190.0,21467.0,22082.0,21062.0,23358.0,14198.666666666666,7934.99094727482,16654.714285714286,5804.502209902401,17773.5,5474.593511429375,18784.133333333335,5406.788789669143,592.0,0.02757721153398239,0.348520071273829,19314.8604,187.50150000000002,513
2025-05-29,19772.0,331.8,0.892,0.0108,C,3,5,29,22,2,0,22059.0,23198.0,20063.0,21510.0,20074.0,24124.0,18815.666666666668,6628.5310841342025,16739.285714285714,5889.9861265904965,17771.85714285714,5473.204403232209,18765.866666666665,5394.339362148338,-291.0,-0.014504311419030056,0.3518660370056196,17636.624,213.5376,514
2025-05-30,21055.0,318.77,0.8918,0.0101,C,4,5,30,22,2,0,19772.0,22059.0,19619.0,20555.0,20007.0,23904.0,21676.333333333332,1744.761970394054,16697.714285714286,5863.585385361802,17647.714285714286,5401.129959107154,18741.233333333334,5387.778722661851,1436.0,0.07319435241347673,0.3511609604183003,18776.849000000002,212.6555,515
2025-05-31,14386.0,340.25,0.8564,0.0127,C,5,5,31,22,2,1,21055.0,19772.0,12838.0,13682.0,12713.0,15393.0,20962.0,1146.332848696227,16902.85714285714,6006.208521981545,17683.428571428572,5423.439807046756,18664.466666666667,5335.886364227969,1548.0,0.12057952952173236,0.3553368801037088,12320.1704,182.7022,516
2025-06-01,10378.0,332.53,0.975,0.0034,C,6,6,1,22,2,1,14386.0,21055.0,8208.0,9201.0,7235.0,10502.0,18404.333333333332,3538.611921832251,17124.0,5858.2765099188155,17733.714285714286,5386.623709617277,18339.866666666665,5288.297534102573,2170.0,0.26437621832358676,0.3421091164400149,10118.55,35.285199999999996,517
2025-06-02,25194.0,350.51,0.9022,0.0074,C,0,6,2,23,2,0,10378.0,14386.0,11190.0,23467.0,22991.0,25870.0,15273.0,5393.483011932086,17434.0,5342.552167893783,17817.785714285714,5250.67513869292,17889.0,5373.465946282902,14004.0,1.2514745308310993,0.3064444285817244,22730.0268,186.43560000000002,518
2025-06-03,24008.0,340.14,0.8568,0.0093,C,1,6,3,23,2,0,25194.0,10378.0,23198.0,21749.0,21446.0,22898.0,16652.666666666668,7663.667355341914,19434.571428571428,5235.635009469311,17941.14285714286,5411.43049276455,18215.7,5512.621800358977,810.0,0.0349168031726873,0.26939801727617335,20570.0544,223.27439999999999,519
2025-06-04,22355.0,352.5,0.7354,0.0228,C,2,6,4,23,2,0,24008.0,25194.0,22059.0,21467.0,22082.0,21062.0,19860.0,8233.03662083438,19550.285714285714,5340.573774239523,18102.5,5565.201036523575,18665.9,5411.514367372207,296.0,0.01341855931819212,0.27317113684620364,16439.867000000002,509.694,520
2025-06-05,21401.0,350.32,0.6873,0.0218,C,3,6,5,23,2,0,22355.0,24008.0,19772.0,20063.0,21510.0,20074.0,23852.333333333332,1425.887209190591,19592.571428571428,5364.86451699519,18165.928571428572,5611.36610905848,18548.733333333334,5286.771734689572,1629.0,0.0823892373052802,0.27382135808736785,14708.9073,466.5418,521
2025-06-06,20051.0,335.61,0.9082,0.0114,C,4,6,6,23,2,0,21401.0,22355.0,21055.0,19619.0,20555.0,20007.0,22588.0,1319.0257768519905,19825.285714285714,5409.093507365934,18261.5,5657.3676775035165,18498.833333333332,5251.250459181833,-1004.0,-0.047684635478508666,0.2728381111535884,18210.3182,228.5814,522
2025-06-07,13326.0,322.14,0.9313,0.01,C,5,6,7,23,2,1,20051.0,21401.0,14386.0,12838.0,13682.0,12713.0,21269.0,1157.6579805797553,19681.85714285714,5384.305941919553,18292.35714285714,5666.512230873357,18465.133333333335,5237.460023604049,-1060.0,-0.07368274711525094,0.2735669659036014,12410.5038,133.26,523
2025-06-08,8808.0,351.74,0.7038,0.0219,C,6,6,8,23,2,1,13326.0,20051.0,10378.0,8208.0,9201.0,7235.0,18259.333333333332,4325.385339288666,19530.428571428572,5569.781649135572,18327.214285714286,5631.7736812396215,18240.2,5310.377046162894,-1570.0,-0.15128155714010408,0.2851848144942251,6199.0704,192.8952,524
2025-06-09,23365.0,351.91,0.8455,0.0119,C,0,6,9,24,2,0,8808.0,13326.0,25194.0,11190.0,23467.0,22991.0,14061.666666666666,5657.487634395087,19306.14285714286,6013.68166291307,18370.071428571428,5550.541213587757,17866.9,5569.211095930413,-1829.0,-0.0725966499960308,0.31149058138706026,19755.107500000002,278.0435,525
2025-06-10,21608.0,347.79,0.7701,0.0171,C,1,6,10,24,2,0,23365.0,8808.0,24008.0,23198.0,21749.0,21446.0,15166.333333333334,7450.95177365505,19044.85714285714,5749.141542542699,19239.714285714286,5286.547403603735,18221.966666666667,5568.852735703645,-2400.0,-0.09996667777407531,0.30187370267037894,16640.3208,369.4968,526
2025-06-11,20898.0,342.88,0.8983,0.0065,C,2,6,11,24,2,0,21608.0,23365.0,22355.0,22059.0,21467.0,22082.0,17927.0,7945.997923483243,18702.0,5468.54380373177,19126.14285714286,5211.516520127359,18701.066666666666,5196.873011614824,-1457.0,-0.06517557593379557,0.29240422434668856,18772.6734,135.837,527
2025-06-12,20302.0,340.0,0.8466,0.0117,C,3,6,12,24,2,0,20898.0,21608.0,21401.0,19772.0,20063.0,21510.0,21957.0,1269.9893700342534,18493.85714285714,5332.36299803914,19043.214285714286,5170.331817629846,18631.3,5151.143663772885,-1099.0,-0.051352740526143636,0.28833157717445934,17187.6732,237.5334,528
2025-06-13,20185.0,327.18,0.8947,0.0103,C,4,6,13,24,2,0,20302.0,20898.0,20051.0,21055.0,19619.0,20555.0,20936.0,653.8287237495765,18336.85714285714,5248.014368265738,19081.071428571428,5178.013079941369,18593.166666666668,5133.793475980791,134.0,0.00668295845593736,0.28620031924663963,18059.519500000002,207.9055,529
2025-06-14,13492.0,313.9,0.9043,0.0071,C,5,6,14,24,2,1,20185.0,20302.0,13326.0,14386.0,12838.0,13682.0,20461.666666666668,382.3772134075638,18356.0,5255.548020901324,19018.928571428572,5157.681746143848,18529.933333333334,5100.916921856119,166.0,0.012456851268197509,0.2863122696067402,12200.8156,95.7932,530
2025-06-15,7880.0,353.19,0.6779,0.0298,C,6,6,15,24,2,1,13492.0,20185.0,8808.0,10378.0,8208.0,9201.0,17993.0,3898.4192950476736,18379.714285714286,5229.378060989828,18955.071428571428,5224.555019171643,18262.666666666668,5149.215811292464,-928.0,-0.10535876475930972,0.28451900718905,5341.852,234.824,531
2025-06-16,23843.0,347.85,0.9187,0.0079,C,0,6,16,25,2,0,7880.0,13492.0,23365.0,25194.0,11190.0,23467.0,13852.333333333334,6160.408779726662,18247.14285714286,5516.363972417911,18776.64285714286,5571.169019806589,17840.166666666668,5464.960700135266,478.0,0.020457949925101648,0.30231384801476063,21904.5641,188.35970000000003,532
2025-06-17,21564.0,346.79,0.8869,0.0086,C,1,6,17,25,2,0,23843.0,7880.0,21608.0,24008.0,23198.0,21749.0,15071.666666666666,8097.891845000977,18315.428571428572,5592.705721358323,18680.14285714286,5462.094172316395,18178.866666666665,5513.025940088792,-44.0,-0.0020362828582006663,0.3053548924365738,19125.1116,185.4504,533
2025-06-18,20763.0,348.04,0.763,0.0184,C,2,6,18,25,2,0,21564.0,23843.0,20898.0,22355.0,22059.0,21467.0,17762.333333333332,8633.877711279754,18309.14285714286,5588.411474607399,18505.571428571428,5315.81141811549,18590.966666666667,5275.749467812738,-135.0,-0.006459948320413436,0.30522518275219085,15842.169,382.0392,534
2025-06-19,18553.0,344.3,0.8185,0.0118,C,3,6,19,25,2,0,20763.0,21564.0,20302.0,21401.0,19772.0,20063.0,22056.666666666668,1598.011368336684,18289.85714285714,5578.2118828100865,18391.85714285714,5243.669543908567,18500.833333333332,5212.289020510402,-1749.0,-0.0861491478672052,0.3049893631885792,15185.6305,218.9254,535
2025-06-20,22220.0,336.56,0.8896,0.0096,C,4,6,20,25,2,0,18553.0,20763.0,20185.0,20051.0,21055.0,19619.0,20293.333333333332,1559.4775834661045,18040.0,5511.838955073572,18188.428571428572,5172.713730785741,18394.3,5176.146890403558,2035.0,0.1008174386920981,0.3055343101482024,19766.912,213.31199999999998,536
2025-06-21,14024.0,321.03,0.9068,0.0103,C,5,6,21,25,2,1,22220.0,18553.0,13492.0,13326.0,14386.0,12838.0,20512.0,1846.3404344811242,18330.714285714286,5694.470760140495,18343.35714285714,5264.459437618421,18419.4,5193.357817509747,532.0,0.03943077379187667,0.3106518748469272,12716.9632,144.4472,537
2025-06-22,9225.0,353.8,0.8477,0.0116,C,6,6,22,25,2,1,14024.0,22220.0,7880.0,8808.0,10378.0,8208.0,18265.666666666668,4105.547994279605,18406.714285714286,5622.220549281372,18393.214285714286,5216.372924648983,18218.1,5244.2430396217,1345.0,0.17068527918781726,0.30544400603017224,7820.0325,107.00999999999999,538
2025-06-23,23707.0,356.78,0.8483,0.0133,C,0,6,23,26,2,0,9225.0,14024.0,23843.0,23365.0,25194.0,11190.0,15156.333333333334,6571.083649850555,18598.85714285714,5210.404892410661,18423.0,5158.298049670139,17871.633333333335,5486.260641496787,-136.0,-0.00570398020383341,0.28014650859403517,20110.648100000002,315.3031,539
2025-06-24,20992.0,345.38,0.8917,0.0084,C,1,6,24,26,2,0,23707.0,9225.0,21564.0,21608.0,24008.0,23198.0,15652.0,7376.982377639245,18579.428571428572,5187.795962871011,18447.428571428572,5184.247155704342,18233.933333333334,5501.250076954814,-572.0,-0.026525690966425524,0.27922257904362024,18718.5664,176.3328,540
2025-06-25,21367.0,346.81,0.7757,0.0143,C,2,6,25,26,2,0,20992.0,23707.0,20763.0,20898.0,22355.0,22059.0,17974.666666666668,7698.071598350673,18497.714285714286,5137.20831172876,18403.428571428572,5157.9063241155945,18660.066666666666,5183.823392142086,604.0,0.029090208544044694,0.2777212488191693,16574.3819,305.5481,541
2025-06-26,19878.0,334.09,0.8875,0.0078,C,3,6,26,26,2,0,21367.0,20992.0,18553.0,20302.0,21401.0,19772.0,22022.0,1471.249468988842,18584.0,5186.434549219063,18436.928571428572,5176.842867175762,18999.3,5008.13799213598,1325.0,0.07141702150595591,0.2790806365270697,17641.725,155.0484,542
2025-06-27,20167.0,326.45,0.7527,0.0203,C,4,6,27,26,2,0,19878.0,21367.0,22220.0,20185.0,20051.0,21055.0,20745.666666666668,774.461318164622,18773.285714285714,5209.243250040743,18406.64285714286,5166.322015740953,18888.633333333335,4948.4848150083035,-2053.0,-0.0923942394239424,0.2774817008232458,15179.7009,409.39009999999996,543
2025-06-28,13577.0,317.37,0.9621,0.0046,C,5,6,28,26,2,1,20167.0,19878.0,14024.0,13492.0,13326.0,14386.0,20470.666666666668,789.5823790671143,18480.0,5037.81989885835,18405.35714285714,5165.847619884672,18825.566666666666,4918.652855121547,-447.0,-0.031873930405019964,0.27260930188627436,13062.4317,62.4542,544
2025-06-29,8522.0,344.03,0.8921,0.0063,C,6,6,29,26,2,1,13577.0,20167.0,9225.0,7880.0,8808.0,10378.0,17874.0,3724.1155997095407,18416.14285714286,5106.086316954533,18411.428571428572,5159.675000413311,18619.066666666666,5006.80116705634,-703.0,-0.0762059620596206,0.2772614415821657,7602.4762,53.6886,545
2025-06-30,24009.0,345.87,0.6377,0.0554,C,0,6,30,27,2,0,8522.0,13577.0,23707.0,23843.0,23365.0,25194.0,14088.666666666666,5839.337148455575,18315.714285714286,5319.4463908156595,18457.285714285714,5060.781095513151,18201.3,5310.220445777988,302.0,0.012738853503184714,0.2904307365705453,15310.5393,1330.0986,546
2025-07-01,26074.0,343.63,0.8452,0.0127,C,1,7,1,27,3,0,24009.0,8522.0,20992.0,21564.0,21608.0,24008.0,15369.333333333334,7897.539891215067,18358.85714285714,5371.430145643118,18469.14285714286,5074.545934323624,18522.066666666666,5362.195001748963,5082.0,0.2420922256097561,0.2925797670217709,22037.7448,331.1398,547
2025-07-02,22759.0,338.52,0.9391,0.0047,C,2,7,2,27,3,0,26074.0,24009.0,21367.0,20763.0,20898.0,22355.0,19535.0,9593.262375229813,19084.85714285714,6082.954694021943,18791.285714285714,5417.678049732138,19045.266666666666,5305.607475591972,1392.0,0.06514718959142603,0.3187320003754181,21372.9769,106.96730000000001,548
2025-07-03,22808.0,343.36,0.8811,0.0097,C,3,7,3,27,3,0,22759.0,26074.0,19878.0,18553.0,20302.0,21401.0,24280.666666666668,1674.1141936359375,19283.714285714286,6191.773674650504,18933.85714285714,5499.206849903169,18964.1,5226.332209969575,2930.0,0.147399134721803,0.3210882293167701,20096.1288,221.23760000000001,549
2025-07-04,9765.0,342.43,0.9148,0.0059,C,4,7,4,27,3,0,22808.0,22759.0,20167.0,22220.0,20185.0,20051.0,23880.333333333332,1899.929033762394,19702.285714285714,6335.9998872654905,19237.785714285714,5593.315394682795,18924.1,5190.869114326512,-10402.0,-0.5157931273863242,0.32158704726687576,8933.021999999999,57.6135,550
2025-07-05,13267.0,325.14,0.9484,0.0043,C,5,7,5,27,3,1,9765.0,22808.0,13577.0,14024.0,13492.0,13326.0,18444.0,7516.2744095728685,18216.285714285714,7347.853240103199,18348.14285714286,6054.031509373198,18504.433333333334,5408.304525470975,-310.0,-0.022832731825882007,0.4033672591301535,12582.4228,57.0481,551
2025-07-06,9315.0,321.13,0.9052,0.0083,C,6,7,6,27,3,1,13267.0,9765.0,8522.0,9225.0,7880.0,8808.0,15280.0,6750.4880564296955,18172.0,7381.332445207065,18294.071428571428,6098.838079305141,18233.3,5461.71057043234,793.0,0.09305327387937104,0.4061926285057817,8431.938,77.3145,552
2025-07-07,25727.0,348.41,0.9242,0.006,C,0,7,7,28,3,0,9315.0,13267.0,24009.0,23707.0,23843.0,23365.0,10782.333333333334,2163.5159655831762,18285.285714285714,7212.703208328233,18300.5,6088.58216096073,17875.433333333334,5685.638815188805,1718.0,0.0715564996459661,0.3944539517199437,23776.8934,154.362,553
2025-07-08,23280.0,345.19,0.9182,0.0057,C,1,7,8,28,3,0,25727.0,9315.0,26074.0,20992.0,21564.0,21608.0,16103.0,8565.664480937832,18530.714285714286,7464.751451863287,18444.785714285714,6248.396891985993,18288.8,5793.253415053966,-2794.0,-0.1071565544220296,0.40283128522563316,21375.696,132.696,554
2025-07-09,23056.0,333.42,0.988,0.0017,C,2,7,9,28,3,0,23280.0,25727.0,22759.0,21367.0,20763.0,20898.0,19440.666666666668,8854.027125174922,18131.571428571428,7057.790444068227,18608.214285714286,6349.252532367901,18771.2,5574.996473788891,297.0,0.01304978250362494,0.3892542062265314,22779.328,39.1952,555
2025-07-10,21044.0,339.58,0.9261,0.0062,C,3,7,10,28,3,0,23056.0,23280.0,22808.0,19878.0,18553.0,20302.0,24021.0,1481.678440148184,18174.0,7091.059347281371,18728.85714285714,6421.342021932591,18760.9,5566.495569089192,-1764.0,-0.07734128376008419,0.39017603979758836,19488.8484,130.4728,556
2025-07-11,20520.0,341.94,0.9111,0.0087,C,4,7,11,28,3,0,21044.0,23056.0,9765.0,20167.0,22220.0,20185.0,22460.0,1231.3959558159822,17922.0,6928.409533700105,18812.14285714286,6444.911407843014,18742.1,5557.493477124001,10755.0,1.1013824884792627,0.38658685044638463,18695.772,178.524,557
2025-07-12,13602.0,327.67,0.9225,0.0049,C,5,7,12,28,3,1,20520.0,21044.0,13267.0,13577.0,14024.0,13492.0,21540.0,1338.7815355762702,19458.428571428572,5940.059170781105,18837.35714285714,6451.3070662182345,18729.5,5552.863627491422,335.0,0.02525062184367227,0.30526921272065527,12547.845,66.6498,558
2025-07-13,9376.0,313.04,0.9605,0.0031,C,6,7,13,28,3,1,13602.0,20520.0,9315.0,8522.0,9225.0,7880.0,18388.666666666668,4153.646269644695,19506.285714285714,5882.937948403133,18839.14285714286,6449.742271024271,18506.166666666668,5621.745667546217,61.0,0.006548577563070317,0.30159190911956535,9005.648000000001,29.0656,559
2025-07-14,22902.0,344.62,0.9858,0.0022,C,0,7,14,29,3,0,9376.0,13602.0,25727.0,24009.0,23707.0,23843.0,14499.333333333334,5625.930086068729,19515.0,5865.344633239075,18900.14285714286,6347.893785853972,18145.866666666665,5852.095661964315,-2825.0,-0.10980681774011739,0.30055570757053934,22576.7916,50.38440000000001,560
2025-07-15,22156.0,346.46,0.9165,0.007,C,1,7,15,29,3,0,22902.0,9376.0,23280.0,26074.0,20992.0,21564.0,15293.333333333334,6919.799515400233,19111.428571428572,5449.103010500663,18821.071428571428,6285.953381753828,18459.533333333333,5846.231947298118,-1124.0,-0.04828178694158076,0.2851227468493395,20305.974,155.092,561
2025-07-16,22010.0,346.65,0.9178,0.0065,C,2,7,16,29,3,0,22156.0,22902.0,23056.0,22759.0,21367.0,20763.0,18144.666666666668,7603.043162664098,18950.85714285714,5320.844025420866,18541.214285714286,6019.788038417341,18935.4,5527.730341743746,-1046.0,-0.045367800138792505,0.28077062611526105,20200.778,143.065,562
2025-07-17,21150.0,355.09,0.8809,0.0095,C,3,7,17,29,3,0,22010.0,22156.0,21044.0,22808.0,19878.0,18553.0,22356.0,478.45166945047833,18801.428571428572,5199.649695160314,18487.714285714286,5982.63326931919,18874.3,5481.551851437688,106.0,0.00503706519673066,0.27655609654374436,18631.035,200.92499999999998,563
2025-07-18,20444.0,340.04,0.9495,0.0048,C,4,7,18,29,3,0,21150.0,22010.0,20520.0,9765.0,20167.0,22220.0,21772.0,543.5917585835439,18816.571428571428,5207.417749619038,18369.285714285714,5906.45834826423,18860.5,5475.064230453023,-76.0,-0.003703703703703704,0.2767463652656721,19411.578,98.13119999999999,564
2025-07-19,13430.0,327.33,0.9068,0.0094,C,5,7,19,29,3,1,20444.0,21150.0,13602.0,13267.0,13577.0,14024.0,21201.333333333332,784.2610109735677,18805.714285714286,5203.351923337016,19132.071428571428,5375.486889780101,18849.866666666665,5471.550544490975,-172.0,-0.012645199235406558,0.276689938190209,12178.324,126.242,565
2025-07-20,9382.0,321.13,0.7962,0.0199,C,6,7,20,29,3,1,13430.0,20444.0,9376.0,9315.0,8522.0,9225.0,18341.333333333332,4267.962667752997,18781.14285714286,5232.3459183738605,19143.714285714286,5361.965977405776,18679.1,5560.358716721488,6.0,0.0006399317406143345,0.2785957147641785,7469.9484,186.70180000000002,566
2025-07-21,23504.0,352.65,0.8341,0.0097,C,0,7,21,30,3,0,9382.0,13430.0,22902.0,25727.0,24009.0,23707.0,14418.666666666666,5596.879249486563,18782.0,5230.548600927675,19148.5,5352.540370989916,18251.166666666668,5768.5663376573875,602.0,0.02628591389398306,0.27848730704545177,19604.6864,227.9888,567
2025-07-22,21422.0,350.61,0.8488,0.01,C,1,7,22,30,3,0,23504.0,9382.0,22156.0,23280.0,26074.0,20992.0,15438.666666666666,7272.123302951709,18868.0,5313.864632575158,18989.714285714286,5172.313028610509,18567.166666666668,5788.6393200959465,-734.0,-0.03312872359631702,0.2816336989916874,18182.9936,214.22,568
2025-07-23,20427.0,349.18,0.8768,0.0093,C,2,7,23,30,3,0,21422.0,23504.0,22010.0,23056.0,22759.0,21367.0,18102.666666666668,7623.7262105438485,18763.14285714286,5244.965059577639,18857.0,5076.715822109949,18973.733333333334,5532.527986954673,-1583.0,-0.07192185370286233,0.27953552874970283,17910.3936,189.97109999999998,569
2025-07-24,19573.0,352.74,0.8061,0.0156,C,3,7,24,30,3,0,20427.0,21422.0,21150.0,21044.0,22808.0,19878.0,21784.333333333332,1570.1739818673789,18537.0,5114.13573669424,18669.214285714286,4956.651912462549,18864.4,5467.794957435005,-1577.0,-0.07456264775413711,0.2758879935639122,15777.795300000002,305.3388,570
2025-07-25,20122.0,338.68,0.901,0.0083,C,4,7,25,30,3,0,19573.0,20427.0,20444.0,20520.0,9765.0,20167.0,20474.0,925.3955910851992,18311.714285714286,5013.590819438871,18564.14285714286,4917.878198778611,18817.1,5454.877547536757,-322.0,-0.0157503423987478,0.27379145071907207,18129.922,167.0126,571
2025-07-26,13275.0,324.8,0.873,0.0127,C,5,7,26,30,3,1,20122.0,19573.0,13430.0,13602.0,13267.0,13577.0,20040.666666666668,432.77053196036616,18265.714285714286,4992.197869819304,18535.714285714286,4906.840318584648,18775.6,5439.523588418884,-155.0,-0.01154132539091586,0.2733097535486871,11589.075,168.5925,572
2025-07-27,9240.0,312.55,0.9652,0.0036,C,6,7,27,30,3,1,13275.0,20122.0,9382.0,9376.0,9315.0,8522.0,17656.666666666668,3804.55021432669,18243.571428571428,5017.501066505196,18512.35714285714,4932.84131895827,18555.5,5526.2760532967695,-142.0,-0.015135365593690045,0.27502844419197664,8918.448,33.263999999999996,573
2025-07-28,22844.0,344.41,0.9534,0.0031,C,0,7,28,31,3,0,9240.0,13275.0,23504.0,22902.0,25727.0,24009.0,14212.333333333334,5501.220440350783,18223.285714285714,5059.41155057533,18502.64285714286,4952.313128647644,18191.266666666666,5771.074464790839,-660.0,-0.028080326752893126,0.27763443046986436,21779.4696,70.8164,574
2025-07-29,20219.0,350.13,0.8438,0.0114,C,1,7,29,31,3,0,22844.0,9240.0,21422.0,22156.0,23280.0,26074.0,15119.666666666666,6987.08095940882,18129.0,4949.557219253707,18498.5,4948.372440276933,18500.166666666668,5763.58248316356,-1203.0,-0.056157221547941366,0.2730187665758568,17060.7922,230.4966,575
2025-07-30,19798.0,348.27,0.9481,0.0045,C,2,7,30,31,3,0,20219.0,22844.0,20427.0,22010.0,23056.0,22759.0,17434.333333333332,7216.853908271475,17957.14285714286,4835.738600206141,18360.14285714286,4864.612275752979,18890.066666666666,5452.546149519839,-629.0,-0.030792578450090567,0.26929331902500386,18770.4838,89.091,576
2025-07-31,20748.0,346.04,0.8884,0.008,C,3,7,31,31,3,0,19798.0,20219.0,19573.0,21150.0,21044.0,22808.0,20953.666666666668,1650.5545532739222,17867.285714285714,4787.8012947589095,18202.14285714286,4771.988488237176,18749.7,5369.798385414479,1175.0,0.060031676288765136,0.2679646685747485,18432.5232,165.984,577
2025-08-01,24079.0,348.75,0.6558,0.0323,C,4,8,1,31,3,0,20748.0,19798.0,20122.0,20444.0,20520.0,9765.0,20255.0,476.0220583123701,18035.14285714286,4877.329680216794,18173.428571428572,4754.061805272587,18572.166666666668,5204.804134135365,3957.0,0.19665043236258822,0.27043476832151164,15791.008200000002,777.7517,578
2025-08-02,15110.0,346.33,0.8151,0.0122,C,5,8,2,31,3,1,24079.0,20748.0,13275.0,13430.0,13602.0,13267.0,21541.666666666668,2248.148200927438,18600.428571428572,5364.489253636431,18433.071428571428,4981.433412247856,18616.166666666668,5246.82878333276,1835.0,0.13822975517890773,0.28840675541619637,12316.161,184.342,579
2025-08-03,10195.0,342.93,0.7676,0.0193,C,6,8,3,31,3,1,15110.0,24079.0,9240.0,9382.0,9376.0,9315.0,19979.0,4533.680734237904,18862.571428571428,5099.155807815716,18553.071428571428,4870.644444239158,18359.566666666666,5222.93875318677,955.0,0.10335497835497835,0.27033195485170947,7825.682,196.76350000000002,580
2025-08-04,25576.0,340.48,0.7682,0.0254,C,0,8,4,32,3,0,10195.0,15110.0,22844.0,23504.0,22902.0,25727.0,16461.333333333332,7039.953148518339,18999.0,4802.967207883037,18611.14285714286,4756.395691910204,18373.9,5199.0748404453325,2732.0,0.11959376641568902,0.25280105310190204,19647.4832,649.6304,581
2025-08-05,23063.0,320.13,0.8837,0.0108,C,1,8,5,32,3,0,25576.0,10195.0,20219.0,21422.0,22156.0,23280.0,16960.333333333332,7855.672494021965,19389.285714285714,5257.020820270894,18759.14285714286,4948.701676774854,18784.2,5267.402784727181,2844.0,0.14065977545872693,0.2711301951880365,20380.773100000002,249.08040000000003,582
2025-08-06,21743.0,352.18,0.766,0.0199,C,2,8,6,32,3,0,23063.0,25576.0,19798.0,20427.0,22010.0,23056.0,19611.333333333332,8251.017654406836,19795.571428571428,5438.59482026813,18876.35714285714,5035.301971040108,19242.466666666667,5006.762879679172,1945.0,0.098242246691585,0.274737955400392,16655.138,432.6857,583
2025-08-07,21010.0,351.17,0.8727,0.0082,C,3,8,7,32,3,0,21743.0,23063.0,20748.0,19573.0,21150.0,21044.0,23460.666666666668,1947.1970453277947,20073.428571428572,5488.198273178,18970.35714285714,5078.57415797209,19109.666666666668,4880.0684727625,262.0,0.012627723154038943,0.2734061226087507,18335.427,172.282,584
2025-08-08,20436.0,349.81,0.8515,0.0108,C,4,8,8,32,3,0,21010.0,21743.0,24079.0,20122.0,20444.0,20520.0,21938.666666666668,1040.3923939232238,20110.85714285714,5494.455309023528,19073.0,5106.137845016293,19034.0,4830.523652630285,-3643.0,-0.15129365837451722,0.27320841026286224,17401.254,220.70880000000002,585
2025-08-09,13525.0,353.09,0.8602,0.0095,C,5,8,9,32,3,1,20436.0,21010.0,15110.0,13275.0,13430.0,13602.0,21063.0,655.1099144418167,19590.428571428572,5221.715454303692,19095.428571428572,5111.786481550943,18946.666666666668,4778.706760081698,-1585.0,-0.10489741892786235,0.26654421751238466,11634.205,128.48749999999998,586
2025-08-10,9443.0,348.95,0.806,0.0162,C,6,8,10,32,3,1,13525.0,20436.0,10195.0,9240.0,9382.0,9376.0,18323.666666666668,4165.665653089948,19364.0,5476.528218984458,19113.285714285714,5090.281198648914,18696.033333333333,4861.375784291099,-752.0,-0.07376164786660128,0.28282008980502266,7611.058000000001,152.9766,587
2025-08-11,23530.0,342.65,0.7924,0.0191,C,0,8,11,33,3,0,9443.0,13525.0,25576.0,22844.0,23504.0,22902.0,14468.0,5556.838039748862,19256.571428571428,5689.59667162041,19127.785714285714,5060.1932644540675,18326.8,5131.236440361767,-2046.0,-0.07999687206756334,0.29546260053223294,18645.172,449.423,588
2025-08-12,21717.0,332.36,0.6667,0.0586,C,1,8,12,33,3,0,23530.0,9443.0,23063.0,20219.0,21422.0,22156.0,15499.333333333334,7248.060867110134,18964.285714285714,5353.473318456752,19176.785714285714,5102.0950022601355,18657.733333333334,5136.153410624649,-1346.0,-0.05836187833326107,0.2822923783743674,14478.723899999999,1272.6162,589
2025-08-13,21155.0,345.17,0.9626,0.0037,C,2,8,13,33,3,0,21717.0,23530.0,21743.0,19798.0,20427.0,22010.0,18230.0,7663.567641771028,18772.0,5203.800213946195,19283.785714285714,5141.191468889303,19069.1,4853.558760829783,-588.0,-0.027043186312836316,0.2772107507961962,20363.803,78.2735,590
2025-08-14,20803.0,341.14,0.9196,0.0093,C,3,8,14,33,3,0,21155.0,21717.0,21010.0,20748.0,19573.0,21150.0,22134.0,1241.1982114070108,18688.0,5152.340503758119,19380.714285714286,5164.371589272778,19010.866666666665,4816.323069795426,-207.0,-0.009852451213707758,0.27570315195623496,19130.4388,193.4679,591
2025-08-15,20713.0,342.12,0.7751,0.0257,C,4,8,15,33,3,0,20803.0,21155.0,20436.0,24079.0,20122.0,20444.0,21225.0,461.0032537845723,18658.428571428572,5137.364689447379,19384.64285714286,5165.512493855353,18965.766666666666,4792.130500808755,277.0,0.0135545116461147,0.27533747924057034,16054.6463,532.3241,592
2025-08-16,13880.0,328.12,0.8646,0.0206,C,5,8,16,33,3,1,20713.0,20803.0,13525.0,15110.0,13275.0,13430.0,20890.333333333332,233.5836752285911,18698.0,5154.377395314892,19144.214285714286,5006.081012568169,18922.533333333333,4769.516426968922,355.0,0.02624768946395564,0.275664637678623,12000.648000000001,285.928,593
2025-08-17,9523.0,330.17,0.7671,0.0304,C,6,8,17,33,3,1,13880.0,20713.0,9443.0,10195.0,9240.0,9382.0,18465.333333333332,3971.2701158865148,18748.714285714286,5096.417523263608,19056.35714285714,5092.377525541219,18680.2,4836.656342899534,80.0,0.008471883935190088,0.27182757417914566,7305.0933,289.4992,594
2025-08-18,23655.0,315.45,0.6992,0.055,C,0,8,18,34,3,0,9523.0,13880.0,23530.0,25576.0,22844.0,23504.0,14705.333333333334,5640.470400005064,18760.14285714286,5072.103456771192,19008.35714285714,5184.659377686958,18316.166666666668,5102.980218381738,125.0,0.0053123671908202295,0.2703659292679643,16539.576,1301.025,595
2025-08-19,21096.0,300.49,0.8989,0.0192,C,1,8,19,34,3,0,23655.0,9523.0,21717.0,23063.0,20219.0,21422.0,15686.0,7237.028602955771,18778.0,5091.876831450901,18871.14285714286,5020.287884131785,18657.0,5106.842272872734,-621.0,-0.02859510982179859,0.27116182934555866,18963.1944,405.04319999999996,596
2025-08-20,21115.0,337.23,0.8222,0.0209,C,2,8,20,34,3,0,21096.0,23655.0,21155.0,21743.0,19798.0,20427.0,18091.333333333332,7529.898560627049,18689.285714285714,5037.254037478658,18730.64285714286,4920.481021000075,19047.466666666667,4812.571437774002,-40.0,-0.0018908059560387616,0.269526300495705,17360.753,441.3035,597
2025-08-21,19848.0,333.92,0.8957,0.0154,C,3,8,21,34,3,0,21115.0,21096.0,20803.0,21010.0,20748.0,19573.0,21955.333333333332,1471.9851674977251,18683.571428571428,5034.012377720919,18685.785714285714,4893.696324842827,18967.833333333332,4755.7160966519,-955.0,-0.04590684035956352,0.26943523067665587,17777.853600000002,305.6592,598
2025-08-22,19456.0,329.8,0.9019,0.0165,C,4,8,22,34,3,0,19848.0,21115.0,20713.0,20436.0,24079.0,20122.0,20686.333333333332,726.0801149551634,18547.14285714286,4979.64709019193,18602.785714285714,4860.988759478898,18915.366666666665,4736.3502934536855,-1257.0,-0.06068652537054024,0.2684859403169029,17547.3664,321.024,599
2025-08-23,13027.0,336.58,0.8373,0.021,C,5,8,23,34,3,1,19456.0,19848.0,13880.0,13525.0,15110.0,13275.0,20139.666666666668,867.1057221200327,18367.571428571428,4910.714030129847,18532.785714285714,4839.568101813208,18883.0,4728.976086594874,-853.0,-0.06145533141210375,0.2673578294891535,10907.5071,273.567,600
2025-08-24,8744.0,346.5,0.8833,0.0104,C,6,8,24,34,3,1,13027.0,19456.0,9523.0,9443.0,10195.0,9240.0,17443.666666666668,3829.964012015427,18245.714285714286,5049.259606261934,18497.214285714286,4880.861339158068,18664.8,4845.62201551476,-779.0,-0.08180195316601911,0.2767367463500903,7723.5752,90.93759999999999,601
2025-08-25,22728.0,339.23,0.8843,0.0122,C,0,8,25,35,3,0,8744.0,13027.0,23655.0,23530.0,25576.0,22844.0,13742.333333333334,5391.707738122804,18134.428571428572,5276.998416307716,18447.285714285714,4983.109848101058,18285.533333333333,5162.547731988287,-927.0,-0.039188332276474315,0.2909933663209996,20098.3704,277.2816,602
2025-08-26,20256.0,307.96,0.9848,0.0035,C,1,8,26,35,3,0,22728.0,8744.0,21096.0,21717.0,23063.0,20219.0,14833.0,7164.795251784938,18002.0,5124.804093816648,18390.0,4924.449020331731,18600.633333333335,5134.590266588666,-840.0,-0.03981797497155859,0.2846797074667619,19948.1088,70.896,603
2025-08-27,20720.0,350.22,0.8521,0.011,C,2,8,27,35,3,0,20256.0,22728.0,21115.0,21155.0,21743.0,19798.0,17242.666666666668,7463.12249218337,17882.0,5049.564040588047,18285.64285714286,4863.625880841495,18967.833333333332,4826.758054439017,-395.0,-0.018707080274686243,0.2823825098192622,17655.512,227.92,604
2025-08-28,20304.0,344.55,0.9164,0.0097,C,3,8,28,35,3,0,20720.0,20256.0,19848.0,20803.0,21010.0,20748.0,21234.666666666668,1313.90918001714,17825.571428571428,5009.461842591562,18254.571428571428,4845.239578331351,18897.033333333333,4783.323209849509,456.0,0.022974607013301087,0.2810267184232999,18606.5856,196.9488,605
2025-08-29,19866.0,345.76,0.95,0.0032,C,4,8,29,35,3,0,20304.0,20720.0,19456.0,20713.0,20436.0,24079.0,20426.666666666668,255.16530589661858,17890.714285714286,5042.997346627809,18218.928571428572,4826.851091140471,18899.866666666665,4784.158360985604,410.0,0.021073190789473683,0.281877920919828,18872.7,63.571200000000005,606
2025-08-30,12734.0,336.81,0.8424,0.0144,C,5,8,30,35,3,1,19866.0,20304.0,13027.0,13880.0,13525.0,15110.0,20296.666666666668,427.04722611593576,17949.285714285714,5066.533223493338,18158.428571428572,4798.409972452986,18902.133333333335,4784.61464403916,-293.0,-0.022491747908190682,0.28226935066618936,10727.1216,183.3696,607
2025-08-31,8334.0,334.78,0.7183,0.0213,C,6,8,31,35,3,1,12734.0,19866.0,8744.0,9523.0,9443.0,10195.0,17634.666666666668,4249.748384708596,17907.428571428572,5114.955159697314,18076.571428571428,4885.986739398955,18635.0,4900.321664318889,-410.0,-0.046889295516925895,0.2856331460039026,5986.3122,177.5142,608
2025-09-01,13562.0,356.8,0.9163,0.0062,C,0,9,1,36,3,0,8334.0,12734.0,22728.0,23655.0,23530.0,25576.0,13644.666666666666,5819.685673069753,17848.85714285714,5238.235944430501,17991.64285714286,5053.56231715872,18110.166666666668,5134.707405848758,-9166.0,-0.4032910946849701,0.29347738639539556,12426.8606,84.0844,609
2025-09-02,25094.0,327.36,0.9257,0.009,C,1,9,2,36,3,0,13562.0,8334.0,20256.0,21096.0,21717.0,23063.0,11543.333333333334,2810.0287068521816,16539.428571428572,4953.173758885744,17270.714285714286,4901.11593930908,18058.566666666666,5173.527867794905,4838.0,0.23884281200631913,0.29947671635054074,23229.515799999997,225.84599999999998,610
2025-09-03,24645.0,312.03,0.9486,0.007,C,2,9,3,36,3,0,25094.0,13562.0,20720.0,21115.0,21155.0,21743.0,15663.333333333334,8575.319313782627,17230.571428571428,5819.902944698842,17556.285714285714,5245.521612672189,18555.2,5107.326140305534,3925.0,0.18943050193050193,0.33776610188611517,23378.247,172.51500000000001,611
2025-09-04,22634.0,355.62,0.8136,0.0139,C,3,9,4,36,3,0,24645.0,25094.0,20304.0,19848.0,20803.0,21010.0,21100.333333333332,6532.2471120842765,17791.285714285714,6374.747804535366,17808.428571428572,5508.013877898358,18524.166666666668,5065.855165465275,2330.0,0.11475571315996848,0.3583073144295969,18415.022399999998,314.6126,612
2025-09-05,21052.0,349.56,0.9887,0.0023,C,4,9,5,36,3,0,22634.0,24645.0,19866.0,19456.0,20713.0,20436.0,24124.333333333332,1310.0459279480897,18124.14285714286,6585.173357084611,18007.428571428572,5636.206398937905,18509.866666666665,5053.190714331119,1186.0,0.059699989932548075,0.36333709180014245,20814.1124,48.4196,613
2025-09-06,13889.0,355.53,0.9675,0.0037,C,5,9,6,36,3,1,21052.0,22634.0,12734.0,13027.0,13880.0,13525.0,22777.0,1800.7634492070404,18293.571428571428,6652.372856285752,18121.428571428572,5683.700077540033,18486.833333333332,5039.501652177405,1155.0,0.09070205748390137,0.363645386701029,13437.6075,51.389300000000006,614
2025-09-07,8886.0,361.05,0.9186,0.0082,C,6,9,7,36,3,1,13889.0,21052.0,8334.0,8744.0,9523.0,9443.0,19191.666666666668,4659.869776435107,18458.571428571428,6504.1682495955965,18183.0,5628.669606440009,18249.466666666667,5084.066195975167,552.0,0.06623470122390208,0.35236574372857504,8162.6795999999995,72.8652,615
2025-09-08,24144.0,356.51,0.8776,0.0083,C,0,9,8,37,3,0,8886.0,13889.0,13562.0,22728.0,23655.0,23530.0,14609.0,6114.874405905655,18537.428571428572,6362.7676854531965,18193.14285714286,5610.450603830495,17864.466666666667,5343.481279887267,10582.0,0.7802683969915941,0.34323895900319334,21188.774400000002,200.3952,616
2025-09-09,21625.0,338.8,0.9123,0.0098,C,1,9,9,37,3,0,24144.0,8886.0,25094.0,20256.0,21096.0,21717.0,15639.666666666666,7778.1917135882795,20049.14285714286,6239.533487597993,18294.285714285714,5710.365614437435,18218.433333333334,5397.552987606784,-3469.0,-0.13824021678488882,0.31121198208107187,19728.4875,211.92499999999998,617
2025-09-10,21139.0,343.87,0.973,0.0034,C,2,9,10,37,3,0,21625.0,24144.0,24645.0,20720.0,21115.0,21155.0,18218.333333333332,8179.588885349518,19553.571428571428,5900.6253018117195,18392.071428571428,5758.064892148905,18624.5,5167.950075490142,-3506.0,-0.1422600933252181,0.30176713872279115,20568.247,71.87259999999999,618
2025-09-11,19440.0,355.14,0.972,0.004,C,3,9,11,37,3,0,21139.0,21625.0,22634.0,20304.0,19848.0,20803.0,22302.666666666668,1613.0500095574787,19052.714285714286,5533.823383348532,18422.0,5772.167117363218,18544.8,5107.775508797916,-3194.0,-0.14111513652027924,0.2904480327770301,18895.68,77.76,619
2025-09-12,19491.0,363.41,0.9809,0.0024,C,4,9,12,37,3,0,19440.0,21139.0,21052.0,19866.0,19456.0,20713.0,20734.666666666668,1147.2446702135449,18596.428571428572,5316.737936527819,18360.285714285714,5755.091062950883,18468.9,5075.829997356975,-1561.0,-0.07414972449173475,0.28590102212940066,19118.7219,46.7784,620
2025-09-13,13092.0,358.01,0.8966,0.0069,C,5,9,13,37,3,1,19491.0,19440.0,13889.0,12734.0,13027.0,13880.0,20023.333333333332,966.5321170728811,18373.428571428572,5228.583901884664,18333.5,5748.4127943151525,18413.433333333334,5054.512198458695,-797.0,-0.05738354093167255,0.2845731204471725,11738.287199999999,90.3348,621
2025-09-14,8766.0,356.37,0.9469,0.0047,C,6,9,14,37,3,1,13092.0,19491.0,8886.0,8334.0,8744.0,9523.0,17341.0,3679.8302950000357,18259.571428571428,5349.7847575749065,18359.071428571428,5722.324789323433,18156.4,5124.385087416621,-120.0,-0.01350438892640108,0.2929852312526843,8300.5254,41.2002,622
2025-09-15,23464.0,361.97,0.8933,0.0083,C,0,9,15,38,3,0,8766.0,13092.0,24144.0,13562.0,22728.0,23655.0,13783.0,5395.786967625765,18242.428571428572,5384.904544407524,18389.928571428572,5664.984519827931,17758.166666666668,5376.853547820747,-680.0,-0.028164347249834326,0.29518572723597786,20960.3912,194.7512,623
2025-09-16,21504.0,336.01,0.868,0.0111,C,1,9,16,38,3,0,23464.0,8766.0,21625.0,25094.0,20256.0,21096.0,15107.333333333334,7553.4083256059575,18145.285714285714,5265.50705739043,19097.214285714286,5633.897464709229,18077.633333333335,5423.005455581277,-121.0,-0.005595375722543353,0.29018595464963753,18665.472,238.6944,624
2025-09-17,20654.0,329.02,0.9792,0.0029,C,2,9,17,38,3,0,21504.0,23464.0,21139.0,24645.0,20720.0,21115.0,17911.333333333332,7980.491296488795,18128.0,5252.362103536516,18840.785714285714,5417.500192447138,18477.0,5208.196729426965,-485.0,-0.02294337480486305,0.28973753880938413,20224.3968,59.8966,625
2025-09-18,20155.0,361.43,0.963,0.004,C,3,9,18,38,3,0,20654.0,21504.0,19440.0,22634.0,20304.0,19848.0,21874.0,1441.0759868931566,18058.714285714286,5209.043377124228,18555.714285714286,5188.761011567675,18376.966666666667,5133.599688081571,715.0,0.0367798353909465,0.2884504009925528,19409.265,80.62,626
2025-09-19,19907.0,357.05,0.9496,0.0043,C,4,9,19,38,3,0,20155.0,20654.0,19491.0,21052.0,19866.0,19456.0,20771.0,682.0681784104029,18160.85714285714,5247.510979139572,18378.64285714286,5080.039909097364,18345.6,5119.26810232168,416.0,0.021343184033656558,0.2889462175634961,18903.6872,85.6001,627
2025-09-20,13015.0,350.02,0.9102,0.0063,C,5,9,20,38,3,1,19907.0,20155.0,13092.0,13889.0,12734.0,13027.0,20238.666666666668,380.4633140440992,18220.285714285714,5267.403557550447,18296.85714285714,5042.769871610439,18305.333333333332,5101.453554411333,-77.0,-0.0058814543232508405,0.28909555207581134,11846.253,81.9945,628
2025-09-21,8720.0,357.77,0.9273,0.004,C,6,9,21,38,3,1,13015.0,19907.0,8766.0,8886.0,8334.0,8744.0,17692.333333333332,4052.586992691633,18209.285714285714,5279.963374692584,18234.428571428572,5106.542646663963,18077.566666666666,5182.102819641198,-46.0,-0.005247547342003194,0.28995993898598116,8086.0560000000005,34.88,629
2025-09-22,22800.0,351.04,0.9736,0.0027,C,0,9,22,39,3,0,8720.0,13015.0,23464.0,24144.0,13562.0,22728.0,13880.666666666666,5643.516309299851,18202.714285714286,5293.686104353793,18222.571428571428,5130.057560245164,17719.7,5447.534773986579,-664.0,-0.028298670303443574,0.29081850218944233,22198.08,61.56,630
2025-09-23,20675.0,339.59,0.7991,0.0181,C,1,9,23,39,3,0,22800.0,8720.0,21504.0,21625.0,25094.0,20256.0,14845.0,7216.18146944768,18107.85714285714,5188.60287645178,18126.571428571428,5022.165403554461,18045.466666666667,5449.447031316697,-829.0,-0.03855096726190476,0.2865387569339471,16521.3925,374.21750000000003,631
2025-09-24,20364.0,331.78,0.9485,0.0039,C,2,9,24,39,3,0,20675.0,22800.0,20654.0,21139.0,24645.0,20720.0,17398.333333333332,7590.389208290535,17989.428571428572,5106.9863539124035,18058.714285714286,4977.479365619191,18443.166666666668,5175.705582972154,-290.0,-0.014040863755204802,0.2838881920920765,19315.254,79.4196,632
2025-09-25,20360.0,354.16,0.9749,0.0024,C,3,9,25,39,3,0,20364.0,20675.0,20155.0,19440.0,22634.0,20304.0,21279.666666666668,1325.797998691135,17948.0,5082.887827472347,18003.35714285714,4944.788952595883,18364.366666666665,5125.976579677498,205.0,0.010171173406102704,0.28320079270516757,19848.964,48.864,633
2025-09-26,19516.0,343.9,0.9464,0.0029,C,4,9,26,39,3,0,20360.0,20364.0,19907.0,19491.0,21052.0,19866.0,20466.333333333332,180.72170133500973,17977.285714285714,5098.290292319749,18069.071428571428,4971.391671187419,18367.833333333332,5127.334980840149,-391.0,-0.01964133219470538,0.2835962209950512,18469.9424,56.596399999999996,634
2025-09-27,13075.0,338.31,0.9829,0.0018,C,5,9,27,39,3,1,19516.0,20360.0,13015.0,13092.0,13889.0,12734.0,20080.0,488.4424224001094,17921.428571428572,5075.716496454549,18070.85714285714,4971.946173004363,18327.7,5112.980891471398,60.0,0.004610065309258548,0.2832205298938369,12851.4175,23.535,635
2025-09-28,8716.0,299.45,0.9701,0.0076,C,6,9,28,39,3,1,13075.0,19516.0,8720.0,8766.0,8886.0,8334.0,17650.333333333332,3984.7635228873264,17930.0,5066.091557272387,18069.64285714286,4973.257585977576,18086.733333333334,5186.447132428054,-4.0,-0.00045871559633027525,0.28254833002076896,8455.391599999999,66.2416,636
2025-09-29,22150.0,334.99,0.997,0.0012,C,0,9,29,40,3,0,8716.0,13075.0,22800.0,23464.0,24144.0,13562.0,13769.0,5433.34399794455,17929.428571428572,5067.303617544625,18066.071428571428,4980.465447267811,17715.066666666666,5447.487721708129,-650.0,-0.02850877192982456,0.282624936838178,22083.55,26.58,637
2025-09-30,21073.0,324.79,0.9966,0.0014,C,1,9,30,40,3,0,22150.0,8716.0,20675.0,21504.0,21625.0,25094.0,14647.0,6853.574031116908,17836.571428571428,4968.161895414391,17972.214285714286,4882.330625343272,18028.933333333334,5421.797614695016,398.0,0.019250302297460702,0.2785379418522197,21001.3518,29.5022,638
2025-10-01,23531.0,339.69,0.599,0.0807,C,2,10,1,40,4,0,21073.0,22150.0,20364.0,20654.0,21139.0,24645.0,17313.0,7464.669383167623,17893.428571428572,5008.175977244362,17941.428571428572,4859.653940105449,18453.566666666666,5127.162276800259,3167.0,0.1555195442938519,0.27988912003377564,14095.069,1898.9516999999998,639
2025-10-02,21802.0,327.71,0.852,0.0187,C,3,10,2,40,4,0,23531.0,21073.0,20360.0,20155.0,19440.0,22634.0,22251.333333333332,1232.129186949767,18345.85714285714,5396.551473813963,18146.928571428572,5040.643387875822,18785.866666666665,5122.250998531209,1442.0,0.07082514734774067,0.29415640990724057,18575.304,407.6974,640
2025-10-03,22658.0,361.77,0.3132,0.2209,C,4,10,3,40,4,0,21802.0,23531.0,19516.0,19907.0,19491.0,21052.0,22135.333333333332,1262.447754694622,18551.85714285714,5512.526747586534,18264.571428571428,5109.85889786048,18676.133333333335,5016.62572221424,3142.0,0.16099610575937692,0.29714150476352574,7096.485599999999,5005.1522,641
2025-10-04,14077.0,357.81,0.4658,0.1272,C,5,10,4,40,4,1,22658.0,21802.0,13075.0,13015.0,13092.0,13889.0,22663.666666666668,864.5139289412867,19000.714285714286,5727.830238239871,18461.071428571428,5229.374318571603,18609.9,4947.74683202294,1002.0,0.07663479923518164,0.30145341654583735,6557.0666,1790.5944000000002,642
2025-10-05,9365.0,348.33,0.747,0.0236,C,6,10,5,40,4,1,14077.0,22658.0,8716.0,8720.0,8766.0,8886.0,19512.333333333332,4726.554805916616,19143.85714285714,5565.274459496456,18536.928571428572,5151.4184225061945,18324.666666666668,4954.408773895277,649.0,0.07446076181734741,0.29070810641589767,6995.655,221.01399999999998,643
2025-10-06,24321.0,346.42,0.9025,0.0085,C,0,10,6,41,4,0,9365.0,14077.0,22150.0,22800.0,23464.0,24144.0,15366.666666666666,6739.6878513276415,19236.571428571428,5364.378648614771,18583.0,5058.921472165624,17935.1,5186.598236370073,2171.0,0.09801354401805869,0.27886355261038054,21949.7025,206.72850000000003,644
2025-10-07,21252.0,342.15,0.8251,0.0149,C,1,10,7,41,4,0,24321.0,9365.0,21073.0,20675.0,21504.0,21625.0,15921.0,7646.615983557698,19546.714285714286,5617.671187549899,18691.64285714286,5171.528811410866,18282.833333333332,5255.2255641299525,179.0,0.00849428178237555,0.28739721190152007,17535.0252,316.6548,645
2025-10-08,21053.0,337.08,0.8242,0.0171,C,2,10,8,41,4,0,21252.0,24321.0,23531.0,20364.0,20654.0,21139.0,18312.666666666668,7899.3825286115525,19572.285714285714,5626.177675659999,18732.85714285714,5190.814192207415,18695.033333333333,4969.988152926506,-2478.0,-0.10530789171730909,0.287456343004102,17351.8826,360.0063,646
2025-10-09,20462.0,319.97,0.9427,0.0064,C,3,10,9,41,4,0,21053.0,21252.0,21802.0,20360.0,20155.0,19440.0,22208.666666666668,1832.0383001819323,19218.285714285714,5409.361259714034,18782.071428571428,5210.696859704678,18592.0,4884.433323994878,-1340.0,-0.06146225116961747,0.28146949942018196,19289.5274,130.95680000000002,647
2025-10-10,19888.0,358.31,0.6042,0.152,C,4,10,10,41,4,0,20462.0,21053.0,22658.0,19516.0,19907.0,19491.0,20922.333333333332,410.8896851144882,19026.85714285714,5325.752949226076,18789.35714285714,5213.143605086348,18553.233333333334,4864.103926998641,-2770.0,-0.12225262600406038,0.279907128604548,12016.3296,3022.976,648
2025-10-11,13098.0,351.13,0.9098,0.0108,C,5,10,11,41,4,1,19888.0,20462.0,14077.0,13075.0,13015.0,13092.0,20467.666666666668,582.5206720224409,18631.14285714286,5109.50269688975,18815.928571428572,5218.077917044893,18511.533333333333,4846.502291794335,-979.0,-0.06954606805427292,0.27424526429042195,11916.5604,141.4584,649
2025-10-12,9376.0,345.18,0.9863,0.003,C,6,10,12,41,4,1,13098.0,19888.0,9365.0,8716.0,8720.0,8766.0,17816.0,4095.9750975805637,18491.285714285714,5265.93833722238,18817.571428571428,5216.134668422663,18300.133333333335,4941.982512516905,11.0,0.0011745862253069942,0.28477945874548366,9247.5488,28.128,650
2025-10-13,20317.0,347.85,0.9781,0.0047,C,0,10,13,42,4,0,9376.0,13098.0,24321.0,22150.0,22800.0,23464.0,14120.666666666666,5330.0958090200775,18492.85714285714,5262.761709361696,18864.714285714286,5119.909876438946,17962.966666666667,5196.4314511438215,-4004.0,-0.16463138851198553,0.28458348370437914,19872.057699999998,95.4899,651
2025-10-14,22475.0,349.01,0.9787,0.0035,C,1,10,14,42,4,0,20317.0,9376.0,21252.0,21073.0,20675.0,21504.0,14263.666666666666,5562.863860758539,17920.85714285714,4712.570509766799,18733.785714285714,5052.427005198301,18203.8,5129.896250883394,1223.0,0.05754752493882929,0.2629656869758111,21996.2825,78.66250000000001,652
2025-10-15,23708.0,333.58,0.942,0.0059,C,2,10,15,42,4,0,22475.0,20317.0,21053.0,23531.0,20364.0,20654.0,17389.333333333332,7023.1313766249195,18095.571428571428,4876.473345124955,18833.928571428572,5115.85471412587,18660.766666666666,4863.891429732968,2655.0,0.1261102930698713,0.2694843522556797,22332.935999999998,139.8772,653
2025-10-16,24166.0,321.61,0.987,0.0025,C,3,10,16,42,4,0,23708.0,22475.0,20462.0,21802.0,20360.0,20155.0,22166.666666666668,1716.3980696020112,18474.85714285714,5234.913575490714,18846.571428571428,5128.558482643055,18668.9,4872.3968636136005,3704.0,0.18101847326752027,0.2833533994342504,23851.842,60.415,654
2025-10-17,23064.0,355.63,0.9774,0.0038,C,4,10,17,42,4,0,24166.0,23708.0,19888.0,22658.0,19516.0,19907.0,23449.666666666668,874.5983840217932,19004.0,5640.72019633425,19015.428571428572,5270.309007351177,18757.633333333335,4949.438815164544,3176.0,0.15969428801287208,0.29681752243392184,22542.7536,87.6432,655
2025-10-18,15223.0,360.72,0.9735,0.0067,C,5,10,18,42,4,1,23064.0,24166.0,13098.0,14077.0,13075.0,13015.0,23646.0,553.6099710086542,19457.714285714286,5847.613379669946,19044.428571428572,5292.962464287042,18837.966666666667,5000.573680767193,2125.0,0.16223850969613682,0.30052930646449166,14819.5905,101.9941,656
2025-10-19,10510.0,346.37,0.9855,0.0029,C,6,10,19,42,4,1,15223.0,23064.0,9376.0,9365.0,8716.0,8720.0,20817.666666666668,4876.353384788011,19761.285714285714,5507.710404947014,19126.285714285714,5218.569158872379,18673.566666666666,5036.723631854154,1134.0,0.12094709897610921,0.27871214882366746,10357.605,30.479,657
2025-10-20,25689.0,345.53,0.9924,0.0025,C,0,10,20,43,4,0,10510.0,15223.0,20317.0,24321.0,22150.0,22800.0,16265.666666666666,6341.6160663772,19923.285714285714,5156.834678827854,19208.071428571428,5060.39728547207,18360.333333333332,5245.253922608857,5372.0,0.26440911551902346,0.2588345493198553,25493.7636,64.2225,658
2025-10-21,23169.0,342.95,0.9863,0.0028,C,1,10,21,43,4,0,25689.0,10510.0,22475.0,21252.0,21073.0,20675.0,17140.666666666668,7769.079374889501,20690.714285714286,5605.406429340768,19305.785714285714,5178.5488935470175,18782.8,5309.881474097652,694.0,0.030878754171301447,0.27091410919588066,22851.5847,64.8732,659
2025-10-22,22748.0,335.79,0.9218,0.0116,C,2,10,22,43,4,0,23169.0,25689.0,23708.0,21053.0,23531.0,20364.0,19789.333333333332,8134.317447292888,20789.85714285714,5648.1989291150785,19442.714285714286,5258.692253762347,19264.433333333334,5012.639484228896,-960.0,-0.04049266070524717,0.2716805070041404,20969.1064,263.8768,660
2025-10-23,22120.0,315.44,0.9933,0.0029,C,3,10,23,43,4,0,22748.0,23169.0,24166.0,20462.0,21802.0,20360.0,23868.666666666668,1590.4465829865344,20652.714285714286,5576.73762798898,19563.785714285714,5317.797782751958,19262.7,5011.383587256183,-2046.0,-0.08466440453529753,0.27002444089620087,21971.796,64.148,661
2025-10-24,19010.0,346.39,0.9893,0.0016,C,4,10,24,43,4,0,22120.0,22748.0,23064.0,19888.0,22658.0,19516.0,22679.0,527.892981578834,20360.428571428572,5413.128327105678,19682.214285714286,5357.652617138773,19310.866666666665,5032.326429391677,-4054.0,-0.17577176552202567,0.26586514660608984,18806.593,30.416,662
2025-10-25,12656.0,333.67,0.9975,0.0013,C,5,10,25,43,4,1,19010.0,22120.0,15223.0,13098.0,14077.0,13075.0,21292.666666666668,2001.6296693778054,19781.285714285714,5291.160292232219,19619.5,5360.196620245584,19265.733333333334,5028.6259515815555,-2567.0,-0.16862642054785523,0.26748313373842186,12624.36,16.4528,663
2025-10-26,8398.0,327.18,0.9978,0.0022,C,6,10,26,43,4,1,12656.0,19010.0,10510.0,9376.0,9365.0,8716.0,17928.666666666668,4823.772935507376,19414.571428571428,5730.454253580661,19587.928571428572,5402.6960287546035,19008.933333333334,5165.662683617611,-2112.0,-0.20095147478591818,0.29516254194246316,8379.5244,18.4756,664
2025-10-27,22300.0,298.24,0.9848,0.008,C,0,10,27,44,4,0,8398.0,12656.0,25689.0,20317.0,24321.0,22150.0,13354.666666666666,5340.387376710923,19112.85714285714,6304.2957425491695,19518.071428571428,5549.229419329456,18638.333333333332,5515.03436281121,-3389.0,-0.13192416987815797,0.32984580460306595,21961.04,178.4,665
2025-10-28,20353.0,327.28,0.9927,0.0026,C,1,10,28,44,4,0,22300.0,8398.0,23169.0,22475.0,21252.0,21073.0,14451.333333333334,7122.767533293038,18628.714285714286,5827.182472810371,19659.714285714286,5596.2987415251055,18945.833333333332,5450.9504206611255,-2816.0,-0.12154171522292719,0.3128064762515057,20204.4231,52.9178,666
2025-10-29,19755.0,327.47,0.991,0.0024,C,2,10,29,44,4,0,20353.0,22300.0,22748.0,23708.0,21053.0,23531.0,17017.0,7527.487827954298,18226.428571428572,5552.21372838926,19508.14285714286,5542.662868182545,19333.733333333334,5100.674701369944,-2993.0,-0.13157200633022684,0.3046243374904951,19577.204999999998,47.412,667
2025-10-30,20624.0,315.74,0.9973,0.0021,C,3,10,30,44,4,0,19755.0,20353.0,22120.0,24166.0,20462.0,21802.0,20802.666666666668,1330.7540468972952,17798.85714285714,5253.168327418264,19225.785714285714,5411.387084779519,19253.9,5073.747498576403,-1496.0,-0.06763110307414105,0.2951407657949776,20568.3152,43.310399999999994,668
2025-10-31,19896.0,325.83,0.9709,0.0033,C,4,10,31,44,4,0,20624.0,19755.0,19010.0,23064.0,19888.0,22658.0,20244.0,444.63580602576917,17585.14285714286,5075.498413245451,18972.785714285714,5242.823610621267,19238.933333333334,5068.856314814007,886.0,0.0466070489216202,0.28862423549683297,19317.0264,65.6568,669
2025-11-01,15984.0,353.28,0.9723,0.0025,C,5,11,1,44,4,1,19896.0,20624.0,12656.0,15223.0,13098.0,14077.0,20091.666666666668,466.37359845248153,17711.714285714286,5127.731880480411,18746.5,5119.577878482373,19117.766666666666,5005.773512747006,3328.0,0.2629582806573957,0.28951076094403116,15541.2432,39.96,670
2025-11-02,11046.0,353.08,0.8889,0.0102,C,6,11,2,44,4,1,15984.0,19896.0,8398.0,10510.0,9376.0,9365.0,18834.666666666668,2495.4401081439514,18187.14285714286,4718.833345526945,18800.85714285714,5083.200065027819,18923.833333333332,5010.892845511202,2648.0,0.31531316980233387,0.2594598493338199,9818.7894,112.6692,671
2025-11-03,28697.0,351.67,0.9176,0.0057,C,0,11,3,45,4,0,11046.0,15984.0,22300.0,25689.0,20317.0,24321.0,15642.0,4434.901126293586,18565.428571428572,3824.7272607399673,18839.14285714286,5017.545934895976,18536.766666666666,5158.802338175766,6397.0,0.2868609865470852,0.206013410680218,26332.3672,163.5729,672
2025-11-04,26086.0,356.85,0.9151,0.0233,C,1,11,4,45,4,0,28697.0,11046.0,20353.0,23169.0,22475.0,21252.0,18575.666666666668,9106.42643045742,19479.285714285714,5332.713559226825,19054.0,5384.4183172729545,19024.1,5407.529918293688,5733.0,0.2816783766520906,0.2737633010493768,23871.298600000002,607.8038,673
2025-11-05,25118.0,350.46,0.9635,0.0029,C,2,11,5,45,4,0,26086.0,28697.0,19755.0,22748.0,23708.0,21053.0,21943.0,9526.950561433612,20298.285714285714,5899.392248762709,19262.35714285714,5607.711100414694,19581.466666666667,5236.649710311519,5363.0,0.27147557580359405,0.2906349990241186,24201.193,72.84219999999999,674
2025-11-06,24607.0,342.28,0.9126,0.0081,C,3,11,6,45,4,0,25118.0,26086.0,20624.0,22120.0,24166.0,20462.0,26633.666666666668,1851.2872098444366,21064.428571428572,6159.581096609884,19431.64285714286,5754.871843886736,19608.033333333333,5263.476486409764,3983.0,0.1931245151280062,0.29241624455764414,22456.3482,199.3167,675
2025-11-07,24366.0,338.7,0.9921,0.0017,C,4,11,7,45,4,0,24607.0,25118.0,19896.0,19010.0,23064.0,19888.0,25270.333333333332,751.1753013335683,21633.428571428572,6294.602763668286,19609.285714285714,5881.23749966556,19719.866666666665,5334.769482356762,4470.0,0.22466827503015682,0.2909664893331616,24173.5086,41.4222,676
2025-11-08,16252.0,358.17,0.965,0.0039,C,5,11,8,45,4,1,24366.0,24607.0,15984.0,12656.0,15223.0,13098.0,24697.0,383.9934895284499,22272.0,6315.668584296207,19991.85714285714,6012.004297264725,19830.3,5397.2427261359635,268.0,0.016766766766766767,0.283569889740311,15683.18,63.382799999999996,677
2025-11-09,10751.0,358.32,0.945,0.005,C,6,11,9,45,4,1,16252.0,24366.0,11046.0,8398.0,10510.0,9376.0,21741.666666666668,4755.717646510727,22310.285714285714,6271.857957423352,20248.714285714286,5745.383543849263,19689.966666666667,5434.852486551469,-295.0,-0.026706500090530508,0.28111957138260035,10159.695,53.755,678
2025-11-10,27159.0,355.37,0.8615,0.0104,C,0,11,10,46,4,0,10751.0,16252.0,28697.0,22300.0,25689.0,20317.0,17123.0,6849.163233563654,22268.14285714286,6360.525854271526,20416.785714285714,5395.826680494279,19385.4,5674.121858839963,-1538.0,-0.053594452381782065,0.28563342237726336,23397.4785,282.4536,679
2025-11-11,22195.0,356.64,0.9075,0.007,C,1,11,11,46,4,0,27159.0,10751.0,26086.0,20353.0,23169.0,22475.0,18054.0,8351.108848530244,22048.428571428572,6123.589548000451,20763.85714285714,5675.309749013931,19854.1,5717.430019172767,-3891.0,-0.14916046921720463,0.27773360483094456,20141.962499999998,155.365,680
2025-11-12,23861.0,358.22,0.9528,0.0052,C,2,11,12,46,4,0,22195.0,27159.0,25118.0,19755.0,22748.0,23708.0,20035.0,8414.559762697047,21492.571428571428,5867.236057325496,20895.428571428572,5686.392945028908,20281.4,5376.169797965064,-1257.0,-0.05004379329564456,0.2729890221290976,22734.7608,124.07719999999999,681
2025-11-13,22966.0,330.43,0.8282,0.0145,C,3,11,13,46,4,0,23861.0,22195.0,24607.0,20624.0,22120.0,24166.0,24405.0,2526.316686403393,21313.0,5755.9643559238775,21188.714285714286,5728.777872468761,20399.533333333333,5415.770246319497,-1641.0,-0.06668834071605641,0.27006823797325,19020.4412,333.007,682
2025-11-14,22596.0,328.33,0.9809,0.0053,C,4,11,14,46,4,0,22966.0,23861.0,24366.0,19896.0,19010.0,23064.0,23007.333333333332,833.7687529126612,21078.571428571428,5631.51888502387,21356.0,5745.190001544417,20415.9,5422.995757849639,-1770.0,-0.072642206353115,0.2671679579475913,22164.4164,119.7588,683
2025-11-15,14704.0,353.71,0.9702,0.0035,C,5,11,15,46,4,1,22596.0,22966.0,16252.0,15984.0,12656.0,15223.0,23141.0,650.4037207767215,20825.714285714286,5497.452067830589,21548.85714285714,5737.722623227676,20378.833333333332,5403.483238541174,-1548.0,-0.09524981540733449,0.26397423840591383,14265.8208,51.464,684
2025-11-16,10343.0,352.46,0.9575,0.0052,C,6,11,16,46,4,1,14704.0,22596.0,10751.0,11046.0,8398.0,10510.0,20088.666666666668,4666.926326109455,20604.571428571428,5737.973941417002,21457.428571428572,5842.459949690374,20063.433333333334,5450.745249162206,-408.0,-0.03794995814342852,0.2784806255887668,9903.4225,53.7836,685
2025-11-17,24695.0,349.42,0.8397,0.0157,C,0,11,17,47,4,0,10343.0,14704.0,27159.0,28697.0,22300.0,25689.0,15881.0,6210.716464305877,20546.285714285714,5855.6136517101995,21407.214285714286,5941.016323033395,19639.4,5698.449230061297,-2464.0,-0.0907249898744431,0.28499621455370033,20736.3915,387.71149999999994,686
2025-11-18,22666.0,347.5,0.9284,0.0055,C,1,11,18,47,4,0,24695.0,10343.0,22195.0,26086.0,20353.0,23169.0,16580.666666666668,7357.7431548901895,20194.285714285714,5451.9993187296195,21121.35714285714,5652.557849969565,19955.133333333335,5707.711847433552,471.0,0.0212209957197567,0.26997732902594324,21043.1144,124.663,687
2025-11-19,22543.0,339.82,0.9174,0.0073,C,2,11,19,47,4,0,22666.0,24695.0,23861.0,25118.0,19755.0,22748.0,19234.666666666668,7766.950001984916,20261.571428571428,5483.621092463805,20877.071428571428,5493.150412654269,20360.333333333332,5439.237727611404,-1318.0,-0.05523657851724571,0.2706414510737895,20680.9482,164.5639,688
2025-11-20,21595.0,324.76,0.9375,0.0056,C,3,11,20,47,4,0,22543.0,22666.0,22966.0,24607.0,20624.0,22120.0,23301.333333333332,1208.51658380576,20073.285714285714,5360.6820372748825,20693.14285714286,5382.216770312877,20255.466666666667,5362.749357490463,-1371.0,-0.05969694330749804,0.2670555340852745,20245.3125,120.932,689
2025-11-21,21305.0,312.11,0.9931,0.002,C,4,11,21,47,4,0,21595.0,22543.0,22596.0,24366.0,19896.0,19010.0,22268.0,586.070814834007,19877.428571428572,5261.5075424299575,20478.0,5272.821489633257,20203.0,5340.9169753826955,-1291.0,-0.05713400601876438,0.2646975952409028,21157.9955,42.61,690
2025-11-22,14660.0,331.75,0.97,0.0029,C,5,11,22,47,4,1,21305.0,21595.0,14704.0,16252.0,15984.0,12656.0,21814.333333333332,647.4884812361715,19693.0,5172.201368856373,20259.35714285714,5161.48847951593,20154.9,5323.676460738452,-44.0,-0.0029923830250272033,0.2626416172678806,14220.199999999999,42.513999999999996,691
2025-11-23,9872.0,310.31,0.9892,0.0023,C,6,11,23,47,4,1,14660.0,21305.0,10343.0,10751.0,11046.0,8398.0,19186.666666666668,3922.889028934349,19686.714285714286,5179.29682210127,20145.64285714286,5272.901545524158,19906.233333333334,5402.367473894061,-471.0,-0.04553804505462632,0.26308589371155955,9765.3824,22.7056,692
2025-11-24,23045.0,286.79,0.9838,0.0047,C,0,11,24,48,4,0,9872.0,14660.0,24695.0,27159.0,28697.0,22300.0,15279.0,5741.580183189997,19619.428571428572,5322.008106505855,20082.85714285714,5397.1403661446475,19601.633333333335,5703.842700370926,-1650.0,-0.066815144766147,0.2712621362610021,22671.671,108.31150000000001,693
2025-11-25,21420.0,341.21,0.9606,0.0091,C,1,11,25,48,4,0,23045.0,9872.0,22666.0,22195.0,26086.0,20353.0,15859.0,6667.846953852502,19383.714285714286,5091.280248761441,19789.0,5085.21369341468,19947.933333333334,5581.675888077005,-1246.0,-0.05497220506485485,0.26265761936625803,20576.052,194.922,694
2025-11-26,19063.0,334.87,0.9805,0.0025,C,2,11,26,48,4,0,21420.0,23045.0,22543.0,23861.0,25118.0,19755.0,18112.333333333332,7182.442226244041,19205.714285714286,4977.919234455468,19733.64285714286,5061.168922555068,20382.0,5141.486669477399,-3480.0,-0.15437164530009315,0.25918948706626205,18691.2715,47.6575,695
2025-11-27,4646.0,323.83,0.9828,0.0029,C,3,11,27,48,4,0,19063.0,21420.0,21595.0,22966.0,24607.0,20624.0,21176.0,2002.1820596539606,18708.571428571428,4757.99176323872,19390.928571428572,4920.685872522634,20274.1,5133.807603221662,-16949.0,-0.784857605927298,0.25432149009370064,4566.0888,13.4734,696
2025-11-28,19109.0,317.82,0.9968,0.0017,C,4,11,28,48,4,0,4646.0,19063.0,21305.0,22596.0,24366.0,19896.0,15043.0,9080.862789404986,16287.285714285714,6882.550247165809,18082.35714285714,6173.327847181869,19750.533333333333,5873.174132903117,-2196.0,-0.10307439568176484,0.42257195998772634,19047.8512,32.485299999999995,697
2025-11-29,13970.0,341.04,0.962,0.0029,C,5,11,29,48,4,1,19109.0,4646.0,14660.0,14704.0,16252.0,15984.0,14272.666666666666,8336.969613314746,15973.57142857143,6662.240435397683,17833.285714285714,6046.246189910805,19729.0,5874.341318908399,-690.0,-0.0470668485675307,0.41707895226743974,13439.14,40.513,698
2025-11-30,10504.0,328.48,0.6958,0.0226,C,6,11,30,48,4,1,13970.0,19109.0,9872.0,10343.0,10751.0,11046.0,12575.0,7331.7195118198615,15875.0,6689.961385040547,17780.85714285714,6078.564315022756,19507.2,5964.313096848737,632.0,0.0640194489465154,0.4214148903962549,7308.6831999999995,237.39039999999997,699
2025-12-01,30208.0,354.82,0.8361,0.0184,C,0,12,1,49,4,0,10504.0,13970.0,23045.0,24695.0,27159.0,28697.0,14527.666666666666,4329.520797193777,15965.285714285714,6599.09174847283,17792.35714285714,6063.543982842713,19194.133333333335,6185.589519661575,7163.0,0.3108266435235409,0.4133400345330477,25256.908799999997,555.8272,700
2025-12-02,25221.0,360.11,0.7246,0.0533,C,1,12,2,49,4,0,30208.0,10504.0,21420.0,22666.0,22195.0,26086.0,18227.333333333332,10519.295096789208,16988.571428571428,8232.970623396783,18186.14285714286,6692.68327075451,19668.266666666666,6469.664607484173,3801.0,0.17745098039215687,0.4846181833482802,18275.1366,1344.2793,701
2025-12-03,25483.0,358.74,0.7146,0.0274,C,2,12,3,49,4,0,25221.0,30208.0,19063.0,22543.0,23861.0,25118.0,21977.666666666668,10244.574775623123,17531.571428571428,8686.792750245302,18368.64285714286,6857.05660791682,20140.766666666666,6334.448568566651,6420.0,0.3367780517232335,0.4954942450902219,18210.1518,698.2342,702
2025-12-04,23955.0,369.18,0.8786,0.0096,C,3,12,4,49,4,0,25483.0,25221.0,4646.0,21595.0,22966.0,24607.0,26970.666666666668,2806.67175375633,18448.714285714286,9199.221845973085,18578.64285714286,7037.380135414711,20033.633333333335,6210.719107030745,19309.0,4.156048213517004,0.49863755834174733,21046.863,229.968,703
2025-12-05,22547.0,353.43,0.9332,0.0083,C,4,12,5,49,4,0,23955.0,25483.0,19109.0,21305.0,22596.0,24366.0,24886.333333333332,817.1274890331376,21207.14285714286,7003.521243597629,18747.214285714286,7142.668787791284,19962.6,6151.009239309348,3438.0,0.17991522319325973,0.330243507613226,21040.8604,187.1401,704
2025-12-06,14974.0,357.67,0.7489,0.0286,C,5,12,6,49,4,1,22547.0,23955.0,13970.0,14660.0,14704.0,16252.0,23995.0,1468.4086624643207,21698.285714285714,6952.221748340212,18835.928571428572,7184.471753658774,19876.9,6094.353420203396,1004.0,0.07186828919112384,0.3204041941323968,11214.0286,428.2564,705
2025-12-07,9935.0,337.85,0.9159,0.008,C,6,12,7,49,4,1,14974.0,22547.0,10504.0,9872.0,10343.0,10751.0,20492.0,4830.306304987315,21841.714285714286,6774.2888855407755,18858.35714285714,7170.909808247617,19555.8,6090.3105373518765,-569.0,-0.05416984006092917,0.31015371764896416,9099.4665,79.48,706
2025-12-08,24128.0,357.12,0.9003,0.007,C,0,12,8,50,4,0,9935.0,14974.0,30208.0,23045.0,24695.0,27159.0,15818.666666666666,6348.285779116555,21760.428571428572,6934.524349397032,18862.85714285714,7164.853971963444,19074.766666666666,6264.691883241666,-6080.0,-0.20127118644067796,0.3186759087319658,21722.4384,168.89600000000002,707
2025-12-09,22349.0,354.64,0.8799,0.0119,C,1,12,9,50,4,0,24128.0,9935.0,25221.0,21420.0,22666.0,22195.0,16345.666666666666,7195.2355300805475,20891.85714285714,6020.642059574985,18940.214285714286,7219.121800186914,19337.3,6307.2044474061,-2872.0,-0.1138733595020023,0.2881812764851986,19664.8851,265.9531,708
2025-12-10,22420.0,354.28,0.8801,0.0097,C,2,12,10,50,4,0,22349.0,24128.0,25483.0,19063.0,22543.0,23861.0,18804.0,7732.1136178926,20481.571428571428,5769.058729034328,19006.571428571428,7247.881342574797,19723.9,6115.288959535819,-3063.0,-0.12019777891143114,0.28167070818533946,19731.842,217.47400000000002,709
2025-12-11,20904.0,355.37,0.8967,0.0087,C,3,12,11,50,4,0,22420.0,22349.0,23955.0,4646.0,21595.0,22966.0,22965.666666666668,1007.2359869134834,20044.0,5432.850203468983,19246.35714285714,7305.195944375083,19565.933333333334,5976.233538420927,-3051.0,-0.12736380713838447,0.2710462085147168,18744.6168,181.86479999999997,710
2025-12-12,20356.0,347.81,0.924,0.0082,C,4,12,12,50,4,0,20904.0,22420.0,22547.0,19109.0,21305.0,22596.0,21891.0,855.5039450524059,19608.14285714286,5183.45198455529,20407.64285714286,5977.2241384357285,19522.9,5961.27886852107,-2191.0,-0.09717479043775225,0.2643520104030179,18808.944,166.91920000000002,711
2025-12-13,14148.0,349.52,0.736,0.0379,C,5,12,13,50,4,1,20356.0,20904.0,14974.0,13970.0,14660.0,14704.0,21226.666666666668,1069.1629124383026,19295.14285714286,5040.596407455856,20496.714285714286,5965.66348658426,19406.066666666666,5907.429483188992,-826.0,-0.05516228128756511,0.26123654252136724,10412.928,536.2092,712
2025-12-14,9614.0,331.5,0.8839,0.0139,C,6,12,14,50,4,1,14148.0,20356.0,9935.0,10504.0,9872.0,10343.0,18469.333333333332,3752.4015421238587,19177.14285714286,5166.704443794281,20509.428571428572,5950.854763610204,19112.133333333335,5943.458314839086,-321.0,-0.0323100150981379,0.2694199277902262,8497.8146,133.6346,713
2025-12-15,23857.0,353.81,0.8706,0.0104,C,0,12,15,51,4,0,9614.0,14148.0,24128.0,30208.0,23045.0,24695.0,14706.0,5392.695429931133,19131.285714285714,5262.933045184502,20445.85714285714,6069.532523592315,18679.4,6150.064959567217,-271.0,-0.011231763925729443,0.2750956273291431,20769.9042,248.1128,714
2025-12-16,21434.0,346.53,0.9204,0.0135,C,1,12,16,51,4,0,23857.0,9614.0,22349.0,25221.0,21420.0,22666.0,15873.0,7276.5019755374315,19092.571428571428,5220.879806352636,19992.214285714286,5493.809819712063,18984.5,6173.041578313415,-915.0,-0.04094142914671797,0.27345084583733725,19727.8536,289.359,715
2025-12-17,21475.0,350.35,0.85,0.0229,C,2,12,17,51,4,0,21434.0,23857.0,22420.0,25483.0,19063.0,22543.0,18301.666666666668,7620.655899155499,18961.85714285714,5136.533734876431,19721.714285714286,5306.59578592196,19354.2,5966.316407622214,-945.0,-0.042149866190900984,0.2708876929183776,18253.75,491.77750000000003,716
2025-12-18,20586.0,354.32,0.819,0.0143,C,3,12,18,51,4,0,21475.0,21434.0,20904.0,23955.0,4646.0,21595.0,22255.333333333332,1387.2355003147736,18826.85714285714,5042.047085214857,19435.428571428572,5074.928036083708,19246.866666666665,5895.465959375976,-318.0,-0.015212399540757749,0.26781140617130544,16859.933999999997,294.3798,717
2025-12-19,20158.0,345.91,0.83,0.0213,C,4,12,19,51,4,0,20586.0,21475.0,20356.0,22547.0,19109.0,21305.0,21165.0,501.84758642463487,18781.428571428572,5021.604121431795,19194.785714285714,4921.696020659962,19177.533333333333,5866.026204329897,-198.0,-0.009726861858911378,0.2673707222181681,16731.14,429.36539999999997,718
2025-12-20,14353.0,346.72,0.7582,0.064,C,5,12,20,51,4,1,20158.0,20586.0,14148.0,14974.0,13970.0,14660.0,20739.666666666668,671.8127219199993,18753.14285714286,5011.804745750142,19024.14285714286,4837.2192243246245,19098.033333333333,5834.921566611304,205.0,0.01448968052021487,0.26725145667203204,10882.444599999999,918.592,719
2025-12-21,9782.0,335.5,0.6835,0.0387,C,6,12,21,51,4,1,14353.0,20158.0,9614.0,9935.0,10504.0,9872.0,18365.666666666668,3481.654252411276,18782.428571428572,4980.914134880008,18979.785714285714,4879.875001213907,18856.633333333335,5877.705572070958,168.0,0.01747451633035157,0.26519010126607734,6685.997,378.5634,720
2025-12-22,22364.0,340.25,0.9535,0.0076,C,0,12,22,52,4,0,9782.0,14353.0,23857.0,24128.0,30208.0,23045.0,14764.333333333334,5200.215412204909,18806.428571428572,4929.513730485741,18968.85714285714,4901.811138707849,18472.533333333333,6085.040298131558,-1493.0,-0.06258121306115605,0.26211854695127185,21324.074,169.9664,721
2025-12-23,19215.0,333.05,0.9916,0.0024,C,1,12,23,52,4,0,22364.0,9782.0,21434.0,22349.0,25221.0,21420.0,15499.666666666666,6368.894278705958,18593.14285714286,4701.599742944629,18842.85714285714,4780.15736556448,18729.333333333332,6081.1564878635545,-2219.0,-0.10352710646636186,0.25286740273382197,19053.594,46.11599999999999,722
2025-12-24,12669.0,312.89,0.9184,0.0087,C,2,12,24,52,4,0,19215.0,22364.0,21475.0,22420.0,25483.0,19063.0,17120.333333333332,6547.320240627726,18276.14285714286,4550.513796212876,18619.0,4675.571886041148,19040.766666666666,5846.623721745578,-8806.0,-0.410058207217695,0.24898655212877152,11635.2096,110.2203,723
2025-12-25,2950.0,298.5,0.921,0.0173,C,3,12,25,52,4,0,12669.0,19215.0,20586.0,20904.0,23955.0,4646.0,18082.666666666668,4945.694120478288,17018.14285714286,4732.379085568265,17922.5,4790.663752791219,18694.9,5908.159386347215,-17636.0,-0.8566987272903915,0.2780784675092787,2716.9500000000003,51.035,724
2025-12-26,17942.0,351.83,0.8604,0.0444,C,4,12,26,52,4,0,2950.0,12669.0,20158.0,20356.0,22547.0,19109.0,11611.333333333334,8183.920230142361,14498.714285714286,6771.544228467813,16640.071428571428,6143.274377026358,18079.233333333334,6542.667428626425,-2216.0,-0.10993154082746304,0.4670444630486909,15437.2968,796.6248,725
2025-12-27,12781.0,337.87,0.8604,0.0444,C,5,12,27,52,4,1,17942.0,2950.0,14353.0,14148.0,14974.0,13970.0,11187.0,7605.08113040223,14182.142857142857,6509.6088829916935,16467.64285714286,6064.323864996036,18041.866666666665,6540.055792935758,-1572.0,-0.10952414129450289,0.4590003745247228,10996.7724,567.4764,726
2025-12-28,8573.0,332.15,0.8604,0.0444,C,6,12,28,52,4,1,12781.0,17942.0,9782.0,9614.0,9935.0,10504.0,11224.333333333334,7616.260521629587,13957.57142857143,6529.816609398885,16370.0,6115.336496182241,18313.033333333333,6120.680311992216,-1209.0,-0.12359435698221223,0.467833293407492,7376.2092,380.6412,727
2025-12-29,22613.0,363.29,0.8604,0.0444,C,0,12,29,1,4,0,8573.0,12781.0,22364.0,23857.0,24128.0,30208.0,13098.666666666666,4692.57118575024,13784.857142857143,6673.085628817034,16295.642857142857,6209.407832625278,17961.833333333332,6370.604746280627,249.0,0.011133965301377214,0.48408812363172055,19456.2252,1004.0172,728
2025-12-30,20907.0,355.25,0.8758,0.0101,C,1,12,30,1,4,0,22613.0,8573.0,19215.0,21434.0,22349.0,25221.0,14655.666666666666,7205.288428184776,13820.42857142857,6726.8862003442255,16206.785714285714,6100.832442299249,18249.933333333334,6379.282496316967,1692.0,0.08805620608899298,0.4867349927375581,18310.3506,211.1607,729
2025-12-31,16437.0,348.89,0.6835,0.0779,C,2,12,31,1,4,0,20907.0,22613.0,12669.0,21475.0,22420.0,25483.0,17364.333333333332,7661.153002866701,14062.142857142857,6978.71885158905,16169.142857142857,6067.634450440786,18596.7,6224.576474444414,3768.0,0.2974188965190623,0.49627705553028245,11234.6895,1280.4423,730
2024-01-01,4380.0,333.91,0.9938,0.0032,D,0,1,1,1,1,0,,,,,,,,,,,,,,,,0.0,0.0,4352.844,14.016,0
2024-01-02,16184.0,348.04,0.5553,0.071,D,1,1,2,1,1,0,4380.0,,,,,,,,,,,,,,,0.0,0.0,8986.9752,1149.0639999999999,1
2024-01-03,15575.0,333.97,0.5945,0.0679,D,2,1,3,1,1,0,16184.0,4380.0,,,,,,,,,,,,,,0.0,0.0,9259.3375,1057.5425,2
2024-01-04,14393.0,338.91,0.7523,0.0263,D,3,1,4,1,1,0,15575.0,16184.0,,,,,12046.333333333334,6646.218498765545,,,,,,,,0.0,0.0,10827.8539,378.5359,3
2024-01-05,13909.0,339.59,0.9267,0.0114,D,4,1,5,1,1,0,14393.0,15575.0,,,,,15384.0,910.648669905135,,,,,,,,0.0,0.0,12889.470299999999,158.5626,4
2024-01-06,8137.0,320.21,0.9681,0.0065,D,5,1,6,1,1,1,13909.0,14393.0,,,,,14625.666666666666,857.023531376662,,,,,,,,0.0,0.0,7877.4297,52.890499999999996,5
2024-01-07,5721.0,324.11,0.9662,0.008,D,6,1,7,1,1,1,8137.0,13909.0,,,,,12146.333333333334,3480.607609790757,,,,,,,,0.0,0.0,5527.6302,45.768,6
2024-01-08,14534.0,342.29,0.8734,0.0127,D,0,1,8,2,1,0,5721.0,8137.0,4380.0,,,,9255.666666666666,4207.065168657758,11185.57142857143,4956.933926570028,,,,,10154.0,2.3182648401826484,0.4431542865935733,12693.9956,184.5818,7
2024-01-09,13183.0,329.77,0.9591,0.0046,D,1,1,9,2,1,0,14534.0,5721.0,16184.0,,,,9464.0,4553.8927304011,12636.142857142857,4033.0764282605005,,,,,-3001.0,-0.18543005437469104,0.319169898113388,12643.8153,60.641799999999996,8
2024-01-10,12583.0,328.58,0.979,0.004,D,2,1,10,2,1,0,13183.0,14534.0,15575.0,,,,11146.0,4746.500711050193,12207.42857142857,3742.0899622689844,,,,,-2992.0,-0.1921027287319422,0.3065420322038442,12318.757,50.332,9
2024-01-11,12066.0,329.57,0.9663,0.0079,D,3,1,11,2,1,0,12583.0,13183.0,14393.0,,,,13433.333333333334,999.2999216117864,11780.0,3453.0439228792525,,,,,-2327.0,-0.16167581463211284,0.29312766747701635,11659.3758,95.32140000000001,10
2024-01-12,12083.0,336.13,0.9807,0.0094,D,4,1,12,2,1,0,12066.0,12583.0,13909.0,,,,12610.666666666666,559.0137147989509,11447.57142857143,3266.5358744467544,,,,,-1826.0,-0.13128190380329283,0.2853474987973404,11849.7981,113.5802,11
2024-01-13,7921.0,330.58,0.9607,0.0062,D,5,1,13,2,1,1,12083.0,12066.0,8137.0,,,,12244.0,293.7056349476278,11186.714285714286,3106.1861241875445,,,,,-216.0,-0.026545409856212364,0.27766742269928374,7609.7047,49.1102,12
2024-01-14,5217.0,325.26,0.9465,0.0113,D,6,1,14,2,1,1,7921.0,12083.0,5721.0,,,,10690.0,2398.0394075160625,11155.857142857143,3142.393484197008,,,,,-504.0,-0.08809648662821185,0.2816810437743025,4937.8905,58.952099999999994,13
2024-01-15,11047.0,330.87,0.9933,0.0021,D,0,1,15,3,1,0,5217.0,7921.0,14534.0,4380.0,,,8407.0,3458.7043817013314,11083.857142857143,3289.9818858960016,11134.714285714286,4042.1553547690264,,,-3487.0,-0.23992018714737856,0.2968264425905372,10972.9851,23.1987,14
2024-01-16,12264.0,329.23,0.9823,0.0026,D,1,1,16,3,1,0,11047.0,5217.0,13183.0,16184.0,,,8061.666666666667,2917.544401261671,10585.714285714286,2924.173200198974,11610.92857142857,3547.630486878329,,,-919.0,-0.0697109914283547,0.27623768422932277,12046.9272,31.8864,15
2024-01-17,12978.0,328.73,0.9036,0.0133,D,2,1,17,3,1,0,12264.0,11047.0,12583.0,15575.0,,,9509.333333333334,3766.7447927001,10454.42857142857,2806.386517519333,11330.92857142857,3305.3544780060615,,,395.0,0.031391560041325595,0.2684399724332181,11726.9208,172.60739999999998,16
2024-01-18,12057.0,331.28,0.9243,0.0091,D,3,1,18,3,1,0,12978.0,12264.0,12066.0,14393.0,,,12096.333333333334,976.3576871891349,10510.857142857143,2859.782592469309,11145.42857142857,3116.3186544453306,,,-9.0,-0.0007458975634012929,0.27207891360341907,11144.285100000001,109.7187,17
2024-01-19,12780.0,343.43,0.8484,0.0302,D,4,1,19,3,1,0,12057.0,12978.0,12083.0,13909.0,,,12433.0,483.19871688569594,10509.57142857143,2858.968803440783,10978.57142857143,2988.9953216703157,,,697.0,0.05768434991310105,0.2720347659152267,10842.552,385.956,18
2024-01-20,8435.0,323.62,0.8941,0.014,D,5,1,20,3,1,1,12780.0,12057.0,7921.0,8137.0,,,12605.0,484.79789603502087,10609.142857142857,2934.0524551418325,10897.92857142857,2918.243635747779,,,514.0,0.06489079661658881,0.2765588600936231,7541.7335,118.09,19
2024-01-21,5399.0,325.5,0.9565,0.0087,D,6,1,21,3,1,1,8435.0,12780.0,5217.0,5721.0,,,11090.666666666666,2328.1121822913337,10682.57142857143,2861.090285022062,10919.214285714286,2897.5698618662504,,,182.0,0.0348859497795668,0.2678278637454122,5164.1435,46.9713,20
2024-01-22,13375.0,341.28,0.858,0.0129,D,0,1,22,4,1,0,5399.0,8435.0,11047.0,14534.0,4380.0,,8871.333333333334,3709.795187518216,10708.57142857143,2803.3893092197563,10896.214285714286,2942.9285826973683,,,2328.0,0.21073594641079027,0.2617892898150786,11475.75,172.5375,21
2024-01-23,12143.0,335.05,0.9292,0.0065,D,1,1,23,4,1,0,13375.0,5399.0,12264.0,13183.0,16184.0,,9069.666666666666,4025.698117511212,11041.142857142857,2982.5892235087417,10813.42857142857,2847.4782018287883,,,-121.0,-0.00986627527723418,0.27013410315393327,11283.2756,78.92949999999999,22
2024-01-24,11498.0,329.11,0.9062,0.0096,D,2,1,24,4,1,0,12143.0,13375.0,12978.0,12583.0,15575.0,,10305.666666666666,4293.715096898409,11023.857142857143,2974.6610131000048,10739.142857142857,2793.9681143806606,,,-1480.0,-0.11403914316535675,0.2698384943265908,10419.4876,110.3808,23
2024-01-25,12027.0,327.78,0.9142,0.0101,D,3,1,25,4,1,0,11498.0,12143.0,12057.0,12066.0,14393.0,,12338.666666666666,953.6751718133918,10812.42857142857,2863.1239265961967,10661.642857142857,2753.645405001072,,,-30.0,-0.002488181139586962,0.26479933788065824,10995.0834,121.47269999999999,24
2024-01-26,11647.0,323.89,0.9252,0.01,D,4,1,26,4,1,0,12027.0,11498.0,12780.0,12083.0,13909.0,,11889.333333333334,343.83183874287147,10808.142857142857,2860.97212083419,10658.857142857143,2752.1347199008114,,,-1133.0,-0.08865414710485132,0.2647052466505324,10775.8044,116.47,25
2024-01-27,7670.0,316.51,0.9205,0.0107,D,5,1,27,4,1,1,11647.0,12027.0,8435.0,7921.0,8137.0,,11724.0,272.77646526042304,10646.285714285714,2761.1303672159174,10627.714285714286,2737.20599906523,,,-765.0,-0.0906935388263189,0.25935151857806105,7060.235,82.069,26
2024-01-28,4981.0,309.49,0.9922,0.0018,D,6,1,28,4,1,1,7670.0,11647.0,5399.0,5217.0,5721.0,,10448.0,2413.3095532898324,10537.0,2875.990669896781,10609.785714285714,2757.0487057602136,,,-418.0,-0.07742174476754955,0.27294207743160115,4942.1482,8.9658,27
2024-01-29,12322.0,333.01,0.9638,0.0044,D,0,1,29,5,1,0,4981.0,7670.0,13375.0,11047.0,14534.0,4380.0,8099.333333333333,3353.6747506777256,10477.285714285714,3002.0289091593663,10592.92857142857,2793.0441199601482,,,-1053.0,-0.07872897196261683,0.28652734983318423,11875.9436,54.216800000000006,28
2024-01-30,11049.0,320.83,0.9602,0.0046,D,1,1,30,5,1,0,12322.0,4981.0,12143.0,12264.0,13183.0,16184.0,8324.333333333334,3713.984966761888,10326.857142857143,2855.4301152115677,10684.0,2829.536955866699,,,-1094.0,-0.0900930577287326,0.276505240240164,10609.249800000001,50.8254,29
2024-01-31,11194.0,316.56,0.9644,0.0046,D,2,1,31,5,1,0,11049.0,12322.0,11498.0,12978.0,12583.0,15575.0,9450.666666666666,3922.8270843019964,10170.57142857143,2768.0626713246497,10597.214285714286,2795.7799566371577,10918.6,3311.1451149736395,-304.0,-0.02643938076187163,0.2721639281297939,10795.4936,51.492399999999996,30
2024-02-01,12769.0,301.81,0.9974,0.0043,D,3,2,1,5,1,0,11194.0,11049.0,12027.0,12057.0,12066.0,14393.0,11521.666666666666,696.8904744171097,10127.142857142857,2746.0627225521416,10469.785714285714,2718.5076839090466,11145.733333333334,3072.243063899431,742.0,0.061694520661844186,0.2711586832820566,12735.800599999999,54.9067,31
2024-02-02,13560.0,331.1,0.7729,0.0177,D,4,2,2,5,1,0,12769.0,11194.0,11647.0,12780.0,12083.0,13909.0,11670.666666666666,953.9435692604172,10233.142857142857,2844.1888960106853,10520.642857142857,2756.8741944774747,11031.9,2939.5271065844636,1913.0,0.16424830428436507,0.2779389417030768,10480.524000000001,240.012,32
2024-02-03,9200.0,327.32,0.7821,0.0208,D,5,2,3,5,1,1,13560.0,12769.0,7670.0,8435.0,7921.0,8137.0,12507.666666666666,1204.4543716277944,10506.42857142857,3084.440892454842,10576.357142857143,2813.349484897997,10964.733333333334,2853.914189722398,1530.0,0.19947848761408082,0.2935765347363369,7195.32,191.35999999999999,33
2024-02-04,5813.0,318.92,0.8957,0.0111,D,6,2,4,5,1,1,9200.0,13560.0,4981.0,5399.0,5217.0,5721.0,11843.0,2322.8230668735773,10725.0,2898.553317317682,10631.0,2775.7369915310505,10791.633333333333,2795.700658379643,832.0,0.16703473198152982,0.2702613815680822,5206.7041,64.5243,34
2024-02-05,14721.0,310.51,0.9526,0.0067,D,0,2,5,6,1,0,5813.0,9200.0,12322.0,13375.0,11047.0,14534.0,9524.333333333334,3883.670471774518,10843.857142857143,2628.2119034666543,10660.57142857143,2717.300179173487,10521.766666666666,2874.059350565801,2399.0,0.1946924200616783,0.2423687317937289,14023.2246,98.6307,35
2024-02-06,13267.0,334.11,0.8981,0.0075,D,1,2,6,6,1,0,14721.0,5813.0,11049.0,12143.0,12264.0,13183.0,9911.333333333334,4496.399930314618,11186.57142857143,2985.245543063578,10756.714285714286,2841.6938726636386,10741.233333333334,2936.3816425278774,2218.0,0.200742148610734,0.26685974001283486,11915.0927,99.5025,36
2024-02-07,11911.0,331.06,0.8986,0.0055,D,2,2,7,6,1,0,13267.0,14721.0,11194.0,11498.0,12978.0,12583.0,11267.0,4778.924146709171,11503.42857142857,3084.2777035119516,10837.0,2899.1698811901315,10992.766666666666,2812.082682398169,717.0,0.06405217080578882,0.2681181253363427,10703.2246,65.5105,37
2024-02-08,11547.0,323.42,0.9776,0.003,D,3,2,8,6,1,0,11911.0,13267.0,12769.0,12027.0,12057.0,12066.0,13299.666666666666,1405.284787270291,11605.857142857143,3084.1946776304203,10866.5,2908.499342113889,10905.333333333334,2737.982787952919,-1222.0,-0.09570052470827786,0.2657446700977701,11288.3472,34.641,38
2024-02-09,11722.0,326.36,0.9754,0.0041,D,4,2,9,6,1,0,11547.0,11911.0,13560.0,11647.0,12780.0,12083.0,12241.666666666666,906.4244774570608,11431.285714285714,3041.67655053841,10832.214285714286,2896.571612164216,10850.8,2707.1724452416884,-1838.0,-0.1355457227138643,0.26608350334006764,11433.6388,48.0602,39
2024-02-10,7574.0,331.85,0.9622,0.0051,D,5,2,10,6,1,1,11722.0,11547.0,9200.0,7670.0,8435.0,7921.0,11726.666666666666,182.04486626462528,11168.714285714286,2903.4824328890368,10837.57142857143,2898.263318564458,10822.1,2692.700597336539,-1626.0,-0.17673913043478262,0.25996568258558034,7287.7028,38.6274,40
2024-02-11,4632.0,336.74,0.7542,0.0458,D,6,2,11,6,1,1,7574.0,11722.0,5813.0,4981.0,5399.0,5217.0,10281.0,2345.9631284399957,10936.42857142857,3142.443309334467,10830.714285714286,2906.4361584003773,10672.366666666667,2745.521261773541,-1181.0,-0.20316531911233443,0.2873372498901609,3493.4544,212.1456,41
2024-02-12,12711.0,324.0,0.8628,0.0151,D,0,2,12,7,1,0,4632.0,7574.0,14721.0,12322.0,13375.0,11047.0,7976.0,3562.053901894239,10767.714285714286,3477.2294389971703,10805.785714285714,2961.4448962670867,10424.0,2943.3987274858837,-2010.0,-0.13653963725290402,0.3229310647302809,10967.0508,191.9361,42
2024-02-13,11964.0,333.8,0.9382,0.0051,D,1,2,13,7,1,0,12711.0,4632.0,13267.0,11049.0,12143.0,12264.0,8305.666666666666,4088.8950015050896,10480.57142857143,3165.3720611824274,10833.57142857143,2978.5406006784783,10583.666666666666,2932.8392896390656,-1303.0,-0.09821361272329841,0.30202285082979374,11224.6248,61.016400000000004,43
2024-02-14,10633.0,327.14,0.9895,0.0021,D,2,2,14,7,1,0,11964.0,12711.0,11911.0,11194.0,11498.0,12978.0,9769.0,4464.423703010275,10294.42857142857,3008.6351754653847,10898.92857142857,2993.6318427438787,10808.566666666668,2760.7573384144425,-1278.0,-0.10729577701284528,0.2922585896429094,10521.353500000001,22.3293,44
2024-02-15,11984.0,328.26,0.9419,0.0052,D,3,2,15,7,1,0,10633.0,11964.0,11547.0,12769.0,12027.0,12057.0,11769.333333333334,1052.5883969212807,10111.857142857143,2931.9878028720523,10858.857142857143,2993.1329317711147,10794.766666666666,2760.5591098273144,437.0,0.037845327790768164,0.2899554217835408,11287.729599999999,62.3168,45
2024-02-16,12318.0,326.67,0.9404,0.0062,D,4,2,16,7,1,0,11984.0,10633.0,11722.0,13560.0,11647.0,12780.0,11527.0,774.2912888570933,10174.285714285714,2972.017200168136,10802.785714285714,2961.7856666485573,10785.433333333332,2755.8897891398083,596.0,0.050844565773758746,0.29211064871071263,11583.8472,76.3716,46
2024-02-17,8339.0,332.88,0.9041,0.0088,D,5,2,17,7,1,1,12318.0,11984.0,7574.0,9200.0,7670.0,8435.0,11645.0,892.1866396668237,10259.42857142857,3031.6844524204075,10714.07142857143,2890.5911949018246,10763.433333333332,2740.3738693247974,765.0,0.10100343279640876,0.29550227201379714,7539.2899,73.3832,47
2024-02-18,5459.0,321.44,0.7614,0.0246,D,6,2,18,7,1,1,8339.0,12318.0,4632.0,5813.0,4981.0,5399.0,10880.333333333334,2207.1860667676647,10368.714285714286,2930.8582198328713,10652.57142857143,2934.114037799688,10639.5,2763.827914574153,827.0,0.17854058721934368,0.2826636108462283,4156.482599999999,134.2914,48
2024-02-19,11086.0,304.94,0.9756,0.0054,D,0,2,19,8,1,0,5459.0,8339.0,12711.0,14721.0,12322.0,13375.0,8705.333333333334,3444.1429025714533,10486.857142857143,2665.748139426744,10627.285714285714,2980.1924157954695,10395.466666666667,2888.6989641960154,-1625.0,-0.12784202659114152,0.25419895618988675,10815.5016,59.8644,49
2024-02-20,12340.0,323.44,0.9834,0.0026,D,1,2,20,8,1,0,11086.0,5459.0,11964.0,13267.0,11049.0,12143.0,8294.666666666666,2813.761953920998,10254.714285714286,2505.7336726187086,10367.642857142857,2745.1808013076543,10483.833333333334,2867.1264971351925,376.0,0.03142761618187897,0.24434943800525138,12135.156,32.083999999999996,50
2024-02-21,12537.0,336.19,0.9626,0.003,D,2,2,21,8,1,0,12340.0,11086.0,10633.0,11911.0,11194.0,11498.0,9628.333333333334,3664.7829858442246,10308.42857142857,2552.0831267249678,10301.42857142857,2680.2808324239727,10715.2,2718.8735294171956,1904.0,0.17906517445687953,0.24757247033737684,12068.1162,37.611000000000004,51
2024-02-22,11473.0,339.57,0.9064,0.0063,D,3,2,22,8,1,0,12537.0,12340.0,11984.0,11547.0,12769.0,12027.0,11987.666666666666,787.0542124487423,10580.42857142857,2690.1693166752448,10346.142857142857,2714.2053336854597,10687.266666666666,2694.8030179861253,-511.0,-0.04264018691588785,0.2542590121481268,10399.127199999999,72.2799,52
2024-02-23,11267.0,330.76,0.8689,0.0082,D,4,2,23,8,1,0,11473.0,12537.0,12318.0,11722.0,13560.0,11647.0,12116.666666666666,566.0674282568377,10507.42857142857,2652.402486875051,10340.857142857143,2711.7578135888984,10664.933333333332,2685.081324567327,-1051.0,-0.08532229257996428,0.2524311698951131,9789.8963,92.38940000000001,53
2024-02-24,7504.0,328.87,0.8892,0.0074,D,5,2,24,8,1,1,11267.0,11473.0,8339.0,7574.0,9200.0,7670.0,11759.0,681.5951877764226,10357.285714285714,2561.0028448692856,10308.357142857143,2696.616016336112,10657.233333333334,2682.9403283985143,-835.0,-0.10013191030099532,0.24726582963110855,6672.5568,55.5296,54
2024-02-25,5274.0,316.14,0.7686,0.0219,D,6,2,25,8,1,1,7504.0,11267.0,5459.0,4632.0,5813.0,4981.0,10081.333333333334,2234.4114064633022,10238.0,2687.0235081467627,10303.357142857143,2702.135241366976,10506.466666666667,2729.984195146032,-185.0,-0.033888990657629604,0.2624559003855013,4053.5964,115.50059999999999,55
2024-02-26,12514.0,290.95,0.9768,0.0055,D,0,2,26,9,1,0,5274.0,7504.0,11086.0,12711.0,14721.0,12322.0,8015.0,3029.001980851115,10211.57142857143,2742.205247432734,10349.214285714286,2602.0798538734484,10294.033333333333,2881.903411759778,1428.0,0.12881111311564136,0.2685390066175506,12223.6752,68.827,56
2024-02-27,11057.0,331.08,0.9388,0.005,D,1,2,27,9,1,0,12514.0,5274.0,12340.0,11964.0,13267.0,11049.0,8430.666666666666,3707.8879882398437,10415.57142857143,2868.31476986882,10335.142857142857,2588.824320543471,10455.5,2865.467449980292,-1283.0,-0.10397082658022691,0.27538717290158604,10380.311599999999,55.285000000000004,57
2024-02-28,11474.0,322.97,0.9432,0.0031,D,2,2,28,9,1,0,11057.0,12514.0,12537.0,10633.0,11911.0,11194.0,9615.0,3829.3502059748967,10232.285714285714,2763.9412508400465,10270.357142857143,2556.068032293798,10658.033333333333,2673.4793742177662,-1063.0,-0.08478902448751695,0.2701196319196985,10822.2768,35.5694,58
2024-02-29,11010.0,328.83,0.9196,0.0108,D,3,2,29,9,1,0,11474.0,11057.0,11473.0,11984.0,11547.0,12769.0,11681.666666666666,750.3707972284878,10080.42857142857,2642.7558127292596,10330.42857142857,2575.058108807695,10629.766666666666,2659.7271921724623,-463.0,-0.04035561753682559,0.26216700946820315,10124.796,118.908,59
2024-03-01,13574.0,320.3,0.906,0.0131,D,4,3,1,9,1,0,11010.0,11474.0,11267.0,12318.0,11722.0,13560.0,11180.333333333334,255.40621240157057,10014.285714285714,2607.6545473078368,10260.857142857143,2539.8632869671387,10628.466666666667,2659.5247401891497,2307.0,0.204757255702494,0.26039346406782965,12298.044,177.8194,60
2024-03-02,9042.0,320.05,0.7699,0.0221,D,5,3,2,9,1,1,13574.0,11010.0,7504.0,8339.0,7574.0,9200.0,12019.333333333334,1366.2230174218685,10343.857142857143,2919.5069463051136,10350.57142857143,2638.387756953848,10707.8,2711.956977585718,1538.0,0.20495735607675905,0.2822454821237697,6961.4358,199.8282,61
2024-03-03,6090.0,320.85,0.9328,0.0083,D,6,3,3,9,1,1,9042.0,13574.0,5274.0,5459.0,4632.0,5813.0,11208.666666666666,2272.522240448554,10563.57142857143,2721.3124197185234,10400.785714285714,2603.618906846375,10583.566666666668,2699.616418261515,816.0,0.1547212741751991,0.2576129141663353,5680.7519999999995,50.547,62
2024-03-04,14161.0,321.28,0.908,0.0136,D,0,3,4,10,1,0,6090.0,9042.0,12514.0,11086.0,12711.0,14721.0,9568.666666666666,3769.6945941724925,10680.142857142857,2462.0926349057504,10445.857142857143,2515.4598251349853,10334.566666666668,2759.453290222458,1647.0,0.1316125938948378,0.23052993464962016,12858.188,192.5896,63
2024-03-05,12623.0,320.83,0.7315,0.0296,D,1,3,5,10,1,0,14161.0,6090.0,11057.0,12340.0,11964.0,13267.0,9764.333333333334,4083.6973851319244,10915.42857142857,2730.6049303614545,10665.5,2702.9200378052674,10499.933333333332,2836.6861303815153,1566.0,0.14162973681830515,0.25016012083198336,9233.7245,373.6408,64
2024-03-06,11873.0,304.22,0.9862,0.0029,D,2,3,6,10,1,0,12623.0,14161.0,11474.0,12537.0,10633.0,11911.0,10958.0,4285.373846002235,11139.142857142857,2807.212165629299,10685.714285714286,2717.425717010959,10726.933333333332,2718.715821769578,399.0,0.03477427226773575,0.252013301349233,11709.1526,34.4317,65
2024-03-07,11990.0,335.13,0.7612,0.026,D,3,3,7,10,1,0,11873.0,12623.0,11010.0,11473.0,11984.0,11547.0,12885.666666666666,1166.396730676717,11196.142857142857,2819.1699386268183,10638.285714285714,2688.266940401779,10632.0,2622.4599270466497,980.0,0.08900999091734786,0.2517983179205559,9126.788,311.74,66
2024-03-08,11490.0,325.31,0.9439,0.0064,D,4,3,8,10,1,0,11990.0,11873.0,13574.0,11267.0,12318.0,11722.0,12162.0,403.5009293669538,11336.142857142857,2832.686441558697,10675.214285714286,2704.119654230486,10589.433333333332,2588.357003614633,-2084.0,-0.15352880506851332,0.24988097603002885,10845.411,73.536,67
2024-03-09,7968.0,324.2,0.9645,0.0055,D,5,3,9,10,1,1,11490.0,11990.0,9042.0,7504.0,8339.0,7574.0,11784.333333333334,261.5269265932785,11038.42857142857,2662.7024403252954,10691.142857142857,2708.52690184572,10575.4,2582.0784277199164,-1074.0,-0.11877903118779032,0.24122115055555357,7685.136,43.824,68
2024-03-10,4945.0,316.39,0.9737,0.0047,D,6,3,10,10,1,1,7968.0,11490.0,6090.0,5274.0,5459.0,4632.0,10482.666666666666,2192.067821335215,10885.0,2823.028161389822,10724.285714285714,2669.079110236955,10456.1,2618.0691404426157,-1145.0,-0.18801313628899835,0.2593503134028316,4814.9465,23.241500000000002,69
2024-03-11,12599.0,313.99,0.9921,0.0029,D,0,3,11,11,1,0,4945.0,7968.0,14161.0,12514.0,11086.0,12711.0,8134.333333333333,3275.668837555668,10721.42857142857,3160.2007772261795,10700.785714285714,2721.687547165472,10230.2,2791.6939042761155,-1562.0,-0.11030294470729468,0.29475556882855775,12499.4679,36.537099999999995,70
2024-03-12,11500.0,314.93,0.9963,0.0033,D,1,3,12,11,1,0,12599.0,4945.0,12623.0,11057.0,12340.0,11964.0,8504.0,3855.0487675255117,10498.285714285714,2923.105866157075,10706.857142857143,2726.1347067891634,10397.7,2777.5405785545686,-1123.0,-0.0889645884496554,0.27843649389151326,11457.449999999999,37.95,71
2024-03-13,11602.0,316.67,0.9833,0.0045,D,2,3,13,11,1,0,11500.0,12599.0,11873.0,11474.0,12537.0,10633.0,9681.333333333334,4138.428485951317,10337.857142857143,2815.9115414948333,10738.5,2733.0736923274326,10626.633333333333,2560.4867059339267,-271.0,-0.022824896824728377,0.27238832018881826,11408.246599999999,52.208999999999996,72
2024-03-14,10380.0,325.25,0.9348,0.0076,D,3,3,14,11,1,0,11602.0,11500.0,11990.0,11010.0,11473.0,11984.0,11900.333333333334,607.2086406938952,10299.142857142857,2793.058325478329,10747.642857142857,2735.935998102712,10589.666666666666,2537.256410368102,-1610.0,-0.13427856547122602,0.2711932793068536,9703.224,78.888,73
2024-03-15,11310.0,331.46,0.9291,0.0079,D,4,3,15,11,1,0,10380.0,11602.0,11490.0,13574.0,11267.0,12318.0,11160.666666666666,677.9980334288015,10069.142857142857,2695.1898157378714,10702.642857142857,2736.469865387854,10536.866666666667,2524.117909882284,-180.0,-0.015665796344647518,0.26766824683850376,10508.121000000001,89.349,74
2024-03-16,7620.0,325.54,0.9647,0.0051,D,5,3,16,11,1,1,11310.0,10380.0,7968.0,9042.0,7504.0,8339.0,11097.333333333334,638.1546312088644,10043.42857142857,2680.1912778222163,10540.92857142857,2618.0665932732086,10559.433333333332,2528.0303179562047,-348.0,-0.043674698795180725,0.26686019209085565,7351.014,38.862,75
2024-03-17,5239.0,328.38,0.8946,0.0134,D,6,3,17,11,1,1,7620.0,11310.0,4945.0,6090.0,5274.0,5459.0,9770.0,1919.1404325895433,9993.714285714286,2727.906811353454,10439.357142857143,2706.774225677348,10413.966666666667,2568.4642061280365,294.0,0.059453993933265926,0.2729622574114326,4686.8094,70.2026,76
2024-03-18,13208.0,318.17,0.9511,0.0088,D,0,3,18,12,1,0,5239.0,7620.0,12599.0,14161.0,12514.0,11086.0,8056.333333333333,3058.9296058152927,10035.714285714286,2638.0010559945895,10378.57142857143,2819.1818975420106,10178.0,2708.8473945382307,609.0,0.04833716961663624,0.262861315188073,12562.128799999999,116.2304,77
2024-03-19,11759.0,313.0,0.9482,0.0072,D,1,3,19,12,1,0,13208.0,5239.0,11500.0,12623.0,11057.0,12340.0,8689.0,4090.6369919610283,10122.714285714286,2744.518094571171,10310.5,2730.951560001921,10340.3,2740.5418058579544,259.0,0.022521739130434783,0.2711247217996048,11149.8838,84.6648,78
2024-03-20,12046.0,304.07,0.9461,0.0075,D,2,3,20,12,1,0,11759.0,13208.0,11602.0,11873.0,11474.0,12537.0,10068.666666666666,4244.898153470035,10159.714285714286,2767.8273497628493,10248.785714285714,2684.0329637598443,10550.3,2590.893417336962,444.0,0.03826926392001379,0.2724316129297779,11396.7206,90.345,79
2024-03-21,11396.0,321.84,0.977,0.0047,D,3,3,21,12,1,0,12046.0,11759.0,10380.0,11990.0,11010.0,11473.0,12337.666666666666,767.2694007539529,10223.142857142857,2811.1365689919458,10261.142857142857,2692.4709514079864,10582.3,2603.6351001019248,1016.0,0.0978805394990366,0.27497772537021914,11133.892,53.5612,80
2024-03-22,11196.0,325.0,0.9226,0.0124,D,4,3,22,12,1,0,11396.0,12046.0,11310.0,11490.0,13574.0,11267.0,11733.666666666666,325.73967110765864,10368.285714285714,2846.590282793651,10218.714285714286,2667.6977809619766,10550.833333333334,2587.31287956861,-114.0,-0.010079575596816976,0.27454782412791146,10329.4296,138.8304,81
2024-03-23,7499.0,330.04,0.8704,0.0304,D,5,3,23,12,1,1,11196.0,11396.0,7620.0,7968.0,9042.0,7504.0,11546.0,444.4097208657694,10352.0,2840.6245205353466,10197.714285714286,2658.0602362964282,10506.133333333333,2563.2878231614604,-121.0,-0.015879265091863517,0.27440345059267257,6527.129599999999,227.96959999999999,82
2024-03-24,4838.0,323.54,0.9623,0.0064,D,6,3,24,12,1,1,7499.0,11196.0,5239.0,4945.0,6090.0,5274.0,10030.333333333334,2194.4786017032184,10334.714285714286,2860.319895529503,10164.214285714286,2691.073797077792,10373.666666666666,2613.786305453206,-401.0,-0.07654132468028249,0.2767681637298221,4655.6074,30.9632,83
2024-03-25,12699.0,335.28,0.9048,0.0116,D,0,3,25,13,1,0,4838.0,7499.0,13208.0,12599.0,14161.0,12514.0,7844.333333333333,3193.0365380517173,10277.42857142857,2980.860382347288,10156.57142857143,2707.1409759626977,10159.366666666667,2795.2688660186773,-509.0,-0.03853725015142338,0.29003951344737455,11490.0552,147.30839999999998,84
2024-03-26,11099.0,306.61,0.9767,0.0039,D,1,3,26,13,1,0,12699.0,4838.0,11759.0,11500.0,12623.0,11057.0,8345.333333333334,3998.254660890587,10204.714285714286,2902.640161088161,10163.714285714286,2714.203819470155,10332.533333333333,2785.9962464184114,-660.0,-0.05612722170252572,0.2844411004384126,10840.3933,43.2861,85
2024-03-27,11076.0,303.24,0.9744,0.007,D,2,3,27,13,1,0,11099.0,12699.0,12046.0,11602.0,11873.0,11474.0,9545.333333333334,4154.424187939084,10110.42857142857,2854.050738695376,10135.07142857143,2701.10155490128,10526.7,2619.2863485808634,-970.0,-0.08052465548729869,0.28228780991151475,10792.4544,77.532,86
2024-03-28,10255.0,321.93,0.8941,0.0103,D,3,3,28,13,1,0,11076.0,11099.0,11396.0,10380.0,11990.0,11010.0,11624.666666666666,930.4710276700349,9971.857142857143,2766.6198045371443,10097.5,2682.7232074316407,10478.766666666666,2594.706875788549,-1141.0,-0.10012285012285012,0.2774427837164593,9168.9955,105.62650000000001,87
2024-03-29,9575.0,325.98,0.9464,0.0072,D,4,3,29,13,1,0,10255.0,11076.0,11196.0,11310.0,11490.0,13574.0,10810.0,480.7816552240651,9808.857142857143,2701.577158412683,10088.57142857143,2681.91856453793,10452.033333333333,2592.674607338961,-1621.0,-0.14478385137549124,0.2754222147459844,9061.78,68.94,88
2024-03-30,6318.0,315.43,0.8225,0.0205,D,5,3,30,13,1,1,9575.0,10255.0,7499.0,7620.0,7968.0,9042.0,10302.0,751.6029536929645,9577.285714285714,2631.421080853824,9964.642857142857,2661.141819917588,10388.733333333334,2590.043614775008,-1181.0,-0.15748766502200293,0.2747564559892718,5196.555,129.519,89
2024-03-31,2613.0,321.8,0.7438,0.0321,D,6,3,31,13,1,1,6318.0,9575.0,4838.0,5239.0,4945.0,6090.0,8716.0,2104.377104988547,9408.57142857143,2818.116442894844,9871.642857142857,2769.9118732758075,10232.333333333334,2690.9331842873503,-2225.0,-0.45990078544853247,0.29952649711909973,1943.5494,83.87729999999999,90
2024-04-01,13620.0,317.94,0.9178,0.009,D,0,4,1,14,2,0,2613.0,6318.0,12699.0,13208.0,12599.0,14161.0,6168.666666666667,3483.401546381539,9090.714285714286,3469.705016966415,9684.07142857143,3168.0533567837174,9866.966666666667,2952.9368255014047,921.0,0.07252539570044886,0.38167573063196203,12500.436,122.57999999999998,91
2024-04-02,13172.0,307.13,0.9631,0.0072,D,1,4,2,14,2,0,13620.0,2613.0,11099.0,11759.0,11500.0,12623.0,7517.0,5600.599342927502,9222.285714285714,3642.495560019519,9713.5,3205.0038221506084,10019.566666666668,3026.21493052743,2073.0,0.1867735832056942,0.3949666788545857,12685.9532,94.8384,92
2024-04-03,14129.0,319.13,0.9212,0.0065,D,2,4,3,14,2,0,13172.0,13620.0,11076.0,12046.0,11602.0,11873.0,9801.666666666666,6229.596482384178,9518.42857142857,3895.957856426019,9814.42857142857,3295.3485099755094,10255.633333333333,2985.0538317023575,3053.0,0.27564102564102566,0.40930683328553835,13015.6348,91.8385,93
2024-04-04,13256.0,325.65,0.9785,0.0024,D,3,4,4,14,2,0,14129.0,13172.0,10255.0,11396.0,10380.0,11990.0,13640.333333333334,478.82390639289207,9954.57142857143,4253.835949553566,9963.214285714286,3447.372225078366,10254.566666666668,2983.615553529706,3001.0,0.29263773768893225,0.4273248707969771,12970.996000000001,31.814399999999996,94
2024-04-05,12231.0,323.17,0.9769,0.002,D,4,4,5,14,2,0,13256.0,14129.0,9575.0,11196.0,11310.0,11490.0,13519.0,529.9424497056401,10383.285714285714,4436.464873232806,10096.07142857143,3541.3961493757215,10275.666666666666,3003.117120057361,2656.0,0.27738903394255876,0.4272698445665375,11948.4639,24.462,95
2024-04-06,8154.0,326.03,0.9392,0.0051,D,5,4,6,14,2,1,12231.0,13256.0,6318.0,7499.0,7620.0,7968.0,13205.333333333334,950.0138595480307,10762.714285714286,4469.2706979359145,10170.0,3576.7506525852805,10287.6,3010.3857193572976,1836.0,0.2905982905982906,0.4152549793009119,7658.236800000001,41.5854,96
2024-04-07,5268.0,319.8,0.9318,0.006,D,6,4,7,14,2,1,8154.0,12231.0,2613.0,4838.0,5239.0,4945.0,11213.666666666666,2698.8564862425214,11025.0,4211.3859951327195,10216.785714285714,3543.2520737652517,10159.733333333334,3017.0425680575463,2655.0,1.0160734787600458,0.3819851242750766,4908.7224,31.608,97
2024-04-08,12462.0,312.02,0.8195,0.0318,D,0,4,8,15,2,0,5268.0,8154.0,13620.0,12699.0,13208.0,12599.0,8551.0,3498.43522163838,11404.285714285714,3361.2729093943817,10247.5,3494.56936380744,9952.333333333334,3134.0336060224645,-1158.0,-0.08502202643171806,0.2947376971785127,10212.609,396.2916,98
2024-04-09,12836.0,311.51,0.9876,0.0028,D,1,4,9,15,2,0,12462.0,5268.0,13172.0,11099.0,11759.0,11500.0,8628.0,3620.347497133387,11238.857142857143,3261.0513861111026,10230.57142857143,3482.332788283114,10102.133333333333,3143.3042106865114,-336.0,-0.02550865472213787,0.2901586295350025,12676.8336,35.9408,99
2024-04-10,12004.0,327.85,0.9562,0.0049,D,2,4,10,15,2,0,12836.0,12462.0,14129.0,11076.0,12046.0,11602.0,10188.666666666666,4265.523336395351,11190.857142857143,3230.181441166602,10354.642857142857,3546.015306642803,10365.166666666666,3024.799145036923,-2125.0,-0.15039988675773233,0.2886446855617623,11478.2248,58.8196,100
2024-04-11,11535.0,325.43,0.9386,0.0054,D,3,4,11,15,2,0,12004.0,12836.0,13256.0,10255.0,11396.0,10380.0,12434.0,416.7061314643784,10887.285714285714,2999.66279850951,10420.92857142857,3569.1350916150254,10345.333333333334,3011.5687781864017,-1721.0,-0.12982800241400122,0.2755198014665412,10826.751,62.289,101
2024-04-12,12014.0,322.46,0.9387,0.0054,D,4,4,12,15,2,0,11535.0,12004.0,12231.0,9575.0,11196.0,11310.0,12125.0,658.886181369746,10641.42857142857,2839.409202465826,10512.357142857143,3580.93265906959,10346.5,3012.0382576450206,-217.0,-0.017741803613768294,0.2668259419688654,11277.541799999999,64.8756,102
2024-04-13,7972.0,330.42,0.902,0.0075,D,5,4,13,15,2,1,12014.0,11535.0,8154.0,6318.0,7499.0,7620.0,11851.0,273.709700230014,10610.42857142857,2820.282365127226,10686.57142857143,3591.136604181203,10360.233333333334,3018.8915376495333,-182.0,-0.022320333578611726,0.26580286989741336,7190.744000000001,59.79,103
2024-04-14,5315.0,324.55,0.841,0.0139,D,6,4,14,15,2,1,7972.0,12014.0,5268.0,2613.0,4838.0,5239.0,10507.0,2208.399646803086,10584.42857142857,2847.4107452878925,10804.714285714286,3461.219003329749,10279.966666666667,3050.197636144294,47.0,0.008921791951404707,0.26901884462370934,4469.915,73.8785,104
2024-04-15,13959.0,309.6,0.8549,0.0149,D,0,4,15,16,2,0,5315.0,7972.0,12462.0,13620.0,12699.0,13208.0,8433.666666666666,3373.2776839942057,10591.142857142857,2832.802995184065,10997.714285714286,3016.005698540101,10080.133333333333,3174.2465164392083,1497.0,0.12012518054886856,0.2674690572484887,11933.5491,207.9891,105
2024-04-16,13282.0,300.42,0.9831,0.0037,D,1,4,16,16,2,0,13959.0,5315.0,12836.0,13172.0,11099.0,11759.0,9082.0,4427.613239658584,10805.0,3046.058874458382,11021.92857142857,3039.9442926142233,10291.433333333332,3215.5511533079734,446.0,0.03474602679962605,0.2819119735731959,13057.5342,49.1434,106
2024-04-17,13131.0,325.58,0.9802,0.0036,D,2,4,17,16,2,0,13282.0,13959.0,12004.0,14129.0,11076.0,12046.0,10852.0,4807.115455239243,10868.714285714286,3099.8118068836434,11029.785714285714,3046.064906085867,10559.533333333333,3113.44905468067,1127.0,0.09388537154281906,0.28520501371151147,12871.0062,47.2716,107
2024-04-18,12798.0,329.54,0.9504,0.0057,D,3,4,18,16,2,0,13131.0,13282.0,11535.0,13256.0,10255.0,11396.0,13457.333333333334,440.96749691257537,11029.714285714286,3196.3681324427007,10958.5,2978.8934122486576,10556.966666666667,3111.2213643778105,1263.0,0.10949284785435631,0.2897960953152381,12163.2192,72.9486,108
2024-04-19,12538.0,324.82,0.9192,0.0086,D,4,4,19,16,2,0,12798.0,13131.0,12014.0,12231.0,9575.0,11196.0,13070.333333333334,247.63750389094741,11210.142857142857,3264.563647644782,10925.785714285714,2954.1333280304407,10591.6,3130.784936280578,524.0,0.04361578158814716,0.29121516908811507,11524.9296,107.8268,109
2024-04-20,8210.0,321.56,0.9175,0.0087,D,5,4,20,16,2,1,12538.0,12798.0,7972.0,8154.0,6318.0,7499.0,12822.333333333334,297.2479324290364,11285.0,3291.9611176318585,10947.714285714286,2965.6840806016503,10608.0,3139.9414666189414,238.0,0.02985449071751129,0.29171121999396177,7532.675,71.42699999999999,110
2024-04-21,5200.0,328.59,0.8117,0.0363,D,6,4,21,16,2,1,8210.0,12538.0,5315.0,5268.0,2613.0,4838.0,11182.0,2577.1084571666734,11319.0,3253.0399116313747,10951.714285714286,2961.6612133829776,10501.8,3166.1400779345586,-115.0,-0.021636876763875823,0.2873964053035935,4220.84,188.76,111
2024-04-22,14759.0,307.83,0.9032,0.0103,D,0,4,22,17,2,0,5200.0,8210.0,13959.0,12462.0,13620.0,12699.0,8649.333333333334,3688.6747394332974,11302.57142857143,3288.5120169636425,10946.857142857143,2971.7381823060746,10301.933333333332,3306.929067499221,800.0,0.05731069560856795,0.29095255338539266,13330.3288,152.0177,112
2024-04-23,13656.0,300.99,0.9964,0.0043,D,1,4,23,17,2,0,14759.0,5200.0,13282.0,12836.0,13172.0,11099.0,9389.666666666666,4887.466658027787,11416.857142857143,3407.9496489126427,11110.92857142857,3121.4624891913336,10543.933333333332,3359.955376687812,374.0,0.028158409878030418,0.29850155837719283,13606.838399999999,58.7208,113
2024-04-24,12774.0,321.51,0.9737,0.0045,D,2,4,24,17,2,0,13656.0,14759.0,13131.0,12004.0,14129.0,11076.0,11205.0,5229.643486892772,11470.285714285714,3444.7966903861297,11169.5,3163.728976771165,10837.866666666667,3226.6406330288232,-357.0,-0.027187571395933287,0.30032352952601643,12438.0438,57.483,114
2024-04-25,12531.0,313.79,0.9436,0.0053,D,3,4,25,17,2,0,12774.0,13656.0,12798.0,11535.0,13256.0,10255.0,13729.666666666666,994.5483061839368,11419.285714285714,3418.6556185283175,11224.5,3185.967230262683,10840.366666666667,3228.1610595564753,-267.0,-0.02086263478668542,0.29937560930378715,11824.2516,66.4143,115
2024-04-26,12309.0,307.68,0.9204,0.0401,D,4,4,26,17,2,0,12531.0,12774.0,12538.0,12014.0,12231.0,9575.0,12987.0,591.9738169885551,11381.142857142857,3402.158845427974,11295.642857142857,3204.500527674806,10888.1,3242.671773558725,-229.0,-0.01826447599298134,0.2989294562182535,11329.2036,493.5909,116
2024-04-27,7890.0,307.42,0.9033,0.0108,D,5,4,27,17,2,1,12309.0,12531.0,8210.0,7972.0,8154.0,6318.0,12538.0,232.57901883015253,11348.42857142857,3390.2609957122204,11316.714285714286,3210.5516762597117,10929.2,3252.9332163979066,-320.0,-0.0389768574908648,0.29874277080509,7127.037,85.212,117
2024-04-28,5509.0,310.04,0.8063,0.0209,D,6,4,28,17,2,1,7890.0,12309.0,5200.0,5315.0,5268.0,2613.0,10910.0,2617.751134084366,11302.714285714286,3441.404350662953,11310.857142857143,3217.1908878385175,10850.366666666667,3298.1782378315684,309.0,0.059423076923076926,0.3044759217715172,4441.9067000000005,115.1381,118
2024-04-29,14093.0,331.58,0.7428,0.0429,D,0,4,29,18,2,0,5509.0,7890.0,14759.0,13959.0,12462.0,13620.0,8569.333333333334,3450.5246460985177,11346.857142857143,3350.869212038941,11324.714285714286,3189.67901516441,10714.833333333334,3433.1747153963465,-666.0,-0.0451250084694085,0.29531254071955215,10468.2804,604.5897,119
2024-04-30,14098.0,306.41,0.9613,0.0062,D,1,4,30,18,2,0,14093.0,5509.0,13656.0,13282.0,12836.0,13172.0,9164.0,4431.542733631255,11251.714285714286,3245.642294640909,11334.285714285714,3198.381091176532,10974.0,3382.9125178532595,442.0,0.03236672524897481,0.28845758186036874,13552.4074,87.4076,120
2024-05-01,15230.0,298.08,0.9919,0.0023,D,2,5,1,18,2,0,14098.0,14093.0,12774.0,13131.0,12004.0,14129.0,11233.333333333334,4957.41871676514,11314.857142857143,3303.987662838721,11392.57142857143,3243.7194395011697,11356.833333333334,3036.1899341266444,2456.0,0.19226553937685925,0.29200436391938595,15106.637,35.028999999999996,121
2024-05-02,14729.0,319.51,0.9279,0.0085,D,3,5,2,18,2,0,15230.0,14098.0,12531.0,12798.0,11535.0,13256.0,14473.666666666666,655.0086513423731,11665.714285714286,3601.7483585191276,11542.5,3376.061992458529,11410.5,3091.301051281673,2198.0,0.17540499561088502,0.3087464916683063,13667.0391,125.19650000000001,122
2024-05-03,15195.0,314.97,0.9835,0.0044,D,4,5,3,18,2,0,14729.0,15230.0,12309.0,12538.0,12014.0,12231.0,14685.666666666666,567.2427463911338,11979.714285714286,3781.1015905546924,11680.42857142857,3469.454528492152,11462.4,3134.6609298020717,2886.0,0.23446258834998782,0.3156253563629331,14944.282500000001,66.858,123
2024-05-04,9769.0,310.23,0.981,0.0051,D,5,5,4,18,2,1,15195.0,14729.0,7890.0,8210.0,7972.0,8154.0,15051.333333333334,279.6968597130808,12392.0,3975.3438425709355,11870.214285714286,3590.5325762787124,11497.933333333332,3171.7532618447785,1879.0,0.23814955640050697,0.32079921260256095,9583.389,49.82190000000001,124
2024-05-05,6389.0,319.58,0.9393,0.0083,D,6,5,5,18,2,1,9769.0,15195.0,5509.0,5200.0,5315.0,5268.0,13231.0,3007.219978651381,12660.42857142857,3672.598982425697,11981.57142857143,3491.080298181583,11381.7,3168.9966338759723,880.0,0.15973860954801233,0.29008488628211504,6001.1877,53.0287,125
2024-05-06,16467.0,319.42,0.9603,0.0072,D,0,5,6,19,2,0,6389.0,9769.0,14093.0,14759.0,13959.0,12462.0,10451.0,4442.437619145597,12786.142857142857,3391.2917120457887,12066.5,3323.870606340185,11186.966666666667,3292.110532389711,2374.0,0.16845242318881715,0.2652318021107731,15813.260100000001,118.5624,126
2024-05-07,14974.0,308.91,0.9884,0.0044,D,1,5,7,19,2,0,16467.0,6389.0,14098.0,13656.0,13282.0,12836.0,10875.0,5129.224892710398,13125.285714285714,3652.4162191753576,12188.5,3458.9012650751424,11464.066666666668,3376.787362561348,876.0,0.06213647325861824,0.2782732733353016,14800.301599999999,65.88560000000001,127
2024-05-08,14745.0,299.64,0.983,0.0034,D,2,5,8,19,2,0,14974.0,16467.0,15230.0,12774.0,13131.0,12004.0,12610.0,5439.015811707115,13250.42857142857,3705.9144556210313,12282.642857142857,3519.3240961023394,11787.6,3224.188051758683,-485.0,-0.03184504267892318,0.2796826106901903,14494.335,50.132999999999996,128
2024-05-09,13616.0,324.96,0.9845,0.004,D,3,5,9,19,2,0,14745.0,14974.0,14729.0,12531.0,12798.0,11535.0,15395.333333333334,935.1269076084602,13181.142857142857,3667.066240133083,12423.42857142857,3579.402930749665,11863.7,3267.3089860533287,-1113.0,-0.07556521148754158,0.2782054849019333,13404.952000000001,54.464,129
2024-05-10,12343.0,317.96,0.9677,0.0058,D,4,5,10,19,2,0,13616.0,14745.0,15195.0,12309.0,12538.0,12014.0,14445.0,727.0082530480802,13022.142857142857,3612.4903888486383,12500.92857142857,3593.628945022767,11889.7,3278.397633727121,-2852.0,-0.18769332017110893,0.27741136220657636,11944.3211,71.5894,130
2024-05-11,7738.0,314.66,0.8901,0.0131,D,5,5,11,19,2,1,12343.0,13616.0,9769.0,7890.0,8210.0,7972.0,13568.0,1201.7191851676564,12614.714285714286,3485.170044358699,12503.357142857143,3593.500748833661,11901.0,3279.3892724103375,-2031.0,-0.2079025488791074,0.2762781594114684,6887.5938,101.3678,131
2024-05-12,4274.0,313.47,0.9436,0.0084,D,6,5,12,19,2,1,7738.0,12343.0,6389.0,5509.0,5200.0,5315.0,11232.333333333334,3092.3949187213025,12324.57142857143,3829.1303127970114,12492.5,3608.7088411230893,11774.433333333332,3366.126728240444,-2115.0,-0.3310377210831116,0.3106907477464192,4032.9464,35.901599999999995,132
2024-05-13,14327.0,314.94,0.9631,0.0073,D,0,5,13,20,2,0,4274.0,7738.0,16467.0,14093.0,14759.0,13959.0,8118.333333333333,4047.922965340782,12022.42857142857,4414.277851742111,12404.285714285714,3802.445153168826,11516.433333333332,3633.1597977644687,-2140.0,-0.1299568834638975,0.36717022900287294,13798.3337,104.5871,133
2024-05-14,13061.0,307.96,0.9286,0.0129,D,1,5,14,20,2,0,14327.0,4274.0,14974.0,14098.0,13656.0,13282.0,8779.666666666666,5106.809604178847,11716.714285714286,4119.419445920574,12421.0,3810.9439775467645,11728.266666666666,3604.52651186153,-1913.0,-0.12775477494323495,0.3515848680327739,12128.444599999999,168.4869,134
2024-05-15,13791.0,302.02,0.9881,0.004,D,2,5,15,20,2,0,13061.0,14327.0,14745.0,15230.0,12774.0,13131.0,10554.0,5475.352865341191,11443.42857142857,3926.23860954064,12346.92857142857,3785.836772951064,11986.466666666667,3400.972991947161,-954.0,-0.0646998982706002,0.3430998485317148,13626.8871,55.164,135
2024-05-16,12897.0,327.14,0.8957,0.0103,D,3,5,16,20,2,0,13791.0,13061.0,13616.0,14729.0,12531.0,12798.0,13726.333333333334,635.4725275992237,11307.142857142857,3807.291225555313,12244.142857142857,3720.5108594042586,11980.866666666667,3397.749830791502,-719.0,-0.05280552291421857,0.3367155853302235,11551.842900000001,132.8391,136
2024-05-17,12610.0,318.27,0.9059,0.0072,D,4,5,17,20,2,0,12897.0,13791.0,12343.0,15195.0,12309.0,12538.0,13249.666666666666,475.9257645193654,11204.42857142857,3743.7897847476634,12113.285714285714,3658.084732764931,11968.033333333333,3393.3902535139814,267.0,0.02163169407761484,0.33413482542914974,11423.399000000001,90.792,137
2024-05-18,8179.0,321.44,0.7675,0.0355,D,5,5,18,20,2,1,12610.0,12897.0,7738.0,9769.0,7890.0,8210.0,13099.333333333334,615.9499438536715,11242.57142857143,3758.653875043691,11928.642857142857,3554.3370172042073,11950.666666666666,3388.56294770729,441.0,0.05699147066425433,0.33432332620023175,6277.3825,290.3545,138
2024-05-19,5386.0,315.48,0.7028,0.0346,D,6,5,19,20,2,1,8179.0,12610.0,4274.0,6389.0,5509.0,5200.0,11228.666666666666,2644.9843729847116,11305.57142857143,3693.2492404901345,11815.07142857143,3652.693810248615,11796.7,3453.058266183062,1112.0,0.26017781937295276,0.32667514984307283,3785.2808,186.35559999999998,139
2024-05-20,14445.0,320.28,0.7317,0.0427,D,0,5,20,21,2,0,5386.0,8179.0,14327.0,16467.0,14093.0,14759.0,8725.0,3642.8191006416964,11464.42857142857,3348.189055650973,11743.42857142857,3775.0913124827052,11558.3,3641.841341295968,118.0,0.008236197389544217,0.2920502347579072,10569.406500000001,616.8015,140
2024-05-21,13277.0,317.96,0.6616,0.05,D,1,5,21,21,2,0,14445.0,5386.0,13061.0,14974.0,14098.0,13656.0,9336.666666666666,4639.12861789079,11481.285714285714,3365.256835878738,11599.0,3615.792433627365,11766.133333333333,3622.0270827957306,216.0,0.01653778424316668,0.29310801243204676,8784.063199999999,663.85,141
2024-05-22,12786.0,307.99,0.9861,0.0043,D,2,5,22,21,2,0,13277.0,14445.0,13791.0,14745.0,15230.0,12774.0,11036.0,4927.771402977211,11512.142857142857,3383.098896405061,11477.785714285714,3521.153355159277,12035.366666666667,3411.175037546683,-1005.0,-0.07287361322601697,0.29387221287876686,12608.274599999999,54.9798,142
2024-05-23,12292.0,329.8,0.7796,0.0241,D,3,5,23,21,2,0,12786.0,13277.0,12897.0,13616.0,14729.0,12531.0,13502.666666666666,852.2114369881133,11368.57142857143,3290.3237357005296,11337.857142857143,3418.7648209695394,11969.6,3375.6881965015677,-605.0,-0.04691013413972241,0.2894227965557138,9582.8432,296.2372,143
2024-05-24,11330.0,319.64,0.9167,0.011,D,4,5,24,21,2,0,12292.0,12786.0,12610.0,12343.0,15195.0,12309.0,12785.0,492.500761420738,11282.142857142857,3251.1976987243456,11243.285714285714,3368.846285704245,11924.133333333333,3361.346371602466,-1280.0,-0.10150674068199841,0.2881720024193785,10386.211,124.63,144
2024-05-25,7735.0,308.5,0.8108,0.0168,D,5,5,25,21,2,1,11330.0,12292.0,8179.0,7738.0,9769.0,7890.0,12136.0,740.4296050267051,11099.285714285714,3199.6548623398808,11170.92857142857,3354.256525768316,11876.0,3359.094962265468,-444.0,-0.054285364959041446,0.2882757453681597,6271.538,129.94799999999998,145
2024-05-26,4597.0,314.23,0.8787,0.0134,D,6,5,26,21,2,1,7735.0,11330.0,5386.0,4274.0,6389.0,5509.0,10452.333333333334,2401.933873638765,11035.857142857143,3270.8035418722134,11170.714285714286,3354.4927950567885,11716.133333333333,3439.9989247525727,-789.0,-0.14649090233939843,0.296379655837536,4039.3839000000003,61.5998,146
2024-05-27,7115.0,300.51,0.9834,0.0037,D,0,5,27,22,2,0,4597.0,7735.0,14445.0,14327.0,16467.0,14093.0,7887.333333333333,3369.0839012012307,10923.142857142857,3503.284146272439,11193.785714285714,3304.142904773464,11459.066666666668,3674.3390485471214,-7330.0,-0.507442021460713,0.32072126054650774,6996.8910000000005,26.3255,147
2024-05-28,14405.0,287.73,0.9542,0.0081,D,1,5,28,22,2,0,7115.0,4597.0,13277.0,13061.0,14974.0,14098.0,6482.333333333333,1661.914959717643,9876.0,3368.0092042629585,10678.642857142857,3340.0821640548565,11433.233333333334,3702.910846453316,1128.0,0.08495895157038488,0.3410296885644956,13745.251,116.6805,148
2024-05-29,13280.0,283.46,0.9969,0.0015,D,2,5,29,22,2,0,14405.0,7115.0,12786.0,13791.0,14745.0,15230.0,8705.666666666666,5093.808136682545,10037.142857142857,3578.2720889917173,10774.642857142857,3431.875728589764,11729.766666666666,3565.7944385733917,494.0,0.03863600813389645,0.3565030546960151,13238.832,19.92,149
2024-05-30,12236.0,308.67,0.8899,0.0118,D,3,5,30,22,2,0,13280.0,14405.0,12292.0,12897.0,13616.0,14729.0,11600.0,3924.643295893271,10107.714285714286,3645.756241361808,10738.142857142857,3399.895651275264,11702.666666666666,3550.2701629432463,-56.0,-0.004555808656036446,0.36069047247551594,10888.8164,144.38479999999998,150
2024-05-31,12581.0,294.7,0.9723,0.0073,D,4,5,31,22,2,0,12236.0,13280.0,11330.0,12610.0,12343.0,15195.0,13307.0,1084.7520454002413,10099.714285714286,3640.2215918945435,10690.92857142857,3372.085395950469,11640.6,3523.122553096605,1251.0,0.11041482789055605,0.36042817538348754,12232.506300000001,91.8413,151
2024-06-01,8898.0,325.62,0.8393,0.0191,D,5,6,1,22,2,1,12581.0,12236.0,7735.0,8179.0,7738.0,9769.0,12699.0,531.9088267739156,10278.42857142857,3740.028603150109,10688.857142857143,3370.82452495261,11552.3,3462.7377861833656,1163.0,0.15035552682611505,0.3638716343806136,7468.0914,169.9518,152
2024-06-02,6378.0,320.51,0.9743,0.0048,D,6,6,2,22,2,1,8898.0,12581.0,4597.0,5386.0,4274.0,6389.0,11238.333333333334,2034.1156145443958,10444.57142857143,3632.4971602256787,10740.214285714286,3334.9295270739167,11357.933333333332,3441.8648206572793,1781.0,0.38742658255383944,0.3477880528720285,6214.0854,30.614399999999996,153
2024-06-03,16967.0,317.35,0.9672,0.0038,D,0,6,3,23,2,0,6378.0,8898.0,7115.0,14445.0,14327.0,16467.0,9285.666666666666,3119.61797874889,10699.0,3190.0885045193754,10811.07142857143,3221.0106742661173,11064.033333333333,3479.1591778844313,9852.0,1.384680252986648,0.2981669786446748,16410.4824,64.4746,154
2024-06-04,15595.0,318.92,0.9849,0.0028,D,1,6,4,23,2,0,16967.0,6378.0,14405.0,13277.0,13061.0,14974.0,10747.666666666666,5531.5170010886995,12106.42857142857,3503.254908279006,10991.214285714286,3498.4559930296155,11303.966666666667,3631.627226078608,1190.0,0.08261020479000347,0.2893714597669838,15359.5155,43.666,155
2024-06-05,14192.0,312.24,0.9857,0.0035,D,2,6,5,23,2,0,15595.0,16967.0,13280.0,12786.0,13791.0,14745.0,12980.0,5758.506664057965,12276.42857142857,3658.8060373635017,11156.785714285714,3665.8062221347363,11610.833333333334,3590.715173057172,912.0,0.06867469879518072,0.2980350527904173,13989.0544,49.672000000000004,156
2024-06-06,13225.0,305.64,0.9854,0.0033,D,3,6,6,23,2,0,14192.0,15595.0,12236.0,12292.0,12897.0,13616.0,15584.666666666666,1387.5288585587507,12406.714285714286,3716.284152855093,11257.214285714286,3732.52587560862,11535.0,3507.683064753517,989.0,0.08082706766917293,0.29953814259543393,13031.915,43.6425,157
2024-06-07,13173.0,307.27,0.9394,0.0117,D,4,6,7,23,2,0,13225.0,14192.0,12581.0,11330.0,12610.0,12343.0,14337.333333333334,1191.665361304649,12548.0,3727.495226914001,11323.857142857143,3760.6460545034984,11476.7,3462.8012693532514,592.0,0.047055083061759796,0.29705891193130385,12374.7162,154.1241,158
2024-06-08,8158.0,327.66,0.9589,0.0046,D,5,6,8,23,2,1,13173.0,13225.0,8898.0,7735.0,8179.0,7738.0,13530.0,573.8980745742227,12632.57142857143,3735.0768335311313,11455.5,3792.995949013227,11424.3,3423.3078492934997,-740.0,-0.0831647561249719,0.2956703514126512,7822.7062,37.5268,159
2024-06-09,5656.0,328.07,0.9407,0.0093,D,6,6,9,23,2,1,8158.0,13173.0,6378.0,4597.0,5386.0,4274.0,11518.666666666666,2910.5388390010053,12526.857142857143,3866.551669061698,11485.714285714286,3762.6427175298213,11242.366666666667,3447.7590771431505,-722.0,-0.1132016306052054,0.3086609534193035,5320.5992,52.60079999999999,160
2024-06-10,14601.0,321.79,0.9508,0.0052,D,0,6,10,24,2,0,5656.0,8158.0,16967.0,7115.0,14445.0,14327.0,8995.666666666666,3827.8696860438313,12423.714285714286,4062.575033739303,11561.357142857143,3621.4990650312134,11019.466666666667,3587.4772783933427,-2366.0,-0.1394471621382684,0.3270016470364869,13882.630799999999,75.92519999999999,161
2024-06-11,13707.0,321.74,0.9306,0.0068,D,1,6,11,24,2,0,14601.0,5656.0,15595.0,14405.0,13277.0,13061.0,9471.666666666666,4614.9264710646585,12085.714285714286,3704.1984159547796,12096.07142857143,3463.710626221214,11248.233333333334,3589.8282322113423,-1888.0,-0.12106444373196537,0.3064939587669439,12755.734199999999,93.2076,162
2024-06-12,13134.0,321.55,0.8962,0.0107,D,2,6,12,24,2,0,13707.0,14601.0,14192.0,13280.0,12786.0,13791.0,11321.333333333334,4926.642907024348,11816.0,3467.2461695126285,12046.214285714286,3432.8047106292893,11562.666666666666,3363.8990547539797,-1058.0,-0.07454904171364149,0.2934365410894235,11770.6908,140.53379999999999,163
2024-06-13,11891.0,305.15,0.9695,0.0086,D,3,6,13,24,2,0,13134.0,13707.0,13225.0,12236.0,12292.0,12897.0,13814.0,739.3301021871116,11664.857142857143,3368.0512381579256,12035.785714285714,3428.987901330724,11522.9,3337.0376947020054,-1334.0,-0.10086956521739131,0.2887348894984383,11528.3245,102.2626,164
2024-06-14,12248.0,292.73,0.946,0.0081,D,4,6,14,24,2,0,11891.0,13134.0,13173.0,12581.0,11330.0,12610.0,12910.666666666666,928.3707951747147,11474.285714285714,3302.1580678038263,12011.142857142857,3428.6780331412006,11483.9,3325.258157984337,-925.0,-0.0702193881424125,0.28778768021198686,11586.608,99.2088,165
2024-06-15,7791.0,325.21,0.9035,0.0086,D,5,6,15,24,2,1,12248.0,11891.0,8158.0,8898.0,7735.0,8179.0,12424.333333333334,639.9861977678333,11342.142857142857,3240.7884549170753,11987.357142857143,3425.574328199862,11432.466666666667,3300.1812357059653,-367.0,-0.04498651630301544,0.28572982158095006,7039.1685,67.0026,166
2024-06-16,4643.0,319.33,0.9226,0.0079,D,6,6,16,24,2,1,7791.0,12248.0,5656.0,6378.0,4597.0,5386.0,10643.333333333334,2476.634073361124,11289.714285714286,3303.2526250291394,11908.285714285714,3514.005241197684,11262.266666666666,3353.2849044742256,-1013.0,-0.1791018387553041,0.2925895679405271,4283.6318,36.679700000000004,167
2024-06-17,14286.0,317.31,0.9141,0.0132,D,0,6,17,25,2,0,4643.0,7791.0,14601.0,16967.0,7115.0,14445.0,8227.333333333334,3821.2296886386316,11145.0,3600.0543051459645,11784.357142857143,3746.9200399413717,10996.7,3552.432902615644,-315.0,-0.021573864803780565,0.32301967744692367,13058.8326,188.5752,168
2024-06-18,12746.0,315.75,0.9173,0.0104,D,1,6,18,25,2,0,14286.0,4643.0,13707.0,15595.0,14405.0,13277.0,8906.666666666666,4917.3566408522065,11100.0,3551.293567138599,11592.857142857143,3523.5181906101197,11200.266666666666,3560.3684711802957,-961.0,-0.07011016269059604,0.3199363573998738,11691.9058,132.5584,169
2024-06-19,11743.0,325.7,0.8342,0.0142,D,2,6,19,25,2,0,12746.0,14286.0,13134.0,14192.0,13280.0,12786.0,10558.333333333334,5180.374149936789,10962.714285714286,3450.870697581781,11389.357142857143,3352.7275373284388,11445.6,3395.6789336875863,-1391.0,-0.10590832952641997,0.3147825080216378,9796.010600000001,166.75060000000002,170
2024-06-20,12331.0,301.95,0.9252,0.0088,D,3,6,20,25,2,0,11743.0,12746.0,11891.0,13225.0,12236.0,12292.0,12925.0,1280.9149074001741,10764.0,3343.376636475964,11214.42857142857,3257.795637786754,11355.533333333333,3348.891290884332,440.0,0.03700277520814061,0.3106072683459647,11408.6412,108.51280000000001,171
2024-06-21,12364.0,306.15,0.8775,0.0114,D,4,6,21,25,2,0,12331.0,11743.0,12248.0,13173.0,12581.0,11330.0,12273.333333333334,503.98048904032584,10826.857142857143,3372.1088074858744,11150.57142857143,3223.94010524355,11324.0,3334.5980681128685,116.0,0.009470934030045721,0.31145777237031086,10849.41,140.9496,172
2024-06-22,7572.0,325.4,0.872,0.0152,D,5,6,22,25,2,1,12364.0,12331.0,7791.0,8158.0,8898.0,7735.0,12146.0,349.3980538010929,10843.42857142857,3380.5311642375,11092.785714285714,3191.993714534282,11309.933333333332,3329.103658316469,-219.0,-0.0281093569503273,0.31175851272215566,6602.784,115.0944,173
2024-06-23,5075.0,326.16,0.8976,0.0118,D,6,6,23,25,2,1,7572.0,12364.0,4643.0,5656.0,6378.0,4597.0,10755.666666666666,2757.1855819536913,10812.142857142857,3414.332996285483,11050.92857142857,3236.9637593153357,11152.6,3392.0296090932816,432.0,0.09304329097566229,0.3157868926999852,4555.32,59.885,174
2024-06-24,13539.0,321.6,0.8865,0.0268,D,0,6,24,26,2,0,5075.0,7572.0,14286.0,14601.0,16967.0,7115.0,8337.0,3704.2271798581637,10873.857142857143,3285.722722556455,11009.42857142857,3314.2524789921313,10944.1,3568.403799923762,-747.0,-0.05228895422091558,0.30216717760677886,12002.323499999999,362.84520000000003,175
2024-06-25,12433.0,320.87,0.8517,0.0168,D,1,6,25,26,2,0,13539.0,5075.0,12746.0,13707.0,15595.0,14405.0,8728.666666666666,4348.934620494231,10767.142857142857,3166.396344351699,10933.57142857143,3236.9773344489545,11137.566666666668,3545.6820138977723,-313.0,-0.02455672367801663,0.29407953310948515,10589.1861,208.87439999999998,176
2024-06-26,12089.0,312.76,0.7835,0.0203,D,2,6,26,26,2,0,12433.0,13539.0,11743.0,13134.0,14192.0,13280.0,10349.0,4600.773413242602,10722.42857142857,3135.8572383078304,10842.57142857143,3170.2309480125045,11398.766666666666,3329.2659404587757,346.0,0.029464361747423996,0.29245774102555144,9471.7315,245.40669999999997,177
2024-06-27,11805.0,291.94,0.9251,0.0074,D,3,6,27,26,2,0,12089.0,12433.0,12331.0,11891.0,13225.0,12236.0,12687.0,757.6357964087997,10771.857142857143,3157.278703175221,10767.92857142857,3124.095843705718,11564.566666666668,3230.978368782471,-526.0,-0.04265671883869921,0.2931043979977792,10920.8055,87.357,178
2024-06-28,11589.0,290.06,0.8667,0.0171,D,4,6,28,26,2,0,11805.0,12089.0,12364.0,12248.0,13173.0,12581.0,12109.0,314.47734417600356,10696.714285714286,3120.0263200965524,10761.785714285714,3121.801407436503,11477.9,3186.72801983693,-775.0,-0.06268197994176641,0.2916808130757892,10044.1863,198.1719,179
2024-06-29,7748.0,314.78,0.8925,0.0122,D,5,6,29,26,2,1,11589.0,11805.0,7572.0,7791.0,8158.0,8898.0,11827.666666666666,250.76948246013512,10586.0,3064.2539603194327,10714.714285714286,3102.5771279961505,11421.533333333333,3168.657343563602,176.0,0.02324352879027998,0.2894628717475376,6915.089999999999,94.52560000000001,180
2024-06-30,5301.0,321.39,0.8854,0.0133,D,6,6,30,26,2,1,7748.0,11589.0,5075.0,4643.0,5656.0,6378.0,10380.666666666666,2282.5127235862924,10611.142857142857,3035.9934359048175,10711.642857142857,3105.7138311665008,11271.933333333332,3234.146361106354,226.0,0.0445320197044335,0.28611370865308333,4693.5054,70.5033,181
2024-07-01,14651.0,313.28,0.976,0.0033,D,0,7,1,27,3,0,5301.0,7748.0,13539.0,14286.0,14601.0,16967.0,8212.666666666666,3169.6486135427217,10643.42857142857,2967.7426807335596,10758.642857142857,3010.3240716712744,11029.266666666666,3401.334189882606,1112.0,0.08213309697909742,0.2788333346549839,14299.376,48.3483,182
2024-07-02,13545.0,316.27,0.7937,0.0274,D,1,7,2,27,3,0,14651.0,5301.0,12433.0,12746.0,13707.0,15595.0,9233.333333333334,4848.740695617091,10802.285714285714,3171.3463341976017,10784.714285714286,3044.60863794376,11221.033333333333,3438.998325328059,1112.0,0.08943939515804714,0.2935810455377594,10750.6665,371.13300000000004,183
2024-07-03,13425.0,308.39,0.9248,0.0097,D,2,7,3,27,3,0,13545.0,14651.0,12089.0,11743.0,13134.0,14192.0,11165.666666666666,5108.967149369168,10961.142857142857,3292.193515402328,10841.785714285714,3091.3312835080624,11459.933333333332,3338.4294669420724,1336.0,0.11051369013152453,0.3003513008004418,12415.439999999999,130.2225,184
2024-07-04,5646.0,314.01,0.9838,0.0044,D,3,7,4,27,3,0,13425.0,13545.0,11805.0,12331.0,11891.0,13225.0,13873.666666666666,675.8589596456798,11152.0,3405.2599998629566,10961.92857142857,3160.951742368493,11341.866666666667,3196.5700338971455,-6159.0,-0.521728081321474,0.3053497130436654,5554.5348,24.8424,185
2024-07-05,12472.0,301.07,0.9823,0.0067,D,4,7,5,27,3,0,5646.0,13425.0,11589.0,12364.0,12248.0,13173.0,10872.0,4526.246458159342,10272.142857142857,3959.0689321510686,10484.42857142857,3431.5690448962446,11010.233333333334,3255.648001426966,883.0,0.07619294158253516,0.3854180171762392,12251.2456,83.5624,186
2024-07-06,8338.0,294.35,0.9819,0.0049,D,5,7,6,27,3,1,12472.0,5646.0,7748.0,7572.0,7791.0,8158.0,10514.333333333334,4242.941707510642,10398.285714285714,4021.5924588105518,10492.142857142857,3436.237630744572,10952.9,3212.5432115703734,590.0,0.07614868353123387,0.38675533345707896,8187.0822,40.8562,187
2024-07-07,5551.0,314.32,0.9825,0.0038,D,6,7,7,27,3,1,8338.0,12472.0,5301.0,5075.0,4643.0,5656.0,8818.666666666666,3438.2916300589322,10482.57142857143,3962.538532184591,10546.857142857143,3391.9776817376915,10790.0,3217.2581708546527,250.0,0.047160913035276364,0.37801207071999965,5453.8575,21.0938,188
2024-07-08,15218.0,317.04,0.92,0.0091,D,0,7,8,28,3,0,5551.0,8338.0,14651.0,13539.0,14286.0,14601.0,8787.0,3482.2781336360795,10518.285714285714,3908.8160063411233,10580.857142857143,3334.814580409876,10535.933333333332,3321.8383457661344,567.0,0.03870043000477783,0.37162101434763767,14000.560000000001,138.4838,189
2024-07-09,13952.0,310.69,0.9441,0.0075,D,1,7,9,28,3,0,15218.0,5551.0,13545.0,12433.0,12746.0,13707.0,9702.333333333334,4975.819162040891,10599.285714285714,4013.2097592112686,10700.785714285714,3476.558558702545,10771.266666666666,3396.8008167253106,407.0,0.03004798818752307,0.3786302084302026,13172.083200000001,104.64,190
2024-07-10,13401.0,318.61,0.9235,0.0077,D,2,7,10,28,3,0,13952.0,15218.0,13425.0,12089.0,11743.0,13134.0,11573.666666666666,5254.053133851362,10657.42857142857,4065.605976036161,10809.285714285714,3557.537921924946,11047.8,3302.3837200547655,-24.0,-0.001787709497206704,0.3814809500047335,12375.8235,103.1877,191
2024-07-11,12672.0,322.12,0.757,0.0264,D,3,7,11,28,3,0,13401.0,13952.0,5646.0,11805.0,12331.0,11891.0,14190.333333333334,931.651401186796,10654.0,4062.892278496522,10903.0,3610.7249431914097,11007.8,3264.9165844548415,7026.0,1.2444208289054197,0.381349003050171,9592.704,334.5408,192
2024-07-12,12053.0,299.38,0.9052,0.014,D,4,7,12,28,3,0,12672.0,13401.0,12472.0,11589.0,12364.0,12248.0,13341.666666666666,642.0594468842589,11657.714285714286,3439.542736774066,10964.92857142857,3634.740652356107,10973.3,3240.790145777031,-419.0,-0.0335952533675433,0.2950443502453122,10910.3756,168.742,193
2024-07-13,7686.0,300.43,0.9682,0.006,D,5,7,13,28,3,1,12053.0,12672.0,8338.0,7748.0,7572.0,7791.0,12708.666666666666,674.7476071341935,11597.857142857143,3426.6318462192285,10998.07142857143,3642.975019747663,10937.266666666666,3221.892129161685,-652.0,-0.0781962101223315,0.2954538760058459,7441.5851999999995,46.116,194
2024-07-14,5100.0,327.61,0.7229,0.0349,D,6,7,14,28,3,1,7686.0,12053.0,5551.0,5301.0,5075.0,4643.0,10803.666666666666,2717.659716250973,11504.714285714286,3537.0906931302397,10993.642857142857,3647.265036606572,10797.1,3270.077530980065,-451.0,-0.08124662223022878,0.3074470695480322,3686.79,177.99,195
2024-07-15,14062.0,320.3,0.8065,0.0171,D,0,7,15,29,3,0,5100.0,7686.0,15218.0,14651.0,13539.0,14286.0,8279.666666666666,3514.311075208527,11440.285714285714,3665.39350840105,10979.285714285714,3671.7110542544137,10558.833333333334,3417.7907371558745,-1156.0,-0.07596267577868314,0.32039352861825815,11341.003,240.46020000000001,196
2024-07-16,13436.0,315.52,0.8564,0.0178,D,1,7,16,29,3,0,14062.0,5100.0,13952.0,13545.0,12433.0,12746.0,8949.333333333334,4612.631497673895,11275.142857142857,3488.600790602224,10937.214285714286,3629.5355536438583,10767.866666666667,3434.3997089621835,-516.0,-0.03698394495412844,0.30940634941863987,11506.590400000001,239.1608,197
2024-07-17,13059.0,318.95,0.8108,0.0227,D,2,7,17,29,3,0,13436.0,14062.0,13401.0,13425.0,12089.0,11743.0,10866.0,5003.302509343203,11201.42857142857,3427.5286459849763,10929.42857142857,3623.6233824146807,11060.966666666667,3264.6785497707624,-342.0,-0.02552048354600403,0.30599031401472815,10588.2372,296.4393,198
2024-07-18,12680.0,319.71,0.9333,0.007,D,3,7,18,29,3,0,13059.0,13436.0,12672.0,5646.0,11805.0,12331.0,13519.0,506.6251079447301,11152.57142857143,3393.215380586326,10903.285714285714,3605.508956467149,11020.066666666668,3230.3878696691736,8.0,0.0006313131313131314,0.3042540818786735,11834.244,88.76,199
2024-07-19,13306.0,305.89,0.8834,0.0163,D,4,7,19,29,3,0,12680.0,13059.0,12053.0,12472.0,11589.0,12364.0,13058.333333333334,378.00044091685857,11153.714285714286,3393.8137207908976,11405.714285714286,3293.111818713331,11017.866666666667,3229.194174417504,1253.0,0.10395752094914129,0.30427655163605055,11754.5204,216.88779999999997,200
2024-07-20,8493.0,295.39,0.9529,0.0042,D,5,7,20,29,3,1,13306.0,12680.0,7686.0,8338.0,7748.0,7572.0,13015.0,315.3109576275546,11332.714285714286,3481.071708266755,11465.285714285714,3321.307074228255,11069.966666666667,3253.8118704844846,807.0,0.1049960967993755,0.30717016422578486,8092.9797,35.6706,201
2024-07-21,5482.0,332.7,0.7988,0.0171,D,6,7,21,29,3,1,8493.0,13306.0,5100.0,5551.0,5301.0,5075.0,11493.0,2616.8624342903463,11448.0,3351.108722000325,11476.357142857143,3310.3206818197364,10942.033333333333,3277.8830582676605,382.0,0.07490196078431373,0.2927243817260941,4379.0216,93.7422,202
2024-07-22,14515.0,327.69,0.7923,0.0179,D,0,7,22,30,3,0,5482.0,8493.0,14062.0,15218.0,14651.0,13539.0,9093.666666666666,3946.434382240925,11502.57142857143,3231.480148845253,11471.42857142857,3319.8588875081728,10712.633333333333,3412.968406486961,453.0,0.03221447873702176,0.2809354559467047,11500.2345,259.8185,203
2024-07-23,13223.0,323.21,0.8569,0.0124,D,1,7,23,30,3,0,14515.0,5482.0,13436.0,13952.0,13545.0,12433.0,9496.666666666666,4599.37847250401,11567.285714285714,3295.1863738027364,11421.214285714286,3263.6724048124124,10944.066666666668,3428.0275814016672,-213.0,-0.015852932420363203,0.2848711837153938,11330.7887,163.96519999999998,204
2024-07-24,12361.0,321.0,0.8743,0.0128,D,2,7,24,30,3,0,13223.0,14515.0,13059.0,13401.0,13425.0,12089.0,11073.333333333334,4885.137903205326,11536.857142857143,3275.981655858866,11369.142857142857,3225.783670011717,11215.666666666666,3265.9392516399153,-698.0,-0.053449728156826706,0.28395789384348374,10807.2223,158.2208,205
2024-07-25,12155.0,313.82,0.9135,0.0103,D,3,7,25,30,3,0,12361.0,13223.0,12680.0,12672.0,5646.0,11805.0,13366.333333333334,1084.1297585313996,11437.142857142857,3232.259964203137,11294.857142857143,3187.1366907797137,11176.4,3244.050635261096,-525.0,-0.04140378548895899,0.28261078877619233,11103.592499999999,125.1965,206
2024-07-26,11423.0,296.9,0.9369,0.0095,D,4,7,26,30,3,0,12155.0,12361.0,13306.0,12053.0,12472.0,11589.0,12579.666666666666,566.5839155265041,11362.142857142857,3204.58725520003,11257.92857142857,3172.9160929603877,11167.133333333333,3240.73272614371,-1883.0,-0.14151510596723282,0.28204074667002216,10702.2087,108.5185,207
2024-07-27,7737.0,289.41,0.9808,0.006,D,5,7,27,30,3,1,11423.0,12155.0,8493.0,7686.0,8338.0,7748.0,11979.666666666666,492.96788265904337,11093.142857142857,3091.2476676670744,11212.92857142857,3165.2307599504093,11144.933333333332,3236.47825771218,-756.0,-0.08901448251501236,0.27866292785336527,7588.4496,46.422000000000004,208
2024-07-28,5217.0,319.24,0.7973,0.0179,D,6,7,28,30,3,1,7737.0,11423.0,5482.0,5100.0,5551.0,5301.0,10438.333333333334,2367.88034607607,10985.142857142857,3208.22320652057,11216.57142857143,3160.885750114152,11009.333333333334,3292.602233988241,-265.0,-0.048340021889821234,0.2920511137854243,4159.5141,93.3843,209
2024-07-29,13599.0,314.87,0.8304,0.0157,D,0,7,29,31,3,0,5217.0,7737.0,14515.0,14062.0,15218.0,14651.0,8125.666666666667,3121.202546028263,10947.285714285714,3284.636850261414,11224.92857142857,3143.5772974868464,10796.933333333332,3455.417305337081,-916.0,-0.0631071305545987,0.30004120984758,11292.6096,213.50429999999997,210
2024-07-30,12446.0,312.25,0.9534,0.0069,D,1,7,30,31,3,0,13599.0,5217.0,13223.0,13436.0,13952.0,13545.0,8851.0,4300.607864011781,10816.42857142857,3133.586170143446,11191.857142857143,3113.7282342046965,10991.966666666667,3442.492065283552,-777.0,-0.058761249338274216,0.28970617699272433,11866.0164,85.8774,211
2024-07-31,12560.0,311.9,0.9699,0.004,D,2,7,31,31,3,0,12446.0,13599.0,12361.0,13059.0,13401.0,13425.0,10420.666666666666,4543.232586312671,10705.42857142857,3046.6879206302483,11121.142857142857,3069.7736788826014,11230.133333333333,3278.4416370916356,199.0,0.01609902111479654,0.2845928026423409,12181.944,50.24,212
2024-08-01,13548.0,309.81,0.9301,0.0075,D,3,8,1,31,3,0,12560.0,12446.0,12155.0,12680.0,12672.0,5646.0,12868.333333333334,635.3379678040174,10733.857142857143,3065.5805555974425,11085.5,3048.3648769589417,11160.433333333332,3224.997628262514,1393.0,0.11460304401480872,0.2855991573949199,12600.9948,101.61,213
2024-08-02,14208.0,312.33,0.9263,0.008,D,4,8,2,31,3,0,13548.0,12560.0,11423.0,13306.0,12053.0,12472.0,12851.333333333334,606.017601504559,10932.857142857143,3214.790062019156,11147.5,3091.807157634509,11160.533333333333,3225.074163630897,2785.0,0.2438063555983542,0.29404848339388595,13160.8704,113.664,214
2024-08-03,9125.0,309.55,0.9344,0.0092,D,5,8,3,31,3,1,14208.0,13548.0,7737.0,8493.0,7686.0,8338.0,13438.666666666666,829.4222889055628,11330.714285714286,3449.336637397868,11211.92857142857,3149.114074790549,11186.633333333333,3247.1250146736775,1388.0,0.1793976993666796,0.30442358269917513,8526.4,83.95,215
2024-08-04,6004.0,298.84,0.9708,0.0052,D,6,8,4,31,3,1,9125.0,14208.0,5217.0,5482.0,5100.0,5551.0,12293.666666666666,2763.916846313097,11529.0,3241.982726665889,11257.07142857143,3111.4443953371083,11302.6,3101.2737716777833,787.0,0.15085298064021468,0.2812024222973275,5828.6832,31.220799999999997,216
2024-08-05,15795.0,323.1,0.9283,0.0076,D,0,8,5,32,3,0,6004.0,9125.0,13599.0,14515.0,14062.0,15218.0,9779.0,4140.9166859525185,11641.42857142857,2990.499169990568,11294.357142857143,3039.2049468226364,11087.0,3238.945315781154,2196.0,0.1614824619457313,0.2568842089818871,14662.4985,120.042,217
2024-08-06,14045.0,323.98,0.9431,0.0065,D,1,8,6,32,3,0,15795.0,6004.0,12446.0,13223.0,13436.0,13952.0,10308.0,5001.5534586766125,11955.142857142857,3326.4010796741186,11385.785714285714,3160.3819676296494,11335.566666666668,3306.1433796988345,1599.0,0.1284750120520649,0.2782401782582371,13245.8395,91.29249999999999,218
2024-08-07,13521.0,319.71,0.9028,0.0098,D,2,8,7,32,3,0,14045.0,15795.0,12560.0,12361.0,13059.0,13401.0,11948.0,5221.4918366306,12183.57142857143,3419.3315553941666,11444.5,3204.4678605395216,11618.7,3153.880042216199,961.0,0.07651273885350318,0.2806510041362392,12206.758800000001,132.5058,219
2024-08-08,12595.0,322.69,0.8715,0.012,D,3,8,8,32,3,0,13521.0,14045.0,13548.0,12155.0,12680.0,12672.0,14453.666666666666,1190.8086888049436,12320.857142857143,3456.0588068189,11527.357142857143,3244.732431949516,11562.133333333333,3101.888253988187,-953.0,-0.07034248597578978,0.28050473816446325,10976.542500000001,151.14000000000001,220
2024-08-09,12431.0,322.94,0.7944,0.025,D,4,8,9,32,3,0,12595.0,13521.0,14208.0,11423.0,13306.0,12053.0,13387.0,734.2288471587099,12184.714285714286,3418.2253053441696,11558.785714285714,3253.3987950726514,11516.9,3075.619257522195,-1777.0,-0.12507038288288289,0.2805338906757786,9875.1864,310.77500000000003,221
2024-08-10,7807.0,304.77,0.889,0.0144,D,5,8,10,32,3,1,12431.0,12595.0,9125.0,7737.0,8493.0,7686.0,12849.0,587.7176192696666,11930.857142857143,3307.099758024213,11630.785714285714,3261.306868267834,11484.566666666668,3060.189104854676,-1318.0,-0.14443835616438355,0.27718878186418755,6940.423,112.4208,222
2024-08-11,5435.0,302.55,0.9026,0.0149,D,6,8,11,32,3,1,7807.0,12431.0,6004.0,5217.0,5482.0,5100.0,10944.333333333334,2718.247474630175,11742.57142857143,3523.886484037326,11635.785714285714,3254.9254080681894,11322.4,3123.3465761075495,-569.0,-0.09477015323117921,0.30009495837199546,4905.630999999999,80.9815,223
2024-08-12,13286.0,325.91,0.8852,0.0145,D,0,8,12,33,3,0,5435.0,7807.0,15795.0,13599.0,14515.0,14062.0,8557.666666666666,3557.8967569806327,11661.285714285714,3681.364317490899,11651.357142857143,3222.2131812954653,11101.8,3298.752600187133,-2509.0,-0.1588477366255144,0.31569111740234834,11760.7672,192.64700000000002,224
2024-08-13,12419.0,325.58,0.9033,0.0095,D,1,8,13,33,3,0,13286.0,5435.0,14045.0,12446.0,13223.0,13436.0,8842.666666666666,4026.661685979256,11302.857142857143,3315.807213363055,11629.0,3208.7176686213816,11288.466666666667,3256.9765939185572,-1626.0,-0.11577073691705234,0.2933600921832834,11218.082699999999,117.98049999999999,225
2024-08-14,11708.0,320.63,0.9529,0.0059,D,2,8,14,33,3,0,12419.0,13286.0,13521.0,12560.0,12361.0,13059.0,10380.0,4304.380443222924,11070.57142857143,3144.2061985575324,11627.07142857143,3208.196916656444,11532.433333333332,3044.635720051923,-1813.0,-0.13408771540566525,0.2840148061772876,11156.5532,69.0772,226
2024-08-15,12244.0,317.52,0.9016,0.0085,D,3,8,15,33,3,0,11708.0,12419.0,12595.0,13548.0,12155.0,12680.0,12471.0,790.2841261217352,10811.57142857143,2979.047490789789,11566.214285714286,3197.2007029845336,11453.966666666667,3007.300307049765,-351.0,-0.027868201667328306,0.2755425065145614,11039.1904,104.07400000000001,227
2024-08-16,12175.0,319.51,0.9035,0.0104,D,4,8,16,33,3,0,12244.0,11708.0,12431.0,14208.0,11423.0,13306.0,12123.666666666666,370.45962443068726,10761.42857142857,2946.8055504869913,11473.07142857143,3153.723817581746,11414.233333333334,2988.02283473864,-256.0,-0.020593677097578634,0.273830331254599,11000.1125,126.61999999999999,228
2024-08-17,8108.0,302.31,0.9144,0.0103,D,5,8,17,33,3,1,12175.0,12244.0,7807.0,9125.0,7737.0,8493.0,12042.333333333334,291.5893230784099,10724.857142857143,2924.1332293274754,11327.857142857143,3063.624169989692,11384.766666666666,2975.5764052832114,301.0,0.03855514282054567,0.2726500866517347,7413.9552,83.5124,229
2024-08-18,5658.0,309.38,0.9759,0.0081,D,6,8,18,33,3,1,8108.0,12175.0,5435.0,6004.0,5217.0,5482.0,10842.333333333334,2368.2534351993063,10767.857142857143,2875.8893945219443,11255.214285714286,3131.1871962949986,11232.366666666667,3023.644700475345,223.0,0.04103035878564858,0.2670809387947411,5521.6422,45.8298,230
2024-08-19,13784.0,333.49,0.8555,0.0496,D,0,8,19,34,3,0,5658.0,8108.0,13286.0,15795.0,13599.0,14515.0,8647.0,3291.7644204894077,10799.714285714286,2807.389339717933,11230.5,3176.855454206731,10977.433333333332,3162.028317648212,498.0,0.037483064880325156,0.25995033437426296,11792.212000000001,683.6863999999999,231
2024-08-20,12830.0,334.42,0.8347,0.0164,D,1,8,20,34,3,0,13784.0,5658.0,12419.0,14045.0,12446.0,13223.0,9183.333333333334,4168.360029236114,10870.857142857143,2886.1024715332724,11086.857142857143,2994.843950144025,11153.8,3166.2308757607493,411.0,0.03309445204927933,0.265489872013416,10709.201,210.412,232
2024-08-21,13050.0,315.53,0.8546,0.0159,D,2,8,21,34,3,0,12830.0,13784.0,11708.0,13521.0,12560.0,12361.0,10757.333333333334,4441.838508245579,10929.57142857143,2926.741296911568,11000.07142857143,2919.176213204035,11398.733333333334,2991.7477412252583,1342.0,0.11462248035531261,0.26778189026338733,11152.53,207.495,233
2024-08-22,12448.0,315.54,0.8403,0.0165,D,3,8,22,34,3,0,13050.0,12830.0,12244.0,12595.0,13548.0,12155.0,13221.333333333334,499.54512642334424,11121.285714285714,3028.4174477926967,10966.42857142857,2890.4610682057582,11349.9,2950.804125938414,204.0,0.016661221822933683,0.27230821377986714,10460.0544,205.392,234
2024-08-23,12393.0,322.17,0.7807,0.0297,D,4,8,23,34,3,0,12448.0,13050.0,12175.0,12431.0,14208.0,11423.0,12776.0,304.61122763283015,11150.42857142857,3041.973364837527,10955.92857142857,2884.350519195336,11324.066666666668,2937.201364815028,218.0,0.01790554414784394,0.27281223724728954,9675.2151,368.07210000000003,235
2024-08-24,7777.0,306.63,0.8758,0.0164,D,5,8,24,34,3,1,12393.0,12448.0,8108.0,7807.0,9125.0,7737.0,12630.333333333334,364.48090942230715,11181.57142857143,3055.2975772769305,10953.214285714286,2882.87314426668,11325.133333333333,2937.596704008618,-331.0,-0.04082387765170202,0.27324402449104407,6811.0966,127.54280000000001,236
2024-08-25,5619.0,297.89,0.888,0.0169,D,6,8,25,34,3,1,7777.0,12393.0,5658.0,5435.0,6004.0,5217.0,10872.666666666666,2681.0670139579315,11134.285714285714,3112.814199096251,10951.07142857143,2885.4016775241757,11179.2,3002.9665378732075,-39.0,-0.006892895015906681,0.2795701744120318,4989.6720000000005,94.96109999999999,237
2024-08-26,14013.0,322.14,0.8833,0.0123,D,0,8,26,35,3,0,5619.0,7777.0,13784.0,13286.0,15795.0,13599.0,8596.333333333334,3460.5273201252553,11128.714285714286,3124.26331126159,10964.214285714286,2858.6384650085365,10985.733333333334,3169.085247472386,229.0,0.016613464886825306,0.280738927341512,12377.6829,172.3599,238
2024-08-27,12498.0,315.85,0.8556,0.0161,D,1,8,27,35,3,0,14013.0,5619.0,12830.0,12419.0,14045.0,12446.0,9136.333333333334,4358.973426545898,11161.42857142857,3157.720636637702,11016.142857142857,2910.1973725595885,11194.933333333332,3154.3460651695414,-332.0,-0.025876851130163678,0.2829136625683337,10693.2888,201.21779999999998,239
2024-08-28,12081.0,311.28,0.8756,0.0196,D,2,8,28,35,3,0,12498.0,14013.0,13050.0,11708.0,13521.0,12560.0,10710.0,4473.535179251412,11114.0,3130.861010435733,11021.785714285714,2913.201785468547,11437.633333333333,2952.160348454756,-969.0,-0.07425287356321839,0.28170424783477893,10578.1236,236.7876,240
2024-08-29,10950.0,328.46,0.696,0.0463,D,3,8,29,35,3,0,12081.0,12498.0,12448.0,12244.0,12595.0,13548.0,12864.0,1016.6725136443791,10975.57142857143,3051.4095025710562,11048.42857142857,2921.6537391396255,11387.033333333333,2926.736884647136,-1498.0,-0.12034061696658098,0.2780182810917413,7621.2,506.985,241
2024-08-30,11541.0,321.26,0.9334,0.0088,D,4,8,30,35,3,0,10950.0,12081.0,12393.0,12175.0,12431.0,14208.0,11843.0,800.9737823424521,10761.57142857143,2982.6899412634684,10956.0,2901.3190899207293,11337.166666666666,2920.810363265804,-852.0,-0.06874848704914065,0.2771611898002718,10772.3694,101.5608,242
2024-08-31,7909.0,325.9,0.7938,0.0258,D,5,8,31,35,3,1,11541.0,10950.0,7777.0,8108.0,7807.0,9125.0,11524.0,565.6916120997125,10639.857142857143,2921.7826994588645,10910.714285714286,2885.7346066088976,11303.2,2912.0112542412303,132.0,0.016973125884016973,0.27460732416133476,6278.164199999999,204.0522,243
2024-09-01,5626.0,309.64,0.8705,0.015,D,6,9,1,35,3,1,7909.0,11541.0,5619.0,5658.0,5435.0,6004.0,10133.333333333334,1948.8623176954534,10658.714285714286,2900.5753862688275,10896.5,2901.051367773678,11115.233333333334,2943.9359026396223,7.0,0.0012457732692649937,0.27213182645832107,4897.433,84.39,244
2024-09-02,8285.0,297.66,0.9918,0.0027,D,0,9,2,36,3,0,5626.0,7909.0,14013.0,13784.0,13286.0,15795.0,8358.666666666666,2983.0280476947046,10659.714285714286,2898.5488158896383,10894.214285714286,2905.50541554825,10829.166666666666,3048.1619796236178,-5728.0,-0.40876329122957256,0.2719161825729377,8217.063,22.369500000000002,245
2024-09-03,15529.0,338.54,0.6855,0.0426,D,1,9,3,36,3,0,8285.0,5626.0,12498.0,12830.0,12419.0,14045.0,7273.333333333333,1438.966411468062,9841.42857142857,2585.7659637035194,10501.42857142857,2856.069265328075,10801.166666666666,3068.1485609327992,3031.0,0.24251880300848136,0.2627429488448924,10645.1295,661.5354,246
2024-09-04,14868.0,325.28,0.9396,0.01,D,2,9,4,36,3,0,15529.0,8285.0,12081.0,13050.0,11708.0,13521.0,9813.333333333334,5125.349191355969,10274.42857142857,3268.429483056697,10694.214285714286,3105.536152857231,11118.666666666666,3047.372778406788,2787.0,0.23069282344176806,0.3181130181921397,13969.9728,148.68,247
2024-09-05,13297.0,323.62,0.8982,0.0131,D,3,9,5,36,3,0,14868.0,15529.0,10950.0,12448.0,12244.0,12595.0,12894.0,4005.1705331983035,10672.57142857143,3670.2261899935097,10824.07142857143,3246.4334623205687,11087.766666666666,3002.6925122277335,2347.0,0.214337899543379,0.3438933357867239,11943.3654,174.19070000000002,248
2024-09-06,12630.0,326.34,0.9287,0.0101,D,4,9,6,36,3,0,13297.0,14868.0,11541.0,12393.0,12175.0,12431.0,14564.666666666666,1146.5009085619274,11007.857142857143,3804.539062250573,10884.714285714286,3286.7805016359175,11062.833333333334,2980.3120651614854,1089.0,0.09435924096698727,0.3456203158231654,11729.481,127.56299999999999,249
2024-09-07,8469.0,322.29,0.9643,0.0065,D,5,9,7,36,3,1,12630.0,13297.0,7909.0,7777.0,8108.0,7807.0,13598.333333333334,1149.0266895652674,11163.42857142857,3851.9430965484958,10901.642857142857,3295.7446131253923,11033.133333333333,2959.3365138657077,560.0,0.07080541155645467,0.3450501852456935,8166.6567000000005,55.0485,250
2024-09-08,5576.0,294.78,0.9873,0.0052,D,6,9,8,36,3,1,8469.0,12630.0,5626.0,5619.0,5658.0,5435.0,11465.333333333334,2616.2439361292936,11243.42857142857,3778.1969622710626,10951.07142857143,3250.151202738009,10895.6,2980.0508859344345,-50.0,-0.008887308922858158,0.33603601768521857,5505.1848,28.995199999999997,251
2024-09-09,14479.0,294.78,0.9939,0.0044,D,0,9,9,37,3,0,5576.0,8469.0,8285.0,14013.0,13784.0,13286.0,8891.666666666666,3545.9433629618625,11236.285714285714,3790.613833945003,10948.0,3255.5934352103304,10667.1,3117.8834481987465,6194.0,0.7476161738080869,0.3373547033541209,14390.6781,63.707600000000006,252
2024-09-10,12791.0,294.78,0.7915,0.0345,D,1,9,10,37,3,0,14479.0,5576.0,15529.0,12498.0,12830.0,12419.0,9508.0,4541.529808335507,12121.142857142857,3708.926683402781,10981.285714285714,3291.5249780791073,10889.5,3144.679554422038,-2738.0,-0.1763152810869985,0.30598819988472875,10124.0765,441.28950000000003,253
2024-09-11,12090.0,294.78,0.8888,0.0116,D,2,9,11,37,3,0,12791.0,14479.0,14868.0,12081.0,13050.0,11708.0,10948.666666666666,4728.794384759533,11730.0,3422.9882656337973,11002.214285714286,3302.822666437611,11134.7,2987.5703212038247,-2778.0,-0.18684422921711058,0.29181485640526833,10745.592,140.244,254
2024-09-12,12854.0,294.78,0.7683,0.026,D,3,9,12,37,3,0,12090.0,12791.0,13297.0,10950.0,12448.0,12244.0,13120.0,1228.0109934361246,11333.142857142857,3148.575838299565,11002.857142857143,3303.049659775802,11094.833333333334,2965.7733896659347,-443.0,-0.03331578551552982,0.27782018439087575,9875.7282,334.204,255
2024-09-13,11941.0,294.78,0.8763,0.0143,D,4,9,13,37,3,0,12854.0,12090.0,12630.0,11541.0,12393.0,12175.0,12578.333333333334,424.080574105096,11269.857142857143,3106.6974656147545,11138.857142857143,3339.7002826633952,11109.333333333334,2973.523885703723,-689.0,-0.054552652414885196,0.2756643164357931,10463.898299999999,170.7563,256
2024-09-14,8076.0,294.78,0.9379,0.0078,D,5,9,14,37,3,1,11941.0,12854.0,8469.0,7909.0,7777.0,8108.0,12295.0,489.80710488923336,11171.42857142857,3067.0844384171996,11167.42857142857,3345.111926707055,11117.1,2975.4451576540423,-393.0,-0.04640453418349274,0.27454720036982605,7574.4803999999995,62.992799999999995,257
2024-09-15,5604.0,294.78,0.9537,0.0068,D,6,9,15,37,3,1,8076.0,11941.0,5576.0,5626.0,5619.0,5658.0,10957.0,2536.4370680148886,11115.285714285714,3127.793029932645,11179.357142857143,3332.8740336496076,10978.166666666666,3018.0163282313856,28.0,0.005021520803443328,0.28139564832892305,5344.5348,38.1072,258
2024-09-16,13913.0,294.78,0.9922,0.0024,D,0,9,16,38,3,0,5604.0,8076.0,14479.0,8285.0,14013.0,13784.0,8540.333333333334,3193.915517563556,11119.285714285714,3119.5354202341146,11177.785714285714,3335.6978090987727,10759.133333333333,3163.118515046483,-566.0,-0.039091097451481455,0.280551781867268,13804.4786,33.3912,259
2024-09-17,13026.0,294.78,0.8016,0.0183,D,1,9,17,38,3,0,13913.0,5604.0,12791.0,15529.0,12498.0,12830.0,9197.666666666666,4266.552745874975,11038.42857142857,3023.80559654788,11579.785714285714,3299.1860343137605,10952.633333333333,3172.8880728743793,235.0,0.018372293018528652,0.2739344261713645,10441.641599999999,238.3758,260
2024-09-18,12641.0,294.78,0.8806,0.0155,D,2,9,18,38,3,0,13026.0,13913.0,12090.0,14868.0,12081.0,13050.0,10847.666666666666,4562.753810291904,11072.0,3047.7162488219487,11401.0,3132.3119011608374,11198.233333333334,3030.9067117617283,551.0,0.04557485525227461,0.27526338952510376,11131.6646,195.9355,261
2024-09-19,12592.0,324.82,0.8509,0.0162,D,3,9,19,38,3,0,12641.0,13026.0,12854.0,13297.0,10950.0,12448.0,13193.333333333334,652.3007997337668,11150.714285714286,3085.2744726245296,11241.92857142857,2996.294775071514,11160.133333333333,3004.349189188019,-262.0,-0.02038276023027851,0.2766885056482186,10714.532799999999,203.9904,262
2024-09-20,12525.0,324.28,0.931,0.0077,D,4,9,20,38,3,0,12592.0,12641.0,11941.0,12630.0,11541.0,12393.0,12753.0,237.69097584884219,11113.285714285714,3062.6738706717106,11191.57142857143,2964.8588425157673,11152.2,3000.0988880253644,584.0,0.048907126706306,0.2755867121039422,11660.775000000001,96.44250000000001,263
2024-09-21,8225.0,317.77,0.9527,0.0064,D,5,9,21,38,3,1,12525.0,12592.0,8076.0,8469.0,7909.0,7777.0,12586.0,58.23229344593782,11196.714285714286,3096.7437583309834,11184.07142857143,2961.0706344492664,11134.7,2990.1617664693604,149.0,0.01844972758791481,0.2765761168240285,7835.9574999999995,52.64,264
2024-09-22,5505.0,304.71,0.9566,0.0089,D,6,9,22,38,3,1,8225.0,12525.0,5604.0,5576.0,5626.0,5619.0,11114.0,2502.171656781358,11218.0,3072.132484122389,11166.642857142857,2978.944692004529,10993.933333333332,3025.3987703342877,-99.0,-0.017665952890792293,0.27385741523644047,5266.083,48.9945,265
2024-09-23,13810.0,286.22,0.9948,0.0017,D,0,9,23,39,3,0,5505.0,8225.0,13913.0,14479.0,8285.0,14013.0,8751.666666666666,3539.5103239478312,11203.857142857143,3102.3636380761595,11161.57142857143,2989.237121980883,10764.333333333334,3173.31334872486,-103.0,-0.007403148134837921,0.27690139195089847,13738.188,23.477,266
2024-09-24,11889.0,306.05,0.9726,0.0041,D,1,9,24,39,3,0,13810.0,5505.0,13026.0,12791.0,15529.0,12498.0,9180.0,4234.061289117099,11189.142857142857,3087.581870902181,11113.785714285714,2937.016727606729,10965.433333333332,3168.6301803050824,-1137.0,-0.08728696453247352,0.2759444499299738,11563.2414,48.7449,267
2024-09-25,12468.0,328.64,0.8212,0.0125,D,2,9,25,39,3,0,11889.0,13810.0,12641.0,12090.0,14868.0,12081.0,10401.333333333334,4347.771881473693,11026.714285714286,3003.610200757621,11049.357142857143,2907.1353758307464,11174.433333333332,3006.455671101579,-173.0,-0.013685626137172693,0.27239394464486694,10238.7216,155.85000000000002,268
2024-09-26,11753.0,323.33,0.8687,0.0093,D,3,9,26,39,3,0,12468.0,11889.0,12592.0,12854.0,13297.0,10950.0,12722.333333333334,985.431039359584,11002.0,2988.7889409145864,11076.357142857143,2919.2737929187047,11122.933333333332,2969.15628249593,-839.0,-0.06662960609911055,0.2716586930480446,10209.8311,109.3029,269
2024-09-27,11187.0,312.81,0.9452,0.0069,D,4,9,27,39,3,0,11753.0,12468.0,12525.0,11941.0,12630.0,11541.0,12036.666666666666,379.6845181638364,10882.142857142857,2930.656833576814,10997.714285714286,2882.2976792982186,11098.1,2960.3614451966655,-1338.0,-0.10682634730538922,0.26930879993485657,10573.9524,77.1903,270
2024-09-28,7346.0,311.47,0.8763,0.0107,D,5,9,28,39,3,1,11187.0,11753.0,8225.0,8076.0,8469.0,7909.0,11802.666666666666,641.9426246428126,10691.0,2848.1194380386037,10943.857142857143,2870.3357042243406,11068.3,2954.620147707886,-879.0,-0.1068693009118541,0.2664034644129271,6437.2998,78.6022,271
2024-09-29,4991.0,321.0,0.8944,0.0127,D,6,9,29,39,3,1,7346.0,11187.0,5505.0,5604.0,5576.0,5626.0,10095.333333333334,2397.7519332352313,10565.42857142857,2990.7690681574895,10891.714285714286,2932.4006817353156,10948.166666666666,3031.8549469821637,-514.0,-0.09336966394187103,0.2830712495889887,4463.9504,63.3857,272
2024-09-30,12820.0,315.71,0.7822,0.0248,D,0,9,30,40,3,0,4991.0,7346.0,13810.0,13913.0,14479.0,8285.0,7841.333333333333,3127.5582062262683,10492.0,3138.3852535977794,10847.92857142857,3020.67650253499,10729.833333333334,3217.8301114938877,-990.0,-0.07168718320057929,0.2991217359509893,10027.804,317.936,273
2024-10-01,13511.0,304.16,0.8746,0.0139,D,1,10,1,40,4,0,12820.0,4991.0,11889.0,13026.0,12791.0,15529.0,8385.666666666666,4016.7138724750207,10350.57142857143,2982.37091685697,10769.857142857143,2948.629351909976,10893.533333333333,3194.2094886640184,1622.0,0.13642863150811674,0.28813587128383233,11816.7206,187.8029,274
2024-10-02,13119.0,305.31,0.9015,0.0134,D,2,10,2,40,4,0,13511.0,12820.0,12468.0,12641.0,12090.0,14868.0,10440.666666666666,4732.179237236613,10582.285714285714,3178.3885704491677,10804.5,2979.8590248017263,11156.366666666667,3067.7299085731156,651.0,0.05221366698748797,0.3003499108097653,11826.7785,175.7946,275
2024-10-03,13329.0,330.02,0.8759,0.0161,D,3,10,3,40,4,0,13119.0,13511.0,11753.0,12592.0,12854.0,13297.0,13150.0,346.5414838081835,10675.285714285714,3251.4453562626427,10838.642857142857,3005.1511572667964,11317.5,3038.5244916253173,1576.0,0.13409342295584106,0.3045768931422177,11674.8711,214.5969,276
2024-10-04,12920.0,320.23,0.9681,0.0045,D,4,10,4,40,4,0,13329.0,13119.0,11187.0,12525.0,11941.0,12630.0,13319.666666666666,196.16659586512662,10900.42857142857,3390.115231922697,10891.285714285714,3044.4268736514227,11244.166666666666,2958.881243416787,1733.0,0.15491195137212838,0.311007517705187,12507.851999999999,58.13999999999999,277
2024-10-05,8036.0,317.32,0.9797,0.0029,D,5,10,5,40,4,1,12920.0,13329.0,7346.0,8225.0,8076.0,8469.0,13122.666666666666,204.52465214078836,11148.0,3476.7032276760883,10919.5,3062.508643629872,11179.233333333334,2897.3479393419752,690.0,0.09392866866321808,0.3118678890990391,7872.8692,23.304399999999998,278
2024-10-06,5561.0,310.02,0.9676,0.0073,D,6,10,6,40,4,1,8036.0,12920.0,4991.0,5505.0,5604.0,5576.0,11428.333333333334,2944.9557438666707,11246.57142857143,3358.72291489602,10906.0,3075.6882906982705,11003.866666666667,2923.840786897677,570.0,0.11420557002604688,0.29864416335482735,5380.8236,40.5953,279
2024-10-07,13849.0,318.37,0.9255,0.0084,D,0,10,7,41,4,0,5561.0,8036.0,12820.0,13810.0,13913.0,14479.0,8839.0,3744.639769056557,11328.0,3184.160067165803,10910.0,3068.151034292601,10768.233333333334,3069.4900136143374,1029.0,0.08026521060842434,0.28108757655065353,12817.2495,116.3316,280
2024-10-08,12611.0,299.56,0.9883,0.0049,D,1,10,8,41,4,0,13849.0,5561.0,13511.0,11889.0,13026.0,12791.0,9148.666666666666,4254.557125404862,11475.0,3286.623546032209,10912.785714285714,3071.0029977334607,10947.566666666668,3087.634600537565,-900.0,-0.06661238990452224,0.2864159952969245,12463.451299999999,61.7939,281
2024-10-09,12366.0,284.52,0.9913,0.0039,D,2,10,9,41,4,0,12611.0,13849.0,13119.0,12468.0,12641.0,12090.0,10673.666666666666,4470.758474054855,11346.42857142857,3210.421875555862,10964.357142857143,3094.629034737015,11182.066666666668,2928.66163305349,-753.0,-0.05739766750514521,0.28294558550696924,12258.415799999999,48.227399999999996,282
2024-10-10,11236.0,326.99,0.8062,0.0197,D,3,10,10,41,4,0,12366.0,12611.0,13329.0,11753.0,12592.0,12854.0,12942.0,794.9798739590673,11238.857142857143,3153.235556724311,10957.07142857143,3090.934547854559,11111.633333333333,2871.4877374693374,-2093.0,-0.1570260334608748,0.2805654984882827,9058.4632,221.3492,283
2024-10-11,11408.0,322.5,0.9263,0.0079,D,4,10,11,41,4,0,11236.0,12366.0,12920.0,11187.0,12525.0,11941.0,12071.0,733.4337052521986,10939.857142857143,3018.3569166336965,10920.142857142857,3083.773908133264,11059.8,2854.110204962127,-1512.0,-0.11702786377708978,0.27590460069256423,10567.2304,90.12320000000001,284
2024-10-12,7572.0,323.49,0.8894,0.0165,D,5,10,12,41,4,1,11408.0,11236.0,8036.0,7346.0,8225.0,8076.0,11670.0,608.857947307881,10723.857142857143,2905.009204149012,10935.92857142857,3085.8099912661164,11037.066666666668,2848.3318400889243,-464.0,-0.05774016923842708,0.27089219535938674,6734.5368,124.938,285
2024-10-13,5357.0,317.59,0.8005,0.0222,D,6,10,13,41,4,1,7572.0,11408.0,5561.0,4991.0,5505.0,5604.0,10072.0,2166.7708692891265,10657.57142857143,2980.865134886339,10952.07142857143,3066.113587747039,10861.0,2895.0152760004303,-204.0,-0.036684049631361265,0.2796945959841343,4288.2785,118.92540000000001,286
2024-10-14,11717.0,315.79,0.7535,0.0327,D,0,10,14,42,4,0,5357.0,7572.0,13849.0,12820.0,13810.0,13913.0,8112.333333333333,3061.4735558768552,10628.42857142857,3039.4191801034863,10978.214285714286,3012.468529770416,10641.533333333333,3055.4357297856154,-2132.0,-0.15394613329482273,0.2859707020353016,8828.7595,383.1459,287
2024-10-15,12169.0,307.81,0.8393,0.0186,D,1,10,15,42,4,0,11717.0,5357.0,12611.0,13511.0,11889.0,13026.0,8215.333333333334,3228.4374445439207,10323.857142857143,2756.5671543045114,10899.42857142857,2974.78241516626,10762.9,3022.14646658914,-442.0,-0.03504876694948854,0.2670094244970952,10213.441700000001,226.34339999999997,288
2024-10-16,12696.0,307.07,0.879,0.0175,D,2,10,16,42,4,0,12169.0,11717.0,12366.0,13119.0,12468.0,12641.0,9747.666666666666,3809.139185345331,10260.714285714286,2699.925783812443,10803.57142857143,2904.958114732748,10981.733333333334,2869.5424113566783,330.0,0.026686074721009218,0.26313234231377797,11159.784,222.18000000000004,289
2024-10-17,11944.0,327.09,0.8826,0.0124,D,3,10,17,42,4,0,12696.0,12169.0,11236.0,13329.0,11753.0,12592.0,12194.0,489.978570959971,10307.857142857143,2745.3119694351326,10773.357142857143,2881.125010161103,10941.166666666666,2835.069494779603,708.0,0.0630117479530082,0.26633197680058107,10541.7744,148.10559999999998,290
2024-10-18,11862.0,328.69,0.8946,0.0235,D,4,10,18,42,4,0,11944.0,12696.0,11408.0,12920.0,11187.0,12525.0,12269.666666666666,385.97452420245173,10409.0,2797.7470698164734,10674.42857142857,2809.510434065137,10905.1,2814.4398150278107,454.0,0.03979663394109397,0.2687815419172325,10611.7452,278.757,291
2024-10-19,7741.0,329.93,0.9171,0.0094,D,5,10,19,42,4,1,11862.0,11944.0,7572.0,8036.0,7346.0,8225.0,12167.333333333334,459.67089676561875,10473.857142857143,2829.843778289502,10598.857142857143,2758.222891008541,10879.133333333333,2801.4353061801426,169.0,0.02231907025884839,0.2701816283812283,7099.2711,72.7654,292
2024-10-20,5359.0,327.88,0.913,0.0101,D,6,10,20,42,4,1,7741.0,11862.0,5357.0,5561.0,4991.0,5505.0,10515.666666666666,2403.2815759567784,10498.0,2801.5396957149583,10577.785714285714,2780.3459989048793,10717.433333333332,2838.90894150568,2.0,0.00037334328915437746,0.26686413561773276,4892.767,54.125899999999994,293
2024-10-21,14024.0,320.04,0.8494,0.0466,D,0,10,21,43,4,0,5359.0,7741.0,11717.0,13849.0,12820.0,13810.0,8320.666666666666,3290.024670626845,10498.285714285714,2800.928043481642,10563.357142857143,2808.762131044779,10478.566666666668,2979.56550504441,2307.0,0.19689340274814374,0.26679861071700817,11911.9856,653.5184,294
2024-10-22,13220.0,298.82,0.9292,0.0097,D,1,10,22,43,4,0,14024.0,5359.0,12169.0,12611.0,13511.0,11889.0,9041.333333333334,4476.4613628772995,10827.857142857143,3089.1277856687107,10575.857142857143,2824.8525314033336,10671.866666666667,3016.2039139578565,1051.0,0.08636699810995152,0.2852944719266571,12284.024000000001,128.234,295
2024-10-23,12192.0,291.92,0.9638,0.0074,D,2,10,23,43,4,0,13220.0,14024.0,12696.0,12366.0,13119.0,12468.0,10867.666666666666,4787.552645489478,10978.0,3189.0998207435687,10619.357142857143,2863.0334533401897,10929.033333333333,2886.589247123529,-504.0,-0.03969754253308128,0.2904991638498423,11750.6496,90.2208,296
2024-10-24,11541.0,296.02,0.9795,0.0044,D,3,10,24,43,4,0,12192.0,13220.0,11944.0,11236.0,13329.0,11753.0,13145.333333333334,918.2795507541908,10906.0,3149.2890732142487,10606.92857142857,2855.234988693459,10875.1,2845.7310962938463,-403.0,-0.033740790354989954,0.2887666489285025,11304.4095,50.7804,297
2024-10-25,11360.0,321.07,0.7982,0.0195,D,4,10,25,43,4,0,11541.0,12192.0,11862.0,11408.0,12920.0,11187.0,12317.666666666666,846.5248568904,10848.42857142857,3130.780246580866,10628.714285714286,2861.560666934994,10863.5,2842.1626752200123,-502.0,-0.04232001348845051,0.2885929723339267,9067.552,221.52,298
2024-10-26,7414.0,312.47,0.8179,0.0372,D,5,10,26,43,4,1,11360.0,11541.0,7741.0,7572.0,8036.0,7346.0,11697.666666666666,437.5663759171945,10776.714285714286,3109.369910141801,10625.285714285714,2860.583733559165,10826.566666666668,2827.7561554548206,-327.0,-0.04224260431468802,0.28852670932026203,6063.9106,275.8008,299
2024-10-27,5120.0,311.97,0.9325,0.007,D,6,10,27,43,4,1,7414.0,11360.0,5359.0,5357.0,5561.0,4991.0,10105.0,2332.230906235479,10730.0,3164.545728326052,10614.0,2873.8372899715055,10681.933333333332,2889.0381997371046,-239.0,-0.044597872737451014,0.29492504457838326,4774.4,35.84,300
2024-10-28,12834.0,303.22,0.9289,0.0081,D,0,10,28,44,4,0,5120.0,7414.0,14024.0,11717.0,13849.0,12820.0,7964.666666666667,3156.2359438630824,10695.857142857143,3232.707762262229,10597.07142857143,2907.6848433679406,10479.7,3059.76543105896,-1190.0,-0.08485453508271534,0.3022392426418186,11921.5026,103.9554,301
2024-10-29,11848.0,296.87,0.8776,0.0159,D,1,10,29,44,4,0,12834.0,5120.0,13220.0,12169.0,12611.0,13511.0,8456.0,3961.157911520311,10525.857142857143,3054.9199895999136,10676.857142857143,2955.707564829647,10662.633333333333,3029.8599317042867,-1372.0,-0.1037821482602118,0.29023004474965586,10397.8048,188.38320000000002,302
2024-10-30,11136.0,311.96,0.9948,0.0045,D,2,10,30,44,4,0,11848.0,12834.0,12192.0,12696.0,12366.0,13119.0,9934.0,4198.094329573832,10329.857142857143,2892.978881624234,10653.92857142857,2944.465720486634,10891.2,2839.936089616003,-1056.0,-0.08661417322834646,0.28005991192478996,11078.0928,50.111999999999995,303
2024-10-31,10330.0,289.61,0.9969,0.0039,D,3,10,31,44,4,0,11136.0,11848.0,11541.0,11944.0,11236.0,13329.0,11939.333333333334,852.676570179634,10179.0,2805.914764683108,10542.5,2890.2612005997494,10835.066666666668,2817.0478670156554,-1211.0,-0.10493024867862404,0.2756572123669425,10297.977,40.287,304
2024-11-01,13190.0,327.67,0.8096,0.0254,D,4,11,1,44,4,0,10330.0,11136.0,11360.0,11862.0,11408.0,12920.0,11104.666666666666,759.4849131702998,10006.0,2744.6068328025895,10427.214285714286,2862.1107106085574,10729.033333333333,2772.3647503882644,1830.0,0.16109154929577466,0.27429610561688883,10678.624,335.026,305
2024-11-02,9265.0,328.34,0.9121,0.0092,D,5,11,2,44,4,1,13190.0,10330.0,7414.0,7741.0,7572.0,8036.0,11552.0,1474.6836948986609,10267.42857142857,2972.746365296062,10522.07142857143,2934.414040952003,10731.4,2774.5048094986273,1851.0,0.24966280010790395,0.28953173081412004,8450.6065,85.238,306
2024-11-03,6231.0,329.86,0.9243,0.0075,D,6,11,3,44,4,1,9265.0,13190.0,5120.0,5359.0,5357.0,5561.0,10928.333333333334,2029.7557324302093,10531.857142857143,2750.6567960259604,10630.92857142857,2850.373618271166,10595.933333333332,2742.3290998627426,1111.0,0.2169921875,0.26117490568997087,5759.3133,46.7325,307
2024-11-04,15397.0,324.69,0.9564,0.0056,D,0,11,4,45,4,0,6231.0,9265.0,12834.0,14024.0,11717.0,13849.0,9562.0,3488.9936944626243,10690.57142857143,2395.465150177368,10693.214285714286,2733.4398497292573,10372.966666666667,2817.743233491127,2563.0,0.19970391148511765,0.22407269491463203,14725.6908,86.2232,308
2024-11-05,12823.0,317.2,0.9803,0.0062,D,1,11,5,45,4,0,15397.0,6231.0,11848.0,13220.0,12169.0,12611.0,10297.666666666666,4669.44207944946,11056.714285714286,2916.827026884161,10791.285714285714,2882.691435462336,10618.333333333334,2925.653388070162,975.0,0.08229237002025658,0.26380595098245574,12570.3869,79.5026,309
2024-11-06,12295.0,302.14,0.9935,0.0026,D,2,11,6,45,4,0,12823.0,15397.0,11136.0,12192.0,12696.0,12366.0,11483.666666666666,4727.499268464598,11196.0,2983.4294584141458,10762.92857142857,2858.8160665208584,10860.4,2790.068786693751,1159.0,0.10407686781609195,0.26647279907236027,12215.0825,31.967,310
2024-11-07,13128.0,294.7,0.9956,0.0041,D,3,11,7,45,4,0,12295.0,12823.0,10330.0,11541.0,11944.0,11236.0,13505.0,1659.6517707037185,11361.57142857143,3011.5724495764016,10770.285714285714,2862.9062809715524,10808.6,2746.7591009443604,2798.0,0.27086156824782187,0.26506654194005874,13070.2368,53.8248,311
2024-11-08,12957.0,328.17,0.9118,0.0077,D,4,11,8,45,4,0,13128.0,12295.0,13190.0,11360.0,11862.0,11408.0,12748.666666666666,421.4455283109747,11761.285714285714,3037.4095714542505,10883.642857142857,2926.4830456511286,10825.833333333334,2760.0471145820366,-233.0,-0.017664897649734647,0.2582548919600597,11814.1926,99.7689,312
2024-11-09,9064.0,325.8,0.8503,0.0145,D,5,11,9,45,4,1,12957.0,13128.0,9265.0,7414.0,7741.0,7572.0,12793.333333333334,439.9571948875447,11728.0,3020.3723280416916,10997.714285714286,2977.1651572639294,10845.533333333333,2773.4956000827087,-201.0,-0.02169454937938478,0.25753515757517836,7707.119199999999,131.428,313
2024-11-10,5546.0,327.5,0.8318,0.0286,D,6,11,10,45,4,1,9064.0,12957.0,6231.0,5120.0,5359.0,5357.0,11716.333333333334,2298.57876378716,11699.285714285714,3048.514650026888,11115.57142857143,2854.5165214846015,10773.133333333333,2791.2437066449497,-685.0,-0.10993419996790242,0.2605727156748057,4613.1628,158.6156,314
2024-11-11,12171.0,328.48,0.8787,0.0219,D,0,11,11,46,4,0,5546.0,9064.0,15397.0,12834.0,14024.0,11717.0,9189.0,3707.080927090742,11601.42857142857,3257.156063047579,11146.0,2787.1646193550523,10577.733333333334,2946.1525691857028,-3226.0,-0.2095213353250633,0.2807547400730582,10694.6577,266.5449,315
2024-11-12,12684.0,324.62,0.9379,0.0127,D,1,11,12,46,4,0,12171.0,5546.0,12823.0,11848.0,13220.0,12169.0,8927.0,3314.624111418964,11140.57142857143,2830.951480635843,11098.642857142857,2761.7944168780705,10731.033333333333,2903.7055574503065,-139.0,-0.010839897059970367,0.2541118737747602,11896.3236,161.08679999999998,316
2024-11-13,13253.0,304.92,0.9442,0.0182,D,2,11,13,46,4,0,12684.0,12171.0,12295.0,11136.0,12192.0,12696.0,10133.666666666666,3981.3071136667286,11120.714285714286,2817.6397755500775,11158.357142857143,2788.155017408264,10975.266666666666,2739.607446500232,958.0,0.07791785278568523,0.2533685969407225,12513.482600000001,241.2046,317
2024-11-14,12682.0,294.91,0.987,0.006,D,3,11,14,46,4,0,13253.0,12684.0,13128.0,10330.0,11541.0,11944.0,12702.666666666666,541.2414741437663,11257.57142857143,2906.0611863908866,11309.57142857143,2843.7031305158184,11026.466666666667,2768.151863650163,-446.0,-0.03397318708104814,0.2581428156889485,12517.134,76.092,318
2024-11-15,13014.0,334.43,0.8572,0.0166,D,4,11,15,46,4,0,12682.0,13253.0,12957.0,13190.0,11360.0,11862.0,12873.0,329.0911727773707,11193.857142857143,2862.7849743778866,11477.57142857143,2850.8471268483177,11043.566666666668,2777.023421148835,57.0,0.004399166473720769,0.25574607017426915,11155.6008,216.0324,319
2024-11-16,8695.0,330.76,0.7885,0.0249,D,5,11,16,46,4,1,13014.0,12682.0,9064.0,9265.0,7414.0,7741.0,12983.0,286.759481098683,11202.0,2868.71080220134,11465.0,2843.092438768846,11054.166666666666,2784.1460906394573,-369.0,-0.04071050308914387,0.25608916284604,6856.0075,216.50549999999998,320
2024-11-17,5726.0,320.4,0.8689,0.0153,D,6,11,17,46,4,1,8695.0,13014.0,5546.0,6231.0,5120.0,5359.0,11463.666666666666,2403.4750536116053,11149.285714285714,2917.520734818388,11424.285714285714,2880.8514080328414,10945.866666666667,2811.396827119966,180.0,0.03245582401730977,0.26167781592323297,4975.3214,87.6078,321
2024-11-18,14289.0,334.07,0.7377,0.0289,D,0,11,18,47,4,0,5726.0,8695.0,12171.0,15397.0,12834.0,14024.0,9145.0,3664.7798023892187,11175.0,2860.132630957288,11388.214285714286,2953.133802969606,10741.333333333334,2961.6357471590854,2118.0,0.17402021197929504,0.2559402801751488,10540.9953,412.9521,322
2024-11-19,13208.0,329.04,0.8188,0.0158,D,1,11,19,47,4,0,14289.0,5726.0,12684.0,12823.0,11848.0,13220.0,9570.0,4348.041053164053,11477.57142857143,3086.159579863125,11309.07142857143,2850.4992130741307,10959.6,2974.1532043186016,524.0,0.0413118889940082,0.2688861140241449,10814.7104,208.68640000000002,323
2024-11-20,12937.0,316.33,0.9269,0.0112,D,2,11,20,47,4,0,13208.0,14289.0,13253.0,12295.0,11136.0,12192.0,11074.333333333334,4663.222312235747,11552.42857142857,3126.392322211168,11336.57142857143,2868.0314533809405,11221.233333333334,2804.9036701552805,-316.0,-0.023843658039689127,0.27062641442712326,11991.3053,144.8944,324
2024-11-21,12946.0,301.31,0.9816,0.0035,D,3,11,21,47,4,0,12937.0,13208.0,12682.0,13128.0,10330.0,11541.0,13478.0,715.2978400638412,11507.285714285714,3099.9140694695434,11382.42857142857,2889.5861219288704,11185.0,2774.3034043360026,264.0,0.020816905850812174,0.2693870775817408,12707.7936,45.311,325
2024-11-22,12429.0,332.57,0.7797,0.0236,D,4,11,22,47,4,0,12946.0,12937.0,13014.0,12957.0,13190.0,11360.0,13030.333333333334,153.9296376053909,11545.0,3118.140257696349,11369.42857142857,2881.5270181006335,11175.866666666667,2767.816364913873,-585.0,-0.04495159059474412,0.27008577372857073,9690.8913,293.32439999999997,326
2024-11-23,8787.0,321.95,0.739,0.0262,D,5,11,23,47,4,1,12429.0,12946.0,8695.0,9064.0,9265.0,7414.0,12770.666666666666,295.92622954602217,11461.42857142857,3079.810538390461,11331.714285714286,2862.5428294698795,11183.766666666666,2771.15287453128,92.0,0.010580793559516964,0.26871087833395524,6493.593,230.2194,327
2024-11-24,5492.0,316.12,0.7726,0.0264,D,6,11,24,47,4,1,8787.0,12429.0,5726.0,5546.0,6231.0,5120.0,11387.333333333334,2266.742670294384,11474.57142857143,3066.203671053334,11311.92857142857,2880.32491394462,11091.966666666667,2804.3280402747555,-234.0,-0.04086622424030737,0.2672172716985799,4243.1192,144.9888,328
2024-11-25,13187.0,313.9,0.8221,0.0203,D,0,11,25,48,4,0,5492.0,8787.0,14289.0,12171.0,15397.0,12834.0,8902.666666666666,3469.946157123089,11441.142857142857,3139.7158803821408,11308.07142857143,2888.664303106875,10896.366666666667,2983.88442139267,-1102.0,-0.07712226187976766,0.274423273932112,10841.032700000002,267.6961,329
2024-11-26,11483.0,306.71,0.9168,0.009,D,1,11,26,48,4,0,13187.0,5492.0,13208.0,12684.0,12823.0,11848.0,9155.333333333334,3860.700497750803,11283.714285714286,2997.5305232966734,11380.642857142857,2924.5506323363375,11088.8,2937.3494197648824,-1725.0,-0.13060266505148396,0.265651047819572,10527.614399999999,103.347,330
2024-11-27,10615.0,293.61,0.9437,0.0068,D,2,11,27,48,4,0,11483.0,13187.0,12937.0,13253.0,12295.0,11136.0,10054.0,4041.631724934865,11037.285714285714,2881.6339528287126,11294.857142857143,2900.897231418707,11300.9,2712.6260002516697,-2322.0,-0.1794851974955554,0.26108175754651103,10017.3755,72.182,331
2024-11-28,2260.0,290.47,0.9702,0.006,D,3,11,28,48,4,0,10615.0,11483.0,12946.0,12682.0,13128.0,10330.0,11761.666666666666,1308.4484450421858,10705.57142857143,2757.4763738572533,11106.42857142857,2849.135758686931,11226.933333333332,2699.602690222667,-10686.0,-0.825428703846748,0.2575739550434456,2192.652,13.56,332
2024-11-29,10614.0,303.92,0.9701,0.007,D,4,11,29,48,4,0,2260.0,10615.0,12429.0,13014.0,12957.0,13190.0,8119.333333333333,5092.85738395778,9179.0,3992.0184952811364,10362.0,3653.732633054335,10907.333333333334,3153.015145182007,-1815.0,-0.1460294472604393,0.43490777811102915,10296.6414,74.298,333
2024-11-30,8370.0,319.51,0.9251,0.0094,D,5,11,30,48,4,1,10614.0,2260.0,8787.0,8695.0,9064.0,9265.0,7829.666666666667,4823.472849859661,8919.714285714286,3800.0743727057816,10190.57142857143,3575.1910054254085,10889.933333333332,3153.150060772102,-417.0,-0.04745646978490953,0.4260309524478758,7743.087,78.678,334
2024-12-01,6453.0,310.0,0.9549,0.0047,D,6,12,1,48,4,1,8370.0,10614.0,5492.0,5726.0,5546.0,6231.0,7081.333333333333,4323.520016529735,8860.142857142857,3805.765863728852,10167.357142857143,3586.6856482775934,10824.6,3185.293735169541,961.0,0.17498179169701383,0.4295377540849384,6161.9697,30.3291,335
2024-12-02,16703.0,319.58,0.9262,0.0082,D,0,12,2,49,4,0,6453.0,8370.0,13187.0,14289.0,12171.0,15397.0,8479.0,2082.64039142622,8997.42857142857,3679.246791448075,10219.285714285714,3522.1182968070957,10600.033333333333,3249.6135206103068,3516.0,0.26662622279517706,0.40892203391661947,15470.3186,136.96460000000002,336
2024-12-03,15810.0,313.21,0.9027,0.0115,D,1,12,3,49,4,0,16703.0,6453.0,11483.0,13208.0,12684.0,12823.0,10508.666666666666,5449.407888324503,9499.714285714286,4495.894931834511,10391.714285714286,3785.8934405047844,10847.966666666667,3423.3448704883403,4327.0,0.37681790472872945,0.4732663316617278,14271.687,181.815,337
2024-12-04,15058.0,313.71,0.9043,0.0132,D,2,12,4,49,4,0,15810.0,16703.0,10615.0,12937.0,13253.0,12295.0,12988.666666666666,5677.637390088711,10117.857142857143,5074.28167095506,10577.57142857143,3992.99014070111,11167.266666666666,3424.587726844001,4443.0,0.41855864342910976,0.5015174260033239,13616.9494,198.7656,338
2024-12-05,14443.0,297.88,0.9405,0.0089,D,3,12,5,49,4,0,15058.0,15810.0,2260.0,12946.0,12682.0,13128.0,15857.0,823.5065269929897,10752.57142857143,5413.375898554212,10729.07142857143,4127.372221649503,11155.966666666667,3410.680804557163,12183.0,5.0,0.5034494245878658,13583.6415,128.5427,339
2024-12-06,13537.0,299.25,0.9115,0.0141,D,4,12,6,49,4,0,14443.0,15058.0,10614.0,12429.0,13014.0,12957.0,15103.666666666666,684.6432160865819,12493.0,4002.492640009889,10836.0,4207.831891933092,11209.966666666667,3450.575519046593,2923.0,0.2753909930280761,0.3203788233418626,12338.9755,190.8717,340
2024-12-07,9402.0,320.4,0.8819,0.0129,D,5,12,7,49,4,1,13537.0,14443.0,8370.0,8787.0,8695.0,9064.0,14346.0,765.1254799051158,12910.57142857143,3925.5236957270154,10915.142857142857,4250.304077034106,11251.366666666667,3471.4303867260605,1032.0,0.12329749103942653,0.3040549922553954,8291.6238,121.2858,341
2024-12-08,6516.0,324.01,0.8653,0.0113,D,6,12,8,49,4,1,9402.0,13537.0,6453.0,5492.0,5726.0,5546.0,12460.666666666666,2687.3388943959676,13058.0,3741.6474980949233,10959.07142857143,4229.74535447895,11127.166666666666,3468.626251805263,63.0,0.009762900976290097,0.2865406262900079,5638.2948,73.6308,342
2024-12-09,14713.0,318.63,0.8909,0.0108,D,0,12,9,50,4,0,6516.0,9402.0,16703.0,13187.0,14289.0,12171.0,9818.333333333334,3528.967318258034,13067.0,3723.1422212964144,11032.214285714286,4135.742983730072,10912.466666666667,3549.8487557226613,-1990.0,-0.11914027420223912,0.2849270851225541,13107.8117,158.90040000000002,343
2024-12-10,13298.0,317.98,0.9196,0.0078,D,1,12,10,50,4,0,14713.0,6516.0,15810.0,11483.0,13208.0,12684.0,10210.333333333334,4157.854534893364,12782.714285714286,3466.357825070656,11141.214285714286,4216.2283396523835,11100.766666666666,3597.915475836578,-2512.0,-0.15888678051865907,0.2711754129515818,12228.8408,103.72439999999999,344
2024-12-11,13473.0,307.92,0.887,0.0152,D,2,12,11,50,4,0,13298.0,14713.0,15058.0,10615.0,12937.0,13253.0,11509.0,4381.562849030012,12423.857142857143,3222.148115185035,11270.857142857143,4255.269707752291,11359.166666666666,3460.9853199713884,-1585.0,-0.10525966263780051,0.2593516713959921,11950.551,204.7896,345
2024-12-12,12568.0,302.69,0.886,0.015,D,3,12,12,50,4,0,13473.0,13298.0,14443.0,2260.0,12946.0,12682.0,13828.0,771.4110447744653,12197.42857142857,3057.682502437799,11475.0,4289.800138790757,11402.566666666668,3479.629753226658,-1875.0,-0.1298206743751298,0.25068255038608367,11135.248,188.51999999999998,346
2024-12-13,12331.0,295.76,0.9669,0.0065,D,4,12,13,50,4,0,12568.0,13473.0,13537.0,10614.0,12429.0,13014.0,13113.0,480.02604096030154,11929.57142857143,2906.5739773338437,12211.285714285714,3373.1952309248295,11398.7,3478.2208506946304,-1206.0,-0.08908916303464579,0.2436444590433964,11922.8439,80.1515,347
2024-12-14,8439.0,326.18,0.8868,0.0118,D,5,12,14,50,4,1,12331.0,12568.0,9402.0,8370.0,8787.0,8695.0,12790.666666666666,602.6826140958024,11757.285714285714,2830.1523936757476,12333.92857142857,3341.720318460707,11367.966666666667,3465.3208388390153,-963.0,-0.10242501595405233,0.24071477571026154,7483.7052,99.58019999999999,348
2024-12-15,5945.0,320.81,0.9225,0.0086,D,6,12,15,50,4,1,8439.0,12331.0,6516.0,6453.0,5492.0,5726.0,11112.666666666666,2318.493548262174,11619.714285714286,2983.000263397334,12338.857142857143,3335.4694020284574,11226.533333333333,3496.289005387767,-571.0,-0.0876304481276857,0.25671889945390025,5484.2625,51.127,349
2024-12-16,14051.0,321.36,0.8931,0.0106,D,0,12,16,51,4,0,5945.0,8439.0,14713.0,16703.0,13187.0,14289.0,8905.0,3218.4027094196836,11538.142857142857,3149.011719496103,12302.57142857143,3406.4338608509033,10990.9,3608.089248360953,-662.0,-0.044994222796166654,0.2729218868655852,12548.9481,148.9406,350
2024-12-17,13228.0,316.17,0.9301,0.0071,D,1,12,17,51,4,0,14051.0,5945.0,13298.0,15810.0,11483.0,13208.0,9478.333333333334,4151.7429271732735,11443.57142857143,3046.029538986933,12113.142857142857,3211.0405420419893,11169.433333333332,3623.0476948075843,-70.0,-0.005263949466085126,0.26617822574007277,12303.3628,93.9188,351
2024-12-18,13390.0,318.86,0.7342,0.044,D,2,12,18,51,4,0,13228.0,14051.0,13473.0,15058.0,10615.0,12937.0,11074.666666666666,4461.439491165752,11433.57142857143,3039.033720178331,11928.714285714286,3052.616996524864,11419.5,3490.8673633175813,-83.0,-0.00616046908632079,0.26579916338162446,9830.938,589.16,352
2024-12-19,12341.0,302.28,0.8651,0.0222,D,3,12,19,51,4,0,13390.0,13228.0,12568.0,14443.0,2260.0,12946.0,13556.333333333334,435.98432693545124,11421.714285714286,3029.8986624575246,11809.57142857143,2951.9786510142508,11389.533333333333,3469.1765567075386,-227.0,-0.018061744112030553,0.26527529814391976,10676.1991,273.97020000000003,353
2024-12-20,12318.0,306.91,0.9728,0.0109,D,4,12,20,51,4,0,12341.0,13390.0,12331.0,13537.0,10614.0,12429.0,12986.333333333334,564.7143820847404,11389.285714285714,3016.771713509089,11659.42857142857,2859.749631706231,11360.633333333333,3457.0956764445978,-13.0,-0.0010542535074203228,0.2648780432055644,11982.9504,134.2662,354
2024-12-21,9411.0,329.57,0.8328,0.0126,D,5,12,21,51,4,1,12318.0,12341.0,8439.0,9402.0,8370.0,8787.0,12683.0,612.3879489343436,11387.42857142857,3016.099294184617,11572.357142857143,2816.4145948935925,11340.0,3449.2010669138986,972.0,0.11517952364024174,0.2648621921328322,7837.4808,118.5786,355
2024-12-22,6146.0,325.11,0.9217,0.0062,D,6,12,22,51,4,1,9411.0,12318.0,5945.0,6516.0,6453.0,5492.0,11356.666666666666,1685.0360035718309,11526.285714285714,2876.896459397736,11573.0,2815.882072487024,11222.166666666666,3452.8245117867455,201.0,0.03380992430613961,0.24959440800882646,5664.7681999999995,38.105199999999996,356
2024-12-23,12297.0,317.7,0.9196,0.0067,D,0,12,23,52,4,0,6146.0,9411.0,14051.0,14713.0,16703.0,13187.0,9291.666666666666,3087.729964445288,11555.0,2812.1804114719703,11546.57142857143,2868.245180869723,11012.733333333334,3565.800523685056,-1754.0,-0.1248309728844922,0.24337346702483517,11308.3212,82.3899,357
2024-12-24,6883.0,304.19,0.8996,0.0149,D,1,12,24,52,4,0,12297.0,6146.0,13228.0,13298.0,15810.0,11483.0,9284.666666666666,3077.4454232907688,11304.42857142857,2624.601484488825,11374.0,2732.5493309643693,11129.733333333334,3547.7912014654103,-6345.0,-0.47966434835198063,0.2321746267761279,6191.9468,102.5567,358
2024-12-25,1727.0,308.86,0.8358,0.0204,D,2,12,25,52,4,0,6883.0,12297.0,13390.0,13473.0,15058.0,10615.0,8442.0,3358.803507203116,10398.0,2927.7070664031025,10915.785714285714,2916.749987402243,11176.1,3480.012191318317,-11663.0,-0.8710231516056759,0.28156444185450114,1443.4266,35.2308,359
2024-12-26,11133.0,294.96,0.8524,0.0174,D,3,12,26,52,4,0,1727.0,6883.0,12341.0,12568.0,14443.0,2260.0,6969.0,5285.524761080959,8731.857142857143,4046.207377638613,10076.785714285714,3706.918068413988,10794.1,3859.9093820880057,-1208.0,-0.09788509845231343,0.4633845139058994,9489.7692,193.71419999999998,360
2024-12-27,11796.0,290.79,0.9951,0.0024,D,4,12,27,52,4,0,11133.0,1727.0,12318.0,12331.0,13537.0,10614.0,6581.0,4710.266659118135,8559.285714285714,3889.3417058368505,9974.285714285714,3652.1699856928394,10782.433333333332,3858.283964481449,-522.0,-0.042377009254749146,0.45440026605788125,11738.1996,28.310399999999998,361
2024-12-28,7865.0,314.63,0.8767,0.01,D,5,12,28,52,4,1,11796.0,11133.0,9411.0,8439.0,9402.0,8370.0,8218.666666666666,5631.7132680324985,8484.714285714286,3809.447322744062,9936.07142857143,3628.334953248813,10821.8,3862.5393237592007,-1546.0,-0.16427584741260226,0.4489776785009754,6895.2455,78.65,362
2024-12-29,4760.0,325.23,0.919,0.0093,D,6,12,29,52,4,1,7865.0,11796.0,6146.0,5945.0,6516.0,6453.0,10264.666666666666,2104.4458494656783,8263.857142857143,3791.568032207406,9895.07142857143,3649.7330664096503,11008.633333333333,3557.6442077862957,-1386.0,-0.2255125284738041,0.4588133563616409,4374.4400000000005,44.267999999999994,363
2024-12-30,12699.0,319.52,0.9947,0.0029,D,0,12,30,1,4,0,4760.0,7865.0,12297.0,14051.0,14713.0,16703.0,8140.333333333333,3526.071515629438,8065.857142857143,3953.3360776510185,9810.42857142857,3760.449660393247,10813.5,3736.1030292040346,402.0,0.03269090021956575,0.49013217165046896,12631.695300000001,36.827099999999994,364
2024-12-31,9246.0,314.7,0.952,0.0065,D,1,12,31,1,4,0,12699.0,4760.0,6883.0,13228.0,13298.0,15810.0,8441.333333333334,4000.7562201830406,8123.285714285715,4027.272721262935,9713.857142857143,3659.167577829335,10957.8,3722.0464004222904,2363.0,0.3433096033706233,0.49576893672230704,8802.192,60.099,365
2025-01-01,4643.0,301.27,0.9717,0.0058,D,2,1,1,1,1,0,9246.0,12699.0,1727.0,13390.0,13473.0,15058.0,8901.666666666666,3980.685158780245,8460.857142857143,4004.9563222159036,9429.42857142857,3516.9992829177554,11050.9,3639.497221339496,2916.0,1.6884771279675739,0.4733511338856469,4511.6031,26.929399999999998,366
2025-01-02,15066.0,315.3,0.972,0.0047,D,3,1,2,1,1,0,4643.0,9246.0,11133.0,12341.0,12568.0,14443.0,8862.666666666666,4041.657127136504,8877.42857142857,3272.4743369069033,8804.642857142857,3536.180721259402,10648.9,3659.654631811301,3933.0,0.3532740501212611,0.3686286305292447,14644.152,70.81020000000001,367
2025-01-03,14288.0,300.19,0.9889,0.0036,D,4,1,3,1,1,0,15066.0,4643.0,11796.0,12318.0,12331.0,13537.0,9651.666666666666,5223.328089765501,9439.285714285714,3984.460637455032,8999.285714285714,3810.18708259787,10624.1,3625.838579342474,2492.0,0.2112580535774839,0.42211463431230006,14129.4032,51.4368,368
2025-01-04,9252.0,288.89,0.9706,0.0076,D,5,1,4,1,1,1,14288.0,15066.0,7865.0,9411.0,8439.0,9402.0,11332.333333333334,5806.178289833456,9795.285714285714,4326.745031941282,9140.0,3974.9916303733926,10598.433333333332,3595.9718237871725,1387.0,0.17635092180546727,0.4417170829056102,8979.9912,70.3152,369
2025-01-05,5819.0,338.79,0.7498,0.0282,D,6,1,5,1,1,1,9252.0,14288.0,4760.0,6146.0,5945.0,6516.0,12868.666666666666,3156.1890522168324,9993.42857142857,4254.775115762792,9128.642857142857,3974.3848794913824,10425.4,3528.863063953872,1059.0,0.22247899159663864,0.4257572949415265,4363.0862,164.0958,370
2025-01-06,13912.0,330.57,0.9066,0.0087,D,0,1,6,2,1,0,5819.0,9252.0,12699.0,12297.0,14051.0,14713.0,9786.333333333334,4259.709418884499,10144.714285714286,4051.6567687093834,9105.285714285714,3994.1736110445795,10168.133333333333,3575.2243405215077,1213.0,0.09551933223088432,0.3993859910293282,12612.6192,121.03439999999999,371
2025-01-07,13309.0,327.86,0.8828,0.0104,D,1,1,7,2,1,0,13912.0,5819.0,9246.0,6883.0,13228.0,13298.0,9661.0,4061.9727965608026,10318.0,4202.249516627968,9220.642857142857,4114.941416671375,10318.466666666667,3636.1983627592863,4063.0,0.43943326844040664,0.40727364960534673,11749.1852,138.4136,372
2025-01-08,12544.0,330.17,0.9011,0.0092,D,2,1,8,2,1,0,13309.0,13912.0,4643.0,1727.0,13390.0,13473.0,11013.333333333334,4508.51708806048,10898.42857142857,4308.75120567212,9679.642857142857,4191.807148513601,10544.9,3602.5976868231382,7901.0,1.7017014861081197,0.39535527323342606,11303.3984,115.4048,373
2025-01-09,11350.0,324.82,0.9568,0.0056,D,3,1,9,2,1,0,12544.0,13309.0,15066.0,11133.0,12341.0,12568.0,13255.0,685.5968202960544,12027.142857142857,3317.920253641398,10452.285714285714,3562.9347114761713,10472.6,3537.2360006278786,-3716.0,-0.24664808177352981,0.27586936424147507,10859.68,63.56,374
2025-01-10,11120.0,307.23,0.9728,0.0055,D,4,1,10,2,1,0,11350.0,12544.0,14288.0,11796.0,12318.0,12331.0,12401.0,987.2978274057133,11496.285714285714,3035.9724808966726,10467.785714285714,3566.593983460575,10407.666666666666,3501.2784495965434,-3168.0,-0.22172452407614782,0.2640829008906816,10817.536,61.16,375
2025-01-11,8187.0,295.06,0.9902,0.0031,D,5,1,11,2,1,1,11120.0,11350.0,9252.0,7865.0,9411.0,8439.0,11671.333333333334,764.451001263887,11043.714285714286,2775.396350931141,10419.5,3551.774134147614,10329.233333333334,3456.309419850472,-1065.0,-0.11511024643320363,0.25131004652314165,8106.7674,25.3797,376
2025-01-12,5349.0,330.73,0.8765,0.0121,D,6,1,12,2,1,1,8187.0,11120.0,5819.0,4760.0,6146.0,5945.0,10219.0,1763.5172241858015,10891.57142857143,2915.6329705653297,10442.5,3534.962446759517,10183.2,3451.0042756196067,-470.0,-0.0807698917339749,0.26769626308623057,4688.398499999999,64.7229,377
2025-01-13,13074.0,330.87,0.9476,0.0074,D,0,1,13,3,1,0,5349.0,8187.0,13912.0,12699.0,12297.0,14051.0,8218.666666666666,2885.630318203162,10824.42857142857,3054.042504459885,10484.57142857143,3464.941218599773,9950.466666666667,3535.5582179683674,-838.0,-0.06023576768257619,0.28214353157829775,12388.9224,96.7476,378
2025-01-14,11956.0,330.44,0.9117,0.0141,D,1,1,14,3,1,0,13074.0,5349.0,13309.0,9246.0,6883.0,13228.0,8870.0,3907.527735026325,10704.714285714286,2926.6080317371784,10511.357142857143,3484.769402085928,10104.966666666667,3568.351338463272,-1353.0,-0.10166053046810429,0.27339431521706387,10900.2852,168.5796,379
2025-01-15,12191.0,325.19,0.9324,0.0089,D,2,1,15,3,1,0,11956.0,13074.0,12544.0,4643.0,1727.0,13390.0,10126.333333333334,4174.8851880421,10511.42857142857,2766.2279887446507,10704.92857142857,3484.3420847753005,10305.333333333334,3494.7122848702393,-353.0,-0.02814094387755102,0.26316384780120355,11366.8884,108.4999,380
2025-01-16,11542.0,318.02,0.8987,0.0363,D,3,1,16,3,1,0,12191.0,11956.0,11350.0,15066.0,11133.0,12341.0,12407.0,589.4684045816495,10461.0,2725.9223515475737,11244.07142857143,3028.331565636197,10243.333333333334,3442.0713724926322,192.0,0.016916299559471364,0.2605795193143651,10372.7954,418.9746,381
2025-01-17,11509.0,314.16,0.8936,0.0132,D,4,1,17,3,1,0,11542.0,12191.0,11120.0,14288.0,11796.0,12318.0,11896.333333333334,328.5883950071237,10488.42857142857,2737.3006689768185,10992.357142857143,2825.9086927146914,10187.133333333333,3405.2259607371348,389.0,0.03498201438848921,0.2609829156327072,10284.4424,151.9188,382
2025-01-18,7791.0,289.02,0.9752,0.0055,D,5,1,18,3,1,1,11509.0,11542.0,8187.0,9252.0,7865.0,9411.0,11747.333333333334,384.5807240792945,10544.0,2756.1433199309477,10793.857142857143,2669.9021260408376,10124.433333333332,3361.2517648097655,-396.0,-0.04836936606815683,0.26139447267933874,7597.7832,42.8505,383
2025-01-19,4782.0,289.02,0.9752,0.0103,D,6,1,19,3,1,1,7791.0,11509.0,5349.0,5819.0,4760.0,6146.0,10280.666666666666,2156.177713764179,10487.42857142857,2815.9993405031673,10689.5,2761.7757317182213,9972.766666666666,3360.4394692415995,-567.0,-0.10600112170499158,0.268511897013052,4663.4064,49.2546,384
2025-01-20,9297.0,289.02,0.9752,0.0091,D,0,1,20,4,1,0,4782.0,7791.0,13074.0,13912.0,12699.0,12297.0,8027.333333333333,3369.7214029253623,10406.42857142857,2991.1439760924704,10615.42857142857,2912.2584604837816,9721.566666666668,3459.2950515998155,-3777.0,-0.28889398806792105,0.28743232662018386,9066.4344,84.6027,385
2025-01-21,11343.0,289.02,0.9752,0.0116,D,1,1,21,4,1,0,9297.0,4782.0,11956.0,13309.0,9246.0,6883.0,7290.0,2298.8164346027984,9866.857142857143,2761.59938131097,10285.785714285714,2768.0291566542337,9717.766666666666,3459.7105587859073,-613.0,-0.051271328203412514,0.279886425974066,11061.693599999999,131.5788,386
2025-01-22,12050.0,289.02,0.9752,0.0082,D,2,1,22,4,1,0,11343.0,9297.0,12191.0,12544.0,4643.0,1727.0,8474.0,3357.0339587201,9779.285714285714,2693.1823006922295,10145.357142857143,2650.2192248115025,9891.0,3404.367833361661,-141.0,-0.011565909277335739,0.27539662705201384,11751.16,98.81,387
2025-01-23,11205.0,289.02,0.9752,0.0055,D,3,1,23,4,1,0,12050.0,11343.0,11542.0,11350.0,15066.0,11133.0,10896.666666666666,1429.7420513272086,9759.142857142857,2672.586851009797,10110.07142857143,2618.930358996735,9882.766666666666,3398.64223075093,-337.0,-0.029197712701438224,0.2738546704492283,10927.116,61.6275,388
2025-01-24,11200.0,289.02,0.9752,0.0087,D,4,1,24,4,1,0,11205.0,12050.0,11509.0,11120.0,14288.0,11796.0,11532.666666666666,453.30600407820447,9711.0,2637.9291751927913,10099.714285714286,2613.931534285875,10026.833333333334,3358.465095672509,-309.0,-0.026848553306108264,0.27164341212983123,10922.24,97.44,389
2025-01-25,7859.0,289.02,0.9752,0.0036,D,5,1,25,4,1,1,11200.0,11205.0,7791.0,8187.0,9252.0,7865.0,11485.0,489.31073971456505,9666.857142857143,2605.2094879664596,10105.42857142857,2616.419800305107,10342.6,2974.588787575922,68.0,0.008728019509690668,0.26949911946215666,7664.096799999999,28.2924,390
2025-01-26,4897.0,289.02,0.9752,0.0065,D,6,1,26,4,1,1,7859.0,11200.0,4782.0,5349.0,5819.0,4760.0,10088.0,1930.3722438949396,9676.57142857143,2597.1633793520973,10082.0,2636.3125763080607,10233.466666666667,3004.498979786848,115.0,0.024048515265579256,0.26839706589501416,4775.5544,31.830499999999997,391
2025-01-27,11726.0,289.02,0.9752,0.0087,D,0,1,27,5,1,0,4897.0,7859.0,9297.0,13074.0,13912.0,12699.0,7985.333333333333,3153.3985370284663,9693.0,2561.156314375726,10049.714285714286,2700.715216626649,10003.5,3141.6733708273205,2429.0,0.2612670754006669,0.2642274130172007,11435.1952,102.0162,392
2025-01-28,11051.0,289.02,0.9752,0.0174,D,1,1,28,5,1,0,11726.0,4897.0,11343.0,11956.0,13309.0,9246.0,8160.666666666667,3424.4798631811623,10040.0,2661.1570165374783,9953.42857142857,2607.0031635012533,10132.2,3130.110435420932,-292.0,-0.02574274883187869,0.2650554797348086,10776.9352,192.2874,393
2025-01-29,10723.0,289.02,0.9752,0.0382,D,2,1,29,5,1,0,11051.0,11726.0,12050.0,12191.0,12544.0,4643.0,9224.666666666666,3763.0347239074604,9998.285714285714,2639.5287277773455,9888.785714285714,2564.4000701490145,10341.9,2964.122168709391,-1327.0,-0.11012448132780082,0.26399812959995167,10457.069599999999,409.61859999999996,394
2025-01-30,10386.0,289.02,0.9752,0.0064,D,3,1,30,5,1,0,10723.0,11051.0,11205.0,11542.0,11350.0,15066.0,11166.666666666666,511.4062312226366,9808.714285714286,2512.1965630556374,9783.92857142857,2492.01359621819,10276.033333333333,2931.715697315318,-819.0,-0.07309236947791165,0.2561188439054115,10128.4272,66.4704,395
2025-01-31,11254.0,306.51,0.9192,0.0095,D,4,1,31,5,1,0,10386.0,10723.0,11200.0,11509.0,11120.0,14288.0,10720.0,332.5101502210083,9691.714285714286,2454.7440948963617,9701.357142857143,2448.0437278379336,10314.033333333333,2925.2854559599064,54.0,0.004821428571428571,0.2532827549935811,10344.676800000001,106.913,396
2025-02-01,8410.0,286.67,0.9865,0.0068,D,5,2,1,5,1,1,11254.0,10386.0,7859.0,7791.0,8187.0,9252.0,10787.666666666666,437.59836989336753,9699.42857142857,2460.352471845096,9683.142857142857,2434.470685073774,10534.4,2725.534615067477,551.0,0.07011070110701106,0.2536595278501778,8296.465,57.187999999999995,397
2025-02-02,5703.0,299.1,0.8978,0.0117,D,6,2,2,5,1,1,8410.0,11254.0,4897.0,4782.0,5349.0,5819.0,10016.666666666666,1457.5285017224585,9778.142857142857,2399.7250834607,9727.357142857143,2402.8786776615443,10312.533333333333,2612.493599838167,806.0,0.16459056565244026,0.24541726568330094,5120.1534,66.7251,398
2025-02-03,14430.0,297.8,0.8854,0.0179,D,0,2,3,6,1,0,5703.0,8410.0,11726.0,9297.0,13074.0,13912.0,8455.666666666666,2775.7817517472945,9893.285714285714,2130.7475772824955,9793.142857142857,2265.7659889060847,10026.366666666667,2632.1309248871166,2704.0,0.23059866962305986,0.21537309634207139,12776.322,258.29699999999997,399
2025-02-04,12459.0,333.55,0.5933,0.0638,D,1,2,4,6,1,0,14430.0,5703.0,11051.0,11343.0,11956.0,13309.0,9514.333333333334,4467.079172494406,10279.57142857143,2690.0721710976954,10159.785714285714,2573.688618383282,10198.966666666667,2746.872221063542,1408.0,0.1274092842276717,0.26169108214188846,7391.9247000000005,794.8842,400
2025-02-05,11812.0,324.04,0.8659,0.0116,D,2,2,5,6,1,0,12459.0,14430.0,10723.0,12050.0,12191.0,12544.0,10864.0,4576.915009042664,10480.714285714286,2807.446272224733,10239.5,2629.8256669333764,10420.3,2647.496490180341,1089.0,0.10155739998134851,0.2678678376006697,10228.0108,137.01919999999998,401
2025-02-06,11275.0,319.57,0.8258,0.0242,D,3,2,6,6,1,0,11812.0,12459.0,10386.0,11205.0,11542.0,11350.0,12900.333333333334,1363.6577038734454,10636.285714285714,2852.914574856484,10222.5,2617.9642634335987,10350.3,2578.8647081145227,889.0,0.08559599460812632,0.26822470282315775,9310.895,272.855,402
2025-02-07,11087.0,320.75,0.867,0.0145,D,4,2,7,6,1,0,11275.0,11812.0,11254.0,11200.0,11509.0,11120.0,11848.666666666666,592.8510211961906,10763.285714285714,2859.6951885521908,10227.5,2620.0510784803782,10282.5,2524.5621778152254,-167.0,-0.014839168295717079,0.2656897962632937,9612.429,160.7615,403
2025-02-08,7393.0,324.72,0.8604,0.0184,D,5,2,8,6,1,1,11087.0,11275.0,8410.0,7859.0,7791.0,8187.0,11391.333333333334,376.2397285419929,10739.42857142857,2855.6127688666515,10219.42857142857,2616.996978755082,10233.933333333332,2493.3780428101545,-1017.0,-0.12092746730083234,0.265899880042388,6360.9372,136.03119999999998,404
2025-02-09,4692.0,314.25,0.8042,0.0319,D,6,2,9,6,1,1,7393.0,11087.0,5703.0,4897.0,4782.0,5349.0,9918.333333333334,2189.0220038485927,10594.142857142857,3015.2870747007028,10186.142857142857,2652.0574845012206,10102.033333333333,2536.590550234746,-1011.0,-0.17727511835875856,0.28461831366260226,3773.3064,149.67479999999998,405
2025-02-10,12001.0,300.07,0.9671,0.0064,D,0,2,10,7,1,0,4692.0,7393.0,14430.0,11726.0,9297.0,13074.0,7724.0,3210.3235039478354,10449.714285714286,3299.4376144168195,10171.5,2683.881911594595,9887.766666666666,2712.9914483555885,-2429.0,-0.16832986832986832,0.31574428967186713,11606.167099999999,76.80640000000001,406
2025-02-11,10980.0,328.7,0.8748,0.0125,D,1,2,11,7,1,0,12001.0,4692.0,12459.0,11051.0,11343.0,11956.0,8028.666666666667,3695.7305547527744,10102.714285714286,2916.5813729025094,10191.142857142857,2697.107934212357,10014.9,2719.8986840917655,-1479.0,-0.11870936672285096,0.28869284930948635,9605.304,137.25,407
2025-02-12,11389.0,326.77,0.9001,0.0103,D,2,2,12,7,1,0,10980.0,12001.0,11812.0,10723.0,12050.0,12191.0,9224.333333333334,3958.174368737851,9891.42857142857,2767.1808070756065,10186.07142857143,2695.4329883166333,10202.6,2577.3648210312867,-423.0,-0.03581103962072469,0.27975542532537906,10251.2389,117.3067,408
2025-02-13,10576.0,330.69,0.8744,0.0376,D,3,2,13,7,1,0,11389.0,10980.0,11275.0,10386.0,11205.0,11542.0,11456.666666666666,513.8524431520711,9831.0,2722.508096100601,10233.642857142857,2711.4675165685894,10146.433333333332,2530.5678752533686,-699.0,-0.06199556541019956,0.27693094253896866,9247.6544,397.6576,409
2025-02-14,9877.0,332.02,0.9096,0.0104,D,4,2,14,7,1,0,10576.0,11389.0,11087.0,11254.0,11200.0,11509.0,10981.666666666666,406.50256251755496,9731.142857142857,2673.0878167749115,10247.214285714286,2712.7639376323773,10100.433333333332,2508.9904231937876,-1210.0,-0.10913682691440425,0.2746941295608265,8984.1192,102.7208,410
2025-02-15,7226.0,326.66,0.9163,0.0089,D,5,2,15,7,1,1,9877.0,10576.0,7393.0,8410.0,7859.0,7791.0,10614.0,756.715930848555,9558.285714285714,2609.1556561645048,10148.857142857143,2698.377713685452,10023.3,2477.8809237761557,-167.0,-0.022588935479507643,0.27297318098211776,6621.1838,64.3114,411
2025-02-16,4818.0,306.82,0.8278,0.0208,D,6,2,16,7,1,1,7226.0,9877.0,4692.0,5703.0,4897.0,4782.0,9226.333333333334,1767.2437107918329,9534.42857142857,2632.9093450112573,10064.285714285714,2774.547598010605,9879.433333333332,2511.727193666199,126.0,0.026854219948849106,0.27614757667818585,3988.3404,100.2144,412
2025-02-17,10402.0,300.8,0.8966,0.014,D,0,2,17,8,1,0,4818.0,7226.0,12001.0,14430.0,11726.0,9297.0,7307.0,2530.4724855251634,9552.42857142857,2594.435896114531,10001.07142857143,2889.267180559698,9656.4,2655.0195479506324,-1599.0,-0.13323889675860345,0.27159961225719287,9326.4332,145.62800000000001,413
2025-02-18,10902.0,333.59,0.7643,0.027,D,1,2,18,8,1,0,10402.0,4818.0,10980.0,12459.0,11051.0,11343.0,7482.0,2800.788460416085,9324.0,2406.505003803924,9713.357142857143,2600.4240070579963,9743.433333333332,2634.477592437911,-78.0,-0.007103825136612022,0.2580979197558906,8332.3986,294.354,414
2025-02-19,11670.0,331.07,0.9194,0.0108,D,2,2,19,8,1,0,10902.0,10402.0,11389.0,11812.0,10723.0,12050.0,8707.333333333334,3377.5265111221956,9312.857142857143,2397.7238114909037,9602.142857142857,2505.5296033786244,9947.433333333332,2468.782118894799,281.0,0.024672930020194925,0.2574638239060642,10729.398,126.036,415
2025-02-20,11511.0,330.26,0.9393,0.0068,D,3,2,20,8,1,0,11670.0,10902.0,10576.0,11275.0,10386.0,11205.0,10991.333333333334,638.7028521412293,9353.0,2440.25101167892,9592.0,2496.1654592594723,10026.533333333333,2485.1846352463126,935.0,0.08840771558245084,0.26090569995497914,10812.2823,78.2748,416
2025-02-21,11256.0,326.14,0.9561,0.0051,D,4,2,21,8,1,0,11511.0,11670.0,9877.0,11087.0,11254.0,11200.0,11361.0,405.3776017493057,9486.57142857143,2541.8266304072763,9608.857142857143,2509.1684144090814,10032.133333333333,2488.440541069198,1379.0,0.13961729270021261,0.2679394394008212,10761.8616,57.40560000000001,417
2025-02-22,7539.0,325.09,0.939,0.0072,D,5,2,22,8,1,1,11256.0,11511.0,7226.0,7393.0,8410.0,7859.0,11479.0,208.8468338281,9683.57142857143,2629.070675932392,9620.92857142857,2517.2202759358324,10005.666666666666,2470.3957707962095,313.0,0.04331580404096319,0.27149804132959715,7079.120999999999,54.2808,418
2025-02-23,4678.0,313.19,0.9248,0.0086,D,6,2,23,8,1,1,7539.0,11256.0,4818.0,4692.0,5703.0,4897.0,10102.0,2223.282033391172,9728.285714285714,2582.557176797555,9631.357142857143,2507.564113978811,9883.466666666667,2499.523137049077,-140.0,-0.029057700290577002,0.2654688865691046,4326.2144,40.2308,419
2025-02-24,11749.0,308.97,0.9621,0.0061,D,0,2,24,9,1,0,4678.0,7539.0,10402.0,12001.0,14430.0,11726.0,7824.333333333333,3298.2695968239545,9708.285714285714,2627.0797928679713,9630.357142857143,2509.6873114192836,9666.066666666668,2659.573480626274,1347.0,0.1294943280138435,0.27060182097877805,11303.712899999999,71.66890000000001,420
2025-02-25,11453.0,325.67,0.8757,0.0089,D,1,2,25,9,1,0,11749.0,4678.0,10902.0,10980.0,12459.0,11051.0,7988.666666666667,3556.8821084389706,9900.714285714286,2733.537495278823,9612.357142857143,2492.219573211589,9795.733333333334,2663.25779157178,551.0,0.05054118510365071,0.27609497824041207,10029.392100000001,101.93169999999999,421
2025-02-26,12806.0,324.67,0.9022,0.0105,D,2,2,26,9,1,0,11453.0,11749.0,11670.0,11389.0,11812.0,10723.0,9293.333333333334,3999.735032890716,9979.42857142857,2774.797581635028,9646.142857142857,2515.28554296275,10014.266666666666,2512.1193131852124,1136.0,0.09734361610968295,0.27805175033562185,11553.5732,134.46300000000002,422
2025-02-27,11145.0,315.17,0.9084,0.0071,D,3,2,27,9,1,0,12806.0,11453.0,11511.0,10576.0,11275.0,10386.0,12002.666666666666,711.275146011287,10141.714285714286,2919.5926493425786,9747.357142857143,2617.255215418896,10050.266666666666,2545.018283700099,-366.0,-0.03179567370341413,0.28787959974924004,10124.118,79.12950000000001,423
2025-02-28,11457.0,314.29,0.812,0.0239,D,4,2,28,9,1,0,11145.0,12806.0,11256.0,9877.0,11087.0,11254.0,11801.333333333334,883.5905914694721,10089.42857142857,2894.1501260959035,9788.0,2635.467466927038,10053.4,2546.3503510602795,201.0,0.017857142857142856,0.286849756218267,9303.084,273.8223,424
2025-03-01,8229.0,331.92,0.9497,0.0066,D,5,3,1,9,1,1,11457.0,11145.0,7539.0,7226.0,7393.0,8410.0,11802.666666666666,882.8048104385089,10118.142857142857,2908.614242130398,9900.857142857143,2673.1324136860385,10077.866666666667,2556.5121273859127,690.0,0.09152407481098289,0.28746522787796724,7815.0813,54.3114,425
2025-03-02,6047.0,320.2,0.9263,0.0091,D,6,3,2,9,1,1,8229.0,11457.0,4678.0,4818.0,4692.0,5703.0,10277.0,1780.4673543763713,10216.714285714286,2816.886266446556,9972.5,2608.590357615813,10005.966666666667,2577.7907339068606,1369.0,0.29264643009833263,0.27571352077304545,5601.3361,55.0277,426
2025-03-03,14525.0,304.34,0.987,0.0037,D,0,3,3,10,1,0,6047.0,8229.0,11749.0,10402.0,12001.0,14430.0,8577.666666666666,2721.801119357048,10412.285714285714,2382.2438102403685,10060.285714285714,2436.80842429259,9832.4,2664.6939087981914,2776.0,0.23627542769597412,0.22879162900533134,14336.175,53.7425,427
2025-03-04,12171.0,293.87,0.992,0.0037,D,1,3,4,10,1,0,14525.0,6047.0,11453.0,10902.0,10980.0,12459.0,9600.333333333334,4402.219591675694,10808.857142857143,2830.70205829881,10354.785714285714,2714.592197127098,10036.233333333334,2783.3745790185008,718.0,0.06269099799179255,0.26188726716306293,12073.632,45.032700000000006,428
2025-03-05,11591.0,342.73,0.9067,0.0075,D,2,3,5,10,1,0,12171.0,14525.0,12806.0,11670.0,11389.0,11812.0,10914.333333333334,4376.474532467126,10911.42857142857,2870.6593816951295,10445.42857142857,2755.1532894471907,10251.833333333334,2684.912277297266,-1215.0,-0.09487740121817897,0.26308740078379034,10509.5597,86.93249999999999,429
2025-03-06,11030.0,335.68,0.9327,0.0088,D,3,3,6,10,1,0,11591.0,12171.0,11145.0,11511.0,10576.0,11275.0,12762.333333333334,1553.81637696782,10737.857142857143,2772.052153704385,10439.785714285714,2752.53195827382,10157.2,2580.57391905834,-115.0,-0.01031852848811126,0.25815692244968663,10287.681,97.06400000000001,430
2025-03-07,10812.0,330.4,0.9196,0.0079,D,4,3,7,10,1,0,11030.0,11591.0,11457.0,11256.0,9877.0,11087.0,11597.333333333334,570.5263651518371,10721.42857142857,2769.576734036135,10405.42857142857,2741.1107438208583,10109.566666666668,2549.6241735669128,-645.0,-0.05629746006808065,0.25832161410063886,9942.7152,85.41480000000001,431
2025-03-08,7512.0,330.86,0.951,0.0056,D,5,3,8,10,1,1,10812.0,11030.0,8229.0,7539.0,7226.0,7393.0,11144.333333333334,401.888458820795,10629.285714285714,2751.6975799365287,10373.714285714286,2733.0694614880736,10076.233333333334,2533.0826209122747,-717.0,-0.08713087860007292,0.25887887990801295,7143.911999999999,42.0672,432
2025-03-09,5112.0,328.88,0.9657,0.0074,D,6,3,9,10,1,1,7512.0,10812.0,6047.0,4678.0,4818.0,4692.0,9784.666666666666,1971.2030167725784,10526.857142857143,2866.870967249332,10371.785714285714,2735.2322972245424,9950.8,2564.64667728526,-935.0,-0.154622126674384,0.2723387358965547,4936.6584,37.8288,433
2025-03-10,12001.0,313.67,0.9414,0.0081,D,0,3,10,11,1,0,5112.0,7512.0,14525.0,11749.0,10402.0,12001.0,7812.0,2861.8176042508235,10393.285714285714,3120.90701101916,10402.785714285714,2667.3544997754902,9751.633333333333,2701.7106902892037,-2524.0,-0.17376936316695352,0.30028107538017845,11297.7414,97.2081,434
2025-03-11,11339.0,304.08,0.9827,0.0018,D,1,3,11,11,1,0,12001.0,5112.0,12171.0,11453.0,10902.0,10980.0,8208.333333333334,3496.890094545905,10032.714285714286,2678.4312395060433,10420.785714285714,2677.9670871353605,9905.233333333334,2693.969570564303,-832.0,-0.06835921452633309,0.2669697514779123,11142.8353,20.4102,435
2025-03-12,11330.0,331.13,0.9517,0.0062,D,2,3,12,11,1,0,11339.0,12001.0,11591.0,12806.0,11670.0,11389.0,9484.0,3800.703750623031,9913.857142857143,2584.543507634785,10412.642857142857,2674.7584105756323,10126.8,2518.016603160727,-261.0,-0.02251747045121215,0.2607000958750882,10782.761,70.246,436
2025-03-13,10189.0,342.24,0.9506,0.006,D,3,3,13,11,1,0,11330.0,11339.0,11030.0,11145.0,11511.0,10576.0,11556.666666666666,384.8302656150679,9876.57142857143,2558.0627994078372,10307.214285714286,2601.2437314772105,10104.433333333332,2503.734296293591,-841.0,-0.07624660018132366,0.2590031184311337,9685.6634,61.134,437
2025-03-14,10367.0,328.21,0.9686,0.0067,D,4,3,14,11,1,0,10189.0,11330.0,10812.0,11457.0,11256.0,9877.0,10952.666666666666,661.3700426639735,9756.42857142857,2514.235659674909,10238.92857142857,2590.0832319351593,10078.066666666668,2498.355016507007,-445.0,-0.04115797262301147,0.25770041170985236,10041.476200000001,69.4589,438
2025-03-15,7244.0,337.76,0.916,0.0088,D,5,3,15,11,1,1,10367.0,10189.0,7512.0,8229.0,7539.0,7226.0,10628.666666666666,613.8585613423802,9692.857142857143,2488.592736773895,10161.07142857143,2566.930896084809,10044.0,2486.8043196315048,-268.0,-0.03567625133120341,0.25674501337387273,6635.504,63.74720000000001,439
2025-03-16,4821.0,335.15,0.9171,0.0085,D,6,3,16,11,1,1,7244.0,10367.0,5112.0,6047.0,4678.0,4818.0,9266.666666666666,1753.940230832652,9654.57142857143,2529.4619228301485,10090.714285714286,2636.5164787759586,9932.933333333332,2536.142725959397,-291.0,-0.056924882629107984,0.26199629279706194,4421.3391,40.978500000000004,440
2025-03-17,12050.0,320.62,0.8901,0.0128,D,0,3,17,12,1,0,4821.0,7244.0,12001.0,14525.0,11749.0,10402.0,7477.333333333333,2780.352915248934,9613.0,2617.4232239615567,10003.142857142857,2796.656653856615,9764.4,2702.5224947227985,49.0,0.004082993083909674,0.2722795406180752,10725.705,154.24,441
2025-03-18,11082.0,300.22,0.9571,0.0065,D,1,3,18,12,1,0,12050.0,4821.0,11339.0,12171.0,11453.0,10902.0,8038.333333333333,3679.3796125615063,9620.0,2624.9288244318755,9826.357142857143,2556.7653424754412,9925.2,2689.7634865900536,-257.0,-0.02266513801922568,0.2728616241613176,10606.582199999999,72.033,442
2025-03-19,11170.0,344.2,0.8589,0.0135,D,2,3,19,12,1,0,11082.0,12050.0,11330.0,11591.0,12806.0,11670.0,9317.666666666666,3924.189640337645,9583.285714285714,2598.543035002861,9748.57142857143,2495.7844061933415,10134.0,2517.228717020582,-160.0,-0.01412180052956752,0.2711536640433497,9593.913,150.795,443
2025-03-20,11007.0,334.07,0.9171,0.0104,D,3,3,20,12,1,0,11170.0,11082.0,10189.0,11030.0,11145.0,11511.0,11434.0,535.2831026662668,9560.42857142857,2581.264215918419,9718.5,2474.321562026193,10159.6,2523.944526413719,818.0,0.08028265776818137,0.2699946133829765,10094.5197,114.47279999999999,444
2025-03-21,10756.0,336.11,0.871,0.0665,D,4,3,21,12,1,0,11007.0,11170.0,10367.0,10812.0,11457.0,11256.0,11086.333333333334,81.58635506840925,9677.285714285714,2632.471190996883,9716.857142857143,2473.3912520493664,10163.1,2525.0820724114637,389.0,0.03752290923121443,0.2720257796161583,9368.476,715.274,445
2025-03-22,7136.0,332.51,0.9499,0.0082,D,5,3,22,12,1,1,10756.0,11007.0,7244.0,7512.0,8229.0,7539.0,10977.666666666666,208.55295091018345,9732.857142857143,2653.4797548735482,9712.857142857143,2471.5285166858293,10132.633333333333,2511.7522456799234,-108.0,-0.014908890115958034,0.27263112115242677,6778.4864,58.51520000000001,446
2025-03-23,4746.0,317.78,0.9569,0.0228,D,6,3,23,12,1,1,7136.0,10756.0,4821.0,5112.0,6047.0,4678.0,9633.0,2166.104106454714,9717.42857142857,2670.621641562303,9686.0,2499.172386087975,9986.8,2555.5887154936727,-75.0,-0.015556938394523958,0.2748280187429967,4541.4474,108.20880000000001,447
2025-03-24,11809.0,318.69,0.931,0.0082,D,0,3,24,13,1,0,4746.0,7136.0,12050.0,12001.0,14525.0,11749.0,7546.0,3025.904823354481,9706.714285714286,2693.591327223789,9659.857142857143,2552.0545224807274,9769.8,2715.488289106738,-241.0,-0.02,0.27749774516264913,10994.179,96.83380000000001,448
2025-03-25,10898.0,299.7,0.9887,0.0037,D,1,3,25,13,1,0,11809.0,4746.0,11082.0,11339.0,12171.0,11453.0,7897.0,3592.468928188513,9672.285714285714,2659.978866725927,9646.142857142857,2538.988316304295,9912.133333333333,2706.419746395252,-184.0,-0.01660350117307345,0.2750103693480857,10774.8526,40.3226,449
2025-03-26,10520.0,332.91,0.9448,0.0066,D,2,3,26,13,1,0,10898.0,11809.0,11170.0,11330.0,11591.0,12806.0,9151.0,3841.939484166813,9646.0,2644.591020681013,9614.642857142857,2519.0274560186663,10119.466666666667,2523.6993609318433,-650.0,-0.05819158460161146,0.27416452629908905,9939.296,69.432,450
2025-03-27,10420.0,330.17,0.9182,0.0095,D,3,3,27,13,1,0,10520.0,10898.0,11007.0,10189.0,11030.0,11145.0,11075.666666666666,662.6117515810796,9553.142857142857,2593.071308221929,9556.785714285714,2485.6797299290733,10078.5,2506.2500872817895,-587.0,-0.05332969928227491,0.27143646305708674,9567.644,98.99,451
2025-03-28,10426.0,329.67,0.8832,0.0171,D,4,3,28,13,1,0,10420.0,10520.0,10756.0,10367.0,10812.0,11457.0,10612.666666666666,252.11373094961107,9469.285714285714,2547.306728964643,9573.285714285714,2490.9602852830058,10044.066666666668,2493.7798333997416,-330.0,-0.030680550390479733,0.2690072731802444,9208.243199999999,178.2846,452
2025-03-29,6992.0,330.77,0.8298,0.0216,D,5,3,29,13,1,1,10426.0,10420.0,7136.0,7244.0,7512.0,8229.0,10455.333333333334,56.08327142141661,9422.142857142857,2522.4571637308577,9577.5,2492.4558710699007,9964.733333333334,2440.1666270597325,-144.0,-0.020179372197309416,0.26771586909432193,5801.9616,151.02720000000002,453
2025-03-30,4434.0,330.78,0.8251,0.0191,D,6,3,30,13,1,1,6992.0,10426.0,4746.0,4821.0,5112.0,6047.0,9279.333333333334,1980.8910452958519,9401.57142857143,2544.697877099414,9559.5,2511.4418705657554,9826.3,2488.228717034638,-312.0,-0.06573957016434892,0.2706672917855054,3658.4934,84.68939999999999,454
2025-03-31,11426.0,309.49,0.7805,0.0348,D,0,3,31,14,1,0,4434.0,6992.0,11809.0,12050.0,12001.0,14525.0,7284.0,3006.653288957658,9357.0,2640.752354917057,9531.857142857143,2569.0778608179835,9592.2,2654.3446155183046,-383.0,-0.03243289016851554,0.2822221176570543,8917.993,397.6248,455
2025-04-01,11990.0,329.48,0.753,0.0675,D,1,4,1,14,2,0,11426.0,4434.0,10898.0,11082.0,11339.0,12171.0,7617.333333333333,3537.6966140885006,9302.285714285714,2584.8578113238427,9487.285714285714,2527.0995057749437,9698.766666666666,2661.8934754630254,1092.0,0.10020187190310148,0.2778734056033371,9028.47,809.325,456
2025-04-02,11691.0,310.45,0.8374,0.0217,D,2,4,2,14,2,0,11990.0,11426.0,10520.0,11170.0,11330.0,11591.0,9283.333333333334,4209.103150711953,9458.285714285714,2726.2945374192213,9552.142857142857,2582.2260777251026,9896.866666666667,2601.204438973091,1171.0,0.11131178707224335,0.2882440454617954,9790.0434,253.6947,457
2025-04-03,11868.0,299.55,0.8745,0.0221,D,3,4,3,14,2,0,11691.0,11990.0,10420.0,11007.0,10189.0,11030.0,11702.333333333334,282.17075208703636,9625.57142857143,2836.017622015232,9589.357142857143,2610.930414980105,9802.4,2475.7670298731414,1448.0,0.13896353166986564,0.2946336893409909,10378.566,262.2828,458
2025-04-04,11455.0,325.87,0.8921,0.0117,D,4,4,4,14,2,0,11868.0,11691.0,10426.0,10756.0,10367.0,10812.0,11849.666666666666,150.34072413477375,9832.42857142857,2953.9751667396026,9650.857142857143,2656.6317557603525,9792.3,2466.3712441141306,1029.0,0.09869556877038174,0.3004318968889712,10219.0055,134.0235,459
2025-04-05,7380.0,324.66,0.9143,0.009,D,5,4,5,14,2,1,11455.0,11868.0,6992.0,7136.0,7244.0,7512.0,11671.333333333334,207.20119047284177,9979.42857142857,3013.4411037407485,9700.785714285714,2685.412020487781,9787.766666666666,2463.073909083764,388.0,0.055491990846681924,0.30196529612610573,6747.534,66.42,460
2025-04-06,4959.0,317.41,0.9315,0.009,D,6,4,6,14,2,1,7380.0,11455.0,4434.0,4746.0,4821.0,5112.0,10234.333333333334,2480.5354932621544,10034.857142857143,2952.280385768,9718.214285714286,2668.2226633695186,9666.1,2489.6016348002304,525.0,0.11840324763193505,0.29420253260600193,4619.3085,44.63099999999999,461
2025-04-07,12304.0,322.07,0.9239,0.0089,D,0,4,7,15,2,0,4959.0,7380.0,11426.0,11809.0,12050.0,12001.0,7931.333333333333,3282.907298924728,10109.857142857143,2788.4017781142034,9733.42857142857,2638.1275910791787,9471.0,2622.4965467910565,878.0,0.07684228951514091,0.27581020569457565,11367.6656,109.5056,462
2025-04-08,11559.0,325.43,0.8297,0.0236,D,1,4,8,15,2,0,12304.0,4959.0,11990.0,10898.0,11082.0,11339.0,8214.333333333334,3742.9053332048443,10235.285714285714,2875.8480322788055,9768.785714285714,2671.1948112745845,9630.733333333334,2644.9035043128542,-431.0,-0.03594662218515429,0.2809738890107281,9590.5023,272.7924,463
2025-04-09,11237.0,316.26,0.7225,0.0559,D,2,4,9,15,2,0,11559.0,12304.0,11691.0,10520.0,11170.0,11330.0,9607.333333333334,4042.77235734753,10173.714285714286,2836.361267204023,9816.0,2698.392626959763,9845.633333333333,2524.2528629461694,-454.0,-0.038833290565392184,0.27879309242906314,8118.7325,628.1483,464
2025-04-10,10370.0,300.23,0.9511,0.015,D,3,4,10,15,2,0,11237.0,11559.0,11868.0,10420.0,11007.0,10189.0,11700.0,547.2960807460948,10108.857142857143,2800.852455269726,9867.214285714286,2719.5036362308047,9820.166666666666,2505.5425606020917,-1498.0,-0.12622177283451297,0.2770691499235194,9862.907,155.54999999999998,465
2025-04-11,10949.0,332.25,0.8003,0.0268,D,4,4,11,15,2,0,10370.0,11237.0,11455.0,10426.0,10756.0,10367.0,11055.333333333334,614.9653106747977,9894.857142857143,2699.434720367171,9863.642857142857,2718.754568014359,9787.866666666667,2491.4939810224796,-506.0,-0.0441728502837189,0.27281189423900143,8762.4847,293.4332,466
2025-04-12,7076.0,327.16,0.9091,0.0127,D,5,4,12,15,2,1,10949.0,10370.0,7380.0,6992.0,7136.0,7244.0,10852.0,441.5642648584812,9822.57142857143,2657.137611361945,9901.0,2730.6432040258114,9775.166666666666,2484.3228604013257,-304.0,-0.041192411924119245,0.2705134425017251,6432.7916000000005,89.8652,467
2025-04-13,4564.0,327.78,0.9287,0.0121,D,6,4,13,15,2,1,7076.0,10949.0,4959.0,4434.0,4746.0,4821.0,9465.0,2089.090950628998,9779.142857142857,2705.752478736821,9907.0,2723.8434384015386,9671.4,2531.015600981901,-395.0,-0.07965315587820125,0.2766860570771284,4238.5868,55.224399999999996,468
2025-04-14,11692.0,326.85,0.9129,0.0141,D,0,4,14,16,2,0,4564.0,7076.0,12304.0,11426.0,11809.0,12050.0,7529.666666666667,3216.5845758091377,9722.714285714286,2824.5420699224646,9916.285714285714,2703.899077217983,9477.966666666667,2692.61019988147,-612.0,-0.04973992197659298,0.2905096238477975,10673.6268,164.8572,469
2025-04-15,10928.0,329.7,0.737,0.0359,D,1,4,15,16,2,0,11692.0,4564.0,11559.0,11990.0,10898.0,11082.0,7777.333333333333,3615.383428259478,9635.285714285714,2739.5185534618818,9935.285714285714,2716.2301768492325,9626.233333333334,2687.815337501021,-631.0,-0.05458949736136344,0.2843214653614419,8053.936,392.3152,470
2025-04-16,10912.0,313.45,0.8288,0.0221,D,2,4,16,16,2,0,10928.0,11692.0,11237.0,11691.0,10520.0,11170.0,9061.333333333334,3913.4932392088394,9545.142857142857,2675.298265525507,9859.42857142857,2668.8495566524534,9829.8,2538.444641901804,-325.0,-0.028922310225149062,0.2802784940534984,9043.8656,241.1552,471
2025-04-17,10209.0,304.63,0.8886,0.0185,D,3,4,17,16,2,0,10912.0,10928.0,10370.0,11868.0,10420.0,11007.0,11177.333333333334,445.7861968851866,9498.714285714286,2643.6765254903157,9803.785714285714,2635.639761148988,9791.866666666667,2512.493166685963,-161.0,-0.015525554484088717,0.27831940681343653,9071.7174,188.8665,472
2025-04-18,9265.0,329.03,0.8607,0.0126,D,4,4,18,16,2,0,10209.0,10912.0,10949.0,11455.0,10426.0,10756.0,10683.0,410.5739884600711,9475.714285714286,2635.520740086966,9685.285714285714,2572.224222448249,9762.766666666666,2502.069401216866,-1684.0,-0.15380400036533018,0.2781342557004185,7974.3855,116.739,473
2025-04-19,6585.0,331.45,0.8362,0.0274,D,5,4,19,16,2,1,9265.0,10209.0,7076.0,7380.0,6992.0,7136.0,10128.666666666666,826.4335020637341,9235.142857142857,2554.229331166341,9528.857142857143,2522.431057444482,9699.266666666666,2489.264438278533,-491.0,-0.06938948558507631,0.27657713266349643,5506.377,180.429,474
2025-04-20,2598.0,324.09,0.9309,0.0065,D,6,4,20,16,2,1,6585.0,9265.0,4564.0,4959.0,4434.0,4746.0,8686.333333333334,1880.0226948984646,9165.0,2629.050652485287,9472.07142857143,2582.7552808308014,9551.866666666667,2539.572143347054,-1966.0,-0.43076248904469766,0.28685768166778913,2418.4782,16.887,475
2025-04-21,11965.0,326.01,0.9389,0.005,D,0,4,21,17,2,0,2598.0,6585.0,11692.0,12304.0,11426.0,11809.0,6149.333333333333,3354.7840963813464,8884.142857142857,3237.1686923694792,9303.42857142857,2950.945108430024,9279.933333333332,2826.7275210322105,273.0,0.023349298665754362,0.3643760286640138,11233.9385,59.825,476
2025-04-22,11442.0,328.5,0.9383,0.0085,D,1,4,22,17,2,0,11965.0,2598.0,10928.0,11559.0,11990.0,10898.0,7049.333333333333,4700.731467902972,8923.142857142857,3278.0212236739903,9279.214285714286,2925.7126200576995,9440.9,2837.902884659481,514.0,0.047035139092240115,0.3673617329851419,10736.0286,97.257,477
2025-04-23,10719.0,311.45,0.8865,0.0121,D,2,4,23,17,2,0,11442.0,11965.0,10912.0,11237.0,11691.0,10520.0,8668.333333333334,5263.5627034674235,8996.57142857143,3335.665493678026,9270.857142857143,2918.8586772952935,9664.1,2716.6463776832074,-193.0,-0.017686950146627568,0.3707707452957663,9502.3935,129.69989999999999,478
2025-04-24,10235.0,303.97,0.9865,0.003,D,3,4,24,17,2,0,10719.0,11442.0,10209.0,10370.0,11868.0,10420.0,11375.333333333334,625.6695080738461,8969.0,3317.945096994019,9233.857142857143,2895.2056086716143,9627.766666666666,2694.1665806641945,26.0,0.002546772455676364,0.3699347861516355,10096.827500000001,30.705000000000002,479
2025-04-25,10533.0,321.99,0.9443,0.0069,D,4,4,25,17,2,0,10235.0,10719.0,9265.0,10949.0,11455.0,10426.0,10798.666666666666,607.4309288580486,8972.714285714286,3319.5787239892184,9224.214285714286,2891.3527092022246,9605.666666666666,2686.0948494477752,1268.0,0.13685914732865623,0.36996371647255216,9946.3119,72.6777,480
2025-04-26,7021.0,320.26,0.9502,0.0043,D,5,4,26,17,2,1,10533.0,10235.0,6585.0,7076.0,7380.0,6992.0,10495.666666666666,244.15022697786455,9153.857142857143,3372.3628921262994,9194.5,2874.351291361914,9606.1,2686.248484539291,436.0,0.06621108580106302,0.3684089493091764,6671.354200000001,30.1903,481
2025-04-27,4731.0,312.2,0.9346,0.008,D,6,4,27,17,2,1,7021.0,10533.0,2598.0,4564.0,4959.0,4434.0,9263.0,1947.3376697429685,9216.142857142857,3320.6396185359317,9190.57142857143,2877.505375635855,9492.8,2722.177112989297,2133.0,0.8210161662817552,0.36030687349451307,4421.5926,37.848,482
2025-04-28,11990.0,313.13,0.8731,0.0107,D,0,4,28,18,2,0,4731.0,7021.0,11965.0,11692.0,12304.0,11426.0,7428.333333333333,2922.369130232055,9520.857142857143,2640.2847339236832,9202.5,2857.1247717834303,9302.966666666667,2850.408167787289,25.0,0.002089427496865859,0.27731586498013056,10468.469,128.293,483
2025-04-29,10277.0,308.72,0.8716,0.0112,D,1,4,29,18,2,0,11990.0,4731.0,11442.0,10928.0,11559.0,11990.0,7914.0,3710.9779034642524,9524.42857142857,2644.15593697641,9223.785714285714,2878.1311826245274,9469.566666666668,2856.7336626889482,-1165.0,-0.1018178640097885,0.27761832819119064,8957.433200000001,115.1024,484
2025-04-30,10995.0,295.38,0.9167,0.0144,D,2,4,30,18,2,0,10277.0,11990.0,10719.0,10912.0,11237.0,11691.0,8999.333333333334,3794.4162045475855,9358.0,2537.8717461684264,9177.285714285714,2853.633997030987,9664.333333333334,2696.2546479212165,276.0,0.025748670584942627,0.27119809213169765,10079.1165,158.328,485
2025-05-01,11876.0,293.89,0.9817,0.0066,D,3,5,1,18,2,0,10995.0,10277.0,10235.0,10209.0,10370.0,11868.0,11087.333333333334,860.2245830789578,9397.42857142857,2564.5442647211735,9183.214285714286,2857.598647023858,9649.966666666667,2687.6787636883973,1641.0,0.16033219345383487,0.2728985110371867,11658.6692,78.3816,486
2025-05-02,12274.0,310.81,0.9174,0.0164,D,4,5,2,18,2,0,11876.0,10995.0,10533.0,9265.0,10949.0,11455.0,11049.333333333334,800.8834705082667,9631.857142857143,2723.919261442439,9302.285714285714,2937.2498499989297,9646.166666666666,2684.3347096316647,1741.0,0.16529004082407672,0.28280312104322075,11260.1676,201.29360000000003,487
2025-05-03,8129.0,307.06,0.9829,0.0053,D,5,5,3,18,2,1,12274.0,11876.0,7021.0,6585.0,7076.0,7380.0,11715.0,654.5234907931509,9880.57142857143,2894.082056953626,9517.214285714286,3042.514804428219,9665.6,2701.702957204122,1108.0,0.15781227745335422,0.29290634432183477,7989.9941,43.0837,488
2025-05-04,5517.0,335.98,0.882,0.0099,D,6,5,4,18,2,1,8129.0,12274.0,4731.0,2598.0,4564.0,4959.0,10759.666666666666,2286.8988463273486,10038.857142857143,2737.691815415032,9627.5,2954.7696708360118,9540.966666666667,2682.776077425989,786.0,0.16613823715916295,0.2727095103014746,4865.994,54.618300000000005,489
2025-05-05,13084.0,327.89,0.9469,0.0065,D,0,5,5,19,2,0,5517.0,8129.0,11990.0,11965.0,11692.0,12304.0,8640.0,3407.3601218538615,10151.142857142857,2488.4843733064617,9836.0,2486.4611553215786,9343.033333333333,2754.7751204713245,1094.0,0.09124270225187657,0.24514327187853913,12389.239599999999,85.04599999999999,490
2025-05-06,11889.0,330.9,0.9067,0.0093,D,1,5,6,19,2,0,13084.0,5517.0,10277.0,11442.0,10928.0,11559.0,8910.0,3843.480584053986,10307.42857142857,2652.1879557039183,9915.92857142857,2576.517938383746,9533.166666666666,2810.8877243409343,1612.0,0.15685511335992994,0.2573084001819413,10779.7563,110.56769999999999,491
2025-05-07,11254.0,328.92,0.9535,0.0048,D,2,5,7,19,2,0,11889.0,13084.0,10995.0,10719.0,10912.0,11237.0,10163.333333333334,4067.9621843538985,10537.714285714286,2718.2662191358695,9947.857142857143,2599.550637414774,9764.166666666666,2704.770524823502,259.0,0.023556161891768988,0.2579559613626035,10730.689,54.0192,492
2025-05-08,10583.0,318.38,0.9587,0.0055,D,3,5,8,19,2,0,11254.0,11889.0,11876.0,10235.0,10209.0,10370.0,12075.666666666666,929.1707772704646,10574.714285714286,2727.275790618766,9986.07142857143,2615.641249933119,9729.166666666666,2677.4268666831517,-1293.0,-0.10887504210171775,0.25790538797848456,10145.9221,58.2065,493
2025-05-09,10633.0,300.57,0.971,0.0059,D,4,5,9,19,2,0,10583.0,11254.0,12274.0,10533.0,9265.0,10949.0,11242.0,653.0826900171538,10390.0,2667.585924889139,10010.92857142857,2619.8390574257087,9696.633333333333,2660.3008189162397,-1641.0,-0.133697246211504,0.25674551731368034,10324.643,62.7347,494
2025-05-10,6365.0,334.7,0.9194,0.0077,D,5,5,10,19,2,1,10633.0,10583.0,8129.0,7021.0,6585.0,7076.0,10823.333333333334,373.8052077397574,10155.57142857143,2543.6516963572135,10018.07142857143,2621.507741865238,9676.5,2650.5087702890723,-1764.0,-0.21700086111452824,0.25046859393859094,5851.981,49.0105,495
2025-05-11,3335.0,332.49,0.9276,0.0061,D,6,5,11,19,2,1,6365.0,10633.0,5517.0,4731.0,2598.0,4564.0,9193.666666666666,2449.8247556372917,9903.57142857143,2847.159277662725,9971.214285714286,2684.30899799247,9543.0,2714.463991034081,-2182.0,-0.3955048033351459,0.2874881347802246,3093.546,20.343500000000002,496
2025-05-12,11908.0,332.5,0.9389,0.0066,D,0,5,12,20,2,0,3335.0,6365.0,13084.0,11990.0,11965.0,11692.0,6777.666666666667,3666.4589638141656,9591.857142857143,3460.776812054935,9871.5,2910.3526815094547,9289.2,2926.16686303854,-1176.0,-0.08988077040660349,0.3608036233767413,11180.421199999999,78.5928,497
2025-05-13,10775.0,321.51,0.9152,0.0149,D,1,5,13,20,2,0,11908.0,3335.0,11889.0,10277.0,11442.0,10928.0,7202.666666666667,4347.452855791913,9423.857142857143,3287.1909197454775,9865.642857142857,2905.8402096770333,9450.266666666666,2933.1206628757172,-1114.0,-0.0937000588779544,0.3488158691196862,9861.28,160.5475,498
2025-05-14,11019.0,341.1,0.955,0.0061,D,2,5,14,20,2,0,10775.0,11908.0,11254.0,10995.0,10719.0,10912.0,8672.666666666666,4657.138212822688,9264.714285714286,3172.9354817626763,9901.214285714286,2914.2989176333167,9657.3,2792.1450183413212,-235.0,-0.02088146436822463,0.34247526517414356,10523.145,67.2159,499
2025-05-15,10845.0,318.6,0.8849,0.0137,D,3,5,15,20,2,0,11019.0,10775.0,10583.0,11876.0,10235.0,10209.0,11234.0,596.3145143295135,9231.142857142857,3149.536708182721,9902.92857142857,2914.9987851768406,9634.866666666667,2777.9008787129183,262.0,0.02475668524992913,0.3411860001435985,9596.7405,148.5765,500
2025-05-16,10532.0,313.56,0.9729,0.0059,D,4,5,16,20,2,0,10845.0,11019.0,10633.0,12274.0,10533.0,9265.0,10879.666666666666,125.63969648708533,9268.57142857143,3169.771277613091,9829.285714285714,2874.0536215909856,9632.1,2776.609596562707,-101.0,-0.009498730367723127,0.3419913523935209,10246.5828,62.138799999999996,501
2025-05-17,6893.0,341.87,0.9251,0.0071,D,5,5,17,20,2,1,10532.0,10845.0,6365.0,8129.0,7021.0,6585.0,10798.666666666666,246.78398111174997,9254.142857142857,3162.747456909965,9704.857142857143,2796.7401314096746,9619.433333333332,2771.431395174865,528.0,0.08295365278868813,0.34176557523842227,6376.714300000001,48.9403,502
2025-05-18,4693.0,339.5,0.9408,0.0047,D,6,5,18,20,2,1,6893.0,10532.0,3335.0,5517.0,4731.0,2598.0,9423.333333333334,2196.91427537201,9329.57142857143,3087.767578534303,9616.57142857143,2868.890343355397,9508.9,2812.9224507250615,1358.0,0.40719640179910044,0.3309656399733584,4415.1744,22.057100000000002,503
2025-05-19,11889.0,333.89,0.9289,0.0097,D,0,5,19,21,2,0,4693.0,6893.0,11908.0,13084.0,11990.0,11965.0,7372.666666666667,2948.904937995334,9523.57142857143,2661.619422904207,9557.714285714286,2966.2652619743317,9356.5,2947.237640044748,-19.0,-0.0015955660060463553,0.2794770263306,11043.6921,115.3233,504
2025-05-20,10957.0,330.14,0.9115,0.0113,D,1,5,20,21,2,0,11889.0,4693.0,10775.0,11889.0,10277.0,11442.0,7825.0,3687.4207788100266,9520.857142857143,2658.790729421388,9472.357142857143,2872.7055756161076,9533.3,2934.3076390674573,182.0,0.016890951276102087,0.2792595970643357,9987.3055,123.8141,505
2025-05-21,10932.0,331.02,0.8709,0.0114,D,2,5,21,21,2,0,10957.0,11889.0,11019.0,11254.0,10995.0,10719.0,9179.666666666666,3913.411469975182,9546.857142857143,2673.9455509646755,9405.785714285714,2822.759729238576,9811.933333333332,2634.611257502878,-87.0,-0.007895453307922679,0.2800864735852147,9520.6788,124.62480000000001,506
2025-05-22,10625.0,314.89,0.9245,0.0077,D,3,5,22,21,2,0,10932.0,10957.0,10845.0,10583.0,11876.0,10235.0,11259.333333333334,545.4505782684417,9534.42857142857,2666.153400009258,9382.785714285714,2807.814238282751,9777.5,2612.155943356707,-220.0,-0.02028584601198709,0.27963431474003697,9822.8125,81.8125,507
2025-05-23,10291.0,312.72,0.9805,0.0056,D,4,5,23,21,2,0,10625.0,10932.0,10532.0,10633.0,12274.0,10533.0,10838.0,184.88645164000462,9503.0,2649.373447943238,9385.785714285714,2809.21733361315,9750.266666666666,2598.426897226447,-241.0,-0.022882643372578806,0.2787933755596378,10090.3255,57.629599999999996,508
2025-05-24,6494.0,335.12,0.9412,0.0046,D,5,5,24,21,2,1,10291.0,10625.0,6893.0,6365.0,8129.0,7021.0,10616.0,320.59475978254153,9468.57142857143,2635.301491742629,9361.357142857143,2799.005884159676,9736.0,2594.096015557445,-399.0,-0.05788481067749891,0.2783209179571274,6112.1528,29.8724,509
2025-05-25,4175.0,332.47,0.9489,0.005,D,6,5,25,21,2,1,6494.0,10291.0,4693.0,3335.0,5517.0,4731.0,9136.666666666666,2294.7013603807613,9411.57142857143,2703.721130660654,9370.57142857143,2788.5760555492234,9611.3,2658.4008046062227,-518.0,-0.11037715746857021,0.28727626955608715,3961.6575,20.875,510
2025-05-26,5637.0,330.61,0.8419,0.0235,D,0,5,26,22,2,0,4175.0,6494.0,11889.0,11908.0,13084.0,11990.0,6986.666666666667,3087.621144721815,9337.57142857143,2857.127920199046,9430.57142857143,2654.5385435365083,9399.366666666667,2830.26808140919,-6252.0,-0.5258642442593995,0.30598190782848583,4745.7903,132.4695,511
2025-05-27,11507.0,339.62,0.8623,0.0136,D,1,5,27,22,2,0,5637.0,4175.0,10957.0,10775.0,11889.0,10277.0,5435.333333333333,1172.579350548699,8444.42857142857,2903.4345097454725,8982.642857142857,2732.2862392887478,9353.233333333334,2881.1936664650193,550.0,0.05019622159350187,0.3438284171849285,9922.4861,156.49519999999998,512
2025-05-28,10983.0,325.91,0.902,0.0088,D,2,5,28,22,2,0,11507.0,5637.0,10932.0,11019.0,11254.0,10995.0,7106.333333333333,3880.5619867917662,8523.0,2988.943681860418,9034.92857142857,2775.879720966811,9579.1,2769.7891660084724,51.0,0.004665203073545554,0.35069150321018633,9906.666000000001,96.6504,513
2025-05-29,10216.0,317.67,0.8859,0.0154,D,3,5,29,22,2,0,10983.0,11507.0,10625.0,10845.0,10583.0,11876.0,9375.666666666666,3248.3634854082025,8530.285714285714,2995.848611789635,9032.357142857143,2773.9163818339316,9545.533333333333,2745.560199521289,-409.0,-0.038494117647058824,0.3512014382791976,9050.3544,157.3264,514
2025-05-30,10285.0,304.0,0.9349,0.009,D,4,5,30,22,2,0,10216.0,10983.0,10291.0,10532.0,10633.0,12274.0,10902.0,649.3003927305434,8471.857142857143,2951.851420638205,8987.42857142857,2747.2648415997623,9543.5,2745.0223383300568,-6.0,-0.000583033718783403,0.34843026397429194,9615.4465,92.565,515
2025-05-31,7151.0,328.82,0.8388,0.0147,D,5,5,31,22,2,1,10285.0,10216.0,6494.0,6893.0,6365.0,8129.0,10494.666666666666,424.31395609072257,8471.0,2951.235955776265,8969.785714285714,2737.3578833098786,9519.833333333334,2735.119288621336,657.0,0.10117031105635972,0.34839286457044805,5998.2588,105.1197,516
2025-06-01,4993.0,313.81,0.9758,0.0084,D,6,6,1,22,2,1,7151.0,10285.0,4175.0,4693.0,3335.0,5517.0,9217.333333333334,1789.8296939466954,8564.857142857143,2887.645201461528,8988.214285714286,2723.1324490675975,9362.333333333334,2730.802021048194,818.0,0.19592814371257486,0.3371504221608349,4872.1694,41.941199999999995,517
2025-06-02,13042.0,321.05,0.9315,0.0084,D,0,6,2,23,2,0,4993.0,7151.0,5637.0,11889.0,11908.0,13084.0,7476.333333333333,2660.9579728611407,8681.714285714286,2690.1888852077313,9009.642857142857,2687.682690953827,9119.633333333333,2786.094058408444,7405.0,1.313642008160369,0.3098683965716797,12148.623,109.55279999999999,518
2025-06-03,11814.0,320.54,0.8923,0.0102,D,1,6,3,23,2,0,13042.0,4993.0,11507.0,10957.0,10775.0,11889.0,8395.333333333334,4166.278235227851,9739.57142857143,2748.668517491259,9092.0,2798.097513009107,9283.4,2869.015830294901,307.0,0.026679412531502564,0.2822165777672648,10541.6322,120.50280000000001,519
2025-06-04,11528.0,325.72,0.8457,0.0226,D,2,6,4,23,2,0,11814.0,13042.0,10983.0,10932.0,11019.0,11254.0,9949.666666666666,4336.289235433142,9783.42857142857,2783.7941050026666,9153.214285714286,2850.912733158973,9493.3,2813.7760265497654,545.0,0.04962214331239188,0.28454177231205346,9749.2296,260.5328,520
2025-06-05,10946.0,327.37,0.7702,0.0249,D,3,6,5,23,2,0,11528.0,11814.0,10216.0,10625.0,10845.0,10583.0,12128.0,804.3606156445463,9861.285714285714,2830.1702960708717,9195.785714285714,2883.7782422630044,9441.433333333332,2759.1159464123843,730.0,0.07145653876272513,0.2869981032971085,8430.6092,272.55539999999996,521
2025-06-06,10294.0,305.15,0.9191,0.0075,D,4,6,6,23,2,0,10946.0,11528.0,10285.0,10291.0,10532.0,10633.0,11429.333333333334,442.3317005747912,9965.57142857143,2858.7245907422184,9218.714285714286,2897.260468059486,9410.0,2735.541300528386,9.0,0.0008750607681088965,0.28686007734049407,9461.215400000001,77.205,522
2025-06-07,6863.0,299.81,0.9632,0.0084,D,5,6,7,23,2,1,10294.0,10946.0,7151.0,6494.0,6893.0,6365.0,10922.666666666666,617.3308135298058,9966.857142857143,2858.894216800811,9218.92857142857,2897.3459861977676,9378.0,2718.7902989482573,-288.0,-0.040274087540204166,0.2868400916982811,6610.441599999999,57.64919999999999,523
2025-06-08,4527.0,333.26,0.7296,0.0331,D,6,6,8,23,2,1,6863.0,10294.0,4993.0,4175.0,4693.0,3335.0,9367.666666666666,2193.4658267986138,9925.714285714286,2907.825230550927,9245.285714285714,2872.2199516314035,9254.0,2746.6262690924927,-466.0,-0.09333066292809934,0.29295878833990335,3302.8992000000003,149.84369999999998,524
2025-06-09,12417.0,325.77,0.8383,0.0207,D,0,6,9,24,2,0,4527.0,6863.0,13042.0,5637.0,11889.0,11908.0,7228.0,2900.774207000595,9859.142857142857,3041.8226130929775,9270.42857142857,2825.5835262360083,9050.466666666667,2864.616682949024,-625.0,-0.047922097837754946,0.308528099974655,10409.171100000001,257.0319,525
2025-06-10,11170.0,326.02,0.8699,0.012,D,1,6,10,24,2,0,12417.0,4527.0,11814.0,11507.0,10957.0,10775.0,7935.666666666667,4052.898386751546,9769.857142857143,2940.3049404538165,9754.714285714286,2734.4896986618824,9252.2,2882.023707098164,-644.0,-0.054511596411037755,0.3009567998241927,9716.783,134.04,526
2025-06-11,10993.0,333.31,0.8351,0.0195,D,2,6,11,24,2,0,11170.0,12417.0,11528.0,10983.0,10932.0,11019.0,9371.333333333334,4241.394385497926,9677.857142857143,2875.0359666487284,9730.642857142857,2719.3191627301217,9513.366666666667,2674.8781407413817,-535.0,-0.0464087439278279,0.2970736108427352,9180.254299999999,214.3635,527
2025-06-12,10232.0,324.18,0.8637,0.014,D,3,6,12,24,2,0,10993.0,11170.0,10946.0,10216.0,10625.0,10845.0,11526.666666666666,776.1136085222274,9601.42857142857,2824.319201574236,9731.357142857143,2719.6747149144685,9482.866666666667,2651.74865836233,-714.0,-0.06522930750959255,0.2941561435949956,8837.3784,143.248,528
2025-06-13,10094.0,306.24,0.9365,0.0087,D,4,6,13,24,2,0,10232.0,10993.0,10294.0,10285.0,10291.0,10532.0,10798.333333333334,498.37970798716503,9499.42857142857,2780.215630554747,9732.5,2719.897389184443,9464.766666666666,2644.4680148584093,-200.0,-0.019428793471925394,0.29267188122418236,9453.031,87.81779999999999,529
2025-06-14,6686.0,303.17,0.9543,0.0072,D,5,6,14,24,2,1,10094.0,10232.0,6863.0,7151.0,6494.0,6893.0,10439.666666666666,484.1428852450083,9470.857142857143,2771.703773768724,9718.857142857143,2717.390769360681,9433.933333333332,2631.0801103589406,-177.0,-0.025790470639661955,0.2926560639613411,6380.4498,48.139199999999995,530
2025-06-15,4172.0,334.1,0.7113,0.0327,D,6,6,15,24,2,1,6686.0,10094.0,4527.0,4993.0,4175.0,4693.0,9004.0,2008.6323705446916,9445.57142857143,2800.121595999168,9685.642857142857,2753.7897134157374,9295.3,2663.5363212246116,-355.0,-0.07841837861718577,0.2964480886279916,2967.5436,136.4244,531
2025-06-16,11868.0,328.82,0.8257,0.0177,D,0,6,16,25,2,0,4172.0,6686.0,12417.0,13042.0,5637.0,11889.0,6984.0,2972.225428866379,9394.857142857143,2905.29094518784,9627.0,2867.7901704166757,9083.3,2810.747859126853,-549.0,-0.0442135781589756,0.3092426953396217,9799.4076,210.0636,532
2025-06-17,10993.0,330.93,0.8976,0.0077,D,1,6,17,25,2,0,11868.0,4172.0,11170.0,11814.0,11507.0,10957.0,7575.333333333333,3924.320238376741,9316.42857142857,2816.1535148225844,9543.142857142857,2775.944381429724,9249.133333333333,2823.7961821209583,-177.0,-0.01584601611459266,0.3022782274592976,9867.316799999999,84.6461,533
2025-06-18,10694.0,331.03,0.9197,0.0109,D,2,6,18,25,2,0,10993.0,11868.0,10993.0,11528.0,10983.0,10932.0,9011.0,4213.472083685851,9291.142857142857,2797.4694772580547,9484.5,2732.615280135646,9459.133333333333,2705.0440844560285,-299.0,-0.02719912671700173,0.30108992190421574,9835.2718,116.5646,534
2025-06-19,9591.0,331.03,0.9297,0.0099,D,3,6,19,25,2,0,10694.0,10993.0,10232.0,10946.0,10216.0,10625.0,11185.0,610.0958941019549,9248.42857142857,2769.293884557505,9424.92857142857,2693.449845723625,9419.3,2676.6788756681763,-641.0,-0.06264659890539484,0.29943399174998897,8916.7527,94.9509,535
2025-06-20,11804.0,307.43,0.9555,0.0077,D,4,6,20,25,2,0,9591.0,10694.0,10094.0,10294.0,10285.0,10291.0,10426.0,738.4233203251634,9156.857142857143,2741.811349489686,9328.142857142857,2658.708676063603,9373.766666666666,2661.1926634413376,1710.0,0.16940756885278382,0.2994271185751163,11278.722,90.8908,536
2025-06-21,7211.0,306.01,0.9942,0.0036,D,5,6,21,25,2,1,11804.0,9591.0,6686.0,6863.0,7151.0,6494.0,10696.333333333334,1106.501845155886,9401.142857142857,2910.2284233699684,9436.0,2730.562607567569,9402.833333333334,2683.4681764505735,525.0,0.07852228537241998,0.3095611318318408,7169.1762,25.9596,537
2025-06-22,4203.0,333.12,0.8901,0.0121,D,6,6,22,25,2,1,7211.0,11804.0,4172.0,4527.0,4993.0,4175.0,9535.333333333334,2297.005949781878,9476.142857142857,2834.3702080339563,9460.857142857143,2706.818792978582,9289.033333333333,2702.176459733932,31.0,0.0074304889741131355,0.2991058968573364,3741.0903,50.8563,538
2025-06-23,11245.0,328.95,0.8973,0.0096,D,0,6,23,26,2,0,4203.0,7211.0,11868.0,12417.0,13042.0,5637.0,7739.333333333333,3827.9436167913045,9480.57142857143,2824.7092391455553,9437.714285714286,2753.2344734755366,9086.1,2848.952080181833,-623.0,-0.052494101786316145,0.29794715017206447,10090.1385,107.95199999999998,539
2025-06-24,10523.0,332.34,0.9049,0.0106,D,1,6,24,26,2,0,11245.0,4203.0,10993.0,11170.0,11814.0,11507.0,7553.0,3533.435155765556,9391.57142857143,2745.6583823157844,9354.0,2672.307070103121,9244.466666666667,2831.8921264928035,-470.0,-0.04275448012371509,0.2923534579061847,9522.262700000001,111.5438,540
2025-06-25,10820.0,328.0,0.8782,0.0124,D,2,6,25,26,2,0,10523.0,11245.0,10694.0,10993.0,11528.0,10983.0,8657.0,3874.133193373711,9324.42857142857,2705.42170817187,9307.785714285714,2643.929627207658,9456.066666666668,2672.7274966341674,126.0,0.011782307836169814,0.2901434321092536,9502.124,134.168,541
2025-06-26,9933.0,317.07,0.9174,0.0101,D,3,6,26,26,2,0,10820.0,10523.0,9591.0,10232.0,10946.0,10216.0,10862.666666666666,362.8861162036712,9342.42857142857,2716.449266790675,9295.42857142857,2635.8393412662854,9628.833333333334,2583.370493985595,342.0,0.0356584297779168,0.29076478840825615,9112.5342,100.32329999999999,542
2025-06-27,9834.0,312.54,0.9078,0.0135,D,4,6,27,26,2,0,9933.0,10820.0,11804.0,10094.0,10294.0,10285.0,10425.333333333334,451.4934477192015,9391.285714285714,2724.7280423487928,9274.07142857143,2628.8690596846177,9576.366666666667,2559.7865951371127,-1970.0,-0.1668925787868519,0.2901336542454487,8927.3052,132.759,543
2025-06-28,6765.0,298.44,0.9705,0.0073,D,5,6,28,26,2,1,9834.0,9933.0,7211.0,6686.0,6863.0,7151.0,10195.666666666666,542.9496600361442,9109.857142857143,2528.677152753416,9255.5,2623.5441603942013,9538.066666666668,2546.5762401951397,-446.0,-0.06184995146304258,0.2775759392380924,6565.4325,49.3845,544
2025-06-29,4087.0,317.87,0.9474,0.0055,D,6,6,29,26,2,1,6765.0,9834.0,4203.0,4172.0,4527.0,4993.0,8844.0,1801.147134467363,9046.142857142857,2589.386312659905,9261.142857142857,2617.6708042762925,9423.033333333333,2592.427905868631,-116.0,-0.027599333809183915,0.28624203194130626,3872.0238,22.4785,545
2025-06-30,11446.0,326.09,0.7107,0.0794,D,0,6,30,27,2,0,4087.0,6765.0,11245.0,11868.0,12417.0,13042.0,6895.333333333333,2875.715968821203,9029.57142857143,2625.6640974010625,9255.07142857143,2630.4499312207777,9216.433333333332,2762.741949876821,201.0,0.017874610938194754,0.29078501877651897,8134.6722,908.8124,546
2025-07-01,12388.0,335.03,0.8876,0.0101,D,1,7,1,27,3,0,11446.0,4087.0,10523.0,10993.0,11170.0,11814.0,7432.666666666667,3724.654928088411,9058.285714285714,2654.866708159794,9224.92857142857,2600.4514538318763,9359.6,2763.303877108227,1865.0,0.17723082771072887,0.2930871018975296,10995.5888,125.1188,547
2025-07-02,11437.0,321.94,0.9328,0.0065,D,2,7,2,27,3,0,12388.0,11446.0,10820.0,10694.0,10993.0,11528.0,9307.0,4545.122770619074,9324.714285714286,2907.880769809614,9324.57142857143,2698.2966625486033,9606.1,2689.191294281862,617.0,0.05702402957486137,0.3118466347290196,10668.4336,74.34049999999999,548
2025-07-03,11313.0,325.59,0.9224,0.0096,D,3,7,3,27,3,0,11437.0,12388.0,9933.0,9591.0,10232.0,10946.0,11757.0,546.4805577512127,9412.857142857143,2969.4587289364913,9377.642857142857,2734.3688797105856,9552.6,2633.8752307264785,1380.0,0.1389308366052552,0.31546837308476916,10435.1112,108.6048,549
2025-07-04,4704.0,327.46,0.9377,0.0074,D,4,7,4,27,3,0,11313.0,11437.0,9834.0,11804.0,10094.0,10294.0,11712.666666666666,588.132921484088,9610.0,3054.342482433818,9500.642857142857,2783.0024076703476,9535.9,2620.5972910901332,-5130.0,-0.5216595485051861,0.31782960275065747,4410.9408,34.8096,550
2025-07-05,6405.0,316.71,0.9236,0.0085,D,5,7,5,27,3,1,4704.0,11313.0,6765.0,7211.0,6686.0,6863.0,9151.333333333334,3852.0026393206604,8877.142857142857,3564.481048183189,8993.5,2971.504999413348,9308.433333333332,2735.3682054780506,-360.0,-0.05321507760532151,0.4015347173685601,5915.657999999999,54.4425,551
2025-07-06,4814.0,300.79,0.98,0.0038,D,6,7,6,27,3,1,6405.0,4704.0,4087.0,4203.0,4172.0,4527.0,7474.0,3431.732944155175,8825.714285714286,3602.429259739677,8935.92857142857,3016.168850208339,9157.066666666668,2767.084123608536,727.0,0.17788108637142158,0.4081742443861725,4717.72,18.2932,552
2025-07-07,13692.0,339.18,0.9336,0.0079,D,0,7,7,28,3,0,4814.0,6405.0,11446.0,11245.0,11868.0,12417.0,5307.666666666667,951.9087841454219,8929.57142857143,3450.3119113660246,8979.57142857143,2946.0218996075187,8974.4,2868.4639599714615,2246.0,0.19622575572252315,0.3863916582072755,12782.8512,108.16680000000001,553
2025-07-08,11587.0,332.07,0.9299,0.0084,D,1,7,8,28,3,0,13692.0,4814.0,12388.0,10523.0,10993.0,11170.0,8303.666666666666,4733.7535142139905,9250.42857142857,3809.1027314903963,9154.357142857143,3155.8821906241938,9202.033333333333,2964.489320251473,-801.0,-0.0646593477558928,0.411775811474878,10774.7513,97.3308,554
2025-07-09,11996.0,319.62,0.9838,0.0029,D,2,7,9,28,3,0,11587.0,13692.0,11437.0,10820.0,10694.0,10993.0,10031.0,4639.027160946573,9136.0,3709.8772666131845,9230.357142857143,3203.8247000719725,9437.366666666667,2858.9145936916284,559.0,0.0488764536154586,0.40607238032105786,11801.6648,34.788399999999996,555
2025-07-10,11055.0,327.7,0.929,0.0068,D,3,7,10,28,3,0,11996.0,11587.0,11313.0,9933.0,9591.0,10232.0,12425.0,1116.1482876392752,9215.857142857143,3773.139604651603,9314.357142857143,3263.568566112001,9423.333333333334,2844.782693759336,-258.0,-0.022805621850967912,0.4094181958512691,10270.095000000001,75.17399999999999,556
2025-07-11,10320.0,325.82,0.9178,0.0117,D,4,7,11,28,3,0,11055.0,11996.0,4704.0,9834.0,11804.0,10094.0,11546.0,471.83789589228775,9179.0,3750.431619605044,9394.5,3293.5675712142147,9419.5,2842.4244113929817,5616.0,1.1938775510204083,0.40858825793714393,9471.696,120.744,557
2025-07-12,6812.0,312.15,0.916,0.0091,D,5,7,12,28,3,1,10320.0,11055.0,6405.0,6765.0,7211.0,6686.0,11123.666666666666,840.1073344123251,9981.285714285714,3192.8316436608234,9429.214285714286,3301.10883885008,9397.066666666668,2832.2150455725982,407.0,0.06354410616705698,0.31988180030665625,6239.792,61.989200000000004,558
2025-07-13,4530.0,299.41,0.9921,0.006,D,6,7,13,28,3,1,6812.0,10320.0,4814.0,4087.0,4203.0,4172.0,9395.666666666666,2267.500018375597,10039.42857142857,3119.7203858221424,9432.57142857143,3298.213612391879,9283.066666666668,2866.0762308283984,-284.0,-0.05899459908599917,0.3107468083094513,4494.213,27.18,559
2025-07-14,11483.0,327.35,0.9522,0.0046,D,0,7,14,29,3,0,4530.0,6812.0,13692.0,11446.0,11245.0,11868.0,7220.666666666667,2916.5529882608457,9998.857142857143,3199.8205381224816,9464.214285714286,3244.674030767054,9097.6,2989.172929089246,-2209.0,-0.16133508618171194,0.3200186273696618,10934.1126,52.821799999999996,560
2025-07-15,10765.0,336.07,0.9144,0.0083,D,1,7,15,29,3,0,11483.0,4530.0,11587.0,12388.0,10523.0,10993.0,7608.333333333333,3544.243548817333,9683.285714285714,2866.455053097562,9466.857142857143,3246.4270029856425,9257.5,2984.019318486968,-822.0,-0.07094157245188573,0.29602091043009215,9843.516,89.3495,561
2025-07-16,11473.0,335.82,0.8968,0.0123,D,2,7,16,29,3,0,10765.0,11483.0,11996.0,11437.0,10820.0,10694.0,8926.0,3823.9368457128035,9565.857142857143,2791.3210390166732,9350.92857142857,3161.969869566124,9477.266666666666,2835.6601850464117,-523.0,-0.04359786595531844,0.2918004102853409,10288.9864,141.1179,562
2025-07-17,10953.0,329.13,0.9077,0.0097,D,3,7,17,29,3,0,11473.0,10765.0,11055.0,11313.0,9933.0,9591.0,11240.333333333334,411.6811063595001,9491.142857142857,2721.560914167417,9353.5,3163.8109383852584,9464.1,2825.073918471438,-102.0,-0.009226594301221167,0.2867474397057696,9942.0381,106.2441,563
2025-07-18,10463.0,325.35,0.9069,0.0103,D,4,7,18,29,3,0,10953.0,11473.0,10320.0,4704.0,9834.0,11804.0,11063.666666666666,366.7442342196763,9476.57142857143,2712.0488477129115,9327.785714285714,3148.083646102371,9462.766666666666,2824.336793477096,143.0,0.013856589147286822,0.2861846046489143,9488.8947,107.7689,564
2025-07-19,7158.0,308.03,0.9119,0.0127,D,5,7,19,29,3,1,10463.0,10953.0,6812.0,6405.0,6765.0,7211.0,10963.0,505.0742519670159,9497.0,2719.987806345213,9739.142857142857,2860.5527937296197,9455.066666666668,2821.1774496296453,346.0,0.05079271873165003,0.2864049495993696,6527.3802000000005,90.9066,565
2025-07-20,4719.0,312.48,0.8722,0.02,D,6,7,20,29,3,1,7158.0,10463.0,4530.0,4814.0,4087.0,4203.0,9524.666666666666,2064.1846655116233,9546.42857142857,2665.664261001548,9792.92857142857,2799.4669675132523,9373.966666666667,2851.9379071846497,189.0,0.041721854304635764,0.2792315724206635,4115.9118,94.38,566
2025-07-21,11978.0,337.68,0.8648,0.0139,D,0,7,21,30,3,0,4719.0,7158.0,11483.0,13692.0,11446.0,11245.0,7446.666666666667,2882.859749161112,9573.42857142857,2606.6902294635875,9786.142857142857,2812.5484708888034,9137.8,2935.8859134087115,495.0,0.043107201950709745,0.27228387510438284,10358.5744,166.49419999999998,567
2025-07-22,10747.0,331.57,0.8755,0.0118,D,1,7,22,30,3,0,11978.0,4719.0,10765.0,11587.0,12388.0,10523.0,7951.666666666667,3694.0087078042043,9644.142857142857,2672.9977197004464,9663.714285714286,2662.7667920813183,9296.7,2956.9325805988333,-18.0,-0.001672085462145843,0.2771628084833596,9408.9985,126.8146,568
2025-07-23,10540.0,335.76,0.8791,0.0107,D,2,7,23,30,3,0,10747.0,11978.0,11473.0,11996.0,11437.0,10820.0,9148.0,3884.6970280833984,9641.57142857143,2671.748107958707,9603.714285714286,2625.29603982167,9514.833333333334,2805.721888586239,-933.0,-0.08132136320055783,0.27710712177491736,9265.714,112.77799999999999,569
2025-07-24,9826.0,334.15,0.8851,0.0121,D,3,7,24,30,3,0,10540.0,10747.0,10953.0,11055.0,11313.0,9933.0,11088.333333333334,777.3945802058145,9508.285714285714,2587.087017882316,9499.714285714286,2551.0255382303303,9491.333333333334,2793.6572659401522,-1127.0,-0.10289418424176025,0.2720876397304038,8696.9926,118.8946,570
2025-07-25,9942.0,325.91,0.9468,0.0075,D,4,7,25,30,3,0,9826.0,10540.0,10463.0,10320.0,4704.0,9834.0,10371.0,483.1987168857344,9347.285714285714,2516.293949063825,9411.92857142857,2514.2695365051563,9468.1,2787.673475041195,-521.0,-0.04979451400172035,0.2692004958421356,9413.0856,74.565,571
2025-07-26,6531.0,314.56,0.9471,0.0063,D,5,7,26,30,3,1,9942.0,9826.0,7158.0,6812.0,6405.0,6765.0,10102.666666666666,383.15706092064363,9272.857142857143,2485.3068508450065,9384.92857142857,2505.7832021234417,9438.833333333334,2777.5816209284503,-627.0,-0.0875943000838223,0.26801953406123935,6185.5101,41.1453,572
2025-07-27,4439.0,305.83,0.99,0.0045,D,6,7,27,30,3,1,6531.0,9942.0,4719.0,4530.0,4814.0,4087.0,8766.333333333334,1936.7241242193752,9183.285714285714,2583.585990716886,9364.857142857143,2528.9956917304667,9325.433333333332,2825.739679585079,-280.0,-0.059334604789150244,0.2813356864959352,4394.61,19.9755,573
2025-07-28,11540.0,331.52,0.9828,0.0025,D,0,7,28,31,3,0,4439.0,6531.0,11978.0,11483.0,13692.0,11446.0,6970.666666666667,2777.720708302628,9143.285714285714,2665.104733044317,9358.357142857143,2542.459185275402,9145.6,2960.706621155109,-438.0,-0.03656703957254968,0.2914821669501464,11341.512,28.85,574
2025-07-29,9754.0,320.79,0.8966,0.0087,D,1,7,29,31,3,0,11540.0,4439.0,10747.0,10765.0,11587.0,12388.0,7503.333333333333,3648.989494823638,9080.714285714286,2591.5866256205327,9362.42857142857,2546.166189339635,9304.766666666666,2956.661685581981,-993.0,-0.09239787847771472,0.2853945784526662,8745.436399999999,84.85979999999999,575
2025-07-30,9656.0,322.12,0.9319,0.0084,D,2,7,30,31,3,0,9754.0,11540.0,10540.0,11473.0,11996.0,11437.0,8577.666666666666,3693.7610011116444,8938.857142857143,2511.104300805483,9290.214285714286,2517.5021557876885,9493.666666666666,2788.027523405094,-884.0,-0.08387096774193549,0.2809200617790446,8998.4264,81.1104,576
2025-07-31,10272.0,322.04,0.898,0.0135,D,3,7,31,31,3,0,9656.0,9754.0,9826.0,10953.0,11055.0,11313.0,10316.666666666666,1060.5702868425785,8812.57142857143,2438.3350779539996,9160.42857142857,2442.0207179328445,9434.0,2763.853943443761,446.0,0.04538978221046204,0.27668826263905455,9224.256,138.672,577
2025-08-01,11518.0,326.6,0.7616,0.0382,D,4,8,1,31,3,0,10272.0,9656.0,9942.0,10463.0,10320.0,4704.0,9894.0,331.0045316910382,8876.285714285714,2474.7843484692876,9111.785714285714,2410.1420379009205,9363.466666666667,2712.3895144615376,1576.0,0.15851941259303964,0.27880854989675563,8772.1088,439.9876,578
2025-08-02,7689.0,336.76,0.8294,0.0181,D,5,8,2,31,3,1,11518.0,10272.0,6531.0,7158.0,6812.0,6405.0,10482.0,948.5968585231664,9101.42857142857,2653.156224646588,9187.142857142857,2471.3556808154826,9366.166666666666,2714.5641941880453,1158.0,0.1773082223242995,0.29150986615172053,6377.256600000001,139.17090000000002,579
2025-08-03,5115.0,329.76,0.8348,0.0176,D,6,8,3,31,3,1,7689.0,11518.0,4439.0,4719.0,4530.0,4814.0,9826.333333333334,1953.0167263321973,9266.857142857143,2497.7227247082074,9225.07142857143,2441.715300744574,9245.366666666667,2705.5616598780884,676.0,0.15228655102500563,0.2695328832854019,4270.0019999999995,90.024,580
2025-08-04,13113.0,311.48,0.7548,0.0432,D,0,8,4,32,3,0,5115.0,7689.0,11540.0,11978.0,11483.0,13692.0,8107.333333333333,3221.9333222978535,9363.42857142857,2283.8616316188977,9253.357142857143,2387.184747036469,9259.066666666668,2682.716969832983,1573.0,0.13630849220103985,0.24391296566172777,9897.6924,566.4816000000001,581
2025-08-05,11874.0,307.34,0.9244,0.0116,D,1,8,5,32,3,0,13113.0,5115.0,9754.0,10747.0,10765.0,11587.0,8639.0,4082.7534826388874,9588.142857142857,2590.511238383353,9334.42857142857,2503.2841725125218,9482.666666666666,2715.9765924202457,2120.0,0.21734672954685258,0.27017862342898924,10976.3256,137.73839999999998,582
2025-08-06,11304.0,331.41,0.8219,0.0199,D,2,8,6,32,3,0,11874.0,13113.0,9656.0,10540.0,11473.0,11996.0,10034.0,4304.788148097418,9891.0,2733.132147067409,9414.92857142857,2569.449999941204,9718.0,2600.9276196692967,1648.0,0.17067108533554268,0.2763251589391779,9290.757599999999,224.9496,583
2025-08-07,10627.0,325.83,0.9187,0.007,D,3,8,7,32,3,0,11304.0,11874.0,10272.0,9826.0,10953.0,11055.0,12097.0,924.8875607337693,10126.42857142857,2780.0906973899705,9469.5,2603.076072353935,9638.4,2510.066252731872,355.0,0.034559968847352025,0.2745381234637765,9763.0249,74.389,584
2025-08-08,10666.0,334.42,0.9008,0.0106,D,4,8,8,32,3,0,10627.0,11304.0,11518.0,9942.0,10463.0,10320.0,11268.333333333334,624.26463405624,10177.142857142857,2786.419532217605,9526.714285714286,2620.2605692086236,9606.4,2490.4099731736405,-852.0,-0.073971175551311,0.2737919248389,9607.9328,113.0596,585
2025-08-09,7192.0,338.07,0.8996,0.0098,D,5,8,9,32,3,1,10666.0,10627.0,7689.0,6531.0,7158.0,6812.0,10865.666666666666,380.10831789551673,10055.42857142857,2736.2439497202954,9578.42857142857,2636.1834217229803,9562.066666666668,2458.031970462562,-497.0,-0.06463779425152816,0.2721160943348592,6469.923199999999,70.4816,586
2025-08-10,4529.0,348.01,0.8206,0.0198,D,6,8,10,32,3,1,7192.0,10666.0,5115.0,4439.0,4719.0,4530.0,9495.0,1994.5518293591638,9984.42857142857,2813.2465739274003,9625.642857142857,2582.783698234945,9433.3,2478.2269405697075,-586.0,-0.11456500488758553,0.2817634032635361,3716.4974,89.67420000000001,587
2025-08-11,12157.0,325.71,0.7536,0.0399,D,0,8,11,33,3,0,4529.0,7192.0,13113.0,11540.0,11978.0,11483.0,7462.333333333333,3077.4181278034453,9900.714285714286,2985.7284825363045,9632.07142857143,2568.956042510594,9240.266666666666,2627.800442921051,-956.0,-0.07290475101044765,0.3015669775305408,9161.5152,485.0643,588
2025-08-12,11071.0,319.27,0.761,0.0395,D,1,8,12,33,3,0,12157.0,4529.0,11874.0,9754.0,10747.0,10765.0,7959.333333333333,3871.459199492264,9764.142857142857,2832.223239116304,9676.142857142857,2609.182567458574,9418.433333333332,2638.6600136842317,-803.0,-0.06762674751558026,0.29006368306506497,8425.031,437.3045,589
2025-08-13,10385.0,335.54,0.9548,0.006,D,2,8,13,33,3,0,11071.0,12157.0,11304.0,9656.0,10540.0,11473.0,9252.333333333334,4126.409738905399,9649.42857142857,2747.519903303267,9770.214285714286,2635.811221750021,9636.466666666667,2486.6631391919705,-919.0,-0.08129865534324134,0.28473394905875804,9915.598,62.31,590
2025-08-14,10195.0,333.48,0.9212,0.0071,D,3,8,14,33,3,0,10385.0,11071.0,10627.0,10272.0,9826.0,10953.0,11204.333333333334,893.4927718417085,9518.142857142857,2676.3159024158163,9822.285714285714,2640.5778338657883,9599.866666666667,2466.5468215682586,-432.0,-0.040651171544179916,0.2811804721345808,9391.634,72.3845,591
2025-08-15,10404.0,341.51,0.8651,0.0147,D,4,8,15,33,3,0,10195.0,10385.0,10666.0,11518.0,9942.0,10463.0,10550.333333333334,460.8094327738527,9456.42857142857,2651.3490815773257,9816.785714285714,2639.649107758066,9580.866666666667,2459.4473830283564,-262.0,-0.024564035252203263,0.28037530887591633,9000.500399999999,152.9388,592
2025-08-16,6845.0,340.38,0.8939,0.0101,D,5,8,16,33,3,1,10404.0,10195.0,7192.0,7689.0,6531.0,7158.0,10328.0,115.57248807575162,9419.0,2633.2152083210576,9737.214285714286,2600.928301101853,9545.233333333334,2438.7450798244145,-347.0,-0.04824805339265851,0.2795642009046669,6118.7455,69.1345,593
2025-08-17,4818.0,344.6,0.8333,0.0212,D,6,8,17,33,3,1,6845.0,10404.0,4529.0,5115.0,4439.0,4719.0,9148.0,1997.1922791759403,9369.42857142857,2684.886084308655,9676.92857142857,2661.1392142431146,9408.3,2472.0770291257127,289.0,0.06381099580481342,0.2865581464056443,4014.8394000000003,102.1416,594
2025-08-18,11935.0,310.76,0.7829,0.0497,D,0,8,18,34,3,0,4818.0,6845.0,12157.0,13113.0,11540.0,11978.0,7355.666666666667,2827.7967277251855,9410.714285714286,2598.894041336663,9655.714285714286,2701.1863327796636,9220.133333333333,2600.5307247895944,-222.0,-0.01826108414904993,0.2761633136904234,9343.9115,593.1695,595
2025-08-19,10765.0,311.41,0.9905,0.0074,D,1,8,19,34,3,0,11935.0,4818.0,11071.0,11874.0,9754.0,10747.0,7866.0,3666.708742182824,9379.0,2560.8720519906187,9571.57142857143,2601.7227639891585,9379.366666666667,2616.113799635569,-306.0,-0.02763977960437178,0.2730431871191618,10662.7325,79.661,596
2025-08-20,10690.0,340.62,0.8628,0.0132,D,2,8,20,34,3,0,10765.0,11935.0,10385.0,11304.0,9656.0,10540.0,9172.666666666666,3816.3551110101535,9335.285714285714,2529.596457559034,9492.357142857143,2542.4358885236015,9580.9,2473.7238625755776,305.0,0.029369282619162253,0.2709715090656532,9223.332,141.108,597
2025-08-21,10475.0,342.35,0.9439,0.0073,D,3,8,21,34,3,0,10690.0,10765.0,10195.0,10627.0,10272.0,9826.0,11130.0,698.1582915070512,9378.857142857143,2553.207487884691,9448.5,2513.9168565285745,9537.966666666667,2441.655027785993,280.0,0.02746444335458558,0.27223012878804664,9887.352499999999,76.4675,598
2025-08-22,9967.0,352.4,0.9121,0.0135,D,4,8,22,34,3,0,10475.0,10690.0,10404.0,10666.0,11518.0,9942.0,10643.333333333334,150.52685253257692,9418.857142857143,2570.2610391794424,9437.642857142857,2508.758553153736,9528.9,2437.512176450571,-437.0,-0.04200307574009996,0.27288459737693527,9090.9007,134.5545,599
2025-08-23,6927.0,354.18,0.8996,0.0104,D,5,8,23,34,3,1,9967.0,10475.0,6845.0,7192.0,7689.0,6531.0,10377.333333333334,371.26315913830746,9356.42857142857,2547.5518874102636,9387.714285714286,2489.3119354729256,9509.8,2431.5538298763163,82.0,0.01197954711468225,0.2722782382147011,6231.5292,72.04079999999999,600
2025-08-24,4317.0,361.11,0.9177,0.011,D,6,8,24,34,3,1,6927.0,9967.0,4818.0,4529.0,5115.0,4439.0,9123.0,1918.6787120307526,9368.142857142857,2534.2327194222817,9368.785714285714,2508.2279732779707,9413.166666666666,2475.7576351121425,-501.0,-0.10398505603985056,0.27051601988434926,3961.7109,47.486999999999995,601
2025-08-25,11698.0,325.39,0.8225,0.033,D,0,8,25,35,3,0,4317.0,6927.0,11935.0,12157.0,13113.0,11540.0,7070.333333333333,2827.7258235785985,9296.57142857143,2686.645979478427,9353.642857142857,2540.1317533104216,9225.666666666666,2641.763143384945,-237.0,-0.019857561793045663,0.2889932057340492,9621.605,386.034,602
2025-08-26,10141.0,305.78,0.9752,0.0072,D,1,8,26,35,3,0,11698.0,4317.0,10765.0,11071.0,11874.0,9754.0,7647.333333333333,3742.853234276396,9262.714285714286,2649.085673352578,9320.857142857143,2503.8685716658288,9397.9,2628.4237881941344,-624.0,-0.057965629354389224,0.285994535903824,9889.5032,73.0152,603
2025-08-27,10141.0,305.78,0.9752,0.0069,D,2,8,27,35,3,0,10141.0,11698.0,10690.0,10385.0,11304.0,9656.0,8718.666666666666,3890.6380367920774,9173.57142857143,2600.1547298281303,9254.42857142857,2465.9138956296497,9587.966666666667,2458.1145351297337,-549.0,-0.05135640785781104,0.2834397431876806,9889.5032,69.9729,604
2025-08-28,10141.0,305.78,0.9752,0.0114,D,3,8,28,35,3,0,10141.0,10141.0,10475.0,10195.0,10627.0,10272.0,10660.0,898.9343691282658,9095.142857142857,2554.6732621199235,9237.0,2458.15866046113,9541.333333333334,2432.946678460064,-334.0,-0.0318854415274463,0.28088324749221666,9889.5032,115.6074,605
2025-08-29,10141.0,305.78,0.9752,0.0015,D,4,8,29,35,3,0,10141.0,10141.0,9967.0,10404.0,10666.0,11518.0,10141.0,0.0,9047.42857142857,2527.581443273575,9233.142857142857,2456.5816730741058,9554.233333333334,2435.138156292135,174.0,0.017457610113374135,0.2793701462596322,9889.5032,15.211500000000001,606
2025-08-30,10141.0,305.78,0.9752,0.0108,D,5,8,30,35,3,1,10141.0,10141.0,6927.0,6845.0,7192.0,7689.0,10141.0,0.0,9072.285714285714,2538.9620395144184,9214.357142857143,2447.9296309375472,9570.4,2437.445915934017,3214.0,0.4639815215822145,0.2798591357761618,9889.5032,109.5228,607
2025-08-31,10141.0,305.78,0.9752,0.0222,D,6,8,31,35,3,1,10141.0,10141.0,4317.0,4818.0,4529.0,5115.0,10141.0,0.0,9531.42857142857,2371.433592937881,9449.785714285714,2359.4248705522004,9566.033333333333,2436.2627184549096,5824.0,1.3490850127403289,0.2488014860696218,9889.5032,225.1302,608
2025-09-01,10141.0,305.78,0.9752,0.0073,D,0,9,1,36,3,0,10141.0,10141.0,11698.0,11935.0,12157.0,13113.0,10141.0,0.0,10363.42857142857,588.4906844753549,9830.0,1948.7663158640105,9520.133333333333,2411.0601007016344,-1557.0,-0.1330996751581467,0.056785327405815565,9889.5032,74.0293,609
2025-09-02,10141.0,305.78,0.9752,0.0111,D,1,9,2,36,3,0,10141.0,10141.0,10141.0,10765.0,11071.0,11874.0,10141.0,0.0,10141.0,0.0,9701.857142857143,1856.501666996418,9601.866666666667,2388.2985537007653,0.0,0.0,0.0,9889.5032,112.5651,610
2025-09-03,10141.0,305.78,0.9752,0.0074,D,2,9,3,36,3,0,10141.0,10141.0,10141.0,10690.0,10385.0,11304.0,10141.0,0.0,10141.0,0.0,9657.285714285714,1836.3957353205049,9769.4,2233.99903682873,0.0,0.0,0.0,9889.5032,75.0434,611
2025-09-04,10141.0,305.78,0.9752,0.016,D,3,9,4,36,3,0,10141.0,10141.0,10141.0,10475.0,10195.0,10627.0,10141.0,0.0,10141.0,0.0,9618.07142857143,1818.4205515220742,9670.333333333334,2144.7272848632183,0.0,0.0,0.0,9889.5032,162.256,612
2025-09-05,10141.0,305.78,0.9752,0.0055,D,4,9,5,36,3,0,10141.0,10141.0,10141.0,9967.0,10404.0,10666.0,10141.0,0.0,10141.0,0.0,9594.214285714286,1808.476884800352,9612.566666666668,2106.321105351828,0.0,0.0,0.0,9889.5032,55.775499999999994,613
2025-09-06,7234.0,330.45,0.9411,0.0051,D,5,9,6,36,3,1,10141.0,10141.0,10141.0,6927.0,6845.0,7192.0,10141.0,0.0,10141.0,0.0,9606.642857142857,1811.8306767187005,9573.8,2084.7085201037285,-2907.0,-0.2866581205009368,0.0,6807.9174,36.8934,614
2025-09-07,4899.0,336.43,0.9055,0.009,D,6,9,7,36,3,1,7234.0,10141.0,10141.0,4317.0,4818.0,4529.0,9172.0,1678.3572325342395,9725.714285714286,1098.742723037815,9628.57142857143,1778.4546322920137,9460.7,2117.3826092119207,-5242.0,-0.5169115471846958,0.11297295918426417,4436.0445,44.090999999999994,615
2025-09-08,12299.0,324.67,0.8931,0.0142,D,0,9,8,37,3,0,4899.0,7234.0,10141.0,11698.0,11935.0,12157.0,7424.666666666667,2626.1961719059136,8976.857142857143,2099.309920630377,9670.142857142857,1646.6649678922415,9268.466666666667,2261.093063913589,2158.0,0.21279952667389804,0.23385800700869916,10984.2369,174.6458,616
2025-09-09,11599.0,312.22,0.8547,0.0175,D,1,9,9,37,3,0,12299.0,4899.0,10141.0,10141.0,10765.0,11071.0,8144.0,3782.9981496162486,9285.142857142857,2431.00585688115,9713.07142857143,1710.2059464055544,9438.7,2291.4138859122986,1458.0,0.14377280347105809,0.2618167425405879,9913.6653,202.98250000000002,617
2025-09-10,10760.0,308.85,0.9257,0.0094,D,2,9,10,37,3,0,11599.0,12299.0,10141.0,10141.0,10690.0,10385.0,9599.0,4085.3396431630995,9493.42857142857,2574.765352230684,9817.214285714286,1781.188461439404,9674.366666666667,2126.6967178902187,619.0,0.061039345232225616,0.2712155395554036,9960.532,101.144,618
2025-09-11,9978.0,334.12,0.9452,0.0054,D,3,9,11,37,3,0,10760.0,11599.0,10141.0,10141.0,10475.0,10195.0,11552.666666666666,770.5454777840112,9581.857142857143,2611.0858806616184,9861.42857142857,1797.452458525503,9627.8,2085.354570033258,-163.0,-0.01607336554580416,0.2725031110078769,9431.205600000001,53.8812,619
2025-09-12,9940.0,335.67,0.9576,0.0044,D,4,9,12,37,3,0,9978.0,10760.0,10141.0,10141.0,9967.0,10404.0,10779.0,810.6670093201243,9558.57142857143,2605.9902057338845,9849.785714285714,1796.0296030870065,9591.366666666667,2068.7527390682226,-201.0,-0.019820530519672617,0.27263385802028384,9518.544,43.736000000000004,620
2025-09-13,6630.0,329.99,0.8878,0.0131,D,5,9,13,37,3,1,9940.0,9978.0,7234.0,10141.0,6927.0,6845.0,10226.0,462.8477071348835,9529.857142857143,2599.60262531099,9835.42857142857,1794.3251876738827,9576.533333333333,2064.456925053723,-604.0,-0.08349460879181642,0.272785057146366,5886.1140000000005,86.85300000000001,621
2025-09-14,4323.0,330.46,0.9446,0.0065,D,6,9,14,37,3,1,6630.0,9940.0,4899.0,10141.0,4317.0,4818.0,8849.333333333334,1922.0929564756516,9443.57142857143,2696.7170693977023,9584.642857142857,1983.697542358835,9457.7,2129.2171647069576,-576.0,-0.11757501530924679,0.2855611449328177,4083.5058,28.0995,622
2025-09-15,11915.0,330.67,0.8993,0.0105,D,0,9,15,38,3,0,4323.0,6630.0,12299.0,10141.0,11698.0,11935.0,6964.333333333333,2823.3856154151626,9361.285714285714,2862.2084546893534,9169.07142857143,2419.6834651310546,9255.0,2317.180569809662,-384.0,-0.031222050573217336,0.30574950301126946,10715.1595,125.1075,623
2025-09-16,10669.0,317.05,0.887,0.0146,D,1,9,16,38,3,0,11915.0,4323.0,11599.0,10141.0,10141.0,10765.0,7622.666666666667,3892.1274816394794,9306.42857142857,2799.513342061604,9295.785714285714,2518.9126524255466,9424.0,2320.2342182603425,-930.0,-0.08017932580394861,0.30081500336835104,9463.403,155.7674,624
2025-09-17,10717.0,303.32,0.9942,0.0042,D,2,9,17,38,3,0,10669.0,11915.0,10760.0,10141.0,10141.0,10690.0,8969.0,4071.500460518208,9173.57142857143,2692.60746347865,9333.5,2536.4328297828138,9619.033333333333,2160.098712357009,-43.0,-0.003996282527881041,0.2935179046071876,10654.8414,45.011399999999995,625
2025-09-18,10404.0,333.75,0.9411,0.0059,D,3,9,18,38,3,0,10717.0,10669.0,9978.0,10141.0,10141.0,10475.0,11100.333333333334,705.9301192989108,9167.42857142857,2688.43082219243,9374.642857142857,2555.1412306937673,9578.433333333332,2126.2492909173206,426.0,0.04269392663860493,0.2932589876479931,9791.2044,61.3836,626
2025-09-19,10210.0,328.81,0.9464,0.0056,D,4,9,19,38,3,0,10404.0,10717.0,9940.0,10141.0,10141.0,9967.0,10596.666666666666,168.57144874906734,9228.285714285714,2714.532477504837,9393.42857142857,2562.166142282618,9566.4,2120.3156986800195,270.0,0.02716297786720322,0.294153493026624,9662.744,57.176,627
2025-09-20,7000.0,329.34,0.8918,0.009,D,5,9,20,38,3,1,10210.0,10404.0,6630.0,7234.0,10141.0,6927.0,10443.666666666666,255.8169918776995,9266.857142857143,2728.2146438389195,9398.357142857143,2563.7806400567347,9550.4,2113.3441810519603,370.0,0.05580693815987934,0.29440560071024907,6242.6,62.99999999999999,628
2025-09-21,4502.0,330.87,0.9329,0.007,D,6,9,21,38,3,1,7000.0,10210.0,4323.0,4899.0,10141.0,4317.0,9204.666666666666,1911.7597478065384,9319.714285714286,2671.609983654404,9381.642857142857,2579.689743036887,9434.566666666668,2155.7270904513225,179.0,0.04140643071940782,0.28666221965082966,4199.9158,31.514,629
2025-09-22,11679.0,324.84,0.9465,0.0062,D,0,9,22,39,3,0,4502.0,7000.0,11915.0,12299.0,10141.0,11698.0,7237.333333333333,2861.391502981244,9345.285714285714,2616.0924878073183,9353.285714285714,2634.358174017163,9252.4,2332.8154308651897,-236.0,-0.019806966009232062,0.27993713277360976,11054.1735,72.4098,630
2025-09-23,10678.0,310.25,0.8055,0.0253,D,1,9,23,39,3,0,11679.0,4502.0,10669.0,11599.0,10141.0,10141.0,7727.0,3643.312915465805,9311.57142857143,2578.710068822704,9309.0,2585.792781274702,9410.8,2330.8056384301776,9.0,0.0008435654700534258,0.27693607771833706,8601.129,270.1534,631
2025-09-24,10320.0,307.46,0.957,0.0051,D,2,9,24,39,3,0,10678.0,11679.0,10717.0,10760.0,10141.0,10141.0,8953.0,3887.0362745927623,9312.857142857143,2579.501788367369,9243.214285714286,2534.252861482871,9622.833333333334,2132.323050561053,-397.0,-0.03704394886628721,0.27698285808516004,9876.24,52.632000000000005,632
2025-09-25,10269.0,325.03,0.956,0.0064,D,3,9,25,39,3,0,10320.0,10678.0,10404.0,9978.0,10141.0,10141.0,10892.333333333334,704.3964319425298,9256.142857142857,2547.6518880838335,9211.785714285714,2516.6627529504162,9576.9,2100.6868720689267,-135.0,-0.012975778546712802,0.2752390415104538,9817.163999999999,65.72160000000001,633
2025-09-26,10011.0,318.29,0.9629,0.0045,D,4,9,26,39,3,0,10269.0,10320.0,10210.0,9940.0,10141.0,10141.0,10422.333333333334,222.87739529470662,9236.857142857143,2538.007120332234,9232.57142857143,2524.6668847832048,9581.166666666666,2102.001691054357,-199.0,-0.019490695396669932,0.2747695543061282,9639.5919,45.049499999999995,634
2025-09-27,6652.0,309.23,0.9509,0.0067,D,5,9,27,39,3,1,10011.0,10269.0,7000.0,6630.0,7234.0,10141.0,10200.0,165.65325230738173,9208.42857142857,2526.3779644082547,9237.642857142857,2526.268047387846,9576.833333333334,2100.941514446894,-348.0,-0.04971428571428571,0.2743549504469164,6325.3868,44.568400000000004,635
2025-09-28,4508.0,267.05,0.9641,0.0133,D,6,9,28,39,3,1,6652.0,10011.0,4502.0,4323.0,4899.0,10141.0,8977.333333333334,2017.9252546448072,9158.714285714286,2579.934864441713,9239.214285714286,2524.5274707456647,9460.533333333333,2164.2494714594754,6.0,0.0013327410039982231,0.28169181655397657,4346.1628,59.956399999999995,636
2025-09-29,10835.0,305.8,0.9968,0.002,D,0,9,29,40,3,0,4508.0,6652.0,11679.0,11915.0,12299.0,10141.0,7057.0,2773.7647701274022,9159.57142857143,2578.1302564159932,9252.42857142857,2497.1504903446694,9272.766666666666,2340.3666038101514,-844.0,-0.07226646116962068,0.28146843730854454,10800.328,21.67,637
2025-09-30,10517.0,299.38,0.9927,0.0045,D,1,9,30,40,3,0,10835.0,4508.0,10678.0,10669.0,11599.0,10141.0,7331.666666666667,3217.793084294461,9039.0,2457.583908367452,9175.285714285714,2424.1861260279557,9295.9,2352.6423054177526,-161.0,-0.015077729911968533,0.2718867029945184,10440.2259,47.326499999999996,638
2025-10-01,11483.0,330.35,0.6829,0.0918,D,2,10,1,40,4,0,10517.0,10835.0,10320.0,10717.0,10760.0,10141.0,8620.0,3564.644302030704,9016.0,2440.381527548505,9164.42857142857,2417.312293700336,9308.433333333332,2358.294440441242,1163.0,0.1126937984496124,0.27067230784699475,7841.740699999999,1054.1394,639
2025-10-02,11278.0,313.62,0.9495,0.0118,D,3,10,2,40,4,0,11483.0,10517.0,10269.0,10404.0,9978.0,10141.0,10945.0,492.30478364528426,9182.142857142857,2579.5742819679476,9219.142857142857,2463.38678237107,9353.166666666666,2387.182498597284,1009.0,0.09825688966793261,0.28093379966978815,10708.461,133.0804,640
2025-10-03,11558.0,344.46,0.5722,0.1334,D,4,10,3,40,4,0,11278.0,11483.0,10011.0,10210.0,9940.0,10141.0,11092.666666666666,508.96987468156476,9326.285714285714,2676.787235616959,9281.57142857143,2506.42269485312,9391.066666666668,2409.0474427891972,1547.0,0.15453001698132054,0.2870153582703069,6613.4876,1541.8372,641
2025-10-04,7866.0,348.54,0.6571,0.1119,D,5,10,4,40,4,1,11558.0,11278.0,6652.0,7000.0,6630.0,7234.0,11439.666666666666,144.94251734179937,9547.285714285714,2803.5979094897357,9377.857142857143,2569.9201680849387,9438.3,2437.975759405382,1214.0,0.18250150330727602,0.29365392357481035,5168.7486,880.2053999999999,642
2025-10-05,5088.0,346.03,0.8097,0.0419,D,6,10,5,40,4,1,7866.0,11558.0,4508.0,4502.0,4323.0,4899.0,10234.0,2055.521345060666,9720.714285714286,2626.6095836195163,9439.714285714286,2518.184707240569,9362.466666666667,2450.7132492164465,580.0,0.12866015971606035,0.2702074669018534,4119.7536,213.1872,643
2025-10-06,12478.0,339.86,0.9092,0.0112,D,0,10,6,41,4,0,5088.0,7866.0,10835.0,11679.0,11915.0,12299.0,8170.666666666667,3245.7420312361983,9803.57142857143,2437.07685948712,9481.57142857143,2433.2341793236055,9194.033333333333,2566.278164880068,1643.0,0.1516382095062298,0.2485907179076115,11344.9976,139.7536,644
2025-10-07,11299.0,343.27,0.8524,0.0194,D,1,10,7,41,4,0,12478.0,5088.0,10517.0,10678.0,10669.0,11599.0,8477.333333333334,3732.736440379001,10038.285714285714,2624.8539460501843,9538.642857142857,2497.2671711644857,9368.833333333334,2606.449429096363,782.0,0.07435580488732528,0.2614842833487689,9631.267600000001,219.2006,645
2025-10-08,11194.0,329.75,0.8566,0.0205,D,2,10,8,41,4,0,11299.0,12478.0,11483.0,10320.0,10717.0,10760.0,9621.666666666666,3970.2783697536033,10150.0,2664.9584737227437,9583.0,2524.4289529439297,9582.166666666666,2487.1710849370816,-289.0,-0.025167639118697203,0.2625574850958368,9588.7804,229.477,646
2025-10-09,10800.0,321.11,0.9902,0.0037,D,3,10,9,41,4,0,11194.0,11299.0,11278.0,10269.0,10404.0,9978.0,11657.0,712.9424941747086,10108.714285714286,2643.013981189258,9645.42857142857,2554.6824193500665,9545.333333333334,2453.503495473121,-478.0,-0.04238340131228941,0.2614589656495076,10694.16,39.96,647
2025-10-10,10245.0,356.44,0.7622,0.1997,D,4,10,10,41,4,0,10800.0,11194.0,11558.0,10011.0,10210.0,9940.0,11097.666666666666,263.07856874586327,10040.42857142857,2613.7821802350463,9683.357142857143,2568.5566616634856,9518.7,2434.7064136543504,-1313.0,-0.11360096902578301,0.26032575817260684,7808.739,2045.9264999999998,648
2025-10-11,7041.0,353.5,0.9096,0.0191,D,5,10,11,41,4,1,10245.0,10800.0,7866.0,6652.0,7000.0,6630.0,10746.333333333334,476.77073456050283,9852.857142857143,2532.5773715440814,9700.07142857143,2571.6122588543853,9501.533333333333,2427.4572297568548,-825.0,-0.10488176964149504,0.25703989561850904,6404.4936,134.48309999999998,649
2025-10-12,4683.0,345.76,0.9801,0.0035,D,6,10,12,41,4,1,7041.0,10245.0,5088.0,4508.0,4502.0,4323.0,9362.0,2029.1099033812804,9735.0,2656.60798764138,9727.857142857143,2538.027364135175,9403.633333333333,2466.4897643151166,-405.0,-0.07959905660377359,0.2728924486534546,4589.8083,16.3905,650
2025-10-13,10247.0,345.28,0.9813,0.0044,D,0,10,13,42,4,0,4683.0,7041.0,12478.0,10835.0,11679.0,11915.0,7323.0,2791.702706235019,9677.142857142857,2776.3903080901873,9740.357142857143,2510.624580799433,9228.4,2609.6575888484804,-2231.0,-0.17879467863439655,0.28690186236538695,10055.381099999999,45.086800000000004,651
2025-10-14,10641.0,338.31,0.9664,0.0049,D,1,10,14,42,4,0,10247.0,4683.0,11299.0,10517.0,10678.0,10669.0,7323.666666666667,2792.749421866069,9358.42857142857,2517.238689327573,9698.357142857143,2495.7781770003626,9348.966666666667,2568.703167819862,-658.0,-0.05823524205681919,0.26898091598548307,10283.4624,52.140899999999995,652
2025-10-15,11090.0,327.68,0.9559,0.0084,D,2,10,15,42,4,0,10641.0,10247.0,11194.0,11483.0,10320.0,10717.0,8523.666666666666,3331.943777036656,9264.42857142857,2443.9129728874545,9707.214285714286,2499.1246830277846,9559.566666666668,2395.5942417830984,-104.0,-0.009290691441843845,0.2637953279087783,10600.931,93.15599999999999,653
2025-10-16,10560.0,321.62,0.9818,0.0028,D,3,10,16,42,4,0,11090.0,10641.0,10800.0,11278.0,10269.0,10404.0,10659.333333333334,421.7989252396917,9249.57142857143,2430.5069332098046,9679.142857142857,2479.776102087356,9532.066666666668,2372.244345926781,-240.0,-0.022222222222222223,0.26276968094998426,10367.808,29.568,654
2025-10-17,10556.0,346.82,0.9427,0.0065,D,4,10,17,42,4,0,10560.0,11090.0,10245.0,11558.0,10011.0,10210.0,10763.666666666666,285.5001459428038,9215.285714285714,2406.565652147311,9627.857142857143,2451.4282448320787,9528.433333333332,2370.525820955356,311.0,0.030356271351878964,0.2611493258875964,9951.1412,68.61399999999999,655
2025-10-18,6840.0,343.61,0.9725,0.0101,D,5,10,18,42,4,1,10556.0,10560.0,7041.0,7866.0,6652.0,7000.0,10735.333333333334,307.1568546091091,9259.714285714286,2431.485671647799,9556.285714285714,2404.9274554410395,9523.066666666668,2367.923037736584,-201.0,-0.028547081380485728,0.26258754823559183,6651.900000000001,69.084,656
2025-10-19,4472.0,342.7,0.9899,0.0039,D,6,10,19,42,4,1,6840.0,10556.0,4683.0,5088.0,4508.0,4502.0,9318.666666666666,2146.5892325578548,9231.0,2463.036337531376,9483.0,2475.009557091115,9404.266666666666,2411.210354720761,-211.0,-0.04505658765748452,0.26682226600924885,4426.8328,17.4408,657
2025-10-20,11557.0,338.67,0.9934,0.0028,D,0,10,20,43,4,0,4472.0,6840.0,10247.0,12478.0,10835.0,11679.0,7289.333333333333,3066.788113537233,9200.857142857143,2528.3955669271995,9439.0,2563.0620509310984,9213.0,2567.6010942726916,1310.0,0.1278422953059432,0.27480000261606674,11480.7238,32.3596,658
2025-10-21,10468.0,335.78,0.9823,0.005,D,1,10,21,43,4,0,11557.0,4472.0,10641.0,11299.0,10517.0,10678.0,7623.0,3606.8161860566083,9388.0,2663.598505781225,9373.214285714286,2489.833889379641,9364.9,2566.961471575236,-173.0,-0.016257870500892772,0.28372374369207765,10282.7164,52.34,659
2025-10-22,10281.0,319.5,0.9004,0.0161,D,2,10,22,43,4,0,10468.0,11557.0,11090.0,11194.0,11483.0,10320.0,8832.333333333334,3815.2143233812317,9363.285714285714,2650.806714586187,9313.857142857143,2449.9784255609966,9563.766666666666,2403.1017267680063,-809.0,-0.07294860234445447,0.28310646449053767,9257.0124,165.5241,660
2025-10-23,10243.0,313.56,0.9959,0.0041,D,3,10,23,43,4,0,10281.0,10468.0,10560.0,10800.0,11278.0,10269.0,10768.666666666666,689.0894958808806,9247.714285714286,2579.658163031531,9248.642857142857,2407.8719173431396,9517.166666666666,2374.048660038344,-317.0,-0.030018939393939393,0.278950893521499,10201.0037,41.996300000000005,661
2025-10-24,9995.0,339.32,0.986,0.0022,D,4,10,24,43,4,0,10243.0,10281.0,10556.0,10245.0,11558.0,10011.0,10330.666666666666,120.44224065232868,9202.42857142857,2555.450440212239,9208.857142857143,2384.757522172956,9502.666666666666,2368.0349533378635,-561.0,-0.05314513073133763,0.27769304813148193,9855.07,21.989,662
2025-10-25,6725.0,320.24,0.9976,0.0019,D,5,10,25,43,4,1,9995.0,10243.0,6840.0,7041.0,7866.0,6652.0,10173.0,155.31902652288164,9122.285714285714,2514.3924192725385,9191.0,2377.326455689907,9491.833333333334,2364.908208225703,-115.0,-0.016812865497076022,0.2756318425035669,6708.860000000001,12.7775,663
2025-10-26,4468.0,314.82,0.9973,0.0015,D,6,10,26,43,4,1,6725.0,9995.0,4472.0,4683.0,5088.0,4508.0,8987.666666666666,1963.4462899028622,9105.857142857143,2532.103106679725,9168.42857142857,2400.695050454094,9373.7,2412.7795410673307,-4.0,-0.0008944543828264759,0.2780741084507315,4455.9364,6.702,664
2025-10-27,11276.0,307.22,0.9753,0.0166,D,0,10,27,44,4,0,4468.0,6725.0,11557.0,10247.0,12478.0,10835.0,7062.666666666667,2778.9289903366116,9105.285714285714,2533.3232925866128,9153.07142857143,2432.077853773034,9188.933333333332,2569.4439749155586,-281.0,-0.024314268408756598,0.2782255683214819,10997.4828,187.1816,665
2025-10-28,10643.0,321.66,0.9953,0.0026,D,1,10,28,44,4,0,11276.0,4468.0,10468.0,10641.0,11299.0,10517.0,7489.666666666667,3467.816652208313,9065.142857142857,2489.852032321823,9226.57142857143,2482.70245790863,9343.066666666668,2550.6343488648413,175.0,0.016717615590370653,0.274662194690065,10592.9779,27.671799999999998,666
2025-10-29,9563.0,305.2,0.9912,0.0044,D,2,10,29,44,4,0,10643.0,11276.0,10281.0,11090.0,11194.0,11483.0,8795.666666666666,3761.2094242853996,9090.142857142857,2507.104201302859,9226.714285714286,2482.7901620980874,9547.566666666668,2390.524984663164,-718.0,-0.06983756443925689,0.2758047085401772,9478.8456,42.077200000000005,667
2025-10-30,9187.0,304.19,0.9969,0.0049,D,3,10,30,44,4,0,9563.0,10643.0,10243.0,10560.0,10800.0,11278.0,10494.0,866.165688537721,8987.57142857143,2464.5904228453296,9117.642857142857,2427.564674164791,9505.166666666666,2378.151282611869,-1056.0,-0.10309479644635361,0.2742220679337705,9158.5203,45.0163,668
2025-10-31,9208.0,298.63,0.989,0.0033,D,4,10,31,44,4,0,9187.0,9563.0,9995.0,10556.0,10245.0,11558.0,9797.666666666666,755.8341969859117,8836.714285714286,2406.5743782595223,9019.57142857143,2392.2901391533123,9460.833333333334,2371.02452878327,-787.0,-0.07873936968484242,0.27233814520291405,9106.712,30.3864,669
2025-11-01,7779.0,331.68,0.9701,0.004,D,5,11,1,44,4,1,9208.0,9187.0,6725.0,6840.0,7041.0,7866.0,9319.333333333334,211.2825911742942,8724.285714285714,2361.403093804304,8923.285714285714,2352.4909360921397,9385.0,2340.3006585508983,1054.0,0.156728624535316,0.2706700778881632,7546.4079,31.116,670
2025-11-02,5575.0,325.49,0.8845,0.0107,D,6,11,2,44,4,1,7779.0,9208.0,4468.0,4472.0,4683.0,5088.0,8724.666666666666,819.0386641260023,8874.857142857143,2243.3259109761807,8990.357142857143,2301.3559082600814,9268.366666666667,2329.8726838581724,1107.0,0.24776186213070725,0.25277318551338074,4931.0875,59.652499999999996,671
2025-11-03,13314.0,321.48,0.91,0.007,D,0,11,3,45,4,0,5575.0,7779.0,11276.0,11557.0,10247.0,12478.0,7520.666666666667,1830.2252138284161,9033.0,1892.4706074335659,9069.142857142857,2148.583070023422,9068.933333333332,2382.5965397574873,2038.0,0.18073785030152537,0.20950632208940173,12115.74,93.19800000000001,672
2025-11-04,12084.0,321.64,0.8986,0.0445,D,1,11,4,45,4,0,13314.0,5575.0,10643.0,10468.0,10641.0,11299.0,8889.333333333334,3987.1870201099564,9324.142857142857,2387.161244977763,9194.642857142857,2347.21103266583,9250.533333333333,2492.820086089081,1441.0,0.13539415578314384,0.25601937696064503,10858.6824,537.7379999999999,673
2025-11-05,11919.0,318.71,0.9528,0.0073,D,2,11,5,45,4,0,12084.0,13314.0,9563.0,10281.0,11090.0,11194.0,10324.333333333334,4158.7678864458585,9530.0,2574.62036036383,9310.07142857143,2452.0416756492814,9483.733333333334,2416.044001273968,2356.0,0.24636620307434906,0.2701595341410105,11356.4232,87.0087,674
2025-11-06,11032.0,310.25,0.9007,0.0116,D,3,11,6,45,4,0,11919.0,12084.0,9187.0,10243.0,10560.0,10800.0,12439.0,762.2499590030066,9866.57142857143,2729.019656527646,9427.07142857143,2539.4543467290237,9465.1,2394.211875940917,1845.0,0.20082725590508327,0.27659249986525236,9936.5224,127.9712,675
2025-11-07,11108.0,297.66,0.9556,0.0078,D,4,11,7,45,4,0,11032.0,11919.0,9208.0,9995.0,10556.0,10245.0,11678.333333333334,565.7882407167865,10130.142857142857,2741.5143885920306,9483.42857142857,2567.5543500886974,9456.2,2387.646906836124,1900.0,0.2063423110338836,0.2706293906466446,10614.8048,86.6424,676
2025-11-08,7695.0,322.88,0.928,0.0063,D,5,11,8,45,4,1,11108.0,11032.0,7779.0,6725.0,6840.0,7041.0,11353.0,491.64112928034564,10401.57142857143,2729.0275958750613,9562.92857142857,2601.6178831431334,9453.333333333334,2385.5392122816397,-84.0,-0.010798303123794832,0.2623668562597056,7140.96,48.4785,677
2025-11-09,5424.0,326.39,0.9422,0.0053,D,6,11,9,45,4,1,7695.0,11108.0,5575.0,4468.0,4472.0,4683.0,9945.0,1948.927653865072,10389.57142857143,2742.6322427638042,9632.214285714286,2532.2157271865754,9349.833333333334,2392.444862382455,-151.0,-0.027085201793721973,0.2639793432885535,5110.4928,28.7472,678
2025-11-10,13148.0,333.01,0.8531,0.0125,D,0,11,10,46,4,0,5424.0,7695.0,13314.0,11276.0,11557.0,10247.0,8075.666666666667,2861.0565064907914,10368.0,2787.045448738382,9700.5,2391.2049022648457,9189.133333333333,2490.1605644579604,-166.0,-0.012468078714135496,0.26881225392924213,11216.558799999999,164.35000000000002,679
2025-11-11,11472.0,321.58,0.9649,0.0059,D,1,11,11,46,4,0,13148.0,5424.0,12084.0,10643.0,10468.0,10641.0,8755.666666666666,3969.7360533583733,10344.285714285714,2758.359458946912,9834.214285714286,2534.1503561297563,9392.7,2557.2146505456853,-612.0,-0.0506454816285998,0.2666553820277363,11069.3328,67.6848,680
2025-11-12,11822.0,320.42,0.9364,0.006,D,2,11,12,46,4,0,11472.0,13148.0,11919.0,9563.0,10281.0,11090.0,10014.666666666666,4062.992657307339,10256.857142857143,2703.1743332960364,9893.42857142857,2564.0120818833902,9619.0,2422.92869236299,-97.0,-0.008138266633106805,0.2635480143328819,11070.1208,70.932,681
2025-11-13,11036.0,303.86,0.8772,0.0136,D,3,11,13,46,4,0,11822.0,11472.0,11032.0,9187.0,10243.0,10560.0,12147.333333333334,884.0957715843983,10243.0,2693.464868900279,10054.785714285714,2612.2456056802243,9671.5,2453.871378328391,4.0,0.00036258158085569254,0.26295664052526396,9680.779199999999,150.0896,682
2025-11-14,11199.0,299.31,0.956,0.0057,D,4,11,14,46,4,0,11036.0,11822.0,11108.0,9208.0,9995.0,10556.0,11443.333333333334,393.78335837537816,10243.57142857143,2693.660573590199,10186.857142857143,2611.738026005585,9684.666666666666,2460.3040649387203,91.0,0.008192293842275837,0.26296107684445147,10706.243999999999,63.8343,683
2025-11-15,7875.0,323.28,0.9547,0.0046,D,5,11,15,46,4,1,11199.0,11036.0,7695.0,7779.0,6725.0,6840.0,11352.333333333334,414.8280768383317,10256.57142857143,2698.742537870977,10329.07142857143,2608.542253216002,9688.3,2462.5304780189786,180.0,0.023391812865497075,0.2631232626482929,7518.2625,36.225,684
2025-11-16,5408.0,323.43,0.9278,0.0073,D,6,11,16,46,4,1,7875.0,11199.0,5424.0,5575.0,4468.0,4472.0,10036.666666666666,1873.831458091509,10282.285714285714,2670.98213611184,10335.92857142857,2601.4396743189927,9598.8,2478.497339532349,-16.0,-0.0029498525073746312,0.25976540725773706,5017.542399999999,39.4784,685
2025-11-17,12859.0,316.78,0.8604,0.0178,D,0,11,17,47,4,0,5408.0,7875.0,13148.0,13314.0,11276.0,11557.0,8160.666666666667,2906.0496095788344,10280.0,2675.8350098614073,10324.0,2625.223741380479,9427.2,2585.8280791986895,-289.0,-0.021980529358077275,0.2602952344223159,11063.883600000001,228.8902,686
2025-11-18,12096.0,322.8,0.9315,0.007,D,1,11,18,47,4,0,12859.0,5408.0,11472.0,12084.0,10643.0,10468.0,8714.0,3795.693744231741,10238.714285714286,2625.9742137783014,10291.5,2587.9117435313983,9627.833333333334,2611.5442265308093,624.0,0.05439330543933055,0.25647499681109664,11267.423999999999,84.672,687
2025-11-19,11909.0,312.26,0.9423,0.0086,D,2,11,19,47,4,0,12096.0,12859.0,11822.0,11919.0,9563.0,10281.0,10121.0,4099.368122040276,10327.857142857143,2684.7512255062184,10292.357142857143,2588.5530144834274,9881.966666666667,2459.018944877068,87.0,0.007359160886482829,0.2599523975177195,11221.8507,102.4174,688
2025-11-20,11764.0,296.29,0.8873,0.0119,D,3,11,20,47,4,0,11909.0,12096.0,11036.0,11032.0,9187.0,10243.0,12288.0,503.2623570267063,10340.285714285714,2693.0095750718324,10291.642857142857,2588.0709658307005,9893.7,2468.1100426760922,728.0,0.06596592968466836,0.2604386038725488,10438.1972,139.9916,689
2025-11-21,11825.0,283.02,0.9807,0.0044,D,4,11,21,47,4,0,11764.0,11909.0,11199.0,11108.0,9208.0,9995.0,11923.0,166.44218215364066,10444.285714285714,2738.035653181901,10343.92857142857,2611.467034336945,9936.9,2489.7559962152145,626.0,0.055897848022144835,0.26215633391154847,11596.7775,52.03,690
2025-11-22,8075.0,307.3,0.9655,0.0059,D,5,11,22,47,4,1,11825.0,11764.0,7875.0,7695.0,7779.0,6725.0,11832.666666666666,72.80338819997652,10533.714285714286,2776.743639246382,10395.142857142857,2634.5329131232534,9988.366666666667,2512.964419020756,200.0,0.025396825396825397,0.2636053688120412,7796.4125,47.6425,691
2025-11-23,5338.0,302.45,0.9493,0.0061,D,6,11,23,47,4,1,8075.0,11825.0,5408.0,5424.0,5575.0,4468.0,10554.666666666666,2147.6709089926603,10562.285714285714,2745.6824114893384,10422.285714285714,2606.381294160445,9916.1,2536.4526865357534,-70.0,-0.012943786982248521,0.25995153755173894,5067.3634,32.561800000000005,692
2025-11-24,12354.0,274.08,0.9772,0.0104,D,0,11,24,48,4,0,5338.0,8075.0,12859.0,13148.0,13314.0,11276.0,8412.666666666666,3256.6556976956126,10552.285714285714,2767.6232712254346,10416.142857142857,2619.137816362271,9760.866666666667,2670.425689083953,-505.0,-0.039272105140368614,0.2622771356047172,12072.3288,128.4816,693
2025-11-25,11292.0,309.59,0.9259,0.0092,D,1,11,25,48,4,0,12354.0,5338.0,12096.0,11472.0,12084.0,10643.0,8589.0,3536.1293811171513,10480.142857142857,2703.3079383458726,10359.42857142857,2563.436596994982,9948.5,2647.41704633806,-804.0,-0.06646825396825397,0.257945714595236,10455.262799999999,103.8864,694
2025-11-26,9744.0,306.9,0.9301,0.0052,D,2,11,26,48,4,0,11292.0,12354.0,11909.0,11822.0,11919.0,9563.0,9661.333333333334,3781.5829137192445,10365.285714285714,2639.5395882795997,10346.57142857143,2557.8725148446765,10175.966666666667,2445.77449101905,-2165.0,-0.1817952808800067,0.2546518891072839,9062.894400000001,50.6688,695
2025-11-27,2225.0,303.2,0.9698,0.0048,D,3,11,27,48,4,0,9744.0,11292.0,11764.0,11036.0,11032.0,9187.0,11130.0,1312.519714137675,10056.0,2553.96273791664,10198.142857142857,2525.7599269905363,10124.9,2437.9956486340525,-9539.0,-0.8108636518191091,0.2539740192836754,2157.805,10.68,696
2025-11-28,10044.0,294.71,0.9943,0.0025,D,4,11,28,48,4,0,2225.0,9744.0,11825.0,11199.0,11108.0,9208.0,7753.666666666667,4850.122919404546,8693.285714285714,3753.769648157507,9568.785714285714,3284.658492459749,9844.3,2829.333796935724,-1781.0,-0.15061310782241014,0.4318010211017132,9986.7492,25.11,697
2025-11-29,7724.0,316.43,0.9646,0.0042,D,5,11,29,48,4,1,10044.0,2225.0,8075.0,7875.0,7695.0,7779.0,7337.666666666667,4430.239308810898,8438.857142857143,3561.5627856589067,9486.285714285714,3254.933543657445,9860.333333333334,2829.0476079090736,-351.0,-0.04346749226006192,0.4220432607599598,7450.5704000000005,32.440799999999996,698
2025-11-30,5556.0,307.45,0.8243,0.0362,D,6,11,30,48,4,1,7724.0,10044.0,5338.0,5408.0,5424.0,5575.0,6664.333333333333,4015.7639787882517,8388.714285714286,3570.000126717345,9475.5,3260.928153620831,9811.566666666668,2853.5579567696955,218.0,0.04083926564256276,0.4255717867035884,4579.8108,201.12720000000002,699
2025-12-01,15505.0,338.42,0.9005,0.0094,D,0,12,1,49,4,0,5556.0,7724.0,12354.0,12859.0,13148.0,13314.0,7774.666666666667,2244.428954842029,8419.857142857143,3539.7746834401432,9486.07142857143,3246.9375029944276,9689.833333333334,2956.244018243802,3151.0,0.25505909017322326,0.4204079265695211,13962.252499999999,145.747,700
2025-12-02,14196.0,347.76,0.802,0.0531,D,1,12,2,49,4,0,15505.0,5556.0,11292.0,12096.0,11472.0,12084.0,9595.0,5231.74263510735,8870.0,4252.124919770503,9675.07142857143,3523.5973851969907,9947.366666666667,3116.2375577115286,2904.0,0.25717321997874604,0.47938274180050766,11385.192000000001,753.8076,701
2025-12-03,14302.0,347.54,0.8218,0.0269,D,2,12,3,49,4,0,14196.0,15505.0,9744.0,11909.0,11822.0,11919.0,11752.333333333334,5405.94860624233,9284.857142857143,4650.785683751774,9825.07142857143,3675.987579795833,10234.733333333334,3096.5668746525325,4558.0,0.4677750410509031,0.5009000797960184,11753.3836,384.7238,702
2025-12-04,13092.0,349.12,0.919,0.0095,D,3,12,4,49,4,0,14302.0,14196.0,2225.0,11764.0,11036.0,11032.0,14667.666666666666,727.0861938817729,9936.0,5029.444071333,9996.0,3832.6391790674884,10267.666666666666,3135.4552145260823,10867.0,4.884044943820225,0.5061839846349637,12031.548,124.374,703
2025-12-05,12964.0,345.53,0.9144,0.0091,D,4,12,5,49,4,0,13092.0,14302.0,10044.0,11825.0,11199.0,11108.0,13863.333333333334,670.0935258107329,11488.42857142857,3772.7624652299064,10090.857142857143,3895.6782930110385,10301.266666666666,3160.8882746875793,2920.0,0.29072082835523694,0.32839673779342377,11854.2816,117.97240000000001,704
2025-12-06,8821.0,329.45,0.7577,0.0409,D,5,12,6,49,4,1,12964.0,13092.0,7724.0,8075.0,7875.0,7695.0,13452.666666666666,738.323325741133,11905.57142857143,3747.783783212996,10172.214285714286,3946.2450931442245,10336.1,3184.996685431061,1097.0,0.14202485758674263,0.3147924319045221,6683.671700000001,360.77889999999996,705
2025-12-07,5869.0,308.28,0.9564,0.0107,D,6,12,7,49,4,1,8821.0,12964.0,5556.0,5338.0,5408.0,5424.0,11625.666666666666,2429.7556118534626,12062.285714285714,3562.1254289298413,10225.5,3920.702208494333,10262.4,3193.9069858846406,313.0,0.05633549316054716,0.29531098112782334,5613.1116,62.7983,706
2025-12-08,13918.0,344.6,0.9081,0.0107,D,0,12,8,50,4,0,5869.0,8821.0,15505.0,12354.0,12859.0,13148.0,9218.0,3564.1216309211436,12107.0,3467.5511051268877,10263.42857142857,3872.0504548978643,10087.766666666666,3287.920595183198,-1587.0,-0.10235407932924863,0.28640878046806706,12638.935800000001,148.9226,707
2025-12-09,12999.0,340.72,0.8917,0.0098,D,1,12,9,50,4,0,13918.0,5869.0,14196.0,11292.0,12096.0,11472.0,9536.0,4071.856947388992,11880.285714285714,3253.638615165376,10375.142857142857,3958.6007018242626,10295.2,3327.8176073195714,-1197.0,-0.08431952662721894,0.27386871775760124,11591.2083,127.3902,708
2025-12-10,12182.0,353.18,0.9052,0.0102,D,2,12,10,50,4,0,12999.0,13918.0,14302.0,9744.0,11909.0,11822.0,10928.666666666666,4405.826861479394,11709.285714285714,3141.159218838686,10497.07142857143,4014.901291329702,10547.7,3231.4509834779537,-2120.0,-0.14823101664102922,0.26826224036931373,11027.1464,124.25640000000001,709
2025-12-11,11779.0,355.17,0.9318,0.0108,D,3,12,11,50,4,0,12182.0,12999.0,13092.0,2225.0,11764.0,11036.0,13033.0,868.4992803682115,11406.42857142857,2945.63297425997,10671.214285714286,4032.5591068885124,10515.5,3209.38419004492,-1313.0,-0.10029025358997862,0.2582432315087957,10975.672199999999,127.2132,710
2025-12-12,11534.0,341.41,0.917,0.0103,D,4,12,12,50,4,0,11779.0,12182.0,12964.0,10044.0,11825.0,11199.0,12320.0,621.5971364156059,11218.857142857143,2860.999209400536,11353.642857142857,3219.7546396519806,10525.733333333334,3213.0265990864013,-1430.0,-0.11030546127738353,0.255016992637444,10576.678,118.8002,711
2025-12-13,8120.0,323.1,0.7587,0.036,D,5,12,13,50,4,1,11534.0,11779.0,8821.0,7724.0,8075.0,7875.0,11831.666666666666,327.194641358016,11014.57142857143,2765.0666572521595,11460.07142857143,3197.6847986361295,10516.133333333333,3209.448268551106,-701.0,-0.07946944790840041,0.2510371533911587,6160.644,292.32,712
2025-12-14,5445.0,309.98,0.9383,0.014,D,6,12,14,50,4,1,8120.0,11534.0,5869.0,5556.0,5338.0,5408.0,10477.666666666666,2045.4706874784008,10914.42857142857,2868.5115104726874,11488.357142857143,3163.665002375056,10418.933333333332,3237.197307733242,-424.0,-0.072243993866076,0.26281829522269096,5109.0435,76.23,713
2025-12-15,12891.0,343.13,0.9127,0.0081,D,0,12,15,51,4,0,5445.0,8120.0,13918.0,15505.0,12354.0,12859.0,8366.333333333334,3051.9649954305337,10853.857142857143,2994.516289740936,11480.42857142857,3179.7740053775424,10227.133333333333,3357.6050447873645,-1027.0,-0.07378933754849835,0.2758942051961324,11765.6157,104.41709999999999,714
2025-12-16,11989.0,339.66,0.9204,0.0103,D,1,12,16,51,4,0,12891.0,5445.0,12999.0,14196.0,11292.0,12096.0,8818.666666666666,3771.847071838055,10707.142857142857,2840.571270511823,11293.714285714286,2996.754409191885,10394.333333333334,3361.32576813676,-1010.0,-0.0776982844834218,0.265296849814313,11034.6756,123.4867,715
2025-12-17,12055.0,344.75,0.8408,0.0169,D,2,12,17,51,4,0,11989.0,12891.0,12182.0,14302.0,9744.0,11909.0,10108.333333333334,4063.669441937096,10562.857142857143,2728.1828768474847,11136.07142857143,2888.4281449175196,10613.7,3237.136912405022,-127.0,-0.010425217534066656,0.25828077005588845,10135.844,203.72949999999997,716
2025-12-18,11694.0,347.94,0.8428,0.019,D,3,12,18,51,4,0,12055.0,11989.0,11779.0,13092.0,2225.0,11764.0,12311.666666666666,502.80148501512514,10544.714285714286,2716.015875891606,10975.57142857143,2758.482099725411,10586.9,3221.1961405450015,-85.0,-0.007216232277782494,0.25757131035510333,9855.7032,222.186,717
2025-12-19,11365.0,336.9,0.8631,0.0247,D,4,12,19,51,4,0,11694.0,12055.0,11534.0,12964.0,10044.0,11825.0,11912.666666666666,192.22469491041852,10532.57142857143,2709.7606817541955,10875.714285714286,2700.6719229045307,10573.5,3215.533063009972,-169.0,-0.014652332235130917,0.25727437028373706,9809.1315,280.7155,718
2025-12-20,8627.0,327.69,0.7122,0.0488,D,5,12,20,51,4,1,11365.0,11694.0,8120.0,8821.0,7724.0,8075.0,11704.666666666666,345.1236493394758,10508.42857142857,2700.0869033633517,10761.5,2638.662386950576,10555.366666666667,3209.2698759658024,507.0,0.0624384236453202,0.2569448785810501,6144.1494,420.99760000000003,719
2025-12-21,5865.0,310.42,0.846,0.0268,D,6,12,21,51,4,1,8627.0,11365.0,5445.0,5869.0,5556.0,5338.0,10562.0,1683.8138258133029,10580.857142857143,2631.263221887379,10747.642857142857,2650.1214952451633,10450.8,3219.6206608853704,420.0,0.07713498622589532,0.24868148074975904,4961.79,157.18200000000002,720
2025-12-22,12030.0,331.05,0.9531,0.0078,D,0,12,22,52,4,0,5865.0,8627.0,12891.0,13918.0,15505.0,12354.0,8619.0,2750.008727258875,10640.857142857143,2495.9419349931104,10747.357142857143,2650.6880850405323,10252.133333333333,3314.3878691436203,-861.0,-0.06679078426809403,0.23456211294675203,11465.793,93.83399999999999,721
2025-12-23,10599.0,326.45,0.9934,0.0023,D,1,12,23,52,4,0,12030.0,5865.0,11989.0,12999.0,14196.0,11292.0,8840.666666666666,3088.048952548084,10517.857142857143,2385.338161111995,10612.5,2521.8659376922337,10383.966666666667,3303.4430365002886,-1390.0,-0.11593961131036784,0.2267893667610725,10529.0466,24.3777,722
2025-12-24,6700.0,303.96,0.9491,0.009,D,2,12,24,52,4,0,10599.0,12030.0,12055.0,12182.0,14302.0,9744.0,9498.0,3226.60146283981,10319.285714285714,2298.743766660806,10441.07142857143,2426.946053861039,10559.333333333334,3162.9928901261305,-5355.0,-0.44421401907922026,0.22276190720046576,6358.97,60.3,723
2025-12-25,1667.0,291.03,0.9952,0.0096,D,3,12,25,52,4,0,6700.0,10599.0,11694.0,11779.0,13092.0,2225.0,9776.333333333334,2758.5884675560687,9554.285714285714,2506.5011280192753,10049.5,2562.8869163804075,10370.866666666667,3220.2978629991244,-10027.0,-0.8574482640670429,0.26234312045656294,1658.9984,16.0032,724
2025-12-26,9514.0,333.22,0.8096,0.0269,D,4,12,26,52,4,0,1667.0,6700.0,11365.0,11534.0,12964.0,10044.0,6322.0,4477.9815765587855,8121.857142857143,3673.4004423046217,9327.214285714286,3343.8858597232615,10050.033333333333,3584.256855436992,-1851.0,-0.16286845578530576,0.45228577376976326,7702.5344,255.9266,725
2025-12-27,7108.0,313.9,0.9052,0.0117,D,5,12,27,52,4,1,9514.0,1667.0,8627.0,8120.0,8821.0,7724.0,5960.333333333333,3975.4474381298555,7857.428571428572,3461.547190546581,9182.92857142857,3284.391676827419,10042.366666666667,3585.179892407003,-1519.0,-0.17607511301727136,0.44054453172295677,6434.1616,83.1636,726
2025-12-28,4776.0,318.63,0.9731,0.0044,D,6,12,28,52,4,1,7108.0,9514.0,5865.0,5445.0,5869.0,5556.0,6096.333333333333,4020.131133847904,7640.428571428572,3452.8643595881754,9110.642857142857,3320.5227949628907,10205.133333333333,3318.996667392251,-1089.0,-0.18567774936061382,0.45192024600559483,4647.5256,21.014400000000002,727
2025-12-29,11695.0,353.94,0.7804,0.0213,D,0,12,29,1,4,0,4776.0,7108.0,12030.0,12891.0,13918.0,15505.0,7132.666666666667,2369.0963115359546,7484.857142857143,3568.7771214881313,9062.857142857143,3381.5853554928276,10029.533333333333,3464.0065076522906,-335.0,-0.027847049044056525,0.47679963069086,9126.778,249.1035,728
2025-12-30,11093.0,335.17,0.895,0.0099,D,1,12,30,1,4,0,11695.0,4776.0,10599.0,11989.0,12999.0,14196.0,7859.666666666667,3520.211972784208,7437.0,3499.237250220868,8977.42857142857,3291.3392110503955,10161.9,3448.7056977444627,494.0,0.04660817058213039,0.47051731211790615,9928.235,109.8207,729
2025-12-31,7922.0,337.87,0.7803,0.0319,D,2,12,31,1,4,0,11093.0,11695.0,6700.0,12055.0,12182.0,14302.0,9188.0,3832.7417079683296,7507.571428571428,3577.7366615008978,8913.42857142857,3236.529663657712,10346.466666666667,3340.1643851074423,1222.0,0.18238805970149255,0.4765504658250963,6181.5366,252.71179999999998,730
