Portfolio,Date,Call Volume,CCT,Service Level,Abandon Rate
A,2024-01-01,2147.0,302.45,0.9855,0.0037
A,2024-01-02,7458.0,349.22,0.5213,0.1136
A,2024-01-03,6882.0,331.07,0.7046,0.0432
A,2024-01-04,6208.0,341.8,0.72,0.0403
A,2024-01-05,6190.0,334.56,0.8063,0.0291
A,2024-01-06,3529.0,323.18,0.9673,0.0034
A,2024-01-07,1611.0,269.32,0.9707,0.0056
A,2024-01-08,6688.0,343.75,0.8036,0.0173
A,2024-01-09,5126.0,334.94,0.9122,0.009
A,2024-01-10,5793.0,340.56,0.8879,0.0097
A,2024-01-11,5408.0,324.22,0.9274,0.0089
A,2024-01-12,4902.0,333.5,0.963,0.0065
A,2024-01-13,3337.0,316.16,0.9426,0.0087
A,2024-01-14,1370.0,274.25,0.9713,0.0066
A,2024-01-15,4046.0,326.06,0.966,0.0044
A,2024-01-16,4893.0,339.49,0.9666,0.0039
A,2024-01-17,5538.0,327.6,0.9021,0.0081
A,2024-01-18,5059.0,325.83,0.8213,0.019
A,2024-01-19,5267.0,330.49,0.8563,0.014
A,2024-01-20,3569.0,320.37,,0.0073
A,2024-01-21,1327.0,295.66,,0.0098
A,2024-01-22,5740.0,333.27,,0.0094
A,2024-01-23,5443.0,333.75,,0.0064
A,2024-01-24,5136.0,327.31,,0.0101
A,2024-01-25,5276.0,321.68,,0.0127
A,2024-01-26,4982.0,322.34,0.8678,0.0145
A,2024-01-27,3440.0,299.77,0.9711,0.0035
A,2024-01-28,1462.0,270.0,0.8916,0.0089
A,2024-01-29,5399.0,321.72,0.9643,0.0043
A,2024-01-30,5202.0,310.12,0.9212,0.0052
A,2024-01-31,5687.0,315.97,0.8209,0.0213
A,2024-02-01,6089.0,279.87,0.957,0.0055
A,2024-02-02,5955.0,314.45,0.8893,0.0131
A,2024-02-03,3884.0,327.51,0.851,0.0233
A,2024-02-04,1483.0,324.53,0.943,0.0092
A,2024-02-05,6622.0,297.62,0.9697,0.0096
A,2024-02-06,5655.0,341.61,0.9326,0.0078
A,2024-02-07,5199.0,327.75,0.8957,0.0107
A,2024-02-08,5131.0,317.4,0.9512,0.0057
A,2024-02-09,4687.0,308.97,0.9946,0.002
A,2024-02-10,3300.0,329.39,0.9888,0.0027
A,2024-02-11,1237.0,305.5,0.9305,0.0064
A,2024-02-12,4941.0,287.65,0.9558,0.0073
A,2024-02-13,4997.0,331.31,0.9367,0.0063
A,2024-02-14,4746.0,326.21,0.9534,0.0072
A,2024-02-15,4684.0,331.78,0.9121,0.008
A,2024-02-16,4776.0,319.01,0.9097,0.014
A,2024-02-17,3337.0,328.52,0.9317,0.0089
A,2024-02-18,1348.0,303.38,0.8697,0.0178
A,2024-02-19,4745.0,292.52,0.9645,0.0043
A,2024-02-20,4913.0,317.84,0.9898,0.001
A,2024-02-21,4793.0,328.07,0.9312,0.0077
A,2024-02-22,4556.0,337.22,0.8779,0.0136
A,2024-02-23,4813.0,327.4,0.9085,0.0095
A,2024-02-24,3054.0,323.73,0.9076,0.0068
A,2024-02-25,1399.0,298.79,0.844,0.0218
A,2024-02-26,4897.0,282.1,0.9497,0.0055
A,2024-02-27,4512.0,326.8,0.9358,0.0054
A,2024-02-28,4523.0,310.92,0.984,0.0011
A,2024-02-29,4972.0,318.99,0.951,0.0054
A,2024-03-01,5476.0,324.84,0.9311,0.0087
A,2024-03-02,3825.0,330.3,0.8888,0.0112
A,2024-03-03,1387.0,317.56,0.7931,0.0274
A,2024-03-04,5347.0,307.42,0.8496,0.0205
A,2024-03-05,5043.0,308.7,0.8427,0.0165
A,2024-03-06,4653.0,275.76,0.94,0.0115
A,2024-03-07,4489.0,325.52,0.739,0.0331
A,2024-03-08,4496.0,321.56,0.9302,0.0071
A,2024-03-09,2961.0,313.31,0.9521,0.004
A,2024-03-10,1211.0,307.87,0.951,0.006
A,2024-03-11,5459.0,314.33,0.8967,0.0102
A,2024-03-12,4542.0,302.6,0.95,0.0055
A,2024-03-13,4587.0,277.99,0.9583,0.0121
A,2024-03-14,4573.0,316.67,0.9118,0.0061
A,2024-03-15,4285.0,328.52,0.9044,0.0074
A,2024-03-16,3425.0,300.7,0.9252,0.0118
A,2024-03-17,1488.0,309.27,0.9022,0.0092
A,2024-03-18,5367.0,303.8,0.9395,0.0069
A,2024-03-19,5017.0,306.58,0.8767,0.0132
A,2024-03-20,5233.0,286.11,0.8981,0.0171
A,2024-03-21,4773.0,308.82,0.9388,0.0048
A,2024-03-22,4702.0,307.17,0.9284,0.0106
A,2024-03-23,3707.0,314.44,0.9146,0.0083
A,2024-03-24,1476.0,312.19,0.9035,0.0083
A,2024-03-25,5533.0,315.44,0.8835,0.0104
A,2024-03-26,4465.0,290.85,0.9148,0.0118
A,2024-03-27,4840.0,271.0,0.9287,0.0179
A,2024-03-28,4817.0,321.32,0.8968,0.0084
A,2024-03-29,4600.0,315.22,0.9287,0.0058
A,2024-03-30,3561.0,304.88,0.9036,0.0113
A,2024-03-31,594.0,306.22,0.8736,0.0135
A,2024-04-01,5958.0,302.04,0.8677,0.0175
A,2024-04-02,5738.0,291.39,0.9355,0.0138
A,2024-04-03,5702.0,326.33,0.9285,0.0056
A,2024-04-04,5237.0,319.4,0.9649,0.0022
A,2024-04-05,5505.0,326.77,0.9157,0.0103
A,2024-04-06,3615.0,323.16,0.9885,0.0018
A,2024-04-07,1434.0,329.64,0.9318,0.0076
A,2024-04-08,4937.0,306.97,0.6551,0.0608
A,2024-04-09,4805.0,294.4,0.9699,0.0
A,2024-04-10,4728.0,340.69,0.9648,0.0027
A,2024-04-11,4870.0,323.91,0.9277,0.0077
A,2024-04-12,4462.0,320.1,0.9172,0.0089
A,2024-04-13,3094.0,321.56,0.9096,0.0109
A,2024-04-14,1352.0,330.01,0.8897,0.0118
A,2024-04-15,5397.0,305.88,0.8656,0.0211
A,2024-04-16,4674.0,280.89,0.966,0.0076
A,2024-04-17,4768.0,310.92,0.9892,0.0007
A,2024-04-18,4580.0,319.46,0.958,0.0029
A,2024-04-19,4671.0,332.65,0.9407,0.0054
A,2024-04-20,3124.0,327.14,0.8843,0.0126
A,2024-04-21,1429.0,315.03,0.9282,0.0074
A,2024-04-22,5416.0,312.62,0.8951,0.0188
A,2024-04-23,4845.0,297.94,0.98,0.0016
A,2024-04-24,4882.0,326.93,0.9758,0.0034
A,2024-04-25,4716.0,307.34,0.9746,0.0039
A,2024-04-26,4474.0,311.38,0.8663,0.0886
A,2024-04-27,3202.0,302.46,0.9475,0.0045
A,2024-04-28,1438.0,319.58,0.907,0.0131
A,2024-04-29,5088.0,315.77,0.9071,0.0131
A,2024-04-30,4954.0,285.87,0.9288,0.0092
A,2024-05-01,5549.0,263.46,0.976,0.0079
A,2024-05-02,5296.0,317.27,0.9594,0.0062
A,2024-05-03,5337.0,316.69,0.9576,0.0048
A,2024-05-04,3668.0,315.09,0.9624,0.0052
A,2024-05-05,1837.0,308.99,0.9819,0.002
A,2024-05-06,5722.0,304.08,0.985,0.0053
A,2024-05-07,5155.0,299.56,0.9868,0.0027
A,2024-05-08,4977.0,278.57,0.9834,0.0041
A,2024-05-09,4891.0,310.08,0.9215,0.0082
A,2024-05-10,4840.0,307.32,0.971,0.0051
A,2024-05-11,3512.0,315.91,0.8611,0.0161
A,2024-05-12,1132.0,299.62,0.8856,0.012
A,2024-05-13,4971.0,306.45,0.8263,0.0261
A,2024-05-14,4903.0,289.88,0.8269,0.0201
A,2024-05-15,4703.0,275.39,0.8135,0.045
A,2024-05-16,4650.0,313.55,0.8456,0.0127
A,2024-05-17,5039.0,308.89,0.881,0.0132
A,2024-05-18,3620.0,308.24,0.8442,0.0189
A,2024-05-19,1544.0,302.85,0.8103,0.0216
A,2024-05-20,5564.0,305.33,0.9606,0.0057
A,2024-05-21,4684.0,273.09,0.9046,0.0156
A,2024-05-22,4715.0,258.93,0.9679,0.0068
A,2024-05-23,4794.0,310.37,0.8889,0.0137
A,2024-05-24,4786.0,316.53,0.8756,0.0119
A,2024-05-25,3502.0,304.63,0.9196,0.0107
A,2024-05-26,1407.0,295.22,0.932,0.0112
A,2024-05-27,3209.0,284.69,0.9663,0.0054
A,2024-05-28,5473.0,269.47,0.9309,0.0084
A,2024-05-29,4810.0,245.04,0.9747,0.0034
A,2024-05-30,4931.0,311.3,0.8826,0.022
A,2024-05-31,5264.0,295.61,0.8995,0.0137
A,2024-06-01,3678.0,308.17,0.9424,0.0082
A,2024-06-02,1633.0,315.03,0.962,0.0079
A,2024-06-03,6408.0,317.47,0.9491,0.0062
A,2024-06-04,5851.0,320.99,0.9434,0.006
A,2024-06-05,5283.0,323.7,0.989,0.002
A,2024-06-06,,,0.9196,0.0083
A,2024-06-07,,,0.9538,0.0061
A,2024-06-08,,,0.9775,0.0029
A,2024-06-09,,,0.9359,0.0073
A,2024-06-10,,,0.9396,0.0052
A,2024-06-11,5402.0,310.34,0.9398,0.0071
A,2024-06-12,4978.0,306.48,0.9593,0.0051
A,2024-06-13,4820.0,291.2,0.9156,0.0264
A,2024-06-14,4965.0,282.76,0.9338,0.0175
A,2024-06-15,3358.0,305.9,0.9705,0.0063
A,2024-06-16,1319.0,304.81,0.9788,0.0015
A,2024-06-17,5656.0,307.61,0.8833,0.0147
A,2024-06-18,5368.0,307.3,0.953,0.0085
A,2024-06-19,4712.0,318.93,0.9672,0.0028
A,2024-06-20,5063.0,303.19,0.8442,0.0235
A,2024-06-21,4936.0,297.55,0.8923,0.0175
A,2024-06-22,3236.0,314.19,0.9687,0.0051
A,2024-06-23,1493.0,315.09,0.9594,0.0055
A,2024-06-24,5730.0,324.54,0.9276,0.0065
A,2024-06-25,5443.0,311.56,0.9133,0.0091
A,2024-06-26,5063.0,311.19,0.924,0.0089
A,2024-06-27,5373.0,290.79,0.9125,0.0107
A,2024-06-28,4641.0,260.69,0.8679,0.0182
A,2024-06-29,3286.0,314.7,0.926,0.0092
A,2024-06-30,1454.0,325.85,0.8944,0.0094
A,2024-07-01,6314.0,313.51,0.9356,0.0075
A,2024-07-02,5755.0,312.3,0.9059,0.0089
A,2024-07-03,5422.0,320.69,0.9098,0.0118
A,2024-07-04,2361.0,319.75,0.88,0.0131
A,2024-07-05,5421.0,300.79,0.9468,0.0075
A,2024-07-06,3534.0,298.05,0.9566,0.0049
A,2024-07-07,1508.0,323.41,0.9811,0.0028
A,2024-07-08,6364.0,332.23,0.9393,0.0056
A,2024-07-09,5479.0,330.02,0.9165,0.0074
A,2024-07-10,5188.0,306.88,0.9135,0.0121
A,2024-07-11,5296.0,313.69,0.8522,0.019
A,2024-07-12,4830.0,301.51,0.9118,0.0252
A,2024-07-13,3296.0,285.67,0.9258,0.0126
A,2024-07-14,1456.0,313.54,0.8762,0.0133
A,2024-07-15,4905.0,312.46,0.906,0.0101
A,2024-07-16,4758.0,304.71,0.8621,0.0132
A,2024-07-17,4733.0,318.49,0.8718,0.0135
A,2024-07-18,4685.0,307.01,0.933,0.0098
A,2024-07-19,4561.0,296.09,0.8758,0.0157
A,2024-07-20,3275.0,309.04,0.8969,0.0154
A,2024-07-21,1348.0,337.28,0.8376,0.0179
A,2024-07-22,5264.0,327.18,0.8701,0.0136
A,2024-07-23,4948.0,305.6,0.8634,0.0178
A,2024-07-24,4479.0,318.99,0.917,0.0085
A,2024-07-25,4829.0,314.48,0.8743,0.0165
A,2024-07-26,4438.0,298.36,0.8839,0.0184
A,2024-07-27,3386.0,300.08,0.8882,0.0299
A,2024-07-28,1452.0,327.66,0.8765,0.0114
A,2024-07-29,4844.0,316.72,0.8901,0.0135
A,2024-07-30,4502.0,315.58,0.9665,0.005
A,2024-07-31,4258.0,323.84,0.9291,0.0057
A,2024-08-01,5070.0,312.41,0.9708,0.004
A,2024-08-02,5322.0,312.63,0.9545,0.0035
A,2024-08-03,3387.0,292.43,0.924,0.0074
A,2024-08-04,1511.0,284.57,0.9637,0.0094
A,2024-08-05,5589.0,325.96,0.9614,0.0022
A,2024-08-06,5151.0,325.18,0.9167,0.0074
A,2024-08-07,4659.0,316.62,0.9427,0.0044
A,2024-08-08,4326.0,321.05,0.9015,0.0131
A,2024-08-09,4541.0,327.6,0.9144,0.0099
A,2024-08-10,3234.0,302.68,0.8626,0.0168
A,2024-08-11,1439.0,303.17,0.9331,0.0139
A,2024-08-12,4896.0,322.33,0.9603,0.0034
A,2024-08-13,4601.0,316.52,0.9224,0.009
A,2024-08-14,4587.0,323.87,0.8838,0.0093
A,2024-08-15,4617.0,321.9,0.9329,0.0088
A,2024-08-16,4673.0,316.85,0.9834,0.0012
A,2024-08-17,3511.0,301.1,0.9593,0.0085
A,2024-08-18,1469.0,318.23,0.9718,0.0166
A,2024-08-19,5088.0,333.85,0.8652,0.0186
A,2024-08-20,4813.0,326.45,0.9208,0.0062
A,2024-08-21,4550.0,328.37,0.8429,0.0136
A,2024-08-22,4449.0,322.64,0.8524,0.0156
A,2024-08-23,4715.0,318.89,0.8726,0.0204
A,2024-08-24,3182.0,315.08,0.9072,0.0088
A,2024-08-25,1514.0,290.61,0.9113,0.0109
A,2024-08-26,5193.0,327.64,0.9528,0.0058
A,2024-08-27,4875.0,328.18,0.9157,0.0073
A,2024-08-28,4471.0,323.12,0.8943,0.0131
A,2024-08-29,4425.0,318.79,0.7749,0.0321
A,2024-08-30,4596.0,316.03,0.8548,0.0194
A,2024-08-31,3305.0,316.33,0.8582,0.0219
A,2024-09-01,1500.0,296.27,0.9192,0.0117
A,2024-09-02,3649.0,286.3,0.9393,0.0131
A,2024-09-03,6860.0,329.37,0.8688,0.0129
A,2024-09-04,6173.0,329.62,0.8846,0.0103
A,2024-09-05,,,,
A,2024-09-06,,,,
A,2024-09-07,,,,
A,2024-09-08,,,,
A,2024-09-09,,,,
A,2024-09-10,,,,
A,2024-09-11,,,,
A,2024-09-12,,,,
A,2024-09-13,,,,
A,2024-09-14,,,,
A,2024-09-15,,,,
A,2024-09-16,,,,
A,2024-09-17,5083.0,326.15,0.8595,0.0147
A,2024-09-18,4853.0,326.24,0.8721,0.0149
A,2024-09-19,4918.0,321.37,0.87,0.0165
A,2024-09-20,4761.0,310.47,0.8549,0.0181
A,2024-09-21,3243.0,312.16,0.8742,0.0167
A,2024-09-22,1615.0,294.99,0.954,0.0069
A,2024-09-23,5318.0,284.0,0.9579,0.0043
A,2024-09-24,4806.0,300.53,0.8827,0.0175
A,2024-09-25,4816.0,331.01,0.8261,0.0227
A,2024-09-26,4434.0,328.16,0.8089,0.0233
A,2024-09-27,3709.0,319.67,0.898,0.0138
A,2024-09-28,2749.0,307.18,0.9284,0.011
A,2024-09-29,1161.0,314.31,0.9157,0.0121
A,2024-09-30,5056.0,321.5,0.9088,0.0092
A,2024-10-01,5350.0,291.91,0.9016,0.0115
A,2024-10-02,5248.0,293.44,0.8162,0.046
A,2024-10-03,5211.0,318.72,0.9233,0.0084
A,2024-10-04,4731.0,326.63,0.9567,0.0029
A,2024-10-05,3331.0,324.71,0.9348,0.0055
A,2024-10-06,1427.0,314.09,0.9349,0.0104
A,2024-10-07,5305.0,328.42,0.9655,0.0052
A,2024-10-08,4796.0,301.42,0.9514,0.0059
A,2024-10-09,4425.0,292.88,0.9893,0.0085
A,2024-10-10,4512.0,319.45,0.9468,0.0055
A,2024-10-11,4341.0,310.53,0.9764,0.0026
A,2024-10-12,2849.0,330.58,0.8994,0.011
A,2024-10-13,1219.0,328.17,0.9021,0.0105
A,2024-10-14,4679.0,326.95,0.9093,0.0092
A,2024-10-15,4408.0,306.47,0.9392,0.0086
A,2024-10-16,4678.0,299.53,0.9512,0.0103
A,2024-10-17,4769.0,319.01,0.959,0.0051
A,2024-10-18,4451.0,335.69,0.9192,0.0088
A,2024-10-19,3266.0,319.85,0.9192,0.007
A,2024-10-20,1413.0,325.67,0.9685,0.0049
A,2024-10-21,5574.0,323.52,0.9032,0.0161
A,2024-10-22,5137.0,308.02,0.8956,0.0093
A,2024-10-23,4925.0,282.99,0.9772,0.0033
A,2024-10-24,4930.0,289.2,0.9698,0.0033
A,2024-10-25,4782.0,330.37,0.8966,0.0117
A,2024-10-26,3105.0,323.48,0.9137,0.0152
A,2024-10-27,1404.0,326.17,0.9534,0.0091
A,2024-10-28,5224.0,322.09,0.942,0.0054
A,2024-10-29,4644.0,306.61,0.9068,0.0176
A,2024-10-30,4172.0,299.6,0.955,0.0098
A,2024-10-31,4323.0,294.88,0.9704,0.0086
A,2024-11-01,5336.0,328.56,0.8821,0.0151
A,2024-11-02,3772.0,319.3,0.927,0.0068
A,2024-11-03,1392.0,336.15,0.9316,0.0127
A,2024-11-04,5837.0,320.54,0.9078,0.0089
A,2024-11-05,4874.0,318.24,0.9657,0.0052
A,2024-11-06,4695.0,296.93,0.9588,0.0104
A,2024-11-07,4920.0,292.94,0.9516,0.0108
A,2024-11-08,5549.0,326.39,0.9418,0.0058
A,2024-11-09,3716.0,338.09,0.8735,0.0111
A,2024-11-10,1577.0,322.49,0.8559,0.0171
A,2024-11-11,5406.0,315.68,0.8942,0.0137
A,2024-11-12,4961.0,322.74,0.9121,0.0149
A,2024-11-13,4860.0,299.82,0.9315,0.0083
A,2024-11-14,5290.0,278.13,0.9079,0.0205
A,2024-11-15,5065.0,314.53,0.9309,0.0095
A,2024-11-16,3616.0,318.45,0.8858,0.0117
A,2024-11-17,1716.0,318.5,0.8894,0.0121
A,2024-11-18,5782.0,309.51,0.8631,0.013
A,2024-11-19,5221.0,306.16,0.9069,0.0099
A,2024-11-20,5562.0,304.18,0.9207,0.0099
A,2024-11-21,5322.0,284.13,0.9391,0.01
A,2024-11-22,5335.0,319.14,0.9048,0.008
A,2024-11-23,4064.0,314.71,0.8292,0.0187
A,2024-11-24,1713.0,316.53,0.8519,0.0198
A,2024-11-25,6285.0,301.14,0.8124,0.0249
A,2024-11-26,5478.0,304.57,0.8999,0.0119
A,2024-11-27,5067.0,296.13,0.955,0.0067
A,2024-11-28,545.0,290.14,0.9653,0.0096
A,2024-11-29,6986.0,280.51,0.9065,0.0305
A,2024-11-30,4936.0,327.42,0.9594,0.0055
A,2024-12-01,2101.0,323.73,0.9739,0.0046
A,2024-12-02,8302.0,323.3,0.9752,0.0026
A,2024-12-03,7285.0,316.96,0.9569,0.005
A,2024-12-04,6329.0,329.58,0.9508,0.0077
A,2024-12-05,6112.0,311.71,0.9025,0.0143
A,2024-12-06,6090.0,291.69,0.9258,0.0155
A,2024-12-07,4323.0,331.18,0.973,0.0045
A,2024-12-08,2007.0,335.9,0.9272,0.0079
A,2024-12-09,7094.0,314.1,0.9017,0.0084
A,2024-12-10,6604.0,316.39,0.9669,0.004
A,2024-12-11,6715.0,327.36,0.9607,0.0037
A,2024-12-12,6192.0,313.29,0.8801,0.018
A,2024-12-13,6005.0,290.11,0.9883,0.0036
A,2024-12-14,4610.0,323.34,0.967,0.0034
A,2024-12-15,2099.0,321.67,0.9879,0.0025
A,2024-12-16,6945.0,317.93,0.9817,0.003
A,2024-12-17,6472.0,315.98,0.9897,0.0015
A,2024-12-18,6209.0,321.5,0.9497,0.0172
A,2024-12-19,5932.0,302.09,0.8968,0.0204
A,2024-12-20,6055.0,302.38,0.9294,0.0134
A,2024-12-21,4701.0,322.18,0.9493,0.006
A,2024-12-22,2292.0,310.99,0.9739,0.0043
A,2024-12-23,6323.0,312.94,0.9352,0.007
A,2024-12-24,4112.0,303.06,0.9563,0.0077
A,2024-12-25,294.0,319.62,0.9061,0.0106
A,2024-12-26,5361.0,314.83,0.882,0.0164
A,2024-12-27,5443.0,280.98,0.9291,0.0115
A,2024-12-28,3611.0,317.73,0.864,0.0152
A,2024-12-29,1443.0,331.58,0.9239,0.0112
A,2024-12-30,6201.0,324.73,0.9676,0.0035
A,2024-12-31,4846.0,311.67,0.9092,0.0144
A,2025-01-01,2196.0,291.4,0.9504,0.0089
A,2025-01-02,6711.0,307.38,0.9268,0.0101
A,2025-01-03,6351.0,295.82,0.9476,0.0062
A,2025-01-04,3910.0,291.55,0.9516,0.0126
A,2025-01-05,1565.0,328.12,0.9061,0.0112
A,2025-01-06,5880.0,324.99,0.8992,0.0093
A,2025-01-07,5594.0,321.86,0.8726,0.012
A,2025-01-08,5423.0,311.64,0.9242,0.0081
A,2025-01-09,4085.0,304.69,0.9494,0.006
A,2025-01-10,4101.0,292.89,0.9612,0.0058
A,2025-01-11,3287.0,277.92,0.9682,0.0055
A,2025-01-12,1368.0,322.86,0.9416,0.0077
A,2025-01-13,5722.0,327.23,0.9296,0.012
A,2025-01-14,5297.0,333.24,0.9076,0.0078
A,2025-01-15,4862.0,315.55,0.9078,0.0096
A,2025-01-16,4775.0,321.74,0.9399,0.023
A,2025-01-17,4918.0,293.32,0.9563,0.0085
A,2025-01-18,2867.0,293.22,0.9732,0.0037
A,2025-01-19,1159.0,322.74,0.9425,0.0057
A,2025-01-20,3907.0,318.63,0.9005,0.0174
A,2025-01-21,4289.0,309.15,0.9059,0.0103
A,2025-01-22,4783.0,309.72,0.9095,0.0095
A,2025-01-23,5062.0,307.63,0.9649,0.0056
A,2025-01-24,4989.0,295.38,0.8831,0.0201
A,2025-01-25,3721.0,268.79,0.9722,0.0083
A,2025-01-26,1280.0,324.25,0.9243,0.0072
A,2025-01-27,5384.0,334.37,0.9504,0.0067
A,2025-01-28,4491.0,309.28,0.9329,0.0063
A,2025-01-29,4087.0,315.02,0.9075,0.0271
A,2025-01-30,4363.0,305.73,0.9368,0.0085
A,2025-01-31,4812.0,307.8,0.9386,0.0113
A,2025-02-01,3607.0,312.57,0.977,0.0031
A,2025-02-02,1526.0,316.65,0.8859,0.0185
A,2025-02-03,6086.0,298.83,0.9219,0.0164
A,2025-02-04,5054.0,337.13,0.7964,0.023
A,2025-02-05,4855.0,329.7,0.9504,0.0078
A,2025-02-06,4360.0,326.6,0.9193,0.0122
A,2025-02-07,4594.0,319.16,0.9381,0.0085
A,2025-02-08,3254.0,328.59,0.9182,0.0118
A,2025-02-09,1095.0,303.69,0.9096,0.0117
A,2025-02-10,5093.0,287.12,0.9435,0.016
A,2025-02-11,4935.0,316.12,0.9581,0.007
A,2025-02-12,4376.0,321.88,0.9305,0.0089
A,2025-02-13,4395.0,324.58,0.8416,0.0275
A,2025-02-14,4312.0,318.78,0.8936,0.0173
A,2025-02-15,2933.0,330.81,0.8851,0.0129
A,2025-02-16,1187.0,306.66,0.8399,0.0232
A,2025-02-17,4362.0,287.36,0.9127,0.024
A,2025-02-18,4177.0,320.18,0.8897,0.0123
A,2025-02-19,4276.0,325.38,0.938,0.0058
A,2025-02-20,4508.0,315.27,0.9137,0.0083
A,2025-02-21,4322.0,309.67,0.9741,0.0022
A,2025-02-22,2875.0,309.45,0.9678,0.0055
A,2025-02-23,1250.0,295.56,0.9751,0.0138
A,2025-02-24,4776.0,285.07,0.9265,0.0094
A,2025-02-25,4348.0,323.22,0.9512,0.0062
A,2025-02-26,4988.0,321.08,0.9534,0.0068
A,2025-02-27,4399.0,314.58,0.9532,0.0049
A,2025-02-28,4563.0,296.05,0.9668,0.0064
A,2025-03-01,3266.0,316.8,0.9312,0.0057
A,2025-03-02,1604.0,317.63,0.9523,0.0066
A,2025-03-03,5603.0,290.8,0.9537,0.0047
A,2025-03-04,4533.0,281.84,0.9597,0.0146
A,2025-03-05,4345.0,331.93,0.9367,0.0079
A,2025-03-06,4191.0,332.6,0.924,0.0089
A,2025-03-07,3994.0,328.38,0.9424,0.0056
A,2025-03-08,3024.0,328.1,0.9334,0.0069
A,2025-03-09,1154.0,321.93,0.9607,0.0035
A,2025-03-10,4823.0,299.51,0.9403,0.0099
A,2025-03-11,4637.0,275.82,0.9422,0.0139
A,2025-03-12,4261.0,325.02,0.9544,0.0063
A,2025-03-13,4080.0,318.97,0.9345,0.0104
A,2025-03-14,3905.0,310.55,0.9378,0.0087
A,2025-03-15,2616.0,310.32,0.9151,0.0106
A,2025-03-16,1200.0,313.56,0.9432,0.0083
A,2025-03-17,4603.0,297.69,0.8898,0.0154
A,2025-03-18,3915.0,280.69,0.9616,0.0061
A,2025-03-19,4089.0,327.69,0.9475,0.0047
A,2025-03-20,4377.0,323.94,0.9339,0.006
A,2025-03-21,3910.0,326.11,0.873,0.0224
A,2025-03-22,2984.0,330.8,0.9375,0.0072
A,2025-03-23,1257.0,317.88,0.9297,0.0382
A,2025-03-24,4338.0,300.9,0.9348,0.0075
A,2025-03-25,4166.0,286.01,0.9749,0.0013
A,2025-03-26,4298.0,322.14,0.9515,0.0035
A,2025-03-27,4737.0,338.12,0.9398,0.0053
A,2025-03-28,4290.0,327.38,0.9441,0.004
A,2025-03-29,2993.0,320.87,0.902,0.0104
A,2025-03-30,1318.0,317.25,0.9445,0.0074
A,2025-03-31,5112.0,301.57,0.92,0.0091
A,2025-04-01,5249.0,304.6,0.8755,0.0235
A,2025-04-02,4920.0,291.8,0.9117,0.0164
A,2025-04-03,4944.0,298.09,0.9039,0.0203
A,2025-04-04,4810.0,328.86,0.9147,0.0073
A,2025-04-05,3365.0,324.81,0.9201,0.0117
A,2025-04-06,1279.0,316.57,0.9525,0.0094
A,2025-04-07,5109.0,321.73,0.916,0.0058
A,2025-04-08,4982.0,324.76,0.9377,0.0201
A,2025-04-09,4367.0,306.01,0.9465,0.0124
A,2025-04-10,4507.0,266.47,0.9613,0.0109
A,2025-04-11,4556.0,313.52,0.9616,0.0101
A,2025-04-12,3146.0,317.58,0.9478,0.0167
A,2025-04-13,1227.0,321.37,0.9408,0.0165
A,2025-04-14,5030.0,317.79,0.9368,0.0167
A,2025-04-15,4450.0,318.11,0.9176,0.012
A,2025-04-16,4411.0,299.58,0.9089,0.0128
A,2025-04-17,4649.0,280.68,0.87,0.0337
A,2025-04-18,4159.0,315.86,0.9434,0.0051
A,2025-04-19,2949.0,319.05,0.8684,0.0169
A,2025-04-20,541.0,314.72,0.869,0.0124
A,2025-04-21,4452.0,319.92,0.8594,0.0162
A,2025-04-22,4382.0,320.51,0.9097,0.0104
A,2025-04-23,4543.0,301.43,0.9114,0.0121
A,2025-04-24,4294.0,275.32,0.9623,0.0078
A,2025-04-25,4408.0,316.32,0.8679,0.0137
A,2025-04-26,2956.0,308.9,0.919,0.0082
A,2025-04-27,1379.0,339.66,0.9368,0.0067
A,2025-04-28,4688.0,317.24,0.8968,0.01
A,2025-04-29,4254.0,325.26,0.9008,0.0078
A,2025-04-30,4734.0,304.33,0.8914,0.0193
A,2025-05-01,5190.0,274.97,0.9208,0.0157
A,2025-05-02,5421.0,296.33,0.9321,0.018
A,2025-05-03,3403.0,294.14,0.9689,0.0049
A,2025-05-04,1500.0,337.88,0.8681,0.0133
A,2025-05-05,5808.0,339.59,0.887,0.0081
A,2025-05-06,4907.0,336.09,0.9007,0.0103
A,2025-05-07,4535.0,322.36,0.9802,0.0035
A,2025-05-08,4800.0,306.53,0.9378,0.0077
A,2025-05-09,4427.0,290.97,0.9578,0.0106
A,2025-05-10,2858.0,347.5,0.9444,0.0057
A,2025-05-11,940.0,344.43,0.9614,0.0028
A,2025-05-12,4723.0,337.18,0.9508,0.0028
A,2025-05-13,4240.0,316.18,0.9299,0.0148
A,2025-05-14,4745.0,341.13,0.9288,0.0075
A,2025-05-15,4286.0,301.57,0.9124,0.0105
A,2025-05-16,3893.0,298.47,0.9649,0.0038
A,2025-05-17,2905.0,337.05,0.9524,0.0019
A,2025-05-18,1264.0,332.25,0.9328,0.0077
A,2025-05-19,4707.0,327.25,0.908,0.0101
A,2025-05-20,4656.0,322.16,0.98,0.0033
A,2025-05-21,4287.0,333.35,0.9359,0.0078
A,2025-05-22,4307.0,313.8,0.9426,0.0062
A,2025-05-23,4282.0,304.07,0.9789,0.0043
A,2025-05-24,2910.0,340.46,0.9173,0.0038
A,2025-05-25,1230.0,328.42,0.9062,0.0081
A,2025-05-26,2721.0,333.3,0.8892,0.0141
A,2025-05-27,4971.0,329.41,0.9055,0.0092
A,2025-05-28,4602.0,322.09,0.9583,0.0046
A,2025-05-29,4264.0,315.19,0.9167,0.0087
A,2025-05-30,4437.0,289.94,0.9862,0.0017
A,2025-05-31,3014.0,318.7,0.9125,0.0059
A,2025-06-01,1412.0,297.56,0.9845,0.0029
A,2025-06-02,5596.0,322.25,0.9327,0.0116
A,2025-06-03,4963.0,319.35,0.9067,0.0107
A,2025-06-04,4611.0,325.28,0.8562,0.0146
A,2025-06-05,4617.0,328.65,0.9349,0.0104
A,2025-06-06,4443.0,314.89,0.9168,0.0081
A,2025-06-07,3154.0,285.54,0.9294,0.0201
A,2025-06-08,1423.0,330.24,0.8776,0.0133
A,2025-06-09,4907.0,333.26,0.9045,0.0131
A,2025-06-10,4457.0,326.16,0.8886,0.012
A,2025-06-11,4523.0,327.34,0.8785,0.0135
A,2025-06-12,,,,
A,2025-06-13,,,,
A,2025-06-14,,,,
A,2025-06-15,,,,
A,2025-06-16,,,,
A,2025-06-17,,,,
A,2025-06-18,,,,
A,2025-06-19,3889.0,327.77,0.9698,0.0023
A,2025-06-20,4593.0,307.09,0.9045,0.0141
A,2025-06-21,2897.0,299.17,0.9563,0.0093
A,2025-06-22,1191.0,333.58,0.9675,0.003
A,2025-06-23,5164.0,328.17,0.8652,0.0233
A,2025-06-24,4389.0,332.32,0.8953,0.0117
A,2025-06-25,4681.0,328.91,0.8724,0.0117
A,2025-06-26,4308.0,328.92,0.9346,0.0084
A,2025-06-27,4243.0,302.35,0.8899,0.0134
A,2025-06-28,2740.0,280.39,0.9545,0.0092
A,2025-06-29,1213.0,321.09,0.9677,0.0039
A,2025-06-30,4987.0,328.38,0.6614,0.0712
A,2025-07-01,4987.0,322.97,0.9005,0.0097
A,2025-07-02,4836.0,322.58,0.9331,0.0067
A,2025-07-03,4711.0,318.75,0.9188,0.0104
A,2025-07-04,1963.0,322.07,0.9234,0.0091
A,2025-07-05,3073.0,307.18,0.9373,0.0087
A,2025-07-06,1340.0,277.6,0.962,0.0049
A,2025-07-07,5576.0,337.06,0.9416,0.0066
A,2025-07-08,4861.0,329.71,0.9384,0.0077
A,2025-07-09,4594.0,328.16,0.9682,0.0056
A,2025-07-10,4494.0,326.88,0.9365,0.0082
A,2025-07-11,4493.0,321.84,0.9783,0.0035
A,2025-07-12,2900.0,302.49,0.9411,0.0116
A,2025-07-13,1187.0,290.13,0.9317,0.0148
A,2025-07-14,4735.0,323.69,0.9574,0.0058
A,2025-07-15,4369.0,327.24,0.9437,0.0048
A,2025-07-16,4771.0,335.11,0.8951,0.018
A,2025-07-17,4678.0,329.45,0.9507,0.0086
A,2025-07-18,4093.0,324.21,0.9659,0.0045
A,2025-07-19,2846.0,304.9,0.9185,0.0086
A,2025-07-20,1456.0,278.91,0.9557,0.0085
A,2025-07-21,4883.0,331.4,0.9101,0.0106
A,2025-07-22,4301.0,323.97,0.9187,0.009
A,2025-07-23,4360.0,321.69,0.8972,0.0124
A,2025-07-24,4183.0,317.05,0.923,0.0122
A,2025-07-25,4219.0,324.68,0.9575,0.0054
A,2025-07-26,2891.0,297.95,0.8863,0.0167
A,2025-07-27,1483.0,282.33,0.9561,0.0107
A,2025-07-28,4644.0,328.5,0.9569,0.009
A,2025-07-29,3847.0,329.61,0.9041,0.0121
A,2025-07-30,3909.0,328.6,0.9252,0.0103
A,2025-07-31,4064.0,319.55,0.9343,0.0102
A,2025-08-01,5011.0,328.23,0.8752,0.0172
A,2025-08-02,3409.0,316.72,0.8649,0.0141
A,2025-08-03,1477.0,331.61,0.8895,0.0128
A,2025-08-04,5076.0,307.45,0.9212,0.0165
A,2025-08-05,4888.0,289.73,0.8836,0.0199
A,2025-08-06,4058.0,328.12,0.9234,0.0053
A,2025-08-07,4321.0,337.62,0.8939,0.0129
A,2025-08-08,4521.0,326.62,0.8935,0.0119
A,2025-08-09,2820.0,330.37,0.9033,0.013
A,2025-08-10,1280.0,334.28,0.9098,0.0091
A,2025-08-11,4869.0,321.88,0.8019,0.0247
A,2025-08-12,4011.0,303.61,0.8383,0.0328
A,2025-08-13,3999.0,333.68,0.9302,0.0073
A,2025-08-14,4137.0,326.3,0.9366,0.0075
A,2025-08-15,3831.0,327.6,0.8953,0.018
A,2025-08-16,3048.0,329.31,0.9217,0.0098
A,2025-08-17,1425.0,337.33,0.9767,0.0054
A,2025-08-18,4298.0,302.24,0.9289,0.0107
A,2025-08-19,4205.0,294.89,0.9514,0.0136
A,2025-08-20,4260.0,333.37,0.9142,0.0099
A,2025-08-21,3838.0,325.67,0.9035,0.0099
A,2025-08-22,3739.0,335.24,0.9026,0.014
A,2025-08-23,2800.0,327.01,0.8656,0.0147
A,2025-08-24,1151.0,320.22,0.9004,0.015
A,2025-08-25,4468.0,298.78,0.8472,0.0256
A,2025-08-26,3898.0,303.13,0.8912,0.0305
A,2025-08-27,3905.0,327.68,0.8962,0.0139
A,2025-08-28,3916.0,335.57,0.8859,0.0209
A,2025-08-29,3870.0,327.7,0.9202,0.0089
A,2025-08-30,2750.0,318.39,0.8225,0.0222
A,2025-08-31,1334.0,305.91,0.8932,0.0144
A,2025-09-01,2782.0,309.87,0.9471,0.0084
A,2025-09-02,5277.0,301.06,0.9246,0.0114
A,2025-09-03,4679.0,297.08,0.9704,0.0043
A,2025-09-04,4397.0,336.84,0.881,0.0137
A,2025-09-05,4424.0,324.25,0.9789,0.007
A,2025-09-06,2970.0,314.2,0.9576,0.0051
A,2025-09-07,1345.0,320.54,0.9611,0.0077
A,2025-09-08,4879.0,324.69,0.908,0.0124
A,2025-09-09,4128.0,313.12,0.9407,0.007
A,2025-09-10,4069.0,288.58,0.9383,0.0133
A,2025-09-11,3930.0,307.52,0.935,0.0067
A,2025-09-12,3572.0,323.49,0.9419,0.0046
A,2025-09-13,2715.0,328.25,0.9085,0.0148
A,2025-09-14,1228.0,328.63,0.92,0.0144
A,2025-09-15,4336.0,327.5,0.9571,0.0055
A,2025-09-16,3887.0,301.47,0.8963,0.0108
A,2025-09-17,4124.0,283.14,0.959,0.0058
A,2025-09-18,3935.0,334.82,0.9389,0.0062
A,2025-09-19,3884.0,336.95,0.9491,0.0098
A,2025-09-20,2910.0,337.37,0.8886,0.014
A,2025-09-21,1179.0,327.73,0.9032,0.01
A,2025-09-22,4319.0,331.46,0.9678,0.0039
A,2025-09-23,4252.0,314.7,0.8963,0.0153
A,2025-09-24,3768.0,284.18,0.9142,0.0198
A,2025-09-25,4005.0,323.21,0.9563,0.0062
A,2025-09-26,3796.0,316.57,0.9449,0.0062
A,2025-09-27,2763.0,304.9,0.9219,0.0093
A,2025-09-28,1198.0,274.6,0.9513,0.0202
A,2025-09-29,4414.0,303.17,0.9655,0.0044
A,2025-09-30,4537.0,310.11,0.9675,0.0036
A,2025-10-01,4583.0,315.51,0.8606,0.023
A,2025-10-02,4616.0,310.61,0.8813,0.0479
A,2025-10-03,4373.0,347.41,0.6955,0.0442
A,2025-10-04,2840.0,341.63,0.7791,0.0413
A,2025-10-05,1455.0,343.77,0.8676,0.0148
A,2025-10-06,4709.0,332.93,0.9147,0.0082
A,2025-10-07,4193.0,331.84,0.8888,0.013
A,2025-10-08,4361.0,319.56,0.8827,0.0165
A,2025-10-09,4067.0,298.09,0.8359,0.0223
A,2025-10-10,4163.0,340.38,0.7764,0.0217
A,2025-10-11,2914.0,340.59,0.9348,0.0074
A,2025-10-12,1221.0,326.36,0.9297,0.0026
A,2025-10-13,3999.0,318.44,0.93,0.0043
A,2025-10-14,4005.0,338.09,0.9066,0.0101
A,2025-10-15,4122.0,305.31,0.9501,0.0123
A,2025-10-16,4062.0,306.08,0.9574,0.0049
A,2025-10-17,4108.0,337.69,0.9189,0.0062
A,2025-10-18,2615.0,341.33,0.9507,0.0124
A,2025-10-19,1252.0,349.09,0.9702,0.0044
A,2025-10-20,4864.0,346.78,0.9518,0.005
A,2025-10-21,3945.0,348.44,0.9531,0.0048
A,2025-10-22,4155.0,321.88,0.8221,0.0236
A,2025-10-23,3949.0,291.5,0.9253,0.0165
A,2025-10-24,3812.0,333.68,0.9575,
A,2025-10-25,2619.0,336.86,0.9592,
A,2025-10-26,1147.0,320.92,0.9627,
A,2025-10-27,4172.0,267.75,0.8553,
A,2025-10-28,3741.0,320.77,0.949,
A,2025-10-29,3479.0,301.73,0.9702,
A,2025-10-30,3919.0,281.93,0.9888,
A,2025-10-31,3884.0,287.49,0.976,
A,2025-11-01,2914.0,324.91,0.9405,
A,2025-11-02,1460.0,314.36,0.9163,
A,2025-11-03,5157.0,323.17,0.9025,
A,2025-11-04,4378.0,317.94,0.925,0.027
A,2025-11-05,4446.0,320.25,0.9591,0.0082
A,2025-11-06,4029.0,299.33,0.9405,0.0083
A,2025-11-07,4446.0,279.99,0.9381,0.01
A,2025-11-08,3451.0,316.83,0.9535,0.0047
A,2025-11-09,1477.0,314.48,0.9352,0.0085
A,2025-11-10,5019.0,314.61,0.8808,0.0177
A,2025-11-11,4341.0,316.38,0.9234,0.0095
A,2025-11-12,4263.0,316.08,0.9435,0.0102
A,2025-11-13,4402.0,286.71,0.9327,0.0074
A,2025-11-14,4469.0,277.26,0.9266,0.0129
A,2025-11-15,3003.0,313.44,0.9541,0.0059
A,2025-11-16,1415.0,310.49,0.944,0.0068
A,2025-11-17,4864.0,302.44,0.9003,0.0127
A,2025-11-18,4432.0,300.58,0.9284,0.0088
A,2025-11-19,4309.0,305.47,0.9381,0.0099
A,2025-11-20,4444.0,288.79,0.9191,0.0085
A,2025-11-21,4409.0,269.1,0.9609,0.007
A,2025-11-22,3132.0,287.12,0.9779,0.0033
A,2025-11-23,1457.0,277.77,0.9683,0.0029
A,2025-11-24,4655.0,284.29,0.9897,0.0068
A,2025-11-25,4292.0,302.89,0.9445,0.005
A,2025-11-26,3825.0,313.21,0.9424,0.0085
A,2025-11-27,498.0,300.28,0.9571,0.0058
A,2025-11-28,5802.0,270.24,0.9708,0.0028
A,2025-11-29,3864.0,314.4,0.9491,0.0053
A,2025-11-30,1708.0,313.85,0.8753,0.0118
A,2025-12-01,7090.0,335.76,0.9034,0.013
A,2025-12-02,5783.0,343.91,0.8387,0.0213
A,2025-12-03,5343.0,336.69,0.9015,0.0116
A,2025-12-04,5121.0,330.38,0.943,0.0066
A,2025-12-05,5183.0,342.2,0.934,0.0093
A,2025-12-06,3698.0,338.32,0.8602,0.0154
A,2025-12-07,1787.0,298.43,0.9526,0.0073
A,2025-12-08,5893.0,338.98,0.9175,0.0083
A,2025-12-09,5274.0,336.41,0.8712,0.0167
A,2025-12-10,5303.0,330.37,0.9342,0.0083
A,2025-12-11,5517.0,331.79,0.879,0.0127
A,2025-12-12,4989.0,329.68,0.8994,0.0134
A,2025-12-13,3926.0,318.0,0.8604,0.0199
A,2025-12-14,2057.0,287.31,0.9473,0.0136
A,2025-12-15,5530.0,329.09,0.9268,0.0074
A,2025-12-16,5153.0,329.24,0.9021,0.0107
A,2025-12-17,5411.0,316.7,0.8911,0.0126
A,2025-12-18,5070.0,322.39,0.8712,0.0136
A,2025-12-19,4977.0,326.72,0.8854,0.0145
A,2025-12-20,4104.0,310.08,0.8834,0.0156
A,2025-12-21,1956.0,301.96,0.935,0.0097
A,2025-12-22,5346.0,309.27,0.9732,0.0036
A,2025-12-23,4997.0,311.69,0.917,0.0094
A,2025-12-24,3276.0,295.41,0.9406,0.0089
A,2025-12-25,290.0,254.13,0.9161,0.0138
A,2025-12-26,4024.0,329.72,0.7901,0.0313
A,2025-12-27,3194.0,318.87,0.9046,0.0125
A,2025-12-28,1269.0,298.36,0.9897,0.0008
A,2025-12-29,5186.0,334.15,0.8176,0.0166
A,2025-12-30,4753.0,332.86,0.9001,0.0078
A,2025-12-31,3991.0,333.31,0.7732,0.0236
B,2024-01-01,4406.0,301.02,0.9785,0.0057
B,2024-01-02,14914.0,356.37,0.565,0.132
B,2024-01-03,14132.0,347.41,0.6218,0.0797
B,2024-01-04,12487.0,344.92,0.6122,0.0824
B,2024-01-05,13010.0,340.52,0.7637,0.0262
B,2024-01-06,8264.0,321.17,0.9238,0.0174
B,2024-01-07,5082.0,289.35,0.9496,0.0085
B,2024-01-08,13645.0,343.62,0.8764,0.0144
B,2024-01-09,11564.0,350.61,0.9403,0.0075
B,2024-01-10,11742.0,339.42,0.9237,0.0116
B,2024-01-11,11327.0,333.61,0.9142,0.0168
B,2024-01-12,10969.0,341.65,0.9059,0.0168
B,2024-01-13,7206.0,327.53,0.8978,0.0171
B,2024-01-14,4958.0,280.85,0.9247,0.0117
B,2024-01-15,9352.0,333.13,0.9936,0.0032
B,2024-01-16,10621.0,339.55,0.9739,0.0042
B,2024-01-17,12302.0,338.55,0.8915,0.0114
B,2024-01-18,11011.0,335.82,0.8726,0.0187
B,2024-01-19,11780.0,335.46,0.8266,0.0154
B,2024-01-20,8432.0,321.99,0.8735,0.0238
B,2024-01-21,5266.0,297.18,0.973,0.0068
B,2024-01-22,11759.0,334.07,0.9018,0.0076
B,2024-01-23,11314.0,340.96,0.9695,0.0044
B,2024-01-24,10439.0,332.58,0.967,0.0049
B,2024-01-25,11369.0,330.15,0.8507,0.0194
B,2024-01-26,10808.0,337.58,0.8594,0.0097
B,2024-01-27,8020.0,312.01,0.8889,0.0177
B,2024-01-28,4402.0,279.06,0.9925,0.0032
B,2024-01-29,11053.0,336.11,0.9811,0.003
B,2024-01-30,9718.0,329.33,0.9679,0.004
B,2024-01-31,9721.0,324.94,0.9307,0.008
B,2024-02-01,11095.0,329.45,0.9117,0.0275
B,2024-02-02,12270.0,371.27,0.7507,0.0308
B,2024-02-03,8131.0,377.14,0.742,0.0303
B,2024-02-04,4971.0,352.61,0.9251,0.0126
B,2024-02-05,13191.0,321.28,0.9071,0.0138
B,2024-02-06,11538.0,374.23,0.9068,0.0137
B,2024-02-07,10629.0,381.02,0.8877,0.0113
B,2024-02-08,10324.0,366.36,0.917,0.0106
B,2024-02-09,10068.0,364.52,0.9826,0.0036
B,2024-02-10,7640.0,375.11,0.9792,0.0051
B,2024-02-11,4490.0,343.56,0.7482,0.0432
B,2024-02-12,10990.0,327.62,0.6939,0.0365
B,2024-02-13,10243.0,368.58,0.9118,0.0073
B,2024-02-14,9921.0,361.98,0.9382,0.007
B,2024-02-15,10054.0,362.09,0.8878,0.011
B,2024-02-16,10052.0,361.3,0.917,0.0085
B,2024-02-17,7426.0,361.98,0.8577,0.0154
B,2024-02-18,4754.0,356.61,0.5757,0.0535
B,2024-02-19,9508.0,320.44,0.877,0.0184
B,2024-02-20,10377.0,344.73,0.9795,0.0057
B,2024-02-21,10271.0,363.2,0.9455,0.0067
B,2024-02-22,9753.0,361.07,0.9475,0.006
B,2024-02-23,10516.0,354.83,0.9008,0.0087
B,2024-02-24,6872.0,357.99,0.8741,0.0134
B,2024-02-25,5040.0,359.63,0.5185,0.0795
B,2024-02-26,10173.0,318.28,0.8899,0.0151
B,2024-02-27,9409.0,358.01,0.9008,0.0055
B,2024-02-28,9603.0,350.34,0.965,0.0042
B,2024-02-29,9608.0,352.76,0.9661,0.0041
B,2024-03-01,11913.0,345.6,0.9888,0.0032
B,2024-03-02,8661.0,350.99,0.8449,0.016
B,2024-03-03,5173.0,336.5,0.7636,0.0368
B,2024-03-04,11599.0,330.41,0.8014,0.0274
B,2024-03-05,10843.0,327.83,0.7801,0.0347
B,2024-03-06,9956.0,276.37,0.9519,0.0097
B,2024-03-07,9420.0,344.32,0.7251,0.0405
B,2024-03-08,9653.0,337.15,0.8874,0.0098
B,2024-03-09,6847.0,338.49,0.9425,0.0075
B,2024-03-10,4416.0,325.79,0.9248,0.0087
B,2024-03-11,11636.0,336.82,0.9641,0.0047
B,2024-03-12,10095.0,314.37,0.9171,0.0145
B,2024-03-13,9849.0,279.41,0.9875,0.0047
B,2024-03-14,9483.0,341.03,0.9552,0.0067
B,2024-03-15,10035.0,333.71,0.9511,0.0071
B,2024-03-16,6828.0,327.23,0.9241,0.0109
B,2024-03-17,4807.0,321.83,0.8617,0.0127
B,2024-03-18,11456.0,328.46,0.9065,0.0158
B,2024-03-19,10407.0,322.33,0.7932,0.0285
B,2024-03-20,10951.0,287.92,0.9139,0.0126
B,2024-03-21,9941.0,325.93,0.9711,0.0055
B,2024-03-22,9880.0,328.81,0.941,0.0132
B,2024-03-23,7636.0,328.74,0.9112,0.0128
B,2024-03-24,4417.0,322.73,0.9217,0.0105
B,2024-03-25,12048.0,331.95,0.8528,0.0154
B,2024-03-26,10177.0,309.89,0.9109,0.0122
B,2024-03-27,10803.0,267.55,0.9818,0.006
B,2024-03-28,10446.0,331.32,0.9399,0.0072
B,2024-03-29,10104.0,319.16,0.987,0.0034
B,2024-03-30,7230.0,320.99,0.8947,0.0129
B,2024-03-31,2232.0,310.1,0.8758,0.0123
B,2024-04-01,13904.0,356.31,0.7403,0.0322
B,2024-04-02,12726.0,316.96,0.8316,0.0205
B,2024-04-03,12751.0,352.7,0.9078,0.0087
B,2024-04-04,12421.0,353.27,0.954,0.0052
B,2024-04-05,12811.0,351.83,0.8763,0.0138
B,2024-04-06,8281.0,358.77,0.9298,0.0072
B,2024-04-07,4791.0,357.03,0.8767,0.0156
B,2024-04-08,12981.0,340.15,0.7714,0.0986
B,2024-04-09,12416.0,320.05,0.9482,0.0054
B,2024-04-10,11093.0,357.0,0.9735,0.003
B,2024-04-11,12206.0,348.64,0.9705,0.0041
B,2024-04-12,11717.0,354.19,0.9544,0.0037
B,2024-04-13,7742.0,345.0,0.9676,0.0035
B,2024-04-14,4825.0,350.87,0.8102,0.0269
B,2024-04-15,12818.0,345.17,0.686,0.0432
B,2024-04-16,10700.0,309.73,0.958,0.0056
B,2024-04-17,10989.0,348.57,0.9473,0.0081
B,2024-04-18,10710.0,359.41,0.9602,0.005
B,2024-04-19,9983.0,358.54,0.9527,0.0048
B,2024-04-20,7367.0,346.05,0.8981,0.0142
B,2024-04-21,4537.0,353.95,0.8067,0.0155
B,2024-04-22,12112.0,336.94,0.7993,0.0249
B,2024-04-23,10845.0,312.46,0.9477,0.0071
B,2024-04-24,10728.0,346.56,0.9864,0.0036
B,2024-04-25,10801.0,342.39,0.9712,0.0029
B,2024-04-26,10481.0,334.85,0.9728,0.0032
B,2024-04-27,7280.0,331.56,0.8969,0.0106
B,2024-04-28,4673.0,322.97,0.7991,0.0207
B,2024-04-29,11760.0,328.53,0.8888,0.0295
B,2024-04-30,11881.0,308.52,0.8871,0.0281
B,2024-05-01,11910.0,283.94,0.9944,0.0041
B,2024-05-02,11768.0,330.52,,
B,2024-05-03,12334.0,328.77,,
B,2024-05-04,7672.0,326.25,,
B,2024-05-05,5164.0,337.49,,
B,2024-05-06,13002.0,335.06,,
B,2024-05-07,11768.0,302.74,,
B,2024-05-08,11917.0,286.02,,
B,2024-05-09,11394.0,342.53,,
B,2024-05-10,10986.0,337.06,,
B,2024-05-11,8107.0,335.42,,
B,2024-05-12,4050.0,325.2,,
B,2024-05-13,11156.0,334.03,,
B,2024-05-14,10891.0,316.28,0.7786,0.0303
B,2024-05-15,10444.0,284.73,0.9608,0.0069
B,2024-05-16,10566.0,338.42,0.7652,0.0182
B,2024-05-17,11017.0,337.3,0.8154,0.017
B,2024-05-18,6753.0,340.84,0.5902,0.0709
B,2024-05-19,4282.0,337.34,0.7483,0.02
B,2024-05-20,12003.0,328.43,0.8106,0.0204
B,2024-05-21,10436.0,322.55,0.6169,0.0995
B,2024-05-22,10188.0,288.06,0.8682,0.0174
B,2024-05-23,10207.0,336.84,0.7723,0.0212
B,2024-05-24,9924.0,331.35,0.8684,0.0101
B,2024-05-25,7132.0,333.91,0.8074,0.0255
B,2024-05-26,3996.0,315.32,0.8553,0.0152
B,2024-05-27,6576.0,310.17,0.9359,0.0074
B,2024-05-28,11555.0,296.87,0.885,0.0118
B,2024-05-29,10815.0,263.26,0.9837,0.0099
B,2024-05-30,9831.0,334.25,0.7738,0.0461
B,2024-05-31,10693.0,302.26,0.8613,0.0185
B,2024-06-01,7528.0,347.88,0.8212,0.0176
B,2024-06-02,5200.0,337.61,0.961,0.0083
B,2024-06-03,13735.0,331.78,0.9582,0.0068
B,2024-06-04,12071.0,347.73,0.9639,0.0071
B,2024-06-05,11756.0,344.09,0.9519,0.009
B,2024-06-06,10749.0,326.19,0.8295,0.0208
B,2024-06-07,10675.0,303.42,0.969,0.0032
B,2024-06-08,7359.0,336.1,0.9666,0.0036
B,2024-06-09,4548.0,339.89,0.9464,0.0076
B,2024-06-10,12463.0,338.7,0.9753,0.0037
B,2024-06-11,11209.0,327.77,0.9459,0.0065
B,2024-06-12,10688.0,330.13,0.9135,0.0124
B,2024-06-13,10119.0,325.03,0.8022,0.0269
B,2024-06-14,11074.0,302.19,0.9731,0.0058
B,2024-06-15,7289.0,337.81,0.9329,0.0062
B,2024-06-16,3861.0,333.75,0.9832,0.0039
B,2024-06-17,12420.0,321.09,0.9444,0.0072
B,2024-06-18,10759.0,330.06,0.8341,0.0193
B,2024-06-19,9655.0,342.58,0.8018,0.0339
B,2024-06-20,11249.0,325.05,0.8234,0.0325
B,2024-06-21,11260.0,296.89,0.767,0.033
B,2024-06-22,7073.0,343.0,0.8666,0.0156
B,2024-06-23,4726.0,324.03,0.9528,0.0059
B,2024-06-24,12089.0,329.46,0.9291,0.0079
B,2024-06-25,11816.0,326.56,0.8384,0.0133
B,2024-06-26,10808.0,320.11,0.8263,0.0147
B,2024-06-27,11070.0,312.24,0.7817,0.0258
B,2024-06-28,10517.0,288.81,0.8193,0.0264
B,2024-06-29,6952.0,317.96,0.8517,0.0144
B,2024-06-30,4466.0,343.54,0.8081,0.0251
B,2024-07-01,13539.0,336.56,0.928,0.0073
B,2024-07-02,11789.0,334.68,0.8103,0.02
B,2024-07-03,11564.0,339.5,0.7187,0.0361
B,2024-07-04,4858.0,342.55,0.8295,0.0194
B,2024-07-05,11932.0,317.82,0.8609,0.0184
B,2024-07-06,7288.0,297.87,0.9376,0.01
B,2024-07-07,4733.0,336.3,0.9028,0.014
B,2024-07-08,13865.0,341.78,0.9111,0.0089
B,2024-07-09,12003.0,337.15,0.8767,0.0148
B,2024-07-10,11288.0,337.94,0.8442,0.0172
B,2024-07-11,11376.0,335.15,0.8201,0.0224
B,2024-07-12,10779.0,318.08,0.8627,0.0151
B,2024-07-13,6696.0,283.38,0.9633,0.0068
B,2024-07-14,4607.0,332.86,0.8046,0.0183
B,2024-07-15,11868.0,342.28,0.8715,0.013
B,2024-07-16,10275.0,333.19,0.8576,0.0167
B,2024-07-17,11140.0,343.89,0.8117,0.0235
B,2024-07-18,10300.0,337.02,0.9124,0.0103
B,2024-07-19,10393.0,313.82,0.7712,0.0497
B,2024-07-20,7637.0,297.83,0.8267,0.0159
B,2024-07-21,4689.0,334.03,0.8284,0.0163
B,2024-07-22,11666.0,330.63,0.8891,0.0104
B,2024-07-23,11087.0,335.72,0.8764,0.0116
B,2024-07-24,10197.0,336.73,0.8093,0.0214
B,2024-07-25,10599.0,330.44,0.9424,0.0083
B,2024-07-26,9744.0,308.7,0.8051,0.0309
B,2024-07-27,7184.0,288.53,0.957,0.0103
B,2024-07-28,4263.0,331.35,0.8619,0.0121
B,2024-07-29,12167.0,321.44,0.8578,0.011
B,2024-07-30,10481.0,337.77,0.9131,0.0075
B,2024-07-31,10131.0,332.51,0.9449,0.0077
B,2024-08-01,11272.0,332.84,0.9119,0.0092
B,2024-08-02,12391.0,346.19,0.9098,0.0101
B,2024-08-03,8387.0,330.31,0.8285,0.0212
B,2024-08-04,5500.0,308.18,0.9593,0.0052
B,2024-08-05,13735.0,345.93,0.8728,0.0115
B,2024-08-06,11490.0,335.72,0.9503,0.0059
B,2024-08-07,10664.0,335.86,0.9474,0.0063
B,2024-08-08,10556.0,327.5,0.9514,0.0049
B,2024-08-09,10462.0,333.8,0.8288,0.0239
B,2024-08-10,7261.0,328.17,0.7958,0.0365
B,2024-08-11,4706.0,292.6,0.9213,0.009
B,2024-08-12,11125.0,338.67,0.8947,0.0082
B,2024-08-13,9884.0,338.24,0.8882,0.0091
B,2024-08-14,10032.0,330.78,0.9539,0.0043
B,2024-08-15,9752.0,334.6,0.9586,0.0058
B,2024-08-16,9956.0,327.31,0.9498,0.0055
B,2024-08-17,6987.0,326.63,0.9694,0.0061
B,2024-08-18,4342.0,304.9,0.9031,0.0147
B,2024-08-19,10811.0,343.49,0.8668,0.037
B,2024-08-20,10138.0,351.8,0.8525,0.018
B,2024-08-21,9962.0,333.1,0.8172,0.0246
B,2024-08-22,9427.0,329.56,0.913,0.0071
B,2024-08-23,10178.0,336.92,0.8211,0.0174
B,2024-08-24,6535.0,325.41,0.8512,0.0281
B,2024-08-25,4677.0,282.2,0.9281,0.0088
B,2024-08-26,10563.0,332.89,0.9418,0.0061
B,2024-08-27,10300.0,322.95,0.9459,0.005
B,2024-08-28,9587.0,323.46,0.9786,0.0033
B,2024-08-29,8758.0,336.14,0.7727,0.0269
B,2024-08-30,9961.0,336.52,0.7108,0.0449
B,2024-08-31,6918.0,324.99,0.7913,0.0395
B,2024-09-01,4494.0,318.5,0.8756,0.0191
B,2024-09-02,,,,0.0037
B,2024-09-03,,,,0.047
B,2024-09-04,,,,0.0265
B,2024-09-05,,,,0.0284
B,2024-09-06,,,,0.0184
B,2024-09-07,,,,0.0168
B,2024-09-08,,,,0.015
B,2024-09-09,,,,0.0052
B,2024-09-10,,,,0.0169
B,2024-09-11,,,,0.0124
B,2024-09-12,9470.0,334.47,0.8249,0.0196
B,2024-09-13,9247.0,323.5,0.8177,0.0232
B,2024-09-14,6890.0,311.43,0.8725,0.0165
B,2024-09-15,4298.0,315.85,0.9182,0.0126
B,2024-09-16,10854.0,294.7,0.9852,0.0056
B,2024-09-17,10294.0,332.22,0.8711,0.0153
B,2024-09-18,9981.0,332.82,0.8365,0.0187
B,2024-09-19,9411.0,346.59,0.8236,0.0215
B,2024-09-20,10018.0,337.7,0.9093,0.0129
B,2024-09-21,6663.0,331.33,0.9289,0.0087
B,2024-09-22,4295.0,307.7,0.9452,0.0081
B,2024-09-23,11124.0,282.99,0.9877,0.0035
B,2024-09-24,9684.0,315.61,0.9758,0.0049
B,2024-09-25,10521.0,337.08,0.8851,0.0121
B,2024-09-26,9371.0,331.98,0.885,0.0094
B,2024-09-27,9822.0,328.44,0.9405,0.0094
B,2024-09-28,6763.0,317.11,0.8932,0.0128
B,2024-09-29,4127.0,334.03,0.9008,0.0106
B,2024-09-30,11613.0,337.78,0.7696,0.0326
B,2024-10-01,11492.0,316.19,0.8566,0.0199
B,2024-10-02,11169.0,304.11,0.8895,0.0151
B,2024-10-03,11589.0,340.82,0.8379,0.0145
B,2024-10-04,11466.0,339.47,0.9545,0.0062
B,2024-10-05,8178.0,331.58,0.9845,0.0032
B,2024-10-06,5094.0,330.31,0.9859,0.0079
B,2024-10-07,12899.0,335.53,0.9506,0.0057
B,2024-10-08,11424.0,322.18,0.9552,0.006
B,2024-10-09,10108.0,295.39,0.9955,0.0033
B,2024-10-10,10457.0,335.27,0.9241,0.0074
B,2024-10-11,10640.0,330.02,0.9836,0.0037
B,2024-10-12,7298.0,327.99,0.9439,0.0068
B,2024-10-13,4930.0,336.58,0.9227,0.008
B,2024-10-14,11387.0,334.35,0.8727,0.0114
B,2024-10-15,9889.0,322.97,0.9099,0.0144
B,2024-10-16,10672.0,305.49,0.9639,0.0059
B,2024-10-17,10433.0,344.33,0.9442,0.0062
B,2024-10-18,10498.0,337.03,0.9208,0.0105
B,2024-10-19,7057.0,333.05,0.9272,0.0072
B,2024-10-20,5068.0,340.04,0.9593,0.0047
B,2024-10-21,10867.0,334.85,0.8988,0.0267
B,2024-10-22,9716.0,329.43,0.8742,0.0133
B,2024-10-23,10100.0,299.85,0.9898,0.0043
B,2024-10-24,9442.0,313.8,0.9907,0.004
B,2024-10-25,10008.0,336.74,0.8875,0.0103
B,2024-10-26,6852.0,331.46,0.909,0.0198
B,2024-10-27,4832.0,322.69,0.9023,0.0083
B,2024-10-28,10933.0,326.06,0.8274,0.0122
B,2024-10-29,10085.0,310.67,0.8362,0.019
B,2024-10-30,9196.0,311.58,0.9849,0.0052
B,2024-10-31,9070.0,299.57,0.9861,0.0039
B,2024-11-01,11480.0,337.56,0.8905,0.0118
B,2024-11-02,8526.0,337.51,0.9191,0.0073
B,2024-11-03,5750.0,335.05,0.9271,0.011
B,2024-11-04,12755.0,357.34,0.9388,0.0101
B,2024-11-05,10810.0,356.93,0.904,0.0131
B,2024-11-06,10352.0,318.89,0.959,0.0082
B,2024-11-07,10939.0,293.97,0.9567,0.0079
B,2024-11-08,11430.0,357.9,0.8133,0.0187
B,2024-11-09,8030.0,350.34,0.8584,0.0189
B,2024-11-10,5404.0,342.25,0.8255,0.0182
B,2024-11-11,10465.0,343.12,0.8799,0.0154
B,2024-11-12,10907.0,335.88,0.8313,0.0206
B,2024-11-13,11460.0,307.67,0.9054,0.0151
B,2024-11-14,11200.0,291.45,0.9668,0.0073
B,2024-11-15,10795.0,353.17,0.8698,0.0146
B,2024-11-16,7668.0,355.04,0.88,0.0155
B,2024-11-17,5232.0,334.96,0.871,0.0167
B,2024-11-18,11639.0,354.35,0.7845,0.0287
B,2024-11-19,10876.0,354.32,0.8344,0.0246
B,2024-11-20,11362.0,322.31,0.9019,0.0123
B,2024-11-21,10987.0,300.88,0.9824,0.0042
B,2024-11-22,11288.0,343.43,0.8785,0.0163
B,2024-11-23,8956.0,341.92,0.8474,0.0214
B,2024-11-24,5605.0,334.99,0.8726,0.0185
B,2024-11-25,12253.0,337.05,0.8367,0.0212
B,2024-11-26,10805.0,321.7,0.9072,0.0141
B,2024-11-27,10294.0,307.83,0.9204,0.0088
B,2024-11-28,1140.0,288.72,0.9739,0.0065
B,2024-11-29,14038.0,314.81,0.9708,0.004
B,2024-11-30,9827.0,333.38,0.931,0.0081
B,2024-12-01,6702.0,333.51,0.9375,0.0064
B,2024-12-02,16467.0,336.96,0.9736,0.004
B,2024-12-03,14486.0,337.35,0.9266,0.0069
B,2024-12-04,12987.0,339.01,0.9288,0.0069
B,2024-12-05,13248.0,324.64,0.8951,0.013
B,2024-12-06,12372.0,306.37,0.9435,0.0115
B,2024-12-07,9082.0,345.44,0.9807,0.0032
B,2024-12-08,6557.0,341.51,0.9644,0.0036
B,2024-12-09,13198.0,333.28,0.9118,0.0118
B,2024-12-10,12512.0,336.79,0.9384,0.0083
B,2024-12-11,12672.0,331.23,0.901,0.0102
B,2024-12-12,12470.0,317.71,0.8042,0.0331
B,2024-12-13,11852.0,305.95,0.9837,0.0063
B,2024-12-14,9872.0,344.6,0.9069,0.0061
B,2024-12-15,7389.0,336.57,0.9548,0.0043
B,2024-12-16,13249.0,340.78,0.9243,0.0082
B,2024-12-17,12597.0,330.33,0.9791,0.0033
B,2024-12-18,12396.0,328.56,0.762,0.0358
B,2024-12-19,11604.0,318.11,0.8324,0.028
B,2024-12-20,12118.0,312.85,0.9424,0.0052
B,2024-12-21,9945.0,345.47,0.8929,0.0091
B,2024-12-22,7267.0,335.85,0.981,0.0028
B,2024-12-23,13590.0,330.09,0.9619,0.0045
B,2024-12-24,7991.0,325.84,0.9626,0.0057
B,2024-12-25,716.0,327.76,0.8773,0.0116
B,2024-12-26,,,,
B,2024-12-27,,,,
B,2024-12-28,8175.0,,,0.0168
B,2024-12-29,4550.0,,,0.0118
B,2024-12-30,12031.0,,,0.0077
B,2024-12-31,8900.0,,,0.0102
B,2025-01-01,4185.0,,,0.007
B,2025-01-02,13608.0,,,0.0115
B,2025-01-03,13256.0,,,0.0054
B,2025-01-04,8131.0,,,0.0053
B,2025-01-05,5141.0,,,0.0308
B,2025-01-06,12566.0,357.15,0.9009,0.0101
B,2025-01-07,11916.0,355.89,0.8577,0.0189
B,2025-01-08,11943.0,346.24,0.898,0.0144
B,2025-01-09,9848.0,341.41,0.9361,0.0124
B,2025-01-10,10329.0,318.76,0.9545,0.0063
B,2025-01-11,7859.0,295.2,0.9705,0.0059
B,2025-01-12,4960.0,348.98,0.8867,0.0121
B,2025-01-13,11913.0,342.95,0.9111,0.0097
B,2025-01-14,11460.0,340.17,0.863,0.021
B,2025-01-15,11389.0,342.76,0.8934,0.0144
B,2025-01-16,10391.0,333.87,0.89,0.0477
B,2025-01-17,10798.0,311.21,0.8303,0.0208
B,2025-01-18,7223.0,305.52,0.9485,0.0096
B,2025-01-19,4248.0,349.68,0.8406,0.0187
B,2025-01-20,9157.0,342.98,0.8427,0.0181
B,2025-01-21,10177.0,332.18,0.8797,0.0137
B,2025-01-22,10344.0,342.53,0.9034,0.0142
B,2025-01-23,10632.0,331.03,0.924,0.0097
B,2025-01-24,10094.0,309.82,0.9001,0.0128
B,2025-01-25,7589.0,292.6,0.9492,0.0061
B,2025-01-26,4095.0,338.61,0.8918,0.0109
B,2025-01-27,10999.0,329.78,0.8631,0.0134
B,2025-01-28,10207.0,317.53,0.8822,0.0105
B,2025-01-29,9073.0,335.41,0.8587,0.0439
B,2025-01-30,9103.0,333.31,0.9087,0.0099
B,2025-01-31,9932.0,329.99,0.9189,0.0147
B,2025-02-01,7615.0,308.74,0.9638,0.0064
B,2025-02-02,5069.0,317.56,0.8492,0.0268
B,2025-02-03,12464.0,295.32,0.9228,0.0118
B,2025-02-04,10677.0,344.31,0.7055,0.0339
B,2025-02-05,10567.0,337.93,0.918,0.0112
B,2025-02-06,9957.0,335.22,0.8882,0.0137
B,2025-02-07,9692.0,343.41,0.89,0.0132
B,2025-02-08,6919.0,336.74,0.9415,0.0078
B,2025-02-09,3900.0,318.37,0.868,0.0184
B,2025-02-10,10221.0,296.45,0.9809,0.0063
B,2025-02-11,9829.0,337.02,0.9313,0.0073
B,2025-02-12,9660.0,336.41,0.941,0.0061
B,2025-02-13,9420.0,324.22,0.7646,0.0392
B,2025-02-14,9552.0,338.15,0.8634,0.0148
B,2025-02-15,6510.0,330.85,0.8855,0.0129
B,2025-02-16,3924.0,328.1,0.8365,0.0168
B,2025-02-17,9059.0,302.87,0.8995,0.0164
B,2025-02-18,9134.0,346.23,0.711,0.0345
B,2025-02-19,9292.0,338.55,0.8861,0.0083
B,2025-02-20,9831.0,336.11,0.8991,0.0106
B,2025-02-21,9096.0,332.34,0.9313,0.0062
B,2025-02-22,6310.0,324.57,0.8678,0.0111
B,2025-02-23,4220.0,321.82,0.8106,0.0241
B,2025-02-24,9793.0,289.1,0.8909,0.0185
B,2025-02-25,9388.0,331.88,0.808,0.0164
B,2025-02-26,9184.0,322.98,0.9117,0.011
B,2025-02-27,9182.0,324.92,0.8819,0.0133
B,2025-02-28,9732.0,316.15,0.8883,0.0134
B,2025-03-01,7373.0,334.48,0.9369,0.0092
B,2025-03-02,5032.0,329.15,0.8846,0.0198
B,2025-03-03,12153.0,315.64,0.901,0.0152
B,2025-03-04,9625.0,297.99,0.9364,0.0082
B,2025-03-05,10048.0,348.19,0.8186,0.0277
B,2025-03-06,9558.0,345.08,0.8637,0.0184
B,2025-03-07,8930.0,338.44,0.9022,0.0148
B,2025-03-08,6594.0,333.59,0.8971,0.0138
B,2025-03-09,4039.0,336.84,0.8909,0.0167
B,2025-03-10,9723.0,312.83,0.909,0.0113
B,2025-03-11,9460.0,296.98,0.9559,0.007
B,2025-03-12,8880.0,338.61,0.9255,0.0129
B,2025-03-13,8253.0,332.56,0.9335,0.0156
B,2025-03-14,8574.0,332.97,0.9552,0.0087
B,2025-03-15,5954.0,337.75,0.9214,0.0109
B,2025-03-16,3820.0,336.25,0.893,0.0188
B,2025-03-17,9564.0,317.86,0.8055,0.0316
B,2025-03-18,8486.0,316.56,0.9608,0.0062
B,2025-03-19,8451.0,352.92,0.8657,0.0286
B,2025-03-20,9087.0,339.56,0.8755,0.0195
B,2025-03-21,8572.0,341.16,0.8625,0.0717
B,2025-03-22,5965.0,348.34,0.8969,0.0118
B,2025-03-23,4327.0,315.19,0.9413,0.0211
B,2025-03-24,9478.0,310.44,0.9173,0.0143
B,2025-03-25,8959.0,302.38,0.9618,0.0081
B,2025-03-26,8378.0,335.12,0.9453,0.0083
B,2025-03-27,8514.0,337.31,0.9149,0.0108
B,2025-03-28,8449.0,335.39,0.9181,0.0115
B,2025-03-29,5740.0,330.02,0.9286,0.0096
B,2025-03-30,3643.0,314.93,0.8082,0.0276
B,2025-03-31,9563.0,303.15,0.8433,0.032
B,2025-04-01,9723.0,332.87,0.7325,0.0566
B,2025-04-02,9144.0,321.06,0.7779,0.0361
B,2025-04-03,9731.0,302.79,0.8722,0.0183
B,2025-04-04,8861.0,342.02,0.8223,0.0206
B,2025-04-05,6701.0,341.56,0.8851,0.0117
B,2025-04-06,4054.0,345.7,0.9431,0.0076
B,2025-04-07,10208.0,341.24,0.9347,0.007
B,2025-04-08,9415.0,342.28,0.8828,0.0165
B,2025-04-09,9081.0,323.22,0.9126,0.015
B,2025-04-10,8458.0,298.19,0.9883,0.0091
B,2025-04-11,9084.0,340.92,0.9505,0.0113
B,2025-04-12,6088.0,337.49,0.9813,0.0073
B,2025-04-13,3886.0,339.68,0.9786,0.0089
B,2025-04-14,9688.0,340.1,0.9837,0.006
B,2025-04-15,9166.0,340.6,0.9144,0.0084
B,2025-04-16,9131.0,316.83,0.8416,0.0231
B,2025-04-17,8766.0,309.94,0.9094,0.016
B,2025-04-18,8324.0,348.2,0.8714,0.0108
B,2025-04-19,6191.0,340.18,0.8161,0.0296
B,2025-04-20,2388.0,339.3,0.7592,0.0417
B,2025-04-21,9800.0,337.27,0.7549,0.0339
B,2025-04-22,9179.0,337.4,0.8253,0.0168
B,2025-04-23,9415.0,315.73,0.7818,0.0322
B,2025-04-24,8477.0,299.16,0.895,0.0149
B,2025-04-25,8852.0,332.62,0.8706,0.0097
B,2025-04-26,6159.0,334.54,0.9097,0.0115
B,2025-04-27,4072.0,332.38,0.9437,0.0069
B,2025-04-28,9736.0,330.66,0.9366,0.0077
B,2025-04-29,8455.0,323.7,0.807,0.0172
B,2025-04-30,8924.0,310.38,0.8464,0.0187
B,2025-05-01,9527.0,287.11,0.9856,0.004
B,2025-05-02,10385.0,317.38,0.9324,0.0114
B,2025-05-03,6700.0,316.75,0.9653,0.011
B,2025-05-04,4558.0,347.53,0.7917,0.0241
B,2025-05-05,11371.0,351.91,0.9119,0.0132
B,2025-05-06,9976.0,346.91,0.8806,0.0152
B,2025-05-07,9005.0,352.0,0.8863,0.011
B,2025-05-08,8998.0,321.39,0.8618,0.0161
B,2025-05-09,9127.0,300.71,0.9888,0.0028
B,2025-05-10,6510.0,349.68,0.9209,0.0091
B,2025-05-11,3358.0,351.11,0.8975,0.0106
B,2025-05-12,9774.0,342.89,0.9445,0.0085
B,2025-05-13,8564.0,339.11,0.9013,0.0164
B,2025-05-14,8995.0,339.6,0.9398,0.0093
B,2025-05-15,8646.0,315.41,0.8299,0.0326
B,2025-05-16,8324.0,299.81,0.9792,0.0033
B,2025-05-17,6169.0,355.1,0.923,0.011
B,2025-05-18,3930.0,348.97,0.8966,0.0149
B,2025-05-19,9698.0,344.39,0.8637,0.0147
B,2025-05-20,9118.0,353.91,0.9203,0.0125
B,2025-05-21,8859.0,339.32,0.874,0.0235
B,2025-05-22,8538.0,327.79,0.9118,0.0123
B,2025-05-23,9208.0,308.86,0.963,0.0061
B,2025-05-24,5811.0,347.52,0.9082,0.0092
B,2025-05-25,3935.0,346.21,0.9232,0.0104
B,2025-05-26,5494.0,340.85,0.826,0.0439
B,2025-05-27,9931.0,354.82,0.833,0.0239
B,2025-05-28,9550.0,334.28,0.8623,0.0164
B,2025-05-29,8822.0,312.65,0.8082,0.0271
B,2025-05-30,9361.0,309.2,0.8927,0.015
B,2025-05-31,6279.0,316.75,0.8803,0.0151
B,2025-06-01,4235.0,321.14,0.9881,0.0057
B,2025-06-02,10900.0,336.33,0.9174,0.0104
B,2025-06-03,10471.0,341.07,0.9269,0.0107
B,2025-06-04,9493.0,338.62,0.8234,0.0151
B,2025-06-05,9626.0,339.34,0.7492,0.044
B,2025-06-06,9019.0,329.86,0.8348,0.0161
B,2025-06-07,5986.0,303.41,0.9847,0.0041
B,2025-06-08,4099.0,354.93,0.7284,0.0309
B,2025-06-09,10145.0,338.43,0.8768,0.0118
B,2025-06-10,9172.0,337.68,0.8573,0.0146
B,2025-06-11,9394.0,339.78,0.8463,0.0139
B,2025-06-12,8365.0,335.2,0.8854,0.0118
B,2025-06-13,8477.0,322.08,0.7019,0.0457
B,2025-06-14,6491.0,300.35,0.913,0.0134
B,2025-06-15,,,,0.0218
B,2025-06-16,,,,0.0106
B,2025-06-17,,,,0.0212
B,2025-06-18,,,,0.0313
B,2025-06-19,,,,0.0184
B,2025-06-20,,,,0.0144
B,2025-06-21,,,,0.0059
B,2025-06-22,,,,0.0179
B,2025-06-23,10537.0,353.44,0.8375,0.0169
B,2025-06-24,8851.0,336.2,0.8665,0.0191
B,2025-06-25,9518.0,337.83,0.8115,0.0217
B,2025-06-26,8556.0,326.6,0.8614,0.0165
B,2025-06-27,8513.0,313.85,0.7422,0.0328
B,2025-06-28,6105.0,296.48,0.9767,0.0053
B,2025-06-29,3606.0,324.44,0.892,0.0124
B,2025-06-30,9962.0,332.29,0.9162,0.0192
B,2025-07-01,10358.0,340.43,0.8554,0.0207
B,2025-07-02,9446.0,338.09,0.913,0.0115
B,2025-07-03,9631.0,334.25,0.8605,0.02
B,2025-07-04,4225.0,336.54,0.8206,0.0315
B,2025-07-05,6267.0,322.42,0.8959,0.0221
B,2025-07-06,4076.0,313.34,0.9439,0.0092
B,2025-07-07,11100.0,339.68,0.9071,0.0138
B,2025-07-08,10246.0,339.0,0.886,0.0146
B,2025-07-09,9843.0,341.11,0.9243,0.0098
B,2025-07-10,9242.0,341.67,0.8898,0.017
B,2025-07-11,8999.0,333.69,0.8809,0.0206
B,2025-07-12,6037.0,315.73,0.8748,0.0199
B,2025-07-13,3795.0,302.05,0.9824,0.0091
B,2025-07-14,10156.0,335.72,0.8932,0.0149
B,2025-07-15,9169.0,349.47,0.8998,0.0111
B,2025-07-16,9123.0,343.74,0.8504,0.0164
B,2025-07-17,9084.0,337.07,0.8761,0.0166
B,2025-07-18,8722.0,336.89,0.8812,0.0159
B,2025-07-19,5948.0,319.7,0.8666,0.0133
B,2025-07-20,4260.0,298.39,0.9633,0.0063
B,2025-07-21,9871.0,345.59,0.8807,0.011
B,2025-07-22,9043.0,355.86,0.9017,0.0101
B,2025-07-23,9379.0,353.13,0.8611,0.018
B,2025-07-24,8333.0,347.47,0.8186,0.0258
B,2025-07-25,8858.0,344.74,0.8946,0.0139
B,2025-07-26,5860.0,321.59,0.8214,0.0367
B,2025-07-27,4119.0,299.64,0.9698,0.005
B,2025-07-28,10493.0,351.38,0.9584,0.0074
B,2025-07-29,9637.0,343.93,0.8616,0.0139
B,2025-07-30,9308.0,338.98,0.9435,0.0084
B,2025-07-31,9912.0,344.61,0.89,0.0124
B,2025-08-01,12237.0,362.1,0.8631,0.0169
B,2025-08-02,8542.0,351.69,0.8856,0.0148
B,2025-08-03,5669.0,348.61,0.7995,0.0344
B,2025-08-04,12359.0,321.84,0.7995,0.0278
B,2025-08-05,11172.0,316.47,0.9211,0.0117
B,2025-08-06,10126.0,354.61,0.784,0.0236
B,2025-08-07,9715.0,347.4,0.9238,0.0087
B,2025-08-08,10058.0,348.7,0.9228,0.0076
B,2025-08-09,6669.0,347.13,0.9147,0.0085
B,2025-08-10,4412.0,346.89,0.826,0.0241
B,2025-08-11,10926.0,329.89,0.6497,0.068
B,2025-08-12,9408.0,329.92,0.8009,0.038
B,2025-08-13,9002.0,349.39,0.9293,0.008
B,2025-08-14,8774.0,348.82,0.8654,0.0142
B,2025-08-15,8793.0,342.93,0.7997,0.0242
B,2025-08-16,6247.0,341.85,0.8864,0.0162
B,2025-08-17,4432.0,346.82,0.7899,0.0287
B,2025-08-18,10515.0,330.83,0.7462,0.0544
B,2025-08-19,9578.0,313.05,0.9633,0.0067
B,2025-08-20,10023.0,343.81,0.7879,0.023
B,2025-08-21,9013.0,340.77,0.7906,0.0229
B,2025-08-22,8687.0,344.72,0.8025,0.0261
B,2025-08-23,6701.0,347.87,0.7575,0.0404
B,2025-08-24,4217.0,337.21,0.8692,0.0178
B,2025-08-25,10409.0,320.24,0.7535,0.0439
B,2025-08-26,8604.0,313.16,0.9446,0.0127
B,2025-08-27,8812.0,345.73,0.85,0.0165
B,2025-08-28,8436.0,340.9,0.8106,0.0216
B,2025-08-29,8670.0,331.26,0.9238,0.0074
B,2025-08-30,5883.0,332.82,0.9135,0.0082
B,2025-08-31,3483.0,320.95,0.8745,0.0205
B,2025-09-01,5837.0,352.25,0.8893,0.014
B,2025-09-02,11231.0,318.71,0.8705,0.0178
B,2025-09-03,10921.0,307.04,0.8926,0.0183
B,2025-09-04,9728.0,366.65,0.7753,0.0279
B,2025-09-05,10128.0,357.72,0.9531,0.008
B,2025-09-06,6831.0,358.9,0.9325,0.0102
B,2025-09-07,3944.0,364.8,0.8859,0.0196
B,2025-09-08,10918.0,358.11,0.8798,0.0197
B,2025-09-09,9144.0,331.87,0.9002,0.0127
B,2025-09-10,9022.0,316.55,0.8662,0.0122
B,2025-09-11,8947.0,350.67,0.9273,0.0096
B,2025-09-12,8534.0,358.56,0.923,0.0106
B,2025-09-13,6128.0,357.88,0.8338,0.0252
B,2025-09-14,4181.0,351.54,0.9054,0.0162
B,2025-09-15,9648.0,351.69,0.8983,0.0166
B,2025-09-16,8801.0,334.25,0.7743,0.0278
B,2025-09-17,8889.0,323.58,0.9258,0.0124
B,2025-09-18,8699.0,359.39,0.9111,0.0089
B,2025-09-19,8539.0,357.51,0.924,0.0086
B,2025-09-20,6546.0,356.47,0.8336,0.0191
B,2025-09-21,3885.0,359.54,0.8774,0.0171
B,2025-09-22,9579.0,335.16,0.9071,0.0122
B,2025-09-23,9140.0,337.41,0.7408,0.0501
B,2025-09-24,8554.0,317.66,0.8455,0.0219
B,2025-09-25,8935.0,345.18,0.9153,0.0162
B,2025-09-26,8576.0,339.6,0.9582,0.0057
B,2025-09-27,6036.0,333.87,0.9009,0.0113
B,2025-09-28,3795.0,291.86,0.8755,0.0281
B,2025-09-29,9380.0,320.5,0.9553,0.0056
B,2025-09-30,8608.0,309.43,0.9949,0.0044
B,2025-10-01,9837.0,334.48,0.6876,0.0703
B,2025-10-02,9800.0,320.97,0.8663,0.0238
B,2025-10-03,10095.0,363.46,0.4836,0.178
B,2025-10-04,6365.0,359.44,0.6378,0.1171
B,2025-10-05,4448.0,357.59,0.7226,0.0474
B,2025-10-06,10722.0,350.84,0.8703,0.0176
B,2025-10-07,9573.0,355.6,0.7879,0.0284
B,2025-10-08,9755.0,331.61,0.8235,0.0222
B,2025-10-09,8981.0,323.14,0.8057,0.0261
B,2025-10-10,8859.0,373.83,0.7003,0.2327
B,2025-10-11,6416.0,368.0,0.887,0.0304
B,2025-10-12,4187.0,357.16,0.9705,0.005
B,2025-10-13,9290.0,355.65,0.9716,0.0057
B,2025-10-14,9167.0,360.78,0.9428,0.0056
B,2025-10-15,9217.0,340.64,0.9397,0.0084
B,2025-10-16,8837.0,323.29,0.9562,0.0068
B,2025-10-17,9714.0,360.81,0.9586,0.0048
B,2025-10-18,6818.0,356.97,0.9765,0.0067
B,2025-10-19,4200.0,368.51,0.9889,0.0027
B,2025-10-20,10876.0,355.21,0.9859,0.0031
B,2025-10-21,9452.0,354.44,0.985,0.003
B,2025-10-22,9410.0,327.52,0.8945,0.0156
B,2025-10-23,9812.0,319.64,0.9878,0.0039
B,2025-10-24,9294.0,357.59,0.9888,0.0024
B,2025-10-25,6538.0,344.48,0.9946,0.0025
B,2025-10-26,3930.0,339.25,0.998,0.0018
B,2025-10-27,10145.0,318.68,0.969,0.0088
B,2025-10-28,9422.0,324.27,0.9935,0.0029
B,2025-10-29,8086.0,319.41,0.993,0.0045
B,2025-10-30,8334.0,294.7,0.9963,0.0045
B,2025-10-31,8358.0,319.5,0.9778,0.004
B,2025-11-01,7208.0,354.89,0.8813,0.0119
B,2025-11-02,4996.0,343.04,0.8177,0.0232
B,2025-11-03,11351.0,363.44,0.8588,0.0162
B,2025-11-04,9829.0,350.14,0.8479,0.0491
B,2025-11-05,10170.0,350.58,0.8872,0.0202
B,2025-11-06,9482.0,335.13,0.8402,0.0223
B,2025-11-07,9500.0,324.21,0.8091,0.0212
B,2025-11-08,7242.0,353.69,0.8731,0.0184
B,2025-11-09,4752.0,349.59,0.892,0.0128
B,2025-11-10,10619.0,374.97,0.8341,0.0217
B,2025-11-11,9722.0,356.11,0.8957,0.0149
B,2025-11-12,9758.0,355.82,0.8771,0.0182
B,2025-11-13,9256.0,315.3,0.7397,0.0531
B,2025-11-14,9435.0,307.96,0.7558,0.0402
B,2025-11-15,6524.0,364.44,0.9363,0.0078
B,2025-11-16,4437.0,359.66,,
B,2025-11-17,10938.0,368.8,,
B,2025-11-18,9369.0,358.69,,
B,2025-11-19,9485.0,346.51,,
B,2025-11-20,9641.0,328.34,,
B,2025-11-21,9896.0,297.28,,
B,2025-11-22,7364.0,333.3,,
B,2025-11-23,5176.0,300.8,,
B,2025-11-24,10592.0,289.2,,
B,2025-11-25,9971.0,360.29,,
B,2025-11-26,8880.0,354.34,,
B,2025-11-27,1139.0,330.84,0.9553,0.0055
B,2025-11-28,13204.0,320.69,0.9949,0.0031
B,2025-11-29,8748.0,335.18,0.9465,0.0088
B,2025-11-30,6178.0,327.72,0.8389,0.028
B,2025-12-01,14522.0,363.75,0.8803,0.0125
B,2025-12-02,12854.0,365.57,0.7612,0.0628
B,2025-12-03,12181.0,377.09,0.8619,0.0151
B,2025-12-04,11873.0,363.22,0.9464,0.0113
B,2025-12-05,11580.0,362.85,0.9269,0.0118
B,2025-12-06,8452.0,333.06,0.7139,0.0499
B,2025-12-07,5642.0,319.38,0.9161,0.0135
B,2025-12-08,12738.0,365.74,0.948,0.006
B,2025-12-09,12088.0,349.99,0.8931,0.0154
B,2025-12-10,11483.0,357.5,0.9336,0.0078
B,2025-12-11,11122.0,367.23,0.8749,0.0136
B,2025-12-12,11325.0,364.09,0.8016,0.0291
B,2025-12-13,8383.0,356.88,0.6172,0.0623
B,2025-12-14,6861.0,338.62,0.7,0.0399
B,2025-12-15,12359.0,363.22,0.9252,0.0103
B,2025-12-16,10994.0,360.8,0.7507,0.026
B,2025-12-17,11666.0,360.13,0.8097,0.0225
B,2025-12-18,10806.0,354.7,0.8784,0.0163
B,2025-12-19,10964.0,359.01,0.8521,0.0182
B,2025-12-20,9475.0,352.02,0.6951,0.0487
B,2025-12-21,6384.0,323.81,0.8991,0.0216
B,2025-12-22,11977.0,342.38,0.9257,0.0104
B,2025-12-23,11557.0,332.4,0.9266,0.0104
B,2025-12-24,7474.0,320.89,0.9168,0.0177
B,2025-12-25,767.0,289.44,0.9893,0.0209
B,2025-12-26,9450.0,354.61,0.83,0.0262
B,2025-12-27,7320.0,344.15,0.8576,0.0213
B,2025-12-28,4585.0,339.58,0.9323,0.0081
B,2025-12-29,11306.0,369.74,0.7318,0.0299
B,2025-12-30,10654.0,347.29,0.8274,0.0169
B,2025-12-31,7422.0,349.35,0.7137,0.0607
C,2024-01-01,8059.0,333.48,0.9984,0.0014
C,2024-01-02,30738.0,370.36,0.5464,0.1005
C,2024-01-03,29358.0,369.6,0.5153,0.0738
C,2024-01-04,27542.0,372.0,0.6336,0.0451
C,2024-01-05,25956.0,375.03,0.7092,0.0273
C,2024-01-06,15373.0,358.6,0.9056,0.0077
C,2024-01-07,10227.0,341.49,0.9774,0.006
C,2024-01-08,26843.0,372.41,0.8165,0.0174
C,2024-01-09,23764.0,367.39,0.9426,0.0069
C,2024-01-10,24517.0,360.0,0.9346,0.0061
C,2024-01-11,23248.0,357.9,0.9524,0.0078
C,2024-01-12,22622.0,360.63,0.9595,0.0065
C,2024-01-13,15336.0,356.55,0.8684,0.012
C,2024-01-14,9785.0,331.6,0.9676,0.0123
C,2024-01-15,18890.0,349.88,0.9918,0.0022
C,2024-01-16,23325.0,355.54,0.9741,0.0048
C,2024-01-17,24708.0,362.67,0.8574,0.0116
C,2024-01-18,22867.0,361.02,0.8917,0.0132
C,2024-01-19,24245.0,370.88,0.7477,0.0212
C,2024-01-20,15539.0,355.82,0.8427,0.0116
C,2024-01-21,10274.0,348.21,0.9236,0.011
C,2024-01-22,25355.0,366.46,0.8494,0.0097
C,2024-01-23,23760.0,349.29,0.9535,0.0048
C,2024-01-24,23576.0,352.31,0.9202,0.0047
C,2024-01-25,23159.0,346.9,0.8587,0.0094
C,2024-01-26,21953.0,350.61,0.8749,0.0064
C,2024-01-27,15160.0,345.61,0.8564,0.0085
C,2024-01-28,9395.0,315.12,0.9524,0.0032
C,2024-01-29,24402.0,353.25,0.9624,0.0039
C,2024-01-30,22952.0,346.11,0.9423,0.0039
C,2024-01-31,23564.0,342.53,0.8365,0.0099
C,2024-02-01,26582.0,316.06,0.9954,0.0021
C,2024-02-02,26681.0,357.08,0.7844,0.0451
C,2024-02-03,18320.0,353.6,0.7582,0.0439
C,2024-02-04,11629.0,339.73,0.8832,0.0239
C,2024-02-05,29469.0,323.03,0.9395,0.007
C,2024-02-06,25766.0,350.82,0.9274,0.0051
C,2024-02-07,23366.0,353.82,0.9794,0.0034
C,2024-02-08,22637.0,349.61,0.9753,0.0028
C,2024-02-09,22877.0,351.39,0.9971,0.0009
C,2024-02-10,15620.0,353.66,0.9427,0.0048
C,2024-02-11,9000.0,344.71,0.7265,0.0507
C,2024-02-12,26633.0,331.36,0.9095,0.0087
C,2024-02-13,24292.0,355.25,0.9647,0.0026
C,2024-02-14,21927.0,350.43,0.9834,0.0021
C,2024-02-15,23778.0,340.66,0.9631,0.0046
C,2024-02-16,23890.0,349.39,0.9525,0.0053
C,2024-02-17,15746.0,344.78,0.8973,0.0075
C,2024-02-18,10566.0,339.47,0.682,0.0363
C,2024-02-19,21776.0,322.36,0.9883,0.0028
C,2024-02-20,24935.0,333.02,0.975,0.003
C,2024-02-21,25750.0,344.11,0.9699,0.0027
C,2024-02-22,23207.0,346.3,0.9074,0.0076
C,2024-02-23,23859.0,346.31,0.9071,0.0081
C,2024-02-24,16050.0,344.02,0.8792,0.0073
C,2024-02-25,10748.0,325.63,0.7958,0.0182
C,2024-02-26,25836.0,310.79,0.985,0.003
C,2024-02-27,23300.0,344.14,0.9341,0.0043
C,2024-02-28,24038.0,333.22,0.9689,0.0035
C,2024-02-29,25323.0,335.04,0.8728,0.0095
C,2024-03-01,28366.0,338.36,0.8608,0.0094
C,2024-03-02,17714.0,336.89,0.7481,0.0212
C,2024-03-03,11310.0,353.54,0.7676,0.0185
C,2024-03-04,29975.0,349.61,0.7256,0.0199
C,2024-03-05,26921.0,368.85,0.4338,0.087
C,2024-03-06,25161.0,341.41,0.7701,0.0206
C,2024-03-07,25192.0,370.13,0.6795,0.0298
C,2024-03-08,24007.0,353.49,0.9243,0.0063
C,2024-03-09,15871.0,349.04,0.9434,0.0044
C,2024-03-10,10137.0,351.75,0.9158,0.0063
C,2024-03-11,26734.0,358.05,0.9275,0.0055
C,2024-03-12,24755.0,339.13,0.9119,0.007
C,2024-03-13,24673.0,319.56,0.9696,0.0037
C,2024-03-14,23425.0,356.01,0.8487,0.0099
C,2024-03-15,23743.0,358.17,0.8663,0.0137
C,2024-03-16,15497.0,349.48,0.8708,0.0085
C,2024-03-17,10269.0,354.0,0.8161,0.0179
C,2024-03-18,27636.0,350.29,0.9124,0.0071
C,2024-03-19,25622.0,345.23,0.8361,0.0126
C,2024-03-20,24587.0,333.98,0.8895,0.0138
C,2024-03-21,23634.0,351.31,0.9797,0.0027
C,2024-03-22,22057.0,351.41,0.9209,0.009
C,2024-03-23,15327.0,348.2,0.7946,0.0175
C,2024-03-24,9721.0,350.39,0.8938,0.011
C,2024-03-25,25652.0,364.45,0.8159,0.0124
C,2024-03-26,22301.0,344.07,0.9215,0.0059
C,2024-03-27,23706.0,328.72,0.894,0.0232
C,2024-03-28,22732.0,361.56,0.9135,0.0046
C,2024-03-29,20764.0,349.12,0.978,0.0032
C,2024-03-30,13639.0,344.95,0.8013,0.0123
C,2024-03-31,5386.0,342.72,0.6537,0.0277
C,2024-04-01,29720.0,333.02,0.8132,0.0162
C,2024-04-02,25859.0,325.28,0.9511,0.0059
C,2024-04-03,27131.0,342.7,0.87,0.0103
C,2024-04-04,26121.0,342.31,0.9558,0.004
C,2024-04-05,23967.0,345.6,0.9281,0.0055
C,2024-04-06,15682.0,348.42,0.9468,0.0041
C,2024-04-07,10086.0,341.6,0.8572,0.0117
C,2024-04-08,24508.0,333.78,0.7231,0.0581
C,2024-04-09,24075.0,319.58,0.9983,0.0009
C,2024-04-10,23852.0,349.61,0.9715,0.003
C,2024-04-11,22754.0,338.62,0.9713,0.0032
C,2024-04-12,23285.0,342.42,0.9505,0.0043
C,2024-04-13,15083.0,342.85,0.9116,0.0073
C,2024-04-14,10515.0,344.05,0.8102,0.0111
C,2024-04-15,26959.0,334.11,0.7974,0.0337
C,2024-04-16,24484.0,320.71,0.9864,0.0024
C,2024-04-17,23809.0,332.04,0.981,0.0027
C,2024-04-18,22808.0,338.61,0.9279,0.0073
C,2024-04-19,22825.0,341.72,0.9164,0.0071
C,2024-04-20,15136.0,344.76,0.8542,0.0106
C,2024-04-21,10505.0,341.32,0.7555,0.0229
C,2024-04-22,26933.0,329.15,0.9275,0.0084
C,2024-04-23,23081.0,314.41,0.9767,0.0031
C,2024-04-24,23098.0,346.97,0.9765,0.0026
C,2024-04-25,22567.0,339.21,0.9787,0.0084
C,2024-04-26,22280.0,329.72,0.9353,0.0045
C,2024-04-27,14692.0,330.12,0.8672,0.0087
C,2024-04-28,10148.0,324.27,0.7461,0.0173
C,2024-04-29,26280.0,363.1,0.6458,0.0572
C,2024-04-30,25188.0,346.88,0.8304,0.0198
C,2024-05-01,27653.0,316.87,0.9872,0.0019
C,2024-05-02,25397.0,351.18,0.9046,0.008
C,2024-05-03,26168.0,352.4,0.9583,0.0041
C,2024-05-04,16820.0,351.65,0.9428,0.0048
C,2024-05-05,,,,
C,2024-05-06,,,,
C,2024-05-07,,,,
C,2024-05-08,,,,
C,2024-05-09,,,,
C,2024-05-10,,,,
C,2024-05-11,,,,
C,2024-05-12,8162.0,346.05,0.8539,0.0197
C,2024-05-13,26132.0,346.11,0.6108,0.0302
C,2024-05-14,24354.0,342.66,0.7202,0.0234
C,2024-05-15,25217.0,322.79,0.9411,0.0063
C,2024-05-16,23768.0,358.38,0.7819,0.0136
C,2024-05-17,23437.0,345.74,0.7984,0.0204
C,2024-05-18,14761.0,347.18,0.5979,0.0296
C,2024-05-19,9901.0,350.66,0.7051,0.0274
C,2024-05-20,26363.0,348.16,0.7815,0.0144
C,2024-05-21,23930.0,339.74,0.7101,0.0242
C,2024-05-22,23274.0,322.32,0.8995,0.0088
C,2024-05-23,23980.0,350.4,0.8581,0.0115
C,2024-05-24,22158.0,343.89,0.8742,0.0066
C,2024-05-25,14687.0,334.28,0.848,0.0111
C,2024-05-26,8720.0,339.62,0.868,0.0093
C,2024-05-27,12426.0,325.84,0.956,0.0041
C,2024-05-28,25849.0,318.05,0.9548,0.0047
C,2024-05-29,23492.0,292.49,0.9853,0.0022
C,2024-05-30,23041.0,329.36,0.8365,0.0185
C,2024-05-31,25027.0,320.32,0.9632,0.0064
C,2024-06-01,17543.0,342.94,0.82,0.014
C,2024-06-02,11620.0,339.3,0.9855,0.0017
C,2024-06-03,30859.0,333.82,0.9607,0.0033
C,2024-06-04,26938.0,340.13,0.9885,0.0023
C,2024-06-05,25705.0,333.61,0.9568,0.0036
C,2024-06-06,23898.0,324.11,0.9902,0.0029
C,2024-06-07,22988.0,325.13,0.91,0.0076
C,2024-06-08,15035.0,346.76,0.9374,0.0051
C,2024-06-09,9968.0,340.54,0.985,0.0024
C,2024-06-10,26820.0,335.94,0.9457,0.0045
C,2024-06-11,24021.0,339.59,0.9357,0.0049
C,2024-06-12,23552.0,334.07,0.9386,0.0053
C,2024-06-13,22778.0,317.04,0.9678,0.0061
C,2024-06-14,23276.0,325.78,0.8941,0.0084
C,2024-06-15,14831.0,341.26,0.9725,0.0033
C,2024-06-16,8648.0,339.39,0.9832,0.0022
C,2024-06-17,26763.0,334.85,0.8926,0.0095
C,2024-06-18,24501.0,329.12,0.9412,0.0062
C,2024-06-19,23216.0,340.66,0.8758,0.0077
C,2024-06-20,24554.0,325.43,0.9454,0.0065
C,2024-06-21,24108.0,321.2,0.8955,0.0089
C,2024-06-22,15477.0,342.28,0.9104,0.0173
C,2024-06-23,10536.0,343.41,0.979,0.0024
C,2024-06-24,26564.0,335.8,0.8737,0.0105
C,2024-06-25,24308.0,336.15,0.876,0.0102
C,2024-06-26,23037.0,330.91,0.8322,0.0105
C,2024-06-27,22647.0,318.16,0.9381,0.0047
C,2024-06-28,22163.0,312.02,0.8276,0.0139
C,2024-06-29,15440.0,333.49,0.8721,0.0078
C,2024-06-30,10436.0,350.71,0.8254,0.0173
C,2024-07-01,29844.0,337.32,0.9567,0.006
C,2024-07-02,25366.0,341.93,0.8094,0.0182
C,2024-07-03,25057.0,346.14,0.8472,0.0143
C,2024-07-04,10669.0,342.87,0.9325,0.0066
C,2024-07-05,23259.0,334.18,0.94,0.0098
C,2024-07-06,14224.0,309.07,0.9731,0.0037
C,2024-07-07,10079.0,344.97,0.9496,0.0056
C,2024-07-08,27531.0,344.37,0.916,0.0088
C,2024-07-09,24988.0,337.43,0.8728,0.0113
C,2024-07-10,23820.0,343.14,0.865,0.0095
C,2024-07-11,22718.0,343.63,0.7426,0.0212
C,2024-07-12,21909.0,343.12,0.7981,0.0187
C,2024-07-13,14472.0,324.61,0.8841,0.0113
C,2024-07-14,9747.0,355.49,0.5642,0.031
C,2024-07-15,25811.0,344.21,0.7783,0.0311
C,2024-07-16,22971.0,350.43,0.6936,0.0244
C,2024-07-17,22681.0,346.31,0.774,0.0229
C,2024-07-18,21844.0,340.13,0.8851,0.0088
C,2024-07-19,22116.0,331.17,0.8673,0.0139
C,2024-07-20,14538.0,322.58,0.8169,0.0167
C,2024-07-21,9869.0,351.77,0.7462,0.017
C,2024-07-22,24841.0,346.0,0.7852,0.0257
C,2024-07-23,22083.0,340.49,0.7358,0.021
C,2024-07-24,21243.0,336.71,0.8463,0.0187
C,2024-07-25,21402.0,336.35,0.8666,0.0111
C,2024-07-26,20631.0,324.96,0.9162,0.0079
C,2024-07-27,13721.0,315.51,0.9448,0.0093
C,2024-07-28,9272.0,344.95,0.7962,0.0149
C,2024-07-29,23180.0,337.61,0.7969,0.0156
C,2024-07-30,21392.0,336.99,0.9524,0.004
C,2024-07-31,22000.0,337.33,0.978,0.0031
C,2024-08-01,24376.0,336.1,0.9493,0.007
C,2024-08-02,23876.0,337.29,0.9521,0.0039
C,2024-08-03,15758.0,333.33,0.9792,0.0026
C,2024-08-04,10463.0,314.74,0.9957,0.0019
C,2024-08-05,25956.0,346.2,0.9863,0.0021
C,2024-08-06,23713.0,346.15,0.9903,0.0017
C,2024-08-07,22646.0,339.92,0.915,0.006
C,2024-08-08,21690.0,343.25,0.9187,0.0047
C,2024-08-09,21283.0,331.8,0.8993,0.0113
C,2024-08-10,14064.0,320.23,0.9747,0.0026
C,2024-08-11,9865.0,307.9,0.9927,0.0012
C,2024-08-12,24663.0,347.28,0.9017,0.0064
C,2024-08-13,22390.0,340.03,0.9265,0.0058
C,2024-08-14,23168.0,343.06,0.9284,0.0055
C,2024-08-15,23218.0,341.9,0.9157,0.006
C,2024-08-16,22550.0,334.77,0.9597,0.003
C,2024-08-17,14930.0,320.62,0.9806,0.0035
C,2024-08-18,10190.0,300.24,0.9848,0.0061
C,2024-08-19,25018.0,353.82,0.8307,0.0248
C,2024-08-20,23130.0,349.75,0.8556,0.0118
C,2024-08-21,23002.0,344.1,0.8817,0.0095
C,2024-08-22,22006.0,347.25,0.8438,0.0103
C,2024-08-23,21979.0,343.98,0.8002,0.0166
C,2024-08-24,14269.0,328.21,0.9181,0.0084
C,2024-08-25,10306.0,313.89,0.9058,0.0068
C,2024-08-26,23706.0,348.67,0.8989,0.0061
C,2024-08-27,22131.0,337.49,0.869,0.0081
C,2024-08-28,22414.0,333.75,0.8778,0.0131
C,2024-08-29,21343.0,346.42,0.5592,0.0559
C,2024-08-30,21826.0,343.3,0.8892,0.0122
C,2024-08-31,15384.0,340.79,0.7098,0.0229
C,2024-09-01,10608.0,333.03,0.8794,0.0099
C,2024-09-02,14620.0,311.08,0.9694,0.0028
C,2024-09-03,28572.0,358.6,0.5883,0.038
C,2024-09-04,25882.0,347.92,0.9494,0.0047
C,2024-09-05,24291.0,336.45,0.8595,0.0113
C,2024-09-06,22187.0,339.59,0.882,0.01
C,2024-09-07,14810.0,335.51,0.9404,0.005
C,2024-09-08,9931.0,323.31,0.9721,0.0027
C,2024-09-09,25596.0,315.69,0.9496,0.0091
C,2024-09-10,22996.0,350.17,0.668,0.0233
C,2024-09-11,22505.0,346.95,0.9104,0.0147
C,2024-09-12,22478.0,342.63,0.7285,0.024
C,2024-09-13,21805.0,337.1,0.8607,0.0126
C,2024-09-14,14449.0,328.03,0.9175,0.0087
C,2024-09-15,9920.0,339.1,0.8815,0.0127
C,2024-09-16,24813.0,322.58,0.8579,0.011
C,2024-09-17,22467.0,347.21,0.7393,0.017
C,2024-09-18,21897.0,344.04,0.8696,0.0148
C,2024-09-19,21496.0,339.89,0.7963,0.0165
C,2024-09-20,21368.0,333.57,0.8485,0.0108
C,2024-09-21,14224.0,338.62,0.9027,0.0068
C,2024-09-22,9828.0,326.5,0.9371,0.0057
C,2024-09-23,23858.0,308.16,0.997,0.0019
C,2024-09-24,21438.0,321.39,0.9637,0.0044
C,2024-09-25,22228.0,346.47,0.8209,0.0103
C,2024-09-26,20375.0,338.09,0.813,0.0116
C,2024-09-27,19350.0,331.5,0.9346,0.0059
C,2024-09-28,13071.0,320.6,0.842,0.0135
C,2024-09-29,9232.0,335.95,0.9119,0.008
C,2024-09-30,24261.0,335.8,0.7286,0.0223
C,2024-10-01,25757.0,332.92,0.9248,0.0073
C,2024-10-02,23791.0,312.84,0.962,0.0051
C,2024-10-03,23904.0,343.85,0.8675,0.0106
C,2024-10-04,22690.0,347.32,0.9651,0.0037
C,2024-10-05,14068.0,340.04,0.9766,0.0027
C,2024-10-06,9568.0,334.76,0.9579,0.0048
C,2024-10-07,23412.0,339.32,0.9745,0.003
C,2024-10-08,21300.0,326.69,0.977,0.0028
C,2024-10-09,19323.0,303.94,0.996,0.0014
C,2024-10-10,19355.0,350.48,0.7702,0.0154
C,2024-10-11,19716.0,337.57,0.9057,0.0069
C,2024-10-12,13191.0,339.67,0.8605,0.0109
C,2024-10-13,9319.0,339.08,0.8258,0.0166
C,2024-10-14,20625.0,338.26,0.7708,0.0149
C,2024-10-15,21392.0,334.42,0.8199,0.0186
C,2024-10-16,21972.0,315.57,0.8922,0.013
C,2024-10-17,21144.0,343.71,0.8408,0.0104
C,2024-10-18,20444.0,346.49,0.8495,0.0124
C,2024-10-19,13546.0,341.85,0.8864,0.0091
C,2024-10-20,9448.0,338.15,0.8767,0.0093
C,2024-10-21,24558.0,336.66,0.8237,0.0334
C,2024-10-22,22700.0,325.43,0.8831,0.0111
C,2024-10-23,21949.0,301.0,0.9974,0.0017
C,2024-10-24,21078.0,315.01,0.9925,0.0013
C,2024-10-25,20565.0,345.29,0.9181,0.0063
C,2024-10-26,13258.0,342.02,0.7743,0.0282
C,2024-10-27,9290.0,337.01,0.8932,0.0064
C,2024-10-28,22733.0,331.42,0.9198,0.0068
C,2024-10-29,21111.0,321.21,0.8294,0.0158
C,2024-10-30,19820.0,323.39,0.9843,0.0036
C,2024-10-31,19779.0,319.21,0.9919,0.0015
C,2024-11-01,24495.0,346.56,0.7087,0.0218
C,2024-11-02,16521.0,342.15,0.9171,0.0059
C,2024-11-03,11653.0,334.58,0.8783,0.0081
C,2024-11-04,26664.0,338.22,0.9433,0.0051
C,2024-11-05,22032.0,338.25,0.969,0.0049
C,2024-11-06,21815.0,331.46,0.9671,0.0041
C,2024-11-07,22814.0,317.49,0.9528,0.0055
C,2024-11-08,22067.0,349.61,0.8951,0.0084
C,2024-11-09,14642.0,341.34,0.8759,0.0099
C,2024-11-10,10155.0,343.4,0.7519,0.0222
C,2024-11-11,21263.0,338.58,0.8681,0.0104
C,2024-11-12,23257.0,335.76,0.8749,0.0107
C,2024-11-13,23056.0,327.92,0.8719,0.0131
C,2024-11-14,22691.0,304.14,0.9408,0.0064
C,2024-11-15,22591.0,348.33,0.8264,0.013
C,2024-11-16,15017.0,347.94,0.7932,0.0209
C,2024-11-17,10343.0,336.89,0.7642,0.0183
C,2024-11-18,25016.0,356.11,0.6498,0.0287
C,2024-11-19,23171.0,347.99,0.778,0.015
C,2024-11-20,23339.0,330.61,0.8096,0.0222
C,2024-11-21,22145.0,314.1,0.9314,0.0066
C,2024-11-22,21415.0,352.77,0.705,0.019
C,2024-11-23,15453.0,344.46,0.7182,0.0213
C,2024-11-24,10315.0,341.23,0.7885,0.0172
C,2024-11-25,24322.0,334.74,0.7791,0.0176
C,2024-11-26,22639.0,338.34,0.8844,0.0097
C,2024-11-27,20362.0,317.43,0.8462,0.0148
C,2024-11-28,4617.0,303.16,0.8722,0.0128
C,2024-11-29,19725.0,317.62,0.9684,0.0048
C,2024-11-30,15478.0,346.45,0.9031,0.0071
C,2024-12-01,12777.0,341.38,0.9192,0.0075
C,2024-12-02,31121.0,341.51,0.9374,0.0047
C,2024-12-03,27916.0,344.47,0.9385,0.0055
C,2024-12-04,,336.1,0.9273,0.0057
C,2024-12-05,,325.7,0.9853,0.0026
C,2024-12-06,,315.21,0.9942,0.0023
C,2024-12-07,,350.65,0.8941,0.0066
C,2024-12-08,,345.89,0.9072,0.0064
C,2024-12-09,,341.13,0.9116,0.0063
C,2024-12-10,,339.38,0.9042,0.0069
C,2024-12-11,,338.31,0.8261,0.015
C,2024-12-12,,327.49,0.9068,0.0083
C,2024-12-13,,308.99,0.9989,0.0011
C,2024-12-14,,347.65,0.8767,0.0071
C,2024-12-15,,340.33,0.9468,0.0051
C,2024-12-16,,335.46,0.9536,0.0043
C,2024-12-17,23234.0,333.6,0.9927,0.001
C,2024-12-18,23040.0,333.52,0.7722,0.029
C,2024-12-19,21317.0,317.9,0.9223,0.0103
C,2024-12-20,21261.0,316.51,0.9465,0.0059
C,2024-12-21,15030.0,348.12,0.851,0.0109
C,2024-12-22,10218.0,341.54,0.9892,0.0017
C,2024-12-23,21749.0,330.84,0.9026,0.0088
C,2024-12-24,12525.0,328.02,0.8522,0.0124
C,2024-12-25,2980.0,328.13,0.8058,0.0123
C,2024-12-26,20267.0,322.41,0.746,0.0207
C,2024-12-27,21576.0,305.23,0.9669,0.0029
C,2024-12-28,14696.0,339.47,0.8083,0.0138
C,2024-12-29,9049.0,345.64,0.8493,0.0132
C,2024-12-30,24280.0,336.53,0.9843,0.0024
C,2024-12-31,18423.0,336.81,0.95,0.0059
C,2025-01-01,8051.0,311.42,0.977,0.0051
C,2025-01-02,26094.0,343.18,0.9414,0.0064
C,2025-01-03,25315.0,327.78,0.957,0.0051
C,2025-01-04,16723.0,317.2,0.8545,0.0152
C,2025-01-05,9615.0,364.23,0.6499,0.023
C,2025-01-06,24129.0,344.26,0.8813,0.0105
C,2025-01-07,22765.0,351.21,0.8372,0.012
C,2025-01-08,21787.0,354.55,0.8347,0.0117
C,2025-01-09,18948.0,339.34,0.9494,0.0059
C,2025-01-10,20183.0,324.84,0.8968,0.01
C,2025-01-11,14455.0,313.16,0.9109,0.0092
C,2025-01-12,9799.0,353.12,0.8216,0.0126
C,2025-01-13,23740.0,349.79,0.918,0.0076
C,2025-01-14,21921.0,341.69,0.8471,0.0179
C,2025-01-15,22338.0,337.37,0.8881,0.0078
C,2025-01-16,21070.0,338.23,0.9085,0.022
C,2025-01-17,20819.0,334.15,0.8309,0.0232
C,2025-01-18,14170.0,316.73,0.9401,0.0055
C,2025-01-19,8803.0,357.62,0.7632,0.0197
C,2025-01-20,16591.0,344.62,0.8117,0.0174
C,2025-01-21,20505.0,347.9,0.87,0.0111
C,2025-01-22,21526.0,348.02,0.861,0.0106
C,2025-01-23,20890.0,339.3,0.9,0.0068
C,2025-01-24,20375.0,320.24,0.8633,0.0141
C,2025-01-25,14648.0,307.59,0.9561,0.0036
C,2025-01-26,8970.0,349.55,0.8974,0.0066
C,2025-01-27,23139.0,342.63,0.8926,0.0081
C,2025-01-28,21712.0,334.9,0.7945,0.0149
C,2025-01-29,20015.0,335.75,0.8637,0.0502
C,2025-01-30,20135.0,329.1,0.9863,0.0026
C,2025-01-31,21893.0,330.0,0.879,0.0093
C,2025-02-01,16452.0,298.43,0.9897,0.0027
C,2025-02-02,10769.0,319.98,0.9483,0.0072
C,2025-02-03,27260.0,314.37,0.9773,0.0032
C,2025-02-04,23715.0,358.43,0.5535,0.0454
C,2025-02-05,22011.0,347.2,0.8429,0.0118
C,2025-02-06,21660.0,338.69,0.839,0.0173
C,2025-02-07,21468.0,339.28,0.8814,0.0087
C,2025-02-08,14838.0,333.7,0.8806,0.0089
C,2025-02-09,8597.0,327.75,0.818,0.0172
C,2025-02-10,23689.0,317.87,0.964,0.0048
C,2025-02-11,21778.0,340.24,0.8318,0.0137
C,2025-02-12,22247.0,339.18,0.8813,0.0107
C,2025-02-13,21131.0,336.27,0.8346,0.0298
C,2025-02-14,20580.0,337.3,0.8921,0.0088
C,2025-02-15,14858.0,335.74,0.8478,0.0115
C,2025-02-16,9522.0,325.52,0.9218,0.0068
C,2025-02-17,19950.0,317.52,0.9329,0.0079
C,2025-02-18,21806.0,347.01,0.713,0.0199
C,2025-02-19,22394.0,341.37,0.9095,0.007
C,2025-02-20,22192.0,337.66,0.8938,0.0079
C,2025-02-21,22146.0,339.5,0.918,0.0061
C,2025-02-22,14876.0,338.12,0.8267,0.0129
C,2025-02-23,9781.0,338.39,0.7581,0.0181
C,2025-02-24,23190.0,314.12,0.9599,0.0048
C,2025-02-25,21803.0,348.31,0.7963,0.0145
C,2025-02-26,21769.0,334.92,0.9312,0.0079
C,2025-02-27,21712.0,329.66,0.9087,0.0069
C,2025-02-28,22862.0,332.95,0.7204,0.0209
C,2025-03-01,16747.0,340.64,0.9038,0.0103
C,2025-03-02,11178.0,338.63,0.9217,0.0072
C,2025-03-03,27511.0,327.71,0.9751,0.0039
C,2025-03-04,23955.0,311.34,0.9731,0.0043
C,2025-03-05,23041.0,352.17,0.909,0.0079
C,2025-03-06,22276.0,345.25,0.9263,0.0059
C,2025-03-07,21656.0,338.3,0.9208,0.0083
C,2025-03-08,14499.0,343.4,0.9372,0.0064
C,2025-03-09,9514.0,341.22,0.9539,0.007
C,2025-03-10,24650.0,328.16,0.9357,0.0074
C,2025-03-11,21941.0,310.67,0.8567,0.013
C,2025-03-12,21839.0,343.58,0.9157,0.0072
C,2025-03-13,20562.0,341.68,0.9332,0.0118
C,2025-03-14,20580.0,339.15,0.8919,0.0103
C,2025-03-15,14367.0,344.11,0.9059,0.0102
C,2025-03-16,9749.0,346.33,0.9081,0.0082
C,2025-03-17,23933.0,335.56,0.8543,0.0123
C,2025-03-18,21325.0,322.31,0.8258,0.0198
C,2025-03-19,21614.0,356.03,0.786,0.0178
C,2025-03-20,21931.0,347.32,0.8591,0.0139
C,2025-03-21,20427.0,350.96,0.78,0.0518
C,2025-03-22,13935.0,352.85,0.9155,0.0075
C,2025-03-23,9193.0,334.47,0.9249,0.0238
C,2025-03-24,23428.0,333.59,0.878,0.0139
C,2025-03-25,21466.0,318.93,0.8867,0.0096
C,2025-03-26,20916.0,347.64,0.9385,0.0046
C,2025-03-27,20350.0,345.66,0.8761,0.0127
C,2025-03-28,20277.0,342.09,0.8521,0.0143
C,2025-03-29,13274.0,346.67,0.7992,0.0177
C,2025-03-30,8855.0,338.32,0.7737,0.0152
C,2025-03-31,23728.0,322.18,0.694,0.0402
C,2025-04-01,24424.0,343.24,0.5827,0.0436
C,2025-04-02,22059.0,333.43,0.8538,0.014
C,2025-04-03,23069.0,317.02,0.8563,0.0154
C,2025-04-04,21918.0,345.27,0.8583,0.0112
C,2025-04-05,14401.0,342.82,0.94,0.0047
C,2025-04-06,9941.0,335.1,0.9276,0.0061
C,2025-04-07,23836.0,341.19,0.8942,0.0061
C,2025-04-08,21773.0,339.25,0.8096,0.0205
C,2025-04-09,21167.0,330.97,0.8395,0.0203
C,2025-04-10,20652.0,315.46,0.8934,0.0201
C,2025-04-11,20609.0,343.27,0.8548,0.0201
C,2025-04-12,13378.0,,,0.0123
C,2025-04-13,9088.0,,,0.0126
C,2025-04-14,23477.0,,,0.0131
C,2025-04-15,22081.0,,,0.021
C,2025-04-16,21481.0,,,0.0181
C,2025-04-17,20232.0,,,0.0159
C,2025-04-18,18508.0,,,0.0169
C,2025-04-19,12978.0,352.46,0.8608,0.0135
C,2025-04-20,5287.0,345.6,0.8226,0.0142
C,2025-04-21,23594.0,342.14,0.9177,0.0072
C,2025-04-22,21974.0,340.39,0.9198,0.006
C,2025-04-23,20924.0,332.21,0.8869,0.0103
C,2025-04-24,19815.0,310.64,0.9767,0.0039
C,2025-04-25,20110.0,342.97,0.9019,0.007
C,2025-04-26,12973.0,336.92,0.9689,0.0029
C,2025-04-27,8841.0,337.75,0.8942,0.006
C,2025-04-28,22607.0,332.6,0.8275,0.0136
C,2025-04-29,20511.0,332.28,0.8492,0.0115
C,2025-04-30,23358.0,315.54,0.8838,0.0133
C,2025-05-01,24124.0,310.74,0.9383,0.0058
C,2025-05-02,23904.0,323.5,0.8169,0.0197
C,2025-05-03,15393.0,326.91,0.9719,0.0083
C,2025-05-04,10502.0,351.43,0.8196,0.0114
C,2025-05-05,25870.0,352.85,0.9035,0.0079
C,2025-05-06,22898.0,352.22,0.8598,0.0113
C,2025-05-07,21062.0,349.06,0.9108,0.0073
C,2025-05-08,20074.0,336.96,0.9202,0.0088
C,2025-05-09,20007.0,323.73,0.8668,0.0112
C,2025-05-10,12713.0,354.26,0.9179,0.0063
C,2025-05-11,7235.0,347.63,0.9467,0.0035
C,2025-05-12,22991.0,343.57,0.9371,0.0066
C,2025-05-13,21446.0,337.18,0.9038,0.0115
C,2025-05-14,22082.0,344.48,0.9119,0.0071
C,2025-05-15,21510.0,336.15,0.8456,0.0135
C,2025-05-16,20555.0,330.5,0.9315,0.0075
C,2025-05-17,13682.0,354.57,0.9276,0.0068
C,2025-05-18,9201.0,351.85,0.954,0.0041
C,2025-05-19,23467.0,340.93,0.9141,0.0067
C,2025-05-20,21749.0,343.35,0.9472,0.0058
C,2025-05-21,21467.0,341.07,0.8347,0.0105
C,2025-05-22,20063.0,330.24,0.9172,0.0079
C,2025-05-23,19619.0,321.45,0.939,0.0056
C,2025-05-24,12838.0,351.95,0.9397,0.0041
C,2025-05-25,8208.0,346.15,0.9763,0.0034
C,2025-05-26,11190.0,345.64,0.8255,0.0293
C,2025-05-27,23198.0,339.63,0.8244,0.0143
C,2025-05-28,22059.0,339.98,0.8756,0.0085
C,2025-05-29,19772.0,331.8,0.892,0.0108
C,2025-05-30,21055.0,318.77,0.8918,0.0101
C,2025-05-31,14386.0,340.25,0.8564,0.0127
C,2025-06-01,10378.0,332.53,0.975,0.0034
C,2025-06-02,25194.0,350.51,0.9022,0.0074
C,2025-06-03,24008.0,340.14,0.8568,0.0093
C,2025-06-04,22355.0,352.5,0.7354,0.0228
C,2025-06-05,21401.0,350.32,0.6873,0.0218
C,2025-06-06,20051.0,335.61,0.9082,0.0114
C,2025-06-07,13326.0,322.14,0.9313,0.01
C,2025-06-08,8808.0,351.74,0.7038,0.0219
C,2025-06-09,23365.0,351.91,0.8455,0.0119
C,2025-06-10,21608.0,347.79,0.7701,0.0171
C,2025-06-11,20898.0,342.88,0.8983,0.0065
C,2025-06-12,20302.0,340.0,0.8466,0.0117
C,2025-06-13,20185.0,327.18,0.8947,0.0103
C,2025-06-14,13492.0,313.9,0.9043,0.0071
C,2025-06-15,7880.0,353.19,0.6779,0.0298
C,2025-06-16,23843.0,347.85,0.9187,0.0079
C,2025-06-17,21564.0,346.79,0.8869,0.0086
C,2025-06-18,20763.0,348.04,0.763,0.0184
C,2025-06-19,18553.0,344.3,0.8185,0.0118
C,2025-06-20,22220.0,336.56,0.8896,0.0096
C,2025-06-21,14024.0,321.03,0.9068,0.0103
C,2025-06-22,9225.0,353.8,0.8477,0.0116
C,2025-06-23,23707.0,356.78,0.8483,0.0133
C,2025-06-24,20992.0,345.38,0.8917,0.0084
C,2025-06-25,21367.0,346.81,0.7757,0.0143
C,2025-06-26,19878.0,334.09,0.8875,0.0078
C,2025-06-27,20167.0,326.45,0.7527,0.0203
C,2025-06-28,13577.0,317.37,0.9621,0.0046
C,2025-06-29,8522.0,344.03,0.8921,0.0063
C,2025-06-30,24009.0,345.87,0.6377,0.0554
C,2025-07-01,26074.0,343.63,0.8452,0.0127
C,2025-07-02,22759.0,338.52,0.9391,0.0047
C,2025-07-03,22808.0,343.36,0.8811,0.0097
C,2025-07-04,9765.0,342.43,0.9148,0.0059
C,2025-07-05,13267.0,325.14,0.9484,0.0043
C,2025-07-06,9315.0,321.13,0.9052,0.0083
C,2025-07-07,25727.0,348.41,0.9242,0.006
C,2025-07-08,23280.0,345.19,0.9182,0.0057
C,2025-07-09,23056.0,333.42,0.988,0.0017
C,2025-07-10,21044.0,339.58,0.9261,0.0062
C,2025-07-11,20520.0,341.94,0.9111,0.0087
C,2025-07-12,13602.0,327.67,0.9225,0.0049
C,2025-07-13,9376.0,313.04,0.9605,0.0031
C,2025-07-14,22902.0,344.62,0.9858,0.0022
C,2025-07-15,22156.0,346.46,0.9165,0.007
C,2025-07-16,22010.0,346.65,0.9178,0.0065
C,2025-07-17,21150.0,355.09,0.8809,0.0095
C,2025-07-18,20444.0,340.04,0.9495,0.0048
C,2025-07-19,13430.0,327.33,0.9068,0.0094
C,2025-07-20,9382.0,321.13,0.7962,0.0199
C,2025-07-21,23504.0,352.65,0.8341,0.0097
C,2025-07-22,21422.0,350.61,0.8488,0.01
C,2025-07-23,20427.0,349.18,0.8768,0.0093
C,2025-07-24,19573.0,352.74,0.8061,0.0156
C,2025-07-25,20122.0,338.68,0.901,0.0083
C,2025-07-26,13275.0,324.8,0.873,0.0127
C,2025-07-27,9240.0,312.55,0.9652,0.0036
C,2025-07-28,22844.0,344.41,0.9534,0.0031
C,2025-07-29,20219.0,350.13,0.8438,0.0114
C,2025-07-30,19798.0,348.27,0.9481,0.0045
C,2025-07-31,20748.0,346.04,0.8884,0.008
C,2025-08-01,24079.0,348.75,0.6558,0.0323
C,2025-08-02,15110.0,346.33,0.8151,0.0122
C,2025-08-03,10195.0,342.93,0.7676,0.0193
C,2025-08-04,25576.0,340.48,0.7682,0.0254
C,2025-08-05,23063.0,320.13,0.8837,0.0108
C,2025-08-06,21743.0,352.18,0.766,0.0199
C,2025-08-07,21010.0,351.17,0.8727,0.0082
C,2025-08-08,20436.0,349.81,0.8515,0.0108
C,2025-08-09,13525.0,353.09,0.8602,0.0095
C,2025-08-10,9443.0,348.95,0.806,0.0162
C,2025-08-11,23530.0,342.65,0.7924,0.0191
C,2025-08-12,21717.0,332.36,0.6667,0.0586
C,2025-08-13,21155.0,345.17,0.9626,0.0037
C,2025-08-14,20803.0,341.14,0.9196,0.0093
C,2025-08-15,20713.0,342.12,0.7751,0.0257
C,2025-08-16,13880.0,328.12,0.8646,0.0206
C,2025-08-17,9523.0,330.17,0.7671,0.0304
C,2025-08-18,23655.0,315.45,0.6992,0.055
C,2025-08-19,21096.0,300.49,0.8989,0.0192
C,2025-08-20,21115.0,337.23,0.8222,0.0209
C,2025-08-21,19848.0,333.92,0.8957,0.0154
C,2025-08-22,19456.0,329.8,0.9019,0.0165
C,2025-08-23,13027.0,336.58,0.8373,0.021
C,2025-08-24,8744.0,346.5,0.8833,0.0104
C,2025-08-25,22728.0,339.23,0.8843,0.0122
C,2025-08-26,20256.0,307.96,0.9848,0.0035
C,2025-08-27,20720.0,350.22,0.8521,0.011
C,2025-08-28,20304.0,344.55,0.9164,0.0097
C,2025-08-29,19866.0,345.76,0.95,0.0032
C,2025-08-30,12734.0,336.81,0.8424,0.0144
C,2025-08-31,8334.0,334.78,0.7183,0.0213
C,2025-09-01,13562.0,356.8,0.9163,0.0062
C,2025-09-02,25094.0,327.36,0.9257,0.009
C,2025-09-03,24645.0,312.03,0.9486,0.007
C,2025-09-04,22634.0,355.62,0.8136,0.0139
C,2025-09-05,21052.0,349.56,0.9887,0.0023
C,2025-09-06,13889.0,355.53,0.9675,0.0037
C,2025-09-07,8886.0,361.05,0.9186,0.0082
C,2025-09-08,24144.0,356.51,0.8776,0.0083
C,2025-09-09,21625.0,338.8,0.9123,0.0098
C,2025-09-10,21139.0,343.87,0.973,0.0034
C,2025-09-11,19440.0,355.14,0.972,0.004
C,2025-09-12,19491.0,363.41,0.9809,0.0024
C,2025-09-13,13092.0,358.01,0.8966,0.0069
C,2025-09-14,8766.0,356.37,0.9469,0.0047
C,2025-09-15,23464.0,361.97,0.8933,0.0083
C,2025-09-16,21504.0,336.01,0.868,0.0111
C,2025-09-17,20654.0,329.02,0.9792,0.0029
C,2025-09-18,20155.0,361.43,0.963,0.004
C,2025-09-19,19907.0,357.05,0.9496,0.0043
C,2025-09-20,13015.0,350.02,0.9102,0.0063
C,2025-09-21,8720.0,357.77,0.9273,0.004
C,2025-09-22,22800.0,351.04,0.9736,0.0027
C,2025-09-23,20675.0,339.59,0.7991,0.0181
C,2025-09-24,20364.0,331.78,0.9485,0.0039
C,2025-09-25,20360.0,354.16,0.9749,0.0024
C,2025-09-26,19516.0,343.9,0.9464,0.0029
C,2025-09-27,13075.0,338.31,0.9829,0.0018
C,2025-09-28,8716.0,299.45,0.9701,0.0076
C,2025-09-29,22150.0,334.99,0.997,0.0012
C,2025-09-30,21073.0,324.79,0.9966,0.0014
C,2025-10-01,23531.0,339.69,0.599,0.0807
C,2025-10-02,21802.0,327.71,0.852,0.0187
C,2025-10-03,22658.0,361.77,0.3132,0.2209
C,2025-10-04,14077.0,357.81,0.4658,0.1272
C,2025-10-05,9365.0,348.33,0.747,0.0236
C,2025-10-06,24321.0,346.42,0.9025,0.0085
C,2025-10-07,21252.0,342.15,0.8251,0.0149
C,2025-10-08,21053.0,337.08,0.8242,0.0171
C,2025-10-09,20462.0,319.97,0.9427,0.0064
C,2025-10-10,19888.0,358.31,0.6042,0.152
C,2025-10-11,13098.0,351.13,0.9098,0.0108
C,2025-10-12,9376.0,345.18,0.9863,0.003
C,2025-10-13,20317.0,347.85,0.9781,0.0047
C,2025-10-14,22475.0,349.01,0.9787,0.0035
C,2025-10-15,23708.0,333.58,0.942,0.0059
C,2025-10-16,24166.0,321.61,0.987,0.0025
C,2025-10-17,23064.0,355.63,0.9774,0.0038
C,2025-10-18,15223.0,360.72,0.9735,0.0067
C,2025-10-19,10510.0,346.37,0.9855,0.0029
C,2025-10-20,25689.0,345.53,0.9924,0.0025
C,2025-10-21,23169.0,342.95,0.9863,0.0028
C,2025-10-22,22748.0,335.79,0.9218,0.0116
C,2025-10-23,22120.0,315.44,0.9933,0.0029
C,2025-10-24,19010.0,346.39,0.9893,0.0016
C,2025-10-25,12656.0,333.67,0.9975,0.0013
C,2025-10-26,8398.0,327.18,0.9978,0.0022
C,2025-10-27,22300.0,298.24,0.9848,0.008
C,2025-10-28,20353.0,327.28,0.9927,0.0026
C,2025-10-29,19755.0,327.47,0.991,0.0024
C,2025-10-30,20624.0,315.74,0.9973,0.0021
C,2025-10-31,19896.0,325.83,0.9709,0.0033
C,2025-11-01,15984.0,353.28,0.9723,0.0025
C,2025-11-02,11046.0,353.08,0.8889,0.0102
C,2025-11-03,28697.0,351.67,0.9176,0.0057
C,2025-11-04,26086.0,356.85,0.9151,0.0233
C,2025-11-05,25118.0,350.46,0.9635,0.0029
C,2025-11-06,24607.0,342.28,0.9126,0.0081
C,2025-11-07,24366.0,338.7,0.9921,0.0017
C,2025-11-08,16252.0,358.17,0.965,0.0039
C,2025-11-09,10751.0,358.32,0.945,0.005
C,2025-11-10,27159.0,355.37,0.8615,0.0104
C,2025-11-11,22195.0,356.64,0.9075,0.007
C,2025-11-12,23861.0,358.22,0.9528,0.0052
C,2025-11-13,22966.0,330.43,0.8282,0.0145
C,2025-11-14,22596.0,328.33,0.9809,0.0053
C,2025-11-15,14704.0,353.71,0.9702,0.0035
C,2025-11-16,10343.0,352.46,0.9575,0.0052
C,2025-11-17,24695.0,349.42,0.8397,0.0157
C,2025-11-18,22666.0,347.5,0.9284,0.0055
C,2025-11-19,22543.0,339.82,0.9174,0.0073
C,2025-11-20,21595.0,324.76,0.9375,0.0056
C,2025-11-21,21305.0,312.11,0.9931,0.002
C,2025-11-22,14660.0,331.75,0.97,0.0029
C,2025-11-23,9872.0,310.31,0.9892,0.0023
C,2025-11-24,23045.0,286.79,0.9838,0.0047
C,2025-11-25,21420.0,341.21,0.9606,0.0091
C,2025-11-26,19063.0,334.87,0.9805,0.0025
C,2025-11-27,4646.0,323.83,0.9828,0.0029
C,2025-11-28,19109.0,317.82,0.9968,0.0017
C,2025-11-29,13970.0,341.04,0.962,0.0029
C,2025-11-30,10504.0,328.48,0.6958,0.0226
C,2025-12-01,30208.0,354.82,0.8361,0.0184
C,2025-12-02,25221.0,360.11,0.7246,0.0533
C,2025-12-03,25483.0,358.74,0.7146,0.0274
C,2025-12-04,23955.0,369.18,0.8786,0.0096
C,2025-12-05,22547.0,353.43,0.9332,0.0083
C,2025-12-06,14974.0,357.67,0.7489,0.0286
C,2025-12-07,9935.0,337.85,0.9159,0.008
C,2025-12-08,24128.0,357.12,0.9003,0.007
C,2025-12-09,22349.0,354.64,0.8799,0.0119
C,2025-12-10,22420.0,354.28,0.8801,0.0097
C,2025-12-11,20904.0,355.37,0.8967,0.0087
C,2025-12-12,20356.0,347.81,0.924,0.0082
C,2025-12-13,14148.0,349.52,0.736,0.0379
C,2025-12-14,9614.0,331.5,0.8839,0.0139
C,2025-12-15,23857.0,353.81,0.8706,0.0104
C,2025-12-16,21434.0,346.53,0.9204,0.0135
C,2025-12-17,21475.0,350.35,0.85,0.0229
C,2025-12-18,20586.0,354.32,0.819,0.0143
C,2025-12-19,20158.0,345.91,0.83,0.0213
C,2025-12-20,14353.0,346.72,0.7582,0.064
C,2025-12-21,9782.0,335.5,0.6835,0.0387
C,2025-12-22,22364.0,340.25,0.9535,0.0076
C,2025-12-23,19215.0,333.05,0.9916,0.0024
C,2025-12-24,12669.0,312.89,0.9184,0.0087
C,2025-12-25,2950.0,298.5,0.921,0.0173
C,2025-12-26,17942.0,351.83,0.8604,0.0444
C,2025-12-27,12781.0,337.87,,
C,2025-12-28,8573.0,332.15,,
C,2025-12-29,22613.0,363.29,,
C,2025-12-30,20907.0,355.25,0.8758,0.0101
C,2025-12-31,16437.0,348.89,0.6835,0.0779
D,2024-01-01,4380.0,333.91,0.9938,0.0032
D,2024-01-02,16184.0,348.04,0.5553,0.071
D,2024-01-03,15575.0,333.97,0.5945,0.0679
D,2024-01-04,14393.0,338.91,0.7523,0.0263
D,2024-01-05,13909.0,339.59,0.9267,0.0114
D,2024-01-06,8137.0,320.21,0.9681,0.0065
D,2024-01-07,5721.0,324.11,0.9662,0.008
D,2024-01-08,14534.0,342.29,0.8734,0.0127
D,2024-01-09,13183.0,329.77,0.9591,0.0046
D,2024-01-10,12583.0,328.58,0.979,0.004
D,2024-01-11,12066.0,329.57,0.9663,0.0079
D,2024-01-12,12083.0,336.13,0.9807,0.0094
D,2024-01-13,7921.0,330.58,0.9607,0.0062
D,2024-01-14,5217.0,325.26,0.9465,0.0113
D,2024-01-15,11047.0,330.87,0.9933,0.0021
D,2024-01-16,12264.0,329.23,0.9823,0.0026
D,2024-01-17,12978.0,328.73,0.9036,0.0133
D,2024-01-18,12057.0,331.28,0.9243,0.0091
D,2024-01-19,12780.0,343.43,0.8484,0.0302
D,2024-01-20,8435.0,323.62,0.8941,0.014
D,2024-01-21,5399.0,325.5,0.9565,0.0087
D,2024-01-22,13375.0,341.28,0.858,0.0129
D,2024-01-23,12143.0,335.05,0.9292,0.0065
D,2024-01-24,11498.0,329.11,0.9062,0.0096
D,2024-01-25,12027.0,327.78,0.9142,0.0101
D,2024-01-26,11647.0,323.89,0.9252,0.01
D,2024-01-27,7670.0,316.51,0.9205,0.0107
D,2024-01-28,4981.0,309.49,0.9922,0.0018
D,2024-01-29,12322.0,333.01,0.9638,0.0044
D,2024-01-30,11049.0,320.83,0.9602,0.0046
D,2024-01-31,11194.0,316.56,0.9644,0.0046
D,2024-02-01,12769.0,301.81,0.9974,0.0043
D,2024-02-02,13560.0,331.1,0.7729,0.0177
D,2024-02-03,9200.0,327.32,0.7821,0.0208
D,2024-02-04,5813.0,318.92,0.8957,0.0111
D,2024-02-05,14721.0,310.51,0.9526,0.0067
D,2024-02-06,13267.0,334.11,0.8981,0.0075
D,2024-02-07,11911.0,331.06,0.8986,0.0055
D,2024-02-08,11547.0,323.42,0.9776,0.003
D,2024-02-09,11722.0,326.36,0.9754,0.0041
D,2024-02-10,7574.0,331.85,0.9622,0.0051
D,2024-02-11,4632.0,336.74,0.7542,0.0458
D,2024-02-12,12711.0,324.0,0.8628,0.0151
D,2024-02-13,11964.0,333.8,0.9382,0.0051
D,2024-02-14,10633.0,327.14,0.9895,0.0021
D,2024-02-15,11984.0,328.26,0.9419,0.0052
D,2024-02-16,12318.0,326.67,0.9404,0.0062
D,2024-02-17,8339.0,332.88,0.9041,0.0088
D,2024-02-18,5459.0,321.44,0.7614,0.0246
D,2024-02-19,11086.0,304.94,0.9756,0.0054
D,2024-02-20,12340.0,323.44,0.9834,0.0026
D,2024-02-21,12537.0,336.19,0.9626,0.003
D,2024-02-22,11473.0,339.57,0.9064,0.0063
D,2024-02-23,11267.0,330.76,0.8689,0.0082
D,2024-02-24,7504.0,328.87,0.8892,0.0074
D,2024-02-25,5274.0,316.14,0.7686,0.0219
D,2024-02-26,12514.0,290.95,0.9768,0.0055
D,2024-02-27,11057.0,331.08,0.9388,0.005
D,2024-02-28,11474.0,322.97,0.9432,0.0031
D,2024-02-29,11010.0,328.83,0.9196,0.0108
D,2024-03-01,13574.0,320.3,0.906,0.0131
D,2024-03-02,9042.0,320.05,0.7699,0.0221
D,2024-03-03,6090.0,320.85,0.9328,0.0083
D,2024-03-04,14161.0,321.28,0.908,0.0136
D,2024-03-05,12623.0,320.83,0.7315,0.0296
D,2024-03-06,11873.0,304.22,0.9862,0.0029
D,2024-03-07,11990.0,335.13,0.7612,0.026
D,2024-03-08,11490.0,325.31,0.9439,0.0064
D,2024-03-09,7968.0,324.2,0.9645,0.0055
D,2024-03-10,4945.0,316.39,0.9737,0.0047
D,2024-03-11,12599.0,313.99,0.9921,0.0029
D,2024-03-12,11500.0,314.93,0.9963,0.0033
D,2024-03-13,11602.0,316.67,0.9833,0.0045
D,2024-03-14,10380.0,325.25,0.9348,0.0076
D,2024-03-15,11310.0,331.46,0.9291,0.0079
D,2024-03-16,7620.0,325.54,0.9647,0.0051
D,2024-03-17,5239.0,328.38,0.8946,0.0134
D,2024-03-18,13208.0,318.17,0.9511,0.0088
D,2024-03-19,11759.0,313.0,0.9482,0.0072
D,2024-03-20,12046.0,304.07,0.9461,0.0075
D,2024-03-21,11396.0,321.84,0.977,0.0047
D,2024-03-22,11196.0,325.0,0.9226,0.0124
D,2024-03-23,7499.0,330.04,0.8704,0.0304
D,2024-03-24,4838.0,323.54,0.9623,0.0064
D,2024-03-25,12699.0,335.28,0.9048,0.0116
D,2024-03-26,11099.0,306.61,0.9767,0.0039
D,2024-03-27,11076.0,303.24,0.9744,0.007
D,2024-03-28,10255.0,321.93,0.8941,0.0103
D,2024-03-29,9575.0,325.98,0.9464,0.0072
D,2024-03-30,6318.0,315.43,0.8225,0.0205
D,2024-03-31,2613.0,321.8,0.7438,0.0321
D,2024-04-01,13620.0,317.94,0.9178,0.009
D,2024-04-02,13172.0,307.13,0.9631,0.0072
D,2024-04-03,14129.0,319.13,0.9212,0.0065
D,2024-04-04,13256.0,325.65,0.9785,0.0024
D,2024-04-05,12231.0,323.17,0.9769,0.002
D,2024-04-06,8154.0,326.03,0.9392,0.0051
D,2024-04-07,5268.0,319.8,0.9318,0.006
D,2024-04-08,12462.0,312.02,0.8195,0.0318
D,2024-04-09,12836.0,311.51,0.9876,0.0028
D,2024-04-10,12004.0,327.85,0.9562,0.0049
D,2024-04-11,11535.0,325.43,0.9386,0.0054
D,2024-04-12,12014.0,322.46,0.9387,0.0054
D,2024-04-13,7972.0,330.42,0.902,0.0075
D,2024-04-14,5315.0,324.55,0.841,0.0139
D,2024-04-15,13959.0,309.6,0.8549,0.0149
D,2024-04-16,13282.0,300.42,0.9831,0.0037
D,2024-04-17,13131.0,325.58,0.9802,0.0036
D,2024-04-18,12798.0,329.54,0.9504,0.0057
D,2024-04-19,12538.0,324.82,0.9192,0.0086
D,2024-04-20,8210.0,321.56,0.9175,0.0087
D,2024-04-21,5200.0,328.59,0.8117,0.0363
D,2024-04-22,14759.0,307.83,0.9032,0.0103
D,2024-04-23,13656.0,300.99,0.9964,0.0043
D,2024-04-24,12774.0,321.51,0.9737,0.0045
D,2024-04-25,12531.0,313.79,0.9436,0.0053
D,2024-04-26,12309.0,307.68,0.9204,0.0401
D,2024-04-27,7890.0,307.42,0.9033,0.0108
D,2024-04-28,5509.0,310.04,0.8063,0.0209
D,2024-04-29,14093.0,331.58,0.7428,0.0429
D,2024-04-30,14098.0,306.41,0.9613,0.0062
D,2024-05-01,15230.0,298.08,0.9919,0.0023
D,2024-05-02,14729.0,319.51,0.9279,0.0085
D,2024-05-03,15195.0,314.97,0.9835,0.0044
D,2024-05-04,9769.0,310.23,0.981,0.0051
D,2024-05-05,6389.0,319.58,0.9393,0.0083
D,2024-05-06,16467.0,319.42,0.9603,0.0072
D,2024-05-07,14974.0,308.91,0.9884,0.0044
D,2024-05-08,14745.0,299.64,0.983,0.0034
D,2024-05-09,13616.0,324.96,0.9845,0.004
D,2024-05-10,12343.0,317.96,0.9677,0.0058
D,2024-05-11,7738.0,314.66,0.8901,0.0131
D,2024-05-12,4274.0,313.47,0.9436,0.0084
D,2024-05-13,14327.0,314.94,0.9631,0.0073
D,2024-05-14,13061.0,307.96,0.9286,0.0129
D,2024-05-15,13791.0,302.02,0.9881,0.004
D,2024-05-16,12897.0,327.14,0.8957,0.0103
D,2024-05-17,12610.0,318.27,0.9059,0.0072
D,2024-05-18,8179.0,321.44,0.7675,0.0355
D,2024-05-19,5386.0,315.48,0.7028,0.0346
D,2024-05-20,14445.0,320.28,0.7317,0.0427
D,2024-05-21,13277.0,317.96,0.6616,0.05
D,2024-05-22,12786.0,307.99,0.9861,0.0043
D,2024-05-23,12292.0,329.8,0.7796,0.0241
D,2024-05-24,11330.0,319.64,0.9167,0.011
D,2024-05-25,7735.0,308.5,0.8108,0.0168
D,2024-05-26,4597.0,314.23,0.8787,0.0134
D,2024-05-27,7115.0,300.51,0.9834,0.0037
D,2024-05-28,14405.0,287.73,0.9542,0.0081
D,2024-05-29,13280.0,283.46,0.9969,0.0015
D,2024-05-30,12236.0,308.67,0.8899,0.0118
D,2024-05-31,12581.0,294.7,0.9723,0.0073
D,2024-06-01,8898.0,325.62,0.8393,0.0191
D,2024-06-02,6378.0,320.51,0.9743,0.0048
D,2024-06-03,16967.0,317.35,0.9672,0.0038
D,2024-06-04,15595.0,318.92,0.9849,0.0028
D,2024-06-05,14192.0,312.24,0.9857,0.0035
D,2024-06-06,13225.0,305.64,0.9854,0.0033
D,2024-06-07,13173.0,307.27,0.9394,0.0117
D,2024-06-08,8158.0,327.66,0.9589,0.0046
D,2024-06-09,5656.0,328.07,0.9407,0.0093
D,2024-06-10,14601.0,321.79,0.9508,0.0052
D,2024-06-11,13707.0,321.74,0.9306,0.0068
D,2024-06-12,13134.0,321.55,0.8962,0.0107
D,2024-06-13,11891.0,305.15,0.9695,0.0086
D,2024-06-14,12248.0,292.73,0.946,0.0081
D,2024-06-15,7791.0,325.21,0.9035,0.0086
D,2024-06-16,4643.0,319.33,0.9226,0.0079
D,2024-06-17,14286.0,317.31,0.9141,0.0132
D,2024-06-18,12746.0,315.75,0.9173,0.0104
D,2024-06-19,11743.0,325.7,0.8342,0.0142
D,2024-06-20,12331.0,301.95,0.9252,0.0088
D,2024-06-21,12364.0,306.15,0.8775,0.0114
D,2024-06-22,7572.0,325.4,0.872,0.0152
D,2024-06-23,5075.0,326.16,0.8976,0.0118
D,2024-06-24,13539.0,321.6,0.8865,0.0268
D,2024-06-25,12433.0,320.87,0.8517,0.0168
D,2024-06-26,12089.0,312.76,0.7835,0.0203
D,2024-06-27,11805.0,291.94,0.9251,0.0074
D,2024-06-28,11589.0,290.06,0.8667,0.0171
D,2024-06-29,7748.0,314.78,0.8925,0.0122
D,2024-06-30,5301.0,321.39,0.8854,0.0133
D,2024-07-01,14651.0,313.28,0.976,0.0033
D,2024-07-02,13545.0,316.27,0.7937,0.0274
D,2024-07-03,13425.0,308.39,0.9248,0.0097
D,2024-07-04,5646.0,314.01,0.9838,0.0044
D,2024-07-05,12472.0,301.07,0.9823,0.0067
D,2024-07-06,8338.0,294.35,0.9819,0.0049
D,2024-07-07,5551.0,314.32,0.9825,0.0038
D,2024-07-08,15218.0,317.04,0.92,0.0091
D,2024-07-09,13952.0,310.69,0.9441,0.0075
D,2024-07-10,13401.0,318.61,0.9235,0.0077
D,2024-07-11,12672.0,322.12,0.757,0.0264
D,2024-07-12,12053.0,299.38,0.9052,0.014
D,2024-07-13,7686.0,300.43,0.9682,0.006
D,2024-07-14,5100.0,327.61,0.7229,0.0349
D,2024-07-15,14062.0,320.3,0.8065,0.0171
D,2024-07-16,13436.0,315.52,0.8564,0.0178
D,2024-07-17,13059.0,318.95,0.8108,0.0227
D,2024-07-18,12680.0,319.71,0.9333,0.007
D,2024-07-19,13306.0,305.89,0.8834,0.0163
D,2024-07-20,8493.0,295.39,0.9529,0.0042
D,2024-07-21,5482.0,332.7,0.7988,0.0171
D,2024-07-22,14515.0,327.69,0.7923,0.0179
D,2024-07-23,13223.0,323.21,0.8569,0.0124
D,2024-07-24,12361.0,321.0,0.8743,0.0128
D,2024-07-25,12155.0,313.82,0.9135,0.0103
D,2024-07-26,11423.0,296.9,0.9369,0.0095
D,2024-07-27,7737.0,289.41,0.9808,0.006
D,2024-07-28,5217.0,319.24,0.7973,0.0179
D,2024-07-29,13599.0,314.87,0.8304,0.0157
D,2024-07-30,12446.0,312.25,0.9534,0.0069
D,2024-07-31,12560.0,311.9,0.9699,0.004
D,2024-08-01,13548.0,309.81,0.9301,0.0075
D,2024-08-02,14208.0,312.33,0.9263,0.008
D,2024-08-03,9125.0,309.55,0.9344,0.0092
D,2024-08-04,6004.0,298.84,0.9708,0.0052
D,2024-08-05,15795.0,323.1,0.9283,0.0076
D,2024-08-06,14045.0,323.98,0.9431,0.0065
D,2024-08-07,13521.0,319.71,0.9028,0.0098
D,2024-08-08,12595.0,322.69,0.8715,0.012
D,2024-08-09,12431.0,322.94,0.7944,0.025
D,2024-08-10,7807.0,304.77,0.889,0.0144
D,2024-08-11,5435.0,302.55,0.9026,0.0149
D,2024-08-12,13286.0,325.91,0.8852,0.0145
D,2024-08-13,12419.0,325.58,0.9033,0.0095
D,2024-08-14,11708.0,320.63,0.9529,0.0059
D,2024-08-15,12244.0,317.52,0.9016,0.0085
D,2024-08-16,12175.0,319.51,0.9035,0.0104
D,2024-08-17,8108.0,302.31,0.9144,0.0103
D,2024-08-18,5658.0,309.38,0.9759,0.0081
D,2024-08-19,13784.0,333.49,0.8555,0.0496
D,2024-08-20,12830.0,334.42,0.8347,0.0164
D,2024-08-21,13050.0,315.53,0.8546,0.0159
D,2024-08-22,12448.0,315.54,0.8403,0.0165
D,2024-08-23,12393.0,322.17,0.7807,0.0297
D,2024-08-24,7777.0,306.63,0.8758,0.0164
D,2024-08-25,5619.0,297.89,0.888,0.0169
D,2024-08-26,14013.0,322.14,0.8833,0.0123
D,2024-08-27,12498.0,315.85,0.8556,0.0161
D,2024-08-28,12081.0,311.28,0.8756,0.0196
D,2024-08-29,10950.0,328.46,0.696,0.0463
D,2024-08-30,11541.0,321.26,0.9334,0.0088
D,2024-08-31,7909.0,325.9,0.7938,0.0258
D,2024-09-01,5626.0,309.64,0.8705,0.015
D,2024-09-02,8285.0,297.66,0.9918,0.0027
D,2024-09-03,15529.0,338.54,0.6855,0.0426
D,2024-09-04,14868.0,325.28,0.9396,0.01
D,2024-09-05,13297.0,323.62,0.8982,0.0131
D,2024-09-06,12630.0,326.34,0.9287,0.0101
D,2024-09-07,8469.0,322.29,0.9643,0.0065
D,2024-09-08,5576.0,294.78,0.9873,0.0052
D,2024-09-09,14479.0,,0.9939,0.0044
D,2024-09-10,12791.0,,0.7915,0.0345
D,2024-09-11,12090.0,,0.8888,0.0116
D,2024-09-12,12854.0,,0.7683,0.026
D,2024-09-13,11941.0,,0.8763,0.0143
D,2024-09-14,8076.0,,0.9379,0.0078
D,2024-09-15,5604.0,,0.9537,0.0068
D,2024-09-16,13913.0,,0.9922,0.0024
D,2024-09-17,13026.0,,0.8016,0.0183
D,2024-09-18,12641.0,,0.8806,0.0155
D,2024-09-19,12592.0,324.82,0.8509,0.0162
D,2024-09-20,12525.0,324.28,0.931,0.0077
D,2024-09-21,8225.0,317.77,0.9527,0.0064
D,2024-09-22,5505.0,304.71,0.9566,0.0089
D,2024-09-23,13810.0,286.22,0.9948,0.0017
D,2024-09-24,11889.0,306.05,0.9726,0.0041
D,2024-09-25,12468.0,328.64,0.8212,0.0125
D,2024-09-26,11753.0,323.33,0.8687,0.0093
D,2024-09-27,11187.0,312.81,0.9452,0.0069
D,2024-09-28,7346.0,311.47,0.8763,0.0107
D,2024-09-29,4991.0,321.0,0.8944,0.0127
D,2024-09-30,12820.0,315.71,0.7822,0.0248
D,2024-10-01,13511.0,304.16,0.8746,0.0139
D,2024-10-02,13119.0,305.31,0.9015,0.0134
D,2024-10-03,13329.0,330.02,0.8759,0.0161
D,2024-10-04,12920.0,320.23,0.9681,0.0045
D,2024-10-05,8036.0,317.32,0.9797,0.0029
D,2024-10-06,5561.0,310.02,0.9676,0.0073
D,2024-10-07,13849.0,318.37,0.9255,0.0084
D,2024-10-08,12611.0,299.56,0.9883,0.0049
D,2024-10-09,12366.0,284.52,0.9913,0.0039
D,2024-10-10,11236.0,326.99,0.8062,0.0197
D,2024-10-11,11408.0,322.5,0.9263,0.0079
D,2024-10-12,7572.0,323.49,0.8894,0.0165
D,2024-10-13,5357.0,317.59,0.8005,0.0222
D,2024-10-14,11717.0,315.79,0.7535,0.0327
D,2024-10-15,12169.0,307.81,0.8393,0.0186
D,2024-10-16,12696.0,307.07,0.879,0.0175
D,2024-10-17,11944.0,327.09,0.8826,0.0124
D,2024-10-18,11862.0,328.69,0.8946,0.0235
D,2024-10-19,7741.0,329.93,0.9171,0.0094
D,2024-10-20,5359.0,327.88,0.913,0.0101
D,2024-10-21,14024.0,320.04,0.8494,0.0466
D,2024-10-22,13220.0,298.82,0.9292,0.0097
D,2024-10-23,12192.0,291.92,0.9638,0.0074
D,2024-10-24,11541.0,296.02,0.9795,0.0044
D,2024-10-25,11360.0,321.07,0.7982,0.0195
D,2024-10-26,7414.0,312.47,0.8179,0.0372
D,2024-10-27,5120.0,311.97,0.9325,0.007
D,2024-10-28,12834.0,303.22,0.9289,0.0081
D,2024-10-29,11848.0,296.87,0.8776,0.0159
D,2024-10-30,11136.0,311.96,0.9948,0.0045
D,2024-10-31,10330.0,289.61,0.9969,0.0039
D,2024-11-01,13190.0,327.67,0.8096,0.0254
D,2024-11-02,9265.0,328.34,0.9121,0.0092
D,2024-11-03,6231.0,329.86,0.9243,0.0075
D,2024-11-04,15397.0,324.69,0.9564,0.0056
D,2024-11-05,12823.0,317.2,0.9803,0.0062
D,2024-11-06,12295.0,302.14,0.9935,0.0026
D,2024-11-07,13128.0,294.7,0.9956,0.0041
D,2024-11-08,12957.0,328.17,0.9118,0.0077
D,2024-11-09,9064.0,325.8,0.8503,0.0145
D,2024-11-10,5546.0,327.5,0.8318,0.0286
D,2024-11-11,12171.0,328.48,0.8787,0.0219
D,2024-11-12,12684.0,324.62,0.9379,0.0127
D,2024-11-13,13253.0,304.92,0.9442,0.0182
D,2024-11-14,12682.0,294.91,0.987,0.006
D,2024-11-15,13014.0,334.43,0.8572,0.0166
D,2024-11-16,8695.0,330.76,0.7885,0.0249
D,2024-11-17,5726.0,320.4,0.8689,0.0153
D,2024-11-18,14289.0,334.07,0.7377,0.0289
D,2024-11-19,13208.0,329.04,0.8188,0.0158
D,2024-11-20,12937.0,316.33,0.9269,0.0112
D,2024-11-21,12946.0,301.31,0.9816,0.0035
D,2024-11-22,12429.0,332.57,0.7797,0.0236
D,2024-11-23,8787.0,321.95,0.739,0.0262
D,2024-11-24,5492.0,316.12,0.7726,0.0264
D,2024-11-25,13187.0,313.9,0.8221,0.0203
D,2024-11-26,11483.0,306.71,0.9168,0.009
D,2024-11-27,10615.0,293.61,0.9437,0.0068
D,2024-11-28,2260.0,290.47,0.9702,0.006
D,2024-11-29,10614.0,303.92,0.9701,0.007
D,2024-11-30,8370.0,319.51,0.9251,0.0094
D,2024-12-01,6453.0,310.0,0.9549,0.0047
D,2024-12-02,16703.0,319.58,0.9262,0.0082
D,2024-12-03,15810.0,313.21,0.9027,0.0115
D,2024-12-04,15058.0,313.71,0.9043,0.0132
D,2024-12-05,14443.0,297.88,0.9405,0.0089
D,2024-12-06,13537.0,299.25,0.9115,0.0141
D,2024-12-07,9402.0,320.4,0.8819,0.0129
D,2024-12-08,6516.0,324.01,0.8653,0.0113
D,2024-12-09,14713.0,318.63,0.8909,0.0108
D,2024-12-10,13298.0,317.98,0.9196,0.0078
D,2024-12-11,13473.0,307.92,0.887,0.0152
D,2024-12-12,12568.0,302.69,0.886,0.015
D,2024-12-13,12331.0,295.76,0.9669,0.0065
D,2024-12-14,8439.0,326.18,0.8868,0.0118
D,2024-12-15,5945.0,320.81,0.9225,0.0086
D,2024-12-16,14051.0,321.36,0.8931,0.0106
D,2024-12-17,13228.0,316.17,0.9301,0.0071
D,2024-12-18,13390.0,318.86,0.7342,0.044
D,2024-12-19,12341.0,302.28,0.8651,0.0222
D,2024-12-20,12318.0,306.91,0.9728,0.0109
D,2024-12-21,9411.0,329.57,0.8328,0.0126
D,2024-12-22,6146.0,325.11,0.9217,0.0062
D,2024-12-23,12297.0,317.7,0.9196,0.0067
D,2024-12-24,6883.0,304.19,0.8996,0.0149
D,2024-12-25,1727.0,308.86,0.8358,0.0204
D,2024-12-26,11133.0,294.96,0.8524,0.0174
D,2024-12-27,11796.0,290.79,0.9951,0.0024
D,2024-12-28,7865.0,314.63,0.8767,0.01
D,2024-12-29,4760.0,325.23,0.919,0.0093
D,2024-12-30,12699.0,319.52,0.9947,0.0029
D,2024-12-31,9246.0,314.7,0.952,0.0065
D,2025-01-01,4643.0,301.27,0.9717,0.0058
D,2025-01-02,15066.0,315.3,0.972,0.0047
D,2025-01-03,14288.0,300.19,0.9889,0.0036
D,2025-01-04,9252.0,288.89,0.9706,0.0076
D,2025-01-05,5819.0,338.79,0.7498,0.0282
D,2025-01-06,13912.0,330.57,0.9066,0.0087
D,2025-01-07,13309.0,327.86,0.8828,0.0104
D,2025-01-08,12544.0,330.17,0.9011,0.0092
D,2025-01-09,11350.0,324.82,0.9568,0.0056
D,2025-01-10,11120.0,307.23,0.9728,0.0055
D,2025-01-11,8187.0,295.06,0.9902,0.0031
D,2025-01-12,5349.0,330.73,0.8765,0.0121
D,2025-01-13,13074.0,330.87,0.9476,0.0074
D,2025-01-14,11956.0,330.44,0.9117,0.0141
D,2025-01-15,12191.0,325.19,0.9324,0.0089
D,2025-01-16,11542.0,318.02,0.8987,0.0363
D,2025-01-17,11509.0,314.16,0.8936,0.0132
D,2025-01-18,7791.0,289.02,0.9752,0.0055
D,2025-01-19,4782.0,,,0.0103
D,2025-01-20,9297.0,,,0.0091
D,2025-01-21,11343.0,,,0.0116
D,2025-01-22,12050.0,,,0.0082
D,2025-01-23,11205.0,,,0.0055
D,2025-01-24,11200.0,,,0.0087
D,2025-01-25,7859.0,,,0.0036
D,2025-01-26,4897.0,,,0.0065
D,2025-01-27,11726.0,,,0.0087
D,2025-01-28,11051.0,,,0.0174
D,2025-01-29,10723.0,,,0.0382
D,2025-01-30,10386.0,,,0.0064
D,2025-01-31,11254.0,306.51,0.9192,0.0095
D,2025-02-01,8410.0,286.67,0.9865,0.0068
D,2025-02-02,5703.0,299.1,0.8978,0.0117
D,2025-02-03,14430.0,297.8,0.8854,0.0179
D,2025-02-04,12459.0,333.55,0.5933,0.0638
D,2025-02-05,11812.0,324.04,0.8659,0.0116
D,2025-02-06,11275.0,319.57,0.8258,0.0242
D,2025-02-07,11087.0,320.75,0.867,0.0145
D,2025-02-08,7393.0,324.72,0.8604,0.0184
D,2025-02-09,4692.0,314.25,0.8042,0.0319
D,2025-02-10,12001.0,300.07,0.9671,0.0064
D,2025-02-11,10980.0,328.7,0.8748,0.0125
D,2025-02-12,11389.0,326.77,0.9001,0.0103
D,2025-02-13,10576.0,330.69,0.8744,0.0376
D,2025-02-14,9877.0,332.02,0.9096,0.0104
D,2025-02-15,7226.0,326.66,0.9163,0.0089
D,2025-02-16,4818.0,306.82,0.8278,0.0208
D,2025-02-17,10402.0,300.8,0.8966,0.014
D,2025-02-18,10902.0,333.59,0.7643,0.027
D,2025-02-19,11670.0,331.07,0.9194,0.0108
D,2025-02-20,11511.0,330.26,0.9393,0.0068
D,2025-02-21,11256.0,326.14,0.9561,0.0051
D,2025-02-22,7539.0,325.09,0.939,0.0072
D,2025-02-23,4678.0,313.19,0.9248,0.0086
D,2025-02-24,11749.0,308.97,0.9621,0.0061
D,2025-02-25,11453.0,325.67,0.8757,0.0089
D,2025-02-26,12806.0,324.67,0.9022,0.0105
D,2025-02-27,11145.0,315.17,0.9084,0.0071
D,2025-02-28,11457.0,314.29,0.812,0.0239
D,2025-03-01,8229.0,331.92,0.9497,0.0066
D,2025-03-02,6047.0,320.2,0.9263,0.0091
D,2025-03-03,14525.0,304.34,0.987,0.0037
D,2025-03-04,12171.0,293.87,0.992,0.0037
D,2025-03-05,11591.0,342.73,0.9067,0.0075
D,2025-03-06,11030.0,335.68,0.9327,0.0088
D,2025-03-07,10812.0,330.4,0.9196,0.0079
D,2025-03-08,7512.0,330.86,0.951,0.0056
D,2025-03-09,5112.0,328.88,0.9657,0.0074
D,2025-03-10,12001.0,313.67,0.9414,0.0081
D,2025-03-11,11339.0,304.08,0.9827,0.0018
D,2025-03-12,11330.0,331.13,0.9517,0.0062
D,2025-03-13,10189.0,342.24,0.9506,0.006
D,2025-03-14,10367.0,328.21,0.9686,0.0067
D,2025-03-15,7244.0,337.76,0.916,0.0088
D,2025-03-16,4821.0,335.15,0.9171,0.0085
D,2025-03-17,12050.0,320.62,0.8901,0.0128
D,2025-03-18,11082.0,300.22,0.9571,0.0065
D,2025-03-19,11170.0,344.2,0.8589,0.0135
D,2025-03-20,11007.0,334.07,0.9171,0.0104
D,2025-03-21,10756.0,336.11,0.871,0.0665
D,2025-03-22,7136.0,332.51,0.9499,0.0082
D,2025-03-23,4746.0,317.78,0.9569,0.0228
D,2025-03-24,11809.0,318.69,0.931,0.0082
D,2025-03-25,10898.0,299.7,0.9887,0.0037
D,2025-03-26,10520.0,332.91,0.9448,0.0066
D,2025-03-27,10420.0,330.17,0.9182,0.0095
D,2025-03-28,10426.0,329.67,0.8832,0.0171
D,2025-03-29,6992.0,330.77,0.8298,0.0216
D,2025-03-30,4434.0,330.78,0.8251,0.0191
D,2025-03-31,11426.0,309.49,0.7805,0.0348
D,2025-04-01,11990.0,329.48,0.753,0.0675
D,2025-04-02,11691.0,310.45,0.8374,0.0217
D,2025-04-03,11868.0,299.55,0.8745,0.0221
D,2025-04-04,11455.0,325.87,0.8921,0.0117
D,2025-04-05,7380.0,324.66,0.9143,0.009
D,2025-04-06,4959.0,317.41,0.9315,0.009
D,2025-04-07,12304.0,322.07,0.9239,0.0089
D,2025-04-08,11559.0,325.43,0.8297,0.0236
D,2025-04-09,11237.0,316.26,0.7225,0.0559
D,2025-04-10,10370.0,300.23,0.9511,0.015
D,2025-04-11,10949.0,332.25,0.8003,0.0268
D,2025-04-12,7076.0,327.16,0.9091,0.0127
D,2025-04-13,4564.0,327.78,0.9287,0.0121
D,2025-04-14,11692.0,326.85,0.9129,0.0141
D,2025-04-15,10928.0,329.7,0.737,0.0359
D,2025-04-16,10912.0,313.45,0.8288,0.0221
D,2025-04-17,10209.0,304.63,0.8886,0.0185
D,2025-04-18,9265.0,329.03,0.8607,0.0126
D,2025-04-19,6585.0,331.45,0.8362,0.0274
D,2025-04-20,2598.0,324.09,0.9309,0.0065
D,2025-04-21,11965.0,326.01,0.9389,0.005
D,2025-04-22,11442.0,328.5,0.9383,0.0085
D,2025-04-23,10719.0,311.45,0.8865,0.0121
D,2025-04-24,10235.0,303.97,0.9865,0.003
D,2025-04-25,10533.0,321.99,0.9443,0.0069
D,2025-04-26,7021.0,320.26,0.9502,0.0043
D,2025-04-27,4731.0,312.2,0.9346,0.008
D,2025-04-28,11990.0,313.13,0.8731,0.0107
D,2025-04-29,10277.0,308.72,0.8716,0.0112
D,2025-04-30,10995.0,295.38,0.9167,0.0144
D,2025-05-01,11876.0,293.89,0.9817,0.0066
D,2025-05-02,12274.0,310.81,0.9174,0.0164
D,2025-05-03,8129.0,307.06,0.9829,0.0053
D,2025-05-04,5517.0,335.98,0.882,0.0099
D,2025-05-05,13084.0,327.89,0.9469,0.0065
D,2025-05-06,11889.0,330.9,0.9067,0.0093
D,2025-05-07,11254.0,328.92,0.9535,0.0048
D,2025-05-08,10583.0,318.38,0.9587,0.0055
D,2025-05-09,10633.0,300.57,0.971,0.0059
D,2025-05-10,6365.0,334.7,0.9194,0.0077
D,2025-05-11,3335.0,332.49,0.9276,0.0061
D,2025-05-12,11908.0,332.5,0.9389,0.0066
D,2025-05-13,10775.0,321.51,0.9152,0.0149
D,2025-05-14,11019.0,341.1,0.955,0.0061
D,2025-05-15,10845.0,318.6,0.8849,0.0137
D,2025-05-16,10532.0,313.56,0.9729,0.0059
D,2025-05-17,6893.0,341.87,0.9251,0.0071
D,2025-05-18,4693.0,339.5,0.9408,0.0047
D,2025-05-19,11889.0,333.89,0.9289,0.0097
D,2025-05-20,10957.0,330.14,0.9115,0.0113
D,2025-05-21,10932.0,331.02,0.8709,0.0114
D,2025-05-22,10625.0,314.89,0.9245,0.0077
D,2025-05-23,10291.0,312.72,0.9805,0.0056
D,2025-05-24,6494.0,335.12,0.9412,0.0046
D,2025-05-25,4175.0,332.47,0.9489,0.005
D,2025-05-26,5637.0,330.61,0.8419,0.0235
D,2025-05-27,11507.0,339.62,0.8623,0.0136
D,2025-05-28,10983.0,325.91,0.902,0.0088
D,2025-05-29,10216.0,317.67,0.8859,0.0154
D,2025-05-30,10285.0,304.0,0.9349,0.009
D,2025-05-31,7151.0,328.82,0.8388,0.0147
D,2025-06-01,4993.0,313.81,0.9758,0.0084
D,2025-06-02,13042.0,321.05,0.9315,0.0084
D,2025-06-03,11814.0,320.54,0.8923,0.0102
D,2025-06-04,11528.0,325.72,0.8457,0.0226
D,2025-06-05,10946.0,327.37,0.7702,0.0249
D,2025-06-06,10294.0,305.15,0.9191,0.0075
D,2025-06-07,6863.0,299.81,0.9632,0.0084
D,2025-06-08,4527.0,333.26,0.7296,0.0331
D,2025-06-09,12417.0,325.77,0.8383,0.0207
D,2025-06-10,11170.0,326.02,0.8699,0.012
D,2025-06-11,10993.0,333.31,0.8351,0.0195
D,2025-06-12,10232.0,324.18,0.8637,0.014
D,2025-06-13,10094.0,306.24,0.9365,0.0087
D,2025-06-14,6686.0,303.17,0.9543,0.0072
D,2025-06-15,4172.0,334.1,0.7113,0.0327
D,2025-06-16,11868.0,328.82,0.8257,0.0177
D,2025-06-17,10993.0,330.93,0.8976,0.0077
D,2025-06-18,10694.0,331.03,0.9197,0.0109
D,2025-06-19,9591.0,331.03,0.9297,0.0099
D,2025-06-20,11804.0,307.43,0.9555,0.0077
D,2025-06-21,7211.0,306.01,0.9942,0.0036
D,2025-06-22,4203.0,333.12,0.8901,0.0121
D,2025-06-23,11245.0,328.95,0.8973,0.0096
D,2025-06-24,10523.0,332.34,0.9049,0.0106
D,2025-06-25,10820.0,328.0,0.8782,0.0124
D,2025-06-26,9933.0,317.07,0.9174,0.0101
D,2025-06-27,9834.0,312.54,0.9078,0.0135
D,2025-06-28,6765.0,298.44,0.9705,0.0073
D,2025-06-29,4087.0,317.87,0.9474,0.0055
D,2025-06-30,11446.0,326.09,0.7107,0.0794
D,2025-07-01,12388.0,335.03,0.8876,0.0101
D,2025-07-02,11437.0,321.94,0.9328,0.0065
D,2025-07-03,11313.0,325.59,0.9224,0.0096
D,2025-07-04,4704.0,327.46,0.9377,0.0074
D,2025-07-05,6405.0,316.71,0.9236,0.0085
D,2025-07-06,4814.0,300.79,0.98,0.0038
D,2025-07-07,13692.0,339.18,0.9336,0.0079
D,2025-07-08,11587.0,332.07,0.9299,0.0084
D,2025-07-09,11996.0,319.62,0.9838,0.0029
D,2025-07-10,11055.0,327.7,0.929,0.0068
D,2025-07-11,10320.0,325.82,0.9178,0.0117
D,2025-07-12,6812.0,312.15,0.916,0.0091
D,2025-07-13,4530.0,299.41,0.9921,0.006
D,2025-07-14,11483.0,327.35,0.9522,0.0046
D,2025-07-15,10765.0,336.07,0.9144,0.0083
D,2025-07-16,11473.0,335.82,0.8968,0.0123
D,2025-07-17,10953.0,329.13,0.9077,0.0097
D,2025-07-18,10463.0,325.35,0.9069,0.0103
D,2025-07-19,7158.0,308.03,0.9119,0.0127
D,2025-07-20,4719.0,312.48,0.8722,0.02
D,2025-07-21,11978.0,337.68,0.8648,0.0139
D,2025-07-22,10747.0,331.57,0.8755,0.0118
D,2025-07-23,10540.0,335.76,0.8791,0.0107
D,2025-07-24,9826.0,334.15,0.8851,0.0121
D,2025-07-25,9942.0,325.91,0.9468,0.0075
D,2025-07-26,6531.0,314.56,0.9471,0.0063
D,2025-07-27,4439.0,305.83,0.99,0.0045
D,2025-07-28,11540.0,331.52,0.9828,0.0025
D,2025-07-29,9754.0,320.79,0.8966,0.0087
D,2025-07-30,9656.0,322.12,0.9319,0.0084
D,2025-07-31,10272.0,322.04,0.898,0.0135
D,2025-08-01,11518.0,326.6,0.7616,0.0382
D,2025-08-02,7689.0,336.76,0.8294,0.0181
D,2025-08-03,5115.0,329.76,0.8348,0.0176
D,2025-08-04,13113.0,311.48,0.7548,0.0432
D,2025-08-05,11874.0,307.34,0.9244,0.0116
D,2025-08-06,11304.0,331.41,0.8219,0.0199
D,2025-08-07,10627.0,325.83,0.9187,0.007
D,2025-08-08,10666.0,334.42,0.9008,0.0106
D,2025-08-09,7192.0,338.07,0.8996,0.0098
D,2025-08-10,4529.0,348.01,0.8206,0.0198
D,2025-08-11,12157.0,325.71,0.7536,0.0399
D,2025-08-12,11071.0,319.27,0.761,0.0395
D,2025-08-13,10385.0,335.54,0.9548,0.006
D,2025-08-14,10195.0,333.48,0.9212,0.0071
D,2025-08-15,10404.0,341.51,0.8651,0.0147
D,2025-08-16,6845.0,340.38,0.8939,0.0101
D,2025-08-17,4818.0,344.6,0.8333,0.0212
D,2025-08-18,11935.0,310.76,0.7829,0.0497
D,2025-08-19,10765.0,311.41,0.9905,0.0074
D,2025-08-20,10690.0,340.62,0.8628,0.0132
D,2025-08-21,10475.0,342.35,0.9439,0.0073
D,2025-08-22,9967.0,352.4,0.9121,0.0135
D,2025-08-23,6927.0,354.18,0.8996,0.0104
D,2025-08-24,4317.0,361.11,0.9177,0.011
D,2025-08-25,11698.0,325.39,0.8225,0.033
D,2025-08-26,10141.0,305.78,0.9752,0.0072
D,2025-08-27,,,,0.0069
D,2025-08-28,,,,0.0114
D,2025-08-29,,,,0.0015
D,2025-08-30,,,,0.0108
D,2025-08-31,,,,0.0222
D,2025-09-01,,,,0.0073
D,2025-09-02,,,,0.0111
D,2025-09-03,,,,0.0074
D,2025-09-04,,,,0.016
D,2025-09-05,,,,0.0055
D,2025-09-06,7234.0,330.45,0.9411,0.0051
D,2025-09-07,4899.0,336.43,0.9055,0.009
D,2025-09-08,12299.0,324.67,0.8931,0.0142
D,2025-09-09,11599.0,312.22,0.8547,0.0175
D,2025-09-10,10760.0,308.85,0.9257,0.0094
D,2025-09-11,9978.0,334.12,0.9452,0.0054
D,2025-09-12,9940.0,335.67,0.9576,0.0044
D,2025-09-13,6630.0,329.99,0.8878,0.0131
D,2025-09-14,4323.0,330.46,0.9446,0.0065
D,2025-09-15,11915.0,330.67,0.8993,0.0105
D,2025-09-16,10669.0,317.05,0.887,0.0146
D,2025-09-17,10717.0,303.32,0.9942,0.0042
D,2025-09-18,10404.0,333.75,0.9411,0.0059
D,2025-09-19,10210.0,328.81,0.9464,0.0056
D,2025-09-20,7000.0,329.34,0.8918,0.009
D,2025-09-21,4502.0,330.87,0.9329,0.007
D,2025-09-22,11679.0,324.84,0.9465,0.0062
D,2025-09-23,10678.0,310.25,0.8055,0.0253
D,2025-09-24,10320.0,307.46,0.957,0.0051
D,2025-09-25,10269.0,325.03,0.956,0.0064
D,2025-09-26,10011.0,318.29,0.9629,0.0045
D,2025-09-27,6652.0,309.23,0.9509,0.0067
D,2025-09-28,4508.0,267.05,0.9641,0.0133
D,2025-09-29,10835.0,305.8,0.9968,0.002
D,2025-09-30,10517.0,299.38,0.9927,0.0045
D,2025-10-01,11483.0,330.35,0.6829,0.0918
D,2025-10-02,11278.0,313.62,0.9495,0.0118
D,2025-10-03,11558.0,344.46,0.5722,0.1334
D,2025-10-04,7866.0,348.54,0.6571,0.1119
D,2025-10-05,5088.0,346.03,0.8097,0.0419
D,2025-10-06,12478.0,339.86,0.9092,0.0112
D,2025-10-07,11299.0,343.27,0.8524,0.0194
D,2025-10-08,11194.0,329.75,0.8566,0.0205
D,2025-10-09,10800.0,321.11,0.9902,0.0037
D,2025-10-10,10245.0,356.44,0.7622,0.1997
D,2025-10-11,7041.0,353.5,0.9096,0.0191
D,2025-10-12,4683.0,345.76,0.9801,0.0035
D,2025-10-13,10247.0,345.28,0.9813,0.0044
D,2025-10-14,10641.0,338.31,0.9664,0.0049
D,2025-10-15,11090.0,327.68,0.9559,0.0084
D,2025-10-16,10560.0,321.62,0.9818,0.0028
D,2025-10-17,10556.0,346.82,0.9427,0.0065
D,2025-10-18,6840.0,343.61,0.9725,0.0101
D,2025-10-19,4472.0,342.7,0.9899,0.0039
D,2025-10-20,11557.0,338.67,0.9934,0.0028
D,2025-10-21,10468.0,335.78,0.9823,0.005
D,2025-10-22,10281.0,319.5,0.9004,0.0161
D,2025-10-23,10243.0,313.56,0.9959,0.0041
D,2025-10-24,9995.0,339.32,0.986,0.0022
D,2025-10-25,6725.0,320.24,0.9976,0.0019
D,2025-10-26,4468.0,314.82,0.9973,0.0015
D,2025-10-27,11276.0,307.22,0.9753,0.0166
D,2025-10-28,10643.0,321.66,0.9953,0.0026
D,2025-10-29,9563.0,305.2,0.9912,0.0044
D,2025-10-30,9187.0,304.19,0.9969,0.0049
D,2025-10-31,9208.0,298.63,0.989,0.0033
D,2025-11-01,7779.0,331.68,0.9701,0.004
D,2025-11-02,5575.0,325.49,0.8845,0.0107
D,2025-11-03,13314.0,321.48,0.91,0.007
D,2025-11-04,12084.0,321.64,0.8986,0.0445
D,2025-11-05,11919.0,318.71,0.9528,0.0073
D,2025-11-06,11032.0,310.25,0.9007,0.0116
D,2025-11-07,11108.0,297.66,0.9556,0.0078
D,2025-11-08,7695.0,322.88,0.928,0.0063
D,2025-11-09,5424.0,326.39,0.9422,0.0053
D,2025-11-10,13148.0,333.01,0.8531,0.0125
D,2025-11-11,11472.0,321.58,0.9649,0.0059
D,2025-11-12,11822.0,320.42,0.9364,0.006
D,2025-11-13,11036.0,303.86,0.8772,0.0136
D,2025-11-14,11199.0,299.31,0.956,0.0057
D,2025-11-15,7875.0,323.28,0.9547,0.0046
D,2025-11-16,5408.0,323.43,0.9278,0.0073
D,2025-11-17,12859.0,316.78,0.8604,0.0178
D,2025-11-18,12096.0,322.8,0.9315,0.007
D,2025-11-19,11909.0,312.26,0.9423,0.0086
D,2025-11-20,11764.0,296.29,0.8873,0.0119
D,2025-11-21,11825.0,283.02,0.9807,0.0044
D,2025-11-22,8075.0,307.3,0.9655,0.0059
D,2025-11-23,5338.0,302.45,0.9493,0.0061
D,2025-11-24,12354.0,274.08,0.9772,0.0104
D,2025-11-25,11292.0,309.59,0.9259,0.0092
D,2025-11-26,9744.0,306.9,0.9301,0.0052
D,2025-11-27,2225.0,303.2,0.9698,0.0048
D,2025-11-28,10044.0,294.71,0.9943,0.0025
D,2025-11-29,7724.0,316.43,0.9646,0.0042
D,2025-11-30,5556.0,307.45,0.8243,0.0362
D,2025-12-01,15505.0,338.42,0.9005,0.0094
D,2025-12-02,14196.0,347.76,0.802,0.0531
D,2025-12-03,14302.0,347.54,0.8218,0.0269
D,2025-12-04,13092.0,349.12,0.919,0.0095
D,2025-12-05,12964.0,345.53,0.9144,0.0091
D,2025-12-06,8821.0,329.45,0.7577,0.0409
D,2025-12-07,5869.0,308.28,0.9564,0.0107
D,2025-12-08,13918.0,344.6,0.9081,0.0107
D,2025-12-09,12999.0,340.72,0.8917,0.0098
D,2025-12-10,12182.0,353.18,0.9052,0.0102
D,2025-12-11,11779.0,355.17,0.9318,0.0108
D,2025-12-12,11534.0,341.41,0.917,0.0103
D,2025-12-13,8120.0,323.1,0.7587,0.036
D,2025-12-14,5445.0,309.98,0.9383,0.014
D,2025-12-15,12891.0,343.13,0.9127,0.0081
D,2025-12-16,11989.0,339.66,0.9204,0.0103
D,2025-12-17,12055.0,344.75,0.8408,0.0169
D,2025-12-18,11694.0,347.94,0.8428,0.019
D,2025-12-19,11365.0,336.9,0.8631,0.0247
D,2025-12-20,8627.0,327.69,0.7122,0.0488
D,2025-12-21,5865.0,310.42,0.846,0.0268
D,2025-12-22,12030.0,331.05,0.9531,0.0078
D,2025-12-23,10599.0,326.45,0.9934,0.0023
D,2025-12-24,6700.0,303.96,0.9491,0.009
D,2025-12-25,1667.0,291.03,0.9952,0.0096
D,2025-12-26,9514.0,333.22,0.8096,0.0269
D,2025-12-27,7108.0,313.9,0.9052,0.0117
D,2025-12-28,4776.0,318.63,0.9731,0.0044
D,2025-12-29,11695.0,353.94,0.7804,0.0213
D,2025-12-30,11093.0,335.17,0.895,0.0099
D,2025-12-31,7922.0,337.87,0.7803,0.0319
