Month,Day,Interval,Calls_Offered_A,Abandoned_Calls_A,Abandoned_Rate_A,CCT_A,Calls_Offered_B,Abandoned_Calls_B,Abandoned_Rate_B,CCT_B,Calls_Offered_C,Abandoned_Calls_C,Abandoned_Rate_C,CCT_C,Calls_Offered_D,Abandoned_Calls_D,Abandoned_Rate_D,CCT_D
August,1,0:00,6,0,0.0,411.17,37,0,0.0,317.49,78,0,0.0,356.25,42,0,0.0,335.24
August,1,0:30,5,0,0.0,364.18,27,0,0.0,332.5,61,0,0.0,336.73,32,0,0.0,330.08
August,1,1:00,4,0,0.0,309.61,14,0,0.0,359.0,45,0,0.0,330.55,23,0,0.0,343.05
August,1,1:30,3,0,0.0,249.42,8,0,0.0,300.63,33,0,0.0,322.55,17,0,0.0,319.82
August,1,2:00,2,0,0.0,255.85,6,0,0.0,319.04,24,0,0.0,322.72,12,0,0.0,330.14
August,1,2:30,2,0,0.0,272.04,5,0,0.0,342.3,20,0,0.0,340.45,9,0,0.0,339.32
August,1,3:00,2,0,0.0,213.38,5,0,0.0,377.58,16,0,0.0,361.57,3,0,0.0,343.7
August,1,3:30,2,0,0.0,199.93,4,0,0.0,372.18,16,0,0.0,368.12,1,0,0.0,292.65
August,1,4:00,2,0,0.0,237.34,4,0,0.0,303.54,16,0,0.0,329.89,1,0,0.0,323.63
August,1,4:30,2,0,0.0,257.02,4,0,1e-05,247.61,17,0,0.0,324.4,1,0,0.0,330.73
August,1,5:00,2,0,0.000192,258.87,4,0,0.001961,261.31,20,0,7e-06,318.83,1,0,0.0002,320.23
August,1,5:30,2,0,0.024538,245.07,5,0,0.056927,287.25,24,0,0.000952,310.91,3,0,0.008468,275.38
August,1,6:00,3,1,0.44506,245.37,7,3,0.428348,301.86,39,0,0.012595,287.49,13,1,0.042253,258.24
August,1,6:30,5,5,1.0,292.85,12,7,0.560632,319.78,62,1,0.02228,273.5,26,2,0.057105,266.36
August,1,7:00,11,6,0.592629,311.25,37,3,0.094182,286.81,107,1,0.011145,272.25,48,1,0.01502,272.76
August,1,7:30,21,3,0.161069,311.86,61,3,0.047513,282.66,179,2,0.011721,273.81,81,1,0.009549,283.97
August,1,8:00,51,1,0.013595,302.19,114,2,0.016734,293.36,305,1,0.003544,288.95,138,1,0.009346,285.25
August,1,8:30,91,0,0.000324,309.58,167,3,0.020769,313.28,453,0,0.001099,307.32,201,2,0.008069,289.9
August,1,9:00,134,0,2e-06,319.93,240,4,0.018616,331.27,641,2,0.003588,314.45,279,3,0.009741,300.42
August,1,9:30,173,0,9.5e-05,327.79,302,4,0.012199,338.09,800,6,0.007573,318.48,344,5,0.014641,309.27
August,1,10:00,200,0,0.001763,335.21,366,3,0.009094,343.91,922,10,0.010901,329.23,404,6,0.015536,311.72
August,1,10:30,231,1,0.004238,337.65,414,7,0.017227,344.97,1021,16,0.015483,338.0,444,8,0.018732,322.52
August,1,11:00,246,0,0.001605,337.73,460,13,0.027881,349.39,1088,12,0.011313,344.73,480,7,0.015518,327.65
August,1,11:30,257,1,0.00367,335.74,505,19,0.037398,357.51,1126,15,0.013294,346.38,506,6,0.012435,326.43
August,1,12:00,264,3,0.009821,334.07,547,15,0.027678,360.22,1138,22,0.019155,346.38,519,6,0.010878,326.46
August,1,12:30,264,1,0.004845,342.67,562,16,0.028521,362.29,1142,20,0.017696,349.83,529,5,0.00905,334.74
August,1,13:00,265,1,0.003857,348.82,577,16,0.027388,354.84,1139,12,0.010867,356.69,533,5,0.008872,337.93
August,1,13:30,267,0,0.001418,346.17,591,17,0.029284,352.93,1136,12,0.010283,357.31,542,7,0.01241,335.87
August,1,14:00,270,1,0.002283,344.27,610,21,0.034675,359.26,1144,13,0.011015,357.48,555,9,0.016762,332.99
August,1,14:30,277,3,0.009243,343.97,620,21,0.034328,360.87,1143,14,0.012059,357.13,553,10,0.018962,335.81
August,1,15:00,274,5,0.018179,339.96,618,12,0.019149,362.98,1138,17,0.015269,356.4,549,8,0.014395,339.39
August,1,15:30,274,6,0.022255,344.68,610,10,0.016283,362.13,1130,20,0.017538,357.18,547,7,0.01364,337.79
August,1,16:00,268,2,0.007095,347.97,608,10,0.016754,367.54,1112,11,0.009634,358.24,558,5,0.009104,338.15
August,1,16:30,253,0,0.000345,349.58,595,10,0.016547,364.51,1069,7,0.006105,357.54,538,4,0.007954,336.5
August,1,17:00,223,0,3e-06,346.74,569,10,0.016755,359.57,1007,7,0.006932,358.14,500,3,0.00642,340.48
August,1,17:30,198,0,8.3e-05,343.05,539,11,0.021185,361.3,928,7,0.007453,359.67,460,2,0.005053,333.75
August,1,18:00,171,0,0.002057,347.07,477,13,0.027162,364.42,811,6,0.006921,361.94,410,2,0.004044,330.95
August,1,18:30,145,1,0.006743,362.7,427,9,0.021304,357.88,730,5,0.006486,361.17,368,3,0.007914,333.22
August,1,19:00,100,0,0.003523,364.28,388,11,0.029338,353.84,649,5,0.007934,354.87,333,5,0.014664,334.4
August,1,19:30,74,0,0.000223,350.88,344,8,0.024559,345.92,573,5,0.008276,355.98,297,5,0.016595,334.61
August,1,20:00,57,0,2e-06,343.53,294,6,0.021188,350.21,482,6,0.011453,352.98,253,4,0.01437,328.73
August,1,20:30,45,0,0.0,334.5,260,5,0.017861,353.0,410,2,0.005115,347.83,221,4,0.019047,321.99
August,1,21:00,34,0,1e-05,337.3,219,3,0.014477,345.3,343,0,0.000621,348.87,185,8,0.044719,330.41
August,1,21:30,26,0,0.0021,326.68,179,4,0.019963,336.55,281,0,2.4e-05,346.67,157,6,0.041019,337.2
August,1,22:00,22,1,0.054499,332.74,142,1,0.008259,334.86,228,0,0.0,344.5,126,2,0.015411,327.43
August,1,22:30,16,4,0.241694,352.95,114,0,0.000476,327.71,183,0,0.0,342.61,103,0,0.002051,313.0
August,1,23:00,12,3,0.23312,321.75,85,0,4e-06,336.88,140,0,0.0,333.3,81,0,8.8e-05,308.64
August,1,23:30,10,1,0.073043,258.01,69,0,0.0,345.68,114,0,0.0,318.26,65,0,1e-06,309.92
August,2,0:00,7,0,0.0,337.74,40,0,0.011499,307.85,70,0,0.0,318.79,44,0,0.0,317.02
August,2,0:30,5,0,0.0,344.88,28,0,0.004563,336.4,55,0,0.0,320.7,31,0,0.0,323.21
August,2,1:00,4,0,0.0,269.84,13,0,0.000441,343.98,41,0,0.0,328.73,24,0,0.0,317.2
August,2,1:30,2,0,0.0,214.76,7,0,5e-06,296.95,32,0,0.0,322.0,17,0,0.0,311.31
August,2,2:00,2,0,0.0,277.13,5,0,0.0,289.43,22,0,0.0,315.21,12,0,0.0,305.96
August,2,2:30,2,0,0.0,290.97,4,0,0.0,296.9,16,0,0.0,324.22,8,0,0.0,322.6
August,2,3:00,2,0,0.0,273.63,3,0,0.0,268.48,13,0,0.0,307.95,3,0,0.0,344.18
August,2,3:30,1,0,0.0,235.63,3,0,0.0,205.34,13,0,0.0,297.68,1,0,0.0,312.42
August,2,4:00,1,0,0.0,243.68,3,0,0.0,248.29,12,0,0.0,331.78,0,0,0.0,382.21
August,2,4:30,1,0,0.0,243.48,3,0,0.0,301.48,12,0,0.0,341.0,0,0,0.0,377.57
August,2,5:00,1,0,0.0,272.12,3,0,3.3e-05,278.05,13,0,0.0,362.27,1,0,0.0,290.72
August,2,5:30,2,0,0.0,217.68,3,0,0.005423,298.31,16,0,0.0,318.75,3,0,0.0,259.41
August,2,6:00,2,0,0.0,242.91,5,0,0.086494,345.83,23,0,4e-06,290.42,9,0,8e-06,251.16
August,2,6:30,3,0,0.0,274.65,8,1,0.139235,333.75,40,0,0.000402,273.16,17,0,0.000737,261.66
August,2,7:00,7,0,0.0,259.84,17,0,0.024019,305.6,70,0,0.004905,260.83,29,0,0.009071,276.42
August,2,7:30,14,0,0.0,280.41,28,0,0.000671,315.62,116,1,0.008253,261.49,47,1,0.015333,292.02
August,2,8:00,33,0,0.0,268.38,51,0,0.000373,313.69,194,0,0.001886,273.44,80,0,0.003413,291.2
August,2,8:30,58,0,2e-06,277.89,80,0,0.005404,314.64,280,1,0.002006,290.53,120,0,0.002648,287.18
August,2,9:00,82,0,0.000182,278.49,152,2,0.011988,304.84,394,4,0.009182,296.99,173,2,0.009055,290.62
August,2,9:30,100,0,0.003171,278.11,204,3,0.015086,312.0,478,8,0.016239,308.25,218,3,0.015424,286.75
August,2,10:00,120,1,0.007495,287.34,252,4,0.01767,320.29,584,6,0.009736,315.89,256,5,0.019584,292.39
August,2,10:30,150,1,0.005641,292.48,292,7,0.023781,330.8,651,6,0.009463,324.58,300,7,0.024549,300.78
August,2,11:00,168,2,0.014372,294.61,331,7,0.021433,334.17,701,8,0.011058,328.66,339,6,0.017372,308.21
August,2,11:30,175,5,0.026888,294.75,362,8,0.020715,336.03,720,10,0.014456,333.59,355,3,0.008775,311.18
August,2,12:00,186,8,0.040861,302.15,383,7,0.017773,334.55,732,11,0.015513,334.87,367,3,0.007627,314.86
August,2,12:30,192,10,0.052173,303.6,398,11,0.028215,338.25,733,12,0.016084,334.7,376,4,0.011369,313.43
August,2,13:00,193,5,0.023723,310.04,412,15,0.035536,338.9,726,10,0.01447,337.15,380,5,0.01432,313.02
August,2,13:30,189,1,0.007597,314.76,426,17,0.039058,337.53,726,12,0.016726,339.09,381,7,0.017749,310.27
August,2,14:00,185,3,0.014771,315.87,440,16,0.036385,340.72,729,11,0.015728,339.51,381,8,0.021449,312.77
August,2,14:30,184,3,0.015086,313.51,440,11,0.025334,344.24,716,5,0.007521,338.47,382,12,0.031451,314.24
August,2,15:00,180,1,0.004336,311.02,432,6,0.013836,337.53,684,1,0.001503,339.99,374,7,0.018785,306.29
August,2,15:30,177,0,0.0002,318.66,426,5,0.012298,333.76,662,0,0.000599,337.77,357,4,0.009821,304.49
August,2,16:00,176,0,0.0002,320.02,422,5,0.01132,343.7,639,1,0.001855,339.07,344,3,0.007897,312.64
August,2,16:30,163,1,0.004682,303.97,403,4,0.008747,350.75,600,2,0.002617,338.09,322,2,0.006286,312.47
August,2,17:00,148,2,0.016352,311.44,386,3,0.007395,348.53,570,2,0.003754,339.71,301,2,0.006323,313.21
August,2,17:30,130,2,0.013349,320.4,369,4,0.011257,350.39,545,1,0.002374,339.5,284,1,0.003975,314.62
August,2,18:00,117,1,0.00603,325.25,339,7,0.019516,352.88,500,2,0.00404,338.95,259,1,0.003418,318.68
August,2,18:30,100,1,0.008984,330.41,309,6,0.019306,350.06,451,2,0.004791,341.61,233,0,0.001728,327.37
August,2,19:00,76,0,0.004171,323.96,273,4,0.014788,343.6,408,3,0.007111,340.86,217,0,0.001731,325.93
August,2,19:30,59,0,0.00025,318.99,241,5,0.021824,335.98,365,4,0.010673,338.94,194,0,0.000714,321.34
August,2,20:00,47,0,2e-06,299.45,211,9,0.042828,333.22,327,4,0.010697,339.38,168,0,0.001126,310.17
August,2,20:30,39,0,0.0,287.69,185,6,0.029918,320.64,276,2,0.00665,337.5,152,1,0.007252,304.09
August,2,21:00,29,0,0.0,300.32,153,4,0.028229,315.8,232,1,0.006195,336.46,126,2,0.016187,305.65
August,2,21:30,22,0,0.0,320.66,128,2,0.019324,319.66,192,0,0.002335,331.21,106,1,0.006457,309.72
August,2,22:00,16,0,0.0,350.59,102,1,0.013986,317.32,161,0,0.000129,321.48,93,0,0.000344,307.79
August,2,22:30,11,0,0.0,324.53,80,1,0.009632,315.5,131,0,1e-06,316.29,77,0,3e-06,307.46
August,2,23:00,9,0,0.0,319.25,63,1,0.017294,299.69,104,0,0.0,314.09,62,0,0.0,301.36
August,2,23:30,7,0,0.0,279.22,49,0,0.008224,299.15,91,0,0.0,311.29,51,0,0.0,288.31
August,3,0:00,3,0,0.0,318.31,39,0,0.0,278.52,56,0,0.0,305.63,39,0,0.0,290.97
August,3,0:30,3,0,0.0,333.43,28,0,0.0,283.67,45,0,0.0,313.4,28,0,0.0,290.39
August,3,1:00,3,0,0.0,332.91,13,0,0.0,315.5,34,0,0.0,291.5,22,0,0.0,320.09
August,3,1:30,2,0,0.0,309.74,8,0,0.0,331.73,27,0,0.0,284.14,16,0,0.0,343.95
August,3,2:00,2,0,0.0,234.69,6,0,0.0,343.95,20,0,0.0,297.12,12,0,0.0,343.83
August,3,2:30,1,0,0.0,272.67,4,0,0.0,295.78,15,0,0.0,300.12,8,0,0.0,352.58
August,3,3:00,2,0,0.0,326.07,4,0,0.0,299.6,12,0,0.0,319.2,3,0,0.0,333.03
August,3,3:30,2,0,0.0,422.89,3,0,0.0,252.68,10,0,0.0,364.95,1,0,0.0,250.3
August,3,4:00,2,0,0.0,364.91,3,0,0.0,206.17,9,0,0.0,383.55,0,0,0.0,205.21
August,3,4:30,2,0,0.0,256.44,3,0,0.0,318.67,9,0,0.0,353.81,1,0,0.0,245.15
August,3,5:00,2,0,0.0,200.64,2,0,0.0,404.28,10,0,0.0,318.01,1,0,0.0,291.73
August,3,5:30,2,0,0.0,212.39,3,0,0.0,305.68,12,0,0.0,266.72,1,0,0.0,270.95
August,3,6:00,3,0,0.0,239.69,3,0,0.0,256.04,18,0,0.0,257.73,6,0,0.0,227.43
August,3,6:30,2,0,0.0,238.08,5,0,0.0,249.65,29,0,0.0,256.74,12,0,0.0,251.46
August,3,7:00,5,0,0.0,263.92,10,0,0.0,267.58,44,0,0.0,260.6,21,0,0.0,288.73
August,3,7:30,7,0,0.0,285.6,14,0,0.0,281.27,70,0,0.0,263.56,35,0,0.0,294.75
August,3,8:00,14,0,0.0,268.62,25,0,0.0,271.88,112,0,0.0,270.66,53,0,0.0,288.9
August,3,8:30,17,0,0.0,269.94,40,0,0.0,286.31,151,0,0.0,282.58,71,0,6e-06,296.26
August,3,9:00,21,0,0.0,264.28,79,0,0.0,294.33,198,0,0.0,290.81,100,0,0.000665,289.17
August,3,9:30,25,0,0.0,285.95,105,0,0.0,299.13,246,0,0.0,287.32,122,2,0.012686,281.02
August,3,10:00,29,0,0.0,289.28,130,0,4e-06,297.67,301,0,0.0,288.5,144,7,0.048689,292.05
August,3,10:30,36,0,0.0,283.57,148,0,0.000573,302.8,357,0,0.0,294.88,173,11,0.063164,305.1
August,3,11:00,37,0,0.0,286.08,168,2,0.010835,301.02,392,0,3e-06,303.23,191,6,0.033391,301.22
August,3,11:30,41,0,6e-06,290.78,192,5,0.026753,302.07,432,0,0.000385,306.31,206,3,0.01558,299.29
August,3,12:00,58,0,0.000648,289.34,212,4,0.017333,301.21,461,4,0.008139,304.38,217,1,0.006103,297.5
August,3,12:30,71,1,0.01132,290.13,240,6,0.025334,301.7,470,15,0.031804,306.03,220,3,0.012384,296.03
August,3,13:00,83,2,0.026694,291.48,265,7,0.024585,298.42,476,25,0.052037,313.07,223,6,0.025923,301.76
August,3,13:30,87,1,0.009692,290.5,279,8,0.030051,301.88,479,30,0.062272,315.83,231,5,0.023484,301.52
August,3,14:00,91,1,0.010948,295.06,293,5,0.018473,305.88,482,18,0.037786,318.55,233,3,0.01157,302.06
August,3,14:30,92,3,0.029152,297.97,298,1,0.004089,308.78,481,6,0.012399,318.32,233,3,0.014931,301.55
August,3,15:00,91,2,0.01793,298.92,301,0,0.000353,306.93,479,1,0.001973,320.4,232,3,0.010837,304.82
August,3,15:30,92,2,0.02077,293.82,305,1,0.003752,305.56,470,0,8e-05,319.77,233,4,0.016065,303.91
August,3,16:00,92,1,0.007357,287.14,298,3,0.010797,306.31,460,0,0.0,317.15,226,3,0.012071,312.22
August,3,16:30,85,0,0.000371,278.51,285,2,0.008004,306.18,447,0,0.0,321.33,219,4,0.018234,311.44
August,3,17:00,75,0,3e-06,277.31,277,3,0.01172,306.45,426,0,0.0,319.94,212,1,0.006786,313.6
August,3,17:30,67,0,0.0,279.28,265,2,0.006698,303.61,403,0,0.0,314.74,205,1,0.002633,309.09
August,3,18:00,53,0,0.0,292.86,242,3,0.011953,303.79,354,0,0.0,315.38,191,1,0.006876,301.64
August,3,18:30,44,0,0.0,285.69,219,6,0.026104,298.97,329,0,0.0,315.37,176,0,0.002689,299.1
August,3,19:00,34,0,0.0,277.95,196,8,0.038802,294.23,302,0,0.0,317.0,161,0,0.000342,302.22
August,3,19:30,32,0,0.0,274.61,177,5,0.028995,302.88,274,0,0.0,315.41,157,1,0.004451,311.42
August,3,20:00,31,0,0.0,289.36,154,1,0.008015,300.72,249,0,0.0,308.8,144,2,0.013486,309.48
August,3,20:30,28,0,0.0,290.78,135,0,0.000401,296.99,224,0,0.0,310.96,128,1,0.005453,305.86
August,3,21:00,23,0,1e-05,298.53,122,0,3e-06,297.7,200,0,0.0,312.89,105,0,0.000312,308.2
August,3,21:30,17,0,0.0022,320.43,106,0,0.0,303.14,171,0,0.0,307.99,94,0,0.000197,312.72
August,3,22:00,15,1,0.055386,289.93,85,0,0.0,298.67,147,0,0.0,307.34,84,0,0.004693,309.63
August,3,22:30,12,2,0.183331,303.9,69,0,0.0,284.94,125,0,0.0,306.17,71,1,0.015221,305.38
August,3,23:00,9,1,0.087784,335.84,54,0,0.0,260.21,100,0,0.0,304.2,59,0,0.006691,313.43
August,3,23:30,8,0,0.004901,296.49,44,0,0.0,260.53,85,0,0.0,301.34,52,0,0.000352,334.19
August,4,0:00,4,0,0.0,365.57,26,0,0.0,361.75,57,0,0.0,333.81,33,0,0.0,326.3
August,4,0:30,3,0,0.0,331.43,21,0,0.0,350.22,47,0,0.0,328.59,26,0,0.0,326.86
August,4,1:00,2,0,0.0,339.75,12,0,0.0,366.56,35,0,0.0,329.39,19,0,0.0,337.51
August,4,1:30,2,0,0.0,346.66,7,0,0.0,343.31,25,0,0.0,331.83,15,0,0.0,324.04
August,4,2:00,2,0,0.0,400.68,5,0,0.0,296.9,18,0,0.0,321.39,10,0,0.0,316.17
August,4,2:30,2,0,0.0,326.51,5,0,0.0,310.76,15,0,0.0,343.67,9,0,0.0,330.28
August,4,3:00,2,0,0.0,238.25,4,0,0.0,343.74,12,0,0.0,338.29,6,0,0.0,348.45
August,4,3:30,2,0,0.0,268.17,3,0,0.0,355.43,11,0,0.0,329.42,5,0,0.0,290.23
August,4,4:00,2,0,0.0,269.63,3,0,0.0,304.5,11,0,0.0,317.22,5,0,0.0,284.84
August,4,4:30,2,0,0.0,204.03,3,0,0.0,270.62,10,0,0.0,302.85,5,0,0.0,256.87
August,4,5:00,2,0,0.0,217.88,3,0,6.7e-05,270.87,12,0,0.0,310.9,5,0,0.0,266.4
August,4,5:30,2,0,0.0,232.66,4,0,0.008547,241.44,18,0,0.0,279.43,6,0,0.0,282.52
August,4,6:00,2,0,0.0,245.29,5,1,0.135981,247.65,30,0,0.0,269.12,13,0,0.0,257.26
August,4,6:30,4,0,0.0,234.96,10,2,0.190692,317.62,51,0,0.0,284.02,21,0,0.0,253.72
August,4,7:00,8,0,0.0,251.25,29,1,0.022842,302.21,90,0,0.0,270.38,38,0,5e-06,271.55
August,4,7:30,18,0,8e-06,303.3,51,0,0.001186,290.62,152,0,2e-06,274.98,68,0,0.000449,278.36
August,4,8:00,47,0,0.000527,314.6,97,1,0.006483,298.47,281,0,0.00014,295.26,122,1,0.00533,280.82
August,4,8:30,88,1,0.006694,325.17,154,2,0.011412,312.69,435,1,0.002065,311.35,192,2,0.010275,292.17
August,4,9:00,136,3,0.02222,325.47,232,1,0.004301,324.57,621,4,0.006272,327.03,297,4,0.015051,303.22
August,4,9:30,178,5,0.027632,334.12,304,2,0.006664,334.0,790,9,0.010927,340.58,373,12,0.032051,315.66
August,4,10:00,211,2,0.007636,339.54,375,6,0.017094,340.61,941,15,0.01551,345.18,445,13,0.02914,324.55
August,4,10:30,237,0,0.000316,336.29,424,12,0.028264,350.78,1059,14,0.013064,353.06,497,19,0.038558,328.33
August,4,11:00,250,0,0.000311,341.88,470,10,0.0219,358.71,1142,17,0.014686,361.21,538,14,0.026651,331.44
August,4,11:30,257,2,0.006396,346.23,503,12,0.02341,362.59,1170,27,0.023441,365.07,573,14,0.024811,333.78
August,4,12:00,261,5,0.017668,340.69,542,10,0.018398,361.92,1197,28,0.023332,364.2,601,17,0.027961,338.12
August,4,12:30,265,3,0.009521,330.91,563,12,0.021773,365.5,1200,22,0.018278,365.77,607,19,0.030786,341.11
August,4,13:00,261,3,0.009584,333.77,587,12,0.020443,364.99,1194,18,0.015403,369.25,602,15,0.025597,342.42
August,4,13:30,260,1,0.003659,344.22,602,14,0.023551,358.6,1192,24,0.019777,373.84,610,12,0.019951,337.06
August,4,14:00,266,2,0.00656,345.38,610,10,0.017002,358.68,1208,24,0.019837,375.42,622,11,0.017327,335.46
August,4,14:30,272,6,0.021807,347.12,613,8,0.013128,361.77,1216,24,0.019826,375.32,633,11,0.017154,341.34
August,4,15:00,273,7,0.027359,346.82,615,6,0.010403,362.85,1216,14,0.011274,374.41,633,9,0.014212,343.03
August,4,15:30,275,8,0.028288,349.95,616,5,0.007456,362.9,1213,6,0.005282,375.49,625,11,0.016801,345.6
August,4,16:00,269,2,0.00897,349.58,619,4,0.006481,367.15,1208,6,0.005293,373.31,624,8,0.012711,350.54
August,4,16:30,261,1,0.003476,345.77,606,5,0.00776,370.81,1175,6,0.005476,373.94,614,9,0.014817,354.32
August,4,17:00,236,2,0.009369,348.16,578,4,0.007122,369.74,1111,6,0.005263,373.84,589,8,0.013088,353.87
August,4,17:30,213,1,0.003743,342.47,547,4,0.007492,372.71,1026,9,0.008953,373.39,551,7,0.012164,346.04
August,4,18:00,175,0,0.000213,340.47,488,6,0.01174,371.94,932,10,0.01067,373.48,490,5,0.009323,348.05
August,4,18:30,151,0,2e-06,350.11,450,8,0.016924,370.3,822,8,0.009208,377.39,432,4,0.009986,348.0
August,4,19:00,106,0,2e-06,350.2,403,6,0.01488,368.39,725,11,0.014589,380.9,394,8,0.021536,341.59
August,4,19:30,81,0,0.000404,348.99,372,6,0.017337,358.96,649,11,0.016673,379.16,365,15,0.039806,343.12
August,4,20:00,61,1,0.012755,346.17,330,9,0.028498,355.14,563,11,0.01993,376.29,319,13,0.042268,339.24
August,4,20:30,49,4,0.079539,350.81,274,6,0.022207,351.53,476,5,0.010776,370.01,270,7,0.027705,338.32
August,4,21:00,39,6,0.156543,346.49,223,4,0.018436,346.25,399,1,0.002107,364.26,224,6,0.026655,338.85
August,4,21:30,30,2,0.071307,332.3,183,1,0.006528,350.0,336,0,9.9e-05,356.72,186,3,0.015457,346.11
August,4,22:00,23,3,0.139289,334.65,144,0,0.000378,345.36,267,0,1e-06,351.01,152,1,0.003514,341.38
August,4,22:30,17,9,0.515984,343.78,112,0,3e-06,335.56,208,0,0.0,343.09,127,0,0.00325,343.79
August,4,23:00,14,3,0.222289,337.17,85,0,0.0,316.89,161,0,0.0,341.98,101,1,0.010765,348.63
August,4,23:30,11,0,0.013881,340.84,67,0,0.0,306.99,129,0,0.0,353.78,79,0,0.005186,336.9
August,5,0:00,5,0,0.0,377.05,34,0,0.0,318.75,75,0,0.0,352.03,47,0,0.0,328.26
August,5,0:30,4,0,0.0,313.55,25,0,0.0,324.16,57,0,0.0,350.5,36,0,0.0,354.26
August,5,1:00,3,0,0.0,298.32,14,0,0.0,337.05,41,0,0.0,342.46,27,0,0.0,375.8
August,5,1:30,2,0,0.0,287.03,7,0,0.0,342.2,30,0,0.0,313.61,20,0,0.0,360.11
August,5,2:00,2,0,0.0,319.85,5,0,0.0,351.41,22,0,0.0,301.2,14,0,0.0,330.94
August,5,2:30,2,0,0.0,258.69,4,0,0.0,377.26,18,0,0.0,293.3,10,0,0.0,323.74
August,5,3:00,2,0,0.0,254.53,4,0,0.0,328.28,14,0,0.0,297.3,4,0,0.0,331.25
August,5,3:30,2,0,0.0,263.39,3,0,0.0,256.94,13,0,0.0,310.43,1,0,0.0,295.16
August,5,4:00,2,0,0.0,261.8,3,0,0.0,228.86,12,0,0.0,311.78,1,0,0.0,226.44
August,5,4:30,2,0,0.0,281.07,3,0,0.0,221.06,12,0,0.0,293.77,1,0,0.0,199.95
August,5,5:00,2,0,0.0,244.73,3,0,0.000168,227.88,14,0,0.0,297.31,1,0,0.0,220.66
August,5,5:30,2,0,0.0,223.57,3,0,0.021306,293.47,19,0,0.0,296.89,3,0,0.0,267.58
August,5,6:00,3,0,0.0,248.94,5,2,0.287345,300.06,31,0,0.0,268.34,13,0,0.0,245.76
August,5,6:30,5,0,0.0,221.72,10,4,0.417485,306.67,52,0,0.0,257.23,24,0,0.0,249.92
August,5,7:00,9,0,3.1e-05,254.75,29,2,0.054489,290.29,93,0,0.0,270.49,44,0,0.0,278.38
August,5,7:30,20,0,0.002409,293.08,50,0,0.002116,292.22,155,0,0.0,283.3,75,0,0.0,288.49
August,5,8:00,50,1,0.020957,292.79,94,1,0.00735,300.9,270,0,1e-06,303.23,127,0,1e-06,290.41
August,5,8:30,88,4,0.041277,310.35,149,2,0.012925,316.96,403,0,0.000136,318.77,191,0,0.00011,295.15
August,5,9:00,130,4,0.028831,327.88,217,1,0.003188,324.29,577,1,0.002119,329.32,273,0,0.001784,303.0
August,5,9:30,171,2,0.014521,331.83,280,0,0.000573,333.67,726,5,0.00641,337.23,339,2,0.006698,314.21
August,5,10:00,202,1,0.003299,332.38,336,3,0.008187,339.69,847,9,0.010194,342.57,402,6,0.015275,322.79
August,5,10:30,224,1,0.002818,333.02,376,8,0.021557,347.62,948,15,0.015336,349.62,449,12,0.025665,327.72
August,5,11:00,238,2,0.007099,336.51,421,7,0.017409,353.04,1018,13,0.012325,354.32,489,10,0.020813,335.14
August,5,11:30,248,1,0.004294,337.39,452,11,0.024801,355.86,1051,13,0.01198,355.96,520,9,0.016939,335.46
August,5,12:00,252,2,0.008671,337.31,484,7,0.015052,362.24,1057,21,0.019539,358.43,540,8,0.01538,336.21
August,5,12:30,254,3,0.012595,332.9,502,6,0.011574,365.7,1063,24,0.022491,362.12,547,11,0.020462,336.48
August,5,13:00,254,1,0.00403,336.85,523,4,0.00808,365.78,1064,13,0.011778,363.36,547,11,0.019323,337.28
August,5,13:30,254,0,0.000186,342.31,537,9,0.015871,361.49,1064,9,0.008379,366.13,544,10,0.018055,339.34
August,5,14:00,259,0,1e-06,341.29,554,8,0.014858,360.06,1078,9,0.00875,368.74,557,9,0.015913,338.18
August,5,14:30,262,0,0.0,345.27,565,5,0.008363,362.47,1081,11,0.009998,372.28,557,6,0.010854,337.25
August,5,15:00,261,0,0.0,348.27,563,4,0.007246,360.04,1074,8,0.007373,371.46,555,4,0.008003,339.06
August,5,15:30,262,0,0.0,343.03,556,5,0.009349,359.59,1064,6,0.005423,371.96,560,4,0.007734,339.4
August,5,16:00,263,0,0.0,345.89,554,6,0.010932,366.28,1056,5,0.00498,371.14,564,4,0.007039,343.02
August,5,16:30,251,0,0.0,346.19,538,5,0.01021,368.74,1037,5,0.005139,368.9,546,4,0.008125,344.17
August,5,17:00,222,0,0.0,342.6,511,6,0.011663,370.83,982,7,0.007247,371.1,511,3,0.006297,341.72
August,5,17:30,193,0,0.0,339.18,493,6,0.012369,370.18,921,10,0.010936,369.83,485,2,0.00456,343.77
August,5,18:00,173,0,0.0,339.17,450,7,0.014685,365.38,850,12,0.013689,367.59,444,3,0.006124,347.88
August,5,18:30,147,0,2e-06,343.44,407,5,0.012096,361.95,741,7,0.009466,366.66,390,2,0.004557,345.67
August,5,19:00,101,0,0.000469,353.03,362,5,0.014909,358.75,665,5,0.007124,365.9,355,3,0.007965,341.73
August,5,19:30,75,1,0.014047,347.75,330,6,0.018028,357.67,589,5,0.007916,364.33,324,6,0.017682,344.44
August,5,20:00,58,4,0.067705,350.27,286,10,0.035507,351.77,502,5,0.010436,365.46,286,5,0.017999,341.27
August,5,20:30,50,5,0.095001,351.16,244,9,0.03493,345.79,437,3,0.007681,363.12,246,3,0.011181,335.98
August,5,21:00,38,3,0.076303,341.55,201,4,0.018124,343.29,369,1,0.002159,361.7,203,1,0.004976,342.32
August,5,21:30,28,1,0.027304,321.04,168,1,0.004092,344.76,306,0,0.001046,360.38,175,0,0.001112,350.43
August,5,22:00,22,2,0.094337,307.46,133,0,0.000215,347.55,250,1,0.004131,355.33,142,0,0.001202,350.93
August,5,22:30,15,6,0.414749,304.43,104,0,2e-06,340.59,198,1,0.005198,348.87,116,0,0.003893,345.53
August,5,23:00,12,4,0.309341,326.48,79,0,0.0,328.43,151,0,0.001896,344.83,90,0,0.001812,346.51
August,5,23:30,9,1,0.079472,322.49,61,0,0.0,308.83,118,0,0.000109,344.15,74,0,0.000103,348.5
August,6,0:00,4,0,0.0,269.73,36,0,0.0,318.22,75,0,0.0,352.02,43,0,0.0,332.64
August,6,0:30,3,0,0.0,274.16,25,0,0.0,313.55,56,0,0.0,348.01,34,0,0.0,346.21
August,6,1:00,2,0,0.0,305.13,13,0,0.0,305.04,39,0,0.0,352.94,25,0,0.0,339.55
August,6,1:30,2,0,0.0,308.63,7,0,0.0,315.9,28,0,0.0,347.49,18,0,0.0,338.81
August,6,2:00,2,0,0.0,310.44,5,0,0.0,340.15,21,0,0.0,322.03,12,0,0.0,355.94
August,6,2:30,2,0,0.0,314.46,4,0,0.0,352.29,17,0,0.0,309.42,9,0,0.0,372.18
August,6,3:00,2,0,0.0,304.28,3,0,0.0,358.97,13,0,0.0,318.53,3,0,0.0,371.25
August,6,3:30,1,0,0.0,252.28,3,0,0.0,308.33,12,0,0.0,347.84,1,0,0.0,335.31
August,6,4:00,1,0,0.0,222.97,3,0,0.0,294.32,12,0,0.0,349.66,1,0,0.0,363.81
August,6,4:30,1,0,0.0,236.84,3,0,0.0,285.62,13,0,0.0,329.54,1,0,0.0,395.45
August,6,5:00,1,0,0.0,267.31,3,0,0.000115,304.65,14,0,0.0,301.71,1,0,8.7e-05,346.9
August,6,5:30,2,0,0.0,277.9,3,0,0.01567,328.95,20,0,0.0,273.48,3,0,0.004516,269.73
August,6,6:00,2,0,5.7e-05,259.81,5,1,0.211211,325.48,31,0,0.0,264.15,13,0,0.023358,255.64
August,6,6:30,4,0,0.005879,271.53,10,3,0.330866,279.53,53,0,0.0,264.39,25,1,0.034391,269.86
August,6,7:00,8,1,0.060641,302.85,27,3,0.095512,258.08,96,0,2e-06,279.38,45,0,0.006921,259.14
August,6,7:30,18,2,0.110235,320.42,48,4,0.086883,292.52,161,0,0.000239,288.72,78,0,0.000186,275.73
August,6,8:00,45,5,0.103683,311.66,88,2,0.0271,306.27,276,1,0.003202,300.82,131,0,5.1e-05,296.07
August,6,8:30,78,9,0.120575,336.53,138,3,0.018882,313.67,403,4,0.009657,315.97,193,0,0.000862,299.72
August,6,9:00,116,8,0.072213,336.01,203,1,0.006498,320.5,567,8,0.013272,327.3,277,1,0.003844,297.97
August,6,9:30,144,6,0.039108,337.12,260,3,0.011101,326.8,711,9,0.013127,333.06,334,3,0.010426,309.14
August,6,10:00,168,3,0.016572,334.7,310,11,0.034307,333.83,821,10,0.011818,336.2,390,9,0.023801,317.24
August,6,10:30,190,1,0.003166,334.35,342,18,0.051654,345.68,914,17,0.018455,345.63,427,15,0.035742,325.81
August,6,11:00,202,0,0.000408,334.72,385,9,0.023492,352.4,969,13,0.012974,351.8,466,8,0.018066,329.04
August,6,11:30,210,1,0.005892,333.24,419,9,0.022406,354.29,994,8,0.007656,354.91,489,6,0.012638,330.63
August,6,12:00,210,4,0.018967,343.66,451,5,0.01105,355.48,1007,13,0.012775,354.88,502,6,0.011373,330.19
August,6,12:30,210,3,0.014271,342.07,463,6,0.012813,355.59,1015,23,0.022745,357.66,511,6,0.012035,329.1
August,6,13:00,213,1,0.003308,340.34,475,6,0.01318,348.59,1014,12,0.012296,356.68,516,6,0.010905,332.78
August,6,13:30,212,0,0.000145,338.79,486,6,0.012705,350.57,1012,8,0.008076,356.19,524,4,0.006832,329.97
August,6,14:00,212,0,2e-06,339.66,496,4,0.009053,354.42,1014,9,0.0085,358.17,536,3,0.004914,330.99
August,6,14:30,214,0,0.000105,343.87,501,6,0.012059,358.95,1018,10,0.009657,360.56,534,4,0.007127,340.09
August,6,15:00,213,0,0.002259,342.61,502,4,0.00874,356.59,1007,8,0.008374,364.21,532,4,0.007214,344.88
August,6,15:30,213,1,0.006286,346.87,503,4,0.008492,355.48,999,9,0.009371,369.12,529,6,0.010535,342.85
August,6,16:00,209,0,0.0023,351.84,498,4,0.007929,354.8,986,6,0.005881,368.63,521,6,0.012217,340.53
August,6,16:30,200,0,0.000113,349.46,482,2,0.005092,356.75,949,5,0.005012,366.39,510,5,0.008936,339.32
August,6,17:00,182,0,1e-06,346.45,461,1,0.002725,358.24,899,7,0.008176,364.33,491,5,0.010735,335.34
August,6,17:30,161,0,0.0,338.5,440,4,0.008169,356.7,842,10,0.011496,365.67,457,5,0.01095,338.21
August,6,18:00,142,0,0.0,339.93,401,6,0.015282,354.38,767,8,0.010305,371.4,410,4,0.010583,334.0
August,6,18:30,120,0,0.0,358.78,358,3,0.008849,354.44,686,6,0.008802,371.52,367,5,0.012441,336.36
August,6,19:00,82,0,0.0,358.1,324,4,0.013122,355.42,615,6,0.009834,363.25,338,6,0.01813,338.05
August,6,19:30,61,0,2e-06,344.43,295,5,0.018636,357.08,540,6,0.010636,357.32,305,7,0.022424,345.13
August,6,20:00,48,0,0.000474,326.3,260,6,0.021555,354.42,465,4,0.008573,358.4,271,7,0.025165,341.51
August,6,20:30,40,0,0.01209,319.41,221,3,0.011468,347.61,400,3,0.008383,360.28,232,6,0.023975,332.58
August,6,21:00,31,1,0.042528,321.9,180,2,0.013629,344.95,338,1,0.002991,359.89,195,8,0.04142,335.11
August,6,21:30,24,0,0.020398,320.16,150,1,0.005734,342.99,281,0,0.000164,355.72,167,5,0.028975,334.79
August,6,22:00,18,0,0.016157,316.54,120,0,0.000336,325.25,228,0,1e-06,349.99,134,1,0.007392,333.56
August,6,22:30,13,1,0.058055,311.66,94,0,3e-06,321.75,180,0,0.0,335.12,111,0,0.000376,331.74
August,6,23:00,11,0,0.02485,321.31,71,0,0.0,316.94,139,0,0.0,334.53,86,0,3e-06,324.98
August,6,23:30,9,0,0.001494,293.31,57,0,0.0,315.72,112,0,0.0,335.13,70,0,0.0,316.49
August,7,0:00,5,0,0.0,338.07,34,0,0.0,306.84,73,0,0.0,337.08,42,0,0.0,348.17
August,7,0:30,4,0,0.0,342.15,24,0,0.0,294.99,58,0,0.0,332.26,33,0,0.0,355.66
August,7,1:00,3,0,0.0,329.79,12,0,0.0,290.74,43,0,0.0,333.26,24,0,0.0,355.11
August,7,1:30,2,0,0.0,325.11,8,0,0.0,322.65,30,0,0.0,322.27,19,0,0.0,334.97
August,7,2:00,2,0,0.0,283.72,5,0,0.0,375.29,21,0,0.0,264.57,14,0,0.0,314.99
August,7,2:30,1,0,0.0,298.14,4,0,0.0,379.63,17,0,0.0,228.87,9,0,0.0,300.05
August,7,3:00,1,0,0.0,336.67,3,0,0.0,330.38,13,0,0.0,288.31,3,0,0.0,315.91
August,7,3:30,2,0,0.0,307.58,3,0,0.0,354.98,13,0,0.0,324.13,1,0,0.0,360.33
August,7,4:00,2,0,0.0,283.17,3,0,0.0,342.84,12,0,0.0,298.29,1,0,0.0,340.83
August,7,4:30,1,0,0.0,298.35,2,0,0.0,304.97,12,0,0.0,278.38,1,0,0.0,288.36
August,7,5:00,1,0,0.000317,255.77,3,0,0.00015,268.86,15,0,1.1e-05,267.33,1,0,0.000187,288.83
August,7,5:30,2,0,0.035652,273.4,4,0,0.018569,265.65,21,0,0.001258,275.37,3,0,0.010635,375.58
August,7,6:00,3,2,0.528821,276.51,5,1,0.272282,271.43,34,1,0.01674,275.32,13,1,0.055263,295.82
August,7,6:30,5,5,1.0,297.08,9,4,0.421825,339.23,57,2,0.028076,269.76,23,2,0.082563,270.0
August,7,7:00,9,6,0.626224,321.78,25,2,0.090754,310.25,97,1,0.012409,270.78,42,1,0.016705,276.26
August,7,7:30,19,4,0.189383,310.37,44,2,0.055404,300.96,158,2,0.01166,280.61,74,0,0.000445,267.46
August,7,8:00,47,2,0.035917,308.57,83,2,0.019606,313.69,269,1,0.004256,303.54,128,0,0.000235,277.08
August,7,8:30,82,2,0.027981,326.05,131,2,0.016952,322.25,393,2,0.005173,314.26,190,1,0.003684,294.89
August,7,9:00,116,1,0.00721,334.3,194,2,0.008152,322.64,543,4,0.006675,323.53,258,3,0.012826,303.64
August,7,9:30,147,1,0.004208,330.94,245,2,0.009634,328.46,683,6,0.008874,331.96,314,6,0.01965,312.17
August,7,10:00,174,2,0.012953,326.39,296,2,0.007598,334.73,799,10,0.012034,341.53,369,8,0.021172,318.85
August,7,10:30,201,3,0.012794,330.87,337,5,0.016027,346.19,884,15,0.017088,350.43,408,10,0.024418,321.93
August,7,11:00,215,1,0.003521,332.62,370,9,0.025195,351.44,937,16,0.017538,354.45,442,6,0.0131,327.92
August,7,11:30,222,0,0.000155,334.99,405,14,0.035756,348.35,965,15,0.015614,356.81,456,3,0.007309,330.57
August,7,12:00,226,0,1e-06,334.65,433,12,0.026646,351.28,971,13,0.013133,358.28,469,4,0.00913,326.88
August,7,12:30,226,0,0.0,329.67,441,11,0.025251,356.8,977,19,0.019852,360.38,476,7,0.015635,325.55
August,7,13:00,223,0,0.0,335.21,450,11,0.025382,352.58,970,19,0.019119,361.32,478,10,0.02036,329.05
August,7,13:30,225,0,1e-06,341.92,463,16,0.035602,349.51,967,11,0.01118,358.93,485,10,0.020025,328.2
August,7,14:00,228,0,0.000191,343.9,481,11,0.022976,353.0,974,16,0.016384,361.47,501,12,0.024829,330.82
August,7,14:30,229,1,0.004366,346.88,485,9,0.017802,356.18,980,32,0.032543,364.88,504,10,0.019623,336.62
August,7,15:00,230,4,0.018528,350.47,478,6,0.013487,359.51,973,15,0.014945,364.45,497,7,0.013531,340.98
August,7,15:30,228,6,0.027973,350.66,477,6,0.013209,360.52,974,6,0.006046,365.1,495,6,0.011452,338.53
August,7,16:00,227,4,0.017636,348.78,471,5,0.010582,358.11,956,6,0.006714,366.76,496,4,0.007307,336.1
August,7,16:30,220,1,0.004189,346.15,459,4,0.008673,355.62,918,7,0.007826,368.71,478,2,0.005017,339.97
August,7,17:00,197,0,0.002266,345.59,439,2,0.004549,357.71,870,6,0.007297,366.34,452,3,0.00629,339.63
August,7,17:30,169,1,0.006663,345.41,417,4,0.008847,358.05,813,9,0.010512,364.38,420,3,0.00601,337.55
August,7,18:00,150,0,0.002713,345.14,389,6,0.014377,356.22,736,8,0.010918,367.12,384,2,0.004948,340.99
August,7,18:30,127,0,0.00015,343.24,353,5,0.014024,356.13,657,8,0.011591,369.55,347,4,0.010776,336.07
August,7,19:00,89,0,3e-06,344.07,318,5,0.015332,352.52,583,14,0.024102,368.08,319,8,0.026008,332.43
August,7,19:30,67,0,0.000409,332.07,287,5,0.016037,356.75,522,23,0.043323,372.34,288,13,0.044594,332.77
August,7,20:00,52,1,0.01116,336.15,248,4,0.015948,360.4,454,16,0.034241,367.75,259,10,0.038926,326.89
August,7,20:30,43,2,0.037415,342.51,213,1,0.005364,349.82,393,9,0.023768,362.21,222,6,0.024974,329.31
August,7,21:00,33,1,0.017634,324.39,176,0,0.000504,348.07,326,3,0.007682,361.28,183,5,0.025741,330.56
August,7,21:30,25,0,0.002621,325.63,144,1,0.005514,344.9,269,0,0.000419,360.06,160,2,0.014402,329.18
August,7,22:00,20,1,0.041236,316.04,115,2,0.019104,335.77,221,0,3e-06,346.32,127,3,0.020091,335.13
August,7,22:30,14,2,0.156399,316.67,91,1,0.008676,327.37,172,0,0.0,340.32,102,1,0.011284,323.82
August,7,23:00,12,1,0.069541,331.54,69,0,0.000541,326.75,133,0,0.0,341.13,79,0,0.001852,324.01
August,7,23:30,9,0,0.004179,353.01,53,0,4e-06,317.02,107,0,0.0,338.05,66,0,8e-05,333.95
August,8,0:00,6,0,0.0,411.49,33,0,0.0,317.37,72,0,0.0,357.85,41,0,0.0,338.2
August,8,0:30,5,0,0.0,364.47,25,0,0.0,332.37,55,0,0.0,338.24,33,0,0.0,332.99
August,8,1:00,4,0,0.0,309.85,14,0,0.0,358.87,40,0,0.0,332.03,24,0,0.0,346.08
August,8,1:30,3,0,0.0,249.61,9,0,0.0,300.51,30,0,0.0,323.99,18,0,0.0,322.64
August,8,2:00,3,0,0.0,256.06,6,0,0.0,318.92,21,0,0.0,324.17,14,0,0.0,333.06
August,8,2:30,2,0,0.0,272.26,4,0,0.0,342.17,17,0,0.0,341.98,9,0,0.0,342.32
August,8,3:00,2,0,0.0,213.55,4,0,0.0,377.44,13,0,0.0,363.19,4,0,0.0,346.73
August,8,3:30,2,0,0.0,200.09,3,0,0.0,372.04,13,0,0.0,369.77,2,0,0.0,295.23
August,8,4:00,2,0,0.0,237.53,3,0,0.0,303.43,13,0,0.0,331.37,1,0,0.0,326.49
August,8,4:30,2,0,0.0,257.23,3,0,1e-05,247.51,14,0,0.0,325.85,1,0,0.0,333.65
August,8,5:00,2,0,0.000183,259.07,3,0,0.00187,261.21,16,0,7e-06,320.26,1,0,0.000128,323.06
August,8,5:30,2,0,0.024259,245.26,3,0,0.062879,287.15,20,0,0.000955,312.31,3,0,0.007925,277.81
August,8,6:00,3,1,0.437396,245.56,5,2,0.455491,301.74,32,0,0.012874,288.78,12,0,0.042753,260.52
August,8,6:30,4,4,1.0,293.08,10,6,0.577186,319.66,53,1,0.022154,274.72,24,1,0.057023,268.71
August,8,7:00,10,6,0.58169,311.49,29,3,0.096966,286.7,91,1,0.011102,273.47,44,1,0.014867,275.17
August,8,7:30,19,3,0.157979,312.11,50,2,0.048326,282.55,154,2,0.011529,275.03,76,1,0.009452,286.48
August,8,8:00,47,1,0.013301,302.43,92,2,0.017053,293.25,263,1,0.003493,290.24,130,1,0.009169,287.76
August,8,8:30,83,0,0.000319,309.83,134,3,0.021299,313.16,386,0,0.001095,308.7,188,1,0.00798,292.46
August,8,9:00,121,0,2e-06,320.18,195,4,0.018839,331.15,543,2,0.003595,315.85,260,3,0.009671,303.07
August,8,9:30,153,0,9.7e-05,328.06,242,3,0.012553,337.96,680,5,0.00757,319.91,323,5,0.014436,312.0
August,8,10:00,177,0,0.001797,335.48,299,3,0.009158,343.78,785,9,0.010867,330.71,378,6,0.015373,314.47
August,8,10:30,207,1,0.004249,337.92,338,6,0.017362,344.84,870,13,0.015422,339.51,415,8,0.01858,325.37
August,8,11:00,222,0,0.001608,338.0,376,11,0.028076,349.25,920,10,0.01135,346.27,445,7,0.015483,330.55
August,8,11:30,232,1,0.003664,336.01,411,16,0.037758,357.38,952,13,0.013345,347.93,467,6,0.012473,329.31
August,8,12:00,238,2,0.009804,334.33,446,12,0.027875,360.09,963,19,0.019217,347.93,477,5,0.010961,329.35
August,8,12:30,238,1,0.004841,342.95,457,13,0.028795,362.16,965,17,0.017763,351.4,486,4,0.009124,337.7
August,8,13:00,239,1,0.003856,349.09,471,13,0.027612,354.71,962,11,0.01092,358.28,490,4,0.008928,340.92
August,8,13:30,241,0,0.001419,346.45,483,14,0.029444,352.79,960,10,0.01033,358.91,499,6,0.012486,338.83
August,8,14:00,242,1,0.002297,344.54,503,17,0.034572,359.12,967,11,0.011067,359.08,510,9,0.01689,335.93
August,8,14:30,247,2,0.009328,344.24,511,17,0.034252,360.73,965,12,0.012117,358.73,508,10,0.019119,338.77
August,8,15:00,246,4,0.018246,340.23,509,10,0.019106,362.84,960,15,0.01535,357.99,504,7,0.01451,342.39
August,8,15:30,247,6,0.022263,344.95,503,8,0.016221,361.99,955,17,0.017615,358.78,502,7,0.013757,340.77
August,8,16:00,242,2,0.007087,348.25,500,8,0.016746,367.4,939,9,0.009685,359.85,514,5,0.009157,341.13
August,8,16:30,228,0,0.000345,349.86,487,8,0.016603,364.37,902,6,0.006136,359.14,497,4,0.007986,339.47
August,8,17:00,201,0,3e-06,347.02,467,8,0.016784,359.44,850,6,0.00697,359.75,462,3,0.006436,343.49
August,8,17:30,177,0,8.4e-05,343.32,440,9,0.02135,361.17,782,6,0.007505,361.28,420,2,0.005121,336.7
August,8,18:00,158,0,0.002017,347.35,396,11,0.026858,364.29,694,5,0.006871,363.56,380,2,0.004043,333.87
August,8,18:30,131,1,0.00673,362.99,355,7,0.021067,357.75,625,4,0.00643,362.78,341,3,0.007903,336.16
August,8,19:00,91,0,0.00349,364.57,321,9,0.029082,353.7,553,4,0.007904,356.46,309,5,0.014644,337.35
August,8,19:30,67,0,0.000224,351.16,286,7,0.024248,345.78,486,4,0.008277,357.58,275,5,0.016622,337.57
August,8,20:00,51,0,2e-06,343.81,246,5,0.020814,350.08,414,5,0.011308,354.56,236,3,0.014289,331.63
August,8,20:30,41,0,0.0,334.77,217,4,0.01761,352.87,354,2,0.005031,349.39,206,4,0.018928,324.83
August,8,21:00,31,0,1e-05,337.57,182,3,0.014334,345.17,295,0,0.000612,350.43,171,8,0.044602,333.33
August,8,21:30,23,0,0.002092,326.94,148,3,0.019851,336.42,241,0,2.4e-05,348.22,147,6,0.040783,340.18
August,8,22:00,20,1,0.054918,333.0,117,1,0.008207,334.73,197,0,0.0,346.04,117,2,0.015348,330.32
August,8,22:30,14,3,0.241377,353.23,95,0,0.000468,327.58,156,0,0.0,344.14,96,0,0.002045,315.77
August,8,23:00,11,3,0.231931,322.01,71,0,4e-06,336.75,121,0,0.0,334.79,76,0,8.8e-05,311.36
August,8,23:30,9,1,0.070582,258.21,58,0,0.0,345.55,97,0,0.0,319.68,62,0,1e-06,312.65
August,9,0:00,6,0,0.0,343.18,34,0,0.01063,307.38,65,0,0.0,323.38,42,0,0.0,319.82
August,9,0:30,5,0,0.0,350.44,24,0,0.004177,335.88,51,0,0.0,325.32,30,0,0.0,326.06
August,9,1:00,3,0,0.0,274.19,11,0,0.000406,343.45,38,0,0.0,333.46,23,0,0.0,320.0
August,9,1:30,2,0,0.0,218.22,6,0,5e-06,296.49,30,0,0.0,326.63,16,0,0.0,314.06
August,9,2:00,1,0,0.0,281.6,5,0,0.0,288.99,20,0,0.0,319.75,11,0,0.0,308.66
August,9,2:30,1,0,0.0,295.65,3,0,0.0,296.44,15,0,0.0,328.88,7,0,0.0,325.45
August,9,3:00,1,0,0.0,278.04,3,0,0.0,268.07,12,0,0.0,312.38,3,0,0.0,347.22
August,9,3:30,1,0,0.0,239.43,3,0,0.0,205.03,12,0,0.0,301.97,1,0,0.0,315.18
August,9,4:00,1,0,0.0,247.61,2,0,0.0,247.91,11,0,0.0,336.55,0,0,0.0,385.58
August,9,4:30,1,0,0.0,247.4,3,0,0.0,301.02,11,0,0.0,345.91,0,0,0.0,380.9
August,9,5:00,1,0,0.0,276.51,3,0,3.1e-05,277.62,12,0,0.0,367.48,1,0,0.0,293.29
August,9,5:30,1,0,0.0,221.19,3,0,0.005103,297.85,14,0,0.0,323.34,2,0,0.0,261.7
August,9,6:00,2,0,0.0,246.82,4,0,0.082279,345.3,21,0,4e-06,294.6,9,0,8e-06,253.38
August,9,6:30,3,0,0.0,279.08,7,1,0.131691,333.24,36,0,0.0004,277.09,16,0,0.000736,263.97
August,9,7:00,6,0,0.0,264.02,13,0,0.024267,305.13,63,0,0.004926,264.58,27,0,0.009019,278.86
August,9,7:30,11,0,0.0,284.93,20,0,0.000729,315.14,103,1,0.008293,265.25,45,1,0.015243,294.59
August,9,8:00,28,0,0.0,272.71,35,0,0.000428,313.21,171,0,0.001908,277.38,75,0,0.003419,293.77
August,9,8:30,44,0,2e-06,282.37,54,0,0.00619,314.15,246,1,0.002044,294.71,113,0,0.002644,289.72
August,9,9:00,66,0,0.000185,282.97,113,1,0.012629,304.37,346,3,0.009347,301.26,160,1,0.009165,293.18
August,9,9:30,81,0,0.003253,282.59,155,2,0.015466,311.53,423,7,0.016431,312.69,202,3,0.015558,289.28
August,9,10:00,99,1,0.007497,291.97,190,3,0.01826,319.8,515,5,0.009879,320.43,240,5,0.019517,294.97
August,9,10:30,123,1,0.005689,297.2,225,5,0.024183,330.29,583,6,0.009463,329.25,281,7,0.024448,303.44
August,9,11:00,137,2,0.01458,299.36,261,6,0.021226,333.66,625,7,0.011102,333.39,318,6,0.017323,310.94
August,9,11:30,143,4,0.02734,299.5,289,6,0.020254,335.51,641,9,0.014538,338.39,332,3,0.008768,313.93
August,9,12:00,153,6,0.041082,307.02,301,5,0.017682,334.04,652,10,0.015576,339.69,344,3,0.007611,317.64
August,9,12:30,159,8,0.052258,308.5,312,9,0.02803,337.73,653,11,0.016153,339.52,352,4,0.011352,316.19
August,9,13:00,160,4,0.023707,315.04,324,11,0.03522,338.38,647,9,0.014523,342.0,356,5,0.014293,315.78
August,9,13:30,157,1,0.007567,319.83,337,13,0.038576,337.01,649,11,0.016765,343.97,357,6,0.017716,313.01
August,9,14:00,154,2,0.01471,320.96,348,12,0.035919,340.19,651,10,0.015756,344.4,357,8,0.021411,315.54
August,9,14:30,153,2,0.014999,318.57,348,9,0.025008,343.71,640,5,0.007531,343.34,358,11,0.031397,317.02
August,9,15:00,150,1,0.004316,316.04,342,5,0.013663,337.01,610,1,0.001507,344.88,350,7,0.018761,308.99
August,9,15:30,148,0,0.000199,323.79,336,4,0.012161,333.24,591,0,0.0006,342.63,335,3,0.009813,307.18
August,9,16:00,146,0,0.0002,325.17,333,4,0.011184,343.17,572,1,0.001856,343.95,321,3,0.007905,315.4
August,9,16:30,135,1,0.004668,308.86,317,3,0.008679,350.21,535,1,0.002627,342.95,300,2,0.006308,315.23
August,9,17:00,124,2,0.016178,316.46,304,2,0.007327,348.0,506,2,0.003787,344.6,280,2,0.006355,315.98
August,9,17:30,108,1,0.013275,325.57,287,3,0.011279,349.86,485,1,0.002389,344.39,263,1,0.004016,317.4
August,9,18:00,97,1,0.006022,330.49,259,5,0.019967,352.34,452,2,0.004006,343.82,240,1,0.003462,321.49
August,9,18:30,82,1,0.008994,335.73,236,5,0.019759,349.52,411,2,0.004706,346.52,216,0,0.00174,330.26
August,9,19:00,65,0,0.004036,329.18,209,3,0.015107,343.07,372,3,0.006985,345.77,202,0,0.001737,328.81
August,9,19:30,50,0,0.000247,324.13,186,4,0.022088,335.46,333,3,0.010483,343.82,181,0,0.000715,324.18
August,9,20:00,40,0,2e-06,304.27,163,7,0.043258,332.71,300,3,0.010462,344.27,157,0,0.001128,312.9
August,9,20:30,33,0,0.0,292.32,143,4,0.030305,320.15,252,2,0.006511,342.36,142,1,0.007232,306.77
August,9,21:00,25,0,0.0,305.16,118,3,0.028574,315.31,212,1,0.006086,341.3,119,2,0.016058,308.35
August,9,21:30,18,0,0.0,325.83,100,2,0.019208,319.17,175,0,0.002301,335.98,100,1,0.006419,312.46
August,9,22:00,13,0,0.0,356.24,80,1,0.013869,316.83,146,0,0.000127,326.11,87,0,0.000341,310.51
August,9,22:30,9,0,0.0,329.76,64,1,0.009492,315.02,120,0,1e-06,320.85,73,0,2e-06,310.17
August,9,23:00,8,0,0.0,324.4,50,1,0.017121,299.23,94,0,0.0,318.61,58,0,0.0,304.02
August,9,23:30,6,0,0.0,283.72,40,0,0.007882,298.69,82,0,0.0,315.77,49,0,0.0,290.86
August,10,0:00,3,0,0.0,327.84,32,0,0.0,281.18,54,0,0.0,310.55,36,0,0.0,295.39
August,10,0:30,3,0,0.0,343.42,23,0,0.0,286.39,43,0,0.0,318.45,26,0,0.0,294.81
August,10,1:00,2,0,0.0,342.88,11,0,0.0,318.51,33,0,0.0,296.19,20,0,0.0,324.96
August,10,1:30,2,0,0.0,319.01,7,0,0.0,334.9,26,0,0.0,288.72,15,0,0.0,349.18
August,10,2:00,1,0,0.0,241.71,5,0,0.0,347.24,19,0,0.0,301.91,11,0,0.0,349.06
August,10,2:30,1,0,0.0,280.83,3,0,0.0,298.61,14,0,0.0,304.96,7,0,0.0,357.94
August,10,3:00,1,0,0.0,335.84,3,0,0.0,302.47,12,0,0.0,324.34,3,0,0.0,338.09
August,10,3:30,1,0,0.0,435.55,2,0,0.0,255.1,10,0,0.0,370.83,1,0,0.0,254.11
August,10,4:00,1,0,0.0,375.84,2,0,0.0,208.14,9,0,0.0,389.73,0,0,0.0,208.33
August,10,4:30,1,0,0.0,264.11,2,0,0.0,321.72,9,0,0.0,359.5,0,0,0.0,248.87
August,10,5:00,2,0,0.0,206.65,2,0,0.0,408.15,10,0,0.0,323.13,1,0,0.0,296.17
August,10,5:30,2,0,0.0,218.75,2,0,0.0,308.6,12,0,0.0,271.02,1,0,0.0,275.06
August,10,6:00,2,0,0.0,246.86,3,0,0.0,258.48,17,0,0.0,261.88,6,0,0.0,230.88
August,10,6:30,2,0,0.0,245.2,4,0,0.0,252.04,27,0,0.0,260.88,11,0,0.0,255.28
August,10,7:00,4,0,0.0,271.82,7,0,0.0,270.14,42,0,0.0,264.8,18,0,0.0,293.12
August,10,7:30,6,0,0.0,294.15,11,0,0.0,283.96,67,0,0.0,267.8,31,0,0.0,299.23
August,10,8:00,12,0,0.0,276.66,19,0,0.0,274.48,105,0,0.0,275.02,47,0,0.0,293.29
August,10,8:30,14,0,0.0,278.02,31,0,0.0,289.05,142,0,0.0,287.13,63,0,6e-06,300.76
August,10,9:00,18,0,0.0,272.2,58,0,0.0,297.15,182,0,0.0,295.49,87,0,0.000672,293.57
August,10,9:30,21,0,0.0,294.51,77,0,0.0,301.99,226,0,0.0,291.94,107,1,0.012788,285.29
August,10,10:00,25,0,0.0,297.94,98,0,4e-06,300.51,280,0,0.0,293.15,127,6,0.049152,296.49
August,10,10:30,31,0,0.0,292.06,111,0,0.000596,305.7,324,0,0.0,299.63,153,10,0.063371,309.74
August,10,11:00,32,0,0.0,294.65,121,1,0.011667,303.9,359,0,3e-06,308.11,167,6,0.033878,305.8
August,10,11:30,36,0,6e-06,299.48,141,4,0.028365,304.96,399,0,0.000386,311.25,179,3,0.015851,303.84
August,10,12:00,50,0,0.000646,298.0,159,3,0.018044,304.09,425,3,0.008168,309.28,192,1,0.006128,302.02
August,10,12:30,62,1,0.011247,298.82,184,5,0.025762,304.58,434,14,0.031952,310.96,194,2,0.012427,300.53
August,10,13:00,73,2,0.026489,300.21,205,5,0.024713,301.28,439,23,0.052297,318.11,197,5,0.026049,306.35
August,10,13:30,76,1,0.009633,299.19,218,7,0.029976,304.76,441,28,0.062639,320.92,203,5,0.023643,306.11
August,10,14:00,79,1,0.010903,303.89,230,4,0.018334,308.81,444,17,0.038004,323.68,205,2,0.011626,306.65
August,10,14:30,80,2,0.028957,306.89,233,1,0.00406,311.73,443,6,0.012464,323.44,205,3,0.015011,306.14
August,10,15:00,79,1,0.017827,307.87,236,0,0.00035,309.86,442,1,0.00198,325.56,204,2,0.010903,309.45
August,10,15:30,80,2,0.020665,302.61,239,1,0.003718,308.48,434,0,8e-05,324.92,206,3,0.016085,308.53
August,10,16:00,80,1,0.007308,295.74,234,3,0.010694,309.24,426,0,0.0,322.26,199,2,0.012097,316.97
August,10,16:30,74,0,0.000368,286.84,225,2,0.007913,309.11,413,0,0.0,326.5,193,4,0.018304,316.18
August,10,17:00,66,0,3e-06,285.61,218,3,0.011592,309.39,395,0,0.0,325.1,187,1,0.006834,318.37
August,10,17:30,59,0,0.0,287.64,207,1,0.006673,306.51,372,0,0.0,319.81,178,0,0.002676,313.79
August,10,18:00,46,0,0.0,301.63,191,2,0.0118,306.7,325,0,0.0,320.46,167,1,0.006965,306.22
August,10,18:30,37,0,0.0,294.25,171,4,0.025918,301.83,302,0,0.0,320.45,156,0,0.002691,303.65
August,10,19:00,29,0,0.0,286.27,154,6,0.038336,297.05,280,0,0.0,322.11,145,0,0.000336,306.82
August,10,19:30,27,0,0.0,282.83,140,4,0.028441,305.77,252,0,0.0,320.49,142,1,0.004371,316.15
August,10,20:00,26,0,0.0,298.03,122,1,0.007835,303.6,231,0,0.0,313.77,130,2,0.0132,314.18
August,10,20:30,23,0,0.0,299.49,107,0,0.000393,299.83,211,0,0.0,315.96,116,1,0.005313,310.51
August,10,21:00,19,0,1.1e-05,307.47,97,0,3e-06,300.55,189,0,0.0,317.93,94,0,0.000309,312.89
August,10,21:30,15,0,0.002213,330.03,84,0,0.0,306.03,163,0,0.0,312.95,84,0,0.000195,317.47
August,10,22:00,13,1,0.056088,298.61,68,0,0.0,301.53,140,0,0.0,312.29,76,0,0.004595,314.33
August,10,22:30,11,2,0.181485,313.0,55,0,0.0,287.66,119,0,0.0,311.1,65,1,0.014779,310.02
August,10,23:00,8,1,0.087901,345.89,43,0,0.0,262.7,95,0,0.0,309.1,53,0,0.006544,318.2
August,10,23:30,7,0,0.004875,305.36,36,0,0.0,263.02,81,0,0.0,306.2,48,0,0.00034,339.27
August,11,0:00,4,0,0.0,362.01,23,0,0.0,357.9,54,0,0.0,334.6,30,0,0.0,319.4
August,11,0:30,3,0,0.0,328.21,19,0,0.0,346.48,45,0,0.0,329.37,24,0,0.0,319.95
August,11,1:00,2,0,0.0,336.44,11,0,0.0,362.65,33,0,0.0,330.16,18,0,0.0,330.37
August,11,1:30,2,0,0.0,343.29,6,0,0.0,339.65,24,0,0.0,332.61,14,0,0.0,317.19
August,11,2:00,2,0,0.0,396.78,5,0,0.0,293.74,17,0,0.0,322.15,10,0,0.0,309.49
August,11,2:30,2,0,0.0,323.33,4,0,0.0,307.45,15,0,0.0,344.48,8,0,0.0,323.29
August,11,3:00,2,0,0.0,235.93,3,0,0.0,340.07,12,0,0.0,339.09,5,0,0.0,341.08
August,11,3:30,2,0,0.0,265.55,3,0,0.0,351.65,10,0,0.0,330.2,4,0,0.0,284.09
August,11,4:00,2,0,0.0,267.0,3,0,0.0,301.25,10,0,0.0,317.97,4,0,0.0,278.82
August,11,4:30,2,0,0.0,202.04,3,0,0.0,267.73,10,0,0.0,303.56,4,0,0.0,251.44
August,11,5:00,2,0,0.0,215.76,3,0,6.4e-05,267.98,11,0,0.0,311.63,4,0,0.0,260.76
August,11,5:30,1,0,0.0,230.4,3,0,0.008464,238.87,15,0,0.0,280.09,5,0,0.0,276.54
August,11,6:00,2,0,0.0,242.9,4,1,0.13474,245.01,26,0,0.0,269.75,11,0,0.0,251.81
August,11,6:30,4,0,0.0,232.67,9,2,0.189811,314.24,44,0,0.0,284.69,20,0,0.0,248.35
August,11,7:00,8,0,0.0,248.81,26,1,0.02286,298.99,80,0,0.0,271.02,36,0,5e-06,265.81
August,11,7:30,17,0,8e-06,300.35,45,0,0.001187,287.53,138,0,2e-06,275.62,63,0,0.000447,272.47
August,11,8:00,45,0,0.000528,311.53,85,1,0.006503,295.29,256,0,0.000141,295.95,114,1,0.005291,274.88
August,11,8:30,85,1,0.00666,322.0,135,2,0.011455,309.36,396,1,0.002088,312.09,178,2,0.010295,285.99
August,11,9:00,131,3,0.022032,322.3,204,1,0.004337,321.12,564,4,0.00636,327.8,271,4,0.015264,296.8
August,11,9:30,169,5,0.027906,330.87,266,2,0.006736,330.44,720,8,0.011033,341.39,341,11,0.032565,308.98
August,11,10:00,202,2,0.007632,336.24,332,6,0.0171,336.98,860,13,0.015622,345.99,407,12,0.029502,317.68
August,11,10:30,229,0,0.000313,333.01,373,11,0.028392,347.05,968,13,0.013141,353.9,459,18,0.038656,321.39
August,11,11:00,240,0,0.000309,338.55,414,9,0.022013,354.89,1045,15,0.014763,362.06,497,13,0.026746,324.43
August,11,11:30,246,2,0.006406,342.86,442,10,0.023525,358.73,1075,25,0.023466,365.93,526,13,0.025071,326.72
August,11,12:00,249,4,0.017725,337.37,477,9,0.018479,358.07,1098,26,0.023396,365.06,552,16,0.028233,330.96
August,11,12:30,253,2,0.009542,327.69,496,11,0.021859,361.6,1099,20,0.018353,366.63,559,17,0.030984,333.9
August,11,13:00,250,2,0.009598,330.52,517,11,0.02052,361.1,1092,17,0.015492,370.12,556,14,0.025697,335.18
August,11,13:30,249,1,0.003665,340.87,532,13,0.023554,354.78,1090,22,0.019893,374.73,564,11,0.020015,329.93
August,11,14:00,254,2,0.006584,342.02,539,9,0.017001,354.86,1106,22,0.019922,376.3,577,10,0.017328,328.36
August,11,14:30,260,6,0.021894,343.74,542,7,0.013127,357.92,1113,22,0.019915,376.21,587,10,0.017133,334.12
August,11,15:00,261,7,0.027449,343.44,544,6,0.010404,358.98,1113,13,0.011327,375.3,588,8,0.014195,335.78
August,11,15:30,263,7,0.028321,346.54,545,4,0.007447,359.03,1111,6,0.005305,376.37,581,10,0.016751,338.29
August,11,16:00,258,2,0.008968,346.18,548,4,0.006472,363.24,1106,6,0.005318,374.19,581,7,0.01267,343.13
August,11,16:30,250,1,0.003472,342.4,536,4,0.007747,366.86,1081,6,0.005477,374.82,569,8,0.014834,346.82
August,11,17:00,227,2,0.009347,344.77,512,4,0.00711,365.8,1021,5,0.005267,374.72,546,7,0.013094,346.38
August,11,17:30,204,1,0.003744,339.13,484,4,0.007481,368.74,949,8,0.008904,374.27,511,6,0.012166,338.72
August,11,18:00,170,0,0.00021,337.15,432,5,0.01172,367.98,872,9,0.010496,374.36,461,4,0.009189,340.68
August,11,18:30,145,0,2e-06,346.7,399,7,0.016874,366.35,766,7,0.009091,378.28,404,4,0.0099,340.64
August,11,19:00,102,0,2e-06,346.79,357,5,0.01483,364.47,677,10,0.014367,381.8,368,8,0.021364,334.36
August,11,19:30,78,0,0.000403,345.59,331,6,0.017258,355.14,609,10,0.016346,380.06,340,13,0.039586,335.87
August,11,20:00,59,1,0.01275,342.79,294,8,0.028345,351.35,529,10,0.019515,377.18,297,12,0.042046,332.06
August,11,20:30,47,4,0.079505,347.39,243,5,0.022096,347.78,447,5,0.010552,370.88,254,7,0.027267,331.16
August,11,21:00,37,6,0.157458,343.12,198,4,0.018332,342.57,374,1,0.002067,365.12,211,6,0.026208,331.68
August,11,21:30,29,2,0.071498,329.06,163,1,0.006488,346.27,314,0,9.8e-05,357.56,176,3,0.015178,338.78
August,11,22:00,22,3,0.140503,331.39,128,0,0.000376,341.68,249,0,1e-06,351.84,143,0,0.003462,334.16
August,11,22:30,16,8,0.523394,340.43,99,0,3e-06,331.98,193,0,0.0,343.9,119,0,0.003219,336.52
August,11,23:00,13,3,0.225511,333.88,75,0,0.0,313.52,149,0,0.0,342.79,94,1,0.010679,341.25
August,11,23:30,10,0,0.013696,337.52,60,0,0.0,303.72,118,0,0.0,354.62,74,0,0.005133,329.78
August,12,0:00,4,0,0.0,369.56,30,0,0.0,311.65,73,0,0.0,345.2,45,0,0.0,322.13
August,12,0:30,4,0,0.0,307.32,22,0,0.0,316.93,55,0,0.0,343.7,34,0,0.0,347.65
August,12,1:00,3,0,0.0,292.39,11,0,0.0,329.54,40,0,0.0,335.81,25,0,0.0,368.79
August,12,1:30,2,0,0.0,281.32,6,0,0.0,334.57,29,0,0.0,307.52,19,0,0.0,353.4
August,12,2:00,2,0,0.0,313.5,4,0,0.0,343.58,22,0,0.0,295.35,13,0,0.0,324.77
August,12,2:30,1,0,0.0,253.55,3,0,0.0,368.86,18,0,0.0,287.61,9,0,0.0,317.7
August,12,3:00,1,0,0.0,249.47,3,0,0.0,320.97,14,0,0.0,291.53,4,0,0.0,325.08
August,12,3:30,1,0,0.0,258.16,2,0,0.0,251.21,13,0,0.0,304.41,1,0,0.0,289.66
August,12,4:00,1,0,0.0,256.59,2,0,0.0,223.76,11,0,0.0,305.73,1,0,0.0,222.21
August,12,4:30,1,0,0.0,275.49,2,0,0.0,216.14,12,0,0.0,288.07,1,0,0.0,196.22
August,12,5:00,2,0,0.0,239.86,2,0,0.00019,222.81,13,0,0.0,291.54,1,0,0.0,216.54
August,12,5:30,2,0,0.0,219.13,3,0,0.023718,286.93,18,0,0.0,291.13,3,0,0.0,262.59
August,12,6:00,2,0,0.0,243.99,4,1,0.302842,293.38,30,0,0.0,263.13,12,0,0.0,241.17
August,12,6:30,4,0,0.0,217.31,9,4,0.4246,299.84,50,0,0.0,252.24,23,0,0.0,245.26
August,12,7:00,8,0,3e-05,249.69,24,1,0.05592,283.82,89,0,0.0,265.24,42,0,0.0,273.19
August,12,7:30,16,0,0.002387,287.26,42,0,0.002129,285.71,149,0,0.0,277.8,71,0,0.0,283.11
August,12,8:00,42,1,0.020499,286.98,80,1,0.007307,294.2,258,0,1e-06,297.35,120,0,1e-06,284.99
August,12,8:30,73,3,0.040532,304.18,125,2,0.012891,309.9,384,0,0.000134,312.58,179,0,0.00011,289.65
August,12,9:00,109,3,0.028389,321.36,183,1,0.003182,317.06,543,1,0.002119,322.93,257,0,0.001769,297.35
August,12,9:30,141,2,0.014523,325.24,236,0,0.000574,326.23,684,4,0.006411,330.68,318,2,0.006663,308.35
August,12,10:00,164,1,0.003334,325.78,288,2,0.008061,332.12,802,8,0.010139,335.92,377,6,0.015183,316.77
August,12,10:30,183,1,0.002832,326.4,321,7,0.021274,339.88,894,14,0.015301,342.83,419,11,0.025673,321.61
August,12,11:00,193,1,0.007181,329.82,359,6,0.017192,345.17,958,12,0.012335,347.44,455,9,0.020883,328.89
August,12,11:30,202,1,0.004319,330.69,382,9,0.024726,347.93,987,12,0.012004,349.05,482,8,0.017008,329.21
August,12,12:00,206,2,0.00868,330.61,407,6,0.015068,354.17,994,19,0.019567,351.47,500,8,0.015473,329.94
August,12,12:30,208,3,0.012618,326.29,421,5,0.01161,357.55,999,23,0.022514,355.09,507,10,0.020573,330.21
August,12,13:00,208,1,0.004042,330.16,438,4,0.008112,357.63,1000,12,0.011797,356.3,507,10,0.019433,330.99
August,12,13:30,208,0,0.000186,335.5,448,7,0.016014,353.44,1000,8,0.008393,359.02,504,9,0.018184,333.01
August,12,14:00,212,0,1e-06,334.51,466,7,0.014885,352.04,1012,9,0.008776,361.59,519,8,0.015934,331.87
August,12,14:30,214,0,0.0,338.41,474,4,0.008388,354.4,1015,10,0.010028,365.06,519,6,0.010877,330.96
August,12,15:00,213,0,0.0,341.35,472,3,0.007273,352.01,1009,7,0.007394,364.25,516,4,0.008021,332.74
August,12,15:30,214,0,0.0,336.21,467,4,0.009383,351.58,999,5,0.00544,364.74,521,4,0.007753,333.07
August,12,16:00,215,0,0.0,339.02,463,5,0.011015,358.12,991,5,0.004999,363.94,524,4,0.007063,336.62
August,12,16:30,206,0,0.0,339.31,447,5,0.01035,360.53,968,5,0.005185,361.74,507,4,0.008158,337.76
August,12,17:00,184,0,0.0,335.8,425,5,0.01182,362.57,917,7,0.00731,363.9,473,3,0.006339,335.34
August,12,17:30,160,0,0.0,332.44,410,5,0.012512,361.93,863,9,0.010991,362.65,448,2,0.004603,337.35
August,12,18:00,142,0,0.0,332.43,383,6,0.014522,357.24,798,11,0.013734,360.46,415,3,0.006105,341.39
August,12,18:30,121,0,2e-06,336.61,344,4,0.01203,353.89,700,7,0.009445,359.54,367,2,0.004518,339.22
August,12,19:00,85,0,0.000458,346.01,306,5,0.014838,350.76,625,4,0.007136,358.8,333,3,0.007929,335.36
August,12,19:30,63,1,0.013798,340.84,280,5,0.017912,349.7,553,4,0.007949,357.26,302,5,0.017718,338.01
August,12,20:00,48,3,0.067106,343.31,242,9,0.035259,343.93,474,5,0.010397,358.36,267,5,0.01794,334.9
August,12,20:30,41,4,0.093576,344.18,208,7,0.034502,338.09,415,3,0.007618,356.07,231,3,0.011114,329.71
August,12,21:00,31,2,0.077026,334.77,170,3,0.017994,335.64,350,1,0.002146,354.68,190,1,0.004943,335.94
August,12,21:30,23,1,0.027198,314.67,142,1,0.004066,337.08,290,0,0.00104,353.38,165,0,0.001099,343.89
August,12,22:00,18,2,0.093699,301.35,113,0,0.000212,339.81,239,1,0.004071,348.43,134,0,0.001189,344.39
August,12,22:30,12,5,0.410328,298.38,89,0,2e-06,333.0,190,1,0.005119,342.1,109,0,0.00386,339.08
August,12,23:00,10,3,0.30514,320.0,68,0,0.0,321.11,144,0,0.001866,338.14,85,0,0.00178,340.04
August,12,23:30,7,1,0.078091,316.08,52,0,0.0,301.95,113,0,0.000108,337.47,70,0,0.000101,342.0
August,13,0:00,4,0,0.0,270.92,32,0,0.0,318.26,73,0,0.0,352.54,40,0,0.0,335.05
August,13,0:30,3,0,0.0,275.37,23,0,0.0,313.59,55,0,0.0,348.52,31,0,0.0,348.73
August,13,1:00,2,0,0.0,306.47,11,0,0.0,305.07,38,0,0.0,353.46,23,0,0.0,342.01
August,13,1:30,2,0,0.0,309.98,6,0,0.0,315.93,28,0,0.0,348.0,17,0,0.0,341.27
August,13,2:00,2,0,0.0,311.8,4,0,0.0,340.19,20,0,0.0,322.51,11,0,0.0,358.53
August,13,2:30,2,0,0.0,315.84,4,0,0.0,352.33,17,0,0.0,309.88,8,0,0.0,374.88
August,13,3:00,2,0,0.0,305.61,3,0,0.0,359.01,13,0,0.0,319.01,3,0,0.0,373.95
August,13,3:30,1,0,0.0,253.39,3,0,0.0,308.37,12,0,0.0,348.35,1,0,0.0,337.75
August,13,4:00,1,0,0.0,223.95,3,0,0.0,294.35,12,0,0.0,350.18,1,0,0.0,366.45
August,13,4:30,1,0,0.0,237.87,3,0,0.0,285.65,12,0,0.0,330.03,1,0,0.0,398.32
August,13,5:00,2,0,0.0,268.48,3,0,0.000111,304.68,14,0,0.0,302.16,1,0,7.9e-05,349.42
August,13,5:30,2,0,0.0,279.12,3,0,0.015459,328.98,19,0,0.0,273.89,3,0,0.004363,271.69
August,13,6:00,2,0,5.6e-05,260.95,5,1,0.213863,325.51,30,0,0.0,264.54,12,0,0.023221,257.5
August,13,6:30,4,0,0.005798,272.73,8,3,0.330749,279.56,51,0,0.0,264.78,23,1,0.034087,271.82
August,13,7:00,8,1,0.059544,304.18,24,2,0.095662,258.11,94,0,2e-06,279.79,42,0,0.006823,261.03
August,13,7:30,18,2,0.108901,321.82,43,4,0.085884,292.55,157,0,0.000238,289.15,73,0,0.000183,277.73
August,13,8:00,45,5,0.102643,313.03,80,2,0.026449,306.31,268,1,0.003215,301.27,122,0,5e-05,298.22
August,13,8:30,78,9,0.119706,338.01,124,2,0.018692,313.7,392,4,0.009657,316.44,180,0,0.000851,301.9
August,13,9:00,115,8,0.071764,337.48,183,1,0.006412,320.54,553,7,0.013227,327.79,257,1,0.003812,300.13
August,13,9:30,142,6,0.039236,338.6,235,3,0.010944,326.83,692,9,0.013121,333.55,311,3,0.010302,311.39
August,13,10:00,166,3,0.016593,336.17,280,9,0.033752,333.87,798,9,0.011831,336.69,362,9,0.02356,319.54
August,13,10:30,186,1,0.003178,335.82,310,16,0.050652,345.72,890,16,0.018434,346.14,396,14,0.035443,328.18
August,13,11:00,198,0,0.000409,336.19,346,8,0.023291,352.44,943,12,0.012967,352.32,431,8,0.017951,331.43
August,13,11:30,206,1,0.005909,334.7,374,8,0.022274,354.33,968,7,0.00765,355.43,450,6,0.012627,333.03
August,13,12:00,207,4,0.019027,345.17,400,4,0.011073,355.51,980,13,0.012766,355.41,460,5,0.011381,332.59
August,13,12:30,207,3,0.014318,343.57,411,5,0.012828,355.63,988,22,0.022734,358.19,469,6,0.012047,331.49
August,13,13:00,209,1,0.003319,341.83,420,6,0.013242,348.63,987,12,0.012296,357.21,473,5,0.010923,335.2
August,13,13:30,208,0,0.000146,340.28,428,5,0.012815,350.61,985,8,0.008076,356.71,480,3,0.006841,332.36
August,13,14:00,209,0,2e-06,341.15,438,4,0.009125,354.46,986,8,0.008506,358.7,491,2,0.004936,333.4
August,13,14:30,210,0,0.000106,345.38,442,5,0.012159,358.99,990,10,0.009663,361.09,489,3,0.007159,342.56
August,13,15:00,210,0,0.002263,344.11,442,4,0.008816,356.63,980,8,0.008372,364.75,486,4,0.00725,347.39
August,13,15:30,209,1,0.006301,348.39,443,4,0.008561,355.52,973,9,0.009368,369.67,483,5,0.010594,345.34
August,13,16:00,206,0,0.002306,353.38,439,4,0.008003,354.84,960,6,0.005879,369.18,476,6,0.012282,343.0
August,13,16:30,197,0,0.000113,350.99,424,2,0.005153,356.79,924,5,0.005012,366.93,465,4,0.00899,341.79
August,13,17:00,180,0,1e-06,347.97,404,1,0.002759,358.28,875,7,0.008168,364.87,449,5,0.010773,337.78
August,13,17:30,160,0,0.0,339.98,390,3,0.008201,356.74,819,9,0.011499,366.22,414,5,0.011088,340.67
August,13,18:00,140,0,0.0,341.42,357,5,0.015254,354.42,742,8,0.010362,371.95,374,4,0.010651,336.42
August,13,18:30,119,0,0.0,360.35,318,3,0.008856,354.48,666,6,0.008814,372.07,336,4,0.012473,338.81
August,13,19:00,82,0,0.0,359.67,288,4,0.013133,355.46,597,6,0.009853,363.79,310,6,0.018201,340.51
August,13,19:30,61,0,2e-06,345.94,262,5,0.018646,357.12,524,6,0.010669,357.85,279,6,0.022518,347.64
August,13,20:00,47,0,0.000471,327.73,230,5,0.021603,354.46,453,4,0.008572,358.93,250,6,0.025101,343.99
August,13,20:30,40,0,0.011988,320.81,198,2,0.011371,347.65,390,3,0.008377,360.81,215,5,0.023799,335.0
August,13,21:00,31,1,0.042248,323.31,162,2,0.013481,344.98,329,1,0.002988,360.43,179,7,0.041338,337.55
August,13,21:30,24,0,0.020232,321.57,135,1,0.005658,343.03,273,0,0.000165,356.24,155,4,0.02878,337.22
August,13,22:00,18,0,0.016099,317.93,108,0,0.00033,325.28,222,0,1e-06,350.51,124,1,0.007341,335.98
August,13,22:30,13,1,0.057593,313.02,85,0,3e-06,321.78,175,0,0.0,335.62,102,0,0.000375,334.15
August,13,23:00,11,0,0.024542,322.72,65,0,0.0,316.97,136,0,0.0,335.02,79,0,3e-06,327.34
August,13,23:30,9,0,0.001446,294.6,52,0,0.0,315.76,111,0,0.0,335.62,65,0,0.0,318.79
August,14,0:00,5,0,0.0,334.1,31,0,0.0,306.69,72,0,0.0,336.28,42,0,0.0,351.23
August,14,0:30,4,0,0.0,338.12,22,0,0.0,294.84,57,0,0.0,331.46,31,0,0.0,358.78
August,14,1:00,3,0,0.0,325.91,11,0,0.0,290.6,42,0,0.0,332.47,23,0,0.0,358.23
August,14,1:30,2,0,0.0,321.29,7,0,0.0,322.5,30,0,0.0,321.5,18,0,0.0,337.91
August,14,2:00,2,0,0.0,280.39,5,0,0.0,375.11,21,0,0.0,263.93,14,0,0.0,317.76
August,14,2:30,1,0,0.0,294.63,4,0,0.0,379.45,17,0,0.0,228.32,9,0,0.0,302.69
August,14,3:00,2,0,0.0,332.71,3,0,0.0,330.22,13,0,0.0,287.62,3,0,0.0,318.69
August,14,3:30,2,0,0.0,303.96,3,0,0.0,354.8,13,0,0.0,323.36,1,0,0.0,363.5
August,14,4:00,2,0,0.0,279.85,3,0,0.0,342.67,12,0,0.0,297.58,1,0,0.0,343.82
August,14,4:30,1,0,0.0,294.85,2,0,0.0,304.82,12,0,0.0,277.72,1,0,0.0,290.9
August,14,5:00,2,0,0.000276,252.76,3,0,0.000142,268.72,15,0,1.1e-05,266.69,1,0,0.000163,291.37
August,14,5:30,2,0,0.033673,270.19,3,0,0.018164,265.52,21,0,0.001257,274.71,3,0,0.010075,378.88
August,14,6:00,3,2,0.504996,273.26,5,1,0.274446,271.3,33,1,0.016868,274.66,12,1,0.0545,298.42
August,14,6:30,5,5,1.0,293.58,8,4,0.421177,339.06,56,2,0.028146,269.12,23,2,0.081553,272.37
August,14,7:00,9,6,0.613518,317.99,23,2,0.088705,310.1,97,1,0.012378,270.13,40,1,0.016493,278.69
August,14,7:30,18,3,0.191783,306.72,41,2,0.054166,300.81,157,2,0.011594,279.94,71,0,0.00044,269.81
August,14,8:00,45,2,0.036024,304.95,77,1,0.019078,313.54,266,1,0.004251,302.81,124,0,0.000233,279.51
August,14,8:30,78,2,0.028136,322.21,119,2,0.016769,322.09,389,2,0.00517,313.51,184,1,0.003655,297.48
August,14,9:00,112,1,0.007161,330.37,179,1,0.008013,322.48,538,4,0.006676,322.76,249,3,0.012748,306.31
August,14,9:30,141,1,0.00421,327.05,223,2,0.00954,328.3,675,6,0.008893,331.17,302,6,0.019638,314.91
August,14,10:00,166,2,0.012935,322.55,270,2,0.007522,334.57,789,10,0.012072,340.72,354,7,0.021123,321.66
August,14,10:30,192,2,0.012824,326.98,308,5,0.015854,346.02,874,15,0.017112,349.59,394,10,0.02427,324.76
August,14,11:00,205,1,0.003535,328.71,334,8,0.025177,351.27,928,16,0.01754,353.6,427,6,0.013012,330.81
August,14,11:30,213,0,0.000155,331.05,366,13,0.03577,348.18,954,15,0.015639,355.96,440,3,0.007265,333.48
August,14,12:00,216,0,1e-06,330.72,390,10,0.02668,351.1,959,13,0.013164,357.43,452,4,0.009084,329.76
August,14,12:30,217,0,0.0,325.79,397,10,0.025308,356.63,965,19,0.019899,359.52,458,7,0.015601,328.41
August,14,13:00,214,0,0.0,331.27,404,10,0.025534,352.4,958,18,0.019156,360.46,460,9,0.020311,331.94
August,14,13:30,216,0,1e-06,337.9,417,15,0.035728,349.34,955,11,0.011204,358.07,467,9,0.019979,331.08
August,14,14:00,219,0,0.000191,339.86,434,10,0.023018,352.83,962,16,0.016418,360.61,481,12,0.024809,333.73
August,14,14:30,220,1,0.004357,342.8,438,8,0.017835,356.01,968,32,0.032612,364.01,484,9,0.019592,339.58
August,14,15:00,220,4,0.01853,346.35,431,6,0.013519,359.34,962,14,0.014962,363.58,478,6,0.01352,343.98
August,14,15:30,218,6,0.028002,346.54,429,6,0.013241,360.35,963,6,0.006052,364.23,475,5,0.011452,341.5
August,14,16:00,217,4,0.017656,344.68,424,5,0.01062,357.94,946,6,0.006715,365.89,476,3,0.007308,339.05
August,14,16:30,210,1,0.004191,342.08,412,4,0.008724,355.45,910,7,0.007814,367.83,458,2,0.00503,342.96
August,14,17:00,189,0,0.002255,341.53,393,2,0.004587,357.54,861,6,0.007296,365.46,432,3,0.006321,342.61
August,14,17:30,164,1,0.006605,341.35,376,3,0.008866,357.88,808,8,0.010469,363.51,402,2,0.00602,340.52
August,14,18:00,143,0,0.002729,341.08,351,5,0.01439,356.05,727,8,0.010939,366.24,364,2,0.005009,343.98
August,14,18:30,122,0,0.000149,339.2,319,4,0.014011,355.96,653,8,0.011555,368.67,329,4,0.01089,339.03
August,14,19:00,85,0,3e-06,340.02,288,4,0.015309,352.35,579,14,0.02404,367.2,302,8,0.026402,335.35
August,14,19:30,64,0,0.00041,328.17,257,4,0.016159,356.57,519,22,0.043201,371.45,273,12,0.045153,335.69
August,14,20:00,49,1,0.011321,332.2,222,4,0.016079,360.23,452,15,0.034089,366.87,246,10,0.039298,329.76
August,14,20:30,41,2,0.03798,338.48,193,1,0.005343,349.64,391,9,0.023667,361.34,212,5,0.025111,332.21
August,14,21:00,31,1,0.018081,320.58,160,0,0.000503,347.9,325,2,0.007646,360.42,174,5,0.025952,333.46
August,14,21:30,23,0,0.002679,321.8,130,1,0.005517,344.73,268,0,0.000416,359.2,153,2,0.01448,332.07
August,14,22:00,18,1,0.042148,312.33,105,2,0.018972,335.61,220,0,3e-06,345.5,123,2,0.019921,338.07
August,14,22:30,13,2,0.160139,312.95,82,1,0.008717,327.21,171,0,0.0,339.51,99,1,0.011194,326.67
August,14,23:00,11,1,0.071237,327.64,62,0,0.000536,326.59,133,0,0.0,340.31,77,0,0.001838,326.86
August,14,23:30,9,0,0.004218,348.86,48,0,4e-06,316.87,107,0,0.0,337.24,63,0,8.1e-05,336.88
August,15,0:00,5,0,0.0,409.76,28,0,0.0,317.03,72,0,0.0,359.34,40,0,0.0,338.34
August,15,0:30,4,0,0.0,362.93,21,0,0.0,332.01,54,0,0.0,339.65,30,0,0.0,333.13
August,15,1:00,3,0,0.0,308.54,11,0,0.0,358.48,40,0,0.0,333.41,22,0,0.0,346.23
August,15,1:30,2,0,0.0,248.56,6,0,0.0,300.19,29,0,0.0,325.35,16,0,0.0,322.78
August,15,2:00,2,0,0.0,254.98,5,0,0.0,318.58,20,0,0.0,325.52,12,0,0.0,333.2
August,15,2:30,1,0,0.0,271.11,3,0,0.0,341.8,17,0,0.0,343.41,8,0,0.0,342.46
August,15,3:00,1,0,0.0,212.65,3,0,0.0,377.03,14,0,0.0,364.7,3,0,0.0,346.88
August,15,3:30,1,0,0.0,199.24,3,0,0.0,371.64,13,0,0.0,371.31,1,0,0.0,295.36
August,15,4:00,1,0,0.0,236.53,3,0,0.0,303.1,13,0,0.0,332.76,1,0,0.0,326.63
August,15,4:30,1,0,0.0,256.14,3,0,1e-05,247.24,14,0,0.0,327.21,1,0,0.0,333.79
August,15,5:00,1,0,0.000197,257.98,3,0,0.001935,260.92,17,0,7e-06,321.6,1,0,0.000147,323.2
August,15,5:30,2,0,0.025876,244.23,3,0,0.057001,286.83,21,0,0.000959,313.61,3,0,0.008074,277.93
August,15,6:00,2,1,0.452985,244.52,5,2,0.435004,301.41,32,0,0.01302,289.98,11,0,0.042436,260.63
August,15,6:30,4,4,1.0,291.84,9,5,0.559806,319.31,54,1,0.02233,275.87,24,1,0.056704,268.82
August,15,7:00,8,5,0.580401,310.18,26,2,0.095476,286.39,92,1,0.011127,274.61,44,1,0.014772,275.29
August,15,7:30,16,3,0.162534,310.79,44,2,0.047284,282.24,156,2,0.011534,276.18,74,1,0.009426,286.6
August,15,8:00,39,1,0.013578,301.15,83,1,0.016524,292.93,266,1,0.0035,291.45,127,1,0.009165,287.89
August,15,8:30,71,0,0.000319,308.52,119,2,0.021017,312.82,391,0,0.001094,309.99,183,1,0.007985,292.59
August,15,9:00,105,0,2e-06,318.83,173,3,0.018501,330.79,549,2,0.003606,317.17,254,2,0.009681,303.2
August,15,9:30,131,0,9.6e-05,326.67,216,3,0.012294,337.59,688,5,0.007583,321.25,315,5,0.014477,312.14
August,15,10:00,150,0,0.001797,334.06,266,2,0.008981,343.4,794,9,0.010891,332.09,369,6,0.015372,314.6
August,15,10:30,176,1,0.004247,336.49,302,5,0.016992,344.46,880,14,0.015459,340.93,405,8,0.018543,325.51
August,15,11:00,188,0,0.001611,336.58,332,9,0.027759,348.88,932,11,0.01136,347.72,436,7,0.015428,330.69
August,15,11:30,196,1,0.003677,334.59,363,14,0.037439,356.99,964,13,0.013356,349.38,457,6,0.012448,329.45
August,15,12:00,202,2,0.009822,332.92,390,11,0.027851,359.7,976,19,0.019222,349.38,467,5,0.010916,329.49
August,15,12:30,202,1,0.004847,341.5,400,12,0.028795,361.76,978,17,0.017765,352.87,476,4,0.009082,337.84
August,15,13:00,203,1,0.003849,347.62,410,11,0.027705,354.32,975,11,0.010919,359.78,481,4,0.008883,341.06
August,15,13:30,205,0,0.001415,344.98,420,12,0.029644,352.41,973,10,0.01033,360.41,490,6,0.012415,338.98
August,15,14:00,206,0,0.002293,343.09,437,15,0.034756,358.73,979,11,0.01107,360.58,499,8,0.016816,336.07
August,15,14:30,210,2,0.009296,342.79,444,15,0.034414,360.34,978,12,0.01212,360.22,498,9,0.019029,338.92
August,15,15:00,208,4,0.018282,338.79,442,8,0.019224,362.45,974,15,0.01534,359.49,494,7,0.014457,342.53
August,15,15:30,208,5,0.022382,343.49,437,7,0.016318,361.6,968,17,0.017615,360.28,491,7,0.013708,340.91
August,15,16:00,204,1,0.007123,346.78,434,7,0.016866,367.0,952,9,0.00968,361.35,502,5,0.009148,341.28
August,15,16:30,193,0,0.000345,348.38,422,7,0.016774,363.98,914,6,0.00614,360.64,484,4,0.007991,339.61
August,15,17:00,173,0,3e-06,345.55,402,7,0.017013,359.05,860,6,0.006979,361.25,450,3,0.006444,343.64
August,15,17:30,153,0,8.3e-05,341.87,382,8,0.02148,360.77,794,6,0.007486,362.79,409,2,0.005129,336.84
August,15,18:00,131,0,0.00205,345.88,349,9,0.026623,363.89,703,5,0.006869,365.08,369,1,0.004066,334.01
August,15,18:30,112,1,0.006695,361.46,311,7,0.021024,357.36,635,4,0.006411,364.3,331,3,0.007945,336.3
August,15,19:00,78,0,0.003471,363.03,282,8,0.028936,353.32,562,4,0.00789,357.95,299,4,0.014775,337.5
August,15,19:30,57,0,0.000221,349.68,249,6,0.024365,345.41,495,4,0.008242,359.07,266,4,0.016728,337.71
August,15,20:00,44,0,2e-06,342.35,213,4,0.020996,349.7,421,5,0.01128,356.04,229,3,0.014378,331.78
August,15,20:30,35,0,0.0,333.35,190,3,0.017596,352.49,360,2,0.005019,350.85,201,4,0.018999,324.97
August,15,21:00,26,0,1e-05,336.15,159,2,0.014294,344.8,300,0,0.00061,351.89,167,7,0.044783,333.47
August,15,21:30,20,0,0.002131,325.56,130,3,0.01983,336.06,246,0,2.3e-05,349.67,143,6,0.040896,340.32
August,15,22:00,16,1,0.055273,331.6,103,1,0.008163,334.37,201,0,0.0,347.49,115,2,0.015331,330.46
August,15,22:30,12,3,0.244447,351.74,83,0,0.00047,327.23,159,0,0.0,345.58,94,0,0.002039,315.9
August,15,23:00,9,2,0.23562,320.65,62,0,4e-06,336.39,123,0,0.0,336.19,74,0,8.7e-05,311.49
August,15,23:30,7,1,0.073775,257.12,51,0,0.0,345.18,100,0,0.0,321.02,61,0,1e-06,312.78
August,16,0:00,6,0,0.0,349.03,33,0,0.010368,308.54,66,0,0.0,325.56,40,0,0.0,320.45
August,16,0:30,5,0,0.0,356.41,23,0,0.004127,337.16,52,0,0.0,327.51,28,0,0.0,326.7
August,16,1:00,3,0,0.0,278.86,11,0,0.000394,344.76,39,0,0.0,335.71,22,0,0.0,320.62
August,16,1:30,2,0,0.0,221.94,6,0,4e-06,297.61,30,0,0.0,328.83,16,0,0.0,314.68
August,16,2:00,2,0,0.0,286.4,5,0,0.0,290.08,21,0,0.0,321.9,11,0,0.0,309.26
August,16,2:30,1,0,0.0,300.69,3,0,0.0,297.56,15,0,0.0,331.1,7,0,0.0,326.09
August,16,3:00,1,0,0.0,282.78,3,0,0.0,269.08,12,0,0.0,314.48,3,0,0.0,347.9
August,16,3:30,1,0,0.0,243.51,3,0,0.0,205.8,12,0,0.0,304.0,1,0,0.0,315.8
August,16,4:00,1,0,0.0,251.83,2,0,0.0,248.85,12,0,0.0,338.82,0,0,0.0,386.34
August,16,4:30,1,0,0.0,251.61,3,0,0.0,302.16,12,0,0.0,348.24,0,0,0.0,381.65
August,16,5:00,1,0,0.0,281.22,3,0,3e-05,278.67,12,0,0.0,369.96,1,0,0.0,293.86
August,16,5:30,1,0,0.0,224.96,3,0,0.00498,298.98,15,0,0.0,325.52,2,0,0.0,262.21
August,16,6:00,2,0,0.0,251.03,4,0,0.082344,346.61,21,0,4e-06,296.59,8,0,8e-06,253.87
August,16,6:30,3,0,0.0,283.83,6,1,0.132175,334.5,38,0,0.000395,278.96,15,0,0.000729,264.49
August,16,7:00,6,0,0.0,268.52,12,0,0.02494,306.29,65,0,0.004853,266.36,26,0,0.009018,279.4
August,16,7:30,12,0,0.0,289.78,18,0,0.000742,316.33,107,1,0.00819,267.04,43,1,0.01511,295.17
August,16,8:00,30,0,0.0,277.35,32,0,0.000434,314.4,176,0,0.001904,279.24,72,0,0.003419,294.34
August,16,8:30,49,0,2e-06,287.18,50,0,0.00626,315.34,258,1,0.002,296.69,105,0,0.002699,290.29
August,16,9:00,72,0,0.000185,287.79,106,1,0.012637,305.52,360,3,0.009238,303.29,154,1,0.009102,293.76
August,16,9:30,87,0,0.003259,287.41,143,2,0.01571,312.71,434,7,0.016406,314.79,190,3,0.015689,289.84
August,16,10:00,107,1,0.007524,296.95,176,3,0.018463,321.01,527,5,0.009903,322.59,228,4,0.019566,295.55
August,16,10:30,132,1,0.005696,302.26,211,5,0.024151,331.54,596,6,0.009495,331.47,268,7,0.024409,304.03
August,16,11:00,148,2,0.01458,304.46,246,5,0.021102,334.92,643,7,0.011077,335.63,302,5,0.017398,311.54
August,16,11:30,154,4,0.027326,304.6,273,5,0.020123,336.78,660,10,0.014495,340.67,314,3,0.008806,314.54
August,16,12:00,164,7,0.041313,312.24,282,5,0.017627,335.3,670,10,0.015563,341.98,326,2,0.00765,318.26
August,16,12:30,171,9,0.052434,313.75,294,8,0.02795,339.01,671,11,0.016141,341.8,333,4,0.011404,316.81
August,16,13:00,172,4,0.023779,320.4,305,11,0.035087,339.67,665,10,0.014501,344.3,337,5,0.01436,316.4
August,16,13:30,169,1,0.00759,325.28,317,12,0.03847,338.29,667,11,0.01674,346.29,338,6,0.017801,313.62
August,16,14:00,166,2,0.014755,326.43,324,12,0.036146,341.48,669,11,0.015734,346.72,338,7,0.021534,316.15
August,16,14:30,165,2,0.015047,323.99,324,8,0.025204,345.01,658,5,0.00752,345.65,339,11,0.031509,317.64
August,16,15:00,161,1,0.00433,321.42,317,4,0.013772,338.29,628,1,0.001503,347.2,331,6,0.018863,309.6
August,16,15:30,159,0,0.000199,329.31,312,4,0.012282,334.51,609,0,0.000598,344.94,317,3,0.009857,307.78
August,16,16:00,157,0,0.000201,330.71,309,3,0.011314,344.47,588,1,0.001851,346.27,305,2,0.00792,316.02
August,16,16:30,146,1,0.004692,314.13,293,3,0.008787,351.53,549,1,0.002628,345.26,285,2,0.006322,315.85
August,16,17:00,134,2,0.016252,321.85,284,2,0.007353,349.32,520,2,0.003783,346.92,266,2,0.006355,316.59
August,16,17:30,118,2,0.013233,331.11,269,3,0.011272,351.18,499,1,0.002386,346.71,251,1,0.004015,318.02
August,16,18:00,107,1,0.005862,336.12,246,5,0.01971,353.67,459,2,0.004047,346.14,231,1,0.003421,322.12
August,16,18:30,92,1,0.008682,341.45,223,4,0.019548,350.85,418,2,0.004742,348.86,208,0,0.001723,330.91
August,16,19:00,71,0,0.004018,334.78,197,3,0.015036,344.37,379,3,0.007036,348.1,195,0,0.001719,329.45
August,16,19:30,55,0,0.000242,329.65,175,4,0.02198,336.73,339,4,0.010571,346.13,174,0,0.000708,324.81
August,16,20:00,43,0,2e-06,309.45,155,7,0.042651,333.97,305,3,0.010546,346.59,151,0,0.001116,313.52
August,16,20:30,36,0,0.0,297.3,135,4,0.030075,321.36,257,2,0.006557,344.67,137,1,0.007151,307.37
August,16,21:00,26,0,0.0,310.36,111,3,0.028431,316.51,216,1,0.006131,343.6,115,2,0.01582,308.96
August,16,21:30,19,0,0.0,331.38,95,2,0.019052,320.38,178,0,0.002321,338.24,97,1,0.006334,313.07
August,16,22:00,14,0,0.0,362.31,76,1,0.013668,318.03,149,0,0.000128,328.3,84,0,0.000337,311.11
August,16,22:30,10,0,0.0,335.37,60,1,0.009366,316.21,122,0,1e-06,323.01,70,0,2e-06,310.78
August,16,23:00,8,0,0.0,329.92,47,1,0.016934,300.36,96,0,0.0,320.76,56,0,0.0,304.61
August,16,23:30,6,0,0.0,288.56,37,0,0.007917,299.82,83,0,0.0,317.89,48,0,0.0,291.42
August,17,0:00,3,0,0.0,329.46,31,0,0.0,282.14,54,0,0.0,309.58,38,0,0.0,296.3
August,17,0:30,3,0,0.0,345.11,23,0,0.0,287.36,43,0,0.0,317.45,27,0,0.0,295.71
August,17,1:00,3,0,0.0,344.57,11,0,0.0,319.6,33,0,0.0,295.27,21,0,0.0,325.95
August,17,1:30,2,0,0.0,320.59,7,0,0.0,336.05,26,0,0.0,287.81,16,0,0.0,350.25
August,17,2:00,1,0,0.0,242.9,5,0,0.0,348.43,19,0,0.0,300.96,11,0,0.0,350.13
August,17,2:30,1,0,0.0,282.21,3,0,0.0,299.63,14,0,0.0,304.0,8,0,0.0,359.04
August,17,3:00,2,0,0.0,337.49,3,0,0.0,303.5,12,0,0.0,323.33,3,0,0.0,339.13
August,17,3:30,2,0,0.0,437.7,3,0,0.0,255.97,10,0,0.0,369.67,1,0,0.0,254.89
August,17,4:00,1,0,0.0,377.69,2,0,0.0,208.85,9,0,0.0,388.51,0,0,0.0,208.97
August,17,4:30,2,0,0.0,265.42,2,0,0.0,322.82,9,0,0.0,358.38,0,0,0.0,249.64
August,17,5:00,2,0,0.0,207.67,2,0,0.0,409.54,10,0,0.0,322.12,1,0,0.0,297.08
August,17,5:30,2,0,0.0,219.83,2,0,0.0,309.65,12,0,0.0,270.17,1,0,0.0,275.91
August,17,6:00,2,0,0.0,248.08,3,0,0.0,259.37,18,0,0.0,261.06,6,0,0.0,231.59
August,17,6:30,2,0,0.0,246.41,4,0,0.0,252.9,27,0,0.0,260.06,11,0,0.0,256.07
August,17,7:00,5,0,0.0,273.16,7,0,0.0,271.06,43,0,0.0,263.97,19,0,0.0,294.02
August,17,7:30,7,0,0.0,295.6,11,0,0.0,284.93,67,0,0.0,266.96,32,0,0.0,300.15
August,17,8:00,13,0,0.0,278.03,20,0,0.0,275.42,107,0,0.0,274.16,49,0,0.0,294.19
August,17,8:30,16,0,0.0,279.39,31,0,0.0,290.04,143,0,0.0,286.24,66,0,6e-06,301.68
August,17,9:00,20,0,0.0,273.54,59,0,0.0,298.16,184,0,0.0,294.57,93,0,0.000674,294.47
August,17,9:30,23,0,0.0,295.96,78,0,0.0,303.03,228,0,0.0,291.03,113,1,0.012826,286.16
August,17,10:00,27,0,0.0,299.41,98,0,4e-06,301.54,281,0,0.0,292.23,135,7,0.049045,297.4
August,17,10:30,34,0,0.0,293.5,111,0,0.000598,306.74,325,0,0.0,298.69,162,10,0.063497,310.69
August,17,11:00,35,0,0.0,296.1,121,1,0.011704,304.94,362,0,3e-06,307.15,177,6,0.033842,306.74
August,17,11:30,39,0,6e-06,300.96,140,4,0.028559,306.0,402,0,0.000387,310.27,192,3,0.015766,304.77
August,17,12:00,55,0,0.000657,299.47,159,3,0.018139,305.13,428,4,0.008187,308.32,204,1,0.006114,302.95
August,17,12:30,68,1,0.011356,300.29,184,5,0.025838,305.62,436,14,0.032009,309.99,207,3,0.012387,301.46
August,17,13:00,80,2,0.026833,301.69,205,5,0.024747,302.31,442,23,0.052286,317.11,210,5,0.025937,307.29
August,17,13:30,84,1,0.009725,300.67,218,7,0.030027,305.8,445,28,0.062615,319.92,218,5,0.023501,307.05
August,17,14:00,87,1,0.010978,305.39,230,4,0.018358,309.86,448,17,0.037989,322.67,219,3,0.011556,307.59
August,17,14:30,89,3,0.029156,308.41,234,1,0.004063,312.8,447,6,0.012463,322.43,220,3,0.014861,307.08
August,17,15:00,88,2,0.017951,309.39,237,0,0.00035,310.92,447,1,0.001978,324.54,219,2,0.010815,310.41
August,17,15:30,89,2,0.020792,304.1,240,1,0.003719,309.53,438,0,8e-05,323.9,220,4,0.01601,309.48
August,17,16:00,88,1,0.007362,297.19,235,3,0.010698,310.29,431,0,0.0,321.25,213,3,0.012028,317.94
August,17,16:30,82,0,0.000371,288.26,226,2,0.007911,310.16,417,0,0.0,325.48,207,4,0.018183,317.15
August,17,17:00,74,0,3e-06,287.02,219,3,0.011578,310.44,398,0,0.0,324.08,200,1,0.006775,319.34
August,17,17:30,67,0,0.0,289.06,210,1,0.006607,307.56,378,0,0.0,318.81,192,1,0.00265,314.75
August,17,18:00,53,0,0.0,303.12,193,2,0.011738,307.74,329,0,0.0,319.46,178,1,0.006938,307.16
August,17,18:30,43,0,0.0,295.7,173,4,0.025809,302.86,306,0,0.0,319.45,165,0,0.002704,304.58
August,17,19:00,33,0,0.0,287.68,154,6,0.038454,298.06,282,0,0.0,321.1,153,0,0.000339,307.76
August,17,19:30,31,0,0.0,284.23,140,4,0.028576,306.82,255,0,0.0,319.48,149,1,0.004415,317.12
August,17,20:00,30,0,0.0,299.49,122,1,0.007868,304.64,232,0,0.0,312.79,137,2,0.01334,315.15
August,17,20:30,27,0,0.0,300.97,107,0,0.000393,300.85,212,0,0.0,314.98,122,1,0.0054,311.46
August,17,21:00,22,0,1e-05,308.98,98,0,3e-06,301.58,191,0,0.0,316.94,100,0,0.000311,313.85
August,17,21:30,17,0,0.002185,331.65,85,0,0.0,307.08,164,0,0.0,311.97,89,0,0.000196,318.45
August,17,22:00,14,1,0.055866,300.08,69,0,0.0,302.56,141,0,0.0,311.32,79,0,0.004651,315.3
August,17,22:30,12,2,0.180861,314.54,56,0,0.0,288.64,120,0,0.0,310.13,67,1,0.015184,310.97
August,17,23:00,9,1,0.086852,347.6,44,0,0.0,263.59,96,0,0.0,308.14,56,0,0.006642,319.18
August,17,23:30,8,0,0.004803,306.87,36,0,0.0,263.92,81,0,0.0,305.24,50,0,0.000347,340.31
August,18,0:00,4,0,0.0,362.68,22,0,0.0,356.22,54,0,0.0,326.86,30,0,0.0,325.96
August,18,0:30,3,0,0.0,328.81,18,0,0.0,344.86,45,0,0.0,321.74,24,0,0.0,326.53
August,18,1:00,2,0,0.0,337.06,10,0,0.0,360.95,33,0,0.0,322.52,18,0,0.0,337.16
August,18,1:30,1,0,0.0,343.92,6,0,0.0,338.06,24,0,0.0,324.92,14,0,0.0,323.71
August,18,2:00,2,0,0.0,397.51,5,0,0.0,292.37,17,0,0.0,314.69,10,0,0.0,315.85
August,18,2:30,2,0,0.0,323.92,4,0,0.0,306.01,15,0,0.0,336.51,8,0,0.0,329.93
August,18,3:00,1,0,0.0,236.37,3,0,0.0,338.48,11,0,0.0,331.25,5,0,0.0,348.09
August,18,3:30,1,0,0.0,266.05,3,0,0.0,350.0,10,0,0.0,322.56,4,0,0.0,289.93
August,18,4:00,1,0,0.0,267.5,3,0,0.0,299.84,10,0,0.0,310.61,4,0,0.0,284.55
August,18,4:30,2,0,0.0,202.41,2,0,0.0,266.48,10,0,0.0,296.54,4,0,0.0,256.61
August,18,5:00,1,0,0.0,216.16,2,0,7.1e-05,266.72,11,0,0.0,304.42,4,0,0.0,266.12
August,18,5:30,1,0,0.0,230.82,3,0,0.009177,237.75,15,0,0.0,273.61,5,0,0.0,282.22
August,18,6:00,2,0,0.0,243.35,4,1,0.149382,243.87,25,0,0.0,263.51,11,0,0.0,256.99
August,18,6:30,3,0,0.0,233.1,8,2,0.201052,312.77,45,0,0.0,278.1,19,0,0.0,253.46
August,18,7:00,7,0,0.0,249.27,24,1,0.023052,297.59,80,0,0.0,264.75,35,0,5e-06,271.27
August,18,7:30,16,0,8e-06,300.9,43,0,0.001189,286.18,138,0,2e-06,269.25,62,0,0.000444,278.07
August,18,8:00,40,0,0.000515,312.11,82,1,0.00649,293.91,258,0,0.000141,289.11,112,1,0.005276,280.53
August,18,8:30,76,0,0.006544,322.6,131,1,0.011416,307.91,398,1,0.002092,304.87,173,2,0.010366,291.87
August,18,9:00,117,3,0.021859,322.9,197,1,0.004309,319.61,566,4,0.006372,320.21,265,4,0.015327,302.9
August,18,9:30,150,4,0.027699,331.48,258,2,0.006682,328.89,721,8,0.011085,333.49,333,11,0.032725,315.33
August,18,10:00,177,1,0.007685,336.86,321,5,0.017001,335.4,858,14,0.015727,337.99,397,12,0.029659,324.21
August,18,10:30,202,0,0.000313,333.63,359,10,0.028415,345.42,970,13,0.013184,345.71,449,17,0.038843,328.0
August,18,11:00,212,0,0.00031,339.18,398,9,0.022051,353.23,1048,16,0.014792,353.68,487,13,0.026786,331.1
August,18,11:30,217,1,0.006413,343.49,424,10,0.023616,357.05,1082,25,0.023447,357.47,514,13,0.025176,333.44
August,18,12:00,220,4,0.01773,338.0,458,8,0.018522,356.39,1105,26,0.023374,356.61,539,15,0.028357,337.77
August,18,12:30,224,2,0.009541,328.29,475,10,0.021982,359.91,1107,20,0.018332,358.15,547,17,0.031118,340.76
August,18,13:00,221,2,0.0096,331.13,496,10,0.020591,359.41,1099,17,0.015473,361.55,543,14,0.025821,342.07
August,18,13:30,220,1,0.003666,341.5,510,12,0.023656,353.11,1098,22,0.019867,366.05,550,11,0.020118,336.71
August,18,14:00,224,1,0.0066,342.65,518,9,0.01703,353.2,1113,22,0.019907,367.6,566,10,0.017335,335.11
August,18,14:30,229,5,0.02199,344.38,521,7,0.013149,356.24,1120,22,0.019902,367.5,577,10,0.017132,340.99
August,18,15:00,229,6,0.027554,344.08,522,5,0.01042,357.3,1121,13,0.011315,366.62,577,8,0.01419,342.68
August,18,15:30,231,7,0.028446,347.18,524,4,0.007459,357.35,1119,6,0.005292,367.66,571,10,0.016744,345.24
August,18,16:00,227,2,0.009012,346.82,524,3,0.006503,361.54,1115,6,0.005305,365.53,571,7,0.012659,350.18
August,18,16:30,220,1,0.003485,343.04,513,4,0.007794,365.14,1087,6,0.005475,366.15,560,8,0.014803,353.95
August,18,17:00,200,2,0.009389,345.41,490,4,0.007143,364.09,1027,5,0.005266,366.05,537,7,0.013065,353.5
August,18,17:30,179,1,0.003762,339.76,464,3,0.007523,367.01,956,8,0.008881,365.61,503,6,0.01212,345.68
August,18,18:00,152,0,0.000208,337.78,415,5,0.01174,366.25,877,9,0.010486,365.7,455,4,0.009129,347.69
August,18,18:30,129,0,1e-06,347.35,387,6,0.016732,364.64,772,7,0.009073,369.53,399,4,0.009845,347.64
August,18,19:00,91,0,2e-06,347.43,347,5,0.014688,362.76,681,10,0.014372,372.96,364,8,0.021244,341.23
August,18,19:30,69,0,0.000402,346.23,321,5,0.017092,353.48,613,10,0.016345,371.26,335,13,0.039389,342.77
August,18,20:00,52,1,0.012695,343.43,286,8,0.028045,349.71,532,10,0.019502,368.45,293,12,0.041867,338.89
August,18,20:30,42,3,0.078467,348.03,236,5,0.021903,346.15,450,5,0.010541,362.3,251,7,0.02712,337.97
August,18,21:00,32,5,0.159111,343.76,192,3,0.018203,340.96,376,1,0.002065,356.67,208,5,0.026096,338.5
August,18,21:30,25,2,0.071254,329.67,159,1,0.006418,344.65,316,0,9.8e-05,349.29,174,3,0.015111,345.75
August,18,22:00,20,3,0.13919,332.01,125,0,0.000371,340.08,250,0,1e-06,343.7,141,0,0.003447,341.03
August,18,22:30,14,7,0.516425,341.06,97,0,3e-06,330.43,194,0,0.0,335.94,117,0,0.003206,343.44
August,18,23:00,12,3,0.221534,334.5,74,0,0.0,312.05,149,0,0.0,334.86,93,1,0.01064,348.26
August,18,23:30,9,0,0.013373,338.14,58,0,0.0,302.3,118,0,0.0,346.41,72,0,0.005197,336.55
August,19,0:00,4,0,0.0,359.17,30,0,0.0,312.82,71,0,0.0,337.64,43,0,0.0,327.12
August,19,0:30,4,0,0.0,298.68,22,0,0.0,318.13,53,0,0.0,336.18,32,0,0.0,353.03
August,19,1:00,3,0,0.0,284.17,12,0,0.0,330.79,39,0,0.0,328.46,25,0,0.0,374.49
August,19,1:30,2,0,0.0,273.41,6,0,0.0,335.83,28,0,0.0,300.79,19,0,0.0,358.86
August,19,2:00,2,0,0.0,304.68,4,0,0.0,344.88,21,0,0.0,288.88,13,0,0.0,329.79
August,19,2:30,1,0,0.0,246.42,3,0,0.0,370.25,17,0,0.0,281.31,9,0,0.0,322.62
August,19,3:00,1,0,0.0,242.45,3,0,0.0,322.18,13,0,0.0,285.15,3,0,0.0,330.1
August,19,3:30,1,0,0.0,250.9,2,0,0.0,252.16,12,0,0.0,297.74,1,0,0.0,294.14
August,19,4:00,1,0,0.0,249.38,2,0,0.0,224.6,11,0,0.0,299.04,1,0,0.0,225.65
August,19,4:30,2,0,0.0,267.74,2,0,0.0,216.95,11,0,0.0,281.76,1,0,0.0,199.26
August,19,5:00,2,0,0.0,233.12,2,0,0.000193,223.65,13,0,0.0,285.15,1,0,0.0,219.89
August,19,5:30,2,0,0.0,212.96,3,0,0.023932,288.02,18,0,0.0,284.75,3,0,0.0,266.65
August,19,6:00,2,0,0.0,237.13,4,1,0.305867,294.48,29,0,0.0,257.37,12,0,0.0,244.9
August,19,6:30,4,0,0.0,211.2,9,4,0.425888,300.97,49,0,0.0,246.71,22,0,0.0,249.05
August,19,7:00,8,0,3e-05,242.67,24,1,0.056329,284.89,87,0,0.0,259.43,41,0,0.0,277.42
August,19,7:30,17,0,0.002381,279.18,42,0,0.002144,286.79,145,0,0.0,271.72,70,0,0.0,287.49
August,19,8:00,44,1,0.020771,278.91,81,1,0.007346,295.31,252,0,1e-06,290.84,118,0,1e-06,289.4
August,19,8:30,76,3,0.04112,295.63,127,2,0.012932,311.07,375,0,0.000134,305.74,174,0,0.00011,294.13
August,19,9:00,113,3,0.028709,312.32,186,1,0.003199,318.26,530,1,0.002108,315.86,251,0,0.00176,301.95
August,19,9:30,147,2,0.014544,316.09,239,0,0.000576,327.47,666,4,0.006393,323.44,310,2,0.006629,313.12
August,19,10:00,172,1,0.003343,316.61,291,2,0.008118,333.37,779,8,0.010145,328.56,368,6,0.015141,321.67
August,19,10:30,192,1,0.002828,317.23,324,7,0.021432,341.16,872,13,0.015246,335.33,407,10,0.025661,326.58
August,19,11:00,203,1,0.007165,320.55,363,6,0.017325,346.48,932,11,0.012307,339.84,444,9,0.020796,333.98
August,19,11:30,212,1,0.004312,321.39,387,10,0.024879,349.25,961,12,0.011977,341.41,470,8,0.016983,334.3
August,19,12:00,216,2,0.008686,321.31,413,6,0.015137,355.51,968,19,0.019523,343.77,487,8,0.015461,335.04
August,19,12:30,218,3,0.012594,317.11,427,5,0.011653,358.9,973,22,0.022465,347.32,494,10,0.020553,335.32
August,19,13:00,218,1,0.004029,320.88,445,4,0.008129,358.98,974,11,0.011773,348.5,494,10,0.01942,336.11
August,19,13:30,218,0,0.000186,326.07,455,7,0.016038,354.77,973,8,0.008375,351.16,490,9,0.018174,338.16
August,19,14:00,223,0,1e-06,325.1,474,7,0.014884,353.37,984,9,0.008766,353.67,503,8,0.015959,337.01
August,19,14:30,225,0,0.0,328.89,483,4,0.008382,355.73,987,10,0.010017,357.07,503,5,0.010893,336.08
August,19,15:00,224,0,0.0,331.75,481,3,0.007267,353.34,981,7,0.007385,356.28,501,4,0.008028,337.88
August,19,15:30,225,0,0.0,326.76,475,4,0.009377,352.91,972,5,0.00543,356.76,506,4,0.007763,338.22
August,19,16:00,226,0,0.0,329.49,472,5,0.011001,359.47,963,5,0.004993,355.97,509,4,0.007071,341.83
August,19,16:30,216,0,0.0,329.77,456,5,0.010324,361.89,941,5,0.005183,353.82,492,4,0.008169,342.98
August,19,17:00,192,0,0.0,326.35,434,5,0.011786,363.94,892,7,0.0073,355.93,461,3,0.00633,340.53
August,19,17:30,167,0,0.0,323.09,418,5,0.012492,363.3,835,9,0.011024,354.71,434,2,0.004617,342.57
August,19,18:00,151,0,0.0,323.08,391,6,0.014504,358.59,770,11,0.013834,352.57,402,2,0.006127,346.67
August,19,18:30,127,0,2e-06,327.15,353,4,0.011929,355.22,677,6,0.009479,351.67,356,2,0.004525,344.47
August,19,19:00,89,0,0.000459,336.28,314,5,0.014716,352.09,603,4,0.00718,350.94,324,3,0.007913,340.55
August,19,19:30,65,1,0.013909,331.25,288,5,0.017706,351.02,534,4,0.007994,349.43,293,5,0.017725,343.24
August,19,20:00,50,3,0.067328,333.66,250,9,0.034795,345.23,458,5,0.010448,350.52,260,5,0.017898,340.09
August,19,20:30,43,4,0.093777,334.5,212,7,0.034461,339.37,401,3,0.007651,348.28,225,2,0.011069,334.81
August,19,21:00,32,2,0.077243,325.36,174,3,0.017942,336.91,338,1,0.002157,346.92,185,1,0.004944,341.13
August,19,21:30,24,1,0.027178,305.82,145,1,0.004054,338.35,280,0,0.001047,345.65,160,0,0.001097,349.21
August,19,22:00,19,2,0.093523,292.87,116,0,0.000211,341.09,230,1,0.0041,340.8,130,0,0.00119,349.71
August,19,22:30,13,5,0.410016,289.99,91,0,2e-06,334.26,182,1,0.005172,334.61,105,0,0.003885,344.33
August,19,23:00,10,3,0.303737,311.0,69,0,0.0,322.32,140,0,0.001871,330.73,82,0,0.001798,345.3
August,19,23:30,8,1,0.075789,307.19,52,0,0.0,303.09,109,0,0.000108,330.08,67,0,0.000104,347.29
August,20,0:00,4,0,0.0,269.79,35,0,0.0,318.6,72,0,0.0,342.77,41,0,0.0,334.6
August,20,0:30,3,0,0.0,274.22,25,0,0.0,313.92,54,0,0.0,338.86,32,0,0.0,348.26
August,20,1:00,2,0,0.0,305.2,12,0,0.0,305.4,38,0,0.0,343.66,24,0,0.0,341.55
August,20,1:30,2,0,0.0,308.69,6,0,0.0,316.27,28,0,0.0,338.35,18,0,0.0,340.8
August,20,2:00,2,0,0.0,310.5,4,0,0.0,340.55,20,0,0.0,313.57,12,0,0.0,358.04
August,20,2:30,2,0,0.0,314.52,4,0,0.0,352.7,17,0,0.0,301.29,9,0,0.0,374.38
August,20,3:00,2,0,0.0,304.34,3,0,0.0,359.39,13,0,0.0,310.16,3,0,0.0,373.44
August,20,3:30,2,0,0.0,252.33,3,0,0.0,308.7,12,0,0.0,338.69,1,0,0.0,337.29
August,20,4:00,1,0,0.0,223.02,3,0,0.0,294.66,12,0,0.0,340.47,1,0,0.0,365.95
August,20,4:30,1,0,0.0,236.88,3,0,0.0,285.95,12,0,0.0,320.88,1,0,0.0,397.78
August,20,5:00,2,0,0.0,267.36,3,0,0.000117,305.0,14,0,0.0,293.78,1,0,6.8e-05,348.94
August,20,5:30,2,0,0.0,277.96,3,0,0.016131,329.33,19,0,0.0,266.3,3,0,0.004133,271.32
August,20,6:00,3,0,5.7e-05,259.87,5,1,0.214092,325.86,30,0,0.0,257.2,13,0,0.022764,257.15
August,20,6:30,4,0,0.005888,271.59,9,3,0.33212,279.86,51,0,0.0,257.44,24,1,0.033782,271.45
August,20,7:00,9,1,0.060204,302.91,26,3,0.09788,258.38,94,0,2e-06,272.03,43,0,0.006805,260.67
August,20,7:30,20,2,0.106019,320.48,47,4,0.088023,292.86,157,0,0.000237,281.13,75,0,0.000183,277.35
August,20,8:00,48,5,0.102781,311.72,87,2,0.027148,306.63,268,1,0.003205,292.92,125,0,5e-05,297.82
August,20,8:30,82,10,0.120797,336.6,136,3,0.018871,314.03,392,4,0.009653,307.67,184,0,0.000858,301.49
August,20,9:00,122,9,0.07209,336.08,200,1,0.006528,320.88,551,7,0.01325,318.7,266,1,0.003794,299.73
August,20,9:30,151,6,0.039217,337.19,257,3,0.011121,327.18,691,9,0.013133,324.31,320,3,0.010306,310.97
August,20,10:00,177,3,0.016574,334.77,307,11,0.034278,334.22,794,9,0.011856,327.36,371,9,0.023637,319.11
August,20,10:30,199,1,0.003162,334.42,338,18,0.051724,346.09,888,16,0.018437,336.55,405,14,0.035712,327.73
August,20,11:00,213,0,0.000407,334.79,380,9,0.023581,352.81,942,12,0.012965,342.55,442,8,0.018039,330.98
August,20,11:30,220,1,0.005887,333.3,412,9,0.022521,354.7,966,7,0.007649,345.58,462,6,0.01267,332.58
August,20,12:00,220,4,0.019024,343.73,445,5,0.011093,355.89,978,12,0.012765,345.55,473,5,0.011414,332.14
August,20,12:30,221,3,0.014292,342.14,457,6,0.012847,356.01,986,22,0.022731,348.26,481,6,0.012084,331.04
August,20,13:00,223,1,0.003311,340.41,469,6,0.013212,349.0,985,12,0.012295,347.31,486,5,0.010958,334.75
August,20,13:30,222,0,0.000145,338.86,480,6,0.012741,350.98,983,8,0.008074,346.82,493,3,0.006864,331.91
August,20,14:00,223,0,2e-06,339.73,490,4,0.009079,354.83,984,8,0.008507,348.76,504,2,0.004945,332.94
August,20,14:30,224,0,0.000106,343.94,494,6,0.012097,359.37,988,10,0.009665,351.08,502,4,0.007174,342.1
August,20,15:00,224,1,0.00226,342.68,495,4,0.008766,357.0,978,8,0.008373,354.64,500,4,0.007256,346.91
August,20,15:30,223,1,0.006285,346.94,497,4,0.008506,355.9,971,9,0.009363,359.42,497,5,0.0106,344.87
August,20,16:00,220,1,0.002299,351.91,492,4,0.007943,355.22,958,6,0.005879,358.94,490,6,0.01229,342.54
August,20,16:30,210,0,0.000113,349.53,478,2,0.005087,357.17,922,5,0.005012,356.76,479,4,0.008983,341.32
August,20,17:00,190,0,1e-06,346.52,457,1,0.002719,358.66,874,7,0.008165,354.75,463,5,0.010755,337.32
August,20,17:30,169,0,0.0,338.57,438,4,0.008122,357.12,816,9,0.011528,356.06,427,5,0.011063,340.21
August,20,18:00,151,0,0.0,340.0,397,6,0.015264,354.79,742,8,0.010342,361.64,388,4,0.010562,335.97
August,20,18:30,126,0,0.0,358.85,357,3,0.008804,354.85,667,6,0.008793,361.76,349,4,0.012395,338.35
August,20,19:00,86,0,0.0,358.17,322,4,0.013068,355.84,596,6,0.009851,353.7,322,6,0.018001,340.05
August,20,19:30,64,0,2e-06,344.5,293,5,0.018534,357.5,524,6,0.010658,347.93,290,6,0.022332,347.17
August,20,20:00,50,0,0.000472,326.36,259,6,0.021432,354.84,452,4,0.008564,348.98,259,6,0.024942,343.53
August,20,20:30,42,1,0.012003,319.48,220,3,0.0114,348.02,389,3,0.008373,350.81,222,5,0.023701,334.54
August,20,21:00,33,1,0.04223,321.97,180,2,0.013543,345.35,328,1,0.002986,350.43,185,8,0.04113,337.09
August,20,21:30,26,1,0.020101,320.23,150,1,0.005676,343.39,273,0,0.000165,346.37,160,5,0.028715,336.76
August,20,22:00,19,0,0.016036,316.61,120,0,0.00033,325.63,222,0,1e-06,340.79,128,1,0.007336,335.53
August,20,22:30,14,1,0.057068,311.72,94,0,3e-06,322.12,174,0,0.0,326.31,105,0,0.000375,333.69
August,20,23:00,12,0,0.024212,321.38,72,0,0.0,317.31,135,0,0.0,325.74,82,0,3e-06,326.89
August,20,23:30,10,0,0.001404,293.37,57,0,0.0,316.09,109,0,0.0,326.32,65,0,0.0,318.36
August,21,0:00,5,0,0.0,333.41,33,0,0.0,306.45,70,0,0.0,327.8,42,0,0.0,351.58
August,21,0:30,3,0,0.0,337.42,23,0,0.0,294.61,54,0,0.0,323.1,31,0,0.0,359.14
August,21,1:00,3,0,0.0,325.24,12,0,0.0,290.37,40,0,0.0,324.08,23,0,0.0,358.58
August,21,1:30,2,0,0.0,320.62,8,0,0.0,322.24,29,0,0.0,313.39,18,0,0.0,338.24
August,21,2:00,2,0,0.0,279.81,5,0,0.0,374.81,20,0,0.0,257.28,14,0,0.0,318.07
August,21,2:30,1,0,0.0,294.02,4,0,0.0,379.15,16,0,0.0,222.56,9,0,0.0,302.98
August,21,3:00,1,0,0.0,332.02,3,0,0.0,329.95,12,0,0.0,280.36,3,0,0.0,319.0
August,21,3:30,2,0,0.0,303.33,3,0,0.0,354.52,12,0,0.0,315.2,1,0,0.0,363.86
August,21,4:00,2,0,0.0,279.27,3,0,0.0,342.4,12,0,0.0,290.08,1,0,0.0,344.16
August,21,4:30,1,0,0.0,294.24,2,0,0.0,304.58,12,0,0.0,270.72,1,0,0.0,291.18
August,21,5:00,1,0,0.000265,252.24,3,0,0.000133,268.51,14,0,1.1e-05,259.96,1,0,0.000202,291.66
August,21,5:30,2,0,0.032711,269.63,4,0,0.016997,265.31,20,0,0.001252,267.78,3,0,0.010817,379.25
August,21,6:00,3,1,0.495897,272.69,5,1,0.262242,271.08,32,1,0.016843,267.73,12,1,0.055713,298.71
August,21,6:30,5,5,1.0,292.98,9,4,0.410047,338.79,54,2,0.027997,262.33,23,2,0.082787,272.64
August,21,7:00,9,5,0.608423,317.34,24,2,0.088437,309.85,93,1,0.012291,263.32,41,1,0.016686,278.97
August,21,7:30,17,3,0.189362,306.09,42,2,0.054192,300.57,152,2,0.011466,272.88,73,0,0.000445,270.07
August,21,8:00,41,1,0.036315,304.31,79,2,0.01916,313.29,257,1,0.004204,295.18,127,0,0.000235,279.79
August,21,8:30,72,2,0.028184,321.55,122,2,0.016783,321.84,375,2,0.005126,305.6,187,1,0.003702,297.77
August,21,9:00,105,1,0.007098,329.69,183,1,0.008052,322.22,516,3,0.00664,314.62,256,3,0.012769,306.61
August,21,9:30,130,1,0.004223,326.37,230,2,0.009529,328.04,646,6,0.008864,322.81,310,6,0.019643,315.22
August,21,10:00,154,2,0.012991,321.88,277,2,0.00754,334.3,755,9,0.012044,332.12,364,8,0.021123,321.97
August,21,10:30,178,2,0.012842,326.31,316,5,0.015868,345.74,837,14,0.017059,340.78,402,10,0.024438,325.08
August,21,11:00,190,1,0.003539,328.03,344,9,0.025125,350.99,888,16,0.017482,344.68,437,6,0.013055,331.13
August,21,11:30,197,0,0.000156,330.37,377,13,0.035661,347.9,911,14,0.015617,346.98,450,3,0.007289,333.81
August,21,12:00,200,0,1e-06,330.03,402,11,0.026605,350.83,915,12,0.013154,348.41,463,4,0.009108,330.08
August,21,12:30,201,0,0.0,325.12,409,10,0.025236,356.35,922,18,0.019888,350.45,471,7,0.015589,328.74
August,21,13:00,198,0,0.0,330.59,416,11,0.025459,352.12,914,18,0.01916,351.36,473,10,0.020298,332.26
August,21,13:30,199,0,1e-06,337.2,428,15,0.035707,349.06,911,10,0.011207,349.04,480,10,0.019954,331.41
August,21,14:00,203,0,0.000191,339.16,445,10,0.023041,352.55,918,15,0.016426,351.51,496,12,0.024745,334.06
August,21,14:30,203,1,0.004365,342.09,449,8,0.01786,355.73,923,30,0.032621,354.83,499,10,0.019523,339.91
August,21,15:00,204,4,0.01857,345.63,442,6,0.01353,359.05,916,14,0.014985,354.41,492,7,0.01349,344.31
August,21,15:30,201,6,0.028086,345.82,441,6,0.01324,360.06,917,6,0.006067,355.04,489,6,0.011419,341.84
August,21,16:00,200,4,0.017744,343.96,436,5,0.010617,357.65,900,6,0.006735,356.66,491,4,0.007286,339.38
August,21,16:30,195,1,0.004205,341.37,424,4,0.008715,355.17,867,7,0.007827,358.56,472,2,0.005015,343.29
August,21,17:00,176,0,0.002247,340.82,405,2,0.004581,357.25,821,6,0.007305,356.25,445,3,0.006293,342.95
August,21,17:30,154,1,0.006531,340.65,387,3,0.008847,357.59,766,8,0.010541,354.34,414,2,0.006015,340.85
August,21,18:00,133,0,0.00272,340.37,356,5,0.014561,355.76,692,8,0.010975,357.0,376,2,0.004982,344.32
August,21,18:30,113,0,0.00015,338.5,325,5,0.014107,355.67,621,7,0.011583,359.37,339,4,0.010853,339.36
August,21,19:00,79,0,3e-06,339.32,294,5,0.015417,352.07,550,13,0.024146,357.94,312,8,0.026239,335.68
August,21,19:30,60,0,0.000405,327.49,264,4,0.016179,356.29,492,21,0.043499,362.08,283,13,0.044874,336.02
August,21,20:00,47,1,0.011075,331.51,228,4,0.016114,359.94,431,15,0.03413,357.62,254,10,0.039172,330.09
August,21,20:30,39,1,0.037168,337.78,198,1,0.005347,349.37,373,9,0.023635,352.23,218,5,0.02507,332.53
August,21,21:00,29,1,0.017691,319.92,164,0,0.000503,347.62,310,2,0.007639,351.33,180,5,0.025844,333.79
August,21,21:30,22,0,0.00262,321.13,133,1,0.005504,344.45,256,0,0.000416,350.14,157,2,0.014463,332.4
August,21,22:00,17,1,0.041318,311.68,107,2,0.018968,335.34,210,0,3e-06,336.78,125,3,0.0201,338.41
August,21,22:30,13,2,0.156286,312.3,84,1,0.008751,326.95,164,0,0.0,330.95,101,1,0.011319,326.99
August,21,23:00,10,1,0.069421,326.96,64,0,0.000538,326.33,127,0,0.0,331.73,78,0,0.001855,327.18
August,21,23:30,8,0,0.004117,348.14,50,0,4e-06,316.62,101,0,0.0,328.74,64,0,8.2e-05,337.21
August,22,0:00,5,0,0.0,409.28,29,0,0.0,316.65,68,0,0.0,348.36,39,0,0.0,338.85
August,22,0:30,4,0,0.0,362.51,21,0,0.0,331.62,51,0,0.0,329.28,29,0,0.0,333.64
August,22,1:00,3,0,0.0,308.19,11,0,0.0,358.06,38,0,0.0,323.23,21,0,0.0,346.75
August,22,1:30,2,0,0.0,248.27,6,0,0.0,299.83,27,0,0.0,315.41,16,0,0.0,323.27
August,22,2:00,2,0,0.0,254.68,5,0,0.0,318.2,19,0,0.0,315.58,11,0,0.0,333.7
August,22,2:30,1,0,0.0,270.79,4,0,0.0,341.39,16,0,0.0,332.91,8,0,0.0,342.98
August,22,3:00,1,0,0.0,212.4,3,0,0.0,376.58,13,0,0.0,353.56,3,0,0.0,347.4
August,22,3:30,1,0,0.0,199.01,3,0,0.0,371.2,12,0,0.0,359.97,1,0,0.0,295.81
August,22,4:00,1,0,0.0,236.26,3,0,0.0,302.74,13,0,0.0,322.59,1,0,0.0,327.12
August,22,4:30,1,0,0.0,255.84,3,0,1e-05,246.95,13,0,0.0,317.22,0,0,0.0,334.29
August,22,5:00,1,0,0.000196,257.68,3,0,0.001833,260.62,16,0,7e-06,311.77,1,0,0.000202,323.68
August,22,5:30,2,0,0.02513,243.94,3,0,0.05348,286.5,19,0,0.000951,304.03,2,0,0.008916,278.35
August,22,6:00,2,1,0.446595,244.24,5,2,0.416252,301.06,30,0,0.013054,281.12,11,0,0.042684,261.02
August,22,6:30,3,3,1.0,291.5,9,5,0.544372,318.94,51,1,0.022237,267.44,23,1,0.056479,269.23
August,22,7:00,8,5,0.577929,309.82,26,2,0.094351,286.05,87,1,0.011053,266.22,42,1,0.014719,275.7
August,22,7:30,16,3,0.16034,310.43,44,2,0.046821,281.91,148,2,0.011423,267.74,72,1,0.009383,287.04
August,22,8:00,38,1,0.013533,300.8,82,1,0.016391,292.58,253,1,0.003457,282.55,123,1,0.009068,288.32
August,22,8:30,69,0,0.000319,308.16,118,2,0.020895,312.45,371,0,0.001083,300.52,174,1,0.008058,293.03
August,22,9:00,102,0,2e-06,318.46,172,3,0.018413,330.4,520,2,0.003574,307.48,243,2,0.009674,303.66
August,22,9:30,128,0,9.6e-05,326.29,214,3,0.012226,337.19,652,5,0.007516,311.43,303,4,0.014407,312.61
August,22,10:00,146,0,0.001797,333.67,263,2,0.008987,343.0,749,8,0.010849,321.94,354,5,0.015343,315.08
August,22,10:30,172,1,0.004239,336.1,297,5,0.017042,344.06,829,13,0.015419,330.52,387,7,0.018588,326.0
August,22,11:00,183,0,0.001609,336.19,327,9,0.027875,348.46,878,10,0.01132,337.1,419,6,0.015385,331.18
August,22,11:30,192,1,0.003676,334.2,357,13,0.037524,356.57,906,12,0.013343,338.71,439,5,0.012397,329.95
August,22,12:00,197,2,0.009823,332.53,386,11,0.02783,359.27,916,18,0.019227,338.71,449,5,0.010888,329.98
August,22,12:30,197,1,0.004843,341.1,395,11,0.028766,361.34,919,16,0.017765,342.09,456,4,0.009091,338.35
August,22,13:00,198,1,0.003847,347.22,405,11,0.027737,353.91,916,10,0.010921,348.79,460,4,0.008889,341.57
August,22,13:30,200,0,0.001415,344.58,414,12,0.029695,352.0,914,9,0.010333,349.39,469,6,0.012426,339.49
August,22,14:00,201,0,0.002295,342.69,431,15,0.034836,358.31,920,10,0.011073,349.56,478,8,0.01684,336.58
August,22,14:30,205,2,0.009307,342.39,437,15,0.034529,359.91,918,11,0.012123,349.22,477,9,0.019027,339.43
August,22,15:00,203,4,0.01831,338.4,435,8,0.019295,362.02,914,14,0.015364,348.5,472,7,0.014479,343.05
August,22,15:30,203,5,0.022416,343.1,431,7,0.016361,361.17,906,16,0.01768,349.27,469,6,0.013763,341.43
August,22,16:00,198,1,0.007143,346.37,427,7,0.016912,366.57,891,9,0.009719,350.31,478,4,0.009195,341.79
August,22,16:30,188,0,0.000346,347.98,416,7,0.016815,363.55,857,5,0.006154,349.63,461,4,0.008041,340.12
August,22,17:00,168,0,3e-06,345.15,397,7,0.017049,358.62,807,6,0.006985,350.21,429,3,0.006471,344.15
August,22,17:30,148,0,8.3e-05,341.47,377,8,0.021507,360.35,742,6,0.007523,351.71,393,2,0.005118,337.35
August,22,18:00,130,0,0.002026,345.48,344,9,0.0267,363.46,656,5,0.006916,353.93,353,1,0.004067,334.52
August,22,18:30,109,1,0.006679,361.04,309,6,0.02094,356.94,593,4,0.006456,353.17,317,3,0.007952,336.81
August,22,19:00,76,0,0.00347,362.61,280,8,0.028849,352.9,525,4,0.007932,347.01,287,4,0.014748,338.01
August,22,19:30,56,0,0.000221,349.27,247,6,0.024301,345.0,462,4,0.008298,348.1,256,4,0.016694,338.22
August,22,20:00,43,0,2e-06,341.96,211,4,0.020942,349.29,394,4,0.011317,345.16,219,3,0.014342,332.27
August,22,20:30,34,0,0.0,332.97,188,3,0.017562,352.07,337,2,0.005034,340.13,193,4,0.018915,325.46
August,22,21:00,25,0,1e-05,335.76,158,2,0.014265,344.39,282,0,0.000609,341.14,160,7,0.044668,333.97
August,22,21:30,19,0,0.002121,325.18,128,3,0.019801,335.66,231,0,2.3e-05,338.99,137,6,0.040867,340.84
August,22,22:00,16,1,0.054941,331.21,102,1,0.008104,333.97,190,0,0.0,336.87,112,2,0.01508,330.95
August,22,22:30,12,3,0.242973,351.33,82,0,0.000468,326.84,150,0,0.0,335.02,91,0,0.002006,316.38
August,22,23:00,9,2,0.232843,320.28,61,0,4e-06,335.99,117,0,0.0,325.92,72,0,8.6e-05,311.96
August,22,23:30,7,1,0.072757,256.82,52,0,0.0,344.77,93,0,0.0,311.21,57,0,1e-06,313.25
August,23,0:00,5,0,0.0,348.91,35,0,0.01038,307.49,62,0,0.0,310.61,41,0,0.0,321.46
August,23,0:30,4,0,0.0,356.29,24,0,0.004212,336.0,49,0,0.0,312.48,28,0,0.0,327.73
August,23,1:00,3,0,0.0,278.76,11,0,0.000401,343.58,37,0,0.0,320.3,22,0,0.0,321.63
August,23,1:30,2,0,0.0,221.86,6,0,4e-06,296.6,29,0,0.0,313.74,16,0,0.0,315.67
August,23,2:00,2,0,0.0,286.3,5,0,0.0,289.09,19,0,0.0,307.13,11,0,0.0,310.24
August,23,2:30,2,0,0.0,300.59,3,0,0.0,296.55,14,0,0.0,315.9,7,0,0.0,327.11
August,23,3:00,1,0,0.0,282.68,3,0,0.0,268.17,11,0,0.0,300.05,2,0,0.0,349.0
August,23,3:30,1,0,0.0,243.43,3,0,0.0,205.1,11,0,0.0,290.05,1,0,0.0,316.79
August,23,4:00,1,0,0.0,251.74,3,0,0.0,248.0,10,0,0.0,323.27,0,0,0.0,387.55
August,23,4:30,1,0,0.0,251.53,3,0,0.0,301.13,10,0,0.0,332.26,0,0,0.0,382.85
August,23,5:00,1,0,0.0,281.12,3,0,2.9e-05,277.72,11,0,0.0,352.98,1,0,0.0,294.78
August,23,5:30,2,0,0.0,224.88,3,0,0.004802,297.96,13,0,0.0,310.57,2,0,0.0,263.04
August,23,6:00,2,0,0.0,250.94,4,0,0.078571,345.43,20,0,4e-06,282.97,8,0,8e-06,254.67
August,23,6:30,3,0,0.0,283.73,7,1,0.127256,333.36,34,0,0.000405,266.15,15,0,0.000726,265.32
August,23,7:00,6,0,0.0,268.43,13,0,0.023878,305.24,59,0,0.004997,254.14,26,0,0.009014,280.28
August,23,7:30,12,0,0.0,289.68,20,0,0.000722,315.25,99,1,0.008318,254.78,43,1,0.015073,296.1
August,23,8:00,28,0,0.0,277.26,35,0,0.000421,313.32,165,0,0.001904,266.43,73,0,0.003409,295.27
August,23,8:30,44,0,2e-06,287.08,55,0,0.006164,314.27,238,0,0.002035,283.08,107,0,0.002674,291.2
August,23,9:00,65,0,0.000187,287.7,115,1,0.012491,304.48,334,3,0.009329,289.37,155,1,0.009096,294.68
August,23,9:30,79,0,0.003288,287.31,156,2,0.015454,311.64,407,7,0.01644,300.34,193,3,0.015666,290.76
August,23,10:00,97,1,0.0076,296.85,191,3,0.018289,319.91,497,5,0.009863,307.78,231,5,0.01955,296.48
August,23,10:30,122,1,0.005691,302.16,225,5,0.024201,330.41,562,5,0.009454,316.25,272,7,0.024385,304.99
August,23,11:00,136,2,0.014582,304.35,263,6,0.021136,333.78,603,7,0.011085,320.23,306,5,0.017356,312.52
August,23,11:30,142,4,0.027245,304.49,291,6,0.02021,335.63,618,9,0.014525,325.03,319,3,0.008782,315.54
August,23,12:00,152,6,0.041139,312.14,303,5,0.017648,334.16,629,10,0.015569,326.28,331,3,0.007636,319.26
August,23,12:30,158,8,0.052184,313.64,314,9,0.028031,337.85,630,10,0.016134,326.11,338,4,0.011392,317.81
August,23,13:00,159,4,0.023681,320.29,325,11,0.035283,338.51,624,9,0.014501,328.5,342,5,0.014345,317.4
August,23,13:30,156,1,0.007562,325.16,337,13,0.038727,337.13,626,10,0.016737,330.39,343,6,0.017785,314.61
August,23,14:00,152,2,0.014749,326.32,347,13,0.036165,340.32,628,10,0.015733,330.8,343,7,0.021506,317.15
August,23,14:30,152,2,0.015057,323.88,347,9,0.025228,343.83,618,5,0.007517,329.79,344,11,0.031465,318.64
August,23,15:00,148,1,0.004328,321.31,340,5,0.013798,337.13,589,1,0.001504,331.27,336,6,0.018833,310.57
August,23,15:30,146,0,0.000199,329.2,334,4,0.012298,333.36,571,0,0.000599,329.1,321,3,0.009843,308.75
August,23,16:00,144,0,0.000201,330.6,332,4,0.011288,343.3,552,1,0.001851,330.37,310,2,0.007878,317.01
August,23,16:30,134,1,0.004676,314.02,317,3,0.008716,350.33,515,1,0.002628,329.41,290,2,0.006297,316.84
August,23,17:00,123,2,0.016216,321.74,305,2,0.007354,348.12,486,2,0.003799,331.0,270,2,0.006348,317.59
August,23,17:30,109,1,0.013078,331.0,290,3,0.011228,349.98,466,1,0.002393,330.79,253,1,0.004024,319.02
August,23,18:00,96,1,0.006013,336.0,261,5,0.019921,352.46,434,2,0.004017,330.25,232,1,0.003442,323.14
August,23,18:30,82,1,0.008938,341.33,238,5,0.019619,349.65,397,2,0.004694,332.85,209,0,0.001736,331.95
August,23,19:00,65,0,0.003981,334.67,212,3,0.014968,343.2,358,3,0.006996,332.12,197,0,0.001717,330.49
August,23,19:30,50,0,0.000245,329.54,188,4,0.02195,335.58,320,3,0.0105,330.24,176,0,0.000708,325.83
August,23,20:00,39,0,2e-06,309.35,165,7,0.042981,332.83,287,3,0.010507,330.68,153,0,0.001116,314.5
August,23,20:30,33,0,0.0,297.2,145,4,0.029981,320.26,242,2,0.00653,328.85,138,1,0.007187,308.34
August,23,21:00,24,0,0.0,310.25,119,3,0.028343,315.43,204,1,0.006077,327.83,115,2,0.015921,309.93
August,23,21:30,18,0,0.0,331.27,102,2,0.018937,319.28,168,0,0.002308,322.72,97,1,0.006404,314.05
August,23,22:00,13,0,0.0,362.19,82,1,0.013713,316.94,140,0,0.000128,313.23,84,0,0.00034,312.09
August,23,22:30,9,0,0.0,335.26,64,1,0.009473,315.13,115,0,1e-06,308.18,70,0,3e-06,311.76
August,23,23:00,8,0,0.0,329.81,50,1,0.017061,299.33,90,0,0.0,306.03,56,0,0.0,305.57
August,23,23:30,5,0,0.0,288.46,40,0,0.00789,298.79,78,0,0.0,303.3,47,0,0.0,292.34
August,24,0:00,2,0,0.0,328.82,31,0,0.0,281.71,49,0,0.0,303.36,35,0,0.0,296.65
August,24,0:30,2,0,0.0,344.44,22,0,0.0,286.92,40,0,0.0,311.07,25,0,0.0,296.05
August,24,1:00,2,0,0.0,343.9,11,0,0.0,319.11,30,0,0.0,289.34,19,0,0.0,326.33
August,24,1:30,2,0,0.0,319.97,7,0,0.0,335.53,24,0,0.0,282.03,14,0,0.0,350.66
August,24,2:00,1,0,0.0,242.44,5,0,0.0,347.89,17,0,0.0,294.92,10,0,0.0,350.54
August,24,2:30,1,0,0.0,281.67,3,0,0.0,299.17,13,0,0.0,297.9,7,0,0.0,359.46
August,24,3:00,1,0,0.0,336.84,3,0,0.0,303.03,11,0,0.0,316.83,2,0,0.0,339.53
August,24,3:30,1,0,0.0,436.85,3,0,0.0,255.57,9,0,0.0,362.25,1,0,0.0,255.18
August,24,4:00,1,0,0.0,376.96,2,0,0.0,208.52,8,0,0.0,380.71,0,0,0.0,209.21
August,24,4:30,1,0,0.0,264.9,2,0,0.0,322.32,8,0,0.0,351.18,0,0,0.0,249.93
August,24,5:00,1,0,0.0,207.26,2,0,0.0,408.91,9,0,0.0,315.65,1,0,0.0,297.42
August,24,5:30,2,0,0.0,219.4,2,0,0.0,309.17,11,0,0.0,264.74,1,0,0.0,276.23
August,24,6:00,2,0,0.0,247.6,3,0,0.0,258.97,16,0,0.0,255.81,5,0,0.0,231.86
August,24,6:30,2,0,0.0,245.94,4,0,0.0,252.51,26,0,0.0,254.84,10,0,0.0,256.36
August,24,7:00,4,0,0.0,272.63,7,0,0.0,270.64,39,0,0.0,258.67,18,0,0.0,294.36
August,24,7:30,6,0,0.0,295.03,11,0,0.0,284.48,63,0,0.0,261.6,30,0,0.0,300.5
August,24,8:00,11,0,0.0,277.49,19,0,0.0,274.99,100,0,0.0,268.65,45,0,0.0,294.53
August,24,8:30,14,0,0.0,278.85,30,0,0.0,289.59,133,0,0.0,280.49,61,0,6e-06,302.04
August,24,9:00,17,0,0.0,273.01,56,0,0.0,297.7,169,0,0.0,288.65,85,0,0.000659,294.81
August,24,9:30,20,0,0.0,295.39,75,0,0.0,302.56,211,0,0.0,285.18,102,1,0.012796,286.5
August,24,10:00,23,0,0.0,298.83,94,0,4e-06,301.07,263,0,0.0,286.36,120,6,0.049327,297.75
August,24,10:30,28,0,0.0,292.93,106,0,0.000598,306.26,303,0,0.0,292.69,145,9,0.063526,311.05
August,24,11:00,29,0,0.0,295.53,116,1,0.01169,304.47,333,0,3e-06,300.98,158,5,0.033952,307.09
August,24,11:30,31,0,6e-06,300.38,135,4,0.028349,305.53,368,0,0.000387,304.04,171,3,0.01586,305.13
August,24,12:00,43,0,0.000672,298.89,151,3,0.018125,304.65,392,3,0.008214,302.12,183,1,0.00612,303.3
August,24,12:30,54,1,0.011579,299.71,175,5,0.025904,305.15,399,13,0.032113,303.76,185,2,0.012414,301.81
August,24,13:00,64,2,0.027033,301.1,195,5,0.024779,301.84,405,21,0.052498,310.74,188,5,0.026008,307.64
August,24,13:30,67,1,0.009853,300.09,207,6,0.030187,305.33,407,26,0.062868,313.49,194,5,0.023574,307.4
August,24,14:00,70,1,0.011107,304.8,217,4,0.018575,309.38,410,16,0.038145,316.18,196,2,0.01159,307.95
August,24,14:30,70,2,0.029642,307.81,220,1,0.004117,312.31,408,5,0.01251,315.95,197,3,0.014904,307.43
August,24,15:00,70,1,0.018213,308.79,222,0,0.000355,310.44,408,1,0.001989,318.02,195,2,0.01086,310.77
August,24,15:30,71,1,0.02109,303.52,225,1,0.003773,309.05,400,0,8.1e-05,317.4,197,3,0.016019,309.84
August,24,16:00,70,1,0.007499,296.62,221,2,0.010847,309.81,393,0,0.0,314.8,191,2,0.012,318.31
August,24,16:30,67,0,0.000369,287.7,213,2,0.007983,309.68,383,0,0.0,318.94,185,3,0.018278,317.52
August,24,17:00,60,0,2e-06,286.46,207,2,0.011695,309.96,365,0,0.0,317.57,178,1,0.006839,319.72
August,24,17:30,54,0,0.0,288.5,197,1,0.006689,307.08,344,0,0.0,312.41,170,0,0.002675,315.12
August,24,18:00,42,0,0.0,302.53,183,2,0.011735,307.27,301,0,0.0,313.04,158,1,0.006997,307.52
August,24,18:30,34,0,0.0,295.13,166,4,0.025642,302.39,281,0,0.0,313.03,147,0,0.00271,304.93
August,24,19:00,28,0,0.0,287.12,148,6,0.038086,297.6,258,0,0.0,314.65,139,0,0.000334,308.12
August,24,19:30,26,0,0.0,283.68,134,4,0.028371,306.34,233,0,0.0,313.06,135,1,0.00437,317.49
August,24,20:00,25,0,0.0,298.92,117,1,0.007842,304.16,213,0,0.0,306.51,123,2,0.013333,315.51
August,24,20:30,22,0,0.0,300.38,104,0,0.000388,300.39,196,0,0.0,308.65,109,1,0.005421,311.83
August,24,21:00,18,0,1e-05,308.39,95,0,3e-06,301.11,176,0,0.0,310.57,89,0,0.00031,314.21
August,24,21:30,14,0,0.002127,331.01,82,0,0.0,306.6,152,0,0.0,305.7,80,0,0.000196,318.82
August,24,22:00,12,1,0.054212,299.5,68,0,0.0,302.09,130,0,0.0,305.06,72,0,0.004616,315.67
August,24,22:30,10,2,0.174955,313.93,54,0,0.0,288.2,112,0,0.0,303.9,61,1,0.014941,311.34
August,24,23:00,8,1,0.083954,346.93,43,0,0.0,263.18,89,0,0.0,301.95,50,0,0.006597,319.55
August,24,23:30,7,0,0.004572,306.27,35,0,0.0,263.51,74,0,0.0,299.11,45,0,0.000344,340.71
August,25,0:00,4,0,0.0,351.79,22,0,0.0,355.62,53,0,0.0,323.31,30,0,0.0,319.3
August,25,0:30,3,0,0.0,318.94,18,0,0.0,344.28,44,0,0.0,318.25,24,0,0.0,319.85
August,25,1:00,2,0,0.0,326.94,10,0,0.0,360.34,32,0,0.0,319.02,17,0,0.0,330.27
August,25,1:30,2,0,0.0,333.6,6,0,0.0,337.49,23,0,0.0,321.39,13,0,0.0,317.09
August,25,2:00,2,0,0.0,385.58,4,0,0.0,291.87,17,0,0.0,311.28,9,0,0.0,309.39
August,25,2:30,2,0,0.0,314.2,4,0,0.0,305.5,14,0,0.0,332.86,8,0,0.0,323.19
August,25,3:00,1,0,0.0,229.27,3,0,0.0,337.91,11,0,0.0,327.65,5,0,0.0,340.97
August,25,3:30,1,0,0.0,258.06,3,0,0.0,349.41,10,0,0.0,319.06,4,0,0.0,284.0
August,25,4:00,1,0,0.0,259.46,3,0,0.0,299.34,10,0,0.0,307.24,3,0,0.0,278.73
August,25,4:30,2,0,0.0,196.34,2,0,0.0,266.03,10,0,0.0,293.32,3,0,0.0,251.36
August,25,5:00,1,0,0.0,209.67,2,0,7.1e-05,266.28,11,0,0.0,301.12,3,0,0.0,260.68
August,25,5:30,1,0,0.0,223.89,3,0,0.008936,237.35,15,0,0.0,270.64,4,0,0.0,276.46
August,25,6:00,2,0,0.0,236.05,4,1,0.139809,243.46,25,0,0.0,260.65,11,0,0.0,251.74
August,25,6:30,3,0,0.0,226.1,8,2,0.192065,312.24,44,0,0.0,275.08,19,0,0.0,248.28
August,25,7:00,8,0,0.0,241.78,25,1,0.022618,297.09,78,0,0.0,261.88,34,0,5e-06,265.73
August,25,7:30,16,0,8e-06,291.87,43,0,0.001173,285.7,135,0,2e-06,266.33,61,0,0.000443,272.39
August,25,8:00,42,0,0.000516,302.74,82,1,0.006429,293.41,251,0,0.000139,285.97,111,1,0.005236,274.8
August,25,8:30,79,1,0.006585,312.91,130,1,0.01132,307.39,387,1,0.002065,301.56,171,2,0.010309,285.9
August,25,9:00,120,3,0.022187,313.2,198,1,0.004258,319.07,546,3,0.006343,316.74,262,4,0.0152,296.71
August,25,9:30,155,4,0.027855,321.53,257,2,0.006634,328.33,697,8,0.011013,329.87,329,11,0.032489,308.89
August,25,10:00,185,1,0.007674,326.74,318,5,0.016992,334.84,832,13,0.015598,334.32,392,12,0.029457,317.58
August,25,10:30,211,0,0.000313,323.61,357,10,0.028251,344.84,938,12,0.013107,341.96,437,17,0.03907,321.29
August,25,11:00,221,0,0.000309,328.99,396,9,0.021902,352.63,1009,15,0.014771,349.84,477,13,0.026835,324.33
August,25,11:30,227,1,0.006383,333.18,423,10,0.02345,356.44,1038,24,0.023488,353.59,503,13,0.02523,326.62
August,25,12:00,229,4,0.017674,327.85,457,8,0.018391,355.79,1060,25,0.023424,352.74,526,15,0.028479,330.86
August,25,12:30,233,2,0.009515,318.44,473,10,0.02186,359.3,1061,19,0.018371,354.26,533,17,0.031259,333.8
August,25,13:00,230,2,0.009572,321.19,492,10,0.02053,358.8,1054,16,0.015511,357.63,530,14,0.025926,335.08
August,25,13:30,229,1,0.003655,331.24,505,12,0.023659,352.52,1052,21,0.019919,362.08,536,11,0.020232,329.83
August,25,14:00,234,2,0.006581,332.36,512,9,0.01703,352.61,1066,21,0.019965,363.61,553,10,0.017394,328.26
August,25,14:30,238,5,0.021935,334.04,515,7,0.013163,355.64,1073,21,0.019961,363.51,564,10,0.017176,334.02
August,25,15:00,239,7,0.027484,333.75,517,5,0.010433,356.7,1072,12,0.011363,362.64,564,8,0.014231,335.67
August,25,15:30,241,7,0.028382,336.76,518,4,0.007466,356.75,1070,6,0.005322,363.67,558,9,0.01679,338.18
August,25,16:00,236,2,0.008998,336.41,519,3,0.006509,360.93,1064,6,0.005339,361.56,559,7,0.012667,343.02
August,25,16:30,228,1,0.003491,332.74,506,4,0.007822,364.53,1037,6,0.005513,362.18,548,8,0.014811,346.71
August,25,17:00,206,2,0.009468,335.04,483,3,0.007173,363.48,980,5,0.005302,362.08,526,7,0.013075,346.27
August,25,17:30,185,1,0.00379,329.56,456,3,0.007566,366.39,912,8,0.008948,361.64,495,6,0.012071,338.62
August,25,18:00,159,0,0.000207,327.64,410,5,0.011751,365.64,845,9,0.010459,361.73,447,4,0.009112,340.58
August,25,18:30,133,0,2e-06,336.92,381,6,0.016838,364.02,744,7,0.009044,365.52,394,4,0.009775,340.53
August,25,19:00,94,0,2e-06,337.0,341,5,0.014787,362.15,656,9,0.01433,368.92,359,8,0.021077,334.26
August,25,19:30,71,0,0.000405,335.84,315,5,0.017232,352.88,590,10,0.016301,367.24,331,13,0.039182,335.76
August,25,20:00,54,1,0.012797,333.12,281,8,0.028217,349.12,514,10,0.019399,364.45,289,12,0.041594,331.96
August,25,20:30,43,3,0.079333,337.58,232,5,0.022039,345.57,434,5,0.010491,358.37,247,7,0.026982,331.06
August,25,21:00,34,5,0.159945,333.43,189,3,0.018353,340.39,363,1,0.002058,352.8,205,5,0.025925,331.58
August,25,21:30,26,2,0.071892,319.78,155,1,0.006492,344.07,304,0,9.8e-05,345.5,171,3,0.01504,338.68
August,25,22:00,21,3,0.139902,322.04,123,0,0.000374,339.51,241,0,1e-06,339.97,139,0,0.003427,334.06
August,25,22:30,15,8,0.518191,330.82,96,0,3e-06,329.87,187,0,0.0,332.3,115,0,0.00319,336.42
August,25,23:00,13,3,0.222179,324.46,73,0,0.0,311.52,144,0,0.0,331.22,92,1,0.010583,341.15
August,25,23:30,10,0,0.01341,327.99,58,0,0.0,301.79,114,0,0.0,342.65,70,0,0.005193,329.67
August,26,0:00,4,0,0.0,360.75,28,0,0.0,303.22,69,0,0.0,330.89,41,0,0.0,320.93
August,26,0:30,3,0,0.0,299.99,21,0,0.0,308.37,52,0,0.0,329.45,31,0,0.0,346.35
August,26,1:00,3,0,0.0,285.42,11,0,0.0,320.64,38,0,0.0,321.89,23,0,0.0,367.41
August,26,1:30,2,0,0.0,274.61,6,0,0.0,325.53,28,0,0.0,294.78,18,0,0.0,352.07
August,26,2:00,2,0,0.0,306.02,4,0,0.0,334.29,20,0,0.0,283.11,12,0,0.0,323.55
August,26,2:30,1,0,0.0,247.5,3,0,0.0,358.89,17,0,0.0,275.68,9,0,0.0,316.51
August,26,3:00,1,0,0.0,243.52,3,0,0.0,312.29,13,0,0.0,279.45,3,0,0.0,323.86
August,26,3:30,1,0,0.0,252.0,2,0,0.0,244.42,12,0,0.0,291.79,1,0,0.0,288.58
August,26,4:00,1,0,0.0,250.47,2,0,0.0,217.71,11,0,0.0,293.06,1,0,0.0,221.38
August,26,4:30,1,0,0.0,268.91,2,0,0.0,210.29,11,0,0.0,276.13,1,0,0.0,195.49
August,26,5:00,2,0,0.0,234.14,2,0,0.000169,216.78,13,0,0.0,279.45,1,0,0.0,215.73
August,26,5:30,2,0,0.0,213.9,3,0,0.021087,279.18,17,0,0.0,279.06,2,0,0.0,261.61
August,26,6:00,2,0,0.0,238.17,4,1,0.289007,285.45,28,0,0.0,252.23,11,0,0.0,240.27
August,26,6:30,4,0,0.0,212.13,8,3,0.409762,291.73,47,0,0.0,241.78,21,0,0.0,244.34
August,26,7:00,8,0,3e-05,243.73,22,1,0.05445,276.15,85,0,0.0,254.24,39,0,0.0,272.17
August,26,7:30,16,0,0.002354,280.41,39,0,0.002081,277.99,141,0,0.0,266.29,67,0,0.0,282.05
August,26,8:00,41,1,0.020444,280.13,75,1,0.007114,286.25,245,0,1e-06,285.02,113,0,1e-06,283.93
August,26,8:30,71,3,0.040447,296.92,116,1,0.012725,301.52,362,0,0.000133,299.62,167,0,0.000108,288.56
August,26,9:00,106,3,0.028321,313.69,170,1,0.003141,308.49,512,1,0.002096,309.55,238,0,0.001748,296.23
August,26,9:30,137,2,0.014519,317.48,219,0,0.000564,317.42,640,4,0.006388,316.98,294,2,0.006601,307.2
August,26,10:00,159,1,0.003339,318.0,263,2,0.008074,323.14,746,8,0.010169,321.99,350,5,0.015009,315.58
August,26,10:30,178,1,0.002826,318.62,292,6,0.021361,330.69,837,13,0.015245,328.62,386,10,0.025475,320.4
August,26,11:00,188,1,0.007163,321.95,325,6,0.017356,335.84,896,11,0.012301,333.04,421,9,0.02064,327.66
August,26,11:30,196,1,0.004323,322.8,350,9,0.024683,338.53,921,11,0.012007,334.58,446,8,0.016857,327.97
August,26,12:00,200,2,0.008711,322.72,373,6,0.015031,344.6,926,18,0.019591,336.9,461,7,0.015375,328.7
August,26,12:30,202,3,0.012626,318.51,386,4,0.011594,347.88,931,21,0.022542,340.37,467,10,0.02049,328.97
August,26,13:00,202,1,0.004043,322.29,398,3,0.008168,347.96,932,11,0.011808,341.54,467,9,0.019357,329.75
August,26,13:30,202,0,0.000186,327.5,408,7,0.016076,343.88,932,8,0.0084,344.14,463,8,0.01812,331.77
August,26,14:00,206,0,1e-06,326.53,425,6,0.014923,342.53,941,8,0.0088,346.6,474,8,0.015961,330.63
August,26,14:30,208,0,0.0,330.33,432,4,0.008415,344.82,944,9,0.010056,349.93,475,5,0.010878,329.72
August,26,15:00,207,0,0.0,333.21,430,3,0.007299,342.5,937,7,0.007423,349.16,471,4,0.00804,331.49
August,26,15:30,208,0,0.0,328.19,425,4,0.009413,342.07,930,5,0.005449,349.63,475,4,0.007785,331.82
August,26,16:00,208,0,0.0,330.93,422,5,0.011064,348.44,922,5,0.00501,348.86,478,3,0.007094,335.36
August,26,16:30,200,0,0.0,331.22,406,4,0.010417,350.78,905,5,0.005176,346.75,461,4,0.00821,336.49
August,26,17:00,178,0,0.0,327.78,386,5,0.011907,352.77,857,6,0.007295,348.82,432,3,0.006364,334.09
August,26,17:30,156,0,0.0,324.51,373,5,0.012591,352.15,803,9,0.011014,347.62,409,2,0.004611,336.09
August,26,18:00,138,0,0.0,324.5,349,5,0.014571,347.58,741,10,0.01379,345.52,374,2,0.006198,340.11
August,26,18:30,117,0,2e-06,328.58,316,4,0.011965,344.32,652,6,0.00945,344.64,331,2,0.004583,337.95
August,26,19:00,82,0,0.000459,337.76,282,4,0.014715,341.28,580,4,0.007171,343.93,301,2,0.008036,334.11
August,26,19:30,61,1,0.013832,332.71,256,5,0.017909,340.24,513,4,0.007986,342.45,273,5,0.017934,336.75
August,26,20:00,47,3,0.066334,335.12,222,8,0.035202,334.64,442,5,0.010394,343.51,243,4,0.018067,333.65
August,26,20:30,40,4,0.092749,335.97,190,7,0.034445,328.95,387,3,0.007605,341.31,212,2,0.011111,328.48
August,26,21:00,30,2,0.076415,326.78,156,3,0.017934,326.57,326,1,0.002148,339.98,173,1,0.004987,334.68
August,26,21:30,23,1,0.026971,307.16,130,1,0.004067,327.97,270,0,0.001042,338.74,150,0,0.001108,342.6
August,26,22:00,18,2,0.09248,294.16,105,0,0.00021,330.62,222,1,0.004074,333.99,123,0,0.001179,343.1
August,26,22:30,12,5,0.404489,291.27,82,0,2e-06,324.0,176,1,0.005149,327.92,100,0,0.003851,337.82
August,26,23:00,10,3,0.30077,312.36,63,0,0.0,312.43,135,0,0.001858,324.12,78,0,0.001787,338.77
August,26,23:30,7,1,0.075643,308.54,48,0,0.0,293.79,104,0,0.000109,323.48,63,0,0.000104,340.72
August,27,0:00,4,0,0.0,267.57,32,0,0.0,317.13,71,0,0.0,346.53,41,0,0.0,334.6
August,27,0:30,3,0,0.0,271.96,23,0,0.0,312.47,53,0,0.0,342.58,32,0,0.0,348.25
August,27,1:00,2,0,0.0,302.69,11,0,0.0,303.99,37,0,0.0,347.44,24,0,0.0,341.55
August,27,1:30,2,0,0.0,306.15,6,0,0.0,314.81,27,0,0.0,342.07,18,0,0.0,340.8
August,27,2:00,2,0,0.0,307.95,4,0,0.0,338.98,20,0,0.0,317.01,12,0,0.0,358.04
August,27,2:30,2,0,0.0,311.93,3,0,0.0,351.07,16,0,0.0,304.6,9,0,0.0,374.38
August,27,3:00,2,0,0.0,301.84,3,0,0.0,357.73,13,0,0.0,313.57,3,0,0.0,373.44
August,27,3:30,1,0,0.0,250.26,3,0,0.0,307.27,12,0,0.0,342.41,1,0,0.0,337.29
August,27,4:00,1,0,0.0,221.18,3,0,0.0,293.3,11,0,0.0,344.21,1,0,0.0,365.95
August,27,4:30,1,0,0.0,234.94,2,0,0.0,284.63,12,0,0.0,324.41,1,0,0.0,397.78
August,27,5:00,1,0,0.0,265.16,2,0,0.000113,303.6,13,0,0.0,297.01,1,0,8e-05,348.94
August,27,5:30,2,0,0.0,275.67,3,0,0.015358,327.81,19,0,0.0,269.22,3,0,0.004383,271.32
August,27,6:00,2,0,5.6e-05,257.73,5,1,0.21323,324.36,30,0,0.0,260.03,13,0,0.02293,257.15
August,27,6:30,4,0,0.005828,269.36,8,3,0.328444,278.57,50,0,0.0,260.27,24,1,0.033958,271.45
August,27,7:00,8,0,0.05991,300.42,24,2,0.094914,257.19,92,0,2e-06,275.02,43,0,0.006836,260.67
August,27,7:30,18,2,0.108041,317.85,43,4,0.085474,291.51,155,0,0.000236,284.22,76,0,0.000183,277.35
August,27,8:00,44,4,0.102612,309.16,79,2,0.026261,305.22,265,1,0.003184,296.13,127,0,5e-05,297.82
August,27,8:30,76,9,0.119523,333.83,122,2,0.018489,312.58,385,4,0.009646,311.05,186,0,0.000858,301.49
August,27,9:00,113,8,0.071544,333.31,180,1,0.006381,319.39,543,7,0.013214,322.2,269,1,0.003791,299.73
August,27,9:30,139,5,0.039157,334.42,233,3,0.010815,325.67,679,9,0.013112,327.87,322,3,0.010342,310.97
August,27,10:00,162,3,0.016579,332.01,274,9,0.033737,332.68,781,9,0.011835,330.95,376,9,0.023553,319.11
August,27,10:30,182,1,0.003171,331.67,302,15,0.050877,344.49,873,16,0.018402,340.24,408,15,0.035766,327.73
August,27,11:00,194,0,0.000408,332.04,338,8,0.023322,351.18,925,12,0.012949,346.31,446,8,0.018019,330.98
August,27,11:30,201,1,0.005911,330.56,366,8,0.022305,353.07,948,7,0.007651,349.38,467,6,0.012654,332.58
August,27,12:00,201,4,0.019067,340.9,391,4,0.011093,354.25,959,12,0.012777,349.35,478,5,0.011403,332.14
August,27,12:30,202,3,0.014311,339.32,402,5,0.012849,354.36,967,22,0.022751,352.08,486,6,0.012072,331.04
August,27,13:00,204,1,0.003318,337.61,410,5,0.013278,347.39,966,12,0.012302,351.12,491,5,0.010945,334.75
August,27,13:30,203,0,0.000146,336.08,419,5,0.012826,349.36,964,8,0.008079,350.63,498,3,0.006856,331.91
August,27,14:00,204,0,2e-06,336.94,429,4,0.009121,353.19,965,8,0.008513,352.59,509,3,0.00494,332.94
August,27,14:30,205,0,0.000106,341.11,433,5,0.012149,357.71,969,9,0.009671,354.94,508,4,0.007166,342.1
August,27,15:00,205,0,0.002264,339.86,433,4,0.008813,355.36,958,8,0.008388,358.53,505,4,0.007248,346.91
August,27,15:30,204,1,0.006299,344.09,434,4,0.00856,354.25,952,9,0.009372,363.36,503,5,0.010587,344.87
August,27,16:00,201,0,0.002306,349.01,429,3,0.008002,353.58,939,6,0.005887,362.88,495,6,0.012277,342.54
August,27,16:30,192,0,0.000113,346.66,415,2,0.005157,355.52,905,5,0.005008,360.67,484,4,0.008984,341.32
August,27,17:00,175,0,1e-06,343.67,395,1,0.002765,357.01,858,7,0.008164,358.65,468,5,0.010755,337.32
August,27,17:30,157,0,0.0,335.78,381,3,0.008216,355.47,801,9,0.011524,359.97,434,5,0.011013,340.21
August,27,18:00,137,0,0.0,337.2,350,5,0.015229,353.15,730,8,0.010319,365.61,391,4,0.010581,335.97
August,27,18:30,116,0,0.0,355.9,313,3,0.008814,353.22,655,6,0.008786,365.73,351,4,0.01241,338.35
August,27,19:00,79,0,0.0,355.22,283,4,0.013093,354.2,583,6,0.009884,357.58,325,6,0.01805,340.05
August,27,19:30,59,0,2e-06,341.66,256,5,0.018693,355.85,514,5,0.010662,351.75,292,7,0.022379,347.17
August,27,20:00,46,0,0.000467,323.68,225,5,0.021649,353.2,443,4,0.008576,352.81,261,7,0.025001,343.53
August,27,20:30,39,0,0.011928,316.85,193,2,0.011397,346.41,381,3,0.008397,354.66,224,5,0.023746,334.54
August,27,21:00,31,1,0.042115,319.32,158,2,0.013537,343.76,321,1,0.002998,354.28,187,8,0.041185,337.09
August,27,21:30,24,0,0.020186,317.59,131,1,0.005696,341.8,267,0,0.000165,350.17,161,5,0.028758,336.76
August,27,22:00,18,0,0.016002,314.0,106,0,0.000329,324.13,217,0,1e-06,344.53,129,1,0.007335,335.53
August,27,22:30,13,1,0.05746,309.16,83,0,3e-06,320.64,170,0,0.0,329.9,107,0,0.000375,333.69
August,27,23:00,11,0,0.024566,318.73,64,0,0.0,315.85,133,0,0.0,329.31,83,0,3e-06,326.89
August,27,23:30,8,0,0.001462,290.96,51,0,0.0,314.63,107,0,0.0,329.9,66,0,0.0,318.36
August,28,0:00,5,0,0.0,335.68,30,0,0.0,305.8,71,0,0.0,327.98,42,0,0.0,351.49
August,28,0:30,3,0,0.0,339.72,21,0,0.0,293.99,55,0,0.0,323.29,31,0,0.0,359.04
August,28,1:00,3,0,0.0,327.45,11,0,0.0,289.76,41,0,0.0,324.27,23,0,0.0,358.49
August,28,1:30,2,0,0.0,322.81,7,0,0.0,321.56,29,0,0.0,313.57,18,0,0.0,338.16
August,28,2:00,2,0,0.0,281.71,4,0,0.0,374.02,20,0,0.0,257.42,14,0,0.0,317.99
August,28,2:30,1,0,0.0,296.03,3,0,0.0,378.35,16,0,0.0,222.69,9,0,0.0,302.9
August,28,3:00,1,0,0.0,334.28,3,0,0.0,329.26,12,0,0.0,280.53,3,0,0.0,318.92
August,28,3:30,2,0,0.0,305.4,3,0,0.0,353.78,12,0,0.0,315.38,1,0,0.0,363.76
August,28,4:00,2,0,0.0,281.17,2,0,0.0,341.68,12,0,0.0,290.24,1,0,0.0,344.07
August,28,4:30,1,0,0.0,296.24,2,0,0.0,303.94,12,0,0.0,270.87,1,0,0.0,291.11
August,28,5:00,1,0,0.000273,253.96,2,0,0.000144,267.95,15,0,1.1e-05,260.11,1,0,0.000201,291.58
August,28,5:30,2,0,0.033037,271.46,3,0,0.017949,264.76,20,0,0.001246,267.94,3,0,0.010673,379.16
August,28,6:00,3,1,0.495226,274.55,4,1,0.271742,270.51,33,1,0.016595,267.89,12,1,0.055506,298.64
August,28,6:30,5,5,1.0,294.97,8,3,0.415901,338.08,55,2,0.02783,262.48,23,2,0.082595,272.57
August,28,7:00,9,5,0.605726,319.5,22,2,0.087491,309.2,95,1,0.012298,263.47,41,1,0.016652,278.89
August,28,7:30,17,3,0.189005,308.18,40,2,0.053549,299.94,154,2,0.011517,273.03,73,0,0.000441,270.0
August,28,8:00,43,2,0.035665,306.39,75,1,0.018853,312.63,263,1,0.004209,295.35,127,0,0.000233,279.72
August,28,8:30,75,2,0.027758,323.74,116,2,0.016532,321.16,381,2,0.005153,305.78,187,1,0.003685,297.69
August,28,9:00,108,1,0.007064,331.93,172,1,0.007993,321.55,528,4,0.006636,314.8,256,3,0.01273,306.53
August,28,9:30,134,1,0.004193,328.6,218,2,0.009404,327.35,660,6,0.008868,323.0,310,6,0.019589,315.14
August,28,10:00,158,2,0.01292,324.08,260,2,0.007504,333.6,769,9,0.012085,332.31,365,8,0.020985,321.89
August,28,10:30,182,2,0.012839,328.53,295,5,0.015883,345.01,854,15,0.01711,340.97,401,10,0.024394,324.99
August,28,11:00,194,1,0.00354,330.27,321,8,0.02521,350.25,906,16,0.017526,344.88,436,6,0.013031,331.04
August,28,11:30,201,0,0.000156,332.62,353,13,0.035644,347.17,931,15,0.015644,347.18,449,3,0.007285,333.72
August,28,12:00,204,0,1e-06,332.28,377,10,0.02656,350.09,935,12,0.013178,348.61,461,4,0.009111,329.99
August,28,12:30,205,0,0.0,327.33,383,10,0.025279,355.6,941,19,0.01992,350.65,469,7,0.015596,328.65
August,28,13:00,202,0,0.0,332.84,388,10,0.025597,351.38,934,18,0.019183,351.57,471,10,0.020312,332.18
August,28,13:30,203,0,1e-06,339.5,401,14,0.035735,348.33,931,10,0.011218,349.24,478,10,0.019966,331.32
August,28,14:00,207,0,0.000191,341.47,417,10,0.023,351.8,938,15,0.016437,351.71,493,12,0.024772,333.97
August,28,14:30,207,1,0.004365,344.42,421,8,0.017808,354.98,944,31,0.032647,355.03,496,10,0.019545,339.82
August,28,15:00,208,4,0.018564,347.99,415,6,0.013506,358.3,937,14,0.014994,354.61,489,7,0.013506,344.22
August,28,15:30,206,6,0.028067,348.18,412,5,0.013259,359.3,938,6,0.006063,355.25,487,6,0.011433,341.75
August,28,16:00,204,4,0.017712,346.31,407,4,0.010646,356.9,921,6,0.006731,356.86,488,4,0.007296,339.3
August,28,16:30,199,1,0.004197,343.7,394,3,0.008773,354.42,889,7,0.007812,358.76,469,2,0.005022,343.21
August,28,17:00,179,0,0.002251,343.15,376,2,0.004611,356.5,841,6,0.007296,356.45,443,3,0.006303,342.86
August,28,17:30,157,1,0.006533,342.97,360,3,0.008905,356.84,788,8,0.010475,354.54,413,2,0.006005,340.76
August,28,18:00,134,0,0.002749,342.69,336,5,0.014475,355.02,714,8,0.010877,357.21,375,2,0.004983,344.23
August,28,18:30,115,0,0.00015,340.81,308,4,0.013966,354.92,638,7,0.011544,359.57,338,4,0.010851,339.27
August,28,19:00,80,0,3e-06,341.63,278,4,0.015237,351.33,565,14,0.02403,358.14,310,8,0.026293,335.59
August,28,19:30,60,0,0.000409,329.72,248,4,0.016117,355.54,505,22,0.043283,362.29,281,13,0.044938,335.94
August,28,20:00,47,1,0.011143,333.77,214,3,0.016108,359.18,442,15,0.034061,357.83,252,10,0.039232,330.0
August,28,20:30,39,1,0.037469,340.08,184,1,0.005379,348.63,382,9,0.023621,352.43,217,5,0.025088,332.45
August,28,21:00,30,1,0.017838,322.1,152,0,0.000507,346.89,317,2,0.007639,351.53,178,5,0.025922,333.7
August,28,21:30,22,0,0.002645,323.32,124,1,0.005568,343.73,261,0,0.000417,350.35,156,2,0.01451,332.31
August,28,22:00,18,1,0.041424,313.81,100,2,0.019159,334.64,214,0,3e-06,336.98,125,3,0.020146,338.32
August,28,22:30,13,2,0.158017,314.43,79,1,0.008704,326.27,166,0,0.0,331.14,100,1,0.011326,326.91
August,28,23:00,10,1,0.07065,329.19,60,0,0.000532,325.64,129,0,0.0,331.92,78,0,0.001858,327.1
August,28,23:30,8,0,0.004224,350.51,46,0,4e-06,315.95,103,0,0.0,328.92,63,0,8.2e-05,337.12
August,29,0:00,5,0,0.0,409.21,28,0,0.0,316.39,69,0,0.0,351.71,39,0,0.0,337.13
August,29,0:30,4,0,0.0,362.45,21,0,0.0,331.34,52,0,0.0,332.44,30,0,0.0,331.94
August,29,1:00,3,0,0.0,308.13,10,0,0.0,357.76,38,0,0.0,326.33,22,0,0.0,344.98
August,29,1:30,2,0,0.0,248.23,6,0,0.0,299.58,28,0,0.0,318.44,16,0,0.0,321.62
August,29,2:00,2,0,0.0,254.64,4,0,0.0,317.93,20,0,0.0,318.61,12,0,0.0,332.01
August,29,2:30,1,0,0.0,270.75,3,0,0.0,341.11,17,0,0.0,336.11,8,0,0.0,341.24
August,29,3:00,1,0,0.0,212.37,3,0,0.0,376.27,13,0,0.0,356.96,3,0,0.0,345.64
August,29,3:30,1,0,0.0,198.98,3,0,0.0,370.89,13,0,0.0,363.43,1,0,0.0,294.3
August,29,4:00,1,0,0.0,236.22,3,0,0.0,302.49,13,0,0.0,325.69,0,0,0.0,325.46
August,29,4:30,1,0,0.0,255.8,3,0,1.1e-05,246.75,14,0,0.0,320.26,0,0,0.0,332.59
August,29,5:00,1,0,0.000195,257.64,3,0,0.002,260.4,16,0,7e-06,314.77,1,0,0.00026,322.04
August,29,5:30,2,0,0.025151,243.9,3,0,0.05725,286.26,20,0,0.000949,306.95,3,0,0.00888,276.93
August,29,6:00,2,1,0.446986,244.2,5,2,0.436976,300.81,31,0,0.01284,283.82,12,0,0.042641,259.7
August,29,6:30,4,4,1.0,291.45,9,5,0.55846,318.67,52,1,0.022063,270.01,24,1,0.056934,267.86
August,29,7:00,8,5,0.58263,309.77,26,2,0.095126,285.81,89,1,0.011035,268.78,44,1,0.014826,274.3
August,29,7:30,16,3,0.162972,310.38,44,2,0.047101,281.68,151,2,0.011436,270.31,76,1,0.009394,285.58
August,29,8:00,39,1,0.01366,300.76,82,1,0.01644,292.34,258,1,0.003454,285.26,131,1,0.009129,286.85
August,29,8:30,71,0,0.000318,308.11,118,2,0.020903,312.19,378,0,0.001086,303.4,187,1,0.007987,291.54
August,29,9:00,106,0,2e-06,318.41,172,3,0.018445,330.12,531,2,0.003575,310.43,261,3,0.009618,302.12
August,29,9:30,133,0,9.6e-05,326.24,215,3,0.012168,336.91,665,5,0.007523,314.42,323,5,0.0144,311.02
August,29,10:00,152,0,0.001791,333.62,263,2,0.008974,342.71,764,8,0.010852,325.03,379,6,0.015291,313.48
August,29,10:30,178,1,0.004242,336.05,297,5,0.017041,343.77,846,13,0.015414,333.69,413,8,0.018612,324.34
August,29,11:00,190,0,0.001608,336.13,326,9,0.027865,348.17,896,10,0.011331,340.33,445,7,0.015469,329.5
August,29,11:30,198,1,0.003674,334.15,357,13,0.037513,356.27,924,12,0.013359,341.96,466,6,0.012479,328.27
August,29,12:00,203,2,0.009831,332.48,385,11,0.02782,358.97,935,18,0.019241,341.96,476,5,0.010945,328.31
August,29,12:30,204,1,0.004842,341.05,395,11,0.028753,361.03,938,17,0.017773,345.37,485,4,0.009108,336.63
August,29,13:00,205,1,0.003846,347.16,404,11,0.027713,353.61,935,10,0.010922,352.14,490,4,0.00891,339.84
August,29,13:30,207,0,0.001415,344.53,413,12,0.029666,351.7,933,10,0.010329,352.75,499,6,0.012451,337.76
August,29,14:00,208,0,0.002292,342.63,431,15,0.034753,358.01,939,10,0.011071,352.92,510,9,0.016837,334.87
August,29,14:30,212,2,0.009298,342.33,438,15,0.034404,359.61,938,11,0.01212,352.57,508,10,0.019055,337.71
August,29,15:00,211,4,0.018282,338.35,436,8,0.019225,361.72,933,14,0.015365,351.85,505,7,0.014461,341.31
August,29,15:30,210,5,0.022386,343.04,431,7,0.016328,360.87,925,16,0.017668,352.62,502,7,0.013711,339.69
August,29,16:00,206,1,0.007129,346.32,427,7,0.016885,366.26,910,9,0.009715,353.67,513,5,0.009148,340.06
August,29,16:30,195,0,0.000345,347.92,415,7,0.016809,363.24,875,5,0.006152,352.98,496,4,0.007982,338.4
August,29,17:00,174,0,3e-06,345.1,396,7,0.01705,358.32,824,6,0.006989,353.58,461,3,0.006435,342.4
August,29,17:30,154,0,8.3e-05,341.42,376,8,0.021505,360.05,759,6,0.007518,355.08,420,2,0.005109,335.63
August,29,18:00,133,0,0.002048,345.42,343,9,0.026707,363.16,676,5,0.006857,357.33,380,2,0.004032,332.82
August,29,18:30,113,1,0.006698,360.98,308,6,0.020921,356.64,608,4,0.006425,356.56,341,3,0.007896,335.1
August,29,19:00,78,0,0.003485,362.55,279,8,0.028852,352.61,537,4,0.007917,350.35,308,5,0.014631,336.29
August,29,19:30,57,0,0.000222,349.22,246,6,0.024321,344.71,471,4,0.008301,351.44,274,5,0.016629,336.5
August,29,20:00,44,0,2e-06,341.9,211,4,0.020968,349.0,403,5,0.011309,348.48,235,3,0.014306,330.59
August,29,20:30,35,0,0.0,332.91,187,3,0.017592,351.78,345,2,0.005025,343.4,205,4,0.018958,323.81
August,29,21:00,26,0,1e-05,335.7,157,2,0.014281,344.1,287,0,0.000611,344.42,171,8,0.044662,332.28
August,29,21:30,20,0,0.002134,325.13,128,3,0.019819,335.38,235,0,2.4e-05,342.24,146,6,0.040878,339.1
August,29,22:00,17,1,0.054752,331.16,102,1,0.00815,333.69,192,0,0.0,340.11,117,2,0.015399,329.27
August,29,22:30,12,3,0.24432,351.27,82,0,0.00047,326.57,152,0,0.0,338.24,95,0,0.002055,314.77
August,29,23:00,9,2,0.236221,320.22,61,0,4e-06,335.71,118,0,0.0,329.05,75,0,8.8e-05,310.38
August,29,23:30,7,1,0.074469,256.78,50,0,0.0,344.48,94,0,0.0,314.2,60,0,1e-06,311.66
August,30,0:00,5,0,0.0,348.7,31,0,0.010286,308.02,61,0,0.0,318.18,41,0,0.0,322.27
August,30,0:30,4,0,0.0,356.07,22,0,0.004128,336.58,48,0,0.0,320.09,29,0,0.0,328.56
August,30,1:00,3,0,0.0,278.59,10,0,0.000406,344.17,36,0,0.0,328.1,22,0,0.0,322.45
August,30,1:30,2,0,0.0,221.72,5,0,5e-06,297.11,28,0,0.0,321.38,16,0,0.0,316.47
August,30,2:00,1,0,0.0,286.12,4,0,0.0,289.59,19,0,0.0,314.61,11,0,0.0,311.02
August,30,2:30,1,0,0.0,300.4,3,0,0.0,297.06,14,0,0.0,323.59,7,0,0.0,327.94
August,30,3:00,1,0,0.0,282.51,2,0,0.0,268.63,11,0,0.0,307.35,2,0,0.0,349.88
August,30,3:30,1,0,0.0,243.28,2,0,0.0,205.45,11,0,0.0,297.11,1,0,0.0,317.59
August,30,4:00,1,0,0.0,251.59,2,0,0.0,248.42,10,0,0.0,331.14,0,0,0.0,388.53
August,30,4:30,1,0,0.0,251.37,2,0,0.0,301.65,10,0,0.0,340.35,0,0,0.0,383.82
August,30,5:00,1,0,0.0,280.95,2,0,3.2e-05,278.2,10,0,0.0,361.57,1,0,0.0,295.53
August,30,5:30,1,0,0.0,224.74,2,0,0.005172,298.47,13,0,0.0,318.14,2,0,0.0,263.71
August,30,6:00,2,0,0.0,250.79,3,0,0.085045,346.02,19,0,4e-06,289.86,9,0,8e-06,255.32
August,30,6:30,3,0,0.0,283.56,6,1,0.134333,333.93,33,0,0.000406,272.64,16,0,0.000729,265.99
August,30,7:00,6,0,0.0,268.26,11,0,0.02601,305.77,58,0,0.00499,260.33,27,0,0.008981,280.99
August,30,7:30,11,0,0.0,289.5,17,0,0.000766,315.79,97,1,0.008319,260.98,45,1,0.015157,296.85
August,30,8:00,27,0,0.0,277.09,30,0,0.000442,313.86,162,0,0.001894,272.92,75,0,0.003429,296.02
August,30,8:30,43,0,2e-06,286.9,47,0,0.006311,314.81,234,0,0.002025,289.97,112,0,0.002648,291.94
August,30,9:00,64,0,0.000188,287.52,101,1,0.012451,305.0,327,3,0.009315,296.42,161,1,0.009081,295.43
August,30,9:30,78,0,0.003292,287.13,135,2,0.015721,312.17,397,7,0.016465,307.66,201,3,0.015536,291.49
August,30,10:00,96,1,0.007577,296.66,166,3,0.0185,320.46,487,5,0.009835,315.28,238,5,0.019605,297.23
August,30,10:30,120,1,0.005691,301.97,196,5,0.0244,330.98,549,5,0.009453,323.95,280,7,0.02449,305.76
August,30,11:00,134,2,0.014575,304.16,232,5,0.021101,334.35,587,7,0.011123,328.03,317,5,0.017336,313.32
August,30,11:30,140,4,0.027236,304.31,256,5,0.02016,336.21,602,9,0.014582,332.95,330,3,0.008769,316.33
August,30,12:00,149,6,0.041157,311.95,266,5,0.017625,334.73,612,10,0.015627,334.23,342,3,0.007628,320.07
August,30,12:30,155,8,0.052164,313.45,278,8,0.027844,338.43,613,10,0.016204,334.06,350,4,0.011376,318.61
August,30,13:00,156,4,0.023682,320.1,287,10,0.035034,339.09,608,9,0.014556,336.5,354,5,0.014323,318.2
August,30,13:30,153,1,0.007568,324.96,299,11,0.038385,337.71,610,10,0.016793,338.44,355,6,0.017745,315.41
August,30,14:00,150,2,0.014732,326.12,306,11,0.03601,340.9,612,10,0.015779,338.86,355,8,0.021456,317.95
August,30,14:30,149,2,0.015041,323.68,306,8,0.025108,344.42,602,5,0.007535,337.82,356,11,0.031392,319.44
August,30,15:00,146,1,0.004327,321.11,300,4,0.013732,337.71,576,1,0.001505,339.33,348,7,0.018785,311.36
August,30,15:30,144,0,0.000199,328.99,295,4,0.012234,333.94,559,0,0.000597,337.12,333,3,0.00982,309.53
August,30,16:00,142,0,0.000201,330.4,292,3,0.011268,343.89,541,1,0.001845,338.42,320,3,0.007896,317.82
August,30,16:30,132,1,0.004666,313.83,276,2,0.008797,350.93,506,1,0.002617,337.44,300,2,0.006288,317.65
August,30,17:00,121,2,0.016156,321.54,268,2,0.007351,348.72,477,2,0.003785,339.06,280,2,0.006328,318.39
August,30,17:30,108,1,0.012977,330.8,254,3,0.011237,350.58,458,1,0.002381,338.85,264,1,0.003984,319.83
August,30,18:00,94,1,0.006036,335.8,230,5,0.019801,353.07,424,2,0.004016,338.29,239,1,0.003453,323.95
August,30,18:30,81,1,0.008891,341.12,211,4,0.019466,350.25,387,2,0.004702,340.95,216,0,0.001734,332.79
August,30,19:00,64,0,0.003997,334.46,185,3,0.015049,343.79,349,2,0.007015,340.21,202,0,0.001732,331.33
August,30,19:30,49,0,0.000245,329.34,165,4,0.021971,336.16,312,3,0.010528,338.29,180,0,0.000714,326.66
August,30,20:00,39,0,2e-06,309.16,147,6,0.042489,333.4,280,3,0.010533,338.73,157,0,0.001125,315.3
August,30,20:30,33,0,0.0,297.02,127,4,0.029965,320.81,238,2,0.006499,336.86,142,1,0.007224,309.12
August,30,21:00,24,0,0.0,310.06,104,3,0.028466,315.97,201,1,0.006034,335.81,118,2,0.016027,310.71
August,30,21:30,18,0,0.0,331.06,89,2,0.019113,319.83,165,0,0.002296,330.57,100,1,0.006432,314.85
August,30,22:00,13,0,0.0,361.97,71,1,0.013766,317.49,137,0,0.000127,320.86,87,0,0.000342,312.88
August,30,22:30,9,0,0.0,335.05,56,1,0.009486,315.67,113,0,1e-06,315.69,72,0,3e-06,312.55
August,30,23:00,8,0,0.0,329.61,43,1,0.01726,299.85,89,0,0.0,313.49,58,0,0.0,306.35
August,30,23:30,5,0,0.0,288.28,34,0,0.008192,299.31,77,0,0.0,310.69,48,0,0.0,293.08
August,31,0:00,3,0,0.0,326.01,26,0,0.0,281.75,48,0,0.0,308.36,36,0,0.0,296.82
August,31,0:30,3,0,0.0,341.5,19,0,0.0,286.96,39,0,0.0,316.2,26,0,0.0,296.23
August,31,1:00,3,0,0.0,340.96,9,0,0.0,319.15,29,0,0.0,294.11,20,0,0.0,326.53
August,31,1:30,2,0,0.0,317.23,5,0,0.0,335.57,23,0,0.0,286.68,15,0,0.0,350.87
August,31,2:00,1,0,0.0,240.36,4,0,0.0,347.94,17,0,0.0,299.78,11,0,0.0,350.74
August,31,2:30,1,0,0.0,279.26,3,0,0.0,299.21,13,0,0.0,302.81,7,0,0.0,359.67
August,31,3:00,1,0,0.0,333.96,2,0,0.0,303.08,11,0,0.0,322.06,3,0,0.0,339.73
August,31,3:30,1,0,0.0,433.12,2,0,0.0,255.61,9,0,0.0,368.22,1,0,0.0,255.33
August,31,4:00,1,0,0.0,373.74,2,0,0.0,208.56,8,0,0.0,386.99,0,0,0.0,209.34
August,31,4:30,1,0,0.0,262.64,2,0,0.0,322.37,8,0,0.0,356.97,0,0,0.0,250.08
August,31,5:00,2,0,0.0,205.49,1,0,0.0,408.97,9,0,0.0,320.86,1,0,0.0,297.6
August,31,5:30,2,0,0.0,217.53,2,0,0.0,309.22,11,0,0.0,269.11,1,0,0.0,276.39
August,31,6:00,2,0,0.0,245.48,2,0,0.0,259.0,15,0,0.0,260.03,6,0,0.0,232.0
August,31,6:30,2,0,0.0,243.83,3,0,0.0,252.55,24,0,0.0,259.04,11,0,0.0,256.52
August,31,7:00,4,0,0.0,270.3,6,0,0.0,270.68,38,0,0.0,262.93,19,0,0.0,294.54
August,31,7:30,6,0,0.0,292.51,9,0,0.0,284.53,60,0,0.0,265.91,32,0,0.0,300.68
August,31,8:00,13,0,0.0,275.12,16,0,0.0,275.03,97,0,0.0,273.08,48,0,0.0,294.71
August,31,8:30,15,0,0.0,276.47,26,0,0.0,289.63,129,0,0.0,285.11,65,0,6e-06,302.21
August,31,9:00,19,0,0.0,270.68,49,0,0.0,297.75,161,0,0.0,293.41,91,0,0.00067,294.99
August,31,9:30,22,0,0.0,292.87,64,0,0.0,302.6,202,0,0.0,289.89,111,1,0.012756,286.67
August,31,10:00,26,0,0.0,296.27,79,0,4e-06,301.12,252,0,0.0,291.08,131,6,0.049367,297.92
August,31,10:30,32,0,0.0,290.43,88,0,0.000592,306.31,291,0,0.0,297.52,158,10,0.063564,311.23
August,31,11:00,33,0,0.0,293.0,96,1,0.011592,304.51,318,0,3e-06,305.94,173,6,0.033873,307.27
August,31,11:30,37,0,6e-06,297.81,112,3,0.028026,305.57,351,0,0.000387,309.06,187,3,0.015791,305.31
August,31,12:00,52,0,0.000651,296.33,125,2,0.018026,304.7,373,3,0.008218,307.1,199,1,0.006125,303.48
August,31,12:30,64,1,0.011262,297.15,145,4,0.025785,305.19,380,12,0.032169,308.77,201,3,0.012428,301.99
August,31,13:00,76,2,0.026534,298.53,162,4,0.024721,301.88,385,20,0.052631,315.87,204,5,0.026032,307.83
August,31,13:30,79,1,0.009653,297.52,169,5,0.030391,305.38,386,24,0.063099,318.66,211,5,0.023577,307.59
August,31,14:00,82,1,0.010899,302.19,177,3,0.018747,309.43,388,15,0.038345,321.4,213,2,0.011588,308.13
August,31,14:30,83,2,0.02905,305.18,179,1,0.004175,312.36,387,5,0.012578,321.16,214,3,0.014902,307.62
August,31,15:00,82,1,0.017861,306.15,183,0,0.000357,310.49,387,1,0.001999,323.27,212,2,0.010848,310.95
August,31,15:30,84,2,0.020706,300.92,185,1,0.003788,309.1,380,0,8.1e-05,322.63,214,3,0.016062,310.03
August,31,16:00,83,1,0.007334,294.08,182,2,0.010898,309.86,373,0,0.0,319.99,207,2,0.012072,318.5
August,31,16:30,77,0,0.00037,285.24,175,1,0.008018,309.73,362,0,0.0,324.2,201,4,0.018249,317.7
August,31,17:00,68,0,3e-06,284.01,169,2,0.011789,310.01,346,0,0.0,322.81,195,1,0.006799,319.91
August,31,17:30,61,0,0.0,286.03,163,1,0.006714,307.13,326,0,0.0,317.56,187,0,0.002644,315.3
August,31,18:00,46,0,0.0,299.95,147,2,0.012096,307.31,283,0,0.0,318.21,174,1,0.006905,307.7
August,31,18:30,38,0,0.0,292.6,133,4,0.026326,302.43,263,0,0.0,318.19,162,0,0.002688,305.12
August,31,19:00,30,0,0.0,284.67,123,5,0.037977,297.64,245,0,0.0,319.84,149,0,0.000338,308.3
August,31,19:30,29,0,0.0,281.25,112,3,0.028105,306.39,221,0,0.0,318.23,146,1,0.004397,317.68
August,31,20:00,28,0,0.0,296.36,98,1,0.007684,304.21,204,0,0.0,311.56,134,2,0.013285,315.7
August,31,20:30,25,0,0.0,297.82,86,0,0.000384,300.43,189,0,0.0,313.74,119,1,0.005371,312.01
August,31,21:00,21,0,1e-05,305.75,79,0,3e-06,301.16,169,0,0.0,315.69,98,0,0.000308,314.4
August,31,21:30,16,0,0.002181,328.18,68,0,0.0,306.65,147,0,0.0,310.75,88,0,0.000194,319.01
August,31,22:00,13,1,0.055268,296.94,57,0,0.0,302.13,127,0,0.0,310.09,78,0,0.004612,315.85
August,31,22:30,11,2,0.180941,311.25,46,0,0.0,288.24,109,0,0.0,308.91,66,1,0.015056,311.52
August,31,23:00,8,1,0.087219,343.96,36,0,0.0,263.22,87,0,0.0,306.93,54,0,0.006605,319.74
August,31,23:30,7,0,0.004884,303.66,30,0,0.0,263.55,72,0,0.0,304.04,49,0,0.000347,340.91
