Month,Day,Interval,Service Level,Call Volume,Abandoned Calls,Abandoned Rate,CCT,client
April,1,00:00:00,1.0,5.0,0.0,0.0,137.6,A
April,1,00:30:00,1.0,5.0,0.0,0.0,263.4,A
April,1,01:00:00,1.0,4.0,0.0,0.0,333.25,A
April,1,01:30:00,1.0,3.0,0.0,0.0,170.0,A
April,1,02:00:00,1.0,1.0,0.0,0.0,667.0,A
April,1,02:30:00,1.0,4.0,0.0,0.0,416.5,A
April,1,03:00:00,1.0,1.0,0.0,0.0,128.0,A
April,1,03:30:00,1.0,4.0,0.0,0.0,158.0,A
April,1,05:00:00,1.0,4.0,0.0,0.0,59.0,A
April,1,05:30:00,1.0,4.0,0.0,0.0,178.0,A
April,1,06:00:00,1.0,4.0,0.0,0.0,181.5,A
April,1,06:30:00,1.0,4.0,0.0,0.5,166.0,A
April,1,07:00:00,1.0,4.0,0.0,0.1429,386.83,A
April,1,07:30:00,1.0,4.0,0.0,0.0,219.13,A
April,1,08:00:00,1.0,4.0,0.0,0.0,256.89,A
April,1,08:30:00,1.0,4.0,0.0,0.0,262.6,A
April,1,09:00:00,1.0,4.0,0.0,0.0,315.74,A
April,1,09:30:00,0.9128,173.0,1.0,0.0058,316.33,A
April,1,10:00:00,0.9949,197.0,0.0,0.0,288.58,A
April,1,10:30:00,0.9864,221.0,0.0,0.0,330.24,A
April,1,11:00:00,1.0,267.0,0.0,0.0,280.94,A
April,1,11:30:00,0.9817,273.0,0.0,0.0,322.6,A
April,1,12:00:00,0.9754,245.0,1.0,0.0041,335.5,A
April,1,12:30:00,0.9572,258.0,1.0,0.0039,284.15,A
April,1,13:00:00,1.0,239.0,0.0,0.0,321.13,A
April,1,13:30:00,0.9958,238.0,0.0,0.0,328.56,A
April,1,14:00:00,0.9963,273.0,0.0,0.0,307.4,A
April,1,14:30:00,0.9927,274.0,0.0,0.0,307.11,A
April,1,15:00:00,0.9725,255.0,0.0,0.0,301.51,A
April,1,15:30:00,0.9412,259.0,4.0,0.0154,323.3,A
April,1,16:00:00,0.9883,259.0,2.0,0.0077,326.37,A
April,1,16:30:00,0.9894,284.0,0.0,0.0,330.98,A
April,1,17:00:00,0.9843,254.0,0.0,0.0,332.5,A
April,1,17:30:00,0.9948,191.0,0.0,0.0,322.13,A
April,1,18:00:00,0.9939,163.0,0.0,0.0,326.13,A
April,1,18:30:00,0.7545,171.0,4.0,0.0234,336.36,A
April,1,19:00:00,0.9259,108.0,0.0,0.0,347.57,A
April,1,19:30:00,0.96,75.0,0.0,0.0,324.07,A
April,1,20:00:00,0.9636,56.0,1.0,0.0179,350.62,A
April,1,20:30:00,0.7541,66.0,5.0,0.0758,350.28,A
April,1,21:00:00,0.6957,48.0,2.0,0.0417,387.59,A
April,1,21:30:00,1.0,26.0,0.0,0.0,291.92,A
April,1,22:00:00,1.0,27.0,0.0,0.0,269.37,A
April,1,22:30:00,0.6364,13.0,2.0,0.1538,192.36,A
April,1,23:00:00,0.8462,14.0,1.0,0.0714,334.46,A
April,1,23:30:00,1.0,13.0,0.0,0.0,260.31,A
April,2,00:00:00,1.0,5.0,0.0,0.0,327.6,A
April,2,00:30:00,1.0,7.0,0.0,0.0,242.29,A
April,2,01:00:00,1.0,2.0,0.0,0.0,355.5,A
April,2,01:30:00,1.0,6.0,0.0,0.0,258.0,A
April,2,02:00:00,1.0,3.0,0.0,0.0,273.67,A
April,2,02:30:00,1.0,1.0,0.0,0.0,200.0,A
April,2,03:00:00,1.0,3.0,0.0,0.0,309.33,A
April,2,04:00:00,1.0,1.0,0.0,0.0,269.0,A
April,2,05:00:00,1.0,1.0,0.0,0.0,196.0,A
April,2,05:30:00,1.0,2.0,0.0,0.0,469.5,A
April,2,06:00:00,1.0,1.0,0.0,0.0,1085.0,A
April,2,06:30:00,1.0,1.0,0.0,0.0,155.0,A
April,2,07:00:00,1.0,8.0,0.0,0.0,145.88,A
April,2,07:30:00,0.8333,12.0,0.0,0.0,321.42,A
April,2,08:00:00,0.9762,42.0,0.0,0.0,268.95,A
April,2,08:30:00,0.642,84.0,3.0,0.0357,249.33,A
April,2,09:00:00,0.7281,118.0,4.0,0.0339,312.5,A
April,2,09:30:00,0.698,150.0,1.0,0.0067,322.62,A
April,2,10:00:00,0.9825,171.0,0.0,0.0,282.39,A
April,2,10:30:00,0.9583,192.0,0.0,0.0,307.71,A
April,2,11:00:00,0.9195,240.0,4.0,0.0167,329.61,A
April,2,11:30:00,0.8333,235.0,1.0,0.0043,345.16,A
April,2,12:00:00,0.9874,240.0,1.0,0.0042,344.82,A
April,2,12:30:00,0.8423,246.0,5.0,0.0203,332.64,A
April,2,13:00:00,0.888,241.0,0.0,0.0,322.92,A
April,2,13:30:00,0.9634,273.0,0.0,0.0,304.0,A
April,2,14:00:00,0.9964,275.0,0.0,0.0,339.43,A
April,2,14:30:00,0.996,253.0,0.0,0.0,292.37,A
April,2,15:00:00,0.9515,268.0,0.0,0.0,351.72,A
April,2,15:30:00,0.9609,263.0,7.0,0.0266,320.33,A
April,2,16:00:00,0.7942,244.0,1.0,0.0041,357.62,A
April,2,16:30:00,0.9959,244.0,1.0,0.0041,321.67,A
April,2,17:00:00,0.9953,211.0,0.0,0.0,328.45,A
April,2,17:30:00,1.0,175.0,0.0,0.0,356.8,A
April,2,18:00:00,0.9874,159.0,0.0,0.0,304.06,A
April,2,18:30:00,1.0,157.0,0.0,0.0,353.96,A
April,2,19:00:00,1.0,81.0,0.0,0.0,355.14,A
April,2,19:30:00,1.0,73.0,0.0,0.0,319.52,A
April,2,20:00:00,1.0,62.0,0.0,0.0,326.77,A
April,2,20:30:00,0.9783,46.0,0.0,0.0,282.54,A
April,2,21:00:00,1.0,39.0,0.0,0.0,239.31,A
April,2,21:30:00,1.0,24.0,0.0,0.0,320.29,A
April,2,22:00:00,1.0,20.0,0.0,0.0,297.5,A
April,2,22:30:00,0.4375,16.0,0.0,0.0,258.94,A
April,2,23:00:00,0.8,15.0,0.0,0.0,342.67,A
April,2,23:30:00,1.0,10.0,0.0,0.0,257.9,A
April,3,00:00:00,1.0,8.0,0.0,0.0,291.75,A
April,3,00:30:00,1.0,4.0,0.0,0.0,230.75,A
April,3,01:00:00,1.0,1.0,0.0,0.0,89.0,A
April,3,01:30:00,1.0,1.0,0.0,0.0,258.0,A
April,3,02:00:00,1.0,1.0,0.0,0.0,113.0,A
April,3,04:00:00,1.0,2.0,0.0,0.0,203.5,A
April,3,04:30:00,1.0,1.0,0.0,0.0,76.0,A
April,3,05:00:00,1.0,1.0,0.0,0.0,196.0,A
April,3,05:30:00,1.0,1.0,0.0,0.0,281.0,A
April,3,06:00:00,1.0,3.0,0.0,0.0,284.0,A
April,3,06:30:00,0.5,3.0,1.0,0.3333,323.5,A
April,3,07:00:00,0.8182,13.0,2.0,0.1538,327.18,A
April,3,07:30:00,0.8333,6.0,0.0,0.0,459.5,A
April,3,08:00:00,0.9286,43.0,1.0,0.0233,274.83,A
April,3,08:30:00,1.0,96.0,0.0,0.0,310.55,A
April,3,09:00:00,0.9908,109.0,0.0,0.0,291.0,A
April,3,09:30:00,0.9866,149.0,0.0,0.0,311.04,A
April,3,10:00:00,0.9844,192.0,0.0,0.0,292.23,A
April,3,10:30:00,1.0,223.0,0.0,0.0,288.19,A
April,3,11:00:00,0.9486,257.0,4.0,0.0156,293.48,A
April,3,11:30:00,0.9787,235.0,0.0,0.0,288.07,A
April,3,12:00:00,0.9617,261.0,0.0,0.0,295.89,A
April,3,12:30:00,0.962,237.0,0.0,0.0,303.3,A
April,3,13:00:00,0.9593,246.0,0.0,0.0,303.3,A
April,3,13:30:00,0.9825,230.0,0.0,0.0,303.3,A
April,3,14:00:00,0.9805,256.0,0.0,0.0,303.3,A
April,3,14:30:00,0.9716,283.0,0.0,0.0,303.3,A
April,3,15:00:00,0.9114,272.0,0.0,0.0,303.3,A
April,3,15:30:00,0.9835,242.0,0.0,0.0,303.3,A
April,3,16:00:00,0.9885,261.0,0.0,0.0,303.3,A
April,3,16:30:00,1.0,223.0,0.0,0.0,303.3,A
April,3,17:00:00,0.9857,210.0,0.0,0.0,303.3,A
April,3,17:30:00,0.9891,183.0,0.0,0.0,303.3,A
April,3,18:00:00,1.0,139.0,0.0,0.0,303.3,A
April,3,18:30:00,0.9811,159.0,0.0,0.0,288.44,A
April,3,19:00:00,0.9787,95.0,1.0,0.0105,380.83,A
April,3,19:30:00,1.0,78.0,0.0,0.0,380.12,A
April,3,20:00:00,0.9615,52.0,0.0,0.0,327.65,A
April,3,20:30:00,0.8889,47.0,2.0,0.0426,342.8,A
April,3,21:00:00,0.9394,36.0,3.0,0.0833,270.27,A
April,3,21:30:00,1.0,22.0,0.0,0.0,285.95,A
April,3,22:00:00,0.9231,27.0,1.0,0.037,350.27,A
April,3,22:30:00,0.5,13.0,1.0,0.0769,320.42,A
April,3,23:00:00,0.5,14.0,0.0,0.0,275.0,A
April,3,23:30:00,0.7778,9.0,0.0,0.0,247.67,A
April,4,00:00:00,0.8,5.0,0.0,0.0,228.8,A
April,4,00:30:00,1.0,6.0,0.0,0.0,337.0,A
April,4,01:00:00,1.0,9.0,0.0,0.0,202.89,A
April,4,01:30:00,1.0,4.0,0.0,0.0,256.0,A
April,4,03:30:00,1.0,0.0,0.0,0.0,256.0,A
April,4,04:00:00,0.5,2.0,0.0,0.0,276.5,A
April,4,04:30:00,0.25,4.0,0.0,0.0,359.75,A
April,4,05:00:00,1.0,1.0,0.0,0.0,208.0,A
April,4,05:30:00,1.0,2.0,0.0,0.0,113.5,A
April,4,06:00:00,1.0,2.0,0.0,0.0,236.0,A
April,4,06:30:00,0.25,7.0,3.0,0.4286,333.75,A
April,4,07:00:00,0.75,8.0,0.0,0.0,288.5,A
April,4,07:30:00,0.9444,18.0,0.0,0.0,276.06,A
April,4,08:00:00,0.9333,45.0,0.0,0.0,273.38,A
April,4,08:30:00,1.0,86.0,0.0,0.0,271.07,A
April,4,09:00:00,0.9918,122.0,0.0,0.0,325.59,A
April,4,09:30:00,0.9885,174.0,0.0,0.0,283.62,A
April,4,10:00:00,0.988,166.0,0.0,0.0,298.48,A
April,4,10:30:00,0.9953,212.0,1.0,0.0047,330.84,A
April,4,11:00:00,0.9955,221.0,0.0,0.0,310.86,A
April,4,11:30:00,0.9957,232.0,1.0,0.0043,317.39,A
April,4,12:00:00,1.0,232.0,0.0,0.0,310.03,A
April,4,12:30:00,0.9652,230.0,0.0,0.0,327.65,A
April,4,13:00:00,0.938,260.0,2.0,0.0077,320.2,A
April,4,13:30:00,0.9261,257.0,0.0,0.0,310.3,A
April,4,14:00:00,1.0,234.0,0.0,0.0,291.21,A
April,4,14:30:00,0.8873,276.0,1.0,0.0036,294.69,A
April,4,15:00:00,0.7619,256.0,4.0,0.0156,315.11,A
April,4,15:30:00,0.9064,269.0,2.0,0.0074,327.46,A
April,4,16:00:00,0.9813,268.0,0.0,0.0,308.75,A
April,4,16:30:00,1.0,234.0,0.0,0.0,327.39,A
April,4,17:00:00,0.995,199.0,0.0,0.0,307.53,A
April,4,17:30:00,0.954,174.0,0.0,0.0,341.68,A
April,4,18:00:00,0.9448,163.0,0.0,0.0,323.99,A
April,4,18:30:00,0.9688,129.0,1.0,0.0078,340.3,A
April,4,19:00:00,1.0,62.0,0.0,0.0,327.85,A
April,4,19:30:00,0.9792,48.0,0.0,0.0,312.79,A
April,4,20:00:00,1.0,49.0,0.0,0.0,321.65,A
April,4,20:30:00,1.0,35.0,0.0,0.0,296.69,A
April,4,21:00:00,1.0,31.0,0.0,0.0,343.29,A
April,4,21:30:00,1.0,20.0,0.0,0.0,285.1,A
April,4,22:00:00,1.0,28.0,0.0,0.0,303.64,A
April,4,22:30:00,0.5833,12.0,0.0,0.0,187.5,A
April,4,23:00:00,0.6667,10.0,1.0,0.1,209.56,A
April,4,23:30:00,0.8571,8.0,1.0,0.125,336.29,A
April,5,00:00:00,0.75,5.0,1.0,0.2,430.5,A
April,5,00:30:00,1.0,7.0,0.0,0.0,378.0,A
April,5,01:00:00,1.0,3.0,0.0,0.0,716.67,A
April,5,01:30:00,0.5,3.0,1.0,0.3333,676.5,A
April,5,02:00:00,0.5,1.0,1.0,1.0,676.5,A
April,5,02:30:00,1.0,1.0,0.0,0.0,1500.0,A
April,5,03:00:00,1.0,3.0,0.0,0.0,167.0,A
April,5,03:30:00,1.0,1.0,0.0,0.0,1013.0,A
April,5,04:00:00,1.0,2.0,0.0,0.0,269.0,A
April,5,05:30:00,1.0,2.0,0.0,0.0,113.0,A
April,5,06:00:00,1.0,1.0,0.0,0.0,129.0,A
April,5,06:30:00,1.0,3.0,0.0,0.0,334.0,A
April,5,07:00:00,1.0,4.0,0.0,0.0,250.0,A
April,5,07:30:00,0.8333,7.0,1.0,0.1429,202.33,A
April,5,08:00:00,0.8966,29.0,0.0,0.0,246.69,A
April,5,08:30:00,1.0,48.0,0.0,0.0,261.96,A
April,5,09:00:00,0.962,79.0,0.0,0.0,293.37,A
April,5,09:30:00,0.9519,104.0,0.0,0.0,293.68,A
April,5,10:00:00,0.9189,111.0,0.0,0.0,254.3,A
April,5,10:30:00,0.8816,154.0,2.0,0.013,278.04,A
April,5,11:00:00,0.936,172.0,0.0,0.0,294.19,A
April,5,11:30:00,0.9755,163.0,0.0,0.0,272.81,A
April,5,12:00:00,0.7722,182.0,2.0,0.011,306.28,A
April,5,12:30:00,0.8283,202.0,4.0,0.0198,281.16,A
April,5,13:00:00,0.8989,188.0,0.0,0.0,294.5,A
April,5,13:30:00,0.9691,162.0,0.0,0.0,295.97,A
April,5,14:00:00,0.9827,173.0,0.0,0.0,278.04,A
April,5,14:30:00,0.904,178.0,1.0,0.0056,311.85,A
April,5,15:00:00,0.9938,163.0,1.0,0.0061,301.06,A
April,5,15:30:00,0.9503,161.0,0.0,0.0,318.52,A
April,5,16:00:00,1.0,172.0,0.0,0.0,251.78,A
April,5,16:30:00,1.0,154.0,0.0,0.0,280.45,A
April,5,17:00:00,0.9597,125.0,1.0,0.008,340.96,A
April,5,17:30:00,0.855,131.0,0.0,0.0,277.89,A
April,5,18:00:00,0.7581,127.0,3.0,0.0236,316.95,A
April,5,18:30:00,1.0,79.0,0.0,0.0,334.23,A
April,5,19:00:00,1.0,70.0,0.0,0.0,257.41,A
April,5,19:30:00,1.0,41.0,0.0,0.0,302.68,A
April,5,20:00:00,1.0,45.0,1.0,0.0222,293.8,A
April,5,20:30:00,0.9615,26.0,0.0,0.0,232.85,A
April,5,21:00:00,1.0,20.0,2.0,0.1,223.17,A
April,5,21:30:00,0.875,24.0,0.0,0.0,358.96,A
April,5,22:00:00,1.0,15.0,0.0,0.0,385.07,A
April,5,22:30:00,0.375,9.0,1.0,0.1111,284.38,A
April,5,23:00:00,0.3,13.0,3.0,0.2308,355.9,A
April,5,23:30:00,1.0,2.0,0.0,0.0,268.0,A
April,6,00:00:00,0.5,2.0,0.0,0.0,762.0,A
April,6,00:30:00,0.0,3.0,2.0,0.6667,366.0,A
April,6,01:30:00,1.0,1.0,0.0,0.0,371.0,A
April,6,02:00:00,1.0,1.0,0.0,0.0,21.0,A
April,6,02:30:00,1.0,0.0,0.0,0.0,21.0,A
April,6,03:00:00,1.0,2.0,0.0,0.0,308.0,A
April,6,05:30:00,1.0,0.0,0.0,0.0,308.0,A
April,6,06:00:00,1.0,1.0,0.0,0.0,222.0,A
April,6,06:30:00,1.0,1.0,0.0,0.0,106.0,A
April,6,07:00:00,1.0,5.0,0.0,0.0,493.8,A
April,6,07:30:00,1.0,1.0,0.0,0.0,278.0,A
April,6,08:00:00,1.0,3.0,0.0,0.0,260.33,A
April,6,08:30:00,1.0,9.0,0.0,0.0,207.11,A
April,6,09:00:00,1.0,25.0,0.0,0.0,221.4,A
April,6,09:30:00,1.0,21.0,0.0,0.0,314.57,A
April,6,10:00:00,1.0,21.0,0.0,0.0,261.71,A
April,6,10:30:00,1.0,39.0,0.0,0.0,258.0,A
April,6,11:00:00,0.973,37.0,0.0,0.0,266.73,A
April,6,11:30:00,1.0,34.0,0.0,0.0,350.65,A
April,6,12:00:00,1.0,47.0,0.0,0.0,313.72,A
April,6,12:30:00,0.9828,58.0,0.0,0.0,285.52,A
April,6,13:00:00,0.7625,86.0,6.0,0.0698,278.14,A
April,6,13:30:00,0.8904,73.0,0.0,0.0,255.34,A
April,6,14:00:00,1.0,71.0,0.0,0.0,257.17,A
April,6,14:30:00,1.0,91.0,1.0,0.011,263.13,A
April,6,15:00:00,0.9559,69.0,1.0,0.0145,334.79,A
April,6,15:30:00,0.9398,83.0,0.0,0.0,268.7,A
April,6,16:00:00,0.9875,80.0,0.0,0.0,328.65,A
April,6,16:30:00,1.0,77.0,0.0,0.0,252.25,A
April,6,17:00:00,1.0,55.0,0.0,0.0,273.67,A
April,6,17:30:00,1.0,51.0,0.0,0.0,272.84,A
April,6,18:00:00,1.0,46.0,0.0,0.0,312.85,A
April,6,18:30:00,1.0,35.0,0.0,0.0,320.77,A
April,6,19:00:00,1.0,28.0,0.0,0.0,289.57,A
April,6,19:30:00,1.0,22.0,0.0,0.0,291.95,A
April,6,20:00:00,0.9474,19.0,0.0,0.0,238.68,A
April,6,20:30:00,1.0,14.0,0.0,0.0,284.07,A
April,6,21:00:00,1.0,14.0,0.0,0.0,296.14,A
April,6,21:30:00,1.0,9.0,0.0,0.0,373.67,A
April,6,22:00:00,1.0,21.0,0.0,0.0,263.05,A
April,6,22:30:00,0.6,12.0,2.0,0.1667,324.2,A
April,6,23:00:00,0.8571,7.0,0.0,0.0,374.43,A
April,6,23:30:00,1.0,5.0,0.0,0.0,200.0,A
April,7,00:00:00,1.0,5.0,0.0,0.0,350.4,A
April,7,00:30:00,1.0,5.0,0.0,0.0,266.8,A
April,7,01:00:00,1.0,1.0,0.0,0.0,286.0,A
April,7,01:00:00,1.0,1.0,0.0,0.0,286.0,A
April,7,01:00:00,1.0,1.0,0.0,0.0,286.0,A
April,7,01:00:00,1.0,1.0,0.0,0.0,286.0,A
April,7,01:00:00,1.0,1.0,0.0,0.0,286.0,A
April,7,01:00:00,1.0,1.0,0.0,0.0,286.0,A
April,7,01:00:00,1.0,1.0,0.0,0.0,286.0,A
April,7,01:00:00,1.0,1.0,0.0,0.0,286.0,A
April,7,06:30:00,1.0,1.0,0.0,0.0,53.0,A
April,7,07:00:00,0.8571,8.0,1.0,0.125,185.29,A
April,7,07:30:00,1.0,6.0,0.0,0.0,540.83,A
April,7,08:00:00,1.0,33.0,0.0,0.0,305.48,A
April,7,08:30:00,0.8506,87.0,0.0,0.0,297.95,A
April,7,09:00:00,0.9292,113.0,0.0,0.0,319.73,A
April,7,09:30:00,0.9657,176.0,1.0,0.0057,368.04,A
April,7,10:00:00,0.977,174.0,0.0,0.0,323.98,A
April,7,10:30:00,0.9898,197.0,0.0,0.0,309.25,A
April,7,11:00:00,0.9959,242.0,0.0,0.0,332.38,A
April,7,11:30:00,0.9879,249.0,1.0,0.004,314.4,A
April,7,12:00:00,0.9317,249.0,0.0,0.0,309.31,A
April,7,12:30:00,0.9804,255.0,0.0,0.0,321.7,A
April,7,13:00:00,0.9668,301.0,0.0,0.0,299.98,A
April,7,13:30:00,0.9913,231.0,0.0,0.0,347.18,A
April,7,14:00:00,0.9851,268.0,0.0,0.0,319.88,A
April,7,14:30:00,0.8652,284.0,2.0,0.007,334.34,A
April,7,15:00:00,0.8095,295.0,1.0,0.0034,322.28,A
April,7,15:30:00,0.9852,270.0,0.0,0.0,354.54,A
April,7,16:00:00,0.9924,264.0,1.0,0.0038,320.65,A
April,7,16:30:00,0.9919,246.0,0.0,0.0,340.08,A
April,7,17:00:00,1.0,238.0,0.0,0.0,357.74,A
April,7,17:30:00,0.9859,213.0,0.0,0.0,308.02,A
April,7,18:00:00,0.9938,160.0,0.0,0.0,314.43,A
April,7,18:30:00,0.9853,136.0,0.0,0.0,297.23,A
April,7,19:00:00,1.0,90.0,0.0,0.0,339.97,A
April,7,19:30:00,0.9773,88.0,0.0,0.0,341.27,A
April,7,20:00:00,1.0,67.0,0.0,0.0,311.31,A
April,7,20:30:00,0.9714,37.0,2.0,0.0541,384.31,A
April,7,21:00:00,0.973,39.0,2.0,0.0513,260.86,A
April,7,21:30:00,1.0,20.0,0.0,0.0,548.85,A
April,7,22:00:00,1.0,18.0,0.0,0.0,226.67,A
April,7,22:30:00,0.4,10.0,0.0,0.0,283.1,A
April,7,23:00:00,0.8,15.0,0.0,0.0,226.0,A
April,7,23:30:00,1.0,6.0,0.0,0.0,613.17,A
April,8,00:00:00,1.0,5.0,0.0,0.0,351.8,A
April,8,00:30:00,1.0,11.0,0.0,0.0,480.64,A
April,8,01:00:00,1.0,4.0,0.0,0.0,481.0,A
April,8,01:30:00,1.0,6.0,0.0,0.0,286.67,A
April,8,02:00:00,1.0,2.0,0.0,0.0,372.0,A
April,8,02:30:00,1.0,1.0,0.0,0.0,2.0,A
April,8,04:00:00,1.0,1.0,0.0,0.0,211.0,A
April,8,04:30:00,1.0,2.0,0.0,0.0,121.5,A
April,8,05:00:00,1.0,3.0,0.0,0.0,217.67,A
April,8,05:30:00,1.0,3.0,0.0,0.0,134.67,A
April,8,06:00:00,1.0,1.0,0.0,0.0,206.0,A
April,8,06:30:00,0.1429,8.0,1.0,0.125,206.29,A
April,8,07:00:00,0.4,5.0,0.0,0.0,268.4,A
April,8,07:30:00,0.9286,14.0,0.0,0.0,297.79,A
April,8,08:00:00,0.9412,34.0,0.0,0.0,250.41,A
April,8,08:30:00,0.8372,88.0,2.0,0.0227,285.71,A
April,8,09:00:00,0.9265,137.0,1.0,0.0073,320.65,A
April,8,09:30:00,0.9333,155.0,5.0,0.0323,331.31,A
April,8,10:00:00,0.7402,206.0,2.0,0.0097,351.02,A
April,8,10:30:00,0.9674,215.0,0.0,0.0,316.95,A
April,8,11:00:00,0.9655,204.0,1.0,0.0049,327.58,A
April,8,11:30:00,0.9461,243.0,2.0,0.0082,312.43,A
April,8,12:00:00,0.8442,283.0,7.0,0.0247,336.92,A
April,8,12:30:00,0.7085,252.0,5.0,0.0198,317.16,A
April,8,13:00:00,0.9955,224.0,0.0,0.0,325.81,A
April,8,13:30:00,0.9592,245.0,0.0,0.0,367.21,A
April,8,14:00:00,0.9704,270.0,0.0,0.0,291.77,A
April,8,14:30:00,1.0,179.0,1.0,0.0056,318.51,A
April,8,15:00:00,0.916,262.0,0.0,0.0,314.62,A
April,8,15:30:00,0.9176,268.0,1.0,0.0037,340.09,A
April,8,16:00:00,0.8479,264.0,1.0,0.0038,349.78,A
April,8,16:30:00,0.9885,262.0,1.0,0.0038,329.97,A
April,8,17:00:00,0.9954,216.0,0.0,0.0,282.39,A
April,8,17:30:00,0.9793,193.0,0.0,0.0,379.38,A
April,8,18:00:00,0.8276,176.0,2.0,0.0114,324.32,A
April,8,18:30:00,0.9348,138.0,0.0,0.0,326.01,A
April,8,19:00:00,1.0,82.0,0.0,0.0,311.16,A
April,8,19:30:00,1.0,94.0,0.0,0.0,276.96,A
April,8,20:00:00,1.0,47.0,0.0,0.0,362.6,A
April,8,20:30:00,1.0,52.0,0.0,0.0,272.9,A
April,8,21:00:00,0.9459,38.0,1.0,0.0263,342.89,A
April,8,21:30:00,1.0,23.0,0.0,0.0,347.83,A
April,8,22:00:00,1.0,21.0,0.0,0.0,271.0,A
April,8,22:30:00,0.5556,22.0,4.0,0.1818,273.33,A
April,8,23:00:00,0.2667,15.0,0.0,0.0,427.93,A
April,8,23:30:00,1.0,8.0,0.0,0.0,339.0,A
April,9,00:00:00,1.0,8.0,0.0,0.0,279.38,A
April,9,00:30:00,1.0,4.0,0.0,0.0,150.5,A
April,9,01:30:00,1.0,1.0,0.0,0.0,315.0,A
April,9,02:00:00,1.0,2.0,0.0,0.0,257.0,A
April,9,02:30:00,1.0,1.0,0.0,0.0,170.0,A
April,9,03:00:00,1.0,2.0,0.0,0.0,288.5,A
April,9,03:30:00,1.0,3.0,0.0,0.0,441.67,A
April,9,04:00:00,1.0,2.0,0.0,0.0,183.5,A
April,9,05:00:00,1.0,1.0,0.0,0.0,549.0,A
April,9,05:30:00,1.0,1.0,0.0,0.0,226.0,A
April,9,06:00:00,1.0,3.0,0.0,0.0,286.67,A
April,9,06:30:00,1.0,1.0,0.0,0.0,117.0,A
April,9,07:00:00,1.0,3.0,0.0,0.0,286.67,A
April,9,07:30:00,0.875,8.0,0.0,0.0,356.88,A
April,9,08:00:00,0.9318,44.0,0.0,0.0,258.14,A
April,9,08:30:00,0.8391,90.0,3.0,0.0333,280.07,A
April,9,09:00:00,0.8417,121.0,1.0,0.0083,317.23,A
April,9,09:30:00,0.902,154.0,1.0,0.0065,323.79,A
April,9,10:00:00,0.9454,185.0,2.0,0.0108,324.23,A
April,9,10:30:00,0.9842,190.0,0.0,0.0,324.04,A
April,9,11:00:00,0.9548,221.0,0.0,0.0,308.81,A
April,9,11:30:00,0.9677,218.0,1.0,0.0046,306.63,A
April,9,12:00:00,0.6769,232.0,3.0,0.0129,315.1,A
April,9,12:30:00,0.9772,220.0,1.0,0.0045,318.79,A
April,9,13:00:00,0.9951,204.0,0.0,0.0,292.59,A
April,9,13:30:00,1.0,197.0,0.0,0.0,317.41,A
April,9,14:00:00,0.9951,205.0,0.0,0.0,324.2,A
April,9,14:30:00,0.9696,230.0,0.0,0.0,310.72,A
April,9,15:00:00,0.9328,253.0,0.0,0.0,331.55,A
April,9,15:30:00,0.9733,226.0,1.0,0.0044,311.28,A
April,9,16:00:00,0.995,202.0,0.0,0.0,328.49,A
April,9,16:30:00,0.9949,197.0,1.0,0.0051,295.94,A
April,9,17:00:00,0.9745,196.0,0.0,0.0051,295.94,A
April,9,17:30:00,0.9108,157.0,0.0,0.0051,295.94,A
April,9,18:00:00,0.8355,153.0,1.0,0.0051,295.94,A
April,9,18:30:00,0.9856,139.0,0.0,0.0051,295.94,A
April,9,19:00:00,1.0,80.0,0.0,0.0051,295.94,A
April,9,19:30:00,1.0,52.0,0.0,0.0051,295.94,A
April,9,20:00:00,1.0,44.0,0.0,0.0051,295.94,A
April,9,20:30:00,1.0,40.0,2.0,0.0051,295.94,A
April,9,21:00:00,1.0,20.0,1.0,0.0051,295.94,A
April,9,21:30:00,1.0,14.0,0.0,0.0051,295.94,A
April,9,22:00:00,1.0,20.0,0.0,0.0051,295.94,A
April,9,22:30:00,0.5,12.0,0.0,0.0051,295.94,A
April,9,23:00:00,0.8,6.0,1.0,0.0051,295.94,A
April,9,23:30:00,0.8,5.0,0.0,0.0051,295.94,A
April,10,00:00:00,1.0,4.0,0.0,0.0051,295.94,A
April,10,00:30:00,1.0,4.0,0.0,0.0051,295.94,A
April,10,01:00:00,1.0,3.0,0.0,0.0051,295.94,A
April,10,01:30:00,1.0,2.0,0.0,0.0,379.5,A
April,10,02:00:00,1.0,1.0,0.0,0.0,154.0,A
April,10,02:30:00,1.0,0.0,0.0,0.0,154.0,A
April,10,03:00:00,1.0,1.0,0.0,0.0,315.0,A
April,10,04:30:00,1.0,1.0,0.0,0.0,470.0,A
April,10,05:00:00,1.0,3.0,0.0,0.0,169.67,A
April,10,05:30:00,1.0,3.0,0.0,0.0,141.33,A
April,10,06:00:00,1.0,4.0,2.0,0.5,307.0,A
April,10,06:30:00,0.5,2.0,0.0,0.0,271.0,A
April,10,07:00:00,0.5714,8.0,1.0,0.125,321.57,A
April,10,07:30:00,0.1538,15.0,2.0,0.1333,245.62,A
April,10,08:00:00,0.8478,46.0,0.0,0.0,282.2,A
April,10,08:30:00,0.7344,65.0,1.0,0.0154,328.0,A
April,10,09:00:00,0.9434,106.0,0.0,0.0,315.42,A
April,10,09:30:00,0.969,129.0,0.0,0.0,305.79,A
April,10,10:00:00,0.7574,173.0,4.0,0.0231,308.44,A
April,10,10:30:00,0.9112,216.0,2.0,0.0093,306.94,A
April,10,11:00:00,0.9767,215.0,0.0,0.0,305.64,A
April,10,11:30:00,0.8009,230.0,4.0,0.0174,340.47,A
April,10,12:00:00,0.9561,228.0,0.0,0.0,324.37,A
April,10,12:30:00,0.8651,254.0,2.0,0.0079,293.73,A
April,10,13:00:00,0.9256,215.0,0.0,0.0,286.83,A
April,10,13:30:00,0.9852,203.0,0.0,0.0,322.07,A
April,10,14:00:00,0.9209,255.0,2.0,0.0078,307.36,A
April,10,14:30:00,0.9514,247.0,0.0,0.0,311.53,A
April,10,15:00:00,0.9462,226.0,3.0,0.0133,327.03,A
April,10,15:30:00,0.6211,209.0,19.0,0.0909,329.06,A
April,10,16:00:00,0.7277,245.0,10.0,0.0408,329.43,A
April,10,16:30:00,0.9897,195.0,0.0,0.0,330.95,A
April,10,17:00:00,0.9895,193.0,2.0,0.0104,331.29,A
April,10,17:30:00,0.9548,177.0,0.0,0.0,354.5,A
April,10,18:00:00,0.9329,166.0,2.0,0.012,370.43,A
April,10,18:30:00,1.0,134.0,0.0,0.0,320.18,A
April,10,19:00:00,0.9773,89.0,1.0,0.0112,372.08,A
April,10,19:30:00,1.0,61.0,0.0,0.0,309.2,A
April,10,20:00:00,0.9815,54.0,0.0,0.0,333.69,A
April,10,20:30:00,1.0,30.0,1.0,0.0333,336.38,A
April,10,21:00:00,0.9259,27.0,0.0,0.0,467.85,A
April,10,21:30:00,1.0,22.0,0.0,0.0,320.05,A
April,10,22:00:00,1.0,17.0,0.0,0.0,195.76,A
April,10,22:30:00,0.9,10.0,0.0,0.0,400.7,A
April,10,23:00:00,0.7143,7.0,0.0,0.0,127.0,A
April,10,23:30:00,0.5455,12.0,1.0,0.0833,364.0,A
April,11,00:00:00,1.0,3.0,0.0,0.0,566.67,A
April,11,00:30:00,1.0,4.0,0.0,0.0,124.75,A
April,11,01:30:00,0.25,4.0,0.0,0.0,207.75,A
April,11,02:00:00,1.0,2.0,0.0,0.0,256.5,A
April,11,02:30:00,1.0,1.0,0.0,0.0,426.0,A
April,11,03:00:00,1.0,6.0,1.0,0.1667,159.6,A
April,11,03:30:00,1.0,5.0,0.0,0.0,52.2,A
April,11,04:00:00,1.0,3.0,0.0,0.0,40.33,A
April,11,05:00:00,1.0,1.0,0.0,0.0,231.0,A
April,11,05:30:00,1.0,0.0,0.0,0.0,231.0,A
April,11,06:00:00,1.0,1.0,0.0,0.0,234.0,A
April,11,06:30:00,0.25,6.0,2.0,0.3333,340.5,A
April,11,07:00:00,0.6667,7.0,1.0,0.1429,454.0,A
April,11,07:30:00,0.1538,15.0,2.0,0.1333,243.85,A
April,11,08:00:00,0.8333,36.0,0.0,0.0,304.78,A
April,11,08:30:00,0.859,78.0,0.0,0.0,293.63,A
April,11,09:00:00,0.9754,122.0,0.0,0.0,291.64,A
April,11,09:30:00,0.9407,118.0,0.0,0.0,332.45,A
April,11,10:00:00,0.9527,148.0,0.0,0.0,332.84,A
April,11,10:30:00,0.9788,190.0,1.0,0.0053,308.47,A
April,11,11:00:00,0.9562,251.0,0.0,0.0,330.46,A
April,11,11:30:00,0.9595,222.0,0.0,0.0,317.86,A
April,11,12:00:00,0.8043,287.0,11.0,0.0383,287.01,A
April,11,12:30:00,0.9286,210.0,0.0,0.0,326.19,A
April,11,13:00:00,0.7107,248.0,6.0,0.0242,329.41,A
April,11,13:30:00,0.8871,248.0,0.0,0.0,325.49,A
April,11,14:00:00,0.854,228.0,2.0,0.0088,306.76,A
April,11,14:30:00,0.9556,250.0,2.0,0.008,331.1,A
April,11,15:00:00,0.9957,233.0,0.0,0.0,328.32,A
April,11,15:30:00,0.8219,250.0,3.0,0.012,347.03,A
April,11,16:00:00,0.9481,232.0,1.0,0.0043,388.51,A
April,11,16:30:00,0.9395,215.0,0.0,0.0,356.52,A
April,11,17:00:00,0.9167,192.0,0.0,0.0,365.09,A
April,11,17:30:00,0.9737,154.0,2.0,0.013,344.28,A
April,11,18:00:00,0.993,142.0,0.0,0.0,307.11,A
April,11,18:30:00,1.0,107.0,0.0,0.0,347.25,A
April,11,19:00:00,0.9886,89.0,1.0,0.0112,364.36,A
April,11,19:30:00,1.0,58.0,0.0,0.0,324.59,A
April,11,20:00:00,1.0,45.0,0.0,0.0,308.18,A
April,11,20:30:00,1.0,41.0,0.0,0.0,293.61,A
April,11,21:00:00,1.0,27.0,0.0,0.0,304.07,A
April,11,21:30:00,1.0,18.0,0.0,0.0,291.94,A
April,11,22:00:00,1.0,21.0,0.0,0.0,199.62,A
April,11,22:30:00,0.75,13.0,9.0,0.6923,660.5,A
April,11,23:00:00,0.4444,10.0,1.0,0.1,373.44,A
April,11,23:30:00,1.0,15.0,0.0,0.0,221.4,A
April,12,00:00:00,1.0,5.0,0.0,0.0,254.8,A
April,12,00:30:00,1.0,4.0,0.0,0.0,416.5,A
April,12,01:00:00,1.0,4.0,0.0,0.0,248.5,A
April,12,01:30:00,1.0,2.0,0.0,0.0,495.0,A
April,12,02:30:00,1.0,2.0,0.0,0.0,294.0,A
April,12,03:30:00,1.0,3.0,0.0,0.0,37.67,A
April,12,04:00:00,1.0,3.0,0.0,0.0,158.67,A
April,12,06:30:00,1.0,1.0,1.0,1.0,158.67,A
April,12,07:00:00,0.75,4.0,0.0,0.0,191.5,A
April,12,07:30:00,0.9,10.0,0.0,0.0,333.0,A
April,12,08:00:00,1.0,33.0,1.0,0.0303,239.09,A
April,12,08:30:00,1.0,44.0,0.0,0.0,268.2,A
April,12,09:00:00,0.9844,65.0,1.0,0.0154,259.36,A
April,12,09:30:00,0.8028,75.0,4.0,0.0533,291.52,A
April,12,10:00:00,0.8028,75.0,6.0,0.0504,315.68,A
April,12,10:30:00,0.8028,75.0,0.0,0.0,264.52,A
April,12,11:00:00,0.8028,75.0,2.0,0.0132,307.97,A
April,12,11:30:00,0.8028,75.0,3.0,0.0196,320.36,A
April,12,12:00:00,0.8028,75.0,1.0,0.0062,295.57,A
April,12,12:30:00,0.8028,75.0,0.0,0.0,272.39,A
April,12,13:00:00,0.8028,75.0,13.0,0.0695,309.17,A
April,12,13:30:00,0.8028,75.0,0.0,0.0,304.92,A
April,12,14:00:00,0.8028,75.0,0.0,0.0,264.96,A
April,12,14:30:00,0.8028,75.0,0.0,0.0,271.25,A
April,12,15:00:00,0.8028,75.0,2.0,0.0114,304.76,A
April,12,15:30:00,0.8028,75.0,1.0,0.0058,341.41,A
April,12,16:00:00,0.8028,75.0,0.0,0.0,338.13,A
April,12,16:30:00,0.8028,75.0,0.0,0.0,285.88,A
April,12,17:00:00,0.8028,75.0,10.0,0.0758,312.93,A
April,12,17:30:00,0.8108,111.0,0.0,0.0,357.05,A
April,12,18:00:00,0.9839,124.0,0.0,0.0,302.91,A
April,12,18:30:00,0.9789,95.0,0.0,0.0,315.31,A
April,12,19:00:00,1.0,61.0,1.0,0.0164,345.78,A
April,12,19:30:00,1.0,51.0,0.0,0.0,298.27,A
April,12,20:00:00,0.9737,38.0,0.0,0.0,304.29,A
April,12,20:30:00,0.95,20.0,0.0,0.0,362.25,A
April,12,21:00:00,0.8667,18.0,3.0,0.1667,303.4,A
April,12,21:30:00,0.9474,19.0,0.0,0.0,397.42,A
April,12,22:00:00,1.0,9.0,0.0,0.0,209.89,A
April,12,22:30:00,0.3333,8.0,2.0,0.25,250.33,A
April,12,23:00:00,0.5714,9.0,2.0,0.2222,215.0,A
April,12,23:30:00,1.0,8.0,0.0,0.0,432.38,A
April,13,00:00:00,0.5,2.0,0.0,0.0,193.5,A
April,13,00:30:00,1.0,1.0,0.0,0.0,156.0,A
April,13,01:00:00,1.0,1.0,0.0,0.0,0.0,A
April,13,01:30:00,1.0,2.0,0.0,0.0,243.5,A
April,13,03:00:00,1.0,1.0,0.0,0.0,476.0,A
April,13,06:00:00,0.6667,3.0,0.0,0.0,47.67,A
April,13,06:30:00,1.0,1.0,0.0,0.0,52.0,A
April,13,07:00:00,1.0,4.0,0.0,0.0,315.75,A
April,13,07:30:00,1.0,6.0,0.0,0.0,297.33,A
April,13,08:00:00,1.0,5.0,0.0,0.0,219.8,A
April,13,08:30:00,1.0,9.0,0.0,0.0,315.44,A
April,13,09:00:00,1.0,13.0,0.0,0.0,214.08,A
April,13,09:30:00,1.0,23.0,0.0,0.0,407.91,A
April,13,10:00:00,1.0,22.0,0.0,0.0,250.14,A
April,13,10:30:00,1.0,31.0,0.0,0.0,342.94,A
April,13,11:00:00,1.0,31.0,0.0,0.0,316.26,A
April,13,11:30:00,1.0,33.0,0.0,0.0,263.58,A
April,13,12:00:00,0.9804,51.0,0.0,0.0,272.14,A
April,13,12:30:00,0.9846,65.0,0.0,0.0,264.43,A
April,13,13:00:00,0.9254,69.0,2.0,0.029,285.31,A
April,13,13:30:00,0.939,83.0,1.0,0.012,274.71,A
April,13,14:00:00,0.9412,69.0,1.0,0.0145,328.84,A
April,13,14:30:00,0.8378,78.0,4.0,0.0513,350.73,A
April,13,15:00:00,0.6207,91.0,4.0,0.044,332.31,A
April,13,15:30:00,0.9688,65.0,1.0,0.0154,337.77,A
April,13,16:00:00,0.9756,82.0,0.0,0.0,294.49,A
April,13,16:30:00,0.9867,75.0,0.0,0.0,314.2,A
April,13,17:00:00,0.9808,54.0,2.0,0.037,225.77,A
April,13,17:30:00,0.8679,54.0,1.0,0.0185,263.85,A
April,13,18:00:00,0.9778,46.0,1.0,0.0217,298.38,A
April,13,18:30:00,1.0,39.0,0.0,0.0,325.38,A
April,13,19:00:00,1.0,33.0,0.0,0.0,415.39,A
April,13,19:30:00,1.0,13.0,0.0,0.0,253.92,A
April,13,20:00:00,1.0,11.0,0.0,0.0,353.0,A
April,13,20:30:00,0.8182,11.0,0.0,0.0,312.73,A
April,13,21:00:00,1.0,12.0,0.0,0.0,254.33,A
April,13,21:30:00,1.0,13.0,0.0,0.0,340.92,A
April,13,22:00:00,1.0,10.0,0.0,0.0,415.2,A
April,13,22:30:00,0.7778,9.0,0.0,0.0,301.11,A
April,13,23:00:00,1.0,2.0,0.0,0.0,262.0,A
April,13,23:30:00,1.0,4.0,0.0,0.0,259.0,A
April,14,00:00:00,1.0,2.0,0.0,0.0,593.0,A
April,14,00:30:00,1.0,1.0,0.0,0.0,281.0,A
April,14,01:00:00,1.0,1.0,0.0,0.0,323.0,A
April,14,01:30:00,1.0,0.0,0.0,0.0,323.0,A
April,14,02:00:00,1.0,2.0,0.0,0.0,1376.0,A
April,14,03:00:00,1.0,1.0,0.0,0.0,172.0,A
April,14,03:30:00,1.0,1.0,0.0,0.0,467.0,A
April,14,05:00:00,1.0,2.0,0.0,0.0,166.5,A
April,14,05:30:00,1.0,0.0,0.0,0.0,166.5,A
April,14,06:00:00,1.0,4.0,0.0,0.0,341.0,A
April,14,06:30:00,1.0,3.0,1.0,0.3333,298.5,A
April,14,07:00:00,1.0,8.0,0.0,0.0,196.25,A
April,14,07:30:00,1.0,13.0,1.0,0.0769,221.75,A
April,14,08:00:00,0.9792,48.0,0.0,0.0,279.1,A
April,14,08:30:00,1.0,74.0,0.0,0.0,314.14,A
April,14,09:00:00,0.9833,120.0,0.0,0.0,274.82,A
April,14,09:30:00,0.9608,154.0,1.0,0.0065,319.56,A
April,14,10:00:00,0.9538,196.0,1.0,0.0051,287.62,A
April,14,10:30:00,0.8577,239.0,0.0,0.0,304.58,A
April,14,11:00:00,0.8577,239.0,0.0,0.0,304.58,A
April,14,11:30:00,0.8577,239.0,0.0,0.0,304.58,A
April,14,12:00:00,0.8577,239.0,0.0,0.0,304.58,A
April,14,12:30:00,0.8577,239.0,0.0,0.0,304.58,A
April,14,13:00:00,0.8577,239.0,0.0,0.0,304.58,A
April,14,13:30:00,0.8577,239.0,0.0,0.0,304.58,A
April,14,14:00:00,0.8577,239.0,0.0,0.0,304.58,A
April,14,14:30:00,0.8577,239.0,0.0,0.0,304.58,A
April,14,15:00:00,0.9504,243.0,1.0,0.0041,326.18,A
April,14,15:30:00,0.9684,286.0,1.0,0.0035,340.13,A
April,14,16:00:00,0.9883,256.0,0.0,0.0,316.07,A
April,14,16:30:00,0.9918,243.0,0.0,0.0,317.28,A
April,14,17:00:00,0.973,222.0,0.0,0.0,313.23,A
April,14,17:30:00,0.9805,205.0,0.0,0.0,322.74,A
April,14,18:00:00,1.0,179.0,1.0,0.0056,291.64,A
April,14,18:30:00,0.9054,148.0,0.0,0.0,330.14,A
April,14,19:00:00,0.9307,101.0,0.0,0.0,319.19,A
April,14,19:30:00,0.962,81.0,2.0,0.0247,378.05,A
April,14,20:00:00,0.9344,61.0,0.0,0.0,333.69,A
April,14,20:30:00,0.975,40.0,0.0,0.0,291.73,A
April,14,21:00:00,0.6923,41.0,2.0,0.0488,301.38,A
April,14,21:30:00,1.0,29.0,1.0,0.0345,256.39,A
April,14,22:00:00,1.0,16.0,0.0,0.0,309.13,A
April,14,22:30:00,0.2857,10.0,3.0,0.3,440.29,A
April,14,23:00:00,0.6923,13.0,0.0,0.0,244.38,A
April,14,23:30:00,0.8333,6.0,0.0,0.0,351.5,A
April,15,00:00:00,1.0,2.0,0.0,0.0,488.0,A
April,15,00:30:00,1.0,5.0,0.0,0.0,215.6,A
April,15,01:00:00,1.0,5.0,0.0,0.0,416.2,A
April,15,01:30:00,1.0,1.0,0.0,0.0,231.0,A
April,15,02:00:00,1.0,2.0,0.0,0.0,214.5,A
April,15,02:30:00,1.0,0.0,0.0,0.0,214.5,A
April,15,03:30:00,1.0,1.0,0.0,0.0,260.0,A
April,15,05:00:00,1.0,3.0,0.0,0.0,385.67,A
April,15,05:30:00,0.5,2.0,0.0,0.0,457.0,A
April,15,06:00:00,1.0,1.0,0.0,0.0,439.0,A
April,15,06:30:00,1.0,4.0,0.0,0.0,172.75,A
April,15,07:00:00,1.0,8.0,0.0,0.0,237.75,A
April,15,07:30:00,0.7,13.0,3.0,0.2308,414.9,A
April,15,08:00:00,0.9762,42.0,0.0,0.0,255.19,A
April,15,08:30:00,0.8676,69.0,1.0,0.0145,324.82,A
April,15,09:00:00,0.8447,106.0,3.0,0.0283,298.67,A
April,15,09:30:00,0.8889,154.0,1.0,0.0065,316.1,A
April,15,10:00:00,0.9385,179.0,0.0,0.0,279.44,A
April,15,10:30:00,0.9341,182.0,0.0,0.0,315.8,A
April,15,11:00:00,0.9657,205.0,1.0,0.0049,329.45,A
April,15,11:30:00,0.8908,236.0,7.0,0.0297,326.8,A
April,15,12:00:00,0.9324,223.0,1.0,0.0045,334.37,A
April,15,12:30:00,0.9713,209.0,0.0,0.0,313.5,A
April,15,13:00:00,0.9835,244.0,1.0,0.0041,305.67,A
April,15,13:30:00,0.9876,242.0,1.0,0.0041,315.58,A
April,15,14:00:00,0.9781,228.0,0.0,0.0,322.7,A
April,15,14:30:00,0.95,220.0,0.0,0.0,285.43,A
April,15,15:00:00,0.9476,211.0,1.0,0.0047,341.22,A
April,15,15:30:00,0.8111,220.0,3.0,0.0136,317.95,A
April,15,16:00:00,0.7665,259.0,2.0,0.0077,308.46,A
April,15,16:30:00,0.9951,206.0,0.0,0.0,335.12,A
April,15,17:00:00,0.9794,194.0,0.0,0.0,328.0,A
April,15,17:30:00,0.9755,163.0,0.0,0.0,309.37,A
April,15,18:00:00,1.0,147.0,1.0,0.0068,276.71,A
April,15,18:30:00,0.8403,121.0,2.0,0.0165,311.49,A
April,15,19:00:00,0.7059,92.0,7.0,0.0761,355.04,A
April,15,19:30:00,0.9464,56.0,0.0,0.0,270.91,A
April,15,20:00:00,0.8049,45.0,4.0,0.0889,424.95,A
April,15,20:30:00,0.8824,52.0,1.0,0.0192,336.37,A
April,15,21:00:00,0.9286,14.0,0.0,0.0,406.57,A
April,15,21:30:00,1.0,32.0,0.0,0.0,344.38,A
April,15,22:00:00,1.0,22.0,0.0,0.0,296.36,A
April,15,22:30:00,0.75,8.0,0.0,0.0,285.0,A
April,15,23:00:00,0.3636,11.0,0.0,0.0,306.64,A
April,15,23:30:00,0.6364,11.0,0.0,0.0,392.09,A
April,16,00:00:00,1.0,4.0,0.0,0.0,39.5,A
April,16,00:30:00,1.0,2.0,0.0,0.0,132.5,A
April,16,01:00:00,1.0,0.0,0.0,0.0,132.5,A
April,16,01:30:00,1.0,3.0,0.0,0.0,241.67,A
April,16,02:00:00,1.0,1.0,0.0,0.0,122.0,A
April,16,02:30:00,1.0,4.0,0.0,0.0,318.25,A
April,16,04:00:00,1.0,1.0,1.0,1.0,318.25,A
April,16,04:30:00,1.0,1.0,0.0,0.0,128.0,A
April,16,05:00:00,1.0,1.0,0.0,0.0,45.0,A
April,16,05:30:00,1.0,3.0,0.0,0.0,344.67,A
April,16,06:00:00,1.0,2.0,0.0,0.0,249.5,A
April,16,06:30:00,0.6667,4.0,1.0,0.25,265.67,A
April,16,07:00:00,0.6,5.0,0.0,0.0,250.6,A
April,16,07:30:00,0.4706,18.0,1.0,0.0556,323.82,A
April,16,08:00:00,0.7021,47.0,0.0,0.0,216.21,A
April,16,08:30:00,0.7541,64.0,3.0,0.0469,353.52,A
April,16,09:00:00,0.7705,127.0,5.0,0.0394,308.7,A
April,16,09:30:00,0.7534,146.0,0.0,0.0,315.14,A
April,16,10:00:00,0.779,184.0,3.0,0.0163,321.46,A
April,16,10:30:00,0.9736,227.0,0.0,0.0,315.84,A
April,16,11:00:00,0.976,209.0,1.0,0.0048,317.3,A
April,16,11:30:00,0.6737,242.0,6.0,0.0248,356.61,A
April,16,12:00:00,0.8955,225.0,5.0,0.0222,336.17,A
April,16,12:30:00,0.8505,215.0,1.0,0.0047,322.1,A
April,16,13:00:00,1.0,185.0,0.0,0.0,335.18,A
April,16,13:30:00,0.9434,213.0,1.0,0.0047,315.54,A
April,16,14:00:00,0.8416,221.0,0.0,0.0,296.82,A
April,16,14:30:00,0.8873,213.0,0.0,0.0,342.7,A
April,16,15:00:00,0.9762,210.0,0.0,0.0,320.71,A
April,16,15:30:00,0.9286,210.0,0.0,0.0,310.97,A
April,16,16:00:00,0.8317,205.0,3.0,0.0146,336.3,A
April,16,16:30:00,0.9707,206.0,1.0,0.0049,328.68,A
April,16,17:00:00,0.9775,178.0,0.0,0.0,346.61,A
April,16,17:30:00,0.9249,174.0,1.0,0.0057,304.31,A
April,16,18:00:00,0.8526,158.0,2.0,0.0127,295.98,A
April,16,18:30:00,0.8378,150.0,2.0,0.0133,373.89,A
April,16,19:00:00,0.914,94.0,1.0,0.0106,336.09,A
April,16,19:30:00,0.9538,66.0,1.0,0.0152,343.35,A
April,16,20:00:00,0.9615,52.0,0.0,0.0,290.9,A
April,16,20:30:00,0.9778,45.0,0.0,0.0,248.73,A
April,16,21:00:00,0.7037,27.0,0.0,0.0,382.15,A
April,16,21:30:00,1.0,19.0,0.0,0.0,443.47,A
April,16,22:00:00,1.0,20.0,0.0,0.0,443.47,A
April,16,22:30:00,0.8125,18.0,0.0,0.0,443.47,A
April,16,23:00:00,1.0,5.0,0.0,0.0,443.47,A
April,16,23:30:00,1.0,7.0,0.0,0.0,443.47,A
April,17,00:00:00,1.0,7.0,0.0,0.0,443.47,A
April,17,00:30:00,1.0,2.0,0.0,0.0,443.47,A
April,17,01:00:00,1.0,3.0,0.0,0.0,443.47,A
April,17,01:30:00,1.0,2.0,0.0,0.0,443.47,A
April,17,02:30:00,1.0,1.0,0.0,0.0,443.47,A
April,17,05:00:00,1.0,1.0,0.0,0.0,443.47,A
April,17,05:30:00,1.0,2.0,0.0,0.0,443.47,A
April,17,06:00:00,1.0,2.0,0.0,0.0,443.47,A
April,17,06:30:00,0.8333,6.0,0.0,0.0,443.47,A
April,17,07:00:00,0.875,9.0,0.0,0.0,443.47,A
April,17,07:30:00,0.9091,12.0,1.0,0.0833,364.64,A
April,17,08:00:00,0.8727,58.0,3.0,0.0517,248.44,A
April,17,08:30:00,0.5429,78.0,8.0,0.1026,336.29,A
April,17,09:00:00,0.9167,120.0,0.0,0.0,322.11,A
April,17,09:30:00,0.9548,155.0,0.0,0.0,293.66,A
April,17,10:00:00,0.9887,178.0,1.0,0.0056,356.07,A
April,17,10:30:00,0.9827,174.0,1.0,0.0057,298.09,A
April,17,11:00:00,0.9068,239.0,3.0,0.0126,303.14,A
April,17,11:30:00,0.8151,245.0,7.0,0.0286,335.28,A
April,17,12:00:00,0.9782,230.0,1.0,0.0043,304.55,A
April,17,12:30:00,0.8769,263.0,3.0,0.0114,292.62,A
April,17,13:00:00,0.96,250.0,0.0,0.0,330.11,A
April,17,13:30:00,0.9134,232.0,1.0,0.0043,355.65,A
April,17,14:00:00,0.9956,228.0,0.0,0.0,337.5,A
April,17,14:30:00,1.0,222.0,0.0,0.0,313.7,A
April,17,15:00:00,0.9916,238.0,0.0,0.0,307.58,A
April,17,15:30:00,0.9209,216.0,1.0,0.0046,334.22,A
April,17,16:00:00,0.8263,237.0,1.0,0.0042,338.39,A
April,17,16:30:00,0.9602,226.0,0.0,0.0,301.21,A
April,17,17:00:00,0.9512,209.0,4.0,0.0191,335.03,A
April,17,17:30:00,0.9592,197.0,1.0,0.0051,339.94,A
April,17,18:00:00,0.9935,154.0,0.0,0.0,300.63,A
April,17,18:30:00,1.0,127.0,0.0,0.0,322.8,A
April,17,19:00:00,1.0,71.0,0.0,0.0,331.18,A
April,17,19:30:00,0.873,65.0,2.0,0.0308,398.54,A
April,17,20:00:00,1.0,52.0,0.0,0.0,324.81,A
April,17,20:30:00,0.9583,48.0,0.0,0.0,330.31,A
April,17,21:00:00,1.0,25.0,1.0,0.04,303.5,A
April,17,21:30:00,1.0,19.0,0.0,0.0,371.53,A
April,17,22:00:00,1.0,17.0,0.0,0.0,229.12,A
April,17,22:30:00,0.4,15.0,0.0,0.0,244.73,A
April,17,23:00:00,0.8,5.0,0.0,0.0,276.2,A
April,17,23:30:00,0.625,9.0,1.0,0.1111,502.5,A
April,18,00:00:00,1.0,4.0,0.0,0.0,204.5,A
April,18,00:30:00,1.0,5.0,0.0,0.0,562.4,A
April,18,01:30:00,1.0,4.0,0.0,0.0,145.25,A
April,18,02:00:00,1.0,2.0,0.0,0.0,264.5,A
April,18,03:00:00,1.0,1.0,0.0,0.0,192.0,A
April,18,04:00:00,1.0,1.0,0.0,0.0,122.0,A
April,18,04:30:00,1.0,2.0,0.0,0.0,180.5,A
April,18,05:00:00,0.75,4.0,0.0,0.0,249.25,A
April,18,05:30:00,1.0,1.0,0.0,0.0,306.0,A
April,18,06:00:00,1.0,1.0,0.0,0.0,149.0,A
April,18,06:30:00,1.0,0.0,0.0,0.0,149.0,A
April,18,07:00:00,0.4,11.0,1.0,0.0909,414.3,A
April,18,07:30:00,0.6364,11.0,0.0,0.0,349.36,A
April,18,08:00:00,0.9184,49.0,0.0,0.0,235.76,A
April,18,08:30:00,0.942,69.0,0.0,0.0,328.62,A
April,18,09:00:00,0.9752,121.0,0.0,0.0,279.33,A
April,18,09:30:00,0.9362,141.0,0.0,0.0,356.87,A
April,18,10:00:00,0.964,139.0,0.0,0.0,330.18,A
April,18,10:30:00,0.9945,183.0,1.0,0.0055,321.8,A
April,18,11:00:00,0.9895,190.0,0.0,0.0,279.05,A
April,18,11:30:00,0.9952,210.0,1.0,0.0048,295.23,A
April,18,12:00:00,0.9918,245.0,1.0,0.0041,315.4,A
April,18,12:30:00,0.9808,208.0,0.0,0.0,299.06,A
April,18,13:00:00,0.9859,213.0,0.0,0.0,378.96,A
April,18,13:30:00,0.9907,216.0,0.0,0.0,301.23,A
April,18,14:00:00,1.0,208.0,1.0,0.0048,331.61,A
April,18,14:30:00,0.9912,228.0,0.0,0.0,320.43,A
April,18,15:00:00,1.0,208.0,0.0,0.0,310.03,A
April,18,15:30:00,1.0,195.0,0.0,0.0,308.61,A
April,18,16:00:00,0.9853,204.0,0.0,0.0,327.21,A
April,18,16:30:00,0.9848,198.0,0.0,0.0,358.8,A
April,18,17:00:00,0.9848,197.0,0.0,0.0,277.46,A
April,18,17:30:00,0.9935,155.0,0.0,0.0,324.69,A
April,18,18:00:00,1.0,139.0,0.0,0.0,285.67,A
April,18,18:30:00,1.0,127.0,0.0,0.0,341.65,A
April,18,19:00:00,1.0,78.0,0.0,0.0,368.59,A
April,18,19:30:00,1.0,53.0,0.0,0.0,335.04,A
April,18,20:00:00,1.0,35.0,0.0,0.0,293.51,A
April,18,20:30:00,0.9722,36.0,0.0,0.0,284.61,A
April,18,21:00:00,1.0,23.0,0.0,0.0,332.91,A
April,18,21:30:00,1.0,13.0,0.0,0.0,270.0,A
April,18,22:00:00,1.0,11.0,0.0,0.0,243.0,A
April,18,22:30:00,0.9091,11.0,0.0,0.0,312.73,A
April,18,23:00:00,0.3333,6.0,0.0,0.0,310.67,A
April,18,23:30:00,1.0,3.0,0.0,0.0,149.67,A
April,19,00:00:00,1.0,8.0,1.0,0.125,491.57,A
April,19,00:30:00,0.8,5.0,0.0,0.0,723.6,A
April,19,01:00:00,1.0,5.0,1.0,0.2,153.5,A
April,19,01:30:00,1.0,2.0,1.0,0.5,93.0,A
April,19,02:00:00,0.0,1.0,0.0,0.0,1500.0,A
April,19,02:30:00,1.0,3.0,0.0,0.0,113.33,A
April,19,03:00:00,1.0,1.0,0.0,0.0,272.0,A
April,19,04:30:00,1.0,1.0,0.0,0.0,121.0,A
April,19,05:00:00,1.0,1.0,0.0,0.0,127.0,A
April,19,05:30:00,1.0,0.0,0.0,0.0,127.0,A
April,19,06:00:00,1.0,1.0,0.0,0.0,546.0,A
April,19,06:30:00,1.0,0.0,0.0,0.0,546.0,A
April,19,07:00:00,1.0,6.0,0.0,0.0,427.67,A
April,19,07:30:00,1.0,5.0,0.0,0.0,349.2,A
April,19,08:00:00,0.9615,26.0,0.0,0.0,222.96,A
April,19,08:30:00,0.9773,44.0,0.0,0.0,245.68,A
April,19,09:00:00,0.9643,56.0,0.0,0.0,310.79,A
April,19,09:30:00,0.9571,70.0,0.0,0.0,305.86,A
April,19,10:00:00,1.0,98.0,1.0,0.0102,299.29,A
April,19,10:30:00,1.0,124.0,0.0,0.0,252.11,A
April,19,11:00:00,0.9837,124.0,1.0,0.0081,265.3,A
April,19,11:30:00,0.9925,133.0,1.0,0.0,257.59,A
April,19,12:00:00,0.9818,165.0,1.0,0.0,271.22,A
April,19,12:30:00,0.9854,137.0,0.0,0.0,287.61,A
April,19,13:00:00,0.9518,166.0,0.0,0.0,282.73,A
April,19,13:30:00,0.9636,165.0,0.0,0.0,315.04,A
April,19,14:00:00,0.9735,153.0,2.0,0.0131,313.97,A
April,19,14:30:00,0.9632,137.0,1.0,0.0073,312.19,A
April,19,15:00:00,0.9527,148.0,0.0,0.0,333.76,A
April,19,15:30:00,0.9124,139.0,2.0,0.0144,320.32,A
April,19,16:00:00,0.9265,137.0,1.0,0.0073,330.38,A
April,19,16:30:00,0.9854,138.0,1.0,0.0072,271.6,A
April,19,17:00:00,0.8729,122.0,4.0,0.0328,311.53,A
April,19,17:30:00,0.9074,110.0,2.0,0.0182,263.41,A
April,19,18:00:00,0.9204,115.0,2.0,0.0174,322.5,A
April,19,18:30:00,0.9032,94.0,1.0,0.0106,356.7,A
April,19,19:00:00,1.0,78.0,2.0,0.0256,310.67,A
April,19,19:30:00,0.9706,68.0,0.0,0.0,378.69,A
April,19,20:00:00,1.0,53.0,1.0,0.0189,262.75,A
April,19,20:30:00,0.9333,46.0,1.0,0.0217,302.11,A
April,19,21:00:00,1.0,25.0,0.0,0.0,293.76,A
April,19,21:30:00,1.0,10.0,0.0,0.0,273.4,A
April,19,22:00:00,1.0,14.0,0.0,0.0,472.36,A
April,19,22:30:00,1.0,8.0,0.0,0.0,510.38,A
April,19,23:00:00,1.0,5.0,0.0,0.0,335.0,A
April,19,23:30:00,1.0,2.0,0.0,0.0,71.0,A
April,20,00:00:00,1.0,2.0,0.0,0.0,1500.0,A
April,20,00:30:00,1.0,1.0,0.0,0.0,272.0,A
April,20,01:00:00,1.0,4.0,0.0,0.0,264.25,A
April,20,01:30:00,1.0,2.0,0.0,0.0,862.0,A
April,20,02:00:00,1.0,1.0,0.0,0.0,157.0,A
April,20,03:00:00,1.0,1.0,0.0,0.0,146.0,A
April,20,04:30:00,1.0,1.0,0.0,0.0,393.0,A
April,20,07:00:00,1.0,7.0,0.0,0.0,263.0,A
April,20,07:30:00,1.0,4.0,0.0,0.0,441.75,A
April,20,08:00:00,1.0,7.0,0.0,0.0,189.71,A
April,20,08:30:00,1.0,6.0,0.0,0.0,350.33,A
April,20,09:00:00,0.75,12.0,0.0,0.0,472.08,A
April,20,09:30:00,1.0,11.0,0.0,0.0,313.64,A
April,20,10:00:00,1.0,11.0,0.0,0.0,324.18,A
April,20,10:30:00,1.0,12.0,0.0,0.0,288.75,A
April,20,11:00:00,1.0,14.0,0.0,0.0,396.64,A
April,20,11:30:00,1.0,14.0,0.0,0.0,320.36,A
April,20,12:00:00,1.0,20.0,0.0,0.0,358.1,A
April,20,12:30:00,1.0,23.0,1.0,0.0435,354.82,A
April,20,13:00:00,1.0,19.0,0.0,0.0,292.47,A
April,20,13:30:00,1.0,20.0,0.0,0.0,314.05,A
April,20,14:00:00,1.0,18.0,0.0,0.0,308.83,A
April,20,14:30:00,1.0,19.0,0.0,0.0,259.21,A
April,20,15:00:00,1.0,26.0,0.0,0.0,318.62,A
April,20,15:30:00,1.0,24.0,2.0,0.0833,231.59,A
April,20,16:00:00,1.0,25.0,0.0,0.0,238.6,A
April,20,16:30:00,1.0,22.0,0.0,0.0,272.18,A
April,20,17:00:00,0.963,28.0,1.0,0.0357,360.07,A
April,20,17:30:00,1.0,18.0,0.0,0.0,329.17,A
April,20,18:00:00,1.0,20.0,0.0,0.0,286.35,A
April,20,18:30:00,1.0,30.0,0.0,0.0,383.03,A
April,20,19:00:00,1.0,17.0,0.0,0.0,308.18,A
April,20,19:30:00,1.0,22.0,0.0,0.0,266.59,A
April,20,20:00:00,1.0,18.0,1.0,0.0556,291.12,A
April,20,20:30:00,1.0,14.0,0.0,0.0,364.0,A
April,20,21:00:00,0.8571,8.0,1.0,0.125,282.29,A
April,20,21:30:00,0.75,8.0,0.0,0.0,246.5,A
April,20,22:00:00,0.7,12.0,2.0,0.1667,260.2,A
April,20,22:30:00,0.6667,10.0,1.0,0.1,264.56,A
April,20,23:00:00,0.7143,7.0,0.0,0.0,452.43,A
April,20,23:30:00,1.0,3.0,0.0,0.0,143.33,A
April,21,00:00:00,1.0,3.0,0.0,0.0,199.67,A
April,21,00:30:00,1.0,2.0,0.0,0.0,192.5,A
April,21,01:00:00,1.0,2.0,0.0,0.0,155.5,A
April,21,02:00:00,1.0,2.0,0.0,0.0,456.0,A
April,21,02:30:00,1.0,2.0,0.0,0.0,88.5,A
April,21,03:00:00,1.0,0.0,0.0,0.0,88.5,A
April,21,03:30:00,1.0,1.0,0.0,0.0,366.0,A
April,21,04:30:00,1.0,1.0,0.0,0.0,284.0,A
April,21,05:00:00,1.0,1.0,0.0,0.0,172.0,A
April,21,05:30:00,1.0,1.0,0.0,0.0,143.0,A
April,21,06:00:00,1.0,1.0,0.0,0.0,340.0,A
April,21,06:30:00,0.6667,4.0,1.0,0.25,264.0,A
April,21,07:00:00,1.0,3.0,0.0,0.0,200.33,A
April,21,07:30:00,0.8,10.0,0.0,0.0,385.8,A
April,21,08:00:00,1.0,29.0,0.0,0.0,319.07,A
April,21,08:30:00,1.0,68.0,0.0,0.0,336.19,A
April,21,09:00:00,0.9381,98.0,1.0,0.0102,259.9,A
April,21,09:30:00,0.8777,140.0,1.0,0.0071,331.05,A
April,21,10:00:00,0.8994,169.0,0.0,0.0,331.33,A
April,21,10:30:00,0.8844,203.0,4.0,0.0197,314.93,A
April,21,11:00:00,0.9156,225.0,0.0,0.0,328.36,A
April,21,11:30:00,0.9331,239.0,0.0,0.0,360.15,A
April,21,12:00:00,0.9831,236.0,0.0,0.0,332.0,A
April,21,12:30:00,0.9212,204.0,1.0,0.0049,301.72,A
April,21,13:00:00,0.8938,228.0,2.0,0.0088,310.42,A
April,21,13:30:00,0.6753,242.0,11.0,0.0455,355.56,A
April,21,14:00:00,0.805,206.0,6.0,0.0291,366.66,A
April,21,14:30:00,0.3406,263.0,34.0,0.1293,326.86,A
April,21,15:00:00,0.7018,232.0,4.0,0.0172,320.66,A
April,21,15:30:00,0.8283,233.0,0.0,0.0,354.4,A
April,21,16:00:00,0.8434,250.0,1.0,0.004,350.35,A
April,21,16:30:00,0.9903,208.0,1.0,0.0048,354.01,A
April,21,17:00:00,0.9763,171.0,2.0,0.0117,304.91,A
April,21,17:30:00,1.0,144.0,0.0,0.0,328.17,A
April,21,18:00:00,0.9934,156.0,4.0,0.0256,335.88,A
April,21,18:30:00,0.9912,117.0,3.0,0.0256,360.43,A
April,21,19:00:00,0.9906,106.0,0.0,0.0,389.43,A
April,21,19:30:00,1.0,71.0,0.0,0.0,281.41,A
April,21,20:00:00,1.0,45.0,0.0,0.0,268.98,A
April,21,20:30:00,1.0,36.0,0.0,0.0,338.0,A
April,21,21:00:00,0.7879,33.0,0.0,0.0,333.12,A
April,21,21:30:00,0.6818,25.0,3.0,0.12,408.55,A
April,21,22:00:00,0.95,20.0,0.0,0.0,449.95,A
April,21,22:30:00,0.5,7.0,1.0,0.1429,418.0,A
April,21,23:00:00,0.5,13.0,3.0,0.2308,282.7,A
April,21,23:30:00,1.0,2.0,0.0,0.0,321.5,A
April,22,00:00:00,1.0,1.0,0.0,0.0,1500.0,A
April,22,00:30:00,1.0,5.0,0.0,0.0,487.6,A
April,22,01:00:00,1.0,3.0,0.0,0.0,488.0,A
April,22,01:30:00,1.0,1.0,0.0,0.0,223.0,A
April,22,02:30:00,1.0,1.0,0.0,0.0,139.0,A
April,22,03:30:00,1.0,2.0,0.0,0.0,486.5,A
April,22,05:30:00,1.0,3.0,0.0,0.0,208.33,A
April,22,06:00:00,1.0,2.0,0.0,0.0,493.0,A
April,22,06:30:00,0.3333,4.0,1.0,0.25,794.33,A
April,22,07:00:00,0.6,5.0,0.0,0.0,247.8,A
April,22,07:30:00,0.4286,15.0,1.0,0.0667,419.86,A
April,22,08:00:00,0.8095,42.0,0.0,0.0,265.6,A
April,22,08:30:00,0.9296,71.0,0.0,0.0,359.01,A
April,22,09:00:00,0.9189,112.0,1.0,0.0089,284.61,A
April,22,09:30:00,0.8138,145.0,0.0,0.0,355.37,A
April,22,10:00:00,0.9202,163.0,0.0,0.0,324.11,A
April,22,10:30:00,0.8621,204.0,1.0,0.0049,307.04,A
April,22,11:00:00,0.9854,205.0,0.0,0.0,323.31,A
April,22,11:30:00,0.991,223.0,0.0,0.0,317.24,A
April,22,12:00:00,0.9619,236.0,0.0,0.0,314.8,A
April,22,12:30:00,0.8284,205.0,1.0,0.0049,306.13,A
April,22,13:00:00,0.9189,223.0,1.0,0.0045,354.34,A
April,22,13:30:00,0.873,193.0,4.0,0.0207,313.42,A
April,22,14:00:00,0.7034,242.0,6.0,0.0248,334.27,A
April,22,14:30:00,0.9652,234.0,4.0,0.0171,334.94,A
April,22,15:00:00,0.9569,232.0,0.0,0.0,340.65,A
April,22,15:30:00,0.9851,202.0,0.0,0.0,313.01,A
April,22,16:00:00,0.9902,204.0,0.0,0.0,331.55,A
April,22,16:30:00,0.9954,218.0,0.0,0.0,326.08,A
April,22,17:00:00,0.9788,190.0,1.0,0.0053,327.24,A
April,22,17:30:00,0.9634,164.0,0.0,0.0,325.19,A
April,22,18:00:00,0.9634,164.0,0.0,0.0,323.72,A
April,22,18:30:00,0.9634,164.0,0.0,0.0,321.49,A
April,22,19:00:00,0.9634,164.0,0.0,0.0,309.38,A
April,22,19:30:00,0.9634,164.0,0.0,0.0,365.1,A
April,22,20:00:00,0.9634,164.0,0.0,0.0,372.29,A
April,22,20:30:00,0.9524,42.0,0.0,0.0,279.57,A
April,22,21:00:00,0.9286,28.0,0.0,0.0,320.0,A
April,22,21:30:00,1.0,22.0,0.0,0.0,284.82,A
April,22,22:00:00,1.0,20.0,0.0,0.0,362.4,A
April,22,22:30:00,0.75,17.0,5.0,0.2941,261.25,A
April,22,23:00:00,0.4545,12.0,1.0,0.0833,411.27,A
April,22,23:30:00,1.0,3.0,0.0,0.0,161.0,A
April,23,00:00:00,1.0,5.0,0.0,0.0,253.8,A
April,23,00:30:00,1.0,0.0,0.0,0.0,253.8,A
April,23,01:00:00,1.0,3.0,0.0,0.0,188.33,A
April,23,01:30:00,1.0,2.0,0.0,0.0,187.0,A
April,23,02:00:00,1.0,3.0,0.0,0.0,284.0,A
April,23,02:30:00,1.0,3.0,0.0,0.0,268.33,A
April,23,03:00:00,1.0,1.0,0.0,0.0,712.0,A
April,23,03:30:00,1.0,1.0,0.0,0.0,211.0,A
April,23,04:30:00,1.0,1.0,0.0,0.0,261.0,A
April,23,05:00:00,1.0,3.0,0.0,0.0,514.67,A
April,23,05:30:00,1.0,1.0,0.0,0.0,79.0,A
April,23,07:00:00,0.25,4.0,0.0,0.0,131.25,A
April,23,07:30:00,0.6923,59.0,7.0,0.1186,275.5,A
April,23,08:00:00,0.6974,78.0,2.0,0.0256,295.01,A
April,23,08:30:00,0.9487,118.0,1.0,0.0085,339.35,A
April,23,09:00:00,0.7857,157.0,3.0,0.0191,337.42,A
April,23,09:30:00,0.7725,190.0,1.0,0.0053,324.83,A
April,23,10:00:00,0.8,186.0,1.0,0.0054,346.67,A
April,23,10:30:00,0.808,232.0,8.0,0.0345,366.1,A
April,23,11:00:00,0.8684,230.0,2.0,0.0087,320.29,A
April,23,11:30:00,0.8771,236.0,0.0,0.0,360.37,A
April,23,12:00:00,0.9471,209.0,1.0,0.0048,300.01,A
April,23,12:30:00,0.8744,219.0,4.0,0.0183,309.75,A
April,23,13:00:00,0.7172,245.0,1.0,0.0041,290.15,A
April,23,13:30:00,0.668,264.0,14.0,0.053,319.92,A
April,23,14:00:00,0.7373,236.0,0.0,0.0,357.08,A
April,23,14:30:00,0.8571,204.0,1.0,0.0049,362.26,A
April,23,15:00:00,0.708,228.0,2.0,0.0088,326.23,A
April,23,15:30:00,0.9497,199.0,0.0,0.0,339.51,A
April,23,16:00:00,0.9829,234.0,0.0,0.0,315.88,A
April,23,16:30:00,0.9,190.0,0.0,0.0,325.46,A
April,23,17:00:00,0.9813,160.0,0.0,0.0,289.62,A
April,23,17:30:00,1.0,138.0,0.0,0.0,351.87,A
April,23,18:00:00,0.8819,144.0,0.0,0.0,299.65,A
April,23,18:30:00,0.9867,76.0,1.0,0.0132,374.39,A
April,23,19:00:00,0.9286,71.0,1.0,0.0141,390.17,A
April,23,19:30:00,0.8182,58.0,3.0,0.0517,325.96,A
April,23,20:00:00,0.7826,47.0,1.0,0.0213,292.07,A
April,23,20:30:00,0.875,32.0,0.0,0.0,251.16,A
April,23,21:00:00,0.9524,26.0,5.0,0.1923,424.1,A
April,23,21:30:00,0.9545,24.0,2.0,0.0833,323.59,A
April,23,22:00:00,1.0,3.0,0.0,0.0,615.67,A
April,23,22:30:00,0.2857,8.0,1.0,0.125,235.43,A
April,23,23:00:00,0.4,5.0,0.0,0.0,211.8,A
April,23,23:30:00,0.9,10.0,0.0,0.0,217.4,A
April,24,00:00:00,1.0,1.0,0.0,0.0,83.0,A
April,24,00:30:00,1.0,1.0,0.0,0.0,392.0,A
April,24,01:00:00,1.0,4.0,0.0,0.0,196.25,A
April,24,01:30:00,1.0,1.0,0.0,0.0,293.0,A
April,24,03:00:00,1.0,2.0,0.0,0.0,345.0,A
April,24,03:30:00,1.0,3.0,0.0,0.0,73.33,A
April,24,05:00:00,1.0,1.0,0.0,0.0,298.0,A
April,24,05:30:00,1.0,2.0,0.0,0.0,251.5,A
April,24,06:00:00,1.0,3.0,0.0,0.0,174.33,A
April,24,06:30:00,0.0,2.0,0.0,0.0,436.5,A
April,24,07:00:00,0.8571,7.0,0.0,0.0,208.29,A
April,24,07:30:00,0.8676,71.0,3.0,0.0423,260.34,A
April,24,08:00:00,0.4407,64.0,5.0,0.0781,339.36,A
April,24,08:30:00,0.5398,115.0,2.0,0.0174,346.22,A
April,24,09:00:00,0.9252,149.0,2.0,0.0134,318.25,A
April,24,09:30:00,0.7405,188.0,3.0,0.016,301.63,A
April,24,10:00:00,0.8092,153.0,1.0,0.0065,274.4,A
April,24,10:30:00,0.8626,214.0,3.0,0.014,299.21,A
April,24,11:00:00,0.9415,189.0,1.0,0.0053,306.04,A
April,24,11:30:00,0.823,214.0,5.0,0.0234,326.58,A
April,24,12:00:00,0.7991,220.0,1.0,0.0045,327.16,A
April,24,12:30:00,0.9822,226.0,1.0,0.0044,308.28,A
April,24,13:00:00,0.9854,205.0,0.0,0.0,329.27,A
April,24,13:30:00,0.7892,229.0,6.0,0.0262,332.23,A
April,24,14:00:00,0.8977,218.0,3.0,0.0138,364.72,A
April,24,14:30:00,0.9272,207.0,1.0,0.0048,309.29,A
April,24,15:00:00,0.8378,188.0,3.0,0.016,360.58,A
April,24,15:30:00,0.8738,214.0,0.0,0.0,333.75,A
April,24,16:00:00,0.7225,200.0,9.0,0.045,316.52,A
April,24,16:30:00,0.6857,219.0,9.0,0.0411,350.61,A
April,24,17:00:00,0.8361,186.0,3.0,0.0161,346.33,A
April,24,17:30:00,0.9308,132.0,2.0,0.0152,303.97,A
April,24,18:00:00,0.9845,129.0,0.0,0.0,356.68,A
April,24,18:30:00,1.0,82.0,1.0,0.0122,288.15,A
April,24,19:00:00,0.9714,70.0,0.0,0.0,331.61,A
April,24,19:30:00,0.9767,43.0,0.0,0.0,286.16,A
April,24,20:00:00,1.0,48.0,1.0,0.0208,311.34,A
April,24,20:30:00,0.8519,27.0,0.0,0.0,354.37,A
April,24,21:00:00,1.0,22.0,0.0,0.0,249.64,A
April,24,21:30:00,1.0,13.0,0.0,0.0,316.54,A
April,24,22:00:00,1.0,5.0,0.0,0.0,270.4,A
April,24,22:30:00,1.0,10.0,1.0,0.1,278.11,A
April,24,23:00:00,0.6667,10.0,1.0,0.1,464.67,A
April,24,23:30:00,1.0,7.0,0.0,0.0,154.29,A
April,25,00:00:00,1.0,7.0,0.0,0.0,211.43,A
April,25,00:30:00,1.0,3.0,0.0,0.0,767.67,A
April,25,01:00:00,1.0,1.0,0.0,0.0,69.0,A
April,25,02:30:00,1.0,1.0,0.0,0.0,308.0,A
April,25,04:00:00,1.0,1.0,1.0,1.0,308.0,A
April,25,04:30:00,1.0,1.0,0.0,0.0,1134.0,A
April,25,05:00:00,1.0,1.0,0.0,0.0,383.0,A
April,25,06:00:00,1.0,6.0,1.0,0.1667,206.4,A
April,25,06:30:00,0.0,2.0,1.0,0.5,321.0,A
April,25,07:00:00,0.5,10.0,2.0,0.2,291.25,A
April,25,07:30:00,0.7143,16.0,2.0,0.125,365.07,A
April,25,08:00:00,0.8889,36.0,0.0,0.0,243.78,A
April,25,08:30:00,0.9726,73.0,0.0,0.0,253.53,A
April,25,09:00:00,0.9902,102.0,0.0,0.0,317.28,A
April,25,09:30:00,0.9015,134.0,2.0,0.0149,273.98,A
April,25,10:00:00,0.7143,165.0,4.0,0.0242,329.51,A
April,25,10:30:00,0.9844,192.0,0.0,0.0,290.64,A
April,25,11:00:00,1.0,192.0,0.0,0.0,280.59,A
April,25,11:30:00,0.8711,196.0,2.0,0.0102,301.99,A
April,25,12:00:00,0.9697,234.0,3.0,0.0128,292.7,A
April,25,12:30:00,0.7511,242.0,9.0,0.0372,326.92,A
April,25,13:00:00,0.7699,233.0,7.0,0.03,366.81,A
April,25,13:30:00,0.9384,214.0,3.0,0.014,327.2,A
April,25,14:00:00,0.7874,256.0,2.0,0.0078,305.04,A
April,25,14:30:00,0.9078,221.0,4.0,0.0181,323.68,A
April,25,15:00:00,0.9099,225.0,3.0,0.0133,306.4,A
April,25,15:30:00,0.8257,248.0,7.0,0.0282,328.57,A
April,25,16:00:00,0.9213,217.0,1.0,0.0046,343.0,A
April,25,16:30:00,0.9949,197.0,2.0,0.0102,322.78,A
April,25,17:00:00,0.8824,188.0,1.0,0.0053,326.93,A
April,25,17:30:00,0.7485,176.0,9.0,0.0511,303.96,A
April,25,18:00:00,0.7273,148.0,5.0,0.0338,366.2,A
April,25,18:30:00,0.9008,123.0,2.0,0.0163,315.64,A
April,25,19:00:00,0.8333,97.0,1.0,0.0103,319.99,A
April,25,19:30:00,0.9394,67.0,1.0,0.0149,348.08,A
April,25,20:00:00,0.925,41.0,1.0,0.0244,429.33,A
April,25,20:30:00,0.9394,33.0,0.0,0.0,412.39,A
April,25,21:00:00,0.7727,23.0,1.0,0.0435,221.5,A
April,25,21:30:00,0.9524,21.0,0.0,0.0,301.1,A
April,25,22:00:00,0.9167,24.0,0.0,0.0,328.08,A
April,25,22:30:00,0.5455,14.0,3.0,0.2143,404.45,A
April,25,23:00:00,0.125,15.0,7.0,0.4667,462.13,A
April,25,23:30:00,0.6667,12.0,3.0,0.25,396.0,A
April,26,00:00:00,1.0,7.0,0.0,0.0,322.57,A
April,26,00:30:00,1.0,3.0,0.0,0.0,255.33,A
April,26,01:00:00,1.0,3.0,0.0,0.0,298.33,A
April,26,01:30:00,1.0,2.0,0.0,0.0,151.5,A
April,26,02:00:00,1.0,1.0,0.0,0.0,55.0,A
April,26,02:30:00,1.0,3.0,0.0,0.0,531.33,A
April,26,04:30:00,1.0,1.0,0.0,0.0,289.0,A
April,26,05:30:00,1.0,4.0,0.0,0.0,130.75,A
April,26,06:30:00,1.0,2.0,0.0,0.0,373.5,A
April,26,07:00:00,1.0,7.0,0.0,0.0,208.14,A
April,26,07:30:00,1.0,7.0,1.0,0.1429,308.5,A
April,26,08:00:00,1.0,23.0,0.0,0.0,263.0,A
April,26,08:30:00,1.0,40.0,0.0,0.0,299.68,A
April,26,09:00:00,1.0,60.0,0.0,0.0,247.27,A
April,26,09:30:00,0.9861,72.0,0.0,0.0,266.17,A
April,26,10:00:00,0.925,80.0,0.0,0.0,338.23,A
April,26,10:30:00,0.9358,110.0,1.0,0.0091,305.94,A
April,26,11:00:00,0.8452,157.0,2.0,0.0127,314.78,A
April,26,11:30:00,0.9793,147.0,2.0,0.0136,282.23,A
April,26,12:00:00,0.745,156.0,7.0,0.0449,280.28,A
April,26,12:30:00,0.511,186.0,4.0,0.0215,310.18,A
April,26,13:00:00,0.9804,154.0,1.0,0.0065,359.39,A
April,26,13:30:00,1.0,181.0,0.0,0.0,312.88,A
April,26,14:00:00,0.9869,153.0,0.0,0.0,310.84,A
April,26,14:30:00,0.9769,130.0,0.0,0.0,351.46,A
April,26,15:00:00,0.9769,161.0,0.0,0.0,311.5,A
April,26,15:30:00,0.9769,175.0,0.0,0.0,309.11,A
April,26,16:00:00,0.9769,153.0,1.0,0.0065,319.92,A
April,26,16:30:00,0.9769,117.0,0.0,0.0,321.01,A
April,26,17:00:00,0.746,131.0,5.0,0.0382,325.71,A
April,26,17:30:00,0.9462,93.0,0.0,0.0,318.3,A
April,26,18:00:00,0.8416,103.0,2.0,0.0194,342.74,A
April,26,18:30:00,0.9506,81.0,0.0,0.0,343.73,A
April,26,19:00:00,0.9403,67.0,0.0,0.0,307.18,A
April,26,19:30:00,0.8302,53.0,0.0,0.0,377.26,A
April,26,20:00:00,0.7755,49.0,0.0,0.0,361.47,A
April,26,20:30:00,1.0,23.0,0.0,0.0,263.26,A
April,26,21:00:00,0.9091,11.0,0.0,0.0,330.64,A
April,26,21:30:00,0.85,20.0,0.0,0.0,302.1,A
April,26,22:00:00,0.8333,12.0,0.0,0.0,347.25,A
April,26,22:30:00,0.875,8.0,0.0,0.0,311.13,A
April,26,23:00:00,0.5,4.0,0.0,0.0,454.0,A
April,26,23:30:00,0.8333,6.0,0.0,0.0,199.5,A
April,27,00:00:00,1.0,1.0,0.0,0.0,227.0,A
April,27,00:30:00,0.6667,3.0,0.0,0.0,574.67,A
April,27,01:00:00,1.0,3.0,0.0,0.0,506.33,A
April,27,01:30:00,1.0,2.0,0.0,0.0,422.5,A
April,27,02:00:00,1.0,2.0,0.0,0.0,161.0,A
April,27,04:00:00,1.0,3.0,0.0,0.0,411.33,A
April,27,05:30:00,1.0,3.0,0.0,0.0,196.0,A
April,27,06:00:00,1.0,3.0,0.0,0.0,116.0,A
April,27,06:30:00,1.0,4.0,0.0,0.0,217.25,A
April,27,07:00:00,1.0,6.0,0.0,0.0,290.83,A
April,27,07:30:00,1.0,6.0,0.0,0.0,615.83,A
April,27,08:00:00,0.8182,11.0,0.0,0.0,270.45,A
April,27,08:30:00,1.0,18.0,1.0,0.0556,246.06,A
April,27,09:00:00,1.0,16.0,0.0,0.0,222.81,A
April,27,09:30:00,1.0,17.0,0.0,0.0,289.65,A
April,27,10:00:00,1.0,25.0,0.0,0.0,288.12,A
April,27,10:30:00,1.0,35.0,0.0,0.0,352.74,A
April,27,11:00:00,1.0,29.0,0.0,0.0,288.28,A
April,27,11:30:00,1.0,33.0,0.0,0.0,264.55,A
April,27,12:00:00,1.0,53.0,0.0,0.0,259.43,A
April,27,12:30:00,1.0,64.0,0.0,0.0,262.89,A
April,27,13:00:00,0.9342,76.0,0.0,0.0,311.74,A
April,27,13:30:00,0.942,69.0,0.0,0.0,276.41,A
April,27,14:00:00,0.9792,96.0,0.0,0.0,256.36,A
April,27,14:30:00,0.9577,71.0,0.0,0.0,286.15,A
April,27,15:00:00,0.75,90.0,2.0,0.0222,261.23,A
April,27,15:30:00,0.5402,96.0,9.0,0.0938,338.22,A
April,27,16:00:00,0.9524,84.0,0.0,0.0,283.06,A
April,27,16:30:00,0.8182,67.0,1.0,0.0149,268.98,A
April,27,17:00:00,0.8909,55.0,0.0,0.0,329.53,A
April,27,17:30:00,0.9365,63.0,0.0,0.0,343.51,A
April,27,18:00:00,1.0,37.0,0.0,0.0,315.46,A
April,27,18:30:00,1.0,39.0,0.0,0.0,313.18,A
April,27,19:00:00,0.9,31.0,1.0,0.0323,324.23,A
April,27,19:30:00,0.95,40.0,0.0,0.0,266.38,A
April,27,20:00:00,0.9,20.0,0.0,0.0,226.4,A
April,27,20:30:00,1.0,25.0,0.0,0.0,314.76,A
April,27,21:00:00,1.0,21.0,0.0,0.0,227.43,A
April,27,21:30:00,1.0,13.0,0.0,0.0,230.31,A
April,27,22:00:00,0.875,16.0,0.0,0.0,304.94,A
April,27,22:30:00,0.6875,17.0,1.0,0.0588,302.0,A
April,27,23:00:00,0.7143,7.0,0.0,0.0,194.29,A
April,27,23:30:00,1.0,9.0,0.0,0.0,390.56,A
April,28,00:00:00,1.0,2.0,0.0,0.0,222.0,A
April,28,00:30:00,1.0,3.0,0.0,0.0,299.67,A
April,28,01:00:00,1.0,6.0,0.0,0.0,578.17,A
April,28,01:30:00,1.0,1.0,0.0,0.0,546.0,A
April,28,02:00:00,1.0,1.0,0.0,0.0,96.0,A
April,28,03:30:00,1.0,1.0,0.0,0.0,22.0,A
April,28,04:30:00,1.0,3.0,0.0,0.0,118.67,A
April,28,05:30:00,1.0,1.0,0.0,0.0,181.0,A
April,28,06:00:00,1.0,2.0,0.0,0.0,321.0,A
April,28,06:30:00,0.0,2.0,1.0,0.5,318.0,A
April,28,07:00:00,1.0,8.0,0.0,0.0,190.88,A
April,28,07:30:00,1.0,6.0,0.0,0.0,308.67,A
April,28,08:00:00,1.0,46.0,0.0,0.0,230.02,A
April,28,08:30:00,0.8105,96.0,1.0,0.0104,281.57,A
April,28,09:00:00,0.9829,118.0,1.0,0.0085,294.2,A
April,28,09:30:00,0.957,187.0,1.0,0.0053,339.79,A
April,28,10:00:00,0.9786,188.0,1.0,0.0053,321.58,A
April,28,10:30:00,0.9571,233.0,0.0,0.0,309.0,A
April,28,11:00:00,0.991,222.0,1.0,0.0045,338.8,A
April,28,11:30:00,0.9958,239.0,0.0,0.0,350.18,A
April,28,12:00:00,0.9412,226.0,5.0,0.0221,317.38,A
April,28,12:30:00,0.8543,247.0,0.0,0.0,351.0,A
April,28,13:00:00,0.9868,229.0,1.0,0.0044,308.66,A
April,28,13:30:00,0.9956,226.0,0.0,0.0,314.84,A
April,28,14:00:00,1.0,235.0,0.0,0.0,315.04,A
April,28,14:30:00,0.991,223.0,0.0,0.0,327.43,A
April,28,15:00:00,0.9957,233.0,0.0,0.0,326.3,A
April,28,15:30:00,0.7549,259.0,6.0,0.0232,324.06,A
April,28,16:00:00,0.9144,223.0,1.0,0.0045,379.65,A
April,28,16:30:00,1.0,203.0,0.0,0.0,357.2,A
April,28,17:00:00,0.97,200.0,0.0,0.0,337.11,A
April,28,17:30:00,0.9756,205.0,0.0,0.0,311.26,A
April,28,18:00:00,0.9872,156.0,0.0,0.0,316.48,A
April,28,18:30:00,0.8978,137.0,0.0,0.0,346.99,A
April,28,19:00:00,0.9881,84.0,0.0,0.0,340.23,A
April,28,19:30:00,1.0,58.0,0.0,0.0,318.53,A
April,28,20:00:00,1.0,45.0,0.0,0.0,308.47,A
April,28,20:30:00,1.0,35.0,0.0,0.0,378.63,A
April,28,21:00:00,1.0,22.0,2.0,0.0909,354.3,A
April,28,21:30:00,0.8214,32.0,4.0,0.125,303.75,A
April,28,22:00:00,0.9333,15.0,0.0,0.0,423.6,A
April,28,22:30:00,0.7692,15.0,2.0,0.1333,331.0,A
April,28,23:00:00,1.0,11.0,0.0,0.0,132.64,A
April,28,23:30:00,1.0,4.0,0.0,0.0,217.75,A
April,29,00:00:00,1.0,4.0,0.0,0.0,228.0,A
April,29,00:30:00,1.0,3.0,0.0,0.0,260.0,A
April,29,01:00:00,1.0,4.0,0.0,0.0,290.75,A
April,29,01:30:00,1.0,2.0,0.0,0.0,531.0,A
April,29,02:30:00,1.0,1.0,0.0,0.0,76.0,A
April,29,04:00:00,1.0,1.0,0.0,0.0,229.0,A
April,29,04:30:00,1.0,3.0,0.0,0.0,298.67,A
April,29,05:00:00,1.0,1.0,0.0,0.0,264.0,A
April,29,05:30:00,1.0,2.0,0.0,0.0,109.5,A
April,29,06:00:00,1.0,3.0,0.0,0.0,136.33,A
April,29,06:30:00,0.8333,6.0,0.0,0.0,163.5,A
April,29,07:00:00,0.8571,7.0,0.0,0.0,211.0,A
April,29,07:30:00,0.625,8.0,0.0,0.0,233.88,A
April,29,08:00:00,0.8409,45.0,1.0,0.0222,327.02,A
April,29,08:30:00,0.7846,66.0,1.0,0.0152,313.48,A
April,29,09:00:00,0.76,101.0,1.0,0.0099,311.82,A
April,29,09:30:00,0.9389,131.0,0.0,0.0,314.53,A
April,29,10:00:00,0.9873,158.0,0.0,0.0,310.04,A
April,29,10:30:00,1.0,185.0,0.0,0.0,307.96,A
April,29,11:00:00,0.9947,188.0,0.0,0.0,313.66,A
April,29,11:30:00,0.9882,170.0,0.0,0.0,315.8,A
April,29,12:00:00,0.9956,227.0,0.0,0.0,339.03,A
April,29,12:30:00,0.9902,204.0,0.0,0.0,311.3,A
April,29,13:00:00,0.9682,220.0,0.0,0.0,312.35,A
April,29,13:30:00,0.9894,189.0,0.0,0.0,330.33,A
April,29,14:00:00,0.9737,228.0,0.0,0.0,324.22,A
April,29,14:30:00,0.9775,222.0,0.0,0.0,332.33,A
April,29,15:00:00,0.9822,225.0,0.0,0.0,290.68,A
April,29,15:30:00,0.8524,211.0,1.0,0.0047,312.32,A
April,29,16:00:00,0.5378,262.0,11.0,0.042,358.62,A
April,29,16:30:00,0.9217,230.0,0.0,0.0,381.64,A
April,29,17:00:00,0.8958,194.0,2.0,0.0103,314.41,A
April,29,17:30:00,0.9103,156.0,0.0,0.0,337.54,A
April,29,18:00:00,0.9137,142.0,3.0,0.0211,338.32,A
April,29,18:30:00,0.8106,135.0,3.0,0.0211,338.32,A
April,29,19:00:00,0.8851,88.0,3.0,0.0211,338.32,A
April,29,19:30:00,0.9355,65.0,3.0,0.0211,338.32,A
April,29,20:00:00,0.8667,47.0,3.0,0.0211,338.32,A
April,29,20:30:00,0.9459,38.0,3.0,0.0211,338.32,A
April,29,21:00:00,1.0,21.0,3.0,0.0211,338.32,A
April,29,21:30:00,1.0,20.0,0.0,0.0,273.2,A
April,29,22:00:00,1.0,14.0,0.0,0.0,335.93,A
April,29,22:30:00,0.6429,14.0,0.0,0.0,181.43,A
April,29,23:00:00,1.0,6.0,0.0,0.0,397.5,A
April,29,23:30:00,0.5714,7.0,0.0,0.0,286.29,A
April,30,00:00:00,1.0,3.0,0.0,0.0,219.33,A
April,30,00:30:00,1.0,0.0,0.0,0.0,219.33,A
April,30,01:00:00,1.0,1.0,0.0,0.0,572.0,A
April,30,01:30:00,1.0,0.0,0.0,0.0,572.0,A
April,30,03:00:00,1.0,2.0,0.0,0.0,307.0,A
April,30,03:30:00,1.0,1.0,0.0,0.0,292.0,A
April,30,04:00:00,1.0,3.0,0.0,0.0,199.33,A
April,30,04:30:00,1.0,3.0,0.0,0.0,220.0,A
April,30,05:00:00,1.0,2.0,0.0,0.0,228.0,A
April,30,05:30:00,1.0,4.0,0.0,0.0,252.75,A
April,30,06:00:00,1.0,2.0,0.0,0.0,185.0,A
April,30,06:30:00,0.6667,6.0,0.0,0.0,480.67,A
April,30,07:00:00,0.5,10.0,2.0,0.2,223.5,A
April,30,07:30:00,0.8125,17.0,1.0,0.0588,249.81,A
April,30,08:00:00,0.6923,40.0,1.0,0.025,276.92,A
April,30,08:30:00,0.2111,100.0,10.0,0.1,267.2,A
April,30,09:00:00,0.5217,122.0,7.0,0.0574,333.17,A
April,30,09:30:00,0.6486,158.0,10.0,0.0633,354.67,A
April,30,10:00:00,0.802,202.0,5.0,0.0248,314.38,A
April,30,10:30:00,0.8032,190.0,2.0,0.0105,326.74,A
April,30,11:00:00,0.9955,225.0,1.0,0.0044,328.01,A
April,30,11:30:00,0.9641,226.0,3.0,0.0133,302.83,A
April,30,12:00:00,0.7749,237.0,6.0,0.0253,381.48,A
April,30,12:30:00,0.8685,253.0,2.0,0.0079,302.67,A
April,30,13:00:00,0.9832,238.0,0.0,0.0,326.13,A
April,30,13:30:00,0.9794,243.0,0.0,0.0,331.28,A
April,30,14:00:00,0.9912,228.0,0.0,0.0,317.7,A
April,30,14:30:00,1.0,221.0,0.0,0.0,299.34,A
April,30,15:00:00,0.9545,264.0,0.0,0.0,314.51,A
April,30,15:30:00,0.9952,210.0,0.0,0.0,324.98,A
April,30,16:00:00,1.0,237.0,0.0,0.0,338.96,A
April,30,16:30:00,0.9686,226.0,3.0,0.0133,340.17,A
April,30,17:00:00,0.9948,193.0,0.0,0.0,333.78,A
April,30,17:30:00,0.9368,176.0,2.0,0.0114,316.07,A
April,30,18:00:00,0.8503,149.0,2.0,0.0134,333.28,A
April,30,18:30:00,0.7626,142.0,3.0,0.0211,349.86,A
April,30,19:00:00,0.9259,81.0,0.0,0.0,342.63,A
April,30,19:30:00,0.988,83.0,0.0,0.0,236.19,A
April,30,20:00:00,0.9677,62.0,0.0,0.0,307.56,A
April,30,20:30:00,0.9268,42.0,1.0,0.0238,374.41,A
April,30,21:00:00,0.8913,47.0,1.0,0.0213,254.76,A
April,30,21:30:00,0.95,20.0,0.0,0.0,444.5,A
April,30,22:00:00,1.0,32.0,0.0,0.0,298.81,A
April,30,22:30:00,0.3571,14.0,0.0,0.0,248.0,A
April,30,23:00:00,1.0,13.0,0.0,0.0,279.54,A
April,30,23:30:00,1.0,6.0,0.0,0.0,218.83,A
May,1,00:00:00,1.0,6.0,0.0,0.0,316.0,A
May,1,00:30:00,1.0,2.0,0.0,0.0,95.5,A
May,1,01:00:00,1.0,3.0,0.0,0.0,323.0,A
May,1,01:30:00,1.0,2.0,0.0,0.0,491.5,A
May,1,02:00:00,1.0,2.0,0.0,0.0,260.0,A
May,1,02:30:00,1.0,1.0,0.0,0.0,90.0,A
May,1,03:00:00,1.0,2.0,0.0,0.0,93.0,A
May,1,03:30:00,1.0,2.0,0.0,0.0,223.5,A
May,1,05:00:00,1.0,0.0,0.0,0.0,223.5,A
May,1,05:30:00,1.0,3.0,0.0,0.0,383.33,A
May,1,06:00:00,0.6667,7.0,4.0,0.5714,297.67,A
May,1,06:30:00,0.0,7.0,4.0,0.5714,518.67,A
May,1,07:00:00,0.0,10.0,5.0,0.5,409.2,A
May,1,07:30:00,0.45,22.0,2.0,0.0909,274.75,A
May,1,08:00:00,0.9615,52.0,0.0,0.0,232.02,A
May,1,08:30:00,0.6163,89.0,3.0,0.0337,342.74,A
May,1,09:00:00,0.8125,148.0,4.0,0.027,289.45,A
May,1,09:30:00,0.8276,178.0,4.0,0.0225,312.93,A
May,1,10:00:00,0.8519,221.0,5.0,0.0226,300.89,A
May,1,10:30:00,0.7543,237.0,5.0,0.0211,312.83,A
May,1,11:00:00,0.9309,217.0,0.0,0.0,332.6,A
May,1,11:30:00,0.8531,246.0,1.0,0.0041,301.14,A
May,1,12:00:00,0.9239,276.0,0.0,0.0,296.21,A
May,1,12:30:00,0.9692,260.0,0.0,0.0,311.9,A
May,1,13:00:00,0.9918,245.0,0.0,0.0,313.98,A
May,1,13:30:00,0.928,255.0,5.0,0.0196,280.09,A
May,1,14:00:00,0.8594,254.0,5.0,0.0197,308.81,A
May,1,14:30:00,0.9539,304.0,0.0,0.0,314.63,A
May,1,15:00:00,0.9582,263.0,0.0,0.0,340.47,A
May,1,15:30:00,0.9916,238.0,1.0,0.0042,327.82,A
May,1,16:00:00,0.9431,251.0,5.0,0.0199,324.85,A
May,1,16:30:00,0.9409,237.0,0.0,0.0,353.37,A
May,1,17:00:00,0.9908,217.0,0.0,0.0,333.76,A
May,1,17:30:00,0.9946,186.0,0.0,0.0,305.89,A
May,1,18:00:00,0.9779,182.0,1.0,0.0055,289.77,A
May,1,18:30:00,0.9781,137.0,0.0,0.0,327.05,A
May,1,19:00:00,1.0,90.0,2.0,0.0222,318.41,A
May,1,19:30:00,0.9518,84.0,1.0,0.0119,313.82,A
May,1,20:00:00,0.9667,60.0,0.0,0.0,315.82,A
May,1,20:30:00,0.9273,56.0,1.0,0.0179,371.24,A
May,1,21:00:00,0.9444,36.0,0.0,0.0,293.19,A
May,1,21:30:00,0.8824,37.0,3.0,0.0811,315.76,A
May,1,22:00:00,0.8261,23.0,0.0,0.0,389.83,A
May,1,22:30:00,0.6875,16.0,0.0,0.0,278.44,A
May,1,23:00:00,0.6667,13.0,1.0,0.0769,326.08,A
May,1,23:30:00,0.8333,13.0,1.0,0.0769,166.33,A
May,2,00:00:00,1.0,8.0,0.0,0.0,431.38,A
May,2,00:30:00,1.0,7.0,0.0,0.0,294.86,A
May,2,01:00:00,1.0,3.0,0.0,0.0,331.67,A
May,2,01:30:00,1.0,3.0,0.0,0.0,167.33,A
May,2,02:00:00,1.0,2.0,0.0,0.0,233.5,A
May,2,02:30:00,1.0,2.0,0.0,0.0,831.5,A
May,2,03:00:00,1.0,2.0,0.0,0.0,464.0,A
May,2,03:30:00,1.0,1.0,0.0,0.0,413.0,A
May,2,04:00:00,0.0,1.0,0.0,0.0,201.0,A
May,2,04:30:00,1.0,1.0,0.0,0.0,99.0,A
May,2,05:00:00,1.0,2.0,0.0,0.0,350.5,A
May,2,05:30:00,1.0,5.0,0.0,0.0,182.8,A
May,2,06:00:00,1.0,5.0,0.0,0.0,462.6,A
May,2,06:30:00,0.0,3.0,1.0,0.3333,186.5,A
May,2,07:00:00,0.0,15.0,5.0,0.3333,276.6,A
May,2,07:30:00,0.25,17.0,1.0,0.0588,432.25,A
May,2,08:00:00,0.9231,66.0,1.0,0.0152,239.2,A
May,2,08:30:00,0.9647,86.0,1.0,0.0116,302.88,A
May,2,09:00:00,0.9925,134.0,0.0,0.0,274.69,A
May,2,09:30:00,0.9793,194.0,1.0,0.0052,309.3,A
May,2,10:00:00,0.8413,209.0,1.0,0.0048,308.67,A
May,2,10:30:00,0.7269,240.0,2.0,0.0083,315.42,A
May,2,11:00:00,0.9819,277.0,0.0,0.0,314.54,A
May,2,11:30:00,0.9627,269.0,1.0,0.0037,301.39,A
May,2,12:00:00,0.9961,256.0,2.0,0.0078,308.0,A
May,2,12:30:00,0.9026,270.0,3.0,0.0111,306.93,A
May,2,13:00:00,0.9791,239.0,0.0,0.0,319.84,A
May,2,13:30:00,1.0,259.0,2.0,0.0077,326.75,A
May,2,14:00:00,0.7871,270.0,7.0,0.0259,292.65,A
May,2,14:30:00,0.8216,270.0,1.0,0.0037,376.0,A
May,2,15:00:00,0.8508,298.0,3.0,0.0101,327.41,A
May,2,15:30:00,0.9024,290.0,3.0,0.0103,334.49,A
May,2,16:00:00,0.8092,264.0,2.0,0.0076,341.04,A
May,2,16:30:00,0.9884,258.0,0.0,0.0,350.17,A
May,2,17:00:00,0.9643,225.0,1.0,0.0044,349.44,A
May,2,17:30:00,0.9327,208.0,0.0,0.0,322.04,A
May,2,18:00:00,0.9681,188.0,0.0,0.0,305.16,A
May,2,18:30:00,0.9871,157.0,2.0,0.0127,359.37,A
May,2,19:00:00,0.9909,110.0,0.0,0.0,324.51,A
May,2,19:30:00,1.0,72.0,1.0,0.0139,295.46,A
May,2,20:00:00,0.9355,63.0,1.0,0.0159,343.48,A
May,2,20:30:00,0.8462,42.0,3.0,0.0714,277.26,A
May,2,21:00:00,0.8788,33.0,0.0,0.0,325.61,A
May,2,21:30:00,0.8519,28.0,1.0,0.0357,308.85,A
May,2,22:00:00,0.9524,21.0,0.0,0.0,304.43,A
May,2,22:30:00,0.4,22.0,2.0,0.0909,332.8,A
May,2,23:00:00,0.125,18.0,2.0,0.1111,340.06,A
May,2,23:30:00,0.75,8.0,0.0,0.0,167.38,A
May,3,00:00:00,0.6667,6.0,0.0,0.0,586.83,A
May,3,00:30:00,1.0,7.0,0.0,0.0,293.14,A
May,3,01:00:00,1.0,5.0,0.0,0.0,821.2,A
May,3,01:30:00,1.0,1.0,0.0,0.0,248.0,A
May,3,02:00:00,1.0,4.0,0.0,0.0,178.0,A
May,3,02:30:00,1.0,1.0,0.0,0.0,265.0,A
May,3,03:00:00,1.0,1.0,0.0,0.0,455.0,A
May,3,03:30:00,1.0,1.0,0.0,0.0,208.0,A
May,3,04:30:00,1.0,0.0,0.0,0.0,208.0,A
May,3,05:00:00,1.0,1.0,0.0,0.0,664.0,A
May,3,05:30:00,1.0,0.0,0.0,0.0,664.0,A
May,3,06:00:00,1.0,3.0,0.0,0.0,155.0,A
May,3,06:30:00,0.6667,3.0,0.0,0.0,315.0,A
May,3,07:00:00,0.6667,8.0,2.0,0.25,223.5,A
May,3,07:30:00,0.4667,15.0,0.0,0.0,311.6,A
May,3,08:00:00,0.963,27.0,0.0,0.0,242.85,A
May,3,08:30:00,0.8514,76.0,2.0,0.0263,295.65,A
May,3,09:00:00,0.8182,77.0,0.0,0.0,242.48,A
May,3,09:30:00,0.86,101.0,1.0,0.0099,256.92,A
May,3,10:00:00,0.8796,109.0,1.0,0.0092,256.41,A
May,3,10:30:00,0.8759,137.0,0.0,0.0,296.11,A
May,3,11:00:00,0.9344,184.0,1.0,0.0054,282.03,A
May,3,11:30:00,0.8652,180.0,2.0,0.0111,244.17,A
May,3,12:00:00,0.8465,205.0,3.0,0.0146,276.71,A
May,3,12:30:00,0.7222,205.0,7.0,0.0341,294.38,A
May,3,13:00:00,0.8402,170.0,1.0,0.0059,311.78,A
May,3,13:30:00,0.9509,164.0,1.0,0.0061,283.93,A
May,3,14:00:00,0.9497,161.0,2.0,0.0124,333.61,A
May,3,14:30:00,0.7952,168.0,2.0,0.0119,312.66,A
May,3,15:00:00,0.981,158.0,0.0,0.0,297.29,A
May,3,15:30:00,1.0,165.0,1.0,0.0061,296.16,A
May,3,16:00:00,0.9833,180.0,0.0,0.0,307.92,A
May,3,16:30:00,1.0,156.0,1.0,0.0064,297.5,A
May,3,17:00:00,0.964,139.0,0.0,0.0,301.47,A
May,3,17:30:00,0.8981,108.0,0.0,0.0,280.06,A
May,3,18:00:00,0.9694,100.0,2.0,0.02,318.5,A
May,3,18:30:00,0.9663,91.0,2.0,0.022,295.79,A
May,3,19:00:00,0.9365,63.0,0.0,0.0,325.83,A
May,3,19:30:00,0.9778,45.0,0.0,0.0,329.38,A
May,3,20:00:00,0.9,40.0,0.0,0.0,263.7,A
May,3,20:30:00,0.8889,37.0,1.0,0.027,257.39,A
May,3,21:00:00,0.9143,38.0,3.0,0.0789,311.0,A
May,3,21:30:00,0.95,22.0,2.0,0.0909,335.55,A
May,3,22:00:00,1.0,13.0,0.0,0.0,215.38,A
May,3,22:30:00,0.4,6.0,1.0,0.1667,160.0,A
May,3,23:00:00,1.0,11.0,1.0,0.0909,208.0,A
May,3,23:30:00,0.9091,11.0,0.0,0.0,262.36,A
May,4,00:00:00,1.0,4.0,0.0,0.0,318.75,A
May,4,00:30:00,1.0,3.0,0.0,0.0,595.0,A
May,4,01:00:00,1.0,1.0,0.0,0.0,567.0,A
May,4,01:30:00,1.0,3.0,0.0,0.0,356.33,A
May,4,02:30:00,1.0,1.0,0.0,0.0,157.0,A
May,4,04:00:00,1.0,1.0,0.0,0.0,22.0,A
May,4,05:30:00,1.0,1.0,0.0,0.0,8.0,A
May,4,06:00:00,1.0,2.0,0.0,0.0,284.0,A
May,4,07:00:00,1.0,2.0,0.0,0.0,210.5,A
May,4,07:30:00,1.0,5.0,0.0,0.0,462.2,A
May,4,08:00:00,1.0,9.0,0.0,0.0,329.11,A
May,4,08:30:00,1.0,16.0,0.0,0.0,236.81,A
May,4,09:00:00,1.0,18.0,0.0,0.0,274.44,A
May,4,09:30:00,1.0,19.0,0.0,0.0,324.74,A
May,4,10:00:00,1.0,23.0,0.0,0.0,217.83,A
May,4,10:30:00,0.9667,30.0,0.0,0.0,286.77,A
May,4,11:00:00,1.0,30.0,0.0,0.0,238.53,A
May,4,11:30:00,0.85,42.0,2.0,0.0476,252.0,A
May,4,12:00:00,0.9107,56.0,0.0,0.0,259.46,A
May,4,12:30:00,0.7966,63.0,4.0,0.0635,285.49,A
May,4,13:00:00,0.6897,88.0,1.0,0.0114,276.54,A
May,4,13:30:00,0.7921,106.0,5.0,0.0472,285.56,A
May,4,14:00:00,0.9651,86.0,0.0,0.0,318.02,A
May,4,14:30:00,0.5795,97.0,9.0,0.0928,295.75,A
May,4,15:00:00,0.6203,86.0,7.0,0.0814,285.46,A
May,4,15:30:00,0.9892,94.0,1.0,0.0106,291.22,A
May,4,16:00:00,0.869,88.0,4.0,0.0455,332.88,A
May,4,16:30:00,0.869,88.0,4.0,0.0455,332.88,A
May,4,17:00:00,0.869,88.0,4.0,0.0455,332.88,A
May,4,17:30:00,0.869,88.0,4.0,0.0455,332.88,A
May,4,18:00:00,0.869,88.0,4.0,0.0455,332.88,A
May,4,18:30:00,0.869,88.0,4.0,0.0455,332.88,A
May,4,19:00:00,0.869,88.0,4.0,0.0455,332.88,A
May,4,19:30:00,0.869,88.0,4.0,0.0455,332.88,A
May,4,20:00:00,0.869,88.0,4.0,0.0455,332.88,A
May,4,20:30:00,0.869,88.0,4.0,0.0455,332.88,A
May,4,21:00:00,0.84,26.0,1.0,0.0385,244.4,A
May,4,21:30:00,0.8182,12.0,1.0,0.0833,489.64,A
May,4,22:00:00,0.9231,14.0,1.0,0.0714,199.23,A
May,4,22:30:00,0.375,18.0,2.0,0.1111,236.88,A
May,4,23:00:00,1.0,5.0,3.0,0.6,412.0,A
May,4,23:30:00,0.8,5.0,0.0,0.0,231.8,A
May,5,00:00:00,1.0,4.0,0.0,0.0,355.75,A
May,5,00:30:00,1.0,4.0,0.0,0.0,303.75,A
May,5,01:00:00,1.0,2.0,0.0,0.0,628.5,A
May,5,02:00:00,1.0,1.0,0.0,0.0,248.0,A
May,5,03:00:00,1.0,1.0,0.0,0.0,858.0,A
May,5,03:30:00,1.0,3.0,0.0,0.0,131.33,A
May,5,04:00:00,1.0,1.0,0.0,0.0,345.0,A
May,5,05:00:00,1.0,2.0,0.0,0.0,272.0,A
May,5,05:30:00,1.0,1.0,0.0,0.0,234.0,A
May,5,06:00:00,0.8,5.0,0.0,0.0,168.8,A
May,5,06:30:00,0.6,5.0,0.0,0.0,312.6,A
May,5,07:00:00,1.0,5.0,0.0,0.0,215.8,A
May,5,07:30:00,0.6667,14.0,2.0,0.1429,304.58,A
May,5,08:00:00,0.875,65.0,1.0,0.0154,295.44,A
May,5,08:30:00,1.0,100.0,2.0,0.02,285.86,A
May,5,09:00:00,0.9771,132.0,1.0,0.0076,273.69,A
May,5,09:30:00,0.9455,203.0,1.0,0.0049,313.57,A
May,5,10:00:00,0.9118,239.0,1.0,0.0042,328.63,A
May,5,10:30:00,0.944,234.0,2.0,0.0085,288.49,A
May,5,11:00:00,0.9487,274.0,1.0,0.0036,317.08,A
May,5,11:30:00,0.9686,287.0,0.0,0.0,312.93,A
May,5,12:00:00,0.9466,284.0,3.0,0.0106,329.34,A
May,5,12:30:00,0.8562,302.0,3.0,0.0099,330.3,A
May,5,13:00:00,0.9142,269.0,1.0,0.0037,338.65,A
May,5,13:30:00,0.9611,283.0,0.0,0.0,308.52,A
May,5,14:00:00,0.9889,271.0,0.0,0.0,299.93,A
May,5,14:30:00,0.917,289.0,0.0,0.0,319.35,A
May,5,15:00:00,0.946,279.0,1.0,0.0036,310.21,A
May,5,15:30:00,0.9148,317.0,0.0,0.0,310.74,A
May,5,16:00:00,0.9333,285.0,0.0,0.0,329.91,A
May,5,16:30:00,0.9887,266.0,0.0,0.0,319.17,A
May,5,17:00:00,0.874,261.0,7.0,0.0268,329.9,A
May,5,17:30:00,0.7665,230.0,3.0,0.013,339.33,A
May,5,18:00:00,0.9368,254.0,1.0,0.0039,311.9,A
May,5,18:30:00,0.9524,168.0,0.0,0.0,342.57,A
May,5,19:00:00,1.0,107.0,1.0,0.0093,309.87,A
May,5,19:30:00,0.9639,84.0,1.0,0.0119,369.45,A
May,5,20:00:00,0.9344,62.0,1.0,0.0161,299.48,A
May,5,20:30:00,0.7955,47.0,3.0,0.0638,324.43,A
May,5,21:00:00,0.8511,50.0,3.0,0.06,381.23,A
May,5,21:30:00,0.7941,37.0,3.0,0.0811,330.35,A
May,5,22:00:00,0.7407,27.0,0.0,0.0,350.0,A
May,5,22:30:00,0.3889,24.0,6.0,0.25,334.33,A
May,5,23:00:00,0.2381,22.0,1.0,0.0455,328.71,A
May,5,23:30:00,1.0,8.0,0.0,0.0,341.13,A
May,6,00:00:00,1.0,6.0,0.0,0.0,312.5,A
May,6,00:30:00,1.0,4.0,0.0,0.0,187.5,A
May,6,01:00:00,1.0,1.0,0.0,0.0,81.0,A
May,6,01:30:00,1.0,3.0,0.0,0.0,92.0,A
May,6,02:00:00,1.0,2.0,0.0,0.0,700.5,A
May,6,02:30:00,1.0,1.0,0.0,0.0,262.0,A
May,6,03:00:00,1.0,1.0,0.0,0.0,250.0,A
May,6,04:00:00,1.0,3.0,0.0,0.0,228.67,A
May,6,05:00:00,1.0,1.0,0.0,0.0,134.0,A
May,6,05:30:00,1.0,2.0,0.0,0.0,521.5,A
May,6,06:00:00,1.0,1.0,0.0,0.0,339.0,A
May,6,06:30:00,0.0,3.0,0.0,0.0,612.33,A
May,6,07:00:00,0.875,8.0,0.0,0.0,241.63,A
May,6,07:30:00,1.0,9.0,0.0,0.0,269.33,A
May,6,08:00:00,0.7705,62.0,1.0,0.0161,274.75,A
May,6,08:30:00,0.7475,101.0,2.0,0.0198,268.08,A
May,6,09:00:00,0.9677,124.0,0.0,0.0,314.21,A
May,6,09:30:00,0.9138,175.0,1.0,0.0057,369.03,A
May,6,10:00:00,0.8879,224.0,1.0,0.0045,351.0,A
May,6,10:30:00,0.9697,198.0,0.0,0.0,333.58,A
May,6,11:00:00,0.9872,236.0,1.0,0.0042,339.48,A
May,6,11:30:00,0.9959,242.0,0.0,0.0,362.72,A
May,6,12:00:00,1.0,238.0,1.0,0.0042,327.47,A
May,6,12:30:00,0.9882,256.0,1.0,0.0039,302.17,A
May,6,13:00:00,0.9959,245.0,0.0,0.0,328.62,A
May,6,13:30:00,0.9807,259.0,0.0,0.0,330.62,A
May,6,14:00:00,0.9879,249.0,1.0,0.004,313.59,A
May,6,14:30:00,0.9842,253.0,0.0,0.0,292.71,A
May,6,15:00:00,0.9615,235.0,1.0,0.0043,342.83,A
May,6,15:30:00,0.9747,237.0,0.0,0.0,312.65,A
May,6,16:00:00,0.8438,258.0,2.0,0.0078,332.78,A
May,6,16:30:00,0.9454,238.0,0.0,0.0,320.45,A
May,6,17:00:00,1.0,197.0,0.0,0.0,335.17,A
May,6,17:30:00,0.9029,176.0,1.0,0.0057,315.17,A
May,6,18:00:00,0.9697,165.0,0.0,0.0,353.05,A
May,6,18:30:00,0.9856,139.0,0.0,0.0,319.45,A
May,6,19:00:00,1.0,88.0,0.0,0.0,345.93,A
May,6,19:30:00,0.9859,71.0,0.0,0.0,325.72,A
May,6,20:00:00,1.0,50.0,1.0,0.02,311.61,A
May,6,20:30:00,0.9767,43.0,0.0,0.0,297.07,A
May,6,21:00:00,0.9143,35.0,0.0,0.0,360.03,A
May,6,21:30:00,1.0,22.0,0.0,0.0,282.64,A
May,6,22:00:00,1.0,24.0,0.0,0.0,313.42,A
May,6,22:30:00,0.8,10.0,0.0,0.0,262.1,A
May,6,23:00:00,1.0,7.0,0.0,0.0,327.14,A
May,6,23:30:00,1.0,5.0,0.0,0.0,287.2,A
May,7,00:00:00,1.0,5.0,0.0,0.0,232.0,A
May,7,00:30:00,1.0,1.0,0.0,0.0,619.0,A
May,7,01:00:00,1.0,4.0,0.0,0.0,257.5,A
May,7,01:30:00,1.0,1.0,0.0,0.0,275.0,A
May,7,02:00:00,1.0,1.0,0.0,0.0,116.0,A
May,7,02:30:00,1.0,2.0,0.0,0.0,292.0,A
May,7,03:00:00,1.0,1.0,0.0,0.0,148.0,A
May,7,04:00:00,1.0,1.0,0.0,0.0,183.0,A
May,7,05:00:00,1.0,1.0,0.0,0.0,61.0,A
May,7,05:30:00,1.0,2.0,0.0,0.0,277.5,A
May,7,06:00:00,1.0,1.0,0.0,0.0,82.0,A
May,7,06:30:00,0.0,4.0,0.0,0.0,261.5,A
May,7,07:00:00,0.4286,7.0,0.0,0.0,296.57,A
May,7,07:30:00,0.6111,18.0,0.0,0.0,235.83,A
May,7,08:00:00,0.66,52.0,2.0,0.0385,327.18,A
May,7,08:30:00,0.7703,74.0,0.0,0.0,358.15,A
May,7,09:00:00,0.9697,99.0,0.0,0.0,328.09,A
May,7,09:30:00,0.8905,138.0,1.0,0.0072,312.05,A
May,7,10:00:00,0.9392,148.0,0.0,0.0,298.84,A
May,7,10:30:00,0.794,202.0,3.0,0.0149,333.44,A
May,7,11:00:00,0.9621,211.0,0.0,0.0,312.16,A
May,7,11:30:00,0.9835,242.0,0.0,0.0,290.71,A
May,7,12:00:00,0.9955,221.0,0.0,0.0,294.06,A
May,7,12:30:00,0.9806,206.0,0.0,0.0,319.26,A
May,7,13:00:00,1.0,234.0,0.0,0.0,314.47,A
May,7,13:30:00,0.981,212.0,1.0,0.0047,342.33,A
May,7,14:00:00,0.996,248.0,1.0,0.004,318.81,A
May,7,14:30:00,0.9336,243.0,2.0,0.0082,346.53,A
May,7,15:00:00,0.7714,251.0,6.0,0.0239,328.27,A
May,7,15:30:00,0.9825,228.0,0.0,0.0,327.68,A
May,7,16:00:00,0.9403,205.0,4.0,0.0195,380.5,A
May,7,16:30:00,0.9342,244.0,1.0,0.0041,344.28,A
May,7,17:00:00,0.9194,213.0,2.0,0.0094,346.33,A
May,7,17:30:00,0.943,158.0,0.0,0.0,319.52,A
May,7,18:00:00,0.9675,154.0,0.0,0.0,329.44,A
May,7,18:30:00,0.9635,137.0,0.0,0.0,324.68,A
May,7,19:00:00,1.0,89.0,0.0,0.0,281.27,A
May,7,19:30:00,0.9844,65.0,1.0,0.0154,306.88,A
May,7,20:00:00,1.0,55.0,0.0,0.0,328.35,A
May,7,20:30:00,0.9773,44.0,0.0,0.0,306.25,A
May,7,21:00:00,0.95,40.0,0.0,0.0,341.38,A
May,7,21:30:00,0.9688,32.0,0.0,0.0,389.0,A
May,7,22:00:00,1.0,17.0,0.0,0.0,328.59,A
May,7,22:30:00,0.2222,10.0,1.0,0.1,209.22,A
May,7,23:00:00,0.75,8.0,0.0,0.0,392.75,A
May,7,23:30:00,0.8333,6.0,0.0,0.0,263.33,A
May,8,00:00:00,1.0,1.0,0.0,0.0,204.0,A
May,8,00:30:00,0.6923,20.0,7.0,0.35,291.46,A
May,8,01:00:00,0.6667,16.0,7.0,0.4375,182.78,A
May,8,01:30:00,0.1429,13.0,6.0,0.4615,258.43,A
May,8,02:00:00,0.0,10.0,6.0,0.6,435.5,A
May,8,02:30:00,0.3333,4.0,1.0,0.25,179.67,A
May,8,03:00:00,1.0,2.0,0.0,0.0,791.5,A
May,8,03:30:00,1.0,1.0,0.0,0.0,365.0,A
May,8,04:00:00,1.0,1.0,0.0,0.0,38.0,A
May,8,05:00:00,1.0,2.0,0.0,0.0,81.5,A
May,8,05:30:00,1.0,3.0,0.0,0.0,167.33,A
May,8,06:00:00,1.0,3.0,0.0,0.0,172.67,A
May,8,06:30:00,0.25,6.0,2.0,0.3333,180.25,A
May,8,07:00:00,0.2222,12.0,3.0,0.25,287.78,A
May,8,07:30:00,0.9333,15.0,0.0,0.0,213.47,A
May,8,08:00:00,0.8077,53.0,1.0,0.0189,331.5,A
May,8,08:30:00,0.6706,88.0,3.0,0.0341,305.18,A
May,8,09:00:00,0.8992,119.0,0.0,0.0,308.7,A
May,8,09:30:00,0.8903,155.0,0.0,0.0,263.5,A
May,8,10:00:00,0.9505,182.0,0.0,0.0,276.37,A
May,8,10:30:00,0.8673,212.0,1.0,0.0047,341.57,A
May,8,11:00:00,0.995,199.0,0.0,0.0,320.01,A
May,8,11:30:00,1.0,234.0,0.0,0.0,313.99,A
May,8,12:00:00,0.9908,218.0,0.0,0.0,318.88,A
May,8,12:30:00,0.9913,231.0,0.0,0.0,290.29,A
May,8,13:00:00,1.0,223.0,0.0,0.0,316.97,A
May,8,13:30:00,1.0,209.0,0.0,0.0,308.66,A
May,8,14:00:00,1.0,236.0,0.0,0.0,303.24,A
May,8,14:30:00,0.9872,234.0,0.0,0.0,332.37,A
May,8,15:00:00,0.9841,253.0,1.0,0.004,320.98,A
May,8,15:30:00,0.7403,261.0,3.0,0.0115,323.43,A
May,8,16:00:00,0.8941,237.0,1.0,0.0042,309.39,A
May,8,16:30:00,0.9877,243.0,0.0,0.0,319.14,A
May,8,17:00:00,0.9892,185.0,0.0,0.0,307.26,A
May,8,17:30:00,0.9457,184.0,0.0,0.0,339.86,A
May,8,18:00:00,0.8205,157.0,1.0,0.0064,317.77,A
May,8,18:30:00,1.0,150.0,0.0,0.0,305.71,A
May,8,19:00:00,0.9808,104.0,0.0,0.0,366.92,A
May,8,19:30:00,0.9888,89.0,0.0,0.0,302.89,A
May,8,20:00:00,1.0,54.0,0.0,0.0,347.67,A
May,8,20:30:00,0.9167,49.0,1.0,0.0204,356.79,A
May,8,21:00:00,0.9231,39.0,0.0,0.0,287.41,A
May,8,21:30:00,0.9722,36.0,0.0,0.0,299.39,A
May,8,22:00:00,1.0,19.0,0.0,0.0,373.68,A
May,8,22:30:00,0.5556,10.0,1.0,0.1,355.67,A
May,8,23:00:00,0.3636,14.0,3.0,0.2143,271.27,A
May,8,23:30:00,0.5,14.0,2.0,0.1429,426.5,A
May,9,00:00:00,0.9091,11.0,0.0,0.0,447.82,A
May,9,00:30:00,1.0,5.0,0.0,0.0,425.0,A
May,9,01:00:00,0.75,4.0,0.0,0.0,237.0,A
May,9,01:30:00,1.0,2.0,0.0,0.0,139.0,A
May,9,02:00:00,1.0,2.0,0.0,0.0,439.5,A
May,9,02:30:00,1.0,3.0,0.0,0.0,232.67,A
May,9,03:30:00,1.0,1.0,0.0,0.0,117.0,A
May,9,04:00:00,1.0,2.0,0.0,0.0,249.0,A
May,9,04:30:00,1.0,1.0,0.0,0.0,20.0,A
May,9,05:30:00,1.0,1.0,0.0,0.0,167.0,A
May,9,06:00:00,1.0,1.0,0.0,0.0,191.0,A
May,9,06:30:00,0.0,3.0,2.0,0.6667,232.0,A
May,9,07:00:00,0.2,8.0,3.0,0.375,286.2,A
May,9,07:30:00,0.2143,20.0,6.0,0.3,301.71,A
May,9,08:00:00,0.92,50.0,0.0,0.0,275.36,A
May,9,08:30:00,1.0,92.0,0.0,0.0,262.1,A
May,9,09:00:00,0.9817,109.0,0.0,0.0,302.4,A
May,9,09:30:00,0.9783,138.0,0.0,0.0,308.28,A
May,9,10:00:00,0.9935,155.0,0.0,0.0,303.63,A
May,9,10:30:00,0.9896,193.0,0.0,0.0,307.71,A
May,9,11:00:00,0.9859,213.0,0.0,0.0,339.16,A
May,9,11:30:00,1.0,206.0,0.0,0.0,334.0,A
May,9,12:00:00,0.927,234.0,1.0,0.0043,311.02,A
May,9,12:30:00,0.9783,230.0,0.0,0.0,327.25,A
May,9,13:00:00,0.991,222.0,0.0,0.0,331.98,A
May,9,13:30:00,0.996,249.0,0.0,0.0,349.48,A
May,9,14:00:00,1.0,238.0,0.0,0.0,303.55,A
May,9,14:30:00,0.9956,228.0,0.0,0.0,349.65,A
May,9,15:00:00,0.9829,234.0,0.0,0.0,360.83,A
May,9,15:30:00,0.8602,238.0,2.0,0.0084,333.76,A
May,9,16:00:00,0.9805,257.0,1.0,0.0039,355.17,A
May,9,16:30:00,1.0,215.0,0.0,0.0,326.93,A
May,9,17:00:00,0.8652,180.0,2.0,0.0111,309.94,A
May,9,17:30:00,0.9931,146.0,1.0,0.0068,316.88,A
May,9,18:00:00,0.9923,130.0,0.0,0.0,293.85,A
May,9,18:30:00,0.9901,102.0,1.0,0.0098,388.74,A
May,9,19:00:00,0.8415,82.0,0.0,0.0,373.48,A
May,9,19:30:00,0.9677,62.0,0.0,0.0,350.19,A
May,9,20:00:00,1.0,35.0,0.0,0.0,277.06,A
May,9,20:30:00,0.9524,43.0,1.0,0.0233,319.71,A
May,9,21:00:00,0.8846,27.0,1.0,0.037,365.77,A
May,9,21:30:00,0.8889,19.0,1.0,0.0526,346.0,A
May,9,22:00:00,1.0,16.0,0.0,0.0,442.25,A
May,9,22:30:00,0.8333,6.0,0.0,0.0,351.0,A
May,9,23:00:00,0.8889,9.0,0.0,0.0,465.33,A
May,9,23:30:00,1.0,5.0,1.0,0.2,188.0,A
May,10,00:00:00,1.0,8.0,0.0,0.0,204.5,A
May,10,00:30:00,1.0,2.0,0.0,0.0,611.5,A
May,10,01:00:00,1.0,2.0,0.0,0.0,266.5,A
May,10,01:30:00,1.0,3.0,0.0,0.0,147.0,A
May,10,02:00:00,1.0,0.0,0.0,0.0,147.0,A
May,10,02:30:00,1.0,4.0,0.0,0.0,228.25,A
May,10,03:00:00,1.0,3.0,0.0,0.0,313.33,A
May,10,03:30:00,1.0,2.0,0.0,0.0,188.5,A
May,10,04:30:00,1.0,1.0,0.0,0.0,72.0,A
May,10,05:00:00,1.0,1.0,0.0,0.0,185.0,A
May,10,05:30:00,1.0,2.0,0.0,0.0,253.0,A
May,10,06:00:00,1.0,0.0,0.0,0.0,253.0,A
May,10,06:30:00,0.75,7.0,3.0,0.4286,452.0,A
May,10,07:00:00,0.0769,13.0,0.0,0.0,191.54,A
May,10,07:30:00,0.125,16.0,0.0,0.0,255.75,A
May,10,08:00:00,0.8889,36.0,0.0,0.0,224.69,A
May,10,08:30:00,1.0,64.0,0.0,0.0,216.59,A
May,10,09:00:00,1.0,76.0,0.0,0.0,273.47,A
May,10,09:30:00,0.9882,85.0,0.0,0.0,231.74,A
May,10,10:00:00,0.9667,120.0,0.0,0.0,291.81,A
May,10,10:30:00,0.9769,130.0,0.0,0.0,288.39,A
May,10,11:00:00,0.8921,140.0,1.0,0.0071,312.65,A
May,10,11:30:00,0.993,144.0,2.0,0.0139,325.46,A
May,10,12:00:00,0.8591,150.0,1.0,0.0067,309.68,A
May,10,12:30:00,0.8726,150.0,1.0,0.0067,309.68,A
May,10,13:00:00,0.9924,150.0,1.0,0.0067,309.68,A
May,10,13:30:00,0.993,150.0,1.0,0.0067,309.68,A
May,10,14:00:00,1.0,150.0,1.0,0.0067,309.68,A
May,10,14:30:00,0.9934,150.0,1.0,0.0067,309.68,A
May,10,15:00:00,1.0,150.0,1.0,0.0067,309.68,A
May,10,15:30:00,0.9662,150.0,1.0,0.0067,309.68,A
May,10,16:00:00,0.972,145.0,2.0,0.0138,288.43,A
May,10,16:30:00,0.9322,118.0,0.0,0.0,313.69,A
May,10,17:00:00,1.0,102.0,0.0,0.0,262.63,A
May,10,17:30:00,1.0,71.0,0.0,0.0,287.44,A
May,10,18:00:00,0.9865,74.0,0.0,0.0,314.16,A
May,10,18:30:00,1.0,74.0,0.0,0.0,366.14,A
May,10,19:00:00,0.9434,53.0,0.0,0.0,371.72,A
May,10,19:30:00,1.0,49.0,0.0,0.0,261.82,A
May,10,20:00:00,0.875,42.0,2.0,0.0476,300.95,A
May,10,20:30:00,0.7826,23.0,0.0,0.0,236.87,A
May,10,21:00:00,0.963,28.0,1.0,0.0357,345.78,A
May,10,21:30:00,0.8824,18.0,1.0,0.0556,318.71,A
May,10,22:00:00,1.0,12.0,0.0,0.0,416.92,A
May,10,22:30:00,0.6,11.0,1.0,0.0909,272.9,A
May,10,23:00:00,0.8333,6.0,0.0,0.0,169.83,A
May,10,23:30:00,1.0,7.0,0.0,0.0,435.86,A
May,11,00:00:00,1.0,2.0,0.0,0.0,197.5,A
May,11,00:30:00,1.0,1.0,0.0,0.0,55.0,A
May,11,01:00:00,1.0,3.0,0.0,0.0,421.67,A
May,11,03:00:00,1.0,2.0,0.0,0.0,169.5,A
May,11,04:30:00,1.0,1.0,0.0,0.0,241.0,A
May,11,06:30:00,1.0,0.0,0.0,0.0,241.0,A
May,11,07:00:00,1.0,3.0,0.0,0.0,394.0,A
May,11,07:30:00,1.0,3.0,0.0,0.0,267.33,A
May,11,08:00:00,1.0,6.0,0.0,0.0,309.67,A
May,11,08:30:00,1.0,10.0,0.0,0.0,208.8,A
May,11,09:00:00,1.0,8.0,0.0,0.0,340.25,A
May,11,09:30:00,1.0,15.0,0.0,0.0,298.87,A
May,11,10:00:00,1.0,18.0,0.0,0.0,213.67,A
May,11,10:30:00,1.0,28.0,0.0,0.0,234.04,A
May,11,11:00:00,1.0,26.0,0.0,0.0,300.5,A
May,11,11:30:00,1.0,17.0,0.0,0.0,272.53,A
May,11,12:00:00,1.0,32.0,0.0,0.0,317.25,A
May,11,12:30:00,1.0,40.0,0.0,0.0,317.03,A
May,11,13:00:00,1.0,47.0,0.0,0.0,318.36,A
May,11,13:30:00,1.0,42.0,0.0,0.0,300.69,A
May,11,14:00:00,1.0,31.0,0.0,0.0,295.94,A
May,11,14:30:00,1.0,56.0,1.0,0.0179,272.62,A
May,11,15:00:00,1.0,55.0,0.0,0.0,260.69,A
May,11,15:30:00,0.9831,59.0,0.0,0.0,262.59,A
May,11,16:00:00,1.0,70.0,0.0,0.0,310.0,A
May,11,16:30:00,1.0,57.0,0.0,0.0,359.84,A
May,11,17:00:00,1.0,45.0,1.0,0.0222,365.64,A
May,11,17:30:00,1.0,42.0,0.0,0.0,320.31,A
May,11,18:00:00,1.0,34.0,0.0,0.0,316.82,A
May,11,18:30:00,1.0,30.0,0.0,0.0,236.17,A
May,11,19:00:00,0.96,25.0,0.0,0.0,271.2,A
May,11,19:30:00,1.0,16.0,0.0,0.0,237.81,A
May,11,20:00:00,0.9048,24.0,3.0,0.125,248.95,A
May,11,20:30:00,1.0,19.0,0.0,0.0,229.05,A
May,11,21:00:00,0.9048,21.0,0.0,0.0,280.05,A
May,11,21:30:00,1.0,12.0,1.0,0.0833,247.09,A
May,11,22:00:00,1.0,11.0,0.0,0.0,244.27,A
May,11,22:30:00,0.7143,14.0,0.0,0.0,326.0,A
May,11,23:00:00,1.0,8.0,1.0,0.125,394.14,A
May,11,23:30:00,1.0,7.0,1.0,0.1429,313.83,A
May,12,00:00:00,1.0,5.0,0.0,0.0,1150.0,A
May,12,01:00:00,1.0,2.0,0.0,0.0,94.0,A
May,12,01:30:00,1.0,1.0,0.0,0.0,144.0,A
May,12,02:00:00,1.0,5.0,0.0,0.0,338.6,A
May,12,04:00:00,1.0,1.0,0.0,0.0,24.0,A
May,12,05:00:00,1.0,1.0,0.0,0.0,461.0,A
May,12,05:30:00,1.0,0.0,0.0,0.0,461.0,A
May,12,06:00:00,1.0,2.0,0.0,0.0,234.0,A
May,12,06:30:00,0.5,3.0,1.0,0.3333,132.0,A
May,12,07:00:00,0.75,4.0,0.0,0.0,196.25,A
May,12,07:30:00,1.0,9.0,0.0,0.0,310.44,A
May,12,08:00:00,0.8378,37.0,0.0,0.0,300.73,A
May,12,08:30:00,0.8378,74.0,0.0,0.0,272.57,A
May,12,09:00:00,0.8496,133.0,0.0,0.0,279.98,A
May,12,09:30:00,0.8228,159.0,1.0,0.0063,314.28,A
May,12,10:00:00,0.9053,190.0,0.0,0.0,339.69,A
May,12,10:30:00,0.9819,222.0,1.0,0.0045,325.68,A
May,12,11:00:00,0.9835,242.0,0.0,0.0,296.07,A
May,12,11:30:00,0.9821,224.0,0.0,0.0,321.2,A
May,12,12:00:00,0.9821,224.0,1.0,0.0045,291.36,A
May,12,12:30:00,0.9364,222.0,2.0,0.009,292.9,A
May,12,13:00:00,0.7662,239.0,8.0,0.0335,295.82,A
May,12,13:30:00,0.9913,230.0,1.0,0.0043,372.9,A
May,12,14:00:00,0.991,221.0,0.0,0.0,349.19,A
May,12,14:30:00,0.9493,218.0,1.0,0.0046,315.22,A
May,12,15:00:00,0.9906,213.0,1.0,0.0047,328.85,A
May,12,15:30:00,0.8876,258.0,0.0,0.0,304.09,A
May,12,16:00:00,0.9767,258.0,0.0,0.0,367.23,A
May,12,16:30:00,0.9916,239.0,1.0,0.0042,310.05,A
May,12,17:00:00,0.986,216.0,2.0,0.0093,298.81,A
May,12,17:30:00,0.9864,221.0,0.0,0.0,318.99,A
May,12,18:00:00,0.9857,140.0,0.0,0.0,302.11,A
May,12,18:30:00,0.993,142.0,0.0,0.0,335.64,A
May,12,19:00:00,0.9891,92.0,0.0,0.0,406.58,A
May,12,19:30:00,1.0,73.0,0.0,0.0,271.88,A
May,12,20:00:00,0.9434,55.0,2.0,0.0364,332.25,A
May,12,20:30:00,0.9756,41.0,0.0,0.0,274.24,A
May,12,21:00:00,1.0,33.0,1.0,0.0303,300.53,A
May,12,21:30:00,1.0,23.0,0.0,0.0,259.3,A
May,12,22:00:00,1.0,21.0,0.0,0.0,354.62,A
May,12,22:30:00,0.4286,17.0,3.0,0.1765,447.43,A
May,12,23:00:00,0.5556,9.0,0.0,0.0,277.44,A
May,12,23:30:00,1.0,4.0,0.0,0.0,470.0,A
May,13,00:00:00,1.0,6.0,0.0,0.0,445.0,A
May,13,00:30:00,1.0,4.0,0.0,0.0,572.25,A
May,13,01:00:00,1.0,3.0,0.0,0.0,261.0,A
May,13,01:30:00,1.0,2.0,0.0,0.0,561.0,A
May,13,02:00:00,1.0,4.0,0.0,0.0,338.75,A
May,13,03:00:00,1.0,2.0,0.0,0.0,598.5,A
May,13,04:00:00,1.0,0.0,0.0,0.0,598.5,A
May,13,04:30:00,1.0,3.0,0.0,0.0,330.67,A
May,13,05:00:00,1.0,0.0,0.0,0.0,330.67,A
May,13,05:30:00,1.0,3.0,0.0,0.0,133.67,A
May,13,06:00:00,1.0,1.0,0.0,0.0,243.0,A
May,13,06:30:00,0.0,1.0,0.0,0.0,131.0,A
May,13,07:00:00,0.5556,9.0,0.0,0.0,249.11,A
May,13,07:30:00,1.0,13.0,0.0,0.0,234.31,A
May,13,08:00:00,0.8889,36.0,0.0,0.0,268.25,A
May,13,08:30:00,0.5393,92.0,3.0,0.0326,293.2,A
May,13,09:00:00,0.9615,104.0,0.0,0.0,325.46,A
May,13,09:30:00,0.9936,157.0,0.0,0.0,286.99,A
May,13,10:00:00,0.993,142.0,0.0,0.0,298.01,A
May,13,10:30:00,0.9947,188.0,0.0,0.0,270.15,A
May,13,11:00:00,0.9937,160.0,1.0,0.0063,304.47,A
May,13,11:30:00,0.9948,192.0,0.0,0.0,313.03,A
May,13,12:00:00,1.0,208.0,0.0,0.0,310.95,A
May,13,12:30:00,1.0,192.0,1.0,0.0052,306.06,A
May,13,13:00:00,0.9953,214.0,0.0,0.0,304.41,A
May,13,13:30:00,0.9894,189.0,0.0,0.0,303.43,A
May,13,14:00:00,1.0,211.0,1.0,0.0047,338.18,A
May,13,14:30:00,0.9849,265.0,0.0,0.0,329.21,A
May,13,15:00:00,0.9955,223.0,0.0,0.0,293.47,A
May,13,15:30:00,0.9908,218.0,0.0,0.0,313.58,A
May,13,16:00:00,0.9957,231.0,0.0,0.0,290.12,A
May,13,16:30:00,0.9953,212.0,0.0,0.0,321.17,A
May,13,17:00:00,0.9697,198.0,0.0,0.0,311.03,A
May,13,17:30:00,0.975,160.0,0.0,0.0,329.28,A
May,13,18:00:00,0.9935,153.0,0.0,0.0,345.71,A
May,13,18:30:00,0.9918,122.0,0.0,0.0,323.18,A
May,13,19:00:00,1.0,78.0,0.0,0.0,353.99,A
May,13,19:30:00,0.9796,51.0,2.0,0.0392,291.0,A
May,13,20:00:00,1.0,46.0,0.0,0.0,331.67,A
May,13,20:30:00,0.8462,53.0,1.0,0.0189,348.23,A
May,13,21:00:00,1.0,29.0,0.0,0.0,249.31,A
May,13,21:30:00,1.0,22.0,0.0,0.0,316.14,A
May,13,22:00:00,1.0,19.0,0.0,0.0,216.63,A
May,13,22:30:00,0.7273,13.0,2.0,0.1538,323.73,A
May,13,23:00:00,0.4444,9.0,0.0,0.0,334.67,A
May,13,23:30:00,1.0,2.0,0.0,0.0,490.5,A
May,14,00:00:00,1.0,6.0,0.0,0.0,403.0,A
May,14,00:30:00,1.0,4.0,0.0,0.0,388.25,A
May,14,01:00:00,1.0,0.0,0.0,0.0,388.25,A
May,14,02:00:00,1.0,4.0,0.0,0.0,252.25,A
May,14,04:00:00,1.0,3.0,0.0,0.0,297.67,A
May,14,05:30:00,1.0,3.0,0.0,0.0,121.0,A
May,14,06:00:00,1.0,2.0,0.0,0.0,270.5,A
May,14,06:30:00,0.5714,7.0,0.0,0.0,196.57,A
May,14,07:00:00,0.5455,13.0,2.0,0.1538,312.82,A
May,14,07:30:00,0.7222,19.0,1.0,0.0526,336.39,A
May,14,08:00:00,0.8302,53.0,0.0,0.0,260.06,A
May,14,08:30:00,0.5106,99.0,5.0,0.0505,316.16,A
May,14,09:00:00,0.9231,144.0,1.0,0.0069,295.82,A
May,14,09:30:00,0.9532,171.0,0.0,0.0,290.55,A
May,14,10:00:00,0.9731,186.0,0.0,0.0,321.73,A
May,14,10:30:00,0.7182,224.0,4.0,0.0179,302.04,A
May,14,11:00:00,0.958,238.0,0.0,0.0,352.4,A
May,14,11:30:00,0.9892,186.0,0.0,0.0,369.91,A
May,14,12:00:00,0.9812,213.0,0.0,0.0,311.76,A
May,14,12:30:00,0.9355,218.0,1.0,0.0046,305.41,A
May,14,13:00:00,0.8512,245.0,3.0,0.0122,340.58,A
May,14,13:30:00,0.9686,223.0,0.0,0.0,332.64,A
May,14,14:00:00,0.9954,217.0,0.0,0.0,303.42,A
May,14,14:30:00,0.9667,241.0,1.0,0.0041,332.34,A
May,14,15:00:00,0.6736,250.0,8.0,0.032,315.54,A
May,14,15:30:00,0.7447,239.0,4.0,0.0167,357.03,A
May,14,16:00:00,0.971,241.0,0.0,0.0,347.88,A
May,14,16:30:00,1.0,216.0,0.0,0.0,342.2,A
May,14,17:00:00,0.9791,192.0,1.0,0.0052,343.16,A
May,14,17:30:00,0.7543,182.0,7.0,0.0385,362.21,A
May,14,18:00:00,0.9207,164.0,0.0,0.0,333.2,A
May,14,18:30:00,0.9926,135.0,0.0,0.0,357.95,A
May,14,19:00:00,0.9884,86.0,0.0,0.0,357.31,A
May,14,19:30:00,0.9867,75.0,0.0,0.0,362.28,A
May,14,20:00:00,0.9583,48.0,0.0,0.0,368.77,A
May,14,20:30:00,0.7838,45.0,8.0,0.1778,334.35,A
May,14,21:00:00,0.8605,44.0,1.0,0.0227,367.47,A
May,14,21:30:00,0.975,40.0,0.0,0.0,342.6,A
May,14,22:00:00,1.0,29.0,0.0,0.0,224.66,A
May,14,22:30:00,0.6364,14.0,3.0,0.2143,329.82,A
May,14,23:00:00,0.6923,15.0,2.0,0.1333,253.69,A
May,14,23:30:00,0.8182,11.0,0.0,0.0,325.36,A
May,15,00:00:00,1.0,2.0,0.0,0.0,161.0,A
May,15,00:30:00,1.0,6.0,0.0,0.0,439.17,A
May,15,02:00:00,1.0,1.0,0.0,0.0,518.0,A
May,15,03:00:00,1.0,1.0,0.0,0.0,327.0,A
May,15,03:30:00,1.0,2.0,0.0,0.0,252.5,A
May,15,04:00:00,1.0,2.0,0.0,0.0,267.5,A
May,15,05:30:00,1.0,2.0,0.0,0.0,208.0,A
May,15,06:00:00,1.0,2.0,0.0,0.0,475.0,A
May,15,06:30:00,0.5,8.0,4.0,0.5,280.0,A
May,15,07:00:00,0.1429,15.0,1.0,0.0667,314.79,A
May,15,07:30:00,0.9286,15.0,1.0,0.0667,244.36,A
May,15,08:00:00,0.8889,45.0,0.0,0.0,325.82,A
May,15,08:30:00,0.9036,84.0,1.0,0.0119,306.86,A
May,15,09:00:00,0.9259,109.0,1.0,0.0092,306.26,A
May,15,09:30:00,0.9776,135.0,1.0,0.0074,337.59,A
May,15,10:00:00,0.7697,168.0,3.0,0.0179,299.06,A
May,15,10:30:00,0.8216,187.0,2.0,0.0107,340.42,A
May,15,11:00:00,0.9851,201.0,0.0,0.0,371.85,A
May,15,11:30:00,0.9536,196.0,2.0,0.0102,341.18,A
May,15,12:00:00,0.9391,198.0,1.0,0.0051,330.18,A
May,15,12:30:00,0.8579,202.0,5.0,0.0248,317.87,A
May,15,13:00:00,0.9016,193.0,0.0,0.0,312.03,A
May,15,13:30:00,0.893,245.0,2.0,0.0082,348.77,A
May,15,14:00:00,0.9593,246.0,0.0,0.0,318.65,A
May,15,14:30:00,0.9502,222.0,1.0,0.0045,318.69,A
May,15,15:00:00,0.8492,182.0,3.0,0.0165,348.51,A
May,15,15:30:00,0.5973,232.0,11.0,0.0474,333.84,A
May,15,16:00:00,0.8918,231.0,0.0,0.0,344.52,A
May,15,16:30:00,0.9812,213.0,0.0,0.0,314.14,A
May,15,17:00:00,0.9948,194.0,1.0,0.0052,329.26,A
May,15,17:30:00,0.9804,154.0,1.0,0.0065,314.3,A
May,15,18:00:00,0.9847,131.0,0.0,0.0,280.41,A
May,15,18:30:00,0.9701,134.0,0.0,0.0,324.66,A
May,15,19:00:00,0.9872,78.0,0.0,0.0,282.64,A
May,15,19:30:00,0.7544,58.0,1.0,0.0172,389.79,A
May,15,20:00:00,0.9107,57.0,1.0,0.0175,300.75,A
May,15,20:30:00,0.8378,38.0,1.0,0.0263,439.32,A
May,15,21:00:00,0.9655,29.0,0.0,0.0,426.14,A
May,15,21:30:00,1.0,22.0,0.0,0.0,371.5,A
May,15,22:00:00,0.8095,21.0,0.0,0.0,288.81,A
May,15,22:30:00,0.8571,8.0,1.0,0.125,187.71,A
May,15,23:00:00,1.0,10.0,0.0,0.0,255.2,A
May,15,23:30:00,1.0,7.0,0.0,0.0,157.0,A
May,16,00:00:00,1.0,3.0,0.0,0.0,402.67,A
May,16,00:30:00,1.0,3.0,0.0,0.0,67.0,A
May,16,01:00:00,1.0,2.0,0.0,0.0,381.5,A
May,16,01:30:00,1.0,3.0,0.0,0.0,125.67,A
May,16,02:30:00,1.0,1.0,0.0,0.0,109.0,A
May,16,03:00:00,1.0,1.0,0.0,0.0,58.0,A
May,16,03:30:00,1.0,1.0,0.0,0.0,108.0,A
May,16,04:00:00,1.0,1.0,0.0,0.0,136.0,A
May,16,04:30:00,1.0,2.0,0.0,0.0,447.0,A
May,16,05:00:00,1.0,1.0,0.0,0.0,204.0,A
May,16,06:00:00,1.0,2.0,0.0,0.0,266.0,A
May,16,06:30:00,0.0,1.0,0.0,0.0,158.0,A
May,16,07:00:00,0.3333,9.0,0.0,0.0,221.11,A
May,16,07:30:00,0.6429,15.0,1.0,0.0667,222.79,A
May,16,08:00:00,0.8222,45.0,0.0,0.0,295.62,A
May,16,08:30:00,0.7361,75.0,3.0,0.04,265.56,A
May,16,09:00:00,0.7456,122.0,8.0,0.0656,300.75,A
May,16,09:30:00,0.7643,160.0,3.0,0.0188,296.51,A
May,16,10:00:00,0.9931,144.0,0.0,0.0,302.81,A
May,16,10:30:00,0.9882,170.0,0.0,0.0,306.95,A
May,16,11:00:00,0.9742,156.0,1.0,0.0064,304.78,A
May,16,11:30:00,0.9563,206.0,0.0,0.0,341.26,A
May,16,12:00:00,0.9944,178.0,0.0,0.0,296.53,A
May,16,12:30:00,0.9034,176.0,0.0,0.0,364.29,A
May,16,13:00:00,0.8793,178.0,4.0,0.0225,333.16,A
May,16,13:30:00,0.8054,186.0,1.0,0.0054,344.25,A
May,16,14:00:00,0.9848,197.0,0.0,0.0,335.72,A
May,16,14:30:00,0.9957,233.0,0.0,0.0,327.91,A
May,16,15:00:00,0.9838,185.0,0.0,0.0,316.22,A
May,16,15:30:00,0.7546,220.0,4.0,0.0182,309.42,A
May,16,16:00:00,0.9343,198.0,0.0,0.0,322.99,A
May,16,16:30:00,0.9333,212.0,2.0,0.0094,339.85,A
May,16,17:00:00,0.8158,194.0,4.0,0.0206,365.92,A
May,16,17:30:00,0.9308,130.0,0.0,0.0,341.18,A
May,16,18:00:00,0.9907,109.0,1.0,0.0092,322.39,A
May,16,18:30:00,0.9794,97.0,0.0,0.0,373.27,A
May,16,19:00:00,1.0,66.0,0.0,0.0,410.82,A
May,16,19:30:00,0.98,50.0,0.0,0.0,335.9,A
May,16,20:00:00,0.9167,48.0,0.0,0.0,320.83,A
May,16,20:30:00,0.9211,38.0,0.0,0.0,305.45,A
May,16,21:00:00,0.8182,23.0,1.0,0.0435,431.55,A
May,16,21:30:00,1.0,18.0,0.0,0.0,290.72,A
May,16,22:00:00,1.0,11.0,0.0,0.0,319.0,A
May,16,22:30:00,0.8889,11.0,2.0,0.1818,577.11,A
May,16,23:00:00,0.1429,8.0,1.0,0.125,317.0,A
May,16,23:30:00,0.75,4.0,0.0,0.0,341.75,A
May,17,00:00:00,0.6667,6.0,0.0,0.0,483.0,A
May,17,00:30:00,1.0,4.0,0.0,0.0,402.25,A
May,17,01:00:00,1.0,2.0,0.0,0.0,259.0,A
May,17,01:30:00,0.0,1.0,0.0,0.0,686.0,A
May,17,02:00:00,1.0,1.0,0.0,0.0,489.0,A
May,17,02:30:00,1.0,1.0,0.0,0.0,92.0,A
May,17,03:00:00,1.0,5.0,0.0,0.0,381.2,A
May,17,04:30:00,1.0,1.0,0.0,0.0,215.0,A
May,17,06:30:00,0.0,1.0,0.0,0.0,220.0,A
May,17,07:00:00,0.6667,3.0,0.0,0.0,201.67,A
May,17,07:30:00,0.2308,15.0,2.0,0.1333,460.62,A
May,17,08:00:00,0.8333,31.0,1.0,0.0323,307.3,A
May,17,08:30:00,1.0,33.0,0.0,0.0,305.85,A
May,17,09:00:00,1.0,58.0,0.0,0.0,240.59,A
May,17,09:30:00,0.9383,81.0,0.0,0.0,279.84,A
May,17,10:00:00,0.9792,97.0,1.0,0.0103,241.44,A
May,17,10:30:00,0.9836,123.0,1.0,0.0081,309.76,A
May,17,11:00:00,0.9922,128.0,0.0,0.0,323.74,A
May,17,11:30:00,0.984,125.0,0.0,0.0,272.24,A
May,17,12:00:00,0.9795,146.0,0.0,0.0,304.45,A
May,17,12:30:00,0.9864,147.0,0.0,0.0,289.72,A
May,17,13:00:00,0.9701,135.0,1.0,0.0074,284.69,A
May,17,13:30:00,0.9679,157.0,1.0,0.0064,287.53,A
May,17,14:00:00,0.9444,163.0,1.0,0.0061,304.74,A
May,17,14:30:00,0.8391,176.0,2.0,0.0114,313.19,A
May,17,15:00:00,0.9689,161.0,0.0,0.0,291.27,A
May,17,15:30:00,0.9826,172.0,0.0,0.0,319.99,A
May,17,16:00:00,0.9922,129.0,1.0,0.0078,328.03,A
May,17,16:30:00,0.986,145.0,2.0,0.0138,283.24,A
May,17,17:00:00,0.9098,123.0,1.0,0.0081,315.12,A
May,17,17:30:00,0.8462,120.0,3.0,0.025,327.54,A
May,17,18:00:00,0.9036,84.0,1.0,0.0119,338.39,A
May,17,18:30:00,0.7356,92.0,5.0,0.0543,343.29,A
May,17,19:00:00,0.8767,73.0,0.0,0.0,383.14,A
May,17,19:30:00,0.9714,35.0,0.0,0.0,309.0,A
May,17,20:00:00,0.9394,33.0,0.0,0.0,341.58,A
May,17,20:30:00,0.8929,30.0,2.0,0.0667,328.0,A
May,17,21:00:00,0.9583,24.0,0.0,0.0,286.54,A
May,17,21:30:00,1.0,21.0,0.0,0.0,332.38,A
May,17,22:00:00,1.0,6.0,0.0,0.0,455.5,A
May,17,22:30:00,0.5,8.0,0.0,0.0,385.13,A
May,17,23:00:00,0.8333,6.0,0.0,0.0,434.5,A
May,17,23:30:00,1.0,3.0,0.0,0.0,154.33,A
May,18,00:00:00,0.8,6.0,1.0,0.1667,432.0,A
May,18,00:30:00,0.6,5.0,0.0,0.0,642.4,A
May,18,01:00:00,1.0,2.0,0.0,0.0,213.5,A
May,18,01:30:00,0.6667,6.0,0.0,0.0,176.67,A
May,18,02:30:00,1.0,2.0,0.0,0.0,228.5,A
May,18,03:00:00,1.0,1.0,0.0,0.0,48.0,A
May,18,04:30:00,1.0,1.0,0.0,0.0,105.0,A
May,18,05:00:00,1.0,2.0,0.0,0.0,162.5,A
May,18,05:30:00,1.0,2.0,0.0,0.0,215.5,A
May,18,06:30:00,1.0,1.0,0.0,0.0,703.0,A
May,18,07:00:00,1.0,3.0,0.0,0.0,391.0,A
May,18,07:30:00,1.0,4.0,0.0,0.0,199.75,A
May,18,08:00:00,0.9,11.0,1.0,0.0909,185.6,A
May,18,08:30:00,1.0,16.0,0.0,0.0,272.56,A
May,18,09:00:00,1.0,11.0,0.0,0.0,202.09,A
May,18,09:30:00,1.0,19.0,0.0,0.0,255.84,A
May,18,10:00:00,1.0,14.0,0.0,0.0,398.43,A
May,18,10:30:00,1.0,35.0,0.0,0.0,279.26,A
May,18,11:00:00,1.0,31.0,0.0,0.0,255.55,A
May,18,11:30:00,1.0,40.0,0.0,0.0,365.53,A
May,18,12:00:00,1.0,53.0,0.0,0.0,307.74,A
May,18,12:30:00,1.0,57.0,0.0,0.0,292.33,A
May,18,13:00:00,0.8611,75.0,3.0,0.04,302.88,A
May,18,13:30:00,0.9419,87.0,1.0,0.0115,320.84,A
May,18,14:00:00,0.9625,80.0,0.0,0.0,293.08,A
May,18,14:30:00,0.8933,76.0,1.0,0.0132,345.24,A
May,18,15:00:00,0.9667,62.0,2.0,0.0323,278.82,A
May,18,15:30:00,0.9138,59.0,1.0,0.0169,292.55,A
May,18,16:00:00,0.9138,59.0,1.0,0.0169,292.55,A
May,18,16:30:00,0.9138,59.0,1.0,0.0169,292.55,A
May,18,17:00:00,0.9138,59.0,1.0,0.0169,292.55,A
May,18,17:30:00,0.9138,59.0,1.0,0.0169,292.55,A
May,18,18:00:00,0.975,40.0,0.0,0.0,276.43,A
May,18,18:30:00,0.98,50.0,0.0,0.0,308.38,A
May,18,19:00:00,1.0,38.0,0.0,0.0,249.71,A
May,18,19:30:00,0.9565,23.0,0.0,0.0,281.43,A
May,18,20:00:00,1.0,29.0,0.0,0.0,303.48,A
May,18,20:30:00,1.0,16.0,0.0,0.0,278.31,A
May,18,21:00:00,1.0,16.0,1.0,0.0625,240.33,A
May,18,21:30:00,1.0,8.0,0.0,0.0,355.25,A
May,18,22:00:00,1.0,6.0,0.0,0.0,362.5,A
May,18,22:30:00,0.3333,10.0,1.0,0.1,220.56,A
May,18,23:00:00,1.0,12.0,0.0,0.0,305.75,A
May,18,23:30:00,1.0,6.0,0.0,0.0,398.0,A
May,19,00:00:00,1.0,9.0,0.0,0.0,614.67,A
May,19,00:30:00,1.0,5.0,0.0,0.0,244.2,A
May,19,01:00:00,1.0,4.0,0.0,0.0,362.75,A
May,19,01:30:00,1.0,1.0,0.0,0.0,370.0,A
May,19,02:00:00,1.0,3.0,0.0,0.0,450.67,A
May,19,04:30:00,1.0,2.0,0.0,0.0,157.0,A
May,19,05:30:00,1.0,1.0,0.0,0.0,521.0,A
May,19,06:00:00,1.0,1.0,0.0,0.0,131.0,A
May,19,06:30:00,0.6667,3.0,0.0,0.0,122.0,A
May,19,07:00:00,0.5714,7.0,0.0,0.0,249.29,A
May,19,07:30:00,0.8462,13.0,0.0,0.0,294.15,A
May,19,08:00:00,0.9714,35.0,0.0,0.0,234.2,A
May,19,08:30:00,0.913,73.0,4.0,0.0548,336.39,A
May,19,09:00:00,0.8333,127.0,1.0,0.0079,322.04,A
May,19,09:30:00,0.9728,147.0,0.0,0.0,285.24,A
May,19,10:00:00,0.973,185.0,0.0,0.0,336.99,A
May,19,10:30:00,0.9955,223.0,0.0,0.0,282.82,A
May,19,11:00:00,0.9862,218.0,0.0,0.0,319.5,A
May,19,11:30:00,0.958,238.0,0.0,0.0,341.28,A
May,19,12:00:00,0.981,212.0,1.0,0.0047,334.75,A
May,19,12:30:00,0.9677,250.0,2.0,0.008,313.22,A
May,19,13:00:00,0.9589,219.0,0.0,0.0,305.96,A
May,19,13:30:00,0.9868,227.0,0.0,0.0,329.09,A
May,19,14:00:00,0.9875,240.0,0.0,0.0,288.47,A
May,19,14:30:00,0.988,251.0,1.0,0.004,312.21,A
May,19,15:00:00,0.9915,237.0,2.0,0.0084,303.43,A
May,19,15:30:00,0.9918,245.0,1.0,0.0041,279.15,A
May,19,16:00:00,0.991,224.0,1.0,0.0045,342.74,A
May,19,16:30:00,0.9798,247.0,0.0,0.0,351.13,A
May,19,17:00:00,0.9279,223.0,1.0,0.0045,330.64,A
May,19,17:30:00,0.9032,188.0,2.0,0.0106,343.53,A
May,19,18:00:00,0.7544,172.0,1.0,0.0058,326.3,A
May,19,18:30:00,0.9746,118.0,0.0,0.0,333.63,A
May,19,19:00:00,0.9878,82.0,0.0,0.0,314.91,A
May,19,19:30:00,0.9733,75.0,0.0,0.0,326.81,A
May,19,20:00:00,0.9815,55.0,1.0,0.0182,341.69,A
May,19,20:30:00,0.9189,38.0,1.0,0.0263,256.59,A
May,19,21:00:00,0.9737,38.0,0.0,0.0,356.92,A
May,19,21:30:00,1.0,19.0,0.0,0.0,399.84,A
May,19,22:00:00,1.0,11.0,0.0,0.0,249.55,A
May,19,22:30:00,0.4615,18.0,5.0,0.2778,319.46,A
May,19,23:00:00,1.0,10.0,0.0,0.0,314.0,A
May,19,23:30:00,1.0,13.0,0.0,0.0,391.31,A
May,20,00:00:00,1.0,4.0,0.0,0.0,635.0,A
May,20,00:30:00,1.0,3.0,0.0,0.0,292.0,A
May,20,01:00:00,1.0,5.0,0.0,0.0,388.2,A
May,20,01:30:00,1.0,2.0,0.0,0.0,132.5,A
May,20,03:30:00,1.0,2.0,0.0,0.0,311.0,A
May,20,05:30:00,1.0,1.0,0.0,0.0,61.0,A
May,20,06:00:00,1.0,5.0,0.0,0.0,222.4,A
May,20,06:30:00,0.2,5.0,0.0,0.0,333.6,A
May,20,07:00:00,0.8,11.0,1.0,0.0909,431.7,A
May,20,07:30:00,0.8571,14.0,0.0,0.0,347.5,A
May,20,08:00:00,0.7347,49.0,0.0,0.0,312.33,A
May,20,08:30:00,0.8718,78.0,0.0,0.0,299.24,A
May,20,09:00:00,0.5854,129.0,6.0,0.0465,314.19,A
May,20,09:30:00,0.7635,153.0,5.0,0.0327,322.91,A
May,20,10:00:00,0.6492,198.0,7.0,0.0354,368.14,A
May,20,10:30:00,0.7952,169.0,3.0,0.0178,345.52,A
May,20,11:00:00,0.9524,210.0,0.0,0.0,322.06,A
May,20,11:30:00,0.9829,235.0,1.0,0.0043,327.82,A
May,20,12:00:00,0.967,213.0,1.0,0.0047,317.08,A
May,20,12:30:00,0.8087,232.0,2.0,0.0086,373.08,A
May,20,13:00:00,0.966,237.0,2.0,0.0084,329.95,A
May,20,13:30:00,0.8043,231.0,1.0,0.0043,335.53,A
May,20,14:00:00,0.9741,232.0,0.0,0.0,332.58,A
May,20,14:30:00,0.9822,225.0,0.0,0.0,332.33,A
May,20,15:00:00,0.9957,234.0,0.0,0.0,310.21,A
May,20,15:30:00,1.0,229.0,2.0,0.0087,344.93,A
May,20,16:00:00,0.9891,274.0,0.0,0.0,361.94,A
May,20,16:30:00,0.9955,220.0,0.0,0.0,317.85,A
May,20,17:00:00,1.0,194.0,0.0,0.0,309.42,A
May,20,17:30:00,0.9943,176.0,0.0,0.0,345.67,A
May,20,18:00:00,0.9942,172.0,0.0,0.0,361.64,A
May,20,18:30:00,1.0,132.0,0.0,0.0,374.76,A
May,20,19:00:00,0.9896,97.0,1.0,0.0103,372.43,A
May,20,19:30:00,0.96,50.0,0.0,0.0,372.34,A
May,20,20:00:00,0.9672,62.0,1.0,0.0161,353.34,A
May,20,20:30:00,0.9565,48.0,2.0,0.0417,265.63,A
May,20,21:00:00,0.9524,43.0,1.0,0.0233,250.62,A
May,20,21:30:00,1.0,22.0,0.0,0.0,279.95,A
May,20,22:00:00,1.0,26.0,0.0,0.0,311.77,A
May,20,22:30:00,0.6364,15.0,4.0,0.2667,272.64,A
May,20,23:00:00,0.3333,10.0,1.0,0.1,328.78,A
May,20,23:30:00,0.8889,9.0,0.0,0.0,304.22,A
May,21,00:00:00,1.0,3.0,0.0,0.0,159.33,A
May,21,00:30:00,1.0,8.0,0.0,0.0,421.38,A
May,21,01:00:00,1.0,3.0,0.0,0.0,148.33,A
May,21,01:30:00,1.0,4.0,0.0,0.0,286.25,A
May,21,02:00:00,1.0,2.0,0.0,0.0,328.0,A
May,21,02:30:00,1.0,1.0,0.0,0.0,375.0,A
May,21,03:00:00,1.0,2.0,0.0,0.0,344.0,A
May,21,03:30:00,1.0,2.0,0.0,0.0,201.0,A
May,21,04:00:00,1.0,1.0,0.0,0.0,210.0,A
May,21,05:30:00,1.0,1.0,0.0,0.0,408.0,A
May,21,06:00:00,1.0,1.0,0.0,0.0,69.0,A
May,21,06:30:00,0.5,4.0,0.0,0.0,359.5,A
May,21,07:00:00,0.8333,6.0,0.0,0.0,337.83,A
May,21,07:30:00,0.5,18.0,0.0,0.0,274.17,A
May,21,08:00:00,0.9268,44.0,3.0,0.0682,277.93,A
May,21,08:30:00,0.5326,97.0,5.0,0.0515,345.26,A
May,21,09:00:00,0.9764,127.0,0.0,0.0,288.93,A
May,21,09:30:00,0.9864,148.0,1.0,0.0068,330.12,A
May,21,10:00:00,0.927,179.0,1.0,0.0056,295.54,A
May,21,10:30:00,0.9206,214.0,0.0,0.0,292.67,A
May,21,11:00:00,0.873,190.0,1.0,0.0053,315.93,A
May,21,11:30:00,0.975,200.0,0.0,0.0,302.58,A
May,21,12:00:00,0.8585,211.0,6.0,0.0284,362.16,A
May,21,12:30:00,0.8939,201.0,3.0,0.0149,336.34,A
May,21,13:00:00,0.7234,240.0,5.0,0.0208,338.89,A
May,21,13:30:00,0.9953,211.0,0.0,0.0,290.24,A
May,21,14:00:00,1.0,218.0,0.0,0.0,320.2,A
May,21,14:30:00,0.9899,198.0,0.0,0.0,349.83,A
May,21,15:00:00,1.0,210.0,0.0,0.0,307.14,A
May,21,15:30:00,0.7807,231.0,3.0,0.013,306.63,A
May,21,16:00:00,0.925,200.0,0.0,0.0,345.23,A
May,21,16:30:00,0.9774,177.0,0.0,0.0,338.25,A
May,21,17:00:00,1.0,184.0,1.0,0.0054,317.85,A
May,21,17:30:00,0.9766,171.0,0.0,0.0,292.7,A
May,21,18:00:00,1.0,154.0,0.0,0.0,319.66,A
May,21,18:30:00,0.8163,98.0,0.0,0.0,354.93,A
May,21,19:00:00,0.9054,74.0,0.0,0.0,354.55,A
May,21,19:30:00,1.0,65.0,0.0,0.0,268.09,A
May,21,20:00:00,1.0,47.0,0.0,0.0,301.34,A
May,21,20:30:00,0.9556,45.0,0.0,0.0,358.2,A
May,21,21:00:00,1.0,34.0,0.0,0.0,311.5,A
May,21,21:30:00,1.0,22.0,0.0,0.0,280.45,A
May,21,22:00:00,1.0,14.0,0.0,0.0,328.36,A
May,21,22:30:00,0.8333,6.0,0.0,0.0,521.0,A
May,21,23:00:00,0.8889,9.0,0.0,0.0,230.44,A
May,21,23:30:00,0.8182,12.0,1.0,0.0833,386.27,A
May,22,00:00:00,0.875,8.0,0.0,0.0,351.13,A
May,22,00:30:00,0.875,0.0,0.0,0.0,351.13,A
May,22,01:00:00,1.0,1.0,0.0,0.0,205.0,A
May,22,02:00:00,0.5,2.0,0.0,0.0,217.0,A
May,22,03:00:00,0.5,0.0,0.0,0.0,217.0,A
May,22,03:30:00,1.0,1.0,0.0,0.0,1500.0,A
May,22,04:30:00,1.0,1.0,1.0,1.0,1500.0,A
May,22,05:00:00,0.5,2.0,0.0,0.0,190.5,A
May,22,05:30:00,1.0,4.0,0.0,0.0,422.0,A
May,22,06:00:00,1.0,2.0,0.0,0.0,196.5,A
May,22,06:30:00,0.0,4.0,1.0,0.25,196.0,A
May,22,07:00:00,0.9091,12.0,1.0,0.0833,330.82,A
May,22,07:30:00,0.875,8.0,0.0,0.0,389.5,A
May,22,08:00:00,0.8491,53.0,0.0,0.0,309.26,A
May,22,08:30:00,1.0,89.0,0.0,0.0,294.42,A
May,22,09:00:00,0.9919,124.0,0.0,0.0,308.18,A
May,22,09:30:00,0.9848,132.0,0.0,0.0,348.42,A
May,22,10:00:00,0.9813,161.0,1.0,0.0062,331.49,A
May,22,10:30:00,1.0,180.0,0.0,0.0,327.56,A
May,22,11:00:00,0.98,200.0,0.0,0.0,338.84,A
May,22,11:30:00,0.9886,177.0,1.0,0.0056,311.06,A
May,22,12:00:00,0.9862,220.0,2.0,0.0091,298.11,A
May,22,12:30:00,0.9911,224.0,0.0,0.0,322.01,A
May,22,13:00:00,0.9796,196.0,0.0,0.0,306.1,A
May,22,13:30:00,0.9945,182.0,0.0,0.0,310.3,A
May,22,14:00:00,0.9729,221.0,0.0,0.0,372.94,A
May,22,14:30:00,0.9621,211.0,0.0,0.0,330.01,A
May,22,15:00:00,0.976,251.0,1.0,0.004,347.36,A
May,22,15:30:00,0.9907,215.0,1.0,0.0047,323.53,A
May,22,16:00:00,0.9607,231.0,2.0,0.0087,350.3,A
May,22,16:30:00,1.0,239.0,0.0,0.0,297.45,A
May,22,17:00:00,0.9886,176.0,1.0,0.0057,327.68,A
May,22,17:30:00,0.9664,150.0,1.0,0.0067,322.64,A
May,22,18:00:00,0.8389,149.0,0.0,0.0,324.16,A
May,22,18:30:00,0.8403,121.0,2.0,0.0165,346.76,A
May,22,19:00:00,0.989,91.0,0.0,0.0,375.55,A
May,22,19:30:00,0.9836,61.0,0.0,0.0,284.75,A
May,22,20:00:00,1.0,46.0,2.0,0.0435,300.34,A
May,22,20:30:00,0.9783,46.0,0.0,0.0,293.85,A
May,22,21:00:00,1.0,28.0,0.0,0.0,262.29,A
May,22,21:30:00,0.9697,33.0,0.0,0.0,302.55,A
May,22,22:00:00,1.0,10.0,0.0,0.0,226.1,A
May,22,22:30:00,0.1818,15.0,4.0,0.2667,294.73,A
May,22,23:00:00,0.8235,17.0,0.0,0.0,411.47,A
May,22,23:30:00,1.0,13.0,0.0,0.0,214.0,A
May,23,00:00:00,1.0,6.0,0.0,0.0,163.67,A
May,23,00:30:00,1.0,4.0,0.0,0.0,383.5,A
May,23,01:00:00,1.0,2.0,0.0,0.0,585.5,A
May,23,01:30:00,1.0,3.0,0.0,0.0,621.67,A
May,23,02:00:00,1.0,2.0,0.0,0.0,118.0,A
May,23,02:30:00,1.0,1.0,0.0,0.0,296.0,A
May,23,03:30:00,1.0,1.0,0.0,0.0,25.0,A
May,23,04:00:00,1.0,1.0,0.0,0.0,817.0,A
May,23,05:00:00,1.0,1.0,0.0,0.0,93.0,A
May,23,05:30:00,1.0,1.0,1.0,1.0,93.0,A
May,23,06:00:00,0.8,6.0,1.0,0.1667,202.0,A
May,23,06:30:00,0.0,5.0,3.0,0.6,171.0,A
May,23,07:00:00,0.0,9.0,4.0,0.4444,383.4,A
May,23,07:30:00,0.2727,12.0,1.0,0.0833,557.45,A
May,23,08:00:00,0.8704,54.0,0.0,0.0,305.19,A
May,23,08:30:00,0.9467,75.0,0.0,0.0,302.73,A
May,23,09:00:00,0.9633,109.0,0.0,0.0,332.72,A
May,23,09:30:00,0.9609,128.0,0.0,0.0,317.59,A
May,23,10:00:00,0.8261,166.0,5.0,0.0301,357.03,A
May,23,10:30:00,0.9904,209.0,0.0,0.0,337.27,A
May,23,11:00:00,1.0,236.0,1.0,0.0042,319.73,A
May,23,11:30:00,1.0,207.0,0.0,0.0,313.86,A
May,23,12:00:00,1.0,202.0,0.0,0.0,301.76,A
May,23,12:30:00,0.9078,207.0,1.0,0.0048,324.53,A
May,23,13:00:00,0.9895,191.0,0.0,0.0,343.0,A
May,23,13:30:00,0.9865,222.0,0.0,0.0,319.75,A
May,23,14:00:00,1.0,198.0,0.0,0.0,342.24,A
May,23,14:30:00,0.9953,216.0,1.0,0.0046,285.8,A
May,23,15:00:00,0.815,211.0,11.0,0.0521,294.63,A
May,23,15:30:00,0.3886,212.0,19.0,0.0896,305.73,A
May,23,16:00:00,0.6916,228.0,1.0,0.0044,291.67,A
May,23,16:30:00,0.9224,220.0,1.0,0.0045,291.17,A
May,23,17:00:00,0.7799,163.0,4.0,0.0245,350.33,A
May,23,17:30:00,0.9379,161.0,0.0,0.0,344.02,A
May,23,18:00:00,0.9936,157.0,0.0,0.0,321.32,A
May,23,18:30:00,0.9111,137.0,2.0,0.0146,345.55,A
May,23,19:00:00,0.988,83.0,0.0,0.0,404.94,A
May,23,19:30:00,1.0,57.0,0.0,0.0,408.25,A
May,23,20:00:00,1.0,44.0,0.0,0.0,307.43,A
May,23,20:30:00,0.9032,31.0,0.0,0.0,311.48,A
May,23,21:00:00,0.9583,24.0,0.0,0.0,328.58,A
May,23,21:30:00,1.0,23.0,0.0,0.0,393.22,A
May,23,22:00:00,1.0,19.0,0.0,0.0,248.63,A
May,23,22:30:00,0.5,11.0,5.0,0.4545,447.5,A
May,23,23:00:00,0.3077,20.0,7.0,0.35,523.46,A
May,23,23:30:00,1.0,7.0,1.0,0.1429,260.67,A
May,24,00:00:00,1.0,6.0,0.0,0.0,488.0,A
May,24,00:30:00,1.0,5.0,0.0,0.0,503.2,A
May,24,01:30:00,1.0,1.0,0.0,0.0,151.0,A
May,24,02:00:00,1.0,2.0,0.0,0.0,316.5,A
May,24,02:30:00,1.0,1.0,0.0,0.0,571.0,A
May,24,03:30:00,1.0,0.0,0.0,0.0,571.0,A
May,24,04:00:00,1.0,1.0,0.0,0.0,354.0,A
May,24,04:30:00,1.0,1.0,0.0,0.0,199.0,A
May,24,05:00:00,1.0,2.0,0.0,0.0,221.0,A
May,24,05:30:00,1.0,1.0,0.0,0.0,160.0,A
May,24,06:00:00,1.0,1.0,0.0,0.0,118.0,A
May,24,06:30:00,1.0,1.0,0.0,0.0,311.0,A
May,24,07:00:00,0.75,9.0,1.0,0.1111,214.38,A
May,24,07:30:00,0.6154,16.0,3.0,0.1875,328.62,A
May,24,08:00:00,0.9677,31.0,0.0,0.0,221.52,A
May,24,08:30:00,0.9107,56.0,0.0,0.0,286.23,A
May,24,09:00:00,0.8961,77.0,0.0,0.0,274.4,A
May,24,09:30:00,0.9506,81.0,0.0,0.0,287.95,A
May,24,10:00:00,1.0,96.0,0.0,0.0,287.13,A
May,24,10:30:00,0.848,128.0,3.0,0.0234,309.19,A
May,24,11:00:00,0.9919,125.0,2.0,0.016,285.54,A
May,24,11:30:00,0.7956,139.0,2.0,0.0144,334.42,A
May,24,12:00:00,0.6358,155.0,4.0,0.0258,336.67,A
May,24,12:30:00,0.7134,159.0,2.0,0.0126,329.45,A
May,24,13:00:00,0.8598,164.0,0.0,0.0,322.08,A
May,24,13:30:00,0.9792,144.0,0.0,0.0,283.04,A
May,24,14:00:00,0.932,147.0,0.0,0.0,338.0,A
May,24,14:30:00,0.9735,152.0,1.0,0.0066,281.4,A
May,24,15:00:00,0.915,153.0,0.0,0.0,301.03,A
May,24,15:30:00,0.9884,173.0,0.0,0.0,312.14,A
May,24,16:00:00,0.9928,138.0,0.0,0.0,326.49,A
May,24,16:30:00,0.9191,137.0,1.0,0.0073,339.56,A
May,24,17:00:00,0.8868,108.0,2.0,0.0185,267.99,A
May,24,17:30:00,0.9118,103.0,1.0,0.0097,324.24,A
May,24,18:00:00,0.9277,83.0,0.0,0.0,344.02,A
May,24,18:30:00,0.9452,73.0,0.0,0.0,301.86,A
May,24,19:00:00,0.7963,54.0,0.0,0.0,329.11,A
May,24,19:30:00,0.9333,45.0,0.0,0.0,323.91,A
May,24,20:00:00,1.0,33.0,0.0,0.0,246.79,A
May,24,20:30:00,0.85,40.0,0.0,0.0,245.03,A
May,24,21:00:00,1.0,15.0,0.0,0.0,229.6,A
May,24,21:30:00,1.0,17.0,0.0,0.0,222.06,A
May,24,22:00:00,1.0,9.0,0.0,0.0,282.0,A
May,24,22:30:00,0.3333,11.0,2.0,0.1818,426.78,A
May,24,23:00:00,0.7273,14.0,3.0,0.2143,258.36,A
May,24,23:30:00,0.6667,3.0,0.0,0.0,242.0,A
May,25,00:00:00,1.0,3.0,1.0,0.3333,276.0,A
May,25,00:30:00,0.0,1.0,0.0,0.0,1059.0,A
May,25,01:00:00,0.0,1.0,0.0,0.0,1138.0,A
May,25,02:00:00,1.0,1.0,0.0,0.0,210.0,A
May,25,02:30:00,1.0,1.0,0.0,0.0,155.0,A
May,25,03:00:00,1.0,0.0,0.0,0.0,155.0,A
May,25,03:30:00,1.0,2.0,0.0,0.0,502.0,A
May,25,05:00:00,1.0,2.0,0.0,0.0,195.5,A
May,25,05:30:00,1.0,2.0,0.0,0.0,1089.0,A
May,25,06:00:00,1.0,1.0,0.0,0.0,322.0,A
May,25,06:30:00,1.0,2.0,0.0,0.0,219.5,A
May,25,07:00:00,1.0,6.0,0.0,0.0,227.5,A
May,25,07:30:00,1.0,4.0,0.0,0.0,382.25,A
May,25,08:00:00,0.8571,8.0,1.0,0.125,275.86,A
May,25,08:30:00,0.875,8.0,0.0,0.0,285.13,A
May,25,09:00:00,1.0,18.0,0.0,0.0,170.72,A
May,25,09:30:00,1.0,18.0,0.0,0.0,228.72,A
May,25,10:00:00,1.0,23.0,0.0,0.0,208.87,A
May,25,10:30:00,1.0,21.0,0.0,0.0,287.19,A
May,25,11:00:00,1.0,21.0,0.0,0.0,271.86,A
May,25,11:30:00,1.0,29.0,0.0,0.0,319.45,A
May,25,12:00:00,1.0,30.0,0.0,0.0,269.8,A
May,25,12:30:00,1.0,62.0,0.0,0.0,330.24,A
May,25,13:00:00,0.9855,69.0,0.0,0.0,263.33,A
May,25,13:30:00,0.9859,71.0,0.0,0.0,299.24,A
May,25,14:00:00,0.9348,92.0,0.0,0.0,290.9,A
May,25,14:30:00,0.9878,82.0,0.0,0.0,309.78,A
May,25,15:00:00,1.0,82.0,0.0,0.0,318.9,A
May,25,15:30:00,0.9839,63.0,1.0,0.0159,222.5,A
May,25,16:00:00,0.974,77.0,0.0,0.0,272.26,A
May,25,16:30:00,1.0,62.0,0.0,0.0,247.63,A
May,25,17:00:00,1.0,66.0,0.0,0.0,316.26,A
May,25,17:30:00,0.9219,64.0,0.0,0.0,267.8,A
May,25,18:00:00,1.0,44.0,0.0,0.0,264.89,A
May,25,18:30:00,1.0,30.0,0.0,0.0,277.5,A
May,25,19:00:00,1.0,25.0,0.0,0.0,235.96,A
May,25,19:30:00,1.0,22.0,0.0,0.0,221.36,A
May,25,20:00:00,0.9643,28.0,0.0,0.0,315.5,A
May,25,20:30:00,0.95,21.0,1.0,0.0476,247.25,A
May,25,21:00:00,1.0,11.0,0.0,0.0,335.0,A
May,25,21:30:00,1.0,22.0,0.0,0.0,300.41,A
May,25,22:00:00,1.0,11.0,0.0,0.0,348.36,A
May,25,22:30:00,0.75,8.0,0.0,0.0,180.75,A
May,25,23:00:00,1.0,8.0,0.0,0.0,155.88,A
May,25,23:30:00,0.625,8.0,0.0,0.0,453.0,A
May,26,00:00:00,1.0,2.0,0.0,0.0,885.5,A
May,26,00:30:00,1.0,1.0,0.0,0.0,267.0,A
May,26,01:00:00,1.0,3.0,0.0,0.0,424.0,A
May,26,02:00:00,1.0,1.0,0.0,0.0,294.0,A
May,26,03:30:00,1.0,0.0,0.0,0.0,294.0,A
May,26,04:00:00,1.0,2.0,0.0,0.0,288.0,A
May,26,05:30:00,1.0,1.0,0.0,0.0,79.0,A
May,26,06:00:00,1.0,1.0,0.0,0.0,254.0,A
May,26,06:30:00,1.0,3.0,0.0,0.0,129.67,A
May,26,07:00:00,0.8889,9.0,0.0,0.0,224.78,A
May,26,07:30:00,1.0,5.0,0.0,0.0,120.0,A
May,26,08:00:00,1.0,19.0,0.0,0.0,282.84,A
May,26,08:30:00,1.0,28.0,0.0,0.0,332.64,A
May,26,09:00:00,0.9412,70.0,2.0,0.0286,318.6,A
May,26,09:30:00,0.9306,72.0,0.0,0.0,281.88,A
May,26,10:00:00,0.9885,87.0,0.0,0.0,314.75,A
May,26,10:30:00,0.99,100.0,0.0,0.0,256.49,A
May,26,11:00:00,1.0,116.0,0.0,0.0,238.18,A
May,26,11:30:00,0.9627,135.0,1.0,0.0074,272.66,A
May,26,12:00:00,0.9167,146.0,2.0,0.0137,357.32,A
May,26,12:30:00,0.8193,168.0,2.0,0.0119,282.84,A
May,26,13:00:00,0.8605,131.0,2.0,0.0153,316.05,A
May,26,13:30:00,1.0,135.0,0.0,0.0,278.79,A
May,26,14:00:00,1.0,128.0,0.0,0.0,291.31,A
May,26,14:30:00,1.0,137.0,0.0,0.0,260.76,A
May,26,15:00:00,1.0,146.0,0.0,0.0,290.8,A
May,26,15:30:00,1.0,128.0,0.0,0.0,298.84,A
May,26,16:00:00,1.0,129.0,0.0,0.0,320.86,A
May,26,16:30:00,1.0,148.0,0.0,0.0,285.32,A
May,26,17:00:00,1.0,121.0,0.0,0.0,310.45,A
May,26,17:30:00,0.9821,112.0,0.0,0.0,270.41,A
May,26,18:00:00,1.0,92.0,0.0,0.0,278.73,A
May,26,18:30:00,1.0,89.0,0.0,0.0,300.87,A
May,26,19:00:00,1.0,70.0,0.0,0.0,255.54,A
May,26,19:30:00,1.0,46.0,0.0,0.0,265.41,A
May,26,20:00:00,1.0,35.0,0.0,0.0,266.4,A
May,26,20:30:00,0.9118,34.0,0.0,0.0,284.12,A
May,26,21:00:00,1.0,16.0,0.0,0.0,284.81,A
May,26,21:30:00,1.0,11.0,0.0,0.0,132.0,A
May,26,22:00:00,1.0,16.0,0.0,0.0,283.88,A
May,26,22:30:00,1.0,6.0,0.0,0.0,385.5,A
May,26,23:00:00,1.0,11.0,0.0,0.0,205.27,A
May,26,23:30:00,1.0,11.0,0.0,0.0,392.64,A
May,27,00:00:00,1.0,4.0,0.0,0.0,387.25,A
May,27,00:30:00,1.0,5.0,0.0,0.0,261.4,A
May,27,01:00:00,1.0,1.0,0.0,0.0,302.0,A
May,27,01:30:00,1.0,1.0,0.0,0.0,130.0,A
May,27,02:00:00,1.0,1.0,0.0,0.0,235.0,A
May,27,02:30:00,1.0,1.0,0.0,0.0,80.0,A
May,27,04:00:00,1.0,0.0,0.0,0.0,80.0,A
May,27,04:30:00,1.0,1.0,0.0,0.0,426.0,A
May,27,05:00:00,1.0,2.0,0.0,0.0,327.5,A
May,27,05:30:00,1.0,3.0,0.0,0.0,183.33,A
May,27,06:00:00,1.0,4.0,0.0,0.0,296.0,A
May,27,06:30:00,1.0,2.0,1.0,0.5,159.0,A
May,27,07:00:00,1.0,6.0,0.0,0.0,300.67,A
May,27,07:30:00,0.9333,15.0,0.0,0.0,291.53,A
May,27,08:00:00,0.9167,36.0,0.0,0.0,299.67,A
May,27,08:30:00,0.7727,90.0,2.0,0.0222,310.05,A
May,27,09:00:00,0.8872,133.0,0.0,0.0,359.76,A
May,27,09:30:00,0.9613,181.0,0.0,0.0,326.09,A
May,27,10:00:00,0.96,175.0,0.0,0.0,325.01,A
May,27,10:30:00,0.987,231.0,0.0,0.0,317.21,A
May,27,11:00:00,0.9866,227.0,3.0,0.0132,328.21,A
May,27,11:30:00,0.9957,235.0,5.0,0.0213,323.62,A
May,27,12:00:00,0.9066,258.0,1.0,0.0039,320.28,A
May,27,12:30:00,0.8531,249.0,4.0,0.0161,309.42,A
May,27,13:00:00,0.8601,245.0,2.0,0.0082,299.75,A
May,27,13:30:00,0.9958,240.0,0.0,0.0,336.26,A
May,27,14:00:00,0.8975,286.0,3.0,0.0105,312.95,A
May,27,14:30:00,0.7253,279.0,6.0,0.0215,329.42,A
May,27,15:00:00,0.9046,246.0,5.0,0.0203,342.96,A
May,27,15:30:00,0.6178,263.0,4.0,0.0152,337.6,A
May,27,16:00:00,0.9712,243.0,0.0,0.0,373.56,A
May,27,16:30:00,0.9826,231.0,1.0,0.0043,366.16,A
May,27,17:00:00,0.9901,202.0,0.0,0.0,347.03,A
May,27,17:30:00,0.9889,181.0,1.0,0.0055,306.01,A
May,27,18:00:00,0.9863,146.0,0.0,0.0,280.84,A
May,27,18:30:00,0.7748,151.0,0.0,0.0,341.55,A
May,27,19:00:00,0.9794,97.0,0.0,0.0,338.76,A
May,27,19:30:00,1.0,56.0,0.0,0.0,375.91,A
May,27,20:00:00,0.8197,64.0,3.0,0.0469,321.36,A
May,27,20:30:00,0.6,58.0,8.0,0.1379,347.6,A
May,27,21:00:00,0.6316,38.0,0.0,0.0,349.76,A
May,27,21:30:00,0.7692,26.0,0.0,0.0,368.46,A
May,27,22:00:00,0.7895,19.0,0.0,0.0,451.89,A
May,27,22:30:00,0.6,11.0,6.0,0.5455,504.2,A
May,27,23:00:00,0.0667,18.0,3.0,0.1667,260.73,A
May,27,23:30:00,0.7,10.0,0.0,0.0,553.9,A
May,28,00:00:00,1.0,8.0,1.0,0.125,258.0,A
May,28,00:30:00,1.0,3.0,0.0,0.0,571.0,A
May,28,01:00:00,1.0,3.0,0.0,0.0,164.33,A
May,28,01:30:00,1.0,3.0,0.0,0.0,1058.33,A
May,28,02:00:00,1.0,1.0,0.0,0.0,366.0,A
May,28,02:30:00,1.0,1.0,0.0,0.0,350.0,A
May,28,03:30:00,1.0,1.0,0.0,0.0,227.0,A
May,28,04:00:00,1.0,1.0,0.0,0.0,86.0,A
May,28,04:30:00,1.0,1.0,0.0,0.0,157.0,A
May,28,05:00:00,1.0,1.0,0.0,0.0,388.0,A
May,28,05:30:00,1.0,2.0,0.0,0.0,476.0,A
May,28,06:30:00,0.3333,3.0,0.0,0.0,207.67,A
May,28,07:00:00,0.7143,7.0,0.0,0.0,353.71,A
May,28,07:30:00,0.4,11.0,1.0,0.0909,305.2,A
May,28,08:00:00,0.8846,53.0,1.0,0.0189,233.75,A
May,28,08:30:00,0.8714,70.0,0.0,0.0,344.61,A
May,28,09:00:00,0.912,125.0,0.0,0.0,277.3,A
May,28,09:30:00,0.9662,151.0,3.0,0.0199,286.92,A
May,28,10:00:00,0.701,206.0,2.0,0.0097,301.9,A
May,28,10:30:00,0.9471,209.0,1.0,0.0048,299.48,A
May,28,11:00:00,0.9957,235.0,0.0,0.0,343.79,A
May,28,11:30:00,0.9828,233.0,0.0,0.0,277.23,A
May,28,12:00:00,0.9912,228.0,0.0,0.0,351.67,A
May,28,12:30:00,0.9685,222.0,0.0,0.0,329.17,A
May,28,13:00:00,0.9099,222.0,0.0,0.0,336.82,A
May,28,13:30:00,0.925,240.0,0.0,0.0,351.67,A
May,28,14:00:00,0.9948,194.0,0.0,0.0,355.08,A
May,28,14:30:00,1.0,213.0,0.0,0.0,305.74,A
May,28,15:00:00,0.9906,213.0,0.0,0.0,327.45,A
May,28,15:30:00,0.9655,233.0,1.0,0.0043,332.74,A
May,28,16:00:00,0.9918,246.0,1.0,0.0041,339.47,A
May,28,16:30:00,0.991,222.0,0.0,0.0,328.59,A
May,28,17:00:00,0.5427,195.0,31.0,0.159,353.23,A
May,28,17:30:00,0.3976,184.0,18.0,0.0978,307.48,A
May,28,18:00:00,0.9602,176.0,0.0,0.0,296.01,A
May,28,18:30:00,0.9919,124.0,0.0,0.0,349.56,A
May,28,19:00:00,0.9863,73.0,0.0,0.0,304.56,A
May,28,19:30:00,0.9649,57.0,0.0,0.0,354.81,A
May,28,20:00:00,0.9057,55.0,2.0,0.0364,336.98,A
May,28,20:30:00,0.8478,46.0,0.0,0.0,280.91,A
May,28,21:00:00,0.8857,36.0,1.0,0.0278,411.43,A
May,28,21:30:00,1.0,39.0,0.0,0.0,273.28,A
May,28,22:00:00,1.0,18.0,0.0,0.0,351.5,A
May,28,22:30:00,0.5455,16.0,5.0,0.3125,357.82,A
May,28,23:00:00,0.5,10.0,2.0,0.2,258.75,A
May,28,23:30:00,1.0,12.0,0.0,0.0,244.17,A
May,29,00:00:00,1.0,6.0,0.0,0.0,333.0,A
May,29,00:30:00,1.0,3.0,0.0,0.0,427.33,A
May,29,01:00:00,1.0,2.0,0.0,0.0,503.5,A
May,29,01:30:00,1.0,2.0,0.0,0.0,57.5,A
May,29,02:00:00,1.0,1.0,0.0,0.0,968.0,A
May,29,02:30:00,1.0,0.0,0.0,0.0,968.0,A
May,29,03:00:00,1.0,1.0,0.0,0.0,414.0,A
May,29,03:30:00,1.0,3.0,0.0,0.0,230.33,A
May,29,04:00:00,1.0,1.0,0.0,0.0,461.0,A
May,29,05:30:00,1.0,1.0,0.0,0.0,403.0,A
May,29,06:00:00,1.0,2.0,0.0,0.0,206.0,A
May,29,06:30:00,1.0,2.0,1.0,0.5,271.0,A
May,29,07:00:00,1.0,7.0,0.0,0.0,300.0,A
May,29,07:30:00,0.8571,14.0,0.0,0.0,283.57,A
May,29,08:00:00,0.9697,33.0,0.0,0.0,217.76,A
May,29,08:30:00,0.7143,83.0,6.0,0.0723,305.92,A
May,29,09:00:00,0.9841,127.0,1.0,0.0079,334.72,A
May,29,09:30:00,0.9766,128.0,0.0,0.0,318.71,A
May,29,10:00:00,0.9623,159.0,0.0,0.0,330.16,A
May,29,10:30:00,0.9895,192.0,1.0,0.0052,327.09,A
May,29,11:00:00,1.0,198.0,1.0,0.0051,329.85,A
May,29,11:30:00,0.9783,230.0,0.0,0.0,338.03,A
May,29,12:00:00,0.9951,203.0,0.0,0.0,329.73,A
May,29,12:30:00,0.9946,184.0,0.0,0.0,324.92,A
May,29,13:00:00,0.715,221.0,7.0,0.0317,341.71,A
May,29,13:30:00,0.9575,212.0,0.0,0.0,321.9,A
May,29,14:00:00,0.995,200.0,0.0,0.0,321.25,A
May,29,14:30:00,0.9902,205.0,0.0,0.0,341.05,A
May,29,15:00:00,0.9202,241.0,3.0,0.0124,365.39,A
May,29,15:30:00,0.9375,240.0,0.0,0.0,314.94,A
May,29,16:00:00,0.9946,184.0,0.0,0.0,309.88,A
May,29,16:30:00,0.995,201.0,1.0,0.005,333.73,A
May,29,17:00:00,1.0,183.0,0.0,0.0,314.42,A
May,29,17:30:00,0.987,156.0,2.0,0.0128,333.51,A
May,29,18:00:00,0.9925,134.0,0.0,0.0,329.12,A
May,29,18:30:00,0.9917,121.0,0.0,0.0,288.58,A
May,29,19:00:00,0.9848,66.0,0.0,0.0,294.18,A
May,29,19:30:00,0.9516,62.0,0.0,0.0,332.84,A
May,29,20:00:00,0.9592,49.0,0.0,0.0,305.14,A
May,29,20:30:00,0.9636,56.0,1.0,0.0179,285.15,A
May,29,21:00:00,0.9429,35.0,0.0,0.0,294.49,A
May,29,21:30:00,0.8889,39.0,3.0,0.0769,256.78,A
May,29,22:00:00,1.0,26.0,0.0,0.0,409.62,A
May,29,22:30:00,0.4444,18.0,9.0,0.5,381.56,A
May,29,23:00:00,0.0625,19.0,3.0,0.1579,440.25,A
May,29,23:30:00,0.6429,14.0,0.0,0.0,337.71,A
May,30,00:00:00,0.7,10.0,0.0,0.0,436.6,A
May,30,00:30:00,1.0,3.0,0.0,0.0,513.33,A
May,30,01:00:00,1.0,4.0,0.0,0.0,61.25,A
May,30,01:30:00,1.0,4.0,0.0,0.0,505.75,A
May,30,02:00:00,1.0,3.0,0.0,0.0,254.33,A
May,30,02:30:00,1.0,1.0,0.0,0.0,104.0,A
May,30,03:00:00,1.0,0.0,0.0,0.0,104.0,A
May,30,03:30:00,1.0,4.0,0.0,0.0,173.5,A
May,30,04:00:00,1.0,1.0,0.0,0.0,192.0,A
May,30,04:30:00,0.5,2.0,0.0,0.0,257.5,A
May,30,05:00:00,1.0,5.0,0.0,0.0,278.4,A
May,30,05:30:00,1.0,2.0,0.0,0.0,232.0,A
May,30,06:00:00,1.0,4.0,0.0,0.0,146.0,A
May,30,06:30:00,0.4,7.0,2.0,0.2857,234.0,A
May,30,07:00:00,0.1,12.0,2.0,0.1667,247.2,A
May,30,07:30:00,0.125,11.0,3.0,0.2727,250.75,A
May,30,08:00:00,0.8571,36.0,1.0,0.0278,299.97,A
May,30,08:30:00,0.9429,70.0,0.0,0.0,286.11,A
May,30,09:00:00,0.9748,119.0,0.0,0.0,339.48,A
May,30,09:30:00,0.9868,151.0,0.0,0.0,296.64,A
May,30,10:00:00,0.936,172.0,0.0,0.0,332.3,A
May,30,10:30:00,0.5572,208.0,7.0,0.0337,342.48,A
May,30,11:00:00,0.8554,243.0,1.0,0.0041,358.53,A
May,30,11:30:00,0.9758,248.0,0.0,0.0,351.32,A
May,30,12:00:00,0.9789,191.0,1.0,0.0052,317.12,A
May,30,12:30:00,0.8197,236.0,3.0,0.0127,314.67,A
May,30,13:00:00,0.9676,247.0,0.0,0.0,323.01,A
May,30,13:30:00,1.0,206.0,0.0,0.0,312.77,A
May,30,14:00:00,1.0,219.0,0.0,0.0,290.04,A
May,30,14:30:00,0.9867,225.0,0.0,0.0,315.88,A
May,30,15:00:00,0.9949,198.0,0.0,0.0,303.71,A
May,30,15:30:00,1.0,253.0,0.0,0.0,325.72,A
May,30,16:00:00,1.0,205.0,0.0,0.0,357.97,A
May,30,16:30:00,1.0,195.0,0.0,0.0,331.06,A
May,30,17:00:00,1.0,183.0,0.0,0.0,313.82,A
May,30,17:30:00,0.9804,153.0,0.0,0.0,296.12,A
May,30,18:00:00,0.9867,150.0,0.0,0.0,325.76,A
May,30,18:30:00,1.0,118.0,0.0,0.0,302.89,A
May,30,19:00:00,1.0,91.0,0.0,0.0,321.37,A
May,30,19:30:00,1.0,68.0,0.0,0.0,315.43,A
May,30,20:00:00,0.8929,57.0,1.0,0.0175,373.07,A
May,30,20:30:00,0.8571,37.0,2.0,0.0541,322.74,A
May,30,21:00:00,0.963,27.0,0.0,0.0,302.7,A
May,30,21:30:00,1.0,18.0,0.0,0.0,294.89,A
May,30,22:00:00,1.0,14.0,0.0,0.0,290.14,A
May,30,22:30:00,0.7857,15.0,1.0,0.0667,344.29,A
May,30,23:00:00,1.0,3.0,0.0,0.0,145.0,A
May,30,23:30:00,1.0,8.0,0.0,0.0,169.38,A
May,31,00:00:00,1.0,4.0,1.0,0.25,171.67,A
May,31,00:30:00,1.0,6.0,0.0,0.0,372.17,A
May,31,01:00:00,1.0,2.0,0.0,0.0,90.0,A
May,31,01:30:00,1.0,1.0,0.0,0.0,106.0,A
May,31,02:00:00,1.0,1.0,0.0,0.0,316.0,A
May,31,02:30:00,1.0,1.0,0.0,0.0,380.0,A
May,31,03:00:00,1.0,1.0,0.0,0.0,269.0,A
May,31,03:30:00,1.0,0.0,0.0,0.0,269.0,A
May,31,04:00:00,1.0,1.0,0.0,0.0,273.0,A
May,31,04:30:00,1.0,1.0,0.0,0.0,205.0,A
May,31,06:00:00,1.0,2.0,0.0,0.0,279.0,A
May,31,07:00:00,1.0,5.0,0.0,0.0,259.2,A
May,31,07:30:00,0.9167,13.0,1.0,0.0769,298.42,A
May,31,08:00:00,0.8889,27.0,0.0,0.0,308.37,A
May,31,08:30:00,0.9167,49.0,1.0,0.0204,321.06,A
May,31,09:00:00,0.9706,68.0,0.0,0.0,300.93,A
May,31,09:30:00,0.8939,70.0,4.0,0.0571,306.42,A
May,31,10:00:00,0.7407,109.0,1.0,0.0092,385.62,A
May,31,10:30:00,0.9514,145.0,1.0,0.0069,295.24,A
May,31,11:00:00,0.9241,145.0,0.0,0.0,287.48,A
May,31,11:30:00,0.9609,130.0,2.0,0.0154,274.13,A
May,31,12:00:00,1.0,126.0,1.0,0.0079,304.99,A
May,31,12:30:00,0.8291,162.0,4.0,0.0247,294.36,A
May,31,13:00:00,0.8727,167.0,2.0,0.012,312.9,A
May,31,13:30:00,0.9273,165.0,0.0,0.0,339.54,A
May,31,14:00:00,0.9355,157.0,2.0,0.0127,295.9,A
May,31,14:30:00,0.6159,169.0,5.0,0.0296,328.39,A
May,31,15:00:00,0.9597,151.0,2.0,0.0132,293.51,A
May,31,15:30:00,0.9383,162.0,0.0,0.0,293.04,A
May,31,16:00:00,0.9752,162.0,1.0,0.0062,325.32,A
May,31,16:30:00,0.9856,139.0,0.0,0.0,286.12,A
May,31,17:00:00,0.968,127.0,2.0,0.0157,324.13,A
May,31,17:30:00,0.9369,112.0,1.0,0.0089,269.33,A
May,31,18:00:00,0.9405,84.0,0.0,0.0,299.18,A
May,31,18:30:00,0.9891,92.0,0.0,0.0,343.61,A
May,31,19:00:00,0.9844,64.0,0.0,0.0,352.09,A
May,31,19:30:00,0.98,52.0,2.0,0.0385,289.3,A
May,31,20:00:00,0.6667,43.0,7.0,0.1628,273.39,A
May,31,20:30:00,0.6364,32.0,10.0,0.3125,277.27,A
May,31,21:00:00,0.6818,25.0,3.0,0.12,233.64,A
May,31,21:30:00,0.7333,15.0,0.0,0.0,281.8,A
May,31,22:00:00,1.0,8.0,0.0,0.0,153.88,A
May,31,22:30:00,1.0,8.0,0.0,0.0,290.75,A
May,31,23:00:00,0.5,6.0,0.0,0.0,437.5,A
May,31,23:30:00,1.0,5.0,0.0,0.0,319.0,A
June,1,00:30:00,0.0,2.0,1.0,0.5,181.0,A
June,1,01:00:00,0.0,3.0,1.0,0.3333,312.0,A
June,1,01:30:00,0.0,2.0,0.0,0.0,377.5,A
June,1,02:00:00,1.0,2.0,0.0,0.0,225.0,A
June,1,02:30:00,1.0,2.0,0.0,0.0,833.5,A
June,1,03:00:00,1.0,0.0,0.0,0.0,833.5,A
June,1,03:30:00,1.0,2.0,0.0,0.0,191.5,A
June,1,05:30:00,1.0,4.0,0.0,0.0,493.75,A
June,1,06:00:00,1.0,4.0,0.0,0.0,258.0,A
June,1,06:30:00,1.0,2.0,0.0,0.0,129.5,A
June,1,07:00:00,1.0,3.0,0.0,0.0,211.67,A
June,1,07:30:00,1.0,8.0,0.0,0.0,306.38,A
June,1,08:00:00,0.9333,15.0,0.0,0.0,207.8,A
June,1,08:30:00,1.0,13.0,0.0,0.0,284.77,A
June,1,09:00:00,1.0,20.0,0.0,0.0,242.3,A
June,1,09:30:00,1.0,28.0,1.0,0.0357,319.44,A
June,1,10:00:00,0.9565,23.0,0.0,0.0,217.48,A
June,1,10:30:00,0.9444,36.0,0.0,0.0,219.69,A
June,1,11:00:00,1.0,23.0,0.0,0.0,274.57,A
June,1,11:30:00,1.0,32.0,0.0,0.0,256.25,A
June,1,12:00:00,0.9032,66.0,4.0,0.0606,286.16,A
June,1,12:30:00,0.9483,59.0,1.0,0.0169,282.41,A
June,1,13:00:00,0.8154,68.0,3.0,0.0441,345.4,A
June,1,13:30:00,0.9494,79.0,0.0,0.0,283.06,A
June,1,14:00:00,0.9326,90.0,1.0,0.0111,282.64,A
June,1,14:30:00,0.9535,87.0,1.0,0.0115,289.1,A
June,1,15:00:00,1.0,69.0,0.0,0.0,275.49,A
June,1,15:30:00,0.9054,76.0,2.0,0.0263,256.45,A
June,1,16:00:00,0.8219,73.0,0.0,0.0,344.7,A
June,1,16:30:00,1.0,86.0,0.0,0.0,249.47,A
June,1,17:00:00,0.9844,64.0,0.0,0.0,259.47,A
June,1,17:30:00,1.0,73.0,1.0,0.0137,238.21,A
June,1,18:00:00,1.0,33.0,0.0,0.0,261.12,A
June,1,18:30:00,0.9722,37.0,1.0,0.027,280.83,A
June,1,19:00:00,1.0,24.0,0.0,0.0,270.5,A
June,1,19:30:00,0.9487,40.0,1.0,0.025,257.49,A
June,1,20:00:00,1.0,21.0,1.0,0.0476,243.05,A
June,1,20:30:00,0.3333,29.0,5.0,0.1724,319.13,A
June,1,21:00:00,0.1739,29.0,6.0,0.2069,270.87,A
June,1,21:30:00,0.8947,19.0,0.0,0.0,354.26,A
June,1,22:00:00,0.8571,28.0,0.0,0.0,321.64,A
June,1,22:30:00,0.4286,14.0,7.0,0.5,290.57,A
June,1,23:00:00,0.0,18.0,6.0,0.3333,377.42,A
June,1,23:30:00,0.5,6.0,0.0,0.0,376.67,A
June,2,00:00:00,1.0,7.0,0.0,0.0,321.71,A
June,2,00:30:00,1.0,1.0,0.0,0.0,148.0,A
June,2,01:00:00,1.0,1.0,0.0,0.0,647.0,A
June,2,01:30:00,1.0,1.0,0.0,0.0,198.0,A
June,2,02:00:00,1.0,2.0,0.0,0.0,394.5,A
June,2,02:30:00,1.0,2.0,0.0,0.0,120.5,A
June,2,03:00:00,1.0,1.0,0.0,0.0,38.0,A
June,2,03:30:00,1.0,1.0,0.0,0.0,237.0,A
June,2,04:00:00,1.0,1.0,0.0,0.0,130.0,A
June,2,04:30:00,1.0,3.0,0.0,0.0,128.33,A
June,2,05:00:00,1.0,0.0,0.0,0.0,128.33,A
June,2,05:30:00,1.0,6.0,0.0,0.0,283.5,A
June,2,06:00:00,1.0,7.0,0.0,0.0,327.29,A
June,2,06:30:00,0.6667,5.0,2.0,0.4,376.67,A
June,2,07:00:00,0.6364,11.0,0.0,0.0,287.45,A
June,2,07:30:00,1.0,20.0,0.0,0.0,230.25,A
June,2,08:00:00,0.9231,66.0,1.0,0.0152,278.2,A
June,2,08:30:00,0.8409,90.0,2.0,0.0222,313.56,A
June,2,09:00:00,0.9621,132.0,0.0,0.0,292.43,A
June,2,09:30:00,0.9577,189.0,0.0,0.0,326.37,A
June,2,10:00:00,0.9835,246.0,3.0,0.0122,312.16,A
June,2,10:30:00,0.9679,218.0,0.0,0.0,326.77,A
June,2,11:00:00,0.9959,243.0,0.0,0.0,331.74,A
June,2,11:30:00,0.9959,243.0,0.0,0.0,331.74,A
June,2,12:00:00,0.9959,243.0,0.0,0.0,331.74,A
June,2,12:30:00,0.9959,243.0,0.0,0.0,331.74,A
June,2,13:00:00,0.9959,243.0,0.0,0.0,331.74,A
June,2,13:30:00,0.9959,243.0,0.0,0.0,331.74,A
June,2,14:00:00,0.9959,243.0,0.0,0.0,331.74,A
June,2,14:30:00,0.9959,243.0,0.0,0.0,331.74,A
June,2,15:00:00,0.9959,243.0,0.0,0.0,331.74,A
June,2,15:30:00,0.9959,243.0,0.0,0.0,331.74,A
June,2,16:00:00,0.9959,243.0,0.0,0.0,331.74,A
June,2,16:30:00,0.9959,243.0,0.0,0.0,331.74,A
June,2,17:00:00,0.9959,243.0,0.0,0.0,331.74,A
June,2,17:30:00,0.9959,243.0,0.0,0.0,331.74,A
June,2,18:00:00,0.9959,243.0,0.0,0.0,331.74,A
June,2,18:30:00,0.9959,243.0,0.0,0.0,331.74,A
June,2,19:00:00,0.9959,243.0,0.0,0.0,331.74,A
June,2,19:30:00,0.9959,243.0,0.0,0.0,331.74,A
June,2,20:00:00,0.9959,243.0,0.0,0.0,331.74,A
June,2,20:30:00,0.9959,243.0,0.0,0.0,331.74,A
June,2,21:00:00,0.8824,52.0,1.0,0.0192,287.33,A
June,2,21:30:00,1.0,38.0,0.0,0.0,241.79,A
June,2,22:00:00,1.0,28.0,0.0,0.0,298.93,A
June,2,22:30:00,0.4118,22.0,5.0,0.2273,255.76,A
June,2,23:00:00,0.5556,18.0,0.0,0.0,356.44,A
June,2,23:30:00,1.0,12.0,0.0,0.0,221.08,A
June,3,00:00:00,1.0,8.0,0.0,0.0,196.88,A
June,3,00:30:00,1.0,4.0,0.0,0.0,309.25,A
June,3,01:00:00,1.0,1.0,0.0,0.0,213.0,A
June,3,01:30:00,1.0,4.0,0.0,0.0,365.75,A
June,3,02:00:00,1.0,1.0,0.0,0.0,233.0,A
June,3,02:30:00,1.0,1.0,0.0,0.0,158.0,A
June,3,03:00:00,1.0,1.0,0.0,0.0,703.0,A
June,3,04:00:00,1.0,2.0,0.0,0.0,381.0,A
June,3,04:30:00,1.0,1.0,0.0,0.0,64.0,A
June,3,05:00:00,1.0,2.0,0.0,0.0,227.5,A
June,3,05:30:00,1.0,5.0,0.0,0.0,293.0,A
June,3,06:00:00,1.0,2.0,0.0,0.0,280.5,A
June,3,06:30:00,0.6667,7.0,1.0,0.1429,193.67,A
June,3,07:00:00,0.8182,11.0,0.0,0.0,194.0,A
June,3,07:30:00,0.4286,21.0,0.0,0.0,370.81,A
June,3,08:00:00,0.8333,66.0,0.0,0.0,253.48,A
June,3,08:30:00,0.7471,91.0,4.0,0.044,339.46,A
June,3,09:00:00,0.9085,144.0,2.0,0.0139,345.03,A
June,3,09:30:00,0.9302,174.0,2.0,0.0115,298.47,A
June,3,10:00:00,0.9573,211.0,0.0,0.0,317.96,A
June,3,10:30:00,0.9914,233.0,1.0,0.0043,330.6,A
June,3,11:00:00,0.9956,226.0,0.0,0.0,303.82,A
June,3,11:30:00,0.9961,259.0,0.0,0.0,313.79,A
June,3,12:00:00,0.9917,240.0,0.0,0.0,332.07,A
June,3,12:30:00,0.9922,257.0,0.0,0.0,328.89,A
June,3,13:00:00,1.0,243.0,0.0,0.0,301.95,A
June,3,13:30:00,0.9876,243.0,1.0,0.0041,324.64,A
June,3,14:00:00,1.0,233.0,0.0,0.0,333.66,A
June,3,14:30:00,0.9892,278.0,0.0,0.0,324.83,A
June,3,15:00:00,1.0,225.0,0.0,0.0,337.56,A
June,3,15:30:00,1.0,222.0,0.0,0.0,321.69,A
June,3,16:00:00,0.9959,244.0,0.0,0.0,343.74,A
June,3,16:30:00,0.9867,225.0,0.0,0.0,332.78,A
June,3,17:00:00,0.9959,241.0,0.0,0.0,340.96,A
June,3,17:30:00,1.0,158.0,0.0,0.0,326.35,A
June,3,18:00:00,1.0,147.0,0.0,0.0,318.07,A
June,3,18:30:00,1.0,156.0,0.0,0.0,269.44,A
June,3,19:00:00,1.0,87.0,0.0,0.0,352.68,A
June,3,19:30:00,0.9722,73.0,1.0,0.0137,362.21,A
June,3,20:00:00,0.9259,57.0,3.0,0.0526,304.78,A
June,3,20:30:00,0.9434,54.0,1.0,0.0185,358.17,A
June,3,21:00:00,0.9231,40.0,1.0,0.025,366.59,A
June,3,21:30:00,0.8966,29.0,0.0,0.0,352.24,A
June,3,22:00:00,1.0,8.0,0.0,0.0,218.38,A
June,3,22:30:00,0.4,16.0,6.0,0.375,338.3,A
June,3,23:00:00,0.2857,7.0,0.0,0.0,297.57,A
June,3,23:30:00,0.8,5.0,0.0,0.0,433.0,A
June,4,00:00:00,1.0,4.0,0.0,0.0,193.0,A
June,4,00:30:00,1.0,4.0,0.0,0.0,514.75,A
June,4,01:00:00,1.0,2.0,0.0,0.0,243.5,A
June,4,01:30:00,1.0,1.0,0.0,0.0,318.0,A
June,4,02:00:00,1.0,1.0,0.0,0.0,526.0,A
June,4,02:30:00,1.0,2.0,0.0,0.0,230.5,A
June,4,03:00:00,1.0,2.0,0.0,0.0,558.0,A
June,4,03:30:00,1.0,1.0,0.0,0.0,387.0,A
June,4,04:00:00,1.0,1.0,0.0,0.0,910.0,A
June,4,05:00:00,1.0,1.0,0.0,0.0,219.0,A
June,4,05:30:00,1.0,1.0,0.0,0.0,594.0,A
June,4,06:00:00,1.0,5.0,0.0,0.0,333.8,A
June,4,06:30:00,0.5,5.0,1.0,0.2,510.75,A
June,4,07:00:00,0.1429,7.0,0.0,0.0,338.0,A
June,4,07:30:00,0.5833,13.0,1.0,0.0769,431.92,A
June,4,08:00:00,0.9268,41.0,0.0,0.0,287.71,A
June,4,08:30:00,0.7808,74.0,1.0,0.0135,358.62,A
June,4,09:00:00,0.9739,115.0,0.0,0.0,271.12,A
June,4,09:30:00,0.8903,156.0,1.0,0.0064,356.81,A
June,4,10:00:00,0.9852,203.0,0.0,0.0,314.63,A
June,4,10:30:00,0.9604,202.0,0.0,0.0,315.42,A
June,4,11:00:00,0.9954,217.0,0.0,0.0,331.97,A
June,4,11:30:00,1.0,236.0,0.0,0.0,292.13,A
June,4,12:00:00,0.988,252.0,2.0,0.0079,333.37,A
June,4,12:30:00,0.9919,247.0,0.0,0.0,338.82,A
June,4,13:00:00,1.0,238.0,0.0,0.0,341.39,A
June,4,13:30:00,1.0,206.0,0.0,0.0,340.28,A
June,4,14:00:00,1.0,251.0,2.0,0.008,306.87,A
June,4,14:30:00,0.9872,235.0,0.0,0.0,344.86,A
June,4,15:00:00,1.0,223.0,0.0,0.0,310.55,A
June,4,15:30:00,0.9913,231.0,0.0,0.0,349.85,A
June,4,16:00:00,1.0,198.0,0.0,0.0,287.69,A
June,4,16:30:00,1.0,224.0,0.0,0.0,328.47,A
June,4,17:00:00,1.0,189.0,0.0,0.0,329.85,A
June,4,17:30:00,0.927,180.0,2.0,0.0111,317.8,A
June,4,18:00:00,1.0,148.0,0.0,0.0,292.17,A
June,4,18:30:00,0.9927,137.0,0.0,0.0,287.81,A
June,4,19:00:00,1.0,77.0,0.0,0.0,332.94,A
June,4,19:30:00,0.9683,63.0,0.0,0.0,435.06,A
June,4,20:00:00,0.9038,52.0,0.0,0.0,289.42,A
June,4,20:30:00,0.8627,52.0,1.0,0.0192,275.96,A
June,4,21:00:00,0.9394,34.0,1.0,0.0294,284.3,A
June,4,21:30:00,1.0,29.0,0.0,0.0,220.45,A
June,4,22:00:00,1.0,21.0,0.0,0.0,464.9,A
June,4,22:30:00,0.3333,9.0,0.0,0.0,222.67,A
June,4,23:00:00,0.6923,13.0,0.0,0.0,426.38,A
June,4,23:30:00,1.0,8.0,0.0,0.0,179.75,A
June,5,00:00:00,1.0,6.0,0.0,0.0,312.17,A
June,5,00:30:00,1.0,2.0,0.0,0.0,252.0,A
June,5,01:00:00,1.0,5.0,0.0,0.0,269.0,A
June,5,01:30:00,1.0,1.0,0.0,0.0,458.0,A
June,5,02:00:00,1.0,3.0,0.0,0.0,108.67,A
June,5,04:00:00,1.0,1.0,0.0,0.0,173.0,A
June,5,05:00:00,1.0,1.0,0.0,0.0,452.0,A
June,5,06:00:00,1.0,2.0,0.0,0.0,160.5,A
June,5,06:30:00,0.25,5.0,1.0,0.2,470.75,A
June,5,07:00:00,0.6667,6.0,0.0,0.0,375.83,A
June,5,07:30:00,0.4118,20.0,3.0,0.15,354.65,A
June,5,08:00:00,0.9302,43.0,0.0,0.0,248.4,A
June,5,08:30:00,0.988,83.0,0.0,0.0,280.14,A
June,5,09:00:00,0.9802,101.0,0.0,0.0,318.33,A
June,5,09:30:00,0.9882,170.0,1.0,0.0059,312.64,A
June,5,10:00:00,0.9942,172.0,0.0,0.0,300.74,A
June,5,10:30:00,0.9851,201.0,0.0,0.0,313.37,A
June,5,11:00:00,1.0,228.0,0.0,0.0,300.64,A
June,5,11:30:00,0.979,238.0,0.0,0.0,327.21,A
June,5,12:00:00,0.9896,193.0,0.0,0.0,297.01,A
June,5,12:30:00,0.9381,226.0,0.0,0.0,315.7,A
June,5,13:00:00,0.9099,223.0,1.0,0.0045,315.05,A
June,5,13:30:00,0.9821,224.0,0.0,0.0,310.06,A
June,5,14:00:00,0.9956,228.0,0.0,0.0,362.2,A
June,5,14:30:00,0.9956,227.0,0.0,0.0,338.32,A
June,5,15:00:00,0.991,221.0,0.0,0.0,301.57,A
June,5,15:30:00,0.942,225.0,1.0,0.0044,340.77,A
June,5,16:00:00,0.8079,232.0,3.0,0.0129,305.6,A
June,5,16:30:00,0.9823,227.0,1.0,0.0044,326.69,A
June,5,17:00:00,0.9903,207.0,0.0,0.0,311.08,A
June,5,17:30:00,0.9825,171.0,0.0,0.0,306.71,A
June,5,18:00:00,0.9207,164.0,0.0,0.0,342.98,A
June,5,18:30:00,0.9806,155.0,0.0,0.0,321.41,A
June,5,19:00:00,1.0,88.0,0.0,0.0,323.84,A
June,5,19:30:00,0.9833,60.0,0.0,0.0,261.05,A
June,5,20:00:00,0.9273,55.0,0.0,0.0,286.82,A
June,5,20:30:00,0.8085,49.0,2.0,0.0408,370.83,A
June,5,21:00:00,0.78,54.0,4.0,0.0741,277.0,A
June,5,21:30:00,1.0,26.0,0.0,0.0,342.62,A
June,5,22:00:00,0.875,32.0,0.0,0.0,273.03,A
June,5,22:30:00,0.5909,26.0,4.0,0.1538,317.82,A
June,5,23:00:00,0.7143,9.0,2.0,0.2222,599.57,A
June,5,23:30:00,1.0,7.0,0.0,0.0,464.43,A
June,6,00:00:00,0.8,5.0,0.0,0.0,448.8,A
June,6,00:30:00,1.0,8.0,0.0,0.0,447.5,A
June,6,01:00:00,1.0,5.0,0.0,0.0,305.0,A
June,6,01:30:00,1.0,2.0,0.0,0.0,735.5,A
June,6,02:30:00,1.0,3.0,0.0,0.0,263.0,A
June,6,03:30:00,1.0,2.0,0.0,0.0,220.5,A
June,6,04:00:00,1.0,2.0,0.0,0.0,325.0,A
June,6,04:30:00,1.0,1.0,0.0,0.0,230.0,A
June,6,05:00:00,1.0,0.0,0.0,0.0,230.0,A
June,6,05:30:00,0.6,5.0,0.0,0.0,192.8,A
June,6,06:00:00,1.0,1.0,0.0,0.0,157.0,A
June,6,06:30:00,0.0,5.0,3.0,0.6,318.5,A
June,6,07:00:00,0.4,9.0,4.0,0.4444,322.0,A
June,6,07:30:00,0.2667,19.0,4.0,0.2105,298.93,A
June,6,08:00:00,0.8684,38.0,0.0,0.0,240.87,A
June,6,08:30:00,0.8861,79.0,0.0,0.0,347.61,A
June,6,09:00:00,1.0,108.0,0.0,0.0,323.31,A
June,6,09:30:00,0.9858,141.0,0.0,0.0,354.88,A
June,6,10:00:00,0.9934,151.0,0.0,0.0,325.39,A
June,6,10:30:00,0.9498,239.0,0.0,0.0,296.81,A
June,6,11:00:00,0.9848,197.0,0.0,0.0,298.29,A
June,6,11:30:00,1.0,179.0,0.0,0.0,349.15,A
June,6,12:00:00,0.8843,247.0,5.0,0.0202,337.23,A
June,6,12:30:00,0.8625,244.0,4.0,0.0164,342.9,A
June,6,13:00:00,0.9444,217.0,1.0,0.0046,338.46,A
June,6,13:30:00,0.9957,232.0,0.0,0.0,315.88,A
June,6,14:00:00,0.9949,197.0,0.0,0.0,342.01,A
June,6,14:30:00,0.996,248.0,1.0,0.004,331.49,A
June,6,15:00:00,1.0,261.0,1.0,0.0038,320.25,A
June,6,15:30:00,0.9867,226.0,0.0,0.0,322.08,A
June,6,16:00:00,1.0,212.0,0.0,0.0,319.57,A
June,6,16:30:00,0.9953,214.0,0.0,0.0,334.59,A
June,6,17:00:00,0.7681,211.0,4.0,0.019,337.95,A
June,6,17:30:00,0.9086,176.0,1.0,0.0057,314.45,A
June,6,18:00:00,0.9797,148.0,0.0,0.0,343.97,A
June,6,18:30:00,0.9921,127.0,0.0,0.0,353.0,A
June,6,19:00:00,1.0,80.0,0.0,0.0,349.4,A
June,6,19:30:00,1.0,46.0,0.0,0.0,292.28,A
June,6,20:00:00,1.0,39.0,0.0,0.0,366.36,A
June,6,20:30:00,0.8182,45.0,1.0,0.0222,296.77,A
June,6,21:00:00,0.7407,29.0,2.0,0.069,410.59,A
June,6,21:30:00,1.0,11.0,0.0,0.0,221.0,A
June,6,22:00:00,1.0,13.0,0.0,0.0,524.23,A
June,6,22:30:00,0.7273,14.0,3.0,0.2143,475.55,A
June,6,23:00:00,1.0,4.0,0.0,0.0,211.0,A
June,6,23:30:00,1.0,3.0,0.0,0.0,204.33,A
June,7,00:00:00,1.0,7.0,0.0,0.0,295.0,A
June,7,00:30:00,1.0,7.0,0.0,0.0,414.14,A
June,7,01:00:00,1.0,5.0,0.0,0.0,375.8,A
June,7,02:30:00,1.0,4.0,0.0,0.0,108.0,A
June,7,03:30:00,1.0,1.0,0.0,0.0,1500.0,A
June,7,05:00:00,1.0,1.0,0.0,0.0,806.0,A
June,7,05:30:00,1.0,1.0,0.0,0.0,280.0,A
June,7,06:00:00,1.0,1.0,0.0,0.0,247.0,A
June,7,06:30:00,1.0,3.0,0.0,0.0,287.33,A
June,7,07:00:00,0.6667,3.0,0.0,0.0,272.0,A
June,7,07:30:00,1.0,5.0,0.0,0.0,289.2,A
June,7,08:00:00,1.0,22.0,0.0,0.0,301.77,A
June,7,08:30:00,1.0,44.0,0.0,0.0,254.48,A
June,7,09:00:00,0.9857,70.0,0.0,0.0,273.13,A
June,7,09:30:00,1.0,84.0,0.0,0.0,250.24,A
June,7,10:00:00,0.9515,104.0,1.0,0.0096,315.23,A
June,7,10:30:00,0.972,107.0,0.0,0.0,275.27,A
June,7,11:00:00,0.7654,165.0,3.0,0.0182,344.84,A
June,7,11:30:00,0.9624,138.0,5.0,0.0362,285.71,A
June,7,12:00:00,0.5615,150.0,20.0,0.1333,323.22,A
June,7,12:30:00,0.5949,166.0,8.0,0.0482,313.01,A
June,7,13:00:00,0.7742,187.0,1.0,0.0053,317.25,A
June,7,13:30:00,0.9817,165.0,1.0,0.0061,325.11,A
June,7,14:00:00,0.9689,161.0,0.0,0.0,312.89,A
June,7,14:30:00,0.954,174.0,0.0,0.0,310.71,A
June,7,15:00:00,0.9702,168.0,0.0,0.0,324.63,A
June,7,15:30:00,0.9686,159.0,0.0,0.0,326.82,A
June,7,16:00:00,0.9375,176.0,0.0,0.0,346.52,A
June,7,16:30:00,1.0,136.0,0.0,0.0,277.25,A
June,7,17:00:00,0.9318,134.0,2.0,0.0149,309.29,A
June,7,17:30:00,0.9762,84.0,0.0,0.0,294.37,A
June,7,18:00:00,0.9291,127.0,0.0,0.0,263.13,A
June,7,18:30:00,0.9899,100.0,1.0,0.01,316.74,A
June,7,19:00:00,0.9683,63.0,0.0,0.0,313.13,A
June,7,19:30:00,0.8657,69.0,2.0,0.029,364.28,A
June,7,20:00:00,0.7708,49.0,1.0,0.0204,414.67,A
June,7,20:30:00,0.973,37.0,0.0,0.0,284.59,A
June,7,21:00:00,1.0,29.0,0.0,0.0,211.69,A
June,7,21:30:00,0.8235,17.0,0.0,0.0,277.47,A
June,7,22:00:00,1.0,14.0,0.0,0.0,459.86,A
June,7,22:30:00,1.0,5.0,0.0,0.0,221.4,A
June,7,23:00:00,0.5714,7.0,0.0,0.0,346.0,A
June,7,23:30:00,1.0,5.0,0.0,0.0,330.2,A
June,8,00:00:00,1.0,2.0,0.0,0.0,300.0,A
June,8,00:30:00,1.0,4.0,0.0,0.0,344.0,A
June,8,01:00:00,0.6667,3.0,0.0,0.0,639.67,A
June,8,01:30:00,1.0,1.0,0.0,0.0,252.0,A
June,8,02:30:00,1.0,1.0,0.0,0.0,616.0,A
June,8,03:00:00,1.0,2.0,0.0,0.0,353.0,A
June,8,03:30:00,1.0,1.0,0.0,0.0,547.0,A
June,8,04:30:00,1.0,1.0,0.0,0.0,590.0,A
June,8,06:30:00,1.0,1.0,0.0,0.0,451.0,A
June,8,07:00:00,1.0,3.0,0.0,0.0,229.0,A
June,8,07:30:00,1.0,8.0,2.0,0.25,275.83,A
June,8,08:00:00,0.9333,15.0,0.0,0.0,307.87,A
June,8,08:30:00,1.0,7.0,0.0,0.0,370.86,A
June,8,09:00:00,1.0,23.0,0.0,0.0,252.65,A
June,8,09:30:00,0.9444,18.0,0.0,0.0,365.67,A
June,8,10:00:00,1.0,22.0,0.0,0.0,394.23,A
June,8,10:30:00,1.0,36.0,0.0,0.0,250.11,A
June,8,11:00:00,1.0,24.0,1.0,0.0417,342.43,A
June,8,11:30:00,1.0,37.0,0.0,0.0,335.49,A
June,8,12:00:00,1.0,52.0,0.0,0.0,278.42,A
June,8,12:30:00,0.9091,59.0,4.0,0.0678,276.49,A
June,8,13:00:00,0.6806,74.0,2.0,0.027,344.85,A
June,8,13:30:00,0.8947,76.0,0.0,0.0,255.2,A
June,8,14:00:00,0.988,84.0,1.0,0.0119,304.89,A
June,8,14:30:00,0.9753,82.0,1.0,0.0122,257.42,A
June,8,15:00:00,1.0,70.0,1.0,0.0143,300.8,A
June,8,15:30:00,0.7955,91.0,3.0,0.033,293.5,A
June,8,16:00:00,0.9,110.0,0.0,0.0,280.32,A
June,8,16:30:00,0.988,83.0,0.0,0.0,305.0,A
June,8,17:00:00,1.0,72.0,0.0,0.0,278.5,A
June,8,17:30:00,0.9595,75.0,1.0,0.0133,265.61,A
June,8,18:00:00,0.7931,59.0,1.0,0.0169,335.31,A
June,8,18:30:00,0.9737,39.0,1.0,0.0256,215.24,A
June,8,19:00:00,0.9259,27.0,0.0,0.0,327.81,A
June,8,19:30:00,1.0,25.0,0.0,0.0,234.08,A
June,8,20:00:00,0.8387,31.0,0.0,0.0,342.06,A
June,8,20:30:00,0.9615,27.0,1.0,0.037,294.96,A
June,8,21:00:00,1.0,23.0,0.0,0.0,243.04,A
June,8,21:30:00,1.0,16.0,0.0,0.0,224.0,A
June,8,22:00:00,1.0,12.0,0.0,0.0,197.92,A
June,8,22:30:00,0.5,14.0,2.0,0.1429,291.0,A
June,8,23:00:00,0.7143,7.0,0.0,0.0,300.57,A
June,8,23:30:00,1.0,6.0,1.0,0.1667,287.6,A
June,9,00:00:00,1.0,4.0,0.0,0.0,176.5,A
June,9,00:30:00,1.0,1.0,0.0,0.0,378.0,A
June,9,01:30:00,1.0,1.0,0.0,0.0,164.0,A
June,9,02:00:00,1.0,1.0,0.0,0.0,594.0,A
June,9,02:30:00,1.0,2.0,0.0,0.0,492.0,A
June,9,03:00:00,1.0,1.0,0.0,0.0,154.0,A
June,9,04:30:00,1.0,0.0,0.0,0.0,154.0,A
June,9,05:00:00,1.0,2.0,0.0,0.0,442.0,A
June,9,05:30:00,1.0,1.0,0.0,0.0,133.0,A
June,9,06:00:00,1.0,1.0,0.0,0.0,175.0,A
June,9,06:30:00,0.5,2.0,0.0,0.0,166.5,A
June,9,07:00:00,0.8,5.0,0.0,0.0,288.2,A
June,9,07:30:00,0.9286,14.0,0.0,0.0,413.29,A
June,9,08:00:00,0.9444,36.0,0.0,0.0,320.72,A
June,9,08:30:00,0.8462,83.0,5.0,0.0602,372.85,A
June,9,09:00:00,0.8074,135.0,0.0,0.0,350.73,A
June,9,09:30:00,0.9325,165.0,2.0,0.0121,300.04,A
June,9,10:00:00,0.9704,203.0,0.0,0.0,342.22,A
June,9,10:30:00,0.9835,242.0,0.0,0.0,319.34,A
June,9,11:00:00,0.9956,226.0,0.0,0.0,322.62,A
June,9,11:30:00,1.0,240.0,0.0,0.0,326.13,A
June,9,12:00:00,0.9869,229.0,0.0,0.0,309.34,A
June,9,12:30:00,1.0,225.0,0.0,0.0,351.84,A
June,9,13:00:00,0.9865,222.0,0.0,0.0,359.45,A
June,9,13:30:00,1.0,235.0,1.0,0.0043,286.97,A
June,9,14:00:00,0.9922,257.0,0.0,0.0,341.43,A
June,9,14:30:00,0.9884,258.0,0.0,0.0,366.79,A
June,9,15:00:00,0.9958,238.0,0.0,0.0,300.23,A
June,9,15:30:00,0.9447,237.0,2.0,0.0084,337.87,A
June,9,16:00:00,0.9928,277.0,0.0,0.0,384.32,A
June,9,16:30:00,1.0,252.0,0.0,0.0,323.26,A
June,9,17:00:00,0.9741,232.0,0.0,0.0,336.0,A
June,9,17:30:00,1.0,179.0,1.0,0.0056,290.63,A
June,9,18:00:00,1.0,150.0,0.0,0.0,305.97,A
June,9,18:30:00,1.0,159.0,1.0,0.0063,348.68,A
June,9,19:00:00,0.9604,101.0,0.0,0.0,324.61,A
June,9,19:30:00,0.8701,81.0,4.0,0.0494,329.14,A
June,9,20:00:00,0.9365,64.0,1.0,0.0156,314.75,A
June,9,20:30:00,0.8182,46.0,2.0,0.0435,344.05,A
June,9,21:00:00,1.0,29.0,1.0,0.0345,316.71,A
June,9,21:30:00,1.0,27.0,0.0,0.0,243.59,A
June,9,22:00:00,1.0,16.0,0.0,0.0,335.06,A
June,9,22:30:00,0.375,10.0,2.0,0.2,213.88,A
June,9,23:00:00,0.75,8.0,0.0,0.0,536.88,A
June,9,23:30:00,0.9,10.0,0.0,0.0,258.4,A
June,10,00:00:00,0.6667,6.0,0.0,0.0,438.0,A
June,10,00:30:00,1.0,5.0,0.0,0.0,315.2,A
June,10,01:00:00,1.0,1.0,0.0,0.0,977.0,A
June,10,01:30:00,1.0,1.0,0.0,0.0,271.0,A
June,10,02:00:00,1.0,2.0,0.0,0.0,668.0,A
June,10,02:30:00,1.0,5.0,0.0,0.0,243.6,A
June,10,03:00:00,1.0,2.0,0.0,0.0,249.5,A
June,10,03:30:00,1.0,1.0,0.0,0.0,116.0,A
June,10,04:00:00,1.0,1.0,0.0,0.0,347.0,A
June,10,05:30:00,1.0,0.0,0.0,0.0,347.0,A
June,10,06:00:00,1.0,3.0,0.0,0.0,596.0,A
June,10,06:30:00,1.0,3.0,0.0,0.0,158.33,A
June,10,07:00:00,0.6,10.0,0.0,0.0,284.6,A
June,10,07:30:00,0.75,16.0,0.0,0.0,262.75,A
June,10,08:00:00,0.814,45.0,2.0,0.0444,301.35,A
June,10,08:30:00,0.8966,59.0,1.0,0.0169,280.07,A
June,10,09:00:00,0.8991,112.0,3.0,0.0268,340.06,A
June,10,09:30:00,0.9597,149.0,0.0,0.0,309.03,A
June,10,10:00:00,0.8462,172.0,3.0,0.0174,342.96,A
June,10,10:30:00,0.9293,200.0,2.0,0.01,312.81,A
June,10,11:00:00,0.8295,221.0,4.0,0.0181,367.92,A
June,10,11:30:00,0.9178,219.0,0.0,0.0,371.97,A
June,10,12:00:00,0.9565,207.0,0.0,0.0,325.49,A
June,10,12:30:00,0.6368,231.0,8.0,0.0346,321.06,A
June,10,13:00:00,0.8303,219.0,1.0,0.0046,334.21,A
June,10,13:30:00,0.9956,225.0,0.0,0.0,372.89,A
June,10,14:00:00,0.9913,229.0,0.0,0.0,314.75,A
June,10,14:30:00,0.991,222.0,0.0,0.0,331.95,A
June,10,15:00:00,1.0,234.0,0.0,0.0,347.0,A
June,10,15:30:00,0.9313,233.0,0.0,0.0,333.79,A
June,10,16:00:00,1.0,236.0,0.0,0.0,344.22,A
June,10,16:30:00,0.9903,206.0,0.0,0.0,321.52,A
June,10,17:00:00,0.9948,194.0,0.0,0.0,363.86,A
June,10,17:30:00,1.0,158.0,0.0,0.0,288.48,A
June,10,18:00:00,0.994,166.0,0.0,0.0,381.42,A
June,10,18:30:00,0.9848,132.0,0.0,0.0,328.99,A
June,10,19:00:00,1.0,87.0,0.0,0.0,330.38,A
June,10,19:30:00,1.0,51.0,0.0,0.0,364.1,A
June,10,20:00:00,0.9535,44.0,1.0,0.0227,311.84,A
June,10,20:30:00,0.9231,41.0,2.0,0.0488,313.9,A
June,10,21:00:00,0.7778,31.0,4.0,0.129,264.81,A
June,10,21:30:00,0.7105,39.0,1.0,0.0256,301.03,A
June,10,22:00:00,1.0,11.0,0.0,0.0,342.27,A
June,10,22:30:00,0.5,10.0,2.0,0.2,300.5,A
June,10,23:00:00,0.5556,10.0,1.0,0.1,285.11,A
June,10,23:30:00,0.75,8.0,0.0,0.0,302.38,A
June,11,00:00:00,1.0,4.0,0.0,0.0,278.5,A
June,11,00:30:00,1.0,1.0,0.0,0.0,97.0,A
June,11,01:00:00,1.0,2.0,0.0,0.0,1105.0,A
June,11,01:30:00,1.0,2.0,0.0,0.0,355.5,A
June,11,02:00:00,1.0,1.0,0.0,0.0,997.0,A
June,11,02:30:00,1.0,4.0,0.0,0.0,299.5,A
June,11,03:00:00,1.0,2.0,0.0,0.0,183.5,A
June,11,03:30:00,1.0,3.0,0.0,0.0,190.0,A
June,11,04:30:00,1.0,2.0,0.0,0.0,119.0,A
June,11,05:00:00,1.0,1.0,0.0,0.0,286.0,A
June,11,05:30:00,1.0,1.0,0.0,0.0,375.0,A
June,11,06:00:00,0.75,4.0,0.0,0.0,227.5,A
June,11,06:30:00,0.75,5.0,1.0,0.2,246.75,A
June,11,07:00:00,0.0625,17.0,1.0,0.0588,392.25,A
June,11,07:30:00,0.8125,16.0,0.0,0.0,246.44,A
June,11,08:00:00,0.8727,56.0,1.0,0.0179,260.98,A
June,11,08:30:00,0.875,88.0,0.0,0.0,284.59,A
June,11,09:00:00,0.8595,124.0,3.0,0.0242,338.67,A
June,11,09:30:00,0.9206,126.0,0.0,0.0,314.48,A
June,11,10:00:00,0.9371,176.0,1.0,0.0057,295.46,A
June,11,10:30:00,0.945,201.0,1.0,0.005,327.24,A
June,11,11:00:00,0.9493,217.0,0.0,0.0,293.88,A
June,11,11:30:00,0.76,229.0,4.0,0.0175,329.6,A
June,11,12:00:00,0.7257,226.0,0.0,0.0,326.32,A
June,11,12:30:00,0.9591,220.0,0.0,0.0,307.6,A
June,11,13:00:00,0.7763,237.0,9.0,0.038,306.03,A
June,11,13:30:00,0.9683,221.0,0.0,0.0,309.59,A
June,11,14:00:00,0.9773,220.0,0.0,0.0,307.65,A
June,11,14:30:00,0.8879,223.0,0.0,0.0,329.18,A
June,11,15:00:00,0.6425,227.0,6.0,0.0264,312.98,A
June,11,15:30:00,0.9583,240.0,0.0,0.0,337.07,A
June,11,16:00:00,1.0,212.0,1.0,0.0047,321.57,A
June,11,16:30:00,1.0,196.0,0.0,0.0,284.51,A
June,11,17:00:00,0.9949,195.0,0.0,0.0,331.46,A
June,11,17:30:00,1.0,163.0,0.0,0.0,314.2,A
June,11,18:00:00,0.9864,147.0,0.0,0.0,286.38,A
June,11,18:30:00,0.9764,128.0,1.0,0.0078,335.07,A
June,11,19:00:00,0.9902,102.0,0.0,0.0,327.54,A
June,11,19:30:00,1.0,61.0,0.0,0.0,331.13,A
June,11,20:00:00,1.0,48.0,1.0,0.0208,272.51,A
June,11,20:30:00,0.9286,43.0,1.0,0.0233,380.19,A
June,11,21:00:00,1.0,25.0,1.0,0.04,265.33,A
June,11,21:30:00,1.0,32.0,0.0,0.0,232.81,A
June,11,22:00:00,1.0,18.0,0.0,0.0,305.61,A
June,11,22:30:00,0.5,23.0,3.0,0.1304,296.5,A
June,11,23:00:00,0.2778,21.0,3.0,0.1429,328.0,A
June,11,23:30:00,0.3846,13.0,0.0,0.0,379.46,A
June,12,00:00:00,0.7143,7.0,0.0,0.0,529.14,A
June,12,00:30:00,1.0,6.0,0.0,0.0,375.0,A
June,12,01:00:00,1.0,3.0,0.0,0.0,1419.67,A
June,12,01:30:00,1.0,2.0,0.0,0.0,372.0,A
June,12,02:00:00,1.0,2.0,0.0,0.0,161.0,A
June,12,02:30:00,1.0,2.0,0.0,0.0,269.0,A
June,12,03:00:00,1.0,3.0,0.0,0.0,618.67,A
June,12,03:30:00,1.0,2.0,0.0,0.0,563.5,A
June,12,04:00:00,1.0,2.0,0.0,0.0,414.5,A
June,12,04:30:00,1.0,0.0,0.0,0.0,414.5,A
June,12,05:00:00,1.0,1.0,0.0,0.0,45.0,A
June,12,05:30:00,1.0,3.0,0.0,0.0,629.67,A
June,12,06:00:00,1.0,3.0,0.0,0.0,315.0,A
June,12,06:30:00,0.75,6.0,2.0,0.3333,310.25,A
June,12,07:00:00,0.0,7.0,2.0,0.2857,249.8,A
June,12,07:30:00,0.2308,15.0,2.0,0.1333,320.0,A
June,12,08:00:00,0.74,51.0,1.0,0.0196,318.06,A
June,12,08:30:00,0.7639,74.0,2.0,0.027,323.53,A
June,12,09:00:00,0.9913,115.0,0.0,0.0,296.37,A
June,12,09:30:00,0.937,127.0,0.0,0.0,328.6,A
June,12,10:00:00,0.9586,169.0,0.0,0.0,269.37,A
June,12,10:30:00,0.9939,165.0,0.0,0.0,330.27,A
June,12,11:00:00,0.9725,182.0,0.0,0.0,310.05,A
June,12,11:30:00,0.9794,194.0,0.0,0.0,308.54,A
June,12,12:00:00,0.9816,217.0,0.0,0.0,299.31,A
June,12,12:30:00,1.0,196.0,0.0,0.0,287.64,A
June,12,13:00:00,1.0,187.0,0.0,0.0,290.64,A
June,12,13:30:00,0.9887,177.0,0.0,0.0,340.49,A
June,12,14:00:00,0.9808,209.0,1.0,0.0048,324.86,A
June,12,14:30:00,0.9602,201.0,0.0,0.0,353.45,A
June,12,15:00:00,0.97,233.0,0.0,0.0,302.32,A
June,12,15:30:00,0.95,203.0,3.0,0.0148,307.8,A
June,12,16:00:00,1.0,167.0,0.0,0.0,336.08,A
June,12,16:30:00,1.0,197.0,0.0,0.0,336.06,A
June,12,17:00:00,1.0,168.0,0.0,0.0,320.47,A
June,12,17:30:00,1.0,150.0,0.0,0.0,322.29,A
June,12,18:00:00,1.0,129.0,0.0,0.0,362.36,A
June,12,18:30:00,0.99,100.0,0.0,0.0,304.06,A
June,12,19:00:00,1.0,75.0,0.0,0.0,320.48,A
June,12,19:30:00,0.9836,61.0,0.0,0.0,273.82,A
June,12,20:00:00,0.9118,34.0,0.0,0.0,292.94,A
June,12,20:30:00,1.0,37.0,0.0,0.0,239.78,A
June,12,21:00:00,0.9118,35.0,1.0,0.0286,306.12,A
June,12,21:30:00,1.0,17.0,0.0,0.0,332.35,A
June,12,22:00:00,1.0,17.0,0.0,0.0,246.94,A
June,12,22:30:00,0.6,11.0,1.0,0.0909,195.1,A
June,12,23:00:00,0.3636,11.0,0.0,0.0,483.27,A
June,12,23:30:00,0.4,6.0,1.0,0.1667,416.4,A
June,13,00:00:00,1.0,5.0,0.0,0.0,236.4,A
June,13,00:30:00,1.0,4.0,0.0,0.0,178.5,A
June,13,01:00:00,1.0,2.0,0.0,0.0,405.5,A
June,13,02:00:00,1.0,2.0,0.0,0.0,194.0,A
June,13,02:30:00,1.0,1.0,0.0,0.0,739.0,A
June,13,03:00:00,1.0,1.0,0.0,0.0,202.0,A
June,13,03:30:00,1.0,1.0,0.0,0.0,208.0,A
June,13,04:00:00,1.0,1.0,0.0,0.0,915.0,A
June,13,05:00:00,1.0,3.0,0.0,0.0,339.33,A
June,13,05:30:00,1.0,2.0,0.0,0.0,1227.5,A
June,13,06:00:00,0.6667,3.0,0.0,0.0,625.67,A
June,13,06:30:00,1.0,1.0,0.0,0.0,296.0,A
June,13,07:00:00,0.2857,7.0,0.0,0.0,292.14,A
June,13,07:30:00,0.0,8.0,0.0,0.0,524.0,A
June,13,08:00:00,0.9032,31.0,0.0,0.0,304.06,A
June,13,08:30:00,0.9583,72.0,0.0,0.0,305.78,A
June,13,09:00:00,0.9615,104.0,0.0,0.0,286.48,A
June,13,09:30:00,0.7576,135.0,3.0,0.0222,339.68,A
June,13,10:00:00,0.9257,148.0,0.0,0.0,314.17,A
June,13,10:30:00,0.9845,194.0,0.0,0.0,339.22,A
June,13,11:00:00,0.9885,174.0,0.0,0.0,338.82,A
June,13,11:30:00,1.0,222.0,0.0,0.0,334.45,A
June,13,12:00:00,1.0,208.0,0.0,0.0,324.13,A
June,13,12:30:00,0.9351,188.0,3.0,0.016,318.59,A
June,13,13:00:00,0.9211,190.0,0.0,0.0,343.83,A
June,13,13:30:00,0.9779,226.0,0.0,0.0,320.1,A
June,13,14:00:00,0.9871,232.0,0.0,0.0,354.24,A
June,13,14:30:00,0.9907,215.0,0.0,0.0,361.74,A
June,13,15:00:00,0.9459,223.0,1.0,0.0045,299.6,A
June,13,15:30:00,1.0,207.0,0.0,0.0,285.65,A
June,13,16:00:00,0.9777,224.0,0.0,0.0,340.22,A
June,13,16:30:00,1.0,185.0,0.0,0.0,309.01,A
June,13,17:00:00,0.9508,183.0,0.0,0.0,295.62,A
June,13,17:30:00,0.9195,151.0,2.0,0.0132,347.77,A
June,13,18:00:00,1.0,119.0,1.0,0.0084,340.16,A
June,13,18:30:00,1.0,119.0,1.0,0.0084,326.43,A
June,13,19:00:00,1.0,62.0,0.0,0.0,337.55,A
June,13,19:30:00,1.0,66.0,0.0,0.0,372.92,A
June,13,20:00:00,0.9783,46.0,0.0,0.0,336.13,A
June,13,20:30:00,0.8966,30.0,1.0,0.0333,251.07,A
June,13,21:00:00,0.9444,18.0,0.0,0.0,241.28,A
June,13,21:30:00,1.0,20.0,0.0,0.0,374.05,A
June,13,22:00:00,1.0,17.0,0.0,0.0,384.94,A
June,13,22:30:00,0.6875,17.0,1.0,0.0588,286.31,A
June,13,23:00:00,0.7692,15.0,2.0,0.1333,345.85,A
June,13,23:30:00,1.0,8.0,0.0,0.0,256.63,A
June,14,00:00:00,1.0,2.0,0.0,0.0,293.0,A
June,14,00:30:00,1.0,4.0,0.0,0.0,287.75,A
June,14,01:30:00,1.0,1.0,0.0,0.0,50.0,A
June,14,02:00:00,1.0,1.0,0.0,0.0,107.0,A
June,14,02:30:00,1.0,2.0,0.0,0.0,119.5,A
June,14,03:30:00,1.0,1.0,0.0,0.0,169.0,A
June,14,06:00:00,1.0,5.0,1.0,0.2,246.5,A
June,14,06:30:00,0.0,3.0,1.0,0.3333,230.0,A
June,14,07:00:00,0.3333,4.0,1.0,0.25,420.33,A
June,14,07:30:00,1.0,6.0,0.0,0.0,248.67,A
June,14,08:00:00,1.0,32.0,1.0,0.0313,214.06,A
June,14,08:30:00,0.9318,44.0,0.0,0.0,306.34,A
June,14,09:00:00,0.9667,60.0,0.0,0.0,302.62,A
June,14,09:30:00,1.0,71.0,0.0,0.0,252.96,A
June,14,10:00:00,0.9714,105.0,0.0,0.0,287.43,A
June,14,10:30:00,0.9916,119.0,0.0,0.0,347.55,A
June,14,11:00:00,1.0,137.0,0.0,0.0,305.34,A
June,14,11:30:00,0.9343,138.0,1.0,0.0072,328.23,A
June,14,12:00:00,0.9608,156.0,3.0,0.0192,282.61,A
June,14,12:30:00,0.4527,164.0,16.0,0.0976,297.0,A
June,14,13:00:00,0.8303,167.0,2.0,0.012,307.85,A
June,14,13:30:00,0.9438,178.0,0.0,0.0,312.89,A
June,14,14:00:00,0.9247,148.0,2.0,0.0135,348.14,A
June,14,14:30:00,0.8271,143.0,10.0,0.0699,299.44,A
June,14,15:00:00,0.7674,133.0,4.0,0.0301,316.67,A
June,14,15:30:00,0.7338,142.0,3.0,0.0211,327.81,A
June,14,16:00:00,0.84,150.0,0.0,0.0,357.07,A
June,14,16:30:00,0.9528,127.0,0.0,0.0,300.46,A
June,14,17:00:00,0.8976,129.0,2.0,0.0155,291.72,A
June,14,17:30:00,0.7547,107.0,1.0,0.0093,371.81,A
June,14,18:00:00,0.93,100.0,0.0,0.0,300.0,A
June,14,18:30:00,0.9753,82.0,1.0,0.0122,405.35,A
June,14,19:00:00,0.8732,72.0,1.0,0.0139,286.48,A
June,14,19:30:00,1.0,47.0,1.0,0.0213,417.76,A
June,14,20:00:00,0.925,40.0,0.0,0.0,252.93,A
June,14,20:30:00,0.9474,40.0,2.0,0.05,243.71,A
June,14,21:00:00,0.875,24.0,0.0,0.0,317.54,A
June,14,21:30:00,1.0,18.0,0.0,0.0,226.28,A
June,14,22:00:00,0.9474,19.0,0.0,0.0,305.0,A
June,14,22:30:00,0.7,10.0,0.0,0.0,214.7,A
June,14,23:00:00,1.0,8.0,0.0,0.0,412.5,A
June,14,23:30:00,1.0,8.0,0.0,0.0,243.13,A
June,15,00:00:00,1.0,2.0,0.0,0.0,246.0,A
June,15,00:30:00,1.0,1.0,0.0,0.0,234.0,A
June,15,01:00:00,1.0,4.0,0.0,0.0,330.5,A
June,15,01:30:00,1.0,4.0,0.0,0.0,488.0,A
June,15,02:30:00,1.0,0.0,0.0,0.0,488.0,A
June,15,03:00:00,1.0,1.0,0.0,0.0,563.0,A
June,15,05:30:00,1.0,1.0,0.0,0.0,345.0,A
June,15,06:00:00,1.0,2.0,0.0,0.0,93.0,A
June,15,06:30:00,1.0,2.0,0.0,0.0,311.0,A
June,15,07:00:00,1.0,1.0,0.0,0.0,78.0,A
June,15,07:30:00,1.0,5.0,0.0,0.0,398.6,A
June,15,08:00:00,1.0,8.0,0.0,0.0,167.88,A
June,15,08:30:00,1.0,21.0,0.0,0.0,345.67,A
June,15,09:00:00,1.0,21.0,0.0,0.0,330.67,A
June,15,09:30:00,1.0,16.0,0.0,0.0,237.06,A
June,15,10:00:00,1.0,24.0,0.0,0.0,304.25,A
June,15,10:30:00,1.0,22.0,0.0,0.0,267.18,A
June,15,11:00:00,1.0,20.0,0.0,0.0,283.85,A
June,15,11:30:00,1.0,28.0,0.0,0.0,292.96,A
June,15,12:00:00,0.94,50.0,0.0,0.0,286.5,A
June,15,12:30:00,0.9773,44.0,0.0,0.0,312.89,A
June,15,13:00:00,0.9818,57.0,2.0,0.0351,367.16,A
June,15,13:30:00,0.9825,57.0,0.0,0.0,293.91,A
June,15,14:00:00,1.0,67.0,0.0,0.0,300.31,A
June,15,14:30:00,1.0,65.0,0.0,0.0,296.11,A
June,15,15:00:00,1.0,65.0,0.0,0.0,301.75,A
June,15,15:30:00,1.0,54.0,0.0,0.0,299.07,A
June,15,16:00:00,1.0,54.0,0.0,0.0,280.48,A
June,15,16:30:00,1.0,66.0,0.0,0.0,250.05,A
June,15,17:00:00,1.0,77.0,0.0,0.0,279.81,A
June,15,17:30:00,1.0,45.0,0.0,0.0,247.49,A
June,15,18:00:00,1.0,51.0,0.0,0.0,328.92,A
June,15,18:30:00,1.0,27.0,1.0,0.037,258.65,A
June,15,19:00:00,0.9474,19.0,0.0,0.0,198.79,A
June,15,19:30:00,1.0,20.0,0.0,0.0,235.05,A
June,15,20:00:00,0.9643,28.0,0.0,0.0,273.89,A
June,15,20:30:00,1.0,20.0,0.0,0.0,245.15,A
June,15,21:00:00,0.8667,15.0,0.0,0.0,290.87,A
June,15,21:30:00,0.8462,13.0,0.0,0.0,405.62,A
June,15,22:00:00,1.0,9.0,0.0,0.0,205.89,A
June,15,22:30:00,0.9,11.0,1.0,0.0909,182.9,A
June,15,23:00:00,1.0,6.0,0.0,0.0,411.67,A
June,15,23:30:00,1.0,8.0,0.0,0.0,265.88,A
June,16,00:00:00,1.0,5.0,0.0,0.0,452.8,A
June,16,00:30:00,1.0,4.0,0.0,0.0,518.75,A
June,16,01:00:00,1.0,3.0,0.0,0.0,196.67,A
June,16,01:30:00,1.0,1.0,0.0,0.0,500.0,A
June,16,03:00:00,1.0,1.0,0.0,0.0,260.0,A
June,16,05:30:00,1.0,3.0,0.0,0.0,240.0,A
June,16,06:00:00,1.0,1.0,0.0,0.0,94.0,A
June,16,06:30:00,0.5,2.0,0.0,0.0,194.5,A
June,16,07:00:00,1.0,4.0,0.0,0.0,154.5,A
June,16,07:30:00,1.0,11.0,0.0,0.0,428.55,A
June,16,08:00:00,1.0,41.0,1.0,0.0244,264.75,A
June,16,08:30:00,0.9014,71.0,0.0,0.0,304.04,A
June,16,09:00:00,0.9182,110.0,0.0,0.0,297.09,A
June,16,09:30:00,0.8683,169.0,2.0,0.0118,294.73,A
June,16,10:00:00,0.795,200.0,0.0,0.0,311.46,A
June,16,10:30:00,0.9945,182.0,0.0,0.0,306.99,A
June,16,11:00:00,0.9907,216.0,1.0,0.0046,287.18,A
June,16,11:30:00,0.9905,210.0,0.0,0.0,341.1,A
June,16,12:00:00,0.9907,214.0,0.0,0.0,326.09,A
June,16,12:30:00,0.9957,233.0,0.0,0.0,304.69,A
June,16,13:00:00,0.9964,281.0,0.0,0.0,305.87,A
June,16,13:30:00,1.0,218.0,0.0,0.0,350.86,A
June,16,14:00:00,0.9957,232.0,0.0,0.0,334.57,A
June,16,14:30:00,0.8943,265.0,0.0,0.0,329.03,A
June,16,15:00:00,0.9752,242.0,0.0,0.0,356.43,A
June,16,15:30:00,0.9959,245.0,1.0,0.0041,326.83,A
June,16,16:00:00,0.996,247.0,0.0,0.0,313.36,A
June,16,16:30:00,0.9956,227.0,0.0,0.0,317.45,A
June,16,17:00:00,0.99,202.0,1.0,0.005,324.21,A
June,16,17:30:00,0.99,202.0,1.0,0.005,324.21,A
June,16,18:00:00,0.99,202.0,1.0,0.005,324.21,A
June,16,18:30:00,0.99,202.0,1.0,0.005,324.21,A
June,16,19:00:00,0.99,202.0,1.0,0.005,324.21,A
June,16,19:30:00,0.99,202.0,1.0,0.005,324.21,A
June,16,20:00:00,0.9615,54.0,2.0,0.037,364.46,A
June,16,20:30:00,0.9143,38.0,3.0,0.0789,293.46,A
June,16,21:00:00,1.0,31.0,1.0,0.0323,328.6,A
June,16,21:30:00,1.0,22.0,0.0,0.0,456.41,A
June,16,22:00:00,1.0,19.0,0.0,0.0,341.63,A
June,16,22:30:00,0.5,11.0,1.0,0.0909,358.8,A
June,16,23:00:00,0.5,19.0,1.0,0.0526,385.44,A
June,16,23:30:00,1.0,12.0,0.0,0.0,247.42,A
June,17,00:00:00,1.0,5.0,0.0,0.0,412.8,A
June,17,00:30:00,1.0,3.0,0.0,0.0,106.33,A
June,17,01:00:00,1.0,1.0,0.0,0.0,310.0,A
June,17,01:30:00,1.0,0.0,0.0,0.0,310.0,A
June,17,02:00:00,1.0,3.0,0.0,0.0,668.33,A
June,17,02:30:00,1.0,1.0,0.0,0.0,256.0,A
June,17,03:00:00,1.0,1.0,0.0,0.0,169.0,A
June,17,06:00:00,1.0,1.0,0.0,0.0,420.0,A
June,17,06:30:00,0.8333,6.0,0.0,0.0,121.0,A
June,17,07:00:00,0.6667,10.0,1.0,0.1,231.56,A
June,17,07:30:00,0.6,16.0,1.0,0.0625,385.8,A
June,17,08:00:00,0.8667,45.0,0.0,0.0,248.93,A
June,17,08:30:00,0.9722,73.0,1.0,0.0137,304.35,A
June,17,09:00:00,0.9908,109.0,0.0,0.0,323.98,A
June,17,09:30:00,0.9865,148.0,0.0,0.0,313.2,A
June,17,10:00:00,0.9684,191.0,1.0,0.0052,309.71,A
June,17,10:30:00,1.0,182.0,0.0,0.0,298.1,A
June,17,11:00:00,1.0,220.0,0.0,0.0,328.48,A
June,17,11:30:00,1.0,209.0,0.0,0.0,320.54,A
June,17,12:00:00,1.0,212.0,0.0,0.0,283.4,A
June,17,12:30:00,0.9849,199.0,0.0,0.0,330.68,A
June,17,13:00:00,0.9952,209.0,0.0,0.0,315.84,A
June,17,13:30:00,1.0,188.0,0.0,0.0,342.94,A
June,17,14:00:00,0.9871,233.0,0.0,0.0,351.62,A
June,17,14:30:00,1.0,230.0,0.0,0.0,316.52,A
June,17,15:00:00,1.0,246.0,0.0,0.0,338.3,A
June,17,15:30:00,0.9844,256.0,0.0,0.0,337.56,A
June,17,16:00:00,0.9959,243.0,0.0,0.0,299.35,A
June,17,16:30:00,1.0,233.0,0.0,0.0,363.29,A
June,17,17:00:00,1.0,194.0,1.0,0.0052,318.51,A
June,17,17:30:00,0.995,200.0,0.0,0.0,309.04,A
June,17,18:00:00,0.9877,163.0,0.0,0.0,324.29,A
June,17,18:30:00,1.0,122.0,1.0,0.0082,316.4,A
June,17,19:00:00,1.0,86.0,0.0,0.0,359.45,A
June,17,19:30:00,1.0,68.0,0.0,0.0,279.93,A
June,17,20:00:00,0.8864,45.0,1.0,0.0222,341.68,A
June,17,20:30:00,0.8947,40.0,2.0,0.05,337.0,A
June,17,21:00:00,0.9643,29.0,1.0,0.0345,304.71,A
June,17,21:30:00,1.0,25.0,0.0,0.0,277.68,A
June,17,22:00:00,0.9444,18.0,0.0,0.0,285.44,A
June,17,22:30:00,0.875,8.0,0.0,0.0,401.75,A
June,17,23:00:00,1.0,8.0,1.0,0.125,291.0,A
June,17,23:30:00,1.0,7.0,0.0,0.0,285.0,A
June,18,00:00:00,1.0,7.0,0.0,0.0,562.14,A
June,18,00:30:00,1.0,1.0,0.0,0.0,147.0,A
June,18,01:00:00,1.0,2.0,0.0,0.0,419.0,A
June,18,01:30:00,1.0,1.0,0.0,0.0,57.0,A
June,18,02:00:00,1.0,1.0,0.0,0.0,962.0,A
June,18,03:00:00,1.0,1.0,0.0,0.0,146.0,A
June,18,03:30:00,1.0,1.0,0.0,0.0,706.0,A
June,18,04:00:00,1.0,0.0,0.0,0.0,706.0,A
June,18,04:30:00,1.0,1.0,0.0,0.0,311.0,A
June,18,05:30:00,1.0,2.0,0.0,0.0,141.0,A
June,18,06:00:00,1.0,3.0,0.0,0.0,230.33,A
June,18,06:30:00,0.6667,3.0,0.0,0.0,280.67,A
June,18,07:00:00,0.6,17.0,2.0,0.1176,276.0,A
June,18,07:30:00,0.6316,22.0,3.0,0.1364,332.63,A
June,18,08:00:00,0.8056,37.0,1.0,0.027,281.31,A
June,18,08:30:00,0.7975,79.0,0.0,0.0,320.3,A
June,18,09:00:00,0.9776,134.0,0.0,0.0,276.94,A
June,18,09:30:00,0.9313,161.0,1.0,0.0062,339.41,A
June,18,10:00:00,0.9937,159.0,0.0,0.0,316.29,A
June,18,10:30:00,1.0,191.0,0.0,0.0,295.74,A
June,18,11:00:00,0.995,203.0,1.0,0.0049,297.17,A
June,18,11:30:00,0.9951,204.0,0.0,0.0,343.64,A
June,18,12:00:00,0.9902,206.0,1.0,0.0049,342.36,A
June,18,12:30:00,0.9915,235.0,0.0,0.0,325.1,A
June,18,13:00:00,1.0,223.0,0.0,0.0,283.04,A
June,18,13:30:00,1.0,212.0,0.0,0.0,310.59,A
June,18,14:00:00,0.9953,214.0,0.0,0.0,330.67,A
June,18,14:30:00,1.0,216.0,0.0,0.0,304.33,A
June,18,15:00:00,1.0,192.0,0.0,0.0,288.23,A
June,18,15:30:00,1.0,202.0,1.0,0.005,330.42,A
June,18,16:00:00,0.9953,214.0,0.0,0.0,315.35,A
June,18,16:30:00,1.0,197.0,0.0,0.0,363.25,A
June,18,17:00:00,0.9892,186.0,1.0,0.0054,325.09,A
June,18,17:30:00,0.9882,169.0,0.0,0.0,368.64,A
June,18,18:00:00,0.9916,119.0,0.0,0.0,326.56,A
June,18,18:30:00,1.0,115.0,0.0,0.0,317.03,A
June,18,19:00:00,1.0,79.0,0.0,0.0,312.58,A
June,18,19:30:00,0.9375,64.0,0.0,0.0,267.66,A
June,18,20:00:00,0.9767,43.0,0.0,0.0,342.07,A
June,18,20:30:00,0.9722,37.0,1.0,0.027,325.78,A
June,18,21:00:00,1.0,29.0,0.0,0.0,219.48,A
June,18,21:30:00,1.0,31.0,0.0,0.0,260.19,A
June,18,22:00:00,1.0,24.0,0.0,0.0,292.46,A
June,18,22:30:00,0.8182,11.0,0.0,0.0,279.27,A
June,18,23:00:00,1.0,14.0,1.0,0.0714,335.38,A
June,18,23:30:00,0.5,10.0,0.0,0.0,320.6,A
June,19,00:00:00,1.0,5.0,0.0,0.0,401.2,A
June,19,01:00:00,1.0,1.0,0.0,0.0,537.0,A
June,19,01:30:00,1.0,2.0,0.0,0.0,238.0,A
June,19,02:00:00,1.0,3.0,0.0,0.0,314.67,A
June,19,02:30:00,1.0,2.0,0.0,0.0,332.0,A
June,19,03:00:00,1.0,1.0,0.0,0.0,631.0,A
June,19,03:30:00,1.0,2.0,0.0,0.0,319.5,A
June,19,04:00:00,1.0,1.0,0.0,0.0,317.0,A
June,19,04:30:00,1.0,1.0,0.0,0.0,605.0,A
June,19,05:30:00,1.0,1.0,0.0,0.0,200.0,A
June,19,06:00:00,1.0,3.0,0.0,0.0,349.33,A
June,19,06:30:00,0.4,5.0,0.0,0.0,228.4,A
June,19,07:00:00,1.0,9.0,0.0,0.0,628.89,A
June,19,07:30:00,0.6667,9.0,0.0,0.0,305.0,A
June,19,08:00:00,0.9459,37.0,0.0,0.0,293.08,A
June,19,08:30:00,1.0,58.0,0.0,0.0,310.16,A
June,19,09:00:00,1.0,87.0,0.0,0.0,341.18,A
June,19,09:30:00,0.9717,106.0,0.0,0.0,308.39,A
June,19,10:00:00,0.9928,139.0,1.0,0.0072,295.98,A
June,19,10:30:00,1.0,177.0,0.0,0.0,312.7,A
June,19,11:00:00,1.0,215.0,0.0,0.0,320.85,A
June,19,11:30:00,1.0,170.0,0.0,0.0,281.2,A
June,19,12:00:00,0.9888,178.0,0.0,0.0,316.7,A
June,19,12:30:00,1.0,208.0,1.0,0.0048,296.2,A
June,19,13:00:00,0.9953,214.0,0.0,0.0,288.31,A
June,19,13:30:00,1.0,185.0,0.0,0.0,316.28,A
June,19,14:00:00,1.0,187.0,0.0,0.0,320.95,A
June,19,14:30:00,0.991,224.0,1.0,0.0045,339.62,A
June,19,15:00:00,0.9951,204.0,0.0,0.0,326.04,A
June,19,15:30:00,1.0,189.0,0.0,0.0,337.38,A
June,19,16:00:00,1.0,173.0,0.0,0.0,329.74,A
June,19,16:30:00,1.0,170.0,0.0,0.0,300.09,A
June,19,17:00:00,1.0,185.0,0.0,0.0,290.76,A
June,19,17:30:00,0.9763,170.0,1.0,0.0059,352.31,A
June,19,18:00:00,0.9762,126.0,0.0,0.0,326.98,A
June,19,18:30:00,1.0,126.0,0.0,0.0,316.57,A
June,19,19:00:00,1.0,76.0,0.0,0.0,379.91,A
June,19,19:30:00,0.963,55.0,1.0,0.0182,263.39,A
June,19,20:00:00,0.9524,43.0,1.0,0.0233,361.55,A
June,19,20:30:00,0.9167,36.0,0.0,0.0,268.89,A
June,19,21:00:00,0.973,37.0,0.0,0.0,266.57,A
June,19,21:30:00,1.0,16.0,0.0,0.0,333.13,A
June,19,22:00:00,1.0,15.0,0.0,0.0,331.27,A
June,19,22:30:00,0.6842,19.0,0.0,0.0,260.84,A
June,19,23:00:00,0.9091,11.0,0.0,0.0,306.09,A
June,19,23:30:00,1.0,8.0,0.0,0.0,285.0,A
June,20,00:00:00,1.0,6.0,0.0,0.0,218.5,A
June,20,00:30:00,1.0,4.0,0.0,0.0,153.0,A
June,20,01:00:00,1.0,4.0,0.0,0.0,709.75,A
June,20,01:30:00,1.0,1.0,0.0,0.0,160.0,A
June,20,02:00:00,1.0,1.0,0.0,0.0,197.0,A
June,20,02:30:00,1.0,1.0,0.0,0.0,113.0,A
June,20,03:30:00,1.0,2.0,0.0,0.0,300.0,A
June,20,04:30:00,1.0,1.0,0.0,0.0,88.0,A
June,20,05:30:00,1.0,2.0,0.0,0.0,241.0,A
June,20,06:00:00,1.0,2.0,0.0,0.0,629.5,A
June,20,06:30:00,0.0,6.0,5.0,0.8333,777.0,A
June,20,07:00:00,0.0,12.0,10.0,0.8333,328.5,A
June,20,07:30:00,0.3333,21.0,18.0,0.8571,261.67,A
June,20,08:00:00,0.8209,71.0,4.0,0.0563,270.85,A
June,20,08:30:00,0.9438,89.0,0.0,0.0,309.45,A
June,20,09:00:00,0.9915,119.0,1.0,0.0084,270.5,A
June,20,09:30:00,0.9868,152.0,1.0,0.0066,298.86,A
June,20,10:00:00,1.0,142.0,1.0,0.007,301.31,A
June,20,10:30:00,0.9817,220.0,1.0,0.0045,318.4,A
June,20,11:00:00,1.0,207.0,0.0,0.0,335.9,A
June,20,11:30:00,0.9911,226.0,2.0,0.0088,324.85,A
June,20,12:00:00,0.9781,230.0,2.0,0.0087,307.67,A
June,20,12:30:00,0.9956,225.0,0.0,0.0,311.04,A
June,20,13:00:00,0.9755,205.0,1.0,0.0049,313.07,A
June,20,13:30:00,0.9871,232.0,0.0,0.0,344.25,A
June,20,14:00:00,0.9511,225.0,0.0,0.0,334.99,A
June,20,14:30:00,0.9518,251.0,2.0,0.008,310.86,A
June,20,15:00:00,0.9021,238.0,3.0,0.0126,327.28,A
June,20,15:30:00,0.9356,234.0,1.0,0.0043,352.96,A
June,20,16:00:00,0.9774,223.0,2.0,0.009,306.71,A
June,20,16:30:00,0.9909,221.0,1.0,0.0045,335.24,A
June,20,17:00:00,0.967,182.0,0.0,0.0,333.39,A
June,20,17:30:00,0.869,170.0,2.0,0.0118,314.36,A
June,20,18:00:00,0.9359,156.0,0.0,0.0,292.76,A
June,20,18:30:00,0.91,101.0,1.0,0.0099,367.71,A
June,20,19:00:00,0.9589,74.0,1.0,0.0135,365.19,A
June,20,19:30:00,0.9747,80.0,1.0,0.0125,301.06,A
June,20,20:00:00,0.8824,53.0,2.0,0.0377,412.71,A
June,20,20:30:00,0.7193,59.0,2.0,0.0339,310.74,A
June,20,21:00:00,0.6222,47.0,2.0,0.0426,270.44,A
June,20,21:30:00,0.9,30.0,0.0,0.0,356.33,A
June,20,22:00:00,0.9167,25.0,1.0,0.04,336.63,A
June,20,22:30:00,0.4,19.0,4.0,0.2105,391.67,A
June,20,23:00:00,0.875,9.0,1.0,0.1111,258.25,A
June,20,23:30:00,0.0,15.0,7.0,0.4667,345.63,A
June,21,00:00:00,0.7143,8.0,1.0,0.125,299.86,A
June,21,00:30:00,0.75,4.0,0.0,0.0,234.75,A
June,21,01:00:00,1.0,5.0,0.0,0.0,197.6,A
June,21,01:30:00,1.0,2.0,0.0,0.0,225.0,A
June,21,02:00:00,1.0,2.0,0.0,0.0,190.5,A
June,21,03:00:00,1.0,0.0,0.0,0.0,190.5,A
June,21,03:30:00,1.0,1.0,0.0,0.0,188.0,A
June,21,04:00:00,1.0,1.0,0.0,0.0,166.0,A
June,21,05:00:00,1.0,1.0,0.0,0.0,447.0,A
June,21,06:00:00,1.0,2.0,0.0,0.0,178.0,A
June,21,06:30:00,1.0,6.0,2.0,0.3333,206.25,A
June,21,07:00:00,0.3333,3.0,0.0,0.0,159.33,A
June,21,07:30:00,1.0,9.0,0.0,0.0,192.78,A
June,21,08:00:00,0.8947,39.0,1.0,0.0256,250.58,A
June,21,08:30:00,1.0,40.0,0.0,0.0,259.2,A
June,21,09:00:00,0.8986,71.0,2.0,0.0282,271.75,A
June,21,09:30:00,0.9639,84.0,1.0,0.0119,241.06,A
June,21,10:00:00,0.9583,97.0,1.0,0.0103,277.83,A
June,21,10:30:00,0.9561,114.0,0.0,0.0,284.62,A
June,21,11:00:00,0.938,130.0,1.0,0.0077,287.19,A
June,21,11:30:00,0.9699,135.0,2.0,0.0148,306.27,A
June,21,12:00:00,0.7914,167.0,4.0,0.024,273.88,A
June,21,12:30:00,0.6871,174.0,11.0,0.0632,323.06,A
June,21,13:00:00,0.953,151.0,2.0,0.0132,292.71,A
June,21,13:30:00,0.8929,169.0,1.0,0.0059,310.64,A
June,21,14:00:00,0.9549,136.0,3.0,0.0221,317.83,A
June,21,14:30:00,0.8808,154.0,3.0,0.0195,308.32,A
June,21,15:00:00,0.9367,158.0,0.0,0.0,272.52,A
June,21,15:30:00,0.9784,141.0,2.0,0.0142,291.96,A
June,21,16:00:00,0.9292,115.0,2.0,0.0174,340.3,A
June,21,16:30:00,0.9756,123.0,0.0,0.0,306.24,A
June,21,17:00:00,0.5447,129.0,6.0,0.0465,303.88,A
June,21,17:30:00,0.8614,104.0,3.0,0.0288,367.2,A
June,21,18:00:00,0.9674,92.0,0.0,0.0,344.24,A
June,21,18:30:00,0.9722,73.0,1.0,0.0137,292.53,A
June,21,19:00:00,1.0,62.0,0.0,0.0,277.74,A
June,21,19:30:00,0.7843,52.0,1.0,0.0192,381.29,A
June,21,20:00:00,1.0,33.0,0.0,0.0,289.12,A
June,21,20:30:00,1.0,28.0,0.0,0.0,273.32,A
June,21,21:00:00,0.95,20.0,0.0,0.0,341.55,A
June,21,21:30:00,0.7143,21.0,7.0,0.3333,298.64,A
June,21,22:00:00,0.8,22.0,2.0,0.0909,624.8,A
June,21,22:30:00,1.0,12.0,0.0,0.0,347.42,A
June,21,23:00:00,1.0,6.0,0.0,0.0,355.5,A
June,21,23:30:00,1.0,1.0,0.0,0.0,160.0,A
June,22,00:00:00,1.0,1.0,0.0,0.0,570.0,A
June,22,00:30:00,1.0,3.0,0.0,0.0,239.0,A
June,22,01:00:00,1.0,2.0,0.0,0.0,167.5,A
June,22,01:30:00,1.0,1.0,0.0,0.0,166.0,A
June,22,02:00:00,1.0,1.0,0.0,0.0,151.0,A
June,22,02:30:00,1.0,2.0,0.0,0.0,385.0,A
June,22,03:00:00,1.0,3.0,0.0,0.0,230.67,A
June,22,03:30:00,1.0,1.0,0.0,0.0,1317.0,A
June,22,04:00:00,1.0,1.0,0.0,0.0,313.0,A
June,22,05:30:00,1.0,1.0,0.0,0.0,29.0,A
June,22,06:00:00,1.0,5.0,0.0,0.0,346.0,A
June,22,06:30:00,1.0,0.0,0.0,0.0,346.0,A
June,22,07:00:00,1.0,4.0,0.0,0.0,467.5,A
June,22,07:30:00,0.8571,7.0,0.0,0.0,264.14,A
June,22,08:00:00,1.0,9.0,0.0,0.0,246.67,A
June,22,08:30:00,1.0,12.0,0.0,0.0,208.75,A
June,22,09:00:00,1.0,12.0,0.0,0.0,410.17,A
June,22,09:30:00,1.0,18.0,0.0,0.0,236.78,A
June,22,10:00:00,1.0,23.0,0.0,0.0,360.7,A
June,22,10:30:00,1.0,31.0,0.0,0.0,283.55,A
June,22,11:00:00,1.0,30.0,0.0,0.0,285.87,A
June,22,11:30:00,1.0,25.0,0.0,0.0,310.32,A
June,22,12:00:00,1.0,38.0,0.0,0.0,260.84,A
June,22,12:30:00,1.0,40.0,0.0,0.0,309.28,A
June,22,13:00:00,0.7703,78.0,4.0,0.0513,278.88,A
June,22,13:30:00,0.9524,65.0,2.0,0.0308,320.24,A
June,22,14:00:00,0.8608,80.0,1.0,0.0125,342.49,A
June,22,14:30:00,0.7738,87.0,3.0,0.0345,319.25,A
June,22,15:00:00,0.9844,64.0,0.0,0.0,292.28,A
June,22,15:30:00,0.9359,78.0,0.0,0.0,285.64,A
June,22,16:00:00,0.9825,57.0,0.0,0.0,299.37,A
June,22,16:30:00,0.9839,62.0,0.0,0.0,280.81,A
June,22,17:00:00,1.0,60.0,0.0,0.0,309.67,A
June,22,17:30:00,0.8833,61.0,1.0,0.0164,277.5,A
June,22,18:00:00,0.9487,39.0,0.0,0.0,311.72,A
June,22,18:30:00,1.0,28.0,0.0,0.0,237.82,A
June,22,19:00:00,1.0,38.0,0.0,0.0,293.32,A
June,22,19:30:00,0.7188,34.0,2.0,0.0588,369.25,A
June,22,20:00:00,0.9,20.0,0.0,0.0,310.4,A
June,22,20:30:00,1.0,15.0,0.0,0.0,390.73,A
June,22,21:00:00,1.0,12.0,1.0,0.0833,338.82,A
June,22,21:30:00,0.9412,17.0,0.0,0.0,366.59,A
June,22,22:00:00,1.0,6.0,0.0,0.0,284.83,A
June,22,22:30:00,1.0,10.0,1.0,0.1,208.67,A
June,22,23:00:00,1.0,2.0,0.0,0.0,244.5,A
June,22,23:30:00,0.5714,8.0,1.0,0.125,273.29,A
June,23,00:00:00,1.0,3.0,0.0,0.0,361.67,A
June,23,00:30:00,1.0,2.0,0.0,0.0,278.5,A
June,23,01:00:00,1.0,2.0,0.0,0.0,288.5,A
June,23,01:30:00,1.0,1.0,0.0,0.0,277.0,A
June,23,02:00:00,1.0,1.0,0.0,0.0,438.0,A
June,23,02:30:00,1.0,1.0,0.0,0.0,1095.0,A
June,23,05:30:00,1.0,2.0,1.0,0.5,1179.0,A
June,23,06:00:00,1.0,1.0,0.0,0.0,724.0,A
June,23,06:30:00,1.0,0.0,0.0,0.0,724.0,A
June,23,07:00:00,0.2857,7.0,0.0,0.0,289.29,A
June,23,07:30:00,0.6429,14.0,0.0,0.0,204.5,A
June,23,08:00:00,0.9756,41.0,0.0,0.0,284.37,A
June,23,08:30:00,1.0,78.0,0.0,0.0,322.95,A
June,23,09:00:00,0.96,126.0,1.0,0.0079,327.33,A
June,23,09:30:00,0.8981,159.0,2.0,0.0126,356.29,A
June,23,10:00:00,0.9517,208.0,1.0,0.0048,316.97,A
June,23,10:30:00,0.9769,218.0,2.0,0.0092,297.83,A
June,23,11:00:00,1.0,224.0,1.0,0.0045,320.74,A
June,23,11:30:00,0.9962,266.0,0.0,0.0,305.14,A
June,23,12:00:00,0.911,239.0,3.0,0.0126,320.55,A
June,23,12:30:00,0.9291,282.0,0.0,0.0,301.41,A
June,23,13:00:00,0.9812,267.0,1.0,0.0037,314.79,A
June,23,13:30:00,0.9924,264.0,0.0,0.0,284.78,A
June,23,14:00:00,0.9961,255.0,0.0,0.0,337.44,A
June,23,14:30:00,0.8554,251.0,2.0,0.008,324.82,A
June,23,15:00:00,0.9679,249.0,0.0,0.0,313.91,A
June,23,15:30:00,0.9314,280.0,3.0,0.0107,337.38,A
June,23,16:00:00,0.9913,231.0,0.0,0.0,317.02,A
June,23,16:30:00,0.9891,276.0,0.0,0.0,315.26,A
June,23,17:00:00,0.9762,211.0,1.0,0.0047,331.53,A
June,23,17:30:00,0.9455,203.0,1.0,0.0049,365.42,A
June,23,18:00:00,0.9497,160.0,1.0,0.0063,352.25,A
June,23,18:30:00,0.7746,178.0,5.0,0.0281,333.12,A
June,23,19:00:00,0.9912,114.0,0.0,0.0,279.9,A
June,23,19:30:00,1.0,76.0,2.0,0.0263,392.01,A
June,23,20:00:00,0.9492,59.0,0.0,0.0,354.86,A
June,23,20:30:00,0.7344,65.0,1.0,0.0154,364.38,A
June,23,21:00:00,0.9565,46.0,0.0,0.0,347.07,A
June,23,21:30:00,1.0,19.0,0.0,0.0,250.68,A
June,23,22:00:00,1.0,36.0,0.0,0.0,300.69,A
June,23,22:30:00,0.8824,18.0,1.0,0.0556,330.35,A
June,23,23:00:00,0.625,18.0,2.0,0.1111,306.94,A
June,23,23:30:00,0.9231,13.0,0.0,0.0,299.38,A
June,24,00:00:00,1.0,6.0,0.0,0.0,199.5,A
June,24,00:30:00,1.0,1.0,0.0,0.0,123.0,A
June,24,01:00:00,1.0,1.0,0.0,0.0,76.0,A
June,24,01:30:00,1.0,2.0,1.0,0.5,133.0,A
June,24,02:30:00,1.0,1.0,0.0,0.0,313.0,A
June,24,03:00:00,1.0,2.0,0.0,0.0,1285.0,A
June,24,03:30:00,1.0,1.0,1.0,1.0,1285.0,A
June,24,04:30:00,1.0,0.0,0.0,1.0,1285.0,A
June,24,05:30:00,1.0,4.0,0.0,0.0,1500.0,A
June,24,06:00:00,1.0,2.0,0.0,0.0,103.0,A
June,24,06:30:00,0.5,2.0,0.0,0.0,398.5,A
June,24,07:00:00,0.625,8.0,0.0,0.0,235.63,A
June,24,07:30:00,0.8889,18.0,0.0,0.0,458.67,A
June,24,08:00:00,0.9535,43.0,0.0,0.0,238.21,A
June,24,08:30:00,0.9437,71.0,0.0,0.0,258.63,A
June,24,09:00:00,0.9899,99.0,0.0,0.0,317.35,A
June,24,09:30:00,1.0,135.0,2.0,0.0148,360.27,A
June,24,10:00:00,1.0,151.0,0.0,0.0,276.4,A
June,24,10:30:00,0.9895,191.0,0.0,0.0,312.09,A
June,24,11:00:00,1.0,200.0,2.0,0.01,304.23,A
June,24,11:30:00,1.0,213.0,1.0,0.0047,311.17,A
June,24,12:00:00,1.0,221.0,1.0,0.0045,311.33,A
June,24,12:30:00,1.0,209.0,0.0,0.0,313.44,A
June,24,13:00:00,0.9955,220.0,0.0,0.0,328.96,A
June,24,13:30:00,1.0,215.0,0.0,0.0,280.61,A
June,24,14:00:00,1.0,224.0,0.0,0.0,294.93,A
June,24,14:30:00,1.0,222.0,0.0,0.0,335.56,A
June,24,15:00:00,1.0,225.0,0.0,0.0,310.88,A
June,24,15:30:00,1.0,218.0,0.0,0.0,286.78,A
June,24,16:00:00,0.8182,236.0,5.0,0.0212,315.04,A
June,24,16:30:00,0.9864,220.0,0.0,0.0,339.88,A
June,24,17:00:00,1.0,185.0,0.0,0.0,311.17,A
June,24,17:30:00,0.9935,154.0,0.0,0.0,298.81,A
June,24,18:00:00,0.9298,171.0,0.0,0.0,310.08,A
June,24,18:30:00,0.8571,142.0,2.0,0.0141,312.02,A
June,24,19:00:00,1.0,81.0,0.0,0.0,304.21,A
June,24,19:30:00,0.987,77.0,0.0,0.0,262.9,A
June,24,20:00:00,1.0,47.0,0.0,0.0,328.47,A
June,24,20:30:00,1.0,48.0,0.0,0.0,340.46,A
June,24,21:00:00,0.9189,38.0,1.0,0.0263,283.41,A
June,24,21:30:00,0.9545,23.0,1.0,0.0435,354.14,A
June,24,22:00:00,1.0,29.0,0.0,0.0,256.52,A
June,24,22:30:00,0.5,11.0,1.0,0.0909,274.3,A
June,24,23:00:00,0.3636,12.0,1.0,0.0833,456.73,A
June,24,23:30:00,0.7,10.0,0.0,0.0,300.6,A
June,25,00:00:00,1.0,3.0,0.0,0.0,302.33,A
June,25,00:30:00,1.0,1.0,0.0,0.0,109.0,A
June,25,01:00:00,1.0,3.0,0.0,0.0,540.67,A
June,25,01:30:00,1.0,2.0,0.0,0.0,636.5,A
June,25,02:00:00,1.0,2.0,0.0,0.0,306.0,A
June,25,02:30:00,1.0,3.0,0.0,0.0,307.33,A
June,25,03:00:00,1.0,3.0,0.0,0.0,543.67,A
June,25,03:30:00,1.0,1.0,0.0,0.0,150.0,A
June,25,04:00:00,1.0,2.0,0.0,0.0,159.0,A
June,25,04:30:00,1.0,3.0,0.0,0.0,257.33,A
June,25,05:00:00,1.0,5.0,0.0,0.0,350.2,A
June,25,05:30:00,1.0,3.0,0.0,0.0,214.67,A
June,25,06:00:00,1.0,1.0,0.0,0.0,214.0,A
June,25,06:30:00,0.6667,4.0,1.0,0.25,219.33,A
June,25,07:00:00,1.0,9.0,0.0,0.0,202.44,A
June,25,07:30:00,0.9231,13.0,0.0,0.0,407.0,A
June,25,08:00:00,0.9811,54.0,1.0,0.0185,258.17,A
June,25,08:30:00,0.8784,76.0,2.0,0.0263,346.88,A
June,25,09:00:00,0.5379,138.0,6.0,0.0435,300.21,A
June,25,09:30:00,0.9167,168.0,0.0,0.0,340.24,A
June,25,10:00:00,0.9835,182.0,0.0,0.0,289.76,A
June,25,10:30:00,0.9804,204.0,0.0,0.0,314.41,A
June,25,11:00:00,1.0,238.0,0.0,0.0,322.88,A
June,25,11:30:00,0.9205,240.0,1.0,0.0042,290.09,A
June,25,12:00:00,0.9821,224.0,0.0,0.0,311.7,A
June,25,12:30:00,0.9916,237.0,0.0,0.0,320.5,A
June,25,13:00:00,0.9581,194.0,3.0,0.0155,315.06,A
June,25,13:30:00,0.928,236.0,0.0,0.0,332.54,A
June,25,14:00:00,0.9955,224.0,0.0,0.0,310.27,A
June,25,14:30:00,0.9637,248.0,0.0,0.0,327.1,A
June,25,15:00:00,0.8798,234.0,1.0,0.0043,335.34,A
June,25,15:30:00,0.7893,244.0,2.0,0.0082,302.05,A
June,25,16:00:00,0.9534,237.0,1.0,0.0042,306.23,A
June,25,16:30:00,0.9823,226.0,0.0,0.0,295.65,A
June,25,17:00:00,1.0,171.0,0.0,0.0,309.48,A
June,25,17:30:00,0.8895,186.0,5.0,0.0269,320.07,A
June,25,18:00:00,0.8616,164.0,5.0,0.0305,326.27,A
June,25,18:30:00,0.986,143.0,0.0,0.0,275.38,A
June,25,19:00:00,0.9785,93.0,0.0,0.0,347.11,A
June,25,19:30:00,1.0,57.0,2.0,0.0351,332.49,A
June,25,20:00:00,1.0,45.0,0.0,0.0,271.98,A
June,25,20:30:00,1.0,40.0,0.0,0.0,291.1,A
June,25,21:00:00,0.8947,38.0,0.0,0.0,304.39,A
June,25,21:30:00,1.0,28.0,0.0,0.0,268.25,A
June,25,22:00:00,1.0,15.0,0.0,0.0,255.13,A
June,25,22:30:00,0.8125,19.0,3.0,0.1579,304.31,A
June,25,23:00:00,1.0,13.0,0.0,0.0,344.85,A
June,25,23:30:00,1.0,7.0,0.0,0.0,351.43,A
June,26,00:00:00,1.0,3.0,0.0,0.0,106.67,A
June,26,01:00:00,1.0,2.0,0.0,0.0,316.0,A
June,26,01:30:00,1.0,1.0,0.0,0.0,716.0,A
June,26,02:30:00,1.0,1.0,0.0,0.0,430.0,A
June,26,03:00:00,1.0,1.0,0.0,0.0,177.0,A
June,26,04:00:00,1.0,2.0,0.0,0.0,48.0,A
June,26,04:30:00,1.0,1.0,0.0,0.0,182.0,A
June,26,05:00:00,1.0,1.0,0.0,0.0,216.0,A
June,26,05:30:00,1.0,1.0,0.0,0.0,374.0,A
June,26,06:00:00,1.0,4.0,0.0,0.0,120.5,A
June,26,06:30:00,0.4,6.0,1.0,0.1667,249.8,A
June,26,07:00:00,0.2727,13.0,2.0,0.1538,192.91,A
June,26,07:30:00,0.8125,16.0,0.0,0.0,209.25,A
June,26,08:00:00,1.0,34.0,0.0,0.0,253.74,A
June,26,08:30:00,0.9844,64.0,0.0,0.0,255.39,A
June,26,09:00:00,0.9725,109.0,0.0,0.0,320.21,A
June,26,09:30:00,0.9841,126.0,0.0,0.0,307.98,A
June,26,10:00:00,0.9512,164.0,0.0,0.0,325.86,A
June,26,10:30:00,1.0,182.0,0.0,0.0,286.48,A
June,26,11:00:00,0.9912,228.0,0.0,0.0,286.13,A
June,26,11:30:00,0.9784,231.0,0.0,0.0,277.45,A
June,26,12:00:00,0.9948,193.0,0.0,0.0,318.53,A
June,26,12:30:00,0.9057,215.0,3.0,0.014,299.57,A
June,26,13:00:00,0.8585,208.0,3.0,0.0144,323.96,A
June,26,13:30:00,0.978,230.0,3.0,0.013,324.66,A
June,26,14:00:00,0.8312,233.0,2.0,0.0086,313.06,A
June,26,14:30:00,0.9799,199.0,0.0,0.0,313.15,A
June,26,15:00:00,0.9762,211.0,1.0,0.0047,331.94,A
June,26,15:30:00,0.9844,196.0,4.0,0.0204,299.59,A
June,26,16:00:00,0.9526,211.0,0.0,0.0,311.96,A
June,26,16:30:00,1.0,239.0,0.0,0.0,305.21,A
June,26,17:00:00,1.0,202.0,0.0,0.0,286.16,A
June,26,17:30:00,1.0,157.0,0.0,0.0,313.99,A
June,26,18:00:00,0.9854,137.0,0.0,0.0,283.85,A
June,26,18:30:00,1.0,121.0,0.0,0.0,286.02,A
June,26,19:00:00,0.9878,82.0,0.0,0.0,287.06,A
June,26,19:30:00,0.9815,55.0,1.0,0.0182,294.44,A
June,26,20:00:00,0.9344,61.0,0.0,0.0,310.39,A
June,26,20:30:00,1.0,38.0,0.0,0.0,255.87,A
June,26,21:00:00,1.0,31.0,1.0,0.0323,262.77,A
June,26,21:30:00,0.9667,30.0,0.0,0.0,316.57,A
June,26,22:00:00,0.5172,36.0,7.0,0.1944,368.97,A
June,26,22:30:00,0.3333,20.0,5.0,0.25,309.93,A
June,26,23:00:00,0.6,5.0,0.0,0.0,279.8,A
June,26,23:30:00,0.875,8.0,0.0,0.0,386.75,A
June,27,00:00:00,1.0,4.0,0.0,0.0,626.25,A
June,27,00:30:00,1.0,3.0,0.0,0.0,192.0,A
June,27,01:00:00,1.0,1.0,0.0,0.0,191.0,A
June,27,01:30:00,1.0,3.0,0.0,0.0,663.67,A
June,27,02:00:00,1.0,2.0,0.0,0.0,121.5,A
June,27,02:30:00,1.0,1.0,0.0,0.0,753.0,A
June,27,03:00:00,1.0,3.0,0.0,0.0,128.33,A
June,27,04:00:00,1.0,2.0,0.0,0.0,235.0,A
June,27,04:30:00,1.0,1.0,0.0,0.0,336.0,A
June,27,05:30:00,1.0,2.0,0.0,0.0,419.5,A
June,27,06:00:00,0.0,2.0,1.0,0.5,138.0,A
June,27,06:30:00,0.0,3.0,3.0,1.0,138.0,A
June,27,07:00:00,0.1111,9.0,0.0,0.0,278.78,A
June,27,07:30:00,0.5,9.0,1.0,0.1111,540.25,A
June,27,08:00:00,0.9667,30.0,0.0,0.0,275.23,A
June,27,08:30:00,0.7333,76.0,1.0,0.0132,273.33,A
June,27,09:00:00,0.9908,109.0,0.0,0.0,302.2,A
June,27,09:30:00,0.9,141.0,1.0,0.0071,305.46,A
June,27,10:00:00,0.9188,160.0,0.0,0.0,318.09,A
June,27,10:30:00,0.8944,184.0,4.0,0.0217,350.56,A
June,27,11:00:00,0.8404,190.0,2.0,0.0105,318.69,A
June,27,11:30:00,0.9854,205.0,0.0,0.0,306.44,A
June,27,12:00:00,0.9736,228.0,1.0,0.0044,310.52,A
June,27,12:30:00,0.9824,227.0,0.0,0.0,306.37,A
June,27,13:00:00,0.9378,215.0,6.0,0.0279,305.16,A
June,27,13:30:00,0.7547,215.0,3.0,0.014,336.4,A
June,27,14:00:00,0.9561,228.0,0.0,0.0,323.0,A
June,27,14:30:00,0.7426,242.0,5.0,0.0207,330.46,A
June,27,15:00:00,0.967,214.0,2.0,0.0093,305.45,A
June,27,15:30:00,0.717,217.0,5.0,0.023,332.54,A
June,27,16:00:00,0.952,229.0,0.0,0.0,319.6,A
June,27,16:30:00,0.9811,213.0,1.0,0.0047,331.48,A
June,27,17:00:00,0.9927,137.0,0.0,0.0,310.13,A
June,27,17:30:00,0.9286,168.0,0.0,0.0,322.3,A
June,27,18:00:00,0.8603,140.0,4.0,0.0286,309.65,A
June,27,18:30:00,0.959,122.0,0.0,0.0,365.93,A
June,27,19:00:00,0.9872,79.0,1.0,0.0127,347.72,A
June,27,19:30:00,1.0,61.0,0.0,0.0,258.46,A
June,27,20:00:00,0.9464,57.0,1.0,0.0175,329.68,A
June,27,20:30:00,1.0,33.0,0.0,0.0,307.33,A
June,27,21:00:00,0.9048,23.0,2.0,0.087,365.9,A
June,27,21:30:00,0.8824,17.0,0.0,0.0,459.94,A
June,27,22:00:00,0.95,20.0,0.0,0.0,266.15,A
June,27,22:30:00,0.8,6.0,1.0,0.1667,219.0,A
June,27,23:00:00,0.625,8.0,0.0,0.0,254.63,A
June,27,23:30:00,0.5,4.0,0.0,0.0,163.75,A
June,28,00:00:00,1.0,3.0,0.0,0.0,380.0,A
June,28,00:30:00,1.0,2.0,0.0,0.0,136.5,A
June,28,01:00:00,0.5,3.0,1.0,0.3333,660.0,A
June,28,02:00:00,1.0,2.0,0.0,0.0,493.0,A
June,28,02:30:00,1.0,1.0,0.0,0.0,410.0,A
June,28,03:00:00,1.0,0.0,0.0,0.0,410.0,A
June,28,03:30:00,1.0,4.0,0.0,0.0,282.75,A
June,28,04:30:00,1.0,3.0,0.0,0.0,181.67,A
June,28,05:30:00,1.0,0.0,0.0,0.0,181.67,A
June,28,06:00:00,1.0,3.0,0.0,0.0,486.33,A
June,28,06:30:00,0.5,2.0,0.0,0.0,275.0,A
June,28,07:00:00,0.0,5.0,1.0,0.2,294.5,A
June,28,07:30:00,0.0,7.0,2.0,0.2857,362.8,A
June,28,08:00:00,0.84,25.0,0.0,0.0,209.36,A
June,28,08:30:00,0.9388,49.0,0.0,0.0,286.82,A
June,28,09:00:00,1.0,59.0,0.0,0.0,326.75,A
June,28,09:30:00,1.0,64.0,1.0,0.0156,270.62,A
June,28,10:00:00,1.0,85.0,0.0,0.0,284.19,A
June,28,10:30:00,0.958,119.0,0.0,0.0,283.01,A
June,28,11:00:00,0.9134,127.0,0.0,0.0,290.08,A
June,28,11:30:00,0.7255,159.0,6.0,0.0377,310.59,A
June,28,12:00:00,0.9531,128.0,0.0,0.0,336.66,A
June,28,12:30:00,0.4908,171.0,8.0,0.0468,344.13,A
June,28,13:00:00,0.9241,158.0,0.0,0.0,287.51,A
June,28,13:30:00,0.993,142.0,0.0,0.0,358.4,A
June,28,14:00:00,0.9589,148.0,2.0,0.0135,313.32,A
June,28,14:30:00,0.9533,150.0,0.0,0.0,294.16,A
June,28,15:00:00,0.9323,133.0,0.0,0.0,322.23,A
June,28,15:30:00,1.0,122.0,0.0,0.0,279.63,A
June,28,16:00:00,1.0,128.0,0.0,0.0,335.61,A
June,28,16:30:00,1.0,119.0,0.0,0.0,281.06,A
June,28,17:00:00,0.9035,115.0,1.0,0.0087,323.87,A
June,28,17:30:00,0.68,111.0,11.0,0.0991,406.8,A
June,28,18:00:00,0.7473,92.0,1.0,0.0109,354.69,A
June,28,18:30:00,0.961,78.0,1.0,0.0128,328.92,A
June,28,19:00:00,0.9333,60.0,0.0,0.0,314.47,A
June,28,19:30:00,0.9362,47.0,0.0,0.0,271.45,A
June,28,20:00:00,0.95,20.0,0.0,0.0,298.6,A
June,28,20:30:00,0.5862,35.0,6.0,0.1714,277.69,A
June,28,21:00:00,0.5217,24.0,1.0,0.0417,423.22,A
June,28,21:30:00,1.0,8.0,0.0,0.0,237.5,A
June,28,22:00:00,0.1429,7.0,0.0,0.0,407.14,A
June,28,22:30:00,0.5714,8.0,1.0,0.125,290.14,A
June,28,23:00:00,0.0,10.0,2.0,0.2,338.25,A
June,28,23:30:00,0.75,4.0,0.0,0.0,256.5,A
June,29,00:00:00,0.6,6.0,1.0,0.1667,494.0,A
June,29,00:30:00,0.0,5.0,2.0,0.4,433.67,A
June,29,01:00:00,1.0,2.0,1.0,0.5,102.0,A
June,29,01:30:00,0.3333,4.0,1.0,0.25,286.67,A
June,29,02:00:00,1.0,1.0,0.0,0.0,176.0,A
June,29,03:30:00,1.0,2.0,0.0,0.0,196.0,A
June,29,04:00:00,1.0,1.0,0.0,0.0,463.0,A
June,29,04:30:00,1.0,1.0,0.0,0.0,145.0,A
June,29,05:30:00,1.0,2.0,0.0,0.0,92.5,A
June,29,06:00:00,1.0,3.0,0.0,0.0,443.33,A
June,29,06:30:00,1.0,1.0,0.0,0.0,225.0,A
June,29,07:00:00,1.0,4.0,0.0,0.0,191.5,A
June,29,07:30:00,1.0,4.0,0.0,0.0,519.0,A
June,29,08:00:00,1.0,13.0,0.0,0.0,247.69,A
June,29,08:30:00,1.0,15.0,0.0,0.0,299.6,A
June,29,09:00:00,1.0,14.0,0.0,0.0,194.07,A
June,29,09:30:00,1.0,31.0,0.0,0.0,290.26,A
June,29,10:00:00,1.0,18.0,0.0,0.0,305.61,A
June,29,10:30:00,1.0,34.0,0.0,0.0,225.06,A
June,29,11:00:00,1.0,30.0,0.0,0.0,241.1,A
June,29,11:30:00,1.0,24.0,0.0,0.0,264.08,A
June,29,12:00:00,1.0,41.0,0.0,0.0,294.49,A
June,29,12:30:00,1.0,55.0,0.0,0.0,288.55,A
June,29,13:00:00,0.8438,64.0,0.0,0.0,255.77,A
June,29,13:30:00,0.7927,84.0,2.0,0.0238,237.8,A
June,29,14:00:00,0.831,72.0,1.0,0.0139,293.15,A
June,29,14:30:00,0.8571,65.0,2.0,0.0308,302.95,A
June,29,15:00:00,0.9863,73.0,0.0,0.0,314.95,A
June,29,15:30:00,0.7326,88.0,2.0,0.0227,319.16,A
June,29,16:00:00,0.9851,67.0,0.0,0.0,255.13,A
June,29,16:30:00,1.0,71.0,0.0,0.0,284.28,A
June,29,17:00:00,1.0,60.0,0.0,0.0,254.73,A
June,29,17:30:00,1.0,51.0,0.0,0.0,257.69,A
June,29,18:00:00,1.0,29.0,0.0,0.0,292.83,A
June,29,18:30:00,1.0,31.0,0.0,0.0,271.77,A
June,29,19:00:00,1.0,27.0,0.0,0.0,256.41,A
June,29,19:30:00,1.0,26.0,0.0,0.0,340.31,A
June,29,20:00:00,1.0,30.0,1.0,0.0333,309.55,A
June,29,20:30:00,1.0,20.0,0.0,0.0,260.7,A
June,29,21:00:00,0.9412,17.0,0.0,0.0,290.41,A
June,29,21:30:00,1.0,7.0,0.0,0.0,356.29,A
June,29,22:00:00,1.0,7.0,0.0,0.0,240.14,A
June,29,22:30:00,0.4,6.0,1.0,0.1667,369.4,A
June,29,23:00:00,1.0,3.0,0.0,0.0,614.0,A
June,29,23:30:00,0.75,4.0,0.0,0.0,178.5,A
June,30,00:30:00,1.0,2.0,0.0,0.0,365.5,A
June,30,01:00:00,1.0,1.0,0.0,0.0,446.0,A
June,30,01:30:00,1.0,0.0,0.0,0.0,446.0,A
June,30,02:00:00,1.0,3.0,0.0,0.0,814.33,A
June,30,03:00:00,1.0,0.0,0.0,0.0,814.33,A
June,30,03:30:00,1.0,2.0,0.0,0.0,295.5,A
June,30,04:00:00,1.0,1.0,0.0,0.0,290.0,A
June,30,05:00:00,1.0,1.0,0.0,0.0,130.0,A
June,30,05:30:00,1.0,1.0,0.0,0.0,148.0,A
June,30,06:00:00,1.0,1.0,0.0,0.0,120.0,A
June,30,06:30:00,0.75,4.0,0.0,0.0,227.0,A
June,30,07:00:00,0.6,10.0,0.0,0.0,222.0,A
June,30,07:30:00,0.619,22.0,1.0,0.0455,328.24,A
June,30,08:00:00,0.8864,45.0,1.0,0.0222,264.27,A
June,30,08:30:00,0.9825,58.0,1.0,0.0172,253.61,A
June,30,09:00:00,0.8686,138.0,1.0,0.0072,308.42,A
June,30,09:30:00,0.9821,168.0,0.0,0.0,302.49,A
June,30,10:00:00,0.9602,203.0,2.0,0.0099,296.16,A
June,30,10:30:00,0.749,252.0,5.0,0.0198,324.59,A
June,30,11:00:00,0.9717,212.0,0.0,0.0,320.72,A
June,30,11:30:00,0.9905,210.0,0.0,0.0,345.72,A
June,30,12:00:00,0.9878,245.0,0.0,0.0,294.32,A
June,30,12:30:00,0.9955,224.0,0.0,0.0,289.08,A
June,30,13:00:00,0.9813,215.0,1.0,0.0047,297.46,A
June,30,13:30:00,0.8824,258.0,3.0,0.0116,327.12,A
June,30,14:00:00,0.66,261.0,11.0,0.0421,307.77,A
June,30,14:30:00,0.4647,286.0,17.0,0.0594,339.12,A
June,30,15:00:00,0.6523,274.0,18.0,0.0657,339.68,A
June,30,15:30:00,0.764,273.0,6.0,0.022,329.9,A
June,30,16:00:00,0.966,236.0,1.0,0.0042,328.16,A
June,30,16:30:00,0.9592,247.0,2.0,0.0081,293.97,A
June,30,17:00:00,0.9436,196.0,1.0,0.0051,365.59,A
June,30,17:30:00,0.7965,231.0,0.0,0.0,313.41,A
June,30,18:00:00,0.9252,147.0,0.0,0.0,291.54,A
June,30,18:30:00,0.95,161.0,1.0,0.0062,327.58,A
June,30,19:00:00,0.9205,88.0,0.0,0.0,336.5,A
June,30,19:30:00,0.8353,86.0,1.0,0.0116,338.41,A
June,30,20:00:00,0.8929,56.0,0.0,0.0,322.21,A
June,30,20:30:00,0.9412,51.0,0.0,0.0,348.86,A
June,30,21:00:00,0.96,25.0,0.0,0.0,427.68,A
June,30,21:30:00,0.9688,34.0,2.0,0.0588,319.81,A
June,30,22:00:00,1.0,23.0,0.0,0.0,300.22,A
June,30,22:30:00,0.8333,13.0,1.0,0.0769,189.5,A
June,30,23:00:00,0.8,10.0,0.0,0.0,323.1,A
June,30,23:30:00,1.0,13.0,0.0,0.0,247.46,A
April,1,00:00:00,1.0,22.0,0.0,0.0,480.05,B
April,1,00:30:00,0.9524,21.0,0.0,0.0,301.71,B
April,1,01:00:00,1.0,8.0,0.0,0.0,501.88,B
April,1,01:30:00,1.0,4.0,0.0,0.0,468.75,B
April,1,02:00:00,1.0,4.0,0.0,0.0,285.5,B
April,1,02:30:00,1.0,3.0,0.0,0.0,243.33,B
April,1,03:00:00,1.0,3.0,0.0,0.0,313.67,B
April,1,03:30:00,1.0,1.0,0.0,0.0,284.0,B
April,1,04:00:00,1.0,1.0,0.0,0.0,60.0,B
April,1,04:30:00,1.0,2.0,0.0,0.0,378.5,B
April,1,05:00:00,1.0,1.0,0.0,0.0,134.0,B
April,1,05:30:00,1.0,5.0,0.0,0.0,203.8,B
April,1,06:00:00,1.0,3.0,0.0,0.0,232.33,B
April,1,06:30:00,1.0,5.0,2.0,0.4,149.0,B
April,1,07:00:00,0.8947,19.0,0.0,0.0,338.84,B
April,1,07:30:00,0.9677,31.0,0.0,0.0,347.55,B
April,1,08:00:00,1.0,64.0,0.0,0.0,247.95,B
April,1,08:30:00,1.0,111.0,3.0,0.027,309.07,B
April,1,09:00:00,1.0,144.0,0.0,0.0,306.46,B
April,1,09:30:00,0.996,253.0,0.0,0.0,297.44,B
April,1,10:00:00,0.9853,275.0,2.0,0.0073,295.53,B
April,1,10:30:00,0.9106,304.0,2.0,0.0066,328.72,B
April,1,11:00:00,0.9246,347.0,2.0,0.0058,334.68,B
April,1,11:30:00,0.8852,400.0,8.0,0.02,307.29,B
April,1,12:00:00,0.9169,424.0,3.0,0.0071,345.98,B
April,1,12:30:00,0.9789,382.0,2.0,0.0052,351.69,B
April,1,13:00:00,0.9636,467.0,0.0,0.0,348.8,B
April,1,13:30:00,0.8608,434.0,3.0,0.0069,348.35,B
April,1,14:00:00,0.9865,447.0,3.0,0.0067,319.33,B
April,1,14:30:00,0.6572,508.0,15.0,0.0295,343.38,B
April,1,15:00:00,0.9875,481.0,1.0,0.0021,319.81,B
April,1,15:30:00,0.9957,462.0,0.0,0.0,351.58,B
April,1,16:00:00,0.9736,416.0,0.0,0.0,369.78,B
April,1,16:30:00,0.9879,412.0,0.0,0.0,329.54,B
April,1,17:00:00,0.8295,440.0,6.0,0.0136,332.2,B
April,1,17:30:00,0.9849,400.0,2.0,0.005,350.52,B
April,1,18:00:00,0.7628,393.0,1.0,0.0025,337.72,B
April,1,18:30:00,0.7893,339.0,2.0,0.0059,353.46,B
April,1,19:00:00,0.8469,298.0,4.0,0.0134,365.92,B
April,1,19:30:00,0.9579,287.0,2.0,0.007,361.16,B
April,1,20:00:00,0.9276,224.0,3.0,0.0134,310.38,B
April,1,20:30:00,0.7407,218.0,2.0,0.0092,347.15,B
April,1,21:00:00,0.9697,166.0,1.0,0.006,335.01,B
April,1,21:30:00,0.9618,157.0,0.0,0.0,373.85,B
April,1,22:00:00,0.8879,118.0,2.0,0.0169,373.86,B
April,1,22:30:00,0.8627,104.0,2.0,0.0192,359.6,B
April,1,23:00:00,1.0,63.0,0.0,0.0,355.63,B
April,1,23:30:00,0.9756,41.0,0.0,0.0,253.9,B
April,2,00:00:00,1.0,33.0,0.0,0.0,386.03,B
April,2,00:30:00,1.0,17.0,0.0,0.0,384.47,B
April,2,01:00:00,1.0,10.0,0.0,0.0,281.4,B
April,2,01:30:00,1.0,6.0,0.0,0.0,362.67,B
April,2,02:00:00,1.0,4.0,0.0,0.0,556.75,B
April,2,02:30:00,1.0,1.0,0.0,0.0,168.0,B
April,2,03:00:00,1.0,2.0,0.0,0.0,906.5,B
April,2,03:30:00,1.0,3.0,0.0,0.0,216.67,B
April,2,04:00:00,1.0,2.0,0.0,0.0,256.0,B
April,2,04:30:00,1.0,3.0,0.0,0.0,256.0,B
April,2,05:00:00,1.0,3.0,0.0,0.0,505.33,B
April,2,05:30:00,1.0,0.0,0.0,0.0,505.33,B
April,2,06:00:00,1.0,2.0,0.0,0.0,429.0,B
April,2,06:30:00,1.0,6.0,0.0,0.0,371.17,B
April,2,07:00:00,1.0,22.0,0.0,0.0,202.91,B
April,2,07:30:00,1.0,39.0,0.0,0.0,303.56,B
April,2,08:00:00,1.0,48.0,0.0,0.0,313.71,B
April,2,08:30:00,0.9806,104.0,1.0,0.0096,328.18,B
April,2,09:00:00,1.0,166.0,0.0,0.0,294.45,B
April,2,09:30:00,0.9665,214.0,5.0,0.0234,315.36,B
April,2,10:00:00,0.9518,250.0,1.0,0.004,298.37,B
April,2,10:30:00,0.8881,300.0,5.0,0.0167,336.33,B
April,2,11:00:00,0.7866,321.0,7.0,0.0218,335.41,B
April,2,11:30:00,0.8309,346.0,3.0,0.0087,339.16,B
April,2,12:00:00,0.9499,379.0,0.0,0.0,327.83,B
April,2,12:30:00,0.7108,417.0,9.0,0.0216,328.86,B
April,2,13:00:00,0.9726,440.0,2.0,0.0045,331.89,B
April,2,13:30:00,0.7588,409.0,11.0,0.0269,337.02,B
April,2,14:00:00,0.9705,408.0,1.0,0.0025,317.75,B
April,2,14:30:00,0.991,448.0,2.0,0.0045,364.02,B
April,2,15:00:00,1.0,411.0,1.0,0.0024,349.22,B
April,2,15:30:00,0.9953,430.0,2.0,0.0047,333.94,B
April,2,16:00:00,1.0,436.0,0.0,0.0,341.39,B
April,2,16:30:00,0.995,403.0,0.0,0.0,335.56,B
April,2,17:00:00,0.971,385.0,6.0,0.0156,336.47,B
April,2,17:30:00,0.9922,389.0,3.0,0.0077,334.3,B
April,2,18:00:00,0.9861,361.0,0.0,0.0,330.58,B
April,2,18:30:00,0.9909,329.0,0.0,0.0,361.68,B
April,2,19:00:00,0.9965,285.0,3.0,0.0105,351.6,B
April,2,19:30:00,0.9917,244.0,2.0,0.0082,293.23,B
April,2,20:00:00,0.9076,240.0,2.0,0.0083,331.68,B
April,2,20:30:00,0.9894,190.0,2.0,0.0105,344.44,B
April,2,21:00:00,0.9728,148.0,1.0,0.0068,305.09,B
April,2,21:30:00,0.9865,148.0,0.0,0.0,353.77,B
April,2,22:00:00,1.0,99.0,0.0,0.0,321.82,B
April,2,22:30:00,1.0,82.0,0.0,0.0,287.34,B
April,2,23:00:00,1.0,72.0,0.0,0.0,272.75,B
April,2,23:30:00,1.0,65.0,1.0,0.0154,287.25,B
April,3,00:00:00,1.0,34.0,0.0,0.0,287.62,B
April,3,00:30:00,1.0,22.0,0.0,0.0,278.82,B
April,3,01:00:00,1.0,6.0,0.0,0.0,312.67,B
April,3,01:30:00,1.0,9.0,0.0,0.0,518.11,B
April,3,02:00:00,1.0,5.0,0.0,0.0,365.6,B
April,3,02:30:00,1.0,2.0,0.0,0.0,388.5,B
April,3,03:30:00,1.0,2.0,0.0,0.0,388.5,B
April,3,04:00:00,1.0,2.0,0.0,0.0,388.5,B
April,3,04:30:00,1.0,2.0,0.0,0.0,388.5,B
April,3,05:30:00,1.0,2.0,0.0,0.0,388.5,B
April,3,06:00:00,1.0,2.0,0.0,0.0,388.5,B
April,3,06:30:00,1.0,2.0,0.0,0.0,388.5,B
April,3,07:00:00,0.9355,32.0,1.0,0.0313,243.68,B
April,3,07:30:00,1.0,34.0,1.0,0.0294,240.03,B
April,3,08:00:00,0.8857,71.0,1.0,0.0141,288.9,B
April,3,08:30:00,0.807,116.0,2.0,0.0172,322.09,B
April,3,09:00:00,0.8984,187.0,0.0,0.0,324.53,B
April,3,09:30:00,0.9802,255.0,2.0,0.0078,313.39,B
April,3,10:00:00,0.9739,268.0,0.0,0.0,337.18,B
April,3,10:30:00,0.8159,327.0,12.0,0.0367,322.01,B
April,3,11:00:00,0.8646,352.0,5.0,0.0142,345.67,B
April,3,11:30:00,0.6237,395.0,15.0,0.038,338.28,B
April,3,12:00:00,0.9404,369.0,0.0,0.0,326.98,B
April,3,12:30:00,0.9068,446.0,6.0,0.0135,314.21,B
April,3,13:00:00,0.9885,438.0,2.0,0.0046,349.77,B
April,3,13:30:00,0.8311,447.0,9.0,0.0201,335.29,B
April,3,14:00:00,0.8194,470.0,5.0,0.0106,328.75,B
April,3,14:30:00,0.7903,475.0,3.0,0.0063,351.92,B
April,3,15:00:00,0.8864,487.0,3.0,0.0062,342.49,B
April,3,15:30:00,0.9956,453.0,2.0,0.0044,308.77,B
April,3,16:00:00,0.977,436.0,2.0,0.0046,346.77,B
April,3,16:30:00,0.94,419.0,2.0,0.0048,348.12,B
April,3,17:00:00,0.99,401.0,0.0,0.0,339.29,B
April,3,17:30:00,0.9768,388.0,0.0,0.0,338.97,B
April,3,18:00:00,0.893,388.0,5.0,0.0129,346.14,B
April,3,18:30:00,0.905,337.0,0.0,0.0,351.97,B
April,3,19:00:00,0.9772,308.0,1.0,0.0032,317.28,B
April,3,19:30:00,0.978,274.0,1.0,0.0036,339.41,B
April,3,20:00:00,0.9478,230.0,0.0,0.0,358.12,B
April,3,20:30:00,1.0,187.0,0.0,0.0,315.01,B
April,3,21:00:00,0.9938,160.0,0.0,0.0,331.81,B
April,3,21:30:00,1.0,134.0,1.0,0.0075,302.61,B
April,3,22:00:00,0.9385,132.0,2.0,0.0152,306.12,B
April,3,22:30:00,1.0,102.0,4.0,0.0392,320.88,B
April,3,23:00:00,1.0,61.0,0.0,0.0,253.0,B
April,3,23:30:00,1.0,37.0,0.0,0.0,342.49,B
April,4,00:00:00,1.0,26.0,0.0,0.0,284.62,B
April,4,00:30:00,1.0,17.0,0.0,0.0,344.0,B
April,4,01:00:00,1.0,18.0,2.0,0.1111,273.25,B
April,4,01:30:00,1.0,5.0,0.0,0.0,244.6,B
April,4,02:00:00,1.0,7.0,0.0,0.0,316.57,B
April,4,02:30:00,1.0,10.0,0.0,0.0,314.8,B
April,4,03:00:00,1.0,5.0,0.0,0.0,164.8,B
April,4,03:30:00,1.0,4.0,0.0,0.0,320.5,B
April,4,04:00:00,0.5,4.0,0.0,0.0,264.75,B
April,4,04:30:00,1.0,3.0,1.0,0.3333,129.5,B
April,4,05:00:00,1.0,2.0,0.0,0.0,299.0,B
April,4,05:30:00,1.0,2.0,0.0,0.0,518.5,B
April,4,06:00:00,0.6667,3.0,0.0,0.0,131.0,B
April,4,06:30:00,1.0,4.0,3.0,0.75,333.0,B
April,4,07:00:00,0.9048,21.0,0.0,0.0,294.52,B
April,4,07:30:00,0.9189,37.0,0.0,0.0,272.84,B
April,4,08:00:00,0.9846,65.0,0.0,0.0,277.28,B
April,4,08:30:00,1.0,97.0,0.0,0.0,267.99,B
April,4,09:00:00,0.9877,162.0,0.0,0.0,319.4,B
April,4,09:30:00,0.9604,202.0,0.0,0.0,311.66,B
April,4,10:00:00,0.9698,233.0,1.0,0.0043,336.14,B
April,4,10:30:00,0.7158,288.0,10.0,0.0347,329.31,B
April,4,11:00:00,0.4771,317.0,11.0,0.0347,331.05,B
April,4,11:30:00,0.8761,349.0,2.0,0.0057,336.49,B
April,4,12:00:00,0.9485,410.0,2.0,0.0049,355.44,B
April,4,12:30:00,0.913,419.0,5.0,0.0119,349.94,B
April,4,13:00:00,0.9412,427.0,2.0,0.0047,362.73,B
April,4,13:30:00,0.8663,396.0,7.0,0.0177,352.15,B
April,4,14:00:00,0.7225,432.0,14.0,0.0324,348.68,B
April,4,14:30:00,0.9017,412.0,5.0,0.0121,355.39,B
April,4,15:00:00,0.9242,426.0,4.0,0.0094,351.41,B
April,4,15:30:00,0.9575,449.0,2.0,0.0045,361.81,B
April,4,16:00:00,0.9613,414.0,1.0,0.0024,369.92,B
April,4,16:30:00,0.9591,416.0,0.0,0.0,364.97,B
April,4,17:00:00,0.9592,392.0,0.0,0.0,363.48,B
April,4,17:30:00,0.9564,370.0,3.0,0.0081,374.29,B
April,4,18:00:00,0.9652,348.0,3.0,0.0086,356.86,B
April,4,18:30:00,0.9614,286.0,1.0,0.0035,343.35,B
April,4,19:00:00,0.971,242.0,1.0,0.0041,375.85,B
April,4,19:30:00,0.9342,245.0,2.0,0.0082,333.91,B
April,4,20:00:00,0.9831,180.0,2.0,0.0111,328.9,B
April,4,20:30:00,0.9448,183.0,2.0,0.0109,320.86,B
April,4,21:00:00,0.9281,153.0,0.0,0.0,312.73,B
April,4,21:30:00,0.975,120.0,0.0,0.0,312.76,B
April,4,22:00:00,1.0,96.0,0.0,0.0,352.53,B
April,4,22:30:00,1.0,49.0,0.0,0.0,305.49,B
April,4,23:00:00,0.9636,56.0,1.0,0.0179,338.67,B
April,4,23:30:00,0.9783,48.0,2.0,0.0417,268.48,B
April,5,00:00:00,0.9259,29.0,2.0,0.069,285.07,B
April,5,00:30:00,1.0,17.0,0.0,0.0,266.35,B
April,5,01:00:00,1.0,4.0,0.0,0.0,988.5,B
April,5,01:30:00,0.0,6.0,2.0,0.3333,359.0,B
April,5,02:00:00,0.5,4.0,2.0,0.5,345.0,B
April,5,02:30:00,1.0,6.0,0.0,0.0,234.83,B
April,5,03:00:00,1.0,2.0,0.0,0.0,409.0,B
April,5,03:30:00,1.0,4.0,0.0,0.0,202.75,B
April,5,04:00:00,1.0,4.0,0.0,0.0,83.0,B
April,5,04:30:00,1.0,2.0,0.0,0.0,150.5,B
April,5,05:00:00,1.0,2.0,0.0,0.0,245.0,B
April,5,05:30:00,1.0,6.0,0.0,0.0,170.67,B
April,5,06:00:00,1.0,3.0,0.0,0.0,375.67,B
April,5,06:30:00,1.0,4.0,0.0,0.0,115.0,B
April,5,07:00:00,0.8571,7.0,0.0,0.0,225.86,B
April,5,07:30:00,0.9565,23.0,0.0,0.0,364.78,B
April,5,08:00:00,1.0,22.0,0.0,0.0,341.41,B
April,5,08:30:00,1.0,38.0,0.0,0.0,317.89,B
April,5,09:00:00,1.0,78.0,0.0,0.0,299.62,B
April,5,09:30:00,0.9701,137.0,3.0,0.0219,340.41,B
April,5,10:00:00,0.929,183.0,0.0,0.0,309.74,B
April,5,10:30:00,0.8907,184.0,1.0,0.0054,336.66,B
April,5,11:00:00,0.8364,222.0,2.0,0.009,318.42,B
April,5,11:30:00,0.8538,265.0,5.0,0.0189,311.8,B
April,5,12:00:00,0.9681,284.0,2.0,0.007,325.92,B
April,5,12:30:00,0.6536,313.0,7.0,0.0224,316.17,B
April,5,13:00:00,0.6735,358.0,18.0,0.0503,317.96,B
April,5,13:30:00,0.7867,313.0,13.0,0.0415,314.83,B
April,5,14:00:00,0.4543,339.0,22.0,0.0649,340.85,B
April,5,14:30:00,0.5952,347.0,11.0,0.0317,339.52,B
April,5,15:00:00,0.9734,301.0,0.0,0.0,322.8,B
April,5,15:30:00,0.9664,300.0,2.0,0.0067,333.68,B
April,5,16:00:00,0.9184,332.0,1.0,0.003,324.8,B
April,5,16:30:00,0.9679,312.0,0.0,0.0,339.91,B
April,5,17:00:00,0.9544,311.0,4.0,0.0129,346.82,B
April,5,17:30:00,0.9011,291.0,8.0,0.0275,368.11,B
April,5,18:00:00,0.7395,266.0,5.0,0.0188,352.64,B
April,5,18:30:00,0.986,220.0,5.0,0.0227,347.93,B
April,5,19:00:00,0.5122,216.0,11.0,0.0509,344.68,B
April,5,19:30:00,0.9158,191.0,1.0,0.0052,316.71,B
April,5,20:00:00,0.9797,149.0,1.0,0.0067,339.1,B
April,5,20:30:00,0.9058,140.0,2.0,0.0143,324.54,B
April,5,21:00:00,0.4715,131.0,8.0,0.0611,340.3,B
April,5,21:30:00,0.77,102.0,2.0,0.0196,332.76,B
April,5,22:00:00,0.8933,76.0,1.0,0.0132,309.15,B
April,5,22:30:00,0.9322,59.0,0.0,0.0,348.61,B
April,5,23:00:00,0.92,51.0,1.0,0.0196,249.86,B
April,5,23:30:00,0.9574,47.0,0.0,0.0,325.11,B
April,6,00:00:00,0.9667,33.0,3.0,0.0909,308.37,B
April,6,00:30:00,0.8235,17.0,0.0,0.0,201.12,B
April,6,01:00:00,1.0,8.0,0.0,0.0,378.38,B
April,6,01:30:00,1.0,2.0,0.0,0.0,131.5,B
April,6,02:00:00,1.0,3.0,0.0,0.0,601.0,B
April,6,02:30:00,1.0,1.0,0.0,0.0,211.0,B
April,6,03:00:00,1.0,1.0,0.0,0.0,211.0,B
April,6,03:30:00,1.0,2.0,0.0,0.0,211.0,B
April,6,04:00:00,1.0,2.0,0.0,0.0,211.0,B
April,6,04:30:00,1.0,4.0,0.0,0.0,211.0,B
April,6,05:00:00,1.0,1.0,0.0,0.0,211.0,B
April,6,05:30:00,1.0,2.0,0.0,0.0,211.0,B
April,6,06:00:00,1.0,2.0,0.0,0.0,211.0,B
April,6,06:30:00,1.0,1.0,0.0,0.0,211.0,B
April,6,07:00:00,1.0,4.0,0.0,0.0,211.0,B
April,6,07:30:00,1.0,3.0,0.0,0.0,211.0,B
April,6,08:00:00,1.0,6.0,0.0,0.0,301.67,B
April,6,08:30:00,1.0,19.0,0.0,0.0,286.95,B
April,6,09:00:00,1.0,43.0,0.0,0.0,300.02,B
April,6,09:30:00,1.0,61.0,0.0,0.0,280.39,B
April,6,10:00:00,0.9756,82.0,0.0,0.0,275.74,B
April,6,10:30:00,0.9362,94.0,0.0,0.0,340.06,B
April,6,11:00:00,0.9896,96.0,0.0,0.0,294.51,B
April,6,11:30:00,0.9507,144.0,2.0,0.0139,305.26,B
April,6,12:00:00,1.0,134.0,1.0,0.0075,303.31,B
April,6,12:30:00,0.975,161.0,1.0,0.0062,323.98,B
April,6,13:00:00,0.9771,176.0,1.0,0.0057,307.64,B
April,6,13:30:00,0.9167,193.0,1.0,0.0052,319.69,B
April,6,14:00:00,0.9174,230.0,0.0,0.0,292.89,B
April,6,14:30:00,0.986,215.0,0.0,0.0,321.55,B
April,6,15:00:00,1.0,194.0,0.0,0.0,328.1,B
April,6,15:30:00,0.9909,220.0,0.0,0.0,296.2,B
April,6,16:00:00,0.788,252.0,2.0,0.0079,334.79,B
April,6,16:30:00,0.9948,191.0,0.0,0.0,304.36,B
April,6,17:00:00,0.9948,194.0,1.0,0.0052,309.56,B
April,6,17:30:00,0.9553,179.0,0.0,0.0,282.35,B
April,6,18:00:00,0.9182,159.0,0.0,0.0,312.7,B
April,6,18:30:00,0.9456,151.0,4.0,0.0265,311.49,B
April,6,19:00:00,0.9408,153.0,1.0,0.0065,286.86,B
April,6,19:30:00,1.0,125.0,0.0,0.0,321.93,B
April,6,20:00:00,1.0,94.0,1.0,0.0106,267.34,B
April,6,20:30:00,1.0,95.0,0.0,0.0,322.74,B
April,6,21:00:00,0.971,69.0,0.0,0.0,275.7,B
April,6,21:30:00,0.9861,75.0,3.0,0.04,350.5,B
April,6,22:00:00,1.0,62.0,0.0,0.0,354.11,B
April,6,22:30:00,1.0,36.0,0.0,0.0,359.06,B
April,6,23:00:00,1.0,35.0,0.0,0.0,257.97,B
April,6,23:30:00,1.0,30.0,0.0,0.0,255.2,B
April,7,00:00:00,1.0,22.0,1.0,0.0455,254.67,B
April,7,00:30:00,1.0,18.0,0.0,0.0,399.0,B
April,7,01:00:00,1.0,9.0,0.0,0.0,318.11,B
April,7,01:30:00,1.0,1.0,0.0,0.0,322.0,B
April,7,02:00:00,1.0,3.0,0.0,0.0,196.67,B
April,7,02:30:00,1.0,3.0,0.0,0.0,289.67,B
April,7,03:00:00,1.0,2.0,1.0,0.5,291.0,B
April,7,03:30:00,1.0,4.0,0.0,0.0,496.0,B
April,7,04:00:00,1.0,3.0,0.0,0.0,170.67,B
April,7,04:30:00,1.0,2.0,0.0,0.0,155.0,B
April,7,05:00:00,1.0,1.0,0.0,0.0,266.0,B
April,7,05:30:00,1.0,1.0,0.0,0.0,217.0,B
April,7,06:00:00,1.0,3.0,0.0,0.0,294.0,B
April,7,06:30:00,1.0,5.0,0.0,0.0,210.6,B
April,7,07:00:00,0.9412,17.0,0.0,0.0,266.35,B
April,7,07:30:00,1.0,20.0,0.0,0.0,272.3,B
April,7,08:00:00,0.9839,62.0,0.0,0.0,279.1,B
April,7,08:30:00,1.0,99.0,0.0,0.0,297.33,B
April,7,09:00:00,0.9945,181.0,0.0,0.0,332.56,B
April,7,09:30:00,0.9953,211.0,0.0,0.0,313.02,B
April,7,10:00:00,0.9603,302.0,0.0,0.0,330.18,B
April,7,10:30:00,0.6523,338.0,13.0,0.0385,373.69,B
April,7,11:00:00,0.9296,355.0,0.0,0.0,334.56,B
April,7,11:30:00,0.9298,416.0,3.0,0.0072,337.27,B
April,7,12:00:00,0.8959,446.0,4.0,0.009,331.69,B
April,7,12:30:00,0.7932,451.0,11.0,0.0244,345.95,B
April,7,13:00:00,0.6822,459.0,9.0,0.0196,354.83,B
April,7,13:30:00,0.5267,449.0,18.0,0.0401,323.13,B
April,7,14:00:00,0.7069,491.0,10.0,0.0204,330.77,B
April,7,14:30:00,0.8834,495.0,6.0,0.0121,349.84,B
April,7,15:00:00,0.9872,469.0,2.0,0.0043,338.02,B
April,7,15:30:00,0.9733,489.0,2.0,0.0041,375.35,B
April,7,16:00:00,0.9279,501.0,2.0,0.004,341.89,B
April,7,16:30:00,0.6626,504.0,15.0,0.0298,374.84,B
April,7,17:00:00,0.9226,467.0,2.0,0.0043,374.49,B
April,7,17:30:00,0.9226,467.0,2.0,0.0046,355.11,B
April,7,18:00:00,0.9226,467.0,2.0,0.0055,381.2,B
April,7,18:30:00,0.9226,467.0,4.0,0.0109,332.8,B
April,7,19:00:00,0.9226,467.0,6.0,0.0168,361.16,B
April,7,19:30:00,0.9226,467.0,3.0,0.0095,370.32,B
April,7,20:00:00,0.9226,467.0,0.0,0.0,353.01,B
April,7,20:30:00,0.9226,467.0,0.0,0.0,337.26,B
April,7,21:00:00,0.9226,467.0,1.0,0.0057,313.17,B
April,7,21:30:00,0.9226,467.0,0.0,0.0,312.9,B
April,7,22:00:00,1.0,120.0,0.0,0.0,321.22,B
April,7,22:30:00,1.0,59.0,0.0,0.0,376.9,B
April,7,23:00:00,0.9808,52.0,0.0,0.0,276.9,B
April,7,23:30:00,1.0,43.0,0.0,0.0,340.14,B
April,8,00:00:00,1.0,42.0,0.0,0.0,326.86,B
April,8,00:30:00,1.0,28.0,0.0,0.0,356.25,B
April,8,01:00:00,1.0,14.0,0.0,0.0,326.21,B
April,8,01:30:00,1.0,8.0,0.0,0.0,241.75,B
April,8,02:00:00,1.0,2.0,0.0,0.0,421.5,B
April,8,02:30:00,1.0,4.0,0.0,0.0,174.25,B
April,8,03:00:00,1.0,2.0,0.0,0.0,214.5,B
April,8,03:30:00,1.0,2.0,0.0,0.0,219.5,B
April,8,04:00:00,1.0,1.0,0.0,0.0,435.0,B
April,8,05:00:00,1.0,1.0,0.0,0.0,168.0,B
April,8,05:30:00,1.0,2.0,0.0,0.0,199.0,B
April,8,06:00:00,1.0,4.0,0.0,0.0,238.75,B
April,8,06:30:00,0.5,7.0,3.0,0.4286,369.75,B
April,8,07:00:00,0.9474,19.0,0.0,0.0,196.0,B
April,8,07:30:00,1.0,25.0,0.0,0.0,278.68,B
April,8,08:00:00,1.0,61.0,0.0,0.0,257.2,B
April,8,08:30:00,0.9903,103.0,0.0,0.0,326.7,B
April,8,09:00:00,0.9883,172.0,1.0,0.0058,263.75,B
April,8,09:30:00,0.9896,193.0,0.0,0.0,302.99,B
April,8,10:00:00,0.7882,295.0,7.0,0.0237,306.25,B
April,8,10:30:00,0.6245,294.0,17.0,0.0578,337.06,B
April,8,11:00:00,0.7661,375.0,3.0,0.008,319.5,B
April,8,11:30:00,0.9739,345.0,0.0,0.0,330.73,B
April,8,12:00:00,0.9667,391.0,1.0,0.0026,362.05,B
April,8,12:30:00,0.9565,418.0,4.0,0.0096,341.72,B
April,8,13:00:00,0.9558,407.0,0.0,0.0,345.8,B
April,8,13:30:00,0.9812,429.0,4.0,0.0093,353.92,B
April,8,14:00:00,0.9249,454.0,1.0,0.0022,358.26,B
April,8,14:30:00,0.9797,445.0,2.0,0.0045,337.22,B
April,8,15:00:00,0.9955,446.0,0.0,0.0,338.74,B
April,8,15:30:00,0.9954,433.0,1.0,0.0023,326.82,B
April,8,16:00:00,0.8911,460.0,1.0,0.0022,368.39,B
April,8,16:30:00,0.9605,406.0,1.0,0.0025,343.56,B
April,8,17:00:00,1.0,393.0,0.0,0.0,354.52,B
April,8,17:30:00,0.9866,374.0,1.0,0.0027,369.9,B
April,8,18:00:00,0.9864,372.0,3.0,0.0081,330.08,B
April,8,18:30:00,0.9858,352.0,0.0,0.0,332.09,B
April,8,19:00:00,0.9798,301.0,4.0,0.0133,348.25,B
April,8,19:30:00,0.9884,258.0,0.0,0.0,314.11,B
April,8,20:00:00,1.0,224.0,0.0,0.0,314.66,B
April,8,20:30:00,1.0,236.0,1.0,0.0042,325.2,B
April,8,21:00:00,0.9942,171.0,0.0,0.0,319.67,B
April,8,21:30:00,1.0,134.0,0.0,0.0,313.39,B
April,8,22:00:00,1.0,106.0,0.0,0.0,298.69,B
April,8,22:30:00,1.0,83.0,0.0,0.0,340.61,B
April,8,23:00:00,1.0,60.0,0.0,0.0,323.38,B
April,8,23:30:00,1.0,37.0,0.0,0.0,272.92,B
April,9,00:00:00,1.0,51.0,0.0,0.0,270.41,B
April,9,00:30:00,1.0,19.0,0.0,0.0,330.42,B
April,9,01:00:00,1.0,9.0,1.0,0.1111,283.13,B
April,9,01:30:00,1.0,4.0,0.0,0.0,293.25,B
April,9,02:00:00,1.0,2.0,0.0,0.0,219.5,B
April,9,02:30:00,1.0,1.0,0.0,0.0,166.0,B
April,9,03:00:00,1.0,2.0,0.0,0.0,181.5,B
April,9,03:30:00,1.0,1.0,0.0,0.0,112.0,B
April,9,04:00:00,1.0,1.0,0.0,0.0,692.0,B
April,9,05:00:00,1.0,2.0,0.0,0.0,292.5,B
April,9,05:30:00,1.0,1.0,0.0,0.0,55.0,B
April,9,06:00:00,1.0,1.0,0.0,0.0,160.0,B
April,9,06:30:00,1.0,2.0,1.0,0.5,175.0,B
April,9,07:00:00,0.9444,18.0,0.0,0.0,258.28,B
April,9,07:30:00,0.9167,37.0,1.0,0.027,286.67,B
April,9,08:00:00,0.9701,68.0,1.0,0.0147,288.42,B
April,9,08:30:00,0.9576,119.0,1.0,0.0084,272.26,B
April,9,09:00:00,1.0,156.0,0.0,0.0,304.76,B
April,9,09:30:00,0.9817,218.0,0.0,0.0,291.82,B
April,9,10:00:00,0.9773,266.0,2.0,0.0075,316.53,B
April,9,10:30:00,0.5231,286.0,26.0,0.0909,328.8,B
April,9,11:00:00,0.7591,359.0,2.0,0.0056,361.97,B
April,9,11:30:00,0.9972,354.0,0.0,0.0,336.26,B
April,9,12:00:00,0.962,423.0,2.0,0.0047,343.75,B
April,9,12:30:00,0.9606,407.0,1.0,0.0025,345.14,B
April,9,13:00:00,0.9976,410.0,1.0,0.0024,342.42,B
April,9,13:30:00,0.9652,375.0,1.0,0.0027,347.95,B
April,9,14:00:00,0.9872,391.0,0.0,0.0,346.84,B
April,9,14:30:00,0.9508,492.0,4.0,0.0081,320.25,B
April,9,15:00:00,0.9977,426.0,0.0,0.0,327.17,B
April,9,15:30:00,0.9118,444.0,2.0,0.0045,338.45,B
April,9,16:00:00,0.9978,448.0,0.0,0.0,354.85,B
April,9,16:30:00,0.9206,433.0,5.0,0.0115,335.66,B
April,9,17:00:00,0.9716,390.0,2.0,0.0051,341.04,B
April,9,17:30:00,0.957,395.0,0.0,0.0,364.84,B
April,9,18:00:00,0.9614,312.0,1.0,0.0032,356.18,B
April,9,18:30:00,0.9608,306.0,0.0,0.0,333.46,B
April,9,19:00:00,0.9809,263.0,1.0,0.0038,342.68,B
April,9,19:30:00,0.9955,223.0,0.0,0.0,354.13,B
April,9,20:00:00,0.9763,212.0,1.0,0.0047,303.23,B
April,9,20:30:00,0.9055,201.0,0.0,0.0,321.81,B
April,9,21:00:00,0.9933,150.0,1.0,0.0067,327.58,B
April,9,21:30:00,0.9328,134.0,0.0,0.0,396.81,B
April,9,22:00:00,1.0,78.0,0.0,0.0,282.67,B
April,9,22:30:00,1.0,81.0,0.0,0.0,345.56,B
April,9,23:00:00,1.0,57.0,0.0,0.0,292.98,B
April,9,23:30:00,1.0,48.0,0.0,0.0,293.13,B
April,10,00:00:00,1.0,32.0,0.0,0.0,373.69,B
April,10,00:30:00,1.0,23.0,0.0,0.0,347.52,B
April,10,01:00:00,1.0,11.0,0.0,0.0,273.0,B
April,10,01:30:00,0.8889,9.0,0.0,0.0,264.56,B
April,10,02:00:00,1.0,5.0,0.0,0.0,446.8,B
April,10,02:30:00,1.0,4.0,0.0,0.0,458.25,B
April,10,03:00:00,1.0,2.0,0.0,0.0,290.0,B
April,10,03:30:00,1.0,1.0,0.0,0.0,1155.0,B
April,10,04:00:00,1.0,1.0,0.0,0.0,656.0,B
April,10,04:30:00,1.0,0.0,0.0,0.0,656.0,B
April,10,05:00:00,1.0,2.0,0.0,0.0,237.5,B
April,10,05:30:00,1.0,3.0,1.0,0.3333,282.0,B
April,10,06:00:00,1.0,7.0,2.0,0.2857,237.2,B
April,10,06:30:00,0.5,3.0,1.0,0.3333,516.5,B
April,10,07:00:00,0.95,20.0,0.0,0.0,178.45,B
April,10,07:30:00,0.6176,36.0,2.0,0.0556,265.26,B
April,10,08:00:00,0.9661,59.0,0.0,0.0,325.39,B
April,10,08:30:00,1.0,102.0,0.0,0.0,291.7,B
April,10,09:00:00,0.9548,156.0,1.0,0.0064,304.1,B
April,10,09:30:00,0.8601,195.0,2.0,0.0103,313.29,B
April,10,10:00:00,0.9262,244.0,0.0,0.0,322.54,B
April,10,10:30:00,0.8997,300.0,1.0,0.0033,309.19,B
April,10,11:00:00,0.9258,284.0,1.0,0.0035,351.22,B
April,10,11:30:00,0.9132,312.0,1.0,0.0032,316.36,B
April,10,12:00:00,0.9677,372.0,1.0,0.0027,316.87,B
April,10,12:30:00,0.9005,396.0,4.0,0.0101,329.03,B
April,10,13:00:00,0.9918,366.0,0.0,0.0,313.45,B
April,10,13:30:00,0.9446,330.0,5.0,0.0152,328.22,B
April,10,14:00:00,0.9313,394.0,1.0,0.0025,336.35,B
April,10,14:30:00,0.9475,419.0,0.0,0.0,333.79,B
April,10,15:00:00,0.974,388.0,3.0,0.0077,352.57,B
April,10,15:30:00,0.9926,405.0,0.0,0.0,322.67,B
April,10,16:00:00,0.9973,368.0,1.0,0.0027,331.12,B
April,10,16:30:00,0.9194,424.0,2.0,0.0047,341.37,B
April,10,17:00:00,0.9793,390.0,3.0,0.0077,323.08,B
April,10,17:30:00,0.9874,317.0,0.0,0.0,341.11,B
April,10,18:00:00,0.9688,323.0,2.0,0.0062,331.27,B
April,10,18:30:00,0.9236,305.0,4.0,0.0131,342.42,B
April,10,19:00:00,0.9647,283.0,0.0,0.0,326.39,B
April,10,19:30:00,0.9138,232.0,0.0,0.0,307.85,B
April,10,20:00:00,0.9901,204.0,1.0,0.0049,301.27,B
April,10,20:30:00,0.9495,199.0,1.0,0.005,337.56,B
April,10,21:00:00,0.9938,160.0,0.0,0.0,347.81,B
April,10,21:30:00,1.0,111.0,0.0,0.0,307.33,B
April,10,22:00:00,0.978,92.0,1.0,0.0109,340.46,B
April,10,22:30:00,0.9863,73.0,0.0,0.0,320.52,B
April,10,23:00:00,1.0,51.0,0.0,0.0,390.14,B
April,10,23:30:00,0.9744,39.0,0.0,0.0,285.44,B
April,11,00:00:00,1.0,38.0,0.0,0.0,259.37,B
April,11,00:30:00,1.0,20.0,0.0,0.0,290.25,B
April,11,01:00:00,0.8333,6.0,0.0,0.0,282.17,B
April,11,01:30:00,0.5,6.0,0.0,0.0,228.83,B
April,11,02:00:00,1.0,2.0,0.0,0.0,221.5,B
April,11,02:30:00,1.0,2.0,0.0,0.0,788.5,B
April,11,03:00:00,1.0,9.0,0.0,0.0,46.56,B
April,11,03:30:00,1.0,14.0,0.0,0.0,51.64,B
April,11,04:00:00,1.0,5.0,0.0,0.0,72.0,B
April,11,04:30:00,1.0,6.0,0.0,0.0,66.67,B
April,11,05:00:00,1.0,1.0,0.0,0.0,17.0,B
April,11,05:30:00,0.5,2.0,0.0,0.0,255.5,B
April,11,06:00:00,1.0,5.0,1.0,0.2,273.75,B
April,11,06:30:00,0.0,5.0,4.0,0.8,253.0,B
April,11,07:00:00,0.8438,34.0,2.0,0.0588,133.47,B
April,11,07:30:00,0.7273,37.0,4.0,0.1081,268.79,B
April,11,08:00:00,0.8953,86.0,0.0,0.0,279.33,B
April,11,08:30:00,0.9231,92.0,1.0,0.0109,357.92,B
April,11,09:00:00,0.8931,162.0,3.0,0.0185,275.15,B
April,11,09:30:00,0.891,214.0,3.0,0.014,267.55,B
April,11,10:00:00,0.8065,250.0,2.0,0.008,323.15,B
April,11,10:30:00,0.8239,306.0,5.0,0.0163,331.34,B
April,11,11:00:00,0.7778,323.0,8.0,0.0248,344.38,B
April,11,11:30:00,0.4692,418.0,45.0,0.1077,354.23,B
April,11,12:00:00,0.4447,471.0,55.0,0.1168,316.81,B
April,11,12:30:00,0.584,412.0,13.0,0.0316,347.91,B
April,11,13:00:00,0.7432,417.0,12.0,0.0288,331.92,B
April,11,13:30:00,0.7278,362.0,2.0,0.0055,348.64,B
April,11,14:00:00,0.7215,446.0,8.0,0.0179,362.66,B
April,11,14:30:00,0.9418,399.0,4.0,0.01,337.73,B
April,11,15:00:00,0.9606,460.0,3.0,0.0065,355.36,B
April,11,15:30:00,0.9247,428.0,3.0,0.007,332.17,B
April,11,16:00:00,0.9668,391.0,0.0,0.0,358.34,B
April,11,16:30:00,0.8657,437.0,20.0,0.0458,343.52,B
April,11,17:00:00,0.9521,380.0,4.0,0.0105,341.84,B
April,11,17:30:00,0.9861,360.0,1.0,0.0028,311.18,B
April,11,18:00:00,0.9125,346.0,3.0,0.0087,367.21,B
April,11,18:30:00,0.9829,294.0,1.0,0.0034,317.31,B
April,11,19:00:00,0.6439,285.0,7.0,0.0246,334.92,B
April,11,19:30:00,0.9,241.0,1.0,0.0041,311.93,B
April,11,20:00:00,0.949,197.0,1.0,0.0051,335.93,B
April,11,20:30:00,0.9947,187.0,0.0,0.0,354.67,B
April,11,21:00:00,0.9947,187.0,0.0,0.0,348.24,B
April,11,21:30:00,0.9947,187.0,0.0,0.0,283.61,B
April,11,22:00:00,0.9947,187.0,0.0,0.0,380.98,B
April,11,22:30:00,0.9947,187.0,0.0,0.0,311.58,B
April,11,23:00:00,0.9947,187.0,0.0,0.0,275.34,B
April,11,23:30:00,0.9947,187.0,0.0,0.0,442.75,B
April,12,00:00:00,0.9947,187.0,0.0,0.0,273.52,B
April,12,00:30:00,0.9947,187.0,0.0,0.0,324.23,B
April,12,01:00:00,0.9947,187.0,0.0,0.0,406.91,B
April,12,01:30:00,0.9947,187.0,0.0,0.0,258.5,B
April,12,02:00:00,0.9947,187.0,0.0,0.0,239.2,B
April,12,02:30:00,1.0,3.0,0.0,0.0,214.67,B
April,12,03:00:00,1.0,8.0,0.0,0.0,358.38,B
April,12,03:30:00,1.0,14.0,0.0,0.0,47.07,B
April,12,04:00:00,1.0,4.0,0.0,0.0,59.75,B
April,12,04:30:00,1.0,2.0,0.0,0.0,137.0,B
April,12,05:00:00,1.0,3.0,0.0,0.0,275.0,B
April,12,05:30:00,1.0,4.0,0.0,0.0,257.5,B
April,12,06:00:00,1.0,1.0,0.0,0.0,113.0,B
April,12,06:30:00,0.0,2.0,1.0,0.5,161.0,B
April,12,07:00:00,0.8889,9.0,0.0,0.0,229.89,B
April,12,07:30:00,1.0,10.0,0.0,0.0,315.9,B
April,12,08:00:00,1.0,23.0,1.0,0.0435,300.68,B
April,12,08:30:00,1.0,28.0,1.0,0.0357,311.33,B
April,12,09:00:00,1.0,80.0,0.0,0.0,279.39,B
April,12,09:30:00,0.9856,139.0,0.0,0.0,302.42,B
April,12,10:00:00,0.9783,186.0,2.0,0.0108,312.94,B
April,12,10:30:00,0.9626,187.0,0.0,0.0,316.87,B
April,12,11:00:00,0.9781,184.0,1.0,0.0054,306.33,B
April,12,11:30:00,0.877,254.0,2.0,0.0079,348.46,B
April,12,12:00:00,0.9412,272.0,0.0,0.0,307.75,B
April,12,12:30:00,0.7658,277.0,8.0,0.0289,326.28,B
April,12,13:00:00,0.4805,292.0,36.0,0.1233,359.95,B
April,12,13:30:00,0.4958,285.0,47.0,0.1649,349.72,B
April,12,14:00:00,0.5019,307.0,40.0,0.1303,359.29,B
April,12,14:30:00,0.5559,311.0,25.0,0.0804,333.23,B
April,12,15:00:00,0.7331,287.0,6.0,0.0209,336.31,B
April,12,15:30:00,0.7395,317.0,6.0,0.0189,310.25,B
April,12,16:00:00,0.8862,290.0,0.0,0.0,347.12,B
April,12,16:30:00,0.9253,243.0,2.0,0.0082,337.78,B
April,12,17:00:00,0.9225,273.0,2.0,0.0073,351.39,B
April,12,17:30:00,0.9879,250.0,2.0,0.008,328.65,B
April,12,18:00:00,0.7399,235.0,12.0,0.0511,364.03,B
April,12,18:30:00,0.5025,217.0,14.0,0.0645,342.45,B
April,12,19:00:00,0.5781,197.0,5.0,0.0254,368.07,B
April,12,19:30:00,0.9123,171.0,0.0,0.0,320.04,B
April,12,20:00:00,0.8195,136.0,3.0,0.0221,301.42,B
April,12,20:30:00,0.8644,120.0,2.0,0.0167,259.63,B
April,12,21:00:00,0.9029,104.0,1.0,0.0096,271.31,B
April,12,21:30:00,0.875,91.0,3.0,0.033,329.11,B
April,12,22:00:00,0.9538,65.0,0.0,0.0,335.91,B
April,12,22:30:00,1.0,54.0,0.0,0.0,291.5,B
April,12,23:00:00,0.913,46.0,0.0,0.0,253.17,B
April,12,23:30:00,0.9333,30.0,0.0,0.0,274.87,B
April,13,00:00:00,0.9394,33.0,0.0,0.0,248.42,B
April,13,00:30:00,0.9524,21.0,0.0,0.0,197.24,B
April,13,01:00:00,1.0,4.0,0.0,0.0,764.25,B
April,13,01:30:00,1.0,4.0,0.0,0.0,289.0,B
April,13,02:00:00,0.6,5.0,0.0,0.0,213.6,B
April,13,02:30:00,1.0,2.0,0.0,0.0,110.5,B
April,13,03:00:00,1.0,6.0,0.0,0.0,330.83,B
April,13,03:30:00,1.0,1.0,0.0,0.0,265.0,B
April,13,04:00:00,1.0,1.0,0.0,0.0,136.0,B
April,13,05:00:00,1.0,1.0,0.0,0.0,238.0,B
April,13,05:30:00,0.0,3.0,1.0,0.3333,779.5,B
April,13,06:30:00,1.0,1.0,0.0,0.0,316.0,B
April,13,07:00:00,1.0,3.0,0.0,0.0,278.67,B
April,13,07:30:00,1.0,5.0,0.0,0.0,380.8,B
April,13,08:00:00,0.9286,14.0,0.0,0.0,224.71,B
April,13,08:30:00,1.0,21.0,0.0,0.0,308.19,B
April,13,09:00:00,1.0,44.0,0.0,0.0,314.3,B
April,13,09:30:00,1.0,56.0,0.0,0.0,315.96,B
April,13,10:00:00,1.0,72.0,0.0,0.0,324.07,B
April,13,10:30:00,0.9895,95.0,0.0,0.0,291.87,B
April,13,11:00:00,0.9604,102.0,1.0,0.0098,315.75,B
April,13,11:30:00,0.8571,117.0,5.0,0.0427,260.42,B
April,13,12:00:00,0.6493,137.0,3.0,0.0219,279.07,B
April,13,12:30:00,0.7132,145.0,9.0,0.0621,294.35,B
April,13,13:00:00,0.7333,183.0,3.0,0.0164,297.22,B
April,13,13:30:00,0.8333,179.0,5.0,0.0279,311.87,B
April,13,14:00:00,0.8378,185.0,0.0,0.0,322.39,B
April,13,14:30:00,0.9899,198.0,0.0,0.0,281.52,B
April,13,15:00:00,1.0,206.0,0.0,0.0,293.37,B
April,13,15:30:00,0.9522,212.0,3.0,0.0142,289.26,B
April,13,16:00:00,0.9904,210.0,1.0,0.0048,290.94,B
April,13,16:30:00,1.0,178.0,0.0,0.0,283.48,B
April,13,17:00:00,0.8696,185.0,1.0,0.0054,287.23,B
April,13,17:30:00,0.8908,174.0,0.0,0.0,329.83,B
April,13,18:00:00,0.9471,170.0,0.0,0.0,282.62,B
April,13,18:30:00,0.9868,152.0,1.0,0.0066,295.34,B
April,13,19:00:00,0.9252,149.0,2.0,0.0134,275.23,B
April,13,19:30:00,1.0,127.0,0.0,0.0,266.93,B
April,13,20:00:00,0.9811,106.0,0.0,0.0,302.58,B
April,13,20:30:00,1.0,93.0,0.0,0.0,309.16,B
April,13,21:00:00,1.0,81.0,0.0,0.0,293.57,B
April,13,21:30:00,1.0,62.0,0.0,0.0,299.9,B
April,13,22:00:00,1.0,45.0,0.0,0.0,302.31,B
April,13,22:30:00,1.0,39.0,0.0,0.0,192.56,B
April,13,23:00:00,1.0,39.0,0.0,0.0,238.21,B
April,13,23:30:00,1.0,20.0,0.0,0.0,244.5,B
April,14,00:00:00,1.0,13.0,0.0,0.0,509.0,B
April,14,00:30:00,1.0,13.0,0.0,0.0,182.15,B
April,14,01:00:00,1.0,8.0,0.0,0.0,407.75,B
April,14,01:30:00,1.0,3.0,0.0,0.0,224.67,B
April,14,02:00:00,1.0,3.0,0.0,0.0,251.33,B
April,14,02:30:00,1.0,2.0,0.0,0.0,163.0,B
April,14,03:00:00,1.0,3.0,0.0,0.0,556.33,B
April,14,03:30:00,1.0,2.0,0.0,0.0,1170.5,B
April,14,04:00:00,1.0,1.0,0.0,0.0,271.0,B
April,14,04:30:00,1.0,3.0,0.0,0.0,284.0,B
April,14,05:00:00,1.0,2.0,0.0,0.0,220.5,B
April,14,05:30:00,1.0,1.0,0.0,0.0,31.0,B
April,14,06:00:00,1.0,2.0,0.0,0.0,396.5,B
April,14,06:30:00,1.0,3.0,1.0,0.3333,430.0,B
April,14,07:00:00,0.9412,17.0,0.0,0.0,257.88,B
April,14,07:30:00,0.9643,28.0,0.0,0.0,280.57,B
April,14,08:00:00,0.9851,68.0,1.0,0.0147,283.67,B
April,14,08:30:00,0.9423,105.0,1.0,0.0095,286.0,B
April,14,09:00:00,0.9885,174.0,0.0,0.0,319.95,B
April,14,09:30:00,0.9953,212.0,0.0,0.0,332.14,B
April,14,10:00:00,0.8815,293.0,6.0,0.0205,354.62,B
April,14,10:30:00,0.8513,320.0,4.0,0.0125,331.36,B
April,14,11:00:00,0.8713,338.0,4.0,0.0118,335.1,B
April,14,11:30:00,0.952,357.0,3.0,0.0084,349.49,B
April,14,12:00:00,0.9842,381.0,1.0,0.0026,341.09,B
April,14,12:30:00,0.7574,411.0,3.0,0.0073,340.22,B
April,14,13:00:00,0.8547,416.0,3.0,0.0072,346.23,B
April,14,13:30:00,0.9253,419.0,4.0,0.0095,323.37,B
April,14,14:00:00,0.7638,458.0,5.0,0.0109,336.9,B
April,14,14:30:00,0.9043,464.0,4.0,0.0086,357.14,B
April,14,15:00:00,0.9913,461.0,0.0,0.0,340.87,B
April,14,15:30:00,0.962,478.0,4.0,0.0084,335.57,B
April,14,16:00:00,0.974,462.0,0.0,0.0,327.41,B
April,14,16:30:00,0.984,438.0,1.0,0.0023,351.5,B
April,14,17:00:00,0.984,438.0,1.0,0.0023,351.5,B
April,14,17:30:00,0.984,438.0,1.0,0.0023,351.5,B
April,14,18:00:00,0.984,438.0,1.0,0.0023,351.5,B
April,14,18:30:00,0.984,438.0,1.0,0.0023,351.5,B
April,14,19:00:00,0.984,438.0,1.0,0.0023,351.5,B
April,14,19:30:00,0.984,438.0,1.0,0.0023,351.5,B
April,14,20:00:00,0.8984,247.0,1.0,0.004,352.84,B
April,14,20:30:00,0.9835,182.0,0.0,0.0,367.83,B
April,14,21:00:00,0.9213,180.0,2.0,0.0111,309.48,B
April,14,21:30:00,1.0,133.0,0.0,0.0,296.53,B
April,14,22:00:00,0.992,125.0,0.0,0.0,298.74,B
April,14,22:30:00,0.9741,116.0,0.0,0.0,318.71,B
April,14,23:00:00,0.9753,81.0,0.0,0.0,307.68,B
April,14,23:30:00,1.0,48.0,0.0,0.0,281.23,B
April,15,00:00:00,1.0,26.0,0.0,0.0,265.35,B
April,15,00:30:00,1.0,12.0,0.0,0.0,349.83,B
April,15,01:00:00,1.0,15.0,0.0,0.0,280.73,B
April,15,01:30:00,1.0,7.0,0.0,0.0,126.43,B
April,15,02:00:00,1.0,2.0,0.0,0.0,507.5,B
April,15,02:30:00,1.0,4.0,0.0,0.0,511.75,B
April,15,03:00:00,1.0,3.0,0.0,0.0,148.67,B
April,15,04:30:00,1.0,2.0,0.0,0.0,190.5,B
April,15,05:00:00,1.0,2.0,0.0,0.0,372.0,B
April,15,05:30:00,1.0,2.0,1.0,0.5,293.0,B
April,15,06:00:00,1.0,6.0,0.0,0.0,564.17,B
April,15,06:30:00,0.75,8.0,0.0,0.0,308.88,B
April,15,07:00:00,0.8824,17.0,0.0,0.0,242.06,B
April,15,07:30:00,0.8947,40.0,2.0,0.05,320.68,B
April,15,08:00:00,0.9315,74.0,1.0,0.0135,248.18,B
April,15,08:30:00,0.9545,111.0,1.0,0.009,328.1,B
April,15,09:00:00,0.9821,168.0,0.0,0.0,307.02,B
April,15,09:30:00,0.7042,219.0,6.0,0.0274,394.23,B
April,15,10:00:00,0.9601,277.0,1.0,0.0036,376.78,B
April,15,10:30:00,0.9703,270.0,1.0,0.0037,350.47,B
April,15,11:00:00,0.9866,299.0,0.0,0.0,351.11,B
April,15,11:30:00,0.9392,331.0,2.0,0.006,341.53,B
April,15,12:00:00,0.9437,358.0,3.0,0.0084,351.81,B
April,15,12:30:00,0.7946,372.0,2.0,0.0054,351.21,B
April,15,13:00:00,0.9315,409.0,0.0,0.0,326.17,B
April,15,13:30:00,0.9843,385.0,2.0,0.0052,318.37,B
April,15,14:00:00,0.9548,423.0,3.0,0.0071,332.76,B
April,15,14:30:00,0.9709,447.0,1.0,0.0022,327.3,B
April,15,15:00:00,0.7805,457.0,6.0,0.0131,345.29,B
April,15,15:30:00,0.7556,417.0,12.0,0.0288,330.77,B
April,15,16:00:00,0.7314,446.0,3.0,0.0067,348.25,B
April,15,16:30:00,0.7971,411.0,2.0,0.0049,359.38,B
April,15,17:00:00,0.9774,444.0,2.0,0.0045,350.98,B
April,15,17:30:00,0.8527,360.0,7.0,0.0194,345.24,B
April,15,18:00:00,0.8307,382.0,4.0,0.0105,330.42,B
April,15,18:30:00,0.9773,310.0,1.0,0.0032,318.32,B
April,15,19:00:00,0.6954,329.0,4.0,0.0122,343.02,B
April,15,19:30:00,0.8717,266.0,1.0,0.0038,350.32,B
April,15,20:00:00,0.8861,242.0,5.0,0.0207,331.24,B
April,15,20:30:00,0.9198,190.0,3.0,0.0158,321.69,B
April,15,21:00:00,0.9545,156.0,2.0,0.0128,312.67,B
April,15,21:30:00,1.0,132.0,1.0,0.0076,313.93,B
April,15,22:00:00,0.9727,110.0,0.0,0.0,349.89,B
April,15,22:30:00,1.0,87.0,0.0,0.0,266.13,B
April,15,23:00:00,0.9231,67.0,2.0,0.0299,355.51,B
April,15,23:30:00,0.9643,58.0,2.0,0.0345,268.89,B
April,16,00:00:00,0.9333,30.0,0.0,0.0,373.53,B
April,16,00:30:00,1.0,25.0,0.0,0.0,347.88,B
April,16,01:00:00,0.9,20.0,0.0,0.0,277.05,B
April,16,01:30:00,1.0,1.0,0.0,0.0,382.0,B
April,16,02:00:00,1.0,3.0,0.0,0.0,213.33,B
April,16,02:30:00,1.0,4.0,0.0,0.0,546.5,B
April,16,03:00:00,1.0,4.0,0.0,0.0,426.5,B
April,16,03:30:00,1.0,3.0,0.0,0.0,311.0,B
April,16,04:00:00,1.0,3.0,0.0,0.0,193.0,B
April,16,04:30:00,1.0,2.0,0.0,0.0,293.5,B
April,16,05:00:00,1.0,2.0,0.0,0.0,98.0,B
April,16,05:30:00,1.0,3.0,0.0,0.0,423.67,B
April,16,06:00:00,1.0,8.0,0.0,0.0,327.88,B
April,16,06:30:00,1.0,1.0,1.0,1.0,327.88,B
April,16,07:00:00,1.0,21.0,0.0,0.0,210.95,B
April,16,07:30:00,0.6563,34.0,2.0,0.0588,302.13,B
April,16,08:00:00,0.9556,90.0,0.0,0.0,257.53,B
April,16,08:30:00,0.877,126.0,4.0,0.0317,336.16,B
April,16,09:00:00,0.8462,196.0,1.0,0.0051,313.24,B
April,16,09:30:00,0.9467,225.0,0.0,0.0,311.11,B
April,16,10:00:00,0.9921,254.0,0.0,0.0,304.18,B
April,16,10:30:00,0.72,310.0,10.0,0.0323,332.59,B
April,16,11:00:00,0.8375,360.0,3.0,0.0083,322.53,B
April,16,11:30:00,0.9391,396.0,2.0,0.0051,304.11,B
April,16,12:00:00,0.9848,394.0,0.0,0.0,330.19,B
April,16,12:30:00,0.9447,382.0,2.0,0.0052,324.72,B
April,16,13:00:00,0.9822,450.0,0.0,0.0,325.24,B
April,16,13:30:00,0.9831,415.0,1.0,0.0024,319.58,B
April,16,14:00:00,0.9951,412.0,0.0,0.0,333.96,B
April,16,14:30:00,0.9808,417.0,1.0,0.0024,348.91,B
April,16,15:00:00,0.9899,399.0,1.0,0.0025,337.92,B
April,16,15:30:00,0.9929,425.0,0.0,0.0,332.54,B
April,16,16:00:00,1.0,407.0,0.0,0.0,317.14,B
April,16,16:30:00,0.9925,398.0,0.0,0.0,339.0,B
April,16,17:00:00,0.9915,355.0,0.0,0.0,335.93,B
April,16,17:30:00,0.941,377.0,4.0,0.0106,373.4,B
April,16,18:00:00,0.997,335.0,1.0,0.003,309.78,B
April,16,18:30:00,0.9771,307.0,1.0,0.0033,323.93,B
April,16,19:00:00,0.9798,299.0,2.0,0.0067,341.38,B
April,16,19:30:00,0.9733,225.0,0.0,0.0,371.41,B
April,16,20:00:00,0.7619,232.0,1.0,0.0043,337.32,B
April,16,20:30:00,0.9724,181.0,0.0,0.0,357.92,B
April,16,21:00:00,0.9877,163.0,1.0,0.0061,323.9,B
April,16,21:30:00,0.9714,140.0,0.0,0.0,342.73,B
April,16,22:00:00,1.0,118.0,0.0,0.0,376.19,B
April,16,22:30:00,0.9881,85.0,1.0,0.0118,376.31,B
April,16,23:00:00,1.0,37.0,0.0,0.0,324.35,B
April,16,23:30:00,0.9778,45.0,0.0,0.0,302.13,B
April,17,00:00:00,1.0,19.0,0.0,0.0,341.32,B
April,17,00:30:00,1.0,19.0,1.0,0.0526,239.11,B
April,17,01:00:00,1.0,8.0,0.0,0.0,368.5,B
April,17,01:30:00,1.0,8.0,0.0,0.0,368.5,B
April,17,02:00:00,1.0,8.0,0.0,0.0,368.5,B
April,17,02:30:00,1.0,8.0,0.0,0.0,368.5,B
April,17,03:00:00,1.0,8.0,0.0,0.0,368.5,B
April,17,03:30:00,1.0,8.0,0.0,0.0,368.5,B
April,17,04:00:00,1.0,8.0,0.0,0.0,368.5,B
April,17,04:30:00,1.0,8.0,0.0,0.0,368.5,B
April,17,05:00:00,1.0,3.0,0.0,0.0,201.67,B
April,17,05:30:00,1.0,3.0,0.0,0.0,334.0,B
April,17,06:00:00,1.0,5.0,0.0,0.0,275.0,B
April,17,06:30:00,0.7778,11.0,2.0,0.1818,176.67,B
April,17,07:00:00,0.8947,19.0,0.0,0.0,308.47,B
April,17,07:30:00,0.9394,36.0,3.0,0.0833,289.58,B
April,17,08:00:00,0.9219,65.0,1.0,0.0154,302.33,B
April,17,08:30:00,0.8621,117.0,1.0,0.0085,322.66,B
April,17,09:00:00,0.9694,197.0,1.0,0.0051,340.35,B
April,17,09:30:00,0.9856,212.0,3.0,0.0142,297.75,B
April,17,10:00:00,0.9606,254.0,0.0,0.0,302.53,B
April,17,10:30:00,0.81,287.0,8.0,0.0279,336.76,B
April,17,11:00:00,0.9135,314.0,2.0,0.0064,314.98,B
April,17,11:30:00,0.8895,367.0,5.0,0.0136,326.79,B
April,17,12:00:00,0.9721,363.0,5.0,0.0138,365.81,B
April,17,12:30:00,0.9916,360.0,1.0,0.0028,324.14,B
April,17,13:00:00,0.9176,369.0,5.0,0.0136,326.37,B
April,17,13:30:00,0.8775,402.0,2.0,0.005,327.91,B
April,17,14:00:00,0.9669,394.0,1.0,0.0025,353.69,B
April,17,14:30:00,0.9973,373.0,0.0,0.0,324.62,B
April,17,15:00:00,0.9861,431.0,0.0,0.0,341.1,B
April,17,15:30:00,0.964,417.0,0.0,0.0,342.13,B
April,17,16:00:00,0.9922,386.0,0.0,0.0,347.08,B
April,17,16:30:00,0.983,413.0,1.0,0.0024,328.24,B
April,17,17:00:00,0.9974,388.0,0.0,0.0,358.76,B
April,17,17:30:00,0.9845,390.0,2.0,0.0051,344.59,B
April,17,18:00:00,0.9581,361.0,3.0,0.0083,352.72,B
April,17,18:30:00,0.9596,322.0,0.0,0.0,354.71,B
April,17,19:00:00,0.9599,275.0,1.0,0.0036,328.95,B
April,17,19:30:00,0.9958,238.0,0.0,0.0,329.0,B
April,17,20:00:00,0.9906,214.0,1.0,0.0047,352.2,B
April,17,20:30:00,1.0,173.0,1.0,0.0058,302.17,B
April,17,21:00:00,0.9818,165.0,0.0,0.0,310.3,B
April,17,21:30:00,1.0,124.0,0.0,0.0,345.07,B
April,17,22:00:00,0.9583,73.0,1.0,0.0137,368.43,B
April,17,22:30:00,1.0,62.0,0.0,0.0,359.85,B
April,17,23:00:00,0.9516,62.0,0.0,0.0,316.06,B
April,17,23:30:00,1.0,48.0,0.0,0.0,298.56,B
April,18,00:00:00,0.973,37.0,0.0,0.0,272.73,B
April,18,00:30:00,1.0,20.0,0.0,0.0,257.9,B
April,18,01:00:00,1.0,18.0,0.0,0.0,435.56,B
April,18,01:30:00,1.0,6.0,0.0,0.0,149.5,B
April,18,02:00:00,1.0,4.0,0.0,0.0,327.75,B
April,18,02:30:00,1.0,2.0,0.0,0.0,580.0,B
April,18,03:00:00,1.0,1.0,0.0,0.0,415.0,B
April,18,03:30:00,1.0,2.0,0.0,0.0,414.0,B
April,18,04:00:00,1.0,1.0,0.0,0.0,171.0,B
April,18,04:30:00,1.0,0.0,0.0,0.0,171.0,B
April,18,05:00:00,1.0,3.0,0.0,0.0,277.33,B
April,18,05:30:00,1.0,9.0,0.0,0.0,331.11,B
April,18,06:00:00,1.0,8.0,0.0,0.0,244.0,B
April,18,06:30:00,1.0,6.0,1.0,0.1667,474.6,B
April,18,07:00:00,0.9333,30.0,0.0,0.0,173.5,B
April,18,07:30:00,0.9,44.0,4.0,0.0909,330.55,B
April,18,08:00:00,0.9278,97.0,0.0,0.0,318.22,B
April,18,08:30:00,0.8273,112.0,2.0,0.0179,334.03,B
April,18,09:00:00,0.9571,164.0,1.0,0.0061,320.99,B
April,18,09:30:00,0.9882,170.0,0.0,0.0,343.91,B
April,18,10:00:00,0.9874,238.0,0.0,0.0,310.03,B
April,18,10:30:00,0.9888,268.0,0.0,0.0,323.41,B
April,18,11:00:00,1.0,303.0,1.0,0.0033,311.93,B
April,18,11:30:00,0.9804,360.0,2.0,0.0056,326.6,B
April,18,12:00:00,0.9947,380.0,1.0,0.0026,338.51,B
April,18,12:30:00,0.9969,327.0,1.0,0.0031,326.86,B
April,18,13:00:00,0.9253,350.0,2.0,0.0057,307.44,B
April,18,13:30:00,0.7965,408.0,5.0,0.0123,321.03,B
April,18,14:00:00,0.9147,342.0,2.0,0.0058,323.95,B
April,18,14:30:00,0.6738,432.0,12.0,0.0278,353.75,B
April,18,15:00:00,0.9649,372.0,2.0,0.0054,355.35,B
April,18,15:30:00,0.9509,407.0,0.0,0.0,325.25,B
April,18,16:00:00,0.9865,370.0,0.0,0.0,345.06,B
April,18,16:30:00,0.9808,366.0,1.0,0.0027,336.68,B
April,18,17:00:00,0.9891,366.0,0.0,0.0,323.88,B
April,18,17:30:00,1.0,327.0,1.0,0.0031,331.31,B
April,18,18:00:00,0.9905,318.0,2.0,0.0063,310.73,B
April,18,18:30:00,1.0,279.0,2.0,0.0072,385.66,B
April,18,19:00:00,0.996,253.0,1.0,0.004,338.31,B
April,18,19:30:00,0.9867,226.0,1.0,0.0044,308.6,B
April,18,20:00:00,0.9266,177.0,0.0,0.0,304.72,B
April,18,20:30:00,0.9804,153.0,0.0,0.0,336.03,B
April,18,21:00:00,1.0,147.0,0.0,0.0,316.82,B
April,18,21:30:00,0.9474,135.0,2.0,0.0148,278.67,B
April,18,22:00:00,0.9888,89.0,0.0,0.0,306.69,B
April,18,22:30:00,0.9877,81.0,0.0,0.0,307.16,B
April,18,23:00:00,1.0,51.0,0.0,0.0,295.08,B
April,18,23:30:00,0.9643,56.0,0.0,0.0,273.63,B
April,19,00:00:00,1.0,47.0,0.0,0.0,306.13,B
April,19,00:30:00,1.0,22.0,0.0,0.0,322.82,B
April,19,01:00:00,0.7692,18.0,5.0,0.2778,352.69,B
April,19,01:30:00,0.625,9.0,1.0,0.1111,349.75,B
April,19,02:00:00,1.0,6.0,0.0,0.0,329.83,B
April,19,02:30:00,1.0,3.0,0.0,0.0,142.33,B
April,19,03:00:00,1.0,1.0,0.0,0.0,343.0,B
April,19,03:30:00,1.0,1.0,0.0,0.0,61.0,B
April,19,05:00:00,1.0,2.0,0.0,0.0,375.5,B
April,19,05:30:00,1.0,2.0,0.0,0.0,274.5,B
April,19,06:00:00,1.0,0.0,0.0,0.0,274.5,B
April,19,06:30:00,1.0,6.0,0.0,0.0,278.17,B
April,19,07:00:00,1.0,4.0,0.0,0.0,221.5,B
April,19,07:30:00,1.0,10.0,0.0,0.0,423.9,B
April,19,08:00:00,1.0,26.0,0.0,0.0,319.69,B
April,19,08:30:00,1.0,37.0,0.0,0.0,261.22,B
April,19,09:00:00,0.99,101.0,1.0,0.0099,253.52,B
April,19,09:30:00,0.9923,131.0,1.0,0.0076,308.19,B
April,19,10:00:00,1.0,162.0,1.0,0.0062,333.62,B
April,19,10:30:00,0.9844,195.0,3.0,0.0154,284.48,B
April,19,11:00:00,0.9854,206.0,1.0,0.0049,327.07,B
April,19,11:30:00,0.9812,269.0,3.0,0.0112,323.91,B
April,19,12:00:00,0.9922,258.0,0.0,0.0,331.28,B
April,19,12:30:00,0.9756,247.0,1.0,0.004,332.52,B
April,19,13:00:00,0.9892,279.0,0.0,0.0,300.36,B
April,19,13:30:00,0.837,326.0,7.0,0.0215,329.09,B
April,19,14:00:00,0.9736,343.0,2.0,0.0058,335.13,B
April,19,14:30:00,0.9763,295.0,0.0,0.0,345.19,B
April,19,15:00:00,0.9763,295.0,0.0,0.0,345.19,B
April,19,15:30:00,0.9763,295.0,0.0,0.0,345.19,B
April,19,16:00:00,0.9763,295.0,0.0,0.0,345.19,B
April,19,16:30:00,0.9763,295.0,0.0,0.0,345.19,B
April,19,17:00:00,0.9763,295.0,0.0,0.0,345.19,B
April,19,17:30:00,0.9763,295.0,0.0,0.0,345.19,B
April,19,18:00:00,0.9763,295.0,0.0,0.0,345.19,B
April,19,18:30:00,0.9763,295.0,0.0,0.0,345.19,B
April,19,19:00:00,0.9763,295.0,0.0,0.0,345.19,B
April,19,19:30:00,0.9763,295.0,0.0,0.0,345.19,B
April,19,20:00:00,0.9247,148.0,2.0,0.0135,281.62,B
April,19,20:30:00,0.9412,119.0,0.0,0.0,349.15,B
April,19,21:00:00,0.9892,93.0,0.0,0.0,343.51,B
April,19,21:30:00,1.0,98.0,0.0,0.0,306.36,B
April,19,22:00:00,0.9859,72.0,1.0,0.0139,315.1,B
April,19,22:30:00,0.9559,68.0,0.0,0.0,312.41,B
April,19,23:00:00,1.0,40.0,0.0,0.0,271.78,B
April,19,23:30:00,1.0,30.0,0.0,0.0,356.23,B
April,20,00:00:00,1.0,26.0,0.0,0.0,198.92,B
April,20,00:30:00,1.0,20.0,0.0,0.0,345.15,B
April,20,01:00:00,1.0,7.0,0.0,0.0,209.86,B
April,20,01:30:00,1.0,4.0,0.0,0.0,397.5,B
April,20,02:00:00,1.0,4.0,0.0,0.0,427.5,B
April,20,02:30:00,1.0,2.0,0.0,0.0,181.5,B
April,20,03:00:00,1.0,2.0,0.0,0.0,26.0,B
April,20,04:30:00,1.0,2.0,0.0,0.0,219.5,B
April,20,06:00:00,1.0,3.0,0.0,0.0,257.33,B
April,20,06:30:00,1.0,4.0,0.0,0.0,885.0,B
April,20,07:00:00,1.0,6.0,0.0,0.0,155.33,B
April,20,07:30:00,1.0,8.0,0.0,0.0,289.25,B
April,20,08:00:00,1.0,17.0,0.0,0.0,169.59,B
April,20,08:30:00,0.8947,20.0,1.0,0.05,312.89,B
April,20,09:00:00,0.9143,36.0,1.0,0.0278,253.66,B
April,20,09:30:00,0.8372,43.0,0.0,0.0,347.58,B
April,20,10:00:00,0.7925,53.0,0.0,0.0,332.15,B
April,20,10:30:00,0.6949,63.0,4.0,0.0635,335.1,B
April,20,11:00:00,0.6667,78.0,6.0,0.0769,381.9,B
April,20,11:30:00,0.8667,75.0,0.0,0.0,304.65,B
April,20,12:00:00,0.7654,83.0,2.0,0.0241,364.75,B
April,20,12:30:00,0.8571,92.0,1.0,0.0109,376.55,B
April,20,13:00:00,0.9364,110.0,0.0,0.0,289.85,B
April,20,13:30:00,1.0,81.0,0.0,0.0,263.51,B
April,20,14:00:00,0.951,104.0,2.0,0.0192,268.66,B
April,20,14:30:00,0.8,89.0,4.0,0.0449,330.49,B
April,20,15:00:00,0.8889,100.0,1.0,0.01,289.41,B
April,20,15:30:00,1.0,100.0,0.0,0.0,273.5,B
April,20,16:00:00,0.8879,118.0,2.0,0.0169,313.13,B
April,20,16:30:00,0.875,104.0,0.0,0.0,336.74,B
April,20,17:00:00,1.0,98.0,0.0,0.0,296.92,B
April,20,17:30:00,0.9894,94.0,0.0,0.0,283.6,B
April,20,18:00:00,1.0,69.0,0.0,0.0,305.68,B
April,20,18:30:00,0.8611,72.0,0.0,0.0,305.18,B
April,20,19:00:00,0.9846,68.0,3.0,0.0441,267.91,B
April,20,19:30:00,0.9481,78.0,1.0,0.0128,310.25,B
April,20,20:00:00,0.9733,75.0,0.0,0.0,298.43,B
April,20,20:30:00,0.9412,68.0,0.0,0.0,277.5,B
April,20,21:00:00,0.8841,69.0,0.0,0.0,325.91,B
April,20,21:30:00,1.0,51.0,0.0,0.0,292.08,B
April,20,22:00:00,0.7353,71.0,3.0,0.0423,286.91,B
April,20,22:30:00,0.8868,56.0,3.0,0.0536,303.58,B
April,20,23:00:00,0.9667,31.0,1.0,0.0323,289.6,B
April,20,23:30:00,1.0,34.0,0.0,0.0,260.91,B
April,21,00:00:00,1.0,26.0,0.0,0.0,246.31,B
April,21,00:30:00,1.0,13.0,0.0,0.0,311.69,B
April,21,01:00:00,1.0,9.0,0.0,0.0,562.11,B
April,21,01:30:00,1.0,4.0,0.0,0.0,473.5,B
April,21,02:00:00,1.0,2.0,0.0,0.0,233.0,B
April,21,02:30:00,1.0,1.0,0.0,0.0,1500.0,B
April,21,03:00:00,1.0,2.0,0.0,0.0,321.5,B
April,21,04:00:00,1.0,2.0,0.0,0.0,280.5,B
April,21,05:00:00,1.0,0.0,0.0,0.0,280.5,B
April,21,05:30:00,1.0,3.0,0.0,0.0,537.0,B
April,21,06:00:00,1.0,2.0,0.0,0.0,312.5,B
April,21,06:30:00,0.5,4.0,0.0,0.0,215.0,B
April,21,07:00:00,1.0,17.0,0.0,0.0,245.29,B
April,21,07:30:00,1.0,28.0,0.0,0.0,198.43,B
April,21,08:00:00,0.9846,65.0,0.0,0.0,271.69,B
April,21,08:30:00,0.9231,93.0,2.0,0.0215,347.32,B
April,21,09:00:00,0.9613,155.0,0.0,0.0,286.68,B
April,21,09:30:00,0.9802,203.0,1.0,0.0049,257.89,B
April,21,10:00:00,0.9832,297.0,0.0,0.0,309.29,B
April,21,10:30:00,0.7452,327.0,13.0,0.0398,314.12,B
April,21,11:00:00,0.9727,366.0,0.0,0.0,328.54,B
April,21,11:30:00,0.9889,361.0,2.0,0.0055,328.4,B
April,21,12:00:00,0.9814,429.0,0.0,0.0,299.45,B
April,21,12:30:00,0.951,450.0,1.0,0.0022,332.79,B
April,21,13:00:00,0.993,430.0,0.0,0.0,373.45,B
April,21,13:30:00,0.8275,396.0,25.0,0.0631,376.49,B
April,21,14:00:00,0.5039,464.0,79.0,0.1703,377.01,B
April,21,14:30:00,0.5352,448.0,121.0,0.2701,340.68,B
April,21,15:00:00,0.4674,504.0,74.0,0.1468,390.85,B
April,21,15:30:00,0.6457,486.0,9.0,0.0185,360.02,B
April,21,16:00:00,0.9464,487.0,2.0,0.0041,361.77,B
April,21,16:30:00,0.987,462.0,1.0,0.0022,329.31,B
April,21,17:00:00,0.9451,442.0,5.0,0.0113,401.74,B
April,21,17:30:00,0.9828,407.0,1.0,0.0025,352.01,B
April,21,18:00:00,0.9027,373.0,3.0,0.008,379.21,B
April,21,18:30:00,0.9522,358.0,2.0,0.0056,335.31,B
April,21,19:00:00,0.8639,346.0,8.0,0.0231,328.62,B
April,21,19:30:00,0.6573,293.0,7.0,0.0239,367.21,B
April,21,20:00:00,0.8864,275.0,2.0,0.0073,312.41,B
April,21,20:30:00,0.9955,223.0,0.0,0.0,324.78,B
April,21,21:00:00,1.0,135.0,0.0,0.0,324.27,B
April,21,21:30:00,0.985,134.0,1.0,0.0075,371.26,B
April,21,22:00:00,0.9898,99.0,1.0,0.0101,332.92,B
April,21,22:30:00,0.9885,90.0,3.0,0.0333,288.86,B
April,21,23:00:00,0.9636,55.0,0.0,0.0,330.05,B
April,21,23:30:00,0.9412,34.0,0.0,0.0,319.0,B
April,22,00:00:00,1.0,42.0,0.0,0.0,273.98,B
April,22,00:30:00,1.0,28.0,0.0,0.0,265.93,B
April,22,01:00:00,1.0,12.0,1.0,0.0833,346.82,B
April,22,01:30:00,1.0,8.0,0.0,0.0,224.88,B
April,22,02:00:00,1.0,3.0,0.0,0.0,147.67,B
April,22,02:30:00,1.0,3.0,0.0,0.0,267.0,B
April,22,03:00:00,1.0,1.0,0.0,0.0,119.0,B
April,22,03:30:00,1.0,2.0,0.0,0.0,137.0,B
April,22,04:00:00,1.0,2.0,0.0,0.0,176.5,B
April,22,05:00:00,1.0,1.0,0.0,0.0,154.0,B
April,22,05:30:00,1.0,1.0,0.0,0.0,362.0,B
April,22,06:00:00,1.0,2.0,0.0,0.0,143.5,B
April,22,06:30:00,0.25,9.0,1.0,0.1111,393.75,B
April,22,07:00:00,0.8889,27.0,0.0,0.0,258.59,B
April,22,07:30:00,0.9512,42.0,1.0,0.0238,279.59,B
April,22,08:00:00,0.9861,72.0,0.0,0.0,285.51,B
April,22,08:30:00,1.0,91.0,0.0,0.0,283.97,B
April,22,09:00:00,0.962,184.0,0.0,0.0,323.46,B
April,22,09:30:00,0.972,252.0,2.0,0.0079,334.55,B
April,22,10:00:00,0.9398,267.0,1.0,0.0037,330.65,B
April,22,10:30:00,0.4785,332.0,29.0,0.0873,333.6,B
April,22,11:00:00,0.8393,337.0,1.0,0.003,354.44,B
April,22,11:30:00,0.9699,332.0,0.0,0.0,359.76,B
April,22,12:00:00,0.8729,364.0,2.0,0.0055,360.77,B
April,22,12:30:00,0.6053,377.0,35.0,0.0928,352.58,B
April,22,13:00:00,0.6074,447.0,14.0,0.0313,359.63,B
April,22,13:30:00,0.9681,408.0,1.0,0.0025,382.7,B
April,22,14:00:00,0.9619,447.0,1.0,0.0022,342.06,B
April,22,14:30:00,0.8446,406.0,7.0,0.0172,376.16,B
April,22,15:00:00,0.9867,452.0,0.0,0.0,355.21,B
April,22,15:30:00,0.9819,443.0,1.0,0.0023,335.14,B
April,22,16:00:00,1.0,404.0,1.0,0.0025,359.73,B
April,22,16:30:00,0.9852,406.0,0.0,0.0,343.97,B
April,22,17:00:00,0.8029,361.0,11.0,0.0305,368.55,B
April,22,17:30:00,0.5789,400.0,20.0,0.05,381.58,B
April,22,18:00:00,0.5629,335.0,17.0,0.0507,367.98,B
April,22,18:30:00,0.8805,319.0,1.0,0.0031,350.76,B
April,22,19:00:00,0.8902,257.0,2.0,0.0078,378.62,B
April,22,19:30:00,0.8212,275.0,1.0,0.0036,371.26,B
April,22,20:00:00,0.7537,208.0,5.0,0.024,379.18,B
April,22,20:30:00,0.934,199.0,2.0,0.0101,341.27,B
April,22,21:00:00,0.8671,159.0,1.0,0.0063,343.36,B
April,22,21:30:00,0.9847,131.0,0.0,0.0,313.5,B
April,22,22:00:00,0.8525,125.0,3.0,0.024,332.07,B
April,22,22:30:00,0.8608,82.0,3.0,0.0366,323.73,B
April,22,23:00:00,0.9565,69.0,0.0,0.0,315.0,B
April,22,23:30:00,1.0,42.0,1.0,0.0238,334.05,B
April,23,00:00:00,1.0,23.0,0.0,0.0,302.61,B
April,23,00:30:00,1.0,23.0,0.0,0.0,333.78,B
April,23,01:00:00,1.0,12.0,1.0,0.0833,274.18,B
April,23,01:30:00,1.0,4.0,2.0,0.5,191.0,B
April,23,02:00:00,1.0,3.0,0.0,0.0,367.33,B
April,23,02:30:00,1.0,4.0,0.0,0.0,208.25,B
April,23,03:00:00,1.0,2.0,0.0,0.0,257.0,B
April,23,03:30:00,1.0,1.0,0.0,0.0,134.0,B
April,23,04:00:00,1.0,1.0,0.0,0.0,394.0,B
April,23,04:30:00,1.0,2.0,0.0,0.0,257.0,B
April,23,05:00:00,1.0,1.0,0.0,0.0,60.0,B
April,23,06:00:00,1.0,6.0,0.0,0.0,617.5,B
April,23,06:30:00,0.8182,11.0,0.0,0.0,181.27,B
April,23,07:00:00,0.7778,27.0,0.0,0.0,370.74,B
April,23,07:30:00,0.9815,54.0,0.0,0.0,239.72,B
April,23,08:00:00,0.9565,92.0,0.0,0.0,276.29,B
April,23,08:30:00,0.9412,139.0,3.0,0.0216,298.85,B
April,23,09:00:00,0.838,181.0,2.0,0.011,303.7,B
April,23,09:30:00,0.8788,305.0,8.0,0.0262,320.35,B
April,23,10:00:00,0.8252,252.0,6.0,0.0238,297.55,B
April,23,10:30:00,0.8176,322.0,4.0,0.0124,302.88,B
April,23,11:00:00,0.6723,366.0,12.0,0.0328,353.68,B
April,23,11:30:00,0.5255,391.0,18.0,0.046,336.74,B
April,23,12:00:00,0.5315,388.0,23.0,0.0593,345.16,B
April,23,12:30:00,0.5275,396.0,32.0,0.0808,387.35,B
April,23,13:00:00,0.3686,384.0,34.0,0.0885,313.26,B
April,23,13:30:00,0.7074,457.0,23.0,0.0503,334.62,B
April,23,14:00:00,0.7974,464.0,5.0,0.0108,325.87,B
April,23,14:30:00,0.8235,376.0,2.0,0.0053,358.55,B
April,23,15:00:00,0.8993,409.0,2.0,0.0049,336.4,B
April,23,15:30:00,0.9383,461.0,7.0,0.0152,353.94,B
April,23,16:00:00,0.9784,418.0,1.0,0.0024,327.41,B
April,23,16:30:00,0.9696,463.0,2.0,0.0043,342.13,B
April,23,17:00:00,0.9853,411.0,2.0,0.0049,362.01,B
April,23,17:30:00,0.9535,409.0,0.0,0.0,321.59,B
April,23,18:00:00,0.9716,353.0,1.0,0.0028,346.86,B
April,23,18:30:00,0.9783,277.0,0.0,0.0,328.5,B
April,23,19:00:00,0.9896,290.0,1.0,0.0034,334.01,B
April,23,19:30:00,0.9752,202.0,0.0,0.0,340.64,B
April,23,20:00:00,0.9,205.0,5.0,0.0244,320.74,B
April,23,20:30:00,0.7212,178.0,13.0,0.073,327.22,B
April,23,21:00:00,0.6859,167.0,11.0,0.0659,324.33,B
April,23,21:30:00,0.7583,122.0,2.0,0.0164,362.42,B
April,23,22:00:00,0.6479,150.0,8.0,0.0533,322.16,B
April,23,22:30:00,0.8795,84.0,1.0,0.0119,265.76,B
April,23,23:00:00,0.9855,69.0,0.0,0.0,294.97,B
April,23,23:30:00,0.98,50.0,0.0,0.0,278.3,B
April,24,00:00:00,1.0,40.0,0.0,0.0,377.55,B
April,24,00:30:00,1.0,14.0,0.0,0.0,318.36,B
April,24,01:00:00,1.0,8.0,0.0,0.0,176.63,B
April,24,01:30:00,1.0,8.0,4.0,0.5,363.75,B
April,24,02:00:00,1.0,3.0,0.0,0.0,495.33,B
April,24,02:30:00,1.0,1.0,0.0,0.0,241.0,B
April,24,03:00:00,1.0,3.0,0.0,0.0,236.67,B
April,24,03:30:00,1.0,7.0,0.0,0.0,396.71,B
April,24,04:30:00,1.0,2.0,0.0,0.0,169.5,B
April,24,05:00:00,1.0,2.0,0.0,0.0,528.0,B
April,24,05:30:00,1.0,7.0,0.0,0.0,262.0,B
April,24,06:00:00,1.0,4.0,0.0,0.0,71.75,B
April,24,06:30:00,0.75,13.0,1.0,0.0769,185.0,B
April,24,07:00:00,0.9444,18.0,0.0,0.0,251.5,B
April,24,07:30:00,0.9412,53.0,2.0,0.0377,289.45,B
April,24,08:00:00,0.9565,69.0,0.0,0.0,296.96,B
April,24,08:30:00,0.9848,132.0,0.0,0.0,268.7,B
April,24,09:00:00,0.8906,194.0,2.0,0.0103,319.79,B
April,24,09:30:00,0.9405,253.0,1.0,0.004,299.85,B
April,24,10:00:00,0.8856,306.0,0.0,0.0,338.68,B
April,24,10:30:00,0.9416,292.0,1.0,0.0034,326.4,B
April,24,11:00:00,0.7973,302.0,1.0,0.0033,322.37,B
April,24,11:30:00,0.8213,355.0,8.0,0.0225,354.82,B
April,24,12:00:00,0.9264,395.0,1.0,0.0025,330.91,B
April,24,12:30:00,0.9263,342.0,3.0,0.0088,345.18,B
April,24,13:00:00,0.8545,335.0,5.0,0.0149,328.2,B
April,24,13:30:00,0.782,405.0,6.0,0.0148,306.93,B
April,24,14:00:00,0.8684,419.0,1.0,0.0024,345.73,B
April,24,14:30:00,0.9229,403.0,1.0,0.0025,318.36,B
April,24,15:00:00,0.9716,388.0,1.0,0.0026,333.15,B
April,24,15:30:00,0.9619,370.0,3.0,0.0081,347.99,B
April,24,16:00:00,0.9813,378.0,3.0,0.0079,340.59,B
April,24,16:30:00,0.9642,364.0,1.0,0.0027,351.06,B
April,24,17:00:00,0.9743,312.0,1.0,0.0032,332.16,B
April,24,17:30:00,0.9597,347.0,0.0,0.0,308.91,B
April,24,18:00:00,0.8956,318.0,2.0,0.0063,310.04,B
April,24,18:30:00,0.9184,295.0,1.0,0.0034,325.33,B
April,24,19:00:00,0.8785,248.0,1.0,0.004,334.43,B
April,24,19:30:00,0.8103,237.0,5.0,0.0211,351.28,B
April,24,20:00:00,0.8673,200.0,4.0,0.02,404.03,B
April,24,20:30:00,0.9825,171.0,0.0,0.0,321.75,B
April,24,21:00:00,0.9823,114.0,1.0,0.0088,319.05,B
April,24,21:30:00,0.9898,98.0,0.0,0.0,262.22,B
April,24,22:00:00,1.0,72.0,0.0,0.0,362.79,B
April,24,22:30:00,0.9857,70.0,0.0,0.0,296.89,B
April,24,23:00:00,0.9683,63.0,0.0,0.0,308.95,B
April,24,23:30:00,1.0,31.0,0.0,0.0,364.03,B
April,25,00:00:00,1.0,24.0,0.0,0.0,310.67,B
April,25,00:30:00,1.0,17.0,0.0,0.0,201.35,B
April,25,01:00:00,0.625,9.0,1.0,0.1111,397.25,B
April,25,01:30:00,0.0,10.0,4.0,0.4,360.67,B
April,25,02:00:00,0.0,5.0,0.0,0.0,671.6,B
April,25,02:30:00,0.0,5.0,0.0,0.0,671.6,B
April,25,03:00:00,0.0,5.0,0.0,0.0,671.6,B
April,25,03:30:00,0.0,5.0,0.0,0.0,671.6,B
April,25,04:00:00,0.0,5.0,0.0,0.0,671.6,B
April,25,04:30:00,0.0,5.0,0.0,0.0,671.6,B
April,25,05:00:00,0.0,5.0,0.0,0.0,671.6,B
April,25,06:00:00,0.0,5.0,0.0,0.0,671.6,B
April,25,06:30:00,0.0,5.0,0.0,0.0,671.6,B
April,25,07:00:00,0.0,5.0,0.0,0.0,671.6,B
April,25,07:30:00,0.9722,36.0,0.0,0.0,230.64,B
April,25,08:00:00,1.0,88.0,0.0,0.0,250.0,B
April,25,08:30:00,0.9688,96.0,0.0,0.0,309.18,B
April,25,09:00:00,0.8581,148.0,0.0,0.0,301.34,B
April,25,09:30:00,0.9286,196.0,0.0,0.0,315.93,B
April,25,10:00:00,0.9746,236.0,0.0,0.0,313.62,B
April,25,10:30:00,0.6945,288.0,13.0,0.0451,318.48,B
April,25,11:00:00,0.8927,318.0,1.0,0.0031,335.91,B
April,25,11:30:00,0.7514,365.0,11.0,0.0301,351.68,B
April,25,12:00:00,0.9162,358.0,0.0,0.0,338.57,B
April,25,12:30:00,0.7888,381.0,7.0,0.0184,347.86,B
April,25,13:00:00,0.9518,401.0,7.0,0.0175,305.01,B
April,25,13:30:00,0.802,398.0,4.0,0.0101,329.35,B
April,25,14:00:00,0.718,403.0,20.0,0.0496,333.45,B
April,25,14:30:00,0.523,452.0,18.0,0.0398,336.58,B
April,25,15:00:00,0.8765,430.0,1.0,0.0023,340.68,B
April,25,15:30:00,0.9126,438.0,3.0,0.0068,336.73,B
April,25,16:00:00,0.6843,446.0,12.0,0.0269,370.07,B
April,25,16:30:00,0.8973,411.0,2.0,0.0049,334.56,B
April,25,17:00:00,0.532,363.0,19.0,0.0523,333.97,B
April,25,17:30:00,0.7479,365.0,4.0,0.011,374.92,B
April,25,18:00:00,0.8705,367.0,4.0,0.0109,358.86,B
April,25,18:30:00,0.8562,297.0,5.0,0.0168,371.71,B
April,25,19:00:00,0.8362,292.0,5.0,0.0171,353.03,B
April,25,19:30:00,0.9898,196.0,0.0,0.0,342.05,B
April,25,20:00:00,0.8571,205.0,2.0,0.0098,325.65,B
April,25,20:30:00,0.7283,186.0,2.0,0.0108,344.24,B
April,25,21:00:00,0.9161,156.0,1.0,0.0064,329.97,B
April,25,21:30:00,0.9478,116.0,1.0,0.0086,377.18,B
April,25,22:00:00,0.9608,103.0,1.0,0.0097,322.67,B
April,25,22:30:00,1.0,91.0,0.0,0.0,284.66,B
April,25,23:00:00,1.0,53.0,0.0,0.0,339.77,B
April,25,23:30:00,0.9815,55.0,1.0,0.0182,281.11,B
April,26,00:00:00,1.0,42.0,0.0,0.0,358.79,B
April,26,00:30:00,1.0,25.0,0.0,0.0,229.76,B
April,26,01:00:00,1.0,5.0,1.0,0.2,423.0,B
April,26,01:30:00,1.0,5.0,0.0,0.0,293.2,B
April,26,02:00:00,1.0,5.0,0.0,0.0,445.2,B
April,26,02:30:00,1.0,1.0,0.0,0.0,460.0,B
April,26,03:00:00,1.0,1.0,0.0,0.0,260.0,B
April,26,03:30:00,1.0,2.0,0.0,0.0,214.5,B
April,26,04:00:00,1.0,1.0,0.0,0.0,216.0,B
April,26,04:30:00,1.0,2.0,0.0,0.0,347.5,B
April,26,05:00:00,1.0,3.0,0.0,0.0,227.0,B
April,26,05:30:00,1.0,3.0,0.0,0.0,301.33,B
April,26,06:00:00,1.0,2.0,0.0,0.0,244.0,B
April,26,06:30:00,1.0,7.0,0.0,0.0,353.29,B
April,26,07:00:00,1.0,5.0,0.0,0.0,231.8,B
April,26,07:30:00,1.0,15.0,0.0,0.0,219.6,B
April,26,08:00:00,1.0,37.0,0.0,0.0,249.89,B
April,26,08:30:00,1.0,34.0,0.0,0.0,261.18,B
April,26,09:00:00,1.0,92.0,0.0,0.0,263.64,B
April,26,09:30:00,0.9621,135.0,3.0,0.0222,281.23,B
April,26,10:00:00,0.9595,149.0,1.0,0.0067,301.93,B
April,26,10:30:00,0.882,182.0,4.0,0.022,322.28,B
April,26,11:00:00,0.9257,203.0,1.0,0.0049,298.39,B
April,26,11:30:00,0.6375,270.0,19.0,0.0704,362.48,B
April,26,12:00:00,0.9281,280.0,2.0,0.0071,351.13,B
April,26,12:30:00,0.7739,271.0,10.0,0.0369,334.7,B
April,26,13:00:00,0.7041,313.0,19.0,0.0607,342.1,B
April,26,13:30:00,0.571,343.0,40.0,0.1166,327.02,B
April,26,14:00:00,0.8153,321.0,7.0,0.0218,321.09,B
April,26,14:30:00,0.9829,294.0,1.0,0.0034,320.98,B
April,26,15:00:00,0.9652,290.0,3.0,0.0103,317.49,B
April,26,15:30:00,0.9613,286.0,2.0,0.007,304.45,B
April,26,16:00:00,0.941,272.0,1.0,0.0037,335.28,B
April,26,16:30:00,0.7757,279.0,7.0,0.0251,350.53,B
April,26,17:00:00,0.9373,271.0,0.0,0.0,336.35,B
April,26,17:30:00,0.8369,239.0,6.0,0.0251,359.69,B
April,26,18:00:00,0.8782,243.0,5.0,0.0206,360.24,B
April,26,18:30:00,0.6967,222.0,11.0,0.0495,349.21,B
April,26,19:00:00,0.9474,192.0,2.0,0.0104,325.67,B
April,26,19:30:00,0.9521,167.0,0.0,0.0,323.19,B
April,26,20:00:00,0.6014,160.0,12.0,0.075,275.3,B
April,26,20:30:00,0.8525,124.0,2.0,0.0161,339.19,B
April,26,21:00:00,0.7889,97.0,7.0,0.0722,284.53,B
April,26,21:30:00,0.8621,91.0,4.0,0.044,262.79,B
April,26,22:00:00,0.7778,74.0,2.0,0.027,278.65,B
April,26,22:30:00,0.9057,53.0,0.0,0.0,401.28,B
April,26,23:00:00,1.0,25.0,0.0,0.0,284.12,B
April,26,23:30:00,0.96,26.0,1.0,0.0385,212.08,B
April,27,00:00:00,1.0,20.0,0.0,0.0,293.2,B
April,27,00:30:00,1.0,19.0,0.0,0.0,191.26,B
April,27,01:00:00,1.0,5.0,0.0,0.0,166.8,B
April,27,01:30:00,1.0,1.0,0.0,0.0,75.0,B
April,27,02:00:00,1.0,1.0,0.0,0.0,139.0,B
April,27,02:30:00,1.0,2.0,0.0,0.0,249.0,B
April,27,03:30:00,1.0,4.0,0.0,0.0,265.5,B
April,27,04:00:00,1.0,1.0,0.0,0.0,40.0,B
April,27,04:30:00,1.0,2.0,0.0,0.0,619.5,B
April,27,05:00:00,1.0,1.0,0.0,0.0,1167.0,B
April,27,05:30:00,1.0,0.0,0.0,0.0,1167.0,B
April,27,06:00:00,1.0,2.0,0.0,0.0,326.0,B
April,27,06:30:00,1.0,3.0,0.0,0.0,155.33,B
April,27,07:00:00,1.0,9.0,0.0,0.0,207.89,B
April,27,07:30:00,0.875,8.0,0.0,0.0,352.25,B
April,27,08:00:00,1.0,15.0,0.0,0.0,249.93,B
April,27,08:30:00,1.0,19.0,0.0,0.0,318.95,B
April,27,09:00:00,1.0,71.0,1.0,0.0141,263.11,B
April,27,09:30:00,1.0,76.0,0.0,0.0,252.71,B
April,27,10:00:00,0.8625,82.0,2.0,0.0244,259.61,B
April,27,10:30:00,0.8161,88.0,1.0,0.0114,308.67,B
April,27,11:00:00,0.8889,99.0,0.0,0.0,288.28,B
April,27,11:30:00,0.9123,117.0,3.0,0.0256,284.3,B
April,27,12:00:00,0.7929,140.0,0.0,0.0,279.89,B
April,27,12:30:00,0.8734,159.0,1.0,0.0063,272.56,B
April,27,13:00:00,0.9675,155.0,1.0,0.0065,267.47,B
April,27,13:30:00,0.9556,182.0,2.0,0.011,283.84,B
April,27,14:00:00,0.9468,190.0,2.0,0.0105,277.81,B
April,27,14:30:00,0.9485,194.0,0.0,0.0,279.28,B
April,27,15:00:00,0.9733,227.0,2.0,0.0088,280.71,B
April,27,15:30:00,0.9866,224.0,0.0,0.0,294.17,B
April,27,16:00:00,0.9406,219.0,0.0,0.0,278.57,B
April,27,16:30:00,0.9455,221.0,1.0,0.0045,285.49,B
April,27,17:00:00,0.7277,209.0,7.0,0.0335,308.66,B
April,27,17:30:00,0.7581,192.0,6.0,0.0313,297.03,B
April,27,18:00:00,0.9886,176.0,0.0,0.0,269.43,B
April,27,18:30:00,0.8774,161.0,6.0,0.0373,295.01,B
April,27,19:00:00,0.9672,123.0,1.0,0.0081,264.06,B
April,27,19:30:00,1.0,114.0,0.0,0.0,280.65,B
April,27,20:00:00,1.0,87.0,0.0,0.0,290.11,B
April,27,20:30:00,1.0,100.0,0.0,0.0,279.08,B
April,27,21:00:00,1.0,89.0,0.0,0.0,275.88,B
April,27,21:30:00,1.0,89.0,0.0,0.0,275.88,B
April,27,22:00:00,1.0,89.0,0.0,0.0,275.88,B
April,27,22:30:00,1.0,89.0,0.0,0.0,275.88,B
April,27,23:00:00,1.0,89.0,0.0,0.0,275.88,B
April,27,23:30:00,1.0,89.0,0.0,0.0,275.88,B
April,28,00:00:00,1.0,89.0,0.0,0.0,275.88,B
April,28,00:30:00,1.0,89.0,0.0,0.0,275.88,B
April,28,01:00:00,1.0,89.0,0.0,0.0,275.88,B
April,28,01:30:00,1.0,4.0,0.0,0.0,406.0,B
April,28,02:00:00,1.0,5.0,0.0,0.0,176.4,B
April,28,02:30:00,1.0,6.0,0.0,0.0,616.0,B
April,28,03:30:00,1.0,1.0,0.0,0.0,327.0,B
April,28,04:00:00,1.0,0.0,0.0,0.0,327.0,B
April,28,04:30:00,1.0,4.0,0.0,0.0,238.5,B
April,28,05:00:00,1.0,1.0,0.0,0.0,442.0,B
April,28,05:30:00,1.0,4.0,0.0,0.0,301.25,B
April,28,06:30:00,0.5,5.0,1.0,0.2,556.0,B
April,28,07:00:00,1.0,10.0,0.0,0.0,348.6,B
April,28,07:30:00,0.8519,27.0,0.0,0.0,279.52,B
April,28,08:00:00,1.0,74.0,0.0,0.0,264.31,B
April,28,08:30:00,0.8696,97.0,5.0,0.0515,283.27,B
April,28,09:00:00,0.825,201.0,1.0,0.005,330.12,B
April,28,09:30:00,0.9956,229.0,2.0,0.0087,317.39,B
April,28,10:00:00,0.9697,266.0,2.0,0.0075,345.23,B
April,28,10:30:00,0.7927,335.0,7.0,0.0209,319.31,B
April,28,11:00:00,0.9734,340.0,2.0,0.0059,337.51,B
April,28,11:30:00,0.9603,379.0,1.0,0.0026,327.52,B
April,28,12:00:00,0.8155,420.0,8.0,0.019,323.2,B
April,28,12:30:00,0.6186,436.0,6.0,0.0138,344.47,B
April,28,13:00:00,0.9878,411.0,0.0,0.0,335.21,B
April,28,13:30:00,0.9933,448.0,1.0,0.0022,322.49,B
April,28,14:00:00,0.9952,414.0,0.0,0.0,314.19,B
April,28,14:30:00,0.9527,466.0,1.0,0.0021,325.46,B
April,28,15:00:00,0.9711,454.0,4.0,0.0088,341.88,B
April,28,15:30:00,0.9625,428.0,1.0,0.0023,339.3,B
April,28,16:00:00,0.9742,466.0,0.0,0.0,345.0,B
April,28,16:30:00,0.9891,462.0,3.0,0.0065,330.43,B
April,28,17:00:00,0.9711,484.0,0.0,0.0,340.88,B
April,28,17:30:00,0.9775,446.0,1.0,0.0022,343.61,B
April,28,18:00:00,0.9861,359.0,0.0,0.0,339.91,B
April,28,18:30:00,0.9724,329.0,3.0,0.0091,345.89,B
April,28,19:00:00,0.951,308.0,2.0,0.0065,358.13,B
April,28,19:30:00,0.9865,299.0,2.0,0.0067,316.45,B
April,28,20:00:00,0.9184,246.0,1.0,0.0041,314.2,B
April,28,20:30:00,0.9471,210.0,2.0,0.0095,341.63,B
April,28,21:00:00,0.9889,180.0,0.0,0.0,317.57,B
April,28,21:30:00,1.0,132.0,0.0,0.0,341.48,B
April,28,22:00:00,1.0,108.0,2.0,0.0185,342.09,B
April,28,22:30:00,1.0,91.0,0.0,0.0,331.0,B
April,28,23:00:00,1.0,44.0,0.0,0.0,298.45,B
April,28,23:30:00,1.0,35.0,0.0,0.0,351.46,B
April,29,00:00:00,1.0,36.0,0.0,0.0,299.64,B
April,29,00:30:00,1.0,14.0,0.0,0.0,396.36,B
April,29,01:00:00,1.0,7.0,0.0,0.0,216.29,B
April,29,01:30:00,1.0,9.0,0.0,0.0,406.22,B
April,29,02:00:00,1.0,7.0,1.0,0.1429,277.0,B
April,29,02:30:00,0.6667,3.0,0.0,0.0,390.67,B
April,29,03:00:00,0.6667,3.0,0.0,0.0,816.0,B
April,29,03:30:00,1.0,1.0,0.0,0.0,89.0,B
April,29,04:00:00,1.0,1.0,0.0,0.0,296.0,B
April,29,04:30:00,0.5,2.0,0.0,0.0,128.0,B
April,29,05:00:00,1.0,3.0,0.0,0.0,130.0,B
April,29,05:30:00,1.0,4.0,0.0,0.0,318.25,B
April,29,06:00:00,1.0,5.0,0.0,0.0,262.6,B
April,29,06:30:00,0.8,10.0,0.0,0.0,340.9,B
April,29,07:00:00,0.8947,19.0,0.0,0.0,141.16,B
April,29,07:30:00,1.0,24.0,0.0,0.0,214.04,B
April,29,08:00:00,0.9634,83.0,1.0,0.012,249.99,B
April,29,08:30:00,1.0,109.0,0.0,0.0,246.61,B
April,29,09:00:00,0.9551,156.0,0.0,0.0,288.51,B
April,29,09:30:00,0.8577,241.0,2.0,0.0083,303.8,B
April,29,10:00:00,0.9142,233.0,0.0,0.0,317.81,B
April,29,10:30:00,0.8233,251.0,2.0,0.008,311.68,B
April,29,11:00:00,1.0,288.0,0.0,0.0,327.89,B
April,29,11:30:00,0.9649,316.0,3.0,0.0095,311.36,B
April,29,12:00:00,0.9737,346.0,4.0,0.0116,321.58,B
April,29,12:30:00,0.9886,352.0,0.0,0.0,344.86,B
April,29,13:00:00,0.9971,342.0,0.0,0.0,310.27,B
April,29,13:30:00,0.9742,389.0,1.0,0.0026,337.02,B
April,29,14:00:00,0.9879,414.0,0.0,0.0,324.55,B
April,29,14:30:00,0.9926,412.0,5.0,0.0121,318.03,B
April,29,15:00:00,0.6978,469.0,9.0,0.0192,313.73,B
April,29,15:30:00,0.9347,400.0,2.0,0.005,330.9,B
April,29,16:00:00,0.977,394.0,2.0,0.0051,328.96,B
April,29,16:30:00,0.9537,371.0,4.0,0.0108,361.53,B
April,29,17:00:00,0.9969,320.0,2.0,0.0063,325.89,B
April,29,17:30:00,0.9093,365.0,1.0,0.0027,322.09,B
April,29,18:00:00,0.954,326.0,0.0,0.0,332.34,B
April,29,18:30:00,0.9158,297.0,0.0,0.0,300.29,B
April,29,19:00:00,0.9804,255.0,0.0,0.0,354.59,B
April,29,19:30:00,0.936,250.0,0.0,0.0,329.44,B
April,29,20:00:00,0.9608,206.0,2.0,0.0097,330.88,B
April,29,20:30:00,0.9942,172.0,0.0,0.0,303.26,B
April,29,21:00:00,0.986,143.0,0.0,0.0,351.41,B
April,29,21:30:00,1.0,129.0,1.0,0.0078,374.24,B
April,29,22:00:00,1.0,89.0,0.0,0.0,370.31,B
April,29,22:30:00,1.0,76.0,0.0,0.0,308.89,B
April,29,23:00:00,1.0,63.0,0.0,0.0,280.49,B
April,29,23:30:00,1.0,40.0,0.0,0.0,268.68,B
April,30,00:00:00,1.0,24.0,0.0,0.0,265.67,B
April,30,00:30:00,1.0,16.0,0.0,0.0,270.69,B
April,30,01:00:00,1.0,9.0,1.0,0.1111,322.38,B
April,30,01:30:00,1.0,5.0,0.0,0.0,208.8,B
April,30,02:00:00,1.0,3.0,0.0,0.0,190.0,B
April,30,02:30:00,1.0,4.0,0.0,0.0,145.25,B
April,30,03:00:00,1.0,3.0,0.0,0.0,522.0,B
April,30,03:30:00,1.0,1.0,0.0,0.0,94.0,B
April,30,04:30:00,1.0,1.0,0.0,0.0,357.0,B
April,30,05:00:00,1.0,1.0,0.0,0.0,638.0,B
April,30,05:30:00,1.0,1.0,0.0,0.0,317.0,B
April,30,06:00:00,1.0,2.0,0.0,0.0,134.0,B
April,30,06:30:00,1.0,3.0,1.0,0.3333,317.5,B
April,30,07:00:00,0.9412,35.0,1.0,0.0286,220.03,B
April,30,07:30:00,0.8621,35.0,6.0,0.1714,270.48,B
April,30,08:00:00,0.8864,88.0,0.0,0.0,292.95,B
April,30,08:30:00,0.8776,150.0,3.0,0.02,287.63,B
April,30,09:00:00,0.9944,177.0,0.0,0.0,273.31,B
April,30,09:30:00,0.9643,252.0,0.0,0.0,294.51,B
April,30,10:00:00,0.9736,265.0,0.0,0.0,338.69,B
April,30,10:30:00,0.9889,272.0,1.0,0.0037,331.83,B
April,30,11:00:00,0.9789,331.0,0.0,0.0,307.75,B
April,30,11:30:00,0.9747,358.0,2.0,0.0056,362.55,B
April,30,12:00:00,0.9814,376.0,0.0,0.0,320.1,B
April,30,12:30:00,0.9825,402.0,1.0,0.0025,357.04,B
April,30,13:00:00,0.9863,364.0,0.0,0.0,352.5,B
April,30,13:30:00,0.9977,427.0,1.0,0.0023,328.97,B
April,30,14:00:00,0.9976,416.0,0.0,0.0,310.35,B
April,30,14:30:00,0.9928,416.0,0.0,0.0,352.51,B
April,30,15:00:00,0.9929,423.0,0.0,0.0,304.78,B
April,30,15:30:00,0.9974,391.0,0.0,0.0,339.0,B
April,30,16:00:00,0.9978,458.0,1.0,0.0022,329.95,B
April,30,16:30:00,0.9975,394.0,0.0,0.0,323.35,B
April,30,17:00:00,0.9973,374.0,0.0,0.0,323.71,B
April,30,17:30:00,0.9783,368.0,0.0,0.0,336.78,B
April,30,18:00:00,0.9765,342.0,1.0,0.0029,341.53,B
April,30,18:30:00,0.9897,293.0,1.0,0.0034,322.94,B
April,30,19:00:00,0.9378,245.0,4.0,0.0163,346.44,B
April,30,19:30:00,0.8056,254.0,2.0,0.0079,312.08,B
April,30,20:00:00,0.9952,209.0,2.0,0.0096,273.0,B
April,30,20:30:00,0.9949,195.0,0.0,0.0,305.52,B
April,30,21:00:00,0.9856,139.0,0.0,0.0,308.69,B
April,30,21:30:00,1.0,116.0,0.0,0.0,299.48,B
April,30,22:00:00,1.0,101.0,0.0,0.0,288.85,B
April,30,22:30:00,0.9855,70.0,1.0,0.0143,304.77,B
April,30,23:00:00,0.9848,66.0,0.0,0.0,250.24,B
April,30,23:30:00,1.0,33.0,0.0,0.0,312.06,B
May,1,00:00:00,1.0,24.0,1.0,0.0417,211.52,B
May,1,00:30:00,1.0,9.0,0.0,0.0,257.44,B
May,1,01:00:00,1.0,14.0,0.0,0.0,258.43,B
May,1,01:30:00,1.0,5.0,0.0,0.0,286.8,B
May,1,02:00:00,1.0,3.0,0.0,0.0,157.0,B
May,1,02:30:00,1.0,4.0,0.0,0.0,458.0,B
May,1,03:00:00,1.0,2.0,0.0,0.0,1240.0,B
May,1,03:30:00,1.0,4.0,0.0,0.0,168.0,B
May,1,04:00:00,1.0,1.0,0.0,0.0,351.0,B
May,1,04:30:00,1.0,1.0,0.0,0.0,79.0,B
May,1,05:00:00,1.0,1.0,0.0,0.0,145.0,B
May,1,05:00:00,1.0,1.0,0.0,0.0,145.0,B
May,1,05:00:00,1.0,1.0,0.0,0.0,145.0,B
May,1,05:00:00,1.0,1.0,0.0,0.0,145.0,B
May,1,07:00:00,0.7407,28.0,1.0,0.0357,265.48,B
May,1,07:30:00,0.8889,37.0,1.0,0.027,258.22,B
May,1,08:00:00,0.9462,94.0,1.0,0.0106,281.8,B
May,1,08:30:00,0.9015,134.0,2.0,0.0149,282.14,B
May,1,09:00:00,0.9344,184.0,1.0,0.0054,330.09,B
May,1,09:30:00,0.9198,239.0,2.0,0.0084,323.49,B
May,1,10:00:00,0.9485,293.0,2.0,0.0068,310.24,B
May,1,10:30:00,0.7818,324.0,17.0,0.0525,330.11,B
May,1,11:00:00,0.9589,343.0,2.0,0.0058,344.7,B
May,1,11:30:00,0.8682,391.0,4.0,0.0102,319.76,B
May,1,12:00:00,0.8581,435.0,5.0,0.0115,352.02,B
May,1,12:30:00,0.7457,417.0,8.0,0.0192,346.7,B
May,1,13:00:00,0.8469,435.0,4.0,0.0092,338.3,B
May,1,13:30:00,0.7643,444.0,7.0,0.0158,322.14,B
May,1,14:00:00,0.8912,433.0,1.0,0.0023,326.18,B
May,1,14:30:00,0.9419,434.0,4.0,0.0092,357.64,B
May,1,15:00:00,0.9176,439.0,2.0,0.0046,349.96,B
May,1,15:30:00,0.9287,450.0,1.0,0.0022,350.26,B
May,1,16:00:00,0.9478,481.0,2.0,0.0042,326.12,B
May,1,16:30:00,0.9948,383.0,1.0,0.0026,358.31,B
May,1,17:00:00,0.9916,359.0,1.0,0.0028,345.12,B
May,1,17:30:00,0.9804,358.0,1.0,0.0028,339.69,B
May,1,18:00:00,0.9541,372.0,2.0,0.0054,318.65,B
May,1,18:30:00,0.8781,323.0,3.0,0.0093,324.09,B
May,1,19:00:00,0.9014,288.0,4.0,0.0139,330.98,B
May,1,19:30:00,0.8304,292.0,3.0,0.0103,346.12,B
May,1,20:00:00,0.8744,228.0,5.0,0.0219,328.83,B
May,1,20:30:00,0.9596,199.0,1.0,0.005,355.57,B
May,1,21:00:00,0.8214,170.0,2.0,0.0118,353.67,B
May,1,21:30:00,0.9355,124.0,0.0,0.0,356.76,B
May,1,22:00:00,0.9604,101.0,0.0,0.0,289.64,B
May,1,22:30:00,1.0,79.0,0.0,0.0,317.47,B
May,1,23:00:00,0.973,74.0,0.0,0.0,300.93,B
May,1,23:30:00,1.0,42.0,0.0,0.0,292.31,B
May,2,00:00:00,0.9677,31.0,0.0,0.0,300.9,B
May,2,00:30:00,1.0,26.0,0.0,0.0,247.62,B
May,2,01:00:00,1.0,12.0,0.0,0.0,314.67,B
May,2,01:30:00,1.0,6.0,0.0,0.0,203.83,B
May,2,02:00:00,1.0,6.0,0.0,0.0,235.5,B
May,2,02:30:00,1.0,2.0,0.0,0.0,732.0,B
May,2,03:00:00,1.0,3.0,0.0,0.0,438.67,B
May,2,03:30:00,1.0,3.0,0.0,0.0,367.67,B
May,2,04:00:00,1.0,2.0,0.0,0.0,305.5,B
May,2,04:30:00,0.75,4.0,0.0,0.0,341.75,B
May,2,05:00:00,1.0,4.0,0.0,0.0,242.5,B
May,2,05:30:00,1.0,3.0,0.0,0.0,428.67,B
May,2,06:00:00,1.0,6.0,1.0,0.1667,251.8,B
May,2,06:30:00,0.0,10.0,9.0,0.9,217.0,B
May,2,07:00:00,0.6,38.0,8.0,0.2105,281.73,B
May,2,07:30:00,0.5897,50.0,11.0,0.22,269.62,B
May,2,08:00:00,0.8649,111.0,0.0,0.0,258.7,B
May,2,08:30:00,0.863,150.0,4.0,0.0267,290.06,B
May,2,09:00:00,0.9302,218.0,3.0,0.0138,317.2,B
May,2,09:30:00,0.957,280.0,1.0,0.0036,329.01,B
May,2,10:00:00,0.9394,300.0,3.0,0.01,346.32,B
May,2,10:30:00,0.5018,324.0,43.0,0.1327,333.68,B
May,2,11:00:00,0.5402,369.0,21.0,0.0569,327.44,B
May,2,11:30:00,0.457,409.0,37.0,0.0905,340.81,B
May,2,12:00:00,0.7529,443.0,6.0,0.0135,314.84,B
May,2,12:30:00,0.4359,432.0,42.0,0.0972,348.77,B
May,2,13:00:00,0.7121,461.0,6.0,0.013,340.12,B
May,2,13:30:00,0.8016,496.0,7.0,0.0141,328.1,B
May,2,14:00:00,0.6857,512.0,22.0,0.043,364.34,B
May,2,14:30:00,0.7907,493.0,20.0,0.0406,330.18,B
May,2,15:00:00,0.74,509.0,9.0,0.0177,346.02,B
May,2,15:30:00,0.7971,491.0,8.0,0.0163,336.3,B
May,2,16:00:00,0.9814,431.0,1.0,0.0023,377.91,B
May,2,16:30:00,0.9137,457.0,5.0,0.0109,349.14,B
May,2,17:00:00,0.9537,460.0,6.0,0.013,343.81,B
May,2,17:30:00,0.9288,396.0,3.0,0.0076,338.99,B
May,2,18:00:00,0.7775,359.0,13.0,0.0362,362.46,B
May,2,18:30:00,0.497,352.0,16.0,0.0455,357.0,B
May,2,19:00:00,0.5953,355.0,14.0,0.0394,340.17,B
May,2,19:30:00,0.9382,262.0,3.0,0.0115,326.61,B
May,2,20:00:00,0.887,242.0,3.0,0.0124,332.13,B
May,2,20:30:00,0.7628,217.0,2.0,0.0092,327.39,B
May,2,21:00:00,0.7095,155.0,7.0,0.0452,410.16,B
May,2,21:30:00,0.7721,140.0,4.0,0.0286,312.13,B
May,2,22:00:00,0.8843,121.0,0.0,0.0,337.3,B
May,2,22:30:00,0.9903,103.0,0.0,0.0,291.48,B
May,2,23:00:00,1.0,73.0,0.0,0.0,235.6,B
May,2,23:30:00,1.0,51.0,0.0,0.0,327.96,B
May,3,00:00:00,0.8824,35.0,1.0,0.0286,469.5,B
May,3,00:30:00,0.8889,27.0,0.0,0.0,342.07,B
May,3,01:00:00,1.0,8.0,0.0,0.0,384.13,B
May,3,01:30:00,1.0,2.0,0.0,0.0,636.5,B
May,3,02:00:00,1.0,4.0,0.0,0.0,262.25,B
May,3,02:30:00,1.0,2.0,0.0,0.0,627.5,B
May,3,03:30:00,1.0,1.0,0.0,0.0,145.0,B
May,3,04:00:00,1.0,2.0,0.0,0.0,237.0,B
May,3,04:30:00,1.0,4.0,0.0,0.0,408.0,B
May,3,05:00:00,1.0,3.0,0.0,0.0,97.67,B
May,3,05:30:00,1.0,2.0,0.0,0.0,381.5,B
May,3,06:00:00,1.0,2.0,0.0,0.0,1161.5,B
May,3,06:30:00,0.8333,7.0,1.0,0.1429,376.33,B
May,3,07:00:00,0.6667,13.0,1.0,0.0769,310.25,B
May,3,07:30:00,0.7619,22.0,1.0,0.0455,457.86,B
May,3,08:00:00,1.0,38.0,0.0,0.0,297.82,B
May,3,08:30:00,1.0,42.0,0.0,0.0,315.67,B
May,3,09:00:00,0.9829,118.0,1.0,0.0085,269.67,B
May,3,09:30:00,0.8188,153.0,4.0,0.0261,284.66,B
May,3,10:00:00,0.7865,180.0,2.0,0.0111,297.28,B
May,3,10:30:00,0.5583,223.0,17.0,0.0762,318.63,B
May,3,11:00:00,0.8346,269.0,3.0,0.0112,308.25,B
May,3,11:30:00,0.9486,292.0,0.0,0.0,311.01,B
May,3,12:00:00,0.9828,291.0,1.0,0.0034,306.27,B
May,3,12:30:00,0.9459,298.0,2.0,0.0067,266.11,B
May,3,13:00:00,0.8567,295.0,2.0,0.0068,305.51,B
May,3,13:30:00,0.7644,335.0,4.0,0.0119,312.51,B
May,3,14:00:00,0.8641,317.0,8.0,0.0252,306.91,B
May,3,14:30:00,0.8449,321.0,5.0,0.0156,323.59,B
May,3,15:00:00,0.7083,350.0,14.0,0.04,316.96,B
May,3,15:30:00,0.6216,318.0,22.0,0.0692,326.21,B
May,3,16:00:00,0.8197,364.0,9.0,0.0247,327.77,B
May,3,16:30:00,0.9968,311.0,2.0,0.0064,312.45,B
May,3,17:00:00,0.9964,277.0,3.0,0.0108,299.54,B
May,3,17:30:00,0.8261,280.0,4.0,0.0143,338.22,B
May,3,18:00:00,0.9435,233.0,3.0,0.0129,350.94,B
May,3,18:30:00,0.9698,199.0,0.0,0.0,309.27,B
May,3,19:00:00,0.9719,179.0,1.0,0.0056,329.76,B
May,3,19:30:00,0.9205,178.0,2.0,0.0112,333.93,B
May,3,20:00:00,0.7877,151.0,5.0,0.0331,340.86,B
May,3,20:30:00,0.7817,146.0,4.0,0.0274,320.75,B
May,3,21:00:00,0.8901,94.0,3.0,0.0319,333.21,B
May,3,21:30:00,0.8875,81.0,1.0,0.0123,351.88,B
May,3,22:00:00,0.9167,74.0,2.0,0.027,314.29,B
May,3,22:30:00,0.7576,67.0,1.0,0.0149,330.0,B
May,3,23:00:00,0.8824,54.0,3.0,0.0556,253.73,B
May,3,23:30:00,0.8649,38.0,1.0,0.0263,365.92,B
May,4,00:00:00,1.0,17.0,0.0,0.0,269.0,B
May,4,00:30:00,1.0,27.0,0.0,0.0,265.67,B
May,4,01:00:00,1.0,7.0,0.0,0.0,206.86,B
May,4,01:30:00,1.0,2.0,0.0,0.0,631.5,B
May,4,02:00:00,1.0,5.0,0.0,0.0,389.2,B
May,4,02:30:00,1.0,1.0,0.0,0.0,397.0,B
May,4,03:00:00,1.0,2.0,0.0,0.0,223.0,B
May,4,03:30:00,1.0,1.0,0.0,0.0,381.0,B
May,4,04:00:00,1.0,1.0,0.0,0.0,132.0,B
May,4,05:30:00,1.0,2.0,0.0,0.0,288.5,B
May,4,06:00:00,1.0,1.0,0.0,0.0,1500.0,B
May,4,06:30:00,1.0,0.0,0.0,0.0,1500.0,B
May,4,07:00:00,1.0,8.0,0.0,0.0,619.0,B
May,4,07:30:00,1.0,12.0,0.0,0.0,308.83,B
May,4,08:00:00,1.0,15.0,0.0,0.0,183.13,B
May,4,08:30:00,1.0,19.0,1.0,0.0526,301.83,B
May,4,09:00:00,1.0,58.0,0.0,0.0,272.55,B
May,4,09:30:00,1.0,66.0,0.0,0.0,269.12,B
May,4,10:00:00,0.9674,94.0,2.0,0.0213,286.38,B
May,4,10:30:00,0.7807,119.0,5.0,0.042,290.33,B
May,4,11:00:00,0.9748,119.0,0.0,0.0,286.8,B
May,4,11:30:00,0.975,120.0,0.0,0.0,284.38,B
May,4,12:00:00,0.8772,172.0,1.0,0.0058,262.62,B
May,4,12:30:00,0.9251,191.0,4.0,0.0209,316.9,B
May,4,13:00:00,0.8841,165.0,1.0,0.0061,280.17,B
May,4,13:30:00,0.7042,224.0,11.0,0.0491,295.59,B
May,4,14:00:00,0.8105,252.0,4.0,0.0159,301.88,B
May,4,14:30:00,0.9662,240.0,3.0,0.0125,314.25,B
May,4,15:00:00,0.9826,231.0,1.0,0.0043,329.33,B
May,4,15:30:00,0.9222,270.0,0.0,0.0,305.01,B
May,4,16:00:00,0.9221,233.0,2.0,0.0086,319.51,B
May,4,16:30:00,0.7178,251.0,10.0,0.0398,310.27,B
May,4,17:00:00,0.7667,213.0,3.0,0.0141,318.39,B
May,4,17:30:00,0.7551,203.0,7.0,0.0345,300.33,B
May,4,18:00:00,0.8776,197.0,1.0,0.0051,297.54,B
May,4,18:30:00,0.8457,169.0,7.0,0.0414,317.2,B
May,4,19:00:00,0.9737,152.0,0.0,0.0,292.55,B
May,4,19:30:00,0.9658,119.0,2.0,0.0168,323.22,B
May,4,20:00:00,0.9519,104.0,0.0,0.0,280.87,B
May,4,20:30:00,0.9908,109.0,0.0,0.0,298.73,B
May,4,21:00:00,0.9789,95.0,0.0,0.0,322.03,B
May,4,21:30:00,0.9307,101.0,0.0,0.0,330.07,B
May,4,22:00:00,0.9683,64.0,1.0,0.0156,338.19,B
May,4,22:30:00,0.9737,40.0,2.0,0.05,317.66,B
May,4,23:00:00,0.8611,37.0,1.0,0.027,322.53,B
May,4,23:30:00,0.9333,30.0,0.0,0.0,319.4,B
May,5,00:00:00,0.9545,22.0,0.0,0.0,369.91,B
May,5,00:30:00,1.0,20.0,0.0,0.0,308.75,B
May,5,01:00:00,1.0,7.0,0.0,0.0,347.14,B
May,5,01:30:00,1.0,6.0,0.0,0.0,282.83,B
May,5,02:00:00,1.0,4.0,0.0,0.0,243.5,B
May,5,02:30:00,1.0,5.0,0.0,0.0,495.8,B
May,5,03:00:00,1.0,5.0,0.0,0.0,252.0,B
May,5,03:30:00,1.0,1.0,0.0,0.0,190.0,B
May,5,04:00:00,1.0,4.0,1.0,0.25,396.67,B
May,5,04:30:00,1.0,4.0,0.0,0.0,276.0,B
May,5,05:30:00,1.0,3.0,0.0,0.0,219.67,B
May,5,06:00:00,1.0,4.0,0.0,0.0,470.25,B
May,5,06:30:00,1.0,6.0,1.0,0.1667,412.8,B
May,5,07:00:00,0.9444,18.0,0.0,0.0,328.89,B
May,5,07:30:00,1.0,37.0,0.0,0.0,330.97,B
May,5,08:00:00,0.9506,81.0,0.0,0.0,286.74,B
May,5,08:30:00,0.7748,158.0,7.0,0.0443,328.9,B
May,5,09:00:00,0.8942,189.0,0.0,0.0,290.43,B
May,5,09:30:00,0.9885,262.0,1.0,0.0038,315.95,B
May,5,10:00:00,0.8229,293.0,5.0,0.0171,312.63,B
May,5,10:30:00,0.2911,347.0,31.0,0.0893,337.32,B
May,5,11:00:00,0.6288,427.0,4.0,0.0094,333.72,B
May,5,11:30:00,0.7132,417.0,9.0,0.0216,345.46,B
May,5,12:00:00,0.7734,468.0,9.0,0.0192,331.53,B
May,5,12:30:00,0.81,488.0,9.0,0.0184,315.19,B
May,5,13:00:00,0.7976,499.0,5.0,0.01,339.21,B
May,5,13:30:00,0.7515,502.0,11.0,0.0219,331.02,B
May,5,14:00:00,0.8728,516.0,5.0,0.0097,343.47,B
May,5,14:30:00,0.7441,562.0,11.0,0.0196,332.91,B
May,5,15:00:00,0.9826,518.0,1.0,0.0019,334.39,B
May,5,15:30:00,0.9786,517.0,2.0,0.0039,371.36,B
May,5,16:00:00,0.9645,537.0,2.0,0.0037,328.27,B
May,5,16:30:00,0.7381,574.0,9.0,0.0157,358.97,B
May,5,17:00:00,0.9672,523.0,4.0,0.0076,347.61,B
May,5,17:30:00,0.9431,493.0,1.0,0.002,401.45,B
May,5,18:00:00,0.8448,473.0,9.0,0.019,337.05,B
May,5,18:30:00,0.8384,402.0,6.0,0.0149,347.56,B
May,5,19:00:00,0.8227,365.0,4.0,0.011,365.67,B
May,5,19:30:00,0.7876,314.0,8.0,0.0255,351.09,B
May,5,20:00:00,0.9081,273.0,1.0,0.0037,332.11,B
May,5,20:30:00,0.961,233.0,2.0,0.0086,341.69,B
May,5,21:00:00,0.869,234.0,5.0,0.0214,366.5,B
May,5,21:00:00,0.869,234.0,5.0,0.0214,366.5,B
May,5,21:00:00,0.869,234.0,5.0,0.0214,366.5,B
May,5,21:00:00,0.869,234.0,5.0,0.0214,366.5,B
May,5,21:00:00,0.869,234.0,5.0,0.0214,366.5,B
May,5,21:00:00,0.869,234.0,5.0,0.0214,366.5,B
May,6,00:00:00,0.9744,39.0,0.0,0.0,271.9,B
May,6,00:30:00,1.0,21.0,0.0,0.0,254.0,B
May,6,01:00:00,1.0,12.0,0.0,0.0,188.33,B
May,6,01:30:00,1.0,11.0,0.0,0.0,367.73,B
May,6,02:00:00,1.0,3.0,0.0,0.0,698.67,B
May,6,02:30:00,1.0,5.0,0.0,0.0,387.8,B
May,6,03:00:00,1.0,4.0,0.0,0.0,286.75,B
May,6,03:30:00,1.0,2.0,0.0,0.0,215.0,B
May,6,04:00:00,1.0,2.0,0.0,0.0,232.0,B
May,6,04:30:00,1.0,6.0,0.0,0.0,230.17,B
May,6,05:00:00,1.0,2.0,0.0,0.0,781.0,B
May,6,05:30:00,1.0,2.0,0.0,0.0,415.0,B
May,6,06:00:00,1.0,5.0,0.0,0.0,229.4,B
May,6,06:30:00,0.4,11.0,6.0,0.5455,309.0,B
May,6,07:00:00,0.9048,22.0,1.0,0.0455,299.24,B
May,6,07:30:00,1.0,39.0,1.0,0.0256,335.37,B
May,6,08:00:00,0.9552,69.0,2.0,0.029,288.07,B
May,6,08:30:00,0.8913,142.0,4.0,0.0282,305.32,B
May,6,09:00:00,0.8863,211.0,0.0,0.0,313.58,B
May,6,09:30:00,0.964,224.0,2.0,0.0089,348.02,B
May,6,10:00:00,0.9858,282.0,0.0,0.0,309.4,B
May,6,10:30:00,0.8377,313.0,5.0,0.016,322.68,B
May,6,11:00:00,0.9392,362.0,0.0,0.0,316.46,B
May,6,11:30:00,0.9266,371.0,3.0,0.0081,326.42,B
May,6,12:00:00,0.9395,413.0,0.0,0.0,343.17,B
May,6,12:30:00,0.8554,417.0,2.0,0.0048,371.08,B
May,6,13:00:00,0.9866,449.0,2.0,0.0045,353.11,B
May,6,13:30:00,0.9865,448.0,2.0,0.0045,339.99,B
May,6,14:00:00,0.9937,476.0,2.0,0.0042,329.14,B
May,6,14:30:00,0.9874,478.0,0.0,0.0,344.14,B
May,6,15:00:00,0.9937,475.0,0.0,0.0,352.94,B
May,6,15:30:00,0.9743,470.0,3.0,0.0064,335.13,B
May,6,16:00:00,0.9886,439.0,0.0,0.0,331.46,B
May,6,16:30:00,0.9892,465.0,1.0,0.0022,358.28,B
May,6,17:00:00,0.9912,457.0,3.0,0.0066,346.01,B
May,6,17:30:00,0.9903,416.0,2.0,0.0048,349.75,B
May,6,18:00:00,0.9532,390.0,5.0,0.0128,357.35,B
May,6,18:30:00,0.8525,369.0,3.0,0.0081,356.86,B
May,6,19:00:00,0.9875,322.0,1.0,0.0031,348.3,B
May,6,19:30:00,0.9222,271.0,1.0,0.0037,334.83,B
May,6,20:00:00,0.812,239.0,5.0,0.0209,340.78,B
May,6,20:30:00,0.9679,220.0,2.0,0.0091,310.06,B
May,6,21:00:00,0.9819,169.0,3.0,0.0178,350.85,B
May,6,21:30:00,1.0,104.0,0.0,0.0,288.95,B
May,6,22:00:00,0.9906,106.0,0.0,0.0,401.51,B
May,6,22:30:00,1.0,95.0,0.0,0.0,341.69,B
May,6,23:00:00,1.0,57.0,1.0,0.0175,349.25,B
May,6,23:30:00,1.0,44.0,0.0,0.0,277.45,B
May,7,00:00:00,1.0,30.0,0.0,0.0,393.07,B
May,7,00:30:00,1.0,26.0,0.0,0.0,223.77,B
May,7,01:00:00,1.0,8.0,0.0,0.0,536.0,B
May,7,01:30:00,1.0,7.0,0.0,0.0,202.14,B
May,7,02:00:00,1.0,2.0,0.0,0.0,286.0,B
May,7,02:30:00,1.0,3.0,0.0,0.0,334.0,B
May,7,03:00:00,1.0,2.0,0.0,0.0,210.5,B
May,7,03:30:00,1.0,3.0,0.0,0.0,204.33,B
May,7,04:00:00,1.0,3.0,1.0,0.3333,322.5,B
May,7,04:30:00,1.0,2.0,0.0,0.0,240.0,B
May,7,05:00:00,1.0,1.0,0.0,0.0,108.0,B
May,7,05:30:00,1.0,2.0,0.0,0.0,441.5,B
May,7,06:00:00,1.0,6.0,0.0,0.0,421.17,B
May,7,06:30:00,0.5,3.0,1.0,0.3333,249.0,B
May,7,07:00:00,0.68,25.0,0.0,0.0,283.28,B
May,7,07:30:00,0.92,54.0,4.0,0.0741,257.94,B
May,7,08:00:00,0.9744,78.0,0.0,0.0,267.59,B
May,7,08:30:00,0.9619,106.0,1.0,0.0094,336.03,B
May,7,09:00:00,0.9889,180.0,0.0,0.0,308.76,B
May,7,09:30:00,0.996,247.0,0.0,0.0,333.12,B
May,7,10:00:00,1.0,269.0,5.0,0.0186,309.41,B
May,7,10:30:00,0.9935,310.0,0.0,0.0,361.42,B
May,7,11:00:00,0.9934,304.0,0.0,0.0,309.99,B
May,7,11:30:00,0.9152,404.0,3.0,0.0074,313.74,B
May,7,12:00:00,0.9922,386.0,0.0,0.0,336.11,B
May,7,12:30:00,1.0,387.0,0.0,0.0,354.79,B
May,7,13:00:00,0.9894,376.0,0.0,0.0,315.43,B
May,7,13:30:00,0.9862,434.0,0.0,0.0,323.86,B
May,7,14:00:00,1.0,400.0,0.0,0.0,331.68,B
May,7,14:30:00,0.9927,413.0,1.0,0.0024,356.83,B
May,7,15:00:00,0.9976,421.0,0.0,0.0,336.05,B
May,7,15:30:00,1.0,427.0,2.0,0.0047,345.53,B
May,7,16:00:00,0.9523,422.0,3.0,0.0071,358.84,B
May,7,16:30:00,0.9974,381.0,0.0,0.0,334.46,B
May,7,17:00:00,0.9974,389.0,0.0,0.0,324.69,B
May,7,17:30:00,0.9972,363.0,1.0,0.0028,341.24,B
May,7,18:00:00,0.9825,344.0,2.0,0.0058,316.73,B
May,7,18:30:00,1.0,295.0,0.0,0.0,344.09,B
May,7,19:00:00,0.9929,283.0,1.0,0.0035,310.38,B
May,7,19:30:00,0.988,250.0,1.0,0.004,352.49,B
May,7,20:00:00,0.8816,231.0,3.0,0.013,340.08,B
May,7,20:30:00,1.0,177.0,0.0,0.0,329.0,B
May,7,21:00:00,1.0,168.0,0.0,0.0,294.38,B
May,7,21:30:00,1.0,116.0,0.0,0.0,313.07,B
May,7,22:00:00,1.0,87.0,0.0,0.0,298.21,B
May,7,22:30:00,0.989,91.0,0.0,0.0,372.55,B
May,7,23:00:00,1.0,46.0,0.0,0.0,311.85,B
May,7,23:30:00,1.0,39.0,0.0,0.0,343.15,B
May,8,00:00:00,1.0,32.0,0.0,0.0,293.97,B
May,8,00:30:00,0.8289,84.0,8.0,0.0952,231.8,B
May,8,01:00:00,0.3929,37.0,9.0,0.2432,263.93,B
May,8,01:30:00,0.125,22.0,14.0,0.6364,207.25,B
May,8,02:00:00,0.0,19.0,14.0,0.7368,123.0,B
May,8,02:30:00,0.3333,11.0,5.0,0.4545,289.5,B
May,8,03:00:00,1.0,1.0,0.0,0.0,159.0,B
May,8,03:30:00,1.0,5.0,0.0,0.0,337.0,B
May,8,04:00:00,1.0,2.0,0.0,0.0,736.0,B
May,8,04:30:00,1.0,3.0,0.0,0.0,846.33,B
May,8,05:00:00,1.0,4.0,0.0,0.0,201.0,B
May,8,05:30:00,1.0,3.0,0.0,0.0,280.67,B
May,8,06:00:00,1.0,5.0,0.0,0.0,172.0,B
May,8,06:30:00,1.0,4.0,3.0,0.75,815.0,B
May,8,07:00:00,0.8235,18.0,1.0,0.0556,280.41,B
May,8,07:30:00,0.9118,34.0,0.0,0.0,238.68,B
May,8,08:00:00,1.0,69.0,1.0,0.0145,246.38,B
May,8,08:30:00,1.0,98.0,0.0,0.0,276.53,B
May,8,09:00:00,0.9894,189.0,0.0,0.0,296.53,B
May,8,09:30:00,1.0,209.0,0.0,0.0,333.33,B
May,8,10:00:00,0.9962,260.0,0.0,0.0,307.81,B
May,8,10:30:00,0.9452,293.0,1.0,0.0034,354.78,B
May,8,11:00:00,0.984,314.0,1.0,0.0032,333.09,B
May,8,11:30:00,0.994,332.0,1.0,0.003,337.49,B
May,8,12:00:00,1.0,353.0,0.0,0.0,326.92,B
May,8,12:30:00,0.992,374.0,0.0,0.0,327.06,B
May,8,13:00:00,0.9971,347.0,0.0,0.0,327.06,B
May,8,13:30:00,0.9973,364.0,0.0,0.0,327.06,B
May,8,14:00:00,0.9695,428.0,2.0,0.0,327.06,B
May,8,14:30:00,1.0,413.0,1.0,0.0,327.06,B
May,8,15:00:00,0.9977,443.0,0.0,0.0,324.19,B
May,8,15:30:00,0.9953,429.0,2.0,0.0047,340.08,B
May,8,16:00:00,1.0,429.0,1.0,0.0023,329.93,B
May,8,16:30:00,0.9973,377.0,0.0,0.0,352.03,B
May,8,17:00:00,0.9948,388.0,0.0,0.0,375.42,B
May,8,17:30:00,1.0,357.0,1.0,0.0028,348.72,B
May,8,18:00:00,0.9971,344.0,1.0,0.0029,317.91,B
May,8,18:30:00,0.9779,319.0,2.0,0.0063,336.52,B
May,8,19:00:00,1.0,264.0,0.0,0.0,320.0,B
May,8,19:30:00,0.9722,288.0,0.0,0.0,314.28,B
May,8,20:00:00,0.9906,213.0,1.0,0.0047,369.17,B
May,8,20:30:00,1.0,181.0,0.0,0.0,284.61,B
May,8,21:00:00,0.9816,163.0,0.0,0.0,342.67,B
May,8,21:30:00,0.988,166.0,0.0,0.0,347.25,B
May,8,22:00:00,1.0,114.0,1.0,0.0088,263.52,B
May,8,22:30:00,0.9859,71.0,0.0,0.0,336.46,B
May,8,23:00:00,1.0,63.0,0.0,0.0,338.06,B
May,8,23:30:00,1.0,57.0,1.0,0.0175,411.38,B
May,9,00:00:00,1.0,34.0,0.0,0.0,352.82,B
May,9,00:30:00,1.0,34.0,0.0,0.0,207.26,B
May,9,01:00:00,0.8,16.0,1.0,0.0625,396.87,B
May,9,01:30:00,1.0,2.0,0.0,0.0,152.5,B
May,9,02:00:00,1.0,3.0,0.0,0.0,384.33,B
May,9,02:30:00,1.0,3.0,0.0,0.0,226.0,B
May,9,03:00:00,1.0,4.0,0.0,0.0,417.5,B
May,9,03:30:00,1.0,1.0,0.0,0.0,141.0,B
May,9,04:00:00,1.0,0.0,0.0,0.0,141.0,B
May,9,04:30:00,1.0,1.0,0.0,0.0,259.0,B
May,9,05:00:00,1.0,2.0,0.0,0.0,494.5,B
May,9,05:30:00,1.0,6.0,0.0,0.0,200.5,B
May,9,06:00:00,1.0,7.0,2.0,0.2857,422.0,B
May,9,06:30:00,0.5,6.0,4.0,0.6667,519.5,B
May,9,07:00:00,0.9231,13.0,0.0,0.0,330.31,B
May,9,07:30:00,0.9487,41.0,2.0,0.0488,369.59,B
May,9,08:00:00,0.963,81.0,0.0,0.0,276.96,B
May,9,08:30:00,1.0,125.0,0.0,0.0,265.83,B
May,9,09:00:00,0.9943,175.0,1.0,0.0057,310.86,B
May,9,09:30:00,0.9953,211.0,0.0,0.0,346.13,B
May,9,10:00:00,1.0,252.0,0.0,0.0,328.29,B
May,9,10:30:00,0.9968,310.0,1.0,0.0032,336.23,B
May,9,11:00:00,0.9971,348.0,1.0,0.0029,350.36,B
May,9,11:30:00,0.9021,327.0,0.0,0.0,343.77,B
May,9,12:00:00,0.8314,442.0,3.0,0.0068,334.94,B
May,9,12:30:00,0.9388,394.0,2.0,0.0051,335.86,B
May,9,13:00:00,0.9342,387.0,7.0,0.0181,343.53,B
May,9,13:30:00,0.9598,374.0,1.0,0.0027,313.71,B
May,9,14:00:00,0.9682,443.0,3.0,0.0068,357.76,B
May,9,14:30:00,0.9889,450.0,1.0,0.0022,336.07,B
May,9,15:00:00,0.9955,442.0,0.0,0.0,339.16,B
May,9,15:30:00,0.9859,428.0,3.0,0.007,344.39,B
May,9,16:00:00,0.9861,432.0,1.0,0.0023,347.16,B
May,9,16:30:00,0.9902,408.0,0.0,0.0,321.48,B
May,9,17:00:00,0.957,396.0,1.0,0.0025,344.68,B
May,9,17:30:00,1.0,320.0,0.0,0.0,355.1,B
May,9,18:00:00,0.8372,349.0,5.0,0.0143,342.03,B
May,9,18:30:00,0.8924,291.0,3.0,0.0103,331.66,B
May,9,19:00:00,0.7289,289.0,5.0,0.0173,339.57,B
May,9,19:30:00,0.9209,255.0,2.0,0.0078,328.91,B
May,9,20:00:00,0.966,207.0,1.0,0.0048,335.22,B
May,9,20:30:00,0.9369,222.0,0.0,0.0,341.45,B
May,9,21:00:00,0.9881,168.0,0.0,0.0,293.67,B
May,9,21:30:00,0.9916,119.0,0.0,0.0,317.24,B
May,9,22:00:00,1.0,90.0,1.0,0.0111,346.78,B
May,9,22:30:00,0.9759,84.0,1.0,0.0119,323.46,B
May,9,23:00:00,1.0,69.0,0.0,0.0,299.72,B
May,9,23:30:00,1.0,54.0,0.0,0.0,364.5,B
May,10,00:00:00,1.0,29.0,0.0,0.0,218.21,B
May,10,00:30:00,1.0,26.0,0.0,0.0,320.31,B
May,10,01:00:00,1.0,10.0,0.0,0.0,367.5,B
May,10,01:30:00,0.6667,3.0,0.0,0.0,116.67,B
May,10,02:00:00,1.0,7.0,0.0,0.0,500.14,B
May,10,02:30:00,1.0,6.0,0.0,0.0,411.67,B
May,10,03:00:00,1.0,1.0,0.0,0.0,277.0,B
May,10,04:00:00,1.0,2.0,0.0,0.0,350.5,B
May,10,04:30:00,0.0,1.0,0.0,0.0,533.0,B
May,10,05:00:00,1.0,7.0,0.0,0.0,233.43,B
May,10,05:30:00,1.0,2.0,0.0,0.0,323.5,B
May,10,06:00:00,1.0,2.0,0.0,0.0,353.0,B
May,10,06:30:00,0.5,8.0,4.0,0.5,536.0,B
May,10,07:00:00,0.8571,7.0,0.0,0.0,232.57,B
May,10,07:30:00,1.0,22.0,0.0,0.0,340.36,B
May,10,08:00:00,1.0,21.0,0.0,0.0,333.48,B
May,10,08:30:00,1.0,38.0,0.0,0.0,330.16,B
May,10,09:00:00,0.97,103.0,3.0,0.0291,322.12,B
May,10,09:30:00,0.9034,145.0,0.0,0.0,353.97,B
May,10,10:00:00,1.0,177.0,0.0,0.0,290.14,B
May,10,10:30:00,1.0,204.0,0.0,0.0,325.78,B
May,10,11:00:00,0.9957,230.0,0.0,0.0,340.51,B
May,10,11:30:00,0.9926,273.0,1.0,0.0037,324.05,B
May,10,12:00:00,1.0,245.0,2.0,0.0082,372.74,B
May,10,12:30:00,1.0,264.0,1.0,0.0038,313.79,B
May,10,13:00:00,0.9457,282.0,6.0,0.0213,324.14,B
May,10,13:30:00,0.8899,318.0,0.0,0.0,322.04,B
May,10,14:00:00,0.9358,329.0,2.0,0.0061,314.76,B
May,10,14:30:00,0.9211,305.0,1.0,0.0033,341.44,B
May,10,15:00:00,0.8978,328.0,5.0,0.0152,321.41,B
May,10,15:30:00,0.9759,334.0,2.0,0.006,311.8,B
May,10,16:00:00,0.9932,295.0,1.0,0.0034,328.73,B
May,10,16:30:00,0.9966,295.0,0.0,0.0,311.41,B
May,10,17:00:00,1.0,281.0,0.0,0.0,306.06,B
May,10,17:30:00,1.0,231.0,0.0,0.0,337.91,B
May,10,18:00:00,0.9874,241.0,2.0,0.0083,338.37,B
May,10,18:30:00,0.9578,237.0,0.0,0.0,304.34,B
May,10,19:00:00,1.0,214.0,0.0,0.0,330.25,B
May,10,19:30:00,0.913,209.0,2.0,0.0096,315.43,B
May,10,20:00:00,0.913,209.0,2.0,0.0062,296.73,B
May,10,20:30:00,0.913,209.0,2.0,0.0127,302.19,B
May,10,21:00:00,0.913,209.0,2.0,0.0,308.39,B
May,10,21:30:00,0.913,209.0,2.0,0.018,340.88,B
May,10,22:00:00,0.9444,73.0,1.0,0.0137,290.26,B
May,10,22:30:00,0.8923,66.0,1.0,0.0152,335.18,B
May,10,23:00:00,0.9783,46.0,0.0,0.0,276.0,B
May,10,23:30:00,1.0,38.0,0.0,0.0,283.11,B
May,11,00:00:00,0.8889,27.0,0.0,0.0,233.0,B
May,11,00:30:00,1.0,14.0,0.0,0.0,333.64,B
May,11,01:00:00,1.0,1.0,0.0,0.0,440.0,B
May,11,01:30:00,1.0,5.0,0.0,0.0,246.2,B
May,11,02:00:00,1.0,3.0,0.0,0.0,401.67,B
May,11,02:30:00,1.0,6.0,0.0,0.0,588.83,B
May,11,03:00:00,1.0,9.0,0.0,0.0,311.56,B
May,11,04:30:00,1.0,1.0,0.0,0.0,718.0,B
May,11,05:00:00,1.0,1.0,0.0,0.0,444.0,B
May,11,05:30:00,1.0,1.0,0.0,0.0,241.0,B
May,11,06:00:00,1.0,1.0,0.0,0.0,731.0,B
May,11,06:30:00,1.0,6.0,0.0,0.0,201.17,B
May,11,07:00:00,1.0,5.0,0.0,0.0,346.6,B
May,11,07:30:00,1.0,6.0,0.0,0.0,254.0,B
May,11,08:00:00,1.0,15.0,1.0,0.0667,335.14,B
May,11,08:30:00,1.0,19.0,0.0,0.0,245.26,B
May,11,09:00:00,1.0,52.0,0.0,0.0,270.08,B
May,11,09:30:00,1.0,49.0,0.0,0.0,276.22,B
May,11,10:00:00,1.0,71.0,0.0,0.0,264.97,B
May,11,10:30:00,1.0,66.0,0.0,0.0,275.39,B
May,11,11:00:00,1.0,70.0,0.0,0.0,321.74,B
May,11,11:30:00,1.0,81.0,0.0,0.0,329.65,B
May,11,12:00:00,0.9903,103.0,0.0,0.0,340.81,B
May,11,12:30:00,0.9847,131.0,0.0,0.0,291.5,B
May,11,13:00:00,0.9926,135.0,0.0,0.0,288.13,B
May,11,13:30:00,0.981,158.0,0.0,0.0,310.27,B
May,11,14:00:00,1.0,139.0,0.0,0.0,312.05,B
May,11,14:30:00,1.0,144.0,0.0,0.0,336.61,B
May,11,15:00:00,0.9941,169.0,0.0,0.0,305.85,B
May,11,15:30:00,1.0,181.0,0.0,0.0,292.27,B
May,11,16:00:00,1.0,169.0,2.0,0.0118,311.84,B
May,11,16:30:00,1.0,190.0,0.0,0.0,284.07,B
May,11,17:00:00,1.0,154.0,0.0,0.0,273.45,B
May,11,17:30:00,1.0,164.0,0.0,0.0,300.5,B
May,11,18:00:00,0.993,143.0,1.0,0.007,317.55,B
May,11,18:30:00,0.9841,126.0,0.0,0.0,261.77,B
May,11,19:00:00,0.9917,122.0,1.0,0.0082,270.85,B
May,11,19:30:00,1.0,108.0,0.0,0.0,329.14,B
May,11,20:00:00,1.0,125.0,1.0,0.008,286.45,B
May,11,20:30:00,1.0,86.0,1.0,0.0116,277.58,B
May,11,21:00:00,1.0,76.0,2.0,0.0263,253.85,B
May,11,21:30:00,1.0,61.0,1.0,0.0164,268.65,B
May,11,22:00:00,1.0,64.0,0.0,0.0,281.66,B
May,11,22:30:00,1.0,44.0,0.0,0.0,246.48,B
May,11,23:00:00,1.0,30.0,0.0,0.0,226.83,B
May,11,23:30:00,1.0,28.0,1.0,0.0357,291.22,B
May,12,00:00:00,1.0,17.0,0.0,0.0,297.18,B
May,12,00:30:00,1.0,19.0,0.0,0.0,337.74,B
May,12,01:00:00,1.0,9.0,0.0,0.0,526.56,B
May,12,01:30:00,1.0,3.0,0.0,0.0,651.67,B
May,12,02:00:00,1.0,3.0,0.0,0.0,578.0,B
May,12,02:30:00,1.0,5.0,0.0,0.0,227.8,B
May,12,03:00:00,1.0,2.0,0.0,0.0,333.5,B
May,12,03:30:00,1.0,3.0,0.0,0.0,186.0,B
May,12,04:00:00,1.0,3.0,0.0,0.0,423.33,B
May,12,05:00:00,1.0,3.0,0.0,0.0,273.67,B
May,12,05:30:00,1.0,2.0,0.0,0.0,194.0,B
May,12,06:00:00,1.0,7.0,0.0,0.0,131.14,B
May,12,06:30:00,0.5,3.0,1.0,0.3333,1245.5,B
May,12,07:00:00,0.913,24.0,1.0,0.0417,223.39,B
May,12,07:30:00,0.8974,43.0,4.0,0.093,326.9,B
May,12,08:00:00,0.9718,71.0,0.0,0.0,282.21,B
May,12,08:30:00,0.9262,124.0,2.0,0.0161,282.34,B
May,12,09:00:00,0.8977,177.0,1.0,0.0056,309.63,B
May,12,09:30:00,0.9849,201.0,2.0,0.01,289.39,B
May,12,10:00:00,0.9463,300.0,2.0,0.0067,295.24,B
May,12,10:30:00,0.5877,340.0,15.0,0.0441,345.16,B
May,12,11:00:00,0.6425,364.0,6.0,0.0165,347.5,B
May,12,11:30:00,0.8428,374.0,5.0,0.0134,341.55,B
May,12,12:00:00,0.8932,412.0,0.0,0.0,344.0,B
May,12,12:30:00,0.9193,411.0,2.0,0.0049,352.0,B
May,12,13:00:00,0.787,465.0,5.0,0.0108,345.9,B
May,12,13:30:00,0.9835,424.0,1.0,0.0024,304.02,B
May,12,14:00:00,0.9955,445.0,2.0,0.0045,322.57,B
May,12,14:30:00,0.9866,450.0,2.0,0.0044,331.96,B
May,12,15:00:00,0.9955,451.0,2.0,0.0044,326.65,B
May,12,15:30:00,0.9914,466.0,1.0,0.0021,335.67,B
May,12,16:00:00,0.9911,451.0,3.0,0.0067,349.85,B
May,12,16:30:00,0.9917,482.0,1.0,0.0021,336.06,B
May,12,17:00:00,0.9931,438.0,1.0,0.0023,338.28,B
May,12,17:30:00,0.9477,423.0,2.0,0.0047,355.82,B
May,12,18:00:00,0.968,376.0,1.0,0.0027,350.25,B
May,12,18:30:00,0.9813,320.0,0.0,0.0,356.9,B
May,12,19:00:00,0.9801,252.0,1.0,0.004,379.18,B
May,12,19:30:00,0.9901,305.0,1.0,0.0033,335.8,B
May,12,20:00:00,0.6631,286.0,7.0,0.0245,370.93,B
May,12,20:30:00,0.9571,211.0,1.0,0.0047,321.83,B
May,12,21:00:00,1.0,166.0,0.0,0.0,370.05,B
May,12,21:30:00,1.0,134.0,0.0,0.0,306.32,B
May,12,22:00:00,0.9895,95.0,0.0,0.0,299.8,B
May,12,22:30:00,0.9884,86.0,0.0,0.0,287.87,B
May,12,23:00:00,1.0,55.0,0.0,0.0,270.62,B
May,12,23:30:00,1.0,50.0,0.0,0.0,271.26,B
May,13,00:00:00,1.0,22.0,0.0,0.0,333.5,B
May,13,00:30:00,1.0,26.0,0.0,0.0,289.46,B
May,13,01:00:00,1.0,13.0,0.0,0.0,315.08,B
May,13,01:30:00,1.0,3.0,0.0,0.0,228.0,B
May,13,02:00:00,1.0,3.0,0.0,0.0,268.67,B
May,13,02:30:00,1.0,2.0,0.0,0.0,153.5,B
May,13,03:00:00,1.0,3.0,0.0,0.0,322.67,B
May,13,04:00:00,1.0,4.0,0.0,0.0,154.5,B
May,13,04:30:00,1.0,2.0,0.0,0.0,204.0,B
May,13,05:30:00,1.0,2.0,0.0,0.0,459.5,B
May,13,06:00:00,1.0,3.0,0.0,0.0,195.33,B
May,13,06:30:00,1.0,5.0,1.0,0.2,129.0,B
May,13,07:00:00,0.92,26.0,1.0,0.0385,274.48,B
May,13,07:30:00,1.0,18.0,0.0,0.0,248.83,B
May,13,08:00:00,0.9615,78.0,0.0,0.0,231.17,B
May,13,08:30:00,0.899,100.0,1.0,0.01,302.3,B
May,13,09:00:00,0.906,150.0,1.0,0.0067,301.47,B
May,13,09:30:00,0.9949,197.0,0.0,0.0,313.85,B
May,13,10:00:00,0.9921,254.0,0.0,0.0,287.24,B
May,13,10:30:00,0.9881,253.0,0.0,0.0,326.84,B
May,13,11:00:00,0.9969,324.0,1.0,0.0031,344.05,B
May,13,11:30:00,0.9723,363.0,2.0,0.0055,342.04,B
May,13,12:00:00,0.9972,357.0,0.0,0.0,325.78,B
May,13,12:30:00,0.988,417.0,2.0,0.0048,340.24,B
May,13,13:00:00,0.9609,384.0,0.0,0.0,351.64,B
May,13,13:30:00,0.9848,401.0,7.0,0.0175,338.02,B
May,13,14:00:00,0.9812,426.0,0.0,0.0,337.24,B
May,13,14:30:00,0.9848,397.0,1.0,0.0025,342.85,B
May,13,15:00:00,0.9975,406.0,2.0,0.0049,317.06,B
May,13,15:30:00,0.9822,394.0,0.0,0.0,335.12,B
May,13,16:00:00,0.9927,410.0,1.0,0.0024,362.11,B
May,13,16:30:00,0.9872,392.0,1.0,0.0026,329.34,B
May,13,17:00:00,0.9944,359.0,0.0,0.0,361.28,B
May,13,17:30:00,0.9867,376.0,0.0,0.0,306.72,B
May,13,18:00:00,0.9752,324.0,1.0,0.0031,345.73,B
May,13,18:30:00,0.968,281.0,0.0,0.0,344.59,B
May,13,19:00:00,1.0,262.0,3.0,0.0115,333.55,B
May,13,19:30:00,1.0,213.0,1.0,0.0047,307.81,B
May,13,20:00:00,0.9495,198.0,0.0,0.0,315.67,B
May,13,20:30:00,1.0,175.0,2.0,0.0114,319.01,B
May,13,21:00:00,0.9937,159.0,1.0,0.0063,305.72,B
May,13,21:30:00,1.0,107.0,0.0,0.0,325.42,B
May,13,22:00:00,0.9898,99.0,1.0,0.0101,351.97,B
May,13,22:30:00,0.9833,61.0,1.0,0.0164,319.5,B
May,13,23:00:00,1.0,64.0,0.0,0.0,274.98,B
May,13,23:30:00,1.0,35.0,1.0,0.0286,293.82,B
May,14,00:00:00,1.0,24.0,0.0,0.0,269.67,B
May,14,00:30:00,1.0,18.0,0.0,0.0,239.94,B
May,14,01:00:00,0.8889,9.0,0.0,0.0,208.33,B
May,14,01:30:00,1.0,1.0,0.0,0.0,340.0,B
May,14,02:00:00,1.0,4.0,0.0,0.0,342.25,B
May,14,02:30:00,1.0,6.0,0.0,0.0,293.0,B
May,14,03:00:00,1.0,2.0,0.0,0.0,659.5,B
May,14,03:30:00,1.0,4.0,0.0,0.0,546.75,B
May,14,04:00:00,1.0,4.0,0.0,0.0,263.0,B
May,14,04:30:00,1.0,2.0,0.0,0.0,288.0,B
May,14,05:00:00,1.0,5.0,0.0,0.0,244.4,B
May,14,05:30:00,1.0,1.0,0.0,0.0,1067.0,B
May,14,06:00:00,1.0,5.0,0.0,0.0,324.4,B
May,14,06:30:00,0.4286,8.0,1.0,0.125,267.86,B
May,14,07:00:00,1.0,17.0,0.0,0.0,207.24,B
May,14,07:30:00,0.8537,43.0,2.0,0.0465,318.88,B
May,14,08:00:00,0.9146,83.0,1.0,0.012,282.17,B
May,14,08:30:00,0.9808,104.0,0.0,0.0,284.13,B
May,14,09:00:00,0.981,159.0,1.0,0.0063,318.57,B
May,14,09:30:00,0.9512,206.0,1.0,0.0049,323.64,B
May,14,10:00:00,0.8473,280.0,5.0,0.0179,326.9,B
May,14,10:30:00,0.6928,329.0,10.0,0.0304,324.89,B
May,14,11:00:00,0.9428,297.0,0.0,0.0,343.76,B
May,14,11:30:00,0.8694,339.0,2.0,0.0059,318.38,B
May,14,12:00:00,0.9819,390.0,3.0,0.0077,314.62,B
May,14,12:30:00,0.9871,388.0,1.0,0.0026,329.91,B
May,14,13:00:00,0.9866,374.0,1.0,0.0027,307.24,B
May,14,13:30:00,0.8914,411.0,6.0,0.0146,320.39,B
May,14,14:00:00,0.9036,450.0,4.0,0.0089,352.99,B
May,14,14:30:00,0.945,401.0,1.0,0.0025,342.04,B
May,14,15:00:00,0.949,414.0,2.0,0.0048,324.33,B
May,14,15:30:00,0.9927,410.0,1.0,0.0024,316.8,B
May,14,16:00:00,0.9779,408.0,1.0,0.0025,367.35,B
May,14,16:30:00,1.0,377.0,1.0,0.0027,339.26,B
May,14,17:00:00,0.9953,424.0,0.0,0.0,319.92,B
May,14,17:30:00,0.9701,401.0,0.0,0.0,316.58,B
May,14,18:00:00,0.9885,348.0,0.0,0.0,334.54,B
May,14,18:30:00,0.9964,274.0,0.0,0.0,305.27,B
May,14,19:00:00,0.963,271.0,1.0,0.0037,335.74,B
May,14,19:30:00,0.8989,279.0,2.0,0.0072,353.95,B
May,14,20:00:00,0.925,203.0,3.0,0.0148,337.92,B
May,14,20:30:00,0.8512,172.0,4.0,0.0233,360.17,B
May,14,21:00:00,0.973,150.0,2.0,0.0133,383.94,B
May,14,21:30:00,0.9813,163.0,3.0,0.0184,328.27,B
May,14,22:00:00,0.9844,128.0,0.0,0.0,264.09,B
May,14,22:30:00,0.9875,82.0,2.0,0.0244,310.38,B
May,14,23:00:00,1.0,60.0,0.0,0.0,299.3,B
May,14,23:30:00,1.0,44.0,0.0,0.0,297.45,B
May,15,00:00:00,1.0,29.0,0.0,0.0,354.97,B
May,15,00:30:00,1.0,21.0,0.0,0.0,235.9,B
May,15,01:00:00,1.0,13.0,0.0,0.0,314.62,B
May,15,01:30:00,1.0,9.0,0.0,0.0,240.67,B
May,15,02:00:00,1.0,4.0,0.0,0.0,485.75,B
May,15,02:30:00,1.0,3.0,0.0,0.0,350.67,B
May,15,03:00:00,1.0,3.0,0.0,0.0,194.67,B
May,15,04:30:00,1.0,2.0,0.0,0.0,295.5,B
May,15,05:00:00,1.0,3.0,1.0,0.3333,507.0,B
May,15,05:30:00,1.0,5.0,0.0,0.0,440.2,B
May,15,06:00:00,1.0,2.0,0.0,0.0,278.5,B
May,15,06:30:00,0.0,6.0,4.0,0.6667,384.0,B
May,15,07:00:00,0.6316,19.0,0.0,0.0,348.68,B
May,15,07:30:00,0.9643,30.0,2.0,0.0667,304.79,B
May,15,08:00:00,0.9873,79.0,0.0,0.0,297.96,B
May,15,08:30:00,0.9453,129.0,1.0,0.0078,320.68,B
May,15,09:00:00,0.9227,181.0,0.0,0.0,297.69,B
May,15,09:30:00,0.9799,199.0,0.0,0.0,328.0,B
May,15,10:00:00,0.9467,225.0,0.0,0.0,330.6,B
May,15,10:30:00,0.5754,297.0,12.0,0.0404,348.66,B
May,15,11:00:00,0.8557,298.0,0.0,0.0,319.65,B
May,15,11:30:00,0.9903,309.0,1.0,0.0032,356.35,B
May,15,12:00:00,0.9857,352.0,3.0,0.0085,312.07,B
May,15,12:30:00,0.8011,381.0,4.0,0.0105,364.37,B
May,15,13:00:00,0.9143,389.0,4.0,0.0103,332.12,B
May,15,13:30:00,0.8447,373.0,6.0,0.0161,328.3,B
May,15,14:00:00,0.9626,376.0,2.0,0.0053,344.82,B
May,15,14:30:00,0.8776,395.0,3.0,0.0076,342.49,B
May,15,15:00:00,0.9883,431.0,2.0,0.0046,318.92,B
May,15,15:30:00,0.9898,394.0,1.0,0.0025,345.08,B
May,15,16:00:00,0.9925,402.0,1.0,0.0025,341.2,B
May,15,16:30:00,0.9869,386.0,3.0,0.0078,332.48,B
May,15,17:00:00,0.9186,396.0,3.0,0.0076,319.39,B
May,15,17:30:00,0.9321,370.0,2.0,0.0054,340.08,B
May,15,18:00:00,0.8698,340.0,2.0,0.0059,344.61,B
May,15,18:30:00,0.9178,293.0,1.0,0.0034,346.38,B
May,15,19:00:00,0.9148,271.0,1.0,0.0037,362.38,B
May,15,19:30:00,0.9819,223.0,2.0,0.009,322.33,B
May,15,20:00:00,0.8468,226.0,4.0,0.0177,369.43,B
May,15,20:30:00,0.9724,181.0,0.0,0.0,367.5,B
May,15,21:00:00,0.9695,166.0,2.0,0.012,368.24,B
May,15,21:30:00,1.0,117.0,0.0,0.0,346.9,B
May,15,22:00:00,0.9913,115.0,0.0,0.0,292.69,B
May,15,22:30:00,1.0,80.0,1.0,0.0125,301.95,B
May,15,23:00:00,1.0,61.0,0.0,0.0,285.03,B
May,15,23:30:00,0.9773,45.0,1.0,0.0222,386.8,B
May,16,00:00:00,1.0,24.0,0.0,0.0,478.17,B
May,16,00:30:00,1.0,28.0,0.0,0.0,338.32,B
May,16,01:00:00,1.0,8.0,0.0,0.0,399.88,B
May,16,01:30:00,1.0,8.0,1.0,0.125,232.71,B
May,16,02:00:00,1.0,3.0,0.0,0.0,209.67,B
May,16,02:30:00,1.0,3.0,0.0,0.0,229.0,B
May,16,03:00:00,1.0,4.0,0.0,0.0,365.75,B
May,16,03:30:00,1.0,2.0,0.0,0.0,267.0,B
May,16,04:00:00,1.0,2.0,0.0,0.0,293.5,B
May,16,04:30:00,1.0,6.0,0.0,0.0,119.17,B
May,16,05:00:00,1.0,4.0,0.0,0.0,207.0,B
May,16,05:30:00,1.0,3.0,0.0,0.0,156.33,B
May,16,06:00:00,1.0,3.0,0.0,0.0,284.33,B
May,16,06:30:00,0.5,9.0,7.0,0.7778,310.5,B
May,16,07:00:00,0.9394,33.0,0.0,0.0,273.82,B
May,16,07:30:00,0.814,46.0,3.0,0.0652,338.58,B
May,16,08:00:00,0.9342,76.0,0.0,0.0,256.59,B
May,16,08:30:00,0.9579,96.0,1.0,0.0104,327.66,B
May,16,09:00:00,0.9573,166.0,2.0,0.012,334.02,B
May,16,09:30:00,0.9163,216.0,1.0,0.0046,326.16,B
May,16,10:00:00,0.9416,257.0,0.0,0.0,332.35,B
May,16,10:30:00,0.8601,294.0,8.0,0.0272,350.52,B
May,16,11:00:00,0.9371,322.0,4.0,0.0124,355.97,B
May,16,11:30:00,0.6393,350.0,9.0,0.0257,367.07,B
May,16,12:00:00,0.8215,353.0,0.0,0.0,337.04,B
May,16,12:30:00,0.8198,347.0,3.0,0.0086,332.6,B
May,16,13:00:00,0.8491,377.0,6.0,0.0159,340.07,B
May,16,13:30:00,0.7013,395.0,10.0,0.0253,337.4,B
May,16,14:00:00,0.9361,391.0,0.0,0.0,352.09,B
May,16,14:30:00,0.6459,412.0,11.0,0.0267,323.65,B
May,16,15:00:00,0.9165,407.0,0.0,0.0,339.72,B
May,16,15:30:00,0.8979,383.0,1.0,0.0026,328.63,B
May,16,16:00:00,0.9171,400.0,2.0,0.005,324.69,B
May,16,16:30:00,0.9571,352.0,2.0,0.0057,346.41,B
May,16,17:00:00,0.8785,360.0,6.0,0.0167,337.21,B
May,16,17:30:00,0.9937,320.0,3.0,0.0094,326.28,B
May,16,18:00:00,0.8376,319.0,5.0,0.0157,362.63,B
May,16,18:30:00,0.9269,260.0,0.0,0.0,341.87,B
May,16,19:00:00,0.8736,261.0,0.0,0.0,293.76,B
May,16,19:30:00,0.9614,209.0,2.0,0.0096,295.41,B
May,16,20:00:00,0.8647,174.0,4.0,0.023,315.87,B
May,16,20:30:00,0.9936,157.0,1.0,0.0064,349.58,B
May,16,21:00:00,0.9561,114.0,0.0,0.0,320.44,B
May,16,21:30:00,0.791,137.0,3.0,0.0219,327.57,B
May,16,22:00:00,0.9595,74.0,0.0,0.0,292.26,B
May,16,22:30:00,0.9839,62.0,0.0,0.0,296.47,B
May,16,23:00:00,0.9796,49.0,0.0,0.0,317.1,B
May,16,23:30:00,0.9722,36.0,0.0,0.0,340.81,B
May,17,00:00:00,1.0,29.0,1.0,0.0345,258.14,B
May,17,00:30:00,1.0,16.0,0.0,0.0,233.56,B
May,17,01:00:00,0.6667,10.0,1.0,0.1,488.89,B
May,17,01:30:00,1.0,5.0,0.0,0.0,541.6,B
May,17,02:00:00,0.8571,7.0,0.0,0.0,563.0,B
May,17,02:30:00,1.0,2.0,0.0,0.0,283.0,B
May,17,03:00:00,1.0,1.0,0.0,0.0,145.0,B
May,17,05:30:00,1.0,2.0,0.0,0.0,318.5,B
May,17,06:00:00,1.0,4.0,0.0,0.0,325.5,B
May,17,06:30:00,0.75,7.0,3.0,0.4286,1161.0,B
May,17,07:00:00,0.6667,9.0,0.0,0.0,344.22,B
May,17,07:30:00,0.7647,17.0,0.0,0.0,362.29,B
May,17,08:00:00,0.9615,26.0,0.0,0.0,290.08,B
May,17,08:30:00,1.0,39.0,0.0,0.0,364.82,B
May,17,09:00:00,1.0,108.0,0.0,0.0,258.64,B
May,17,09:30:00,0.9667,150.0,0.0,0.0,275.85,B
May,17,10:00:00,0.9657,175.0,0.0,0.0,307.5,B
May,17,10:30:00,0.955,203.0,3.0,0.0148,299.74,B
May,17,11:00:00,1.0,226.0,3.0,0.0133,332.15,B
May,17,11:30:00,0.9563,255.0,3.0,0.0118,359.53,B
May,17,12:00:00,0.9693,229.0,1.0,0.0044,339.94,B
May,17,12:30:00,0.9087,247.0,6.0,0.0243,354.34,B
May,17,13:00:00,0.8675,307.0,5.0,0.0163,335.6,B
May,17,13:30:00,0.9043,304.0,1.0,0.0033,310.83,B
May,17,14:00:00,0.7835,260.0,6.0,0.0231,334.73,B
May,17,14:30:00,0.5432,303.0,25.0,0.0825,357.39,B
May,17,15:00:00,0.8293,335.0,1.0,0.003,339.09,B
May,17,15:30:00,0.993,287.0,3.0,0.0105,314.19,B
May,17,16:00:00,0.9929,284.0,4.0,0.0141,330.8,B
May,17,16:30:00,0.9886,265.0,1.0,0.0038,340.91,B
May,17,17:00:00,0.9865,296.0,0.0,0.0,296.54,B
May,17,17:30:00,0.9925,268.0,0.0,0.0,335.37,B
May,17,18:00:00,0.8911,260.0,3.0,0.0115,319.4,B
May,17,18:30:00,0.9638,223.0,2.0,0.009,304.79,B
May,17,19:00:00,0.9832,179.0,0.0,0.0,320.34,B
May,17,19:30:00,0.9792,145.0,1.0,0.0069,287.85,B
May,17,20:00:00,0.6721,133.0,11.0,0.0827,331.7,B
May,17,20:30:00,0.7481,132.0,1.0,0.0076,298.77,B
May,17,21:00:00,0.8515,103.0,2.0,0.0194,291.45,B
May,17,21:30:00,0.901,101.0,0.0,0.0,310.55,B
May,17,22:00:00,0.8861,79.0,0.0,0.0,297.57,B
May,17,22:30:00,0.9683,64.0,1.0,0.0156,280.49,B
May,17,23:00:00,0.9318,45.0,1.0,0.0222,268.73,B
May,17,23:30:00,1.0,29.0,0.0,0.0,287.9,B
May,18,00:00:00,0.9,21.0,1.0,0.0476,283.05,B
May,18,00:30:00,1.0,13.0,0.0,0.0,215.31,B
May,18,01:00:00,1.0,9.0,0.0,0.0,333.22,B
May,18,01:30:00,1.0,13.0,0.0,0.0,243.15,B
May,18,02:00:00,1.0,9.0,0.0,0.0,213.78,B
May,18,02:30:00,1.0,7.0,0.0,0.0,259.57,B
May,18,03:00:00,1.0,10.0,0.0,0.0,150.3,B
May,18,03:30:00,1.0,3.0,0.0,0.0,140.67,B
May,18,04:00:00,1.0,1.0,0.0,0.0,28.0,B
May,18,04:30:00,1.0,2.0,0.0,0.0,324.5,B
May,18,05:00:00,1.0,2.0,0.0,0.0,587.5,B
May,18,05:30:00,1.0,3.0,0.0,0.0,135.33,B
May,18,06:00:00,1.0,1.0,0.0,0.0,284.0,B
May,18,06:30:00,1.0,1.0,0.0,0.0,108.0,B
May,18,07:00:00,1.0,4.0,0.0,0.0,256.25,B
May,18,07:30:00,0.8889,10.0,1.0,0.1,345.89,B
May,18,08:00:00,0.8571,21.0,0.0,0.0,260.24,B
May,18,08:30:00,0.9286,14.0,0.0,0.0,350.14,B
May,18,09:00:00,0.9792,48.0,0.0,0.0,292.88,B
May,18,09:30:00,0.9861,72.0,0.0,0.0,324.25,B
May,18,10:00:00,1.0,91.0,0.0,0.0,300.41,B
May,18,10:30:00,0.9899,99.0,0.0,0.0,300.9,B
May,18,11:00:00,1.0,86.0,0.0,0.0,296.44,B
May,18,11:30:00,0.9279,111.0,0.0,0.0,306.32,B
May,18,12:00:00,1.0,129.0,0.0,0.0,315.04,B
May,18,12:30:00,0.9189,149.0,1.0,0.0067,315.79,B
May,18,13:00:00,0.9647,173.0,3.0,0.0173,300.45,B
May,18,13:30:00,0.9202,163.0,0.0,0.0,331.77,B
May,18,14:00:00,0.9755,204.0,0.0,0.0,292.78,B
May,18,14:30:00,0.9762,169.0,1.0,0.0059,326.88,B
May,18,15:00:00,1.0,194.0,0.0,0.0,314.05,B
May,18,15:30:00,1.0,204.0,1.0,0.0049,304.1,B
May,18,16:00:00,0.9817,220.0,2.0,0.0091,325.68,B
May,18,16:30:00,0.994,167.0,0.0,0.0,308.35,B
May,18,17:00:00,0.9946,186.0,2.0,0.0108,313.2,B
May,18,17:30:00,0.9635,193.0,1.0,0.0052,298.63,B
May,18,18:00:00,0.7824,176.0,6.0,0.0341,285.28,B
May,18,18:30:00,0.9539,154.0,2.0,0.013,297.43,B
May,18,19:00:00,0.9542,131.0,0.0,0.0,303.84,B
May,18,19:30:00,0.9612,130.0,1.0,0.0077,307.95,B
May,18,20:00:00,0.9623,106.0,0.0,0.0,325.84,B
May,18,20:30:00,0.9697,100.0,1.0,0.01,320.98,B
May,18,21:00:00,0.9878,82.0,0.0,0.0,331.94,B
May,18,21:30:00,0.9873,79.0,0.0,0.0,272.94,B
May,18,22:00:00,0.9873,79.0,0.0,0.0,272.94,B
May,18,22:30:00,0.9873,79.0,0.0,0.0,272.94,B
May,18,23:00:00,0.9873,79.0,0.0,0.0,272.94,B
May,18,23:30:00,0.9873,79.0,0.0,0.0,272.94,B
May,19,00:00:00,1.0,21.0,0.0,0.0,339.14,B
May,19,00:30:00,1.0,16.0,0.0,0.0,341.56,B
May,19,01:00:00,1.0,7.0,0.0,0.0,424.0,B
May,19,01:30:00,1.0,5.0,0.0,0.0,329.0,B
May,19,02:00:00,1.0,7.0,0.0,0.0,425.0,B
May,19,02:30:00,1.0,2.0,0.0,0.0,302.0,B
May,19,03:00:00,1.0,2.0,0.0,0.0,691.0,B
May,19,03:30:00,1.0,0.0,0.0,0.0,691.0,B
May,19,04:00:00,1.0,2.0,0.0,0.0,489.5,B
May,19,04:30:00,1.0,1.0,0.0,0.0,187.0,B
May,19,05:00:00,1.0,1.0,0.0,0.0,182.0,B
May,19,05:30:00,1.0,3.0,0.0,0.0,688.0,B
May,19,06:00:00,1.0,3.0,0.0,0.0,148.0,B
May,19,06:30:00,0.0,2.0,0.0,0.0,307.5,B
May,19,07:00:00,0.88,25.0,0.0,0.0,292.04,B
May,19,07:30:00,0.9697,35.0,2.0,0.0571,237.82,B
May,19,08:00:00,0.9875,80.0,0.0,0.0,303.69,B
May,19,08:30:00,0.9847,132.0,1.0,0.0076,286.91,B
May,19,09:00:00,0.9938,162.0,1.0,0.0062,283.99,B
May,19,09:30:00,0.8504,237.0,3.0,0.0127,349.88,B
May,19,10:00:00,0.922,296.0,1.0,0.0034,343.08,B
May,19,10:30:00,0.9662,299.0,3.0,0.01,323.92,B
May,19,11:00:00,0.9145,340.0,1.0,0.0029,348.42,B
May,19,11:30:00,0.765,360.0,11.0,0.0306,354.84,B
May,19,12:00:00,0.8071,398.0,4.0,0.0101,351.42,B
May,19,12:30:00,0.8284,417.0,15.0,0.036,369.25,B
May,19,13:00:00,0.8698,461.0,0.0,0.0,353.31,B
May,19,13:30:00,0.9816,434.0,0.0,0.0,351.07,B
May,19,14:00:00,0.9891,457.0,0.0,0.0,354.92,B
May,19,14:30:00,0.9736,455.0,0.0,0.0,346.62,B
May,19,15:00:00,0.9842,447.0,3.0,0.0067,345.63,B
May,19,15:30:00,0.9443,467.0,0.0,0.0,329.36,B
May,19,16:00:00,0.991,447.0,2.0,0.0045,352.36,B
May,19,16:30:00,0.9835,424.0,1.0,0.0024,384.46,B
May,19,17:00:00,0.9522,422.0,4.0,0.0095,335.34,B
May,19,17:30:00,0.9727,404.0,1.0,0.0025,374.25,B
May,19,18:00:00,0.9892,371.0,0.0,0.0,348.79,B
May,19,18:30:00,0.9943,353.0,1.0,0.0028,318.53,B
May,19,19:00:00,0.9966,292.0,1.0,0.0034,354.82,B
May,19,19:30:00,0.9493,297.0,1.0,0.0034,334.01,B
May,19,20:00:00,0.9592,247.0,2.0,0.0081,306.94,B
May,19,20:30:00,0.9552,201.0,0.0,0.0,307.87,B
May,19,21:00:00,0.9942,174.0,2.0,0.0115,355.26,B
May,19,21:30:00,1.0,138.0,0.0,0.0,358.61,B
May,19,22:00:00,1.0,117.0,0.0,0.0,343.3,B
May,19,22:30:00,1.0,87.0,0.0,0.0,338.67,B
May,19,23:00:00,1.0,67.0,0.0,0.0,288.27,B
May,19,23:30:00,1.0,50.0,0.0,0.0,340.64,B
May,20,00:00:00,1.0,26.0,0.0,0.0,226.77,B
May,20,00:30:00,1.0,21.0,0.0,0.0,385.52,B
May,20,01:00:00,1.0,8.0,0.0,0.0,449.88,B
May,20,01:30:00,1.0,6.0,0.0,0.0,293.33,B
May,20,02:00:00,1.0,3.0,0.0,0.0,344.33,B
May,20,02:30:00,1.0,3.0,0.0,0.0,288.0,B
May,20,03:00:00,1.0,4.0,0.0,0.0,686.5,B
May,20,03:30:00,1.0,2.0,0.0,0.0,351.5,B
May,20,04:30:00,1.0,2.0,0.0,0.0,188.0,B
May,20,05:00:00,1.0,1.0,0.0,0.0,285.0,B
May,20,05:30:00,1.0,2.0,0.0,0.0,487.0,B
May,20,06:00:00,1.0,1.0,0.0,0.0,80.0,B
May,20,06:30:00,0.3333,10.0,4.0,0.4,300.0,B
May,20,07:00:00,0.8,25.0,0.0,0.0,341.16,B
May,20,07:30:00,0.8438,33.0,1.0,0.0303,262.94,B
May,20,08:00:00,0.9114,81.0,2.0,0.0247,295.65,B
May,20,08:30:00,0.9496,122.0,3.0,0.0246,321.6,B
May,20,09:00:00,0.9383,162.0,0.0,0.0,328.3,B
May,20,09:30:00,0.9828,232.0,0.0,0.0,313.65,B
May,20,10:00:00,0.9551,245.0,0.0,0.0,331.0,B
May,20,10:30:00,0.6436,311.0,8.0,0.0257,335.2,B
May,20,11:00:00,0.8806,340.0,5.0,0.0147,326.8,B
May,20,11:30:00,0.783,348.0,7.0,0.0201,344.65,B
May,20,12:00:00,0.9616,391.0,0.0,0.0,334.13,B
May,20,12:30:00,0.7589,399.0,5.0,0.0125,336.02,B
May,20,13:00:00,0.8946,361.0,10.0,0.0277,349.48,B
May,20,13:30:00,0.6061,389.0,31.0,0.0797,378.23,B
May,20,14:00:00,0.8081,450.0,7.0,0.0156,347.28,B
May,20,14:30:00,0.9776,402.0,0.0,0.0,354.16,B
May,20,15:00:00,0.9881,420.0,1.0,0.0024,347.72,B
May,20,15:30:00,0.9953,427.0,1.0,0.0023,350.14,B
May,20,16:00:00,0.9978,452.0,0.0,0.0,340.71,B
May,20,16:30:00,0.985,401.0,0.0,0.0,298.42,B
May,20,17:00:00,0.9945,365.0,2.0,0.0055,370.69,B
May,20,17:30:00,0.9975,396.0,0.0,0.0,342.43,B
May,20,18:00:00,0.9913,345.0,1.0,0.0029,371.54,B
May,20,18:30:00,0.9677,342.0,1.0,0.0029,332.66,B
May,20,19:00:00,0.9967,306.0,0.0,0.0,317.5,B
May,20,19:30:00,0.996,249.0,1.0,0.004,335.65,B
May,20,20:00:00,0.9289,227.0,2.0,0.0088,325.56,B
May,20,20:30:00,0.9856,211.0,2.0,0.0095,315.46,B
May,20,21:00:00,0.9677,156.0,1.0,0.0064,314.45,B
May,20,21:30:00,0.9924,132.0,1.0,0.0076,322.94,B
May,20,22:00:00,1.0,112.0,0.0,0.0,291.8,B
May,20,22:30:00,1.0,79.0,0.0,0.0,275.73,B
May,20,23:00:00,1.0,55.0,0.0,0.0,251.27,B
May,20,23:30:00,1.0,51.0,0.0,0.0,354.59,B
May,21,00:00:00,1.0,35.0,0.0,0.0,311.43,B
May,21,00:30:00,1.0,38.0,0.0,0.0,226.18,B
May,21,01:00:00,0.8,10.0,0.0,0.0,273.5,B
May,21,01:30:00,1.0,6.0,0.0,0.0,375.5,B
May,21,02:00:00,1.0,2.0,0.0,0.0,347.5,B
May,21,02:30:00,0.4,7.0,2.0,0.2857,726.4,B
May,21,03:00:00,0.5,2.0,0.0,0.0,1050.5,B
May,21,03:30:00,1.0,1.0,0.0,0.0,733.0,B
May,21,04:00:00,1.0,4.0,0.0,0.0,590.5,B
May,21,05:00:00,1.0,2.0,0.0,0.0,335.5,B
May,21,05:30:00,1.0,2.0,0.0,0.0,249.0,B
May,21,06:00:00,1.0,3.0,0.0,0.0,513.67,B
May,21,06:30:00,0.6667,7.0,4.0,0.5714,410.0,B
May,21,07:00:00,0.6923,29.0,3.0,0.1034,233.88,B
May,21,07:30:00,0.6286,38.0,3.0,0.0789,306.0,B
May,21,08:00:00,0.9872,78.0,0.0,0.0,288.71,B
May,21,08:30:00,0.8624,114.0,5.0,0.0439,325.83,B
May,21,09:00:00,0.9318,176.0,0.0,0.0,333.89,B
May,21,09:30:00,0.8139,235.0,4.0,0.017,310.45,B
May,21,10:00:00,0.7951,285.0,2.0,0.007,341.52,B
May,21,10:30:00,0.616,278.0,15.0,0.054,341.36,B
May,21,11:00:00,0.8486,317.0,0.0,0.0,338.75,B
May,21,11:30:00,0.9387,326.0,0.0,0.0,343.63,B
May,21,12:00:00,0.9128,391.0,1.0,0.0026,325.96,B
May,21,12:30:00,0.7215,401.0,6.0,0.015,323.72,B
May,21,13:00:00,0.9593,369.0,0.0,0.0,341.41,B
May,21,13:30:00,0.9804,359.0,1.0,0.0028,344.51,B
May,21,14:00:00,0.9042,407.0,0.0,0.0,345.1,B
May,21,14:30:00,0.9098,413.0,3.0,0.0073,344.54,B
May,21,15:00:00,0.9518,417.0,2.0,0.0048,330.26,B
May,21,15:30:00,0.9975,400.0,1.0,0.0025,332.82,B
May,21,16:00:00,0.9902,412.0,2.0,0.0049,348.36,B
May,21,16:30:00,1.0,395.0,0.0,0.0,338.22,B
May,21,17:00:00,0.9901,406.0,0.0,0.0,348.75,B
May,21,17:30:00,0.9972,359.0,0.0,0.0,325.97,B
May,21,18:00:00,0.9752,324.0,2.0,0.0062,334.6,B
May,21,18:30:00,0.9932,292.0,0.0,0.0,316.7,B
May,21,19:00:00,0.9926,269.0,0.0,0.0,326.53,B
May,21,19:30:00,0.9562,252.0,1.0,0.004,335.84,B
May,21,20:00:00,0.9694,230.0,1.0,0.0043,320.57,B
May,21,20:30:00,0.9848,201.0,4.0,0.0199,288.57,B
May,21,21:00:00,0.9728,147.0,0.0,0.0,349.86,B
May,21,21:30:00,0.9675,125.0,2.0,0.016,336.24,B
May,21,22:00:00,1.0,96.0,0.0,0.0,293.09,B
May,21,22:30:00,1.0,74.0,0.0,0.0,301.36,B
May,21,23:00:00,1.0,56.0,0.0,0.0,334.64,B
May,21,23:30:00,1.0,48.0,0.0,0.0,366.06,B
May,22,00:00:00,1.0,21.0,0.0,0.0,279.67,B
May,22,00:30:00,1.0,24.0,0.0,0.0,278.71,B
May,22,01:00:00,1.0,9.0,0.0,0.0,218.0,B
May,22,01:30:00,1.0,6.0,0.0,0.0,350.17,B
May,22,02:00:00,1.0,5.0,0.0,0.0,330.0,B
May,22,02:30:00,1.0,5.0,0.0,0.0,221.4,B
May,22,03:00:00,1.0,3.0,0.0,0.0,235.33,B
May,22,03:30:00,1.0,5.0,0.0,0.0,278.2,B
May,22,04:00:00,0.75,5.0,1.0,0.2,199.0,B
May,22,05:00:00,0.3333,4.0,1.0,0.25,205.0,B
May,22,05:30:00,0.6667,6.0,0.0,0.0,261.17,B
May,22,06:00:00,1.0,3.0,0.0,0.0,140.33,B
May,22,06:30:00,0.6667,4.0,1.0,0.25,439.33,B
May,22,07:00:00,0.8696,24.0,1.0,0.0417,249.0,B
May,22,07:30:00,0.7391,48.0,2.0,0.0417,295.22,B
May,22,08:00:00,0.8889,72.0,0.0,0.0,252.01,B
May,22,08:30:00,1.0,109.0,2.0,0.0183,334.11,B
May,22,09:00:00,0.984,188.0,0.0,0.0,301.03,B
May,22,09:30:00,0.9735,226.0,0.0,0.0,339.62,B
May,22,10:00:00,0.9956,225.0,0.0,0.0,310.4,B
May,22,10:30:00,0.8576,305.0,3.0,0.0098,345.27,B
May,22,11:00:00,0.9771,308.0,2.0,0.0065,340.41,B
May,22,11:30:00,0.9906,319.0,0.0,0.0,330.59,B
May,22,12:00:00,0.9841,380.0,2.0,0.0053,341.6,B
May,22,12:30:00,0.9885,348.0,0.0,0.0,342.36,B
May,22,13:00:00,0.964,389.0,0.0,0.0,361.67,B
May,22,13:30:00,0.9875,400.0,0.0,0.0,359.83,B
May,22,14:00:00,0.9829,410.0,1.0,0.0024,330.47,B
May,22,14:30:00,0.8176,451.0,7.0,0.0155,339.05,B
May,22,15:00:00,0.9321,386.0,3.0,0.0078,369.86,B
May,22,15:30:00,0.8633,400.0,5.0,0.0125,371.74,B
May,22,16:00:00,0.9845,389.0,2.0,0.0051,379.57,B
May,22,16:30:00,1.0,386.0,0.0,0.0,334.34,B
May,22,17:00:00,0.9938,325.0,1.0,0.0031,343.48,B
May,22,17:30:00,0.9942,343.0,1.0,0.0029,352.8,B
May,22,18:00:00,0.9672,306.0,1.0,0.0033,352.19,B
May,22,18:30:00,0.9719,287.0,2.0,0.007,355.78,B
May,22,19:00:00,0.956,250.0,0.0,0.0,308.96,B
May,22,19:30:00,0.978,228.0,1.0,0.0044,336.45,B
May,22,20:00:00,0.971,207.0,0.0,0.0,328.27,B
May,22,20:30:00,0.9825,171.0,0.0,0.0,331.78,B
May,22,21:00:00,0.9797,149.0,1.0,0.0067,307.14,B
May,22,21:30:00,1.0,123.0,0.0,0.0,276.9,B
May,22,22:00:00,1.0,96.0,0.0,0.0,318.94,B
May,22,22:30:00,1.0,76.0,0.0,0.0,304.29,B
May,22,23:00:00,1.0,57.0,0.0,0.0,352.61,B
May,22,23:30:00,1.0,37.0,0.0,0.0,295.57,B
May,23,00:00:00,1.0,27.0,0.0,0.0,302.11,B
May,23,00:30:00,1.0,16.0,0.0,0.0,256.31,B
May,23,01:00:00,1.0,5.0,0.0,0.0,325.0,B
May,23,01:30:00,1.0,3.0,0.0,0.0,118.0,B
May,23,02:00:00,1.0,2.0,0.0,0.0,188.5,B
May,23,02:30:00,1.0,2.0,0.0,0.0,148.5,B
May,23,03:00:00,1.0,4.0,0.0,0.0,473.0,B
May,23,03:30:00,1.0,5.0,0.0,0.0,1007.4,B
May,23,04:00:00,1.0,4.0,1.0,0.25,272.67,B
May,23,04:30:00,1.0,4.0,0.0,0.0,587.75,B
May,23,05:00:00,1.0,1.0,0.0,0.0,154.0,B
May,23,05:30:00,1.0,1.0,1.0,1.0,154.0,B
May,23,06:00:00,1.0,4.0,3.0,0.75,286.0,B
May,23,06:30:00,1.0,6.0,5.0,0.8333,105.0,B
May,23,07:00:00,0.8333,30.0,0.0,0.0,267.03,B
May,23,07:30:00,1.0,31.0,0.0,0.0,193.03,B
May,23,08:00:00,0.9875,80.0,0.0,0.0,271.98,B
May,23,08:30:00,1.0,122.0,0.0,0.0,279.22,B
May,23,09:00:00,0.9945,182.0,0.0,0.0,336.99,B
May,23,09:30:00,0.9952,211.0,2.0,0.0095,307.54,B
May,23,10:00:00,0.9925,266.0,0.0,0.0,350.33,B
May,23,10:30:00,0.9391,314.0,2.0,0.0064,319.11,B
May,23,11:00:00,0.9898,296.0,1.0,0.0034,317.43,B
May,23,11:30:00,0.9366,351.0,4.0,0.0114,327.55,B
May,23,12:00:00,0.9311,392.0,0.0,0.0,323.84,B
May,23,12:30:00,0.9972,356.0,0.0,0.0,348.45,B
May,23,13:00:00,0.9851,403.0,0.0,0.0,324.4,B
May,23,13:30:00,0.9375,418.0,2.0,0.0048,323.74,B
May,23,14:00:00,0.8142,398.0,5.0,0.0126,325.83,B
May,23,14:30:00,0.805,444.0,8.0,0.018,376.77,B
May,23,15:00:00,0.9079,407.0,27.0,0.0663,391.41,B
May,23,15:30:00,0.7138,381.0,84.0,0.2205,371.68,B
May,23,16:00:00,0.5813,516.0,67.0,0.1298,324.62,B
May,23,16:30:00,0.6211,454.0,8.0,0.0176,347.03,B
May,23,17:00:00,0.9281,448.0,3.0,0.0067,331.83,B
May,23,17:30:00,0.9295,400.0,3.0,0.0075,333.89,B
May,23,18:00:00,0.9295,400.0,3.0,0.0075,333.89,B
May,23,18:30:00,0.9295,400.0,3.0,0.0075,333.89,B
May,23,19:00:00,0.9295,400.0,3.0,0.0075,333.89,B
May,23,19:30:00,0.9295,400.0,3.0,0.0075,333.89,B
May,23,20:00:00,0.978,230.0,3.0,0.013,321.74,B
May,23,20:30:00,0.9581,193.0,2.0,0.0104,316.17,B
May,23,21:00:00,0.9868,154.0,3.0,0.0195,344.88,B
May,23,21:30:00,0.9928,139.0,0.0,0.0,305.17,B
May,23,22:00:00,1.0,114.0,0.0,0.0,302.73,B
May,23,22:30:00,1.0,85.0,1.0,0.0118,310.61,B
May,23,23:00:00,1.0,52.0,0.0,0.0,352.27,B
May,23,23:30:00,1.0,63.0,1.0,0.0159,339.85,B
May,24,00:00:00,1.0,34.0,0.0,0.0,301.29,B
May,24,00:30:00,1.0,20.0,0.0,0.0,310.8,B
May,24,01:00:00,1.0,6.0,0.0,0.0,290.0,B
May,24,01:30:00,1.0,3.0,0.0,0.0,236.33,B
May,24,02:00:00,1.0,1.0,0.0,0.0,422.0,B
May,24,02:30:00,1.0,4.0,0.0,0.0,293.0,B
May,24,03:00:00,1.0,9.0,0.0,0.0,292.56,B
May,24,03:30:00,1.0,6.0,0.0,0.0,145.5,B
May,24,04:30:00,1.0,2.0,0.0,0.0,169.5,B
May,24,05:00:00,1.0,2.0,0.0,0.0,593.5,B
May,24,05:30:00,1.0,2.0,0.0,0.0,312.0,B
May,24,06:00:00,1.0,1.0,0.0,0.0,536.0,B
May,24,06:30:00,0.6,6.0,1.0,0.1667,323.6,B
May,24,07:00:00,0.9,10.0,0.0,0.0,173.2,B
May,24,07:30:00,1.0,11.0,0.0,0.0,221.55,B
May,24,08:00:00,0.9583,24.0,0.0,0.0,286.83,B
May,24,08:30:00,1.0,29.0,1.0,0.0345,262.64,B
May,24,09:00:00,0.9322,118.0,0.0,0.0,281.98,B
May,24,09:30:00,0.9573,118.0,1.0,0.0085,337.68,B
May,24,10:00:00,1.0,157.0,1.0,0.0064,290.49,B
May,24,10:30:00,0.8239,164.0,5.0,0.0305,331.82,B
May,24,11:00:00,0.6078,240.0,8.0,0.0333,337.46,B
May,24,11:30:00,0.9079,229.0,1.0,0.0044,341.6,B
May,24,12:00:00,0.9914,232.0,0.0,0.0,315.69,B
May,24,12:30:00,0.8172,274.0,6.0,0.0219,330.23,B
May,24,13:00:00,0.7972,287.0,1.0,0.0035,330.95,B
May,24,13:30:00,0.7865,287.0,6.0,0.0209,307.59,B
May,24,14:00:00,0.637,298.0,17.0,0.057,349.99,B
May,24,14:30:00,0.8084,269.0,8.0,0.0297,357.81,B
May,24,15:00:00,0.8852,244.0,0.0,0.0,321.41,B
May,24,15:30:00,0.9419,260.0,2.0,0.0077,331.6,B
May,24,16:00:00,0.8912,296.0,2.0,0.0068,341.59,B
May,24,16:30:00,0.8984,248.0,2.0,0.0081,358.75,B
May,24,17:00:00,0.9619,238.0,2.0,0.0084,378.37,B
May,24,17:30:00,0.9038,241.0,2.0,0.0083,334.88,B
May,24,18:00:00,0.9156,238.0,1.0,0.0042,338.36,B
May,24,18:30:00,0.9807,209.0,2.0,0.0096,337.88,B
May,24,19:00:00,0.9389,182.0,2.0,0.011,335.35,B
May,24,19:30:00,0.9467,150.0,0.0,0.0,312.25,B
May,24,20:00:00,0.8267,152.0,2.0,0.0132,374.34,B
May,24,20:30:00,0.9504,141.0,0.0,0.0,269.65,B
May,24,21:00:00,0.9588,99.0,2.0,0.0202,284.98,B
May,24,21:30:00,0.8864,88.0,0.0,0.0,288.38,B
May,24,22:00:00,0.7746,72.0,1.0,0.0139,284.23,B
May,24,22:30:00,0.9545,44.0,0.0,0.0,308.34,B
May,24,23:00:00,0.9143,36.0,1.0,0.0278,331.69,B
May,24,23:30:00,1.0,28.0,0.0,0.0,288.75,B
May,25,00:00:00,0.7727,28.0,6.0,0.2143,323.18,B
May,25,00:30:00,0.8182,15.0,4.0,0.2667,207.73,B
May,25,01:00:00,0.9,10.0,0.0,0.0,524.9,B
May,25,01:30:00,1.0,11.0,0.0,0.0,318.27,B
May,25,02:00:00,1.0,5.0,0.0,0.0,221.0,B
May,25,02:30:00,1.0,3.0,0.0,0.0,107.0,B
May,25,03:00:00,1.0,2.0,0.0,0.0,179.0,B
May,25,03:30:00,1.0,2.0,0.0,0.0,159.5,B
May,25,04:00:00,1.0,2.0,0.0,0.0,168.0,B
May,25,05:00:00,1.0,1.0,0.0,0.0,18.0,B
May,25,05:30:00,1.0,2.0,0.0,0.0,255.5,B
May,25,06:00:00,1.0,1.0,0.0,0.0,153.0,B
May,25,06:30:00,1.0,2.0,0.0,0.0,218.5,B
May,25,07:00:00,1.0,6.0,0.0,0.0,210.67,B
May,25,07:30:00,1.0,12.0,0.0,0.0,266.92,B
May,25,08:00:00,1.0,18.0,0.0,0.0,241.83,B
May,25,08:30:00,1.0,30.0,0.0,0.0,264.17,B
May,25,09:00:00,1.0,56.0,0.0,0.0,295.57,B
May,25,09:30:00,0.9844,64.0,0.0,0.0,333.42,B
May,25,10:00:00,1.0,85.0,0.0,0.0,279.39,B
May,25,10:30:00,1.0,86.0,0.0,0.0,395.49,B
May,25,11:00:00,1.0,105.0,0.0,0.0,323.96,B
May,25,11:30:00,0.9496,120.0,1.0,0.0083,309.68,B
May,25,12:00:00,0.9846,130.0,0.0,0.0,298.55,B
May,25,12:30:00,0.9929,141.0,1.0,0.0071,321.49,B
May,25,13:00:00,0.9944,178.0,0.0,0.0,284.04,B
May,25,13:30:00,0.9938,162.0,1.0,0.0062,266.3,B
May,25,14:00:00,1.0,188.0,0.0,0.0,327.44,B
May,25,14:30:00,0.9828,174.0,0.0,0.0,308.45,B
May,25,15:00:00,1.0,188.0,0.0,0.0,274.97,B
May,25,15:30:00,1.0,207.0,0.0,0.0,289.36,B
May,25,16:00:00,1.0,186.0,0.0,0.0,307.01,B
May,25,16:30:00,1.0,185.0,1.0,0.0054,283.98,B
May,25,17:00:00,0.995,199.0,0.0,0.0,302.58,B
May,25,17:30:00,0.9941,169.0,0.0,0.0,305.21,B
May,25,18:00:00,0.9942,171.0,0.0,0.0,310.4,B
May,25,18:30:00,0.9935,154.0,0.0,0.0,297.18,B
May,25,19:00:00,0.9831,119.0,1.0,0.0084,292.12,B
May,25,19:30:00,1.0,114.0,1.0,0.0088,300.48,B
May,25,20:00:00,0.9899,99.0,0.0,0.0,310.07,B
May,25,20:30:00,1.0,94.0,0.0,0.0,296.55,B
May,25,21:00:00,1.0,99.0,0.0,0.0,245.6,B
May,25,21:30:00,1.0,86.0,0.0,0.0,313.49,B
May,25,22:00:00,0.8831,78.0,1.0,0.0128,380.88,B
May,25,22:30:00,0.9825,57.0,0.0,0.0,285.39,B
May,25,23:00:00,1.0,40.0,0.0,0.0,252.5,B
May,25,23:30:00,1.0,51.0,0.0,0.0,231.67,B
May,26,00:00:00,0.9091,18.0,7.0,0.3889,447.18,B
May,26,00:30:00,1.0,17.0,0.0,0.0,249.24,B
May,26,01:00:00,1.0,9.0,0.0,0.0,243.22,B
May,26,01:30:00,1.0,7.0,0.0,0.0,389.71,B
May,26,02:00:00,1.0,2.0,0.0,0.0,383.5,B
May,26,02:30:00,1.0,3.0,0.0,0.0,294.33,B
May,26,03:00:00,1.0,1.0,0.0,0.0,793.0,B
May,26,03:30:00,1.0,2.0,0.0,0.0,362.0,B
May,26,05:00:00,1.0,1.0,0.0,0.0,259.0,B
May,26,05:30:00,1.0,1.0,0.0,0.0,158.0,B
May,26,06:00:00,1.0,1.0,0.0,0.0,129.0,B
May,26,06:30:00,1.0,3.0,0.0,0.0,521.0,B
May,26,07:00:00,1.0,19.0,0.0,0.0,191.74,B
May,26,07:30:00,0.9565,24.0,1.0,0.0417,224.09,B
May,26,08:00:00,1.0,42.0,0.0,0.0,269.36,B
May,26,08:30:00,1.0,54.0,0.0,0.0,310.04,B
May,26,09:00:00,0.99,100.0,0.0,0.0,271.9,B
May,26,09:30:00,0.9798,100.0,1.0,0.01,309.26,B
May,26,10:00:00,0.9853,136.0,0.0,0.0,256.65,B
May,26,10:30:00,1.0,167.0,0.0,0.0,302.77,B
May,26,11:00:00,1.0,167.0,0.0,0.0,302.77,B
May,26,11:30:00,1.0,167.0,0.0,0.0,302.77,B
May,26,12:00:00,1.0,167.0,0.0,0.0,302.77,B
May,26,12:30:00,1.0,167.0,0.0,0.0,302.77,B
May,26,13:00:00,0.9916,237.0,0.0,0.0,340.18,B
May,26,13:30:00,0.9957,234.0,2.0,0.0085,333.78,B
May,26,14:00:00,1.0,246.0,0.0,0.0,314.3,B
May,26,14:30:00,0.9959,243.0,0.0,0.0,310.49,B
May,26,15:00:00,1.0,252.0,0.0,0.0,348.73,B
May,26,15:30:00,1.0,252.0,0.0,0.0,311.54,B
May,26,16:00:00,1.0,244.0,0.0,0.0,298.39,B
May,26,16:30:00,0.9964,278.0,2.0,0.0072,319.91,B
May,26,17:00:00,1.0,245.0,0.0,0.0,311.33,B
May,26,17:30:00,1.0,225.0,0.0,0.0,311.44,B
May,26,18:00:00,0.9952,210.0,1.0,0.0048,371.49,B
May,26,18:30:00,0.9765,214.0,1.0,0.0047,348.92,B
May,26,19:00:00,0.9838,185.0,0.0,0.0,310.43,B
May,26,19:30:00,1.0,170.0,0.0,0.0,286.43,B
May,26,20:00:00,0.9857,141.0,1.0,0.0071,330.66,B
May,26,20:30:00,1.0,127.0,1.0,0.0079,332.97,B
May,26,21:00:00,0.9916,119.0,0.0,0.0,299.92,B
May,26,21:30:00,1.0,101.0,0.0,0.0,332.64,B
May,26,22:00:00,1.0,91.0,1.0,0.011,324.84,B
May,26,22:30:00,1.0,50.0,0.0,0.0,338.86,B
May,26,23:00:00,0.9811,54.0,1.0,0.0185,248.68,B
May,26,23:30:00,0.9167,37.0,1.0,0.027,369.28,B
May,27,00:00:00,1.0,19.0,0.0,0.0,297.37,B
May,27,00:30:00,1.0,16.0,0.0,0.0,206.06,B
May,27,01:00:00,1.0,7.0,0.0,0.0,205.0,B
May,27,01:30:00,1.0,1.0,0.0,0.0,1312.0,B
May,27,02:00:00,1.0,2.0,0.0,0.0,164.5,B
May,27,02:30:00,1.0,4.0,0.0,0.0,401.5,B
May,27,03:00:00,1.0,1.0,0.0,0.0,311.0,B
May,27,03:30:00,1.0,3.0,0.0,0.0,306.67,B
May,27,04:00:00,1.0,2.0,0.0,0.0,188.5,B
May,27,04:30:00,1.0,1.0,0.0,0.0,231.0,B
May,27,05:00:00,1.0,1.0,0.0,0.0,28.0,B
May,27,05:30:00,1.0,1.0,0.0,0.0,441.0,B
May,27,06:00:00,1.0,2.0,0.0,0.0,304.5,B
May,27,06:30:00,0.8333,7.0,1.0,0.1429,392.5,B
May,27,07:00:00,0.963,27.0,0.0,0.0,252.59,B
May,27,07:30:00,0.95,40.0,0.0,0.0,278.65,B
May,27,08:00:00,1.0,83.0,0.0,0.0,344.67,B
May,27,08:30:00,1.0,114.0,0.0,0.0,283.63,B
May,27,09:00:00,0.9858,211.0,0.0,0.0,310.03,B
May,27,09:30:00,0.9953,215.0,0.0,0.0,334.03,B
May,27,10:00:00,1.0,284.0,0.0,0.0,319.45,B
May,27,10:30:00,0.9482,329.0,1.0,0.003,314.44,B
May,27,11:00:00,0.9758,331.0,0.0,0.0,340.73,B
May,27,11:30:00,0.97,367.0,0.0,0.0,332.81,B
May,27,12:00:00,0.9974,390.0,1.0,0.0026,327.86,B
May,27,12:30:00,0.9544,398.0,3.0,0.0075,338.76,B
May,27,13:00:00,0.9949,389.0,0.0,0.0,342.56,B
May,27,13:30:00,0.7057,444.0,9.0,0.0203,316.28,B
May,27,14:00:00,0.6547,466.0,20.0,0.0429,326.42,B
May,27,14:30:00,0.8556,551.0,4.0,0.0073,347.54,B
May,27,15:00:00,0.9873,474.0,0.0,0.0,347.31,B
May,27,15:30:00,0.9928,417.0,0.0,0.0,360.26,B
May,27,16:00:00,0.9958,474.0,1.0,0.0021,343.35,B
May,27,16:30:00,0.8589,501.0,5.0,0.01,364.4,B
May,27,17:00:00,0.9635,440.0,2.0,0.0045,347.57,B
May,27,17:30:00,0.9756,410.0,1.0,0.0024,367.19,B
May,27,18:00:00,0.8383,403.0,1.0,0.0025,328.64,B
May,27,18:30:00,0.7853,359.0,5.0,0.0139,353.08,B
May,27,19:00:00,0.8428,321.0,3.0,0.0093,325.62,B
May,27,19:30:00,0.9408,287.0,0.0,0.0,341.69,B
May,27,20:00:00,0.5949,249.0,12.0,0.0482,337.23,B
May,27,20:30:00,0.6368,219.0,7.0,0.032,331.18,B
May,27,21:00:00,0.454,189.0,15.0,0.0794,356.72,B
May,27,21:30:00,0.6133,155.0,5.0,0.0323,328.34,B
May,27,22:00:00,0.7757,112.0,5.0,0.0446,332.19,B
May,27,22:30:00,0.9302,86.0,0.0,0.0,286.35,B
May,27,23:00:00,0.8889,73.0,1.0,0.0137,293.0,B
May,27,23:30:00,1.0,47.0,0.0,0.0,281.45,B
May,28,00:00:00,1.0,37.0,0.0,0.0,318.3,B
May,28,00:30:00,1.0,31.0,0.0,0.0,302.19,B
May,28,01:00:00,0.8,10.0,0.0,0.0,385.3,B
May,28,01:30:00,0.8333,6.0,0.0,0.0,320.83,B
May,28,02:00:00,1.0,4.0,0.0,0.0,233.0,B
May,28,02:30:00,1.0,2.0,0.0,0.0,191.5,B
May,28,03:00:00,1.0,3.0,0.0,0.0,251.0,B
May,28,03:30:00,1.0,3.0,0.0,0.0,195.67,B
May,28,04:00:00,1.0,1.0,0.0,0.0,167.0,B
May,28,04:30:00,0.0,2.0,1.0,0.5,120.0,B
May,28,05:00:00,1.0,2.0,0.0,0.0,316.5,B
May,28,05:30:00,1.0,8.0,0.0,0.0,438.75,B
May,28,06:00:00,0.8,5.0,0.0,0.0,206.2,B
May,28,06:30:00,0.0,8.0,1.0,0.125,229.86,B
May,28,07:00:00,0.9355,31.0,0.0,0.0,277.58,B
May,28,07:30:00,0.9286,30.0,2.0,0.0667,415.21,B
May,28,08:00:00,0.9615,78.0,0.0,0.0,287.1,B
May,28,08:30:00,0.9083,121.0,1.0,0.0083,322.99,B
May,28,09:00:00,0.9945,183.0,0.0,0.0,315.15,B
May,28,09:30:00,0.8838,242.0,1.0,0.0041,335.24,B
May,28,10:00:00,0.9895,286.0,1.0,0.0035,318.33,B
May,28,10:30:00,0.7491,286.0,3.0,0.0105,336.91,B
May,28,11:00:00,0.8982,393.0,0.0,0.0,319.6,B
May,28,11:30:00,0.9373,351.0,0.0,0.0,337.06,B
May,28,12:00:00,0.9904,417.0,0.0,0.0,342.82,B
May,28,12:30:00,0.8938,438.0,5.0,0.0114,347.82,B
May,28,13:00:00,0.951,452.0,3.0,0.0066,322.79,B
May,28,13:30:00,0.6698,448.0,24.0,0.0536,330.52,B
May,28,14:00:00,0.9132,439.0,1.0,0.0023,334.3,B
May,28,14:30:00,0.9843,448.0,1.0,0.0022,339.09,B
May,28,15:00:00,0.9978,445.0,0.0,0.0,336.44,B
May,28,15:30:00,0.9928,419.0,0.0,0.0,325.73,B
May,28,16:00:00,1.0,451.0,0.0,0.0,318.82,B
May,28,16:30:00,0.98,451.0,1.0,0.0022,338.09,B
May,28,17:00:00,0.8257,376.0,49.0,0.1303,352.21,B
May,28,17:30:00,0.729,390.0,69.0,0.1769,338.99,B
May,28,18:00:00,0.6332,400.0,21.0,0.0525,335.29,B
May,28,18:30:00,0.9024,330.0,2.0,0.0061,343.26,B
May,28,19:00:00,0.839,294.0,2.0,0.0068,335.26,B
May,28,19:30:00,0.9802,252.0,0.0,0.0,305.07,B
May,28,20:00:00,0.9434,212.0,0.0,0.0,358.46,B
May,28,20:30:00,0.9677,186.0,0.0,0.0,315.12,B
May,28,21:00:00,1.0,140.0,0.0,0.0,303.27,B
May,28,21:30:00,1.0,121.0,0.0,0.0,340.1,B
May,28,22:00:00,1.0,113.0,1.0,0.0088,332.38,B
May,28,22:30:00,0.9888,89.0,0.0,0.0,329.16,B
May,28,23:00:00,1.0,64.0,0.0,0.0,297.78,B
May,28,23:30:00,1.0,44.0,0.0,0.0,287.77,B
May,29,00:00:00,1.0,29.0,0.0,0.0,262.93,B
May,29,00:30:00,1.0,19.0,0.0,0.0,327.37,B
May,29,01:00:00,1.0,4.0,0.0,0.0,236.5,B
May,29,01:30:00,1.0,3.0,0.0,0.0,172.0,B
May,29,02:00:00,1.0,2.0,0.0,0.0,313.0,B
May,29,02:30:00,1.0,3.0,0.0,0.0,396.67,B
May,29,03:00:00,1.0,1.0,0.0,0.0,550.0,B
May,29,03:30:00,1.0,1.0,0.0,0.0,408.0,B
May,29,04:00:00,1.0,2.0,0.0,0.0,181.5,B
May,29,05:00:00,1.0,1.0,0.0,0.0,381.0,B
May,29,05:30:00,1.0,0.0,0.0,0.0,381.0,B
May,29,06:00:00,1.0,7.0,0.0,0.0,362.29,B
May,29,06:30:00,0.6667,7.0,4.0,0.5714,433.33,B
May,29,07:00:00,0.9394,33.0,0.0,0.0,187.85,B
May,29,07:30:00,0.9677,32.0,1.0,0.0313,285.39,B
May,29,08:00:00,0.9306,72.0,0.0,0.0,353.75,B
May,29,08:30:00,0.8333,109.0,1.0,0.0092,321.26,B
May,29,09:00:00,0.8916,166.0,0.0,0.0,260.42,B
May,29,09:30:00,0.9948,194.0,0.0,0.0,284.31,B
May,29,10:00:00,0.9588,269.0,2.0,0.0074,313.25,B
May,29,10:30:00,0.9535,301.0,0.0,0.0,295.95,B
May,29,11:00:00,0.9353,313.0,4.0,0.0128,316.76,B
May,29,11:30:00,0.5272,327.0,14.0,0.0428,321.83,B
May,29,12:00:00,0.8342,382.0,2.0,0.0052,356.44,B
May,29,12:30:00,0.9895,382.0,1.0,0.0026,339.44,B
May,29,13:00:00,0.9102,406.0,5.0,0.0123,312.76,B
May,29,13:30:00,0.7296,399.0,7.0,0.0175,318.87,B
May,29,14:00:00,0.75,444.0,4.0,0.009,313.97,B
May,29,14:30:00,0.5821,482.0,13.0,0.027,317.92,B
May,29,15:00:00,0.9621,422.0,0.0,0.0,313.17,B
May,29,15:30:00,0.9364,412.0,3.0,0.0073,352.5,B
May,29,16:00:00,0.9975,403.0,1.0,0.0025,325.95,B
May,29,16:30:00,0.9701,403.0,2.0,0.005,333.88,B
May,29,17:00:00,1.0,384.0,0.0,0.0,312.48,B
May,29,17:30:00,0.9971,346.0,0.0,0.0,328.62,B
May,29,18:00:00,0.9765,299.0,1.0,0.0033,328.62,B
May,29,18:30:00,0.9875,321.0,0.0,0.0,328.62,B
May,29,19:00:00,0.9647,287.0,4.0,0.0139,328.62,B
May,29,19:30:00,0.9677,249.0,1.0,0.004,340.28,B
May,29,20:00:00,0.9624,187.0,1.0,0.0053,316.25,B
May,29,20:30:00,0.9698,201.0,2.0,0.01,317.72,B
May,29,21:00:00,0.9934,152.0,0.0,0.0,271.19,B
May,29,21:30:00,0.9907,107.0,0.0,0.0,327.62,B
May,29,22:00:00,1.0,99.0,0.0,0.0,334.92,B
May,29,22:30:00,1.0,61.0,0.0,0.0,312.31,B
May,29,23:00:00,1.0,49.0,0.0,0.0,362.43,B
May,29,23:30:00,1.0,45.0,0.0,0.0,329.62,B
May,30,00:00:00,1.0,24.0,0.0,0.0,269.79,B
May,30,00:30:00,1.0,18.0,0.0,0.0,401.67,B
May,30,01:00:00,1.0,5.0,0.0,0.0,819.4,B
May,30,01:30:00,1.0,3.0,0.0,0.0,196.33,B
May,30,02:00:00,1.0,3.0,0.0,0.0,754.67,B
May,30,02:30:00,1.0,4.0,0.0,0.0,652.25,B
May,30,03:00:00,1.0,1.0,0.0,0.0,78.0,B
May,30,03:30:00,1.0,2.0,0.0,0.0,400.0,B
May,30,04:00:00,1.0,3.0,0.0,0.0,123.0,B
May,30,04:30:00,0.8333,6.0,0.0,0.0,225.83,B
May,30,05:00:00,0.8,5.0,0.0,0.0,252.8,B
May,30,05:30:00,0.8,0.0,0.0,0.0,252.8,B
May,30,06:00:00,1.0,5.0,0.0,0.0,234.6,B
May,30,06:30:00,1.0,5.0,2.0,0.4,475.33,B
May,30,07:00:00,0.8929,29.0,1.0,0.0345,201.68,B
May,30,07:30:00,0.9,40.0,0.0,0.0,238.9,B
May,30,08:00:00,0.9625,80.0,0.0,0.0,270.09,B
May,30,08:30:00,0.9914,117.0,1.0,0.0085,304.62,B
May,30,09:00:00,0.896,175.0,2.0,0.0114,329.84,B
May,30,09:30:00,0.8629,204.0,7.0,0.0343,299.81,B
May,30,10:00:00,0.475,294.0,14.0,0.0476,328.63,B
May,30,10:30:00,0.7165,321.0,0.0,0.0,324.25,B
May,30,11:00:00,0.8436,330.0,4.0,0.0121,329.02,B
May,30,11:30:00,0.6841,351.0,6.0,0.0171,356.97,B
May,30,12:00:00,0.7837,428.0,12.0,0.028,337.56,B
May,30,12:30:00,0.7807,427.0,3.0,0.007,354.61,B
May,30,13:00:00,0.9814,430.0,1.0,0.0023,316.12,B
May,30,13:30:00,0.8054,446.0,4.0,0.009,334.03,B
May,30,14:00:00,0.9085,475.0,5.0,0.0105,307.81,B
May,30,14:30:00,0.5548,447.0,18.0,0.0403,337.93,B
May,30,15:00:00,0.797,473.0,0.0,0.0,305.61,B
May,30,15:30:00,0.9211,436.0,5.0,0.0115,319.27,B
May,30,16:00:00,0.7167,475.0,9.0,0.0189,361.9,B
May,30,16:30:00,0.9307,433.0,0.0,0.0,305.97,B
May,30,17:00:00,0.8918,380.0,1.0,0.0026,333.97,B
May,30,17:30:00,0.7876,393.0,7.0,0.0178,337.08,B
May,30,18:00:00,0.8328,329.0,0.0,0.0,346.38,B
May,30,18:30:00,0.9933,298.0,0.0,0.0,334.37,B
May,30,19:00:00,0.6978,273.0,5.0,0.0183,318.66,B
May,30,19:30:00,0.8764,260.0,1.0,0.0038,300.71,B
May,30,20:00:00,0.9211,191.0,1.0,0.0052,336.57,B
May,30,20:30:00,0.994,168.0,1.0,0.006,286.26,B
May,30,21:00:00,0.8978,187.0,1.0,0.0053,326.76,B
May,30,21:30:00,0.9764,129.0,2.0,0.0155,293.25,B
May,30,22:00:00,0.9898,99.0,1.0,0.0101,309.63,B
May,30,22:30:00,0.9726,73.0,0.0,0.0,299.77,B
May,30,23:00:00,1.0,40.0,0.0,0.0,320.25,B
May,30,23:30:00,1.0,29.0,0.0,0.0,333.24,B
May,31,00:00:00,1.0,33.0,0.0,0.0,247.48,B
May,31,00:30:00,1.0,16.0,0.0,0.0,357.44,B
May,31,01:00:00,1.0,6.0,0.0,0.0,357.17,B
May,31,01:30:00,1.0,3.0,0.0,0.0,112.67,B
May,31,02:00:00,1.0,4.0,0.0,0.0,208.0,B
May,31,03:00:00,1.0,3.0,0.0,0.0,215.33,B
May,31,03:30:00,1.0,2.0,0.0,0.0,272.0,B
May,31,04:00:00,1.0,1.0,0.0,0.0,218.0,B
May,31,05:00:00,1.0,4.0,0.0,0.0,131.5,B
May,31,05:30:00,1.0,4.0,0.0,0.0,250.0,B
May,31,06:00:00,1.0,3.0,0.0,0.0,493.33,B
May,31,06:30:00,0.4286,7.0,0.0,0.0,260.71,B
May,31,07:00:00,1.0,11.0,0.0,0.0,343.09,B
May,31,07:30:00,1.0,15.0,0.0,0.0,185.33,B
May,31,08:00:00,1.0,22.0,1.0,0.0455,429.38,B
May,31,08:30:00,1.0,45.0,1.0,0.0222,299.91,B
May,31,09:00:00,0.9,91.0,1.0,0.011,278.77,B
May,31,09:30:00,0.7714,140.0,0.0,0.0,282.55,B
May,31,10:00:00,0.8707,149.0,2.0,0.0134,284.94,B
May,31,10:30:00,0.6091,212.0,15.0,0.0708,279.86,B
May,31,11:00:00,0.7095,244.0,3.0,0.0123,317.08,B
May,31,11:30:00,0.7571,252.0,5.0,0.0198,304.63,B
May,31,12:00:00,0.7216,299.0,8.0,0.0268,292.93,B
May,31,12:30:00,0.886,311.0,4.0,0.0129,300.62,B
May,31,13:00:00,0.7411,293.0,11.0,0.0375,317.95,B
May,31,13:30:00,0.7467,308.0,8.0,0.026,334.94,B
May,31,14:00:00,0.5764,305.0,17.0,0.0557,298.85,B
May,31,14:30:00,0.7398,322.0,3.0,0.0093,306.66,B
May,31,15:00:00,0.9824,285.0,1.0,0.0035,307.01,B
May,31,15:30:00,0.9583,337.0,1.0,0.003,301.83,B
May,31,16:00:00,0.8829,322.0,6.0,0.0186,315.15,B
May,31,16:30:00,0.91,314.0,3.0,0.0096,368.49,B
May,31,17:00:00,0.9664,239.0,1.0,0.0042,324.86,B
May,31,17:30:00,0.9731,262.0,2.0,0.0076,334.21,B
May,31,18:00:00,0.984,190.0,3.0,0.0158,339.35,B
May,31,18:30:00,0.984,189.0,1.0,0.0053,330.78,B
May,31,19:00:00,0.8671,162.0,4.0,0.0247,328.63,B
May,31,19:30:00,0.8712,164.0,1.0,0.0061,263.6,B
May,31,20:00:00,0.5625,170.0,10.0,0.0588,294.33,B
May,31,20:30:00,0.9569,118.0,2.0,0.0169,292.11,B
May,31,21:00:00,0.7019,107.0,3.0,0.028,297.6,B
May,31,21:30:00,0.9451,92.0,1.0,0.0109,322.73,B
May,31,22:00:00,0.9697,66.0,0.0,0.0,340.94,B
May,31,22:30:00,1.0,62.0,0.0,0.0,276.37,B
May,31,23:00:00,0.8852,62.0,1.0,0.0161,292.1,B
May,31,23:30:00,0.9697,33.0,0.0,0.0,312.36,B
June,1,00:00:00,0.8077,26.0,0.0,0.0,289.0,B
June,1,00:30:00,0.9,20.0,0.0,0.0,402.1,B
June,1,01:00:00,0.8,5.0,0.0,0.0,320.8,B
June,1,01:30:00,0.8571,7.0,0.0,0.0,321.57,B
June,1,02:00:00,1.0,3.0,0.0,0.0,458.33,B
June,1,02:30:00,1.0,3.0,0.0,0.0,540.33,B
June,1,03:00:00,1.0,4.0,0.0,0.0,362.5,B
June,1,03:30:00,1.0,2.0,0.0,0.0,418.5,B
June,1,04:00:00,1.0,2.0,0.0,0.0,642.0,B
June,1,04:30:00,1.0,5.0,0.0,0.0,241.0,B
June,1,05:00:00,1.0,3.0,0.0,0.0,829.67,B
June,1,05:30:00,1.0,2.0,0.0,0.0,243.0,B
June,1,06:00:00,1.0,6.0,0.0,0.0,257.83,B
June,1,06:30:00,1.0,0.0,0.0,0.0,257.83,B
June,1,07:00:00,1.0,6.0,0.0,0.0,321.17,B
June,1,07:30:00,1.0,12.0,0.0,0.0,302.58,B
June,1,08:00:00,1.0,17.0,0.0,0.0,327.82,B
June,1,08:30:00,1.0,25.0,0.0,0.0,280.76,B
June,1,09:00:00,1.0,65.0,0.0,0.0,326.89,B
June,1,09:30:00,0.9884,86.0,0.0,0.0,304.56,B
June,1,10:00:00,0.957,94.0,1.0,0.0106,309.18,B
June,1,10:30:00,0.9151,108.0,2.0,0.0185,343.28,B
June,1,11:00:00,0.9667,121.0,1.0,0.0083,336.84,B
June,1,11:30:00,0.8714,142.0,2.0,0.0141,365.97,B
June,1,12:00:00,0.9931,144.0,0.0,0.0,297.47,B
June,1,12:30:00,1.0,166.0,0.0,0.0,297.78,B
June,1,13:00:00,0.9448,181.0,0.0,0.0,309.33,B
June,1,13:30:00,0.9412,171.0,1.0,0.0058,310.39,B
June,1,14:00:00,0.9905,212.0,1.0,0.0047,346.35,B
June,1,14:30:00,0.9819,221.0,0.0,0.0,329.19,B
June,1,15:00:00,0.9954,216.0,0.0,0.0,292.61,B
June,1,15:30:00,0.9867,227.0,2.0,0.0088,310.79,B
June,1,16:00:00,0.9954,218.0,0.0,0.0,294.67,B
June,1,16:30:00,0.9946,186.0,0.0,0.0,306.06,B
June,1,17:00:00,0.981,210.0,0.0,0.0,349.3,B
June,1,17:30:00,0.988,167.0,1.0,0.006,300.19,B
June,1,18:00:00,0.9302,173.0,1.0,0.0058,304.86,B
June,1,18:30:00,0.9521,168.0,1.0,0.006,333.96,B
June,1,19:00:00,0.9662,150.0,2.0,0.0133,283.79,B
June,1,19:30:00,0.9661,119.0,1.0,0.0084,346.75,B
June,1,20:00:00,0.9694,98.0,0.0,0.0,329.48,B
June,1,20:30:00,0.9881,84.0,0.0,0.0,287.83,B
June,1,21:00:00,0.9881,93.0,0.0,0.0,275.76,B
June,1,21:30:00,0.9881,85.0,1.0,0.0118,305.0,B
June,1,22:00:00,0.9881,60.0,0.0,0.0,291.92,B
June,1,22:30:00,0.9881,51.0,0.0,0.0,330.43,B
June,1,23:00:00,1.0,41.0,0.0,0.0,223.15,B
June,1,23:30:00,0.9667,30.0,0.0,0.0,235.5,B
June,2,00:00:00,1.0,14.0,1.0,0.0714,601.92,B
June,2,00:30:00,1.0,9.0,0.0,0.0,454.78,B
June,2,01:00:00,1.0,6.0,0.0,0.0,299.17,B
June,2,01:30:00,1.0,5.0,0.0,0.0,814.6,B
June,2,02:00:00,1.0,10.0,0.0,0.0,317.0,B
June,2,02:30:00,1.0,3.0,0.0,0.0,238.0,B
June,2,03:00:00,1.0,3.0,0.0,0.0,358.67,B
June,2,05:00:00,1.0,2.0,0.0,0.0,368.0,B
June,2,05:30:00,1.0,4.0,0.0,0.0,181.5,B
June,2,06:00:00,1.0,2.0,0.0,0.0,457.0,B
June,2,06:30:00,0.6,6.0,1.0,0.1667,349.6,B
June,2,07:00:00,0.9091,22.0,0.0,0.0,232.23,B
June,2,07:30:00,0.9783,46.0,0.0,0.0,243.3,B
June,2,08:00:00,0.9894,95.0,1.0,0.0105,277.88,B
June,2,08:30:00,0.9776,135.0,1.0,0.0074,310.49,B
June,2,09:00:00,0.9423,208.0,0.0,0.0,292.98,B
June,2,09:30:00,0.9759,291.0,0.0,0.0,308.54,B
June,2,10:00:00,0.9429,315.0,0.0,0.0,316.67,B
June,2,10:30:00,0.7466,373.0,10.0,0.0268,317.25,B
June,2,11:00:00,0.651,413.0,9.0,0.0218,332.9,B
June,2,11:30:00,0.6674,467.0,10.0,0.0214,334.83,B
June,2,12:00:00,0.9825,460.0,2.0,0.0043,333.28,B
June,2,12:30:00,0.9446,470.0,1.0,0.0021,348.27,B
June,2,13:00:00,0.9662,477.0,4.0,0.0084,337.43,B
June,2,13:30:00,0.7,525.0,15.0,0.0286,345.34,B
June,2,14:00:00,0.9641,474.0,1.0,0.0021,343.91,B
June,2,14:30:00,0.9622,505.0,2.0,0.004,340.92,B
June,2,15:00:00,0.9962,524.0,3.0,0.0057,325.19,B
June,2,15:30:00,0.9939,492.0,0.0,0.0,343.15,B
June,2,16:00:00,0.974,541.0,3.0,0.0055,354.31,B
June,2,16:30:00,0.9921,510.0,1.0,0.002,369.24,B
June,2,17:00:00,0.9955,449.0,2.0,0.0045,325.56,B
June,2,17:30:00,0.9956,458.0,1.0,0.0022,342.59,B
June,2,18:00:00,1.0,392.0,1.0,0.0026,333.08,B
June,2,18:30:00,1.0,363.0,3.0,0.0083,339.57,B
June,2,19:00:00,0.9403,319.0,1.0,0.0031,341.27,B
June,2,19:30:00,0.9754,287.0,3.0,0.0105,333.4,B
June,2,20:00:00,0.9438,272.0,5.0,0.0184,339.48,B
June,2,20:30:00,0.9782,231.0,2.0,0.0087,289.89,B
June,2,21:00:00,1.0,190.0,5.0,0.0263,309.54,B
June,2,21:30:00,1.0,166.0,0.0,0.0,347.94,B
June,2,22:00:00,1.0,121.0,0.0,0.0,285.33,B
June,2,22:30:00,1.0,108.0,0.0,0.0,322.9,B
June,2,23:00:00,0.9683,63.0,0.0,0.0,268.0,B
June,2,23:30:00,1.0,55.0,0.0,0.0,278.71,B
June,3,00:00:00,1.0,40.0,0.0,0.0,320.53,B
June,3,00:30:00,1.0,36.0,0.0,0.0,280.75,B
June,3,01:00:00,1.0,13.0,0.0,0.0,177.54,B
June,3,01:30:00,1.0,5.0,0.0,0.0,223.4,B
June,3,02:00:00,1.0,4.0,0.0,0.0,262.0,B
June,3,02:30:00,1.0,3.0,0.0,0.0,547.33,B
June,3,03:00:00,1.0,2.0,0.0,0.0,631.5,B
June,3,03:30:00,1.0,4.0,0.0,0.0,238.75,B
June,3,04:00:00,1.0,1.0,0.0,0.0,103.0,B
June,3,04:30:00,1.0,3.0,0.0,0.0,236.67,B
June,3,05:00:00,1.0,2.0,0.0,0.0,503.0,B
June,3,05:30:00,1.0,4.0,0.0,0.0,269.0,B
June,3,06:00:00,1.0,6.0,0.0,0.0,394.5,B
June,3,06:30:00,0.75,8.0,0.0,0.0,334.5,B
June,3,07:00:00,0.8684,39.0,1.0,0.0256,238.47,B
June,3,07:30:00,0.575,43.0,3.0,0.0698,300.15,B
June,3,08:00:00,0.8293,82.0,0.0,0.0,304.04,B
June,3,08:30:00,0.8944,163.0,2.0,0.0123,308.06,B
June,3,09:00:00,0.9766,214.0,0.0,0.0,293.54,B
June,3,09:30:00,0.75,266.0,10.0,0.0376,309.58,B
June,3,10:00:00,0.6626,335.0,6.0,0.0179,318.46,B
June,3,10:30:00,0.9208,380.0,1.0,0.0026,327.2,B
June,3,11:00:00,0.9184,387.0,7.0,0.0181,324.51,B
June,3,11:30:00,0.7179,444.0,8.0,0.018,322.68,B
June,3,12:00:00,0.9888,448.0,1.0,0.0022,356.07,B
June,3,12:30:00,0.9489,452.0,2.0,0.0044,344.53,B
June,3,13:00:00,0.8953,472.0,4.0,0.0085,334.64,B
June,3,13:30:00,0.9181,466.0,2.0,0.0043,342.39,B
June,3,14:00:00,0.9937,474.0,1.0,0.0021,301.09,B
June,3,14:30:00,0.9395,512.0,0.0,0.0,356.22,B
June,3,15:00:00,0.998,508.0,1.0,0.002,351.96,B
June,3,15:30:00,0.9936,468.0,0.0,0.0,346.66,B
June,3,16:00:00,0.9978,466.0,2.0,0.0043,339.56,B
June,3,16:30:00,1.0,455.0,0.0,0.0,337.94,B
June,3,17:00:00,0.9975,400.0,2.0,0.005,338.98,B
June,3,17:30:00,0.9975,408.0,0.0,0.0,339.3,B
June,3,18:00:00,0.9949,392.0,1.0,0.0026,336.77,B
June,3,18:30:00,0.9252,362.0,1.0,0.0028,342.02,B
June,3,19:00:00,0.9968,315.0,2.0,0.0063,313.21,B
June,3,19:30:00,0.9929,283.0,0.0,0.0,333.82,B
June,3,20:00:00,0.8987,239.0,2.0,0.0084,358.81,B
June,3,20:30:00,0.9691,197.0,3.0,0.0152,356.13,B
June,3,21:00:00,0.9888,178.0,0.0,0.0,310.6,B
June,3,21:30:00,0.9805,154.0,0.0,0.0,366.64,B
June,3,22:00:00,0.9813,109.0,2.0,0.0183,301.69,B
June,3,22:30:00,0.9775,91.0,2.0,0.022,344.99,B
June,3,23:00:00,0.9583,73.0,1.0,0.0137,291.96,B
June,3,23:30:00,1.0,46.0,0.0,0.0,358.65,B
June,4,00:00:00,1.0,39.0,0.0,0.0,257.54,B
June,4,00:30:00,1.0,24.0,0.0,0.0,365.83,B
June,4,01:00:00,1.0,11.0,0.0,0.0,299.55,B
June,4,01:30:00,1.0,4.0,0.0,0.0,150.75,B
June,4,02:00:00,1.0,1.0,0.0,0.0,286.0,B
June,4,02:30:00,1.0,1.0,0.0,0.0,323.0,B
June,4,03:30:00,1.0,3.0,0.0,0.0,275.0,B
June,4,04:00:00,1.0,2.0,0.0,0.0,455.0,B
June,4,04:30:00,1.0,3.0,0.0,0.0,233.33,B
June,4,05:00:00,1.0,1.0,0.0,0.0,1500.0,B
June,4,05:30:00,1.0,2.0,0.0,0.0,438.0,B
June,4,06:00:00,1.0,7.0,0.0,0.0,219.43,B
June,4,06:30:00,0.3333,5.0,2.0,0.4,438.67,B
June,4,07:00:00,0.7692,13.0,0.0,0.0,394.38,B
June,4,07:30:00,0.9778,45.0,0.0,0.0,289.53,B
June,4,08:00:00,0.9875,81.0,1.0,0.0123,304.81,B
June,4,08:30:00,0.975,120.0,0.0,0.0,300.01,B
June,4,09:00:00,0.9777,179.0,0.0,0.0,287.82,B
June,4,09:30:00,0.9686,255.0,0.0,0.0,304.48,B
June,4,10:00:00,0.9895,288.0,2.0,0.0069,311.34,B
June,4,10:30:00,0.797,340.0,10.0,0.0294,330.84,B
June,4,11:00:00,0.8797,349.0,0.0,0.0,329.84,B
June,4,11:30:00,0.9328,373.0,1.0,0.0027,352.15,B
June,4,12:00:00,0.99,401.0,1.0,0.0025,338.0,B
June,4,12:30:00,0.9951,413.0,1.0,0.0024,351.07,B
June,4,13:00:00,0.9931,435.0,1.0,0.0023,324.73,B
June,4,13:30:00,0.9861,434.0,1.0,0.0023,323.09,B
June,4,14:00:00,0.9564,436.0,0.0,0.0,343.14,B
June,4,14:30:00,0.9977,436.0,2.0,0.0046,344.81,B
June,4,15:00:00,0.9727,478.0,2.0,0.0042,341.36,B
June,4,15:30:00,1.0,472.0,0.0,0.0,327.07,B
June,4,16:00:00,1.0,407.0,1.0,0.0025,363.28,B
June,4,16:30:00,1.0,438.0,1.0,0.0023,358.4,B
June,4,17:00:00,1.0,380.0,0.0,0.0,341.05,B
June,4,17:30:00,0.9974,383.0,0.0,0.0,336.96,B
June,4,18:00:00,0.9797,347.0,3.0,0.0086,342.61,B
June,4,18:30:00,0.9966,290.0,0.0,0.0,337.03,B
June,4,19:00:00,0.9927,277.0,2.0,0.0072,349.59,B
June,4,19:30:00,0.9886,265.0,1.0,0.0038,358.89,B
June,4,20:00:00,0.961,235.0,4.0,0.017,357.93,B
June,4,20:30:00,0.9529,193.0,2.0,0.0104,350.6,B
June,4,21:00:00,0.9821,168.0,0.0,0.0,333.27,B
June,4,21:30:00,0.9932,148.0,0.0,0.0,331.49,B
June,4,22:00:00,0.972,107.0,0.0,0.0,304.35,B
June,4,22:30:00,0.987,77.0,0.0,0.0,338.86,B
June,4,23:00:00,0.9677,62.0,0.0,0.0,292.18,B
June,4,23:30:00,1.0,53.0,0.0,0.0,369.72,B
June,5,00:00:00,1.0,44.0,1.0,0.0227,316.72,B
June,5,00:30:00,1.0,20.0,0.0,0.0,305.6,B
June,5,01:00:00,1.0,9.0,0.0,0.0,239.0,B
June,5,01:30:00,1.0,4.0,0.0,0.0,450.5,B
June,5,02:00:00,1.0,0.0,0.0,0.0,450.5,B
June,5,02:30:00,1.0,4.0,0.0,0.0,239.5,B
June,5,03:00:00,1.0,3.0,0.0,0.0,221.67,B
June,5,03:30:00,1.0,1.0,0.0,0.0,790.0,B
June,5,04:00:00,1.0,3.0,0.0,0.0,350.0,B
June,5,04:30:00,1.0,3.0,0.0,0.0,404.67,B
June,5,05:00:00,1.0,2.0,0.0,0.0,175.0,B
June,5,05:30:00,1.0,1.0,0.0,0.0,347.0,B
June,5,06:00:00,1.0,2.0,0.0,0.0,175.5,B
June,5,06:30:00,0.25,9.0,1.0,0.1111,290.25,B
June,5,07:00:00,1.0,13.0,0.0,0.0,271.38,B
June,5,07:30:00,0.9706,35.0,1.0,0.0286,305.56,B
June,5,08:00:00,0.987,78.0,1.0,0.0128,280.03,B
June,5,08:30:00,0.9918,122.0,0.0,0.0,309.67,B
June,5,09:00:00,0.9892,186.0,1.0,0.0054,290.05,B
June,5,09:30:00,0.9827,233.0,2.0,0.0086,303.48,B
June,5,10:00:00,0.9926,269.0,0.0,0.0,326.22,B
June,5,10:30:00,0.9026,309.0,1.0,0.0032,345.78,B
June,5,11:00:00,0.9322,342.0,3.0,0.0088,353.53,B
June,5,11:30:00,0.9171,391.0,5.0,0.0128,314.62,B
June,5,12:00:00,0.8568,397.0,6.0,0.0151,329.86,B
June,5,12:30:00,0.8549,388.0,2.0,0.0052,352.84,B
June,5,13:00:00,0.9517,394.0,1.0,0.0025,346.41,B
June,5,13:30:00,0.8275,408.0,8.0,0.0196,321.41,B
June,5,14:00:00,0.8627,461.0,2.0,0.0043,336.0,B
June,5,14:30:00,0.8182,466.0,4.0,0.0086,341.8,B
June,5,15:00:00,0.9693,424.0,0.0,0.0,342.0,B
June,5,15:30:00,0.7593,468.0,11.0,0.0235,349.53,B
June,5,16:00:00,0.9883,511.0,0.0,0.0,348.8,B
June,5,16:30:00,0.9907,432.0,1.0,0.0023,329.2,B
June,5,17:00:00,0.9831,414.0,0.0,0.0,344.53,B
June,5,17:30:00,0.9409,390.0,1.0,0.0026,350.44,B
June,5,18:00:00,0.9262,397.0,4.0,0.0101,333.36,B
June,5,18:30:00,0.9485,331.0,1.0,0.003,381.98,B
June,5,19:00:00,0.9544,287.0,2.0,0.007,374.4,B
June,5,19:30:00,0.9688,289.0,1.0,0.0035,393.24,B
June,5,20:00:00,0.9412,224.0,3.0,0.0134,349.22,B
June,5,20:30:00,0.96,201.0,1.0,0.005,314.31,B
June,5,21:00:00,1.0,172.0,1.0,0.0058,315.85,B
June,5,21:30:00,1.0,169.0,0.0,0.0,281.44,B
June,5,22:00:00,1.0,107.0,1.0,0.0093,337.58,B
June,5,22:30:00,1.0,87.0,0.0,0.0,267.34,B
June,5,23:00:00,1.0,58.0,0.0,0.0,332.07,B
June,5,23:30:00,1.0,55.0,0.0,0.0,246.82,B
June,6,00:00:00,0.9811,53.0,0.0,0.0,374.92,B
June,6,00:30:00,1.0,31.0,0.0,0.0,289.81,B
June,6,01:00:00,1.0,9.0,0.0,0.0,652.78,B
June,6,01:30:00,0.875,9.0,1.0,0.1111,525.25,B
June,6,02:00:00,1.0,8.0,0.0,0.0,330.63,B
June,6,02:30:00,1.0,7.0,0.0,0.0,298.86,B
June,6,03:00:00,1.0,4.0,0.0,0.0,407.75,B
June,6,03:30:00,1.0,2.0,0.0,0.0,662.0,B
June,6,04:00:00,1.0,4.0,0.0,0.0,552.75,B
June,6,04:30:00,1.0,2.0,0.0,0.0,231.5,B
June,6,05:00:00,1.0,4.0,0.0,0.0,278.0,B
June,6,05:30:00,1.0,3.0,0.0,0.0,303.67,B
June,6,06:00:00,1.0,2.0,1.0,0.5,728.0,B
June,6,06:30:00,1.0,5.0,5.0,1.0,728.0,B
June,6,07:00:00,0.7857,29.0,1.0,0.0345,229.5,B
June,6,07:30:00,0.7907,46.0,3.0,0.0652,305.84,B
June,6,08:00:00,0.9425,87.0,0.0,0.0,299.08,B
June,6,08:30:00,0.7759,117.0,1.0,0.0085,293.93,B
June,6,09:00:00,0.956,182.0,0.0,0.0,307.57,B
June,6,09:30:00,0.9406,205.0,3.0,0.0146,335.2,B
June,6,10:00:00,0.7122,285.0,7.0,0.0246,325.14,B
June,6,10:30:00,0.9266,287.0,1.0,0.0035,317.41,B
June,6,11:00:00,0.8867,301.0,1.0,0.0033,320.31,B
June,6,11:30:00,0.6394,338.0,8.0,0.0237,333.91,B
June,6,12:00:00,0.9834,363.0,1.0,0.0028,333.0,B
June,6,12:30:00,0.8465,433.0,3.0,0.0069,343.14,B
June,6,13:00:00,0.8784,437.0,1.0,0.0023,357.36,B
June,6,13:30:00,0.9483,394.0,7.0,0.0178,333.07,B
June,6,14:00:00,0.8167,421.0,1.0,0.0024,342.64,B
June,6,14:30:00,0.9607,436.0,3.0,0.0069,360.21,B
June,6,15:00:00,0.9932,442.0,0.0,0.0,345.68,B
June,6,15:30:00,0.9737,421.0,2.0,0.0048,337.89,B
June,6,16:00:00,0.9953,430.0,2.0,0.0047,363.21,B
June,6,16:30:00,0.9953,425.0,2.0,0.0047,349.21,B
June,6,17:00:00,0.9974,391.0,1.0,0.0026,370.14,B
June,6,17:30:00,0.9763,380.0,0.0,0.0,345.71,B
June,6,18:00:00,0.9648,343.0,2.0,0.0058,337.73,B
June,6,18:30:00,0.9733,300.0,0.0,0.0,321.56,B
June,6,19:00:00,0.9802,254.0,1.0,0.0039,326.12,B
June,6,19:30:00,0.9917,242.0,1.0,0.0041,341.37,B
June,6,20:00:00,0.9538,196.0,1.0,0.0051,344.47,B
June,6,20:30:00,0.9425,175.0,1.0,0.0057,380.33,B
June,6,21:00:00,0.9857,140.0,0.0,0.0,334.7,B
June,6,21:30:00,1.0,112.0,0.0,0.0,305.72,B
June,6,22:00:00,1.0,100.0,0.0,0.0,324.0,B
June,6,22:30:00,1.0,58.0,0.0,0.0,258.03,B
June,6,23:00:00,1.0,54.0,0.0,0.0,270.87,B
June,6,23:30:00,1.0,43.0,1.0,0.0233,280.45,B
June,7,00:00:00,1.0,25.0,0.0,0.0,281.28,B
June,7,00:30:00,1.0,24.0,0.0,0.0,372.79,B
June,7,01:00:00,1.0,12.0,0.0,0.0,301.42,B
June,7,01:30:00,1.0,6.0,0.0,0.0,189.83,B
June,7,02:00:00,1.0,3.0,0.0,0.0,237.0,B
June,7,02:30:00,1.0,2.0,0.0,0.0,520.0,B
June,7,03:00:00,1.0,5.0,0.0,0.0,242.0,B
June,7,03:30:00,1.0,2.0,0.0,0.0,265.5,B
June,7,05:00:00,1.0,1.0,0.0,0.0,119.0,B
June,7,05:30:00,1.0,0.0,0.0,0.0,119.0,B
June,7,06:00:00,1.0,5.0,0.0,0.0,357.2,B
June,7,06:30:00,1.0,3.0,0.0,0.0,217.33,B
June,7,07:00:00,0.75,8.0,0.0,0.0,495.88,B
June,7,07:30:00,1.0,17.0,0.0,0.0,271.18,B
June,7,08:00:00,0.9429,35.0,0.0,0.0,235.83,B
June,7,08:30:00,0.94,50.0,0.0,0.0,328.74,B
June,7,09:00:00,1.0,108.0,1.0,0.0093,313.31,B
June,7,09:30:00,0.9839,124.0,0.0,0.0,292.27,B
June,7,10:00:00,0.9143,177.0,2.0,0.0113,293.82,B
June,7,10:30:00,0.7901,189.0,8.0,0.0423,320.41,B
June,7,11:00:00,0.8383,238.0,3.0,0.0126,315.63,B
June,7,11:30:00,0.7955,278.0,9.0,0.0324,332.11,B
June,7,12:00:00,0.9354,266.0,3.0,0.0113,315.63,B
June,7,12:30:00,0.9125,268.0,5.0,0.0187,337.06,B
June,7,13:00:00,0.7311,276.0,12.0,0.0435,348.75,B
June,7,13:30:00,0.5915,315.0,9.0,0.0286,335.3,B
June,7,14:00:00,0.8019,312.0,4.0,0.0128,352.48,B
June,7,14:30:00,0.8534,344.0,3.0,0.0087,324.73,B
June,7,15:00:00,0.8295,306.0,1.0,0.0033,337.71,B
June,7,15:30:00,0.9406,291.0,5.0,0.0172,344.83,B
June,7,16:00:00,0.9854,274.0,0.0,0.0,320.34,B
June,7,16:30:00,0.9712,245.0,2.0,0.0082,331.25,B
June,7,17:00:00,0.9853,273.0,1.0,0.0037,348.15,B
June,7,17:30:00,0.9953,214.0,0.0,0.0,318.86,B
June,7,18:00:00,0.975,200.0,0.0,0.0,314.17,B
June,7,18:30:00,0.9471,191.0,2.0,0.0105,313.42,B
June,7,19:00:00,0.98,151.0,1.0,0.0066,317.26,B
June,7,19:30:00,0.9808,158.0,2.0,0.0127,347.56,B
June,7,20:00:00,0.9845,130.0,1.0,0.0077,306.65,B
June,7,20:30:00,1.0,104.0,0.0,0.0,278.38,B
June,7,21:00:00,0.972,109.0,2.0,0.0183,310.24,B
June,7,21:30:00,1.0,85.0,0.0,0.0,304.01,B
June,7,22:00:00,1.0,53.0,0.0,0.0,242.53,B
June,7,22:30:00,0.9583,49.0,1.0,0.0204,294.79,B
June,7,23:00:00,0.8485,34.0,1.0,0.0294,332.48,B
June,7,23:30:00,1.0,26.0,0.0,0.0,284.62,B
June,8,00:00:00,0.9444,19.0,1.0,0.0526,244.11,B
June,8,00:30:00,0.95,23.0,3.0,0.1304,365.05,B
June,8,01:00:00,1.0,7.0,0.0,0.0,370.71,B
June,8,01:30:00,1.0,4.0,0.0,0.0,399.75,B
June,8,02:00:00,1.0,2.0,0.0,0.0,636.5,B
June,8,02:30:00,1.0,0.0,0.0,0.0,636.5,B
June,8,03:00:00,1.0,1.0,0.0,0.0,553.0,B
June,8,04:30:00,1.0,0.0,0.0,0.0,553.0,B
June,8,05:00:00,1.0,1.0,0.0,0.0,641.0,B
June,8,05:30:00,1.0,2.0,0.0,0.0,64.5,B
June,8,06:00:00,1.0,2.0,0.0,0.0,209.0,B
June,8,06:30:00,1.0,5.0,0.0,0.0,259.2,B
June,8,07:00:00,1.0,5.0,0.0,0.0,199.0,B
June,8,07:30:00,1.0,5.0,0.0,0.0,274.6,B
June,8,08:00:00,1.0,15.0,0.0,0.0,363.53,B
June,8,08:30:00,1.0,30.0,0.0,0.0,264.2,B
June,8,09:00:00,1.0,52.0,0.0,0.0,262.12,B
June,8,09:30:00,1.0,67.0,0.0,0.0,360.55,B
June,8,10:00:00,1.0,78.0,0.0,0.0,290.62,B
June,8,10:30:00,1.0,94.0,0.0,0.0,317.67,B
June,8,11:00:00,1.0,107.0,0.0,0.0,293.93,B
June,8,11:30:00,0.9929,141.0,1.0,0.0071,291.1,B
June,8,12:00:00,0.75,158.0,6.0,0.038,337.16,B
June,8,12:30:00,0.6478,170.0,11.0,0.0647,312.51,B
June,8,13:00:00,0.8049,213.0,8.0,0.0376,318.41,B
June,8,13:30:00,0.7592,193.0,2.0,0.0104,312.91,B
June,8,14:00:00,0.9363,204.0,0.0,0.0,324.08,B
June,8,14:30:00,1.0,196.0,2.0,0.0102,310.74,B
June,8,15:00:00,1.0,228.0,0.0,0.0,298.36,B
June,8,15:30:00,0.9851,203.0,2.0,0.0099,321.91,B
June,8,16:00:00,1.0,192.0,0.0,0.0,277.39,B
June,8,16:30:00,0.9851,201.0,0.0,0.0,272.6,B
June,8,17:00:00,0.9947,189.0,2.0,0.0106,314.18,B
June,8,17:30:00,0.9876,161.0,0.0,0.0,358.61,B
June,8,18:00:00,0.9538,174.0,1.0,0.0057,310.77,B
June,8,18:30:00,0.9737,152.0,0.0,0.0,317.01,B
June,8,19:00:00,0.9898,101.0,3.0,0.0297,279.78,B
June,8,19:30:00,0.9565,138.0,0.0,0.0,324.78,B
June,8,20:00:00,0.985,134.0,1.0,0.0075,294.1,B
June,8,20:30:00,0.989,93.0,2.0,0.0215,275.49,B
June,8,21:00:00,0.975,80.0,0.0,0.0,304.66,B
June,8,21:30:00,1.0,67.0,2.0,0.0299,311.54,B
June,8,22:00:00,1.0,57.0,0.0,0.0,288.6,B
June,8,22:30:00,1.0,52.0,0.0,0.0,254.52,B
June,8,23:00:00,1.0,38.0,0.0,0.0,224.13,B
June,8,23:30:00,1.0,45.0,0.0,0.0,269.04,B
June,9,00:00:00,1.0,17.0,0.0,0.0,348.06,B
June,9,00:30:00,1.0,18.0,0.0,0.0,303.67,B
June,9,01:00:00,1.0,10.0,0.0,0.0,376.7,B
June,9,01:30:00,1.0,6.0,0.0,0.0,335.0,B
June,9,02:00:00,1.0,7.0,0.0,0.0,292.71,B
June,9,02:30:00,1.0,5.0,0.0,0.0,466.8,B
June,9,03:00:00,1.0,3.0,0.0,0.0,239.0,B
June,9,03:30:00,1.0,0.0,0.0,0.0,239.0,B
June,9,04:00:00,1.0,2.0,0.0,0.0,246.5,B
June,9,04:30:00,1.0,1.0,0.0,0.0,420.0,B
June,9,05:00:00,1.0,1.0,0.0,0.0,285.0,B
June,9,05:30:00,1.0,2.0,0.0,0.0,98.5,B
June,9,06:00:00,1.0,2.0,0.0,0.0,173.5,B
June,9,06:30:00,0.7143,11.0,4.0,0.3636,341.14,B
June,9,07:00:00,0.9091,23.0,1.0,0.0435,322.86,B
June,9,07:30:00,0.913,26.0,3.0,0.1154,338.78,B
June,9,08:00:00,0.8333,61.0,1.0,0.0164,301.85,B
June,9,08:30:00,0.8,93.0,3.0,0.0323,295.8,B
June,9,09:00:00,0.8973,185.0,0.0,0.0,307.54,B
June,9,09:30:00,0.9519,209.0,1.0,0.0048,362.98,B
June,9,10:00:00,0.9716,319.0,2.0,0.0063,311.63,B
June,9,10:30:00,0.925,322.0,2.0,0.0062,370.35,B
June,9,11:00:00,0.9821,391.0,0.0,0.0,374.02,B
June,9,11:30:00,0.96,400.0,0.0,0.0,351.23,B
June,9,12:00:00,0.9899,397.0,0.0,0.0,355.86,B
June,9,12:30:00,0.9819,444.0,1.0,0.0023,342.81,B
June,9,13:00:00,0.9978,452.0,0.0,0.0,351.92,B
June,9,13:30:00,0.9875,481.0,0.0,0.0,343.51,B
June,9,14:00:00,0.9797,543.0,2.0,0.0037,345.11,B
June,9,14:30:00,0.9918,486.0,0.0,0.0,348.36,B
June,9,15:00:00,0.9942,517.0,2.0,0.0039,351.77,B
June,9,15:30:00,0.9856,487.0,0.0,0.0,356.88,B
June,9,16:00:00,0.9935,464.0,2.0,0.0043,350.98,B
June,9,16:30:00,0.9935,462.0,1.0,0.0022,343.97,B
June,9,17:00:00,0.9954,437.0,0.0,0.0,354.32,B
June,9,17:30:00,0.995,399.0,0.0,0.0,353.81,B
June,9,18:00:00,0.9948,387.0,1.0,0.0026,348.91,B
June,9,18:30:00,0.9942,343.0,1.0,0.0029,362.49,B
June,9,19:00:00,0.9936,314.0,0.0,0.0,339.57,B
June,9,19:30:00,0.9966,297.0,0.0,0.0,326.29,B
June,9,20:00:00,0.9885,263.0,3.0,0.0114,334.15,B
June,9,20:30:00,0.9535,216.0,1.0,0.0046,305.41,B
June,9,21:00:00,1.0,160.0,1.0,0.0063,356.07,B
June,9,21:30:00,0.9929,140.0,0.0,0.0,332.79,B
June,9,22:00:00,0.9903,103.0,0.0,0.0,306.93,B
June,9,22:30:00,1.0,89.0,0.0,0.0,334.92,B
June,9,23:00:00,1.0,84.0,0.0,0.0,340.82,B
June,9,23:30:00,1.0,48.0,0.0,0.0,242.4,B
June,10,00:00:00,1.0,24.0,0.0,0.0,276.54,B
June,10,00:30:00,1.0,24.0,0.0,0.0,346.79,B
June,10,01:00:00,1.0,24.0,0.0,0.0,346.79,B
June,10,01:30:00,1.0,24.0,0.0,0.0,346.79,B
June,10,02:00:00,1.0,24.0,0.0,0.0,346.79,B
June,10,02:30:00,1.0,24.0,0.0,0.0,346.79,B
June,10,03:00:00,1.0,24.0,0.0,0.0,346.79,B
June,10,03:30:00,1.0,24.0,0.0,0.0,346.79,B
June,10,04:00:00,1.0,24.0,0.0,0.0,346.79,B
June,10,04:30:00,1.0,24.0,0.0,0.0,346.79,B
June,10,05:30:00,1.0,2.0,0.0,0.0,170.5,B
June,10,06:00:00,1.0,5.0,0.0,0.0,278.6,B
June,10,06:30:00,1.0,5.0,0.0,0.0,277.6,B
June,10,07:00:00,0.875,17.0,1.0,0.0588,309.56,B
June,10,07:30:00,0.8974,39.0,0.0,0.0,258.67,B
June,10,08:00:00,0.9868,76.0,0.0,0.0,289.78,B
June,10,08:30:00,0.9449,127.0,0.0,0.0,325.36,B
June,10,09:00:00,0.9937,159.0,0.0,0.0,299.34,B
June,10,09:30:00,0.9798,198.0,0.0,0.0,317.65,B
June,10,10:00:00,0.9737,266.0,0.0,0.0,319.48,B
June,10,10:30:00,0.9601,303.0,2.0,0.0066,330.72,B
June,10,11:00:00,0.9829,352.0,2.0,0.0057,333.99,B
June,10,11:30:00,0.9942,344.0,1.0,0.0029,347.49,B
June,10,12:00:00,0.9769,347.0,0.0,0.0,338.81,B
June,10,12:30:00,0.9794,390.0,1.0,0.0026,346.45,B
June,10,13:00:00,0.9475,422.0,3.0,0.0071,358.77,B
June,10,13:30:00,0.9049,433.0,2.0,0.0046,328.32,B
June,10,14:00:00,0.9777,449.0,1.0,0.0022,341.61,B
June,10,14:30:00,0.9911,450.0,0.0,0.0,340.32,B
June,10,15:00:00,0.978,456.0,1.0,0.0022,331.37,B
June,10,15:30:00,0.8595,486.0,2.0,0.0041,326.8,B
June,10,16:00:00,0.9732,413.0,3.0,0.0073,386.85,B
June,10,16:30:00,0.9881,420.0,0.0,0.0,376.51,B
June,10,17:00:00,0.987,388.0,2.0,0.0052,378.78,B
June,10,17:30:00,1.0,374.0,0.0,0.0,350.81,B
June,10,18:00:00,0.9426,367.0,1.0,0.0027,342.78,B
June,10,18:30:00,0.9539,305.0,1.0,0.0033,341.51,B
June,10,19:00:00,0.9963,267.0,0.0,0.0,335.97,B
June,10,19:30:00,0.972,286.0,0.0,0.0,380.47,B
June,10,20:00:00,0.8772,230.0,2.0,0.0087,324.07,B
June,10,20:30:00,0.9422,178.0,5.0,0.0281,343.94,B
June,10,21:00:00,0.9773,132.0,0.0,0.0,331.36,B
June,10,21:30:00,1.0,131.0,2.0,0.0153,315.22,B
June,10,22:00:00,0.9873,79.0,0.0,0.0,348.08,B
June,10,22:30:00,1.0,82.0,0.0,0.0,285.46,B
June,10,23:00:00,1.0,45.0,0.0,0.0,294.42,B
June,10,23:30:00,1.0,45.0,1.0,0.0222,305.45,B
June,11,00:00:00,1.0,34.0,1.0,0.0294,319.18,B
June,11,00:30:00,1.0,19.0,0.0,0.0,301.11,B
June,11,01:00:00,1.0,6.0,0.0,0.0,435.17,B
June,11,01:30:00,0.7143,7.0,0.0,0.0,382.43,B
June,11,02:00:00,1.0,1.0,0.0,0.0,334.0,B
June,11,02:30:00,1.0,5.0,0.0,0.0,321.2,B
June,11,03:00:00,1.0,3.0,0.0,0.0,327.33,B
June,11,03:30:00,0.75,4.0,0.0,0.0,262.75,B
June,11,04:00:00,1.0,3.0,0.0,0.0,175.67,B
June,11,04:30:00,1.0,3.0,0.0,0.0,217.33,B
June,11,05:00:00,1.0,2.0,0.0,0.0,288.5,B
June,11,05:30:00,1.0,2.0,0.0,0.0,284.5,B
June,11,06:00:00,1.0,4.0,0.0,0.0,376.25,B
June,11,06:30:00,1.0,9.0,4.0,0.4444,174.0,B
June,11,07:00:00,0.95,20.0,0.0,0.0,201.9,B
June,11,07:30:00,0.8333,56.0,2.0,0.0357,295.04,B
June,11,08:00:00,0.9851,67.0,0.0,0.0,268.27,B
June,11,08:30:00,0.9024,123.0,0.0,0.0,259.71,B
June,11,09:00:00,0.9227,182.0,1.0,0.0055,292.14,B
June,11,09:30:00,0.992,250.0,1.0,0.004,286.31,B
June,11,10:00:00,0.9805,307.0,0.0,0.0,313.9,B
June,11,10:30:00,0.7817,294.0,10.0,0.034,330.35,B
June,11,11:00:00,0.4428,352.0,20.0,0.0568,338.01,B
June,11,11:30:00,0.6011,383.0,17.0,0.0444,332.86,B
June,11,12:00:00,0.9505,369.0,5.0,0.0136,335.25,B
June,11,12:30:00,0.7877,413.0,8.0,0.0194,342.61,B
June,11,13:00:00,0.8642,412.0,7.0,0.017,344.31,B
June,11,13:30:00,0.8467,426.0,2.0,0.0047,346.85,B
June,11,14:00:00,0.9857,422.0,1.0,0.0024,336.08,B
June,11,14:30:00,0.9911,448.0,1.0,0.0022,338.41,B
June,11,15:00:00,0.9901,405.0,1.0,0.0025,344.48,B
June,11,15:30:00,1.0,444.0,1.0,0.0023,338.77,B
June,11,16:00:00,0.9927,412.0,2.0,0.0049,334.28,B
June,11,16:30:00,1.0,397.0,3.0,0.0076,368.68,B
June,11,17:00:00,0.9843,384.0,1.0,0.0026,343.76,B
June,11,17:30:00,1.0,392.0,1.0,0.0026,348.59,B
June,11,18:00:00,0.9049,376.0,8.0,0.0213,353.87,B
June,11,18:30:00,0.9331,300.0,1.0,0.0033,336.76,B
June,11,19:00:00,0.9317,295.0,2.0,0.0068,336.58,B
June,11,19:30:00,1.0,248.0,0.0,0.0,306.55,B
June,11,20:00:00,0.9747,237.0,0.0,0.0,366.78,B
June,11,20:30:00,0.9652,205.0,4.0,0.0195,325.14,B
June,11,21:00:00,0.9623,160.0,1.0,0.0063,349.54,B
June,11,21:30:00,0.958,143.0,0.0,0.0,320.24,B
June,11,22:00:00,1.0,104.0,0.0,0.0,269.36,B
June,11,22:30:00,1.0,99.0,1.0,0.0101,291.73,B
June,11,23:00:00,0.7556,95.0,5.0,0.0526,307.96,B
June,11,23:30:00,0.8679,53.0,0.0,0.0,300.13,B
June,12,00:00:00,0.7879,37.0,4.0,0.1081,325.52,B
June,12,00:30:00,0.9474,20.0,1.0,0.05,424.42,B
June,12,01:00:00,1.0,11.0,1.0,0.0909,253.8,B
June,12,01:30:00,1.0,7.0,0.0,0.0,406.0,B
June,12,02:00:00,1.0,2.0,0.0,0.0,450.5,B
June,12,02:30:00,1.0,2.0,0.0,0.0,854.0,B
June,12,03:30:00,1.0,2.0,0.0,0.0,187.0,B
June,12,04:30:00,0.0,1.0,0.0,0.0,189.0,B
June,12,05:00:00,1.0,1.0,0.0,0.0,272.0,B
June,12,05:30:00,1.0,1.0,0.0,0.0,61.0,B
June,12,06:00:00,1.0,4.0,0.0,0.0,451.75,B
June,12,06:30:00,0.7143,7.0,0.0,0.0,216.29,B
June,12,07:00:00,0.7308,27.0,1.0,0.037,423.69,B
June,12,07:30:00,0.6579,41.0,3.0,0.0732,279.13,B
June,12,08:00:00,0.8841,69.0,0.0,0.0,305.17,B
June,12,08:30:00,0.8061,100.0,2.0,0.02,290.5,B
June,12,09:00:00,0.8712,164.0,1.0,0.0061,310.8,B
June,12,09:30:00,0.9588,195.0,1.0,0.0051,335.88,B
June,12,10:00:00,0.9831,236.0,0.0,0.0,340.29,B
June,12,10:30:00,0.9533,301.0,1.0,0.0033,323.86,B
June,12,11:00:00,0.9868,303.0,1.0,0.0033,326.53,B
June,12,11:30:00,0.8912,345.0,5.0,0.0145,331.96,B
June,12,12:00:00,0.9588,366.0,2.0,0.0055,325.92,B
June,12,12:30:00,0.9969,328.0,3.0,0.0091,338.98,B
June,12,13:00:00,0.8176,348.0,8.0,0.023,332.06,B
June,12,13:30:00,0.5665,362.0,16.0,0.0442,363.58,B
June,12,14:00:00,0.8285,453.0,4.0,0.0088,336.97,B
June,12,14:30:00,0.9526,422.0,0.0,0.0,320.61,B
June,12,15:00:00,0.9753,365.0,1.0,0.0027,348.98,B
June,12,15:30:00,0.9947,378.0,1.0,0.0026,335.81,B
June,12,16:00:00,1.0,400.0,0.0,0.0,331.11,B
June,12,16:30:00,0.9944,359.0,2.0,0.0056,328.09,B
June,12,17:00:00,0.9944,355.0,0.0,0.0,355.42,B
June,12,17:30:00,0.9945,366.0,1.0,0.0027,371.51,B
June,12,18:00:00,0.9968,309.0,0.0,0.0,342.24,B
June,12,18:30:00,1.0,273.0,1.0,0.0037,323.98,B
June,12,19:00:00,0.9814,271.0,2.0,0.0074,350.04,B
June,12,19:30:00,1.0,254.0,2.0,0.0079,327.6,B
June,12,20:00:00,0.9524,189.0,0.0,0.0,331.92,B
June,12,20:30:00,0.9831,179.0,1.0,0.0056,344.24,B
June,12,21:00:00,0.9927,138.0,1.0,0.0072,334.36,B
June,12,21:30:00,1.0,98.0,0.0,0.0,418.12,B
June,12,22:00:00,0.9773,89.0,1.0,0.0112,368.1,B
June,12,22:30:00,1.0,76.0,0.0,0.0,297.28,B
June,12,23:00:00,0.9828,60.0,2.0,0.0333,305.02,B
June,12,23:30:00,1.0,40.0,0.0,0.0,256.65,B
June,13,00:00:00,1.0,24.0,0.0,0.0,354.25,B
June,13,00:30:00,1.0,22.0,0.0,0.0,335.55,B
June,13,01:00:00,1.0,5.0,0.0,0.0,404.6,B
June,13,01:30:00,1.0,7.0,0.0,0.0,363.29,B
June,13,02:00:00,1.0,5.0,0.0,0.0,415.0,B
June,13,02:30:00,1.0,1.0,0.0,0.0,134.0,B
June,13,03:00:00,1.0,3.0,0.0,0.0,208.67,B
June,13,03:30:00,1.0,2.0,0.0,0.0,376.0,B
June,13,04:30:00,1.0,2.0,0.0,0.0,207.5,B
June,13,05:00:00,1.0,2.0,0.0,0.0,252.5,B
June,13,05:30:00,1.0,6.0,0.0,0.0,222.67,B
June,13,06:00:00,0.7143,7.0,0.0,0.0,280.57,B
June,13,06:30:00,0.6667,5.0,2.0,0.4,384.67,B
June,13,07:00:00,0.875,24.0,0.0,0.0,224.5,B
June,13,07:30:00,1.0,36.0,0.0,0.0,242.56,B
June,13,08:00:00,1.0,77.0,0.0,0.0,267.86,B
June,13,08:30:00,0.9897,97.0,0.0,0.0,274.66,B
June,13,09:00:00,0.9877,162.0,0.0,0.0,288.38,B
June,13,09:30:00,1.0,175.0,2.0,0.0114,316.69,B
June,13,10:00:00,0.9818,274.0,0.0,0.0,310.39,B
June,13,10:30:00,0.9924,263.0,0.0,0.0,310.35,B
June,13,11:00:00,1.0,307.0,1.0,0.0033,295.81,B
June,13,11:30:00,0.9573,283.0,2.0,0.0071,345.1,B
June,13,12:00:00,0.9835,366.0,2.0,0.0055,337.45,B
June,13,12:30:00,0.8382,345.0,5.0,0.0145,347.12,B
June,13,13:00:00,0.8361,373.0,7.0,0.0188,319.47,B
June,13,13:30:00,0.7161,405.0,14.0,0.0346,346.19,B
June,13,14:00:00,0.5933,396.0,10.0,0.0253,354.06,B
June,13,14:30:00,0.9674,430.0,0.0,0.0,349.31,B
June,13,15:00:00,0.9764,424.0,1.0,0.0024,323.0,B
June,13,15:30:00,0.9977,443.0,1.0,0.0023,321.24,B
June,13,16:00:00,0.9926,405.0,2.0,0.0049,337.39,B
June,13,16:30:00,0.9972,364.0,1.0,0.0027,320.27,B
June,13,17:00:00,0.9577,380.0,2.0,0.0053,336.94,B
June,13,17:30:00,0.8164,358.0,4.0,0.0112,369.71,B
June,13,18:00:00,0.8072,336.0,4.0,0.0119,326.34,B
June,13,18:30:00,0.9458,277.0,0.0,0.0,323.84,B
June,13,19:00:00,0.8442,279.0,3.0,0.0108,349.41,B
June,13,19:30:00,0.9414,223.0,1.0,0.0045,339.63,B
June,13,20:00:00,0.8315,188.0,4.0,0.0213,378.27,B
June,13,20:30:00,0.6196,171.0,8.0,0.0468,326.8,B
June,13,21:00:00,0.6376,158.0,9.0,0.057,353.51,B
June,13,21:30:00,0.9052,117.0,1.0,0.0085,343.7,B
June,13,22:00:00,0.9275,69.0,0.0,0.0,309.75,B
June,13,22:30:00,0.9765,85.0,0.0,0.0,285.36,B
June,13,23:00:00,0.9787,47.0,0.0,0.0,399.36,B
June,13,23:30:00,0.9667,30.0,0.0,0.0,260.07,B
June,14,00:00:00,1.0,32.0,1.0,0.0313,296.71,B
June,14,00:30:00,0.95,20.0,0.0,0.0,435.3,B
June,14,01:00:00,1.0,8.0,0.0,0.0,269.38,B
June,14,01:30:00,1.0,5.0,0.0,0.0,245.8,B
June,14,02:00:00,1.0,4.0,0.0,0.0,260.25,B
June,14,02:30:00,1.0,3.0,0.0,0.0,470.0,B
June,14,03:00:00,1.0,2.0,0.0,0.0,565.0,B
June,14,03:30:00,1.0,2.0,0.0,0.0,23.5,B
June,14,04:00:00,1.0,1.0,0.0,0.0,323.0,B
June,14,05:00:00,1.0,2.0,0.0,0.0,355.0,B
June,14,05:30:00,1.0,1.0,0.0,0.0,112.0,B
June,14,06:00:00,0.6667,3.0,0.0,0.0,51.0,B
June,14,06:30:00,0.6,7.0,2.0,0.2857,538.4,B
June,14,07:00:00,0.9091,12.0,1.0,0.0833,374.64,B
June,14,07:30:00,0.8,10.0,0.0,0.0,278.0,B
June,14,08:00:00,0.8065,32.0,1.0,0.0313,223.29,B
June,14,08:30:00,0.878,43.0,2.0,0.0465,283.27,B
June,14,09:00:00,0.9659,90.0,2.0,0.0222,295.98,B
June,14,09:30:00,0.963,136.0,1.0,0.0074,274.07,B
June,14,10:00:00,0.9259,164.0,2.0,0.0122,287.26,B
June,14,10:30:00,0.8221,214.0,6.0,0.028,324.88,B
June,14,11:00:00,0.7696,205.0,1.0,0.0049,347.32,B
June,14,11:30:00,0.662,221.0,8.0,0.0362,298.72,B
June,14,12:00:00,0.6318,265.0,7.0,0.0264,303.1,B
June,14,12:30:00,0.6046,276.0,13.0,0.0471,325.1,B
June,14,13:00:00,0.7935,286.0,10.0,0.035,325.82,B
June,14,13:30:00,0.7492,305.0,6.0,0.0197,289.73,B
June,14,14:00:00,0.534,338.0,44.0,0.1302,324.15,B
June,14,14:30:00,0.522,313.0,18.0,0.0575,337.01,B
June,14,15:00:00,0.5934,328.0,23.0,0.0701,333.95,B
June,14,15:30:00,0.84,354.0,4.0,0.0113,325.44,B
June,14,16:00:00,0.9458,335.0,3.0,0.009,333.91,B
June,14,16:30:00,0.9939,328.0,1.0,0.003,322.24,B
June,14,17:00:00,0.9338,289.0,2.0,0.0069,329.43,B
June,14,17:30:00,0.9185,272.0,2.0,0.0074,324.18,B
June,14,18:00:00,0.9773,221.0,1.0,0.0045,318.68,B
June,14,18:30:00,0.9409,222.0,2.0,0.009,345.43,B
June,14,19:00:00,0.9791,194.0,3.0,0.0155,330.06,B
June,14,19:30:00,0.9822,172.0,3.0,0.0174,312.52,B
June,14,20:00:00,0.5357,168.0,28.0,0.1667,337.66,B
June,14,20:30:00,0.4803,139.0,12.0,0.0863,325.99,B
June,14,21:00:00,0.8198,112.0,1.0,0.0089,297.61,B
June,14,21:30:00,1.0,92.0,1.0,0.0109,230.65,B
June,14,22:00:00,0.9767,87.0,1.0,0.0115,267.91,B
June,14,22:30:00,0.9545,66.0,0.0,0.0,311.64,B
June,14,23:00:00,0.9787,47.0,0.0,0.0,270.98,B
June,14,23:30:00,0.9516,65.0,3.0,0.0462,289.45,B
June,15,00:00:00,1.0,26.0,0.0,0.0,271.85,B
June,15,00:30:00,1.0,21.0,0.0,0.0,306.1,B
June,15,01:00:00,1.0,12.0,0.0,0.0,498.42,B
June,15,01:30:00,1.0,6.0,0.0,0.0,478.5,B
June,15,02:00:00,1.0,5.0,0.0,0.0,449.4,B
June,15,02:30:00,1.0,0.0,0.0,0.0,449.4,B
June,15,03:00:00,1.0,7.0,0.0,0.0,369.29,B
June,15,03:30:00,1.0,2.0,0.0,0.0,246.5,B
June,15,04:00:00,1.0,2.0,0.0,0.0,837.5,B
June,15,04:30:00,1.0,2.0,0.0,0.0,285.5,B
June,15,05:00:00,1.0,4.0,0.0,0.0,361.0,B
June,15,05:30:00,1.0,2.0,0.0,0.0,302.0,B
June,15,06:00:00,1.0,1.0,0.0,0.0,154.0,B
June,15,06:30:00,1.0,2.0,0.0,0.0,129.0,B
June,15,07:00:00,1.0,6.0,0.0,0.0,243.67,B
June,15,07:30:00,0.8571,9.0,2.0,0.2222,180.14,B
June,15,08:00:00,0.8889,18.0,0.0,0.0,343.28,B
June,15,08:30:00,1.0,24.0,0.0,0.0,295.42,B
June,15,09:00:00,1.0,51.0,0.0,0.0,290.27,B
June,15,09:30:00,1.0,50.0,0.0,0.0,342.0,B
June,15,10:00:00,0.9882,85.0,0.0,0.0,327.2,B
June,15,10:30:00,0.978,91.0,0.0,0.0,285.58,B
June,15,11:00:00,1.0,95.0,0.0,0.0,268.85,B
June,15,11:30:00,0.963,108.0,0.0,0.0,285.9,B
June,15,12:00:00,0.963,108.0,0.0,0.0,285.9,B
June,15,12:30:00,0.963,108.0,0.0,0.0,285.9,B
June,15,13:00:00,0.963,108.0,0.0,0.0,285.9,B
June,15,13:30:00,0.963,108.0,0.0,0.0,285.9,B
June,15,14:00:00,0.963,108.0,0.0,0.0,285.9,B
June,15,14:30:00,1.0,167.0,2.0,0.012,284.81,B
June,15,15:00:00,1.0,170.0,0.0,0.0,312.6,B
June,15,15:30:00,1.0,189.0,5.0,0.0265,305.91,B
June,15,16:00:00,0.9933,151.0,1.0,0.0066,320.22,B
June,15,16:30:00,0.9516,189.0,3.0,0.0159,311.19,B
June,15,17:00:00,0.9667,180.0,0.0,0.0,291.44,B
June,15,17:30:00,0.9884,175.0,2.0,0.0114,314.47,B
June,15,18:00:00,0.9748,159.0,0.0,0.0,310.75,B
June,15,18:30:00,1.0,123.0,3.0,0.0244,279.3,B
June,15,19:00:00,0.951,102.0,0.0,0.0,309.31,B
June,15,19:30:00,0.9615,105.0,1.0,0.0095,275.2,B
June,15,20:00:00,0.9725,109.0,0.0,0.0,331.73,B
June,15,20:30:00,1.0,81.0,0.0,0.0,319.69,B
June,15,21:00:00,1.0,83.0,0.0,0.0,310.89,B
June,15,21:30:00,0.9697,66.0,0.0,0.0,330.98,B
June,15,22:00:00,1.0,63.0,0.0,0.0,263.0,B
June,15,22:30:00,0.9767,46.0,3.0,0.0652,300.56,B
June,15,23:00:00,0.9355,31.0,0.0,0.0,234.71,B
June,15,23:30:00,1.0,27.0,0.0,0.0,348.19,B
June,16,00:00:00,1.0,28.0,3.0,0.1071,305.2,B
June,16,00:30:00,1.0,12.0,0.0,0.0,306.08,B
June,16,01:00:00,1.0,9.0,0.0,0.0,535.0,B
June,16,01:30:00,1.0,3.0,0.0,0.0,545.67,B
June,16,02:00:00,1.0,2.0,0.0,0.0,219.5,B
June,16,02:30:00,1.0,2.0,0.0,0.0,273.5,B
June,16,03:00:00,1.0,1.0,0.0,0.0,224.0,B
June,16,03:30:00,1.0,3.0,0.0,0.0,545.33,B
June,16,04:00:00,1.0,3.0,0.0,0.0,172.33,B
June,16,05:00:00,1.0,1.0,0.0,0.0,171.0,B
June,16,05:30:00,1.0,1.0,0.0,0.0,575.0,B
June,16,06:00:00,1.0,3.0,0.0,0.0,198.67,B
June,16,06:30:00,0.6667,5.0,2.0,0.4,253.67,B
June,16,07:00:00,0.8667,15.0,0.0,0.0,247.47,B
June,16,07:30:00,0.8919,37.0,0.0,0.0,297.32,B
June,16,08:00:00,0.9833,60.0,0.0,0.0,245.42,B
June,16,08:30:00,0.981,105.0,0.0,0.0,311.04,B
June,16,09:00:00,0.9112,169.0,0.0,0.0,315.23,B
June,16,09:30:00,1.0,239.0,0.0,0.0,324.07,B
June,16,10:00:00,0.9863,292.0,0.0,0.0,356.0,B
June,16,10:30:00,1.0,312.0,0.0,0.0,339.21,B
June,16,11:00:00,0.9873,316.0,1.0,0.0032,337.51,B
June,16,11:30:00,0.8493,371.0,6.0,0.0162,354.64,B
June,16,12:00:00,0.9044,430.0,1.0,0.0023,351.48,B
June,16,12:30:00,0.9757,411.0,0.0,0.0,353.66,B
June,16,13:00:00,0.7156,448.0,5.0,0.0112,352.07,B
June,16,13:30:00,0.716,497.0,11.0,0.0221,330.99,B
June,16,14:00:00,0.7996,511.0,2.0,0.0039,326.01,B
June,16,14:30:00,0.9124,505.0,3.0,0.0059,327.93,B
June,16,15:00:00,0.952,500.0,0.0,0.0,360.96,B
June,16,15:30:00,0.8931,506.0,1.0,0.002,333.93,B
June,16,16:00:00,0.9754,488.0,0.0,0.0,381.64,B
June,16,16:30:00,0.9978,459.0,1.0,0.0022,366.36,B
June,16,17:00:00,0.9954,434.0,0.0,0.0,353.69,B
June,16,17:30:00,0.9823,396.0,0.0,0.0,342.28,B
June,16,18:00:00,0.8701,410.0,2.0,0.0049,354.94,B
June,16,18:30:00,0.8149,366.0,4.0,0.0109,355.32,B
June,16,19:00:00,0.819,319.0,4.0,0.0125,391.73,B
June,16,19:30:00,0.9474,286.0,1.0,0.0035,342.42,B
June,16,20:00:00,0.7823,302.0,8.0,0.0265,359.92,B
June,16,20:30:00,0.8957,214.0,3.0,0.014,316.93,B
June,16,21:00:00,0.963,191.0,2.0,0.0105,319.36,B
June,16,21:30:00,1.0,146.0,0.0,0.0,316.31,B
June,16,22:00:00,1.0,101.0,0.0,0.0,338.11,B
June,16,22:30:00,1.0,83.0,1.0,0.012,267.96,B
June,16,23:00:00,0.9839,63.0,1.0,0.0159,306.1,B
June,16,23:30:00,1.0,47.0,0.0,0.0,292.47,B
June,17,00:00:00,1.0,28.0,0.0,0.0,349.39,B
June,17,00:30:00,1.0,20.0,1.0,0.05,213.26,B
June,17,01:00:00,0.8889,9.0,0.0,0.0,411.0,B
June,17,01:30:00,1.0,4.0,0.0,0.0,358.25,B
June,17,02:00:00,1.0,6.0,0.0,0.0,339.5,B
June,17,02:30:00,1.0,3.0,0.0,0.0,429.67,B
June,17,03:00:00,1.0,2.0,0.0,0.0,313.0,B
June,17,03:30:00,1.0,2.0,0.0,0.0,85.5,B
June,17,04:00:00,1.0,1.0,0.0,0.0,539.0,B
June,17,04:30:00,1.0,1.0,0.0,0.0,90.0,B
June,17,05:00:00,1.0,4.0,0.0,0.0,175.75,B
June,17,05:30:00,1.0,1.0,0.0,0.0,327.0,B
June,17,06:00:00,1.0,4.0,0.0,0.0,270.25,B
June,17,06:30:00,0.5,6.0,2.0,0.3333,261.5,B
June,17,07:00:00,1.0,22.0,0.0,0.0,214.82,B
June,17,07:30:00,0.8056,37.0,1.0,0.027,365.97,B
June,17,08:00:00,0.9552,69.0,2.0,0.029,248.21,B
June,17,08:30:00,1.0,120.0,0.0,0.0,287.1,B
June,17,09:00:00,1.0,170.0,2.0,0.0118,284.69,B
June,17,09:30:00,0.9951,203.0,0.0,0.0,338.48,B
June,17,10:00:00,0.9854,274.0,0.0,0.0,309.52,B
June,17,10:30:00,0.7444,317.0,4.0,0.0126,366.52,B
June,17,11:00:00,0.9676,370.0,0.0,0.0,326.53,B
June,17,11:30:00,0.7844,374.0,3.0,0.008,355.02,B
June,17,12:00:00,0.9578,380.0,1.0,0.0026,367.59,B
June,17,12:30:00,0.9759,374.0,1.0,0.0027,340.65,B
June,17,13:00:00,0.9779,407.0,0.0,0.0,346.63,B
June,17,13:30:00,0.9526,384.0,4.0,0.0104,337.37,B
June,17,14:00:00,0.8655,450.0,4.0,0.0089,349.2,B
June,17,14:30:00,0.9779,452.0,0.0,0.0,364.39,B
June,17,15:00:00,0.9936,466.0,0.0,0.0,327.71,B
June,17,15:30:00,0.9951,411.0,1.0,0.0024,360.05,B
June,17,16:00:00,0.9978,452.0,1.0,0.0022,318.66,B
June,17,16:30:00,0.9954,439.0,0.0,0.0,346.22,B
June,17,17:00:00,0.9912,455.0,0.0,0.0,339.82,B
June,17,17:30:00,0.964,391.0,2.0,0.0051,370.32,B
June,17,18:00:00,0.9286,378.0,0.0,0.0,347.86,B
June,17,18:30:00,0.9571,326.0,0.0,0.0,323.45,B
June,17,19:00:00,0.9963,268.0,1.0,0.0037,331.06,B
June,17,19:30:00,0.9649,288.0,3.0,0.0104,339.62,B
June,17,20:00:00,0.916,253.0,3.0,0.0119,323.06,B
June,17,20:30:00,0.9786,188.0,1.0,0.0053,302.59,B
June,17,21:00:00,0.9863,148.0,2.0,0.0135,292.58,B
June,17,21:30:00,0.9856,140.0,1.0,0.0071,337.99,B
June,17,22:00:00,0.9906,106.0,0.0,0.0,262.73,B
June,17,22:30:00,1.0,74.0,0.0,0.0,283.58,B
June,17,23:00:00,0.973,74.0,0.0,0.0,315.55,B
June,17,23:30:00,0.9811,53.0,0.0,0.0,283.92,B
June,18,00:00:00,1.0,37.0,0.0,0.0,240.68,B
June,18,00:30:00,1.0,32.0,0.0,0.0,233.56,B
June,18,01:00:00,1.0,12.0,0.0,0.0,325.25,B
June,18,01:30:00,0.6667,3.0,0.0,0.0,194.33,B
June,18,02:00:00,1.0,4.0,0.0,0.0,342.75,B
June,18,02:30:00,1.0,3.0,0.0,0.0,396.33,B
June,18,03:00:00,1.0,3.0,0.0,0.0,687.0,B
June,18,03:30:00,1.0,2.0,0.0,0.0,276.5,B
June,18,04:00:00,1.0,4.0,0.0,0.0,321.0,B
June,18,04:30:00,1.0,3.0,0.0,0.0,632.0,B
June,18,05:00:00,1.0,2.0,0.0,0.0,229.0,B
June,18,05:30:00,1.0,1.0,0.0,0.0,278.0,B
June,18,06:30:00,0.5,7.0,1.0,0.1429,414.67,B
June,18,07:00:00,0.9167,24.0,0.0,0.0,208.79,B
June,18,07:30:00,0.9333,34.0,4.0,0.1176,251.33,B
June,18,08:00:00,0.9206,63.0,0.0,0.0,236.79,B
June,18,08:30:00,0.9836,123.0,1.0,0.0081,299.31,B
June,18,09:00:00,1.0,178.0,0.0,0.0,290.53,B
June,18,09:30:00,0.9955,222.0,1.0,0.0045,312.6,B
June,18,10:00:00,0.9927,276.0,2.0,0.0072,282.3,B
June,18,10:30:00,0.8406,284.0,8.0,0.0282,329.73,B
June,18,11:00:00,0.8284,341.0,3.0,0.0088,348.77,B
June,18,11:30:00,0.7963,392.0,9.0,0.023,337.19,B
June,18,12:00:00,0.9436,390.0,0.0,0.0,343.61,B
June,18,12:30:00,0.9941,341.0,1.0,0.0029,336.41,B
June,18,13:00:00,0.9525,400.0,0.0,0.0,356.52,B
June,18,13:30:00,0.8308,406.0,4.0,0.0099,366.24,B
June,18,14:00:00,0.8173,433.0,6.0,0.0139,345.87,B
June,18,14:30:00,0.5704,449.0,16.0,0.0356,377.1,B
June,18,15:00:00,0.8799,458.0,0.0,0.0,349.35,B
June,18,15:30:00,0.9977,428.0,1.0,0.0023,378.73,B
June,18,16:00:00,0.9915,470.0,1.0,0.0021,330.68,B
June,18,16:30:00,1.0,405.0,2.0,0.0049,359.61,B
June,18,17:00:00,0.9943,351.0,3.0,0.0085,367.17,B
June,18,17:30:00,0.994,337.0,3.0,0.0089,341.34,B
June,18,18:00:00,0.9829,294.0,2.0,0.0068,356.57,B
June,18,18:30:00,1.0,318.0,2.0,0.0063,367.56,B
June,18,19:00:00,0.9816,273.0,1.0,0.0037,312.82,B
June,18,19:30:00,0.9518,250.0,1.0,0.004,340.45,B
June,18,20:00:00,0.9364,220.0,0.0,0.0,344.96,B
June,18,20:30:00,0.995,199.0,0.0,0.0,330.94,B
June,18,21:00:00,0.9926,137.0,1.0,0.0073,324.07,B
June,18,21:30:00,1.0,119.0,0.0,0.0,332.15,B
June,18,22:00:00,1.0,108.0,0.0,0.0,277.37,B
June,18,22:30:00,1.0,76.0,1.0,0.0132,328.23,B
June,18,23:00:00,0.9661,59.0,0.0,0.0,342.49,B
June,18,23:30:00,1.0,46.0,0.0,0.0,261.33,B
June,19,00:00:00,1.0,28.0,0.0,0.0,251.64,B
June,19,00:30:00,1.0,17.0,0.0,0.0,407.71,B
June,19,01:00:00,1.0,7.0,0.0,0.0,578.86,B
June,19,01:30:00,1.0,7.0,0.0,0.0,308.43,B
June,19,02:00:00,1.0,8.0,0.0,0.0,198.88,B
June,19,02:30:00,1.0,3.0,0.0,0.0,511.33,B
June,19,03:00:00,1.0,5.0,0.0,0.0,469.4,B
June,19,03:30:00,1.0,1.0,0.0,0.0,553.0,B
June,19,04:00:00,1.0,3.0,0.0,0.0,134.33,B
June,19,04:30:00,1.0,1.0,0.0,0.0,486.0,B
June,19,05:00:00,1.0,1.0,0.0,0.0,229.0,B
June,19,05:30:00,1.0,2.0,0.0,0.0,75.5,B
June,19,06:00:00,1.0,7.0,0.0,0.0,206.14,B
June,19,06:30:00,0.6667,7.0,1.0,0.1429,231.83,B
June,19,07:00:00,0.9,20.0,0.0,0.0,315.3,B
June,19,07:30:00,0.9474,38.0,0.0,0.0,283.95,B
June,19,08:00:00,0.9452,73.0,0.0,0.0,310.7,B
June,19,08:30:00,1.0,109.0,0.0,0.0,309.54,B
June,19,09:00:00,0.9866,149.0,0.0,0.0,280.05,B
June,19,09:30:00,1.0,216.0,0.0,0.0,306.19,B
June,19,10:00:00,0.9957,233.0,0.0,0.0,294.85,B
June,19,10:30:00,1.0,278.0,1.0,0.0036,352.65,B
June,19,11:00:00,1.0,282.0,2.0,0.0071,336.01,B
June,19,11:30:00,0.9744,353.0,2.0,0.0057,309.13,B
June,19,12:00:00,0.997,338.0,1.0,0.003,345.49,B
June,19,12:30:00,0.9942,344.0,2.0,0.0058,361.46,B
June,19,13:00:00,0.93,343.0,0.0,0.0,333.39,B
June,19,13:30:00,0.9946,367.0,0.0,0.0,341.9,B
June,19,14:00:00,1.0,362.0,0.0,0.0,310.62,B
June,19,14:30:00,0.9566,439.0,1.0,0.0023,357.2,B
June,19,15:00:00,0.9972,362.0,0.0,0.0,338.45,B
June,19,15:30:00,1.0,363.0,1.0,0.0028,339.04,B
June,19,16:00:00,1.0,323.0,3.0,0.0093,325.82,B
June,19,16:30:00,1.0,324.0,0.0,0.0,333.75,B
June,19,17:00:00,1.0,283.0,1.0,0.0035,339.6,B
June,19,17:30:00,1.0,284.0,1.0,0.0035,331.46,B
June,19,18:00:00,1.0,258.0,0.0,0.0,328.0,B
June,19,18:30:00,1.0,270.0,0.0,0.0,338.23,B
June,19,19:00:00,0.9095,247.0,4.0,0.0162,338.9,B
June,19,19:30:00,0.8861,239.0,2.0,0.0084,352.72,B
June,19,20:00:00,0.8856,205.0,4.0,0.0195,343.14,B
June,19,20:30:00,0.8923,195.0,0.0,0.0,329.02,B
June,19,21:00:00,0.9926,135.0,0.0,0.0,286.72,B
June,19,21:30:00,1.0,112.0,0.0,0.0,328.99,B
June,19,22:00:00,1.0,102.0,0.0,0.0,271.03,B
June,19,22:30:00,1.0,86.0,0.0,0.0,277.27,B
June,19,23:00:00,1.0,50.0,0.0,0.0,344.02,B
June,19,23:30:00,1.0,44.0,0.0,0.0,287.43,B
June,20,00:00:00,1.0,44.0,0.0,0.0,268.11,B
June,20,00:30:00,1.0,22.0,0.0,0.0,145.55,B
June,20,01:00:00,1.0,10.0,0.0,0.0,331.8,B
June,20,01:30:00,1.0,8.0,0.0,0.0,228.25,B
June,20,02:00:00,1.0,7.0,0.0,0.0,260.57,B
June,20,02:30:00,1.0,2.0,0.0,0.0,281.5,B
June,20,03:00:00,1.0,3.0,0.0,0.0,374.33,B
June,20,03:30:00,1.0,2.0,0.0,0.0,25.0,B
June,20,04:00:00,1.0,2.0,0.0,0.0,428.5,B
June,20,04:30:00,1.0,1.0,0.0,0.0,58.0,B
June,20,05:00:00,1.0,1.0,0.0,0.0,24.0,B
June,20,05:30:00,1.0,2.0,0.0,0.0,1500.0,B
June,20,06:00:00,0.5,6.0,2.0,0.3333,267.0,B
June,20,06:30:00,0.0,7.0,5.0,0.7143,184.0,B
June,20,07:00:00,0.9091,33.0,0.0,0.0,302.3,B
June,20,07:30:00,0.8475,62.0,3.0,0.0484,329.97,B
June,20,08:00:00,0.9255,96.0,2.0,0.0208,295.17,B
June,20,08:30:00,0.7791,167.0,4.0,0.024,336.42,B
June,20,09:00:00,0.9568,191.0,6.0,0.0314,331.26,B
June,20,09:30:00,1.0,224.0,1.0,0.0045,305.91,B
June,20,10:00:00,0.9964,281.0,1.0,0.0036,308.54,B
June,20,10:30:00,0.9504,288.0,6.0,0.0208,294.96,B
June,20,11:00:00,0.9971,340.0,1.0,0.0029,308.01,B
June,20,11:30:00,0.7119,372.0,11.0,0.0296,334.42,B
June,20,12:00:00,0.566,440.0,16.0,0.0364,344.03,B
June,20,12:30:00,0.6965,414.0,12.0,0.029,325.27,B
June,20,13:00:00,0.8173,433.0,6.0,0.0139,328.38,B
June,20,13:30:00,0.72,435.0,10.0,0.023,322.25,B
June,20,14:00:00,0.9424,421.0,4.0,0.0095,317.41,B
June,20,14:30:00,0.8289,467.0,11.0,0.0236,315.36,B
June,20,15:00:00,0.74,508.0,8.0,0.0157,346.73,B
June,20,15:30:00,0.7213,477.0,7.0,0.0147,333.91,B
June,20,16:00:00,0.6515,523.0,18.0,0.0344,351.67,B
June,20,16:30:00,0.7243,508.0,11.0,0.0217,332.71,B
June,20,17:00:00,0.902,501.0,11.0,0.022,334.43,B
June,20,17:30:00,0.8697,430.0,8.0,0.0186,333.25,B
June,20,18:00:00,0.7902,381.0,14.0,0.0367,352.52,B
June,20,18:30:00,0.7013,332.0,14.0,0.0422,319.69,B
June,20,19:00:00,0.5958,319.0,32.0,0.1003,362.69,B
June,20,19:30:00,0.4411,286.0,23.0,0.0804,310.86,B
June,20,20:00:00,0.3116,245.0,46.0,0.1878,341.53,B
June,20,20:30:00,0.2727,226.0,39.0,0.1726,368.28,B
June,20,21:00:00,0.7065,189.0,5.0,0.0265,308.47,B
June,20,21:30:00,0.5689,181.0,14.0,0.0773,336.93,B
June,20,22:00:00,0.8803,122.0,5.0,0.041,349.69,B
June,20,22:30:00,0.8462,110.0,6.0,0.0545,303.03,B
June,20,23:00:00,0.7701,92.0,5.0,0.0543,326.89,B
June,20,23:30:00,0.9104,68.0,1.0,0.0147,225.79,B
June,21,00:00:00,0.8727,58.0,3.0,0.0517,242.07,B
June,21,00:30:00,0.7742,31.0,0.0,0.0,367.23,B
June,21,01:00:00,1.0,16.0,0.0,0.0,297.25,B
June,21,01:30:00,1.0,7.0,0.0,0.0,399.71,B
June,21,02:00:00,1.0,5.0,0.0,0.0,205.6,B
June,21,02:30:00,1.0,3.0,0.0,0.0,214.67,B
June,21,03:00:00,1.0,4.0,0.0,0.0,465.25,B
June,21,03:30:00,1.0,0.0,0.0,0.0,465.25,B
June,21,04:00:00,1.0,4.0,0.0,0.0,433.25,B
June,21,04:30:00,1.0,4.0,0.0,0.0,305.0,B
June,21,05:00:00,1.0,3.0,0.0,0.0,397.0,B
June,21,05:30:00,1.0,2.0,0.0,0.0,122.0,B
June,21,06:00:00,1.0,3.0,0.0,0.0,210.67,B
June,21,06:30:00,0.4,13.0,8.0,0.6154,331.2,B
June,21,07:00:00,0.8824,17.0,0.0,0.0,271.76,B
June,21,07:30:00,1.0,23.0,0.0,0.0,278.96,B
June,21,08:00:00,0.9333,45.0,0.0,0.0,280.71,B
June,21,08:30:00,0.74,59.0,9.0,0.1525,375.6,B
June,21,09:00:00,0.8493,152.0,6.0,0.0395,261.53,B
June,21,09:30:00,0.8514,153.0,5.0,0.0327,312.86,B
June,21,10:00:00,0.6814,217.0,13.0,0.0599,333.51,B
June,21,10:30:00,0.6224,217.0,21.0,0.0968,335.64,B
June,21,11:00:00,0.55,275.0,15.0,0.0545,300.19,B
June,21,11:30:00,0.5112,282.0,14.0,0.0496,309.06,B
June,21,12:00:00,0.8824,294.0,5.0,0.017,305.8,B
June,21,12:30:00,0.8491,294.0,9.0,0.0306,313.61,B
June,21,13:00:00,0.925,281.0,1.0,0.0036,293.74,B
June,21,13:30:00,0.8316,300.0,9.0,0.03,320.59,B
June,21,14:00:00,0.7087,318.0,9.0,0.0283,310.43,B
June,21,14:30:00,0.8055,301.0,8.0,0.0266,321.88,B
June,21,15:00:00,0.8384,335.0,7.0,0.0209,298.62,B
June,21,15:30:00,0.9427,229.0,2.0,0.0087,297.0,B
June,21,16:00:00,0.8989,270.0,3.0,0.0111,350.71,B
June,21,16:30:00,0.9029,280.0,2.0,0.0071,332.98,B
June,21,17:00:00,0.9654,262.0,2.0,0.0076,322.4,B
June,21,17:30:00,0.9596,226.0,3.0,0.0133,316.96,B
June,21,18:00:00,0.7711,209.0,8.0,0.0383,389.0,B
June,21,18:30:00,0.8796,193.0,2.0,0.0104,344.3,B
June,21,19:00:00,0.9448,183.0,2.0,0.0109,332.87,B
June,21,19:30:00,0.9337,168.0,2.0,0.0119,317.1,B
June,21,20:00:00,0.9197,141.0,4.0,0.0284,324.72,B
June,21,20:30:00,0.8944,143.0,1.0,0.007,291.66,B
June,21,21:00:00,0.9518,83.0,0.0,0.0,332.16,B
June,21,21:30:00,0.9759,83.0,0.0,0.0,342.55,B
June,21,22:00:00,1.0,59.0,0.0,0.0,288.78,B
June,21,22:30:00,0.8519,57.0,3.0,0.0526,327.78,B
June,21,23:00:00,0.8367,52.0,3.0,0.0577,374.37,B
June,21,23:30:00,0.8684,38.0,0.0,0.0,286.82,B
June,22,00:00:00,0.9,30.0,0.0,0.0,293.6,B
June,22,00:30:00,0.9474,20.0,1.0,0.05,232.0,B
June,22,01:00:00,0.8889,9.0,0.0,0.0,276.11,B
June,22,01:30:00,1.0,7.0,0.0,0.0,180.43,B
June,22,02:00:00,1.0,3.0,0.0,0.0,241.33,B
June,22,02:30:00,1.0,3.0,0.0,0.0,242.33,B
June,22,03:00:00,1.0,3.0,0.0,0.0,333.67,B
June,22,03:30:00,1.0,1.0,0.0,0.0,419.0,B
June,22,04:00:00,1.0,4.0,0.0,0.0,134.75,B
June,22,04:30:00,1.0,1.0,0.0,0.0,323.0,B
June,22,05:00:00,1.0,3.0,0.0,0.0,359.0,B
June,22,06:30:00,1.0,6.0,0.0,0.0,310.33,B
June,22,07:00:00,1.0,6.0,0.0,0.0,281.33,B
June,22,07:30:00,1.0,8.0,0.0,0.0,230.75,B
June,22,08:00:00,1.0,11.0,0.0,0.0,253.82,B
June,22,08:30:00,1.0,21.0,0.0,0.0,379.0,B
June,22,09:00:00,1.0,46.0,0.0,0.0,366.93,B
June,22,09:30:00,1.0,61.0,0.0,0.0,293.05,B
June,22,10:00:00,0.9762,84.0,0.0,0.0,276.71,B
June,22,10:30:00,1.0,85.0,0.0,0.0,310.61,B
June,22,11:00:00,0.9694,98.0,0.0,0.0,293.92,B
June,22,11:30:00,0.7786,134.0,3.0,0.0224,291.4,B
June,22,12:00:00,0.9833,120.0,0.0,0.0,282.97,B
June,22,12:30:00,0.9589,146.0,0.0,0.0,285.47,B
June,22,13:00:00,0.9586,170.0,1.0,0.0059,298.67,B
June,22,13:30:00,0.851,209.0,1.0,0.0048,295.2,B
June,22,14:00:00,0.8205,199.0,4.0,0.0201,302.94,B
June,22,14:30:00,0.9096,177.0,0.0,0.0,298.86,B
June,22,15:00:00,0.9829,175.0,0.0,0.0,356.35,B
June,22,15:30:00,1.0,177.0,0.0,0.0,343.44,B
June,22,16:00:00,1.0,174.0,0.0,0.0,281.8,B
June,22,16:30:00,0.9588,170.0,0.0,0.0,311.04,B
June,22,17:00:00,0.8571,163.0,2.0,0.0123,322.06,B
June,22,17:30:00,0.897,166.0,1.0,0.006,355.05,B
June,22,18:00:00,0.9867,151.0,1.0,0.0066,323.19,B
June,22,18:30:00,0.991,111.0,0.0,0.0,324.76,B
June,22,19:00:00,0.9449,127.0,0.0,0.0,314.01,B
June,22,19:30:00,0.9462,94.0,1.0,0.0106,331.28,B
June,22,20:00:00,0.9545,89.0,1.0,0.0112,328.22,B
June,22,20:30:00,0.9882,85.0,0.0,0.0,343.54,B
June,22,21:00:00,0.9885,87.0,0.0,0.0,370.84,B
June,22,21:30:00,1.0,52.0,0.0,0.0,322.44,B
June,22,22:00:00,1.0,52.0,0.0,0.0,322.44,B
June,22,22:30:00,1.0,52.0,0.0,0.0,322.44,B
June,22,23:00:00,1.0,52.0,0.0,0.0,322.44,B
June,22,23:30:00,1.0,52.0,0.0,0.0,322.44,B
June,23,00:00:00,1.0,52.0,0.0,0.0,322.44,B
June,23,00:30:00,1.0,18.0,0.0,0.0,311.89,B
June,23,01:00:00,1.0,8.0,0.0,0.0,270.0,B
June,23,01:30:00,1.0,6.0,0.0,0.0,287.17,B
June,23,02:00:00,1.0,6.0,0.0,0.0,267.33,B
June,23,02:30:00,1.0,7.0,0.0,0.0,185.29,B
June,23,04:00:00,1.0,2.0,0.0,0.0,383.5,B
June,23,04:30:00,1.0,0.0,0.0,0.0,383.5,B
June,23,05:00:00,0.75,4.0,0.0,0.0,482.0,B
June,23,05:30:00,0.6,5.0,0.0,0.0,577.4,B
June,23,06:00:00,1.0,3.0,0.0,0.0,151.0,B
June,23,06:30:00,1.0,5.0,2.0,0.4,355.0,B
June,23,07:00:00,0.913,23.0,0.0,0.0,283.52,B
June,23,07:30:00,0.9524,42.0,0.0,0.0,266.86,B
June,23,08:00:00,0.9595,74.0,0.0,0.0,273.96,B
June,23,08:30:00,1.0,114.0,0.0,0.0,283.54,B
June,23,09:00:00,0.9889,180.0,0.0,0.0,304.8,B
June,23,09:30:00,0.9747,237.0,0.0,0.0,338.22,B
June,23,10:00:00,0.97,334.0,1.0,0.003,317.65,B
June,23,10:30:00,0.8369,337.0,6.0,0.0178,377.51,B
June,23,11:00:00,0.912,377.0,2.0,0.0053,360.9,B
June,23,11:30:00,0.8105,389.0,9.0,0.0231,367.28,B
June,23,12:00:00,0.8203,436.0,2.0,0.0046,351.68,B
June,23,12:30:00,0.7864,438.0,12.0,0.0274,363.1,B
June,23,13:00:00,0.8156,453.0,3.0,0.0066,345.44,B
June,23,13:30:00,0.7183,508.0,11.0,0.0217,366.13,B
June,23,14:00:00,0.9537,498.0,1.0,0.002,347.01,B
June,23,14:30:00,0.961,490.0,3.0,0.0061,355.46,B
June,23,15:00:00,0.9857,488.0,0.0,0.0,350.37,B
June,23,15:30:00,0.9918,492.0,2.0,0.0041,347.93,B
June,23,16:00:00,0.9961,508.0,1.0,0.002,324.89,B
June,23,16:30:00,0.9957,464.0,0.0,0.0,375.23,B
June,23,17:00:00,0.9658,439.0,0.0,0.0,350.47,B
June,23,17:30:00,0.8262,469.0,3.0,0.0064,353.74,B
June,23,18:00:00,0.9041,367.0,2.0,0.0054,359.18,B
June,23,18:30:00,0.7003,405.0,8.0,0.0198,360.97,B
June,23,19:00:00,0.7027,343.0,10.0,0.0292,346.58,B
June,23,19:30:00,0.8628,328.0,0.0,0.0,323.82,B
June,23,20:00:00,0.8901,288.0,6.0,0.0208,334.15,B
June,23,20:30:00,0.8419,241.0,7.0,0.029,338.16,B
June,23,21:00:00,0.9651,174.0,2.0,0.0115,294.77,B
June,23,21:30:00,0.9806,156.0,1.0,0.0064,336.63,B
June,23,22:00:00,0.975,120.0,0.0,0.0,364.32,B
June,23,22:30:00,1.0,82.0,0.0,0.0,286.46,B
June,23,23:00:00,0.9157,84.0,1.0,0.0119,284.63,B
June,23,23:30:00,1.0,68.0,0.0,0.0,214.59,B
June,24,00:00:00,0.9535,43.0,0.0,0.0,323.86,B
June,24,00:30:00,1.0,26.0,0.0,0.0,366.58,B
June,24,01:00:00,1.0,9.0,0.0,0.0,447.33,B
June,24,01:30:00,1.0,4.0,0.0,0.0,414.75,B
June,24,02:00:00,1.0,4.0,0.0,0.0,342.0,B
June,24,02:30:00,1.0,1.0,0.0,0.0,432.0,B
June,24,03:00:00,1.0,2.0,0.0,0.0,188.0,B
June,24,03:30:00,0.75,4.0,0.0,0.0,233.0,B
June,24,04:00:00,1.0,2.0,0.0,0.0,303.0,B
June,24,04:30:00,1.0,3.0,0.0,0.0,355.0,B
June,24,05:00:00,1.0,1.0,0.0,0.0,680.0,B
June,24,05:30:00,1.0,7.0,0.0,0.0,194.0,B
June,24,06:00:00,1.0,4.0,0.0,0.0,427.75,B
June,24,06:30:00,1.0,8.0,3.0,0.375,423.0,B
June,24,07:00:00,0.875,24.0,0.0,0.0,273.08,B
June,24,07:30:00,0.9459,37.0,0.0,0.0,294.78,B
June,24,08:00:00,0.9868,76.0,0.0,0.0,277.12,B
June,24,08:30:00,0.9792,146.0,2.0,0.0137,294.67,B
June,24,09:00:00,1.0,152.0,0.0,0.0,283.8,B
June,24,09:30:00,1.0,215.0,1.0,0.0047,317.94,B
June,24,10:00:00,0.9646,254.0,0.0,0.0,304.5,B
June,24,10:30:00,0.9748,278.0,0.0,0.0,302.04,B
June,24,11:00:00,0.9898,295.0,0.0,0.0,340.17,B
June,24,11:30:00,0.9103,381.0,2.0,0.0052,323.19,B
June,24,12:00:00,0.9909,330.0,0.0,0.0,332.15,B
June,24,12:30:00,0.9918,368.0,2.0,0.0054,334.61,B
June,24,13:00:00,0.9645,397.0,3.0,0.0076,327.7,B
June,24,13:30:00,0.9704,373.0,1.0,0.0027,339.44,B
June,24,14:00:00,0.944,412.0,1.0,0.0024,343.21,B
June,24,14:30:00,0.9934,453.0,0.0,0.0,344.69,B
June,24,15:00:00,0.9976,419.0,1.0,0.0024,318.04,B
June,24,15:30:00,1.0,443.0,1.0,0.0023,361.57,B
June,24,16:00:00,0.9888,448.0,1.0,0.0022,350.38,B
June,24,16:30:00,1.0,402.0,2.0,0.005,346.26,B
June,24,17:00:00,0.9946,373.0,0.0,0.0,350.2,B
June,24,17:30:00,0.997,334.0,0.0,0.0,366.62,B
June,24,18:00:00,0.9776,314.0,1.0,0.0032,368.48,B
June,24,18:30:00,0.9871,311.0,0.0,0.0,360.74,B
June,24,19:00:00,0.9894,282.0,0.0,0.0,332.96,B
June,24,19:30:00,0.9911,226.0,1.0,0.0044,341.72,B
June,24,20:00:00,0.9587,220.0,2.0,0.0091,368.41,B
June,24,20:30:00,0.9891,184.0,1.0,0.0054,324.81,B
June,24,21:00:00,0.972,143.0,0.0,0.0,322.8,B
June,24,21:30:00,0.9909,110.0,0.0,0.0,290.01,B
June,24,22:00:00,0.9752,121.0,0.0,0.0,310.37,B
June,24,22:30:00,1.0,95.0,0.0,0.0,321.85,B
June,24,23:00:00,0.9821,56.0,0.0,0.0,329.48,B
June,24,23:30:00,1.0,43.0,0.0,0.0,319.6,B
June,25,00:00:00,1.0,30.0,0.0,0.0,245.8,B
June,25,00:30:00,0.9231,26.0,0.0,0.0,210.58,B
June,25,01:00:00,1.0,9.0,0.0,0.0,279.44,B
June,25,01:30:00,1.0,6.0,0.0,0.0,213.83,B
June,25,02:00:00,1.0,3.0,0.0,0.0,338.0,B
June,25,02:30:00,1.0,4.0,0.0,0.0,500.25,B
June,25,03:00:00,1.0,3.0,0.0,0.0,225.0,B
June,25,03:30:00,1.0,3.0,0.0,0.0,272.33,B
June,25,04:00:00,1.0,2.0,0.0,0.0,215.5,B
June,25,04:30:00,1.0,2.0,0.0,0.0,206.0,B
June,25,05:30:00,1.0,2.0,0.0,0.0,216.5,B
June,25,06:00:00,1.0,6.0,0.0,0.0,153.67,B
June,25,06:30:00,1.0,4.0,0.0,0.0,235.75,B
June,25,07:00:00,0.9167,24.0,0.0,0.0,208.88,B
June,25,07:30:00,0.8,46.0,1.0,0.0217,317.36,B
June,25,08:00:00,0.9625,80.0,0.0,0.0,311.46,B
June,25,08:30:00,0.9756,124.0,1.0,0.0081,298.37,B
June,25,09:00:00,0.9091,198.0,0.0,0.0,298.86,B
June,25,09:30:00,0.9954,218.0,0.0,0.0,281.26,B
June,25,10:00:00,0.9929,283.0,1.0,0.0035,321.3,B
June,25,10:30:00,0.9964,277.0,0.0,0.0,320.21,B
June,25,11:00:00,0.9883,341.0,0.0,0.0,323.11,B
June,25,11:30:00,0.9686,354.0,4.0,0.0113,323.37,B
June,25,12:00:00,0.9757,370.0,0.0,0.0,343.83,B
June,25,12:30:00,0.9922,384.0,1.0,0.0026,332.89,B
June,25,13:00:00,0.8257,440.0,4.0,0.0091,311.98,B
June,25,13:30:00,0.9829,409.0,0.0,0.0,346.11,B
June,25,14:00:00,0.9801,453.0,1.0,0.0022,329.54,B
June,25,14:30:00,0.9707,480.0,2.0,0.0042,320.65,B
June,25,15:00:00,0.9687,415.0,0.0,0.0,330.79,B
June,25,15:30:00,0.9694,459.0,1.0,0.0022,343.79,B
June,25,16:00:00,0.9953,428.0,0.0,0.0,335.39,B
June,25,16:30:00,0.984,439.0,2.0,0.0046,350.62,B
June,25,17:00:00,0.9976,414.0,0.0,0.0,332.86,B
June,25,17:30:00,0.9783,415.0,1.0,0.0024,350.63,B
June,25,18:00:00,0.9605,385.0,5.0,0.013,330.23,B
June,25,18:30:00,0.8769,330.0,5.0,0.0152,354.35,B
June,25,19:00:00,0.9746,276.0,0.0,0.0,360.33,B
June,25,19:30:00,0.8759,295.0,5.0,0.0169,322.29,B
June,25,20:00:00,0.9576,238.0,2.0,0.0084,338.47,B
June,25,20:30:00,0.9706,204.0,0.0,0.0,348.48,B
June,25,21:00:00,0.8605,175.0,3.0,0.0171,323.18,B
June,25,21:30:00,0.9843,129.0,2.0,0.0155,344.5,B
June,25,22:00:00,0.9895,95.0,0.0,0.0,367.55,B
June,25,22:30:00,1.0,100.0,0.0,0.0,292.56,B
June,25,23:00:00,1.0,75.0,0.0,0.0,286.93,B
June,25,23:30:00,1.0,57.0,2.0,0.0351,328.53,B
June,26,00:00:00,1.0,35.0,0.0,0.0,279.71,B
June,26,00:30:00,1.0,23.0,0.0,0.0,269.43,B
June,26,01:00:00,1.0,10.0,0.0,0.0,420.3,B
June,26,01:30:00,1.0,3.0,0.0,0.0,275.33,B
June,26,02:00:00,1.0,4.0,0.0,0.0,558.0,B
June,26,02:30:00,1.0,4.0,0.0,0.0,437.5,B
June,26,03:00:00,1.0,1.0,0.0,0.0,467.0,B
June,26,03:30:00,1.0,7.0,0.0,0.0,252.29,B
June,26,04:00:00,1.0,2.0,0.0,0.0,294.5,B
June,26,04:30:00,1.0,0.0,0.0,0.0,294.5,B
June,26,05:00:00,1.0,4.0,0.0,0.0,429.75,B
June,26,05:30:00,1.0,2.0,0.0,0.0,163.5,B
June,26,06:00:00,1.0,3.0,0.0,0.0,186.0,B
June,26,06:30:00,1.0,3.0,1.0,0.3333,506.0,B
June,26,07:00:00,0.8889,18.0,0.0,0.0,250.39,B
June,26,07:30:00,0.9268,41.0,0.0,0.0,307.39,B
June,26,08:00:00,1.0,77.0,0.0,0.0,293.22,B
June,26,08:30:00,0.9913,115.0,0.0,0.0,281.24,B
June,26,09:00:00,1.0,170.0,0.0,0.0,294.83,B
June,26,09:30:00,0.9906,212.0,0.0,0.0,310.34,B
June,26,10:00:00,1.0,275.0,0.0,0.0,281.37,B
June,26,10:30:00,1.0,293.0,1.0,0.0034,312.31,B
June,26,11:00:00,1.0,313.0,0.0,0.0,338.53,B
June,26,11:30:00,0.9406,321.0,1.0,0.0031,313.14,B
June,26,12:00:00,0.967,364.0,0.0,0.0,331.57,B
June,26,12:30:00,0.9677,375.0,3.0,0.008,345.94,B
June,26,13:00:00,0.9784,371.0,1.0,0.0027,333.04,B
June,26,13:30:00,0.9477,364.0,1.0,0.0027,349.19,B
June,26,14:00:00,0.987,387.0,1.0,0.0026,334.59,B
June,26,14:30:00,1.0,401.0,7.0,0.0175,330.31,B
June,26,15:00:00,0.974,347.0,1.0,0.0029,340.6,B
June,26,15:30:00,0.9804,416.0,7.0,0.0168,332.65,B
June,26,16:00:00,0.9839,373.0,0.0,0.0,339.42,B
June,26,16:30:00,0.9734,414.0,1.0,0.0024,338.59,B
June,26,17:00:00,0.9972,352.0,0.0,0.0,324.8,B
June,26,17:30:00,0.9536,345.0,0.0,0.0,335.05,B
June,26,18:00:00,0.9036,333.0,1.0,0.003,336.74,B
June,26,18:30:00,0.697,308.0,11.0,0.0357,322.56,B
June,26,19:00:00,0.9634,275.0,2.0,0.0073,325.54,B
June,26,19:30:00,0.958,262.0,0.0,0.0,320.47,B
June,26,20:00:00,0.9812,213.0,0.0,0.0,349.68,B
June,26,20:30:00,0.9938,162.0,0.0,0.0,324.28,B
June,26,21:00:00,0.9862,145.0,0.0,0.0,334.15,B
June,26,21:30:00,0.9903,103.0,0.0,0.0,291.89,B
June,26,22:00:00,0.7273,131.0,10.0,0.0763,280.44,B
June,26,22:30:00,1.0,77.0,0.0,0.0,279.23,B
June,26,23:00:00,1.0,49.0,0.0,0.0,242.29,B
June,26,23:30:00,1.0,39.0,0.0,0.0,283.79,B
June,27,00:00:00,1.0,25.0,0.0,0.0,297.88,B
June,27,00:30:00,0.9333,15.0,0.0,0.0,331.53,B
June,27,01:00:00,1.0,5.0,0.0,0.0,287.8,B
June,27,01:30:00,1.0,3.0,0.0,0.0,131.0,B
June,27,02:30:00,1.0,3.0,0.0,0.0,455.67,B
June,27,03:00:00,1.0,4.0,0.0,0.0,122.0,B
June,27,03:30:00,1.0,3.0,0.0,0.0,801.0,B
June,27,04:00:00,1.0,1.0,0.0,0.0,587.0,B
June,27,04:30:00,0.3333,3.0,0.0,0.0,185.67,B
June,27,05:00:00,1.0,2.0,0.0,0.0,192.5,B
June,27,05:30:00,1.0,4.0,0.0,0.0,195.0,B
June,27,06:00:00,0.6667,3.0,0.0,0.0,173.67,B
June,27,06:30:00,0.0,6.0,5.0,0.8333,1500.0,B
June,27,07:00:00,0.913,23.0,0.0,0.0,225.13,B
June,27,07:30:00,0.8333,37.0,1.0,0.027,255.42,B
June,27,08:00:00,0.881,85.0,1.0,0.0118,264.87,B
June,27,08:30:00,0.9167,114.0,6.0,0.0526,296.18,B
June,27,09:00:00,0.9459,149.0,1.0,0.0067,258.06,B
June,27,09:30:00,0.8791,218.0,3.0,0.0138,318.43,B
June,27,10:00:00,0.9715,247.0,1.0,0.004,327.4,B
June,27,10:30:00,0.9502,261.0,0.0,0.0,323.75,B
June,27,11:00:00,0.8885,285.0,7.0,0.0246,319.81,B
June,27,11:30:00,0.5314,316.0,13.0,0.0411,338.08,B
June,27,12:00:00,0.9576,354.0,0.0,0.0,328.29,B
June,27,12:30:00,0.9173,376.0,1.0,0.0027,318.74,B
June,27,13:00:00,0.8319,360.0,3.0,0.0083,336.69,B
June,27,13:30:00,0.9041,373.0,8.0,0.0214,302.18,B
June,27,14:00:00,0.7729,443.0,7.0,0.0158,334.86,B
June,27,14:30:00,0.8582,423.0,7.0,0.0165,326.22,B
June,27,15:00:00,0.7173,426.0,5.0,0.0117,363.14,B
June,27,15:30:00,0.8326,453.0,5.0,0.011,348.86,B
June,27,16:00:00,0.9387,425.0,1.0,0.0024,326.58,B
June,27,16:30:00,0.8118,381.0,9.0,0.0236,356.14,B
June,27,17:00:00,0.7659,397.0,4.0,0.0101,355.05,B
June,27,17:30:00,0.988,336.0,2.0,0.006,367.26,B
June,27,18:00:00,0.8861,319.0,3.0,0.0094,334.33,B
June,27,18:30:00,1.0,289.0,0.0,0.0,323.94,B
June,27,19:00:00,0.9402,252.0,1.0,0.004,322.92,B
June,27,19:30:00,0.9751,201.0,0.0,0.0,298.58,B
June,27,20:00:00,0.9788,190.0,1.0,0.0053,284.85,B
June,27,20:30:00,1.0,166.0,2.0,0.012,326.4,B
June,27,21:00:00,0.9241,145.0,0.0,0.0,308.85,B
June,27,21:30:00,0.944,127.0,2.0,0.0157,280.45,B
June,27,22:00:00,0.9853,68.0,0.0,0.0,296.26,B
June,27,22:30:00,0.9877,81.0,0.0,0.0,294.53,B
June,27,23:00:00,0.9423,52.0,0.0,0.0,351.25,B
June,27,23:30:00,0.92,50.0,0.0,0.0,358.26,B
June,28,00:00:00,0.8636,47.0,3.0,0.0638,327.32,B
June,28,00:30:00,0.9048,21.0,0.0,0.0,317.33,B
June,28,01:00:00,0.8333,8.0,2.0,0.25,208.0,B
June,28,01:30:00,1.0,2.0,0.0,0.0,111.0,B
June,28,02:00:00,1.0,6.0,0.0,0.0,277.0,B
June,28,02:30:00,1.0,2.0,0.0,0.0,208.5,B
June,28,03:00:00,1.0,1.0,0.0,0.0,274.0,B
June,28,04:00:00,1.0,1.0,0.0,0.0,682.0,B
June,28,04:30:00,1.0,2.0,0.0,0.0,388.5,B
June,28,05:00:00,1.0,1.0,0.0,0.0,71.0,B
June,28,05:30:00,1.0,0.0,0.0,0.0,71.0,B
June,28,06:00:00,1.0,3.0,0.0,0.0,541.67,B
June,28,06:30:00,0.0,6.0,5.0,0.8333,151.0,B
June,28,07:00:00,0.75,8.0,0.0,0.0,270.5,B
June,28,07:30:00,1.0,15.0,0.0,0.0,323.13,B
June,28,08:00:00,1.0,30.0,1.0,0.0333,241.55,B
June,28,08:30:00,0.8621,30.0,1.0,0.0333,249.14,B
June,28,09:00:00,0.9375,96.0,0.0,0.0,279.8,B
June,28,09:30:00,0.8443,125.0,3.0,0.024,313.18,B
June,28,10:00:00,0.6173,168.0,6.0,0.0357,326.48,B
June,28,10:30:00,0.9683,190.0,1.0,0.0053,297.8,B
June,28,11:00:00,0.9865,222.0,0.0,0.0,301.8,B
June,28,11:30:00,0.7609,235.0,5.0,0.0213,301.91,B
June,28,12:00:00,0.5502,239.0,10.0,0.0418,314.77,B
June,28,12:30:00,0.852,279.0,2.0,0.0072,308.14,B
June,28,13:00:00,0.9929,283.0,2.0,0.0071,307.69,B
June,28,13:30:00,0.9636,303.0,1.0,0.0033,287.04,B
June,28,14:00:00,0.8742,313.0,3.0,0.0096,301.77,B
June,28,14:30:00,0.7042,323.0,12.0,0.0372,314.4,B
June,28,15:00:00,0.8597,279.0,1.0,0.0036,309.0,B
June,28,15:30:00,0.9829,294.0,1.0,0.0034,305.14,B
June,28,16:00:00,0.9675,280.0,3.0,0.0107,289.65,B
June,28,16:30:00,0.8527,261.0,3.0,0.0115,342.41,B
June,28,17:00:00,0.9922,258.0,0.0,0.0,330.17,B
June,28,17:30:00,0.9895,287.0,1.0,0.0035,305.3,B
June,28,18:00:00,0.6982,234.0,12.0,0.0513,330.99,B
June,28,18:30:00,0.6296,249.0,6.0,0.0241,324.86,B
June,28,19:00:00,0.5628,210.0,11.0,0.0524,296.41,B
June,28,19:30:00,0.5438,173.0,13.0,0.0751,306.75,B
June,28,20:00:00,0.5248,154.0,13.0,0.0844,326.06,B
June,28,20:30:00,0.8103,117.0,1.0,0.0085,305.34,B
June,28,21:00:00,0.8514,77.0,3.0,0.039,287.43,B
June,28,21:30:00,0.8375,81.0,1.0,0.0123,277.63,B
June,28,22:00:00,0.5231,74.0,9.0,0.1216,304.8,B
June,28,22:30:00,0.8868,54.0,1.0,0.0185,298.6,B
June,28,23:00:00,0.9697,34.0,1.0,0.0294,301.61,B
June,28,23:30:00,1.0,30.0,0.0,0.0,262.2,B
June,29,00:00:00,0.8519,28.0,1.0,0.0357,280.89,B
June,29,00:30:00,0.6667,19.0,1.0,0.0526,288.33,B
June,29,01:00:00,1.0,11.0,0.0,0.0,300.36,B
June,29,01:30:00,0.6667,7.0,1.0,0.1429,312.17,B
June,29,02:00:00,1.0,5.0,0.0,0.0,197.2,B
June,29,02:30:00,1.0,4.0,0.0,0.0,600.0,B
June,29,03:00:00,1.0,2.0,0.0,0.0,1500.0,B
June,29,03:30:00,1.0,1.0,0.0,0.0,160.0,B
June,29,05:00:00,1.0,2.0,0.0,0.0,542.5,B
June,29,05:30:00,1.0,2.0,0.0,0.0,286.0,B
June,29,06:00:00,1.0,6.0,0.0,0.0,256.17,B
June,29,06:30:00,1.0,7.0,0.0,0.0,431.0,B
June,29,07:00:00,1.0,5.0,0.0,0.0,374.6,B
June,29,07:30:00,1.0,7.0,0.0,0.0,304.71,B
June,29,08:00:00,1.0,15.0,0.0,0.0,218.53,B
June,29,08:30:00,1.0,18.0,0.0,0.0,262.78,B
June,29,09:00:00,1.0,50.0,1.0,0.02,276.82,B
June,29,09:30:00,1.0,72.0,0.0,0.0,270.67,B
June,29,10:00:00,0.9877,81.0,0.0,0.0,306.02,B
June,29,10:30:00,0.9674,93.0,1.0,0.0108,286.62,B
June,29,11:00:00,0.96,101.0,1.0,0.0099,318.02,B
June,29,11:30:00,0.819,106.0,1.0,0.0094,305.81,B
June,29,12:00:00,0.9915,117.0,0.0,0.0,280.56,B
June,29,12:30:00,0.964,143.0,4.0,0.028,291.06,B
June,29,13:00:00,0.8554,166.0,0.0,0.0,259.54,B
June,29,13:30:00,0.872,166.0,2.0,0.012,264.77,B
June,29,14:00:00,0.9337,186.0,5.0,0.0269,306.35,B
June,29,14:30:00,0.9299,157.0,0.0,0.0,271.29,B
June,29,15:00:00,0.9947,187.0,0.0,0.0,307.49,B
June,29,15:30:00,0.9903,206.0,0.0,0.0,310.97,B
June,29,16:00:00,1.0,184.0,0.0,0.0,279.77,B
June,29,16:30:00,1.0,187.0,0.0,0.0,252.45,B
June,29,17:00:00,0.988,167.0,0.0,0.0,299.8,B
June,29,17:30:00,0.9756,164.0,0.0,0.0,281.97,B
June,29,18:00:00,0.9756,125.0,2.0,0.016,303.28,B
June,29,18:30:00,0.9732,112.0,0.0,0.0,300.56,B
June,29,19:00:00,0.9748,120.0,1.0,0.0083,285.18,B
June,29,19:30:00,0.9565,115.0,0.0,0.0,298.96,B
June,29,20:00:00,1.0,97.0,0.0,0.0,281.37,B
June,29,20:30:00,1.0,83.0,0.0,0.0,236.54,B
June,29,21:00:00,1.0,63.0,1.0,0.0159,292.84,B
June,29,21:30:00,1.0,57.0,0.0,0.0,256.68,B
June,29,22:00:00,1.0,47.0,0.0,0.0,315.3,B
June,29,22:30:00,1.0,48.0,0.0,0.0,287.58,B
June,29,23:00:00,0.9796,49.0,0.0,0.0,272.29,B
June,29,23:30:00,1.0,18.0,0.0,0.0,266.78,B
June,30,00:00:00,1.0,13.0,0.0,0.0,386.31,B
June,30,00:30:00,1.0,9.0,0.0,0.0,223.33,B
June,30,01:00:00,1.0,5.0,0.0,0.0,176.6,B
June,30,01:30:00,1.0,5.0,0.0,0.0,331.0,B
June,30,02:00:00,1.0,1.0,0.0,0.0,104.0,B
June,30,02:30:00,1.0,5.0,0.0,0.0,302.2,B
June,30,03:00:00,1.0,1.0,0.0,0.0,138.0,B
June,30,04:00:00,1.0,1.0,0.0,0.0,134.0,B
June,30,04:30:00,1.0,2.0,0.0,0.0,232.5,B
June,30,05:00:00,1.0,1.0,0.0,0.0,525.0,B
June,30,05:30:00,1.0,10.0,0.0,0.0,469.4,B
June,30,06:00:00,1.0,3.0,0.0,0.0,189.67,B
June,30,06:30:00,0.1429,9.0,2.0,0.2222,323.14,B
June,30,07:00:00,0.963,27.0,0.0,0.0,280.44,B
June,30,07:30:00,0.8065,32.0,1.0,0.0313,267.16,B
June,30,08:00:00,1.0,57.0,1.0,0.0175,256.02,B
June,30,08:30:00,1.0,103.0,0.0,0.0,260.18,B
June,30,09:00:00,1.0,185.0,0.0,0.0,276.79,B
June,30,09:30:00,0.9251,228.0,1.0,0.0044,307.37,B
June,30,10:00:00,0.9779,275.0,3.0,0.0109,346.66,B
June,30,10:30:00,0.9119,332.0,3.0,0.009,330.33,B
June,30,11:00:00,0.8027,379.0,9.0,0.0237,337.2,B
June,30,11:30:00,0.7793,375.0,8.0,0.0213,317.91,B
June,30,12:00:00,0.7971,419.0,5.0,0.0119,322.45,B
June,30,12:30:00,0.4543,413.0,30.0,0.0726,341.26,B
June,30,13:00:00,0.6556,459.0,9.0,0.0196,321.09,B
June,30,13:30:00,0.5728,421.0,9.0,0.0214,354.34,B
June,30,14:00:00,0.6912,511.0,9.0,0.0176,327.16,B
June,30,14:30:00,0.6601,462.0,6.0,0.013,331.96,B
June,30,15:00:00,0.9554,452.0,4.0,0.0088,340.88,B
June,30,15:30:00,0.9646,484.0,4.0,0.0083,287.08,B
June,30,16:00:00,0.9156,489.0,3.0,0.0061,304.69,B
June,30,16:30:00,0.7895,470.0,14.0,0.0298,339.61,B
June,30,17:00:00,0.9351,468.0,6.0,0.0128,329.79,B
June,30,17:30:00,0.9478,405.0,3.0,0.0074,322.47,B
June,30,18:00:00,0.902,361.0,4.0,0.0111,325.71,B
June,30,18:30:00,0.7324,378.0,8.0,0.0212,312.39,B
June,30,19:00:00,0.8344,315.0,1.0,0.0032,346.85,B
June,30,19:30:00,0.9477,289.0,2.0,0.0069,298.54,B
June,30,20:00:00,0.6899,272.0,14.0,0.0515,333.47,B
June,30,20:30:00,0.7704,198.0,2.0,0.0101,334.19,B
June,30,21:00:00,0.9527,149.0,1.0,0.0067,334.04,B
June,30,21:30:00,0.7469,166.0,4.0,0.0241,371.09,B
June,30,22:00:00,0.9746,119.0,1.0,0.0084,284.19,B
June,30,22:30:00,0.9868,76.0,0.0,0.0,286.63,B
June,30,23:00:00,1.0,63.0,0.0,0.0,316.68,B
June,30,23:30:00,1.0,51.0,0.0,0.0,278.9,B
April,1,00:00:00,1.0,72.0,0.0,0.0,283.29,C
April,1,00:30:00,1.0,56.0,0.0,0.0,293.89,C
April,1,01:00:00,1.0,31.0,0.0,0.0,323.45,C
April,1,01:30:00,1.0,34.0,0.0,0.0,247.38,C
April,1,02:00:00,1.0,16.0,0.0,0.0,282.69,C
April,1,02:30:00,0.9286,14.0,0.0,0.0,293.57,C
April,1,03:00:00,1.0,11.0,0.0,0.0,198.64,C
April,1,03:30:00,1.0,13.0,0.0,0.0,272.77,C
April,1,04:00:00,1.0,8.0,0.0,0.0,467.38,C
April,1,04:30:00,1.0,12.0,0.0,0.0,122.75,C
April,1,05:00:00,1.0,17.0,0.0,0.0,283.53,C
April,1,05:30:00,1.0,20.0,0.0,0.0,275.85,C
April,1,06:00:00,1.0,34.0,0.0,0.0,301.59,C
April,1,06:30:00,1.0,34.0,0.0,0.0,224.47,C
April,1,07:00:00,0.9878,82.0,0.0,0.0,246.26,C
April,1,07:30:00,0.9609,128.0,0.0,0.0,280.62,C
April,1,08:00:00,0.991,223.0,0.0,0.0,287.82,C
April,1,08:30:00,0.9941,338.0,0.0,0.0,307.67,C
April,1,09:00:00,0.9648,569.0,1.0,0.0018,301.98,C
April,1,09:30:00,0.9945,726.0,2.0,0.0028,310.58,C
April,1,10:00:00,0.9914,813.0,2.0,0.0025,322.72,C
April,1,10:30:00,0.9693,915.0,4.0,0.0044,325.08,C
April,1,11:00:00,0.9615,939.0,4.0,0.0043,350.13,C
April,1,11:30:00,0.9538,1017.0,0.0,0.0,338.27,C
April,1,12:00:00,0.8962,1046.0,6.0,0.0057,338.82,C
April,1,12:30:00,0.9503,1070.0,3.0,0.0028,334.74,C
April,1,13:00:00,0.99,1101.0,1.0,0.0009,346.13,C
April,1,13:30:00,0.7764,1065.0,14.0,0.0131,323.85,C
April,1,14:00:00,0.9913,1144.0,0.0,0.0,338.26,C
April,1,14:30:00,0.9327,1151.0,7.0,0.0061,342.38,C
April,1,15:00:00,0.9818,1101.0,2.0,0.0018,335.53,C
April,1,15:30:00,0.9943,1054.0,2.0,0.0019,349.68,C
April,1,16:00:00,0.9881,1097.0,2.0,0.0018,358.12,C
April,1,16:30:00,0.9925,1069.0,1.0,0.0009,348.82,C
April,1,17:00:00,0.914,1049.0,2.0,0.0019,342.7,C
April,1,17:30:00,0.963,955.0,9.0,0.0094,355.31,C
April,1,18:00:00,0.9253,875.0,5.0,0.0057,353.11,C
April,1,18:30:00,0.9865,742.0,0.0,0.0,360.64,C
April,1,19:00:00,0.8454,732.0,14.0,0.0191,335.24,C
April,1,19:30:00,0.9661,619.0,0.0,0.0,337.65,C
April,1,20:00:00,0.9866,522.0,1.0,0.0019,351.62,C
April,1,20:30:00,0.9954,438.0,1.0,0.0023,325.31,C
April,1,21:00:00,1.0,396.0,1.0,0.0025,313.25,C
April,1,21:30:00,0.9969,325.0,0.0,0.0,360.79,C
April,1,22:00:00,0.7283,277.0,12.0,0.0433,333.05,C
April,1,22:30:00,0.7619,212.0,2.0,0.0094,338.09,C
April,1,23:00:00,1.0,153.0,0.0,0.0,357.27,C
April,1,23:30:00,1.0,109.0,0.0,0.0,314.5,C
April,2,00:00:00,1.0,81.0,0.0,0.0,298.96,C
April,2,00:30:00,1.0,67.0,0.0,0.0,291.91,C
April,2,01:00:00,1.0,50.0,0.0,0.0,304.42,C
April,2,01:30:00,1.0,31.0,0.0,0.0,398.48,C
April,2,02:00:00,0.8,17.0,2.0,0.1176,269.07,C
April,2,02:30:00,0.9412,17.0,0.0,0.0,384.65,C
April,2,03:00:00,1.0,11.0,1.0,0.0909,158.4,C
April,2,03:30:00,1.0,11.0,0.0,0.0,500.64,C
April,2,04:00:00,1.0,14.0,0.0,0.0,338.5,C
April,2,04:30:00,1.0,13.0,0.0,0.0,316.0,C
April,2,05:00:00,1.0,13.0,0.0,0.0,291.38,C
April,2,05:30:00,1.0,27.0,0.0,0.0,252.81,C
April,2,06:00:00,1.0,24.0,0.0,0.0,337.29,C
April,2,06:30:00,1.0,44.0,0.0,0.0,263.02,C
April,2,07:00:00,1.0,64.0,0.0,0.0,292.98,C
April,2,07:30:00,0.8615,131.0,1.0,0.0076,265.77,C
April,2,08:00:00,0.9956,226.0,0.0,0.0,288.84,C
April,2,08:30:00,0.9753,367.0,2.0,0.0054,284.42,C
April,2,09:00:00,0.9848,527.0,1.0,0.0019,327.67,C
April,2,09:30:00,0.9273,622.0,3.0,0.0048,302.43,C
April,2,10:00:00,0.9902,711.0,0.0,0.0,325.18,C
April,2,10:30:00,0.899,863.0,2.0,0.0023,334.19,C
April,2,11:00:00,0.9977,880.0,1.0,0.0011,314.32,C
April,2,11:30:00,0.9903,931.0,0.0,0.0,341.7,C
April,2,12:00:00,0.995,1000.0,1.0,0.001,343.43,C
April,2,12:30:00,0.8703,1016.0,14.0,0.0138,347.97,C
April,2,13:00:00,0.9742,1087.0,1.0,0.0009,340.35,C
April,2,13:30:00,0.9373,1060.0,8.0,0.0075,339.39,C
April,2,14:00:00,0.9778,1039.0,2.0,0.0019,340.94,C
April,2,14:30:00,0.999,998.0,1.0,0.001,340.29,C
April,2,15:00:00,0.999,983.0,2.0,0.002,349.96,C
April,2,15:30:00,0.9968,938.0,2.0,0.0021,356.18,C
April,2,16:00:00,0.999,975.0,1.0,0.001,346.35,C
April,2,16:30:00,0.9989,940.0,0.0,0.0,346.13,C
April,2,17:00:00,0.9989,897.0,3.0,0.0033,331.62,C
April,2,17:30:00,0.9963,819.0,0.0,0.0,336.6,C
April,2,18:00:00,0.989,727.0,1.0,0.0014,359.08,C
April,2,18:30:00,0.9955,670.0,1.0,0.0015,365.72,C
April,2,19:00:00,0.9951,614.0,0.0,0.0,346.79,C
April,2,19:30:00,0.9843,510.0,0.0,0.0,344.07,C
April,2,20:00:00,0.9929,425.0,1.0,0.0024,342.44,C
April,2,20:30:00,0.9947,382.0,2.0,0.0052,345.96,C
April,2,21:00:00,0.9942,343.0,0.0,0.0,346.53,C
April,2,21:30:00,0.9966,298.0,0.0,0.0,332.28,C
April,2,22:00:00,1.0,204.0,3.0,0.0147,335.82,C
April,2,22:30:00,1.0,172.0,4.0,0.0233,302.27,C
April,2,23:00:00,0.9917,124.0,4.0,0.0323,313.58,C
April,2,23:30:00,1.0,96.0,4.0,0.0417,302.68,C
April,3,00:00:00,1.0,65.0,0.0,0.0,321.58,C
April,3,00:30:00,1.0,56.0,1.0,0.0179,404.98,C
April,3,01:00:00,1.0,54.0,0.0,0.0,294.35,C
April,3,01:30:00,1.0,19.0,0.0,0.0,376.68,C
April,3,02:00:00,1.0,21.0,0.0,0.0,205.9,C
April,3,02:30:00,1.0,30.0,0.0,0.0,170.07,C
April,3,03:00:00,1.0,10.0,0.0,0.0,258.9,C
April,3,03:30:00,1.0,8.0,0.0,0.0,433.0,C
April,3,04:00:00,0.9412,17.0,0.0,0.0,237.24,C
April,3,04:30:00,1.0,10.0,0.0,0.0,268.5,C
April,3,05:00:00,1.0,21.0,0.0,0.0,234.1,C
April,3,05:30:00,1.0,21.0,1.0,0.0476,247.15,C
April,3,06:00:00,1.0,36.0,0.0,0.0,263.19,C
April,3,06:30:00,0.9778,46.0,1.0,0.0217,299.82,C
April,3,07:00:00,0.9877,81.0,0.0,0.0,239.98,C
April,3,07:30:00,1.0,146.0,1.0,0.0068,243.49,C
April,3,08:00:00,0.9962,261.0,0.0,0.0,256.9,C
April,3,08:30:00,0.9947,380.0,0.0,0.0,293.29,C
April,3,09:00:00,0.9963,539.0,1.0,0.0019,309.16,C
April,3,09:30:00,0.8829,713.0,13.0,0.0182,312.02,C
April,3,10:00:00,0.9256,834.0,1.0,0.0012,309.65,C
April,3,10:30:00,0.9647,855.0,4.0,0.0047,337.67,C
April,3,11:00:00,0.9828,992.0,2.0,0.002,313.13,C
April,3,11:30:00,0.9858,1057.0,0.0,0.0,317.25,C
April,3,12:00:00,0.999,1004.0,2.0,0.002,338.41,C
April,3,12:30:00,0.9758,998.0,7.0,0.007,334.34,C
April,3,13:00:00,0.9329,1015.0,2.0,0.002,352.28,C
April,3,13:30:00,0.968,1003.0,3.0,0.003,350.11,C
April,3,14:00:00,0.998,1023.0,1.0,0.001,344.59,C
April,3,14:30:00,0.996,996.0,4.0,0.004,346.89,C
April,3,15:00:00,0.999,1023.0,3.0,0.0029,332.17,C
April,3,15:30:00,0.9662,1065.0,1.0,0.0009,347.84,C
April,3,16:00:00,0.9968,941.0,2.0,0.0021,345.92,C
April,3,16:30:00,0.9925,932.0,0.0,0.0,370.43,C
April,3,17:00:00,1.0,893.0,0.0,0.0,341.28,C
April,3,17:30:00,0.9989,879.0,3.0,0.0034,353.61,C
April,3,18:00:00,0.9925,801.0,0.0,0.0,340.09,C
April,3,18:30:00,0.6376,726.0,50.0,0.0689,363.48,C
April,3,19:00:00,0.4206,686.0,37.0,0.0539,364.38,C
April,3,19:30:00,0.8275,606.0,9.0,0.0149,367.3,C
April,3,20:00:00,0.9701,504.0,3.0,0.006,358.77,C
April,3,20:30:00,0.988,416.0,1.0,0.0024,330.51,C
April,3,21:00:00,1.0,350.0,0.0,0.0,346.72,C
April,3,21:30:00,1.0,282.0,1.0,0.0035,311.37,C
April,3,22:00:00,0.9251,233.0,6.0,0.0258,324.63,C
April,3,22:30:00,0.9947,188.0,0.0,0.0,283.39,C
April,3,23:00:00,1.0,129.0,0.0,0.0,325.74,C
April,3,23:30:00,1.0,104.0,1.0,0.0096,326.71,C
April,4,00:00:00,1.0,77.0,0.0,0.0,363.03,C
April,4,00:30:00,1.0,58.0,1.0,0.0172,303.65,C
April,4,01:00:00,0.9804,52.0,1.0,0.0192,319.45,C
April,4,01:30:00,1.0,30.0,0.0,0.0,346.1,C
April,4,02:00:00,0.9167,24.0,0.0,0.0,304.04,C
April,4,02:30:00,0.9333,15.0,0.0,0.0,289.73,C
April,4,03:00:00,1.0,16.0,0.0,0.0,289.5,C
April,4,03:30:00,0.7,10.0,0.0,0.0,278.2,C
April,4,04:00:00,0.75,11.0,3.0,0.2727,345.75,C
April,4,04:30:00,0.9167,12.0,0.0,0.0,243.92,C
April,4,05:00:00,1.0,23.0,0.0,0.0,323.74,C
April,4,05:30:00,1.0,20.0,0.0,0.0,305.3,C
April,4,06:00:00,0.9778,45.0,0.0,0.0,267.38,C
April,4,06:30:00,0.9836,61.0,0.0,0.0,240.03,C
April,4,07:00:00,0.963,81.0,0.0,0.0,252.49,C
April,4,07:30:00,1.0,127.0,1.0,0.0079,230.85,C
April,4,08:00:00,0.9958,236.0,0.0,0.0,261.61,C
April,4,08:30:00,0.9973,367.0,1.0,0.0027,304.92,C
April,4,09:00:00,0.9909,548.0,1.0,0.0018,301.84,C
April,4,09:30:00,0.9852,678.0,3.0,0.0044,310.12,C
April,4,10:00:00,0.924,834.0,5.0,0.006,305.43,C
April,4,10:30:00,0.9567,930.0,7.0,0.0075,325.7,C
April,4,11:00:00,0.9065,927.0,7.0,0.0076,335.21,C
April,4,11:30:00,0.8883,990.0,5.0,0.0051,341.55,C
April,4,12:00:00,0.9899,990.0,2.0,0.002,334.53,C
April,4,12:30:00,0.9694,980.0,0.0,0.0,343.53,C
April,4,13:00:00,0.9584,939.0,2.0,0.0021,338.89,C
April,4,13:30:00,0.8707,1031.0,2.0,0.0019,354.86,C
April,4,14:00:00,0.9333,1060.0,11.0,0.0104,340.04,C
April,4,14:30:00,0.7186,1048.0,14.0,0.0134,352.02,C
April,4,15:00:00,0.9246,1068.0,7.0,0.0066,349.36,C
April,4,15:30:00,0.9911,1007.0,0.0,0.0,356.66,C
April,4,16:00:00,0.9979,970.0,2.0,0.0021,349.67,C
April,4,16:30:00,0.9989,898.0,2.0,0.0022,353.43,C
April,4,17:00:00,0.9932,882.0,2.0,0.0023,350.24,C
April,4,17:30:00,0.9861,792.0,2.0,0.0025,343.56,C
April,4,18:00:00,0.9928,695.0,0.0,0.0,349.48,C
April,4,18:30:00,0.9984,630.0,1.0,0.0016,341.08,C
April,4,19:00:00,0.9822,563.0,2.0,0.0036,352.54,C
April,4,19:30:00,0.9728,479.0,1.0,0.0021,353.83,C
April,4,20:00:00,0.9947,379.0,1.0,0.0026,336.62,C
April,4,20:30:00,0.9971,346.0,0.0,0.0,329.32,C
April,4,21:00:00,1.0,248.0,0.0,0.0,371.01,C
April,4,21:30:00,1.0,208.0,0.0,0.0,308.03,C
April,4,22:00:00,1.0,195.0,0.0,0.0,319.23,C
April,4,22:30:00,1.0,138.0,0.0,0.0,338.71,C
April,4,23:00:00,1.0,107.0,0.0,0.0,344.71,C
April,4,23:30:00,1.0,93.0,0.0,0.0,301.96,C
April,5,00:00:00,1.0,78.0,0.0,0.0,269.54,C
April,5,00:30:00,1.0,69.0,0.0,0.0,293.0,C
April,5,01:00:00,1.0,38.0,0.0,0.0,385.97,C
April,5,01:30:00,0.9706,36.0,2.0,0.0556,283.59,C
April,5,02:00:00,0.9545,22.0,0.0,0.0,368.82,C
April,5,02:30:00,1.0,12.0,0.0,0.0,309.67,C
April,5,03:00:00,1.0,15.0,5.0,0.3333,517.1,C
April,5,03:30:00,0.9167,12.0,0.0,0.0,409.42,C
April,5,04:00:00,1.0,7.0,0.0,0.0,573.86,C
April,5,04:30:00,0.9,10.0,0.0,0.0,364.8,C
April,5,05:00:00,1.0,14.0,0.0,0.0,722.86,C
April,5,05:30:00,1.0,12.0,0.0,0.0,267.08,C
April,5,06:00:00,1.0,11.0,0.0,0.0,189.73,C
April,5,06:30:00,1.0,46.0,0.0,0.0,365.87,C
April,5,07:00:00,1.0,41.0,0.0,0.0,365.87,C
April,5,07:30:00,0.9885,87.0,0.0,0.0,365.87,C
April,5,08:00:00,0.9796,148.0,1.0,0.0068,256.01,C
April,5,08:30:00,0.9957,235.0,0.0,0.0,307.25,C
April,5,09:00:00,1.0,316.0,0.0,0.0,327.07,C
April,5,09:30:00,1.0,357.0,0.0,0.0,332.31,C
April,5,10:00:00,0.9959,492.0,0.0,0.0,294.87,C
April,5,10:30:00,0.9914,582.0,3.0,0.0052,323.9,C
April,5,11:00:00,0.9968,617.0,0.0,0.0,318.27,C
April,5,11:30:00,1.0,640.0,0.0,0.0,313.43,C
April,5,12:00:00,0.9941,682.0,0.0,0.0,337.86,C
April,5,12:30:00,0.9911,677.0,1.0,0.0015,337.78,C
April,5,13:00:00,0.9798,645.0,0.0,0.0,346.52,C
April,5,13:30:00,0.9791,671.0,2.0,0.003,322.61,C
April,5,14:00:00,0.8535,672.0,10.0,0.0149,336.54,C
April,5,14:30:00,0.9223,671.0,2.0,0.003,337.32,C
April,5,15:00:00,0.9439,681.0,4.0,0.0059,368.15,C
April,5,15:30:00,0.9839,622.0,0.0,0.0,358.34,C
April,5,16:00:00,1.0,559.0,1.0,0.0018,355.25,C
April,5,16:30:00,0.9928,558.0,0.0,0.0,330.36,C
April,5,17:00:00,0.9982,546.0,1.0,0.0018,336.69,C
April,5,17:30:00,0.9922,511.0,1.0,0.002,351.98,C
April,5,18:00:00,0.978,500.0,1.0,0.002,337.03,C
April,5,18:30:00,0.9951,409.0,0.0,0.0,325.19,C
April,5,19:00:00,0.9535,410.0,1.0,0.0024,357.52,C
April,5,19:30:00,0.9937,318.0,0.0,0.0,338.04,C
April,5,20:00:00,1.0,301.0,0.0,0.0,332.35,C
April,5,20:30:00,0.9957,233.0,1.0,0.0043,314.65,C
April,5,21:00:00,1.0,197.0,1.0,0.0051,319.89,C
April,5,21:30:00,0.9879,165.0,0.0,0.0,345.07,C
April,5,22:00:00,0.994,167.0,0.0,0.0,341.35,C
April,5,22:30:00,1.0,117.0,0.0,0.0,362.03,C
April,5,23:00:00,1.0,101.0,0.0,0.0,299.09,C
April,5,23:30:00,1.0,91.0,0.0,0.0,300.89,C
April,6,00:00:00,1.0,75.0,0.0,0.0,300.03,C
April,6,00:30:00,1.0,47.0,0.0,0.0,336.11,C
April,6,01:00:00,1.0,35.0,0.0,0.0,290.4,C
April,6,01:30:00,1.0,21.0,0.0,0.0,233.57,C
April,6,02:00:00,0.7917,25.0,1.0,0.04,284.75,C
April,6,02:30:00,1.0,12.0,0.0,0.0,374.92,C
April,6,03:00:00,1.0,14.0,0.0,0.0,333.5,C
April,6,03:30:00,1.0,9.0,0.0,0.0,406.22,C
April,6,04:00:00,1.0,12.0,0.0,0.0,564.75,C
April,6,04:30:00,1.0,5.0,0.0,0.0,312.8,C
April,6,05:00:00,1.0,8.0,0.0,0.0,798.0,C
April,6,05:30:00,1.0,8.0,0.0,0.0,321.5,C
April,6,06:00:00,1.0,13.0,1.0,0.0769,192.58,C
April,6,06:30:00,0.9583,24.0,0.0,0.0,337.13,C
April,6,07:00:00,1.0,32.0,0.0,0.0,235.38,C
April,6,07:30:00,1.0,52.0,0.0,0.0,266.75,C
April,6,08:00:00,1.0,85.0,0.0,0.0,242.13,C
April,6,08:30:00,1.0,121.0,0.0,0.0,283.39,C
April,6,09:00:00,1.0,171.0,0.0,0.0,272.75,C
April,6,09:30:00,1.0,238.0,0.0,0.0,294.74,C
April,6,10:00:00,1.0,274.0,1.0,0.0036,273.23,C
April,6,10:30:00,1.0,339.0,1.0,0.0029,294.3,C
April,6,11:00:00,0.989,363.0,0.0,0.0,330.07,C
April,6,11:30:00,1.0,398.0,0.0,0.0,319.79,C
April,6,12:00:00,0.9953,428.0,1.0,0.0023,323.78,C
April,6,12:30:00,1.0,441.0,1.0,0.0023,314.45,C
April,6,13:00:00,1.0,444.0,2.0,0.0045,331.83,C
April,6,13:30:00,1.0,418.0,0.0,0.0,338.08,C
April,6,14:00:00,0.9956,460.0,1.0,0.0022,297.71,C
April,6,14:30:00,1.0,473.0,0.0,0.0,323.47,C
April,6,15:00:00,1.0,471.0,0.0,0.0,328.21,C
April,6,15:30:00,1.0,423.0,0.0,0.0,338.21,C
April,6,16:00:00,1.0,462.0,0.0,0.0,303.84,C
April,6,16:30:00,1.0,407.0,0.0,0.0,322.67,C
April,6,17:00:00,0.9973,377.0,2.0,0.0053,305.75,C
April,6,17:30:00,1.0,378.0,0.0,0.0,316.59,C
April,6,18:00:00,0.9891,366.0,0.0,0.0,337.44,C
April,6,18:30:00,0.9441,327.0,5.0,0.0153,324.93,C
April,6,19:00:00,0.9965,288.0,0.0,0.0,306.96,C
April,6,19:30:00,1.0,244.0,0.0,0.0,319.88,C
April,6,20:00:00,0.9958,242.0,2.0,0.0083,322.16,C
April,6,20:30:00,1.0,193.0,0.0,0.0,285.89,C
April,6,21:00:00,0.988,167.0,0.0,0.0,317.74,C
April,6,21:30:00,1.0,147.0,0.0,0.0,287.99,C
April,6,22:00:00,0.9933,149.0,0.0,0.0,286.95,C
April,6,22:30:00,0.9895,95.0,0.0,0.0,330.27,C
April,6,23:00:00,1.0,86.0,0.0,0.0,365.01,C
April,6,23:30:00,1.0,74.0,1.0,0.0135,301.44,C
April,7,00:00:00,1.0,52.0,2.0,0.0385,335.06,C
April,7,00:30:00,1.0,37.0,0.0,0.0,327.16,C
April,7,01:00:00,1.0,25.0,0.0,0.0,267.44,C
April,7,01:30:00,1.0,24.0,0.0,0.0,423.79,C
April,7,02:00:00,0.8667,15.0,0.0,0.0,272.33,C
April,7,02:30:00,0.7143,16.0,2.0,0.125,235.21,C
April,7,03:00:00,1.0,11.0,0.0,0.0,273.64,C
April,7,03:30:00,1.0,6.0,0.0,0.0,379.33,C
April,7,04:00:00,1.0,7.0,0.0,0.0,294.0,C
April,7,04:30:00,1.0,12.0,0.0,0.0,268.42,C
April,7,05:00:00,1.0,10.0,0.0,0.0,167.7,C
April,7,05:30:00,1.0,9.0,0.0,0.0,185.11,C
April,7,06:00:00,0.9333,15.0,0.0,0.0,317.27,C
April,7,06:30:00,1.0,30.0,0.0,0.0,265.8,C
April,7,07:00:00,1.0,61.0,0.0,0.0,309.07,C
April,7,07:30:00,1.0,117.0,0.0,0.0,272.64,C
April,7,08:00:00,1.0,202.0,0.0,0.0,285.73,C
April,7,08:30:00,0.9968,315.0,0.0,0.0,288.88,C
April,7,09:00:00,1.0,476.0,1.0,0.0021,291.92,C
April,7,09:30:00,0.9956,678.0,0.0,0.0,302.31,C
April,7,10:00:00,0.9882,854.0,3.0,0.0035,320.97,C
April,7,10:30:00,0.9723,940.0,1.0,0.0011,339.12,C
April,7,11:00:00,0.9936,945.0,2.0,0.0021,357.12,C
April,7,11:30:00,0.9822,1016.0,3.0,0.003,354.26,C
April,7,12:00:00,0.9816,1089.0,1.0,0.0009,344.26,C
April,7,12:30:00,0.9776,1165.0,2.0,0.0017,341.47,C
April,7,13:00:00,0.987,1156.0,4.0,0.0035,359.19,C
April,7,13:30:00,0.9913,1041.0,2.0,0.0019,357.29,C
April,7,14:00:00,0.9543,1165.0,6.0,0.0052,342.41,C
April,7,14:30:00,0.9884,1126.0,2.0,0.0018,344.5,C
April,7,15:00:00,0.9935,1078.0,1.0,0.0009,356.84,C
April,7,15:30:00,0.9944,1080.0,2.0,0.0019,357.69,C
April,7,16:00:00,0.9926,1076.0,0.0,0.0,350.22,C
April,7,16:30:00,0.9943,1059.0,1.0,0.0009,363.76,C
April,7,17:00:00,0.9949,980.0,2.0,0.002,341.07,C
April,7,17:30:00,0.9923,913.0,4.0,0.0044,351.66,C
April,7,18:00:00,0.9774,885.0,0.0,0.0,356.42,C
April,7,18:30:00,0.9786,748.0,2.0,0.0027,353.79,C
April,7,19:00:00,0.9856,628.0,1.0,0.0016,358.16,C
April,7,19:30:00,0.9607,588.0,3.0,0.0051,379.0,C
April,7,20:00:00,0.9881,504.0,1.0,0.002,368.14,C
April,7,20:30:00,0.9927,412.0,0.0,0.0,352.75,C
April,7,21:00:00,1.0,365.0,0.0,0.0,369.44,C
April,7,21:30:00,0.9962,265.0,1.0,0.0038,370.26,C
April,7,22:00:00,1.0,206.0,0.0,0.0,333.33,C
April,7,22:30:00,1.0,179.0,1.0,0.0056,346.9,C
April,7,23:00:00,0.9934,151.0,0.0,0.0,337.8,C
April,7,23:30:00,1.0,104.0,0.0,0.0,277.63,C
April,8,00:00:00,1.0,69.0,0.0,0.0,322.3,C
April,8,00:30:00,0.9792,48.0,0.0,0.0,326.21,C
April,8,01:00:00,1.0,42.0,0.0,0.0,338.71,C
April,8,01:30:00,1.0,27.0,1.0,0.037,305.12,C
April,8,02:00:00,0.963,29.0,2.0,0.069,261.7,C
April,8,02:30:00,1.0,17.0,0.0,0.0,206.53,C
April,8,03:00:00,1.0,12.0,0.0,0.0,289.0,C
April,8,03:30:00,1.0,11.0,0.0,0.0,264.82,C
April,8,04:00:00,1.0,11.0,1.0,0.0909,289.7,C
April,8,04:30:00,1.0,13.0,0.0,0.0,457.38,C
April,8,05:00:00,1.0,7.0,0.0,0.0,407.86,C
April,8,05:30:00,1.0,16.0,0.0,0.0,348.38,C
April,8,06:00:00,1.0,24.0,0.0,0.0,299.33,C
April,8,06:30:00,0.9737,39.0,1.0,0.0256,253.05,C
April,8,07:00:00,0.9839,62.0,0.0,0.0,298.44,C
April,8,07:30:00,1.0,106.0,0.0,0.0,254.08,C
April,8,08:00:00,0.9953,214.0,0.0,0.0,267.33,C
April,8,08:30:00,1.0,350.0,0.0,0.0,315.73,C
April,8,09:00:00,0.9978,460.0,0.0,0.0,313.41,C
April,8,09:30:00,0.9918,612.0,0.0,0.0,324.07,C
April,8,10:00:00,0.9623,857.0,8.0,0.0093,320.26,C
April,8,10:30:00,0.9765,895.0,1.0,0.0011,328.66,C
April,8,11:00:00,0.988,914.0,0.0,0.0,341.17,C
April,8,11:30:00,0.9918,978.0,1.0,0.001,328.32,C
April,8,12:00:00,0.995,1007.0,3.0,0.003,348.26,C
April,8,12:30:00,0.9929,984.0,2.0,0.002,337.83,C
April,8,13:00:00,1.0,1030.0,0.0,0.0,346.42,C
April,8,13:30:00,0.9937,955.0,1.0,0.001,355.5,C
April,8,14:00:00,0.9804,1071.0,1.0,0.0009,347.68,C
April,8,14:30:00,0.998,1016.0,1.0,0.001,352.06,C
April,8,15:00:00,0.9863,1022.0,1.0,0.001,371.48,C
April,8,15:30:00,0.9929,981.0,1.0,0.001,352.56,C
April,8,16:00:00,0.9884,953.0,2.0,0.0021,369.97,C
April,8,16:30:00,0.9989,881.0,1.0,0.0011,367.58,C
April,8,17:00:00,0.9922,902.0,1.0,0.0011,371.54,C
April,8,17:30:00,0.995,798.0,1.0,0.0013,363.76,C
April,8,18:00:00,0.9707,751.0,1.0,0.0013,366.9,C
April,8,18:30:00,0.9856,693.0,0.0,0.0,357.03,C
April,8,19:00:00,0.9934,608.0,2.0,0.0033,349.79,C
April,8,19:30:00,0.9938,485.0,2.0,0.0041,353.12,C
April,8,20:00:00,0.995,397.0,0.0,0.0,352.11,C
April,8,20:30:00,1.0,355.0,1.0,0.0028,349.4,C
April,8,21:00:00,0.9962,265.0,0.0,0.0,339.35,C
April,8,21:30:00,1.0,219.0,0.0,0.0,352.15,C
April,8,22:00:00,0.9954,219.0,0.0,0.0,355.63,C
April,8,22:30:00,1.0,148.0,0.0,0.0,325.78,C
April,8,23:00:00,1.0,120.0,0.0,0.0,282.53,C
April,8,23:30:00,1.0,100.0,0.0,0.0,320.63,C
April,9,00:00:00,1.0,77.0,5.0,0.0649,349.47,C
April,9,00:30:00,1.0,60.0,0.0,0.0,336.1,C
April,9,01:00:00,1.0,27.0,0.0,0.0,267.89,C
April,9,01:30:00,1.0,23.0,0.0,0.0,290.0,C
April,9,02:00:00,1.0,17.0,0.0,0.0,330.12,C
April,9,02:30:00,0.9375,16.0,0.0,0.0,340.25,C
April,9,03:00:00,1.0,9.0,0.0,0.0,242.22,C
April,9,03:30:00,1.0,11.0,0.0,0.0,363.91,C
April,9,04:00:00,1.0,9.0,0.0,0.0,344.56,C
April,9,04:30:00,1.0,13.0,0.0,0.0,324.15,C
April,9,05:00:00,1.0,12.0,0.0,0.0,188.42,C
April,9,05:30:00,1.0,24.0,0.0,0.0,310.0,C
April,9,06:00:00,1.0,28.0,0.0,0.0,231.0,C
April,9,06:30:00,1.0,35.0,0.0,0.0,244.77,C
April,9,07:00:00,1.0,70.0,0.0,0.0,246.63,C
April,9,07:30:00,1.0,110.0,0.0,0.0,268.31,C
April,9,08:00:00,1.0,228.0,0.0,0.0,270.36,C
April,9,08:30:00,1.0,321.0,1.0,0.0031,283.78,C
April,9,09:00:00,0.9946,554.0,0.0,0.0,297.28,C
April,9,09:30:00,0.9878,657.0,3.0,0.0046,301.33,C
April,9,10:00:00,0.9879,744.0,0.0,0.0,311.05,C
April,9,10:30:00,0.5449,890.0,22.0,0.0247,333.31,C
April,9,11:00:00,0.9431,898.0,2.0,0.0022,333.97,C
April,9,11:30:00,0.7205,904.0,24.0,0.0265,347.62,C
April,9,12:00:00,0.8126,1022.0,3.0,0.0029,347.84,C
April,9,12:30:00,0.9179,1008.0,9.0,0.0089,363.43,C
April,9,13:00:00,0.9316,982.0,2.0,0.002,352.5,C
April,9,13:30:00,0.9937,950.0,1.0,0.0011,337.87,C
April,9,14:00:00,0.9955,889.0,1.0,0.0011,345.1,C
April,9,14:30:00,0.9947,938.0,3.0,0.0032,349.01,C
April,9,15:00:00,0.9989,914.0,2.0,0.0022,357.71,C
April,9,15:30:00,0.8223,949.0,9.0,0.0095,345.24,C
April,9,16:00:00,0.9421,899.0,1.0,0.0011,351.22,C
April,9,16:30:00,0.9964,832.0,1.0,0.0012,336.09,C
April,9,17:00:00,0.8406,835.0,7.0,0.0084,339.68,C
April,9,17:30:00,0.9926,811.0,0.0,0.0,352.59,C
April,9,18:00:00,0.9859,711.0,0.0,0.0,352.32,C
April,9,18:30:00,1.0,569.0,0.0,0.0,364.69,C
April,9,19:00:00,0.9983,582.0,0.0,0.0,327.7,C
April,9,19:30:00,0.8606,469.0,10.0,0.0213,333.77,C
April,9,20:00:00,0.4362,489.0,19.0,0.0389,394.63,C
April,9,20:30:00,0.9923,389.0,1.0,0.0026,325.59,C
April,9,21:00:00,1.0,312.0,1.0,0.0032,365.49,C
April,9,21:30:00,1.0,312.0,1.0,0.0038,351.97,C
April,9,22:00:00,1.0,312.0,0.0,0.0,357.31,C
April,9,22:30:00,1.0,312.0,0.0,0.0,330.44,C
April,9,23:00:00,1.0,312.0,0.0,0.0,322.51,C
April,9,23:30:00,1.0,312.0,0.0,0.0,319.42,C
April,10,00:00:00,1.0,312.0,0.0,0.0,308.53,C
April,10,00:30:00,1.0,312.0,0.0,0.0,344.05,C
April,10,01:00:00,1.0,312.0,0.0,0.0,328.73,C
April,10,01:30:00,1.0,312.0,0.0,0.0,320.73,C
April,10,02:00:00,1.0,312.0,0.0,0.0,361.58,C
April,10,02:30:00,1.0,312.0,0.0,0.0,128.25,C
April,10,03:00:00,1.0,312.0,0.0,0.0,348.64,C
April,10,03:30:00,1.0,5.0,0.0,0.0,392.0,C
April,10,04:00:00,0.9,10.0,0.0,0.0,246.1,C
April,10,04:30:00,0.6667,6.0,0.0,0.0,240.83,C
April,10,05:00:00,1.0,6.0,0.0,0.0,384.17,C
April,10,05:30:00,0.9375,16.0,0.0,0.0,564.63,C
April,10,06:00:00,0.9167,24.0,0.0,0.0,365.0,C
April,10,06:30:00,0.973,37.0,0.0,0.0,348.16,C
April,10,07:00:00,1.0,58.0,0.0,0.0,239.4,C
April,10,07:30:00,0.989,92.0,1.0,0.0109,289.76,C
April,10,08:00:00,1.0,210.0,2.0,0.0095,299.14,C
April,10,08:30:00,0.9271,347.0,4.0,0.0115,307.23,C
April,10,09:00:00,0.9777,449.0,1.0,0.0022,313.63,C
April,10,09:30:00,0.9886,616.0,0.0,0.0,314.44,C
April,10,10:00:00,0.8866,728.0,5.0,0.0069,325.05,C
April,10,10:30:00,0.7597,864.0,11.0,0.0127,336.79,C
April,10,11:00:00,0.9275,899.0,3.0,0.0033,337.12,C
April,10,11:30:00,0.6645,919.0,16.0,0.0174,345.41,C
April,10,12:00:00,0.9382,925.0,2.0,0.0022,341.75,C
April,10,12:30:00,0.8922,931.0,3.0,0.0032,342.97,C
April,10,13:00:00,0.9841,883.0,2.0,0.0023,335.5,C
April,10,13:30:00,0.9554,922.0,2.0,0.0022,340.58,C
April,10,14:00:00,0.9602,936.0,6.0,0.0064,329.79,C
April,10,14:30:00,0.6116,990.0,9.0,0.0091,346.8,C
April,10,15:00:00,0.9862,873.0,3.0,0.0034,351.44,C
April,10,15:30:00,0.9381,939.0,2.0,0.0021,354.2,C
April,10,16:00:00,0.9499,923.0,5.0,0.0054,367.75,C
April,10,16:30:00,0.9931,873.0,4.0,0.0046,357.94,C
April,10,17:00:00,0.9838,864.0,1.0,0.0012,352.79,C
April,10,17:30:00,0.7932,770.0,6.0,0.0078,347.13,C
April,10,18:00:00,0.98,701.0,0.0,0.0,359.94,C
April,10,18:30:00,0.9954,651.0,1.0,0.0015,359.85,C
April,10,19:00:00,0.9982,545.0,1.0,0.0018,357.33,C
April,10,19:30:00,0.9826,520.0,3.0,0.0058,362.75,C
April,10,20:00:00,0.9927,411.0,0.0,0.0,361.71,C
April,10,20:30:00,0.9944,361.0,3.0,0.0083,333.51,C
April,10,21:00:00,0.9965,283.0,0.0,0.0,370.4,C
April,10,21:30:00,1.0,260.0,1.0,0.0038,384.27,C
April,10,22:00:00,0.9951,204.0,0.0,0.0,317.02,C
April,10,22:30:00,0.9595,148.0,0.0,0.0,293.82,C
April,10,23:00:00,0.9821,112.0,0.0,0.0,330.46,C
April,10,23:30:00,1.0,119.0,0.0,0.0,307.24,C
April,11,00:00:00,1.0,79.0,0.0,0.0,351.99,C
April,11,00:30:00,0.9783,48.0,2.0,0.0417,357.85,C
April,11,01:00:00,1.0,41.0,0.0,0.0,360.95,C
April,11,01:30:00,1.0,29.0,0.0,0.0,322.66,C
April,11,02:00:00,1.0,12.0,1.0,0.0833,300.45,C
April,11,02:30:00,1.0,16.0,0.0,0.0,127.31,C
April,11,03:00:00,0.8857,37.0,2.0,0.0541,108.57,C
April,11,03:30:00,1.0,56.0,0.0,0.0,58.23,C
April,11,04:00:00,1.0,22.0,0.0,0.0,65.91,C
April,11,04:30:00,1.0,31.0,0.0,0.0,69.84,C
April,11,05:00:00,1.0,16.0,1.0,0.0625,282.13,C
April,11,05:30:00,0.6364,22.0,0.0,0.0,413.82,C
April,11,06:00:00,0.9615,26.0,0.0,0.0,265.77,C
April,11,06:30:00,1.0,40.0,2.0,0.05,243.08,C
April,11,07:00:00,1.0,80.0,0.0,0.0,227.83,C
April,11,07:30:00,1.0,117.0,0.0,0.0,242.26,C
April,11,08:00:00,1.0,244.0,0.0,0.0,239.92,C
April,11,08:30:00,0.9916,356.0,0.0,0.0,275.74,C
April,11,09:00:00,0.9225,533.0,4.0,0.0075,294.59,C
April,11,09:30:00,0.9334,620.0,4.0,0.0065,288.28,C
April,11,10:00:00,0.9254,727.0,3.0,0.0041,312.53,C
April,11,10:30:00,0.859,877.0,12.0,0.0137,330.47,C
April,11,11:00:00,0.9634,825.0,5.0,0.0061,344.89,C
April,11,11:30:00,0.5164,948.0,36.0,0.038,335.38,C
April,11,12:00:00,0.3558,1102.0,107.0,0.0971,326.44,C
April,11,12:30:00,0.814,965.0,8.0,0.0083,344.6,C
April,11,13:00:00,0.9688,930.0,1.0,0.0011,331.17,C
April,11,13:30:00,0.9965,865.0,0.0,0.0,331.95,C
April,11,14:00:00,0.9899,893.0,0.0,0.0,348.54,C
April,11,14:30:00,0.9391,925.0,6.0,0.0065,339.5,C
April,11,15:00:00,0.9828,934.0,6.0,0.0064,360.09,C
April,11,15:30:00,0.9899,892.0,1.0,0.0011,349.41,C
April,11,16:00:00,0.9868,836.0,0.0,0.0,336.35,C
April,11,16:30:00,0.9765,860.0,8.0,0.0093,338.18,C
April,11,17:00:00,0.9727,808.0,1.0,0.0012,315.31,C
April,11,17:30:00,0.9331,736.0,4.0,0.0054,338.29,C
April,11,18:00:00,0.8024,683.0,5.0,0.0073,352.29,C
April,11,18:30:00,0.9215,640.0,3.0,0.0047,362.14,C
April,11,19:00:00,0.9381,538.0,5.0,0.0093,342.08,C
April,11,19:30:00,0.9345,475.0,2.0,0.0042,380.74,C
April,11,20:00:00,0.978,409.0,0.0,0.0,341.84,C
April,11,20:30:00,1.0,317.0,1.0,0.0032,372.05,C
April,11,21:00:00,0.9961,254.0,0.0,0.0,373.02,C
April,11,21:30:00,0.9954,218.0,1.0,0.0046,295.42,C
April,11,22:00:00,0.9858,212.0,1.0,0.0047,332.01,C
April,11,22:30:00,1.0,123.0,0.0,0.0,332.75,C
April,11,23:00:00,1.0,111.0,0.0,0.0,305.61,C
April,11,23:30:00,1.0,81.0,0.0,0.0,333.06,C
April,12,00:00:00,1.0,57.0,0.0,0.0,286.05,C
April,12,00:30:00,1.0,48.0,0.0,0.0,353.63,C
April,12,01:00:00,1.0,30.0,0.0,0.0,331.6,C
April,12,01:30:00,1.0,34.0,0.0,0.0,323.85,C
April,12,02:00:00,1.0,17.0,0.0,0.0,280.06,C
April,12,02:30:00,1.0,12.0,0.0,0.0,335.17,C
April,12,03:00:00,1.0,23.0,0.0,0.0,176.57,C
April,12,03:30:00,1.0,28.0,0.0,0.0,65.39,C
April,12,04:00:00,1.0,19.0,0.0,0.0,107.47,C
April,12,04:30:00,1.0,12.0,0.0,0.0,125.42,C
April,12,05:00:00,1.0,7.0,0.0,0.0,197.14,C
April,12,05:30:00,1.0,11.0,0.0,0.0,125.64,C
April,12,06:00:00,0.9,10.0,0.0,0.0,330.9,C
April,12,06:30:00,0.9565,23.0,0.0,0.0,212.83,C
April,12,07:00:00,0.98,50.0,0.0,0.0,242.22,C
April,12,07:30:00,1.0,92.0,0.0,0.0,237.38,C
April,12,08:00:00,1.0,154.0,0.0,0.0,265.9,C
April,12,08:30:00,1.0,226.0,0.0,0.0,270.9,C
April,12,09:00:00,1.0,328.0,0.0,0.0,305.06,C
April,12,09:30:00,0.9974,385.0,1.0,0.0026,279.42,C
April,12,10:00:00,0.9979,482.0,0.0,0.0,316.71,C
April,12,10:30:00,0.9467,585.0,3.0,0.0051,304.29,C
April,12,11:00:00,0.9461,612.0,0.0,0.0,323.56,C
April,12,11:30:00,0.9966,597.0,4.0,0.0067,342.13,C
April,12,12:00:00,0.9856,626.0,3.0,0.0048,320.96,C
April,12,12:30:00,0.9562,664.0,2.0,0.003,303.99,C
April,12,13:00:00,0.9107,573.0,2.0,0.0035,343.92,C
April,12,13:30:00,0.9795,586.0,0.0,0.0,339.79,C
April,12,14:00:00,0.9964,553.0,1.0,0.0018,329.97,C
April,12,14:30:00,0.9946,551.0,0.0,0.0,333.91,C
April,12,15:00:00,0.9983,580.0,0.0,0.0,331.73,C
April,12,15:30:00,1.0,553.0,2.0,0.0036,329.9,C
April,12,16:00:00,1.0,534.0,2.0,0.0037,341.47,C
April,12,16:30:00,1.0,523.0,1.0,0.0019,331.25,C
April,12,17:00:00,0.9979,478.0,0.0,0.0,340.82,C
April,12,17:30:00,0.9979,480.0,1.0,0.0021,313.29,C
April,12,18:00:00,0.9954,436.0,1.0,0.0023,330.5,C
April,12,18:30:00,0.8364,434.0,6.0,0.0138,345.16,C
April,12,19:00:00,0.9639,363.0,3.0,0.0083,338.83,C
April,12,19:30:00,0.8596,344.0,2.0,0.0058,305.58,C
April,12,20:00:00,0.9259,270.0,0.0,0.0,307.73,C
April,12,20:30:00,1.0,226.0,0.0,0.0,288.42,C
April,12,21:00:00,0.9886,175.0,0.0,0.0,333.55,C
April,12,21:30:00,1.0,147.0,1.0,0.0068,328.94,C
April,12,22:00:00,0.9868,152.0,0.0,0.0,304.64,C
April,12,22:30:00,1.0,130.0,0.0,0.0,337.98,C
April,12,23:00:00,1.0,83.0,0.0,0.0,298.96,C
April,12,23:30:00,1.0,75.0,0.0,0.0,306.17,C
April,13,00:00:00,1.0,52.0,0.0,0.0,248.02,C
April,13,00:30:00,1.0,42.0,0.0,0.0,297.5,C
April,13,01:00:00,1.0,36.0,1.0,0.0278,183.14,C
April,13,01:30:00,0.9444,18.0,0.0,0.0,300.5,C
April,13,02:00:00,1.0,21.0,0.0,0.0,148.19,C
April,13,02:30:00,0.9412,17.0,0.0,0.0,238.24,C
April,13,03:00:00,1.0,11.0,0.0,0.0,267.82,C
April,13,03:30:00,1.0,7.0,0.0,0.0,308.71,C
April,13,04:00:00,1.0,5.0,0.0,0.0,253.8,C
April,13,04:30:00,1.0,8.0,0.0,0.0,293.5,C
April,13,05:00:00,0.8333,6.0,0.0,0.0,260.33,C
April,13,05:30:00,0.1429,7.0,0.0,0.0,551.86,C
April,13,06:00:00,0.8571,14.0,0.0,0.0,260.86,C
April,13,06:30:00,1.0,21.0,0.0,0.0,252.76,C
April,13,07:00:00,1.0,27.0,0.0,0.0,237.33,C
April,13,07:00:00,1.0,27.0,1.0,0.0189,298.83,C
April,13,07:00:00,1.0,27.0,0.0,0.0,284.39,C
April,13,07:00:00,1.0,27.0,0.0,0.0,299.3,C
April,13,07:00:00,1.0,27.0,0.0,0.0,280.11,C
April,13,07:00:00,1.0,27.0,0.0,0.0,282.32,C
April,13,07:00:00,1.0,27.0,1.0,0.0036,288.6,C
April,13,07:00:00,1.0,27.0,0.0,0.0,300.37,C
April,13,07:00:00,1.0,27.0,1.0,0.0029,279.1,C
April,13,07:00:00,1.0,27.0,0.0,0.0,296.89,C
April,13,12:00:00,0.9814,377.0,1.0,0.0027,332.72,C
April,13,12:30:00,0.9794,388.0,0.0,0.0,298.43,C
April,13,13:00:00,0.9847,393.0,0.0,0.0,291.85,C
April,13,13:30:00,0.9929,423.0,1.0,0.0024,314.8,C
April,13,14:00:00,0.9856,416.0,0.0,0.0,340.26,C
April,13,14:30:00,0.99,400.0,1.0,0.0025,301.01,C
April,13,15:00:00,0.9869,383.0,0.0,0.0,337.11,C
April,13,15:30:00,1.0,378.0,0.0,0.0,311.92,C
April,13,16:00:00,1.0,420.0,0.0,0.0,295.06,C
April,13,16:30:00,1.0,398.0,0.0,0.0,331.22,C
April,13,17:00:00,0.9947,377.0,0.0,0.0,323.67,C
April,13,17:30:00,1.0,345.0,0.0,0.0,312.26,C
April,13,18:00:00,1.0,279.0,0.0,0.0,287.27,C
April,13,18:30:00,1.0,305.0,1.0,0.0033,291.18,C
April,13,19:00:00,1.0,246.0,0.0,0.0,310.1,C
April,13,19:30:00,0.9907,214.0,0.0,0.0,318.8,C
April,13,20:00:00,0.9953,215.0,0.0,0.0,319.85,C
April,13,20:30:00,0.9949,200.0,3.0,0.015,350.35,C
April,13,21:00:00,1.0,168.0,0.0,0.0,317.4,C
April,13,21:30:00,1.0,150.0,0.0,0.0,310.86,C
April,13,22:00:00,1.0,123.0,0.0,0.0,347.6,C
April,13,22:30:00,0.9913,115.0,0.0,0.0,321.23,C
April,13,23:00:00,1.0,85.0,0.0,0.0,326.81,C
April,13,23:30:00,1.0,75.0,0.0,0.0,312.15,C
April,14,00:00:00,1.0,53.0,0.0,0.0,340.49,C
April,14,00:30:00,1.0,38.0,0.0,0.0,282.26,C
April,14,01:00:00,1.0,23.0,0.0,0.0,348.78,C
April,14,01:30:00,1.0,18.0,0.0,0.0,301.94,C
April,14,02:00:00,1.0,11.0,1.0,0.0909,466.3,C
April,14,02:30:00,1.0,6.0,0.0,0.0,765.0,C
April,14,03:00:00,1.0,11.0,0.0,0.0,329.91,C
April,14,03:30:00,1.0,6.0,0.0,0.0,258.33,C
April,14,04:00:00,1.0,12.0,1.0,0.0833,209.27,C
April,14,04:30:00,0.8889,9.0,0.0,0.0,194.56,C
April,14,05:00:00,1.0,11.0,0.0,0.0,196.36,C
April,14,05:30:00,1.0,10.0,0.0,0.0,235.6,C
April,14,06:00:00,0.9524,21.0,0.0,0.0,163.76,C
April,14,06:30:00,0.92,25.0,0.0,0.0,325.4,C
April,14,07:00:00,1.0,63.0,0.0,0.0,190.35,C
April,14,07:30:00,1.0,102.0,0.0,0.0,252.68,C
April,14,08:00:00,0.9954,217.0,1.0,0.0046,278.9,C
April,14,08:30:00,0.9973,371.0,1.0,0.0027,285.51,C
April,14,09:00:00,0.9581,551.0,2.0,0.0036,306.62,C
April,14,09:30:00,0.9662,650.0,0.0,0.0,328.08,C
April,14,10:00:00,0.7764,853.0,21.0,0.0246,346.58,C
April,14,10:30:00,0.7549,947.0,21.0,0.0222,331.42,C
April,14,11:00:00,0.5655,1053.0,15.0,0.0142,350.37,C
April,14,11:30:00,0.9719,996.0,1.0,0.001,350.51,C
April,14,12:00:00,0.9598,1022.0,1.0,0.001,352.57,C
April,14,12:30:00,0.9568,1043.0,1.0,0.001,347.34,C
April,14,13:00:00,0.9902,1027.0,2.0,0.0019,349.31,C
April,14,13:30:00,0.99,1007.0,2.0,0.002,337.51,C
April,14,14:00:00,0.9873,1025.0,4.0,0.0039,351.09,C
April,14,14:30:00,0.9549,1023.0,3.0,0.0029,370.16,C
April,14,15:00:00,0.9904,1049.0,2.0,0.0019,352.33,C
April,14,15:30:00,0.9873,1022.0,0.0,0.0,355.66,C
April,14,16:00:00,0.9943,1048.0,2.0,0.0019,354.17,C
April,14,16:30:00,0.9914,1053.0,2.0,0.0019,356.33,C
April,14,17:00:00,0.6906,979.0,16.0,0.0163,351.74,C
April,14,17:30:00,0.6992,956.0,12.0,0.0126,354.99,C
April,14,18:00:00,0.6131,846.0,19.0,0.0225,366.46,C
April,14,18:30:00,0.9035,749.0,3.0,0.004,361.29,C
April,14,19:00:00,0.9707,683.0,0.0,0.0,364.18,C
April,14,19:30:00,0.933,569.0,2.0,0.0035,345.4,C
April,14,20:00:00,0.9179,553.0,5.0,0.009,378.29,C
April,14,20:30:00,0.8802,464.0,5.0,0.0108,351.84,C
April,14,21:00:00,0.9945,368.0,2.0,0.0054,347.77,C
April,14,21:30:00,0.9929,282.0,0.0,0.0,336.0,C
April,14,22:00:00,0.9685,224.0,2.0,0.0089,335.94,C
April,14,22:30:00,0.9888,179.0,0.0,0.0,319.08,C
April,14,23:00:00,1.0,140.0,0.0,0.0,335.36,C
April,14,23:30:00,0.9907,109.0,1.0,0.0092,353.85,C
April,15,00:00:00,1.0,76.0,2.0,0.0263,362.18,C
April,15,00:30:00,1.0,65.0,0.0,0.0,403.49,C
April,15,01:00:00,1.0,35.0,0.0,0.0,267.14,C
April,15,01:30:00,1.0,33.0,0.0,0.0,274.39,C
April,15,02:00:00,0.9091,11.0,0.0,0.0,242.91,C
April,15,02:30:00,1.0,26.0,0.0,0.0,182.38,C
April,15,03:00:00,1.0,11.0,0.0,0.0,158.36,C
April,15,03:30:00,1.0,14.0,0.0,0.0,480.21,C
April,15,04:00:00,1.0,9.0,0.0,0.0,215.89,C
April,15,04:30:00,1.0,7.0,0.0,0.0,267.57,C
April,15,05:00:00,1.0,25.0,0.0,0.0,282.84,C
April,15,05:30:00,0.9565,23.0,0.0,0.0,434.91,C
April,15,06:00:00,0.9412,18.0,1.0,0.0556,183.53,C
April,15,06:30:00,0.9778,48.0,3.0,0.0625,223.73,C
April,15,07:00:00,0.9896,97.0,1.0,0.0103,221.49,C
April,15,07:30:00,1.0,134.0,0.0,0.0,268.63,C
April,15,08:00:00,1.0,250.0,0.0,0.0,258.01,C
April,15,08:30:00,0.9947,378.0,0.0,0.0,315.98,C
April,15,09:00:00,0.9716,534.0,5.0,0.0094,314.88,C
April,15,09:30:00,0.8521,629.0,7.0,0.0111,321.31,C
April,15,10:00:00,0.7115,773.0,7.0,0.0091,316.58,C
April,15,10:30:00,0.9007,873.0,7.0,0.008,341.3,C
April,15,11:00:00,0.9879,908.0,0.0,0.0,344.72,C
April,15,11:30:00,0.9368,922.0,4.0,0.0043,352.53,C
April,15,12:00:00,0.9296,1004.0,9.0,0.009,340.59,C
April,15,12:30:00,0.749,1007.0,19.0,0.0189,364.56,C
April,15,13:00:00,0.8134,987.0,1.0,0.001,341.49,C
April,15,13:30:00,0.7845,1003.0,10.0,0.01,360.45,C
April,15,14:00:00,0.9938,963.0,3.0,0.0031,345.64,C
April,15,14:30:00,0.9412,1007.0,3.0,0.003,334.21,C
April,15,15:00:00,0.9877,979.0,4.0,0.0041,355.8,C
April,15,15:30:00,0.9845,968.0,2.0,0.0021,358.31,C
April,15,16:00:00,0.9872,936.0,2.0,0.0021,342.69,C
April,15,16:30:00,0.9791,961.0,5.0,0.0052,342.57,C
April,15,17:00:00,0.9951,816.0,0.0,0.0,356.0,C
April,15,17:30:00,0.9925,802.0,4.0,0.005,333.45,C
April,15,18:00:00,0.8997,756.0,8.0,0.0106,349.52,C
April,15,18:30:00,0.9354,669.0,3.0,0.0045,338.41,C
April,15,19:00:00,0.9725,582.0,0.0,0.0,329.64,C
April,15,19:30:00,0.8764,551.0,9.0,0.0163,331.41,C
April,15,20:00:00,0.8885,516.0,5.0,0.0097,386.5,C
April,15,20:30:00,0.9949,390.0,1.0,0.0026,344.44,C
April,15,21:00:00,0.9917,361.0,1.0,0.0028,316.24,C
April,15,21:30:00,0.9924,264.0,0.0,0.0,311.64,C
April,15,22:00:00,0.9788,236.0,0.0,0.0,307.19,C
April,15,22:30:00,0.9944,181.0,2.0,0.011,375.22,C
April,15,23:00:00,0.986,143.0,0.0,0.0,327.24,C
April,15,23:30:00,1.0,100.0,0.0,0.0,304.44,C
April,16,00:00:00,1.0,71.0,0.0,0.0,336.28,C
April,16,00:30:00,1.0,65.0,1.0,0.0154,305.41,C
April,16,01:00:00,1.0,27.0,0.0,0.0,382.26,C
April,16,01:30:00,1.0,25.0,0.0,0.0,334.24,C
April,16,02:00:00,0.9231,26.0,0.0,0.0,300.88,C
April,16,02:30:00,1.0,10.0,0.0,0.0,236.1,C
April,16,03:00:00,1.0,11.0,1.0,0.0909,392.7,C
April,16,03:30:00,1.0,8.0,0.0,0.0,274.25,C
April,16,04:00:00,1.0,7.0,0.0,0.0,193.86,C
April,16,04:30:00,1.0,12.0,0.0,0.0,246.25,C
April,16,05:00:00,1.0,15.0,0.0,0.0,383.87,C
April,16,05:30:00,1.0,16.0,0.0,0.0,330.19,C
April,16,06:00:00,0.9706,34.0,0.0,0.0,254.18,C
April,16,06:30:00,1.0,38.0,0.0,0.0,228.26,C
April,16,07:00:00,1.0,75.0,1.0,0.0133,234.03,C
April,16,07:30:00,0.9048,128.0,2.0,0.0156,286.38,C
April,16,08:00:00,0.9121,273.0,0.0,0.0,284.32,C
April,16,08:30:00,0.9787,378.0,2.0,0.0053,294.48,C
April,16,09:00:00,0.988,501.0,2.0,0.004,314.18,C
April,16,09:30:00,0.9868,684.0,1.0,0.0015,303.35,C
April,16,10:00:00,0.9921,761.0,1.0,0.0013,310.56,C
April,16,10:30:00,0.8807,905.0,8.0,0.0088,340.31,C
April,16,11:00:00,0.9893,934.0,0.0,0.0,331.94,C
April,16,11:30:00,0.987,921.0,1.0,0.0011,342.17,C
April,16,12:00:00,0.9809,944.0,4.0,0.0042,331.34,C
April,16,12:30:00,0.5895,1032.0,21.0,0.0203,360.03,C
April,16,13:00:00,0.9774,974.0,0.0,0.0,361.88,C
April,16,13:30:00,0.9745,980.0,1.0,0.001,342.27,C
April,16,14:00:00,0.9864,958.0,3.0,0.0031,345.85,C
April,16,14:30:00,0.9631,983.0,8.0,0.0081,343.85,C
April,16,15:00:00,0.9953,858.0,1.0,0.0012,343.38,C
April,16,15:30:00,0.9923,906.0,1.0,0.0011,379.75,C
April,16,16:00:00,0.9869,918.0,3.0,0.0033,352.62,C
April,16,16:30:00,0.8115,911.0,9.0,0.0099,360.19,C
April,16,17:00:00,0.5387,836.0,34.0,0.0407,347.79,C
April,16,17:30:00,0.7775,806.0,6.0,0.0074,351.83,C
April,16,18:00:00,0.9901,709.0,1.0,0.0014,360.17,C
April,16,18:30:00,0.9984,632.0,0.0,0.0,358.4,C
April,16,19:00:00,0.9811,583.0,2.0,0.0034,343.52,C
April,16,19:30:00,0.93,502.0,2.0,0.004,371.18,C
April,16,20:00:00,0.9847,458.0,0.0,0.0,347.49,C
April,16,20:30:00,1.0,409.0,2.0,0.0049,349.65,C
April,16,21:00:00,1.0,317.0,0.0,0.0,336.62,C
April,16,21:30:00,1.0,255.0,0.0,0.0,373.98,C
April,16,22:00:00,0.9954,217.0,0.0,0.0,362.39,C
April,16,22:30:00,1.0,178.0,0.0,0.0,348.7,C
April,16,23:00:00,1.0,103.0,0.0,0.0,309.38,C
April,16,23:30:00,1.0,87.0,1.0,0.0115,330.59,C
April,17,00:00:00,1.0,56.0,1.0,0.0179,309.24,C
April,17,00:30:00,1.0,53.0,0.0,0.0,264.17,C
April,17,01:00:00,1.0,43.0,0.0,0.0,268.91,C
April,17,01:30:00,0.96,25.0,0.0,0.0,373.0,C
April,17,02:00:00,0.9231,13.0,0.0,0.0,168.08,C
April,17,02:30:00,0.9091,12.0,1.0,0.0833,288.73,C
April,17,03:00:00,0.875,8.0,0.0,0.0,174.13,C
April,17,03:30:00,1.0,13.0,0.0,0.0,354.23,C
April,17,04:00:00,1.0,7.0,0.0,0.0,209.14,C
April,17,04:30:00,1.0,8.0,0.0,0.0,174.25,C
April,17,05:00:00,1.0,11.0,0.0,0.0,151.45,C
April,17,05:30:00,1.0,9.0,0.0,0.0,232.0,C
April,17,06:00:00,1.0,15.0,0.0,0.0,355.13,C
April,17,06:30:00,1.0,30.0,0.0,0.0,248.5,C
April,17,07:00:00,0.9868,77.0,1.0,0.013,280.8,C
April,17,07:30:00,0.9549,137.0,4.0,0.0292,277.55,C
April,17,08:00:00,0.9651,260.0,2.0,0.0077,297.05,C
April,17,08:30:00,0.9593,344.0,0.0,0.0,293.47,C
April,17,09:00:00,0.9981,531.0,0.0,0.0,316.3,C
April,17,09:30:00,0.9655,583.0,3.0,0.0051,326.47,C
April,17,10:00:00,0.9101,716.0,4.0,0.0056,343.69,C
April,17,10:30:00,0.758,819.0,9.0,0.011,338.16,C
April,17,11:00:00,0.9275,817.0,3.0,0.0037,348.73,C
April,17,11:30:00,0.5917,916.0,22.0,0.024,351.6,C
April,17,12:00:00,0.9453,878.0,1.0,0.0011,356.45,C
April,17,12:30:00,0.9814,862.0,1.0,0.0012,343.93,C
April,17,13:00:00,0.9941,852.0,2.0,0.0023,357.79,C
April,17,13:30:00,0.9792,917.0,3.0,0.0033,341.67,C
April,17,14:00:00,0.9528,856.0,8.0,0.0093,335.5,C
April,17,14:30:00,0.4994,922.0,27.0,0.0293,344.9,C
April,17,15:00:00,0.9781,868.0,1.0,0.0012,344.19,C
April,17,15:30:00,0.9945,919.0,4.0,0.0044,342.08,C
April,17,16:00:00,0.9811,1008.0,1.0,0.001,330.42,C
April,17,16:30:00,0.9932,885.0,1.0,0.0011,353.09,C
April,17,17:00:00,0.9976,820.0,0.0,0.0,335.05,C
April,17,17:30:00,0.8631,815.0,4.0,0.0049,357.4,C
April,17,18:00:00,0.9557,677.0,0.0,0.0,365.0,C
April,17,18:30:00,0.819,596.0,5.0,0.0084,372.82,C
April,17,19:00:00,0.9904,522.0,0.0,0.0,345.37,C
April,17,19:30:00,0.9075,461.0,7.0,0.0152,355.59,C
April,17,20:00:00,0.973,408.0,1.0,0.0025,340.69,C
April,17,20:30:00,0.9522,420.0,2.0,0.0048,344.21,C
April,17,21:00:00,0.9933,300.0,1.0,0.0033,369.43,C
April,17,21:30:00,1.0,237.0,0.0,0.0,329.7,C
April,17,22:00:00,1.0,182.0,1.0,0.0055,319.82,C
April,17,22:30:00,0.9855,138.0,0.0,0.0,338.75,C
April,17,23:00:00,1.0,100.0,0.0,0.0,320.08,C
April,17,23:30:00,1.0,86.0,1.0,0.0116,320.28,C
April,18,00:00:00,0.9853,68.0,0.0,0.0,363.4,C
April,18,00:30:00,1.0,49.0,0.0,0.0,272.06,C
April,18,01:00:00,1.0,43.0,1.0,0.0233,216.17,C
April,18,01:30:00,1.0,26.0,0.0,0.0,333.12,C
April,18,02:00:00,0.9615,26.0,0.0,0.0,260.65,C
April,18,02:30:00,1.0,20.0,0.0,0.0,273.85,C
April,18,03:00:00,1.0,9.0,0.0,0.0,322.33,C
April,18,03:30:00,1.0,15.0,0.0,0.0,357.53,C
April,18,04:00:00,0.9048,21.0,0.0,0.0,258.81,C
April,18,04:30:00,1.0,15.0,0.0,0.0,505.4,C
April,18,05:00:00,0.9375,16.0,0.0,0.0,294.5,C
April,18,05:30:00,1.0,10.0,0.0,0.0,291.7,C
April,18,06:00:00,1.0,23.0,0.0,0.0,262.04,C
April,18,06:30:00,0.9583,48.0,0.0,0.0,304.63,C
April,18,07:00:00,1.0,68.0,0.0,0.0,275.13,C
April,18,07:30:00,0.9915,118.0,0.0,0.0,329.08,C
April,18,08:00:00,1.0,206.0,0.0,0.0,278.09,C
April,18,08:30:00,0.9971,349.0,0.0,0.0,299.03,C
April,18,09:00:00,0.9939,490.0,0.0,0.0,291.32,C
April,18,09:30:00,0.9935,611.0,0.0,0.0,305.34,C
April,18,10:00:00,0.9914,701.0,2.0,0.0029,331.92,C
April,18,10:30:00,0.9986,730.0,2.0,0.0027,316.1,C
April,18,11:00:00,0.984,812.0,0.0,0.0,339.14,C
April,18,11:30:00,0.9738,841.0,2.0,0.0024,334.56,C
April,18,12:00:00,0.9903,829.0,4.0,0.0048,335.48,C
April,18,12:30:00,0.9976,843.0,3.0,0.0036,321.51,C
April,18,13:00:00,0.9751,802.0,0.0,0.0,340.42,C
April,18,13:30:00,0.8573,859.0,4.0,0.0047,349.79,C
April,18,14:00:00,0.9844,833.0,1.0,0.0012,333.11,C
April,18,14:30:00,0.9818,828.0,2.0,0.0024,347.0,C
April,18,15:00:00,0.9522,821.0,5.0,0.0061,345.7,C
April,18,15:30:00,0.6925,799.0,12.0,0.015,344.53,C
April,18,16:00:00,0.9827,812.0,2.0,0.0025,343.58,C
April,18,16:30:00,0.9553,761.0,1.0,0.0013,344.29,C
April,18,17:00:00,0.9717,742.0,1.0,0.0013,347.19,C
April,18,17:30:00,0.9852,678.0,2.0,0.0029,351.12,C
April,18,18:00:00,1.0,586.0,0.0,0.0,337.07,C
April,18,18:30:00,1.0,543.0,3.0,0.0055,366.95,C
April,18,19:00:00,1.0,474.0,0.0,0.0,336.21,C
April,18,19:30:00,0.9974,389.0,0.0,0.0,333.99,C
April,18,20:00:00,0.7464,352.0,5.0,0.0142,335.22,C
April,18,20:30:00,0.807,286.0,1.0,0.0035,367.46,C
April,18,21:00:00,0.9961,255.0,0.0,0.0,339.49,C
April,18,21:30:00,1.0,205.0,0.0,0.0,375.77,C
April,18,22:00:00,1.0,166.0,0.0,0.0,303.83,C
April,18,22:30:00,1.0,140.0,0.0,0.0,311.96,C
April,18,23:00:00,1.0,104.0,0.0,0.0,341.3,C
April,18,23:30:00,0.9881,86.0,2.0,0.0233,280.57,C
April,19,00:00:00,1.0,65.0,0.0,0.0,313.37,C
April,19,00:30:00,1.0,49.0,0.0,0.0,289.65,C
April,19,01:00:00,1.0,45.0,1.0,0.0222,332.3,C
April,19,01:30:00,1.0,36.0,2.0,0.0556,345.21,C
April,19,02:00:00,0.9524,21.0,0.0,0.0,291.76,C
April,19,02:30:00,1.0,12.0,0.0,0.0,403.75,C
April,19,03:00:00,1.0,10.0,0.0,0.0,209.3,C
April,19,03:30:00,1.0,17.0,0.0,0.0,259.41,C
April,19,04:00:00,1.0,8.0,0.0,0.0,534.13,C
April,19,04:30:00,1.0,9.0,0.0,0.0,267.56,C
April,19,05:00:00,1.0,9.0,0.0,0.0,638.11,C
April,19,05:30:00,1.0,10.0,0.0,0.0,368.6,C
April,19,06:00:00,0.9565,23.0,0.0,0.0,244.61,C
April,19,06:30:00,1.0,35.0,1.0,0.0286,245.18,C
April,19,07:00:00,0.9796,49.0,0.0,0.0,264.43,C
April,19,07:30:00,0.9706,72.0,4.0,0.0556,298.06,C
April,19,08:00:00,0.9275,138.0,0.0,0.0,269.47,C
April,19,08:30:00,1.0,231.0,0.0,0.0,304.82,C
April,19,09:00:00,0.9966,299.0,1.0,0.0033,288.35,C
April,19,09:30:00,1.0,385.0,1.0,0.0026,301.2,C
April,19,10:00:00,0.9912,457.0,2.0,0.0044,297.96,C
April,19,10:30:00,1.0,502.0,0.0,0.0,324.49,C
April,19,11:00:00,0.9983,583.0,2.0,0.0034,319.91,C
April,19,11:30:00,0.9952,620.0,0.0,0.0,341.64,C
April,19,12:00:00,0.992,626.0,4.0,0.0064,301.34,C
April,19,12:30:00,0.9842,632.0,1.0,0.0016,330.16,C
April,19,13:00:00,0.9935,615.0,0.0,0.0,329.72,C
April,19,13:30:00,0.9559,613.0,1.0,0.0016,319.08,C
April,19,14:00:00,0.9828,580.0,0.0,0.0,321.51,C
April,19,14:30:00,0.9983,603.0,0.0,0.0,318.93,C
April,19,15:00:00,0.9601,552.0,0.0,0.0,325.81,C
April,19,15:30:00,1.0,544.0,0.0,0.0,315.87,C
April,19,16:00:00,0.9963,535.0,1.0,0.0019,329.84,C
April,19,16:30:00,0.9979,488.0,1.0,0.002,330.4,C
April,19,17:00:00,0.9767,475.0,3.0,0.0063,322.4,C
April,19,17:30:00,0.9978,459.0,1.0,0.0022,323.96,C
April,19,18:00:00,1.0,389.0,2.0,0.0051,320.97,C
April,19,18:30:00,0.8571,407.0,8.0,0.0197,338.92,C
April,19,19:00:00,0.9281,336.0,2.0,0.006,331.01,C
April,19,19:30:00,0.9747,277.0,0.0,0.0,319.99,C
April,19,20:00:00,0.8471,244.0,2.0,0.0082,361.42,C
April,19,20:30:00,0.9757,207.0,1.0,0.0048,333.57,C
April,19,21:00:00,1.0,174.0,1.0,0.0057,339.04,C
April,19,21:30:00,0.9935,154.0,0.0,0.0,308.93,C
April,19,22:00:00,0.9929,140.0,0.0,0.0,323.14,C
April,19,22:30:00,1.0,103.0,3.0,0.0291,311.43,C
April,19,23:00:00,0.987,77.0,0.0,0.0,290.97,C
April,19,23:30:00,1.0,63.0,0.0,0.0,283.24,C
April,20,00:00:00,1.0,50.0,1.0,0.02,305.04,C
April,20,00:30:00,1.0,39.0,1.0,0.0256,310.29,C
April,20,01:00:00,1.0,27.0,0.0,0.0,323.52,C
April,20,01:30:00,1.0,21.0,0.0,0.0,435.86,C
April,20,02:00:00,1.0,14.0,0.0,0.0,205.0,C
April,20,02:30:00,1.0,7.0,0.0,0.0,411.14,C
April,20,03:00:00,1.0,7.0,0.0,0.0,327.57,C
April,20,03:30:00,1.0,9.0,0.0,0.0,367.44,C
April,20,04:00:00,1.0,7.0,0.0,0.0,405.0,C
April,20,04:30:00,1.0,5.0,0.0,0.0,211.4,C
April,20,05:00:00,1.0,5.0,0.0,0.0,297.4,C
April,20,05:30:00,1.0,4.0,0.0,0.0,192.0,C
April,20,06:00:00,1.0,12.0,0.0,0.0,265.08,C
April,20,06:30:00,1.0,21.0,0.0,0.0,206.33,C
April,20,07:00:00,1.0,31.0,0.0,0.0,262.0,C
April,20,07:30:00,1.0,45.0,0.0,0.0,284.76,C
April,20,08:00:00,1.0,58.0,0.0,0.0,252.38,C
April,20,08:30:00,1.0,86.0,0.0,0.0,327.22,C
April,20,09:00:00,0.9804,102.0,0.0,0.0,313.35,C
April,20,09:30:00,0.9848,102.0,0.0,0.0,250.81,C
April,20,10:00:00,1.0,102.0,0.0,0.0,270.64,C
April,20,10:30:00,1.0,102.0,0.0,0.0,278.61,C
April,20,11:00:00,0.9744,102.0,1.0,0.0051,288.36,C
April,20,11:30:00,0.9949,102.0,0.0,0.0,289.99,C
April,20,12:00:00,1.0,102.0,2.0,0.009,298.33,C
April,20,12:30:00,0.9847,102.0,0.0,0.0,292.0,C
April,20,13:00:00,1.0,102.0,1.0,0.0046,309.74,C
April,20,13:30:00,0.9942,172.0,1.0,0.0058,320.57,C
April,20,14:00:00,0.9854,207.0,1.0,0.0048,307.38,C
April,20,14:30:00,1.0,181.0,0.0,0.0,278.79,C
April,20,15:00:00,1.0,171.0,0.0,0.0,298.74,C
April,20,15:30:00,0.995,201.0,0.0,0.0,325.61,C
April,20,16:00:00,1.0,189.0,0.0,0.0,305.27,C
April,20,16:30:00,0.9947,187.0,0.0,0.0,315.88,C
April,20,17:00:00,1.0,165.0,0.0,0.0,307.4,C
April,20,17:30:00,1.0,163.0,0.0,0.0,321.64,C
April,20,18:00:00,0.9759,166.0,0.0,0.0,280.74,C
April,20,18:30:00,0.9947,187.0,0.0,0.0,287.55,C
April,20,19:00:00,1.0,168.0,1.0,0.006,311.99,C
April,20,19:30:00,0.9797,148.0,0.0,0.0,329.17,C
April,20,20:00:00,0.947,134.0,2.0,0.0149,240.14,C
April,20,20:30:00,0.9167,151.0,7.0,0.0464,329.28,C
April,20,21:00:00,0.9417,121.0,1.0,0.0083,330.61,C
April,20,21:30:00,0.9479,100.0,4.0,0.04,334.96,C
April,20,22:00:00,0.9355,126.0,2.0,0.0159,306.98,C
April,20,22:30:00,0.9583,100.0,4.0,0.04,284.77,C
April,20,23:00:00,0.9333,106.0,1.0,0.0094,273.35,C
April,20,23:30:00,0.9571,72.0,2.0,0.0278,364.51,C
April,21,00:00:00,1.0,53.0,0.0,0.0,326.19,C
April,21,00:30:00,1.0,31.0,0.0,0.0,278.45,C
April,21,01:00:00,1.0,22.0,0.0,0.0,338.91,C
April,21,01:30:00,1.0,19.0,0.0,0.0,308.95,C
April,21,02:00:00,0.5385,15.0,2.0,0.1333,281.62,C
April,21,02:30:00,0.3077,17.0,4.0,0.2353,399.15,C
April,21,03:00:00,0.8,10.0,0.0,0.0,235.5,C
April,21,03:30:00,1.0,6.0,0.0,0.0,211.67,C
April,21,04:00:00,1.0,5.0,0.0,0.0,436.2,C
April,21,04:30:00,1.0,6.0,0.0,0.0,556.17,C
April,21,05:00:00,1.0,13.0,0.0,0.0,204.38,C
April,21,05:30:00,1.0,8.0,0.0,0.0,242.0,C
April,21,06:00:00,0.95,20.0,0.0,0.0,391.75,C
April,21,06:30:00,1.0,26.0,0.0,0.0,303.58,C
April,21,07:00:00,0.9792,48.0,0.0,0.0,267.04,C
April,21,07:30:00,1.0,114.0,0.0,0.0,247.18,C
April,21,08:00:00,1.0,229.0,0.0,0.0,293.48,C
April,21,08:30:00,1.0,339.0,2.0,0.0059,304.76,C
April,21,09:00:00,0.9927,547.0,0.0,0.0,291.77,C
April,21,09:30:00,0.9848,660.0,4.0,0.0061,333.3,C
April,21,10:00:00,0.9778,765.0,0.0,0.0,339.39,C
April,21,10:30:00,0.9497,964.0,10.0,0.0104,337.78,C
April,21,11:00:00,0.8939,983.0,3.0,0.0031,329.16,C
April,21,11:30:00,0.8468,1038.0,13.0,0.0125,341.44,C
April,21,12:00:00,0.8521,1105.0,3.0,0.0027,343.05,C
April,21,12:30:00,0.9896,1065.0,3.0,0.0028,357.18,C
April,21,13:00:00,0.9839,1057.0,1.0,0.0009,348.09,C
April,21,13:30:00,0.6499,945.0,68.0,0.072,385.12,C
April,21,14:00:00,0.2448,1060.0,104.0,0.0981,378.01,C
April,21,14:30:00,0.2769,1065.0,202.0,0.1897,381.91,C
April,21,15:00:00,0.2333,1137.0,117.0,0.1029,363.66,C
April,21,15:30:00,0.3818,1093.0,27.0,0.0247,359.29,C
April,21,16:00:00,0.9209,1104.0,4.0,0.0036,375.02,C
April,21,16:30:00,0.9962,1048.0,0.0,0.0,367.61,C
April,21,17:00:00,0.9929,984.0,1.0,0.001,384.62,C
April,21,17:30:00,0.9966,892.0,1.0,0.0011,355.08,C
April,21,18:00:00,0.9426,805.0,4.0,0.005,356.04,C
April,21,18:30:00,0.9629,730.0,2.0,0.0027,382.45,C
April,21,19:00:00,0.9783,696.0,4.0,0.0057,357.33,C
April,21,19:30:00,0.9194,611.0,3.0,0.0049,367.96,C
April,21,20:00:00,0.9773,530.0,2.0,0.0038,357.03,C
April,21,20:30:00,1.0,428.0,0.0,0.0,355.55,C
April,21,21:00:00,1.0,369.0,0.0,0.0,346.89,C
April,21,21:30:00,1.0,310.0,1.0,0.0032,334.34,C
April,21,22:00:00,1.0,218.0,0.0,0.0,329.33,C
April,21,22:30:00,0.9941,170.0,0.0,0.0,318.52,C
April,21,23:00:00,1.0,139.0,1.0,0.0072,365.33,C
April,21,23:30:00,0.9895,95.0,0.0,0.0,385.73,C
April,22,00:00:00,0.9857,70.0,0.0,0.0,348.16,C
April,22,00:30:00,1.0,57.0,0.0,0.0,307.79,C
April,22,01:00:00,1.0,40.0,0.0,0.0,382.48,C
April,22,01:30:00,1.0,27.0,0.0,0.0,329.22,C
April,22,02:00:00,0.9545,22.0,0.0,0.0,284.91,C
April,22,02:30:00,1.0,25.0,1.0,0.04,148.21,C
April,22,03:00:00,1.0,15.0,0.0,0.0,275.13,C
April,22,03:30:00,0.9091,11.0,0.0,0.0,256.45,C
April,22,04:00:00,0.9,10.0,0.0,0.0,308.0,C
April,22,04:30:00,1.0,14.0,0.0,0.0,255.21,C
April,22,05:00:00,1.0,12.0,0.0,0.0,284.5,C
April,22,05:30:00,1.0,17.0,0.0,0.0,196.88,C
April,22,06:00:00,1.0,25.0,0.0,0.0,293.64,C
April,22,06:30:00,1.0,36.0,0.0,0.0,218.11,C
April,22,07:00:00,0.9848,66.0,0.0,0.0,300.06,C
April,22,07:30:00,1.0,123.0,0.0,0.0,264.68,C
April,22,08:00:00,1.0,274.0,0.0,0.0,310.73,C
April,22,08:30:00,0.995,398.0,1.0,0.0025,300.3,C
April,22,09:00:00,0.9887,532.0,0.0,0.0,310.12,C
April,22,09:30:00,0.9827,697.0,2.0,0.0029,308.32,C
April,22,10:00:00,0.9485,762.0,4.0,0.0052,327.95,C
April,22,10:30:00,0.6606,846.0,27.0,0.0319,360.3,C
April,22,11:00:00,0.2785,942.0,30.0,0.0318,348.71,C
April,22,11:30:00,0.7181,991.0,12.0,0.0121,361.6,C
April,22,12:00:00,0.9249,933.0,14.0,0.015,368.19,C
April,22,12:30:00,0.8017,997.0,49.0,0.0491,352.8,C
April,22,13:00:00,0.9028,900.0,5.0,0.0056,361.3,C
April,22,13:30:00,0.7731,900.0,14.0,0.0156,362.9,C
April,22,14:00:00,0.7888,950.0,3.0,0.0032,359.46,C
April,22,14:30:00,0.8316,978.0,10.0,0.0102,355.65,C
April,22,15:00:00,0.9874,952.0,2.0,0.0021,347.34,C
April,22,15:30:00,0.9918,976.0,4.0,0.0041,349.29,C
April,22,16:00:00,0.9928,977.0,1.0,0.001,351.77,C
April,22,16:30:00,0.9887,971.0,0.0,0.0,348.44,C
April,22,17:00:00,0.6381,864.0,35.0,0.0405,387.75,C
April,22,17:30:00,0.6254,877.0,20.0,0.0228,377.53,C
April,22,18:00:00,0.8663,787.0,9.0,0.0114,349.96,C
April,22,18:30:00,0.8657,694.0,9.0,0.013,345.47,C
April,22,19:00:00,0.9567,601.0,1.0,0.0017,355.8,C
April,22,19:30:00,0.9649,484.0,0.0,0.0,384.1,C
April,22,20:00:00,0.9203,467.0,3.0,0.0064,338.03,C
April,22,20:30:00,0.9887,443.0,1.0,0.0023,345.42,C
April,22,21:00:00,0.9754,325.0,0.0,0.0,372.8,C
April,22,21:30:00,1.0,283.0,0.0,0.0,336.75,C
April,22,22:00:00,0.9912,229.0,1.0,0.0044,338.89,C
April,22,22:30:00,0.9935,154.0,1.0,0.0065,305.67,C
April,22,23:00:00,1.0,138.0,0.0,0.0,344.63,C
April,22,23:30:00,1.0,82.0,0.0,0.0,331.35,C
April,23,00:00:00,1.0,69.0,0.0,0.0,373.01,C
April,23,00:30:00,1.0,40.0,0.0,0.0,327.7,C
April,23,01:00:00,0.9444,36.0,0.0,0.0,333.81,C
April,23,01:30:00,0.9583,24.0,0.0,0.0,263.54,C
April,23,02:00:00,0.9375,16.0,0.0,0.0,213.69,C
April,23,02:30:00,1.0,12.0,0.0,0.0,226.17,C
April,23,03:00:00,1.0,9.0,0.0,0.0,259.0,C
April,23,03:30:00,1.0,13.0,0.0,0.0,302.62,C
April,23,04:00:00,1.0,13.0,0.0,0.0,401.38,C
April,23,04:30:00,1.0,10.0,1.0,0.1,514.56,C
April,23,05:00:00,1.0,22.0,0.0,0.0,241.41,C
April,23,05:30:00,1.0,39.0,0.0,0.0,226.64,C
April,23,06:00:00,1.0,35.0,0.0,0.0,207.14,C
April,23,06:30:00,0.9667,62.0,2.0,0.0323,230.5,C
April,23,07:00:00,0.9579,97.0,2.0,0.0206,327.16,C
April,23,07:30:00,0.9945,182.0,0.0,0.0,283.58,C
April,23,08:00:00,0.8346,262.0,2.0,0.0076,313.83,C
April,23,08:30:00,0.8763,391.0,3.0,0.0077,316.73,C
April,23,09:00:00,0.9556,542.0,2.0,0.0037,331.45,C
April,23,09:30:00,0.9527,662.0,6.0,0.0091,335.3,C
April,23,10:00:00,0.9289,734.0,3.0,0.0041,313.18,C
April,23,10:30:00,0.9561,898.0,9.0,0.01,321.34,C
April,23,11:00:00,0.9711,865.0,0.0,0.0,340.61,C
April,23,11:30:00,0.9553,894.0,0.0,0.0,341.74,C
April,23,12:00:00,0.9108,927.0,8.0,0.0086,355.55,C
April,23,12:30:00,0.8274,1006.0,15.0,0.0149,349.72,C
April,23,13:00:00,0.6129,906.0,25.0,0.0276,351.22,C
April,23,13:30:00,0.5375,955.0,34.0,0.0356,353.25,C
April,23,14:00:00,0.6138,909.0,13.0,0.0143,348.96,C
April,23,14:30:00,0.6708,914.0,30.0,0.0328,371.32,C
April,23,15:00:00,0.9572,938.0,4.0,0.0043,374.84,C
April,23,15:30:00,0.9478,963.0,5.0,0.0052,355.79,C
April,23,16:00:00,0.9525,906.0,1.0,0.0011,365.5,C
April,23,16:30:00,0.9643,813.0,1.0,0.0012,350.23,C
April,23,17:00:00,0.956,842.0,2.0,0.0024,355.48,C
April,23,17:30:00,0.9822,732.0,2.0,0.0027,336.47,C
April,23,18:00:00,0.9822,677.0,1.0,0.0015,336.26,C
April,23,18:30:00,0.9953,638.0,3.0,0.0047,353.3,C
April,23,19:00:00,0.983,589.0,1.0,0.0017,344.82,C
April,23,19:30:00,0.9752,484.0,0.0,0.0,322.37,C
April,23,20:00:00,0.7205,400.0,10.0,0.025,362.81,C
April,23,20:30:00,0.7981,324.0,7.0,0.0216,345.68,C
April,23,21:00:00,0.9599,300.0,1.0,0.0033,337.35,C
April,23,21:30:00,0.9118,206.0,2.0,0.0097,347.61,C
April,23,22:00:00,0.9,203.0,3.0,0.0148,320.53,C
April,23,22:30:00,0.9533,150.0,0.0,0.0,305.31,C
April,23,23:00:00,0.9854,138.0,1.0,0.0072,339.72,C
April,23,23:30:00,0.987,77.0,0.0,0.0,348.42,C
April,24,00:00:00,1.0,50.0,0.0,0.0,440.08,C
April,24,00:30:00,0.9722,36.0,0.0,0.0,294.06,C
April,24,01:00:00,1.0,24.0,0.0,0.0,347.21,C
April,24,01:30:00,1.0,25.0,1.0,0.04,267.13,C
April,24,02:00:00,0.8571,7.0,0.0,0.0,184.71,C
April,24,02:30:00,1.0,1.0,0.0,0.0,754.0,C
April,24,03:00:00,1.0,6.0,0.0,0.0,316.5,C
April,24,03:30:00,1.0,11.0,0.0,0.0,368.18,C
April,24,04:00:00,0.8,11.0,1.0,0.0909,383.6,C
April,24,04:30:00,0.5833,13.0,1.0,0.0769,329.08,C
April,24,05:00:00,1.0,14.0,0.0,0.0,262.43,C
April,24,05:30:00,1.0,33.0,0.0,0.0,306.3,C
April,24,06:00:00,0.9706,34.0,0.0,0.0,305.47,C
April,24,06:30:00,0.9211,77.0,1.0,0.013,236.39,C
April,24,07:00:00,0.9717,106.0,0.0,0.0,241.5,C
April,24,07:30:00,0.9871,158.0,3.0,0.019,267.68,C
April,24,08:00:00,0.9326,282.0,0.0,0.0,299.77,C
April,24,08:30:00,0.951,412.0,4.0,0.0097,320.3,C
April,24,09:00:00,0.9352,464.0,1.0,0.0022,335.95,C
April,24,09:30:00,0.8717,608.0,8.0,0.0132,337.39,C
April,24,10:00:00,0.735,759.0,8.0,0.0105,339.57,C
April,24,10:30:00,0.6267,810.0,9.0,0.0111,346.73,C
April,24,11:00:00,0.6276,872.0,18.0,0.0206,351.94,C
April,24,11:30:00,0.5125,880.0,37.0,0.042,363.36,C
April,24,12:00:00,0.4919,830.0,23.0,0.0277,357.17,C
April,24,12:30:00,0.5073,914.0,29.0,0.0317,357.39,C
April,24,13:00:00,0.7161,877.0,14.0,0.016,354.65,C
April,24,13:30:00,0.9001,889.0,8.0,0.009,362.11,C
April,24,14:00:00,0.8975,929.0,2.0,0.0022,350.38,C
April,24,14:30:00,0.9524,905.0,1.0,0.0011,338.86,C
April,24,15:00:00,0.9699,899.0,1.0,0.0011,352.72,C
April,24,15:30:00,0.9923,909.0,2.0,0.0022,341.23,C
April,24,16:00:00,0.9977,863.0,4.0,0.0046,354.46,C
April,24,16:30:00,0.9811,793.0,1.0,0.0013,364.53,C
April,24,17:00:00,0.9699,799.0,2.0,0.0025,341.37,C
April,24,17:30:00,0.9803,764.0,3.0,0.0039,345.64,C
April,24,18:00:00,0.927,676.0,5.0,0.0074,361.68,C
April,24,18:30:00,0.8588,592.0,4.0,0.0068,362.59,C
April,24,19:00:00,0.8524,485.0,4.0,0.0082,372.52,C
April,24,19:30:00,0.9468,434.0,2.0,0.0046,361.93,C
April,24,20:00:00,0.9331,361.0,2.0,0.0055,351.55,C
April,24,20:30:00,0.9895,288.0,2.0,0.0069,337.3,C
April,24,21:00:00,0.9866,298.0,0.0,0.0,306.54,C
April,24,21:30:00,1.0,205.0,0.0,0.0,350.3,C
April,24,22:00:00,0.9937,159.0,1.0,0.0063,313.99,C
April,24,22:30:00,0.9714,105.0,0.0,0.0,308.67,C
April,24,23:00:00,1.0,93.0,2.0,0.0215,365.07,C
April,24,23:30:00,0.9818,55.0,0.0,0.0,310.05,C
April,25,00:00:00,1.0,40.0,0.0,0.0,394.43,C
April,25,00:30:00,1.0,7.0,0.0,0.0,200.43,C
April,25,01:00:00,0.4815,34.0,7.0,0.2059,310.22,C
April,25,01:30:00,0.2222,22.0,4.0,0.1818,400.94,C
April,25,02:00:00,0.5263,21.0,2.0,0.0952,319.84,C
April,25,02:30:00,0.5263,17.0,0.0,0.0952,319.84,C
April,25,03:00:00,0.5263,11.0,0.0,0.0952,319.84,C
April,25,03:30:00,0.5263,17.0,0.0,0.0952,319.84,C
April,25,04:00:00,0.5263,6.0,0.0,0.0952,319.84,C
April,25,04:30:00,0.5263,8.0,0.0,0.0952,319.84,C
April,25,05:00:00,0.5263,9.0,0.0,0.0952,319.84,C
April,25,05:30:00,0.5263,16.0,0.0,0.0952,319.84,C
April,25,06:00:00,0.5263,32.0,0.0,0.0952,319.84,C
April,25,06:30:00,0.9767,43.0,0.0,0.0,225.63,C
April,25,07:00:00,0.9885,87.0,0.0,0.0,268.2,C
April,25,07:30:00,1.0,143.0,1.0,0.007,249.96,C
April,25,08:00:00,0.9665,240.0,1.0,0.0042,298.33,C
April,25,08:30:00,0.9681,345.0,0.0,0.0,307.42,C
April,25,09:00:00,0.9764,510.0,1.0,0.002,325.57,C
April,25,09:30:00,0.9558,639.0,6.0,0.0094,298.59,C
April,25,10:00:00,0.5416,698.0,37.0,0.053,346.17,C
April,25,10:30:00,0.3071,791.0,55.0,0.0695,366.76,C
April,25,11:00:00,0.9367,825.0,4.0,0.0048,347.13,C
April,25,11:30:00,0.8219,904.0,11.0,0.0122,358.75,C
April,25,12:00:00,0.9142,937.0,5.0,0.0053,337.98,C
April,25,12:30:00,0.7098,868.0,34.0,0.0392,374.44,C
April,25,13:00:00,0.4261,911.0,31.0,0.034,350.31,C
April,25,13:30:00,0.3023,965.0,42.0,0.0435,356.09,C
April,25,14:00:00,0.6916,953.0,16.0,0.0168,349.52,C
April,25,14:30:00,0.8202,974.0,6.0,0.0062,342.42,C
April,25,15:00:00,0.9565,900.0,4.0,0.0044,341.75,C
April,25,15:30:00,0.708,924.0,20.0,0.0216,354.5,C
April,25,16:00:00,0.9508,897.0,2.0,0.0022,360.56,C
April,25,16:30:00,0.9951,820.0,2.0,0.0024,359.58,C
April,25,17:00:00,0.5819,859.0,17.0,0.0198,350.56,C
April,25,17:30:00,0.9396,700.0,5.0,0.0071,356.88,C
April,25,18:00:00,0.8635,678.0,4.0,0.0059,346.93,C
April,25,18:30:00,0.9948,578.0,0.0,0.0,323.65,C
April,25,19:00:00,0.9307,510.0,5.0,0.0098,342.69,C
April,25,19:30:00,0.9787,472.0,3.0,0.0064,350.64,C
April,25,20:00:00,0.9918,375.0,7.0,0.0187,330.4,C
April,25,20:30:00,0.9901,304.0,0.0,0.0,332.97,C
April,25,21:00:00,1.0,293.0,0.0,0.0,339.48,C
April,25,21:30:00,1.0,221.0,0.0,0.0,310.11,C
April,25,22:00:00,0.9831,177.0,0.0,0.0,335.45,C
April,25,22:30:00,1.0,141.0,1.0,0.0071,340.14,C
April,25,23:00:00,1.0,107.0,0.0,0.0,293.46,C
April,25,23:30:00,0.9877,81.0,0.0,0.0,334.98,C
April,26,00:00:00,1.0,65.0,0.0,0.0,317.15,C
April,26,00:30:00,0.9722,36.0,0.0,0.0,311.5,C
April,26,01:00:00,1.0,31.0,0.0,0.0,348.97,C
April,26,01:30:00,1.0,32.0,1.0,0.0313,292.94,C
April,26,02:00:00,0.9524,23.0,2.0,0.087,300.05,C
April,26,02:30:00,1.0,12.0,0.0,0.0,209.67,C
April,26,03:00:00,1.0,8.0,0.0,0.0,304.13,C
April,26,03:30:00,1.0,5.0,0.0,0.0,375.0,C
April,26,04:00:00,1.0,10.0,0.0,0.0,294.7,C
April,26,04:30:00,1.0,10.0,0.0,0.0,327.8,C
April,26,05:00:00,1.0,12.0,0.0,0.0,284.75,C
April,26,05:30:00,1.0,12.0,0.0,0.0,319.17,C
April,26,06:00:00,1.0,16.0,0.0,0.0,235.38,C
April,26,06:30:00,1.0,31.0,0.0,0.0,291.55,C
April,26,07:00:00,1.0,54.0,0.0,0.0,310.31,C
April,26,07:30:00,0.977,88.0,1.0,0.0114,266.32,C
April,26,08:00:00,0.9811,160.0,1.0,0.0063,279.47,C
April,26,08:30:00,0.9036,199.0,2.0,0.0101,293.27,C
April,26,09:00:00,0.9837,306.0,0.0,0.0,285.6,C
April,26,09:30:00,0.8754,332.0,3.0,0.009,320.63,C
April,26,10:00:00,0.9514,475.0,2.0,0.0042,313.04,C
April,26,10:30:00,0.586,563.0,22.0,0.0391,323.74,C
April,26,11:00:00,0.9019,586.0,5.0,0.0085,337.78,C
April,26,11:30:00,0.9287,580.0,5.0,0.0086,326.56,C
April,26,12:00:00,0.9235,621.0,7.0,0.0113,330.0,C
April,26,12:30:00,0.69,579.0,8.0,0.0138,350.53,C
April,26,13:00:00,0.9123,571.0,12.0,0.021,333.29,C
April,26,13:30:00,0.9251,656.0,2.0,0.003,335.0,C
April,26,14:00:00,0.9633,604.0,5.0,0.0083,362.95,C
April,26,14:30:00,0.9966,595.0,1.0,0.0017,319.65,C
April,26,15:00:00,1.0,541.0,0.0,0.0,329.24,C
April,26,15:30:00,1.0,496.0,0.0,0.0,333.32,C
April,26,16:00:00,1.0,504.0,0.0,0.0,322.63,C
April,26,16:30:00,0.998,492.0,0.0,0.0,347.53,C
April,26,17:00:00,1.0,413.0,1.0,0.0024,352.56,C
April,26,17:30:00,1.0,400.0,0.0,0.0,333.26,C
April,26,18:00:00,0.9931,432.0,0.0,0.0,315.79,C
April,26,18:30:00,0.9976,422.0,0.0,0.0,327.16,C
April,26,19:00:00,0.9917,360.0,0.0,0.0,337.52,C
April,26,19:30:00,0.5184,343.0,17.0,0.0496,333.84,C
April,26,20:00:00,0.7853,317.0,5.0,0.0158,338.89,C
April,26,20:30:00,0.83,250.0,3.0,0.012,308.18,C
April,26,21:00:00,0.9757,207.0,1.0,0.0048,346.3,C
April,26,21:30:00,0.9346,155.0,2.0,0.0129,323.13,C
April,26,22:00:00,0.9914,116.0,0.0,0.0,286.51,C
April,26,22:30:00,1.0,98.0,0.0,0.0,300.65,C
April,26,23:00:00,1.0,86.0,0.0,0.0,317.73,C
April,26,23:30:00,1.0,69.0,1.0,0.0145,296.82,C
April,27,00:00:00,1.0,43.0,1.0,0.0233,294.88,C
April,27,00:30:00,1.0,30.0,0.0,0.0,331.67,C
April,27,01:00:00,1.0,21.0,0.0,0.0,262.43,C
April,27,01:30:00,1.0,15.0,0.0,0.0,284.4,C
April,27,02:00:00,0.9412,17.0,0.0,0.0,364.82,C
April,27,02:30:00,1.0,6.0,0.0,0.0,286.83,C
April,27,03:00:00,1.0,7.0,0.0,0.0,300.86,C
April,27,03:30:00,1.0,5.0,0.0,0.0,327.0,C
April,27,04:00:00,1.0,10.0,0.0,0.0,484.3,C
April,27,04:30:00,1.0,10.0,0.0,0.0,400.3,C
April,27,05:00:00,1.0,10.0,0.0,0.0,356.4,C
April,27,05:30:00,1.0,13.0,0.0,0.0,189.85,C
April,27,06:00:00,1.0,11.0,0.0,0.0,180.18,C
April,27,06:30:00,1.0,16.0,0.0,0.0,220.94,C
April,27,07:00:00,1.0,26.0,0.0,0.0,277.77,C
April,27,07:30:00,1.0,48.0,0.0,0.0,267.96,C
April,27,08:00:00,0.982,111.0,0.0,0.0,282.13,C
April,27,08:30:00,1.0,115.0,1.0,0.0087,302.99,C
April,27,09:00:00,0.9935,155.0,0.0,0.0,298.58,C
April,27,09:30:00,1.0,202.0,0.0,0.0,297.04,C
April,27,10:00:00,0.9956,228.0,0.0,0.0,288.98,C
April,27,10:30:00,0.9717,286.0,3.0,0.0105,284.58,C
April,27,11:00:00,0.9356,328.0,2.0,0.0061,334.29,C
April,27,11:30:00,0.5263,372.0,11.0,0.0296,327.88,C
April,27,12:00:00,0.9304,388.0,0.0,0.0,309.58,C
April,27,12:30:00,1.0,375.0,2.0,0.0053,304.18,C
April,27,13:00:00,0.9749,398.0,0.0,0.0,316.48,C
April,27,13:30:00,0.6725,412.0,12.0,0.0291,315.06,C
April,27,14:00:00,0.6124,397.0,10.0,0.0252,332.28,C
April,27,14:30:00,0.881,381.0,3.0,0.0079,321.84,C
April,27,15:00:00,0.9529,403.0,0.0,0.0,325.31,C
April,27,15:30:00,0.9973,369.0,0.0,0.0,322.72,C
April,27,16:00:00,0.9755,370.0,3.0,0.0081,332.86,C
April,27,16:30:00,0.6338,393.0,8.0,0.0204,327.64,C
April,27,17:00:00,0.8229,386.0,2.0,0.0052,302.92,C
April,27,17:30:00,0.9877,325.0,1.0,0.0031,334.3,C
April,27,18:00:00,1.0,311.0,0.0,0.0,334.85,C
April,27,18:30:00,1.0,296.0,0.0,0.0,314.92,C
April,27,19:00:00,0.996,252.0,0.0,0.0,289.14,C
April,27,19:30:00,0.9911,226.0,1.0,0.0044,327.2,C
April,27,20:00:00,1.0,201.0,0.0,0.0,304.59,C
April,27,20:30:00,0.9435,177.0,0.0,0.0,332.81,C
April,27,21:00:00,0.9879,165.0,0.0,0.0,293.3,C
April,27,21:30:00,1.0,133.0,0.0,0.0,284.35,C
April,27,22:00:00,0.9917,121.0,0.0,0.0,300.48,C
April,27,22:30:00,0.9915,118.0,0.0,0.0,307.37,C
April,27,23:00:00,1.0,94.0,0.0,0.0,263.35,C
April,27,23:30:00,1.0,65.0,0.0,0.0,301.29,C
April,28,00:00:00,1.0,48.0,0.0,0.0,327.81,C
April,28,00:30:00,1.0,39.0,0.0,0.0,235.67,C
April,28,01:00:00,1.0,36.0,0.0,0.0,291.36,C
April,28,01:30:00,1.0,24.0,0.0,0.0,329.46,C
April,28,02:00:00,1.0,10.0,0.0,0.0,284.0,C
April,28,02:30:00,1.0,13.0,0.0,0.0,270.77,C
April,28,03:00:00,1.0,6.0,0.0,0.0,362.17,C
April,28,03:30:00,1.0,12.0,0.0,0.0,210.17,C
April,28,04:00:00,1.0,14.0,0.0,0.0,350.14,C
April,28,04:30:00,1.0,6.0,0.0,0.0,244.5,C
April,28,05:00:00,1.0,10.0,1.0,0.1,321.0,C
April,28,05:30:00,1.0,9.0,0.0,0.0,215.0,C
April,28,06:00:00,1.0,18.0,0.0,0.0,221.5,C
April,28,06:30:00,1.0,34.0,2.0,0.0588,297.0,C
April,28,07:00:00,0.9844,64.0,0.0,0.0,233.7,C
April,28,07:30:00,0.9911,112.0,0.0,0.0,280.38,C
April,28,08:00:00,0.9954,216.0,0.0,0.0,292.43,C
April,28,08:30:00,0.9919,371.0,1.0,0.0027,291.03,C
April,28,09:00:00,0.9842,508.0,1.0,0.002,312.01,C
April,28,09:30:00,0.9301,651.0,7.0,0.0108,330.89,C
April,28,10:00:00,0.662,790.0,12.0,0.0152,324.9,C
April,28,10:30:00,0.3446,881.0,25.0,0.0284,356.21,C
April,28,11:00:00,0.7746,972.0,5.0,0.0051,353.81,C
April,28,11:30:00,0.9886,968.0,0.0,0.0,344.77,C
April,28,12:00:00,0.9284,999.0,7.0,0.007,342.33,C
April,28,12:30:00,0.9307,1000.0,4.0,0.004,347.53,C
April,28,13:00:00,0.8242,1001.0,17.0,0.017,335.15,C
April,28,13:30:00,0.7451,976.0,7.0,0.0072,358.67,C
April,28,14:00:00,0.9851,1013.0,3.0,0.003,356.78,C
April,28,14:30:00,0.9561,1025.0,1.0,0.001,358.57,C
April,28,15:00:00,0.9891,1006.0,0.0,0.0,349.02,C
April,28,15:30:00,0.9573,962.0,2.0,0.0021,367.65,C
April,28,16:00:00,0.9803,1019.0,3.0,0.0029,354.19,C
April,28,16:30:00,0.9741,971.0,4.0,0.0041,363.42,C
April,28,17:00:00,0.8458,967.0,7.0,0.0072,358.62,C
April,28,17:30:00,0.9289,860.0,2.0,0.0023,382.5,C
April,28,18:00:00,0.9299,845.0,3.0,0.0036,351.29,C
April,28,18:30:00,0.9145,698.0,8.0,0.0115,363.44,C
April,28,19:00:00,0.8891,637.0,6.0,0.0094,388.65,C
April,28,19:30:00,0.9679,562.0,2.0,0.0036,361.83,C
April,28,20:00:00,0.9659,532.0,4.0,0.0075,360.14,C
April,28,20:30:00,0.9955,448.0,1.0,0.0022,342.36,C
April,28,21:00:00,0.9971,353.0,3.0,0.0085,356.01,C
April,28,21:30:00,0.9935,309.0,0.0,0.0,325.55,C
April,28,22:00:00,0.9906,212.0,0.0,0.0,330.31,C
April,28,22:30:00,0.9939,165.0,0.0,0.0,309.43,C
April,28,23:00:00,1.0,136.0,0.0,0.0,304.34,C
April,28,23:30:00,0.9899,99.0,0.0,0.0,296.96,C
April,29,00:00:00,1.0,77.0,0.0,0.0,297.9,C
April,29,00:30:00,1.0,50.0,0.0,0.0,268.12,C
April,29,01:00:00,1.0,26.0,0.0,0.0,330.38,C
April,29,01:30:00,1.0,16.0,0.0,0.0,287.25,C
April,29,02:00:00,1.0,20.0,0.0,0.0,324.05,C
April,29,02:30:00,1.0,16.0,0.0,0.0,272.31,C
April,29,03:00:00,0.9412,17.0,0.0,0.0,400.82,C
April,29,03:30:00,1.0,7.0,0.0,0.0,331.0,C
April,29,04:00:00,1.0,5.0,0.0,0.0,241.2,C
April,29,04:30:00,0.5556,10.0,1.0,0.1,250.11,C
April,29,05:00:00,1.0,12.0,0.0,0.0,430.08,C
April,29,05:30:00,1.0,6.0,1.0,0.1667,661.8,C
April,29,06:00:00,0.9333,15.0,0.0,0.0,204.47,C
April,29,06:30:00,1.0,36.0,0.0,0.0,233.86,C
April,29,07:00:00,0.9881,84.0,0.0,0.0,224.9,C
April,29,07:30:00,0.9912,113.0,0.0,0.0,260.8,C
April,29,08:00:00,1.0,259.0,1.0,0.0039,305.67,C
April,29,08:30:00,0.9912,342.0,0.0,0.0,287.53,C
April,29,09:00:00,0.9508,509.0,0.0,0.0,287.53,C
April,29,09:30:00,0.7926,658.0,0.0,0.0,287.53,C
April,29,10:00:00,0.8804,748.0,0.0,0.0,287.53,C
April,29,10:30:00,0.9795,879.0,0.0,0.0,287.53,C
April,29,11:00:00,0.9838,871.0,5.0,0.0057,334.38,C
April,29,11:30:00,0.9297,914.0,3.0,0.0033,354.08,C
April,29,12:00:00,0.8921,874.0,3.0,0.0034,333.66,C
April,29,12:30:00,0.7006,905.0,10.0,0.011,338.42,C
April,29,13:00:00,0.9846,849.0,6.0,0.0071,342.36,C
April,29,13:30:00,0.6874,901.0,15.0,0.0166,344.04,C
April,29,14:00:00,0.5806,920.0,21.0,0.0228,341.1,C
April,29,14:30:00,0.571,993.0,21.0,0.0211,330.81,C
April,29,15:00:00,0.9497,896.0,2.0,0.0022,341.94,C
April,29,15:30:00,0.9898,882.0,1.0,0.0011,355.14,C
April,29,16:00:00,0.9927,821.0,1.0,0.0012,334.6,C
April,29,16:30:00,0.9648,912.0,3.0,0.0033,348.4,C
April,29,17:00:00,0.9908,873.0,1.0,0.0011,337.12,C
April,29,17:30:00,0.9078,776.0,6.0,0.0077,326.12,C
April,29,18:00:00,0.6837,718.0,13.0,0.0181,366.16,C
April,29,18:30:00,0.9557,611.0,2.0,0.0033,326.86,C
April,29,19:00:00,0.7886,551.0,7.0,0.0127,337.13,C
April,29,19:30:00,0.6968,475.0,10.0,0.0211,338.08,C
April,29,20:00:00,0.6567,420.0,18.0,0.0429,361.26,C
April,29,20:30:00,0.873,378.0,0.0,0.0,344.58,C
April,29,21:00:00,0.9969,325.0,0.0,0.0,330.58,C
April,29,21:30:00,1.0,229.0,0.0,0.0,331.41,C
April,29,22:00:00,1.0,183.0,0.0,0.0,358.93,C
April,29,22:30:00,1.0,140.0,1.0,0.0071,338.19,C
April,29,23:00:00,1.0,108.0,0.0,0.0,327.47,C
April,29,23:30:00,1.0,81.0,1.0,0.0123,314.28,C
April,30,00:00:00,1.0,51.0,0.0,0.0,288.2,C
April,30,00:30:00,1.0,43.0,0.0,0.0,321.7,C
April,30,01:00:00,1.0,29.0,0.0,0.0,422.9,C
April,30,01:30:00,0.963,27.0,0.0,0.0,304.96,C
April,30,02:00:00,1.0,10.0,0.0,0.0,246.0,C
April,30,02:30:00,1.0,9.0,0.0,0.0,306.11,C
April,30,03:00:00,1.0,10.0,0.0,0.0,266.1,C
April,30,03:30:00,1.0,8.0,0.0,0.0,374.5,C
April,30,04:00:00,1.0,9.0,0.0,0.0,321.22,C
April,30,04:30:00,1.0,9.0,0.0,0.0,373.56,C
April,30,05:00:00,1.0,17.0,0.0,0.0,317.35,C
April,30,05:30:00,1.0,13.0,0.0,0.0,489.92,C
April,30,06:00:00,1.0,19.0,0.0,0.0,193.68,C
April,30,06:30:00,0.9841,63.0,0.0,0.0,216.32,C
April,30,07:00:00,0.7518,143.0,6.0,0.042,284.88,C
April,30,07:30:00,0.2486,218.0,33.0,0.1514,291.29,C
April,30,08:00:00,0.1853,388.0,48.0,0.1237,309.58,C
April,30,08:30:00,0.2653,573.0,83.0,0.1449,342.79,C
April,30,09:00:00,0.2787,790.0,58.0,0.0734,332.56,C
April,30,09:30:00,0.653,832.0,5.0,0.006,324.95,C
April,30,10:00:00,0.9383,911.0,4.0,0.0044,309.12,C
April,30,10:30:00,0.8241,947.0,9.0,0.0095,331.92,C
April,30,11:00:00,0.808,963.0,10.0,0.0104,338.34,C
April,30,11:30:00,0.8054,1010.0,3.0,0.003,322.93,C
April,30,12:00:00,0.9864,957.0,2.0,0.0021,340.98,C
April,30,12:30:00,0.9159,1020.0,9.0,0.0088,342.5,C
April,30,13:00:00,0.9393,990.0,1.0,0.001,325.25,C
April,30,13:30:00,0.9919,986.0,2.0,0.002,334.74,C
April,30,14:00:00,1.0,1031.0,0.0,0.0,328.44,C
April,30,14:30:00,0.998,1015.0,1.0,0.001,331.49,C
April,30,15:00:00,0.996,1001.0,1.0,0.001,323.74,C
April,30,15:30:00,0.9927,955.0,0.0,0.0,344.51,C
April,30,16:00:00,0.9979,968.0,0.0,0.0,328.21,C
April,30,16:30:00,0.999,954.0,1.0,0.001,341.75,C
April,30,17:00:00,0.9907,865.0,3.0,0.0035,347.35,C
April,30,17:30:00,0.728,888.0,13.0,0.0146,339.6,C
April,30,18:00:00,0.9351,772.0,1.0,0.0013,357.16,C
April,30,18:30:00,0.9759,625.0,2.0,0.0032,358.9,C
April,30,19:00:00,0.9509,635.0,4.0,0.0063,362.57,C
April,30,19:30:00,0.9096,567.0,3.0,0.0053,318.2,C
April,30,20:00:00,0.9798,447.0,1.0,0.0022,343.89,C
April,30,20:30:00,0.992,378.0,1.0,0.0026,344.62,C
April,30,21:00:00,1.0,357.0,0.0,0.0,347.15,C
April,30,21:30:00,0.9962,261.0,0.0,0.0,315.62,C
April,30,22:00:00,0.991,223.0,0.0,0.0,326.37,C
April,30,22:30:00,0.9924,133.0,1.0,0.0075,305.86,C
April,30,23:00:00,1.0,127.0,0.0,0.0,362.94,C
April,30,23:30:00,1.0,111.0,0.0,0.0,310.88,C
May,1,00:00:00,1.0,61.0,0.0,0.0,329.0,C
May,1,00:30:00,1.0,50.0,1.0,0.02,313.51,C
May,1,01:00:00,1.0,36.0,0.0,0.0,347.44,C
May,1,01:30:00,1.0,24.0,0.0,0.0,282.96,C
May,1,02:00:00,1.0,15.0,0.0,0.0,262.0,C
May,1,02:30:00,0.9333,15.0,0.0,0.0,335.67,C
May,1,03:00:00,1.0,7.0,0.0,0.0,372.43,C
May,1,03:30:00,1.0,12.0,0.0,0.0,223.08,C
May,1,04:00:00,1.0,19.0,0.0,0.0,249.95,C
May,1,04:30:00,1.0,20.0,0.0,0.0,200.55,C
May,1,05:00:00,1.0,11.0,0.0,0.0,210.27,C
May,1,05:30:00,1.0,22.0,0.0,0.0,220.32,C
May,1,06:00:00,0.8889,38.0,2.0,0.0526,241.67,C
May,1,06:30:00,1.0,68.0,3.0,0.0441,304.32,C
May,1,07:00:00,0.9914,116.0,0.0,0.0,257.83,C
May,1,07:30:00,0.9686,162.0,3.0,0.0185,248.19,C
May,1,08:00:00,0.9336,302.0,1.0,0.0033,273.05,C
May,1,08:30:00,0.986,430.0,0.0,0.0,296.69,C
May,1,09:00:00,0.9868,610.0,2.0,0.0033,294.4,C
May,1,09:30:00,0.8278,775.0,20.0,0.0258,304.7,C
May,1,10:00:00,0.8102,908.0,7.0,0.0077,324.07,C
May,1,10:30:00,0.9162,978.0,11.0,0.0112,334.02,C
May,1,11:00:00,0.8199,1047.0,20.0,0.0191,329.97,C
May,1,11:30:00,0.7874,1075.0,12.0,0.0112,353.71,C
May,1,12:00:00,0.962,1080.0,2.0,0.0019,345.65,C
May,1,12:30:00,0.9179,1054.0,7.0,0.0066,338.98,C
May,1,13:00:00,0.518,1067.0,38.0,0.0356,344.68,C
May,1,13:30:00,0.9174,1043.0,2.0,0.0019,334.74,C
May,1,14:00:00,0.9972,1055.0,2.0,0.0019,332.44,C
May,1,14:30:00,0.9629,1053.0,3.0,0.0028,349.27,C
May,1,15:00:00,0.9832,1013.0,0.0,0.0,345.87,C
May,1,15:30:00,0.9921,1020.0,2.0,0.002,329.65,C
May,1,16:00:00,0.997,986.0,2.0,0.002,324.05,C
May,1,16:30:00,0.9981,1038.0,3.0,0.0029,350.57,C
May,1,17:00:00,0.9886,966.0,0.0,0.0,356.43,C
May,1,17:30:00,0.9977,855.0,2.0,0.0023,337.58,C
May,1,18:00:00,0.9035,845.0,6.0,0.0071,345.9,C
May,1,18:30:00,0.7206,717.0,12.0,0.0167,374.2,C
May,1,19:00:00,0.9037,651.0,7.0,0.0108,356.42,C
May,1,19:30:00,0.9199,581.0,7.0,0.012,347.8,C
May,1,20:00:00,0.9435,480.0,2.0,0.0042,336.49,C
May,1,20:30:00,0.9103,461.0,4.0,0.0087,344.0,C
May,1,21:00:00,0.9748,359.0,2.0,0.0056,354.27,C
May,1,21:30:00,0.9697,298.0,1.0,0.0034,349.77,C
May,1,22:00:00,0.987,235.0,4.0,0.017,325.5,C
May,1,22:30:00,1.0,198.0,0.0,0.0,321.99,C
May,1,23:00:00,0.9938,160.0,0.0,0.0,328.51,C
May,1,23:30:00,0.9906,108.0,2.0,0.0185,359.27,C
May,2,00:00:00,0.9873,79.0,0.0,0.0,291.92,C
May,2,00:30:00,1.0,60.0,0.0,0.0,315.53,C
May,2,01:00:00,1.0,32.0,0.0,0.0,325.0,C
May,2,01:30:00,1.0,28.0,0.0,0.0,267.75,C
May,2,02:00:00,0.9524,21.0,0.0,0.0,402.33,C
May,2,02:30:00,1.0,25.0,0.0,0.0,322.0,C
May,2,03:00:00,0.9286,15.0,1.0,0.0667,201.21,C
May,2,03:30:00,1.0,13.0,0.0,0.0,379.23,C
May,2,04:00:00,0.75,18.0,2.0,0.1111,410.06,C
May,2,04:30:00,0.9231,14.0,1.0,0.0714,533.31,C
May,2,05:00:00,0.8,21.0,1.0,0.0476,254.1,C
May,2,05:30:00,0.9474,19.0,0.0,0.0,305.37,C
May,2,06:00:00,0.9737,38.0,0.0,0.0,282.92,C
May,2,06:30:00,0.9333,48.0,3.0,0.0625,193.31,C
May,2,07:00:00,0.9565,115.0,0.0,0.0,261.3,C
May,2,07:30:00,0.8571,146.0,6.0,0.0411,240.75,C
May,2,08:00:00,0.897,332.0,2.0,0.006,266.71,C
May,2,08:30:00,0.9788,428.0,4.0,0.0093,282.42,C
May,2,09:00:00,0.8579,592.0,8.0,0.0135,298.98,C
May,2,09:30:00,0.32,815.0,40.0,0.0491,303.79,C
May,2,10:00:00,0.5017,931.0,54.0,0.058,315.36,C
May,2,10:30:00,0.2411,921.0,79.0,0.0858,339.58,C
May,2,11:00:00,0.227,1095.0,82.0,0.0749,334.9,C
May,2,11:30:00,0.6432,1063.0,12.0,0.0113,334.2,C
May,2,12:00:00,0.4464,1119.0,55.0,0.0492,350.95,C
May,2,12:30:00,0.4847,1058.0,47.0,0.0444,345.29,C
May,2,13:00:00,0.6743,1067.0,23.0,0.0216,351.85,C
May,2,13:30:00,0.5809,1043.0,17.0,0.0163,350.92,C
May,2,14:00:00,0.7644,1052.0,12.0,0.0114,362.23,C
May,2,14:30:00,0.6025,1054.0,25.0,0.0237,344.92,C
May,2,15:00:00,0.8695,1082.0,9.0,0.0083,342.64,C
May,2,15:30:00,0.5213,1066.0,34.0,0.0319,342.15,C
May,2,16:00:00,0.874,1138.0,3.0,0.0026,346.89,C
May,2,16:30:00,0.9883,1030.0,4.0,0.0039,343.58,C
May,2,17:00:00,0.9937,955.0,4.0,0.0042,333.43,C
May,2,17:30:00,1.0,855.0,0.0,0.0,346.02,C
May,2,18:00:00,0.9742,738.0,2.0,0.0027,342.07,C
May,2,18:30:00,0.9646,681.0,3.0,0.0044,332.72,C
May,2,19:00:00,0.9765,596.0,0.0,0.0,330.82,C
May,2,19:30:00,0.9771,525.0,0.0,0.0,339.81,C
May,2,20:00:00,0.9909,440.0,0.0,0.0,346.48,C
May,2,20:30:00,0.9946,373.0,0.0,0.0,345.74,C
May,2,21:00:00,0.9903,310.0,0.0,0.0,332.21,C
May,2,21:30:00,0.9805,257.0,0.0,0.0,347.31,C
May,2,22:00:00,1.0,205.0,0.0,0.0,330.03,C
May,2,22:30:00,0.9938,160.0,0.0,0.0,359.56,C
May,2,23:00:00,1.0,126.0,0.0,0.0,321.94,C
May,2,23:30:00,0.9905,105.0,0.0,0.0,301.13,C
May,3,00:00:00,1.0,74.0,2.0,0.027,310.69,C
May,3,00:30:00,0.9825,57.0,0.0,0.0,306.89,C
May,3,01:00:00,1.0,37.0,0.0,0.0,267.78,C
May,3,01:30:00,1.0,29.0,0.0,0.0,489.34,C
May,3,02:00:00,1.0,26.0,0.0,0.0,358.0,C
May,3,02:30:00,1.0,20.0,0.0,0.0,342.4,C
May,3,03:00:00,1.0,14.0,1.0,0.0714,297.54,C
May,3,03:30:00,1.0,7.0,0.0,0.0,230.29,C
May,3,04:00:00,1.0,13.0,0.0,0.0,453.08,C
May,3,04:30:00,1.0,11.0,0.0,0.0,169.09,C
May,3,05:00:00,1.0,10.0,0.0,0.0,429.9,C
May,3,05:30:00,1.0,19.0,0.0,0.0,269.84,C
May,3,06:00:00,1.0,27.0,0.0,0.0,247.52,C
May,3,06:30:00,0.8333,30.0,0.0,0.0,314.67,C
May,3,07:00:00,0.974,77.0,0.0,0.0,372.16,C
May,3,07:30:00,0.9278,98.0,1.0,0.0102,258.16,C
May,3,08:00:00,0.9113,203.0,0.0,0.0,302.4,C
May,3,08:30:00,0.9612,258.0,0.0,0.0,291.55,C
May,3,09:00:00,0.9471,361.0,2.0,0.0055,309.53,C
May,3,09:30:00,0.9339,480.0,11.0,0.0229,303.75,C
May,3,10:00:00,0.8581,610.0,4.0,0.0066,308.7,C
May,3,10:30:00,0.94,637.0,4.0,0.0063,319.66,C
May,3,11:00:00,0.8111,683.0,16.0,0.0234,332.07,C
May,3,11:30:00,0.6834,691.0,12.0,0.0174,320.78,C
May,3,12:00:00,0.8708,717.0,5.0,0.007,337.94,C
May,3,12:30:00,0.7847,750.0,16.0,0.0213,325.95,C
May,3,13:00:00,0.9385,752.0,4.0,0.0053,346.56,C
May,3,13:30:00,0.9588,656.0,0.0,0.0,334.73,C
May,3,14:00:00,0.9924,655.0,1.0,0.0015,328.21,C
May,3,14:30:00,0.9821,675.0,4.0,0.0059,332.58,C
May,3,15:00:00,0.9748,674.0,0.0,0.0,336.64,C
May,3,15:30:00,0.9709,619.0,0.0,0.0,348.42,C
May,3,16:00:00,0.9657,617.0,5.0,0.0081,329.28,C
May,3,16:30:00,0.9864,591.0,2.0,0.0034,346.47,C
May,3,17:00:00,0.9928,558.0,2.0,0.0036,340.36,C
May,3,17:30:00,0.9011,529.0,3.0,0.0057,342.93,C
May,3,18:00:00,0.9922,513.0,2.0,0.0039,349.42,C
May,3,18:30:00,0.9976,415.0,0.0,0.0,375.4,C
May,3,19:00:00,0.989,363.0,1.0,0.0028,343.12,C
May,3,19:30:00,0.8702,364.0,2.0,0.0055,329.29,C
May,3,20:00:00,0.9933,300.0,1.0,0.0033,321.75,C
May,3,20:30:00,0.8497,289.0,3.0,0.0104,366.4,C
May,3,21:00:00,0.9031,231.0,4.0,0.0173,343.86,C
May,3,21:30:00,0.988,169.0,3.0,0.0178,345.34,C
May,3,22:00:00,0.9806,156.0,1.0,0.0064,392.05,C
May,3,22:30:00,0.9786,140.0,0.0,0.0,305.7,C
May,3,23:00:00,1.0,101.0,1.0,0.0099,320.34,C
May,3,23:30:00,1.0,87.0,0.0,0.0,361.4,C
May,4,00:00:00,1.0,42.0,0.0,0.0,375.19,C
May,4,00:30:00,0.9706,35.0,1.0,0.0286,457.5,C
May,4,01:00:00,1.0,34.0,0.0,0.0,266.56,C
May,4,01:30:00,1.0,28.0,0.0,0.0,259.14,C
May,4,02:00:00,1.0,18.0,0.0,0.0,375.83,C
May,4,02:30:00,1.0,8.0,0.0,0.0,224.88,C
May,4,03:00:00,1.0,6.0,0.0,0.0,302.33,C
May,4,03:30:00,1.0,8.0,0.0,0.0,435.0,C
May,4,04:00:00,1.0,7.0,0.0,0.0,384.43,C
May,4,04:30:00,1.0,12.0,0.0,0.0,421.92,C
May,4,05:00:00,1.0,16.0,0.0,0.0,355.75,C
May,4,05:30:00,1.0,14.0,0.0,0.0,242.57,C
May,4,06:00:00,1.0,10.0,0.0,0.0,414.1,C
May,4,06:30:00,1.0,22.0,0.0,0.0,232.41,C
May,4,07:00:00,1.0,38.0,0.0,0.0,236.66,C
May,4,07:30:00,0.9508,62.0,1.0,0.0161,225.97,C
May,4,08:00:00,0.9882,86.0,1.0,0.0116,279.8,C
May,4,08:30:00,1.0,155.0,1.0,0.0065,283.63,C
May,4,09:00:00,0.9947,189.0,2.0,0.0106,318.68,C
May,4,09:30:00,0.9966,297.0,0.0,0.0,294.25,C
May,4,10:00:00,0.9762,338.0,2.0,0.0059,275.45,C
May,4,10:30:00,0.9629,350.0,0.0,0.0,278.48,C
May,4,11:00:00,0.9863,367.0,2.0,0.0054,281.12,C
May,4,11:30:00,0.9821,391.0,1.0,0.0026,309.91,C
May,4,12:00:00,0.9433,500.0,6.0,0.012,288.04,C
May,4,12:30:00,0.8983,466.0,4.0,0.0086,328.44,C
May,4,13:00:00,0.9338,472.0,4.0,0.0085,344.83,C
May,4,13:30:00,0.9336,472.0,5.0,0.0106,296.01,C
May,4,14:00:00,0.953,468.0,0.0,0.0,327.33,C
May,4,14:30:00,0.9958,474.0,1.0,0.0021,317.79,C
May,4,15:00:00,0.9975,402.0,0.0,0.0,319.97,C
May,4,15:30:00,0.9356,484.0,3.0,0.0062,315.92,C
May,4,16:00:00,0.9526,427.0,5.0,0.0117,302.36,C
May,4,16:30:00,0.9474,483.0,8.0,0.0166,340.8,C
May,4,17:00:00,0.8352,458.0,3.0,0.0066,342.17,C
May,4,17:30:00,0.9843,384.0,1.0,0.0026,325.25,C
May,4,18:00:00,0.9911,336.0,0.0,0.0,308.0,C
May,4,18:30:00,0.9831,356.0,0.0,0.0,333.69,C
May,4,19:00:00,0.9966,293.0,0.0,0.0,334.89,C
May,4,19:30:00,0.9966,295.0,1.0,0.0034,315.17,C
May,4,20:00:00,0.9522,230.0,0.0,0.0,328.73,C
May,4,20:30:00,1.0,214.0,0.0,0.0,301.79,C
May,4,21:00:00,1.0,201.0,0.0,0.0,320.32,C
May,4,21:30:00,1.0,161.0,1.0,0.0062,302.54,C
May,4,22:00:00,0.9256,122.0,1.0,0.0082,334.12,C
May,4,22:30:00,0.9439,107.0,0.0,0.0,288.55,C
May,4,23:00:00,0.988,83.0,0.0,0.0,313.3,C
May,4,23:30:00,1.0,81.0,0.0,0.0,239.93,C
May,5,00:00:00,1.0,44.0,1.0,0.0227,294.63,C
May,5,00:30:00,1.0,42.0,0.0,0.0,325.02,C
May,5,01:00:00,1.0,34.0,0.0,0.0,308.09,C
May,5,01:30:00,1.0,22.0,0.0,0.0,304.82,C
May,5,02:00:00,1.0,11.0,0.0,0.0,260.27,C
May,5,02:30:00,0.5556,12.0,3.0,0.25,585.78,C
May,5,03:00:00,0.7273,11.0,0.0,0.0,304.91,C
May,5,03:30:00,1.0,5.0,0.0,0.0,316.4,C
May,5,04:00:00,0.9167,12.0,0.0,0.0,318.0,C
May,5,04:30:00,0.8889,9.0,0.0,0.0,508.11,C
May,5,05:00:00,1.0,11.0,0.0,0.0,295.82,C
May,5,05:30:00,1.0,14.0,0.0,0.0,292.36,C
May,5,06:00:00,0.9474,38.0,0.0,0.0,213.26,C
May,5,06:30:00,0.9138,60.0,2.0,0.0333,239.9,C
May,5,07:00:00,0.9889,90.0,0.0,0.0,223.8,C
May,5,07:30:00,1.0,145.0,0.0,0.0,258.13,C
May,5,08:00:00,0.9428,298.0,1.0,0.0034,282.21,C
May,5,08:30:00,0.9819,443.0,1.0,0.0023,300.15,C
May,5,09:00:00,0.9791,625.0,2.0,0.0032,282.93,C
May,5,09:30:00,0.7328,814.0,28.0,0.0344,299.55,C
May,5,10:00:00,0.258,938.0,62.0,0.0661,324.99,C
May,5,10:30:00,0.1807,1046.0,50.0,0.0478,322.8,C
May,5,11:00:00,0.8391,1193.0,6.0,0.005,343.86,C
May,5,11:30:00,0.9517,1071.0,16.0,0.0149,348.87,C
May,5,12:00:00,0.9514,1093.0,3.0,0.0027,344.19,C
May,5,12:30:00,0.6443,1172.0,22.0,0.0188,330.34,C
May,5,13:00:00,0.854,1149.0,5.0,0.0044,361.67,C
May,5,13:30:00,0.9471,1120.0,5.0,0.0045,340.37,C
May,5,14:00:00,0.9866,1119.0,3.0,0.0027,349.31,C
May,5,14:30:00,0.9716,1200.0,4.0,0.0033,344.02,C
May,5,15:00:00,0.8884,1191.0,17.0,0.0143,369.53,C
May,5,15:30:00,0.9301,1147.0,2.0,0.0017,384.57,C
May,5,16:00:00,0.9902,1126.0,1.0,0.0009,352.26,C
May,5,16:30:00,0.9939,1144.0,1.0,0.0009,350.62,C
May,5,17:00:00,0.9946,1104.0,2.0,0.0018,359.13,C
May,5,17:30:00,0.9588,1001.0,5.0,0.005,356.95,C
May,5,18:00:00,0.9495,894.0,3.0,0.0034,345.93,C
May,5,18:30:00,0.9649,769.0,0.0,0.0,362.05,C
May,5,19:00:00,0.9075,688.0,7.0,0.0102,376.67,C
May,5,19:30:00,0.9303,618.0,1.0,0.0016,359.11,C
May,5,20:00:00,0.7171,524.0,15.0,0.0286,342.98,C
May,5,20:30:00,0.8213,435.0,4.0,0.0092,360.41,C
May,5,21:00:00,0.9917,362.0,1.0,0.0028,377.21,C
May,5,21:30:00,0.9967,306.0,0.0,0.0,303.36,C
May,5,22:00:00,0.9917,240.0,0.0,0.0,353.25,C
May,5,22:30:00,0.995,200.0,0.0,0.0,321.23,C
May,5,23:00:00,1.0,147.0,0.0,0.0,338.18,C
May,5,23:30:00,1.0,133.0,0.0,0.0,335.3,C
May,6,00:00:00,1.0,71.0,0.0,0.0,310.77,C
May,6,00:30:00,1.0,64.0,0.0,0.0,385.47,C
May,6,01:00:00,1.0,34.0,0.0,0.0,272.0,C
May,6,01:30:00,1.0,34.0,0.0,0.0,272.21,C
May,6,02:00:00,1.0,20.0,0.0,0.0,299.85,C
May,6,02:30:00,1.0,16.0,0.0,0.0,274.56,C
May,6,03:00:00,1.0,8.0,0.0,0.0,280.0,C
May,6,03:30:00,1.0,14.0,2.0,0.1429,400.67,C
May,6,04:00:00,1.0,8.0,1.0,0.125,544.57,C
May,6,04:30:00,1.0,13.0,0.0,0.0,310.31,C
May,6,05:00:00,1.0,15.0,0.0,0.0,319.67,C
May,6,05:30:00,1.0,15.0,0.0,0.0,281.93,C
May,6,06:00:00,0.9722,36.0,0.0,0.0,211.61,C
May,6,06:30:00,0.9583,48.0,0.0,0.0,266.4,C
May,6,07:00:00,0.9773,88.0,0.0,0.0,272.72,C
May,6,07:30:00,0.9926,136.0,1.0,0.0074,252.1,C
May,6,08:00:00,0.9798,247.0,0.0,0.0,292.08,C
May,6,08:30:00,1.0,374.0,0.0,0.0,296.34,C
May,6,09:00:00,0.9947,564.0,0.0,0.0,323.51,C
May,6,09:30:00,0.8886,744.0,8.0,0.0108,320.18,C
May,6,10:00:00,0.84,836.0,5.0,0.006,340.08,C
May,6,10:30:00,0.938,908.0,5.0,0.0055,335.08,C
May,6,11:00:00,0.9865,968.0,3.0,0.0031,335.02,C
May,6,11:30:00,0.9219,1029.0,5.0,0.0049,338.84,C
May,6,12:00:00,0.9724,1052.0,3.0,0.0029,343.01,C
May,6,12:30:00,0.9897,974.0,1.0,0.001,359.69,C
May,6,13:00:00,0.999,976.0,4.0,0.0041,340.78,C
May,6,13:30:00,0.9799,995.0,1.0,0.001,359.92,C
May,6,14:00:00,0.996,1008.0,0.0,0.0,354.99,C
May,6,14:30:00,0.9921,1019.0,1.0,0.001,357.45,C
May,6,15:00:00,0.9958,954.0,2.0,0.0021,352.35,C
May,6,15:30:00,0.989,1005.0,2.0,0.002,361.18,C
May,6,16:00:00,0.9854,960.0,0.0,0.0,348.59,C
May,6,16:30:00,0.9941,1022.0,1.0,0.001,364.96,C
May,6,17:00:00,0.9832,894.0,2.0,0.0022,343.33,C
May,6,17:30:00,0.9918,851.0,1.0,0.0012,353.76,C
May,6,18:00:00,0.9562,849.0,4.0,0.0047,353.56,C
May,6,18:30:00,0.6978,718.0,23.0,0.032,377.66,C
May,6,19:00:00,0.9755,655.0,2.0,0.0031,361.19,C
May,6,19:30:00,0.9861,576.0,1.0,0.0017,367.85,C
May,6,20:00:00,0.98,454.0,3.0,0.0066,346.9,C
May,6,20:30:00,0.9878,413.0,3.0,0.0073,359.79,C
May,6,21:00:00,0.9972,352.0,0.0,0.0,368.8,C
May,6,21:30:00,1.0,241.0,0.0,0.0,361.82,C
May,6,22:00:00,0.9956,225.0,0.0,0.0,353.75,C
May,6,22:30:00,0.9949,196.0,1.0,0.0051,331.73,C
May,6,23:00:00,0.9922,128.0,0.0,0.0,373.76,C
May,6,23:30:00,1.0,91.0,0.0,0.0,380.78,C
May,7,00:00:00,1.0,83.0,0.0,0.0,348.16,C
May,7,00:30:00,1.0,65.0,0.0,0.0,354.98,C
May,7,01:00:00,1.0,30.0,0.0,0.0,277.97,C
May,7,01:30:00,1.0,31.0,0.0,0.0,322.81,C
May,7,02:00:00,1.0,11.0,0.0,0.0,302.55,C
May,7,02:30:00,1.0,14.0,0.0,0.0,283.5,C
May,7,03:00:00,1.0,10.0,0.0,0.0,261.3,C
May,7,03:30:00,1.0,11.0,0.0,0.0,512.91,C
May,7,04:00:00,1.0,9.0,0.0,0.0,308.67,C
May,7,04:30:00,1.0,4.0,0.0,0.0,588.5,C
May,7,05:00:00,1.0,10.0,0.0,0.0,351.8,C
May,7,05:30:00,1.0,15.0,0.0,0.0,388.8,C
May,7,06:00:00,1.0,26.0,0.0,0.0,251.73,C
May,7,06:30:00,0.9773,44.0,0.0,0.0,308.86,C
May,7,07:00:00,0.989,94.0,3.0,0.0319,264.66,C
May,7,07:30:00,0.969,129.0,0.0,0.0,274.78,C
May,7,08:00:00,0.9609,281.0,0.0,0.0,288.96,C
May,7,08:30:00,0.9972,355.0,0.0,0.0,302.67,C
May,7,09:00:00,0.9925,531.0,1.0,0.0019,300.54,C
May,7,09:30:00,0.9925,671.0,2.0,0.003,320.55,C
May,7,10:00:00,0.9973,747.0,0.0,0.0,314.54,C
May,7,10:30:00,0.9684,890.0,4.0,0.0045,328.81,C
May,7,11:00:00,0.9763,890.0,3.0,0.0034,336.13,C
May,7,11:30:00,0.9822,899.0,0.0,0.0,327.05,C
May,7,12:00:00,0.9978,930.0,1.0,0.0011,338.8,C
May,7,12:30:00,0.9942,865.0,2.0,0.0023,337.42,C
May,7,13:00:00,0.9904,941.0,2.0,0.0021,338.03,C
May,7,13:30:00,0.9864,959.0,1.0,0.001,350.53,C
May,7,14:00:00,1.0,928.0,3.0,0.0032,350.59,C
May,7,14:30:00,0.991,996.0,1.0,0.001,344.79,C
May,7,15:00:00,0.9928,972.0,2.0,0.0021,353.8,C
May,7,15:30:00,0.9989,938.0,1.0,0.0011,346.09,C
May,7,16:00:00,1.0,874.0,0.0,0.0,352.97,C
May,7,16:30:00,0.8941,857.0,7.0,0.0082,361.18,C
May,7,17:00:00,0.9977,884.0,1.0,0.0011,363.7,C
May,7,17:30:00,0.9974,765.0,2.0,0.0026,348.03,C
May,7,18:00:00,0.944,701.0,5.0,0.0071,359.8,C
May,7,18:30:00,0.7394,649.0,12.0,0.0185,363.13,C
May,7,19:00:00,0.9836,551.0,1.0,0.0018,335.45,C
May,7,19:30:00,0.9829,525.0,0.0,0.0,321.92,C
May,7,20:00:00,0.9877,407.0,1.0,0.0025,343.23,C
May,7,20:30:00,0.9258,365.0,1.0,0.0027,353.88,C
May,7,21:00:00,0.9931,288.0,0.0,0.0,358.1,C
May,7,21:30:00,1.0,248.0,0.0,0.0,337.81,C
May,7,22:00:00,0.9952,207.0,0.0,0.0,358.56,C
May,7,22:30:00,1.0,155.0,0.0,0.0,324.71,C
May,7,23:00:00,1.0,117.0,1.0,0.0085,319.23,C
May,7,23:30:00,1.0,90.0,0.0,0.0,373.18,C
May,8,00:00:00,1.0,62.0,0.0,0.0,247.73,C
May,8,00:30:00,1.0,131.0,1.0,0.0076,231.76,C
May,8,01:00:00,0.9717,107.0,1.0,0.0093,198.47,C
May,8,01:30:00,1.0,84.0,11.0,0.131,245.63,C
May,8,02:00:00,0.7963,65.0,11.0,0.1692,162.74,C
May,8,02:30:00,0.8409,49.0,5.0,0.102,152.84,C
May,8,03:00:00,1.0,6.0,0.0,0.0,276.83,C
May,8,03:30:00,1.0,13.0,0.0,0.0,331.0,C
May,8,04:00:00,0.8333,6.0,0.0,0.0,346.83,C
May,8,04:30:00,1.0,5.0,0.0,0.0,323.6,C
May,8,05:00:00,1.0,13.0,0.0,0.0,314.69,C
May,8,05:30:00,0.9444,19.0,1.0,0.0526,278.83,C
May,8,06:00:00,0.8667,30.0,0.0,0.0,203.63,C
May,8,06:30:00,0.9444,38.0,2.0,0.0526,179.47,C
May,8,07:00:00,1.0,91.0,0.0,0.0,278.34,C
May,8,07:30:00,1.0,129.0,0.0,0.0,275.19,C
May,8,08:00:00,0.9959,241.0,0.0,0.0,299.97,C
May,8,08:30:00,0.9971,343.0,2.0,0.0058,288.58,C
May,8,09:00:00,0.9964,550.0,2.0,0.0036,299.89,C
May,8,09:30:00,0.9901,606.0,1.0,0.0017,294.49,C
May,8,10:00:00,0.9779,724.0,0.0,0.0,328.21,C
May,8,10:30:00,0.9492,791.0,3.0,0.0038,343.4,C
May,8,11:00:00,0.9922,904.0,3.0,0.0033,340.05,C
May,8,11:30:00,0.9885,871.0,3.0,0.0034,337.76,C
May,8,12:00:00,0.9977,854.0,2.0,0.0023,335.73,C
May,8,12:30:00,1.0,863.0,1.0,0.0012,330.19,C
May,8,13:00:00,1.0,824.0,1.0,0.0012,341.8,C
May,8,13:30:00,0.9976,844.0,1.0,0.0012,329.67,C
May,8,14:00:00,0.9891,827.0,1.0,0.0012,365.48,C
May,8,14:30:00,0.8219,869.0,10.0,0.0115,342.0,C
May,8,15:00:00,0.8367,899.0,5.0,0.0056,350.84,C
May,8,15:30:00,0.9512,902.0,1.0,0.0011,340.43,C
May,8,16:00:00,0.9749,841.0,4.0,0.0048,338.34,C
May,8,16:30:00,0.9749,841.0,7.0,0.008,344.26,C
May,8,17:00:00,0.9749,841.0,2.0,0.0027,352.1,C
May,8,17:30:00,0.9749,841.0,0.0,0.0,336.26,C
May,8,18:00:00,0.9749,841.0,1.0,0.0015,330.79,C
May,8,18:30:00,0.9749,841.0,1.0,0.0017,348.5,C
May,8,19:00:00,0.9749,841.0,0.0,0.0,339.46,C
May,8,19:30:00,0.9749,841.0,6.0,0.0127,393.97,C
May,8,20:00:00,0.9749,841.0,2.0,0.0046,329.69,C
May,8,20:30:00,0.9749,841.0,2.0,0.0061,373.45,C
May,8,21:00:00,0.9749,841.0,1.0,0.003,333.51,C
May,8,21:30:00,0.9957,236.0,2.0,0.0085,360.86,C
May,8,22:00:00,0.9577,213.0,0.0,0.0,335.61,C
May,8,22:30:00,1.0,137.0,0.0,0.0,381.82,C
May,8,23:00:00,1.0,137.0,0.0,0.0,379.07,C
May,8,23:30:00,1.0,91.0,0.0,0.0,337.1,C
May,9,00:00:00,1.0,92.0,0.0,0.0,387.6,C
May,9,00:30:00,1.0,52.0,0.0,0.0,323.54,C
May,9,01:00:00,1.0,42.0,0.0,0.0,326.81,C
May,9,01:30:00,1.0,15.0,0.0,0.0,260.6,C
May,9,02:00:00,1.0,13.0,0.0,0.0,159.15,C
May,9,02:30:00,1.0,14.0,0.0,0.0,383.43,C
May,9,03:00:00,1.0,10.0,0.0,0.0,305.8,C
May,9,03:30:00,1.0,10.0,0.0,0.0,479.3,C
May,9,04:00:00,1.0,11.0,0.0,0.0,172.45,C
May,9,04:30:00,1.0,11.0,0.0,0.0,229.55,C
May,9,05:00:00,1.0,9.0,0.0,0.0,219.44,C
May,9,05:30:00,1.0,14.0,0.0,0.0,368.14,C
May,9,06:00:00,1.0,36.0,0.0,0.0,235.0,C
May,9,06:30:00,0.9853,72.0,4.0,0.0556,252.19,C
May,9,07:00:00,1.0,95.0,4.0,0.0421,244.29,C
May,9,07:30:00,0.9645,142.0,1.0,0.007,243.55,C
May,9,08:00:00,0.9959,246.0,0.0,0.0,275.19,C
May,9,08:30:00,1.0,356.0,0.0,0.0,293.08,C
May,9,09:00:00,0.9981,515.0,0.0,0.0,289.49,C
May,9,09:30:00,0.9491,650.0,2.0,0.0031,326.53,C
May,9,10:00:00,0.9891,737.0,1.0,0.0014,319.84,C
May,9,10:30:00,0.9832,835.0,1.0,0.0012,330.47,C
May,9,11:00:00,0.9882,846.0,2.0,0.0024,336.31,C
May,9,11:30:00,0.9967,920.0,2.0,0.0022,317.76,C
May,9,12:00:00,0.8664,929.0,8.0,0.0086,346.98,C
May,9,12:30:00,0.8662,961.0,4.0,0.0042,325.45,C
May,9,13:00:00,0.9464,917.0,3.0,0.0033,358.26,C
May,9,13:30:00,0.9876,892.0,4.0,0.0045,341.95,C
May,9,14:00:00,0.9834,903.0,0.0,0.0,350.69,C
May,9,14:30:00,0.989,912.0,3.0,0.0033,364.09,C
May,9,15:00:00,0.9956,905.0,3.0,0.0033,347.02,C
May,9,15:30:00,0.9931,869.0,1.0,0.0012,363.06,C
May,9,16:00:00,1.0,863.0,1.0,0.0012,358.09,C
May,9,16:30:00,0.9933,895.0,6.0,0.0067,357.39,C
May,9,17:00:00,0.9986,738.0,1.0,0.0014,343.16,C
May,9,17:30:00,0.9956,681.0,1.0,0.0015,346.87,C
May,9,18:00:00,0.9472,609.0,3.0,0.0049,384.24,C
May,9,18:30:00,0.9525,547.0,0.0,0.0,354.31,C
May,9,19:00:00,0.9979,476.0,2.0,0.0042,350.61,C
May,9,19:30:00,0.9852,473.0,0.0,0.0,343.26,C
May,9,20:00:00,0.9945,366.0,1.0,0.0027,322.38,C
May,9,20:30:00,0.9799,300.0,1.0,0.0033,347.29,C
May,9,21:00:00,0.996,254.0,1.0,0.0039,344.21,C
May,9,21:30:00,1.0,235.0,0.0,0.0,357.05,C
May,9,22:00:00,0.9943,176.0,0.0,0.0,327.25,C
May,9,22:30:00,1.0,151.0,1.0,0.0066,298.87,C
May,9,23:00:00,1.0,122.0,0.0,0.0,317.41,C
May,9,23:30:00,1.0,90.0,0.0,0.0,308.74,C
May,10,00:00:00,1.0,59.0,0.0,0.0,365.1,C
May,10,00:30:00,1.0,44.0,0.0,0.0,288.25,C
May,10,01:00:00,1.0,36.0,0.0,0.0,359.94,C
May,10,01:30:00,1.0,18.0,0.0,0.0,319.06,C
May,10,02:00:00,0.9412,17.0,0.0,0.0,273.82,C
May,10,02:30:00,1.0,12.0,0.0,0.0,405.83,C
May,10,03:00:00,1.0,5.0,0.0,0.0,306.2,C
May,10,03:30:00,1.0,12.0,0.0,0.0,408.75,C
May,10,04:00:00,1.0,12.0,0.0,0.0,263.83,C
May,10,04:30:00,1.0,11.0,0.0,0.0,198.91,C
May,10,05:00:00,1.0,13.0,0.0,0.0,279.31,C
May,10,05:30:00,1.0,16.0,0.0,0.0,176.5,C
May,10,06:00:00,0.9333,15.0,0.0,0.0,319.47,C
May,10,06:30:00,0.9189,37.0,0.0,0.0,241.32,C
May,10,07:00:00,1.0,51.0,1.0,0.0196,222.34,C
May,10,07:30:00,0.9149,95.0,1.0,0.0105,281.32,C
May,10,08:00:00,0.9673,153.0,0.0,0.0,275.07,C
May,10,08:30:00,0.9769,261.0,1.0,0.0038,298.54,C
May,10,09:00:00,0.9703,337.0,0.0,0.0,289.22,C
May,10,09:30:00,1.0,384.0,0.0,0.0,297.68,C
May,10,10:00:00,1.0,499.0,0.0,0.0,308.97,C
May,10,10:30:00,0.9981,535.0,1.0,0.0019,325.45,C
May,10,11:00:00,0.9963,548.0,1.0,0.0018,329.3,C
May,10,11:30:00,1.0,521.0,2.0,0.0038,342.87,C
May,10,12:00:00,0.9982,553.0,1.0,0.0018,346.77,C
May,10,12:30:00,0.9983,572.0,0.0,0.0,326.05,C
May,10,13:00:00,1.0,575.0,1.0,0.0017,317.51,C
May,10,13:30:00,0.9982,550.0,0.0,0.0,332.68,C
May,10,14:00:00,1.0,541.0,2.0,0.0037,347.6,C
May,10,14:30:00,0.8501,575.0,8.0,0.0139,326.89,C
May,10,15:00:00,0.9931,577.0,0.0,0.0,340.14,C
May,10,15:30:00,0.9983,580.0,0.0,0.0,327.58,C
May,10,16:00:00,0.9961,519.0,2.0,0.0039,323.76,C
May,10,16:30:00,0.998,494.0,0.0,0.0,324.62,C
May,10,17:00:00,0.9953,426.0,1.0,0.0023,349.16,C
May,10,17:30:00,1.0,407.0,2.0,0.0049,335.41,C
May,10,18:00:00,1.0,402.0,2.0,0.005,334.72,C
May,10,18:30:00,1.0,378.0,0.0,0.0,346.84,C
May,10,19:00:00,0.9938,324.0,0.0,0.0,315.07,C
May,10,19:30:00,0.6918,298.0,6.0,0.0201,335.02,C
May,10,20:00:00,0.9161,286.0,0.0,0.0,337.86,C
May,10,20:30:00,0.9817,219.0,0.0,0.0,331.63,C
May,10,21:00:00,0.9892,187.0,1.0,0.0053,310.73,C
May,10,21:30:00,0.965,143.0,0.0,0.0,340.9,C
May,10,22:00:00,0.8435,149.0,2.0,0.0134,343.12,C
May,10,22:30:00,0.9483,116.0,0.0,0.0,358.18,C
May,10,23:00:00,1.0,73.0,0.0,0.0,291.85,C
May,10,23:30:00,1.0,78.0,0.0,0.0,309.36,C
May,11,00:00:00,0.9184,49.0,0.0,0.0,322.78,C
May,11,00:30:00,1.0,32.0,0.0,0.0,380.81,C
May,11,01:00:00,1.0,25.0,0.0,0.0,283.64,C
May,11,01:30:00,0.9524,21.0,0.0,0.0,307.9,C
May,11,02:00:00,1.0,15.0,0.0,0.0,349.27,C
May,11,02:30:00,1.0,9.0,0.0,0.0,205.89,C
May,11,03:00:00,1.0,9.0,1.0,0.1111,308.38,C
May,11,03:30:00,1.0,6.0,0.0,0.0,518.83,C
May,11,04:00:00,1.0,6.0,0.0,0.0,302.33,C
May,11,04:30:00,1.0,2.0,0.0,0.0,193.5,C
May,11,05:00:00,0.9091,11.0,0.0,0.0,304.82,C
May,11,05:30:00,0.7778,9.0,0.0,0.0,386.67,C
May,11,06:00:00,0.95,20.0,0.0,0.0,350.95,C
May,11,06:30:00,1.0,22.0,0.0,0.0,278.68,C
May,11,07:00:00,1.0,37.0,1.0,0.027,301.53,C
May,11,07:30:00,1.0,53.0,0.0,0.0,252.09,C
May,11,08:00:00,1.0,69.0,0.0,0.0,226.83,C
May,11,08:30:00,1.0,118.0,1.0,0.0085,282.62,C
May,11,09:00:00,1.0,148.0,0.0,0.0,260.34,C
May,11,09:30:00,1.0,124.0,0.0,0.0,266.2,C
May,11,10:00:00,0.9908,217.0,0.0,0.0,272.13,C
May,11,10:30:00,1.0,243.0,0.0,0.0,291.84,C
May,11,11:00:00,0.9956,229.0,0.0,0.0,337.72,C
May,11,11:30:00,0.9821,281.0,1.0,0.0036,314.1,C
May,11,12:00:00,1.0,312.0,0.0,0.0,304.32,C
May,11,12:30:00,1.0,332.0,0.0,0.0,287.36,C
May,11,13:00:00,1.0,297.0,1.0,0.0034,287.59,C
May,11,13:30:00,0.9969,324.0,0.0,0.0,334.37,C
May,11,14:00:00,0.994,333.0,0.0,0.0,302.34,C
May,11,14:30:00,0.9967,301.0,0.0,0.0,302.75,C
May,11,15:00:00,1.0,346.0,1.0,0.0029,301.9,C
May,11,15:30:00,1.0,323.0,0.0,0.0,345.83,C
May,11,16:00:00,1.0,283.0,0.0,0.0,336.64,C
May,11,16:30:00,1.0,284.0,0.0,0.0,333.15,C
May,11,17:00:00,1.0,307.0,0.0,0.0,343.02,C
May,11,17:30:00,0.9934,303.0,0.0,0.0,305.73,C
May,11,18:00:00,1.0,227.0,1.0,0.0044,293.96,C
May,11,18:30:00,1.0,200.0,0.0,0.0,291.87,C
May,11,19:00:00,0.9948,196.0,2.0,0.0102,319.03,C
May,11,19:30:00,1.0,186.0,0.0,0.0,269.15,C
May,11,20:00:00,0.9889,181.0,1.0,0.0055,289.92,C
May,11,20:30:00,0.9938,160.0,0.0,0.0,279.97,C
May,11,21:00:00,0.985,133.0,0.0,0.0,265.35,C
May,11,21:30:00,1.0,140.0,0.0,0.0,276.74,C
May,11,22:00:00,1.0,107.0,0.0,0.0,341.21,C
May,11,22:30:00,1.0,92.0,0.0,0.0,272.32,C
May,11,23:00:00,1.0,68.0,0.0,0.0,281.16,C
May,11,23:30:00,1.0,45.0,0.0,0.0,267.73,C
May,12,00:00:00,1.0,45.0,1.0,0.0222,318.95,C
May,12,00:30:00,0.9778,45.0,0.0,0.0,279.67,C
May,12,01:00:00,1.0,34.0,0.0,0.0,250.65,C
May,12,01:30:00,1.0,19.0,2.0,0.1053,351.82,C
May,12,02:00:00,1.0,18.0,4.0,0.2222,373.14,C
May,12,02:30:00,0.9091,11.0,0.0,0.0,346.64,C
May,12,03:00:00,0.875,16.0,0.0,0.0,247.31,C
May,12,03:30:00,1.0,8.0,0.0,0.0,313.75,C
May,12,04:00:00,1.0,12.0,0.0,0.0,437.25,C
May,12,04:30:00,1.0,9.0,0.0,0.0,400.44,C
May,12,05:00:00,1.0,11.0,0.0,0.0,379.0,C
May,12,05:30:00,1.0,13.0,0.0,0.0,355.23,C
May,12,06:00:00,1.0,24.0,0.0,0.0,247.29,C
May,12,06:30:00,0.9487,39.0,0.0,0.0,363.9,C
May,12,07:00:00,0.9383,81.0,0.0,0.0,271.38,C
May,12,07:30:00,0.8197,123.0,1.0,0.0081,274.76,C
May,12,08:00:00,0.8894,228.0,2.0,0.0088,294.68,C
May,12,08:30:00,0.9833,359.0,0.0,0.0,317.19,C
May,12,09:00:00,0.9578,547.0,2.0,0.0037,311.94,C
May,12,09:30:00,0.4487,683.0,30.0,0.0439,351.5,C
May,12,10:00:00,0.8049,825.0,5.0,0.0061,313.9,C
May,12,10:30:00,0.8607,873.0,26.0,0.0298,338.41,C
May,12,11:00:00,0.2089,1005.0,43.0,0.0428,354.53,C
May,12,11:30:00,0.4528,982.0,28.0,0.0285,349.9,C
May,12,12:00:00,0.464,1048.0,33.0,0.0315,353.7,C
May,12,12:30:00,0.5854,990.0,30.0,0.0303,357.32,C
May,12,13:00:00,0.6018,1006.0,19.0,0.0189,380.16,C
May,12,13:30:00,0.5025,1038.0,21.0,0.0202,361.59,C
May,12,14:00:00,0.9082,1026.0,13.0,0.0127,378.82,C
May,12,14:30:00,0.5456,1051.0,43.0,0.0409,372.2,C
May,12,15:00:00,0.7099,1045.0,4.0,0.0038,366.31,C
May,12,15:30:00,0.9179,1036.0,13.0,0.0125,370.39,C
May,12,16:00:00,0.996,1011.0,2.0,0.002,342.44,C
May,12,16:30:00,0.9939,992.0,1.0,0.001,342.61,C
May,12,17:00:00,0.9894,946.0,1.0,0.0011,356.66,C
May,12,17:30:00,0.9885,780.0,0.0,0.0,360.14,C
May,12,18:00:00,0.9928,844.0,5.0,0.0059,343.78,C
May,12,18:30:00,0.9919,740.0,0.0,0.0,349.63,C
May,12,19:00:00,0.9904,625.0,1.0,0.0016,366.32,C
May,12,19:30:00,0.8446,586.0,7.0,0.0119,347.44,C
May,12,20:00:00,0.4506,503.0,17.0,0.0338,371.63,C
May,12,20:30:00,0.9782,412.0,0.0,0.0,317.31,C
May,12,21:00:00,0.9969,322.0,0.0,0.0,346.28,C
May,12,21:30:00,0.9967,300.0,0.0,0.0,336.92,C
May,12,22:00:00,1.0,229.0,0.0,0.0,314.56,C
May,12,22:30:00,1.0,177.0,1.0,0.0056,320.79,C
May,12,23:00:00,1.0,166.0,0.0,0.0,306.61,C
May,12,23:30:00,1.0,108.0,0.0,0.0,345.14,C
May,13,00:00:00,1.0,73.0,0.0,0.0,364.34,C
May,13,00:30:00,1.0,48.0,0.0,0.0,319.52,C
May,13,01:00:00,0.9737,38.0,0.0,0.0,291.39,C
May,13,01:30:00,1.0,31.0,0.0,0.0,282.42,C
May,13,02:00:00,1.0,22.0,0.0,0.0,373.45,C
May,13,02:30:00,1.0,23.0,0.0,0.0,277.96,C
May,13,03:00:00,1.0,10.0,0.0,0.0,280.7,C
May,13,03:30:00,1.0,10.0,0.0,0.0,209.5,C
May,13,04:00:00,1.0,11.0,0.0,0.0,433.09,C
May,13,04:30:00,1.0,7.0,0.0,0.0,293.71,C
May,13,05:00:00,1.0,13.0,0.0,0.0,246.15,C
May,13,05:30:00,1.0,11.0,1.0,0.0909,256.1,C
May,13,06:00:00,1.0,18.0,1.0,0.0556,200.0,C
May,13,06:30:00,0.9804,51.0,0.0,0.0,280.8,C
May,13,07:00:00,0.9714,71.0,1.0,0.0141,277.01,C
May,13,07:30:00,0.9185,137.0,2.0,0.0146,248.82,C
May,13,08:00:00,0.9957,231.0,1.0,0.0043,298.39,C
May,13,08:30:00,0.8872,400.0,1.0,0.0025,304.17,C
May,13,09:00:00,0.9294,510.0,0.0,0.0,311.83,C
May,13,09:30:00,0.8367,654.0,11.0,0.0168,337.52,C
May,13,10:00:00,0.9612,750.0,2.0,0.0027,328.45,C
May,13,10:30:00,0.882,866.0,10.0,0.0115,322.67,C
May,13,11:00:00,0.9762,926.0,0.0,0.0,320.83,C
May,13,11:30:00,0.94,939.0,6.0,0.0064,321.48,C
May,13,12:00:00,0.9313,929.0,12.0,0.0129,339.46,C
May,13,12:30:00,0.4912,1000.0,33.0,0.033,337.94,C
May,13,13:00:00,0.9724,946.0,3.0,0.0032,338.73,C
May,13,13:30:00,0.6208,910.0,24.0,0.0264,354.49,C
May,13,14:00:00,0.7161,968.0,3.0,0.0031,357.92,C
May,13,14:30:00,0.8062,943.0,9.0,0.0095,368.24,C
May,13,15:00:00,0.957,980.0,3.0,0.0031,346.11,C
May,13,15:30:00,0.9905,954.0,2.0,0.0021,337.35,C
May,13,16:00:00,0.9827,930.0,3.0,0.0032,355.43,C
May,13,16:30:00,0.984,876.0,2.0,0.0023,345.86,C
May,13,17:00:00,0.9871,780.0,2.0,0.0026,361.13,C
May,13,17:30:00,0.9706,786.0,3.0,0.0038,347.62,C
May,13,18:00:00,0.9101,761.0,5.0,0.0066,340.87,C
May,13,18:30:00,0.973,631.0,2.0,0.0032,341.42,C
May,13,19:00:00,0.9897,584.0,1.0,0.0017,346.54,C
May,13,19:30:00,0.9876,483.0,0.0,0.0,329.95,C
May,13,20:00:00,0.9858,425.0,2.0,0.0047,354.78,C
May,13,20:30:00,0.9921,380.0,1.0,0.0026,328.37,C
May,13,21:00:00,0.997,331.0,1.0,0.003,310.99,C
May,13,21:30:00,0.9968,309.0,0.0,0.0,325.75,C
May,13,22:00:00,0.9872,235.0,1.0,0.0043,331.68,C
May,13,22:30:00,0.9947,189.0,1.0,0.0053,321.96,C
May,13,23:00:00,1.0,156.0,0.0,0.0,307.08,C
May,13,23:30:00,1.0,110.0,0.0,0.0,334.32,C
May,14,00:00:00,1.0,69.0,0.0,0.0,332.87,C
May,14,00:30:00,1.0,62.0,2.0,0.0323,372.43,C
May,14,01:00:00,0.9333,30.0,0.0,0.0,366.6,C
May,14,01:30:00,1.0,28.0,0.0,0.0,372.96,C
May,14,02:00:00,1.0,25.0,0.0,0.0,313.08,C
May,14,02:30:00,0.9565,23.0,0.0,0.0,266.39,C
May,14,03:00:00,1.0,10.0,0.0,0.0,297.4,C
May,14,03:30:00,0.6364,12.0,1.0,0.0833,338.91,C
May,14,04:00:00,0.8333,13.0,1.0,0.0769,219.92,C
May,14,04:30:00,0.5833,15.0,3.0,0.2,300.25,C
May,14,05:00:00,0.7143,8.0,1.0,0.125,345.0,C
May,14,05:30:00,0.3125,19.0,3.0,0.1579,249.5,C
May,14,06:00:00,0.875,32.0,0.0,0.0,326.59,C
May,14,06:30:00,0.9787,48.0,1.0,0.0208,226.64,C
May,14,07:00:00,1.0,91.0,0.0,0.0,267.31,C
May,14,07:30:00,0.9861,144.0,0.0,0.0,247.26,C
May,14,08:00:00,0.9923,261.0,1.0,0.0038,269.2,C
May,14,08:30:00,0.878,384.0,7.0,0.0182,321.06,C
May,14,09:00:00,0.8252,621.0,9.0,0.0145,316.86,C
May,14,09:30:00,0.5394,779.0,43.0,0.0552,351.1,C
May,14,10:00:00,0.3275,949.0,42.0,0.0443,339.24,C
May,14,10:30:00,0.3578,976.0,37.0,0.0379,347.66,C
May,14,11:00:00,0.6742,939.0,9.0,0.0096,335.31,C
May,14,11:30:00,0.8588,938.0,10.0,0.0107,348.26,C
May,14,12:00:00,0.9696,957.0,2.0,0.0021,329.57,C
May,14,12:30:00,0.9953,863.0,3.0,0.0035,330.89,C
May,14,13:00:00,0.9874,950.0,1.0,0.0011,335.39,C
May,14,13:30:00,0.727,993.0,15.0,0.0151,339.96,C
May,14,14:00:00,0.9311,946.0,3.0,0.0032,335.83,C
May,14,14:30:00,0.9914,931.0,4.0,0.0043,351.23,C
May,14,15:00:00,0.9661,976.0,3.0,0.0031,339.31,C
May,14,15:30:00,0.9978,896.0,1.0,0.0011,360.65,C
May,14,16:00:00,0.9956,905.0,1.0,0.0011,341.65,C
May,14,16:30:00,0.9989,875.0,0.0,0.0,354.38,C
May,14,17:00:00,0.9989,875.0,0.0,0.0,354.38,C
May,14,17:30:00,0.9989,875.0,0.0,0.0,354.38,C
May,14,18:00:00,0.9989,875.0,0.0,0.0,354.38,C
May,14,18:30:00,0.9989,875.0,0.0,0.0,354.38,C
May,14,19:00:00,0.9989,875.0,0.0,0.0,354.38,C
May,14,19:30:00,0.9989,875.0,0.0,0.0,354.38,C
May,14,20:00:00,0.9989,875.0,0.0,0.0,354.38,C
May,14,20:30:00,0.9989,875.0,0.0,0.0,354.38,C
May,14,21:00:00,0.9989,875.0,0.0,0.0,354.38,C
May,14,21:30:00,0.9989,875.0,0.0,0.0,354.38,C
May,14,22:00:00,0.9989,875.0,0.0,0.0,354.38,C
May,14,22:30:00,1.0,178.0,2.0,0.0112,310.91,C
May,14,23:00:00,1.0,151.0,0.0,0.0,306.71,C
May,14,23:30:00,1.0,114.0,0.0,0.0,361.12,C
May,15,00:00:00,1.0,79.0,0.0,0.0,351.46,C
May,15,00:30:00,0.9808,52.0,0.0,0.0,340.37,C
May,15,01:00:00,0.973,37.0,0.0,0.0,235.65,C
May,15,01:30:00,1.0,29.0,0.0,0.0,360.55,C
May,15,02:00:00,1.0,17.0,0.0,0.0,209.24,C
May,15,02:30:00,1.0,15.0,0.0,0.0,241.33,C
May,15,03:00:00,1.0,11.0,0.0,0.0,346.18,C
May,15,03:30:00,1.0,11.0,0.0,0.0,274.36,C
May,15,04:00:00,1.0,12.0,0.0,0.0,313.5,C
May,15,04:30:00,1.0,3.0,0.0,0.0,512.33,C
May,15,05:00:00,1.0,11.0,0.0,0.0,228.73,C
May,15,05:30:00,1.0,21.0,0.0,0.0,377.67,C
May,15,06:00:00,0.9714,35.0,0.0,0.0,226.71,C
May,15,06:30:00,0.898,53.0,4.0,0.0755,287.8,C
May,15,07:00:00,0.9327,106.0,2.0,0.0189,259.97,C
May,15,07:30:00,0.9189,150.0,2.0,0.0133,269.81,C
May,15,08:00:00,0.9035,259.0,0.0,0.0,295.39,C
May,15,08:30:00,0.9562,368.0,3.0,0.0082,308.56,C
May,15,09:00:00,0.9699,500.0,2.0,0.004,322.13,C
May,15,09:30:00,0.9562,666.0,4.0,0.006,327.14,C
May,15,10:00:00,0.9427,751.0,1.0,0.0013,324.93,C
May,15,10:30:00,0.9368,815.0,8.0,0.0098,313.23,C
May,15,11:00:00,0.8727,925.0,6.0,0.0065,323.61,C
May,15,11:30:00,0.866,978.0,8.0,0.0082,344.43,C
May,15,12:00:00,0.9538,912.0,2.0,0.0022,337.72,C
May,15,12:30:00,0.905,931.0,15.0,0.0161,340.79,C
May,15,13:00:00,0.6991,920.0,16.0,0.0174,336.34,C
May,15,13:30:00,0.3558,945.0,40.0,0.0423,330.05,C
May,15,14:00:00,0.259,991.0,49.0,0.0494,341.85,C
May,15,14:30:00,0.4329,1043.0,29.0,0.0278,358.63,C
May,15,15:00:00,0.9637,938.0,1.0,0.0011,333.08,C
May,15,15:30:00,0.9907,861.0,0.0,0.0,351.41,C
May,15,16:00:00,0.999,961.0,5.0,0.0052,353.94,C
May,15,16:30:00,0.9941,843.0,0.0,0.0,365.74,C
May,15,17:00:00,0.9822,843.0,2.0,0.0024,352.86,C
May,15,17:30:00,0.995,810.0,3.0,0.0037,340.0,C
May,15,18:00:00,0.9883,685.0,3.0,0.0044,339.39,C
May,15,18:30:00,0.9728,627.0,1.0,0.0016,340.73,C
May,15,19:00:00,0.9464,579.0,1.0,0.0017,336.96,C
May,15,19:30:00,0.4739,522.0,43.0,0.0824,359.92,C
May,15,20:00:00,0.2424,508.0,83.0,0.1634,370.92,C
May,15,20:30:00,0.3819,441.0,22.0,0.0499,359.05,C
May,15,21:00:00,0.9534,344.0,1.0,0.0029,362.27,C
May,15,21:30:00,1.0,283.0,0.0,0.0,354.76,C
May,15,22:00:00,0.9956,229.0,0.0,0.0,339.39,C
May,15,22:30:00,1.0,168.0,0.0,0.0,331.86,C
May,15,23:00:00,1.0,127.0,0.0,0.0,377.62,C
May,15,23:30:00,0.9895,95.0,0.0,0.0,305.82,C
May,16,00:00:00,1.0,69.0,0.0,0.0,404.42,C
May,16,00:30:00,1.0,43.0,0.0,0.0,335.3,C
May,16,01:00:00,1.0,35.0,0.0,0.0,401.49,C
May,16,01:30:00,1.0,27.0,0.0,0.0,306.93,C
May,16,02:00:00,0.75,17.0,1.0,0.0588,381.13,C
May,16,02:30:00,1.0,15.0,0.0,0.0,377.33,C
May,16,03:00:00,1.0,4.0,0.0,0.0,492.0,C
May,16,03:30:00,1.0,5.0,0.0,0.0,479.6,C
May,16,04:00:00,0.6154,13.0,0.0,0.0,319.85,C
May,16,04:30:00,0.7692,13.0,0.0,0.0,365.46,C
May,16,05:00:00,1.0,7.0,0.0,0.0,382.57,C
May,16,05:30:00,0.9333,16.0,1.0,0.0625,296.6,C
May,16,06:00:00,1.0,28.0,0.0,0.0,295.18,C
May,16,06:30:00,0.8958,52.0,4.0,0.0769,291.88,C
May,16,07:00:00,0.9383,83.0,2.0,0.0241,304.21,C
May,16,07:30:00,0.8671,144.0,1.0,0.0069,267.53,C
May,16,08:00:00,0.8755,253.0,4.0,0.0158,291.71,C
May,16,08:30:00,0.6904,370.0,5.0,0.0135,314.85,C
May,16,09:00:00,0.882,503.0,3.0,0.006,327.47,C
May,16,09:30:00,0.7452,593.0,16.0,0.027,314.21,C
May,16,10:00:00,0.8399,739.0,2.0,0.0027,362.56,C
May,16,10:30:00,0.7168,851.0,14.0,0.0165,315.87,C
May,16,11:00:00,0.8957,897.0,5.0,0.0056,330.14,C
May,16,11:30:00,0.8466,926.0,7.0,0.0076,319.33,C
May,16,12:00:00,0.6506,900.0,30.0,0.0333,330.71,C
May,16,12:30:00,0.4052,973.0,45.0,0.0462,331.59,C
May,16,13:00:00,0.9105,933.0,6.0,0.0064,348.3,C
May,16,13:30:00,0.876,920.0,9.0,0.0098,339.67,C
May,16,14:00:00,0.5966,955.0,18.0,0.0188,345.61,C
May,16,14:30:00,0.926,936.0,3.0,0.0032,322.6,C
May,16,15:00:00,0.4336,877.0,33.0,0.0376,339.78,C
May,16,15:30:00,0.3235,995.0,46.0,0.0462,359.76,C
May,16,16:00:00,0.838,942.0,4.0,0.0042,345.69,C
May,16,16:30:00,0.8015,917.0,10.0,0.0109,335.38,C
May,16,17:00:00,0.7432,788.0,13.0,0.0165,379.65,C
May,16,17:30:00,0.9381,744.0,1.0,0.0013,353.47,C
May,16,18:00:00,0.9621,636.0,2.0,0.0031,337.26,C
May,16,18:30:00,0.7215,586.0,8.0,0.0137,355.11,C
May,16,19:00:00,0.9616,551.0,4.0,0.0073,337.47,C
May,16,19:30:00,0.9589,438.0,0.0,0.0,352.64,C
May,16,20:00:00,0.6006,369.0,6.0,0.0163,343.61,C
May,16,20:30:00,0.9684,316.0,0.0,0.0,332.11,C
May,16,21:00:00,0.8079,306.0,4.0,0.0131,343.65,C
May,16,21:30:00,0.9628,242.0,0.0,0.0,331.77,C
May,16,22:00:00,0.913,184.0,0.0,0.0,378.3,C
May,16,22:30:00,0.993,142.0,0.0,0.0,345.49,C
May,16,23:00:00,1.0,106.0,0.0,0.0,267.93,C
May,16,23:30:00,1.0,96.0,0.0,0.0,312.89,C
May,17,00:00:00,1.0,75.0,0.0,0.0,368.67,C
May,17,00:30:00,1.0,63.0,0.0,0.0,307.68,C
May,17,01:00:00,0.8636,46.0,2.0,0.0435,383.3,C
May,17,01:30:00,1.0,25.0,0.0,0.0,302.28,C
May,17,02:00:00,0.5,20.0,2.0,0.1,347.17,C
May,17,02:30:00,1.0,6.0,0.0,0.0,499.5,C
May,17,03:00:00,1.0,10.0,2.0,0.2,516.5,C
May,17,03:30:00,1.0,11.0,0.0,0.0,461.64,C
May,17,04:00:00,1.0,4.0,0.0,0.0,162.5,C
May,17,04:30:00,1.0,10.0,0.0,0.0,250.2,C
May,17,05:00:00,1.0,2.0,0.0,0.0,882.5,C
May,17,05:30:00,1.0,9.0,0.0,0.0,364.33,C
May,17,06:00:00,1.0,23.0,0.0,0.0,289.22,C
May,17,06:30:00,1.0,29.0,1.0,0.0345,294.0,C
May,17,07:00:00,0.9231,52.0,0.0,0.0,266.87,C
May,17,07:30:00,0.8132,95.0,4.0,0.0421,281.18,C
May,17,08:00:00,0.8805,161.0,2.0,0.0124,296.25,C
May,17,08:30:00,0.4545,212.0,14.0,0.066,315.21,C
May,17,09:00:00,0.9083,342.0,4.0,0.0117,287.02,C
May,17,09:30:00,0.3333,395.0,32.0,0.081,335.51,C
May,17,10:00:00,0.8404,496.0,1.0,0.002,315.13,C
May,17,10:30:00,0.9891,552.0,2.0,0.0036,333.11,C
May,17,11:00:00,0.9535,626.0,3.0,0.0048,345.5,C
May,17,11:30:00,0.6232,644.0,23.0,0.0357,353.55,C
May,17,12:00:00,0.839,622.0,7.0,0.0113,331.76,C
May,17,12:30:00,0.4515,629.0,31.0,0.0493,337.61,C
May,17,13:00:00,0.8047,683.0,7.0,0.0102,322.19,C
May,17,13:30:00,0.8736,626.0,9.0,0.0144,339.71,C
May,17,14:00:00,0.5268,616.0,37.0,0.0601,342.48,C
May,17,14:30:00,0.7521,604.0,3.0,0.005,347.81,C
May,17,15:00:00,0.9556,564.0,1.0,0.0018,339.98,C
May,17,15:30:00,0.9892,555.0,1.0,0.0018,339.49,C
May,17,16:00:00,0.9895,575.0,1.0,0.0017,321.31,C
May,17,16:30:00,0.9958,478.0,1.0,0.0021,348.35,C
May,17,17:00:00,0.9769,477.0,0.0,0.0,345.78,C
May,17,17:30:00,0.9978,458.0,2.0,0.0044,339.33,C
May,17,18:00:00,0.9711,453.0,3.0,0.0066,336.61,C
May,17,18:30:00,0.9626,402.0,1.0,0.0025,339.04,C
May,17,19:00:00,0.9458,372.0,3.0,0.0081,302.28,C
May,17,19:30:00,0.9822,282.0,1.0,0.0035,311.51,C
May,17,20:00:00,0.3309,298.0,20.0,0.0671,336.92,C
May,17,20:30:00,0.2471,283.0,24.0,0.0848,376.41,C
May,17,21:00:00,0.6667,219.0,9.0,0.0411,356.28,C
May,17,21:30:00,0.9091,176.0,0.0,0.0,348.91,C
May,17,22:00:00,1.0,124.0,0.0,0.0,315.02,C
May,17,22:30:00,0.9828,116.0,0.0,0.0,298.37,C
May,17,23:00:00,1.0,83.0,1.0,0.012,310.82,C
May,17,23:30:00,0.9873,79.0,0.0,0.0,409.14,C
May,18,00:00:00,1.0,43.0,0.0,0.0,303.51,C
May,18,00:30:00,1.0,35.0,0.0,0.0,325.97,C
May,18,01:00:00,0.9259,28.0,1.0,0.0357,329.74,C
May,18,01:30:00,0.9655,32.0,3.0,0.0938,235.62,C
May,18,02:00:00,0.5909,28.0,6.0,0.2143,265.55,C
May,18,02:30:00,0.2941,28.0,11.0,0.3929,396.65,C
May,18,03:00:00,0.7692,18.0,5.0,0.2778,348.38,C
May,18,03:30:00,1.0,11.0,0.0,0.0,325.18,C
May,18,04:00:00,1.0,9.0,0.0,0.0,249.56,C
May,18,04:30:00,1.0,6.0,0.0,0.0,272.17,C
May,18,05:00:00,1.0,8.0,0.0,0.0,336.75,C
May,18,05:30:00,1.0,11.0,0.0,0.0,246.36,C
May,18,06:00:00,1.0,14.0,0.0,0.0,335.71,C
May,18,06:30:00,0.9583,24.0,0.0,0.0,266.92,C
May,18,07:00:00,1.0,40.0,0.0,0.0,266.25,C
May,18,07:30:00,1.0,54.0,1.0,0.0185,301.81,C
May,18,08:00:00,0.8824,119.0,0.0,0.0,271.14,C
May,18,08:30:00,0.992,126.0,1.0,0.0079,262.35,C
May,18,09:00:00,1.0,150.0,0.0,0.0,277.34,C
May,18,09:30:00,0.9704,204.0,1.0,0.0049,281.38,C
May,18,10:00:00,0.9925,267.0,0.0,0.0,285.27,C
May,18,10:30:00,0.9431,287.0,6.0,0.0209,294.91,C
May,18,11:00:00,0.9255,326.0,4.0,0.0123,311.0,C
May,18,11:30:00,0.5209,371.0,12.0,0.0323,325.61,C
May,18,12:00:00,0.9478,402.0,0.0,0.0,319.04,C
May,18,12:30:00,0.8955,406.0,4.0,0.0099,305.53,C
May,18,13:00:00,0.7284,438.0,22.0,0.0502,322.63,C
May,18,13:30:00,0.1615,409.0,25.0,0.0611,336.53,C
May,18,14:00:00,0.6093,436.0,6.0,0.0138,331.92,C
May,18,14:30:00,0.9777,451.0,2.0,0.0044,303.92,C
May,18,15:00:00,0.9974,391.0,3.0,0.0077,329.8,C
May,18,15:30:00,0.9832,417.0,0.0,0.0,317.39,C
May,18,16:00:00,0.9772,394.0,0.0,0.0,340.98,C
May,18,16:30:00,1.0,362.0,0.0,0.0,304.48,C
May,18,17:00:00,0.9972,355.0,1.0,0.0028,335.98,C
May,18,17:30:00,0.9971,341.0,0.0,0.0,302.26,C
May,18,18:00:00,0.9472,306.0,3.0,0.0098,341.9,C
May,18,18:30:00,1.0,273.0,0.0,0.0,305.74,C
May,18,19:00:00,0.9958,236.0,0.0,0.0,358.25,C
May,18,19:30:00,1.0,252.0,1.0,0.004,342.19,C
May,18,20:00:00,0.9854,207.0,1.0,0.0048,328.38,C
May,18,20:30:00,1.0,183.0,0.0,0.0,309.97,C
May,18,21:00:00,1.0,168.0,0.0,0.0,285.92,C
May,18,21:30:00,1.0,146.0,0.0,0.0,286.21,C
May,18,22:00:00,1.0,125.0,0.0,0.0,351.19,C
May,18,22:30:00,0.9898,99.0,1.0,0.0101,325.34,C
May,18,23:00:00,1.0,83.0,0.0,0.0,306.1,C
May,18,23:30:00,1.0,82.0,0.0,0.0,297.6,C
May,19,00:00:00,1.0,38.0,0.0,0.0,312.95,C
May,19,00:30:00,0.9778,46.0,1.0,0.0217,325.82,C
May,19,01:00:00,0.8788,34.0,1.0,0.0294,342.0,C
May,19,01:30:00,1.0,23.0,0.0,0.0,298.26,C
May,19,02:00:00,0.9412,17.0,0.0,0.0,232.53,C
May,19,02:30:00,1.0,14.0,0.0,0.0,369.29,C
May,19,03:00:00,1.0,10.0,0.0,0.0,395.1,C
May,19,03:30:00,1.0,11.0,0.0,0.0,370.91,C
May,19,04:00:00,1.0,10.0,0.0,0.0,308.1,C
May,19,04:30:00,1.0,9.0,0.0,0.0,182.22,C
May,19,05:00:00,1.0,8.0,0.0,0.0,264.5,C
May,19,05:30:00,1.0,14.0,0.0,0.0,301.14,C
May,19,06:00:00,1.0,25.0,0.0,0.0,243.84,C
May,19,06:30:00,0.9556,45.0,0.0,0.0,274.53,C
May,19,07:00:00,1.0,69.0,0.0,0.0,238.26,C
May,19,07:30:00,0.9587,121.0,0.0,0.0,222.91,C
May,19,08:00:00,0.9916,239.0,0.0,0.0,279.1,C
May,19,08:30:00,0.9946,367.0,0.0,0.0,295.11,C
May,19,09:00:00,0.9923,520.0,2.0,0.0038,319.05,C
May,19,09:30:00,0.9911,680.0,3.0,0.0044,321.14,C
May,19,10:00:00,0.9713,810.0,8.0,0.0099,324.98,C
May,19,10:30:00,0.8848,911.0,8.0,0.0088,326.95,C
May,19,11:00:00,0.9375,1016.0,8.0,0.0079,338.51,C
May,19,11:30:00,0.699,1048.0,18.0,0.0172,358.62,C
May,19,12:00:00,0.5913,1061.0,31.0,0.0292,349.22,C
May,19,12:30:00,0.2559,1067.0,51.0,0.0478,349.54,C
May,19,13:00:00,0.4607,1046.0,15.0,0.0143,353.8,C
May,19,13:30:00,0.9299,1044.0,2.0,0.0019,356.62,C
May,19,14:00:00,0.6718,1064.0,16.0,0.015,356.41,C
May,19,14:30:00,0.758,1060.0,23.0,0.0217,357.48,C
May,19,15:00:00,0.9864,1031.0,4.0,0.0039,331.11,C
May,19,15:30:00,0.9908,1086.0,1.0,0.0009,337.76,C
May,19,16:00:00,0.9925,1064.0,3.0,0.0028,370.16,C
May,19,16:30:00,0.9922,1034.0,2.0,0.0019,360.47,C
May,19,17:00:00,0.9465,936.0,1.0,0.0011,349.14,C
May,19,17:30:00,0.9852,878.0,1.0,0.0011,333.04,C
May,19,18:00:00,0.9391,814.0,9.0,0.0111,345.77,C
May,19,18:30:00,0.5966,726.0,12.0,0.0165,364.04,C
May,19,19:00:00,0.8599,634.0,6.0,0.0095,374.04,C
May,19,19:30:00,0.7783,609.0,9.0,0.0148,347.48,C
May,19,20:00:00,0.8611,513.0,2.0,0.0039,349.84,C
May,19,20:30:00,0.9877,410.0,2.0,0.0049,312.31,C
May,19,21:00:00,0.9355,343.0,2.0,0.0058,365.13,C
May,19,21:30:00,0.9907,322.0,1.0,0.0031,319.17,C
May,19,22:00:00,0.9783,232.0,2.0,0.0086,364.56,C
May,19,22:30:00,0.9946,185.0,0.0,0.0,340.09,C
May,19,23:00:00,1.0,126.0,0.0,0.0,334.63,C
May,19,23:30:00,0.9897,97.0,0.0,0.0,352.14,C
May,20,00:00:00,1.0,72.0,0.0,0.0,356.86,C
May,20,00:30:00,1.0,45.0,0.0,0.0,347.89,C
May,20,01:00:00,1.0,27.0,0.0,0.0,371.0,C
May,20,01:30:00,1.0,24.0,1.0,0.0417,336.22,C
May,20,02:00:00,0.7143,22.0,1.0,0.0455,329.43,C
May,20,02:30:00,1.0,15.0,0.0,0.0,383.87,C
May,20,03:00:00,1.0,15.0,1.0,0.0667,315.0,C
May,20,03:30:00,1.0,13.0,0.0,0.0,222.08,C
May,20,04:00:00,1.0,9.0,0.0,0.0,285.33,C
May,20,04:30:00,1.0,5.0,0.0,0.0,210.0,C
May,20,05:00:00,1.0,6.0,1.0,0.1667,342.2,C
May,20,05:30:00,1.0,13.0,0.0,0.0,317.23,C
May,20,06:00:00,1.0,30.0,1.0,0.0333,284.21,C
May,20,06:30:00,1.0,44.0,1.0,0.0227,250.79,C
May,20,07:00:00,0.9882,86.0,1.0,0.0116,292.65,C
May,20,07:30:00,0.9371,143.0,0.0,0.0,275.47,C
May,20,08:00:00,0.9151,261.0,2.0,0.0077,287.0,C
May,20,08:30:00,0.8952,335.0,1.0,0.003,309.69,C
May,20,09:00:00,0.9981,522.0,3.0,0.0057,308.13,C
May,20,09:30:00,0.9891,644.0,3.0,0.0047,340.08,C
May,20,10:00:00,0.9879,751.0,5.0,0.0067,318.56,C
May,20,10:30:00,0.5642,853.0,27.0,0.0317,340.97,C
May,20,11:00:00,0.7278,942.0,9.0,0.0096,335.41,C
May,20,11:30:00,0.9542,945.0,7.0,0.0074,349.87,C
May,20,12:00:00,0.69,985.0,27.0,0.0274,322.09,C
May,20,12:30:00,0.2864,898.0,46.0,0.0512,369.05,C
May,20,13:00:00,0.5934,993.0,24.0,0.0242,359.15,C
May,20,13:30:00,0.3256,925.0,68.0,0.0735,362.39,C
May,20,14:00:00,0.6388,1016.0,11.0,0.0108,366.58,C
May,20,14:30:00,0.8911,961.0,6.0,0.0062,360.74,C
May,20,15:00:00,0.9796,932.0,2.0,0.0021,353.76,C
May,20,15:30:00,0.9895,949.0,0.0,0.0,343.19,C
May,20,16:00:00,0.9989,949.0,2.0,0.0021,354.95,C
May,20,16:30:00,0.9946,925.0,1.0,0.0011,360.47,C
May,20,17:00:00,0.9988,835.0,1.0,0.0012,369.68,C
May,20,17:30:00,0.9937,788.0,0.0,0.0,346.74,C
May,20,18:00:00,0.9764,765.0,2.0,0.0026,356.03,C
May,20,18:30:00,0.9879,661.0,2.0,0.003,336.19,C
May,20,19:00:00,0.993,574.0,2.0,0.0035,363.4,C
May,20,19:30:00,0.9867,528.0,0.0,0.0,335.53,C
May,20,20:00:00,0.9204,470.0,5.0,0.0106,350.64,C
May,20,20:30:00,0.9787,424.0,2.0,0.0047,344.9,C
May,20,21:00:00,0.9888,361.0,4.0,0.0111,349.13,C
May,20,21:30:00,0.9929,283.0,0.0,0.0,358.52,C
May,20,22:00:00,0.9733,263.0,1.0,0.0038,336.06,C
May,20,22:30:00,0.9808,208.0,0.0,0.0,378.48,C
May,20,23:00:00,1.0,140.0,0.0,0.0,312.99,C
May,20,23:30:00,1.0,94.0,0.0,0.0,328.0,C
May,21,00:00:00,0.9851,67.0,0.0,0.0,359.91,C
May,21,00:30:00,1.0,46.0,0.0,0.0,333.59,C
May,21,01:00:00,1.0,42.0,0.0,0.0,362.98,C
May,21,01:30:00,1.0,21.0,0.0,0.0,357.38,C
May,21,02:00:00,1.0,19.0,0.0,0.0,253.74,C
May,21,02:30:00,0.9767,45.0,2.0,0.0444,173.4,C
May,21,03:00:00,1.0,20.0,1.0,0.05,318.84,C
May,21,03:30:00,1.0,10.0,0.0,0.0,441.3,C
May,21,04:00:00,1.0,9.0,0.0,0.0,205.44,C
May,21,04:30:00,1.0,14.0,0.0,0.0,258.71,C
May,21,05:00:00,1.0,8.0,0.0,0.0,220.88,C
May,21,05:30:00,1.0,20.0,0.0,0.0,227.45,C
May,21,06:00:00,0.8857,35.0,0.0,0.0,318.06,C
May,21,06:30:00,0.9815,56.0,2.0,0.0357,246.09,C
May,21,07:00:00,0.9889,90.0,0.0,0.0,272.97,C
May,21,07:30:00,0.9926,136.0,1.0,0.0074,287.87,C
May,21,08:00:00,0.9838,247.0,0.0,0.0,295.26,C
May,21,08:30:00,0.9659,355.0,3.0,0.0085,288.37,C
May,21,09:00:00,0.9882,508.0,1.0,0.002,298.04,C
May,21,09:30:00,0.9278,667.0,16.0,0.024,321.05,C
May,21,10:00:00,0.9254,798.0,7.0,0.0088,324.67,C
May,21,10:30:00,0.406,871.0,41.0,0.0471,335.35,C
May,21,11:00:00,0.5318,951.0,22.0,0.0231,349.65,C
May,21,11:30:00,0.8806,1002.0,14.0,0.014,339.43,C
May,21,12:00:00,0.8262,949.0,11.0,0.0116,332.88,C
May,21,12:30:00,0.7193,958.0,14.0,0.0146,328.82,C
May,21,13:00:00,0.9915,942.0,2.0,0.0021,340.64,C
May,21,13:30:00,0.8503,959.0,4.0,0.0042,346.93,C
May,21,14:00:00,0.9909,883.0,1.0,0.0011,358.42,C
May,21,14:30:00,0.9935,930.0,2.0,0.0022,350.29,C
May,21,15:00:00,0.9989,915.0,1.0,0.0011,354.59,C
May,21,15:30:00,0.9949,986.0,2.0,0.002,355.59,C
May,21,16:00:00,0.9766,944.0,2.0,0.0021,364.54,C
May,21,16:30:00,1.0,925.0,0.0,0.0,351.21,C
May,21,17:00:00,0.9976,828.0,1.0,0.0012,332.71,C
May,21,17:30:00,0.6483,785.0,23.0,0.0293,373.57,C
May,21,18:00:00,0.7497,742.0,7.0,0.0094,357.92,C
May,21,18:30:00,0.9751,685.0,1.0,0.0015,344.16,C
May,21,19:00:00,0.9962,531.0,1.0,0.0019,350.53,C
May,21,19:30:00,0.928,491.0,5.0,0.0102,357.2,C
May,21,20:00:00,0.9561,433.0,0.0,0.0,343.37,C
May,21,20:30:00,0.9775,357.0,1.0,0.0028,357.91,C
May,21,21:00:00,0.9331,300.0,1.0,0.0033,375.97,C
May,21,21:30:00,1.0,268.0,0.0,0.0,331.33,C
May,21,22:00:00,0.7535,221.0,6.0,0.0271,342.93,C
May,21,22:30:00,0.9758,165.0,0.0,0.0,343.73,C
May,21,23:00:00,1.0,134.0,0.0,0.0,293.14,C
May,21,23:30:00,1.0,99.0,0.0,0.0,353.76,C
May,22,00:00:00,1.0,79.0,0.0,0.0,352.32,C
May,22,00:30:00,1.0,59.0,0.0,0.0,355.59,C
May,22,01:00:00,0.9706,34.0,0.0,0.0,272.06,C
May,22,01:30:00,1.0,20.0,0.0,0.0,525.05,C
May,22,02:00:00,0.9412,18.0,1.0,0.0556,271.94,C
May,22,02:30:00,1.0,18.0,0.0,0.0,176.33,C
May,22,03:00:00,1.0,8.0,0.0,0.0,408.5,C
May,22,03:30:00,1.0,11.0,0.0,0.0,379.0,C
May,22,04:00:00,0.9231,13.0,0.0,0.0,321.54,C
May,22,04:30:00,0.4,11.0,1.0,0.0909,469.3,C
May,22,05:00:00,0.375,19.0,3.0,0.1579,461.88,C
May,22,05:30:00,0.8462,14.0,1.0,0.0714,268.38,C
May,22,06:00:00,0.913,23.0,0.0,0.0,312.22,C
May,22,06:30:00,0.9744,39.0,0.0,0.0,296.64,C
May,22,07:00:00,1.0,79.0,0.0,0.0,262.95,C
May,22,07:30:00,0.9779,137.0,1.0,0.0073,239.65,C
May,22,08:00:00,0.9464,261.0,0.0,0.0,294.65,C
May,22,08:30:00,0.9973,371.0,0.0,0.0,295.11,C
May,22,09:00:00,0.9867,529.0,2.0,0.0038,313.06,C
May,22,09:30:00,0.9832,654.0,1.0,0.0015,316.22,C
May,22,10:00:00,0.9933,745.0,1.0,0.0013,316.39,C
May,22,10:30:00,0.9923,783.0,3.0,0.0038,335.03,C
May,22,11:00:00,0.9964,836.0,0.0,0.0,334.75,C
May,22,11:30:00,0.9329,871.0,7.0,0.008,324.87,C
May,22,12:00:00,0.8478,841.0,13.0,0.0155,340.73,C
May,22,12:30:00,0.6723,914.0,23.0,0.0252,344.92,C
May,22,13:00:00,0.7851,919.0,7.0,0.0076,359.04,C
May,22,13:30:00,0.9876,809.0,1.0,0.0012,339.63,C
May,22,14:00:00,0.9833,902.0,2.0,0.0022,334.85,C
May,22,14:30:00,0.5354,911.0,35.0,0.0384,333.75,C
May,22,15:00:00,0.7617,879.0,6.0,0.0068,342.56,C
May,22,15:30:00,0.9965,858.0,1.0,0.0012,342.51,C
May,22,16:00:00,0.9916,839.0,2.0,0.0024,362.76,C
May,22,16:30:00,0.9892,836.0,3.0,0.0036,341.88,C
May,22,17:00:00,0.931,789.0,6.0,0.0076,351.72,C
May,22,17:30:00,0.8468,734.0,3.0,0.0041,331.23,C
May,22,18:00:00,0.7289,643.0,16.0,0.0249,334.95,C
May,22,18:30:00,0.9772,569.0,0.0,0.0,344.38,C
May,22,19:00:00,0.8898,513.0,5.0,0.0097,330.73,C
May,22,19:30:00,0.5898,467.0,16.0,0.0343,361.89,C
May,22,20:00:00,0.2874,436.0,22.0,0.0505,369.4,C
May,22,20:30:00,0.6156,402.0,4.0,0.01,345.97,C
May,22,21:00:00,0.9765,298.0,0.0,0.0,388.2,C
May,22,21:30:00,1.0,247.0,0.0,0.0,367.83,C
May,22,22:00:00,1.0,231.0,0.0,0.0,341.79,C
May,22,22:30:00,0.9943,175.0,0.0,0.0,338.82,C
May,22,23:00:00,1.0,118.0,0.0,0.0,327.46,C
May,22,23:30:00,1.0,101.0,1.0,0.0099,355.11,C
May,23,00:00:00,1.0,77.0,0.0,0.0,310.7,C
May,23,00:30:00,1.0,51.0,0.0,0.0,339.67,C
May,23,01:00:00,0.9706,35.0,1.0,0.0286,370.62,C
May,23,01:30:00,1.0,41.0,0.0,0.0,248.1,C
May,23,02:00:00,1.0,19.0,1.0,0.0526,434.72,C
May,23,02:30:00,1.0,15.0,0.0,0.0,339.27,C
May,23,03:00:00,1.0,6.0,0.0,0.0,706.67,C
May,23,03:30:00,1.0,12.0,0.0,0.0,427.25,C
May,23,04:00:00,1.0,6.0,0.0,0.0,277.83,C
May,23,04:30:00,1.0,12.0,0.0,0.0,261.58,C
May,23,05:00:00,1.0,17.0,1.0,0.0588,353.31,C
May,23,05:30:00,0.5385,17.0,4.0,0.2353,339.23,C
May,23,06:00:00,0.8667,30.0,0.0,0.0,276.53,C
May,23,06:30:00,0.9348,47.0,1.0,0.0213,252.89,C
May,23,07:00:00,0.9733,75.0,0.0,0.0,264.87,C
May,23,07:30:00,0.9776,135.0,1.0,0.0074,274.05,C
May,23,08:00:00,0.9887,267.0,1.0,0.0037,316.27,C
May,23,08:30:00,0.9921,381.0,0.0,0.0,342.61,C
May,23,09:00:00,0.9959,485.0,2.0,0.0041,315.63,C
May,23,09:30:00,0.9908,652.0,3.0,0.0046,299.55,C
May,23,10:00:00,0.9376,707.0,2.0,0.0028,310.7,C
May,23,10:30:00,0.8969,745.0,8.0,0.0107,349.37,C
May,23,11:00:00,0.8529,809.0,0.0,0.0,323.1,C
May,23,11:30:00,0.9099,897.0,9.0,0.01,336.63,C
May,23,12:00:00,0.6364,889.0,9.0,0.0101,333.69,C
May,23,12:30:00,0.8918,873.0,4.0,0.0046,329.3,C
May,23,13:00:00,0.8165,868.0,7.0,0.0081,347.89,C
May,23,13:30:00,0.8974,854.0,6.0,0.007,343.77,C
May,23,14:00:00,0.9909,885.0,5.0,0.0056,350.68,C
May,23,14:30:00,0.914,917.0,10.0,0.0109,357.31,C
May,23,15:00:00,0.8309,815.0,46.0,0.0564,354.38,C
May,23,15:30:00,0.3446,772.0,238.0,0.3083,339.53,C
May,23,16:00:00,0.2726,971.0,197.0,0.2029,322.12,C
May,23,16:30:00,0.2915,876.0,56.0,0.0639,362.75,C
May,23,17:00:00,0.4886,816.0,24.0,0.0294,345.76,C
May,23,17:30:00,0.9912,683.0,1.0,0.0015,346.45,C
May,23,18:00:00,0.9759,586.0,6.0,0.0102,361.22,C
May,23,18:30:00,0.8409,576.0,4.0,0.0069,324.09,C
May,23,19:00:00,0.9845,518.0,1.0,0.0019,344.19,C
May,23,19:30:00,1.0,439.0,0.0,0.0,316.59,C
May,23,20:00:00,0.7671,401.0,6.0,0.015,344.77,C
May,23,20:30:00,0.9875,321.0,1.0,0.0031,323.67,C
May,23,21:00:00,0.9963,269.0,0.0,0.0,341.28,C
May,23,21:30:00,1.0,230.0,0.0,0.0,374.39,C
May,23,22:00:00,0.9942,172.0,0.0,0.0,292.0,C
May,23,22:30:00,1.0,159.0,0.0,0.0,339.89,C
May,23,23:00:00,1.0,106.0,0.0,0.0,353.74,C
May,23,23:30:00,1.0,85.0,0.0,0.0,268.51,C
May,24,00:00:00,1.0,52.0,0.0,0.0,272.35,C
May,24,00:30:00,1.0,44.0,0.0,0.0,352.27,C
May,24,01:00:00,1.0,29.0,0.0,0.0,259.66,C
May,24,01:30:00,1.0,23.0,0.0,0.0,291.26,C
May,24,02:00:00,0.9375,16.0,0.0,0.0,291.5,C
May,24,02:30:00,1.0,14.0,0.0,0.0,284.14,C
May,24,03:00:00,1.0,6.0,0.0,0.0,680.17,C
May,24,03:30:00,1.0,9.0,0.0,0.0,260.89,C
May,24,04:00:00,1.0,9.0,0.0,0.0,355.22,C
May,24,04:30:00,1.0,7.0,0.0,0.0,389.43,C
May,24,05:00:00,1.0,9.0,0.0,0.0,399.0,C
May,24,05:30:00,1.0,10.0,0.0,0.0,507.9,C
May,24,06:00:00,1.0,14.0,0.0,0.0,308.93,C
May,24,06:30:00,0.973,37.0,0.0,0.0,324.32,C
May,24,07:00:00,1.0,56.0,1.0,0.0179,233.13,C
May,24,07:30:00,0.9398,84.0,1.0,0.0119,278.8,C
May,24,08:00:00,0.9251,187.0,0.0,0.0,239.49,C
May,24,08:30:00,0.9957,233.0,0.0,0.0,308.4,C
May,24,09:00:00,1.0,343.0,1.0,0.0029,294.07,C
May,24,09:30:00,1.0,392.0,2.0,0.0051,321.1,C
May,24,10:00:00,0.9978,455.0,0.0,0.0051,321.1,C
May,24,10:30:00,0.9939,494.0,0.0,0.0051,321.1,C
May,24,11:00:00,0.9915,590.0,0.0,0.0051,321.1,C
May,24,11:30:00,0.9912,571.0,0.0,0.0051,321.1,C
May,24,12:00:00,0.9912,568.0,0.0,0.0051,321.1,C
May,24,12:30:00,0.939,596.0,6.0,0.0051,321.1,C
May,24,13:00:00,0.5405,630.0,25.0,0.0051,321.1,C
May,24,13:30:00,0.2922,638.0,46.0,0.0051,321.1,C
May,24,14:00:00,0.6589,614.0,16.0,0.0261,339.1,C
May,24,14:30:00,0.3601,580.0,33.0,0.0569,331.42,C
May,24,15:00:00,0.9551,534.0,0.0,0.0,366.24,C
May,24,15:30:00,1.0,545.0,0.0,0.0,327.61,C
May,24,16:00:00,0.9981,523.0,1.0,0.0019,337.46,C
May,24,16:30:00,1.0,437.0,1.0,0.0023,328.0,C
May,24,17:00:00,1.0,407.0,0.0,0.0,325.37,C
May,24,17:30:00,0.9896,482.0,0.0,0.0,342.48,C
May,24,18:00:00,0.9659,412.0,1.0,0.0024,332.49,C
May,24,18:30:00,1.0,336.0,1.0,0.003,353.32,C
May,24,19:00:00,1.0,309.0,0.0,0.0,295.0,C
May,24,19:30:00,0.9623,292.0,0.0,0.0,317.33,C
May,24,20:00:00,0.7004,273.0,6.0,0.022,354.28,C
May,24,20:30:00,0.9744,235.0,1.0,0.0043,317.2,C
May,24,21:00:00,0.9706,205.0,1.0,0.0049,337.15,C
May,24,21:30:00,0.9942,172.0,0.0,0.0,305.66,C
May,24,22:00:00,0.9915,117.0,0.0,0.0,340.12,C
May,24,22:30:00,0.9423,104.0,0.0,0.0,299.43,C
May,24,23:00:00,0.9853,68.0,0.0,0.0,354.93,C
May,24,23:30:00,1.0,77.0,0.0,0.0,315.03,C
May,25,00:00:00,0.9767,44.0,1.0,0.0227,234.33,C
May,25,00:30:00,0.9737,38.0,0.0,0.0,359.5,C
May,25,01:00:00,1.0,23.0,1.0,0.0435,273.55,C
May,25,01:30:00,0.9615,26.0,0.0,0.0,276.88,C
May,25,02:00:00,1.0,15.0,0.0,0.0,294.53,C
May,25,02:30:00,0.9091,11.0,0.0,0.0,277.82,C
May,25,03:00:00,0.9474,19.0,0.0,0.0,230.89,C
May,25,03:30:00,0.8462,13.0,0.0,0.0,374.62,C
May,25,04:00:00,1.0,8.0,0.0,0.0,311.13,C
May,25,04:30:00,1.0,3.0,0.0,0.0,131.67,C
May,25,05:00:00,1.0,6.0,0.0,0.0,162.5,C
May,25,05:30:00,1.0,6.0,0.0,0.0,195.17,C
May,25,06:00:00,1.0,23.0,0.0,0.0,211.09,C
May,25,06:30:00,1.0,21.0,1.0,0.0476,228.25,C
May,25,07:00:00,1.0,31.0,0.0,0.0,269.42,C
May,25,07:30:00,0.9643,56.0,0.0,0.0,211.75,C
May,25,08:00:00,1.0,90.0,0.0,0.0,257.62,C
May,25,08:30:00,1.0,130.0,1.0,0.0077,292.81,C
May,25,09:00:00,1.0,171.0,0.0,0.0,300.23,C
May,25,09:30:00,1.0,177.0,1.0,0.0056,255.85,C
May,25,10:00:00,0.9963,268.0,1.0,0.0037,291.28,C
May,25,10:30:00,0.9931,290.0,1.0,0.0034,294.93,C
May,25,11:00:00,0.9966,292.0,0.0,0.0,301.61,C
May,25,11:30:00,1.0,336.0,0.0,0.0,281.09,C
May,25,12:00:00,1.0,357.0,1.0,0.0028,303.64,C
May,25,12:30:00,1.0,352.0,1.0,0.0028,286.73,C
May,25,13:00:00,1.0,389.0,1.0,0.0026,308.19,C
May,25,13:30:00,1.0,348.0,1.0,0.0029,291.4,C
May,25,14:00:00,0.997,334.0,0.0,0.0,313.79,C
May,25,14:30:00,1.0,370.0,2.0,0.0054,321.2,C
May,25,15:00:00,0.9974,390.0,0.0,0.0,322.71,C
May,25,15:30:00,0.9972,358.0,0.0,0.0,322.8,C
May,25,16:00:00,1.0,353.0,0.0,0.0,312.13,C
May,25,16:30:00,0.9972,359.0,0.0,0.0,295.62,C
May,25,17:00:00,1.0,298.0,0.0,0.0,313.86,C
May,25,17:30:00,0.9969,327.0,1.0,0.0031,293.76,C
May,25,18:00:00,1.0,257.0,0.0,0.0,310.02,C
May,25,18:30:00,1.0,223.0,0.0,0.0,346.08,C
May,25,19:00:00,1.0,235.0,0.0,0.0,310.48,C
May,25,19:30:00,1.0,192.0,0.0,0.0,308.55,C
May,25,20:00:00,0.989,181.0,0.0,0.0,298.76,C
May,25,20:30:00,0.9942,171.0,0.0,0.0,310.96,C
May,25,21:00:00,1.0,126.0,0.0,0.0,255.95,C
May,25,21:30:00,1.0,123.0,0.0,0.0,305.6,C
May,25,22:00:00,1.0,103.0,0.0,0.0,303.98,C
May,25,22:30:00,1.0,111.0,0.0,0.0,306.8,C
May,25,23:00:00,1.0,90.0,0.0,0.0,274.78,C
May,25,23:30:00,1.0,64.0,0.0,0.0,304.27,C
May,26,00:00:00,1.0,54.0,0.0,0.0,332.65,C
May,26,00:30:00,1.0,41.0,0.0,0.0,332.12,C
May,26,01:00:00,1.0,37.0,0.0,0.0,318.78,C
May,26,01:30:00,1.0,23.0,0.0,0.0,342.3,C
May,26,02:00:00,0.9167,12.0,0.0,0.0,256.42,C
May,26,02:30:00,0.6667,12.0,0.0,0.0,362.33,C
May,26,03:00:00,1.0,6.0,0.0,0.0,315.83,C
May,26,03:30:00,1.0,11.0,0.0,0.0,246.45,C
May,26,04:00:00,1.0,12.0,0.0,0.0,304.42,C
May,26,04:30:00,1.0,5.0,0.0,0.0,272.2,C
May,26,05:00:00,1.0,11.0,0.0,0.0,396.18,C
May,26,05:30:00,1.0,9.0,0.0,0.0,355.11,C
May,26,06:00:00,0.9,10.0,0.0,0.0,229.7,C
May,26,06:30:00,1.0,27.0,0.0,0.0,430.67,C
May,26,07:00:00,0.9737,38.0,0.0,0.0,212.24,C
May,26,07:30:00,1.0,77.0,0.0,0.0,277.96,C
May,26,08:00:00,0.993,143.0,1.0,0.007,251.13,C
May,26,08:30:00,0.9949,197.0,0.0,0.0,292.66,C
May,26,09:00:00,0.996,253.0,0.0,0.0,264.07,C
May,26,09:30:00,0.9874,318.0,0.0,0.0,341.87,C
May,26,10:00:00,0.9869,382.0,0.0,0.0,305.77,C
May,26,10:30:00,0.9978,448.0,0.0,0.0,296.87,C
May,26,11:00:00,1.0,498.0,0.0,0.0,325.21,C
May,26,11:30:00,0.9797,494.0,1.0,0.002,310.84,C
May,26,12:00:00,0.9743,547.0,2.0,0.0037,304.31,C
May,26,12:30:00,0.9571,516.0,3.0,0.0058,292.78,C
May,26,13:00:00,0.9919,494.0,0.0,0.0,310.22,C
May,26,13:30:00,1.0,470.0,0.0,0.0,346.83,C
May,26,14:00:00,0.994,496.0,0.0,0.0,320.15,C
May,26,14:30:00,1.0,494.0,0.0,0.0,321.44,C
May,26,15:00:00,0.9978,458.0,1.0,0.0022,290.59,C
May,26,15:30:00,0.9978,452.0,0.0,0.0,316.57,C
May,26,16:00:00,0.9977,444.0,2.0,0.0045,307.87,C
May,26,16:30:00,1.0,423.0,0.0,0.0,310.23,C
May,26,17:00:00,1.0,416.0,0.0,0.0,306.8,C
May,26,17:30:00,0.9974,391.0,1.0,0.0026,334.04,C
May,26,18:00:00,1.0,364.0,1.0,0.0027,323.68,C
May,26,18:30:00,0.9971,345.0,0.0,0.0,319.19,C
May,26,19:00:00,1.0,291.0,0.0,0.0,386.09,C
May,26,19:30:00,0.9916,239.0,0.0,0.0,339.05,C
May,26,20:00:00,0.9961,260.0,1.0,0.0038,305.57,C
May,26,20:30:00,1.0,222.0,0.0,0.0,336.56,C
May,26,21:00:00,0.9948,191.0,0.0,0.0,294.19,C
May,26,21:30:00,1.0,164.0,1.0,0.0061,345.73,C
May,26,22:00:00,1.0,128.0,0.0,0.0,331.71,C
May,26,22:30:00,0.982,111.0,0.0,0.0,370.03,C
May,26,23:00:00,1.0,94.0,0.0,0.0,318.52,C
May,26,23:30:00,1.0,62.0,0.0,0.0,252.34,C
May,27,00:00:00,1.0,49.0,1.0,0.0204,336.29,C
May,27,00:30:00,1.0,45.0,0.0,0.0,278.18,C
May,27,01:00:00,1.0,35.0,0.0,0.0,282.14,C
May,27,01:30:00,1.0,18.0,0.0,0.0,359.33,C
May,27,02:00:00,1.0,15.0,0.0,0.0,222.93,C
May,27,02:30:00,1.0,16.0,0.0,0.0,283.81,C
May,27,03:00:00,0.9,10.0,0.0,0.0,327.0,C
May,27,03:30:00,1.0,7.0,0.0,0.0,352.43,C
May,27,04:00:00,1.0,8.0,0.0,0.0,204.5,C
May,27,04:30:00,1.0,9.0,0.0,0.0,330.56,C
May,27,05:00:00,1.0,9.0,0.0,0.0,340.22,C
May,27,05:30:00,1.0,17.0,0.0,0.0,291.06,C
May,27,06:00:00,0.9474,19.0,0.0,0.0,247.26,C
May,27,06:30:00,0.9333,45.0,0.0,0.0,236.91,C
May,27,07:00:00,0.9538,65.0,0.0,0.0,260.62,C
May,27,07:30:00,1.0,120.0,0.0,0.0,276.24,C
May,27,08:00:00,1.0,225.0,0.0,0.0,291.83,C
May,27,08:30:00,1.0,340.0,0.0,0.0,304.54,C
May,27,09:00:00,1.0,540.0,0.0,0.0,321.07,C
May,27,09:30:00,0.9971,697.0,1.0,0.0014,325.64,C
May,27,10:00:00,0.9961,778.0,0.0,0.0,334.42,C
May,27,10:30:00,0.9528,896.0,7.0,0.0078,331.54,C
May,27,11:00:00,0.9274,966.0,2.0,0.0021,333.31,C
May,27,11:30:00,0.9314,1008.0,2.0,0.002,337.03,C
May,27,12:00:00,0.893,983.0,11.0,0.0112,348.37,C
May,27,12:30:00,0.4307,1034.0,31.0,0.03,349.51,C
May,27,13:00:00,0.8907,1027.0,2.0,0.0019,359.79,C
May,27,13:30:00,0.9591,1054.0,3.0,0.0028,349.92,C
May,27,14:00:00,0.9757,1073.0,1.0,0.0009,352.55,C
May,27,14:30:00,0.7591,1057.0,15.0,0.0142,360.88,C
May,27,15:00:00,0.9835,1029.0,1.0,0.001,361.99,C
May,27,15:30:00,0.971,1106.0,2.0,0.0018,357.68,C
May,27,16:00:00,1.0,1069.0,9.0,0.0084,355.96,C
May,27,16:30:00,0.9529,1067.0,5.0,0.0047,348.53,C
May,27,17:00:00,0.9074,983.0,11.0,0.0112,363.86,C
May,27,17:30:00,0.9363,896.0,1.0,0.0011,353.07,C
May,27,18:00:00,0.9217,785.0,6.0,0.0076,360.18,C
May,27,18:30:00,0.9362,664.0,6.0,0.009,349.03,C
May,27,19:00:00,0.9345,613.0,2.0,0.0033,346.99,C
May,27,19:30:00,0.9281,606.0,8.0,0.0132,349.33,C
May,27,20:00:00,0.8987,471.0,7.0,0.0149,341.11,C
May,27,20:30:00,0.8612,420.0,2.0,0.0048,340.44,C
May,27,21:00:00,0.9708,344.0,2.0,0.0058,345.85,C
May,27,21:30:00,0.9465,319.0,1.0,0.0031,349.46,C
May,27,22:00:00,0.9541,223.0,5.0,0.0224,345.67,C
May,27,22:30:00,0.9883,172.0,1.0,0.0058,306.9,C
May,27,23:00:00,0.9404,153.0,2.0,0.0131,346.02,C
May,27,23:30:00,0.9912,113.0,0.0,0.0,291.77,C
May,28,00:00:00,1.0,84.0,0.0,0.0,308.93,C
May,28,00:30:00,1.0,47.0,0.0,0.0,462.74,C
May,28,01:00:00,0.9714,35.0,0.0,0.0,340.34,C
May,28,01:30:00,1.0,14.0,0.0,0.0,341.64,C
May,28,02:00:00,0.9677,31.0,0.0,0.0,259.1,C
May,28,02:30:00,0.9565,23.0,0.0,0.0,348.52,C
May,28,03:00:00,1.0,17.0,3.0,0.1765,358.14,C
May,28,03:30:00,1.0,9.0,0.0,0.0,345.78,C
May,28,04:00:00,1.0,3.0,0.0,0.0,434.0,C
May,28,04:30:00,0.8462,13.0,0.0,0.0,764.46,C
May,28,05:00:00,1.0,11.0,0.0,0.0,223.55,C
May,28,05:30:00,1.0,24.0,0.0,0.0,309.0,C
May,28,06:00:00,1.0,23.0,0.0,0.0,265.96,C
May,28,06:30:00,1.0,46.0,0.0,0.0,241.2,C
May,28,07:00:00,0.9775,89.0,0.0,0.0,270.67,C
May,28,07:30:00,0.9918,123.0,1.0,0.0081,278.74,C
May,28,08:00:00,0.9918,245.0,0.0,0.0,276.38,C
May,28,08:30:00,0.997,338.0,1.0,0.003,306.57,C
May,28,09:00:00,0.9981,514.0,1.0,0.0019,301.79,C
May,28,09:30:00,0.924,662.0,4.0,0.006,338.75,C
May,28,10:00:00,0.9749,760.0,2.0,0.0026,321.0,C
May,28,10:30:00,0.7668,890.0,11.0,0.0124,341.1,C
May,28,11:00:00,0.9859,921.0,1.0,0.0011,337.79,C
May,28,11:30:00,0.7967,990.0,16.0,0.0162,328.86,C
May,28,12:00:00,0.8606,1037.0,4.0,0.0039,336.52,C
May,28,12:30:00,0.6246,996.0,21.0,0.0211,344.7,C
May,28,13:00:00,0.8292,977.0,5.0,0.0051,335.99,C
May,28,13:30:00,0.7181,961.0,21.0,0.0219,337.18,C
May,28,14:00:00,0.7642,1010.0,9.0,0.0089,333.91,C
May,28,14:30:00,0.7888,1014.0,15.0,0.0148,338.92,C
May,28,15:00:00,0.9098,967.0,2.0,0.0021,346.07,C
May,28,15:30:00,0.552,941.0,46.0,0.0489,374.36,C
May,28,16:00:00,0.3502,1029.0,41.0,0.0398,353.24,C
May,28,16:30:00,0.9203,936.0,7.0,0.0075,367.1,C
May,28,17:00:00,0.4753,702.0,136.0,0.1937,384.89,C
May,28,17:30:00,0.325,882.0,165.0,0.1871,351.33,C
May,28,18:00:00,0.3288,810.0,71.0,0.0877,373.78,C
May,28,18:30:00,0.4725,720.0,28.0,0.0389,355.42,C
May,28,19:00:00,0.8761,597.0,8.0,0.0134,346.41,C
May,28,19:30:00,0.961,539.0,0.0,0.0,354.74,C
May,28,20:00:00,0.9887,441.0,0.0,0.0,336.47,C
May,28,20:30:00,0.9908,436.0,1.0,0.0023,340.19,C
May,28,21:00:00,0.9931,288.0,0.0,0.0,326.12,C
May,28,21:30:00,1.0,260.0,0.0,0.0,361.58,C
May,28,22:00:00,0.995,199.0,0.0,0.0,341.04,C
May,28,22:30:00,0.9942,172.0,1.0,0.0058,317.33,C
May,28,23:00:00,1.0,131.0,0.0,0.0,323.91,C
May,28,23:30:00,1.0,102.0,0.0,0.0,285.79,C
May,29,00:00:00,1.0,81.0,0.0,0.0,313.93,C
May,29,00:30:00,1.0,52.0,0.0,0.0,283.33,C
May,29,01:00:00,1.0,29.0,0.0,0.0,353.59,C
May,29,01:30:00,1.0,28.0,0.0,0.0,281.32,C
May,29,02:00:00,0.4,22.0,2.0,0.0909,453.5,C
May,29,02:30:00,0.8571,14.0,0.0,0.0,320.93,C
May,29,03:00:00,1.0,12.0,0.0,0.0,347.58,C
May,29,03:30:00,1.0,17.0,0.0,0.0,232.18,C
May,29,04:00:00,1.0,10.0,1.0,0.1,273.22,C
May,29,04:30:00,0.9474,19.0,0.0,0.0,185.89,C
May,29,05:00:00,1.0,10.0,0.0,0.0,244.0,C
May,29,05:30:00,1.0,22.0,0.0,0.0,248.18,C
May,29,06:00:00,0.9583,24.0,0.0,0.0,204.63,C
May,29,06:30:00,0.9583,48.0,0.0,0.0,203.13,C
May,29,07:00:00,0.9737,76.0,0.0,0.0,236.82,C
May,29,07:30:00,1.0,145.0,0.0,0.0,222.17,C
May,29,08:00:00,0.9957,234.0,1.0,0.0043,270.82,C
May,29,08:30:00,0.9883,343.0,1.0,0.0029,294.4,C
May,29,09:00:00,0.9821,504.0,0.0,0.0,309.42,C
May,29,09:30:00,0.9828,642.0,1.0,0.0016,333.4,C
May,29,10:00:00,0.9913,692.0,1.0,0.0014,316.4,C
May,29,10:30:00,0.9029,820.0,6.0,0.0073,320.44,C
May,29,11:00:00,0.9207,862.0,5.0,0.0058,346.68,C
May,29,11:30:00,0.987,843.0,0.0,0.0,337.28,C
May,29,12:00:00,0.8673,864.0,5.0,0.0058,332.68,C
May,29,12:30:00,0.5886,911.0,14.0,0.0154,353.69,C
May,29,13:00:00,0.9495,836.0,5.0,0.006,337.63,C
May,29,13:30:00,0.4734,863.0,16.0,0.0185,335.11,C
May,29,14:00:00,0.8374,904.0,6.0,0.0066,361.48,C
May,29,14:30:00,0.5278,906.0,25.0,0.0276,361.33,C
May,29,15:00:00,0.9456,865.0,1.0,0.0012,360.54,C
May,29,15:30:00,0.9931,871.0,1.0,0.0011,356.75,C
May,29,16:00:00,0.9988,848.0,1.0,0.0012,353.98,C
May,29,16:30:00,1.0,818.0,2.0,0.0024,331.44,C
May,29,17:00:00,1.0,818.0,0.0,0.0,329.11,C
May,29,17:30:00,0.996,818.0,0.0,0.0,342.66,C
May,29,18:00:00,0.919,818.0,4.0,0.0058,353.82,C
May,29,18:30:00,0.9982,818.0,1.0,0.0018,355.12,C
May,29,19:00:00,0.8822,818.0,8.0,0.0163,345.8,C
May,29,19:30:00,0.7545,818.0,13.0,0.0287,358.49,C
May,29,20:00:00,0.9294,818.0,0.0,0.0,326.03,C
May,29,20:30:00,0.8642,818.0,5.0,0.0142,302.63,C
May,29,21:00:00,1.0,281.0,0.0,0.0,332.86,C
May,29,21:30:00,0.996,253.0,0.0,0.0,342.41,C
May,29,22:00:00,1.0,180.0,0.0,0.0,335.68,C
May,29,22:30:00,1.0,130.0,0.0,0.0,314.44,C
May,29,23:00:00,0.9915,118.0,1.0,0.0085,339.29,C
May,29,23:30:00,1.0,94.0,0.0,0.0,293.8,C
May,30,00:00:00,1.0,65.0,0.0,0.0,279.92,C
May,30,00:30:00,1.0,63.0,0.0,0.0,280.6,C
May,30,01:00:00,1.0,39.0,0.0,0.0,320.28,C
May,30,01:30:00,1.0,23.0,0.0,0.0,255.83,C
May,30,02:00:00,1.0,10.0,0.0,0.0,265.7,C
May,30,02:30:00,0.9231,14.0,1.0,0.0714,283.31,C
May,30,03:00:00,1.0,9.0,0.0,0.0,322.56,C
May,30,03:30:00,1.0,18.0,0.0,0.0,385.06,C
May,30,04:00:00,1.0,8.0,0.0,0.0,243.25,C
May,30,04:30:00,0.8182,11.0,0.0,0.0,434.27,C
May,30,05:00:00,0.7368,19.0,0.0,0.0,184.37,C
May,30,05:30:00,1.0,22.0,0.0,0.0,197.77,C
May,30,06:00:00,0.95,40.0,0.0,0.0,307.58,C
May,30,06:30:00,0.98,50.0,0.0,0.0,264.9,C
May,30,07:00:00,0.9899,99.0,0.0,0.0,271.26,C
May,30,07:30:00,0.9762,171.0,3.0,0.0175,291.84,C
May,30,08:00:00,0.992,253.0,2.0,0.0079,271.9,C
May,30,08:30:00,0.9887,354.0,1.0,0.0028,293.52,C
May,30,09:00:00,0.9677,526.0,0.0,0.0,308.27,C
May,30,09:30:00,0.9746,669.0,0.0,0.0,310.22,C
May,30,10:00:00,0.8588,780.0,15.0,0.0192,320.99,C
May,30,10:30:00,0.6576,866.0,16.0,0.0185,319.78,C
May,30,11:00:00,0.9832,900.0,5.0,0.0056,332.63,C
May,30,11:30:00,0.9203,932.0,4.0,0.0043,317.59,C
May,30,12:00:00,0.9911,896.0,1.0,0.0011,327.93,C
May,30,12:30:00,0.9704,986.0,5.0,0.0051,332.01,C
May,30,13:00:00,0.9791,957.0,1.0,0.001,351.9,C
May,30,13:30:00,0.9968,949.0,2.0,0.0021,328.9,C
May,30,14:00:00,0.8047,1027.0,8.0,0.0078,336.66,C
May,30,14:30:00,0.7764,973.0,16.0,0.0164,329.45,C
May,30,15:00:00,0.746,1003.0,11.0,0.011,339.53,C
May,30,15:30:00,0.9602,958.0,4.0,0.0042,343.35,C
May,30,16:00:00,0.9911,905.0,3.0,0.0033,347.94,C
May,30,16:30:00,0.9988,833.0,1.0,0.0012,362.4,C
May,30,17:00:00,0.9938,814.0,2.0,0.0025,332.97,C
May,30,17:30:00,0.9011,802.0,13.0,0.0162,356.7,C
May,30,18:00:00,0.8409,645.0,10.0,0.0155,355.39,C
May,30,18:30:00,0.8223,627.0,8.0,0.0128,349.24,C
May,30,19:00:00,0.9805,515.0,1.0,0.0019,330.5,C
May,30,19:30:00,0.9765,469.0,1.0,0.0021,346.57,C
May,30,20:00:00,0.953,388.0,5.0,0.0129,319.48,C
May,30,20:30:00,0.9224,335.0,0.0,0.0,324.79,C
May,30,21:00:00,0.9931,289.0,0.0,0.0,328.8,C
May,30,21:30:00,1.0,228.0,1.0,0.0044,333.94,C
May,30,22:00:00,1.0,184.0,2.0,0.0109,346.93,C
May,30,22:30:00,1.0,153.0,0.0,0.0,313.31,C
May,30,23:00:00,1.0,93.0,0.0,0.0,277.06,C
May,30,23:30:00,1.0,85.0,1.0,0.0118,275.69,C
May,31,00:00:00,1.0,59.0,0.0,0.0,326.02,C
May,31,00:30:00,1.0,60.0,0.0,0.0,269.1,C
May,31,01:00:00,1.0,24.0,0.0,0.0,231.08,C
May,31,01:30:00,1.0,30.0,0.0,0.0,275.9,C
May,31,02:00:00,0.6667,17.0,2.0,0.1176,498.4,C
May,31,02:30:00,0.9,20.0,0.0,0.0,333.05,C
May,31,03:00:00,1.0,14.0,0.0,0.0,331.14,C
May,31,03:30:00,1.0,9.0,0.0,0.0,257.22,C
May,31,04:00:00,1.0,11.0,0.0,0.0,430.36,C
May,31,04:30:00,0.875,17.0,1.0,0.0588,239.38,C
May,31,05:00:00,1.0,13.0,0.0,0.0,562.38,C
May,31,05:30:00,1.0,11.0,0.0,0.0,355.55,C
May,31,06:00:00,1.0,12.0,0.0,0.0,437.92,C
May,31,06:30:00,0.973,37.0,0.0,0.0,213.14,C
May,31,07:00:00,0.9722,72.0,0.0,0.0,234.94,C
May,31,07:30:00,1.0,101.0,0.0,0.0,239.68,C
May,31,08:00:00,1.0,169.0,0.0,0.0,279.19,C
May,31,08:30:00,0.9844,257.0,1.0,0.0039,299.2,C
May,31,09:00:00,0.979,336.0,2.0,0.006,287.42,C
May,31,09:30:00,0.91,422.0,11.0,0.0261,308.46,C
May,31,10:00:00,0.8935,538.0,3.0,0.0056,319.42,C
May,31,10:30:00,0.8793,562.0,7.0,0.0125,335.9,C
May,31,11:00:00,0.4006,657.0,28.0,0.0426,320.52,C
May,31,11:30:00,0.2599,677.0,46.0,0.0679,336.88,C
May,31,12:00:00,0.649,658.0,17.0,0.0258,339.24,C
May,31,12:30:00,0.8803,639.0,4.0,0.0063,330.07,C
May,31,13:00:00,0.9541,612.0,2.0,0.0033,327.26,C
May,31,13:30:00,0.362,668.0,52.0,0.0778,350.74,C
May,31,14:00:00,0.6939,718.0,9.0,0.0125,328.13,C
May,31,14:30:00,0.9883,688.0,3.0,0.0044,313.73,C
May,31,15:00:00,1.0,647.0,1.0,0.0015,307.65,C
May,31,15:30:00,1.0,638.0,1.0,0.0016,324.27,C
May,31,16:00:00,0.9983,578.0,0.0,0.0,331.89,C
May,31,16:30:00,0.9946,552.0,1.0,0.0018,335.92,C
May,31,17:00:00,0.998,498.0,1.0,0.002,325.05,C
May,31,17:30:00,0.9977,436.0,0.0,0.0,323.88,C
May,31,18:00:00,0.9793,436.0,2.0,0.0046,288.78,C
May,31,18:30:00,0.9925,402.0,2.0,0.005,316.6,C
May,31,19:00:00,0.7188,362.0,10.0,0.0276,300.97,C
May,31,19:30:00,0.3344,333.0,16.0,0.048,335.6,C
May,31,20:00:00,0.7191,303.0,4.0,0.0132,325.54,C
May,31,20:30:00,0.9884,259.0,0.0,0.0,337.39,C
May,31,21:00:00,0.9192,199.0,1.0,0.005,329.4,C
May,31,21:30:00,0.9536,194.0,0.0,0.0,350.21,C
May,31,22:00:00,1.0,134.0,1.0,0.0075,299.23,C
May,31,22:30:00,0.9925,134.0,0.0,0.0,268.56,C
May,31,23:00:00,1.0,96.0,0.0,0.0,312.25,C
May,31,23:30:00,1.0,77.0,0.0,0.0,287.47,C
June,1,00:00:00,1.0,56.0,0.0,0.0,225.25,C
June,1,00:30:00,1.0,44.0,2.0,0.0455,253.45,C
June,1,01:00:00,0.875,33.0,1.0,0.0303,326.53,C
June,1,01:30:00,0.9091,22.0,0.0,0.0,312.77,C
June,1,02:00:00,0.875,16.0,0.0,0.0,387.81,C
June,1,02:30:00,1.0,13.0,0.0,0.0,266.31,C
June,1,03:00:00,1.0,8.0,0.0,0.0,216.13,C
June,1,03:30:00,1.0,7.0,0.0,0.0,496.29,C
June,1,04:00:00,1.0,5.0,0.0,0.0,560.6,C
June,1,04:30:00,1.0,7.0,0.0,0.0,701.86,C
June,1,05:00:00,1.0,8.0,0.0,0.0,301.13,C
June,1,05:30:00,1.0,7.0,0.0,0.0,162.0,C
June,1,06:00:00,1.0,19.0,0.0,0.0,286.32,C
June,1,06:30:00,1.0,29.0,0.0,0.0,270.83,C
June,1,07:00:00,1.0,43.0,0.0,0.0,251.91,C
June,1,07:30:00,1.0,66.0,0.0,0.0,262.35,C
June,1,08:00:00,1.0,114.0,0.0,0.0,286.16,C
June,1,08:30:00,1.0,142.0,0.0,0.0,228.98,C
June,1,09:00:00,1.0,173.0,0.0,0.0,299.5,C
June,1,09:30:00,1.0,248.0,2.0,0.0081,284.61,C
June,1,10:00:00,0.9963,274.0,3.0,0.0109,315.35,C
June,1,10:30:00,1.0,355.0,0.0,0.0,303.89,C
June,1,11:00:00,1.0,350.0,0.0,0.0,298.41,C
June,1,11:30:00,0.9977,432.0,0.0,0.0,308.35,C
June,1,12:00:00,0.9956,454.0,0.0,0.0,314.51,C
June,1,12:30:00,0.9978,456.0,0.0,0.0,315.55,C
June,1,13:00:00,0.8672,492.0,0.0,0.0203,328.92,C
June,1,13:30:00,0.6868,497.0,0.0,0.0362,335.43,C
June,1,14:00:00,0.8929,468.0,0.0,0.0021,359.71,C
June,1,14:30:00,0.9911,453.0,0.0,0.0044,320.56,C
June,1,15:00:00,1.0,472.0,0.0,0.0,330.55,C
June,1,15:30:00,0.9908,437.0,0.0,0.0023,318.97,C
June,1,16:00:00,1.0,431.0,0.0,0.0,326.2,C
June,1,16:30:00,0.9907,432.0,0.0,0.0,351.57,C
June,1,17:00:00,0.9927,413.0,0.0,0.0024,317.28,C
June,1,17:30:00,1.0,381.0,0.0,0.0,301.8,C
June,1,18:00:00,1.0,336.0,0.0,0.0,323.53,C
June,1,18:30:00,1.0,314.0,0.0,0.0,316.91,C
June,1,19:00:00,0.9891,275.0,0.0,0.0,318.8,C
June,1,19:30:00,0.9627,272.0,4.0,0.0147,344.27,C
June,1,20:00:00,1.0,241.0,0.0,0.0,303.48,C
June,1,20:30:00,1.0,220.0,0.0,0.0,317.8,C
June,1,21:00:00,1.0,199.0,1.0,0.005,326.13,C
June,1,21:30:00,1.0,147.0,0.0,0.0,328.78,C
June,1,22:00:00,0.8743,167.0,0.0,0.0,301.16,C
June,1,22:30:00,1.0,145.0,2.0,0.0138,295.06,C
June,1,23:00:00,1.0,98.0,2.0,0.0204,317.42,C
June,1,23:30:00,1.0,107.0,0.0,0.0,331.41,C
June,2,00:00:00,1.0,56.0,0.0,0.0,385.48,C
June,2,00:30:00,1.0,53.0,0.0,0.0,316.45,C
June,2,01:00:00,1.0,29.0,0.0,0.0,301.45,C
June,2,01:30:00,1.0,18.0,0.0,0.0,389.11,C
June,2,02:00:00,0.8667,15.0,0.0,0.0,281.4,C
June,2,02:30:00,0.75,13.0,1.0,0.0769,252.33,C
June,2,03:00:00,0.9,12.0,2.0,0.1667,315.9,C
June,2,03:30:00,1.0,14.0,0.0,0.0,226.29,C
June,2,04:00:00,1.0,12.0,0.0,0.0,293.67,C
June,2,04:30:00,1.0,12.0,0.0,0.0,500.33,C
June,2,05:00:00,1.0,11.0,0.0,0.0,276.36,C
June,2,05:30:00,1.0,19.0,0.0,0.0,199.11,C
June,2,06:00:00,1.0,29.0,0.0,0.0,211.1,C
June,2,06:30:00,0.9787,48.0,1.0,0.0208,236.7,C
June,2,07:00:00,0.9556,90.0,0.0,0.0,249.23,C
June,2,07:30:00,0.9187,125.0,2.0,0.016,258.35,C
June,2,08:00:00,0.9895,288.0,2.0,0.0069,294.84,C
June,2,08:30:00,0.9953,427.0,0.0,0.0,295.6,C
June,2,09:00:00,0.99,599.0,1.0,0.0017,307.94,C
June,2,09:30:00,0.7935,751.0,15.0,0.02,314.49,C
June,2,10:00:00,0.7885,946.0,10.0,0.0106,341.34,C
June,2,10:30:00,0.9397,1032.0,4.0,0.0039,321.62,C
June,2,11:00:00,0.9503,1029.0,3.0,0.0029,344.57,C
June,2,11:30:00,0.6625,1081.0,32.0,0.0296,360.53,C
June,2,12:00:00,0.6777,1161.0,13.0,0.0112,351.38,C
June,2,12:30:00,0.9315,1112.0,2.0,0.0018,345.63,C
June,2,13:00:00,0.9592,1114.0,10.0,0.009,361.21,C
June,2,13:30:00,0.4808,1151.0,32.0,0.0278,375.25,C
June,2,14:00:00,0.8298,1173.0,10.0,0.0085,366.94,C
June,2,14:30:00,0.9905,1050.0,2.0,0.0019,357.64,C
June,2,15:00:00,0.9921,1137.0,0.0,0.0,353.22,C
June,2,15:30:00,0.9964,1104.0,1.0,0.0009,360.62,C
June,2,16:00:00,0.9958,1188.0,3.0,0.0025,350.62,C
June,2,16:30:00,0.9991,1062.0,0.0,0.0,354.84,C
June,2,17:00:00,0.9926,1082.0,1.0,0.0009,326.18,C
June,2,17:30:00,0.9957,925.0,3.0,0.0032,353.03,C
June,2,18:00:00,0.9963,822.0,2.0,0.0024,371.26,C
June,2,18:30:00,1.0,763.0,0.0,0.0,346.82,C
June,2,19:00:00,0.9435,645.0,8.0,0.0124,343.08,C
June,2,19:30:00,0.7487,600.0,11.0,0.0183,367.29,C
June,2,20:00:00,0.8699,518.0,3.0,0.0058,377.49,C
June,2,20:30:00,0.9952,418.0,2.0,0.0048,364.87,C
June,2,21:00:00,0.9943,353.0,0.0,0.0,325.27,C
June,2,21:30:00,0.994,331.0,0.0,0.0,318.22,C
June,2,22:00:00,0.9962,266.0,1.0,0.0038,340.38,C
June,2,22:30:00,0.9903,207.0,0.0,0.0,324.66,C
June,2,23:00:00,1.0,170.0,1.0,0.0059,314.12,C
June,2,23:30:00,1.0,133.0,0.0,0.0,341.01,C
June,3,00:00:00,0.9885,87.0,0.0,0.0,367.37,C
June,3,00:30:00,0.9815,54.0,0.0,0.0,427.31,C
June,3,01:00:00,1.0,49.0,0.0,0.0,409.27,C
June,3,01:30:00,1.0,31.0,0.0,0.0,248.26,C
June,3,02:00:00,1.0,23.0,0.0,0.0,290.61,C
June,3,02:30:00,0.8889,18.0,0.0,0.0,465.11,C
June,3,03:00:00,1.0,21.0,0.0,0.0,356.57,C
June,3,03:30:00,1.0,18.0,0.0,0.0,297.67,C
June,3,04:00:00,1.0,14.0,0.0,0.0,386.29,C
June,3,04:30:00,1.0,14.0,0.0,0.0,307.57,C
June,3,05:00:00,1.0,17.0,0.0,0.0,360.47,C
June,3,05:30:00,1.0,16.0,0.0,0.0,271.69,C
June,3,06:00:00,0.9744,39.0,0.0,0.0,252.92,C
June,3,06:30:00,0.9091,56.0,1.0,0.0179,240.33,C
June,3,07:00:00,0.9813,107.0,0.0,0.0,276.37,C
June,3,07:30:00,0.7737,145.0,8.0,0.0552,289.25,C
June,3,08:00:00,0.8931,295.0,5.0,0.0169,303.69,C
June,3,08:30:00,0.9779,408.0,0.0,0.0,306.8,C
June,3,09:00:00,0.9681,600.0,5.0,0.0083,319.24,C
June,3,09:30:00,0.9126,707.0,9.0,0.0127,314.06,C
June,3,10:00:00,0.9602,808.0,3.0,0.0037,334.78,C
June,3,10:30:00,0.5755,927.0,39.0,0.0421,356.56,C
June,3,11:00:00,0.7513,991.0,10.0,0.0101,344.62,C
June,3,11:30:00,0.8657,1137.0,13.0,0.0114,330.96,C
June,3,12:00:00,0.9354,1056.0,4.0,0.0038,328.78,C
June,3,12:30:00,0.9602,1010.0,5.0,0.005,335.54,C
June,3,13:00:00,0.9877,1059.0,0.0,0.0,330.68,C
June,3,13:30:00,0.9828,1046.0,1.0,0.001,342.01,C
June,3,14:00:00,0.9964,1102.0,1.0,0.0009,350.78,C
June,3,14:30:00,0.9294,1096.0,6.0,0.0055,364.8,C
June,3,15:00:00,0.9952,1051.0,1.0,0.001,349.39,C
June,3,15:30:00,0.9981,1035.0,1.0,0.001,355.03,C
June,3,16:00:00,0.999,982.0,0.0,0.0,351.38,C
June,3,16:30:00,0.998,982.0,0.0,0.0,325.59,C
June,3,17:00:00,0.9969,971.0,0.0,0.0,360.08,C
June,3,17:30:00,0.9977,881.0,1.0,0.0011,338.17,C
June,3,18:00:00,0.9929,843.0,0.0,0.0,337.67,C
June,3,18:30:00,0.6832,732.0,28.0,0.0383,356.42,C
June,3,19:00:00,0.5213,677.0,19.0,0.0281,357.31,C
June,3,19:30:00,0.7901,575.0,8.0,0.0139,344.94,C
June,3,20:00:00,0.9113,458.0,7.0,0.0153,338.66,C
June,3,20:30:00,0.9868,454.0,1.0,0.0022,381.47,C
June,3,21:00:00,0.9972,360.0,0.0,0.0,311.18,C
June,3,21:30:00,0.9968,308.0,0.0,0.0,373.7,C
June,3,22:00:00,0.9729,260.0,2.0,0.0077,316.56,C
June,3,22:30:00,0.986,215.0,0.0,0.0,349.36,C
June,3,23:00:00,0.9937,158.0,0.0,0.0,362.54,C
June,3,23:30:00,0.9912,115.0,1.0,0.0087,345.71,C
June,4,00:00:00,1.0,87.0,0.0,0.0,397.55,C
June,4,00:30:00,1.0,52.0,0.0,0.0,289.67,C
June,4,01:00:00,0.9655,29.0,0.0,0.0,381.66,C
June,4,01:30:00,1.0,37.0,0.0,0.0,360.97,C
June,4,02:00:00,0.7037,29.0,2.0,0.069,442.59,C
June,4,02:30:00,0.7273,11.0,0.0,0.0,546.18,C
June,4,03:00:00,1.0,18.0,0.0,0.0,285.94,C
June,4,03:30:00,1.0,13.0,1.0,0.0769,541.17,C
June,4,04:00:00,1.0,5.0,0.0,0.0,367.2,C
June,4,04:30:00,1.0,12.0,0.0,0.0,255.33,C
June,4,05:00:00,1.0,13.0,0.0,0.0,310.85,C
June,4,05:30:00,1.0,18.0,0.0,0.0,214.78,C
June,4,06:00:00,1.0,25.0,0.0,0.0,262.16,C
June,4,06:30:00,0.9571,71.0,1.0,0.0141,294.91,C
June,4,07:00:00,0.9881,84.0,0.0,0.0,273.1,C
June,4,07:30:00,1.0,150.0,0.0,0.0,273.52,C
June,4,08:00:00,1.0,268.0,0.0,0.0,262.47,C
June,4,08:30:00,0.9973,377.0,0.0,0.0,322.38,C
June,4,09:00:00,0.9964,552.0,1.0,0.0018,309.97,C
June,4,09:30:00,0.9569,725.0,6.0,0.0083,317.63,C
June,4,10:00:00,0.9822,786.0,0.0,0.0,326.25,C
June,4,10:30:00,0.9176,867.0,5.0,0.0058,340.73,C
June,4,11:00:00,0.8564,962.0,8.0,0.0083,337.59,C
June,4,11:30:00,0.9877,976.0,1.0,0.001,330.44,C
June,4,12:00:00,0.9958,964.0,1.0,0.001,334.69,C
June,4,12:30:00,0.9683,1013.0,3.0,0.003,335.03,C
June,4,13:00:00,0.99,1005.0,1.0,0.001,348.16,C
June,4,13:30:00,0.9684,981.0,0.0,0.0,343.26,C
June,4,14:00:00,0.8925,1005.0,10.0,0.01,342.76,C
June,4,14:30:00,0.9443,1015.0,9.0,0.0089,359.08,C
June,4,15:00:00,0.9808,936.0,0.0,0.0,348.14,C
June,4,15:30:00,0.6205,999.0,32.0,0.032,360.11,C
June,4,16:00:00,0.8693,966.0,2.0,0.0021,356.65,C
June,4,16:30:00,0.9221,957.0,7.0,0.0073,351.55,C
June,4,17:00:00,0.9978,900.0,0.0,0.0,351.76,C
June,4,17:30:00,0.9987,796.0,0.0,0.0,338.21,C
June,4,18:00:00,0.8814,714.0,6.0,0.0084,352.33,C
June,4,18:30:00,0.7547,698.0,5.0,0.0072,371.02,C
June,4,19:00:00,0.9951,610.0,1.0,0.0016,368.67,C
June,4,19:30:00,0.9696,529.0,2.0,0.0038,339.26,C
June,4,20:00:00,0.9933,451.0,0.0,0.0,342.45,C
June,4,20:30:00,1.0,363.0,0.0,0.0,343.89,C
June,4,21:00:00,0.997,333.0,1.0,0.003,336.22,C
June,4,21:30:00,1.0,279.0,0.0,0.0,305.06,C
June,4,22:00:00,0.9913,230.0,1.0,0.0043,366.81,C
June,4,22:30:00,0.9946,184.0,0.0,0.0,342.19,C
June,4,23:00:00,1.0,133.0,0.0,0.0,336.83,C
June,4,23:30:00,1.0,127.0,0.0,0.0,320.15,C
June,5,00:00:00,1.0,80.0,0.0,0.0,309.79,C
June,5,00:30:00,1.0,59.0,0.0,0.0,310.61,C
June,5,01:00:00,1.0,32.0,1.0,0.0313,432.87,C
June,5,01:30:00,1.0,27.0,0.0,0.0,290.04,C
June,5,02:00:00,1.0,25.0,0.0,0.0,286.56,C
June,5,02:30:00,1.0,16.0,0.0,0.0,155.69,C
June,5,03:00:00,1.0,12.0,0.0,0.0,233.0,C
June,5,03:30:00,1.0,13.0,0.0,0.0,358.62,C
June,5,04:00:00,1.0,13.0,0.0,0.0,395.15,C
June,5,04:30:00,1.0,13.0,0.0,0.0,234.54,C
June,5,05:00:00,1.0,9.0,0.0,0.0,196.44,C
June,5,05:30:00,1.0,11.0,0.0,0.0,210.09,C
June,5,06:00:00,1.0,36.0,0.0,0.0,248.56,C
June,5,06:30:00,0.9286,72.0,2.0,0.0278,253.93,C
June,5,07:00:00,0.9592,99.0,1.0,0.0101,289.57,C
June,5,07:30:00,0.95,140.0,0.0,0.0,259.41,C
June,5,08:00:00,0.9964,277.0,0.0,0.0,297.03,C
June,5,08:30:00,0.9974,385.0,1.0,0.0026,300.49,C
June,5,09:00:00,0.9961,510.0,0.0,0.0,315.21,C
June,5,09:30:00,0.9854,684.0,1.0,0.0015,315.18,C
June,5,10:00:00,0.9195,792.0,9.0,0.0114,331.91,C
June,5,10:30:00,0.9329,866.0,2.0,0.0023,335.61,C
June,5,11:00:00,0.984,877.0,4.0,0.0046,348.24,C
June,5,11:30:00,0.9539,938.0,5.0,0.0053,340.22,C
June,5,12:00:00,0.9701,938.0,1.0,0.0011,353.48,C
June,5,12:30:00,0.9667,933.0,1.0,0.0011,343.32,C
June,5,13:00:00,0.9967,920.0,1.0,0.0011,332.49,C
June,5,13:30:00,0.9989,888.0,1.0,0.0011,338.62,C
June,5,14:00:00,0.9947,944.0,1.0,0.0011,344.9,C
June,5,14:30:00,0.959,981.0,6.0,0.0061,357.28,C
June,5,15:00:00,0.9545,927.0,4.0,0.0043,373.81,C
June,5,15:30:00,0.8472,988.0,13.0,0.0132,358.91,C
June,5,16:00:00,0.8618,962.0,7.0,0.0073,352.56,C
June,5,16:30:00,0.9378,904.0,3.0,0.0033,364.84,C
June,5,17:00:00,0.9513,850.0,8.0,0.0094,348.47,C
June,5,17:30:00,0.8209,784.0,8.0,0.0102,348.34,C
June,5,18:00:00,0.7918,724.0,13.0,0.018,372.34,C
June,5,18:30:00,0.8472,612.0,10.0,0.0163,357.52,C
June,5,19:00:00,0.8034,588.0,8.0,0.0136,359.36,C
June,5,19:30:00,0.9801,453.0,1.0,0.0022,370.91,C
June,5,20:00:00,0.8565,443.0,4.0,0.009,343.04,C
June,5,20:30:00,0.9946,372.0,1.0,0.0027,345.87,C
June,5,21:00:00,0.9942,343.0,0.0,0.0,332.19,C
June,5,21:30:00,1.0,273.0,0.0,0.0,338.81,C
June,5,22:00:00,0.9805,205.0,0.0,0.0,362.59,C
June,5,22:30:00,1.0,157.0,1.0,0.0064,323.42,C
June,5,23:00:00,1.0,128.0,0.0,0.0,321.62,C
June,5,23:30:00,1.0,98.0,0.0,0.0,399.11,C
June,6,00:00:00,1.0,66.0,0.0,0.0,339.15,C
June,6,00:30:00,1.0,33.0,1.0,0.0303,325.97,C
June,6,01:00:00,1.0,34.0,0.0,0.0,249.41,C
June,6,01:30:00,1.0,34.0,0.0,0.0,248.95,C
June,6,02:00:00,1.0,34.0,0.0,0.0,333.88,C
June,6,02:30:00,1.0,34.0,0.0,0.0,306.08,C
June,6,03:00:00,1.0,34.0,0.0,0.2308,452.9,C
June,6,03:30:00,1.0,34.0,0.0,0.0,376.18,C
June,6,04:00:00,1.0,34.0,0.0,0.0,309.6,C
June,6,04:30:00,1.0,8.0,0.0,0.0,467.25,C
June,6,05:00:00,1.0,18.0,0.0,0.0,356.0,C
June,6,05:30:00,0.9524,22.0,1.0,0.0455,313.9,C
June,6,06:00:00,0.9655,29.0,0.0,0.0,398.14,C
June,6,06:30:00,0.9615,53.0,1.0,0.0189,260.17,C
June,6,07:00:00,0.9886,90.0,2.0,0.0222,260.33,C
June,6,07:30:00,0.9388,154.0,7.0,0.0455,247.11,C
June,6,08:00:00,0.985,267.0,0.0,0.0,281.35,C
June,6,08:30:00,0.9865,371.0,0.0,0.0,301.07,C
June,6,09:00:00,0.9905,527.0,2.0,0.0038,322.86,C
June,6,09:30:00,0.971,656.0,1.0,0.0015,292.62,C
June,6,10:00:00,0.9744,742.0,1.0,0.0013,323.9,C
June,6,10:30:00,0.9415,827.0,6.0,0.0073,332.67,C
June,6,11:00:00,0.9865,891.0,1.0,0.0011,333.22,C
June,6,11:30:00,0.9989,890.0,2.0,0.0022,324.32,C
June,6,12:00:00,0.99,903.0,4.0,0.0044,323.9,C
June,6,12:30:00,0.7911,909.0,9.0,0.0099,354.95,C
June,6,13:00:00,0.7768,937.0,14.0,0.0149,351.75,C
June,6,13:30:00,0.9848,855.0,0.0,0.0,356.99,C
June,6,14:00:00,0.9966,881.0,1.0,0.0011,337.31,C
June,6,14:30:00,0.9989,901.0,0.0,0.0,327.4,C
June,6,15:00:00,0.9942,867.0,1.0,0.0012,347.06,C
June,6,15:30:00,0.9977,880.0,1.0,0.0011,335.86,C
June,6,16:00:00,1.0,814.0,0.0,0.0,353.28,C
June,6,16:30:00,0.9963,812.0,1.0,0.0012,342.96,C
June,6,17:00:00,0.8705,756.0,7.0,0.0093,354.51,C
June,6,17:30:00,0.4013,778.0,28.0,0.036,347.65,C
June,6,18:00:00,0.5302,711.0,15.0,0.0211,352.21,C
June,6,18:30:00,0.984,565.0,1.0,0.0018,361.08,C
June,6,19:00:00,0.9927,546.0,1.0,0.0018,335.64,C
June,6,19:30:00,1.0,448.0,0.0,0.0,374.06,C
June,6,20:00:00,0.9948,385.0,2.0,0.0052,368.39,C
June,6,20:30:00,0.9972,356.0,0.0,0.0,307.6,C
June,6,21:00:00,0.9928,279.0,0.0,0.0,323.23,C
June,6,21:30:00,1.0,222.0,0.0,0.0,310.01,C
June,6,22:00:00,1.0,164.0,1.0,0.0061,343.17,C
June,6,22:30:00,1.0,146.0,0.0,0.0,332.43,C
June,6,23:00:00,1.0,102.0,0.0,0.0,336.24,C
June,6,23:30:00,1.0,76.0,0.0,0.0,263.16,C
June,7,00:00:00,1.0,57.0,0.0,0.0,314.72,C
June,7,00:30:00,0.9762,42.0,0.0,0.0,355.36,C
June,7,01:00:00,1.0,36.0,0.0,0.0,255.94,C
June,7,01:30:00,1.0,40.0,0.0,0.0,316.88,C
June,7,02:00:00,1.0,15.0,0.0,0.0,230.47,C
June,7,02:30:00,1.0,15.0,0.0,0.0,462.87,C
June,7,03:00:00,1.0,7.0,0.0,0.0,348.43,C
June,7,03:30:00,1.0,14.0,0.0,0.0,317.93,C
June,7,04:00:00,1.0,7.0,0.0,0.0,673.57,C
June,7,04:30:00,1.0,12.0,0.0,0.0,567.75,C
June,7,05:00:00,1.0,8.0,0.0,0.0,645.38,C
June,7,05:30:00,1.0,10.0,0.0,0.0,394.4,C
June,7,06:00:00,0.9565,23.0,0.0,0.0,199.78,C
June,7,06:30:00,1.0,22.0,0.0,0.0,268.18,C
June,7,07:00:00,0.9841,64.0,1.0,0.0156,288.79,C
June,7,07:30:00,0.9895,95.0,0.0,0.0,251.39,C
June,7,08:00:00,0.9763,169.0,0.0,0.0,263.6,C
June,7,08:30:00,0.9617,238.0,3.0,0.0126,294.08,C
June,7,09:00:00,0.9904,315.0,2.0,0.0063,278.65,C
June,7,09:30:00,0.9925,401.0,3.0,0.0075,298.53,C
June,7,10:00:00,0.9351,480.0,2.0,0.0042,306.71,C
June,7,10:30:00,0.995,608.0,3.0,0.0049,308.3,C
June,7,11:00:00,0.9964,558.0,2.0,0.0036,320.89,C
June,7,11:30:00,0.9918,612.0,1.0,0.0016,329.27,C
June,7,12:00:00,0.9952,628.0,0.0,0.0,328.39,C
June,7,12:30:00,0.9361,675.0,2.0,0.003,343.21,C
June,7,13:00:00,0.9899,594.0,1.0,0.0017,333.57,C
June,7,13:30:00,0.9521,609.0,3.0,0.0049,324.32,C
June,7,14:00:00,0.9921,635.0,2.0,0.0031,321.47,C
June,7,14:30:00,0.9612,651.0,6.0,0.0092,335.26,C
June,7,15:00:00,0.9726,547.0,0.0,0.0,339.67,C
June,7,15:30:00,0.9981,535.0,0.0,0.0,365.19,C
June,7,16:00:00,1.0,580.0,0.0,0.0,338.88,C
June,7,16:30:00,1.0,461.0,0.0,0.0,336.43,C
June,7,17:00:00,0.9979,468.0,1.0,0.0021,322.82,C
June,7,17:30:00,1.0,431.0,0.0,0.0,340.82,C
June,7,18:00:00,1.0,428.0,1.0,0.0023,340.7,C
June,7,18:30:00,1.0,346.0,1.0,0.0029,347.45,C
June,7,19:00:00,1.0,351.0,0.0,0.0,331.58,C
June,7,19:30:00,1.0,290.0,0.0,0.0,308.89,C
June,7,20:00:00,1.0,253.0,1.0,0.004,338.44,C
June,7,20:30:00,1.0,233.0,0.0,0.0,291.91,C
June,7,21:00:00,1.0,201.0,0.0,0.0,315.03,C
June,7,21:30:00,0.9938,162.0,0.0,0.0,332.98,C
June,7,22:00:00,0.9925,133.0,0.0,0.0,301.65,C
June,7,22:30:00,0.9916,119.0,0.0,0.0,330.61,C
June,7,23:00:00,1.0,82.0,0.0,0.0,333.83,C
June,7,23:30:00,1.0,66.0,0.0,0.0,314.52,C
June,8,00:00:00,1.0,57.0,1.0,0.0175,284.59,C
June,8,00:30:00,1.0,40.0,0.0,0.0,313.6,C
June,8,01:00:00,1.0,27.0,0.0,0.0,268.3,C
June,8,01:30:00,0.96,25.0,0.0,0.0,191.96,C
June,8,02:00:00,0.5,15.0,1.0,0.0667,412.36,C
June,8,02:30:00,0.625,16.0,0.0,0.0,352.44,C
June,8,03:00:00,1.0,17.0,0.0,0.0,420.35,C
June,8,03:30:00,1.0,6.0,0.0,0.0,283.17,C
June,8,04:00:00,1.0,11.0,0.0,0.0,482.55,C
June,8,04:30:00,1.0,3.0,0.0,0.0,755.67,C
June,8,05:00:00,1.0,12.0,0.0,0.0,402.0,C
June,8,05:30:00,1.0,9.0,0.0,0.0,237.11,C
June,8,06:00:00,0.95,20.0,0.0,0.0,209.75,C
June,8,06:30:00,1.0,22.0,1.0,0.0455,263.14,C
June,8,07:00:00,1.0,38.0,0.0,0.0,206.0,C
June,8,07:30:00,1.0,56.0,0.0,0.0,227.63,C
June,8,08:00:00,1.0,73.0,0.0,0.0,290.73,C
June,8,08:30:00,1.0,132.0,0.0,0.0,294.81,C
June,8,09:00:00,1.0,166.0,0.0,0.0,279.48,C
June,8,09:30:00,1.0,205.0,0.0,0.0,314.05,C
June,8,10:00:00,1.0,262.0,0.0,0.0,291.37,C
June,8,10:30:00,0.9936,312.0,0.0,0.0,304.06,C
June,8,11:00:00,0.9937,316.0,1.0,0.0032,288.77,C
June,8,11:30:00,1.0,323.0,0.0,0.0,319.63,C
June,8,12:00:00,0.9973,366.0,0.0,0.0,289.91,C
June,8,12:30:00,0.9809,369.0,3.0,0.0081,318.15,C
June,8,13:00:00,0.9972,358.0,0.0,0.0,332.78,C
June,8,13:30:00,0.9947,375.0,0.0,0.0,312.97,C
June,8,14:00:00,1.0,428.0,1.0,0.0023,307.37,C
June,8,14:30:00,0.9974,382.0,0.0,0.0,317.25,C
June,8,15:00:00,1.0,449.0,0.0,0.0,332.91,C
June,8,15:30:00,1.0,355.0,3.0,0.0085,299.83,C
June,8,16:00:00,0.9976,420.0,2.0,0.0048,321.6,C
June,8,16:30:00,0.9899,398.0,1.0,0.0025,331.8,C
June,8,17:00:00,0.9969,321.0,0.0,0.0,328.45,C
June,8,17:30:00,0.997,338.0,1.0,0.003,332.69,C
June,8,18:00:00,0.9928,276.0,0.0,0.0,339.11,C
June,8,18:30:00,0.9963,268.0,0.0,0.0,334.45,C
June,8,19:00:00,1.0,258.0,0.0,0.0,327.24,C
June,8,19:30:00,1.0,212.0,0.0,0.0,324.33,C
June,8,20:00:00,0.9808,209.0,1.0,0.0048,351.98,C
June,8,20:30:00,1.0,199.0,1.0,0.005,316.6,C
June,8,21:00:00,0.9691,162.0,0.0,0.0,337.09,C
June,8,21:30:00,0.9931,145.0,0.0,0.0,315.83,C
June,8,22:00:00,1.0,108.0,0.0,0.0,309.86,C
June,8,22:30:00,1.0,108.0,2.0,0.0185,299.56,C
June,8,23:00:00,1.0,70.0,0.0,0.0,276.87,C
June,8,23:30:00,1.0,71.0,1.0,0.0141,294.6,C
June,9,00:00:00,0.9808,52.0,0.0,0.0,299.58,C
June,9,00:30:00,1.0,40.0,0.0,0.0,275.55,C
June,9,01:00:00,1.0,22.0,0.0,0.0,210.05,C
June,9,01:30:00,1.0,17.0,0.0,0.0,274.71,C
June,9,02:00:00,1.0,13.0,0.0,0.0,309.62,C
June,9,02:30:00,1.0,14.0,0.0,0.0,299.57,C
June,9,03:00:00,1.0,13.0,0.0,0.0,320.85,C
June,9,03:30:00,1.0,6.0,0.0,0.0,194.17,C
June,9,04:00:00,1.0,3.0,0.0,0.0,320.67,C
June,9,04:30:00,1.0,4.0,0.0,0.0,145.25,C
June,9,05:00:00,1.0,12.0,0.0,0.0,375.08,C
June,9,05:30:00,1.0,19.0,0.0,0.0,295.11,C
June,9,06:00:00,1.0,23.0,0.0,0.0,285.61,C
June,9,06:30:00,0.9111,45.0,0.0,0.0,313.49,C
June,9,07:00:00,0.971,69.0,0.0,0.0,272.74,C
June,9,07:30:00,0.9905,105.0,0.0,0.0,231.87,C
June,9,08:00:00,0.9908,217.0,0.0,0.0,282.9,C
June,9,08:30:00,0.982,389.0,0.0,0.0,300.41,C
June,9,09:00:00,0.9941,509.0,2.0,0.0039,321.88,C
June,9,09:30:00,0.8789,749.0,6.0,0.008,329.37,C
June,9,10:00:00,0.9582,819.0,6.0,0.0073,318.45,C
June,9,10:30:00,0.9853,886.0,0.0,0.0,334.88,C
June,9,11:00:00,0.9938,962.0,1.0,0.001,342.45,C
June,9,11:30:00,0.9718,1027.0,0.0,0.0,342.76,C
June,9,12:00:00,0.8404,1001.0,11.0,0.011,349.5,C
June,9,12:30:00,0.8595,965.0,4.0,0.0041,355.93,C
June,9,13:00:00,0.9763,1017.0,4.0,0.0039,349.76,C
June,9,13:30:00,0.8686,1044.0,9.0,0.0086,362.06,C
June,9,14:00:00,0.7841,1053.0,11.0,0.0104,362.41,C
June,9,14:30:00,0.432,1067.0,37.0,0.0347,361.13,C
June,9,15:00:00,0.6011,1132.0,19.0,0.0168,369.04,C
June,9,15:30:00,0.9784,1067.0,1.0,0.0009,367.19,C
June,9,16:00:00,0.9907,1077.0,3.0,0.0028,366.72,C
June,9,16:30:00,0.9901,1013.0,2.0,0.002,367.83,C
June,9,17:00:00,0.9895,950.0,1.0,0.0011,354.72,C
June,9,17:30:00,0.9805,924.0,3.0,0.0032,352.56,C
June,9,18:00:00,0.9386,834.0,3.0,0.0036,362.67,C
June,9,18:30:00,0.9703,707.0,1.0,0.0014,358.35,C
June,9,19:00:00,0.8884,649.0,4.0,0.0062,356.27,C
June,9,19:30:00,0.4636,611.0,20.0,0.0327,362.33,C
June,9,20:00:00,0.9846,456.0,1.0,0.0022,359.53,C
June,9,20:30:00,0.9879,414.0,1.0,0.0024,364.83,C
June,9,21:00:00,0.9813,377.0,2.0,0.0053,370.7,C
June,9,21:30:00,0.9868,302.0,0.0,0.0,369.61,C
June,9,22:00:00,0.9959,243.0,0.0,0.0,345.26,C
June,9,22:30:00,1.0,191.0,2.0,0.0105,359.95,C
June,9,23:00:00,0.9868,151.0,0.0,0.0,275.93,C
June,9,23:30:00,1.0,105.0,0.0,0.0,365.7,C
June,10,00:00:00,0.9863,73.0,0.0,0.0,282.14,C
June,10,00:30:00,1.0,52.0,0.0,0.0,332.19,C
June,10,01:00:00,1.0,40.0,0.0,0.0,400.93,C
June,10,01:30:00,0.9706,34.0,0.0,0.0,360.06,C
June,10,02:00:00,1.0,16.0,0.0,0.0,263.25,C
June,10,02:30:00,1.0,25.0,0.0,0.0,233.32,C
June,10,03:00:00,1.0,12.0,2.0,0.1667,284.5,C
June,10,03:30:00,1.0,12.0,0.0,0.0,167.25,C
June,10,04:00:00,1.0,12.0,0.0,0.0,326.42,C
June,10,04:30:00,1.0,8.0,0.0,0.0,348.38,C
June,10,05:00:00,1.0,6.0,0.0,0.0,254.17,C
June,10,05:30:00,1.0,22.0,0.0,0.0,438.27,C
June,10,06:00:00,1.0,33.0,0.0,0.0,265.3,C
June,10,06:30:00,0.9792,49.0,1.0,0.0204,263.63,C
June,10,07:00:00,0.9881,85.0,1.0,0.0118,262.32,C
June,10,07:30:00,0.9793,148.0,3.0,0.0203,246.32,C
June,10,08:00:00,0.9876,242.0,1.0,0.0041,297.39,C
June,10,08:30:00,0.9905,318.0,1.0,0.0031,318.38,C
June,10,09:00:00,0.9905,525.0,0.0,0.0,328.42,C
June,10,09:30:00,0.9746,631.0,2.0,0.0032,320.49,C
June,10,10:00:00,0.9506,771.0,2.0,0.0026,322.94,C
June,10,10:30:00,0.9785,790.0,1.0,0.0013,333.33,C
June,10,11:00:00,0.9476,919.0,3.0,0.0033,353.76,C
June,10,11:30:00,0.8721,954.0,8.0,0.0084,358.91,C
June,10,12:00:00,0.9405,936.0,11.0,0.0118,360.41,C
June,10,12:30:00,0.6161,965.0,22.0,0.0228,346.79,C
June,10,13:00:00,0.9249,953.0,7.0,0.0073,349.5,C
June,10,13:30:00,0.9082,972.0,3.0,0.0031,346.85,C
June,10,14:00:00,0.799,966.0,11.0,0.0114,344.41,C
June,10,14:30:00,0.7981,958.0,7.0,0.0073,358.81,C
June,10,15:00:00,0.4948,996.0,26.0,0.0261,366.08,C
June,10,15:30:00,0.8779,955.0,5.0,0.0052,359.46,C
June,10,16:00:00,0.9797,938.0,1.0,0.0011,352.37,C
June,10,16:30:00,1.0,868.0,1.0,0.0012,350.33,C
June,10,17:00:00,0.9882,845.0,1.0,0.0012,351.02,C
June,10,17:30:00,0.9892,838.0,1.0,0.0012,366.4,C
June,10,18:00:00,0.9572,777.0,6.0,0.0077,340.18,C
June,10,18:30:00,0.949,630.0,2.0,0.0032,349.13,C
June,10,19:00:00,0.9949,590.0,0.0,0.0,345.69,C
June,10,19:30:00,0.9791,527.0,1.0,0.0019,350.26,C
June,10,20:00:00,0.9645,424.0,2.0,0.0047,345.49,C
June,10,20:30:00,0.9639,392.0,4.0,0.0102,360.91,C
June,10,21:00:00,0.9903,310.0,0.0,0.0,373.73,C
June,10,21:30:00,1.0,302.0,0.0,0.0,332.91,C
June,10,22:00:00,0.932,252.0,2.0,0.0079,346.2,C
June,10,22:30:00,0.9898,196.0,0.0,0.0,316.29,C
June,10,23:00:00,1.0,126.0,0.0,0.0,285.63,C
June,10,23:30:00,1.0,115.0,0.0,0.0,342.6,C
June,11,00:00:00,1.0,73.0,1.0,0.0137,306.43,C
June,11,00:30:00,1.0,51.0,0.0,0.0,321.24,C
June,11,01:00:00,1.0,47.0,0.0,0.0,307.23,C
June,11,01:30:00,1.0,25.0,0.0,0.0,395.28,C
June,11,02:00:00,1.0,12.0,0.0,0.0,351.75,C
June,11,02:30:00,1.0,17.0,0.0,0.0,293.53,C
June,11,03:00:00,1.0,21.0,2.0,0.0952,293.42,C
June,11,03:30:00,1.0,11.0,0.0,0.0,218.45,C
June,11,04:00:00,1.0,6.0,0.0,0.0,320.83,C
June,11,04:30:00,1.0,9.0,0.0,0.0,312.33,C
June,11,05:00:00,1.0,11.0,0.0,0.0,262.64,C
June,11,05:30:00,1.0,12.0,0.0,0.0,235.58,C
June,11,06:00:00,1.0,35.0,0.0,0.0,333.97,C
June,11,06:30:00,0.9302,43.0,0.0,0.0,229.58,C
June,11,07:00:00,0.9897,97.0,0.0,0.0,242.45,C
June,11,07:30:00,1.0,139.0,4.0,0.0288,250.69,C
June,11,08:00:00,0.9522,251.0,0.0,0.0,291.99,C
June,11,08:30:00,0.9926,404.0,0.0,0.0,303.64,C
June,11,09:00:00,0.981,532.0,5.0,0.0094,312.88,C
June,11,09:30:00,0.9488,666.0,2.0,0.003,326.12,C
June,11,10:00:00,0.9523,797.0,1.0,0.0013,326.33,C
June,11,10:30:00,0.8651,875.0,8.0,0.0091,320.1,C
June,11,11:00:00,0.6894,851.0,17.0,0.02,339.95,C
June,11,11:30:00,0.2959,870.0,42.0,0.0483,356.13,C
June,11,12:00:00,0.7343,973.0,2.0,0.0021,336.83,C
June,11,12:30:00,0.9477,923.0,6.0,0.0065,346.6,C
June,11,13:00:00,0.9207,890.0,7.0,0.0079,349.68,C
June,11,13:30:00,0.9694,916.0,0.0,0.0,331.22,C
June,11,14:00:00,0.9946,927.0,1.0,0.0011,348.73,C
June,11,14:30:00,0.988,917.0,4.0,0.0044,335.51,C
June,11,15:00:00,0.9944,889.0,1.0,0.0044,335.51,C
June,11,15:30:00,0.7879,908.0,17.0,0.0044,335.51,C
June,11,16:00:00,0.9125,881.0,1.0,0.0044,335.51,C
June,11,16:30:00,0.9954,872.0,0.0,0.0044,335.51,C
June,11,17:00:00,0.9951,811.0,0.0,0.0044,335.51,C
June,11,17:30:00,0.9972,719.0,0.0,0.0044,335.51,C
June,11,18:00:00,0.9815,704.0,2.0,0.0044,335.51,C
June,11,18:30:00,0.9933,602.0,2.0,0.0044,335.51,C
June,11,19:00:00,0.9457,576.0,5.0,0.0044,335.51,C
June,11,19:30:00,0.9683,473.0,0.0,0.0044,335.51,C
June,11,20:00:00,0.9883,430.0,1.0,0.0044,335.51,C
June,11,20:30:00,0.9944,355.0,0.0,0.0044,335.51,C
June,11,21:00:00,1.0,287.0,1.0,0.0044,335.51,C
June,11,21:30:00,1.0,294.0,0.0,0.0044,335.51,C
June,11,22:00:00,0.9839,249.0,0.0,0.0,320.14,C
June,11,22:30:00,0.9947,188.0,0.0,0.0,293.72,C
June,11,23:00:00,1.0,143.0,0.0,0.0,319.73,C
June,11,23:30:00,1.0,116.0,0.0,0.0,325.48,C
June,12,00:00:00,0.9853,69.0,1.0,0.0145,354.78,C
June,12,00:30:00,1.0,46.0,0.0,0.0,320.02,C
June,12,01:00:00,1.0,46.0,0.0,0.0,316.72,C
June,12,01:30:00,0.931,29.0,0.0,0.0,325.52,C
June,12,02:00:00,0.7826,24.0,1.0,0.0417,315.83,C
June,12,02:30:00,1.0,22.0,0.0,0.0,166.0,C
June,12,03:00:00,1.0,13.0,0.0,0.0,275.23,C
June,12,03:30:00,0.8947,19.0,0.0,0.0,295.21,C
June,12,04:00:00,1.0,6.0,0.0,0.0,198.5,C
June,12,04:30:00,1.0,8.0,1.0,0.125,323.71,C
June,12,05:00:00,0.9375,16.0,0.0,0.0,242.88,C
June,12,05:30:00,1.0,16.0,0.0,0.0,246.63,C
June,12,06:00:00,1.0,20.0,0.0,0.0,223.25,C
June,12,06:30:00,1.0,48.0,0.0,0.0,245.88,C
June,12,07:00:00,0.9882,86.0,1.0,0.0116,254.02,C
June,12,07:30:00,0.9873,160.0,2.0,0.0125,266.65,C
June,12,08:00:00,0.9878,246.0,0.0,0.0,304.81,C
June,12,08:30:00,0.9973,365.0,0.0,0.0,307.4,C
June,12,09:00:00,0.9916,476.0,1.0,0.0021,309.34,C
June,12,09:30:00,0.9842,634.0,3.0,0.0047,312.0,C
June,12,10:00:00,0.9506,711.0,2.0,0.0028,326.28,C
June,12,10:30:00,0.4834,804.0,20.0,0.0249,341.01,C
June,12,11:00:00,0.9361,833.0,4.0,0.0048,341.47,C
June,12,11:30:00,0.9752,851.0,4.0,0.0047,342.26,C
June,12,12:00:00,0.9291,867.0,7.0,0.0081,346.33,C
June,12,12:30:00,0.5813,933.0,23.0,0.0247,352.49,C
June,12,13:00:00,0.8289,836.0,6.0,0.0072,346.17,C
June,12,13:30:00,0.7583,908.0,2.0,0.0022,339.14,C
June,12,14:00:00,0.9817,879.0,3.0,0.0034,344.03,C
June,12,14:30:00,0.6652,919.0,26.0,0.0283,351.19,C
June,12,15:00:00,0.9485,912.0,0.0,0.0,360.78,C
June,12,15:30:00,0.9989,888.0,1.0,0.0011,349.62,C
June,12,16:00:00,0.9989,877.0,1.0,0.0011,335.84,C
June,12,16:30:00,0.9988,859.0,1.0,0.0012,342.64,C
June,12,17:00:00,0.9975,809.0,1.0,0.0012,337.4,C
June,12,17:30:00,0.9973,754.0,4.0,0.0053,349.6,C
June,12,18:00:00,0.9898,691.0,2.0,0.0029,363.23,C
June,12,18:30:00,0.9764,636.0,1.0,0.0016,344.45,C
June,12,19:00:00,0.9754,529.0,1.0,0.0019,334.61,C
June,12,19:30:00,0.7765,524.0,14.0,0.0267,358.92,C
June,12,20:00:00,0.8606,421.0,5.0,0.0119,365.71,C
June,12,20:30:00,0.9853,340.0,1.0,0.0029,325.5,C
June,12,21:00:00,1.0,299.0,0.0,0.0,342.08,C
June,12,21:30:00,1.0,233.0,0.0,0.0,359.65,C
June,12,22:00:00,0.9955,222.0,0.0,0.0,325.11,C
June,12,22:30:00,1.0,160.0,1.0,0.0063,294.31,C
June,12,23:00:00,1.0,144.0,0.0,0.0,304.47,C
June,12,23:30:00,1.0,114.0,0.0,0.0,309.37,C
June,13,00:00:00,1.0,56.0,1.0,0.0179,430.27,C
June,13,00:30:00,1.0,47.0,0.0,0.0,315.68,C
June,13,01:00:00,1.0,28.0,0.0,0.0,305.75,C
June,13,01:30:00,1.0,28.0,0.0,0.0,314.93,C
June,13,02:00:00,1.0,14.0,0.0,0.0,339.36,C
June,13,02:30:00,0.7917,26.0,2.0,0.0769,389.21,C
June,13,03:00:00,1.0,10.0,0.0,0.0,472.4,C
June,13,03:30:00,0.9,10.0,0.0,0.0,400.5,C
June,13,04:00:00,1.0,6.0,0.0,0.0,437.67,C
June,13,04:30:00,1.0,8.0,0.0,0.0,280.38,C
June,13,05:00:00,1.0,19.0,0.0,0.0,326.79,C
June,13,05:30:00,1.0,17.0,0.0,0.0,497.29,C
June,13,06:00:00,1.0,29.0,0.0,0.0,260.62,C
June,13,06:30:00,1.0,55.0,1.0,0.0182,267.31,C
June,13,07:00:00,0.987,77.0,0.0,0.0,261.55,C
June,13,07:30:00,0.9936,156.0,0.0,0.0,258.6,C
June,13,08:00:00,1.0,238.0,0.0,0.0,290.73,C
June,13,08:30:00,1.0,382.0,0.0,0.0,294.58,C
June,13,09:00:00,0.9886,527.0,0.0,0.0,303.23,C
June,13,09:30:00,0.9906,638.0,1.0,0.0016,309.09,C
June,13,10:00:00,0.9795,683.0,1.0,0.0015,319.98,C
June,13,10:30:00,0.9857,769.0,2.0,0.0026,307.98,C
June,13,11:00:00,0.9977,866.0,7.0,0.0081,329.91,C
June,13,11:30:00,0.9662,890.0,3.0,0.0034,342.51,C
June,13,12:00:00,0.9845,905.0,2.0,0.0022,342.28,C
June,13,12:30:00,0.9664,903.0,11.0,0.0122,327.19,C
June,13,13:00:00,0.715,822.0,29.0,0.0353,337.95,C
June,13,13:30:00,0.2783,875.0,63.0,0.072,358.91,C
June,13,14:00:00,0.4591,998.0,33.0,0.0331,351.6,C
June,13,14:30:00,0.7663,868.0,8.0,0.0092,356.95,C
June,13,15:00:00,0.9492,909.0,3.0,0.0033,343.48,C
June,13,15:30:00,0.7466,910.0,22.0,0.0242,352.24,C
June,13,16:00:00,0.7813,940.0,12.0,0.0128,344.66,C
June,13,16:30:00,0.9784,881.0,0.0,0.0,348.09,C
June,13,17:00:00,0.9952,843.0,1.0,0.0012,353.27,C
June,13,17:30:00,0.6982,755.0,16.0,0.0212,352.43,C
June,13,18:00:00,0.9278,683.0,4.0,0.0059,342.45,C
June,13,18:30:00,0.9655,609.0,0.0,0.0,363.59,C
June,13,19:00:00,0.5314,507.0,14.0,0.0276,335.83,C
June,13,19:30:00,0.4071,445.0,25.0,0.0562,363.99,C
June,13,20:00:00,0.2857,379.0,22.0,0.058,351.08,C
June,13,20:30:00,0.305,358.0,17.0,0.0475,320.24,C
June,13,21:00:00,0.8947,266.0,0.0,0.0,322.17,C
June,13,21:30:00,0.9515,207.0,1.0,0.0048,382.08,C
June,13,22:00:00,0.9947,189.0,0.0,0.0,346.77,C
June,13,22:30:00,0.9933,150.0,1.0,0.0067,357.26,C
June,13,23:00:00,1.0,120.0,0.0,0.0,325.08,C
June,13,23:30:00,1.0,84.0,0.0,0.0,258.67,C
June,14,00:00:00,1.0,63.0,2.0,0.0317,315.28,C
June,14,00:30:00,1.0,45.0,0.0,0.0,357.4,C
June,14,01:00:00,1.0,30.0,0.0,0.0,253.77,C
June,14,01:30:00,1.0,30.0,0.0,0.0,379.87,C
June,14,02:00:00,0.9444,18.0,0.0,0.0,305.61,C
June,14,02:30:00,1.0,17.0,0.0,0.0,267.88,C
June,14,03:00:00,1.0,10.0,0.0,0.0,465.0,C
June,14,03:30:00,1.0,13.0,0.0,0.0,294.92,C
June,14,04:00:00,1.0,9.0,0.0,0.0,315.11,C
June,14,04:30:00,1.0,10.0,0.0,0.0,354.3,C
June,14,05:00:00,1.0,13.0,0.0,0.0,271.85,C
June,14,05:30:00,1.0,17.0,0.0,0.0,271.24,C
June,14,06:00:00,1.0,11.0,0.0,0.0,291.18,C
June,14,06:30:00,0.9677,32.0,1.0,0.0313,171.97,C
June,14,07:00:00,1.0,52.0,0.0,0.0,303.56,C
June,14,07:30:00,1.0,87.0,0.0,0.0,225.98,C
June,14,08:00:00,1.0,171.0,2.0,0.0117,266.08,C
June,14,08:30:00,0.9956,228.0,0.0,0.0,288.1,C
June,14,09:00:00,1.0,335.0,2.0,0.006,268.94,C
June,14,09:30:00,0.6717,413.0,14.0,0.0339,309.66,C
June,14,10:00:00,0.8559,473.0,1.0,0.0021,290.66,C
June,14,10:30:00,0.9907,541.0,2.0,0.0037,317.01,C
June,14,11:00:00,0.9863,586.0,0.0,0.0,305.06,C
June,14,11:30:00,0.9949,590.0,0.0,0.0,320.86,C
June,14,12:00:00,0.9847,590.0,1.0,0.0017,343.73,C
June,14,12:30:00,0.9918,612.0,2.0,0.0033,319.77,C
June,14,13:00:00,0.9059,581.0,7.0,0.012,339.27,C
June,14,13:30:00,0.2993,635.0,37.0,0.0583,334.42,C
June,14,14:00:00,0.3291,651.0,25.0,0.0384,343.16,C
June,14,14:30:00,0.91,604.0,4.0,0.0066,347.63,C
June,14,15:00:00,0.9583,576.0,0.0,0.0,334.56,C
June,14,15:30:00,0.9965,570.0,0.0,0.0,359.97,C
June,14,16:00:00,0.9982,565.0,1.0,0.0018,340.67,C
June,14,16:30:00,0.9942,516.0,0.0,0.0,338.84,C
June,14,17:00:00,0.9959,484.0,0.0,0.0,342.84,C
June,14,17:30:00,0.9957,465.0,0.0,0.0,335.65,C
June,14,18:00:00,0.9976,419.0,0.0,0.0,347.19,C
June,14,18:30:00,0.9946,377.0,8.0,0.0212,365.98,C
June,14,19:00:00,0.9891,368.0,0.0,0.0,336.83,C
June,14,19:30:00,0.9846,326.0,1.0,0.0031,332.78,C
June,14,20:00:00,0.9693,293.0,0.0,0.0,319.33,C
June,14,20:30:00,0.9845,258.0,0.0,0.0,344.35,C
June,14,21:00:00,0.9774,222.0,1.0,0.0045,310.48,C
June,14,21:30:00,0.9939,164.0,0.0,0.0,323.57,C
June,14,22:00:00,0.9857,140.0,0.0,0.0,326.71,C
June,14,22:30:00,0.991,111.0,0.0,0.0,334.98,C
June,14,23:00:00,1.0,93.0,1.0,0.0108,282.26,C
June,14,23:30:00,1.0,78.0,0.0,0.0,288.05,C
June,15,00:00:00,1.0,54.0,1.0,0.0185,338.47,C
June,15,00:30:00,1.0,32.0,0.0,0.0,333.0,C
June,15,01:00:00,1.0,22.0,0.0,0.0,270.0,C
June,15,01:30:00,1.0,22.0,0.0,0.0,350.86,C
June,15,02:00:00,1.0,12.0,0.0,0.0,306.75,C
June,15,02:30:00,1.0,13.0,0.0,0.0,295.69,C
June,15,03:00:00,1.0,8.0,0.0,0.0,492.63,C
June,15,03:30:00,1.0,12.0,0.0,0.0,359.67,C
June,15,04:00:00,1.0,10.0,0.0,0.0,297.5,C
June,15,04:30:00,1.0,6.0,0.0,0.0,345.17,C
June,15,05:00:00,1.0,5.0,0.0,0.0,203.0,C
June,15,05:30:00,1.0,14.0,0.0,0.0,421.57,C
June,15,06:00:00,1.0,11.0,0.0,0.0,269.55,C
June,15,06:30:00,1.0,14.0,0.0,0.0,195.5,C
June,15,07:00:00,1.0,32.0,0.0,0.0,371.13,C
June,15,07:30:00,1.0,50.0,2.0,0.04,269.33,C
June,15,08:00:00,1.0,80.0,0.0,0.0,270.29,C
June,15,08:30:00,1.0,122.0,0.0,0.0,254.43,C
June,15,09:00:00,1.0,159.0,1.0,0.0063,297.09,C
June,15,09:30:00,1.0,191.0,0.0,0.0,280.92,C
June,15,10:00:00,1.0,221.0,1.0,0.0045,294.89,C
June,15,10:30:00,1.0,221.0,0.0,0.0,314.29,C
June,15,11:00:00,1.0,266.0,0.0,0.0,310.91,C
June,15,11:30:00,1.0,317.0,0.0,0.0,295.67,C
June,15,12:00:00,1.0,315.0,0.0,0.0,296.0,C
June,15,12:30:00,1.0,324.0,0.0,0.0,292.05,C
June,15,13:00:00,1.0,346.0,0.0,0.0,338.89,C
June,15,13:30:00,0.9972,356.0,0.0,0.0,311.63,C
June,15,14:00:00,1.0,345.0,0.0,0.0,302.19,C
June,15,14:30:00,1.0,361.0,0.0,0.0,311.43,C
June,15,15:00:00,1.0,362.0,0.0,0.0,283.01,C
June,15,15:30:00,0.9971,348.0,0.0,0.0,304.32,C
June,15,16:00:00,1.0,346.0,0.0,0.0,307.13,C
June,15,16:30:00,1.0,335.0,3.0,0.009,325.59,C
June,15,17:00:00,1.0,295.0,0.0,0.0,322.73,C
June,15,17:30:00,1.0,265.0,0.0,0.0,320.38,C
June,15,18:00:00,1.0,256.0,0.0,0.0,331.24,C
June,15,18:30:00,0.9958,237.0,1.0,0.0042,298.88,C
June,15,19:00:00,0.9959,241.0,0.0,0.0,343.34,C
June,15,19:30:00,1.0,182.0,0.0,0.0,312.05,C
June,15,20:00:00,0.9951,205.0,0.0,0.0,302.53,C
June,15,20:30:00,0.9946,184.0,0.0,0.0,312.46,C
June,15,21:00:00,0.9884,172.0,0.0,0.0,318.01,C
June,15,21:30:00,0.9938,161.0,0.0,0.0,316.22,C
June,15,22:00:00,1.0,110.0,0.0,0.0,282.88,C
June,15,22:30:00,1.0,100.0,0.0,0.0,333.97,C
June,15,23:00:00,1.0,83.0,0.0,0.0,310.6,C
June,15,23:30:00,1.0,57.0,0.0,0.0,380.81,C
June,16,00:00:00,1.0,56.0,0.0,0.0,314.09,C
June,16,00:30:00,1.0,40.0,0.0,0.0,310.68,C
June,16,01:00:00,1.0,30.0,1.0,0.0333,307.86,C
June,16,01:30:00,0.9524,21.0,0.0,0.0,270.29,C
June,16,02:00:00,0.9474,19.0,0.0,0.0,345.95,C
June,16,02:30:00,0.4375,16.0,0.0,0.0,297.13,C
June,16,03:00:00,1.0,11.0,1.0,0.0909,311.6,C
June,16,03:30:00,0.9,10.0,0.0,0.0,371.2,C
June,16,04:00:00,1.0,10.0,0.0,0.0,223.8,C
June,16,04:30:00,1.0,8.0,0.0,0.0,328.5,C
June,16,05:00:00,1.0,8.0,0.0,0.0,369.25,C
June,16,05:30:00,1.0,13.0,0.0,0.0,251.69,C
June,16,06:00:00,0.9565,23.0,0.0,0.0,217.22,C
June,16,06:30:00,1.0,44.0,0.0,0.0,253.0,C
June,16,07:00:00,1.0,89.0,0.0,0.0,227.45,C
June,16,07:30:00,1.0,121.0,0.0,0.0,220.13,C
June,16,08:00:00,1.0,249.0,0.0,0.0,257.02,C
June,16,08:30:00,0.9896,386.0,1.0,0.0026,292.16,C
June,16,09:00:00,0.9962,528.0,1.0,0.0019,310.14,C
June,16,09:30:00,0.9985,679.0,0.0,0.0,336.55,C
June,16,10:00:00,0.9921,758.0,0.0,0.0,331.51,C
June,16,10:30:00,0.9869,843.0,1.0,0.0012,335.95,C
June,16,11:00:00,0.9904,942.0,0.0,0.0,342.29,C
June,16,11:30:00,0.9512,1068.0,2.0,0.0019,351.39,C
June,16,12:00:00,0.9884,1035.0,1.0,0.001,341.94,C
June,16,12:30:00,0.9502,1046.0,1.0,0.001,355.99,C
June,16,13:00:00,0.938,1036.0,4.0,0.0039,348.49,C
June,16,13:30:00,0.5974,1078.0,20.0,0.0186,350.54,C
June,16,14:00:00,0.9644,1097.0,1.0,0.0009,352.16,C
June,16,14:30:00,0.4877,1106.0,48.0,0.0434,336.28,C
June,16,15:00:00,0.5758,1136.0,14.0,0.0123,353.69,C
June,16,15:30:00,0.99,1099.0,3.0,0.0027,366.86,C
June,16,16:00:00,0.9973,1093.0,0.0,0.0,374.74,C
June,16,16:30:00,0.7966,1066.0,14.0,0.0131,349.51,C
June,16,17:00:00,0.9266,971.0,4.0,0.0041,374.34,C
June,16,17:30:00,0.9304,897.0,6.0,0.0067,374.81,C
June,16,18:00:00,0.5896,867.0,24.0,0.0277,351.58,C
June,16,18:30:00,0.5766,788.0,11.0,0.014,363.25,C
June,16,19:00:00,0.9763,634.0,2.0,0.0032,365.71,C
June,16,19:30:00,0.891,580.0,2.0,0.0034,370.32,C
June,16,20:00:00,0.8264,535.0,5.0,0.0093,343.81,C
June,16,20:30:00,0.9978,465.0,0.0,0.0,349.97,C
June,16,21:00:00,0.9944,357.0,0.0,0.0,354.29,C
June,16,21:30:00,1.0,307.0,1.0,0.0033,363.75,C
June,16,22:00:00,1.0,247.0,1.0,0.004,335.29,C
June,16,22:30:00,1.0,172.0,0.0,0.0,285.35,C
June,16,23:00:00,1.0,131.0,0.0,0.0,318.6,C
June,16,23:30:00,0.9921,128.0,1.0,0.0078,343.66,C
June,17,00:00:00,0.963,81.0,0.0,0.0,286.21,C
June,17,00:30:00,1.0,59.0,0.0,0.0,385.93,C
June,17,01:00:00,1.0,52.0,0.0,0.0,366.44,C
June,17,01:30:00,1.0,25.0,1.0,0.04,265.5,C
June,17,02:00:00,1.0,23.0,0.0,0.0,317.3,C
June,17,02:30:00,1.0,16.0,0.0,0.0,143.63,C
June,17,03:00:00,1.0,12.0,0.0,0.0,135.25,C
June,17,03:30:00,1.0,13.0,0.0,0.0,321.15,C
June,17,04:00:00,1.0,5.0,0.0,0.0,166.8,C
June,17,04:30:00,1.0,15.0,0.0,0.0,244.07,C
June,17,05:00:00,1.0,10.0,0.0,0.0,175.9,C
June,17,05:30:00,1.0,16.0,0.0,0.0,301.31,C
June,17,06:00:00,1.0,28.0,0.0,0.0,243.21,C
June,17,06:30:00,1.0,48.0,3.0,0.0625,231.2,C
June,17,07:00:00,0.9663,89.0,0.0,0.0,244.18,C
June,17,07:30:00,0.9926,136.0,0.0,0.0,247.82,C
June,17,08:00:00,1.0,245.0,0.0,0.0,284.39,C
June,17,08:30:00,1.0,353.0,0.0,0.0,293.07,C
June,17,09:00:00,1.0,519.0,0.0,0.0,314.8,C
June,17,09:30:00,0.9955,664.0,2.0,0.003,331.67,C
June,17,10:00:00,0.992,749.0,1.0,0.0013,326.48,C
June,17,10:30:00,0.9763,805.0,2.0,0.0025,328.7,C
June,17,11:00:00,0.9943,872.0,0.0,0.0,324.03,C
June,17,11:30:00,0.9989,886.0,1.0,0.0011,348.73,C
June,17,12:00:00,0.9882,932.0,3.0,0.0032,346.4,C
June,17,12:30:00,0.9501,891.0,10.0,0.0112,352.87,C
June,17,13:00:00,0.9766,945.0,3.0,0.0032,338.72,C
June,17,13:30:00,0.9801,957.0,2.0,0.0021,338.03,C
June,17,14:00:00,0.9924,931.0,4.0,0.0043,333.86,C
June,17,14:30:00,0.9119,901.0,4.0,0.0044,342.66,C
June,17,15:00:00,0.9317,969.0,2.0,0.0021,347.83,C
June,17,15:30:00,0.9923,914.0,3.0,0.0033,353.93,C
June,17,16:00:00,0.9857,910.0,2.0,0.0022,364.19,C
June,17,16:30:00,0.6713,952.0,15.0,0.0158,363.41,C
June,17,17:00:00,0.9436,981.0,6.0,0.0061,347.41,C
June,17,17:30:00,0.8659,922.0,5.0,0.0054,352.08,C
June,17,18:00:00,0.9391,779.0,7.0,0.009,338.09,C
June,17,18:30:00,0.9672,670.0,0.0,0.0,341.16,C
June,17,19:00:00,0.8231,647.0,14.0,0.0216,374.69,C
June,17,19:30:00,0.8049,535.0,7.0,0.0131,349.09,C
June,17,20:00:00,0.8991,442.0,6.0,0.0136,339.32,C
June,17,20:30:00,0.9667,395.0,5.0,0.0127,343.49,C
June,17,21:00:00,0.9943,353.0,0.0,0.0,380.15,C
June,17,21:30:00,1.0,228.0,0.0,0.0,317.46,C
June,17,22:00:00,0.9907,215.0,1.0,0.0047,301.92,C
June,17,22:30:00,1.0,156.0,0.0,0.0,366.34,C
June,17,23:00:00,0.9915,117.0,0.0,0.0,340.32,C
June,17,23:30:00,0.9901,101.0,0.0,0.0,313.89,C
June,18,00:00:00,1.0,72.0,0.0,0.0,342.15,C
June,18,00:30:00,0.9808,52.0,0.0,0.0,294.81,C
June,18,01:00:00,1.0,38.0,0.0,0.0,276.89,C
June,18,01:30:00,1.0,28.0,1.0,0.0357,392.37,C
June,18,02:00:00,1.0,11.0,0.0,0.0,219.45,C
June,18,02:30:00,0.8667,15.0,0.0,0.0,418.2,C
June,18,03:00:00,1.0,8.0,0.0,0.0,458.75,C
June,18,03:30:00,1.0,9.0,0.0,0.0,205.11,C
June,18,04:00:00,1.0,8.0,0.0,0.0,346.63,C
June,18,04:30:00,1.0,8.0,0.0,0.0,398.75,C
June,18,05:00:00,1.0,11.0,0.0,0.0,473.82,C
June,18,05:30:00,1.0,16.0,0.0,0.0,270.81,C
June,18,06:00:00,1.0,23.0,0.0,0.0,254.48,C
June,18,06:30:00,1.0,48.0,0.0,0.0,272.9,C
June,18,07:00:00,0.99,100.0,0.0,0.0,288.82,C
June,18,07:30:00,0.9938,160.0,0.0,0.0,238.78,C
June,18,08:00:00,1.0,256.0,0.0,0.0,286.98,C
June,18,08:30:00,1.0,359.0,0.0,0.0,308.79,C
June,18,09:00:00,0.9981,522.0,3.0,0.0057,317.93,C
June,18,09:30:00,0.9858,635.0,2.0,0.0031,314.84,C
June,18,10:00:00,0.9842,701.0,4.0,0.0057,317.64,C
June,18,10:30:00,0.9857,771.0,1.0,0.0013,321.18,C
June,18,11:00:00,0.9765,938.0,2.0,0.0021,326.26,C
June,18,11:30:00,0.9893,936.0,1.0,0.0011,320.83,C
June,18,12:00:00,0.9944,895.0,0.0,0.0,342.26,C
June,18,12:30:00,0.4982,884.0,33.0,0.0373,354.93,C
June,18,13:00:00,0.8747,919.0,1.0,0.0011,340.43,C
June,18,13:30:00,1.0,897.0,4.0,0.0045,342.67,C
June,18,14:00:00,0.9977,872.0,0.0,0.0,332.54,C
June,18,14:30:00,0.9547,952.0,3.0,0.0032,342.37,C
June,18,15:00:00,0.9967,900.0,1.0,0.0011,343.0,C
June,18,15:30:00,0.9766,904.0,5.0,0.0055,348.08,C
June,18,16:00:00,0.9075,901.0,4.0,0.0044,352.16,C
June,18,16:30:00,0.9814,862.0,3.0,0.0035,345.56,C
June,18,17:00:00,0.957,795.0,4.0,0.005,361.28,C
June,18,17:30:00,0.8669,827.0,8.0,0.0097,334.08,C
June,18,18:00:00,0.9917,728.0,1.0,0.0014,347.45,C
June,18,18:30:00,1.0,617.0,0.0,0.0,340.97,C
June,18,19:00:00,0.9944,537.0,1.0,0.0019,340.52,C
June,18,19:30:00,0.9727,517.0,5.0,0.0097,331.05,C
June,18,20:00:00,0.9875,480.0,0.0,0.0,317.74,C
June,18,20:30:00,1.0,382.0,1.0,0.0026,326.45,C
June,18,21:00:00,0.9939,326.0,0.0,0.0,348.67,C
June,18,21:30:00,0.9961,260.0,1.0,0.0038,355.59,C
June,18,22:00:00,1.0,208.0,0.0,0.0,361.84,C
June,18,22:30:00,1.0,156.0,0.0,0.0,307.76,C
June,18,23:00:00,1.0,121.0,0.0,0.0,401.05,C
June,18,23:30:00,1.0,98.0,1.0,0.0102,317.25,C
June,19,00:00:00,1.0,63.0,0.0,0.0,323.03,C
June,19,00:30:00,1.0,55.0,0.0,0.0,249.15,C
June,19,01:00:00,1.0,39.0,0.0,0.0,350.31,C
June,19,01:30:00,1.0,31.0,0.0,0.0,377.81,C
June,19,02:00:00,0.9412,17.0,0.0,0.0,250.82,C
June,19,02:30:00,1.0,10.0,0.0,0.0,229.7,C
June,19,03:00:00,1.0,11.0,0.0,0.0,289.91,C
June,19,03:30:00,1.0,11.0,0.0,0.0,324.91,C
June,19,04:00:00,1.0,5.0,0.0,0.0,533.6,C
June,19,04:30:00,1.0,17.0,0.0,0.0,339.71,C
June,19,05:00:00,1.0,14.0,0.0,0.0,585.64,C
June,19,05:30:00,1.0,19.0,0.0,0.0,323.74,C
June,19,06:00:00,0.9167,12.0,0.0,0.0,370.17,C
June,19,06:30:00,0.9388,49.0,0.0,0.0,309.37,C
June,19,07:00:00,0.9884,86.0,0.0,0.0,253.79,C
June,19,07:30:00,1.0,123.0,0.0,0.0,242.91,C
June,19,08:00:00,1.0,216.0,0.0,0.0,307.82,C
June,19,08:30:00,0.9972,351.0,0.0,0.0,329.04,C
June,19,09:00:00,0.996,503.0,0.0,0.0,300.54,C
June,19,09:30:00,0.9801,605.0,3.0,0.005,324.53,C
June,19,10:00:00,0.9501,742.0,1.0,0.0013,327.15,C
June,19,10:30:00,0.9908,758.0,0.0,0.0,323.86,C
June,19,11:00:00,0.9953,859.0,0.0,0.0,337.28,C
June,19,11:30:00,0.9976,830.0,0.0,0.0,314.07,C
June,19,12:00:00,0.9988,840.0,0.0,0.0,339.88,C
June,19,12:30:00,0.9744,859.0,0.0,0.0,313.61,C
June,19,13:00:00,0.992,753.0,1.0,0.0013,347.36,C
June,19,13:30:00,1.0,802.0,0.0,0.0,356.0,C
June,19,14:00:00,0.9973,746.0,0.0,0.0,355.95,C
June,19,14:30:00,0.9923,778.0,2.0,0.0026,352.32,C
June,19,15:00:00,0.9987,778.0,4.0,0.0051,342.96,C
June,19,15:30:00,1.0,740.0,0.0,0.0,349.66,C
June,19,16:00:00,0.9986,724.0,0.0,0.0,347.19,C
June,19,16:30:00,0.9972,719.0,0.0,0.0,363.91,C
June,19,17:00:00,0.9986,714.0,0.0,0.0,336.76,C
June,19,17:30:00,1.0,626.0,1.0,0.0016,345.31,C
June,19,18:00:00,0.9983,601.0,0.0,0.0,335.21,C
June,19,18:30:00,1.0,546.0,0.0,0.0,331.42,C
June,19,19:00:00,1.0,514.0,1.0,0.0019,319.89,C
June,19,19:30:00,0.9831,474.0,0.0,0.0,333.46,C
June,19,20:00:00,0.992,374.0,1.0,0.0027,318.34,C
June,19,20:30:00,0.9825,344.0,2.0,0.0058,353.47,C
June,19,21:00:00,0.9969,326.0,0.0,0.0,312.56,C
June,19,21:30:00,1.0,244.0,1.0,0.0041,342.22,C
June,19,22:00:00,0.9945,181.0,0.0,0.0,282.16,C
June,19,22:30:00,0.989,184.0,2.0,0.0109,308.85,C
June,19,23:00:00,1.0,149.0,0.0,0.0,270.16,C
June,19,23:30:00,1.0,111.0,0.0,0.0,345.46,C
June,20,00:00:00,1.0,87.0,1.0,0.0115,347.7,C
June,20,00:30:00,0.9848,66.0,0.0,0.0,293.48,C
June,20,01:00:00,1.0,34.0,1.0,0.0294,339.88,C
June,20,01:30:00,1.0,26.0,0.0,0.0,342.77,C
June,20,02:00:00,0.8333,19.0,1.0,0.0526,263.28,C
June,20,02:30:00,0.5625,22.0,6.0,0.2727,448.0,C
June,20,03:00:00,1.0,9.0,1.0,0.1111,807.75,C
June,20,03:30:00,1.0,10.0,0.0,0.0,296.4,C
June,20,04:00:00,0.9412,17.0,0.0,0.0,460.53,C
June,20,04:30:00,1.0,15.0,0.0,0.0,447.07,C
June,20,05:00:00,1.0,17.0,0.0,0.0,308.76,C
June,20,05:30:00,1.0,13.0,0.0,0.0,305.62,C
June,20,06:00:00,1.0,33.0,0.0,0.0,369.12,C
June,20,06:30:00,0.9565,73.0,4.0,0.0548,306.94,C
June,20,07:00:00,0.9811,108.0,2.0,0.0185,310.3,C
June,20,07:30:00,0.7661,180.0,9.0,0.05,288.74,C
June,20,08:00:00,0.5865,324.0,12.0,0.037,314.57,C
June,20,08:30:00,0.9279,418.0,2.0,0.0048,322.4,C
June,20,09:00:00,1.0,471.0,1.0,0.0021,330.12,C
June,20,09:30:00,1.0,685.0,0.0,0.0,287.71,C
June,20,10:00:00,0.9972,717.0,1.0,0.0014,302.42,C
June,20,10:30:00,0.9203,807.0,4.0,0.005,311.54,C
June,20,11:00:00,0.86,901.0,8.0,0.0089,338.12,C
June,20,11:30:00,0.8399,927.0,15.0,0.0162,338.36,C
June,20,12:00:00,0.8163,966.0,24.0,0.0248,329.81,C
June,20,12:30:00,0.7621,929.0,21.0,0.0226,335.44,C
June,20,13:00:00,0.9396,911.0,0.0,0.0,331.28,C
June,20,13:30:00,0.8018,891.0,23.0,0.0258,339.81,C
June,20,14:00:00,0.2857,891.0,23.0,0.0548,340.55,C
June,20,14:30:00,0.3109,891.0,23.0,0.0954,364.5,C
June,20,15:00:00,0.4821,891.0,23.0,0.0308,333.5,C
June,20,15:30:00,0.9352,891.0,23.0,0.013,328.63,C
June,20,16:00:00,0.5152,891.0,23.0,0.0248,356.93,C
June,20,16:30:00,0.9574,891.0,23.0,0.005,339.5,C
June,20,17:00:00,0.9168,891.0,23.0,0.009,344.03,C
June,20,17:30:00,0.9467,856.0,12.0,0.014,341.0,C
June,20,18:00:00,0.9435,719.0,47.0,0.0654,351.65,C
June,20,18:30:00,0.8025,729.0,15.0,0.0206,340.19,C
June,20,19:00:00,0.7784,578.0,23.0,0.0398,342.9,C
June,20,19:30:00,0.5936,521.0,51.0,0.0979,318.09,C
June,20,20:00:00,0.222,508.0,71.0,0.1398,358.06,C
June,20,20:30:00,0.2483,464.0,33.0,0.0711,338.34,C
June,20,21:00:00,0.8768,344.0,3.0,0.0087,313.12,C
June,20,21:30:00,0.8924,266.0,15.0,0.0564,303.19,C
June,20,22:00:00,0.9582,242.0,3.0,0.0124,324.24,C
June,20,22:30:00,0.9944,180.0,0.0,0.0,305.11,C
June,20,23:00:00,1.0,125.0,2.0,0.016,334.86,C
June,20,23:30:00,0.9661,118.0,0.0,0.0,310.35,C
June,21,00:00:00,0.9733,77.0,2.0,0.026,335.91,C
June,21,00:30:00,0.9583,49.0,1.0,0.0204,315.65,C
June,21,01:00:00,1.0,36.0,0.0,0.0,347.19,C
June,21,01:30:00,1.0,37.0,0.0,0.0,352.14,C
June,21,02:00:00,1.0,15.0,0.0,0.0,263.33,C
June,21,02:30:00,1.0,10.0,0.0,0.0,300.3,C
June,21,03:00:00,1.0,10.0,0.0,0.0,189.6,C
June,21,03:30:00,1.0,8.0,0.0,0.0,266.25,C
June,21,04:00:00,0.9231,14.0,1.0,0.0714,457.0,C
June,21,04:30:00,0.8889,9.0,0.0,0.0,309.22,C
June,21,05:00:00,1.0,6.0,0.0,0.0,241.83,C
June,21,05:30:00,1.0,15.0,0.0,0.0,271.2,C
June,21,06:00:00,1.0,19.0,0.0,0.0,215.53,C
June,21,06:30:00,0.9474,39.0,1.0,0.0256,290.5,C
June,21,07:00:00,0.987,79.0,2.0,0.0253,215.08,C
June,21,07:30:00,0.9655,117.0,1.0,0.0085,254.06,C
June,21,08:00:00,0.9765,171.0,1.0,0.0058,256.09,C
June,21,08:30:00,0.9412,276.0,4.0,0.0145,281.7,C
June,21,09:00:00,0.9741,348.0,1.0,0.0029,281.31,C
June,21,09:30:00,0.8661,444.0,11.0,0.0248,287.96,C
June,21,10:00:00,0.7984,519.0,3.0,0.0058,299.83,C
June,21,10:30:00,0.9911,562.0,0.0,0.0,310.58,C
June,21,11:00:00,0.9833,664.0,4.0,0.006,325.44,C
June,21,11:30:00,0.9652,667.0,7.0,0.0105,311.92,C
June,21,12:00:00,0.9095,618.0,10.0,0.0162,325.17,C
June,21,12:30:00,0.9276,643.0,8.0,0.0124,325.16,C
June,21,13:00:00,0.9184,635.0,10.0,0.0157,308.18,C
June,21,13:30:00,0.847,627.0,19.0,0.0303,342.54,C
June,21,14:00:00,0.7827,668.0,19.0,0.0284,336.86,C
June,21,14:30:00,0.8493,639.0,2.0,0.0031,326.33,C
June,21,15:00:00,0.9902,615.0,0.0,0.0,339.02,C
June,21,15:30:00,0.9899,600.0,4.0,0.0067,315.43,C
June,21,16:00:00,0.9942,520.0,0.0,0.0,347.62,C
June,21,16:30:00,0.9922,511.0,1.0,0.002,305.37,C
June,21,17:00:00,0.9979,477.0,2.0,0.0042,330.83,C
June,21,17:30:00,0.9978,450.0,0.0,0.0,319.19,C
June,21,18:00:00,0.9819,442.0,0.0,0.0,310.57,C
June,21,18:30:00,0.9949,396.0,1.0,0.0025,313.59,C
June,21,19:00:00,0.8916,374.0,5.0,0.0134,341.03,C
June,21,19:30:00,0.5906,311.0,13.0,0.0418,338.98,C
June,21,20:00:00,0.4982,295.0,10.0,0.0339,340.69,C
June,21,20:30:00,0.9512,246.0,0.0,0.0,325.38,C
June,21,21:00:00,0.9894,188.0,0.0,0.0,283.19,C
June,21,21:30:00,1.0,156.0,0.0,0.0,321.15,C
June,21,22:00:00,0.9924,132.0,1.0,0.0076,300.1,C
June,21,22:30:00,1.0,123.0,0.0,0.0,363.45,C
June,21,23:00:00,1.0,90.0,0.0,0.0,297.57,C
June,21,23:30:00,0.974,77.0,0.0,0.0,301.3,C
June,22,00:00:00,1.0,43.0,1.0,0.0233,289.36,C
June,22,00:30:00,0.973,37.0,0.0,0.0,263.89,C
June,22,01:00:00,0.8636,23.0,1.0,0.0435,292.59,C
June,22,01:30:00,1.0,20.0,0.0,0.0,247.85,C
June,22,02:00:00,0.8667,15.0,0.0,0.0,218.27,C
June,22,02:30:00,1.0,5.0,0.0,0.0,383.2,C
June,22,03:00:00,1.0,16.0,5.0,0.3125,433.82,C
June,22,03:30:00,1.0,7.0,0.0,0.0,552.29,C
June,22,04:00:00,1.0,12.0,0.0,0.0,512.33,C
June,22,04:30:00,1.0,6.0,0.0,0.0,405.33,C
June,22,05:00:00,1.0,12.0,0.0,0.0,466.92,C
June,22,05:30:00,1.0,6.0,0.0,0.0,262.33,C
June,22,06:00:00,1.0,15.0,0.0,0.0,129.0,C
June,22,06:30:00,1.0,23.0,1.0,0.0435,211.59,C
June,22,07:00:00,1.0,33.0,0.0,0.0,309.45,C
June,22,07:30:00,1.0,64.0,0.0,0.0,235.78,C
June,22,08:00:00,1.0,78.0,0.0,0.0,259.4,C
June,22,08:30:00,0.9918,122.0,0.0,0.0,283.54,C
June,22,09:00:00,0.9949,198.0,0.0,0.0,297.79,C
June,22,09:30:00,1.0,191.0,0.0,0.0,291.01,C
June,22,10:00:00,1.0,252.0,0.0,0.0,294.14,C
June,22,10:30:00,0.9664,298.0,0.0,0.0,308.53,C
June,22,11:00:00,1.0,351.0,0.0,0.0,320.42,C
June,22,11:30:00,0.9946,370.0,0.0,0.0,308.3,C
June,22,12:00:00,0.9923,390.0,0.0,0.0,310.73,C
June,22,12:30:00,0.9763,385.0,5.0,0.013,298.36,C
June,22,13:00:00,0.952,418.0,1.0,0.0024,314.05,C
June,22,13:30:00,0.6005,439.0,11.0,0.0251,317.24,C
June,22,14:00:00,0.7181,416.0,8.0,0.0192,333.93,C
June,22,14:30:00,0.9876,405.0,1.0,0.0025,314.11,C
June,22,15:00:00,0.9583,409.0,1.0,0.0024,319.73,C
June,22,15:30:00,0.993,431.0,0.0,0.0,333.6,C
June,22,16:00:00,0.9975,398.0,3.0,0.0075,313.82,C
June,22,16:30:00,0.8602,384.0,5.0,0.013,313.36,C
June,22,17:00:00,0.9746,356.0,1.0,0.0028,318.71,C
June,22,17:30:00,0.9735,340.0,0.0,0.0,298.62,C
June,22,18:00:00,0.9676,309.0,0.0,0.0,318.39,C
June,22,18:30:00,0.9924,265.0,2.0,0.0075,335.17,C
June,22,19:00:00,0.9825,288.0,2.0,0.0069,319.01,C
June,22,19:30:00,0.9272,207.0,1.0,0.0048,326.96,C
June,22,20:00:00,0.9459,223.0,1.0,0.0045,357.26,C
June,22,20:30:00,0.9512,206.0,1.0,0.0049,353.72,C
June,22,21:00:00,1.0,185.0,0.0,0.0,345.63,C
June,22,21:30:00,0.9936,158.0,1.0,0.0063,336.39,C
June,22,22:00:00,1.0,126.0,0.0,0.0,334.2,C
June,22,22:30:00,1.0,113.0,2.0,0.0177,312.11,C
June,22,23:00:00,1.0,99.0,0.0,0.0,368.1,C
June,22,23:30:00,0.9872,78.0,0.0,0.0,294.77,C
June,23,00:00:00,1.0,66.0,0.0,0.0,246.38,C
June,23,00:30:00,1.0,35.0,0.0,0.0,310.49,C
June,23,01:00:00,1.0,43.0,1.0,0.0233,385.9,C
June,23,01:30:00,1.0,27.0,1.0,0.037,342.5,C
June,23,02:00:00,1.0,14.0,0.0,0.0,265.07,C
June,23,02:30:00,1.0,12.0,0.0,0.0,207.17,C
June,23,03:00:00,1.0,8.0,1.0,0.125,392.86,C
June,23,03:30:00,1.0,9.0,0.0,0.0,342.56,C
June,23,04:00:00,1.0,8.0,0.0,0.0,420.13,C
June,23,04:30:00,1.0,7.0,0.0,0.0,202.86,C
June,23,05:00:00,1.0,8.0,0.0,0.0,815.75,C
June,23,05:30:00,0.8125,18.0,2.0,0.1111,384.69,C
June,23,06:00:00,0.9,20.0,0.0,0.0,525.65,C
June,23,06:30:00,0.9189,38.0,1.0,0.0263,288.65,C
June,23,07:00:00,0.9028,72.0,0.0,0.0,268.44,C
June,23,07:30:00,0.763,139.0,4.0,0.0288,219.65,C
June,23,08:00:00,0.915,247.0,0.0,0.0,317.17,C
June,23,08:30:00,0.9973,369.0,1.0,0.0027,303.97,C
June,23,09:00:00,0.9909,551.0,2.0,0.0036,316.47,C
June,23,09:30:00,0.9727,698.0,1.0,0.0014,308.13,C
June,23,10:00:00,0.9747,869.0,1.0,0.0012,317.57,C
June,23,10:30:00,0.9476,864.0,5.0,0.0058,349.78,C
June,23,11:00:00,0.9625,937.0,4.0,0.0043,350.19,C
June,23,11:30:00,0.5045,1022.0,23.0,0.0225,343.54,C
June,23,12:00:00,0.4335,1072.0,34.0,0.0317,355.86,C
June,23,12:30:00,0.3272,1091.0,55.0,0.0504,350.07,C
June,23,13:00:00,0.9074,1040.0,3.0,0.0029,359.31,C
June,23,13:30:00,0.9737,993.0,4.0,0.004,352.0,C
June,23,14:00:00,0.9801,959.0,4.0,0.0042,350.04,C
June,23,14:30:00,0.8252,1095.0,14.0,0.0128,350.93,C
June,23,15:00:00,0.9661,1063.0,1.0,0.0009,355.72,C
June,23,15:30:00,0.9952,1039.0,1.0,0.001,352.62,C
June,23,16:00:00,0.9936,1096.0,7.0,0.0064,349.46,C
June,23,16:30:00,0.9301,1048.0,4.0,0.0038,366.21,C
June,23,17:00:00,0.7513,973.0,16.0,0.0164,375.0,C
June,23,17:30:00,0.6976,896.0,13.0,0.0145,366.92,C
June,23,18:00:00,0.8644,850.0,24.0,0.0282,360.8,C
June,23,18:30:00,0.9013,774.0,4.0,0.0052,355.6,C
June,23,19:00:00,0.9127,671.0,7.0,0.0104,354.79,C
June,23,19:30:00,0.6909,577.0,14.0,0.0243,346.0,C
June,23,20:00:00,0.7729,529.0,5.0,0.0095,385.01,C
June,23,20:30:00,0.9583,432.0,0.0,0.0,349.39,C
June,23,21:00:00,0.9971,351.0,1.0,0.0028,335.58,C
June,23,21:30:00,1.0,340.0,0.0,0.0,359.51,C
June,23,22:00:00,0.9884,259.0,0.0,0.0,312.63,C
June,23,22:30:00,0.9952,208.0,0.0,0.0,341.08,C
June,23,23:00:00,0.994,166.0,0.0,0.0,294.25,C
June,23,23:30:00,0.9904,104.0,0.0,0.0,338.68,C
June,24,00:00:00,1.0,90.0,0.0,0.0,350.2,C
June,24,00:30:00,1.0,49.0,0.0,0.0,343.86,C
June,24,01:00:00,1.0,42.0,0.0,0.0,396.4,C
June,24,01:30:00,1.0,20.0,0.0,0.0,316.4,C
June,24,02:00:00,1.0,15.0,0.0,0.0,338.4,C
June,24,02:30:00,1.0,15.0,0.0,0.0,282.0,C
June,24,03:00:00,1.0,10.0,1.0,0.1,264.0,C
June,24,03:30:00,0.7692,13.0,0.0,0.0,383.54,C
June,24,04:00:00,1.0,9.0,0.0,0.0,350.78,C
June,24,04:30:00,1.0,6.0,0.0,0.0,262.67,C
June,24,05:00:00,1.0,4.0,0.0,0.0,196.25,C
June,24,05:30:00,1.0,0.0,0.0,0.0,196.25,C
June,24,06:00:00,1.0,32.0,2.0,0.0625,196.0,C
June,24,06:30:00,1.0,51.0,0.0,0.0,230.37,C
June,24,07:00:00,0.978,91.0,0.0,0.0,237.51,C
June,24,07:30:00,0.9932,148.0,1.0,0.0068,306.36,C
June,24,08:00:00,1.0,261.0,0.0,0.0,303.68,C
June,24,08:30:00,0.9972,353.0,1.0,0.0028,301.87,C
June,24,09:00:00,0.998,510.0,0.0,0.0,290.25,C
June,24,09:30:00,0.9952,624.0,0.0,0.0,327.03,C
June,24,10:00:00,0.9647,738.0,1.0,0.0014,323.42,C
June,24,10:30:00,0.9834,846.0,2.0,0.0024,336.2,C
June,24,11:00:00,0.9849,928.0,2.0,0.0022,338.56,C
June,24,11:30:00,0.9956,916.0,0.0,0.0,331.69,C
June,24,12:00:00,0.9934,903.0,0.0,0.0,339.12,C
June,24,12:30:00,0.9062,920.0,3.0,0.0033,335.21,C
June,24,13:00:00,0.9956,909.0,0.0,0.0,344.72,C
June,24,13:30:00,0.9978,896.0,1.0,0.0011,319.98,C
June,24,14:00:00,0.9989,914.0,1.0,0.0011,349.77,C
June,24,14:30:00,0.9968,945.0,3.0,0.0032,358.51,C
June,24,15:00:00,0.9938,970.0,1.0,0.001,360.46,C
June,24,15:30:00,0.9969,968.0,5.0,0.0052,360.13,C
June,24,16:00:00,0.9989,884.0,1.0,0.0011,361.56,C
June,24,16:30:00,1.0,854.0,1.0,0.0012,348.58,C
June,24,17:00:00,0.9976,850.0,2.0,0.0024,345.61,C
June,24,17:30:00,0.995,794.0,1.0,0.0013,351.96,C
June,24,18:00:00,0.9851,741.0,3.0,0.004,347.27,C
June,24,18:30:00,0.9933,596.0,2.0,0.0034,361.34,C
June,24,19:00:00,1.0,564.0,0.0,0.0,361.93,C
June,24,19:30:00,0.9712,521.0,0.0,0.0,323.18,C
June,24,20:00:00,0.9879,413.0,0.0,0.0,364.18,C
June,24,20:30:00,0.9974,387.0,2.0,0.0052,372.22,C
June,24,21:00:00,0.9968,314.0,0.0,0.0,344.51,C
June,24,21:30:00,1.0,268.0,0.0,0.0,344.77,C
June,24,22:00:00,0.9952,210.0,0.0,0.0,373.04,C
June,24,22:30:00,0.9888,179.0,0.0,0.0,330.77,C
June,24,23:00:00,1.0,125.0,0.0,0.0,317.7,C
June,24,23:30:00,1.0,96.0,0.0,0.0,335.49,C
June,25,00:00:00,1.0,66.0,0.0,0.0,339.2,C
June,25,00:30:00,1.0,48.0,0.0,0.0,331.83,C
June,25,01:00:00,1.0,31.0,0.0,0.0,341.9,C
June,25,01:30:00,1.0,24.0,0.0,0.0,309.08,C
June,25,02:00:00,0.875,18.0,2.0,0.1111,357.25,C
June,25,02:30:00,1.0,10.0,0.0,0.0,270.4,C
June,25,03:00:00,1.0,10.0,0.0,0.0,393.7,C
June,25,03:30:00,1.0,17.0,0.0,0.0,299.76,C
June,25,04:00:00,1.0,10.0,0.0,0.0,477.3,C
June,25,04:30:00,1.0,14.0,0.0,0.0,288.36,C
June,25,05:00:00,1.0,11.0,0.0,0.0,244.45,C
June,25,05:30:00,1.0,10.0,0.0,0.0,223.1,C
June,25,06:00:00,1.0,32.0,0.0,0.0,238.88,C
June,25,06:30:00,0.975,40.0,0.0,0.0,263.88,C
June,25,07:00:00,1.0,91.0,0.0,0.0,294.02,C
June,25,07:30:00,1.0,148.0,0.0,0.0,238.26,C
June,25,08:00:00,1.0,267.0,0.0,0.0,263.82,C
June,25,08:30:00,0.9835,423.0,0.0,0.0,291.89,C
June,25,09:00:00,0.9979,483.0,0.0,0.0,314.79,C
June,25,09:30:00,0.997,659.0,0.0,0.0,310.44,C
June,25,10:00:00,0.9987,780.0,0.0,0.0,300.62,C
June,25,10:30:00,0.9976,828.0,1.0,0.0012,323.81,C
June,25,11:00:00,0.9835,913.0,4.0,0.0044,324.82,C
June,25,11:30:00,0.9806,934.0,4.0,0.0043,353.04,C
June,25,12:00:00,0.9956,901.0,0.0,0.0,311.92,C
June,25,12:30:00,0.647,913.0,32.0,0.035,335.13,C
June,25,13:00:00,0.8473,992.0,3.0,0.003,327.86,C
June,25,13:30:00,0.9895,953.0,3.0,0.0031,326.74,C
June,25,14:00:00,0.9937,948.0,1.0,0.0011,339.04,C
June,25,14:30:00,0.8951,974.0,11.0,0.0113,360.21,C
June,25,15:00:00,0.8051,956.0,7.0,0.0073,345.09,C
June,25,15:30:00,0.9915,942.0,0.0,0.0,326.05,C
June,25,16:00:00,0.9978,911.0,0.0,0.0,336.76,C
June,25,16:30:00,0.9488,865.0,6.0,0.0069,337.63,C
June,25,17:00:00,0.9954,874.0,2.0,0.0023,333.5,C
June,25,17:30:00,0.9944,717.0,2.0,0.0028,347.71,C
June,25,18:00:00,0.6417,746.0,12.0,0.0161,353.33,C
June,25,18:30:00,0.9747,633.0,1.0,0.0016,317.41,C
June,25,19:00:00,0.4953,560.0,31.0,0.0554,372.75,C
June,25,19:30:00,0.193,541.0,54.0,0.0998,366.08,C
June,25,20:00:00,0.5103,494.0,10.0,0.0202,353.65,C
June,25,20:30:00,0.9832,360.0,3.0,0.0083,342.89,C
June,25,21:00:00,1.0,318.0,0.0,0.0,321.65,C
June,25,21:30:00,1.0,268.0,0.0,0.0,317.69,C
June,25,22:00:00,1.0,195.0,0.0,0.0,314.06,C
June,25,22:30:00,1.0,172.0,0.0,0.0,311.87,C
June,25,23:00:00,1.0,145.0,0.0,0.0,336.66,C
June,25,23:30:00,0.9918,122.0,0.0,0.0,266.53,C
June,26,00:00:00,0.9863,74.0,1.0,0.0135,327.6,C
June,26,00:30:00,1.0,58.0,0.0,0.0,315.22,C
June,26,01:00:00,0.9756,42.0,1.0,0.0238,263.8,C
June,26,01:30:00,1.0,35.0,0.0,0.0,401.66,C
June,26,02:00:00,0.4,24.0,4.0,0.1667,209.05,C
June,26,02:30:00,1.0,12.0,0.0,0.0,163.83,C
June,26,03:00:00,1.0,12.0,0.0,0.0,209.92,C
June,26,03:30:00,1.0,9.0,0.0,0.0,205.67,C
June,26,04:00:00,1.0,11.0,0.0,0.0,192.82,C
June,26,04:30:00,1.0,8.0,0.0,0.0,263.13,C
June,26,05:00:00,1.0,15.0,0.0,0.0,251.47,C
June,26,05:30:00,1.0,15.0,0.0,0.0,290.67,C
June,26,06:00:00,0.9714,35.0,0.0,0.0,293.71,C
June,26,06:30:00,0.9831,61.0,2.0,0.0328,242.12,C
June,26,07:00:00,0.9895,95.0,0.0,0.0,278.78,C
June,26,07:30:00,1.0,136.0,0.0,0.0,259.47,C
June,26,08:00:00,1.0,237.0,0.0,0.0,254.1,C
June,26,08:30:00,1.0,327.0,1.0,0.0031,289.95,C
June,26,09:00:00,1.0,497.0,0.0,0.0,300.83,C
June,26,09:30:00,1.0,592.0,1.0,0.0017,288.58,C
June,26,10:00:00,0.9835,731.0,2.0,0.0027,299.53,C
June,26,10:30:00,0.9988,836.0,2.0,0.0024,321.05,C
June,26,11:00:00,0.9988,845.0,1.0,0.0012,310.28,C
June,26,11:30:00,1.0,886.0,1.0,0.0011,320.32,C
June,26,12:00:00,0.9887,886.0,1.0,0.0011,321.58,C
June,26,12:30:00,0.4409,861.0,49.0,0.0569,333.17,C
June,26,13:00:00,0.748,894.0,5.0,0.0056,350.9,C
June,26,13:30:00,0.9868,838.0,2.0,0.0024,336.87,C
June,26,14:00:00,0.9518,854.0,4.0,0.0047,336.74,C
June,26,14:30:00,0.6634,850.0,21.0,0.0247,350.32,C
June,26,15:00:00,0.8372,905.0,2.0,0.0022,319.03,C
June,26,15:30:00,0.924,890.0,8.0,0.009,330.03,C
June,26,16:00:00,0.9117,815.0,0.0,0.0,348.32,C
June,26,16:30:00,0.9345,829.0,5.0,0.006,332.92,C
June,26,17:00:00,0.8251,749.0,17.0,0.0227,359.94,C
June,26,17:30:00,0.606,688.0,18.0,0.0262,339.2,C
June,26,18:00:00,0.323,652.0,42.0,0.0644,349.1,C
June,26,18:30:00,0.3941,637.0,28.0,0.044,349.67,C
June,26,19:00:00,0.9282,530.0,1.0,0.0019,344.46,C
June,26,19:30:00,0.9485,451.0,4.0,0.0089,352.21,C
June,26,20:00:00,0.7094,443.0,6.0,0.0135,349.01,C
June,26,20:30:00,0.986,358.0,1.0,0.0028,343.4,C
June,26,21:00:00,0.969,290.0,0.0,0.0,334.55,C
June,26,21:30:00,0.9959,246.0,0.0,0.0,329.79,C
June,26,22:00:00,0.5179,267.0,16.0,0.0599,293.16,C
June,26,22:30:00,0.9145,152.0,0.0,0.0,341.41,C
June,26,23:00:00,1.0,110.0,0.0,0.0,277.74,C
June,26,23:30:00,0.9889,90.0,0.0,0.0,319.2,C
June,27,00:00:00,0.973,74.0,0.0,0.0,283.2,C
June,27,00:30:00,0.9744,39.0,0.0,0.0,323.31,C
June,27,01:00:00,0.9643,29.0,1.0,0.0345,323.68,C
June,27,01:30:00,1.0,18.0,0.0,0.0,308.89,C
June,27,02:00:00,1.0,6.0,0.0,0.0,304.83,C
June,27,02:30:00,0.6364,26.0,4.0,0.1538,348.41,C
June,27,03:00:00,1.0,14.0,0.0,0.0,368.29,C
June,27,03:30:00,1.0,10.0,0.0,0.0,413.9,C
June,27,04:00:00,1.0,12.0,0.0,0.0,264.42,C
June,27,04:30:00,0.9375,17.0,1.0,0.0588,278.94,C
June,27,05:00:00,0.8462,13.0,0.0,0.0,296.15,C
June,27,05:30:00,1.0,7.0,0.0,0.0,315.57,C
June,27,06:00:00,0.9655,29.0,0.0,0.0,190.59,C
June,27,06:30:00,0.9512,43.0,2.0,0.0465,314.15,C
June,27,07:00:00,0.9868,77.0,1.0,0.013,279.46,C
June,27,07:30:00,0.9292,115.0,2.0,0.0174,317.43,C
June,27,08:00:00,0.9028,291.0,3.0,0.0103,271.83,C
June,27,08:30:00,0.8049,334.0,6.0,0.018,324.72,C
June,27,09:00:00,0.9609,537.0,0.0,0.0,304.51,C
June,27,09:30:00,0.9138,656.0,6.0,0.0091,292.53,C
June,27,10:00:00,0.9238,691.0,9.0,0.013,323.24,C
June,27,10:30:00,0.4041,807.0,25.0,0.031,303.27,C
June,27,11:00:00,0.8523,861.0,1.0,0.0012,315.89,C
June,27,11:30:00,0.9495,839.0,8.0,0.0095,327.31,C
June,27,12:00:00,0.5425,883.0,24.0,0.0272,331.85,C
June,27,12:30:00,0.5689,960.0,16.0,0.0167,350.79,C
June,27,13:00:00,0.9781,917.0,3.0,0.0033,323.78,C
June,27,13:30:00,0.8866,974.0,4.0,0.0041,325.54,C
June,27,14:00:00,0.831,944.0,9.0,0.0095,335.5,C
June,27,14:30:00,0.5643,905.0,26.0,0.0287,328.91,C
June,27,15:00:00,0.9597,923.0,5.0,0.0054,343.01,C
June,27,15:30:00,0.5452,931.0,23.0,0.0247,327.11,C
June,27,16:00:00,0.9349,880.0,4.0,0.0045,341.33,C
June,27,16:30:00,0.9646,847.0,0.0,0.0,340.65,C
June,27,17:00:00,0.9612,800.0,1.0,0.0013,332.58,C
June,27,17:30:00,0.9902,716.0,0.0,0.0,321.53,C
June,27,18:00:00,0.8677,658.0,8.0,0.0122,330.48,C
June,27,18:30:00,0.9819,551.0,0.0,0.0,352.45,C
June,27,19:00:00,0.6257,516.0,11.0,0.0213,322.17,C
June,27,19:30:00,0.7582,462.0,7.0,0.0152,328.46,C
June,27,20:00:00,0.4725,384.0,20.0,0.0521,340.68,C
June,27,20:30:00,0.737,348.0,2.0,0.0057,326.21,C
June,27,21:00:00,0.6547,286.0,8.0,0.028,335.31,C
June,27,21:30:00,0.4871,237.0,5.0,0.0211,372.29,C
June,27,22:00:00,0.8011,180.0,4.0,0.0222,408.84,C
June,27,22:30:00,0.9385,130.0,0.0,0.0,324.7,C
June,27,23:00:00,0.9737,114.0,0.0,0.0,329.43,C
June,27,23:30:00,1.0,76.0,0.0,0.0,319.38,C
June,28,00:00:00,0.7833,63.0,3.0,0.0476,361.12,C
June,28,00:30:00,0.9268,41.0,0.0,0.0,368.71,C
June,28,01:00:00,0.6977,48.0,5.0,0.1042,280.19,C
June,28,01:30:00,0.6333,31.0,1.0,0.0323,322.0,C
June,28,02:00:00,0.4737,19.0,0.0,0.0,314.0,C
June,28,02:30:00,0.9333,15.0,0.0,0.0,289.2,C
June,28,03:00:00,1.0,11.0,0.0,0.0,261.18,C
June,28,03:30:00,1.0,11.0,0.0,0.0,228.36,C
June,28,04:00:00,1.0,5.0,0.0,0.0,255.4,C
June,28,04:30:00,0.75,9.0,1.0,0.1111,316.38,C
June,28,05:00:00,1.0,23.0,0.0,0.0,235.7,C
June,28,05:30:00,1.0,17.0,0.0,0.0,294.18,C
June,28,06:00:00,0.96,25.0,0.0,0.0,302.04,C
June,28,06:30:00,0.9615,26.0,0.0,0.0,228.15,C
June,28,07:00:00,0.8909,55.0,0.0,0.0,240.22,C
June,28,07:30:00,0.9709,103.0,0.0,0.0,209.4,C
June,28,08:00:00,0.9937,159.0,0.0,0.0,262.57,C
June,28,08:30:00,0.9868,227.0,0.0,0.0,253.26,C
June,28,09:00:00,0.9574,336.0,7.0,0.0208,281.91,C
June,28,09:30:00,0.3437,379.0,24.0,0.0633,334.71,C
June,28,10:00:00,0.65,510.0,10.0,0.0196,322.35,C
June,28,10:30:00,0.9567,558.0,4.0,0.0072,329.58,C
June,28,11:00:00,0.8983,583.0,3.0,0.0051,311.28,C
June,28,11:30:00,0.55,613.0,33.0,0.0538,333.26,C
June,28,12:00:00,0.29,664.0,33.0,0.0497,324.34,C
June,28,12:30:00,0.2871,632.0,33.0,0.0522,327.77,C
June,28,13:00:00,0.3981,662.0,24.0,0.0363,359.84,C
June,28,13:30:00,0.3163,614.0,26.0,0.0423,306.37,C
June,28,14:00:00,0.8731,611.0,4.0,0.0065,323.57,C
June,28,14:30:00,0.9017,605.0,5.0,0.0083,314.08,C
June,28,15:00:00,0.9342,549.0,2.0,0.0036,340.42,C
June,28,15:30:00,0.9908,544.0,1.0,0.0018,318.43,C
June,28,16:00:00,0.9944,533.0,0.0,0.0,341.55,C
June,28,16:30:00,1.0,509.0,0.0,0.0,324.48,C
June,28,17:00:00,0.9391,480.0,4.0,0.0083,333.78,C
June,28,17:30:00,0.9914,467.0,0.0,0.0,317.18,C
June,28,18:00:00,0.9749,402.0,3.0,0.0075,326.61,C
June,28,18:30:00,0.9904,418.0,0.0,0.0,324.68,C
June,28,19:00:00,0.568,347.0,16.0,0.0461,342.1,C
June,28,19:30:00,0.226,356.0,33.0,0.0927,333.59,C
June,28,20:00:00,0.412,287.0,3.0,0.0105,335.61,C
June,28,20:30:00,0.9174,219.0,1.0,0.0046,336.06,C
June,28,21:00:00,0.7051,235.0,1.0,0.0043,339.12,C
June,28,21:30:00,0.9659,176.0,0.0,0.0,316.2,C
June,28,22:00:00,1.0,128.0,1.0,0.0078,313.55,C
June,28,22:30:00,0.9811,106.0,0.0,0.0,283.97,C
June,28,23:00:00,1.0,92.0,0.0,0.0,315.22,C
June,28,23:30:00,1.0,74.0,0.0,0.0,314.92,C
June,29,00:00:00,1.0,37.0,0.0,0.0,303.08,C
June,29,00:30:00,0.963,27.0,0.0,0.0,378.22,C
June,29,01:00:00,0.9545,22.0,0.0,0.0,493.5,C
June,29,01:30:00,0.96,25.0,0.0,0.0,227.24,C
June,29,02:00:00,0.9444,18.0,0.0,0.0,321.78,C
June,29,02:30:00,0.9231,13.0,0.0,0.0,449.08,C
June,29,03:00:00,1.0,11.0,0.0,0.0,208.09,C
June,29,03:30:00,1.0,2.0,0.0,0.0,408.5,C
June,29,04:00:00,1.0,6.0,0.0,0.0,538.33,C
June,29,04:30:00,1.0,7.0,0.0,0.0,380.43,C
June,29,05:00:00,1.0,10.0,0.0,0.0,420.1,C
June,29,05:30:00,1.0,7.0,0.0,0.0,192.0,C
June,29,06:00:00,1.0,14.0,0.0,0.0,378.86,C
June,29,06:30:00,0.9048,25.0,4.0,0.16,284.38,C
June,29,07:00:00,0.8367,25.0,4.0,0.16,284.38,C
June,29,07:30:00,0.9831,25.0,4.0,0.16,284.38,C
June,29,08:00:00,1.0,25.0,4.0,0.16,284.38,C
June,29,08:30:00,0.993,25.0,4.0,0.16,284.38,C
June,29,09:00:00,1.0,25.0,4.0,0.16,284.38,C
June,29,09:30:00,1.0,25.0,4.0,0.16,284.38,C
June,29,10:00:00,0.9862,25.0,4.0,0.16,284.38,C
June,29,10:30:00,1.0,305.0,0.0,0.0,280.38,C
June,29,11:00:00,1.0,319.0,0.0,0.0,300.96,C
June,29,11:30:00,1.0,353.0,0.0,0.0,301.78,C
June,29,12:00:00,0.9898,391.0,0.0,0.0,294.75,C
June,29,12:30:00,0.9354,388.0,1.0,0.0026,311.95,C
June,29,13:00:00,0.9192,427.0,6.0,0.0141,317.43,C
June,29,13:30:00,0.7741,399.0,5.0,0.0125,300.48,C
June,29,14:00:00,0.987,387.0,1.0,0.0026,322.14,C
June,29,14:30:00,0.9632,380.0,0.0,0.0,321.62,C
June,29,15:00:00,0.9418,379.0,1.0,0.0026,308.55,C
June,29,15:30:00,0.9946,371.0,2.0,0.0054,326.19,C
June,29,16:00:00,0.9971,346.0,0.0,0.0,323.39,C
June,29,16:30:00,1.0,329.0,0.0,0.0,303.46,C
June,29,17:00:00,0.9971,345.0,0.0,0.0,344.52,C
June,29,17:30:00,0.9966,292.0,0.0,0.0,310.59,C
June,29,18:00:00,0.9966,294.0,0.0,0.0,313.05,C
June,29,18:30:00,1.0,267.0,1.0,0.0037,309.3,C
June,29,19:00:00,0.9951,203.0,0.0,0.0,315.79,C
June,29,19:30:00,0.7899,240.0,2.0,0.0083,311.49,C
June,29,20:00:00,0.9607,178.0,0.0,0.0,305.02,C
June,29,20:30:00,0.9886,176.0,0.0,0.0,304.2,C
June,29,21:00:00,1.0,155.0,0.0,0.0,288.73,C
June,29,21:30:00,1.0,126.0,1.0,0.0079,258.62,C
June,29,22:00:00,0.9825,114.0,0.0,0.0,314.05,C
June,29,22:30:00,1.0,90.0,0.0,0.0,291.59,C
June,29,23:00:00,1.0,75.0,0.0,0.0,305.89,C
June,29,23:30:00,1.0,48.0,0.0,0.0,283.85,C
June,30,00:00:00,1.0,40.0,1.0,0.025,280.82,C
June,30,00:30:00,0.9394,33.0,0.0,0.0,346.15,C
June,30,01:00:00,1.0,30.0,0.0,0.0,324.03,C
June,30,01:30:00,1.0,22.0,1.0,0.0455,344.24,C
June,30,02:00:00,1.0,9.0,0.0,0.0,238.67,C
June,30,02:30:00,0.6,11.0,1.0,0.0909,359.5,C
June,30,03:00:00,0.7143,15.0,1.0,0.0667,304.79,C
June,30,03:30:00,1.0,7.0,0.0,0.0,517.57,C
June,30,04:00:00,1.0,7.0,0.0,0.0,203.29,C
June,30,04:30:00,1.0,8.0,0.0,0.0,241.75,C
June,30,05:00:00,0.875,8.0,0.0,0.0,359.75,C
June,30,05:30:00,1.0,12.0,2.0,0.1667,252.7,C
June,30,06:00:00,1.0,23.0,0.0,0.0,244.39,C
June,30,06:30:00,0.9474,38.0,0.0,0.0,242.0,C
June,30,07:00:00,0.9467,75.0,0.0,0.0,244.64,C
June,30,07:30:00,1.0,112.0,0.0,0.0,272.6,C
June,30,08:00:00,1.0,250.0,0.0,0.0,283.3,C
June,30,08:30:00,0.9975,408.0,0.0,0.0,279.22,C
June,30,09:00:00,1.0,543.0,0.0,0.0,324.31,C
June,30,09:30:00,0.9023,737.0,10.0,0.0136,314.94,C
June,30,10:00:00,0.8834,827.0,4.0,0.0048,315.1,C
June,30,10:30:00,0.6525,957.0,42.0,0.0439,340.85,C
June,30,11:00:00,0.6388,1077.0,11.0,0.0102,313.71,C
June,30,11:30:00,0.8022,1019.0,8.0,0.0079,334.46,C
June,30,12:00:00,0.8542,1073.0,17.0,0.0158,338.68,C
June,30,12:30:00,0.457,1072.0,26.0,0.0243,341.12,C
June,30,13:00:00,0.9161,969.0,4.0,0.0041,334.99,C
June,30,13:30:00,0.7704,1101.0,21.0,0.0191,354.22,C
June,30,14:00:00,0.5782,1117.0,24.0,0.0215,377.32,C
June,30,14:30:00,0.267,1059.0,59.0,0.0557,356.63,C
June,30,15:00:00,0.4697,1087.0,31.0,0.0285,350.52,C
June,30,15:30:00,0.8836,1105.0,14.0,0.0127,350.13,C
June,30,16:00:00,0.9653,1068.0,2.0,0.0019,350.12,C
June,30,16:30:00,0.9629,1004.0,6.0,0.006,354.58,C
June,30,17:00:00,0.9849,993.0,1.0,0.001,322.41,C
June,30,17:30:00,0.9222,942.0,4.0,0.0042,362.34,C
June,30,18:00:00,0.923,856.0,12.0,0.014,353.16,C
June,30,18:30:00,0.9593,739.0,1.0,0.0014,325.2,C
June,30,19:00:00,0.8979,637.0,10.0,0.0157,341.84,C
June,30,19:30:00,0.7957,607.0,5.0,0.0082,354.5,C
June,30,20:00:00,0.8836,516.0,9.0,0.0174,340.95,C
June,30,20:30:00,0.9671,428.0,2.0,0.0047,344.43,C
June,30,21:00:00,0.9972,363.0,0.0,0.0,340.05,C
June,30,21:30:00,0.9969,327.0,0.0,0.0,366.69,C
June,30,22:00:00,1.0,268.0,1.0,0.0037,336.58,C
June,30,22:30:00,1.0,206.0,1.0,0.0049,328.07,C
June,30,23:00:00,1.0,113.0,0.0,0.0,319.61,C
June,30,23:30:00,1.0,91.0,0.0,0.0,315.05,C
April,1,00:00:00,1.0,30.0,0.0,0.0,306.0,D
April,1,00:30:00,1.0,29.0,0.0,0.0,353.14,D
April,1,01:00:00,1.0,25.0,0.0,0.0,373.76,D
April,1,01:30:00,1.0,9.0,0.0,0.0,364.44,D
April,1,02:00:00,1.0,4.0,0.0,0.0,276.25,D
April,1,02:30:00,1.0,9.0,0.0,0.0,300.78,D
April,1,03:00:00,1.0,3.0,0.0,0.0,218.33,D
April,1,03:30:00,1.0,0.0,0.0,0.0,218.33,D
April,1,04:00:00,1.0,0.0,0.0,0.0,218.33,D
April,1,04:30:00,1.0,0.0,0.0,0.0,218.33,D
April,1,05:00:00,1.0,1.0,0.0,0.0,172.0,D
April,1,05:30:00,1.0,0.0,0.0,0.0,172.0,D
April,1,06:00:00,0.9286,14.0,0.0,0.0,267.07,D
April,1,06:30:00,1.0,28.0,0.0,0.0,307.25,D
April,1,07:00:00,0.9655,30.0,1.0,0.0333,244.93,D
April,1,07:30:00,1.0,64.0,0.0,0.0,248.38,D
April,1,08:00:00,1.0,104.0,1.0,0.0096,276.15,D
April,1,08:30:00,0.9713,175.0,1.0,0.0057,242.67,D
April,1,09:00:00,0.9734,263.0,0.0,0.0,281.82,D
April,1,09:30:00,0.9024,331.0,3.0,0.0091,279.69,D
April,1,10:00:00,0.9916,358.0,2.0,0.0056,292.06,D
April,1,10:30:00,0.9125,460.0,3.0,0.0065,313.13,D
April,1,11:00:00,0.8645,441.0,13.0,0.0295,324.51,D
April,1,11:30:00,0.8178,542.0,4.0,0.0074,314.64,D
April,1,12:00:00,0.9963,540.0,3.0,0.0056,323.31,D
April,1,12:30:00,0.9774,538.0,6.0,0.0112,326.03,D
April,1,13:00:00,0.8867,569.0,4.0,0.007,316.46,D
April,1,13:30:00,0.8327,512.0,10.0,0.0195,320.57,D
April,1,14:00:00,0.9691,555.0,4.0,0.0072,320.33,D
April,1,14:30:00,0.9855,552.0,2.0,0.0036,317.62,D
April,1,15:00:00,0.9908,548.0,2.0,0.0036,315.15,D
April,1,15:30:00,0.984,503.0,2.0,0.004,297.38,D
April,1,16:00:00,0.9618,577.0,1.0,0.0017,301.41,D
April,1,16:30:00,0.9907,545.0,6.0,0.011,314.94,D
April,1,17:00:00,0.9853,478.0,2.0,0.0042,341.33,D
April,1,17:30:00,0.9978,465.0,0.0,0.0,313.75,D
April,1,18:00:00,0.9769,434.0,1.0,0.0023,313.12,D
April,1,18:30:00,0.9872,391.0,1.0,0.0026,325.36,D
April,1,19:00:00,0.9587,341.0,2.0,0.0059,323.32,D
April,1,19:30:00,0.9688,324.0,3.0,0.0093,319.76,D
April,1,20:00:00,0.9579,263.0,2.0,0.0076,321.76,D
April,1,20:30:00,0.928,252.0,2.0,0.0079,315.81,D
April,1,21:00:00,1.0,196.0,0.0,0.0,279.84,D
April,1,21:30:00,1.0,156.0,1.0,0.0064,306.11,D
April,1,22:00:00,1.0,110.0,0.0,0.0,327.23,D
April,1,22:30:00,0.9423,105.0,1.0,0.0095,298.99,D
April,1,23:00:00,0.9857,70.0,0.0,0.0,328.16,D
April,1,23:30:00,1.0,46.0,0.0,0.0,290.85,D
April,2,00:00:00,1.0,44.0,0.0,0.0,294.68,D
April,2,00:30:00,1.0,36.0,0.0,0.0,452.25,D
April,2,01:00:00,1.0,26.0,0.0,0.0,505.65,D
April,2,01:30:00,1.0,18.0,1.0,0.0556,305.71,D
April,2,02:00:00,1.0,7.0,0.0,0.0,313.14,D
April,2,02:30:00,1.0,10.0,1.0,0.1,363.11,D
April,2,03:00:00,1.0,1.0,0.0,0.0,180.0,D
April,2,03:30:00,1.0,0.0,0.0,0.0,180.0,D
April,2,04:00:00,1.0,1.0,0.0,0.0,364.0,D
April,2,04:30:00,1.0,0.0,0.0,0.0,364.0,D
April,2,05:00:00,1.0,0.0,0.0,0.0,364.0,D
April,2,05:30:00,1.0,0.0,0.0,0.0,364.0,D
April,2,06:00:00,1.0,12.0,0.0,0.0,219.75,D
April,2,06:30:00,1.0,17.0,0.0,0.0,276.76,D
April,2,07:00:00,1.0,37.0,0.0,0.0,225.97,D
April,2,07:30:00,0.8308,66.0,1.0,0.0152,256.28,D
April,2,08:00:00,0.9344,124.0,2.0,0.0161,296.09,D
April,2,08:30:00,0.9897,194.0,0.0,0.0,294.23,D
April,2,09:00:00,0.9926,272.0,1.0,0.0037,277.9,D
April,2,09:30:00,0.932,309.0,0.0,0.0,281.37,D
April,2,10:00:00,0.9869,382.0,0.0,0.0,293.63,D
April,2,10:30:00,0.8546,396.0,4.0,0.0101,298.32,D
April,2,11:00:00,0.9893,466.0,0.0,0.0,322.6,D
April,2,11:30:00,0.9934,453.0,0.0,0.0,309.21,D
April,2,12:00:00,0.8961,497.0,6.0,0.0121,315.13,D
April,2,12:30:00,0.9394,462.0,0.0,0.0,306.85,D
April,2,13:00:00,0.9848,531.0,3.0,0.0056,329.52,D
April,2,13:30:00,0.9958,477.0,1.0,0.0021,305.36,D
April,2,14:00:00,0.982,499.0,0.0,0.0,306.94,D
April,2,14:30:00,0.9962,521.0,1.0,0.0019,312.21,D
April,2,15:00:00,0.9981,536.0,1.0,0.0019,326.56,D
April,2,15:30:00,0.9948,573.0,1.0,0.0017,338.87,D
April,2,16:00:00,0.9981,533.0,1.0,0.0019,308.02,D
April,2,16:30:00,1.0,474.0,2.0,0.0042,327.69,D
April,2,17:00:00,0.8399,540.0,9.0,0.0167,313.49,D
April,2,17:30:00,0.9321,503.0,2.0,0.004,333.23,D
April,2,18:00:00,0.9952,416.0,1.0,0.0024,316.82,D
April,2,18:30:00,0.9945,365.0,1.0,0.0027,293.95,D
April,2,19:00:00,0.9943,352.0,1.0,0.0028,283.64,D
April,2,19:30:00,0.9933,298.0,1.0,0.0034,347.68,D
April,2,20:00:00,0.9892,278.0,1.0,0.0036,315.09,D
April,2,20:30:00,0.9959,246.0,0.0,0.0,297.74,D
April,2,21:00:00,1.0,205.0,2.0,0.0098,302.35,D
April,2,21:30:00,1.0,153.0,2.0,0.0131,319.82,D
April,2,22:00:00,1.0,108.0,1.0,0.0093,319.38,D
April,2,22:30:00,1.0,114.0,0.0,0.0,273.52,D
April,2,23:00:00,1.0,74.0,0.0,0.0,295.86,D
April,2,23:30:00,1.0,65.0,0.0,0.0,312.23,D
April,3,00:00:00,1.0,42.0,0.0,0.0,384.0,D
April,3,00:30:00,1.0,45.0,0.0,0.0,439.24,D
April,3,01:00:00,1.0,20.0,0.0,0.0,383.6,D
April,3,01:30:00,1.0,21.0,0.0,0.0,359.29,D
April,3,02:00:00,1.0,12.0,0.0,0.0,235.75,D
April,3,02:30:00,1.0,8.0,0.0,0.0,153.25,D
April,3,03:00:00,1.0,2.0,0.0,0.0,123.0,D
April,3,03:30:00,1.0,0.0,0.0,0.0,123.0,D
April,3,04:00:00,1.0,0.0,0.0,0.0,123.0,D
April,3,04:30:00,1.0,3.0,0.0,0.0,283.33,D
April,3,05:00:00,1.0,1.0,0.0,0.0,209.0,D
April,3,05:30:00,1.0,0.0,0.0,0.0,209.0,D
April,3,06:00:00,1.0,14.0,0.0,0.0,136.0,D
April,3,06:30:00,0.875,18.0,2.0,0.1111,290.13,D
April,3,07:00:00,0.95,40.0,0.0,0.0,168.38,D
April,3,07:30:00,1.0,72.0,0.0,0.0,224.83,D
April,3,08:00:00,1.0,101.0,0.0,0.0,263.99,D
April,3,08:30:00,0.9948,191.0,0.0,0.0,254.95,D
April,3,09:00:00,0.9846,260.0,0.0,0.0,283.3,D
April,3,09:30:00,0.8919,340.0,7.0,0.0206,289.53,D
April,3,10:00:00,0.772,390.0,4.0,0.0103,277.92,D
April,3,10:30:00,0.6425,471.0,15.0,0.0318,300.67,D
April,3,11:00:00,0.9674,491.0,0.0,0.0,298.46,D
April,3,11:30:00,0.9978,463.0,1.0,0.0022,310.52,D
April,3,12:00:00,0.9942,521.0,0.0,0.0,310.17,D
April,3,12:30:00,0.9961,511.0,1.0,0.002,337.11,D
April,3,13:00:00,1.0,508.0,3.0,0.0059,302.9,D
April,3,13:30:00,0.9778,547.0,7.0,0.0128,305.66,D
April,3,14:00:00,0.7335,551.0,7.0,0.0127,322.04,D
April,3,14:30:00,0.7949,593.0,8.0,0.0135,318.53,D
April,3,15:00:00,0.9903,518.0,2.0,0.0039,336.09,D
April,3,15:30:00,0.9279,518.0,5.0,0.0097,312.6,D
April,3,16:00:00,0.9485,507.0,2.0,0.0039,311.78,D
April,3,16:30:00,0.996,499.0,1.0,0.002,324.05,D
April,3,17:00:00,1.0,455.0,2.0,0.0044,330.42,D
April,3,17:30:00,0.9929,422.0,0.0,0.0,326.3,D
April,3,18:00:00,0.9895,382.0,0.0,0.0,319.56,D
April,3,18:30:00,0.9751,363.0,2.0,0.0055,316.32,D
April,3,19:00:00,0.9969,324.0,1.0,0.0031,308.99,D
April,3,19:30:00,0.8149,341.0,6.0,0.0176,315.59,D
April,3,20:00:00,0.773,288.0,6.0,0.0208,306.04,D
April,3,20:30:00,0.9747,237.0,0.0,0.0,310.29,D
April,3,21:00:00,1.0,205.0,1.0,0.0049,292.67,D
April,3,21:30:00,0.9822,171.0,2.0,0.0117,267.64,D
April,3,22:00:00,0.9612,132.0,3.0,0.0227,304.19,D
April,3,22:30:00,0.9919,124.0,1.0,0.0081,292.67,D
April,3,23:00:00,1.0,80.0,0.0,0.0,331.09,D
April,3,23:30:00,1.0,66.0,0.0,0.0,335.0,D
April,4,00:00:00,1.0,51.0,0.0,0.0,337.94,D
April,4,00:30:00,1.0,40.0,0.0,0.0,361.43,D
April,4,01:00:00,1.0,22.0,0.0,0.0,334.05,D
April,4,01:30:00,1.0,16.0,0.0,0.0,216.5,D
April,4,02:00:00,0.9333,18.0,3.0,0.1667,294.07,D
April,4,02:30:00,1.0,1.0,0.0,0.0,247.0,D
April,4,03:00:00,1.0,0.0,0.0,0.0,247.0,D
April,4,03:30:00,1.0,1.0,0.0,0.0,222.0,D
April,4,04:00:00,1.0,0.0,0.0,0.0,222.0,D
April,4,04:30:00,1.0,0.0,0.0,0.0,222.0,D
April,4,05:00:00,1.0,2.0,0.0,0.0,392.5,D
April,4,05:30:00,1.0,2.0,0.0,0.0,230.5,D
April,4,06:00:00,1.0,12.0,0.0,0.0,180.67,D
April,4,06:30:00,1.0,25.0,1.0,0.04,242.17,D
April,4,07:00:00,1.0,17.0,0.0,0.0,239.12,D
April,4,07:30:00,1.0,73.0,0.0,0.0,281.19,D
April,4,08:00:00,1.0,119.0,0.0,0.0,270.08,D
April,4,08:30:00,0.9902,206.0,1.0,0.0049,273.89,D
April,4,09:00:00,1.0,250.0,1.0,0.004,262.9,D
April,4,09:30:00,0.6387,325.0,15.0,0.0462,303.44,D
April,4,10:00:00,0.8325,390.0,2.0,0.0051,290.95,D
April,4,10:30:00,0.9771,439.0,2.0,0.0046,289.99,D
April,4,11:00:00,0.9539,480.0,3.0,0.0063,324.68,D
April,4,11:30:00,0.7432,487.0,12.0,0.0246,311.36,D
April,4,12:00:00,0.9083,483.0,3.0,0.0062,317.17,D
April,4,12:30:00,0.6791,554.0,18.0,0.0325,314.53,D
April,4,13:00:00,0.9841,503.0,0.0,0.0,309.21,D
April,4,13:30:00,0.9945,542.0,1.0,0.0018,301.76,D
April,4,14:00:00,0.8204,536.0,7.0,0.0131,315.22,D
April,4,14:30:00,0.8152,517.0,3.0,0.0058,345.32,D
April,4,15:00:00,0.9741,501.0,0.0,0.0,335.28,D
April,4,15:30:00,0.9885,526.0,2.0,0.0038,322.78,D
April,4,16:00:00,0.9928,554.0,1.0,0.0018,325.91,D
April,4,16:30:00,0.9919,498.0,2.0,0.004,301.7,D
April,4,17:00:00,0.9915,472.0,2.0,0.0042,332.28,D
April,4,17:30:00,0.9459,445.0,1.0,0.0022,312.94,D
April,4,18:00:00,0.9949,391.0,0.0,0.0,321.92,D
April,4,18:30:00,1.0,337.0,1.0,0.003,323.93,D
April,4,19:00:00,0.9938,328.0,3.0,0.0091,308.58,D
April,4,19:30:00,0.9725,256.0,1.0,0.0039,322.4,D
April,4,20:00:00,0.9904,209.0,1.0,0.0048,291.34,D
April,4,20:30:00,1.0,192.0,0.0,0.0,337.52,D
April,4,21:00:00,0.9086,177.0,2.0,0.0113,283.15,D
April,4,21:30:00,0.9866,151.0,2.0,0.0132,328.68,D
April,4,22:00:00,1.0,111.0,1.0,0.009,311.9,D
April,4,22:30:00,1.0,81.0,0.0,0.0,295.81,D
April,4,23:00:00,1.0,67.0,1.0,0.0149,305.06,D
April,4,23:30:00,1.0,48.0,0.0,0.0,251.13,D
April,5,00:00:00,1.0,33.0,1.0,0.0303,325.63,D
April,5,00:30:00,1.0,21.0,0.0,0.0,268.19,D
April,5,01:00:00,1.0,21.0,0.0,0.0,247.86,D
April,5,01:30:00,1.0,15.0,0.0,0.0,350.73,D
April,5,02:00:00,0.8333,12.0,0.0,0.0,440.5,D
April,5,02:30:00,1.0,7.0,0.0,0.0,346.57,D
April,5,03:00:00,1.0,2.0,0.0,0.0,621.5,D
April,5,03:30:00,1.0,0.0,0.0,0.0,621.5,D
April,5,04:00:00,1.0,1.0,0.0,0.0,1500.0,D
April,5,04:30:00,1.0,2.0,0.0,0.0,184.0,D
April,5,05:00:00,1.0,0.0,0.0,0.0,184.0,D
April,5,05:30:00,1.0,1.0,0.0,0.0,257.0,D
April,5,06:00:00,1.0,10.0,0.0,0.0,240.4,D
April,5,06:30:00,1.0,11.0,0.0,0.0,474.91,D
April,5,07:00:00,1.0,19.0,1.0,0.0526,215.39,D
April,5,07:30:00,0.9706,34.0,0.0,0.0,305.71,D
April,5,08:00:00,1.0,63.0,0.0,0.0,317.57,D
April,5,08:30:00,1.0,97.0,0.0,0.0,266.6,D
April,5,09:00:00,1.0,147.0,0.0,0.0,294.39,D
April,5,09:30:00,0.7661,221.0,3.0,0.0136,287.83,D
April,5,10:00:00,0.9135,211.0,3.0,0.0142,296.78,D
April,5,10:30:00,0.8368,244.0,5.0,0.0205,291.38,D
April,5,11:00:00,0.847,283.0,2.0,0.0071,302.35,D
April,5,11:30:00,0.9901,303.0,1.0,0.0033,296.56,D
April,5,12:00:00,0.9874,319.0,1.0,0.0031,315.25,D
April,5,12:30:00,1.0,350.0,0.0,0.0,302.17,D
April,5,13:00:00,0.994,336.0,1.0,0.003,301.88,D
April,5,13:30:00,0.9426,370.0,4.0,0.0108,322.77,D
April,5,14:00:00,0.8556,362.0,2.0,0.0055,300.82,D
April,5,14:30:00,0.5974,397.0,17.0,0.0428,305.6,D
April,5,15:00:00,0.9661,359.0,5.0,0.0139,299.19,D
April,5,15:30:00,0.8692,354.0,10.0,0.0282,290.86,D
April,5,16:00:00,0.9747,316.0,0.0,0.0,321.21,D
April,5,16:30:00,0.9742,272.0,1.0,0.0037,312.24,D
April,5,17:00:00,1.0,266.0,1.0,0.0038,311.71,D
April,5,17:30:00,0.9967,301.0,2.0,0.0066,325.87,D
April,5,18:00:00,0.9605,230.0,2.0,0.0087,328.64,D
April,5,18:30:00,0.9912,228.0,0.0,0.0,359.23,D
April,5,19:00:00,1.0,213.0,0.0,0.0,329.41,D
April,5,19:30:00,0.9951,206.0,0.0,0.0,319.28,D
April,5,20:00:00,1.0,139.0,3.0,0.0216,353.69,D
April,5,20:30:00,0.9658,147.0,1.0,0.0068,293.97,D
April,5,21:00:00,0.9912,114.0,1.0,0.0088,288.69,D
April,5,21:30:00,1.0,91.0,0.0,0.0,328.01,D
April,5,22:00:00,1.0,86.0,0.0,0.0,281.73,D
April,5,22:30:00,1.0,73.0,0.0,0.0,300.66,D
April,5,23:00:00,1.0,52.0,0.0,0.0,350.31,D
April,5,23:30:00,1.0,41.0,1.0,0.0244,259.65,D
April,6,00:00:00,1.0,34.0,1.0,0.0294,268.97,D
April,6,00:30:00,1.0,24.0,0.0,0.0,325.46,D
April,6,01:00:00,1.0,17.0,1.0,0.0588,392.56,D
April,6,01:30:00,1.0,16.0,0.0,0.0,350.88,D
April,6,02:00:00,1.0,7.0,0.0,0.0,430.71,D
April,6,02:30:00,1.0,8.0,0.0,0.0,303.13,D
April,6,03:00:00,1.0,2.0,1.0,0.5,261.0,D
April,6,03:30:00,1.0,0.0,0.0,0.5,261.0,D
April,6,04:00:00,1.0,0.0,0.0,0.5,261.0,D
April,6,04:30:00,1.0,0.0,0.0,0.5,261.0,D
April,6,05:00:00,1.0,0.0,0.0,0.5,261.0,D
April,6,05:30:00,1.0,0.0,0.0,0.5,261.0,D
April,6,06:00:00,1.0,5.0,0.0,0.0,323.6,D
April,6,06:30:00,1.0,11.0,0.0,0.0,237.45,D
April,6,07:00:00,1.0,9.0,0.0,0.0,383.33,D
April,6,07:30:00,1.0,13.0,0.0,0.0,310.38,D
April,6,08:00:00,1.0,33.0,0.0,0.0,259.61,D
April,6,08:30:00,1.0,48.0,0.0,0.0,326.77,D
April,6,09:00:00,1.0,86.0,0.0,0.0,255.93,D
April,6,09:30:00,1.0,121.0,0.0,0.0,306.84,D
April,6,10:00:00,0.9699,133.0,0.0,0.0,285.7,D
April,6,10:30:00,0.7365,157.0,9.0,0.0573,308.89,D
April,6,11:00:00,0.8579,191.0,1.0,0.0052,289.61,D
April,6,11:30:00,0.7751,211.0,2.0,0.0095,290.5,D
April,6,12:00:00,1.0,199.0,0.0,0.0,298.99,D
April,6,12:30:00,0.9795,196.0,1.0,0.0051,287.31,D
April,6,13:00:00,0.986,214.0,0.0,0.0,318.22,D
April,6,13:30:00,1.0,212.0,1.0,0.0047,294.45,D
April,6,14:00:00,1.0,235.0,0.0,0.0,300.71,D
April,6,14:30:00,1.0,209.0,0.0,0.0,271.49,D
April,6,15:00:00,1.0,247.0,0.0,0.0,307.55,D
April,6,15:30:00,1.0,235.0,1.0,0.0043,289.35,D
April,6,16:00:00,1.0,190.0,0.0,0.0,319.68,D
April,6,16:30:00,0.9901,204.0,1.0,0.0049,277.44,D
April,6,17:00:00,1.0,201.0,0.0,0.0,294.93,D
April,6,17:30:00,1.0,187.0,0.0,0.0,248.33,D
April,6,18:00:00,0.9286,182.0,0.0,0.0,290.75,D
April,6,18:30:00,0.9884,172.0,0.0,0.0,330.98,D
April,6,19:00:00,0.9789,142.0,0.0,0.0,343.61,D
April,6,19:30:00,1.0,130.0,0.0,0.0,321.35,D
April,6,20:00:00,1.0,129.0,0.0,0.0,303.6,D
April,6,20:30:00,1.0,125.0,3.0,0.024,324.48,D
April,6,21:00:00,1.0,103.0,2.0,0.0194,275.17,D
April,6,21:30:00,1.0,86.0,0.0,0.0,285.73,D
April,6,22:00:00,1.0,77.0,0.0,0.0,296.16,D
April,6,22:30:00,1.0,71.0,0.0,0.0,288.61,D
April,6,23:00:00,1.0,61.0,1.0,0.0164,350.43,D
April,6,23:30:00,1.0,26.0,1.0,0.0385,394.8,D
April,7,00:00:00,1.0,34.0,0.0,0.0,224.94,D
April,7,00:30:00,1.0,25.0,0.0,0.0,258.24,D
April,7,01:00:00,1.0,15.0,0.0,0.0,376.07,D
April,7,01:30:00,1.0,9.0,0.0,0.0,517.11,D
April,7,02:00:00,1.0,10.0,0.0,0.0,319.6,D
April,7,02:30:00,1.0,8.0,0.0,0.0,271.25,D
April,7,03:00:00,1.0,6.0,1.0,0.1667,351.6,D
April,7,03:30:00,1.0,2.0,0.0,0.0,229.0,D
April,7,04:00:00,0.5,2.0,0.0,0.0,123.0,D
April,7,04:30:00,1.0,2.0,0.0,0.0,158.0,D
April,7,05:00:00,0.6667,3.0,0.0,0.0,618.67,D
April,7,05:30:00,1.0,3.0,0.0,0.0,516.67,D
April,7,06:00:00,0.9,10.0,0.0,0.0,275.0,D
April,7,06:30:00,1.0,13.0,0.0,0.0,226.77,D
April,7,07:00:00,0.9524,21.0,0.0,0.0,316.38,D
April,7,07:30:00,1.0,38.0,0.0,0.0,219.79,D
April,7,08:00:00,0.9897,97.0,0.0,0.0,253.32,D
April,7,08:30:00,1.0,167.0,0.0,0.0,280.38,D
April,7,09:00:00,0.9959,247.0,2.0,0.0081,299.06,D
April,7,09:30:00,0.9776,314.0,1.0,0.0032,299.53,D
April,7,10:00:00,0.8776,395.0,3.0,0.0076,313.64,D
April,7,10:30:00,0.8047,434.0,4.0,0.0092,295.9,D
April,7,11:00:00,0.929,495.0,2.0,0.004,316.94,D
April,7,11:30:00,0.9667,511.0,0.0,0.0,316.36,D
April,7,12:00:00,0.9709,522.0,7.0,0.0134,305.51,D
April,7,12:30:00,0.8133,568.0,11.0,0.0194,325.97,D
April,7,13:00:00,0.8528,576.0,12.0,0.0208,332.53,D
April,7,13:30:00,0.7177,555.0,13.0,0.0234,320.2,D
April,7,14:00:00,0.9013,610.0,2.0,0.0033,324.06,D
April,7,14:30:00,0.9912,566.0,0.0,0.0,321.39,D
April,7,15:00:00,0.9913,577.0,2.0,0.0035,323.46,D
April,7,15:30:00,0.981,582.0,3.0,0.0052,335.65,D
April,7,16:00:00,0.9611,571.0,5.0,0.0088,325.08,D
April,7,16:30:00,0.7365,530.0,10.0,0.0189,362.39,D
April,7,17:00:00,0.9778,541.0,0.0,0.0,328.24,D
April,7,17:30:00,0.9914,468.0,1.0,0.0021,323.69,D
April,7,18:00:00,1.0,452.0,1.0,0.0022,323.68,D
April,7,18:30:00,0.9944,358.0,2.0,0.0056,335.39,D
April,7,19:00:00,1.0,351.0,0.0,0.0,341.03,D
April,7,19:30:00,0.9814,325.0,2.0,0.0062,313.29,D
April,7,20:00:00,0.8182,290.0,4.0,0.0138,343.39,D
April,7,20:30:00,0.9757,248.0,1.0,0.004,328.77,D
April,7,21:00:00,1.0,202.0,3.0,0.0149,308.38,D
April,7,21:30:00,0.9939,166.0,1.0,0.006,360.29,D
April,7,22:00:00,0.9924,131.0,0.0,0.0,314.24,D
April,7,22:30:00,1.0,93.0,0.0,0.0,402.73,D
April,7,23:00:00,1.0,86.0,0.0,0.0,341.45,D
April,7,23:30:00,1.0,75.0,0.0,0.0,363.63,D
April,8,00:00:00,1.0,51.0,0.0,0.0,296.73,D
April,8,00:30:00,1.0,29.0,0.0,0.0,346.83,D
April,8,01:00:00,1.0,25.0,0.0,0.0,372.52,D
April,8,01:30:00,1.0,20.0,0.0,0.0,340.65,D
April,8,02:00:00,1.0,12.0,0.0,0.0,187.25,D
April,8,02:30:00,1.0,11.0,0.0,0.0,357.0,D
April,8,03:00:00,1.0,2.0,0.0,0.0,214.0,D
April,8,03:30:00,1.0,0.0,0.0,0.0,214.0,D
April,8,04:00:00,1.0,0.0,0.0,0.0,214.0,D
April,8,04:30:00,1.0,0.0,0.0,0.0,214.0,D
April,8,05:00:00,1.0,0.0,0.0,0.0,214.0,D
April,8,05:30:00,1.0,0.0,0.0,0.0,214.0,D
April,8,06:00:00,1.0,11.0,0.0,0.0,221.0,D
April,8,06:30:00,0.9375,16.0,0.0,0.0,299.69,D
April,8,07:00:00,1.0,24.0,0.0,0.0,213.88,D
April,8,07:30:00,1.0,63.0,0.0,0.0,276.35,D
April,8,08:00:00,0.992,126.0,1.0,0.0079,289.98,D
April,8,08:30:00,1.0,177.0,0.0,0.0,294.37,D
April,8,09:00:00,1.0,267.0,0.0,0.0,273.21,D
April,8,09:30:00,0.9903,312.0,2.0,0.0064,300.96,D
April,8,10:00:00,0.9497,403.0,5.0,0.0124,303.47,D
April,8,10:30:00,0.9573,379.0,4.0,0.0106,293.77,D
April,8,11:00:00,0.9171,423.0,1.0,0.0024,337.63,D
April,8,11:30:00,0.9181,482.0,6.0,0.0124,327.05,D
April,8,12:00:00,0.9935,459.0,0.0,0.0,321.99,D
April,8,12:30:00,0.9534,516.0,1.0,0.0019,311.04,D
April,8,13:00:00,0.8646,522.0,5.0,0.0096,324.34,D
April,8,13:30:00,0.7794,490.0,5.0,0.0102,336.01,D
April,8,14:00:00,0.8954,536.0,10.0,0.0187,342.15,D
April,8,14:30:00,0.8699,517.0,2.0,0.0039,320.53,D
April,8,15:00:00,0.9937,478.0,1.0,0.0021,324.08,D
April,8,15:30:00,0.8939,543.0,6.0,0.011,313.73,D
April,8,16:00:00,0.9023,573.0,0.0,0.0,328.59,D
April,8,16:30:00,0.994,501.0,2.0,0.004,339.8,D
April,8,17:00:00,0.9939,488.0,0.0,0.0,323.73,D
April,8,17:30:00,0.9956,451.0,0.0,0.0,359.57,D
April,8,18:00:00,0.9432,409.0,4.0,0.0098,322.52,D
April,8,18:30:00,0.9694,360.0,0.0,0.0,351.08,D
April,8,19:00:00,0.9624,354.0,8.0,0.0226,315.67,D
April,8,19:30:00,0.9044,298.0,5.0,0.0168,371.12,D
April,8,20:00:00,0.9812,268.0,2.0,0.0075,338.14,D
April,8,20:30:00,0.9954,216.0,0.0,0.0,316.68,D
April,8,21:00:00,0.9834,184.0,3.0,0.0163,353.12,D
April,8,21:30:00,0.9765,170.0,0.0,0.0,318.94,D
April,8,22:00:00,1.0,128.0,0.0,0.0,338.39,D
April,8,22:30:00,1.0,110.0,1.0,0.0091,296.9,D
April,8,23:00:00,1.0,81.0,1.0,0.0123,283.79,D
April,8,23:30:00,1.0,74.0,0.0,0.0,333.34,D
April,9,00:00:00,0.98,51.0,1.0,0.0196,220.56,D
April,9,00:30:00,1.0,34.0,1.0,0.0294,335.76,D
April,9,01:00:00,1.0,25.0,0.0,0.0,272.76,D
April,9,01:30:00,1.0,20.0,0.0,0.0,367.3,D
April,9,02:00:00,1.0,9.0,0.0,0.0,347.44,D
April,9,02:30:00,1.0,9.0,0.0,0.0,352.89,D
April,9,03:00:00,1.0,3.0,0.0,0.0,483.0,D
April,9,03:30:00,1.0,0.0,0.0,0.0,483.0,D
April,9,04:00:00,1.0,0.0,0.0,0.0,483.0,D
April,9,04:30:00,1.0,1.0,0.0,0.0,387.0,D
April,9,05:00:00,1.0,1.0,0.0,0.0,280.0,D
April,9,05:30:00,1.0,1.0,0.0,0.0,36.0,D
April,9,06:00:00,1.0,13.0,0.0,0.0,201.54,D
April,9,06:30:00,1.0,27.0,0.0,0.0,207.93,D
April,9,07:00:00,1.0,31.0,0.0,0.0,219.9,D
April,9,07:30:00,1.0,80.0,0.0,0.0,248.43,D
April,9,08:00:00,1.0,117.0,0.0,0.0,304.46,D
April,9,08:30:00,0.9937,159.0,0.0,0.0,299.35,D
April,9,09:00:00,0.9844,259.0,2.0,0.0077,253.61,D
April,9,09:30:00,0.9929,280.0,0.0,0.0,290.78,D
April,9,10:00:00,0.9876,323.0,1.0,0.0031,282.54,D
April,9,10:30:00,0.4776,405.0,26.0,0.0642,330.77,D
April,9,11:00:00,0.9584,434.0,1.0,0.0023,294.28,D
April,9,11:30:00,0.6957,469.0,9.0,0.0192,346.32,D
April,9,12:00:00,0.9389,450.0,8.0,0.0178,332.41,D
April,9,12:30:00,0.7835,525.0,3.0,0.0057,305.52,D
April,9,13:00:00,0.9959,485.0,1.0,0.0021,319.7,D
April,9,13:30:00,0.992,502.0,0.0,0.0,302.43,D
April,9,14:00:00,0.9888,535.0,0.0,0.0,315.56,D
April,9,14:30:00,0.9542,524.0,0.0,0.0,319.27,D
April,9,15:00:00,1.0,518.0,0.0,0.0,330.32,D
April,9,15:30:00,0.9422,506.0,4.0,0.0079,331.18,D
April,9,16:00:00,0.9107,509.0,5.0,0.0098,324.52,D
April,9,16:30:00,0.9438,500.0,2.0,0.004,334.84,D
April,9,17:00:00,0.9769,477.0,0.0,0.0,320.76,D
April,9,17:30:00,0.9696,428.0,1.0,0.0023,328.34,D
April,9,18:00:00,0.8268,414.0,4.0,0.0097,359.07,D
April,9,18:30:00,0.9931,293.0,3.0,0.0102,325.92,D
April,9,19:00:00,0.7292,285.0,8.0,0.0281,322.48,D
April,9,19:30:00,0.877,312.0,3.0,0.0096,335.48,D
April,9,20:00:00,0.794,236.0,3.0,0.0127,330.97,D
April,9,20:30:00,0.907,215.0,0.0,0.0,312.08,D
April,9,21:00:00,0.4583,188.0,20.0,0.1064,324.39,D
April,9,21:30:00,0.6936,175.0,2.0,0.0114,322.61,D
April,9,22:00:00,0.9324,149.0,1.0,0.0067,327.28,D
April,9,22:30:00,0.9735,114.0,1.0,0.0088,367.73,D
April,9,23:00:00,1.0,81.0,0.0,0.0,336.54,D
April,9,23:30:00,1.0,65.0,0.0,0.0,437.45,D
April,10,00:00:00,1.0,47.0,0.0,0.0,331.3,D
April,10,00:30:00,1.0,31.0,0.0,0.0,384.58,D
April,10,01:00:00,1.0,29.0,0.0,0.0,344.79,D
April,10,01:30:00,1.0,20.0,0.0,0.0,355.0,D
April,10,02:00:00,0.5,16.0,2.0,0.125,287.0,D
April,10,02:30:00,0.7273,11.0,0.0,0.0,277.55,D
April,10,03:00:00,1.0,3.0,0.0,0.0,301.33,D
April,10,03:30:00,1.0,0.0,0.0,0.0,301.33,D
April,10,04:00:00,1.0,1.0,0.0,0.0,1019.0,D
April,10,04:30:00,1.0,2.0,0.0,0.0,312.5,D
April,10,05:00:00,1.0,0.0,0.0,0.0,312.5,D
April,10,05:30:00,1.0,4.0,0.0,0.0,465.5,D
April,10,06:00:00,1.0,12.0,0.0,0.0,254.0,D
April,10,06:30:00,0.7692,15.0,2.0,0.1333,316.77,D
April,10,07:00:00,1.0,30.0,0.0,0.0,286.77,D
April,10,07:30:00,0.9792,50.0,2.0,0.04,287.13,D
April,10,08:00:00,1.0,99.0,0.0,0.0,244.07,D
April,10,08:30:00,1.0,148.0,0.0,0.0,305.01,D
April,10,09:00:00,1.0,228.0,0.0,0.0,287.39,D
April,10,09:30:00,0.67,311.0,11.0,0.0354,318.07,D
April,10,10:00:00,0.9739,311.0,5.0,0.0161,314.46,D
April,10,10:30:00,0.6667,379.0,7.0,0.0185,324.84,D
April,10,11:00:00,0.7368,444.0,7.0,0.0158,337.34,D
April,10,11:30:00,0.9767,431.0,1.0,0.0023,319.63,D
April,10,12:00:00,0.7354,453.0,7.0,0.0155,322.46,D
April,10,12:30:00,0.9432,478.0,3.0,0.0063,298.71,D
April,10,13:00:00,0.8435,434.0,6.0,0.0138,315.84,D
April,10,13:30:00,0.7937,451.0,5.0,0.0111,309.67,D
April,10,14:00:00,0.9726,477.0,2.0,0.0042,335.2,D
April,10,14:30:00,0.8296,503.0,10.0,0.0199,307.68,D
April,10,15:00:00,0.9516,478.0,3.0,0.0063,335.75,D
April,10,15:30:00,0.7155,474.0,17.0,0.0359,327.02,D
April,10,16:00:00,0.7696,449.0,2.0,0.0045,328.5,D
April,10,16:30:00,0.9883,428.0,2.0,0.0047,332.18,D
April,10,17:00:00,0.9716,428.0,2.0,0.0077,337.48,D
April,10,17:30:00,0.92,428.0,2.0,0.0079,340.42,D
April,10,18:00:00,0.9326,428.0,2.0,0.0054,329.39,D
April,10,18:30:00,0.932,428.0,2.0,0.0117,321.01,D
April,10,19:00:00,0.8814,428.0,2.0,0.0167,322.99,D
April,10,19:30:00,0.5993,428.0,2.0,0.0355,324.32,D
April,10,20:00:00,0.9744,428.0,2.0,0.0,330.56,D
April,10,20:30:00,0.9949,428.0,2.0,0.0,320.08,D
April,10,21:00:00,0.962,428.0,2.0,0.0063,320.06,D
April,10,21:30:00,0.7763,428.0,2.0,0.0,338.85,D
April,10,22:00:00,0.9612,428.0,2.0,0.0,365.8,D
April,10,22:30:00,1.0,428.0,2.0,0.0132,333.51,D
April,10,23:00:00,1.0,428.0,2.0,0.0,308.09,D
April,10,23:30:00,0.9828,59.0,1.0,0.0169,337.28,D
April,11,00:00:00,1.0,35.0,0.0,0.0,390.17,D
April,11,00:30:00,1.0,31.0,0.0,0.0,283.42,D
April,11,01:00:00,1.0,21.0,0.0,0.0,272.24,D
April,11,01:30:00,1.0,20.0,1.0,0.05,348.32,D
April,11,02:00:00,1.0,7.0,0.0,0.0,234.14,D
April,11,02:30:00,1.0,9.0,0.0,0.0,287.44,D
April,11,03:00:00,0.8,6.0,1.0,0.1667,265.4,D
April,11,03:30:00,1.0,3.0,0.0,0.0,34.67,D
April,11,04:00:00,1.0,3.0,0.0,0.0,49.67,D
April,11,04:30:00,1.0,0.0,0.0,0.0,49.67,D
April,11,05:00:00,1.0,0.0,0.0,0.0,49.67,D
April,11,05:30:00,0.0,1.0,0.0,0.0,93.0,D
April,11,06:00:00,1.0,10.0,0.0,0.0,220.0,D
April,11,06:30:00,0.5714,27.0,6.0,0.2222,247.62,D
April,11,07:00:00,0.8286,35.0,0.0,0.0,223.97,D
April,11,07:30:00,0.4464,60.0,4.0,0.0667,313.16,D
April,11,08:00:00,0.8939,133.0,1.0,0.0075,247.58,D
April,11,08:30:00,0.9363,158.0,1.0,0.0063,275.27,D
April,11,09:00:00,0.9571,234.0,1.0,0.0043,285.22,D
April,11,09:30:00,0.7537,279.0,7.0,0.0251,303.81,D
April,11,10:00:00,0.7705,372.0,6.0,0.0161,285.05,D
April,11,10:30:00,0.7265,389.0,16.0,0.0411,296.63,D
April,11,11:00:00,0.7664,419.0,8.0,0.0191,340.86,D
April,11,11:30:00,0.7582,495.0,7.0,0.0141,313.22,D
April,11,12:00:00,0.6522,592.0,40.0,0.0676,303.78,D
April,11,12:30:00,0.8854,487.0,7.0,0.0144,344.44,D
April,11,13:00:00,0.8894,463.0,2.0,0.0043,325.36,D
April,11,13:30:00,0.7656,454.0,6.0,0.0132,324.23,D
April,11,14:00:00,0.792,466.0,14.0,0.03,332.73,D
April,11,14:30:00,0.3664,507.0,43.0,0.0848,356.61,D
April,11,15:00:00,0.5821,491.0,34.0,0.0692,341.74,D
April,11,15:30:00,0.7244,578.0,12.0,0.0208,329.55,D
April,11,16:00:00,0.97,533.0,0.0,0.0,340.04,D
April,11,16:30:00,0.9087,506.0,24.0,0.0474,314.34,D
April,11,17:00:00,0.7317,442.0,6.0,0.0136,341.86,D
April,11,17:30:00,0.9795,439.0,0.0,0.0,310.51,D
April,11,18:00:00,0.9497,379.0,1.0,0.0026,332.75,D
April,11,18:30:00,0.997,331.0,1.0,0.003,324.66,D
April,11,19:00:00,0.6786,263.0,11.0,0.0418,358.43,D
April,11,19:30:00,0.5806,254.0,6.0,0.0236,340.95,D
April,11,20:00:00,0.7563,203.0,6.0,0.0296,347.11,D
April,11,20:30:00,0.8,180.0,0.0,0.0,336.08,D
April,11,21:00:00,0.951,143.0,0.0,0.0,371.94,D
April,11,21:30:00,0.9929,140.0,0.0,0.0,276.08,D
April,11,22:00:00,0.9259,136.0,1.0,0.0074,325.28,D
April,11,22:30:00,0.8557,98.0,1.0,0.0102,283.91,D
April,11,23:00:00,0.9828,58.0,0.0,0.0,319.78,D
April,11,23:30:00,1.0,59.0,0.0,0.0,297.47,D
April,12,00:00:00,1.0,36.0,0.0,0.0,298.11,D
April,12,00:30:00,1.0,21.0,0.0,0.0,365.81,D
April,12,01:00:00,1.0,23.0,1.0,0.0435,422.27,D
April,12,01:30:00,1.0,9.0,0.0,0.0,378.56,D
April,12,02:00:00,1.0,12.0,0.0,0.0,352.83,D
April,12,02:30:00,1.0,8.0,0.0,0.0,252.88,D
April,12,03:00:00,1.0,2.0,0.0,0.0,75.5,D
April,12,03:30:00,1.0,0.0,0.0,0.0,75.5,D
April,12,04:00:00,1.0,1.0,0.0,0.0,88.0,D
April,12,04:30:00,1.0,0.0,0.0,0.0,88.0,D
April,12,05:00:00,1.0,1.0,0.0,0.0,13.0,D
April,12,05:30:00,1.0,1.0,0.0,0.0,45.0,D
April,12,06:00:00,1.0,9.0,0.0,0.0,271.0,D
April,12,06:30:00,0.8571,7.0,0.0,0.0,176.86,D
April,12,07:00:00,1.0,31.0,0.0,0.0,270.39,D
April,12,07:30:00,1.0,36.0,1.0,0.0278,276.57,D
April,12,08:00:00,0.9831,59.0,0.0,0.0,293.05,D
April,12,08:30:00,1.0,106.0,0.0,0.0,271.61,D
April,12,09:00:00,1.0,136.0,0.0,0.0,250.82,D
April,12,09:30:00,0.9691,163.0,1.0,0.0061,268.72,D
April,12,10:00:00,0.8717,234.0,8.0,0.0342,278.18,D
April,12,10:30:00,0.2851,267.0,32.0,0.1199,307.96,D
April,12,11:00:00,0.6934,294.0,7.0,0.0238,320.77,D
April,12,11:30:00,0.9688,321.0,1.0,0.0031,313.22,D
April,12,12:00:00,0.9938,323.0,0.0,0.0,282.32,D
April,12,12:30:00,0.9665,329.0,1.0,0.003,293.79,D
April,12,13:00:00,0.9167,362.0,2.0,0.0055,325.12,D
April,12,13:30:00,0.9778,316.0,1.0,0.0032,308.52,D
April,12,14:00:00,0.8284,343.0,5.0,0.0146,294.93,D
April,12,14:30:00,0.8708,326.0,1.0,0.0031,305.47,D
April,12,15:00:00,0.973,336.0,3.0,0.0089,289.36,D
April,12,15:30:00,0.9148,313.0,8.0,0.0256,288.75,D
April,12,16:00:00,0.8304,289.0,6.0,0.0208,330.18,D
April,12,16:30:00,0.6374,279.0,6.0,0.0215,322.74,D
April,12,17:00:00,0.9962,267.0,1.0,0.0037,282.87,D
April,12,17:30:00,0.9958,237.0,0.0,0.0,286.3,D
April,12,18:00:00,0.9655,234.0,2.0,0.0085,299.91,D
April,12,18:30:00,0.8884,227.0,3.0,0.0132,336.58,D
April,12,19:00:00,0.995,205.0,3.0,0.0146,356.0,D
April,12,19:30:00,0.8587,187.0,3.0,0.016,337.97,D
April,12,20:00:00,0.9437,143.0,1.0,0.007,305.34,D
April,12,20:30:00,0.9274,125.0,1.0,0.008,280.6,D
April,12,21:00:00,0.6636,110.0,0.0,0.0,323.54,D
April,12,21:30:00,0.8,108.0,3.0,0.0278,350.41,D
April,12,22:00:00,0.9846,65.0,0.0,0.0,376.83,D
April,12,22:30:00,0.9692,65.0,0.0,0.0,327.8,D
April,12,23:00:00,1.0,56.0,1.0,0.0179,211.18,D
April,12,23:30:00,1.0,54.0,0.0,0.0,332.31,D
April,13,00:00:00,0.9744,40.0,1.0,0.025,302.51,D
April,13,00:30:00,1.0,28.0,0.0,0.0,217.64,D
April,13,01:00:00,1.0,20.0,0.0,0.0,280.15,D
April,13,01:30:00,1.0,15.0,0.0,0.0,173.4,D
April,13,02:00:00,1.0,4.0,0.0,0.0,270.25,D
April,13,02:30:00,1.0,9.0,0.0,0.0,216.78,D
April,13,03:00:00,1.0,2.0,0.0,0.0,433.5,D
April,13,03:30:00,1.0,0.0,0.0,0.0,433.5,D
April,13,04:00:00,1.0,0.0,0.0,0.0,433.5,D
April,13,04:30:00,1.0,1.0,0.0,0.0,241.0,D
April,13,05:00:00,1.0,3.0,0.0,0.0,487.33,D
April,13,05:30:00,1.0,1.0,0.0,0.0,355.0,D
April,13,06:00:00,0.75,4.0,0.0,0.0,108.25,D
April,13,06:30:00,1.0,7.0,0.0,0.0,263.0,D
April,13,07:00:00,0.9091,11.0,0.0,0.0,311.18,D
April,13,07:30:00,1.0,22.0,0.0,0.0,295.23,D
April,13,08:00:00,0.9474,38.0,0.0,0.0,265.37,D
April,13,08:30:00,1.0,53.0,0.0,0.0,336.94,D
April,13,09:00:00,0.9873,81.0,2.0,0.0247,276.37,D
April,13,09:30:00,0.9722,110.0,2.0,0.0182,268.25,D
April,13,10:00:00,0.9725,110.0,1.0,0.0091,337.15,D
April,13,10:30:00,0.587,147.0,9.0,0.0612,310.05,D
April,13,11:00:00,0.8961,157.0,3.0,0.0191,279.5,D
April,13,11:30:00,0.8936,143.0,2.0,0.014,334.74,D
April,13,12:00:00,0.5969,202.0,11.0,0.0545,301.32,D
April,13,12:30:00,0.8519,191.0,2.0,0.0105,310.33,D
April,13,13:00:00,0.8543,202.0,3.0,0.0149,309.99,D
April,13,13:30:00,0.815,203.0,3.0,0.0148,293.26,D
April,13,14:00:00,0.9949,197.0,0.0,0.0,284.92,D
April,13,14:30:00,1.0,207.0,1.0,0.0048,296.01,D
April,13,15:00:00,1.0,214.0,0.0,0.0,329.47,D
April,13,15:30:00,0.8585,210.0,5.0,0.0238,283.26,D
April,13,16:00:00,0.9358,188.0,1.0,0.0053,340.5,D
April,13,16:30:00,0.8844,202.0,3.0,0.0149,297.86,D
April,13,17:00:00,0.9769,173.0,0.0,0.0,313.6,D
April,13,17:30:00,0.9935,153.0,0.0,0.0,280.42,D
April,13,18:00:00,0.9655,146.0,1.0,0.0068,294.31,D
April,13,18:30:00,0.9716,177.0,1.0,0.0056,303.49,D
April,13,19:00:00,0.9667,151.0,1.0,0.0066,285.31,D
April,13,19:30:00,0.9853,136.0,0.0,0.0,343.79,D
April,13,20:00:00,0.9831,119.0,1.0,0.0084,283.7,D
April,13,20:30:00,1.0,129.0,0.0,0.0,255.34,D
April,13,21:00:00,0.4512,92.0,10.0,0.1087,370.71,D
April,13,21:30:00,0.6176,68.0,0.0,0.0,312.01,D
April,13,22:00:00,0.9815,55.0,1.0,0.0182,336.76,D
April,13,22:30:00,0.9516,63.0,1.0,0.0159,298.5,D
April,13,23:00:00,0.9545,45.0,1.0,0.0222,302.5,D
April,13,23:30:00,0.9697,35.0,2.0,0.0571,347.91,D
April,14,00:00:00,1.0,33.0,0.0,0.0,250.67,D
April,14,00:30:00,1.0,19.0,0.0,0.0,268.11,D
April,14,01:00:00,1.0,10.0,0.0,0.0,337.7,D
April,14,01:30:00,1.0,11.0,0.0,0.0,321.64,D
April,14,02:00:00,1.0,8.0,2.0,0.0,321.64,D
April,14,02:30:00,1.0,8.0,0.0,0.0,321.64,D
April,14,03:00:00,0.8333,6.0,0.0,0.0,321.64,D
April,14,03:30:00,0.7143,8.0,1.0,0.0,321.64,D
April,14,04:00:00,1.0,3.0,0.0,0.0,321.64,D
April,14,04:30:00,0.75,4.0,0.0,0.0,321.64,D
April,14,05:00:00,1.0,4.0,0.0,0.0,321.64,D
April,14,05:30:00,0.8,5.0,0.0,0.0,321.64,D
April,14,06:00:00,0.9091,11.0,0.0,0.0,321.64,D
April,14,06:30:00,1.0,14.0,1.0,0.0,321.64,D
April,14,07:00:00,0.9565,25.0,2.0,0.0,321.64,D
April,14,07:30:00,1.0,56.0,1.0,0.0,321.64,D
April,14,08:00:00,0.9714,107.0,2.0,0.0,321.64,D
April,14,08:30:00,0.8529,208.0,4.0,0.0192,286.88,D
April,14,09:00:00,0.7762,285.0,8.0,0.0281,284.75,D
April,14,09:30:00,0.9528,339.0,0.0,0.0,321.37,D
April,14,10:00:00,0.8954,335.0,10.0,0.0299,313.8,D
April,14,10:30:00,0.7358,445.0,6.0,0.0135,305.45,D
April,14,11:00:00,0.7247,473.0,8.0,0.0169,324.83,D
April,14,11:30:00,0.986,430.0,2.0,0.0047,313.46,D
April,14,12:00:00,0.9071,499.0,4.0,0.008,320.26,D
April,14,12:30:00,0.987,466.0,5.0,0.0107,342.24,D
April,14,13:00:00,0.8871,493.0,6.0,0.0122,309.13,D
April,14,13:30:00,0.9887,535.0,2.0,0.0037,323.83,D
April,14,14:00:00,0.9957,469.0,1.0,0.0021,310.43,D
April,14,14:30:00,0.8839,582.0,5.0,0.0086,320.9,D
April,14,15:00:00,0.9959,490.0,2.0,0.0041,313.05,D
April,14,15:30:00,0.9851,472.0,2.0,0.0042,345.33,D
April,14,16:00:00,0.9964,554.0,1.0,0.0018,328.47,D
April,14,16:30:00,0.7016,502.0,16.0,0.0319,338.02,D
April,14,17:00:00,0.8773,500.0,3.0,0.006,332.2,D
April,14,17:30:00,0.694,474.0,23.0,0.0485,346.24,D
April,14,18:00:00,0.8718,432.0,3.0,0.0069,344.96,D
April,14,18:30:00,0.8954,416.0,5.0,0.012,337.16,D
April,14,19:00:00,0.9724,329.0,3.0,0.0091,321.17,D
April,14,19:30:00,0.7021,308.0,16.0,0.0519,320.57,D
April,14,20:00:00,0.4394,283.0,19.0,0.0671,364.43,D
April,14,20:30:00,0.957,258.0,2.0,0.0078,324.77,D
April,14,21:00:00,0.8622,228.0,3.0,0.0132,359.73,D
April,14,21:30:00,1.0,150.0,1.0,0.0067,337.73,D
April,14,22:00:00,1.0,114.0,0.0,0.0,362.7,D
April,14,22:30:00,1.0,125.0,0.0,0.0,356.93,D
April,14,23:00:00,1.0,94.0,1.0,0.0106,299.83,D
April,14,23:30:00,1.0,72.0,0.0,0.0,350.88,D
April,15,00:00:00,0.8636,45.0,1.0,0.0222,265.75,D
April,15,00:30:00,1.0,37.0,0.0,0.0,425.03,D
April,15,01:00:00,1.0,25.0,0.0,0.0,343.76,D
April,15,01:30:00,1.0,16.0,0.0,0.0,238.13,D
April,15,02:00:00,0.7,11.0,1.0,0.0909,309.3,D
April,15,02:30:00,1.0,8.0,0.0,0.0,169.88,D
April,15,03:00:00,1.0,2.0,0.0,0.0,294.5,D
April,15,03:30:00,1.0,0.0,0.0,0.0,294.5,D
April,15,04:00:00,1.0,0.0,0.0,0.0,294.5,D
April,15,04:30:00,1.0,0.0,0.0,0.0,294.5,D
April,15,05:00:00,1.0,0.0,0.0,0.0,294.5,D
April,15,05:30:00,0.0,1.0,0.0,0.0,193.0,D
April,15,06:00:00,1.0,12.0,0.0,0.0,160.33,D
April,15,06:30:00,0.9091,11.0,0.0,0.0,315.64,D
April,15,07:00:00,1.0,41.0,0.0,0.0,260.41,D
April,15,07:30:00,1.0,64.0,0.0,0.0,256.81,D
April,15,08:00:00,1.0,106.0,1.0,0.0094,287.98,D
April,15,08:30:00,0.972,144.0,1.0,0.0069,281.63,D
April,15,09:00:00,0.9054,223.0,1.0,0.0045,314.95,D
April,15,09:30:00,0.7897,293.0,3.0,0.0102,322.12,D
April,15,10:00:00,0.9293,382.0,0.0,0.0,313.06,D
April,15,10:30:00,0.9916,356.0,0.0,0.0,310.38,D
April,15,11:00:00,0.7207,386.0,10.0,0.0259,323.54,D
April,15,11:30:00,0.6263,500.0,5.0,0.01,321.12,D
April,15,12:00:00,0.9932,441.0,0.0,0.0,329.01,D
April,15,12:30:00,0.8936,477.0,7.0,0.0147,304.53,D
April,15,13:00:00,0.9396,447.0,0.0,0.0,322.21,D
April,15,13:30:00,0.9108,475.0,4.0,0.0084,320.7,D
April,15,14:00:00,0.8854,483.0,12.0,0.0248,310.73,D
April,15,14:30:00,0.7763,463.0,7.0,0.0151,320.08,D
April,15,15:00:00,0.8729,477.0,5.0,0.0105,324.45,D
April,15,15:30:00,0.6057,558.0,33.0,0.0591,362.95,D
April,15,16:00:00,0.9796,491.0,0.0,0.0,349.49,D
April,15,16:30:00,1.0,474.0,0.0,0.0,326.72,D
April,15,17:00:00,1.0,424.0,2.0,0.0047,324.42,D
April,15,17:30:00,0.9887,445.0,1.0,0.0022,333.68,D
April,15,18:00:00,0.9542,395.0,2.0,0.0051,348.44,D
April,15,18:30:00,0.9947,378.0,2.0,0.0053,318.29,D
April,15,19:00:00,0.9664,359.0,2.0,0.0056,323.37,D
April,15,19:30:00,0.9922,257.0,0.0,0.0,341.31,D
April,15,20:00:00,0.9046,241.0,0.0,0.0,324.93,D
April,15,20:30:00,0.9724,254.0,0.0,0.0,318.07,D
April,15,21:00:00,0.9826,172.0,0.0,0.0,359.49,D
April,15,21:30:00,1.0,160.0,3.0,0.0188,330.43,D
April,15,22:00:00,1.0,134.0,0.0,0.0,361.25,D
April,15,22:30:00,0.9818,110.0,0.0,0.0,330.86,D
April,15,23:00:00,0.9878,82.0,0.0,0.0,391.61,D
April,15,23:30:00,1.0,68.0,1.0,0.0147,323.93,D
April,16,00:00:00,1.0,41.0,1.0,0.0244,353.35,D
April,16,00:30:00,1.0,37.0,0.0,0.0,348.51,D
April,16,01:00:00,1.0,23.0,0.0,0.0,334.83,D
April,16,01:30:00,1.0,18.0,0.0,0.0,409.0,D
April,16,02:00:00,1.0,8.0,0.0,0.0,220.63,D
April,16,02:30:00,1.0,7.0,0.0,0.0,389.43,D
April,16,03:00:00,1.0,1.0,0.0,0.0,381.0,D
April,16,03:30:00,1.0,0.0,0.0,0.0,381.0,D
April,16,04:00:00,1.0,1.0,0.0,0.0,379.0,D
April,16,04:30:00,1.0,2.0,0.0,0.0,426.0,D
April,16,05:00:00,1.0,1.0,0.0,0.0,200.0,D
April,16,05:30:00,1.0,0.0,0.0,0.0,200.0,D
April,16,06:00:00,1.0,13.0,0.0,0.0,271.08,D
April,16,06:30:00,1.0,28.0,0.0,0.0,327.75,D
April,16,07:00:00,1.0,38.0,0.0,0.0,317.87,D
April,16,07:30:00,1.0,69.0,3.0,0.0435,283.8,D
April,16,08:00:00,1.0,116.0,0.0,0.0,316.42,D
April,16,08:30:00,0.9691,163.0,1.0,0.0061,293.01,D
April,16,09:00:00,1.0,282.0,1.0,0.0035,288.0,D
April,16,09:30:00,0.9935,309.0,0.0,0.0,290.66,D
April,16,10:00:00,0.9767,344.0,1.0,0.0029,296.16,D
April,16,10:30:00,0.9326,389.0,3.0,0.0077,326.67,D
April,16,11:00:00,0.8078,440.0,3.0,0.0068,331.55,D
April,16,11:30:00,0.986,432.0,3.0,0.0069,326.06,D
April,16,12:00:00,0.9452,494.0,1.0,0.002,315.04,D
April,16,12:30:00,0.9393,479.0,1.0,0.0021,314.72,D
April,16,13:00:00,0.9666,510.0,1.0,0.002,322.72,D
April,16,13:30:00,0.996,502.0,1.0,0.002,307.82,D
April,16,14:00:00,0.9884,518.0,1.0,0.0019,298.8,D
April,16,14:30:00,0.9962,532.0,1.0,0.0019,306.72,D
April,16,15:00:00,0.9832,481.0,5.0,0.0104,336.69,D
April,16,15:30:00,0.9896,484.0,3.0,0.0062,341.9,D
April,16,16:00:00,0.9697,464.0,2.0,0.0043,320.69,D
April,16,16:30:00,0.9103,470.0,2.0,0.0043,328.24,D
April,16,17:00:00,0.9907,431.0,1.0,0.0023,306.04,D
April,16,17:30:00,0.6897,390.0,13.0,0.0333,334.65,D
April,16,18:00:00,0.9807,363.0,1.0,0.0028,313.38,D
April,16,18:30:00,0.988,332.0,0.0,0.0,326.14,D
April,16,19:00:00,0.9136,304.0,3.0,0.0099,319.53,D
April,16,19:30:00,0.8315,271.0,4.0,0.0148,351.7,D
April,16,20:00:00,0.9832,240.0,2.0,0.0083,335.03,D
April,16,20:30:00,0.9904,208.0,0.0,0.0,331.84,D
April,16,21:00:00,0.9086,176.0,1.0,0.0057,325.5,D
April,16,21:30:00,1.0,140.0,1.0,0.0071,388.71,D
April,16,22:00:00,0.9758,125.0,1.0,0.008,320.47,D
April,16,22:30:00,1.0,97.0,2.0,0.0206,402.34,D
April,16,23:00:00,1.0,80.0,1.0,0.0125,286.66,D
April,16,23:30:00,1.0,59.0,0.0,0.0,355.49,D
April,17,00:00:00,1.0,43.0,0.0,0.0,351.74,D
April,17,00:30:00,1.0,30.0,0.0,0.0,366.07,D
April,17,01:00:00,1.0,16.0,0.0,0.0,431.88,D
April,17,01:30:00,1.0,21.0,0.0,0.0,266.67,D
April,17,02:00:00,1.0,12.0,0.0,0.0,398.5,D
April,17,02:30:00,1.0,3.0,0.0,0.0,208.67,D
April,17,03:00:00,1.0,0.0,0.0,0.0,208.67,D
April,17,03:30:00,1.0,0.0,0.0,0.0,208.67,D
April,17,04:00:00,1.0,1.0,0.0,0.0,54.0,D
April,17,04:30:00,1.0,1.0,0.0,0.0,222.0,D
April,17,05:00:00,1.0,1.0,0.0,0.0,140.0,D
April,17,05:30:00,1.0,3.0,0.0,0.0,593.67,D
April,17,06:00:00,1.0,10.0,0.0,0.0,140.6,D
April,17,06:30:00,1.0,17.0,0.0,0.0,194.71,D
April,17,07:00:00,0.931,29.0,0.0,0.0,333.55,D
April,17,07:30:00,0.9867,75.0,0.0,0.0,234.59,D
April,17,08:00:00,0.9919,126.0,2.0,0.0159,278.0,D
April,17,08:30:00,0.9122,205.0,0.0,0.0,267.69,D
April,17,09:00:00,0.9962,261.0,1.0,0.0038,289.5,D
April,17,09:30:00,0.6707,260.0,11.0,0.0423,292.02,D
April,17,10:00:00,0.7785,318.0,2.0,0.0063,303.81,D
April,17,10:30:00,0.733,390.0,8.0,0.0205,347.98,D
April,17,11:00:00,0.993,430.0,2.0,0.0047,315.66,D
April,17,11:30:00,0.949,395.0,3.0,0.0076,307.17,D
April,17,12:00:00,0.8496,426.0,7.0,0.0164,299.36,D
April,17,12:30:00,0.6939,445.0,4.0,0.009,300.83,D
April,17,13:00:00,0.979,431.0,2.0,0.0046,321.19,D
April,17,13:30:00,0.933,420.0,2.0,0.0048,336.38,D
April,17,14:00:00,0.9349,476.0,0.0,0.0,303.34,D
April,17,14:30:00,0.9823,453.0,1.0,0.0022,305.26,D
April,17,15:00:00,0.8326,432.0,2.0,0.0046,336.34,D
April,17,15:30:00,0.9748,479.0,3.0,0.0063,308.48,D
April,17,16:00:00,0.8706,460.0,4.0,0.0087,322.54,D
April,17,16:30:00,0.8515,437.0,6.0,0.0137,336.23,D
April,17,17:00:00,0.9791,383.0,0.0,0.0,323.61,D
April,17,17:30:00,0.9975,401.0,0.0,0.0,323.32,D
April,17,18:00:00,0.9919,370.0,1.0,0.0027,331.97,D
April,17,18:30:00,0.97,334.0,1.0,0.003,333.57,D
April,17,19:00:00,0.9789,285.0,1.0,0.0035,315.92,D
April,17,19:30:00,0.9036,253.0,4.0,0.0158,368.07,D
April,17,20:00:00,0.7982,228.0,5.0,0.0219,299.95,D
April,17,20:30:00,0.8396,216.0,4.0,0.0185,316.92,D
April,17,21:00:00,0.8125,148.0,4.0,0.027,350.33,D
April,17,21:30:00,0.8712,165.0,2.0,0.0121,334.14,D
April,17,22:00:00,0.6852,112.0,4.0,0.0357,324.61,D
April,17,22:30:00,0.9802,101.0,0.0,0.0,336.14,D
April,17,23:00:00,1.0,60.0,1.0,0.0167,378.24,D
April,17,23:30:00,1.0,47.0,0.0,0.0,271.57,D
April,18,00:00:00,1.0,44.0,0.0,0.0,357.95,D
April,18,00:30:00,1.0,31.0,0.0,0.0,231.71,D
April,18,01:00:00,1.0,14.0,0.0,0.0,438.86,D
April,18,01:30:00,1.0,18.0,0.0,0.0,234.89,D
April,18,02:00:00,0.7857,14.0,0.0,0.0,255.36,D
April,18,02:30:00,0.9,10.0,0.0,0.0,326.9,D
April,18,03:00:00,1.0,2.0,0.0,0.0,247.0,D
April,18,03:30:00,1.0,0.0,0.0,0.0,247.0,D
April,18,04:00:00,1.0,0.0,0.0,0.0,247.0,D
April,18,04:30:00,1.0,0.0,0.0,0.0,247.0,D
April,18,05:00:00,1.0,0.0,0.0,0.0,247.0,D
April,18,05:30:00,1.0,0.0,0.0,0.0,247.0,D
April,18,06:00:00,0.75,4.0,0.0,0.0,342.25,D
April,18,06:30:00,0.7895,20.0,1.0,0.05,206.95,D
April,18,07:00:00,0.9737,38.0,0.0,0.0,235.26,D
April,18,07:30:00,0.9474,57.0,0.0,0.0,273.07,D
April,18,08:00:00,0.9895,95.0,0.0,0.0,290.14,D
April,18,08:30:00,0.9448,148.0,3.0,0.0203,274.3,D
April,18,09:00:00,0.9127,232.0,3.0,0.0129,287.07,D
April,18,09:30:00,0.8496,270.0,4.0,0.0148,282.3,D
April,18,10:00:00,0.9233,315.0,2.0,0.0063,282.98,D
April,18,10:30:00,0.8318,337.0,4.0,0.0119,312.68,D
April,18,11:00:00,0.7843,361.0,4.0,0.0111,328.69,D
April,18,11:30:00,0.9519,397.0,2.0,0.005,303.7,D
April,18,12:00:00,0.9877,408.0,1.0,0.0025,303.32,D
April,18,12:30:00,0.9841,439.0,0.0,0.0,307.97,D
April,18,13:00:00,0.9975,402.0,0.0,0.0,316.82,D
April,18,13:30:00,0.7035,432.0,7.0,0.0162,333.98,D
April,18,14:00:00,0.6642,410.0,8.0,0.0195,338.35,D
April,18,14:30:00,0.8733,457.0,7.0,0.0153,337.98,D
April,18,15:00:00,0.995,399.0,0.0,0.0,314.74,D
April,18,15:30:00,0.7577,372.0,17.0,0.0457,337.23,D
April,18,16:00:00,0.7225,452.0,16.0,0.0354,349.46,D
April,18,16:30:00,0.9533,430.0,2.0,0.0047,331.59,D
April,18,17:00:00,0.9925,403.0,1.0,0.0025,338.29,D
April,18,17:30:00,0.9912,341.0,2.0,0.0059,312.84,D
April,18,18:00:00,0.9965,286.0,0.0,0.0,356.03,D
April,18,18:30:00,1.0,265.0,0.0,0.0,334.77,D
April,18,19:00:00,0.996,253.0,1.0,0.004,321.98,D
April,18,19:30:00,1.0,225.0,0.0,0.0,306.28,D
April,18,20:00:00,0.9935,156.0,1.0,0.0064,320.66,D
April,18,20:30:00,0.9934,152.0,0.0,0.0,269.59,D
April,18,21:00:00,0.9178,151.0,5.0,0.0331,312.29,D
April,18,21:30:00,0.6174,120.0,5.0,0.0417,376.04,D
April,18,22:00:00,0.9917,120.0,0.0,0.0,357.17,D
April,18,22:30:00,1.0,76.0,0.0,0.0,357.63,D
April,18,23:00:00,1.0,65.0,0.0,0.0,331.14,D
April,18,23:30:00,1.0,44.0,0.0,0.0,264.43,D
April,19,00:00:00,1.0,52.0,0.0,0.0,319.0,D
April,19,00:30:00,1.0,24.0,0.0,0.0,379.71,D
April,19,01:00:00,1.0,31.0,0.0,0.0,288.68,D
April,19,01:30:00,0.9583,26.0,2.0,0.0769,271.88,D
April,19,02:00:00,0.875,17.0,1.0,0.0588,288.25,D
April,19,02:30:00,1.0,3.0,0.0,0.0,210.33,D
April,19,03:00:00,1.0,1.0,0.0,0.0,577.0,D
April,19,03:30:00,1.0,0.0,0.0,0.0,577.0,D
April,19,04:00:00,1.0,0.0,0.0,0.0,577.0,D
April,19,04:30:00,1.0,1.0,0.0,0.0,329.0,D
April,19,05:00:00,1.0,0.0,0.0,0.0,329.0,D
April,19,05:30:00,1.0,0.0,0.0,0.0,329.0,D
April,19,06:00:00,0.8571,7.0,0.0,0.0,209.71,D
April,19,06:30:00,0.9,10.0,0.0,0.0,305.6,D
April,19,07:00:00,0.9,20.0,0.0,0.0,199.15,D
April,19,07:30:00,0.9149,47.0,0.0,0.0,276.74,D
April,19,08:00:00,0.9861,72.0,0.0,0.0,241.57,D
April,19,08:30:00,0.9643,84.0,0.0,0.0,276.69,D
April,19,09:00:00,0.9862,145.0,0.0,0.0,257.96,D
April,19,09:30:00,0.9068,163.0,2.0,0.0123,275.97,D
April,19,10:00:00,0.9219,195.0,3.0,0.0154,259.66,D
April,19,10:30:00,0.7928,231.0,9.0,0.039,270.67,D
April,19,11:00:00,0.7553,286.0,4.0,0.014,305.7,D
April,19,11:30:00,0.9891,275.0,0.0,0.0,292.59,D
April,19,12:00:00,0.9928,277.0,1.0,0.0036,315.74,D
April,19,12:30:00,0.8805,345.0,2.0,0.0058,308.96,D
April,19,13:00:00,0.9309,306.0,2.0,0.0065,315.76,D
April,19,13:30:00,0.8861,287.0,6.0,0.0209,320.42,D
April,19,14:00:00,0.5117,313.0,14.0,0.0447,299.94,D
April,19,14:30:00,0.7126,345.0,11.0,0.0319,344.44,D
April,19,15:00:00,1.0,268.0,2.0,0.0075,311.78,D
April,19,15:30:00,0.9696,296.0,0.0,0.0,284.63,D
April,19,16:00:00,1.0,270.0,2.0,0.0074,309.55,D
April,19,16:30:00,1.0,220.0,0.0,0.0,297.33,D
April,19,17:00:00,1.0,263.0,1.0,0.0038,293.58,D
April,19,17:30:00,0.9361,267.0,1.0,0.0037,296.84,D
April,19,18:00:00,0.9858,212.0,0.0,0.0,305.96,D
April,19,18:30:00,1.0,170.0,0.0,0.0,311.46,D
April,19,19:00:00,0.9402,185.0,1.0,0.0054,325.82,D
April,19,19:30:00,1.0,155.0,0.0,0.0,316.46,D
April,19,20:00:00,0.9851,134.0,0.0,0.0,298.57,D
April,19,20:30:00,0.9692,131.0,1.0,0.0076,306.66,D
April,19,21:00:00,0.9576,120.0,2.0,0.0167,295.36,D
April,19,21:30:00,0.9524,84.0,0.0,0.0,286.49,D
April,19,22:00:00,1.0,84.0,0.0,0.0,309.87,D
April,19,22:30:00,1.0,63.0,0.0,0.0,371.52,D
April,19,23:00:00,1.0,58.0,0.0,0.0,335.47,D
April,19,23:30:00,1.0,42.0,1.0,0.0238,303.85,D
April,20,00:00:00,1.0,36.0,1.0,0.0278,323.57,D
April,20,00:30:00,1.0,25.0,0.0,0.0,349.04,D
April,20,01:00:00,1.0,22.0,0.0,0.0,334.18,D
April,20,01:30:00,1.0,14.0,0.0,0.0,320.14,D
April,20,02:00:00,0.8667,15.0,0.0,0.0,354.47,D
April,20,02:30:00,1.0,6.0,0.0,0.0,404.17,D
April,20,03:00:00,1.0,7.0,0.0,0.0,554.29,D
April,20,03:30:00,1.0,0.0,0.0,0.0,554.29,D
April,20,04:00:00,1.0,2.0,0.0,0.0,173.5,D
April,20,04:30:00,1.0,0.0,0.0,0.0,173.5,D
April,20,05:00:00,1.0,0.0,0.0,0.0,173.5,D
April,20,05:30:00,1.0,0.0,0.0,0.0,173.5,D
April,20,06:00:00,1.0,4.0,1.0,0.25,169.33,D
April,20,06:30:00,1.0,11.0,0.0,0.0,249.55,D
April,20,07:00:00,0.9,10.0,0.0,0.0,307.0,D
April,20,07:30:00,1.0,19.0,0.0,0.0,237.11,D
April,20,08:00:00,0.9677,31.0,0.0,0.0,338.1,D
April,20,08:30:00,1.0,33.0,0.0,0.0,304.42,D
April,20,09:00:00,0.9667,61.0,1.0,0.0164,267.57,D
April,20,09:30:00,1.0,58.0,0.0,0.0164,267.57,D
April,20,10:00:00,1.0,74.0,1.0,0.0164,267.57,D
April,20,10:30:00,0.8182,77.0,0.0,0.0164,267.57,D
April,20,11:00:00,0.9863,73.0,0.0,0.0164,267.57,D
April,20,11:30:00,0.989,91.0,0.0,0.0164,267.57,D
April,20,12:00:00,1.0,97.0,1.0,0.0164,267.57,D
April,20,12:30:00,1.0,119.0,0.0,0.0164,267.57,D
April,20,13:00:00,0.9894,94.0,0.0,0.0,281.48,D
April,20,13:30:00,0.9388,102.0,4.0,0.0392,338.76,D
April,20,14:00:00,1.0,107.0,0.0,0.0,369.89,D
April,20,14:30:00,1.0,100.0,1.0,0.01,266.75,D
April,20,15:00:00,1.0,81.0,1.0,0.0123,287.21,D
April,20,15:30:00,1.0,88.0,1.0,0.0114,289.75,D
April,20,16:00:00,1.0,92.0,0.0,0.0,316.02,D
April,20,16:30:00,0.93,101.0,1.0,0.0099,278.35,D
April,20,17:00:00,0.9479,96.0,0.0,0.0,322.06,D
April,20,17:30:00,0.9811,106.0,0.0,0.0,352.8,D
April,20,18:00:00,1.0,80.0,0.0,0.0,322.44,D
April,20,18:30:00,1.0,78.0,1.0,0.0128,324.34,D
April,20,19:00:00,1.0,79.0,0.0,0.0,277.06,D
April,20,19:30:00,1.0,80.0,0.0,0.0,303.36,D
April,20,20:00:00,0.9714,70.0,0.0,0.0,324.84,D
April,20,20:30:00,0.9306,72.0,0.0,0.0,325.99,D
April,20,21:00:00,0.9444,55.0,1.0,0.0182,311.54,D
April,20,21:30:00,1.0,61.0,0.0,0.0,315.23,D
April,20,22:00:00,0.9792,53.0,5.0,0.0943,300.88,D
April,20,22:30:00,0.825,41.0,1.0,0.0244,368.5,D
April,20,23:00:00,0.9706,34.0,0.0,0.0,343.29,D
April,20,23:30:00,1.0,43.0,0.0,0.0,337.72,D
April,21,00:00:00,1.0,23.0,0.0,0.0,312.04,D
April,21,00:30:00,1.0,19.0,0.0,0.0,202.84,D
April,21,01:00:00,1.0,20.0,0.0,0.0,292.3,D
April,21,01:30:00,1.0,10.0,0.0,0.0,297.2,D
April,21,02:00:00,1.0,11.0,0.0,0.0,289.09,D
April,21,02:30:00,1.0,9.0,0.0,0.0,293.0,D
April,21,03:00:00,1.0,7.0,1.0,0.1429,406.67,D
April,21,03:30:00,1.0,3.0,0.0,0.0,161.0,D
April,21,04:00:00,1.0,1.0,0.0,0.0,350.0,D
April,21,04:30:00,0.6667,4.0,1.0,0.25,260.67,D
April,21,05:00:00,1.0,4.0,0.0,0.0,316.5,D
April,21,05:30:00,1.0,5.0,0.0,0.0,410.0,D
April,21,06:00:00,1.0,8.0,0.0,0.0,227.13,D
April,21,06:30:00,0.9333,15.0,0.0,0.0,211.13,D
April,21,07:00:00,0.9259,27.0,0.0,0.0,325.3,D
April,21,07:30:00,0.9737,39.0,1.0,0.0256,253.24,D
April,21,08:00:00,0.9906,106.0,0.0,0.0,259.11,D
April,21,08:30:00,0.9932,148.0,1.0,0.0068,275.48,D
April,21,09:00:00,1.0,266.0,0.0,0.0,285.95,D
April,21,09:30:00,0.986,288.0,3.0,0.0104,292.93,D
April,21,10:00:00,0.9362,331.0,2.0,0.006,307.93,D
April,21,10:30:00,0.6512,379.0,12.0,0.0317,323.18,D
April,21,11:00:00,0.9736,456.0,2.0,0.0044,311.62,D
April,21,11:30:00,0.9852,480.0,6.0,0.0125,315.04,D
April,21,12:00:00,0.9843,447.0,0.0,0.0,323.26,D
April,21,12:30:00,0.9143,507.0,5.0,0.0099,324.0,D
April,21,13:00:00,0.8414,503.0,5.0,0.0099,342.23,D
April,21,13:30:00,0.8042,480.0,56.0,0.1167,376.32,D
April,21,14:00:00,0.5023,534.0,92.0,0.1723,373.25,D
April,21,14:30:00,0.5373,520.0,198.0,0.3808,330.38,D
April,21,15:00:00,0.4895,652.0,127.0,0.1948,329.86,D
April,21,15:30:00,0.4796,615.0,50.0,0.0813,328.29,D
April,21,16:00:00,0.6726,634.0,20.0,0.0315,351.04,D
April,21,16:30:00,0.984,565.0,1.0,0.0018,349.65,D
April,21,17:00:00,0.9947,564.0,1.0,0.0018,356.47,D
April,21,17:30:00,0.9937,477.0,2.0,0.0042,347.59,D
April,21,18:00:00,0.9795,440.0,1.0,0.0023,327.25,D
April,21,18:30:00,0.9872,392.0,0.0,0.0,352.73,D
April,21,19:00:00,0.989,362.0,0.0,0.0,334.75,D
April,21,19:30:00,0.7669,329.0,3.0,0.0091,354.53,D
April,21,20:00:00,0.9624,266.0,0.0,0.0,310.25,D
April,21,20:30:00,1.0,277.0,1.0,0.0036,318.68,D
April,21,21:00:00,1.0,201.0,0.0,0.0,360.77,D
April,21,21:30:00,0.9936,156.0,0.0,0.0,364.51,D
April,21,22:00:00,1.0,132.0,2.0,0.0152,319.13,D
April,21,22:30:00,1.0,104.0,1.0,0.0096,326.75,D
April,21,23:00:00,1.0,92.0,0.0,0.0,426.82,D
April,21,23:30:00,1.0,57.0,0.0,0.0,330.21,D
April,22,00:00:00,1.0,44.0,0.0,0.0,388.23,D
April,22,00:30:00,1.0,32.0,0.0,0.0,338.19,D
April,22,01:00:00,1.0,27.0,0.0,0.0,433.15,D
April,22,01:30:00,1.0,22.0,0.0,0.0,360.55,D
April,22,02:00:00,1.0,13.0,0.0,0.0,488.62,D
April,22,02:30:00,1.0,8.0,0.0,0.0,274.75,D
April,22,03:00:00,0.6667,3.0,0.0,0.0,357.67,D
April,22,03:30:00,0.6667,0.0,0.0,0.0,357.67,D
April,22,04:00:00,1.0,1.0,0.0,0.0,1104.0,D
April,22,04:30:00,1.0,0.0,0.0,0.0,1104.0,D
April,22,05:00:00,1.0,0.0,0.0,0.0,1104.0,D
April,22,05:30:00,1.0,1.0,0.0,0.0,395.0,D
April,22,06:00:00,0.9286,14.0,0.0,0.0,192.29,D
April,22,06:30:00,0.8947,20.0,1.0,0.05,260.0,D
April,22,07:00:00,0.8936,48.0,1.0,0.0208,332.13,D
April,22,07:30:00,1.0,62.0,0.0,0.0,318.98,D
April,22,08:00:00,1.0,111.0,0.0,0.0,270.81,D
April,22,08:30:00,1.0,164.0,0.0,0.0,275.29,D
April,22,09:00:00,0.9927,273.0,0.0,0.0,310.25,D
April,22,09:30:00,0.9882,341.0,1.0,0.0029,304.71,D
April,22,10:00:00,0.9246,350.0,5.0,0.0143,315.14,D
April,22,10:30:00,0.4761,437.0,19.0,0.0435,310.6,D
April,22,11:00:00,0.7906,457.0,8.0,0.0175,340.65,D
April,22,11:30:00,0.7755,499.0,9.0,0.018,318.6,D
April,22,12:00:00,0.8374,493.0,7.0,0.0142,316.85,D
April,22,12:30:00,0.3162,547.0,41.0,0.075,360.88,D
April,22,13:00:00,0.8418,515.0,3.0,0.0058,343.04,D
April,22,13:30:00,0.985,468.0,0.0,0.0,343.37,D
April,22,14:00:00,0.8072,510.0,7.0,0.0137,333.77,D
April,22,14:30:00,0.8653,546.0,4.0,0.0073,345.1,D
April,22,15:00:00,0.9743,505.0,0.0,0.0,329.05,D
April,22,15:30:00,0.9961,515.0,0.0,0.0,342.14,D
April,22,16:00:00,0.9958,482.0,1.0,0.0021,328.8,D
April,22,16:30:00,0.9899,495.0,0.0,0.0,330.47,D
April,22,17:00:00,0.8089,414.0,11.0,0.0266,377.47,D
April,22,17:30:00,0.3402,434.0,43.0,0.0991,354.19,D
April,22,18:00:00,0.6543,437.0,6.0,0.0137,345.9,D
April,22,18:30:00,0.9446,343.0,0.0,0.0,341.33,D
April,22,19:00:00,0.8448,341.0,6.0,0.0176,338.75,D
April,22,19:30:00,0.6645,320.0,10.0,0.0313,335.25,D
April,22,20:00:00,0.9264,234.0,3.0,0.0128,330.81,D
April,22,20:30:00,0.9809,210.0,1.0,0.0048,307.93,D
April,22,21:00:00,0.9427,192.0,0.0,0.0,296.17,D
April,22,21:30:00,1.0,153.0,0.0,0.0,370.89,D
April,22,22:00:00,1.0,128.0,0.0,0.0,386.39,D
April,22,22:30:00,1.0,100.0,0.0,0.0,343.72,D
April,22,23:00:00,1.0,81.0,1.0,0.0123,328.53,D
April,22,23:30:00,1.0,52.0,0.0,0.0,387.67,D
April,23,00:00:00,1.0,46.0,0.0,0.0,338.28,D
April,23,00:30:00,1.0,24.0,0.0,0.0,342.67,D
April,23,01:00:00,0.9643,28.0,0.0,0.0,354.07,D
April,23,01:30:00,0.9091,11.0,0.0,0.0,240.55,D
April,23,02:00:00,1.0,6.0,0.0,0.0,360.83,D
April,23,02:30:00,1.0,10.0,0.0,0.0,251.4,D
April,23,03:00:00,1.0,0.0,0.0,0.0,251.4,D
April,23,03:30:00,1.0,1.0,0.0,0.0,215.0,D
April,23,04:00:00,1.0,0.0,0.0,0.0,215.0,D
April,23,04:30:00,1.0,1.0,0.0,0.0,162.0,D
April,23,05:00:00,1.0,3.0,0.0,0.0,405.0,D
April,23,05:30:00,1.0,5.0,0.0,0.0,190.6,D
April,23,06:00:00,1.0,12.0,0.0,0.0,166.08,D
April,23,06:30:00,1.0,17.0,0.0,0.0,224.06,D
April,23,07:00:00,1.0,50.0,0.0,0.0,210.62,D
April,23,07:30:00,1.0,67.0,0.0,0.0,269.79,D
April,23,08:00:00,1.0,125.0,0.0,0.0,280.89,D
April,23,08:30:00,1.0,223.0,0.0,0.0,282.79,D
April,23,09:00:00,0.9826,288.0,0.0,0.0,284.19,D
April,23,09:30:00,0.9033,313.0,13.0,0.0415,300.55,D
April,23,10:00:00,0.6491,339.0,17.0,0.0501,320.07,D
April,23,10:30:00,0.3779,377.0,33.0,0.0875,321.47,D
April,23,11:00:00,0.5558,463.0,24.0,0.0518,303.56,D
April,23,11:30:00,0.8833,464.0,10.0,0.0216,337.38,D
April,23,12:00:00,0.8,493.0,3.0,0.0061,312.89,D
April,23,12:30:00,0.7667,458.0,8.0,0.0175,303.66,D
April,23,13:00:00,0.8713,437.0,2.0,0.0046,332.05,D
April,23,13:30:00,0.8996,502.0,4.0,0.008,312.17,D
April,23,14:00:00,0.7014,516.0,7.0,0.0136,311.95,D
April,23,14:30:00,0.8477,444.0,4.0,0.009,326.2,D
April,23,15:00:00,0.8955,448.0,8.0,0.0179,314.75,D
April,23,15:30:00,0.9018,502.0,3.0,0.006,311.7,D
April,23,16:00:00,0.9051,498.0,3.0,0.006,325.79,D
April,23,16:30:00,0.9762,421.0,1.0,0.0024,313.52,D
April,23,17:00:00,0.9685,481.0,5.0,0.0104,285.25,D
April,23,17:30:00,0.9454,368.0,2.0,0.0054,344.1,D
April,23,18:00:00,0.9679,375.0,1.0,0.0027,313.21,D
April,23,18:30:00,0.9207,328.0,0.0,0.0,357.02,D
April,23,19:00:00,0.9318,312.0,4.0,0.0128,326.13,D
April,23,19:30:00,0.8494,263.0,4.0,0.0152,337.98,D
April,23,20:00:00,0.708,258.0,8.0,0.031,351.6,D
April,23,20:30:00,0.8856,203.0,2.0,0.0099,305.57,D
April,23,21:00:00,0.9586,147.0,2.0,0.0136,314.4,D
April,23,21:30:00,0.9907,108.0,0.0,0.0,357.64,D
April,23,22:00:00,0.9589,74.0,1.0,0.0135,265.21,D
April,23,22:30:00,0.9785,94.0,1.0,0.0106,291.7,D
April,23,23:00:00,0.9722,72.0,0.0,0.0,326.56,D
April,23,23:30:00,1.0,44.0,0.0,0.0,309.77,D
April,24,00:00:00,1.0,35.0,0.0,0.0,337.03,D
April,24,00:30:00,1.0,17.0,0.0,0.0,342.29,D
April,24,01:00:00,1.0,12.0,0.0,0.0,329.0,D
April,24,01:30:00,1.0,7.0,0.0,0.0,169.71,D
April,24,02:00:00,0.9091,11.0,0.0,0.0,325.64,D
April,24,03:00:00,1.0,2.0,0.0,0.0,284.0,D
April,24,03:30:00,1.0,1.0,0.0,0.0,241.0,D
April,24,04:00:00,1.0,0.0,0.0,0.0,241.0,D
April,24,04:30:00,1.0,0.0,0.0,0.0,241.0,D
April,24,05:00:00,1.0,1.0,0.0,0.0,170.0,D
April,24,05:30:00,0.8333,6.0,0.0,0.0,253.0,D
April,24,06:00:00,0.9474,19.0,0.0,0.0,310.21,D
April,24,06:30:00,0.8788,35.0,2.0,0.0571,261.85,D
April,24,07:00:00,0.9643,58.0,2.0,0.0345,273.73,D
April,24,07:30:00,0.9118,70.0,2.0,0.0286,285.13,D
April,24,08:00:00,0.8244,131.0,0.0,0.0,285.66,D
April,24,08:30:00,0.6489,194.0,6.0,0.0309,308.73,D
April,24,09:00:00,0.8148,251.0,8.0,0.0319,303.15,D
April,24,09:30:00,0.8354,327.0,5.0,0.0153,311.84,D
April,24,10:00:00,0.8095,345.0,9.0,0.0261,312.82,D
April,24,10:30:00,0.6648,374.0,10.0,0.0267,311.55,D
April,24,11:00:00,0.5461,416.0,15.0,0.0361,341.17,D
April,24,11:30:00,0.8388,463.0,4.0,0.0086,324.91,D
April,24,12:00:00,0.8085,432.0,9.0,0.0208,321.42,D
April,24,12:30:00,0.8923,420.0,2.0,0.0048,301.81,D
April,24,13:00:00,0.9453,405.0,3.0,0.0074,272.45,D
April,24,13:30:00,0.9003,386.0,5.0,0.013,308.02,D
April,24,14:00:00,0.7663,457.0,12.0,0.0263,315.21,D
April,24,14:30:00,0.7938,457.0,6.0,0.0131,324.19,D
April,24,15:00:00,0.9217,448.0,1.0,0.0022,295.34,D
April,24,15:30:00,0.8668,498.0,10.0,0.0201,314.8,D
April,24,16:00:00,0.9157,517.0,7.0,0.0135,318.97,D
April,24,16:30:00,0.9452,438.0,0.0,0.0,343.08,D
April,24,17:00:00,0.9242,413.0,4.0,0.0097,314.49,D
April,24,17:30:00,0.8643,425.0,5.0,0.0118,319.43,D
April,24,18:00:00,0.8392,347.0,5.0,0.0144,329.65,D
April,24,18:30:00,0.8113,308.0,6.0,0.0195,290.99,D
April,24,19:00:00,0.6022,284.0,15.0,0.0528,302.5,D
April,24,19:30:00,0.6651,226.0,11.0,0.0487,324.13,D
April,24,20:00:00,0.8611,217.0,1.0,0.0046,345.05,D
April,24,20:30:00,0.9947,189.0,0.0,0.0,328.39,D
April,24,21:00:00,1.0,150.0,2.0,0.0133,341.78,D
April,24,21:30:00,1.0,131.0,0.0,0.0,373.07,D
April,24,22:00:00,0.9626,107.0,0.0,0.0,304.19,D
April,24,22:30:00,1.0,84.0,1.0,0.0119,325.67,D
April,24,23:00:00,1.0,66.0,0.0,0.0,321.91,D
April,24,23:30:00,1.0,55.0,1.0,0.0182,347.37,D
April,25,00:00:00,1.0,28.0,1.0,0.0357,256.0,D
April,25,00:30:00,1.0,9.0,0.0,0.0,441.44,D
April,25,01:00:00,0.2,18.0,3.0,0.1667,212.87,D
April,25,01:30:00,0.0833,13.0,1.0,0.0769,263.75,D
April,25,02:00:00,0.6,5.0,0.0,0.0,269.0,D
April,25,02:30:00,1.0,5.0,0.0,0.0,307.2,D
April,25,03:00:00,1.0,5.0,0.0,0.0,366.6,D
April,25,03:30:00,1.0,1.0,0.0,0.0,36.0,D
April,25,04:00:00,1.0,2.0,0.0,0.0,113.0,D
April,25,04:30:00,1.0,1.0,0.0,0.0,1333.0,D
April,25,05:00:00,1.0,1.0,0.0,0.0,287.0,D
April,25,05:30:00,1.0,1.0,0.0,0.0,98.0,D
April,25,06:00:00,1.0,9.0,0.0,0.0,382.56,D
April,25,06:30:00,0.9375,17.0,1.0,0.0588,295.13,D
April,25,07:00:00,1.0,36.0,1.0,0.0278,244.77,D
April,25,07:30:00,1.0,51.0,0.0,0.0,301.49,D
April,25,08:00:00,0.9134,130.0,3.0,0.0231,288.35,D
April,25,08:30:00,0.9388,149.0,2.0,0.0134,276.49,D
April,25,09:00:00,0.8744,211.0,4.0,0.019,302.6,D
April,25,09:30:00,0.4494,291.0,24.0,0.0825,300.76,D
April,25,10:00:00,0.6279,402.0,15.0,0.0373,337.32,D
April,25,10:30:00,0.7853,389.0,7.0,0.018,349.41,D
April,25,11:00:00,0.6853,440.0,11.0,0.025,306.06,D
April,25,11:30:00,0.8156,429.0,6.0,0.014,329.38,D
April,25,12:00:00,0.9673,400.0,2.0,0.005,302.32,D
April,25,12:30:00,0.8514,430.0,6.0,0.014,322.76,D
April,25,13:00:00,0.8585,437.0,6.0,0.0137,291.38,D
April,25,13:30:00,0.9104,494.0,3.0,0.0061,320.73,D
April,25,14:00:00,0.5737,500.0,52.0,0.104,317.98,D
April,25,14:30:00,0.5941,492.0,19.0,0.0386,336.61,D
April,25,15:00:00,0.9538,521.0,1.0,0.0019,314.21,D
April,25,15:30:00,0.6116,461.0,31.0,0.0672,325.29,D
April,25,16:00:00,0.5366,525.0,20.0,0.0381,320.36,D
April,25,16:30:00,0.9854,480.0,1.0,0.0021,316.59,D
April,25,17:00:00,0.9656,441.0,5.0,0.0113,347.07,D
April,25,17:30:00,0.5398,429.0,27.0,0.0629,354.79,D
April,25,18:00:00,0.8387,411.0,8.0,0.0195,324.83,D
April,25,18:30:00,0.8833,303.0,3.0,0.0099,327.52,D
April,25,19:00:00,0.6755,311.0,9.0,0.0289,325.77,D
April,25,19:30:00,0.9573,235.0,1.0,0.0043,333.53,D
April,25,20:00:00,0.8241,206.0,7.0,0.034,342.46,D
April,25,20:30:00,0.9424,191.0,0.0,0.0,302.65,D
April,25,21:00:00,0.5903,161.0,17.0,0.1056,328.99,D
April,25,21:30:00,0.5359,165.0,12.0,0.0727,355.84,D
April,25,22:00:00,0.9899,100.0,1.0,0.01,333.99,D
April,25,22:30:00,0.9733,77.0,2.0,0.026,361.01,D
April,25,23:00:00,1.0,68.0,1.0,0.0147,293.88,D
April,25,23:30:00,1.0,52.0,0.0,0.0,307.13,D
April,26,00:00:00,1.0,34.0,0.0,0.0,397.47,D
April,26,00:30:00,1.0,25.0,0.0,0.0,323.76,D
April,26,01:00:00,1.0,21.0,0.0,0.0,386.9,D
April,26,01:30:00,1.0,19.0,0.0,0.0,399.05,D
April,26,02:00:00,0.85,20.0,0.0,0.0,481.2,D
April,26,02:30:00,0.8571,7.0,0.0,0.0,292.0,D
April,26,03:00:00,1.0,6.0,1.0,0.1667,701.8,D
April,26,03:30:00,1.0,0.0,0.0,0.1667,701.8,D
April,26,04:30:00,1.0,0.0,0.0,0.1667,701.8,D
April,26,05:00:00,1.0,0.0,0.0,0.1667,701.8,D
April,26,05:30:00,1.0,1.0,0.0,0.0,18.0,D
April,26,06:00:00,1.0,7.0,0.0,0.0,337.86,D
April,26,06:30:00,0.75,4.0,0.0,0.0,424.75,D
April,26,07:00:00,0.9444,18.0,0.0,0.0,327.06,D
April,26,07:30:00,0.9444,18.0,1.0,0.0217,281.36,D
April,26,08:00:00,0.9444,18.0,1.0,0.0145,249.25,D
April,26,08:30:00,0.9444,18.0,5.0,0.0431,324.99,D
April,26,09:00:00,0.9444,18.0,1.0,0.0068,287.76,D
April,26,09:30:00,0.9444,18.0,9.0,0.0566,292.21,D
April,26,10:00:00,0.9444,18.0,3.0,0.0126,301.6,D
April,26,10:30:00,0.9444,18.0,7.0,0.03,308.73,D
April,26,11:00:00,0.9444,18.0,6.0,0.0203,310.27,D
April,26,11:30:00,0.9444,18.0,3.0,0.0105,319.34,D
April,26,12:00:00,0.8123,331.0,6.0,0.0181,309.55,D
April,26,12:30:00,0.911,333.0,7.0,0.021,299.84,D
April,26,13:00:00,0.7722,342.0,4.0,0.0117,312.37,D
April,26,13:30:00,0.8734,312.0,4.0,0.0128,311.19,D
April,26,14:00:00,0.9805,308.0,1.0,0.0032,304.59,D
April,26,14:30:00,1.0,326.0,0.0,0.0,289.83,D
April,26,15:00:00,0.9933,301.0,2.0,0.0066,295.39,D
April,26,15:30:00,0.9664,331.0,4.0,0.0121,304.76,D
April,26,16:00:00,0.9164,307.0,8.0,0.0261,294.31,D
April,26,16:30:00,0.8315,273.0,6.0,0.022,266.82,D
April,26,17:00:00,0.8687,262.0,3.0,0.0115,312.12,D
April,26,17:30:00,1.0,241.0,2.0,0.0083,301.2,D
April,26,18:00:00,0.9771,219.0,1.0,0.0046,293.65,D
April,26,18:30:00,0.9663,209.0,1.0,0.0048,327.0,D
April,26,19:00:00,0.9512,208.0,3.0,0.0144,330.06,D
April,26,19:30:00,0.9412,170.0,0.0,0.0,342.58,D
April,26,20:00:00,0.7619,176.0,8.0,0.0455,328.32,D
April,26,20:30:00,0.8,138.0,3.0,0.0217,294.1,D
April,26,21:00:00,0.6759,123.0,15.0,0.122,331.36,D
April,26,21:30:00,0.9792,96.0,0.0,0.0,261.35,D
April,26,22:00:00,1.0,69.0,0.0,0.0,316.62,D
April,26,22:30:00,1.0,76.0,0.0,0.0,299.76,D
April,26,23:00:00,1.0,66.0,0.0,0.0,296.59,D
April,26,23:30:00,1.0,53.0,0.0,0.0,324.92,D
April,27,00:00:00,1.0,45.0,0.0,0.0,290.89,D
April,27,00:30:00,1.0,18.0,0.0,0.0,240.83,D
April,27,01:00:00,1.0,19.0,0.0,0.0,261.63,D
April,27,01:30:00,0.9545,22.0,0.0,0.0,361.91,D
April,27,02:00:00,1.0,13.0,0.0,0.0,294.31,D
April,27,02:30:00,1.0,6.0,0.0,0.0,376.5,D
April,27,03:00:00,1.0,2.0,0.0,0.0,446.0,D
April,27,03:30:00,1.0,0.0,0.0,0.0,446.0,D
April,27,04:00:00,1.0,0.0,0.0,0.0,446.0,D
April,27,04:30:00,1.0,0.0,0.0,0.0,446.0,D
April,27,05:00:00,1.0,1.0,0.0,0.0,324.0,D
April,27,05:30:00,1.0,0.0,0.0,0.0,324.0,D
April,27,06:00:00,1.0,4.0,0.0,0.0,193.0,D
April,27,06:30:00,1.0,5.0,0.0,0.0,482.0,D
April,27,07:00:00,0.9231,13.0,0.0,0.0,223.15,D
April,27,07:30:00,0.9697,34.0,1.0,0.0294,237.52,D
April,27,08:00:00,1.0,46.0,1.0,0.0217,247.53,D
April,27,08:30:00,0.9592,49.0,0.0,0.0,239.96,D
April,27,09:00:00,0.9011,91.0,0.0,0.0,285.27,D
April,27,09:30:00,0.9604,101.0,0.0,0.0,256.87,D
April,27,10:00:00,0.8421,102.0,7.0,0.0686,306.53,D
April,27,10:30:00,0.4343,118.0,19.0,0.161,322.95,D
April,27,11:00:00,0.6563,194.0,2.0,0.0103,290.84,D
April,27,11:30:00,0.9889,181.0,1.0,0.0055,302.29,D
April,27,12:00:00,0.9791,193.0,2.0,0.0104,271.82,D
April,27,12:30:00,1.0,182.0,0.0,0.0,263.58,D
April,27,13:00:00,0.9942,174.0,3.0,0.0172,292.23,D
April,27,13:30:00,0.9296,203.0,4.0,0.0197,294.79,D
April,27,14:00:00,0.7118,240.0,11.0,0.0458,311.8,D
April,27,14:30:00,0.7184,248.0,3.0,0.0121,316.44,D
April,27,15:00:00,0.9628,215.0,0.0,0.0,308.34,D
April,27,15:30:00,1.0,215.0,2.0,0.0093,291.78,D
April,27,16:00:00,1.0,191.0,2.0,0.0105,276.37,D
April,27,16:30:00,0.6836,185.0,8.0,0.0432,308.2,D
April,27,17:00:00,0.4585,212.0,7.0,0.033,320.69,D
April,27,17:30:00,0.8299,198.0,4.0,0.0202,333.21,D
April,27,18:00:00,0.9943,174.0,0.0,0.0,310.06,D
April,27,18:30:00,1.0,150.0,0.0,0.0,272.12,D
April,27,19:00:00,0.9929,140.0,0.0,0.0,301.16,D
April,27,19:30:00,1.0,127.0,0.0,0.0,308.51,D
April,27,20:00:00,1.0,130.0,0.0,0.0,276.08,D
April,27,20:30:00,1.0,121.0,0.0,0.0,272.62,D
April,27,21:00:00,1.0,88.0,0.0,0.0,329.23,D
April,27,21:30:00,1.0,95.0,0.0,0.0,279.83,D
April,27,22:00:00,1.0,68.0,0.0,0.0,354.91,D
April,27,22:30:00,1.0,48.0,1.0,0.0208,393.17,D
April,27,23:00:00,1.0,42.0,0.0,0.0,286.74,D
April,27,23:30:00,1.0,28.0,2.0,0.0714,365.46,D
April,28,00:00:00,1.0,28.0,0.0,0.0,342.82,D
April,28,00:30:00,1.0,14.0,0.0,0.0,333.86,D
April,28,01:00:00,1.0,13.0,0.0,0.0,263.08,D
April,28,01:30:00,1.0,12.0,0.0,0.0,207.83,D
April,28,02:00:00,1.0,5.0,0.0,0.0,104.2,D
April,28,02:30:00,1.0,8.0,0.0,0.0,424.0,D
April,28,03:00:00,1.0,3.0,0.0,0.0,434.67,D
April,28,03:30:00,1.0,5.0,0.0,0.0,165.4,D
April,28,04:00:00,0.75,4.0,0.0,0.0,147.5,D
April,28,04:30:00,1.0,2.0,0.0,0.0,253.5,D
April,28,05:00:00,1.0,3.0,0.0,0.0,136.33,D
April,28,05:30:00,1.0,3.0,0.0,0.0,283.67,D
April,28,06:00:00,1.0,5.0,0.0,0.0,283.4,D
April,28,06:30:00,1.0,14.0,0.0,0.0,198.64,D
April,28,07:00:00,0.9677,31.0,0.0,0.0,246.29,D
April,28,07:30:00,1.0,57.0,0.0,0.0,272.91,D
April,28,08:00:00,1.0,119.0,2.0,0.0168,266.62,D
April,28,08:30:00,0.9937,159.0,0.0,0.0,254.31,D
April,28,09:00:00,0.9189,260.0,1.0,0.0038,287.08,D
April,28,09:30:00,0.4262,312.0,14.0,0.0449,306.29,D
April,28,10:00:00,0.9394,396.0,0.0,0.0,303.06,D
April,28,10:30:00,0.8405,427.0,7.0,0.0164,304.77,D
April,28,11:00:00,0.821,468.0,10.0,0.0214,314.64,D
April,28,11:30:00,0.7783,473.0,13.0,0.0275,326.84,D
April,28,12:00:00,0.7878,525.0,2.0,0.0038,318.98,D
April,28,12:30:00,0.883,538.0,8.0,0.0149,310.42,D
April,28,13:00:00,0.996,497.0,0.0,0.0,330.69,D
April,28,13:30:00,0.9721,505.0,4.0,0.0079,316.02,D
April,28,14:00:00,0.9981,532.0,2.0,0.0038,308.13,D
April,28,14:30:00,0.7403,580.0,14.0,0.0241,319.88,D
April,28,15:00:00,0.9857,561.0,1.0,0.0018,325.59,D
April,28,15:30:00,0.996,503.0,3.0,0.006,325.34,D
April,28,16:00:00,0.9926,540.0,1.0,0.0019,334.59,D
April,28,16:30:00,0.991,558.0,4.0,0.0072,346.04,D
April,28,17:00:00,0.9211,511.0,4.0,0.0078,335.16,D
April,28,17:30:00,0.891,490.0,13.0,0.0265,306.62,D
April,28,18:00:00,0.9139,476.0,0.0,0.0,332.85,D
April,28,18:30:00,0.9946,372.0,2.0,0.0054,327.74,D
April,28,19:00:00,0.8242,337.0,7.0,0.0208,319.2,D
April,28,19:30:00,0.3887,310.0,9.0,0.029,366.74,D
April,28,20:00:00,0.8741,291.0,5.0,0.0172,335.74,D
April,28,20:30:00,0.6295,265.0,14.0,0.0528,395.16,D
April,28,21:00:00,0.7696,197.0,6.0,0.0305,347.94,D
April,28,21:30:00,0.9639,167.0,1.0,0.006,362.27,D
April,28,22:00:00,1.0,137.0,0.0,0.0,320.46,D
April,28,22:30:00,1.0,122.0,1.0,0.0082,329.01,D
April,28,23:00:00,1.0,95.0,0.0,0.0,318.74,D
April,28,23:30:00,1.0,60.0,0.0,0.0,270.18,D
April,29,00:00:00,1.0,38.0,0.0,0.0,257.18,D
April,29,00:30:00,1.0,30.0,0.0,0.0,306.17,D
April,29,01:00:00,1.0,19.0,0.0,0.0,565.21,D
April,29,01:30:00,1.0,19.0,2.0,0.1053,506.35,D
April,29,02:00:00,1.0,12.0,0.0,0.0,388.08,D
April,29,02:30:00,1.0,9.0,0.0,0.0,451.89,D
April,29,03:00:00,1.0,2.0,0.0,0.0,535.0,D
April,29,03:30:00,1.0,0.0,0.0,0.0,535.0,D
April,29,04:00:00,1.0,0.0,0.0,0.0,535.0,D
April,29,04:30:00,1.0,0.0,0.0,0.0,535.0,D
April,29,05:00:00,1.0,0.0,0.0,0.0,535.0,D
April,29,05:30:00,1.0,0.0,0.0,0.0,535.0,D
April,29,06:00:00,1.0,9.0,0.0,0.0,319.22,D
April,29,06:30:00,1.0,21.0,0.0,0.0,211.48,D
April,29,07:00:00,1.0,41.0,0.0,0.0,236.66,D
April,29,07:30:00,1.0,61.0,1.0,0.0164,284.67,D
April,29,08:00:00,1.0,119.0,0.0,0.0,259.51,D
April,29,08:30:00,1.0,162.0,0.0,0.0,277.19,D
April,29,09:00:00,0.9959,242.0,0.0,0.0,283.9,D
April,29,09:30:00,1.0,276.0,1.0,0.0036,290.63,D
April,29,10:00:00,0.8737,389.0,1.0,0.0026,315.53,D
April,29,10:30:00,0.8292,372.0,9.0,0.0242,303.28,D
April,29,11:00:00,0.6916,426.0,11.0,0.0258,322.97,D
April,29,11:30:00,0.9838,431.0,0.0,0.0,293.08,D
April,29,12:00:00,0.922,452.0,3.0,0.0066,330.63,D
April,29,12:30:00,0.8333,476.0,8.0,0.0168,336.16,D
April,29,13:00:00,0.9607,438.0,5.0,0.0114,291.58,D
April,29,13:30:00,0.7441,477.0,8.0,0.0168,292.9,D
April,29,14:00:00,0.7978,462.0,12.0,0.026,319.72,D
April,29,14:30:00,0.4374,465.0,26.0,0.0559,347.7,D
April,29,15:00:00,0.5828,493.0,16.0,0.0325,316.14,D
April,29,15:30:00,0.9744,432.0,2.0,0.0046,297.77,D
April,29,16:00:00,0.9725,440.0,3.0,0.0068,327.02,D
April,29,16:30:00,0.557,470.0,23.0,0.0489,333.7,D
April,29,17:00:00,0.9732,410.0,0.0,0.0,315.51,D
April,29,17:30:00,0.9742,388.0,1.0,0.0026,318.56,D
April,29,18:00:00,0.9943,349.0,0.0,0.0,336.08,D
April,29,18:30:00,0.9937,318.0,0.0,0.0,304.2,D
April,29,19:00:00,0.9929,284.0,1.0,0.0035,321.78,D
April,29,19:30:00,0.8724,249.0,6.0,0.0241,332.12,D
April,29,20:00:00,0.6382,212.0,13.0,0.0613,350.83,D
April,29,20:30:00,0.8531,213.0,2.0,0.0094,321.72,D
April,29,21:00:00,0.7445,146.0,9.0,0.0616,347.21,D
April,29,21:30:00,0.9231,118.0,1.0,0.0085,304.1,D
April,29,22:00:00,1.0,104.0,1.0,0.0096,313.09,D
April,29,22:30:00,1.0,77.0,0.0,0.0,313.14,D
April,29,23:00:00,1.0,66.0,0.0,0.0,324.29,D
April,29,23:30:00,1.0,60.0,0.0,0.0,342.55,D
April,30,00:00:00,1.0,31.0,0.0,0.0,311.77,D
April,30,00:30:00,1.0,16.0,0.0,0.0,311.88,D
April,30,01:00:00,1.0,29.0,0.0,0.0,321.1,D
April,30,01:30:00,1.0,16.0,0.0,0.0,317.63,D
April,30,02:00:00,1.0,9.0,0.0,0.0,225.22,D
April,30,02:30:00,1.0,6.0,0.0,0.0,370.0,D
April,30,03:00:00,1.0,2.0,0.0,0.0,724.0,D
April,30,03:30:00,1.0,0.0,0.0,0.0,724.0,D
April,30,04:00:00,1.0,0.0,0.0,0.0,724.0,D
April,30,04:30:00,1.0,0.0,0.0,0.0,724.0,D
April,30,05:00:00,1.0,0.0,0.0,0.0,724.0,D
April,30,05:30:00,1.0,0.0,0.0,0.0,724.0,D
April,30,06:00:00,1.0,10.0,0.0,0.0,299.2,D
April,30,06:30:00,0.8824,17.0,0.0,0.0,255.94,D
April,30,07:00:00,0.9825,57.0,0.0,0.0,220.33,D
April,30,07:30:00,1.0,89.0,1.0,0.0112,235.9,D
April,30,08:00:00,0.9885,175.0,1.0,0.0057,248.43,D
April,30,08:30:00,0.3918,220.0,49.0,0.2227,350.17,D
April,30,09:00:00,0.6028,307.0,20.0,0.0651,302.97,D
April,30,09:30:00,0.7113,302.0,18.0,0.0596,326.82,D
April,30,10:00:00,0.4766,407.0,44.0,0.1081,317.84,D
April,30,10:30:00,0.5931,453.0,18.0,0.0397,325.57,D
April,30,11:00:00,0.6945,428.0,9.0,0.021,308.56,D
April,30,11:30:00,0.943,457.0,1.0,0.0022,317.2,D
April,30,12:00:00,0.9687,451.0,4.0,0.0089,332.79,D
April,30,12:30:00,0.846,509.0,9.0,0.0177,327.96,D
April,30,13:00:00,0.9582,480.0,1.0,0.0021,314.45,D
April,30,13:30:00,0.9955,446.0,0.0,0.0,298.71,D
April,30,14:00:00,1.0,482.0,0.0,0.0,296.42,D
April,30,14:30:00,0.9851,471.0,2.0,0.0042,311.93,D
April,30,15:00:00,0.9848,526.0,1.0,0.0019,326.46,D
April,30,15:30:00,0.9853,476.0,0.0,0.0,318.18,D
April,30,16:00:00,1.0,449.0,0.0,0.0,300.36,D
April,30,16:30:00,1.0,420.0,0.0,0.0,331.66,D
April,30,17:00:00,0.9172,452.0,5.0,0.0111,295.81,D
April,30,17:30:00,0.7297,426.0,8.0,0.0188,319.97,D
April,30,18:00:00,0.9392,379.0,1.0,0.0026,301.41,D
April,30,18:30:00,0.9904,314.0,3.0,0.0096,324.84,D
April,30,19:00:00,0.6397,285.0,13.0,0.0456,312.22,D
April,30,19:30:00,0.6488,304.0,5.0,0.0164,323.21,D
April,30,20:00:00,1.0,253.0,1.0,0.004,289.97,D
April,30,20:30:00,1.0,206.0,1.0,0.0049,292.86,D
April,30,21:00:00,1.0,147.0,0.0,0.0,300.74,D
April,30,21:30:00,0.9932,147.0,0.0,0.0,283.48,D
April,30,22:00:00,1.0,115.0,0.0,0.0,352.33,D
April,30,22:30:00,1.0,91.0,1.0,0.011,268.82,D
April,30,23:00:00,1.0,93.0,0.0,0.0,294.57,D
April,30,23:30:00,1.0,42.0,0.0,0.0,231.69,D
May,1,00:00:00,1.0,29.0,0.0,0.0,371.28,D
May,1,00:30:00,1.0,33.0,0.0,0.0,320.24,D
May,1,01:00:00,1.0,20.0,0.0,0.0,319.2,D
May,1,01:30:00,1.0,20.0,0.0,0.0,325.5,D
May,1,02:00:00,0.9,10.0,0.0,0.0,358.5,D
May,1,02:30:00,0.7273,11.0,0.0,0.0,520.55,D
May,1,03:00:00,1.0,1.0,0.0,0.0,177.0,D
May,1,03:30:00,1.0,0.0,0.0,0.0,177.0,D
May,1,04:00:00,1.0,0.0,0.0,0.0,177.0,D
May,1,04:30:00,1.0,2.0,0.0,0.0,176.5,D
May,1,05:00:00,1.0,2.0,0.0,0.0,294.0,D
May,1,05:30:00,1.0,1.0,0.0,0.0,596.0,D
May,1,06:00:00,0.875,17.0,1.0,0.0588,224.31,D
May,1,06:30:00,0.9231,26.0,0.0,0.0,229.85,D
May,1,07:00:00,0.9714,35.0,0.0,0.0,248.11,D
May,1,07:30:00,0.9737,77.0,1.0,0.013,237.62,D
May,1,08:00:00,0.9864,77.0,1.0,0.0,257.54,D
May,1,08:30:00,0.9901,77.0,1.0,0.0049,310.13,D
May,1,09:00:00,0.9176,77.0,1.0,0.0111,298.92,D
May,1,09:30:00,0.9006,77.0,1.0,0.0029,303.34,D
May,1,10:00:00,0.7851,77.0,1.0,0.0308,307.64,D
May,1,10:30:00,0.7748,77.0,1.0,0.0265,306.49,D
May,1,11:00:00,0.8701,77.0,1.0,0.0086,316.15,D
May,1,11:30:00,0.9349,77.0,1.0,0.0098,324.7,D
May,1,12:00:00,0.5904,77.0,1.0,0.0714,345.95,D
May,1,12:30:00,0.7174,77.0,1.0,0.009,344.42,D
May,1,13:00:00,0.9961,77.0,1.0,0.002,318.81,D
May,1,13:30:00,0.9886,77.0,1.0,0.0019,285.65,D
May,1,14:00:00,0.998,510.0,2.0,0.0039,315.72,D
May,1,14:30:00,0.7948,544.0,8.0,0.0147,322.6,D
May,1,15:00:00,0.9599,526.0,2.0,0.0038,350.38,D
May,1,15:30:00,0.9898,490.0,2.0,0.0041,324.8,D
May,1,16:00:00,0.9963,543.0,1.0,0.0018,311.51,D
May,1,16:30:00,0.9981,537.0,0.0,0.0,328.27,D
May,1,17:00:00,0.9622,479.0,3.0,0.0063,314.71,D
May,1,17:30:00,1.0,418.0,2.0,0.0048,303.41,D
May,1,18:00:00,0.9616,391.0,0.0,0.0,324.96,D
May,1,18:30:00,0.9252,362.0,1.0,0.0028,347.81,D
May,1,19:00:00,0.8542,347.0,4.0,0.0115,319.87,D
May,1,19:30:00,0.6655,294.0,13.0,0.0442,327.83,D
May,1,20:00:00,0.6429,263.0,11.0,0.0418,307.49,D
May,1,20:30:00,0.8319,239.0,1.0,0.0042,383.89,D
May,1,21:00:00,0.7725,200.0,11.0,0.055,324.17,D
May,1,21:30:00,0.9671,152.0,0.0,0.0,326.99,D
May,1,22:00:00,0.9767,132.0,3.0,0.0227,351.34,D
May,1,22:30:00,1.0,107.0,0.0,0.0,358.6,D
May,1,23:00:00,1.0,91.0,1.0,0.011,325.29,D
May,1,23:30:00,1.0,65.0,0.0,0.0,313.95,D
May,2,00:00:00,1.0,39.0,0.0,0.0,349.0,D
May,2,00:30:00,1.0,34.0,0.0,0.0,304.76,D
May,2,01:00:00,1.0,27.0,0.0,0.0,380.81,D
May,2,01:30:00,0.9412,18.0,1.0,0.0556,401.76,D
May,2,02:00:00,0.6429,15.0,1.0,0.0667,336.21,D
May,2,02:30:00,1.0,13.0,0.0,0.0,358.54,D
May,2,03:00:00,1.0,1.0,0.0,0.0,375.0,D
May,2,03:30:00,1.0,1.0,0.0,0.0,41.0,D
May,2,04:00:00,1.0,0.0,0.0,0.0,41.0,D
May,2,04:30:00,1.0,0.0,0.0,0.0,41.0,D
May,2,05:00:00,1.0,0.0,0.0,0.0,41.0,D
May,2,05:30:00,1.0,1.0,0.0,0.0,186.0,D
May,2,06:00:00,0.9286,15.0,1.0,0.0667,264.71,D
May,2,06:30:00,0.8438,36.0,4.0,0.1111,263.84,D
May,2,07:00:00,0.9608,51.0,0.0,0.0,293.06,D
May,2,07:30:00,0.9783,93.0,1.0,0.0108,275.58,D
May,2,08:00:00,0.9933,150.0,1.0,0.0067,284.19,D
May,2,08:30:00,0.9908,219.0,1.0,0.0046,276.5,D
May,2,09:00:00,0.9802,305.0,2.0,0.0066,274.37,D
May,2,09:30:00,0.8232,370.0,8.0,0.0216,288.75,D
May,2,10:00:00,0.5589,448.0,15.0,0.0335,301.19,D
May,2,10:30:00,0.5877,474.0,18.0,0.038,316.93,D
May,2,11:00:00,0.3387,495.0,61.0,0.1232,339.01,D
May,2,11:30:00,0.6318,540.0,24.0,0.0444,311.92,D
May,2,12:00:00,0.7318,532.0,10.0,0.0188,305.75,D
May,2,12:30:00,0.7782,556.0,6.0,0.0108,326.4,D
May,2,13:00:00,0.957,490.0,2.0,0.0041,329.39,D
May,2,13:30:00,0.6435,556.0,23.0,0.0414,305.74,D
May,2,14:00:00,0.9745,552.0,3.0,0.0054,329.9,D
May,2,14:30:00,0.8828,539.0,10.0,0.0186,306.14,D
May,2,15:00:00,0.7972,573.0,11.0,0.0192,328.2,D
May,2,15:30:00,0.7086,537.0,12.0,0.0223,314.38,D
May,2,16:00:00,0.9696,528.0,1.0,0.0019,322.59,D
May,2,16:30:00,0.7296,512.0,9.0,0.0176,336.44,D
May,2,17:00:00,0.9677,465.0,0.0,0.0,314.39,D
May,2,17:30:00,0.9356,453.0,3.0,0.0066,327.0,D
May,2,18:00:00,0.8862,418.0,5.0,0.012,299.87,D
May,2,18:30:00,0.4721,371.0,13.0,0.035,317.22,D
May,2,19:00:00,0.7197,355.0,9.0,0.0254,299.79,D
May,2,19:30:00,0.6389,298.0,10.0,0.0336,314.07,D
May,2,20:00:00,0.852,253.0,3.0,0.0119,343.72,D
May,2,20:30:00,0.7563,246.0,8.0,0.0325,269.21,D
May,2,21:00:00,0.6714,158.0,18.0,0.1139,392.98,D
May,2,21:30:00,0.5306,158.0,11.0,0.0696,343.48,D
May,2,22:00:00,0.9756,123.0,0.0,0.0,314.8,D
May,2,22:30:00,1.0,106.0,0.0,0.0,369.99,D
May,2,23:00:00,1.0,87.0,0.0,0.0,298.3,D
May,2,23:30:00,1.0,63.0,0.0,0.0,364.59,D
May,3,00:00:00,0.9615,53.0,1.0,0.0189,282.21,D
May,3,00:30:00,1.0,32.0,0.0,0.0,321.06,D
May,3,01:00:00,1.0,26.0,0.0,0.0,411.46,D
May,3,01:30:00,1.0,11.0,0.0,0.0,324.73,D
May,3,02:00:00,1.0,15.0,0.0,0.0,210.27,D
May,3,02:30:00,1.0,2.0,0.0,0.0,628.0,D
May,3,03:00:00,1.0,4.0,0.0,0.0,383.75,D
May,3,03:30:00,1.0,1.0,0.0,0.0,203.0,D
May,3,04:00:00,1.0,0.0,0.0,0.0,203.0,D
May,3,04:30:00,1.0,0.0,0.0,0.0,203.0,D
May,3,05:00:00,1.0,0.0,0.0,0.0,203.0,D
May,3,05:30:00,1.0,1.0,0.0,0.0,901.0,D
May,3,06:00:00,1.0,4.0,0.0,0.0,162.5,D
May,3,06:30:00,0.7273,11.0,0.0,0.0,481.82,D
May,3,07:00:00,0.9615,27.0,1.0,0.037,317.27,D
May,3,07:30:00,0.9231,40.0,1.0,0.025,291.28,D
May,3,08:00:00,0.9684,96.0,1.0,0.0104,292.78,D
May,3,08:30:00,0.9924,132.0,0.0,0.0,272.35,D
May,3,09:00:00,0.9728,185.0,1.0,0.0054,294.97,D
May,3,09:30:00,0.7384,240.0,3.0,0.0125,271.14,D
May,3,10:00:00,0.7844,272.0,3.0,0.011,305.78,D
May,3,10:30:00,0.6282,287.0,10.0,0.0348,284.6,D
May,3,11:00:00,0.5203,360.0,16.0,0.0444,293.26,D
May,3,11:30:00,0.9118,367.0,4.0,0.0109,308.99,D
May,3,12:00:00,0.9865,370.0,0.0,0.0,308.95,D
May,3,12:30:00,0.9475,381.0,0.0,0.0,307.87,D
May,3,13:00:00,0.9687,353.0,2.0,0.0057,315.52,D
May,3,13:30:00,0.6307,394.0,23.0,0.0584,298.62,D
May,3,14:00:00,0.6592,364.0,9.0,0.0247,340.88,D
May,3,14:30:00,0.7209,357.0,13.0,0.0364,309.91,D
May,3,15:00:00,0.844,365.0,6.0,0.0164,285.2,D
May,3,15:30:00,0.9701,335.0,1.0,0.003,305.45,D
May,3,16:00:00,0.8977,345.0,3.0,0.0087,307.57,D
May,3,16:30:00,0.9941,340.0,2.0,0.0059,314.97,D
May,3,17:00:00,0.9571,304.0,1.0,0.0033,304.89,D
May,3,17:30:00,0.9393,315.0,2.0,0.0063,322.83,D
May,3,18:00:00,0.9847,262.0,1.0,0.0038,298.87,D
May,3,18:30:00,0.9955,224.0,0.0,0.0,309.83,D
May,3,19:00:00,1.0,209.0,1.0,0.0048,269.31,D
May,3,19:30:00,0.9946,184.0,0.0,0.0,303.11,D
May,3,20:00:00,0.9875,160.0,0.0,0.0,327.89,D
May,3,20:30:00,0.949,160.0,3.0,0.0188,298.71,D
May,3,21:00:00,0.9626,109.0,2.0,0.0183,289.52,D
May,3,21:30:00,0.8257,110.0,1.0,0.0091,342.18,D
May,3,22:00:00,0.9802,103.0,2.0,0.0194,279.79,D
May,3,22:30:00,0.9878,82.0,0.0,0.0,299.51,D
May,3,23:00:00,1.0,75.0,0.0,0.0,301.85,D
May,3,23:30:00,1.0,62.0,0.0,0.0,280.44,D
May,4,00:00:00,1.0,33.0,0.0,0.0,205.12,D
May,4,00:30:00,1.0,23.0,0.0,0.0,196.78,D
May,4,01:00:00,1.0,22.0,0.0,0.0,329.5,D
May,4,01:30:00,1.0,12.0,0.0,0.0,278.83,D
May,4,02:00:00,0.8,15.0,0.0,0.0,330.27,D
May,4,02:30:00,1.0,9.0,0.0,0.0,520.0,D
May,4,03:00:00,1.0,0.0,0.0,0.0,520.0,D
May,4,03:30:00,1.0,2.0,0.0,0.0,164.5,D
May,4,04:00:00,1.0,0.0,0.0,0.0,164.5,D
May,4,04:30:00,1.0,0.0,0.0,0.0,164.5,D
May,4,05:00:00,1.0,0.0,0.0,0.0,164.5,D
May,4,05:30:00,1.0,1.0,0.0,0.0,938.0,D
May,4,06:00:00,0.6667,3.0,0.0,0.0,563.33,D
May,4,06:30:00,1.0,9.0,0.0,0.0,264.0,D
May,4,07:00:00,1.0,10.0,0.0,0.0,448.8,D
May,4,07:30:00,1.0,26.0,0.0,0.0,213.81,D
May,4,08:00:00,0.98,50.0,0.0,0.0,342.16,D
May,4,08:30:00,1.0,68.0,0.0,0.0,278.44,D
May,4,09:00:00,1.0,108.0,1.0,0.0093,303.43,D
May,4,09:30:00,1.0,110.0,0.0,0.0,275.33,D
May,4,10:00:00,0.9392,151.0,3.0,0.0199,283.15,D
May,4,10:30:00,0.5422,181.0,15.0,0.0829,317.52,D
May,4,11:00:00,0.8333,194.0,2.0,0.0103,317.27,D
May,4,11:30:00,0.9087,232.0,2.0,0.0086,318.67,D
May,4,12:00:00,0.8296,228.0,5.0,0.0219,301.93,D
May,4,12:30:00,0.8611,217.0,1.0,0.0046,305.31,D
May,4,13:00:00,0.8991,223.0,5.0,0.0224,306.48,D
May,4,13:30:00,0.878,259.0,5.0,0.0193,292.55,D
May,4,14:00:00,0.8866,240.0,2.0,0.0083,302.8,D
May,4,14:30:00,0.8354,248.0,5.0,0.0202,295.66,D
May,4,15:00:00,0.874,264.0,2.0,0.0076,319.21,D
May,4,15:30:00,0.9035,231.0,3.0,0.013,297.49,D
May,4,16:00:00,0.9056,233.0,0.0,0.0,306.24,D
May,4,16:30:00,0.9157,257.0,8.0,0.0311,293.59,D
May,4,17:00:00,0.7302,217.0,2.0,0.0092,329.29,D
May,4,17:30:00,0.969,226.0,0.0,0.0,311.87,D
May,4,18:00:00,0.9948,192.0,1.0,0.0052,295.08,D
May,4,18:30:00,1.0,174.0,0.0,0.0,311.16,D
May,4,19:00:00,1.0,156.0,0.0,0.0,293.84,D
May,4,19:30:00,1.0,162.0,2.0,0.0123,322.28,D
May,4,20:00:00,0.927,140.0,3.0,0.0214,304.61,D
May,4,20:30:00,1.0,110.0,0.0,0.0,292.33,D
May,4,21:00:00,0.97,103.0,3.0,0.0291,281.7,D
May,4,21:30:00,0.8081,100.0,1.0,0.01,312.28,D
May,4,22:00:00,0.9221,79.0,2.0,0.0253,341.48,D
May,4,22:30:00,0.9859,72.0,1.0,0.0139,265.37,D
May,4,23:00:00,0.9844,64.0,0.0,0.0,376.48,D
May,4,23:30:00,0.9841,63.0,0.0,0.0,343.75,D
May,5,00:00:00,1.0,33.0,1.0,0.0303,356.31,D
May,5,00:30:00,1.0,25.0,0.0,0.0,406.52,D
May,5,01:00:00,1.0,16.0,0.0,0.0,246.81,D
May,5,01:30:00,1.0,14.0,0.0,0.0,276.07,D
May,5,02:00:00,1.0,7.0,1.0,0.1429,578.33,D
May,5,02:30:00,1.0,5.0,0.0,0.0,190.0,D
May,5,03:00:00,1.0,8.0,0.0,0.0,172.0,D
May,5,03:30:00,1.0,4.0,0.0,0.0,179.75,D
May,5,04:00:00,0.6667,6.0,0.0,0.0,418.83,D
May,5,04:30:00,0.25,5.0,1.0,0.2,220.75,D
May,5,05:00:00,0.6667,6.0,0.0,0.0,228.17,D
May,5,05:30:00,0.6667,3.0,0.0,0.0,366.0,D
May,5,06:00:00,0.8824,17.0,0.0,0.0,244.06,D
May,5,06:30:00,0.9375,16.0,0.0,0.0,270.94,D
May,5,07:00:00,0.9412,34.0,0.0,0.0,280.97,D
May,5,07:30:00,0.9508,61.0,0.0,0.0,261.46,D
May,5,08:00:00,0.9923,130.0,0.0,0.0,296.18,D
May,5,08:30:00,0.8622,205.0,9.0,0.0439,312.75,D
May,5,09:00:00,0.8416,326.0,4.0,0.0123,282.66,D
May,5,09:30:00,0.5925,391.0,18.0,0.046,309.41,D
May,5,10:00:00,0.9821,448.0,0.0,0.0,317.21,D
May,5,10:30:00,0.7978,469.0,19.0,0.0405,341.14,D
May,5,11:00:00,0.391,472.0,50.0,0.1059,336.47,D
May,5,11:30:00,0.8165,590.0,7.0,0.0119,317.36,D
May,5,12:00:00,0.7391,615.0,17.0,0.0276,326.24,D
May,5,12:30:00,0.7291,597.0,10.0,0.0168,318.3,D
May,5,13:00:00,0.8342,577.0,4.0,0.0069,303.04,D
May,5,13:30:00,0.9468,566.0,2.0,0.0035,324.88,D
May,5,14:00:00,0.9966,587.0,1.0,0.0017,335.94,D
May,5,14:30:00,0.987,545.0,6.0,0.011,340.33,D
May,5,15:00:00,0.9504,593.0,8.0,0.0135,338.82,D
May,5,15:30:00,0.7749,583.0,10.0,0.0172,339.7,D
May,5,16:00:00,0.9719,571.0,2.0,0.0035,347.52,D
May,5,16:30:00,0.9054,583.0,12.0,0.0206,337.24,D
May,5,17:00:00,0.9842,571.0,1.0,0.0018,341.8,D
May,5,17:30:00,0.9796,490.0,1.0,0.002,344.65,D
May,5,18:00:00,0.9725,439.0,3.0,0.0068,327.47,D
May,5,18:30:00,0.9857,421.0,2.0,0.0048,354.37,D
May,5,19:00:00,0.9072,392.0,4.0,0.0102,328.22,D
May,5,19:30:00,0.8023,357.0,8.0,0.0224,365.37,D
May,5,20:00:00,0.9075,284.0,3.0,0.0106,315.6,D
May,5,20:30:00,0.9952,211.0,2.0,0.0095,332.73,D
May,5,21:00:00,0.9109,203.0,1.0,0.0049,351.2,D
May,5,21:30:00,0.9282,182.0,1.0,0.0055,343.87,D
May,5,22:00:00,0.9774,135.0,2.0,0.0148,309.06,D
May,5,22:30:00,0.9365,126.0,0.0,0.0,312.51,D
May,5,23:00:00,1.0,98.0,0.0,0.0,388.45,D
May,5,23:30:00,1.0,67.0,0.0,0.0,334.52,D
May,6,00:00:00,1.0,54.0,0.0,0.0,340.57,D
May,6,00:30:00,1.0,39.0,0.0,0.0,332.0,D
May,6,01:00:00,1.0,25.0,0.0,0.0,423.84,D
May,6,01:30:00,1.0,22.0,0.0,0.0,289.05,D
May,6,02:00:00,1.0,11.0,1.0,0.0909,528.7,D
May,6,02:30:00,0.9167,12.0,0.0,0.0,138.83,D
May,6,03:00:00,0.9167,0.0,0.0,0.0,138.83,D
May,6,03:30:00,0.9167,0.0,0.0,0.0,138.83,D
May,6,04:00:00,1.0,1.0,0.0,0.0,164.0,D
May,6,04:30:00,1.0,0.0,0.0,0.0,164.0,D
May,6,05:00:00,1.0,1.0,0.0,0.0,286.0,D
May,6,05:30:00,1.0,0.0,0.0,0.0,286.0,D
May,6,06:00:00,1.0,6.0,0.0,0.0,287.83,D
May,6,06:30:00,1.0,18.0,3.0,0.1667,228.4,D
May,6,07:00:00,1.0,22.0,0.0,0.0,356.05,D
May,6,07:30:00,1.0,59.0,0.0,0.0,292.93,D
May,6,08:00:00,1.0,130.0,0.0,0.0,301.08,D
May,6,08:30:00,0.9939,164.0,0.0,0.0,320.18,D
May,6,09:00:00,1.0,250.0,0.0,0.0,302.11,D
May,6,09:30:00,0.9759,332.0,0.0,0.0,283.46,D
May,6,10:00:00,0.9948,385.0,0.0,0.0,293.21,D
May,6,10:30:00,0.8513,421.0,4.0,0.0095,311.42,D
May,6,11:00:00,0.8887,470.0,3.0,0.0064,326.24,D
May,6,11:30:00,0.9114,509.0,1.0,0.002,324.46,D
May,6,12:00:00,0.994,509.0,5.0,0.0098,307.5,D
May,6,12:30:00,0.9881,507.0,2.0,0.0039,321.27,D
May,6,13:00:00,1.0,499.0,0.0,0.0,300.22,D
May,6,13:30:00,0.9813,538.0,2.0,0.0037,325.75,D
May,6,14:00:00,1.0,518.0,2.0,0.0039,322.97,D
May,6,14:30:00,0.998,500.0,2.0,0.004,306.45,D
May,6,15:00:00,0.9883,516.0,1.0,0.0019,326.96,D
May,6,15:30:00,0.9676,557.0,2.0,0.0036,324.67,D
May,6,16:00:00,0.9947,563.0,2.0,0.0036,320.01,D
May,6,16:30:00,0.9658,558.0,2.0,0.0036,331.21,D
May,6,17:00:00,0.9898,490.0,2.0,0.0041,304.37,D
May,6,17:30:00,0.9899,497.0,1.0,0.002,301.65,D
May,6,18:00:00,0.8958,456.0,5.0,0.011,337.0,D
May,6,18:30:00,0.9347,357.0,5.0,0.014,389.11,D
May,6,19:00:00,0.9878,329.0,0.0,0.0,332.07,D
May,6,19:30:00,0.8738,328.0,3.0,0.0091,338.52,D
May,6,20:00:00,0.952,274.0,3.0,0.0109,332.82,D
May,6,20:30:00,0.9956,228.0,0.0,0.0,317.16,D
May,6,21:00:00,0.9946,186.0,0.0,0.0,287.19,D
May,6,21:30:00,1.0,155.0,0.0,0.0,352.06,D
May,6,22:00:00,1.0,136.0,0.0,0.0,362.95,D
May,6,22:30:00,1.0,109.0,2.0,0.0183,331.89,D
May,6,23:00:00,1.0,75.0,0.0,0.0,362.76,D
May,6,23:30:00,1.0,73.0,0.0,0.0,287.08,D
May,7,00:00:00,1.0,41.0,0.0,0.0,292.29,D
May,7,00:30:00,1.0,32.0,0.0,0.0,450.69,D
May,7,01:00:00,1.0,18.0,1.0,0.0556,321.41,D
May,7,01:30:00,1.0,16.0,0.0,0.0,282.75,D
May,7,02:00:00,1.0,10.0,0.0,0.0,334.1,D
May,7,02:30:00,1.0,7.0,0.0,0.0,325.29,D
May,7,03:00:00,1.0,1.0,0.0,0.0,201.0,D
May,7,03:30:00,1.0,0.0,0.0,0.0,201.0,D
May,7,04:00:00,1.0,0.0,0.0,0.0,201.0,D
May,7,04:30:00,1.0,0.0,0.0,0.0,201.0,D
May,7,05:00:00,1.0,0.0,0.0,0.0,201.0,D
May,7,05:30:00,1.0,1.0,0.0,0.0,626.0,D
May,7,06:00:00,1.0,12.0,0.0,0.0,357.5,D
May,7,06:30:00,0.9615,29.0,3.0,0.1034,280.69,D
May,7,07:00:00,1.0,58.0,0.0,0.0,274.72,D
May,7,07:30:00,1.0,68.0,0.0,0.0,236.46,D
May,7,08:00:00,0.9907,108.0,0.0,0.0,265.15,D
May,7,08:30:00,0.9316,190.0,0.0,0.0,285.56,D
May,7,09:00:00,0.9639,277.0,0.0,0.0,277.87,D
May,7,09:30:00,0.9867,301.0,0.0,0.0,304.45,D
May,7,10:00:00,1.0,340.0,0.0,0.0,309.36,D
May,7,10:30:00,0.9615,417.0,1.0,0.0024,292.9,D
May,7,11:00:00,0.9887,441.0,0.0,0.0,321.25,D
May,7,11:30:00,0.9956,451.0,1.0,0.0022,306.69,D
May,7,12:00:00,0.9918,493.0,3.0,0.0061,313.04,D
May,7,12:30:00,0.9918,493.0,3.0,0.0061,313.04,D
May,7,13:00:00,0.9918,493.0,3.0,0.0061,313.04,D
May,7,13:30:00,0.9918,493.0,3.0,0.0061,313.04,D
May,7,14:00:00,0.9918,493.0,3.0,0.0061,313.04,D
May,7,14:30:00,0.9918,493.0,3.0,0.0061,313.04,D
May,7,15:00:00,0.998,493.0,0.0,0.0,325.43,D
May,7,15:30:00,1.0,511.0,1.0,0.002,329.78,D
May,7,16:00:00,1.0,483.0,2.0,0.0041,333.81,D
May,7,16:30:00,1.0,513.0,0.0,0.0,311.55,D
May,7,17:00:00,1.0,494.0,0.0,0.0,319.3,D
May,7,17:30:00,0.9977,427.0,0.0,0.0,322.0,D
May,7,18:00:00,1.0,369.0,2.0,0.0054,303.13,D
May,7,18:30:00,0.9973,370.0,2.0,0.0054,357.66,D
May,7,19:00:00,0.9968,310.0,2.0,0.0065,318.81,D
May,7,19:30:00,0.9845,258.0,0.0,0.0,307.74,D
May,7,20:00:00,0.9834,241.0,0.0,0.0,318.38,D
May,7,20:30:00,0.954,241.0,2.0,0.0083,309.97,D
May,7,21:00:00,0.9891,185.0,2.0,0.0108,309.81,D
May,7,21:30:00,1.0,146.0,0.0,0.0,320.04,D
May,7,22:00:00,1.0,121.0,1.0,0.0083,348.48,D
May,7,22:30:00,1.0,89.0,3.0,0.0337,320.97,D
May,7,23:00:00,1.0,64.0,0.0,0.0,347.38,D
May,7,23:30:00,1.0,69.0,0.0,0.0,281.58,D
May,8,00:00:00,1.0,29.0,0.0,0.0,327.21,D
May,8,00:30:00,1.0,86.0,1.0,0.0116,193.79,D
May,8,01:00:00,1.0,71.0,2.0,0.0282,190.45,D
May,8,01:30:00,0.9844,69.0,5.0,0.0725,205.64,D
May,8,02:00:00,0.5366,60.0,19.0,0.3167,290.05,D
May,8,02:30:00,0.9643,28.0,0.0,0.0,147.39,D
May,8,03:00:00,1.0,3.0,0.0,0.0,485.67,D
May,8,03:30:00,1.0,1.0,0.0,0.0,510.0,D
May,8,04:00:00,1.0,0.0,0.0,0.0,510.0,D
May,8,04:30:00,1.0,0.0,0.0,0.0,510.0,D
May,8,05:00:00,1.0,0.0,0.0,0.0,510.0,D
May,8,05:30:00,1.0,0.0,0.0,0.0,510.0,D
May,8,06:00:00,1.0,13.0,0.0,0.0,161.46,D
May,8,06:30:00,0.95,20.0,0.0,0.0,263.55,D
May,8,07:00:00,0.9737,39.0,1.0,0.0256,277.5,D
May,8,07:30:00,0.9825,59.0,2.0,0.0339,271.23,D
May,8,08:00:00,0.9773,132.0,0.0,0.0,251.62,D
May,8,08:30:00,0.8177,196.0,4.0,0.0204,327.27,D
May,8,09:00:00,0.9883,257.0,1.0,0.0039,322.86,D
May,8,09:30:00,0.9899,299.0,1.0,0.0033,300.4,D
May,8,10:00:00,1.0,381.0,1.0,0.0026,300.87,D
May,8,10:30:00,0.828,378.0,6.0,0.0159,329.26,D
May,8,11:00:00,0.9336,426.0,4.0,0.0094,294.18,D
May,8,11:30:00,0.9679,439.0,3.0,0.0068,315.09,D
May,8,12:00:00,1.0,437.0,0.0,0.0,298.22,D
May,8,12:30:00,0.9928,418.0,1.0,0.0024,295.46,D
May,8,13:00:00,0.9325,401.0,1.0,0.0025,322.93,D
May,8,13:30:00,1.0,402.0,2.0,0.005,312.4,D
May,8,14:00:00,0.9826,463.0,2.0,0.0043,316.74,D
May,8,14:30:00,1.0,427.0,0.0,0.0,314.2,D
May,8,15:00:00,0.9936,468.0,1.0,0.0021,336.66,D
May,8,15:30:00,1.0,403.0,2.0,0.005,324.78,D
May,8,16:00:00,1.0,492.0,1.0,0.002,331.9,D
May,8,16:30:00,0.9978,457.0,0.0,0.0,305.62,D
May,8,17:00:00,0.9957,469.0,2.0,0.0043,319.73,D
May,8,17:30:00,0.9975,395.0,1.0,0.0025,308.1,D
May,8,18:00:00,0.987,389.0,4.0,0.0103,306.44,D
May,8,18:30:00,1.0,335.0,1.0,0.003,309.07,D
May,8,19:00:00,1.0,269.0,0.0,0.0,328.01,D
May,8,19:30:00,0.9121,242.0,3.0,0.0124,308.0,D
May,8,20:00:00,0.8286,247.0,2.0,0.0081,311.76,D
May,8,20:30:00,0.9762,211.0,1.0,0.0047,287.18,D
May,8,21:00:00,0.871,158.0,3.0,0.019,317.95,D
May,8,21:30:00,0.9664,149.0,0.0,0.0,298.02,D
May,8,22:00:00,0.8203,128.0,0.0,0.0,377.98,D
May,8,22:30:00,1.0,95.0,0.0,0.0,286.41,D
May,8,23:00:00,1.0,75.0,0.0,0.0,279.24,D
May,8,23:30:00,1.0,67.0,0.0,0.0,422.58,D
May,9,00:00:00,1.0,46.0,0.0,0.0,322.22,D
May,9,00:30:00,1.0,31.0,0.0,0.0,279.77,D
May,9,01:00:00,1.0,25.0,0.0,0.0,348.16,D
May,9,01:30:00,1.0,13.0,0.0,0.0,472.31,D
May,9,02:00:00,0.7857,17.0,3.0,0.1765,331.14,D
May,9,02:30:00,0.7778,9.0,0.0,0.0,442.22,D
May,9,03:00:00,1.0,2.0,0.0,0.0,714.5,D
May,9,03:30:00,1.0,2.0,0.0,0.0,390.5,D
May,9,04:00:00,1.0,1.0,0.0,0.0,441.0,D
May,9,04:30:00,1.0,4.0,0.0,0.0,246.0,D
May,9,05:00:00,1.0,0.0,0.0,0.0,246.0,D
May,9,05:30:00,1.0,2.0,0.0,0.0,338.0,D
May,9,06:00:00,0.9091,11.0,0.0,0.0,241.18,D
May,9,06:30:00,0.8095,22.0,1.0,0.0455,217.52,D
May,9,07:00:00,0.9118,35.0,1.0,0.0286,267.65,D
May,9,07:30:00,0.8923,67.0,2.0,0.0299,245.55,D
May,9,08:00:00,0.9846,131.0,1.0,0.0076,247.32,D
May,9,08:30:00,0.9207,168.0,4.0,0.0238,328.36,D
May,9,09:00:00,0.9048,253.0,1.0,0.004,319.62,D
May,9,09:30:00,0.991,333.0,1.0,0.003,295.56,D
May,9,10:00:00,0.9966,297.0,1.0,0.0034,338.26,D
May,9,10:30:00,0.9899,397.0,2.0,0.005,301.31,D
May,9,11:00:00,0.8611,400.0,4.0,0.01,295.82,D
May,9,11:30:00,0.7692,444.0,15.0,0.0338,329.64,D
May,9,12:00:00,0.645,445.0,14.0,0.0315,330.16,D
May,9,12:30:00,0.8311,441.0,3.0,0.0068,324.77,D
May,9,13:00:00,0.8763,474.0,5.0,0.0105,331.03,D
May,9,13:30:00,0.9268,493.0,1.0,0.002,338.7,D
May,9,14:00:00,0.9888,538.0,1.0,0.0019,313.24,D
May,9,14:30:00,0.9939,488.0,0.0,0.0,313.71,D
May,9,15:00:00,0.988,501.0,0.0,0.0,332.74,D
May,9,15:30:00,1.0,458.0,0.0,0.0,310.99,D
May,9,16:00:00,0.9615,470.0,3.0,0.0064,333.57,D
May,9,16:30:00,0.9934,458.0,1.0,0.0022,333.91,D
May,9,17:00:00,0.8394,472.0,5.0,0.0106,333.23,D
May,9,17:30:00,0.9974,390.0,1.0,0.0026,316.17,D
May,9,18:00:00,1.0,356.0,0.0,0.0,309.99,D
May,9,18:30:00,0.9969,326.0,1.0,0.0031,306.44,D
May,9,19:00:00,1.0,291.0,0.0,0.0,319.67,D
May,9,19:30:00,0.834,272.0,7.0,0.0257,308.2,D
May,9,20:00:00,0.933,227.0,3.0,0.0132,319.14,D
May,9,20:30:00,0.9741,194.0,1.0,0.0052,295.65,D
May,9,21:00:00,0.7602,174.0,3.0,0.0172,297.53,D
May,9,21:30:00,0.9923,131.0,1.0,0.0076,348.73,D
May,9,22:00:00,0.8018,114.0,3.0,0.0263,332.97,D
May,9,22:30:00,0.9677,93.0,0.0,0.0,269.41,D
May,9,23:00:00,1.0,65.0,0.0,0.0,290.82,D
May,9,23:30:00,1.0,52.0,0.0,0.0,323.38,D
May,10,00:00:00,1.0,41.0,0.0,0.0,289.27,D
May,10,00:30:00,1.0,20.0,0.0,0.0,295.2,D
May,10,01:00:00,1.0,20.0,0.0,0.0,358.4,D
May,10,01:30:00,1.0,17.0,0.0,0.0,460.06,D
May,10,02:00:00,1.0,11.0,0.0,0.0,348.18,D
May,10,02:30:00,1.0,10.0,0.0,0.0,420.2,D
May,10,03:00:00,1.0,3.0,0.0,0.0,207.0,D
May,10,03:30:00,1.0,1.0,0.0,0.0,210.0,D
May,10,04:00:00,1.0,1.0,0.0,0.0,414.0,D
May,10,05:00:00,1.0,2.0,0.0,0.0,253.5,D
May,10,05:30:00,1.0,0.0,0.0,0.0,253.5,D
May,10,06:00:00,1.0,4.0,0.0,0.0,219.0,D
May,10,06:30:00,0.8947,19.0,0.0,0.0,256.95,D
May,10,07:00:00,1.0,29.0,0.0,0.0,212.1,D
May,10,07:30:00,1.0,34.0,1.0,0.0294,334.79,D
May,10,08:00:00,1.0,67.0,0.0,0.0,296.79,D
May,10,08:30:00,1.0,99.0,1.0,0.0101,282.19,D
May,10,09:00:00,1.0,149.0,2.0,0.0134,298.33,D
May,10,09:30:00,0.9296,199.0,0.0,0.0,272.34,D
May,10,10:00:00,0.9864,225.0,4.0,0.0178,280.75,D
May,10,10:30:00,0.9838,247.0,0.0,0.0,285.65,D
May,10,11:00:00,0.9964,281.0,0.0,0.0,298.6,D
May,10,11:30:00,0.9837,306.0,0.0,0.0,316.09,D
May,10,12:00:00,0.9969,321.0,0.0,0.0,293.07,D
May,10,12:30:00,0.9846,330.0,6.0,0.0182,291.73,D
May,10,13:00:00,0.9962,266.0,1.0,0.0038,297.77,D
May,10,13:30:00,0.9963,272.0,0.0,0.0,330.83,D
May,10,14:00:00,0.9962,261.0,0.0,0.0,294.87,D
May,10,14:30:00,0.9965,283.0,1.0,0.0035,346.86,D
May,10,15:00:00,1.0,286.0,1.0,0.0035,295.89,D
May,10,15:30:00,1.0,271.0,1.0,0.0037,284.78,D
May,10,16:00:00,1.0,258.0,3.0,0.0116,309.14,D
May,10,16:30:00,0.9924,263.0,0.0,0.0,293.07,D
May,10,17:00:00,0.9957,237.0,2.0,0.0084,328.09,D
May,10,17:30:00,1.0,199.0,0.0,0.0,277.94,D
May,10,18:00:00,1.0,222.0,1.0,0.0045,306.82,D
May,10,18:30:00,1.0,163.0,0.0,0.0,292.27,D
May,10,19:00:00,1.0,141.0,0.0,0.0,307.09,D
May,10,19:30:00,1.0,143.0,1.0,0.007,299.29,D
May,10,20:00:00,0.9403,134.0,0.0,0.0,283.48,D
May,10,20:30:00,1.0,111.0,0.0,0.0,268.51,D
May,10,21:00:00,0.8,93.0,3.0,0.0323,346.6,D
May,10,21:30:00,0.9634,82.0,0.0,0.0,303.79,D
May,10,22:00:00,0.9605,77.0,1.0,0.013,314.54,D
May,10,22:30:00,1.0,69.0,0.0,0.0,251.42,D
May,10,23:00:00,1.0,58.0,0.0,0.0,269.48,D
May,10,23:30:00,1.0,40.0,2.0,0.05,244.05,D
May,11,00:00:00,1.0,28.0,0.0,0.0,335.5,D
May,11,00:30:00,1.0,22.0,0.0,0.0,217.73,D
May,11,01:00:00,1.0,19.0,1.0,0.0526,286.56,D
May,11,01:30:00,1.0,10.0,0.0,0.0,518.4,D
May,11,02:00:00,1.0,7.0,0.0,0.0,359.71,D
May,11,02:30:00,1.0,10.0,0.0,0.0,230.7,D
May,11,03:00:00,1.0,1.0,0.0,0.0,201.0,D
May,11,03:30:00,1.0,0.0,0.0,0.0,201.0,D
May,11,04:00:00,1.0,0.0,0.0,0.0,201.0,D
May,11,04:30:00,1.0,1.0,0.0,0.0,113.0,D
May,11,05:30:00,1.0,0.0,0.0,0.0,113.0,D
May,11,06:00:00,1.0,6.0,0.0,0.0,117.17,D
May,11,06:30:00,1.0,9.0,0.0,0.0,194.44,D
May,11,07:00:00,1.0,16.0,0.0,0.0,225.06,D
May,11,07:30:00,0.96,25.0,0.0,0.0,190.6,D
May,11,08:00:00,1.0,29.0,0.0,0.0,336.59,D
May,11,08:30:00,1.0,44.0,0.0,0.0,301.32,D
May,11,09:00:00,1.0,64.0,0.0,0.0,312.09,D
May,11,09:30:00,1.0,76.0,0.0,0.0,285.26,D
May,11,10:00:00,1.0,95.0,2.0,0.0211,288.38,D
May,11,10:30:00,0.9892,93.0,0.0,0.0,303.59,D
May,11,11:00:00,1.0,96.0,0.0,0.0,296.52,D
May,11,11:30:00,0.9907,108.0,0.0,0.0,285.32,D
May,11,12:00:00,1.0,126.0,0.0,0.0,291.71,D
May,11,12:30:00,1.0,136.0,0.0,0.0,292.07,D
May,11,13:00:00,1.0,119.0,0.0,0.0,305.21,D
May,11,13:30:00,1.0,144.0,2.0,0.0139,286.03,D
May,11,14:00:00,0.9927,137.0,0.0,0.0,312.29,D
May,11,14:30:00,1.0,144.0,1.0,0.0069,267.48,D
May,11,15:00:00,1.0,116.0,1.0,0.0086,271.31,D
May,11,15:30:00,1.0,167.0,0.0,0.0,279.75,D
May,11,16:00:00,1.0,132.0,0.0,0.0,268.8,D
May,11,16:30:00,1.0,153.0,1.0,0.0065,295.72,D
May,11,17:00:00,1.0,122.0,0.0,0.0,272.43,D
May,11,17:30:00,1.0,119.0,0.0,0.0,267.13,D
May,11,18:00:00,0.9907,107.0,0.0,0.0,268.86,D
May,11,18:30:00,1.0,104.0,1.0,0.0096,282.07,D
May,11,19:00:00,0.9914,116.0,0.0,0.0,289.66,D
May,11,19:30:00,0.9024,126.0,3.0,0.0238,327.66,D
May,11,20:00:00,0.8878,98.0,0.0,0.0,282.46,D
May,11,20:30:00,1.0,86.0,0.0,0.0,300.12,D
May,11,21:00:00,1.0,62.0,0.0,0.0,265.85,D
May,11,21:30:00,1.0,67.0,0.0,0.0,234.21,D
May,11,22:00:00,1.0,65.0,0.0,0.0,264.29,D
May,11,22:30:00,1.0,55.0,1.0,0.0182,247.61,D
May,11,23:00:00,1.0,40.0,0.0,0.0,274.85,D
May,11,23:30:00,1.0,35.0,0.0,0.0,255.09,D
May,12,00:00:00,1.0,29.0,0.0,0.0,235.83,D
May,12,00:30:00,1.0,17.0,0.0,0.0,338.59,D
May,12,01:00:00,1.0,8.0,0.0,0.0,256.25,D
May,12,01:30:00,1.0,7.0,0.0,0.0,233.0,D
May,12,02:00:00,1.0,6.0,0.0,0.0,244.0,D
May,12,02:30:00,1.0,9.0,0.0,0.0,377.22,D
May,12,03:00:00,1.0,2.0,0.0,0.0,333.0,D
May,12,03:30:00,0.6,6.0,1.0,0.1667,298.8,D
May,12,04:30:00,1.0,2.0,0.0,0.0,117.0,D
May,12,05:00:00,1.0,3.0,1.0,0.3333,406.5,D
May,12,05:30:00,0.75,4.0,0.0,0.0,239.25,D
May,12,06:00:00,0.8889,9.0,0.0,0.0,213.33,D
May,12,06:30:00,0.9286,15.0,1.0,0.0667,222.29,D
May,12,07:00:00,1.0,38.0,0.0,0.0,280.58,D
May,12,07:30:00,1.0,42.0,0.0,0.0,346.64,D
May,12,08:00:00,0.9912,114.0,0.0,0.0,286.22,D
May,12,08:30:00,0.9733,152.0,2.0,0.0132,287.6,D
May,12,09:00:00,1.0,248.0,0.0,0.0,294.16,D
May,12,09:30:00,0.6534,288.0,11.0,0.0382,313.4,D
May,12,10:00:00,0.3528,376.0,33.0,0.0878,310.8,D
May,12,10:30:00,0.4459,504.0,42.0,0.0833,318.16,D
May,12,11:00:00,0.7483,458.0,5.0,0.0109,330.22,D
May,12,11:30:00,0.7664,441.0,13.0,0.0295,342.6,D
May,12,12:00:00,0.4264,549.0,26.0,0.0474,339.37,D
May,12,12:30:00,0.4733,528.0,23.0,0.0436,327.15,D
May,12,13:00:00,0.6424,504.0,9.0,0.0179,329.41,D
May,12,13:30:00,0.81,506.0,6.0,0.0119,342.94,D
May,12,14:00:00,0.9773,531.0,2.0,0.0038,306.9,D
May,12,14:30:00,0.5586,535.0,23.0,0.043,332.57,D
May,12,15:00:00,0.9174,557.0,0.0,0.0,323.57,D
May,12,15:30:00,0.9962,532.0,0.0,0.0,315.78,D
May,12,16:00:00,0.9916,594.0,1.0,0.0017,326.28,D
May,12,16:30:00,0.9848,527.0,0.0,0.0,330.92,D
May,12,17:00:00,0.9069,508.0,3.0,0.0059,348.59,D
May,12,17:30:00,0.7609,469.0,9.0,0.0192,339.3,D
May,12,18:00:00,0.9656,467.0,2.0,0.0043,353.15,D
May,12,18:30:00,0.9711,381.0,1.0,0.0026,355.46,D
May,12,19:00:00,1.0,324.0,0.0,0.0,314.58,D
May,12,19:30:00,0.7057,344.0,11.0,0.032,332.03,D
May,12,20:00:00,0.8612,286.0,5.0,0.0175,326.97,D
May,12,20:30:00,0.9957,230.0,0.0,0.0,325.73,D
May,12,21:00:00,0.9902,206.0,2.0,0.0097,302.62,D
May,12,21:30:00,0.9811,159.0,0.0,0.0,347.07,D
May,12,22:00:00,1.0,138.0,2.0,0.0145,307.9,D
May,12,22:30:00,1.0,106.0,0.0,0.0,305.87,D
May,12,23:00:00,1.0,76.0,1.0,0.0132,345.33,D
May,12,23:30:00,1.0,73.0,0.0,0.0,305.34,D
May,13,00:00:00,1.0,50.0,0.0,0.0,350.78,D
May,13,00:30:00,1.0,36.0,0.0,0.0,375.69,D
May,13,01:00:00,1.0,15.0,0.0,0.0,388.0,D
May,13,01:30:00,1.0,17.0,0.0,0.0,325.29,D
May,13,02:00:00,1.0,9.0,0.0,0.0,274.44,D
May,13,02:30:00,1.0,7.0,0.0,0.0,241.71,D
May,13,03:00:00,1.0,1.0,0.0,0.0,504.0,D
May,13,03:30:00,1.0,0.0,0.0,0.0,504.0,D
May,13,04:00:00,1.0,0.0,0.0,0.0,504.0,D
May,13,04:30:00,1.0,0.0,0.0,0.0,504.0,D
May,13,05:00:00,1.0,0.0,0.0,0.0,504.0,D
May,13,05:30:00,1.0,0.0,0.0,0.0,504.0,D
May,13,06:00:00,1.0,12.0,0.0,0.0,213.08,D
May,13,06:30:00,0.9231,13.0,0.0,0.0,278.15,D
May,13,07:00:00,0.9783,46.0,0.0,0.0,270.46,D
May,13,07:30:00,1.0,66.0,1.0,0.0152,284.02,D
May,13,08:00:00,1.0,109.0,1.0,0.0092,287.54,D
May,13,08:30:00,1.0,171.0,0.0,0.0,321.87,D
May,13,09:00:00,1.0,234.0,0.0,0.0,283.14,D
May,13,09:30:00,0.9935,306.0,0.0,0.0,299.37,D
May,13,10:00:00,0.9787,377.0,2.0,0.0053,294.38,D
May,13,10:30:00,0.7854,402.0,6.0,0.0149,302.85,D
May,13,11:00:00,0.9381,420.0,0.0,0.0,318.53,D
May,13,11:30:00,0.8482,457.0,9.0,0.0197,327.63,D
May,13,12:00:00,0.9831,415.0,1.0,0.0024,304.43,D
May,13,12:30:00,0.9113,470.0,8.0,0.017,306.5,D
May,13,13:00:00,0.8632,451.0,5.0,0.0111,329.34,D
May,13,13:30:00,0.8632,451.0,5.0,0.0117,326.32,D
May,13,14:00:00,0.8632,451.0,5.0,0.0,340.14,D
May,13,14:30:00,0.8632,451.0,5.0,0.0,343.37,D
May,13,15:00:00,0.8632,451.0,5.0,0.0123,334.88,D
May,13,15:30:00,0.8632,451.0,5.0,0.0088,331.92,D
May,13,16:00:00,0.8632,451.0,5.0,0.004,318.78,D
May,13,16:30:00,0.8632,451.0,5.0,0.0046,320.35,D
May,13,17:00:00,0.8632,451.0,5.0,0.0,315.68,D
May,13,17:30:00,0.8632,451.0,5.0,0.0,348.14,D
May,13,18:00:00,0.8632,451.0,5.0,0.003,358.67,D
May,13,18:30:00,0.8632,451.0,5.0,0.0028,331.38,D
May,13,19:00:00,0.8632,451.0,5.0,0.0375,330.61,D
May,13,19:30:00,0.8632,451.0,5.0,0.0102,313.51,D
May,13,20:00:00,0.8632,451.0,5.0,0.0275,305.42,D
May,13,20:30:00,0.8632,451.0,5.0,0.0092,315.03,D
May,13,21:00:00,0.8632,451.0,5.0,0.0225,340.91,D
May,13,21:30:00,0.8632,451.0,5.0,0.0,367.7,D
May,13,22:00:00,1.0,109.0,0.0,0.0,350.16,D
May,13,22:30:00,1.0,89.0,1.0,0.0112,321.8,D
May,13,23:00:00,1.0,73.0,0.0,0.0,281.1,D
May,13,23:30:00,1.0,60.0,1.0,0.0167,275.61,D
May,14,00:00:00,1.0,58.0,2.0,0.0345,307.57,D
May,14,00:30:00,1.0,35.0,0.0,0.0,356.49,D
May,14,01:00:00,1.0,18.0,0.0,0.0,317.61,D
May,14,01:30:00,0.9375,16.0,0.0,0.0,281.88,D
May,14,02:00:00,1.0,12.0,0.0,0.0,685.5,D
May,14,02:30:00,1.0,11.0,0.0,0.0,338.73,D
May,14,03:00:00,1.0,4.0,0.0,0.0,282.5,D
May,14,03:30:00,0.75,5.0,1.0,0.2,287.5,D
May,14,04:00:00,1.0,1.0,0.0,0.0,22.0,D
May,14,04:30:00,1.0,4.0,3.0,0.75,517.0,D
May,14,05:00:00,0.6667,5.0,2.0,0.4,567.67,D
May,14,05:30:00,1.0,6.0,0.0,0.0,340.5,D
May,14,06:00:00,1.0,16.0,0.0,0.0,255.94,D
May,14,06:30:00,0.8182,23.0,1.0,0.0435,314.77,D
May,14,07:00:00,0.9773,44.0,0.0,0.0,230.73,D
May,14,07:30:00,0.974,77.0,0.0,0.0,273.64,D
May,14,08:00:00,0.9915,118.0,0.0,0.0,311.26,D
May,14,08:30:00,0.9821,168.0,0.0,0.0,311.33,D
May,14,09:00:00,1.0,280.0,0.0,0.0,296.39,D
May,14,09:30:00,0.9178,306.0,2.0,0.0065,296.03,D
May,14,10:00:00,0.7565,355.0,10.0,0.0282,294.71,D
May,14,10:30:00,0.3353,392.0,49.0,0.125,312.23,D
May,14,11:00:00,0.853,485.0,2.0,0.0041,321.93,D
May,14,11:30:00,1.0,463.0,1.0,0.0022,332.99,D
May,14,12:00:00,0.9978,452.0,3.0,0.0066,325.76,D
May,14,12:30:00,0.9856,485.0,0.0,0.0,306.25,D
May,14,13:00:00,0.9494,440.0,5.0,0.0114,317.83,D
May,14,13:30:00,0.563,489.0,29.0,0.0593,326.81,D
May,14,14:00:00,0.8745,522.0,4.0,0.0077,326.42,D
May,14,14:30:00,0.6593,564.0,21.0,0.0372,329.38,D
May,14,15:00:00,0.9879,498.0,2.0,0.004,349.96,D
May,14,15:30:00,0.9779,498.0,0.0,0.0,326.13,D
May,14,16:00:00,0.996,501.0,0.0,0.0,320.84,D
May,14,16:30:00,1.0,442.0,0.0,0.0,319.54,D
May,14,17:00:00,0.9795,439.0,0.0,0.0,334.69,D
May,14,17:30:00,0.9919,370.0,1.0,0.0027,349.03,D
May,14,18:00:00,0.9918,371.0,3.0,0.0081,343.23,D
May,14,18:30:00,1.0,335.0,0.0,0.0,332.18,D
May,14,19:00:00,0.9585,316.0,3.0,0.0095,303.69,D
May,14,19:30:00,0.9156,237.0,0.0,0.0,326.89,D
May,14,20:00:00,0.7689,259.0,8.0,0.0309,338.16,D
May,14,20:30:00,0.9072,194.0,0.0,0.0,307.81,D
May,14,21:00:00,0.5741,182.0,20.0,0.1099,326.23,D
May,14,21:30:00,0.4626,156.0,9.0,0.0577,359.35,D
May,14,22:00:00,0.9744,117.0,0.0,0.0,305.35,D
May,14,22:30:00,0.9825,114.0,0.0,0.0,345.01,D
May,14,23:00:00,1.0,79.0,1.0,0.0127,372.92,D
May,14,23:30:00,1.0,57.0,0.0,0.0,267.89,D
May,15,00:00:00,1.0,40.0,0.0,0.0,348.15,D
May,15,00:30:00,1.0,24.0,0.0,0.0,263.92,D
May,15,01:00:00,1.0,19.0,0.0,0.0,357.32,D
May,15,01:30:00,1.0,13.0,0.0,0.0,264.08,D
May,15,02:00:00,0.9474,19.0,0.0,0.0,479.84,D
May,15,02:30:00,1.0,3.0,0.0,0.0,181.67,D
May,15,03:00:00,1.0,3.0,1.0,0.3333,472.5,D
May,15,03:30:00,1.0,0.0,0.0,0.3333,472.5,D
May,15,04:00:00,1.0,0.0,0.0,0.3333,472.5,D
May,15,04:30:00,1.0,0.0,0.0,0.3333,472.5,D
May,15,05:00:00,1.0,2.0,0.0,0.0,243.5,D
May,15,05:30:00,1.0,0.0,0.0,0.0,243.5,D
May,15,06:00:00,1.0,14.0,0.0,0.0,291.57,D
May,15,06:30:00,1.0,18.0,0.0,0.0,227.61,D
May,15,07:00:00,0.9318,45.0,1.0,0.0222,273.0,D
May,15,07:30:00,1.0,67.0,0.0,0.0,238.46,D
May,15,08:00:00,1.0,102.0,0.0,0.0,271.85,D
May,15,08:30:00,0.9744,198.0,3.0,0.0152,280.27,D
May,15,09:00:00,1.0,268.0,2.0,0.0075,288.47,D
May,15,09:30:00,0.8561,292.0,7.0,0.024,287.61,D
May,15,10:00:00,0.7831,384.0,6.0,0.0156,321.62,D
May,15,10:30:00,0.9188,395.0,1.0,0.0025,285.48,D
May,15,11:00:00,0.8729,426.0,1.0,0.0023,313.47,D
May,15,11:30:00,0.9977,436.0,3.0,0.0069,322.49,D
May,15,12:00:00,0.9901,406.0,1.0,0.0025,323.86,D
May,15,12:30:00,0.6607,468.0,23.0,0.0491,310.22,D
May,15,13:00:00,0.6834,469.0,11.0,0.0235,327.38,D
May,15,13:30:00,0.885,429.0,3.0,0.007,319.12,D
May,15,14:00:00,0.7477,459.0,19.0,0.0414,346.33,D
May,15,14:30:00,0.3495,487.0,55.0,0.1129,316.69,D
May,15,15:00:00,0.7089,516.0,11.0,0.0213,318.45,D
May,15,15:30:00,0.9381,504.0,3.0,0.006,304.04,D
May,15,16:00:00,0.8015,531.0,12.0,0.0226,313.93,D
May,15,16:30:00,0.7126,447.0,12.0,0.0268,339.7,D
May,15,17:00:00,0.7044,436.0,3.0,0.0069,328.9,D
May,15,17:30:00,0.6455,416.0,7.0,0.0168,318.81,D
May,15,18:00:00,0.9822,339.0,2.0,0.0059,335.2,D
May,15,18:30:00,0.9793,340.0,2.0,0.0059,332.93,D
May,15,19:00:00,0.7315,319.0,21.0,0.0658,334.34,D
May,15,19:30:00,0.4007,313.0,16.0,0.0511,328.25,D
May,15,20:00:00,0.4708,266.0,9.0,0.0338,333.16,D
May,15,20:30:00,0.6923,198.0,3.0,0.0152,339.15,D
May,15,21:00:00,0.9728,186.0,2.0,0.0108,322.93,D
May,15,21:30:00,0.9939,164.0,0.0,0.0,307.96,D
May,15,22:00:00,1.0,126.0,0.0,0.0,332.97,D
May,15,22:30:00,0.9899,100.0,1.0,0.01,299.49,D
May,15,23:00:00,0.9775,89.0,0.0,0.0,282.94,D
May,15,23:30:00,1.0,69.0,0.0,0.0,289.09,D
May,16,00:00:00,1.0,38.0,0.0,0.0,328.53,D
May,16,00:30:00,1.0,25.0,0.0,0.0,316.12,D
May,16,01:00:00,1.0,20.0,0.0,0.0,398.85,D
May,16,01:30:00,1.0,15.0,0.0,0.0,385.67,D
May,16,02:00:00,0.9375,16.0,0.0,0.0,343.44,D
May,16,02:30:00,1.0,11.0,0.0,0.0,263.27,D
May,16,03:00:00,0.5,5.0,1.0,0.2,224.75,D
May,16,03:30:00,1.0,5.0,2.0,0.4,224.67,D
May,16,04:00:00,1.0,4.0,1.0,0.25,241.0,D
May,16,04:30:00,0.75,5.0,1.0,0.2,306.5,D
May,16,05:00:00,0.75,14.0,2.0,0.1429,271.58,D
May,16,05:30:00,1.0,9.0,0.0,0.0,265.22,D
May,16,06:00:00,0.8571,8.0,1.0,0.125,198.43,D
May,16,06:30:00,0.5217,26.0,3.0,0.1154,217.7,D
May,16,07:00:00,0.8571,44.0,2.0,0.0455,215.5,D
May,16,07:30:00,0.9014,71.0,0.0,0.0,292.2,D
May,16,08:00:00,0.9106,127.0,4.0,0.0315,278.11,D
May,16,08:30:00,0.7,171.0,11.0,0.0643,334.35,D
May,16,09:00:00,0.8066,274.0,0.0,0.0,287.27,D
May,16,09:30:00,0.9109,308.0,5.0,0.0162,325.28,D
May,16,10:00:00,0.9381,324.0,1.0,0.0031,290.35,D
May,16,10:30:00,0.6785,371.0,32.0,0.0863,329.74,D
May,16,11:00:00,0.4207,442.0,26.0,0.0588,314.86,D
May,16,11:30:00,0.9513,432.0,1.0,0.0023,327.07,D
May,16,12:00:00,0.8427,432.0,6.0,0.0139,297.59,D
May,16,12:30:00,0.7173,438.0,10.0,0.0228,341.78,D
May,16,13:00:00,0.5899,436.0,19.0,0.0436,311.65,D
May,16,13:30:00,0.6326,474.0,14.0,0.0295,315.72,D
May,16,14:00:00,0.9016,457.0,10.0,0.0219,305.45,D
May,16,14:30:00,0.5195,465.0,55.0,0.1183,320.08,D
May,16,15:00:00,0.7629,531.0,8.0,0.0151,312.5,D
May,16,15:30:00,0.617,457.0,34.0,0.0744,328.7,D
May,16,16:00:00,0.5395,550.0,18.0,0.0327,332.26,D
May,16,16:30:00,0.9833,480.0,1.0,0.0021,314.1,D
May,16,17:00:00,0.9614,418.0,4.0,0.0096,349.24,D
May,16,17:30:00,0.756,346.0,10.0,0.0289,324.23,D
May,16,18:00:00,0.8416,342.0,1.0,0.0029,311.95,D
May,16,18:30:00,0.7601,329.0,8.0,0.0243,320.13,D
May,16,19:00:00,0.741,282.0,4.0,0.0142,303.52,D
May,16,19:30:00,0.7759,245.0,4.0,0.0163,324.16,D
May,16,20:00:00,0.743,222.0,8.0,0.036,291.69,D
May,16,20:30:00,0.7674,218.0,3.0,0.0138,300.2,D
May,16,21:00:00,0.6479,158.0,16.0,0.1013,331.04,D
May,16,21:30:00,0.5105,153.0,10.0,0.0654,296.91,D
May,16,22:00:00,0.75,101.0,1.0,0.0099,328.68,D
May,16,22:30:00,0.6322,94.0,7.0,0.0745,335.84,D
May,16,23:00:00,0.9494,79.0,0.0,0.0,277.2,D
May,16,23:30:00,1.0,60.0,0.0,0.0,259.95,D
May,17,00:00:00,0.8444,45.0,0.0,0.0,345.31,D
May,17,00:30:00,1.0,26.0,0.0,0.0,258.42,D
May,17,01:00:00,1.0,12.0,0.0,0.0,305.25,D
May,17,01:30:00,1.0,10.0,0.0,0.0,242.3,D
May,17,02:00:00,0.8889,9.0,0.0,0.0,293.22,D
May,17,02:30:00,0.8,10.0,0.0,0.0,297.0,D
May,17,03:00:00,1.0,4.0,0.0,0.0,613.25,D
May,17,03:30:00,1.0,0.0,0.0,0.0,613.25,D
May,17,04:00:00,1.0,0.0,0.0,0.0,613.25,D
May,17,04:30:00,1.0,1.0,0.0,0.0,464.0,D
May,17,05:00:00,1.0,1.0,0.0,0.0,349.0,D
May,17,05:30:00,1.0,1.0,0.0,0.0,366.0,D
May,17,06:00:00,1.0,6.0,0.0,0.0,234.33,D
May,17,06:30:00,0.875,16.0,0.0,0.0,138.19,D
May,17,07:00:00,0.9583,26.0,2.0,0.0769,274.42,D
May,17,07:30:00,0.8205,39.0,0.0,0.0,224.05,D
May,17,08:00:00,0.9855,70.0,1.0,0.0143,274.12,D
May,17,08:30:00,0.8933,76.0,1.0,0.0132,281.97,D
May,17,09:00:00,0.9191,140.0,4.0,0.0286,300.51,D
May,17,09:30:00,0.436,181.0,9.0,0.0497,262.18,D
May,17,10:00:00,0.4632,240.0,9.0,0.0375,310.03,D
May,17,10:30:00,0.8237,280.0,2.0,0.0071,323.85,D
May,17,11:00:00,0.9593,272.0,2.0,0.0074,302.81,D
May,17,11:30:00,0.9635,301.0,0.0,0.0,294.94,D
May,17,12:00:00,0.9829,292.0,0.0,0.0,304.6,D
May,17,12:30:00,0.5563,301.0,17.0,0.0565,308.55,D
May,17,13:00:00,0.6024,350.0,18.0,0.0514,306.86,D
May,17,13:30:00,0.8359,326.0,3.0,0.0092,294.94,D
May,17,14:00:00,0.9403,319.0,1.0,0.0031,310.11,D
May,17,14:30:00,0.4455,337.0,25.0,0.0742,305.25,D
May,17,15:00:00,0.6724,301.0,8.0,0.0266,333.05,D
May,17,15:30:00,0.9054,319.0,2.0,0.0063,309.82,D
May,17,16:00:00,0.9898,295.0,0.0,0.0,340.93,D
May,17,16:30:00,0.9643,281.0,1.0,0.0036,301.29,D
May,17,17:00:00,0.9592,250.0,5.0,0.02,326.29,D
May,17,17:30:00,0.9754,245.0,1.0,0.0041,332.57,D
May,17,18:00:00,0.9692,228.0,1.0,0.0044,314.15,D
May,17,18:30:00,0.9747,199.0,1.0,0.005,301.37,D
May,17,19:00:00,0.9388,199.0,3.0,0.0151,294.62,D
May,17,19:30:00,0.9244,174.0,2.0,0.0115,331.69,D
May,17,20:00:00,0.8913,140.0,2.0,0.0143,282.66,D
May,17,20:30:00,0.8527,134.0,5.0,0.0373,337.73,D
May,17,21:00:00,0.9286,126.0,0.0,0.0,293.27,D
May,17,21:30:00,0.9091,89.0,1.0,0.0112,304.72,D
May,17,22:00:00,0.9605,77.0,1.0,0.013,270.38,D
May,17,22:30:00,0.9821,57.0,1.0,0.0175,327.64,D
May,17,23:00:00,1.0,46.0,0.0,0.0,339.13,D
May,17,23:30:00,1.0,42.0,0.0,0.0,275.38,D
May,18,00:00:00,1.0,29.0,0.0,0.0,235.86,D
May,18,00:30:00,1.0,12.0,0.0,0.0,239.58,D
May,18,01:00:00,1.0,12.0,0.0,0.0,365.0,D
May,18,01:30:00,0.9318,47.0,3.0,0.0638,232.14,D
May,18,02:00:00,1.0,32.0,1.0,0.0313,148.29,D
May,18,02:30:00,1.0,16.0,0.0,0.0,209.0,D
May,18,03:00:00,1.0,5.0,0.0,0.0,211.2,D
May,18,03:30:00,1.0,0.0,0.0,0.0,211.2,D
May,18,04:00:00,1.0,2.0,0.0,0.0,181.5,D
May,18,04:30:00,1.0,0.0,0.0,0.0,181.5,D
May,18,05:00:00,1.0,1.0,0.0,0.0,299.0,D
May,18,05:30:00,1.0,0.0,0.0,0.0,299.0,D
May,18,06:00:00,0.7,10.0,0.0,0.0,317.0,D
May,18,06:30:00,0.6667,7.0,1.0,0.1429,363.17,D
May,18,07:00:00,0.9444,18.0,0.0,0.0,257.39,D
May,18,07:30:00,0.931,30.0,1.0,0.0333,323.48,D
May,18,08:00:00,0.8125,48.0,0.0,0.0,275.38,D
May,18,08:30:00,0.8833,60.0,0.0,0.0,293.4,D
May,18,09:00:00,0.6437,97.0,10.0,0.1031,316.72,D
May,18,09:30:00,0.5966,123.0,4.0,0.0325,289.96,D
May,18,10:00:00,0.9211,118.0,4.0,0.0339,322.79,D
May,18,10:30:00,0.6087,165.0,4.0,0.0242,316.49,D
May,18,11:00:00,0.9783,138.0,0.0,0.0,283.88,D
May,18,11:30:00,1.0,167.0,2.0,0.012,326.83,D
May,18,12:00:00,0.9886,176.0,0.0,0.0,297.8,D
May,18,12:30:00,0.9679,188.0,1.0,0.0053,286.19,D
May,18,13:00:00,0.75,198.0,6.0,0.0303,273.56,D
May,18,13:30:00,0.7788,213.0,5.0,0.0235,295.69,D
May,18,14:00:00,0.9887,177.0,0.0,0.0,329.47,D
May,18,14:30:00,0.6718,205.0,10.0,0.0488,293.32,D
May,18,15:00:00,0.5654,197.0,6.0,0.0305,336.66,D
May,18,15:30:00,0.8125,213.0,5.0,0.0235,303.88,D
May,18,16:00:00,0.9231,198.0,3.0,0.0152,332.7,D
May,18,16:30:00,0.9402,184.0,0.0,0.0,327.16,D
May,18,17:00:00,0.9899,201.0,2.0,0.01,315.0,D
May,18,17:30:00,0.8941,172.0,2.0,0.0116,322.82,D
May,18,18:00:00,0.977,178.0,4.0,0.0225,306.93,D
May,18,18:30:00,1.0,141.0,0.0,0.0,288.88,D
May,18,19:00:00,1.0,130.0,0.0,0.0,322.72,D
May,18,19:30:00,1.0,149.0,0.0,0.0,285.01,D
May,18,20:00:00,0.8129,142.0,3.0,0.0211,335.39,D
May,18,20:30:00,0.9794,98.0,1.0,0.0102,350.37,D
May,18,21:00:00,1.0,79.0,0.0,0.0,261.58,D
May,18,21:30:00,1.0,71.0,0.0,0.0,269.21,D
May,18,22:00:00,0.8696,72.0,3.0,0.0417,411.97,D
May,18,22:30:00,1.0,58.0,1.0,0.0172,344.09,D
May,18,23:00:00,1.0,53.0,0.0,0.0,241.72,D
May,18,23:30:00,1.0,63.0,0.0,0.0,371.68,D
May,19,00:00:00,1.0,36.0,0.0,0.0,329.69,D
May,19,00:30:00,1.0,16.0,0.0,0.0,415.88,D
May,19,01:00:00,1.0,21.0,0.0,0.0,398.29,D
May,19,01:30:00,0.9583,24.0,0.0,0.0,410.63,D
May,19,02:00:00,1.0,7.0,0.0,0.0,188.71,D
May,19,02:30:00,1.0,10.0,0.0,0.0,300.5,D
May,19,03:00:00,1.0,5.0,0.0,0.0,268.8,D
May,19,03:30:00,0.5,5.0,1.0,0.2,397.75,D
May,19,04:00:00,0.6,6.0,1.0,0.1667,342.2,D
May,19,04:30:00,0.3333,9.0,0.0,0.0,183.78,D
May,19,05:00:00,1.0,5.0,0.0,0.0,144.6,D
May,19,05:30:00,1.0,3.0,0.0,0.0,212.0,D
May,19,06:00:00,0.9091,11.0,0.0,0.0,193.55,D
May,19,06:30:00,0.8,20.0,0.0,0.0,274.5,D
May,19,07:00:00,0.9444,36.0,0.0,0.0,228.5,D
May,19,07:30:00,0.9592,49.0,0.0,0.0,289.61,D
May,19,08:00:00,1.0,105.0,0.0,0.0,244.02,D
May,19,08:30:00,0.7111,186.0,6.0,0.0323,311.78,D
May,19,09:00:00,0.9023,268.0,2.0,0.0075,303.28,D
May,19,09:30:00,0.9644,343.0,6.0,0.0175,292.78,D
May,19,10:00:00,0.9406,406.0,2.0,0.0049,323.02,D
May,19,10:30:00,0.8274,455.0,9.0,0.0198,304.74,D
May,19,11:00:00,0.9463,487.0,3.0,0.0062,335.72,D
May,19,11:30:00,0.7856,487.0,2.0,0.0041,315.5,D
May,19,12:00:00,0.6198,499.0,15.0,0.0301,341.12,D
May,19,12:30:00,0.3415,538.0,46.0,0.0855,348.03,D
May,19,13:00:00,0.6964,497.0,3.0,0.006,333.04,D
May,19,13:30:00,0.9939,492.0,1.0,0.002,319.57,D
May,19,14:00:00,0.9904,523.0,1.0,0.0019,321.34,D
May,19,14:30:00,0.8792,572.0,9.0,0.0157,330.73,D
May,19,15:00:00,0.9837,495.0,4.0,0.0081,335.26,D
May,19,15:30:00,0.8624,551.0,6.0,0.0109,345.8,D
May,19,16:00:00,0.9946,556.0,0.0,0.0,336.23,D
May,19,16:30:00,0.9921,511.0,2.0,0.0039,334.19,D
May,19,17:00:00,0.9631,490.0,2.0,0.0041,345.84,D
May,19,17:30:00,0.9909,438.0,0.0,0.0,319.39,D
May,19,18:00:00,0.9649,428.0,1.0,0.0023,331.82,D
May,19,18:30:00,0.9944,357.0,2.0,0.0056,346.58,D
May,19,19:00:00,0.9861,362.0,1.0,0.0028,299.92,D
May,19,19:30:00,0.7622,317.0,10.0,0.0315,356.11,D
May,19,20:00:00,0.7088,268.0,7.0,0.0261,324.82,D
May,19,20:30:00,0.9622,238.0,0.0,0.0,369.91,D
May,19,21:00:00,0.9952,208.0,0.0,0.0,293.19,D
May,19,21:30:00,1.0,168.0,1.0,0.006,278.34,D
May,19,22:00:00,0.9191,138.0,2.0,0.0145,326.71,D
May,19,22:30:00,1.0,114.0,1.0,0.0088,362.57,D
May,19,23:00:00,1.0,84.0,1.0,0.0119,320.46,D
May,19,23:30:00,1.0,45.0,0.0,0.0,305.93,D
May,20,00:00:00,0.9737,39.0,1.0,0.0256,380.87,D
May,20,00:30:00,1.0,22.0,0.0,0.0,291.0,D
May,20,01:00:00,1.0,25.0,0.0,0.0,247.28,D
May,20,01:30:00,1.0,12.0,1.0,0.0833,262.82,D
May,20,02:00:00,1.0,7.0,0.0,0.0,224.57,D
May,20,02:30:00,1.0,6.0,0.0,0.0,380.0,D
May,20,03:00:00,1.0,3.0,0.0,0.0,236.0,D
May,20,03:30:00,1.0,1.0,0.0,0.0,203.0,D
May,20,04:00:00,1.0,0.0,0.0,0.0,203.0,D
May,20,04:30:00,1.0,0.0,0.0,0.0,203.0,D
May,20,05:00:00,1.0,0.0,0.0,0.0,203.0,D
May,20,05:30:00,1.0,1.0,0.0,0.0,354.0,D
May,20,06:00:00,1.0,8.0,0.0,0.0,291.5,D
May,20,06:30:00,0.75,20.0,0.0,0.0,212.25,D
May,20,07:00:00,0.8605,43.0,0.0,0.0,288.49,D
May,20,07:30:00,1.0,60.0,0.0,0.0,266.7,D
May,20,08:00:00,1.0,112.0,2.0,0.0179,267.38,D
May,20,08:30:00,1.0,146.0,1.0,0.0068,278.48,D
May,20,09:00:00,0.9912,228.0,0.0,0.0,287.97,D
May,20,09:30:00,0.9007,295.0,3.0,0.0102,305.05,D
May,20,10:00:00,0.6455,359.0,12.0,0.0334,313.09,D
May,20,10:30:00,0.8005,436.0,10.0,0.0229,325.72,D
May,20,11:00:00,0.9603,431.0,3.0,0.007,334.43,D
May,20,11:30:00,0.8858,447.0,18.0,0.0403,316.71,D
May,20,12:00:00,0.7876,505.0,6.0,0.0119,337.75,D
May,20,12:30:00,0.7305,468.0,19.0,0.0406,349.77,D
May,20,13:00:00,0.7244,449.0,10.0,0.0223,342.54,D
May,20,13:30:00,0.5203,406.0,110.0,0.2709,384.88,D
May,20,14:00:00,0.5146,559.0,46.0,0.0823,340.48,D
May,20,14:30:00,0.9458,499.0,1.0,0.002,338.53,D
May,20,15:00:00,0.9961,514.0,0.0,0.0,315.43,D
May,20,15:30:00,0.9958,482.0,2.0,0.0041,335.02,D
May,20,16:00:00,0.998,500.0,2.0,0.004,335.8,D
May,20,16:30:00,0.9771,525.0,0.0,0.0,331.29,D
May,20,17:00:00,0.9977,429.0,1.0,0.0023,363.75,D
May,20,17:30:00,0.9976,416.0,1.0,0.0024,318.92,D
May,20,18:00:00,1.0,369.0,1.0,0.0027,317.61,D
May,20,18:30:00,0.9943,354.0,2.0,0.0056,341.87,D
May,20,19:00:00,0.9937,318.0,0.0,0.0,318.01,D
May,20,19:30:00,0.9824,285.0,1.0,0.0035,366.62,D
May,20,20:00:00,0.9478,249.0,0.0,0.0,315.9,D
May,20,20:30:00,0.9904,209.0,0.0,0.0,305.23,D
May,20,21:00:00,0.9946,185.0,1.0,0.0054,322.54,D
May,20,21:30:00,0.9942,171.0,0.0,0.0,287.3,D
May,20,22:00:00,1.0,109.0,0.0,0.0,310.33,D
May,20,22:30:00,1.0,105.0,1.0,0.0095,326.45,D
May,20,23:00:00,1.0,92.0,1.0,0.0109,321.49,D
May,20,23:30:00,1.0,58.0,1.0,0.0172,356.82,D
May,21,00:00:00,1.0,43.0,0.0,0.0,291.7,D
May,21,00:30:00,1.0,32.0,1.0,0.0313,388.03,D
May,21,01:00:00,1.0,22.0,0.0,0.0,351.36,D
May,21,01:30:00,0.9412,17.0,0.0,0.0,426.71,D
May,21,02:00:00,1.0,10.0,0.0,0.0,553.9,D
May,21,02:30:00,1.0,23.0,2.0,0.087,320.52,D
May,21,03:00:00,1.0,3.0,0.0,0.0,532.67,D
May,21,03:30:00,1.0,0.0,0.0,0.0,532.67,D
May,21,04:00:00,1.0,1.0,0.0,0.0,349.0,D
May,21,04:30:00,1.0,0.0,0.0,0.0,349.0,D
May,21,05:00:00,1.0,0.0,0.0,0.0,349.0,D
May,21,05:30:00,1.0,3.0,0.0,0.0,412.33,D
May,21,06:00:00,0.9091,11.0,0.0,0.0,236.09,D
May,21,06:30:00,1.0,19.0,5.0,0.2632,242.93,D
May,21,07:00:00,0.907,43.0,0.0,0.0,198.3,D
May,21,07:30:00,0.9706,70.0,2.0,0.0286,346.76,D
May,21,08:00:00,0.9455,110.0,0.0,0.0,293.59,D
May,21,08:30:00,0.9593,172.0,0.0,0.0,290.01,D
May,21,09:00:00,0.9913,231.0,1.0,0.0043,258.9,D
May,21,09:30:00,0.8067,332.0,6.0,0.0181,312.01,D
May,21,10:00:00,0.6777,401.0,7.0,0.0175,304.68,D
May,21,10:30:00,0.5467,400.0,25.0,0.0625,337.28,D
May,21,11:00:00,0.8344,454.0,1.0,0.0022,314.56,D
May,21,11:30:00,0.9908,436.0,2.0,0.0046,313.97,D
May,21,12:00:00,0.9014,426.0,10.0,0.0235,320.31,D
May,21,12:30:00,0.5281,484.0,22.0,0.0455,346.39,D
May,21,13:00:00,0.8831,480.0,1.0,0.0021,327.72,D
May,21,13:30:00,0.9916,479.0,1.0,0.0021,332.24,D
May,21,14:00:00,0.998,504.0,0.0,0.0,343.58,D
May,21,14:30:00,0.9807,470.0,3.0,0.0064,349.44,D
May,21,15:00:00,0.9466,507.0,1.0,0.002,336.66,D
May,21,15:30:00,0.9917,481.0,0.0,0.0,351.4,D
May,21,16:00:00,0.9641,477.0,3.0,0.0063,362.25,D
May,21,16:30:00,0.9956,458.0,1.0,0.0022,328.48,D
May,21,17:00:00,0.9978,464.0,0.0,0.0,312.91,D
May,21,17:30:00,0.9952,420.0,2.0,0.0048,345.77,D
May,21,18:00:00,0.9923,390.0,0.0,0.0,363.03,D
May,21,18:30:00,1.0,335.0,1.0,0.003,328.49,D
May,21,19:00:00,0.9572,306.0,2.0,0.0065,348.43,D
May,21,19:30:00,0.9502,263.0,2.0,0.0076,347.27,D
May,21,20:00:00,0.9084,252.0,1.0,0.004,316.9,D
May,21,20:30:00,0.9901,203.0,0.0,0.0,338.5,D
May,21,21:00:00,1.0,173.0,0.0,0.0,317.45,D
May,21,21:30:00,1.0,166.0,0.0,0.0,287.48,D
May,21,22:00:00,1.0,129.0,0.0,0.0,307.31,D
May,21,22:30:00,1.0,91.0,0.0,0.0,354.14,D
May,21,23:00:00,1.0,74.0,1.0,0.0135,303.33,D
May,21,23:30:00,1.0,67.0,0.0,0.0,325.58,D
May,22,00:00:00,1.0,24.0,0.0,0.0,471.83,D
May,22,00:30:00,1.0,25.0,0.0,0.0,312.28,D
May,22,01:00:00,1.0,21.0,0.0,0.0,342.62,D
May,22,01:30:00,1.0,18.0,0.0,0.0,353.28,D
May,22,02:00:00,0.8,5.0,0.0,0.0,283.0,D
May,22,02:30:00,1.0,7.0,0.0,0.0,432.14,D
May,22,03:00:00,1.0,2.0,0.0,0.0,742.5,D
May,22,03:30:00,1.0,0.0,0.0,0.0,742.5,D
May,22,04:00:00,1.0,0.0,0.0,0.0,742.5,D
May,22,04:30:00,1.0,1.0,1.0,1.0,742.5,D
May,22,05:00:00,1.0,0.0,0.0,1.0,742.5,D
May,22,05:30:00,1.0,0.0,0.0,1.0,742.5,D
May,22,06:00:00,1.0,13.0,0.0,0.0,247.0,D
May,22,06:30:00,0.85,22.0,2.0,0.0909,279.15,D
May,22,07:00:00,1.0,34.0,0.0,0.0,278.29,D
May,22,07:30:00,1.0,67.0,0.0,0.0,278.0,D
May,22,08:00:00,1.0,101.0,0.0,0.0,277.01,D
May,22,08:30:00,1.0,157.0,0.0,0.0,253.3,D
May,22,09:00:00,0.6976,255.0,7.0,0.0275,305.34,D
May,22,09:30:00,0.7143,272.0,13.0,0.0478,316.3,D
May,22,10:00:00,0.8338,332.0,1.0,0.003,323.83,D
May,22,10:30:00,1.0,333.0,1.0,0.003,323.84,D
May,22,11:00:00,0.9925,401.0,2.0,0.005,327.72,D
May,22,11:30:00,1.0,451.0,2.0,0.0044,328.16,D
May,22,12:00:00,1.0,416.0,1.0,0.0024,312.6,D
May,22,12:30:00,0.8,488.0,8.0,0.0164,310.44,D
May,22,13:00:00,0.918,432.0,5.0,0.0116,327.51,D
May,22,13:30:00,0.4298,500.0,30.0,0.06,324.96,D
May,22,14:00:00,0.8635,499.0,1.0,0.002,339.12,D
May,22,14:30:00,1.0,418.0,0.0,0.0,348.01,D
May,22,15:00:00,0.9878,493.0,0.0,0.0,329.58,D
May,22,15:30:00,0.9936,467.0,0.0,0.0,358.47,D
May,22,16:00:00,1.0,469.0,1.0,0.0021,323.01,D
May,22,16:30:00,0.9818,496.0,1.0,0.002,346.16,D
May,22,17:00:00,0.8354,501.0,9.0,0.018,376.94,D
May,22,17:30:00,0.9625,374.0,1.0,0.0027,322.36,D
May,22,18:00:00,0.9825,401.0,2.0,0.005,343.26,D
May,22,18:30:00,0.9941,340.0,2.0,0.0059,323.18,D
May,22,19:00:00,0.957,351.0,2.0,0.0057,292.92,D
May,22,19:30:00,0.9627,269.0,1.0,0.0037,334.48,D
May,22,20:00:00,0.8382,277.0,5.0,0.0181,307.41,D
May,22,20:30:00,0.9902,205.0,1.0,0.0049,313.17,D
May,22,21:00:00,0.8488,210.0,5.0,0.0238,295.64,D
May,22,21:30:00,0.9222,167.0,0.0,0.0,313.4,D
May,22,22:00:00,1.0,102.0,2.0,0.0196,363.56,D
May,22,22:30:00,1.0,86.0,1.0,0.0116,331.91,D
May,22,23:00:00,1.0,72.0,0.0,0.0,405.99,D
May,22,23:30:00,1.0,51.0,0.0,0.0,369.69,D
May,23,00:00:00,1.0,39.0,1.0,0.0256,384.74,D
May,23,00:30:00,1.0,25.0,0.0,0.0,367.64,D
May,23,01:00:00,1.0,17.0,0.0,0.0,297.35,D
May,23,01:30:00,1.0,9.0,1.0,0.1111,235.38,D
May,23,02:00:00,1.0,4.0,0.0,0.0,652.5,D
May,23,02:30:00,1.0,4.0,0.0,0.0,230.5,D
May,23,03:00:00,1.0,4.0,0.0,0.0,502.25,D
May,23,03:30:00,1.0,0.0,0.0,0.0,502.25,D
May,23,04:00:00,1.0,0.0,0.0,0.0,502.25,D
May,23,04:30:00,1.0,1.0,0.0,0.0,964.0,D
May,23,05:00:00,1.0,0.0,0.0,0.0,964.0,D
May,23,05:30:00,1.0,0.0,0.0,0.0,964.0,D
May,23,06:00:00,0.9333,15.0,0.0,0.0,271.53,D
May,23,06:30:00,0.8235,18.0,1.0,0.0556,259.59,D
May,23,07:00:00,0.9697,36.0,3.0,0.0833,321.85,D
May,23,07:30:00,0.9706,68.0,0.0,0.0,314.47,D
May,23,08:00:00,0.9914,116.0,0.0,0.0,255.55,D
May,23,08:30:00,0.9305,187.0,0.0,0.0,274.54,D
May,23,09:00:00,0.988,253.0,4.0,0.0158,289.19,D
May,23,09:30:00,0.868,308.0,5.0,0.0162,322.37,D
May,23,10:00:00,0.8092,396.0,3.0,0.0076,292.54,D
May,23,10:30:00,0.9903,414.0,1.0,0.0024,327.32,D
May,23,11:00:00,0.9533,412.0,5.0,0.0121,316.3,D
May,23,11:30:00,0.9781,461.0,4.0,0.0087,328.74,D
May,23,12:00:00,0.9374,433.0,2.0,0.0046,318.34,D
May,23,12:30:00,0.8656,444.0,5.0,0.0113,329.96,D
May,23,13:00:00,0.9803,457.0,0.0,0.0,323.43,D
May,23,13:30:00,0.9977,441.0,0.0,0.0,334.66,D
May,23,14:00:00,0.8694,495.0,5.0,0.0101,339.2,D
May,23,14:30:00,0.7364,470.0,11.0,0.0234,310.16,D
May,23,15:00:00,0.8309,374.0,37.0,0.0989,366.44,D
May,23,15:30:00,0.6512,387.0,172.0,0.4444,358.95,D
May,23,16:00:00,0.4694,605.0,147.0,0.243,277.4,D
May,23,16:30:00,0.4758,511.0,36.0,0.0705,308.63,D
May,23,17:00:00,0.697,444.0,5.0,0.0113,343.67,D
May,23,17:30:00,0.8838,373.0,3.0,0.008,352.71,D
May,23,18:00:00,1.0,311.0,0.0,0.0,325.84,D
May,23,18:30:00,1.0,279.0,2.0,0.0072,295.87,D
May,23,19:00:00,1.0,247.0,0.0,0.0,307.22,D
May,23,19:30:00,0.856,257.0,7.0,0.0272,334.16,D
May,23,20:00:00,0.6154,202.0,7.0,0.0347,322.13,D
May,23,20:30:00,0.7624,206.0,4.0,0.0194,301.49,D
May,23,21:00:00,0.8027,149.0,2.0,0.0134,316.09,D
May,23,21:30:00,0.8062,136.0,7.0,0.0515,280.92,D
May,23,22:00:00,0.899,99.0,0.0,0.0,329.35,D
May,23,22:30:00,0.9753,81.0,0.0,0.0,295.49,D
May,23,23:00:00,1.0,70.0,0.0,0.0,347.4,D
May,23,23:30:00,1.0,33.0,0.0,0.0,323.67,D
May,24,00:00:00,1.0,36.0,0.0,0.0,315.28,D
May,24,00:30:00,1.0,23.0,0.0,0.0,441.43,D
May,24,01:00:00,1.0,22.0,0.0,0.0,368.05,D
May,24,01:30:00,1.0,13.0,0.0,0.0,269.23,D
May,24,02:00:00,0.9,10.0,0.0,0.0,465.4,D
May,24,02:30:00,1.0,8.0,0.0,0.0,181.38,D
May,24,03:00:00,1.0,0.0,0.0,0.0,181.38,D
May,24,03:30:00,1.0,0.0,0.0,0.0,181.38,D
May,24,04:00:00,1.0,0.0,0.0,0.0,181.38,D
May,24,04:30:00,1.0,0.0,0.0,0.0,181.38,D
May,24,05:00:00,1.0,0.0,0.0,0.0,181.38,D
May,24,05:30:00,1.0,0.0,0.0,0.0,181.38,D
May,24,06:00:00,0.8182,11.0,0.0,0.0,330.55,D
May,24,06:30:00,0.8,11.0,1.0,0.0909,244.7,D
May,24,07:00:00,0.9048,21.0,0.0,0.0,220.62,D
May,24,07:30:00,0.9796,49.0,0.0,0.0,305.18,D
May,24,08:00:00,0.9531,65.0,1.0,0.0154,309.47,D
May,24,08:30:00,0.9115,115.0,2.0,0.0174,256.52,D
May,24,09:00:00,0.9688,129.0,1.0,0.0078,300.66,D
May,24,09:30:00,1.0,164.0,0.0,0.0,283.59,D
May,24,10:00:00,0.9955,220.0,0.0,0.0,300.83,D
May,24,10:30:00,0.9873,238.0,1.0,0.0042,292.25,D
May,24,11:00:00,1.0,250.0,3.0,0.012,279.46,D
May,24,11:30:00,0.9963,269.0,1.0,0.0037,295.38,D
May,24,12:00:00,0.9904,314.0,0.0,0.0,287.07,D
May,24,12:30:00,0.993,287.0,2.0,0.007,279.17,D
May,24,13:00:00,0.9672,276.0,2.0,0.0072,330.02,D
May,24,13:30:00,0.986,287.0,1.0,0.0035,291.88,D
May,24,14:00:00,0.9531,325.0,5.0,0.0154,288.1,D
May,24,14:30:00,0.4233,354.0,28.0,0.0791,298.77,D
May,24,15:00:00,0.6863,328.0,6.0,0.0183,287.23,D
May,24,15:30:00,0.8571,283.0,3.0,0.0106,273.33,D
May,24,16:00:00,0.8085,283.0,1.0,0.0035,306.16,D
May,24,16:30:00,0.989,273.0,0.0,0.0,311.27,D
May,24,17:00:00,0.9954,219.0,2.0,0.0091,293.39,D
May,24,17:30:00,1.0,223.0,1.0,0.0045,298.37,D
May,24,18:00:00,1.0,208.0,0.0,0.0,326.97,D
May,24,18:30:00,0.9943,175.0,0.0,0.0,351.26,D
May,24,19:00:00,1.0,182.0,0.0,0.0,314.73,D
May,24,19:30:00,0.9941,171.0,1.0,0.0058,347.6,D
May,24,20:00:00,1.0,130.0,0.0,0.0,264.41,D
May,24,20:30:00,1.0,109.0,0.0,0.0,291.56,D
May,24,21:00:00,1.0,96.0,0.0,0.0,301.57,D
May,24,21:30:00,1.0,80.0,1.0,0.0125,343.76,D
May,24,22:00:00,0.9667,90.0,0.0,0.0,268.03,D
May,24,22:30:00,1.0,67.0,0.0,0.0,323.42,D
May,24,23:00:00,1.0,41.0,0.0,0.0,285.76,D
May,24,23:30:00,1.0,39.0,0.0,0.0,264.82,D
May,25,00:00:00,0.9394,33.0,0.0,0.0,304.58,D
May,25,00:30:00,1.0,19.0,0.0,0.0,453.74,D
May,25,01:00:00,1.0,17.0,0.0,0.0,342.35,D
May,25,01:30:00,1.0,9.0,0.0,0.0,359.44,D
May,25,02:00:00,1.0,6.0,0.0,0.0,275.17,D
May,25,02:30:00,1.0,8.0,0.0,0.0,459.0,D
May,25,03:00:00,1.0,1.0,0.0,0.0,299.0,D
May,25,03:30:00,1.0,1.0,0.0,0.0,20.0,D
May,25,04:00:00,1.0,0.0,0.0,0.0,20.0,D
May,25,04:30:00,1.0,1.0,0.0,0.0,356.0,D
May,25,05:00:00,1.0,0.0,0.0,0.0,356.0,D
May,25,05:30:00,1.0,1.0,0.0,0.0,84.0,D
May,25,06:00:00,1.0,4.0,0.0,0.0,183.0,D
May,25,06:30:00,1.0,5.0,0.0,0.0,230.8,D
May,25,07:00:00,0.9444,18.0,0.0,0.0,283.5,D
May,25,07:30:00,1.0,19.0,0.0,0.0,336.74,D
May,25,08:00:00,1.0,35.0,0.0,0.0,335.0,D
May,25,08:30:00,1.0,58.0,0.0,0.0,334.62,D
May,25,09:00:00,1.0,75.0,0.0,0.0,313.52,D
May,25,09:30:00,1.0,88.0,0.0,0.0,247.78,D
May,25,10:00:00,0.9885,87.0,0.0,0.0,251.67,D
May,25,10:30:00,0.7826,141.0,3.0,0.0213,314.53,D
May,25,11:00:00,0.8986,150.0,2.0,0.0133,296.03,D
May,25,11:30:00,0.9625,162.0,2.0,0.0123,296.07,D
May,25,12:00:00,0.929,171.0,2.0,0.0117,299.4,D
May,25,12:30:00,0.9581,169.0,2.0,0.0118,311.04,D
May,25,13:00:00,0.8278,213.0,4.0,0.0188,306.6,D
May,25,13:30:00,0.9944,178.0,0.0,0.0,287.11,D
May,25,14:00:00,1.0,174.0,1.0,0.0057,288.5,D
May,25,14:30:00,1.0,178.0,2.0,0.0112,264.37,D
May,25,15:00:00,1.0,186.0,0.0,0.0,281.79,D
May,25,15:30:00,0.8267,208.0,6.0,0.0288,280.23,D
May,25,16:00:00,0.9941,171.0,2.0,0.0117,281.76,D
May,25,16:30:00,0.9934,151.0,0.0,0.0,291.72,D
May,25,17:00:00,0.9938,162.0,0.0,0.0,354.76,D
May,25,17:30:00,1.0,173.0,2.0,0.0116,305.51,D
May,25,18:00:00,1.0,150.0,1.0,0.0067,259.44,D
May,25,18:30:00,1.0,158.0,0.0,0.0,264.37,D
May,25,19:00:00,1.0,127.0,0.0,0.0,279.44,D
May,25,19:30:00,0.9925,134.0,0.0,0.0,305.62,D
May,25,20:00:00,1.0,112.0,0.0,0.0,298.02,D
May,25,20:30:00,1.0,85.0,0.0,0.0,239.68,D
May,25,21:00:00,1.0,96.0,1.0,0.0104,295.2,D
May,25,21:30:00,1.0,64.0,0.0,0.0,288.8,D
May,25,22:00:00,1.0,51.0,1.0,0.0196,248.9,D
May,25,22:30:00,1.0,55.0,0.0,0.0,286.73,D
May,25,23:00:00,1.0,34.0,0.0,0.0,315.88,D
May,25,23:30:00,1.0,37.0,0.0,0.0,240.92,D
May,26,00:00:00,1.0,35.0,0.0,0.0,318.83,D
May,26,00:30:00,1.0,18.0,0.0,0.0,285.5,D
May,26,01:00:00,1.0,13.0,0.0,0.0,332.31,D
May,26,01:30:00,1.0,15.0,0.0,0.0,273.0,D
May,26,02:00:00,1.0,4.0,0.0,0.0,184.0,D
May,26,02:30:00,1.0,5.0,0.0,0.0,192.4,D
May,26,03:00:00,1.0,6.0,0.0,0.0,269.0,D
May,26,03:30:00,1.0,6.0,0.0,0.0,537.33,D
May,26,04:00:00,1.0,1.0,0.0,0.0,239.0,D
May,26,04:30:00,1.0,3.0,0.0,0.0,76.67,D
May,26,05:00:00,1.0,5.0,0.0,0.0,176.6,D
May,26,05:30:00,1.0,4.0,0.0,0.0,296.25,D
May,26,06:00:00,1.0,9.0,0.0,0.0,317.78,D
May,26,06:30:00,1.0,8.0,0.0,0.0,185.0,D
May,26,07:00:00,1.0,27.0,0.0,0.0,242.74,D
May,26,07:30:00,1.0,30.0,0.0,0.0,283.77,D
May,26,08:00:00,1.0,58.0,1.0,0.0172,286.47,D
May,26,08:30:00,1.0,65.0,0.0,0.0,281.34,D
May,26,09:00:00,1.0,115.0,0.0,0.0,272.53,D
May,26,09:30:00,1.0,167.0,1.0,0.006,271.77,D
May,26,10:00:00,0.9947,187.0,0.0,0.0,270.86,D
May,26,10:30:00,0.9709,206.0,0.0,0.0,298.69,D
May,26,11:00:00,1.0,189.0,3.0,0.0159,292.07,D
May,26,11:30:00,0.9586,270.0,4.0,0.0148,303.48,D
May,26,12:00:00,0.9878,245.0,0.0,0.0,287.39,D
May,26,12:30:00,0.9913,229.0,0.0,0.0,276.33,D
May,26,13:00:00,0.9843,254.0,0.0,0.0,291.07,D
May,26,13:30:00,0.7673,247.0,2.0,0.0081,282.19,D
May,26,14:00:00,0.9617,235.0,0.0,0.0,278.15,D
May,26,14:30:00,0.9953,213.0,0.0,0.0,306.6,D
May,26,15:00:00,1.0,246.0,0.0,0.0,260.19,D
May,26,15:30:00,1.0,211.0,2.0,0.0095,310.35,D
May,26,16:00:00,1.0,231.0,0.0,0.0,316.11,D
May,26,16:30:00,0.9959,246.0,0.0,0.0,308.91,D
May,26,17:00:00,1.0,216.0,2.0,0.0093,301.14,D
May,26,17:30:00,0.9729,225.0,4.0,0.0178,320.98,D
May,26,18:00:00,0.9951,204.0,0.0,0.0,301.3,D
May,26,18:30:00,1.0,183.0,0.0,0.0,340.39,D
May,26,19:00:00,0.9867,151.0,1.0,0.0066,300.15,D
May,26,19:30:00,1.0,181.0,0.0,0.0,321.61,D
May,26,20:00:00,1.0,140.0,0.0,0.0,312.06,D
May,26,20:30:00,1.0,110.0,0.0,0.0,304.84,D
May,26,21:00:00,0.8842,98.0,3.0,0.0306,257.07,D
May,26,21:30:00,1.0,85.0,1.0,0.0118,288.67,D
May,26,22:00:00,1.0,71.0,0.0,0.0,316.27,D
May,26,22:30:00,1.0,64.0,0.0,0.0,325.0,D
May,26,23:00:00,1.0,56.0,1.0,0.0179,298.64,D
May,26,23:30:00,1.0,50.0,0.0,0.0,329.86,D
May,27,00:00:00,1.0,28.0,1.0,0.0357,256.0,D
May,27,00:30:00,1.0,15.0,0.0,0.0,239.6,D
May,27,01:00:00,1.0,21.0,0.0,0.0,315.33,D
May,27,01:30:00,1.0,11.0,0.0,0.0,350.73,D
May,27,02:00:00,0.9,13.0,3.0,0.2308,261.1,D
May,27,02:30:00,0.7059,17.0,0.0,0.0,296.71,D
May,27,03:00:00,1.0,1.0,0.0,0.0,207.0,D
May,27,03:30:00,1.0,1.0,0.0,0.0,297.0,D
May,27,04:00:00,1.0,0.0,0.0,0.0,297.0,D
May,27,04:30:00,1.0,1.0,0.0,0.0,176.0,D
May,27,05:00:00,1.0,1.0,0.0,0.0,189.0,D
May,27,05:30:00,1.0,0.0,0.0,0.0,189.0,D
May,27,06:00:00,1.0,12.0,0.0,0.0,219.5,D
May,27,06:30:00,0.8667,15.0,0.0,0.0,197.47,D
May,27,07:00:00,0.9688,32.0,0.0,0.0,335.09,D
May,27,07:30:00,1.0,59.0,0.0,0.0,262.59,D
May,27,08:00:00,1.0,121.0,0.0,0.0,302.89,D
May,27,08:30:00,0.9617,183.0,0.0,0.0,289.62,D
May,27,09:00:00,0.9176,267.0,0.0,0.0,313.39,D
May,27,09:30:00,0.9933,301.0,1.0,0.0033,270.85,D
May,27,10:00:00,0.9836,367.0,1.0,0.0027,309.85,D
May,27,10:30:00,0.9049,393.0,4.0,0.0102,304.86,D
May,27,11:00:00,0.6871,451.0,10.0,0.0222,326.17,D
May,27,11:30:00,0.63,450.0,23.0,0.0511,329.31,D
May,27,12:00:00,0.834,508.0,2.0,0.0039,322.87,D
May,27,12:30:00,0.9466,490.0,3.0,0.0061,329.15,D
May,27,13:00:00,0.5,497.0,19.0,0.0382,307.26,D
May,27,13:30:00,0.9439,451.0,5.0,0.0111,313.18,D
May,27,14:00:00,0.5758,578.0,17.0,0.0294,323.95,D
May,27,14:30:00,0.7902,535.0,6.0,0.0112,320.36,D
May,27,15:00:00,0.6445,478.0,11.0,0.023,333.82,D
May,27,15:30:00,0.4175,521.0,42.0,0.0806,333.66,D
May,27,16:00:00,0.6649,567.0,12.0,0.0212,330.59,D
May,27,16:30:00,0.9961,519.0,1.0,0.0019,324.89,D
May,27,17:00:00,0.9918,485.0,0.0,0.0,341.93,D
May,27,17:30:00,0.946,464.0,1.0,0.0022,312.94,D
May,27,18:00:00,0.9467,396.0,2.0,0.0051,320.59,D
May,27,18:30:00,0.9504,364.0,1.0,0.0027,299.27,D
May,27,19:00:00,0.9851,338.0,2.0,0.0059,303.99,D
May,27,19:30:00,0.9565,302.0,3.0,0.0099,313.79,D
May,27,20:00:00,0.5285,285.0,22.0,0.0772,324.03,D
May,27,20:30:00,0.5299,256.0,5.0,0.0195,368.88,D
May,27,21:00:00,0.7405,162.0,4.0,0.0247,327.36,D
May,27,21:30:00,0.538,171.0,13.0,0.076,346.53,D
May,27,22:00:00,0.4959,129.0,6.0,0.0465,417.66,D
May,27,22:30:00,0.6698,108.0,2.0,0.0185,350.54,D
May,27,23:00:00,0.9659,89.0,1.0,0.0112,331.64,D
May,27,23:30:00,1.0,54.0,1.0,0.0185,334.98,D
May,28,00:00:00,1.0,27.0,0.0,0.0,294.37,D
May,28,00:30:00,1.0,26.0,0.0,0.0,331.92,D
May,28,01:00:00,1.0,24.0,0.0,0.0,321.79,D
May,28,01:30:00,1.0,17.0,0.0,0.0,370.18,D
May,28,02:00:00,1.0,12.0,1.0,0.0833,344.27,D
May,28,02:30:00,1.0,10.0,0.0,0.0,317.0,D
May,28,03:00:00,1.0,6.0,1.0,0.1667,280.8,D
May,28,03:30:00,1.0,1.0,0.0,0.0,797.0,D
May,28,04:00:00,1.0,0.0,0.0,0.0,797.0,D
May,28,04:30:00,1.0,1.0,1.0,1.0,797.0,D
May,28,05:00:00,1.0,0.0,0.0,1.0,797.0,D
May,28,05:30:00,1.0,1.0,0.0,0.0,227.0,D
May,28,06:00:00,1.0,10.0,0.0,0.0,306.4,D
May,28,06:30:00,0.8889,23.0,5.0,0.2174,235.56,D
May,28,07:00:00,0.9302,43.0,0.0,0.0,304.63,D
May,28,07:30:00,0.9375,80.0,0.0,0.0,266.7,D
May,28,08:00:00,1.0,119.0,1.0,0.0084,299.93,D
May,28,08:30:00,0.9557,159.0,1.0,0.0063,271.34,D
May,28,09:00:00,0.9676,279.0,1.0,0.0036,274.06,D
May,28,09:30:00,0.9375,306.0,2.0,0.0065,292.24,D
May,28,10:00:00,0.8987,387.0,2.0,0.0052,301.17,D
May,28,10:30:00,0.63,388.0,15.0,0.0387,315.14,D
May,28,11:00:00,0.6884,436.0,6.0,0.0138,312.93,D
May,28,11:30:00,0.8665,461.0,4.0,0.0087,299.95,D
May,28,12:00:00,0.9478,460.0,0.0,0.0,314.01,D
May,28,12:30:00,0.926,449.0,3.0,0.0067,293.86,D
May,28,13:00:00,0.6651,465.0,26.0,0.0559,333.18,D
May,28,13:30:00,0.6417,487.0,7.0,0.0144,325.63,D
May,28,14:00:00,0.9919,491.0,0.0,0.0,319.65,D
May,28,14:30:00,0.9779,453.0,1.0,0.0022,318.28,D
May,28,15:00:00,0.9715,494.0,2.0,0.004,303.33,D
May,28,15:30:00,0.6935,468.0,8.0,0.0171,328.8,D
May,28,16:00:00,0.7731,488.0,12.0,0.0246,324.57,D
May,28,16:30:00,0.9776,494.0,2.0,0.004,335.13,D
May,28,17:00:00,0.6182,342.0,122.0,0.3567,381.02,D
May,28,17:30:00,0.4453,508.0,124.0,0.2441,299.87,D
May,28,18:00:00,0.3333,428.0,41.0,0.0958,309.41,D
May,28,18:30:00,0.6223,374.0,6.0,0.016,316.62,D
May,28,19:00:00,0.9815,325.0,1.0,0.0031,282.85,D
May,28,19:30:00,0.9964,280.0,0.0,0.0,301.44,D
May,28,20:00:00,0.75,258.0,2.0,0.0078,335.99,D
May,28,20:30:00,0.8485,236.0,5.0,0.0212,328.65,D
May,28,21:00:00,0.8023,176.0,4.0,0.0227,329.78,D
May,28,21:30:00,0.9448,164.0,1.0,0.0061,311.22,D
May,28,22:00:00,0.9905,105.0,0.0,0.0,286.44,D
May,28,22:30:00,1.0,86.0,0.0,0.0,298.42,D
May,28,23:00:00,1.0,76.0,1.0,0.0132,312.28,D
May,28,23:30:00,1.0,60.0,1.0,0.0167,259.83,D
May,29,00:00:00,1.0,46.0,0.0,0.0,302.72,D
May,29,00:30:00,1.0,29.0,0.0,0.0,338.59,D
May,29,01:00:00,1.0,20.0,0.0,0.0,352.15,D
May,29,01:30:00,1.0,22.0,0.0,0.0,316.18,D
May,29,02:00:00,1.0,6.0,0.0,0.0,214.33,D
May,29,02:30:00,1.0,10.0,0.0,0.0,291.4,D
May,29,03:00:00,0.6667,3.0,0.0,0.0,152.33,D
May,29,03:30:00,0.6667,0.0,0.0,0.0,152.33,D
May,29,04:00:00,1.0,1.0,0.0,0.0,276.0,D
May,29,04:30:00,1.0,1.0,0.0,0.0,308.0,D
May,29,05:00:00,1.0,0.0,0.0,0.0,308.0,D
May,29,05:30:00,1.0,0.0,0.0,0.0,308.0,D
May,29,06:00:00,1.0,8.0,0.0,0.0,218.25,D
May,29,06:30:00,0.9063,33.0,1.0,0.0303,287.53,D
May,29,07:00:00,0.9688,32.0,0.0,0.0,268.16,D
May,29,07:30:00,1.0,64.0,0.0,0.0,231.33,D
May,29,08:00:00,0.9826,116.0,1.0,0.0086,268.29,D
May,29,08:30:00,0.6863,160.0,7.0,0.0438,284.8,D
May,29,09:00:00,0.8961,233.0,2.0,0.0086,297.42,D
May,29,09:30:00,0.8737,287.0,2.0,0.007,270.95,D
May,29,10:00:00,0.7814,342.0,8.0,0.0234,310.14,D
May,29,10:30:00,0.7912,353.0,13.0,0.0368,302.01,D
May,29,11:00:00,0.9045,441.0,1.0,0.0023,335.19,D
May,29,11:30:00,0.9866,448.0,0.0,0.0,333.31,D
May,29,12:00:00,0.9768,476.0,1.0,0.0021,334.91,D
May,29,12:30:00,0.9705,442.0,2.0,0.0045,307.93,D
May,29,13:00:00,0.7506,445.0,8.0,0.018,306.01,D
May,29,13:30:00,0.9807,467.0,1.0,0.0021,310.33,D
May,29,14:00:00,0.7112,474.0,17.0,0.0359,307.69,D
May,29,14:30:00,0.865,475.0,1.0,0.0021,330.89,D
May,29,15:00:00,0.9951,411.0,2.0,0.0049,316.18,D
May,29,15:30:00,0.9919,494.0,0.0,0.0,298.63,D
May,29,16:00:00,0.9958,473.0,0.0,0.0,290.86,D
May,29,16:30:00,1.0,445.0,0.0,0.0,338.18,D
May,29,17:00:00,0.9953,425.0,1.0,0.0024,326.93,D
May,29,17:30:00,0.9971,340.0,0.0,0.0,327.23,D
May,29,18:00:00,0.9971,339.0,0.0,0.0,304.86,D
May,29,18:30:00,0.9965,289.0,0.0,0.0,302.38,D
May,29,19:00:00,0.9648,286.0,2.0,0.007,280.75,D
May,29,19:30:00,0.9698,265.0,0.0,0.0,323.37,D
May,29,20:00:00,0.9836,244.0,0.0,0.0,336.3,D
May,29,20:30:00,0.9792,194.0,2.0,0.0103,319.73,D
May,29,21:00:00,0.9935,154.0,0.0,0.0,307.45,D
May,29,21:30:00,1.0,128.0,0.0,0.0,288.11,D
May,29,22:00:00,1.0,101.0,0.0,0.0,354.62,D
May,29,22:30:00,1.0,96.0,0.0,0.0,291.65,D
May,29,23:00:00,1.0,43.0,0.0,0.0,292.58,D
May,29,23:30:00,1.0,55.0,0.0,0.0,335.6,D
May,30,00:00:00,1.0,38.0,0.0,0.0,320.97,D
May,30,00:30:00,1.0,23.0,0.0,0.0,225.22,D
May,30,01:00:00,1.0,22.0,1.0,0.0455,377.1,D
May,30,01:30:00,1.0,15.0,0.0,0.0,416.87,D
May,30,02:00:00,1.0,5.0,0.0,0.0,524.4,D
May,30,02:30:00,1.0,12.0,0.0,0.0,233.5,D
May,30,03:00:00,1.0,4.0,1.0,0.25,490.33,D
May,30,03:30:00,1.0,0.0,0.0,0.25,490.33,D
May,30,04:00:00,1.0,0.0,0.0,0.25,490.33,D
May,30,04:30:00,1.0,0.0,0.0,0.25,490.33,D
May,30,05:00:00,1.0,0.0,0.0,0.25,490.33,D
May,30,05:30:00,1.0,0.0,0.0,0.25,490.33,D
May,30,06:00:00,0.9091,11.0,0.0,0.0,173.55,D
May,30,06:30:00,0.913,23.0,0.0,0.0,289.0,D
May,30,07:00:00,1.0,48.0,0.0,0.0,201.94,D
May,30,07:30:00,0.9744,79.0,1.0,0.0127,244.22,D
May,30,08:00:00,1.0,131.0,2.0,0.0153,272.53,D
May,30,08:30:00,0.9943,174.0,0.0,0.0,267.37,D
May,30,09:00:00,0.93,248.0,5.0,0.0202,264.58,D
May,30,09:30:00,0.75,326.0,6.0,0.0184,299.02,D
May,30,10:00:00,0.9488,372.0,1.0,0.0027,270.54,D
May,30,10:30:00,0.9462,394.0,4.0,0.0102,318.23,D
May,30,11:00:00,0.9702,403.0,0.0,0.0,306.91,D
May,30,11:30:00,0.9148,463.0,5.0,0.0108,318.55,D
May,30,12:00:00,0.9953,422.0,0.0,0.0,322.14,D
May,30,12:30:00,0.9956,454.0,1.0,0.0022,294.86,D
May,30,13:00:00,0.9978,467.0,3.0,0.0064,286.25,D
May,30,13:30:00,0.9979,468.0,2.0,0.0043,294.82,D
May,30,14:00:00,0.9106,496.0,4.0,0.0081,298.25,D
May,30,14:30:00,0.8016,515.0,6.0,0.0117,318.02,D
May,30,15:00:00,0.9936,472.0,0.0,0.0,305.71,D
May,30,15:30:00,0.9886,437.0,0.0,0.0,315.45,D
May,30,16:00:00,0.9536,497.0,1.0,0.002,334.06,D
May,30,16:30:00,0.9861,433.0,1.0,0.0023,292.61,D
May,30,17:00:00,0.9027,413.0,2.0,0.0048,323.23,D
May,30,17:30:00,0.5154,380.0,23.0,0.0605,318.43,D
May,30,18:00:00,0.941,341.0,2.0,0.0059,302.68,D
May,30,18:30:00,0.9895,288.0,2.0,0.0069,320.33,D
May,30,19:00:00,0.9554,224.0,0.0,0.0,317.0,D
May,30,19:30:00,0.7269,245.0,7.0,0.0286,284.98,D
May,30,20:00:00,0.955,222.0,0.0,0.0,297.4,D
May,30,20:30:00,0.994,167.0,0.0,0.0,309.05,D
May,30,21:00:00,0.9063,163.0,3.0,0.0184,275.16,D
May,30,21:30:00,0.958,119.0,0.0,0.0,352.36,D
May,30,22:00:00,0.9914,116.0,0.0,0.0,285.33,D
May,30,22:30:00,1.0,75.0,0.0,0.0,259.89,D
May,30,23:00:00,1.0,49.0,0.0,0.0,267.06,D
May,30,23:30:00,1.0,31.0,0.0,0.0,340.74,D
May,31,00:00:00,1.0,28.0,0.0,0.0,211.21,D
May,31,00:30:00,0.96,26.0,1.0,0.0385,350.88,D
May,31,01:00:00,1.0,20.0,0.0,0.0,267.55,D
May,31,01:30:00,1.0,11.0,0.0,0.0,235.55,D
May,31,02:00:00,1.0,8.0,1.0,0.125,242.43,D
May,31,02:30:00,1.0,5.0,0.0,0.0,279.4,D
May,31,03:00:00,1.0,0.0,0.0,0.0,279.4,D
May,31,03:30:00,1.0,1.0,0.0,0.0,262.0,D
May,31,04:00:00,1.0,0.0,0.0,0.0,262.0,D
May,31,04:30:00,1.0,0.0,0.0,0.0,262.0,D
May,31,05:00:00,1.0,0.0,0.0,0.0,262.0,D
May,31,05:30:00,1.0,0.0,0.0,0.0,262.0,D
May,31,06:00:00,0.8889,9.0,0.0,0.0,195.67,D
May,31,06:30:00,1.0,11.0,1.0,0.0909,256.2,D
May,31,07:00:00,0.963,27.0,0.0,0.0,227.7,D
May,31,07:30:00,1.0,34.0,0.0,0.0,216.47,D
May,31,08:00:00,1.0,68.0,0.0,0.0,249.69,D
May,31,08:30:00,0.9346,108.0,1.0,0.0093,254.92,D
May,31,09:00:00,0.9392,149.0,1.0,0.0067,265.62,D
May,31,09:30:00,0.523,181.0,7.0,0.0387,280.11,D
May,31,10:00:00,0.7674,217.0,2.0,0.0092,285.41,D
May,31,10:30:00,0.4319,255.0,42.0,0.1647,299.29,D
May,31,11:00:00,0.7053,317.0,15.0,0.0473,321.12,D
May,31,11:30:00,0.9133,324.0,1.0,0.0031,303.16,D
May,31,12:00:00,0.8997,330.0,1.0,0.003,295.26,D
May,31,12:30:00,0.8195,352.0,3.0,0.0085,321.02,D
May,31,13:00:00,0.8446,346.0,5.0,0.0145,297.57,D
May,31,13:30:00,0.7989,354.0,6.0,0.0169,293.08,D
May,31,14:00:00,0.9226,327.0,4.0,0.0122,284.29,D
May,31,14:30:00,0.4742,344.0,15.0,0.0436,311.12,D
May,31,15:00:00,0.9379,339.0,1.0,0.0029,295.01,D
May,31,15:30:00,0.9813,321.0,0.0,0.0,313.67,D
May,31,16:00:00,0.9967,299.0,0.0,0.0,316.83,D
May,31,16:30:00,0.9967,308.0,2.0,0.0065,276.6,D
May,31,17:00:00,1.0,270.0,0.0,0.0,311.8,D
May,31,17:30:00,1.0,230.0,0.0,0.0,313.3,D
May,31,18:00:00,0.9955,221.0,0.0,0.0,311.23,D
May,31,18:30:00,0.9953,213.0,0.0,0.0,296.73,D
May,31,19:00:00,0.9619,210.0,0.0,0.0,307.61,D
May,31,19:30:00,0.9876,162.0,1.0,0.0062,341.17,D
May,31,20:00:00,1.0,143.0,0.0,0.0,277.39,D
May,31,20:30:00,1.0,143.0,0.0,0.0,279.87,D
May,31,21:00:00,0.9063,131.0,3.0,0.0229,278.44,D
May,31,21:30:00,0.9901,101.0,0.0,0.0,295.75,D
May,31,22:00:00,1.0,68.0,1.0,0.0147,253.7,D
May,31,22:30:00,1.0,56.0,0.0,0.0,251.02,D
May,31,23:00:00,1.0,50.0,0.0,0.0,277.06,D
May,31,23:30:00,1.0,34.0,0.0,0.0,249.74,D
June,1,00:00:00,1.0,28.0,0.0,0.0,267.0,D
June,1,00:30:00,1.0,23.0,0.0,0.0,291.7,D
June,1,01:00:00,1.0,20.0,0.0,0.0,151.6,D
June,1,01:30:00,1.0,7.0,0.0,0.0,542.86,D
June,1,02:00:00,1.0,10.0,0.0,0.0,536.4,D
June,1,02:30:00,1.0,5.0,0.0,0.0,352.8,D
June,1,03:00:00,1.0,0.0,0.0,0.0,352.8,D
June,1,03:30:00,1.0,2.0,0.0,0.0,298.0,D
June,1,04:00:00,1.0,0.0,0.0,0.0,298.0,D
June,1,04:30:00,1.0,0.0,0.0,0.0,298.0,D
June,1,05:00:00,1.0,0.0,0.0,0.0,298.0,D
June,1,05:30:00,1.0,0.0,0.0,0.0,298.0,D
June,1,06:00:00,1.0,4.0,0.0,0.0,209.5,D
June,1,06:30:00,0.9167,12.0,0.0,0.0,199.92,D
June,1,07:00:00,0.9615,26.0,0.0,0.0,324.54,D
June,1,07:30:00,1.0,29.0,0.0,0.0,314.28,D
June,1,08:00:00,1.0,60.0,0.0,0.0,298.95,D
June,1,08:30:00,1.0,74.0,0.0,0.0,337.55,D
June,1,09:00:00,1.0,93.0,0.0,0.0,319.67,D
June,1,09:30:00,1.0,108.0,1.0,0.0093,263.07,D
June,1,10:00:00,0.9265,138.0,2.0,0.0145,284.07,D
June,1,10:30:00,0.5355,166.0,11.0,0.0663,358.92,D
June,1,11:00:00,0.8889,176.0,5.0,0.0284,302.78,D
June,1,11:30:00,0.9948,193.0,2.0,0.0104,307.67,D
June,1,12:00:00,0.9847,196.0,0.0,0.0,319.22,D
June,1,12:30:00,0.8663,205.0,3.0,0.0146,287.21,D
June,1,13:00:00,0.9619,212.0,2.0,0.0094,292.24,D
June,1,13:30:00,1.0,225.0,0.0,0.0,327.84,D
June,1,14:00:00,1.0,212.0,2.0,0.0094,285.17,D
June,1,14:30:00,0.9953,213.0,0.0,0.0,317.01,D
June,1,15:00:00,1.0,204.0,0.0,0.0,296.73,D
June,1,15:30:00,0.9906,213.0,1.0,0.0047,318.69,D
June,1,16:00:00,1.0,206.0,0.0,0.0,285.15,D
June,1,16:30:00,1.0,196.0,0.0,0.0,328.62,D
June,1,17:00:00,1.0,206.0,0.0,0.0,309.13,D
June,1,17:30:00,1.0,186.0,1.0,0.0054,301.79,D
June,1,18:00:00,1.0,176.0,0.0,0.0,307.68,D
June,1,18:30:00,1.0,185.0,1.0,0.0054,277.95,D
June,1,19:00:00,1.0,121.0,0.0,0.0,269.64,D
June,1,19:30:00,1.0,152.0,1.0,0.0066,304.45,D
June,1,20:00:00,1.0,131.0,1.0,0.0076,339.65,D
June,1,20:30:00,0.9766,130.0,2.0,0.0154,268.73,D
June,1,21:00:00,1.0,107.0,0.0,0.0,306.95,D
June,1,21:30:00,1.0,91.0,0.0,0.0,342.47,D
June,1,22:00:00,1.0,88.0,0.0,0.0,305.82,D
June,1,22:30:00,1.0,61.0,0.0,0.0,268.31,D
June,1,23:00:00,1.0,54.0,0.0,0.0,299.39,D
June,1,23:30:00,1.0,49.0,0.0,0.0,243.1,D
June,2,00:00:00,0.9667,30.0,0.0,0.0,326.93,D
June,2,00:30:00,1.0,24.0,1.0,0.0417,284.52,D
June,2,01:00:00,1.0,17.0,0.0,0.0,470.41,D
June,2,01:30:00,1.0,14.0,0.0,0.0,302.0,D
June,2,02:00:00,1.0,7.0,0.0,0.0,416.57,D
June,2,02:30:00,1.0,11.0,1.0,0.0909,280.4,D
June,2,03:00:00,1.0,3.0,0.0,0.0,394.33,D
June,2,03:30:00,1.0,2.0,0.0,0.0,195.5,D
June,2,04:00:00,0.5,9.0,1.0,0.1111,154.0,D
June,2,04:30:00,0.6667,5.0,2.0,0.4,144.0,D
June,2,05:00:00,0.7778,10.0,1.0,0.1,427.22,D
June,2,05:30:00,1.0,1.0,0.0,0.0,255.0,D
June,2,06:00:00,1.0,20.0,2.0,0.1,236.17,D
June,2,06:30:00,0.9583,25.0,1.0,0.04,228.71,D
June,2,07:00:00,0.9412,34.0,0.0,0.0,286.38,D
June,2,07:30:00,0.9821,57.0,1.0,0.0175,261.43,D
June,2,08:00:00,0.9722,108.0,0.0,0.0,259.08,D
June,2,08:30:00,0.9938,162.0,0.0,0.0,291.29,D
June,2,09:00:00,0.9809,314.0,0.0,0.0,304.64,D
June,2,09:30:00,0.5836,367.0,14.0,0.0381,312.61,D
June,2,10:00:00,0.8031,448.0,1.0,0.0022,309.45,D
June,2,10:30:00,0.8705,511.0,9.0,0.0176,312.05,D
June,2,11:00:00,0.9014,509.0,2.0,0.0039,305.78,D
June,2,11:30:00,0.9829,533.0,8.0,0.015,308.53,D
June,2,12:00:00,0.7424,546.0,22.0,0.0403,328.8,D
June,2,12:30:00,0.7458,604.0,10.0,0.0166,334.06,D
June,2,13:00:00,0.9844,517.0,4.0,0.0077,326.73,D
June,2,13:30:00,0.9073,576.0,4.0,0.0069,315.51,D
June,2,14:00:00,0.7575,613.0,11.0,0.0179,316.0,D
June,2,14:30:00,0.9125,609.0,3.0,0.0049,328.17,D
June,2,15:00:00,0.9966,591.0,1.0,0.0017,356.69,D
June,2,15:30:00,1.0,572.0,3.0,0.0052,319.22,D
June,2,16:00:00,0.9932,589.0,2.0,0.0034,318.85,D
June,2,16:30:00,0.9932,585.0,0.0,0.0,327.16,D
June,2,17:00:00,1.0,563.0,3.0,0.0053,323.76,D
June,2,17:30:00,0.9981,516.0,1.0,0.0019,320.82,D
June,2,18:00:00,0.9978,450.0,0.0,0.0,334.71,D
June,2,18:30:00,0.9952,413.0,0.0,0.0,331.93,D
June,2,19:00:00,1.0,371.0,2.0,0.0054,311.49,D
June,2,19:30:00,0.994,331.0,0.0,0.0,301.57,D
June,2,20:00:00,0.9348,327.0,5.0,0.0153,311.3,D
June,2,20:30:00,1.0,256.0,1.0,0.0039,294.49,D
June,2,21:00:00,0.9864,222.0,2.0,0.009,287.8,D
June,2,21:30:00,1.0,133.0,0.0,0.0,323.92,D
June,2,22:00:00,1.0,137.0,2.0,0.0146,339.99,D
June,2,22:30:00,1.0,120.0,2.0,0.0167,306.86,D
June,2,23:00:00,1.0,105.0,1.0,0.0095,364.0,D
June,2,23:30:00,1.0,75.0,0.0,0.0,395.24,D
June,3,00:00:00,1.0,54.0,0.0,0.0,262.54,D
June,3,00:30:00,1.0,32.0,0.0,0.0,331.63,D
June,3,01:00:00,1.0,35.0,0.0,0.0,438.14,D
June,3,01:30:00,1.0,16.0,0.0,0.0,390.94,D
June,3,02:00:00,1.0,17.0,1.0,0.0588,295.13,D
June,3,02:30:00,1.0,11.0,0.0,0.0,325.82,D
June,3,03:00:00,1.0,3.0,0.0,0.0,579.0,D
June,3,03:30:00,1.0,0.0,0.0,0.0,579.0,D
June,3,04:00:00,1.0,0.0,0.0,0.0,579.0,D
June,3,04:30:00,1.0,1.0,0.0,0.0,186.0,D
June,3,05:00:00,1.0,0.0,0.0,0.0,186.0,D
June,3,05:30:00,1.0,1.0,0.0,0.0,429.0,D
June,3,06:00:00,1.0,14.0,0.0,0.0,199.36,D
June,3,06:30:00,1.0,30.0,2.0,0.0667,228.18,D
June,3,07:00:00,0.9615,52.0,0.0,0.0,289.02,D
June,3,07:30:00,1.0,82.0,0.0,0.0,236.88,D
June,3,08:00:00,1.0,136.0,0.0,0.0,245.96,D
June,3,08:30:00,1.0,217.0,0.0,0.0,263.94,D
June,3,09:00:00,1.0,265.0,0.0,0.0,284.56,D
June,3,09:30:00,0.8234,339.0,5.0,0.0147,329.05,D
June,3,10:00:00,0.8907,432.0,2.0,0.0046,310.5,D
June,3,10:30:00,0.9078,439.0,5.0,0.0114,309.96,D
June,3,11:00:00,0.8998,461.0,2.0,0.0043,305.27,D
June,3,11:30:00,0.9684,476.0,1.0,0.0021,302.73,D
June,3,12:00:00,0.9691,520.0,2.0,0.0038,308.25,D
June,3,12:30:00,0.9897,485.0,0.0,0.0,324.62,D
June,3,13:00:00,0.8885,517.0,6.0,0.0116,317.53,D
June,3,13:30:00,0.9066,518.0,4.0,0.0077,319.6,D
June,3,14:00:00,0.9503,545.0,2.0,0.0037,321.81,D
June,3,14:30:00,0.9939,491.0,0.0,0.0,303.57,D
June,3,15:00:00,0.9981,515.0,0.0,0.0,304.49,D
June,3,15:30:00,0.9961,511.0,1.0,0.002,303.17,D
June,3,16:00:00,1.0,550.0,1.0,0.0018,299.69,D
June,3,16:30:00,0.9942,516.0,0.0,0.0,305.81,D
June,3,17:00:00,1.0,457.0,1.0,0.0022,323.41,D
June,3,17:30:00,1.0,418.0,0.0,0.0,315.88,D
June,3,18:00:00,0.9953,429.0,0.0,0.0,310.19,D
June,3,18:30:00,0.9912,342.0,0.0,0.0,306.14,D
June,3,19:00:00,0.9934,303.0,1.0,0.0033,316.37,D
June,3,19:30:00,0.6006,324.0,11.0,0.034,339.86,D
June,3,20:00:00,0.9313,293.0,2.0,0.0068,307.2,D
June,3,20:30:00,0.9951,205.0,1.0,0.0049,307.51,D
June,3,21:00:00,0.9841,192.0,3.0,0.0156,329.31,D
June,3,21:30:00,0.9815,163.0,1.0,0.0061,306.81,D
June,3,22:00:00,1.0,134.0,0.0,0.0,321.13,D
June,3,22:30:00,1.0,113.0,1.0,0.0088,306.28,D
June,3,23:00:00,1.0,102.0,0.0,0.0,336.51,D
June,3,23:30:00,1.0,58.0,0.0,0.0,352.69,D
June,4,00:00:00,1.0,55.0,0.0,0.0,324.96,D
June,4,00:30:00,1.0,35.0,0.0,0.0,331.54,D
June,4,01:00:00,1.0,16.0,0.0,0.0,253.06,D
June,4,01:30:00,1.0,17.0,0.0,0.0,311.53,D
June,4,02:00:00,1.0,13.0,0.0,0.0,312.69,D
June,4,02:30:00,1.0,8.0,0.0,0.0,385.0,D
June,4,03:00:00,1.0,4.0,1.0,0.25,388.33,D
June,4,03:30:00,1.0,0.0,0.0,0.25,388.33,D
June,4,04:00:00,1.0,1.0,0.0,0.0,29.0,D
June,4,05:00:00,1.0,0.0,0.0,0.0,29.0,D
June,4,05:30:00,1.0,0.0,0.0,0.0,29.0,D
June,4,06:00:00,1.0,6.0,0.0,0.0,112.67,D
June,4,06:30:00,1.0,23.0,0.0,0.0,391.65,D
June,4,07:00:00,1.0,39.0,1.0,0.0256,193.82,D
June,4,07:30:00,1.0,71.0,0.0,0.0,291.08,D
June,4,08:00:00,1.0,133.0,0.0,0.0,246.75,D
June,4,08:30:00,0.989,181.0,0.0,0.0,262.94,D
June,4,09:00:00,0.9498,239.0,0.0,0.0,259.38,D
June,4,09:30:00,0.7453,327.0,9.0,0.0275,281.74,D
June,4,10:00:00,0.8134,408.0,6.0,0.0147,307.02,D
June,4,10:30:00,0.9603,405.0,2.0,0.0049,305.34,D
June,4,11:00:00,0.9523,440.0,0.0,0.0,304.06,D
June,4,11:30:00,0.9829,470.0,1.0,0.0021,325.39,D
June,4,12:00:00,0.9956,456.0,0.0,0.0,337.94,D
June,4,12:30:00,0.9913,462.0,2.0,0.0043,323.64,D
June,4,13:00:00,0.5277,514.0,27.0,0.0525,338.45,D
June,4,13:30:00,0.8704,541.0,1.0,0.0018,315.32,D
June,4,14:00:00,0.9941,513.0,1.0,0.0019,307.82,D
June,4,14:30:00,0.8023,536.0,5.0,0.0093,333.31,D
June,4,15:00:00,0.9884,520.0,2.0,0.0038,333.53,D
June,4,15:30:00,0.98,501.0,0.0,0.0,328.29,D
June,4,16:00:00,0.9732,488.0,3.0,0.0061,329.7,D
June,4,16:30:00,0.9939,488.0,0.0,0.0,350.9,D
June,4,17:00:00,1.0,472.0,1.0,0.0021,324.31,D
June,4,17:30:00,0.9976,425.0,1.0,0.0024,330.52,D
June,4,18:00:00,0.9946,374.0,3.0,0.008,354.87,D
June,4,18:30:00,0.9293,389.0,7.0,0.018,322.17,D
June,4,19:00:00,0.9942,351.0,4.0,0.0114,351.37,D
June,4,19:30:00,0.9519,292.0,1.0,0.0034,311.45,D
June,4,20:00:00,0.8737,289.0,4.0,0.0138,291.22,D
June,4,20:30:00,0.9576,237.0,1.0,0.0042,271.28,D
June,4,21:00:00,0.7059,195.0,8.0,0.041,344.55,D
June,4,21:30:00,0.7941,173.0,3.0,0.0173,288.56,D
June,4,22:00:00,1.0,127.0,0.0,0.0,341.21,D
June,4,22:30:00,1.0,133.0,0.0,0.0,351.03,D
June,4,23:00:00,1.0,86.0,0.0,0.0,368.87,D
June,4,23:30:00,0.9867,75.0,0.0,0.0,278.71,D
June,5,00:00:00,1.0,37.0,0.0,0.0,258.08,D
June,5,00:30:00,1.0,28.0,0.0,0.0,416.14,D
June,5,01:00:00,1.0,16.0,0.0,0.0,429.56,D
June,5,01:30:00,1.0,26.0,0.0,0.0,294.58,D
June,5,02:00:00,1.0,14.0,1.0,0.0714,303.15,D
June,5,02:30:00,1.0,8.0,0.0,0.0,354.75,D
June,5,03:00:00,1.0,3.0,0.0,0.0,282.33,D
June,5,03:30:00,1.0,0.0,0.0,0.0,282.33,D
June,5,04:00:00,1.0,0.0,0.0,0.0,282.33,D
June,5,04:30:00,1.0,1.0,0.0,0.0,270.0,D
June,5,05:00:00,1.0,0.0,0.0,0.0,270.0,D
June,5,05:30:00,1.0,1.0,0.0,0.0,252.0,D
June,5,06:00:00,0.9231,13.0,0.0,0.0,227.38,D
June,5,06:30:00,0.8947,23.0,4.0,0.1739,248.68,D
June,5,07:00:00,0.9268,42.0,1.0,0.0238,205.32,D
June,5,07:30:00,0.9833,60.0,0.0,0.0,280.08,D
June,5,08:00:00,1.0,122.0,2.0,0.0164,242.53,D
June,5,08:30:00,0.914,188.0,2.0,0.0106,259.77,D
June,5,09:00:00,0.9913,231.0,0.0,0.0,278.65,D
June,5,09:30:00,0.9398,299.0,0.0,0.0,298.75,D
June,5,10:00:00,0.9939,331.0,1.0,0.003,303.67,D
June,5,10:30:00,0.9647,402.0,5.0,0.0124,299.89,D
June,5,11:00:00,0.9881,419.0,0.0,0.0,297.1,D
June,5,11:30:00,0.973,444.0,0.0,0.0,298.53,D
June,5,12:00:00,0.9913,465.0,4.0,0.0086,286.02,D
June,5,12:30:00,0.9275,475.0,6.0,0.0126,307.45,D
June,5,13:00:00,0.5751,489.0,23.0,0.047,341.59,D
June,5,13:30:00,0.895,479.0,3.0,0.0063,316.68,D
June,5,14:00:00,0.832,521.0,9.0,0.0173,314.01,D
June,5,14:30:00,0.762,513.0,13.0,0.0253,333.92,D
June,5,15:00:00,0.9784,511.0,1.0,0.002,331.26,D
June,5,15:30:00,0.9671,487.0,1.0,0.0021,346.47,D
June,5,16:00:00,0.9782,504.0,0.0,0.0,317.37,D
June,5,16:30:00,0.9867,452.0,0.0,0.0,300.44,D
June,5,17:00:00,0.9737,419.0,0.0,0.0,316.05,D
June,5,17:30:00,0.7643,425.0,5.0,0.0118,322.9,D
June,5,18:00:00,0.9519,396.0,1.0,0.0025,337.2,D
June,5,18:30:00,0.9969,325.0,2.0,0.0062,363.61,D
June,5,19:00:00,0.8319,349.0,4.0,0.0115,313.11,D
June,5,19:30:00,0.6557,282.0,9.0,0.0319,310.95,D
June,5,20:00:00,0.6009,238.0,20.0,0.084,336.71,D
June,5,20:30:00,0.7442,219.0,4.0,0.0183,295.06,D
June,5,21:00:00,0.9623,161.0,2.0,0.0124,312.78,D
June,5,21:30:00,0.9451,166.0,2.0,0.012,338.51,D
June,5,22:00:00,0.9835,121.0,0.0,0.0,285.19,D
June,5,22:30:00,0.9895,95.0,0.0,0.0,301.03,D
June,5,23:00:00,1.0,68.0,0.0,0.0,294.41,D
June,5,23:30:00,1.0,78.0,1.0,0.0128,274.21,D
June,6,00:00:00,1.0,41.0,0.0,0.0,318.24,D
June,6,00:30:00,1.0,36.0,1.0,0.0278,297.69,D
June,6,01:00:00,1.0,26.0,0.0,0.0,576.77,D
June,6,01:30:00,1.0,19.0,0.0,0.0,276.95,D
June,6,02:00:00,1.0,9.0,0.0,0.0,369.11,D
June,6,02:30:00,1.0,7.0,0.0,0.0,318.43,D
June,6,03:00:00,1.0,2.0,0.0,0.0,552.0,D
June,6,03:30:00,1.0,0.0,0.0,0.0,552.0,D
June,6,04:00:00,1.0,2.0,0.0,0.0,643.0,D
June,6,05:00:00,1.0,1.0,0.0,0.0,17.0,D
June,6,05:30:00,1.0,2.0,0.0,0.0,542.0,D
June,6,06:00:00,0.8889,9.0,0.0,0.0,207.56,D
June,6,06:30:00,1.0,25.0,2.0,0.08,190.74,D
June,6,07:00:00,0.9318,45.0,1.0,0.0222,279.61,D
June,6,07:30:00,1.0,79.0,3.0,0.038,274.01,D
June,6,08:00:00,0.9077,132.0,2.0,0.0152,233.43,D
June,6,08:30:00,0.6989,184.0,8.0,0.0435,267.32,D
June,6,09:00:00,0.9426,210.0,1.0,0.0048,295.22,D
June,6,09:30:00,0.7321,298.0,18.0,0.0604,313.76,D
June,6,10:00:00,0.6774,379.0,7.0,0.0185,295.47,D
June,6,10:30:00,0.6685,386.0,15.0,0.0389,304.64,D
June,6,11:00:00,0.924,408.0,0.0,0.0,333.95,D
June,6,11:30:00,0.9976,425.0,0.0,0.0,319.14,D
June,6,12:00:00,0.9978,460.0,3.0,0.0065,312.26,D
June,6,12:30:00,0.9895,479.0,3.0,0.0063,313.89,D
June,6,13:00:00,0.7009,474.0,26.0,0.0549,334.55,D
June,6,13:30:00,0.6336,475.0,11.0,0.0232,343.59,D
June,6,14:00:00,0.825,484.0,4.0,0.0083,306.61,D
June,6,14:30:00,0.9242,464.0,2.0,0.0043,322.0,D
June,6,15:00:00,0.9329,464.0,2.0,0.0043,307.98,D
June,6,15:30:00,0.9978,464.0,1.0,0.0022,309.07,D
June,6,16:00:00,1.0,415.0,2.0,0.0048,316.33,D
June,6,16:30:00,0.9933,452.0,1.0,0.0022,330.83,D
June,6,17:00:00,0.9976,415.0,0.0,0.0,331.61,D
June,6,17:30:00,1.0,408.0,1.0,0.0025,313.47,D
June,6,18:00:00,1.0,342.0,2.0,0.0058,323.92,D
June,6,18:30:00,1.0,299.0,0.0,0.0,288.14,D
June,6,19:00:00,1.0,265.0,1.0,0.0038,320.27,D
June,6,19:30:00,0.9435,230.0,0.0,0.0,341.09,D
June,6,20:00:00,1.0,206.0,0.0,0.0,305.98,D
June,6,20:30:00,1.0,190.0,1.0,0.0053,266.97,D
June,6,21:00:00,0.6452,138.0,14.0,0.1014,317.44,D
June,6,21:30:00,0.8516,132.0,4.0,0.0303,304.69,D
June,6,22:00:00,1.0,100.0,0.0,0.0,268.37,D
June,6,22:30:00,1.0,88.0,0.0,0.0,321.48,D
June,6,23:00:00,1.0,69.0,0.0,0.0,294.46,D
June,6,23:30:00,1.0,56.0,0.0,0.0,328.34,D
June,7,00:00:00,1.0,32.0,0.0,0.0,304.53,D
June,7,00:30:00,1.0,24.0,0.0,0.0,321.46,D
June,7,01:00:00,1.0,23.0,0.0,0.0,283.78,D
June,7,01:30:00,1.0,14.0,0.0,0.0,371.43,D
June,7,02:00:00,0.625,8.0,0.0,0.0,263.88,D
June,7,02:30:00,1.0,2.0,0.0,0.0,1048.5,D
June,7,03:00:00,1.0,2.0,0.0,0.0,327.0,D
June,7,03:30:00,1.0,0.0,0.0,0.0,327.0,D
June,7,04:00:00,1.0,0.0,0.0,0.0,327.0,D
June,7,04:30:00,1.0,0.0,0.0,0.0,327.0,D
June,7,05:00:00,1.0,0.0,0.0,0.0,327.0,D
June,7,05:30:00,1.0,3.0,0.0,0.0,729.67,D
June,7,06:00:00,1.0,8.0,3.0,0.375,357.6,D
June,7,06:30:00,0.9231,15.0,2.0,0.1333,311.85,D
June,7,07:00:00,0.931,29.0,0.0,0.0,247.62,D
June,7,07:30:00,0.8864,45.0,1.0,0.0222,357.39,D
June,7,08:00:00,1.0,67.0,0.0,0.0,271.1,D
June,7,08:30:00,0.9815,108.0,0.0,0.0,230.51,D
June,7,09:00:00,0.9873,157.0,0.0,0.0,289.11,D
June,7,09:30:00,1.0,186.0,0.0,0.0,262.93,D
June,7,10:00:00,0.9954,219.0,0.0,0.0,279.47,D
June,7,10:30:00,0.9811,266.0,1.0,0.0038,269.98,D
June,7,11:00:00,0.9722,289.0,1.0,0.0035,310.85,D
June,7,11:30:00,0.9961,254.0,0.0,0.0,291.02,D
June,7,12:00:00,0.8997,331.0,2.0,0.006,324.07,D
June,7,12:30:00,0.8567,348.0,6.0,0.0172,285.97,D
June,7,13:00:00,0.8482,340.0,4.0,0.0118,296.18,D
June,7,13:30:00,0.8248,336.0,5.0,0.0149,279.33,D
June,7,14:00:00,0.9881,340.0,3.0,0.0088,305.97,D
June,7,14:30:00,0.5506,334.0,18.0,0.0539,313.57,D
June,7,15:00:00,0.9857,280.0,0.0,0.0,288.9,D
June,7,15:30:00,1.0,277.0,3.0,0.0108,304.23,D
June,7,16:00:00,1.0,286.0,1.0,0.0035,318.76,D
June,7,16:30:00,0.996,249.0,1.0,0.004,292.16,D
June,7,17:00:00,0.9915,235.0,1.0,0.0043,292.46,D
June,7,17:30:00,1.0,234.0,0.0,0.0,305.76,D
June,7,18:00:00,0.9913,231.0,1.0,0.0043,281.84,D
June,7,18:30:00,1.0,204.0,0.0,0.0,325.97,D
June,7,19:00:00,1.0,186.0,0.0,0.0,287.67,D
June,7,19:30:00,1.0,151.0,0.0,0.0,316.38,D
June,7,20:00:00,1.0,148.0,0.0,0.0,327.16,D
June,7,20:30:00,1.0,134.0,0.0,0.0,314.52,D
June,7,21:00:00,0.7982,119.0,5.0,0.042,287.84,D
June,7,21:30:00,0.9688,96.0,0.0,0.0,281.57,D
June,7,22:00:00,0.9884,86.0,0.0,0.0,324.48,D
June,7,22:30:00,0.9697,68.0,2.0,0.0294,266.97,D
June,7,23:00:00,1.0,54.0,0.0,0.0,387.41,D
June,7,23:30:00,1.0,45.0,1.0,0.0222,274.36,D
June,8,00:00:00,0.9722,36.0,0.0,0.0,310.86,D
June,8,00:30:00,0.9667,30.0,0.0,0.0,367.23,D
June,8,01:00:00,1.0,16.0,0.0,0.0,403.88,D
June,8,01:30:00,1.0,12.0,0.0,0.0,557.33,D
June,8,02:00:00,1.0,12.0,0.0,0.0,309.5,D
June,8,02:30:00,0.8333,6.0,0.0,0.0,186.67,D
June,8,03:00:00,1.0,3.0,0.0,0.0,357.33,D
June,8,03:30:00,1.0,0.0,0.0,0.0,357.33,D
June,8,04:30:00,1.0,0.0,0.0,0.0,357.33,D
June,8,05:00:00,1.0,1.0,0.0,0.0,442.0,D
June,8,05:30:00,1.0,0.0,0.0,0.0,442.0,D
June,8,06:00:00,0.75,4.0,0.0,0.0,146.75,D
June,8,06:30:00,1.0,12.0,0.0,0.0,216.0,D
June,8,07:00:00,1.0,21.0,0.0,0.0,186.1,D
June,8,07:30:00,0.9615,28.0,2.0,0.0714,224.31,D
June,8,08:00:00,0.9792,49.0,1.0,0.0204,244.46,D
June,8,08:30:00,0.9672,61.0,0.0,0.0,316.9,D
June,8,09:00:00,0.9615,79.0,1.0,0.0127,258.81,D
June,8,09:30:00,0.9327,104.0,0.0,0.0,271.66,D
June,8,10:00:00,0.9643,112.0,0.0,0.0,266.38,D
June,8,10:30:00,0.6863,160.0,7.0,0.0438,274.56,D
June,8,11:00:00,0.7574,173.0,4.0,0.0231,296.04,D
June,8,11:30:00,0.9941,170.0,1.0,0.0059,296.15,D
June,8,12:00:00,0.9884,173.0,1.0,0.0058,282.48,D
June,8,12:30:00,0.9775,180.0,2.0,0.0111,282.47,D
June,8,13:00:00,0.9889,182.0,2.0,0.011,284.23,D
June,8,13:30:00,0.9943,174.0,0.0,0.0,299.61,D
June,8,14:00:00,0.9577,189.0,0.0,0.0,273.47,D
June,8,14:30:00,0.9903,208.0,2.0,0.0096,316.9,D
June,8,15:00:00,0.9771,175.0,0.0,0.0,279.66,D
June,8,15:30:00,0.5934,195.0,13.0,0.0667,299.41,D
June,8,16:00:00,0.6263,196.0,6.0,0.0306,332.72,D
June,8,16:30:00,0.8148,192.0,3.0,0.0156,302.21,D
June,8,17:00:00,0.9253,175.0,1.0,0.0057,317.59,D
June,8,17:30:00,0.975,160.0,0.0,0.0,290.2,D
June,8,18:00:00,0.9818,167.0,2.0,0.012,308.67,D
June,8,18:30:00,0.9536,153.0,2.0,0.0131,294.97,D
June,8,19:00:00,1.0,128.0,0.0,0.0,301.05,D
June,8,19:30:00,0.912,128.0,3.0,0.0234,313.44,D
June,8,20:00:00,0.8374,132.0,9.0,0.0682,358.77,D
June,8,20:30:00,0.9333,120.0,0.0,0.0,329.18,D
June,8,21:00:00,0.913,92.0,0.0,0.0,287.98,D
June,8,21:30:00,0.9589,73.0,0.0,0.0,338.53,D
June,8,22:00:00,0.9861,74.0,2.0,0.027,296.24,D
June,8,22:30:00,0.9688,64.0,0.0,0.0,289.95,D
June,8,23:00:00,1.0,43.0,0.0,0.0,340.98,D
June,8,23:30:00,1.0,65.0,0.0,0.0,343.62,D
June,9,00:00:00,1.0,27.0,1.0,0.037,320.31,D
June,9,00:30:00,1.0,22.0,0.0,0.0,279.55,D
June,9,01:00:00,1.0,12.0,0.0,0.0,228.75,D
June,9,01:30:00,1.0,22.0,1.0,0.0455,297.76,D
June,9,02:00:00,1.0,11.0,0.0,0.0,297.55,D
June,9,02:30:00,1.0,6.0,1.0,0.1667,680.2,D
June,9,03:00:00,1.0,2.0,0.0,0.0,472.5,D
June,9,03:30:00,0.75,5.0,1.0,0.2,311.0,D
June,9,04:00:00,0.6667,6.0,0.0,0.0,303.33,D
June,9,05:00:00,0.5,2.0,0.0,0.0,46.0,D
June,9,05:30:00,0.7143,7.0,0.0,0.0,305.71,D
June,9,06:00:00,0.875,8.0,0.0,0.0,176.5,D
June,9,06:30:00,0.9231,26.0,0.0,0.0,320.23,D
June,9,07:00:00,0.95,40.0,0.0,0.0,196.9,D
June,9,07:30:00,0.9762,43.0,1.0,0.0233,271.26,D
June,9,08:00:00,1.0,101.0,0.0,0.0,268.82,D
June,9,08:30:00,0.9867,151.0,1.0,0.0066,271.35,D
June,9,09:00:00,1.0,229.0,0.0,0.0,279.88,D
June,9,09:30:00,0.8478,290.0,1.0,0.0034,310.07,D
June,9,10:00:00,0.7527,379.0,7.0,0.0185,316.7,D
June,9,10:30:00,0.5085,429.0,16.0,0.0373,303.88,D
June,9,11:00:00,0.7379,460.0,6.0,0.013,316.61,D
June,9,11:30:00,0.7665,483.0,12.0,0.0248,316.29,D
June,9,12:00:00,0.9298,546.0,5.0,0.0092,329.87,D
June,9,12:30:00,0.9863,512.0,1.0,0.002,311.7,D
June,9,13:00:00,0.9947,571.0,0.0,0.0,318.27,D
June,9,13:30:00,0.9347,589.0,7.0,0.0119,320.18,D
June,9,14:00:00,0.8336,579.0,8.0,0.0138,299.69,D
June,9,14:30:00,0.8904,596.0,3.0,0.005,327.94,D
June,9,15:00:00,0.975,562.0,2.0,0.0036,324.86,D
June,9,15:30:00,0.984,568.0,5.0,0.0088,303.67,D
June,9,16:00:00,0.9837,556.0,3.0,0.0054,342.63,D
June,9,16:30:00,0.9797,545.0,3.0,0.0055,348.47,D
June,9,17:00:00,0.8571,535.0,3.0,0.0056,329.44,D
June,9,17:30:00,0.9486,490.0,4.0,0.0082,343.55,D
June,9,18:00:00,0.898,446.0,5.0,0.0112,333.28,D
June,9,18:30:00,0.9828,408.0,0.0,0.0,327.31,D
June,9,19:00:00,0.8373,385.0,10.0,0.026,338.5,D
June,9,19:30:00,0.4922,346.0,27.0,0.078,335.94,D
June,9,20:00:00,0.6601,321.0,15.0,0.0467,319.38,D
June,9,20:30:00,0.7941,277.0,5.0,0.0181,297.71,D
June,9,21:00:00,0.8601,197.0,4.0,0.0203,348.82,D
June,9,21:30:00,1.0,172.0,0.0,0.0,307.56,D
June,9,22:00:00,0.9202,164.0,1.0,0.0061,329.35,D
June,9,22:30:00,0.9922,128.0,0.0,0.0,301.29,D
June,9,23:00:00,1.0,96.0,0.0,0.0,341.06,D
June,9,23:30:00,1.0,67.0,1.0,0.0149,315.17,D
June,10,00:00:00,1.0,45.0,2.0,0.0444,268.86,D
June,10,00:30:00,1.0,34.0,0.0,0.0,334.97,D
June,10,01:00:00,1.0,27.0,0.0,0.0,243.67,D
June,10,01:30:00,1.0,18.0,1.0,0.0556,347.06,D
June,10,02:00:00,1.0,13.0,1.0,0.0769,341.33,D
June,10,02:30:00,1.0,8.0,0.0,0.0,363.13,D
June,10,03:00:00,1.0,2.0,0.0,0.0,305.5,D
June,10,03:30:00,1.0,1.0,0.0,0.0,353.0,D
June,10,04:00:00,1.0,0.0,0.0,0.0,353.0,D
June,10,04:30:00,1.0,1.0,0.0,0.0,287.0,D
June,10,05:00:00,1.0,0.0,0.0,0.0,287.0,D
June,10,05:30:00,1.0,1.0,0.0,0.0,226.0,D
June,10,06:00:00,1.0,13.0,0.0,0.0,208.38,D
June,10,06:30:00,1.0,22.0,0.0,0.0,256.14,D
June,10,07:00:00,1.0,37.0,0.0,0.0,274.59,D
June,10,07:30:00,1.0,57.0,0.0,0.0,238.28,D
June,10,08:00:00,1.0,90.0,0.0,0.0,299.62,D
June,10,08:30:00,0.9762,168.0,0.0,0.0,262.88,D
June,10,09:00:00,0.949,255.0,0.0,0.0,300.88,D
June,10,09:30:00,0.9524,296.0,2.0,0.0068,316.0,D
June,10,10:00:00,0.8705,363.0,0.0,0.0,321.49,D
June,10,10:30:00,0.6544,413.0,5.0,0.0121,288.3,D
June,10,11:00:00,0.9573,446.0,1.0,0.0022,319.42,D
June,10,11:30:00,0.9237,472.0,0.0,0.0,304.88,D
June,10,12:00:00,0.9004,510.0,8.0,0.0157,338.9,D
June,10,12:30:00,0.8361,487.0,11.0,0.0226,320.78,D
June,10,13:00:00,0.3459,502.0,25.0,0.0498,326.94,D
June,10,13:30:00,0.9103,502.0,25.0,0.0,333.69,D
June,10,14:00:00,0.9014,502.0,25.0,0.0122,318.46,D
June,10,14:30:00,0.4662,502.0,25.0,0.052,335.18,D
June,10,15:00:00,0.8733,502.0,25.0,0.0,325.72,D
June,10,15:30:00,0.9685,502.0,25.0,0.0059,321.97,D
June,10,16:00:00,0.983,502.0,25.0,0.0019,332.77,D
June,10,16:30:00,0.9936,502.0,25.0,0.0,340.59,D
June,10,17:00:00,0.9978,502.0,25.0,0.0022,334.01,D
June,10,17:30:00,0.9953,502.0,25.0,0.0,335.75,D
June,10,18:00:00,0.9853,502.0,25.0,0.0,322.45,D
June,10,18:30:00,0.9736,502.0,25.0,0.0029,341.85,D
June,10,19:00:00,0.9865,502.0,25.0,0.0034,328.05,D
June,10,19:30:00,0.7563,502.0,25.0,0.0106,321.63,D
June,10,20:00:00,0.5323,502.0,25.0,0.0606,362.44,D
June,10,20:30:00,0.9091,502.0,25.0,0.0135,307.46,D
June,10,21:00:00,0.764,502.0,25.0,0.0,310.73,D
June,10,21:30:00,0.7436,502.0,25.0,0.025,366.73,D
June,10,22:00:00,0.7826,143.0,5.0,0.035,333.8,D
June,10,22:30:00,1.0,90.0,0.0,0.0,368.1,D
June,10,23:00:00,1.0,78.0,0.0,0.0,347.26,D
June,10,23:30:00,1.0,62.0,0.0,0.0,339.6,D
June,11,00:00:00,1.0,34.0,0.0,0.0,359.91,D
June,11,00:30:00,1.0,21.0,0.0,0.0,328.57,D
June,11,01:00:00,1.0,20.0,0.0,0.0,390.25,D
June,11,01:30:00,1.0,21.0,0.0,0.0,364.9,D
June,11,02:00:00,1.0,13.0,0.0,0.0,486.0,D
June,11,02:30:00,1.0,9.0,0.0,0.0,586.11,D
June,11,03:00:00,1.0,1.0,0.0,0.0,649.0,D
June,11,03:30:00,1.0,0.0,0.0,0.0,649.0,D
June,11,04:00:00,1.0,0.0,0.0,0.0,649.0,D
June,11,04:30:00,1.0,0.0,0.0,0.0,649.0,D
June,11,05:00:00,1.0,0.0,0.0,0.0,649.0,D
June,11,05:30:00,1.0,4.0,0.0,0.0,143.75,D
June,11,06:00:00,0.8571,14.0,0.0,0.0,234.43,D
June,11,06:30:00,0.9655,30.0,1.0,0.0333,272.48,D
June,11,07:00:00,0.9756,41.0,0.0,0.0,248.88,D
June,11,07:30:00,0.9873,79.0,0.0,0.0,265.96,D
June,11,08:00:00,0.9621,133.0,1.0,0.0075,275.33,D
June,11,08:30:00,0.9949,197.0,0.0,0.0,287.29,D
June,11,09:00:00,0.9743,273.0,1.0,0.0037,314.99,D
June,11,09:30:00,0.8754,340.0,3.0,0.0088,305.2,D
June,11,10:00:00,0.9162,373.0,3.0,0.008,331.67,D
June,11,10:30:00,0.8582,397.0,9.0,0.0227,296.4,D
June,11,11:00:00,0.9467,396.0,2.0,0.0051,331.75,D
June,11,11:30:00,0.8747,429.0,6.0,0.014,299.75,D
June,11,12:00:00,0.956,482.0,5.0,0.0104,313.36,D
June,11,12:30:00,0.7785,447.0,9.0,0.0201,319.63,D
June,11,13:00:00,0.8302,481.0,4.0,0.0083,320.93,D
June,11,13:30:00,0.9675,461.0,0.0,0.0,312.99,D
June,11,14:00:00,0.9417,517.0,2.0,0.0039,307.23,D
June,11,14:30:00,0.9668,483.0,1.0,0.0021,330.54,D
June,11,15:00:00,0.967,455.0,1.0,0.0022,335.21,D
June,11,15:30:00,0.6973,502.0,13.0,0.0259,324.4,D
June,11,16:00:00,0.9829,467.0,0.0,0.0,328.31,D
June,11,16:30:00,0.9123,485.0,6.0,0.0124,308.9,D
June,11,17:00:00,0.8702,454.0,7.0,0.0154,315.2,D
June,11,17:30:00,0.6818,407.0,11.0,0.027,320.39,D
June,11,18:00:00,0.9785,373.0,1.0,0.0027,313.94,D
June,11,18:30:00,0.9244,361.0,4.0,0.0111,353.22,D
June,11,19:00:00,0.9286,297.0,3.0,0.0101,331.44,D
June,11,19:30:00,0.7,283.0,3.0,0.0106,354.46,D
June,11,20:00:00,0.897,240.0,7.0,0.0292,299.74,D
June,11,20:30:00,0.7441,212.0,1.0,0.0047,344.23,D
June,11,21:00:00,0.6331,182.0,13.0,0.0714,339.17,D
June,11,21:30:00,0.8176,161.0,2.0,0.0124,332.87,D
June,11,22:00:00,1.0,119.0,0.0,0.0,276.99,D
June,11,22:30:00,1.0,117.0,0.0,0.0,305.09,D
June,11,23:00:00,1.0,110.0,0.0,0.0,285.24,D
June,11,23:30:00,1.0,72.0,0.0,0.0,300.35,D
June,12,00:00:00,0.9556,45.0,0.0,0.0,319.47,D
June,12,00:30:00,1.0,25.0,0.0,0.0,296.76,D
June,12,01:00:00,1.0,23.0,0.0,0.0,348.7,D
June,12,01:30:00,1.0,13.0,0.0,0.0,411.15,D
June,12,02:00:00,0.625,16.0,0.0,0.0,228.06,D
June,12,02:30:00,1.0,5.0,0.0,0.0,448.0,D
June,12,03:00:00,1.0,0.0,0.0,0.0,448.0,D
June,12,03:30:00,1.0,0.0,0.0,0.0,448.0,D
June,12,04:00:00,1.0,1.0,0.0,0.0,655.0,D
June,12,04:30:00,1.0,0.0,0.0,0.0,655.0,D
June,12,05:00:00,1.0,0.0,0.0,0.0,655.0,D
June,12,05:30:00,1.0,2.0,0.0,0.0,175.0,D
June,12,06:00:00,1.0,10.0,0.0,0.0,210.7,D
June,12,06:30:00,0.8333,19.0,1.0,0.0526,273.83,D
June,12,07:00:00,1.0,35.0,2.0,0.0571,210.79,D
June,12,07:30:00,1.0,64.0,1.0,0.0156,274.44,D
June,12,08:00:00,0.9925,135.0,1.0,0.0074,269.75,D
June,12,08:30:00,0.9713,174.0,0.0,0.0,296.1,D
June,12,09:00:00,0.9866,226.0,2.0,0.0088,275.0,D
June,12,09:30:00,0.8597,287.0,9.0,0.0314,299.92,D
June,12,10:00:00,0.5906,326.0,6.0,0.0184,326.05,D
June,12,10:30:00,0.8808,432.0,4.0,0.0093,324.35,D
June,12,11:00:00,0.9952,417.0,0.0,0.0,320.43,D
June,12,11:30:00,0.9611,411.0,0.0,0.0,319.3,D
June,12,12:00:00,0.7817,453.0,4.0,0.0088,320.18,D
June,12,12:30:00,0.9825,402.0,1.0,0.0025,332.28,D
June,12,13:00:00,0.9083,454.0,7.0,0.0154,326.06,D
June,12,13:30:00,0.7475,407.0,7.0,0.0172,341.59,D
June,12,14:00:00,0.7596,475.0,5.0,0.0105,326.5,D
June,12,14:30:00,0.9316,456.0,3.0,0.0066,309.85,D
June,12,15:00:00,0.9913,461.0,1.0,0.0022,312.67,D
June,12,15:30:00,1.0,418.0,1.0,0.0024,331.23,D
June,12,16:00:00,0.9978,461.0,1.0,0.0022,300.03,D
June,12,16:30:00,0.9511,473.0,3.0,0.0063,314.69,D
June,12,17:00:00,0.9839,435.0,0.0,0.0,309.41,D
June,12,17:30:00,0.9974,383.0,0.0,0.0,309.56,D
June,12,18:00:00,0.9859,354.0,0.0,0.0,340.14,D
June,12,18:30:00,0.9938,324.0,1.0,0.0031,337.4,D
June,12,19:00:00,0.8602,286.0,7.0,0.0245,318.04,D
June,12,19:30:00,0.8943,270.0,5.0,0.0185,317.28,D
June,12,20:00:00,0.8829,223.0,1.0,0.0045,308.15,D
June,12,20:30:00,0.9792,193.0,1.0,0.0052,323.29,D
June,12,21:00:00,0.8836,147.0,1.0,0.0068,324.51,D
June,12,21:30:00,0.9701,168.0,1.0,0.006,302.95,D
June,12,22:00:00,1.0,106.0,2.0,0.0189,346.19,D
June,12,22:30:00,0.9674,93.0,1.0,0.0108,353.65,D
June,12,23:00:00,0.9861,72.0,0.0,0.0,336.88,D
June,12,23:30:00,1.0,52.0,1.0,0.0192,323.76,D
June,13,00:00:00,1.0,43.0,0.0,0.0,327.09,D
June,13,00:30:00,1.0,29.0,0.0,0.0,242.97,D
June,13,01:00:00,1.0,32.0,0.0,0.0,348.47,D
June,13,01:30:00,1.0,12.0,0.0,0.0,252.08,D
June,13,02:00:00,1.0,10.0,0.0,0.0,180.9,D
June,13,02:30:00,0.8,5.0,0.0,0.0,188.4,D
June,13,03:00:00,0.8,0.0,0.0,0.0,188.4,D
June,13,03:30:00,1.0,1.0,0.0,0.0,1244.0,D
June,13,04:00:00,1.0,1.0,0.0,0.0,442.0,D
June,13,04:30:00,1.0,0.0,0.0,0.0,442.0,D
June,13,05:00:00,1.0,2.0,0.0,0.0,654.0,D
June,13,05:30:00,1.0,0.0,0.0,0.0,654.0,D
June,13,06:00:00,1.0,14.0,0.0,0.0,211.07,D
June,13,06:30:00,0.9,22.0,2.0,0.0909,283.5,D
June,13,07:00:00,0.9773,45.0,1.0,0.0222,255.73,D
June,13,07:30:00,1.0,63.0,0.0,0.0,278.63,D
June,13,08:00:00,1.0,117.0,0.0,0.0,249.54,D
June,13,08:30:00,1.0,184.0,0.0,0.0,305.79,D
June,13,09:00:00,0.9955,225.0,1.0,0.0044,295.35,D
June,13,09:30:00,0.9855,275.0,0.0,0.0,300.78,D
June,13,10:00:00,0.9765,342.0,2.0,0.0058,306.85,D
June,13,10:30:00,0.91,402.0,2.0,0.005,298.17,D
June,13,11:00:00,0.9974,380.0,1.0,0.0026,291.12,D
June,13,11:30:00,0.9077,447.0,3.0,0.0067,274.53,D
June,13,12:00:00,0.9692,459.0,4.0,0.0087,296.9,D
June,13,12:30:00,0.9842,443.0,1.0,0.0023,311.25,D
June,13,13:00:00,0.9029,455.0,2.0,0.0044,325.56,D
June,13,13:30:00,0.9806,417.0,5.0,0.012,305.97,D
June,13,14:00:00,0.8763,476.0,7.0,0.0147,294.63,D
June,13,14:30:00,0.8684,440.0,7.0,0.0159,310.99,D
June,13,15:00:00,0.8671,465.0,6.0,0.0129,325.11,D
June,13,15:30:00,0.629,453.0,11.0,0.0243,319.93,D
June,13,16:00:00,0.8636,448.0,8.0,0.0179,335.52,D
June,13,16:30:00,0.5823,495.0,9.0,0.0182,320.45,D
June,13,17:00:00,0.9659,410.0,0.0,0.0,351.12,D
June,13,17:30:00,0.9639,361.0,1.0,0.0028,305.19,D
June,13,18:00:00,0.988,334.0,1.0,0.003,306.15,D
June,13,18:30:00,0.97,304.0,4.0,0.0132,285.58,D
June,13,19:00:00,0.9453,280.0,6.0,0.0214,320.29,D
June,13,19:30:00,0.8075,249.0,10.0,0.0402,329.84,D
June,13,20:00:00,0.4677,216.0,30.0,0.1389,300.7,D
June,13,20:30:00,0.6848,170.0,5.0,0.0294,289.73,D
June,13,21:00:00,0.6754,125.0,11.0,0.088,278.2,D
June,13,21:30:00,0.5846,141.0,11.0,0.078,324.53,D
June,13,22:00:00,0.9712,104.0,0.0,0.0,300.64,D
June,13,22:30:00,0.9459,74.0,0.0,0.0,311.41,D
June,13,23:00:00,0.9833,60.0,0.0,0.0,349.27,D
June,13,23:30:00,0.9839,64.0,2.0,0.0313,296.66,D
June,14,00:00:00,1.0,27.0,0.0,0.0,278.85,D
June,14,00:30:00,1.0,31.0,0.0,0.0,292.71,D
June,14,01:00:00,1.0,23.0,0.0,0.0,393.7,D
June,14,01:30:00,1.0,12.0,1.0,0.0833,218.91,D
June,14,02:00:00,1.0,8.0,0.0,0.0,406.38,D
June,14,02:30:00,0.8333,6.0,0.0,0.0,339.17,D
June,14,03:00:00,1.0,3.0,0.0,0.0,274.33,D
June,14,03:30:00,1.0,0.0,0.0,0.0,274.33,D
June,14,04:00:00,1.0,0.0,0.0,0.0,274.33,D
June,14,04:30:00,1.0,1.0,0.0,0.0,1500.0,D
June,14,05:00:00,1.0,0.0,0.0,0.0,1500.0,D
June,14,05:30:00,1.0,0.0,0.0,0.0,1500.0,D
June,14,06:00:00,1.0,10.0,0.0,0.0,224.3,D
June,14,06:30:00,1.0,13.0,1.0,0.0769,251.75,D
June,14,07:00:00,0.9524,21.0,0.0,0.0,275.19,D
June,14,07:30:00,1.0,32.0,1.0,0.0313,292.03,D
June,14,08:00:00,1.0,52.0,0.0,0.0,283.56,D
June,14,08:30:00,0.9878,82.0,0.0,0.0,273.79,D
June,14,09:00:00,0.9927,137.0,0.0,0.0,313.78,D
June,14,09:30:00,1.0,167.0,1.0,0.006,254.42,D
June,14,10:00:00,0.9803,203.0,0.0,0.0,255.42,D
June,14,10:30:00,0.904,254.0,4.0,0.0157,297.65,D
June,14,11:00:00,0.9688,292.0,4.0,0.0137,272.71,D
June,14,11:30:00,0.7266,288.0,10.0,0.0347,289.43,D
June,14,12:00:00,0.802,301.0,3.0,0.01,323.54,D
June,14,12:30:00,0.7934,322.0,17.0,0.0528,286.09,D
June,14,13:00:00,0.4041,325.0,33.0,0.1015,328.96,D
June,14,13:30:00,0.75,354.0,2.0,0.0056,290.63,D
June,14,14:00:00,0.9899,299.0,1.0,0.0033,313.07,D
June,14,14:30:00,0.7053,289.0,4.0,0.0138,314.54,D
June,14,15:00:00,0.6325,342.0,10.0,0.0292,295.41,D
June,14,15:30:00,0.902,298.0,2.0,0.0067,321.78,D
June,14,16:00:00,0.9795,294.0,2.0,0.0068,275.16,D
June,14,16:30:00,1.0,247.0,1.0,0.004,360.52,D
June,14,17:00:00,0.9879,250.0,2.0,0.008,298.15,D
June,14,17:30:00,1.0,218.0,0.0,0.0,335.47,D
June,14,18:00:00,1.0,228.0,0.0,0.0,305.38,D
June,14,18:30:00,1.0,186.0,0.0,0.0,308.24,D
June,14,19:00:00,1.0,201.0,0.0,0.0,312.17,D
June,14,19:30:00,1.0,161.0,0.0,0.0,303.01,D
June,14,20:00:00,0.9852,135.0,0.0,0.0,296.77,D
June,14,20:30:00,1.0,123.0,0.0,0.0,331.76,D
June,14,21:00:00,1.0,91.0,0.0,0.0,303.81,D
June,14,21:30:00,0.9914,117.0,1.0,0.0085,289.45,D
June,14,22:00:00,1.0,84.0,0.0,0.0,306.58,D
June,14,22:30:00,1.0,54.0,0.0,0.0,334.11,D
June,14,23:00:00,1.0,60.0,0.0,0.0,265.0,D
June,14,23:30:00,1.0,45.0,0.0,0.0,329.8,D
June,15,00:00:00,1.0,38.0,0.0,0.0,258.66,D
June,15,00:30:00,1.0,20.0,0.0,0.0,272.05,D
June,15,01:00:00,1.0,17.0,0.0,0.0,255.59,D
June,15,01:30:00,1.0,15.0,0.0,0.0,375.0,D
June,15,02:00:00,1.0,9.0,0.0,0.0,432.0,D
June,15,02:30:00,1.0,9.0,0.0,0.0,366.89,D
June,15,03:00:00,1.0,4.0,0.0,0.0,586.75,D
June,15,03:30:00,1.0,1.0,0.0,0.0,327.0,D
June,15,04:00:00,1.0,0.0,0.0,0.0,327.0,D
June,15,04:30:00,1.0,0.0,0.0,0.0,327.0,D
June,15,05:30:00,1.0,0.0,0.0,0.0,327.0,D
June,15,06:00:00,1.0,6.0,0.0,0.0,353.33,D
June,15,06:30:00,1.0,9.0,0.0,0.0,321.89,D
June,15,07:00:00,1.0,14.0,0.0,0.0,300.0,D
June,15,07:30:00,1.0,35.0,0.0,0.0,250.6,D
June,15,08:00:00,0.9714,35.0,0.0,0.0,304.94,D
June,15,08:30:00,1.0,57.0,0.0,0.0,290.39,D
June,15,09:00:00,0.9825,57.0,0.0,0.0,281.23,D
June,15,09:30:00,1.0,89.0,0.0,0.0,254.03,D
June,15,10:00:00,1.0,102.0,0.0,0.0,301.38,D
June,15,10:30:00,1.0,128.0,0.0,0.0,268.26,D
June,15,11:00:00,1.0,128.0,0.0,0.0,251.63,D
June,15,11:30:00,1.0,154.0,0.0,0.0,277.99,D
June,15,12:00:00,1.0,171.0,0.0,0.0,281.31,D
June,15,12:30:00,1.0,167.0,0.0,0.0,298.3,D
June,15,13:00:00,0.9755,164.0,1.0,0.0061,306.21,D
June,15,13:30:00,1.0,190.0,1.0,0.0053,312.85,D
June,15,14:00:00,0.9714,176.0,1.0,0.0057,284.81,D
June,15,14:30:00,1.0,177.0,0.0,0.0,272.92,D
June,15,15:00:00,1.0,159.0,0.0,0.0,306.83,D
June,15,15:30:00,0.8402,200.0,6.0,0.03,312.39,D
June,15,16:00:00,0.8789,190.0,0.0,0.0,319.81,D
June,15,16:30:00,0.75,189.0,9.0,0.0476,313.53,D
June,15,17:00:00,0.8862,167.0,0.0,0.0,290.9,D
June,15,17:30:00,1.0,142.0,1.0,0.007,319.21,D
June,15,18:00:00,1.0,160.0,1.0,0.0063,274.5,D
June,15,18:30:00,1.0,143.0,0.0,0.0,279.53,D
June,15,19:00:00,1.0,126.0,2.0,0.0159,317.21,D
June,15,19:30:00,1.0,106.0,0.0,0.0,270.5,D
June,15,20:00:00,0.9328,121.0,2.0,0.0165,303.78,D
June,15,20:30:00,1.0,107.0,1.0,0.0093,320.83,D
June,15,21:00:00,1.0,70.0,0.0,0.0,313.59,D
June,15,21:30:00,1.0,79.0,0.0,0.0,328.78,D
June,15,22:00:00,1.0,83.0,0.0,0.0,309.1,D
June,15,22:30:00,1.0,65.0,1.0,0.0154,300.66,D
June,15,23:00:00,1.0,48.0,1.0,0.0208,282.47,D
June,15,23:30:00,1.0,45.0,0.0,0.0,304.84,D
June,16,00:00:00,1.0,22.0,0.0,0.0,312.86,D
June,16,00:30:00,1.0,20.0,0.0,0.0,301.95,D
June,16,01:00:00,1.0,12.0,0.0,0.0,335.92,D
June,16,01:30:00,1.0,15.0,1.0,0.0667,374.5,D
June,16,02:00:00,1.0,12.0,1.0,0.0833,372.36,D
June,16,02:30:00,0.4167,13.0,1.0,0.0769,393.17,D
June,16,03:00:00,0.4286,7.0,0.0,0.0,459.86,D
June,16,03:30:00,0.4286,0.0,0.0,0.0,459.86,D
June,16,04:00:00,0.6667,6.0,0.0,0.0,403.83,D
June,16,04:30:00,0.6667,6.0,0.0,0.0,326.67,D
June,16,05:00:00,1.0,2.0,0.0,0.0,139.5,D
June,16,05:30:00,1.0,2.0,0.0,0.0,197.5,D
June,16,06:00:00,1.0,11.0,0.0,0.0,196.18,D
June,16,06:30:00,0.875,16.0,0.0,0.0,261.19,D
June,16,07:00:00,0.9677,32.0,1.0,0.0313,315.68,D
June,16,07:30:00,0.9825,58.0,1.0,0.0172,253.02,D
June,16,08:00:00,1.0,82.0,0.0,0.0,228.62,D
June,16,08:30:00,0.9872,157.0,1.0,0.0064,279.7,D
June,16,09:00:00,0.9954,218.0,0.0,0.0,277.14,D
June,16,09:30:00,0.9832,297.0,0.0,0.0,301.95,D
June,16,10:00:00,0.9662,386.0,1.0,0.0026,310.26,D
June,16,10:30:00,0.7324,421.0,10.0,0.0238,326.92,D
June,16,11:00:00,0.8887,476.0,0.0,0.0,314.45,D
June,16,11:30:00,0.9863,439.0,0.0,0.0,333.24,D
June,16,12:00:00,0.9688,517.0,5.0,0.0097,313.85,D
June,16,12:30:00,0.8592,496.0,6.0,0.0121,317.94,D
June,16,13:00:00,0.8034,538.0,14.0,0.026,333.06,D
June,16,13:30:00,0.9556,521.0,3.0,0.0058,317.07,D
June,16,14:00:00,0.862,540.0,11.0,0.0204,332.32,D
June,16,14:30:00,0.7415,567.0,6.0,0.0106,336.25,D
June,16,15:00:00,0.9873,554.0,2.0,0.0036,329.84,D
June,16,15:30:00,0.8499,542.0,9.0,0.0166,347.36,D
June,16,16:00:00,0.9261,543.0,2.0,0.0037,354.65,D
June,16,16:30:00,0.8178,543.0,5.0,0.0092,328.16,D
June,16,17:00:00,0.9505,530.0,5.0,0.0094,343.8,D
June,16,17:30:00,0.9704,508.0,1.0,0.002,321.95,D
June,16,18:00:00,0.852,449.0,3.0,0.0067,343.83,D
June,16,18:30:00,0.9544,373.0,0.0,0.0,321.82,D
June,16,19:00:00,0.9494,356.0,0.0,0.0,306.01,D
June,16,19:30:00,0.8692,327.0,6.0,0.0183,316.93,D
June,16,20:00:00,0.7333,278.0,8.0,0.0288,321.4,D
June,16,20:30:00,0.8043,236.0,6.0,0.0254,288.16,D
June,16,21:00:00,0.4667,185.0,20.0,0.1081,403.08,D
June,16,21:30:00,0.5673,180.0,9.0,0.05,369.51,D
June,16,22:00:00,0.9851,134.0,0.0,0.0,337.87,D
June,16,22:30:00,1.0,97.0,0.0,0.0,357.44,D
June,16,23:00:00,1.0,82.0,0.0,0.0,355.78,D
June,16,23:30:00,1.0,62.0,2.0,0.0323,307.35,D
June,17,00:00:00,1.0,53.0,1.0,0.0189,390.98,D
June,17,00:30:00,1.0,37.0,0.0,0.0,359.41,D
June,17,01:00:00,1.0,37.0,0.0,0.0,318.32,D
June,17,01:30:00,1.0,25.0,0.0,0.0,333.48,D
June,17,02:00:00,1.0,9.0,0.0,0.0,349.0,D
June,17,02:30:00,1.0,8.0,0.0,0.0,317.75,D
June,17,03:00:00,1.0,1.0,0.0,0.0,387.0,D
June,17,03:30:00,1.0,0.0,0.0,0.0,387.0,D
June,17,04:00:00,0.0,1.0,0.0,0.0,197.0,D
June,17,04:30:00,0.0,0.0,0.0,0.0,197.0,D
June,17,05:00:00,0.0,0.0,0.0,0.0,197.0,D
June,17,05:30:00,1.0,1.0,0.0,0.0,239.0,D
June,17,06:00:00,1.0,15.0,0.0,0.0,209.67,D
June,17,06:30:00,1.0,22.0,0.0,0.0,233.45,D
June,17,07:00:00,0.975,40.0,0.0,0.0,227.83,D
June,17,07:30:00,1.0,64.0,0.0,0.0,312.28,D
June,17,08:00:00,0.99,100.0,0.0,0.0,271.77,D
June,17,08:30:00,1.0,156.0,0.0,0.0,325.82,D
June,17,09:00:00,1.0,232.0,0.0,0.0,299.25,D
June,17,09:30:00,0.9966,299.0,1.0,0.0033,298.69,D
June,17,10:00:00,0.9711,348.0,2.0,0.0057,311.09,D
June,17,10:30:00,0.5973,389.0,14.0,0.036,296.01,D
June,17,11:00:00,0.6764,419.0,8.0,0.0191,328.79,D
June,17,11:30:00,0.991,444.0,0.0,0.0,318.09,D
June,17,12:00:00,0.9978,446.0,0.0,0.0,297.63,D
June,17,12:30:00,0.8063,456.0,12.0,0.0263,311.37,D
June,17,13:00:00,0.8032,496.0,3.0,0.006,321.23,D
June,17,13:30:00,0.9956,451.0,0.0,0.0,323.97,D
June,17,14:00:00,0.998,503.0,1.0,0.002,327.16,D
June,17,14:30:00,0.9543,464.0,4.0,0.0086,319.03,D
June,17,15:00:00,0.994,501.0,1.0,0.002,338.77,D
June,17,15:30:00,0.9939,496.0,2.0,0.004,321.9,D
June,17,16:00:00,0.9235,515.0,5.0,0.0097,330.68,D
June,17,16:30:00,0.9938,486.0,3.0,0.0062,326.6,D
June,17,17:00:00,0.9934,452.0,0.0,0.0,312.6,D
June,17,17:30:00,1.0,428.0,3.0,0.007,327.45,D
June,17,18:00:00,0.9784,419.0,3.0,0.0072,334.7,D
June,17,18:30:00,0.9614,366.0,3.0,0.0082,329.44,D
June,17,19:00:00,1.0,291.0,0.0,0.0,320.64,D
June,17,19:30:00,0.5993,285.0,13.0,0.0456,325.59,D
June,17,20:00:00,0.7751,254.0,5.0,0.0197,345.28,D
June,17,20:30:00,0.6404,237.0,9.0,0.038,305.92,D
June,17,21:00:00,0.9333,180.0,0.0,0.0,339.41,D
June,17,21:30:00,0.9939,164.0,0.0,0.0,377.29,D
June,17,22:00:00,0.9926,136.0,0.0,0.0,295.12,D
June,17,22:30:00,1.0,115.0,0.0,0.0,307.56,D
June,17,23:00:00,1.0,69.0,0.0,0.0,368.93,D
June,17,23:30:00,1.0,83.0,1.0,0.012,309.22,D
June,18,00:00:00,1.0,34.0,0.0,0.0,362.38,D
June,18,00:30:00,1.0,30.0,0.0,0.0,342.93,D
June,18,01:00:00,1.0,17.0,0.0,0.0,286.18,D
June,18,01:30:00,1.0,14.0,0.0,0.0,332.14,D
June,18,02:00:00,1.0,7.0,0.0,0.0,454.43,D
June,18,02:30:00,1.0,6.0,0.0,0.0,409.17,D
June,18,03:00:00,1.0,0.0,0.0,0.0,409.17,D
June,18,03:30:00,1.0,1.0,0.0,0.0,513.0,D
June,18,04:00:00,1.0,0.0,0.0,0.0,513.0,D
June,18,04:30:00,1.0,0.0,0.0,0.0,513.0,D
June,18,05:00:00,1.0,0.0,0.0,0.0,513.0,D
June,18,05:30:00,1.0,3.0,0.0,0.0,239.33,D
June,18,06:00:00,1.0,24.0,0.0,0.0,244.92,D
June,18,06:30:00,0.92,26.0,1.0,0.0385,296.84,D
June,18,07:00:00,1.0,36.0,0.0,0.0,336.89,D
June,18,07:30:00,1.0,67.0,0.0,0.0,288.19,D
June,18,08:00:00,1.0,124.0,0.0,0.0,268.52,D
June,18,08:30:00,0.8187,175.0,4.0,0.0229,311.4,D
June,18,09:00:00,0.9959,242.0,0.0,0.0,277.5,D
June,18,09:30:00,0.9467,341.0,3.0,0.0088,307.17,D
June,18,10:00:00,0.9778,361.0,1.0,0.0028,294.5,D
June,18,10:30:00,0.7634,384.0,12.0,0.0313,340.67,D
June,18,11:00:00,0.792,425.0,2.0,0.0047,325.92,D
June,18,11:30:00,0.9138,444.0,3.0,0.0068,316.68,D
June,18,12:00:00,0.9264,435.0,0.0,0.0,337.34,D
June,18,12:30:00,0.9894,471.0,1.0,0.0021,314.21,D
June,18,13:00:00,0.9311,423.0,2.0,0.0047,323.37,D
June,18,13:30:00,0.9702,437.0,1.0,0.0023,333.62,D
June,18,14:00:00,0.9933,447.0,0.0,0.0,335.44,D
June,18,14:30:00,0.9303,489.0,1.0,0.002,334.96,D
June,18,15:00:00,0.9938,481.0,0.0,0.0,332.29,D
June,18,15:30:00,0.9953,429.0,3.0,0.007,318.96,D
June,18,16:00:00,0.849,443.0,6.0,0.0135,333.57,D
June,18,16:30:00,0.733,467.0,10.0,0.0214,332.62,D
June,18,17:00:00,0.7715,484.0,7.0,0.0145,297.1,D
June,18,17:30:00,0.8264,434.0,2.0,0.0046,321.38,D
June,18,18:00:00,0.9946,369.0,1.0,0.0027,310.1,D
June,18,18:30:00,0.9969,326.0,1.0,0.0031,303.57,D
June,18,19:00:00,0.8629,326.0,5.0,0.0153,314.84,D
June,18,19:30:00,0.8375,284.0,7.0,0.0246,339.28,D
June,18,20:00:00,0.6933,251.0,13.0,0.0518,336.12,D
June,18,20:30:00,0.681,213.0,3.0,0.0141,325.55,D
June,18,21:00:00,0.6748,183.0,20.0,0.1093,332.99,D
June,18,21:30:00,0.7532,157.0,3.0,0.0191,319.88,D
June,18,22:00:00,0.7929,141.0,1.0,0.0071,345.96,D
June,18,22:30:00,0.8947,114.0,0.0,0.0,319.31,D
June,18,23:00:00,1.0,60.0,0.0,0.0,317.62,D
June,18,23:30:00,1.0,69.0,0.0,0.0,315.36,D
June,19,00:00:00,1.0,51.0,0.0,0.0,313.53,D
June,19,00:30:00,1.0,31.0,0.0,0.0,398.81,D
June,19,01:00:00,1.0,20.0,0.0,0.0,356.0,D
June,19,01:30:00,1.0,10.0,0.0,0.0,407.7,D
June,19,02:00:00,0.9167,14.0,2.0,0.1429,345.33,D
June,19,02:30:00,1.0,9.0,0.0,0.0,285.33,D
June,19,03:00:00,1.0,0.0,0.0,0.0,285.33,D
June,19,03:30:00,1.0,0.0,0.0,0.0,285.33,D
June,19,04:00:00,1.0,0.0,0.0,0.0,285.33,D
June,19,04:30:00,1.0,0.0,0.0,0.0,285.33,D
June,19,05:00:00,1.0,0.0,0.0,0.0,285.33,D
June,19,05:30:00,1.0,0.0,0.0,0.0,285.33,D
June,19,06:00:00,0.8889,9.0,0.0,0.0,409.0,D
June,19,06:30:00,1.0,22.0,1.0,0.0455,255.57,D
June,19,07:00:00,1.0,28.0,0.0,0.0,265.5,D
June,19,07:30:00,1.0,51.0,0.0,0.0,247.14,D
June,19,08:00:00,1.0,119.0,1.0,0.0084,259.05,D
June,19,08:30:00,1.0,170.0,0.0,0.0,340.37,D
June,19,09:00:00,1.0,218.0,1.0,0.0046,282.94,D
June,19,09:30:00,0.9965,287.0,1.0,0.0035,314.48,D
June,19,10:00:00,0.9227,363.0,1.0,0.0028,304.33,D
June,19,10:30:00,0.915,355.0,2.0,0.0056,293.78,D
June,19,11:00:00,0.9254,395.0,6.0,0.0152,312.41,D
June,19,11:30:00,0.964,389.0,0.0,0.0,316.67,D
June,19,12:00:00,0.9927,411.0,1.0,0.0024,309.63,D
June,19,12:30:00,0.9868,380.0,0.0,0.0,313.66,D
June,19,13:00:00,0.995,404.0,0.0,0.0,297.15,D
June,19,13:30:00,0.8441,414.0,10.0,0.0242,359.66,D
June,19,14:00:00,0.7258,450.0,5.0,0.0111,353.13,D
June,19,14:30:00,0.7849,454.0,3.0,0.0066,352.95,D
June,19,15:00:00,0.9786,422.0,2.0,0.0047,327.05,D
June,19,15:30:00,0.6946,424.0,18.0,0.0425,331.59,D
June,19,16:00:00,0.9225,400.0,0.0,0.0,320.89,D
June,19,16:30:00,0.9909,328.0,0.0,0.0,312.49,D
June,19,17:00:00,0.9943,349.0,0.0,0.0,328.72,D
June,19,17:30:00,1.0,324.0,1.0,0.0031,315.79,D
June,19,18:00:00,1.0,308.0,0.0,0.0,339.27,D
June,19,18:30:00,1.0,295.0,0.0,0.0,285.02,D
June,19,19:00:00,0.9498,300.0,1.0,0.0033,316.55,D
June,19,19:30:00,0.939,248.0,2.0,0.0081,324.37,D
June,19,20:00:00,0.9731,225.0,2.0,0.0089,287.56,D
June,19,20:30:00,1.0,207.0,0.0,0.0,292.4,D
June,19,21:00:00,0.8084,174.0,7.0,0.0402,316.0,D
June,19,21:30:00,0.8868,159.0,0.0,0.0,265.77,D
June,19,22:00:00,0.9928,139.0,1.0,0.0072,316.51,D
June,19,22:30:00,0.8646,96.0,0.0,0.0,303.06,D
June,19,23:00:00,0.9881,84.0,0.0,0.0,260.56,D
June,19,23:30:00,1.0,55.0,0.0,0.0,227.07,D
June,20,00:00:00,1.0,58.0,0.0,0.0,247.5,D
June,20,00:30:00,1.0,29.0,0.0,0.0,297.76,D
June,20,01:00:00,0.9091,22.0,0.0,0.0,510.09,D
June,20,01:30:00,0.9,20.0,0.0,0.0,279.0,D
June,20,02:00:00,1.0,9.0,0.0,0.0,320.89,D
June,20,02:30:00,0.75,13.0,1.0,0.0769,372.08,D
June,20,03:00:00,1.0,3.0,1.0,0.3333,699.0,D
June,20,03:30:00,1.0,1.0,0.0,0.0,230.0,D
June,20,04:00:00,1.0,0.0,0.0,0.0,230.0,D
June,20,04:30:00,1.0,0.0,0.0,0.0,230.0,D
June,20,05:00:00,1.0,0.0,0.0,0.0,230.0,D
June,20,05:30:00,1.0,3.0,0.0,0.0,411.33,D
June,20,06:00:00,0.8889,9.0,0.0,0.0,264.33,D
June,20,06:30:00,0.7647,36.0,2.0,0.0556,280.44,D
June,20,07:00:00,0.9623,53.0,0.0,0.0,281.42,D
June,20,07:30:00,0.908,90.0,3.0,0.0333,287.68,D
June,20,08:00:00,0.9536,154.0,3.0,0.0195,299.4,D
June,20,08:30:00,0.8,193.0,3.0,0.0155,314.05,D
June,20,09:00:00,0.9928,278.0,0.0,0.0,260.44,D
June,20,09:30:00,0.9495,297.0,0.0,0.0,261.79,D
June,20,10:00:00,0.7217,360.0,15.0,0.0417,306.81,D
June,20,10:30:00,0.8351,393.0,5.0,0.0127,314.78,D
June,20,11:00:00,0.9977,433.0,0.0,0.0,296.6,D
June,20,11:30:00,0.7825,462.0,16.0,0.0346,296.37,D
June,20,12:00:00,0.4124,504.0,36.0,0.0714,310.68,D
June,20,12:30:00,0.82,520.0,9.0,0.0173,339.84,D
June,20,13:00:00,0.5964,465.0,24.0,0.0516,328.19,D
June,20,13:30:00,0.4833,513.0,35.0,0.0682,332.31,D
June,20,14:00:00,0.9517,476.0,0.0,0.0,333.59,D
June,20,14:30:00,0.6474,537.0,35.0,0.0652,346.18,D
June,20,15:00:00,0.4623,480.0,82.0,0.1708,347.99,D
June,20,15:30:00,0.7862,568.0,16.0,0.0282,320.55,D
June,20,16:00:00,0.9927,550.0,1.0,0.0018,327.42,D
June,20,16:30:00,0.9426,529.0,6.0,0.0113,336.54,D
June,20,17:00:00,0.935,498.0,6.0,0.012,316.94,D
June,20,17:30:00,0.6402,497.0,19.0,0.0382,309.22,D
June,20,18:00:00,0.7113,449.0,16.0,0.0356,311.98,D
June,20,18:30:00,0.5286,381.0,14.0,0.0367,327.19,D
June,20,19:00:00,0.7134,329.0,15.0,0.0456,343.58,D
June,20,19:30:00,0.4286,305.0,32.0,0.1049,321.26,D
June,20,20:00:00,0.2757,240.0,26.0,0.1083,311.68,D
June,20,20:30:00,0.3445,230.0,21.0,0.0913,336.03,D
June,20,21:00:00,0.4526,183.0,46.0,0.2514,390.01,D
June,20,21:30:00,0.2721,164.0,17.0,0.1037,362.49,D
June,20,22:00:00,0.6763,149.0,10.0,0.0671,284.53,D
June,20,22:30:00,0.8182,123.0,2.0,0.0163,287.0,D
June,20,23:00:00,0.9487,119.0,2.0,0.0168,287.97,D
June,20,23:30:00,1.0,79.0,0.0,0.0,256.56,D
June,21,00:00:00,0.9231,48.0,9.0,0.1875,312.46,D
June,21,00:30:00,0.9643,30.0,2.0,0.0667,285.46,D
June,21,01:00:00,1.0,22.0,0.0,0.0,231.0,D
June,21,01:30:00,1.0,20.0,0.0,0.0,304.7,D
June,21,02:00:00,1.0,6.0,0.0,0.0,278.83,D
June,21,02:30:00,1.0,5.0,0.0,0.0,310.0,D
June,21,03:00:00,1.0,1.0,0.0,0.0,375.0,D
June,21,03:30:00,1.0,1.0,0.0,0.0,257.0,D
June,21,04:00:00,1.0,0.0,0.0,0.0,257.0,D
June,21,04:30:00,1.0,0.0,0.0,0.0,257.0,D
June,21,05:00:00,1.0,0.0,0.0,0.0,257.0,D
June,21,05:30:00,1.0,0.0,0.0,0.0,257.0,D
June,21,06:00:00,1.0,12.0,0.0,0.0,192.25,D
June,21,06:30:00,0.8696,24.0,1.0,0.0417,228.48,D
June,21,07:00:00,0.9231,27.0,1.0,0.037,265.0,D
June,21,07:30:00,0.9286,43.0,1.0,0.0233,237.0,D
June,21,08:00:00,1.0,81.0,0.0,0.0,283.53,D
June,21,08:30:00,1.0,117.0,0.0,0.0,276.77,D
June,21,09:00:00,0.9809,158.0,1.0,0.0063,250.34,D
June,21,09:30:00,0.985,200.0,0.0,0.0,293.31,D
June,21,10:00:00,0.9913,230.0,0.0,0.0,282.84,D
June,21,10:30:00,0.7753,272.0,5.0,0.0184,281.2,D
June,21,11:00:00,0.8514,329.0,6.0,0.0182,284.52,D
June,21,11:30:00,0.5159,330.0,16.0,0.0485,300.06,D
June,21,12:00:00,0.8129,334.0,8.0,0.024,309.99,D
June,21,12:30:00,0.5408,330.0,36.0,0.1091,312.96,D
June,21,13:00:00,0.6156,378.0,19.0,0.0503,297.69,D
June,21,13:30:00,0.6648,376.0,21.0,0.0559,326.83,D
June,21,14:00:00,0.9403,320.0,2.0,0.0063,303.84,D
June,21,14:30:00,0.7471,353.0,9.0,0.0255,313.2,D
June,21,15:00:00,0.8399,389.0,8.0,0.0206,309.99,D
June,21,15:30:00,0.9871,312.0,2.0,0.0064,289.83,D
June,21,16:00:00,1.0,279.0,0.0,0.0,315.32,D
June,21,16:30:00,1.0,256.0,0.0,0.0,299.16,D
June,21,17:00:00,1.0,232.0,0.0,0.0,341.48,D
June,21,17:30:00,1.0,234.0,0.0,0.0,314.75,D
June,21,18:00:00,0.9952,212.0,0.0,0.0,323.25,D
June,21,18:30:00,0.9948,194.0,0.0,0.0,361.63,D
June,21,19:00:00,1.0,175.0,0.0,0.0,328.97,D
June,21,19:30:00,0.9518,167.0,0.0,0.0,299.28,D
June,21,20:00:00,0.9934,152.0,0.0,0.0,280.38,D
June,21,20:30:00,0.9067,151.0,0.0,0.0,282.73,D
June,21,21:00:00,0.8305,118.0,0.0,0.0,330.37,D
June,21,21:30:00,0.9773,88.0,0.0,0.0,307.34,D
June,21,22:00:00,1.0,61.0,0.0,0.0,244.62,D
June,21,22:30:00,1.0,49.0,0.0,0.0,266.47,D
June,21,23:00:00,1.0,57.0,0.0,0.0,270.63,D
June,21,23:30:00,1.0,38.0,0.0,0.0,252.58,D
June,22,00:00:00,1.0,32.0,0.0,0.0,308.91,D
June,22,00:30:00,0.9333,30.0,0.0,0.0,254.2,D
June,22,01:00:00,1.0,16.0,0.0,0.0,319.19,D
June,22,01:30:00,1.0,10.0,0.0,0.0,323.4,D
June,22,02:00:00,1.0,10.0,1.0,0.1,359.89,D
June,22,02:30:00,1.0,3.0,2.0,0.6667,1122.0,D
June,22,03:00:00,1.0,1.0,0.0,0.0,551.0,D
June,22,03:30:00,1.0,1.0,0.0,0.0,232.0,D
June,22,04:00:00,1.0,1.0,0.0,0.0,22.0,D
June,22,04:30:00,1.0,0.0,0.0,0.0,22.0,D
June,22,05:00:00,1.0,1.0,0.0,0.0,251.0,D
June,22,05:30:00,1.0,3.0,0.0,0.0,203.0,D
June,22,06:00:00,1.0,5.0,1.0,0.2,377.0,D
June,22,06:30:00,0.875,8.0,0.0,0.0,341.0,D
June,22,07:00:00,0.9286,14.0,0.0,0.0,295.64,D
June,22,07:30:00,1.0,36.0,0.0,0.0,308.81,D
June,22,08:00:00,0.9697,35.0,2.0,0.0571,260.21,D
June,22,08:30:00,1.0,56.0,1.0,0.0179,281.55,D
June,22,09:00:00,1.0,82.0,1.0,0.0122,398.27,D
June,22,09:30:00,1.0,74.0,0.0,0.0,296.27,D
June,22,10:00:00,1.0,122.0,2.0,0.0164,221.37,D
June,22,10:30:00,0.9857,142.0,2.0,0.0141,289.31,D
June,22,11:00:00,1.0,146.0,7.0,0.0479,297.67,D
June,22,11:30:00,1.0,156.0,6.0,0.0385,272.57,D
June,22,12:00:00,0.9892,185.0,0.0,0.0,273.51,D
June,22,12:30:00,1.0,175.0,0.0,0.0,278.1,D
June,22,13:00:00,0.9831,181.0,4.0,0.0221,286.71,D
June,22,13:30:00,0.801,199.0,3.0,0.0151,323.78,D
June,22,14:00:00,0.9218,181.0,2.0,0.011,321.65,D
June,22,14:30:00,0.8889,214.0,7.0,0.0327,317.06,D
June,22,15:00:00,0.9737,190.0,0.0,0.0,306.45,D
June,22,15:30:00,0.9947,189.0,1.0,0.0053,335.02,D
June,22,16:00:00,1.0,163.0,0.0,0.0,300.73,D
June,22,16:30:00,1.0,167.0,1.0,0.006,308.7,D
June,22,17:00:00,0.9931,144.0,0.0,0.0,272.24,D
June,22,17:30:00,1.0,127.0,0.0,0.0,301.31,D
June,22,18:00:00,0.9688,129.0,1.0,0.0078,342.87,D
June,22,18:30:00,0.9915,117.0,0.0,0.0,330.58,D
June,22,19:00:00,1.0,150.0,1.0,0.0067,309.06,D
June,22,19:30:00,0.9197,137.0,0.0,0.0,342.31,D
June,22,20:00:00,0.9904,105.0,1.0,0.0095,324.28,D
June,22,20:30:00,0.9896,96.0,0.0,0.0,322.33,D
June,22,21:00:00,1.0,77.0,0.0,0.0,302.68,D
June,22,21:30:00,1.0,78.0,0.0,0.0,352.15,D
June,22,22:00:00,1.0,67.0,0.0,0.0,320.03,D
June,22,22:30:00,1.0,59.0,0.0,0.0,324.54,D
June,22,23:00:00,1.0,49.0,0.0,0.0,333.18,D
June,22,23:30:00,1.0,40.0,0.0,0.0,334.38,D
June,23,00:00:00,1.0,30.0,0.0,0.0,287.8,D
June,23,00:30:00,1.0,27.0,0.0,0.0,451.96,D
June,23,01:00:00,1.0,15.0,0.0,0.0,559.0,D
June,23,01:30:00,1.0,5.0,0.0,0.0,523.6,D
June,23,02:00:00,1.0,5.0,0.0,0.0,441.2,D
June,23,02:30:00,1.0,3.0,0.0,0.0,148.67,D
June,23,03:00:00,1.0,3.0,0.0,0.0,701.33,D
June,23,03:30:00,1.0,2.0,0.0,0.0,193.5,D
June,23,04:00:00,0.5,3.0,1.0,0.3333,505.0,D
June,23,04:30:00,0.5,8.0,0.0,0.0,291.0,D
June,23,05:00:00,0.2857,7.0,0.0,0.0,276.29,D
June,23,05:30:00,0.1667,7.0,1.0,0.1429,410.0,D
June,23,06:00:00,0.9231,13.0,0.0,0.0,200.31,D
June,23,06:30:00,0.9,21.0,1.0,0.0476,242.8,D
June,23,07:00:00,1.0,24.0,0.0,0.0,240.54,D
June,23,07:30:00,1.0,61.0,0.0,0.0,243.3,D
June,23,08:00:00,1.0,102.0,0.0,0.0,322.75,D
June,23,08:30:00,1.0,144.0,1.0,0.0069,271.08,D
June,23,09:00:00,0.985,269.0,2.0,0.0074,294.93,D
June,23,09:30:00,0.915,312.0,6.0,0.0192,295.62,D
June,23,10:00:00,0.7251,379.0,8.0,0.0211,317.75,D
June,23,10:30:00,0.8133,379.0,4.0,0.0106,328.38,D
June,23,11:00:00,0.8224,414.0,3.0,0.0072,342.11,D
June,23,11:30:00,0.5267,471.0,21.0,0.0446,336.27,D
June,23,12:00:00,0.6981,487.0,10.0,0.0205,341.72,D
June,23,12:30:00,0.8387,439.0,5.0,0.0114,310.89,D
June,23,13:00:00,0.8671,479.0,5.0,0.0104,329.45,D
June,23,13:30:00,0.8957,442.0,1.0,0.0023,318.98,D
June,23,14:00:00,0.9961,513.0,3.0,0.0058,321.67,D
June,23,14:30:00,0.6248,546.0,13.0,0.0238,331.57,D
June,23,15:00:00,0.6081,530.0,12.0,0.0226,336.16,D
June,23,15:30:00,0.762,553.0,11.0,0.0199,337.46,D
June,23,16:00:00,0.9381,533.0,0.0,0.0,335.01,D
June,23,16:30:00,0.8377,537.0,7.0,0.013,345.86,D
June,23,17:00:00,0.9455,461.0,2.0,0.0043,350.34,D
June,23,17:30:00,0.7624,448.0,6.0,0.0134,349.9,D
June,23,18:00:00,0.8958,404.0,1.0,0.0025,365.59,D
June,23,18:30:00,0.9859,356.0,1.0,0.0028,322.53,D
June,23,19:00:00,0.882,359.0,3.0,0.0084,315.83,D
June,23,19:30:00,0.7373,317.0,1.0,0.0032,333.91,D
June,23,20:00:00,0.9878,246.0,0.0,0.0,305.13,D
June,23,20:30:00,0.9215,194.0,3.0,0.0155,349.96,D
June,23,21:00:00,0.8197,191.0,8.0,0.0419,316.61,D
June,23,21:30:00,0.8913,138.0,0.0,0.0,336.43,D
June,23,22:00:00,0.95,120.0,0.0,0.0,385.55,D
June,23,22:30:00,1.0,96.0,1.0,0.0104,295.19,D
June,23,23:00:00,1.0,91.0,1.0,0.011,266.39,D
June,23,23:30:00,1.0,61.0,0.0,0.0,301.23,D
June,24,00:00:00,1.0,43.0,0.0,0.0,341.07,D
June,24,00:30:00,1.0,34.0,0.0,0.0,343.26,D
June,24,01:00:00,1.0,22.0,0.0,0.0,339.5,D
June,24,01:30:00,1.0,14.0,0.0,0.0,426.14,D
June,24,02:00:00,0.7895,19.0,0.0,0.0,323.84,D
June,24,02:30:00,1.0,5.0,0.0,0.0,286.2,D
June,24,03:00:00,1.0,3.0,0.0,0.0,681.33,D
June,24,03:30:00,1.0,1.0,0.0,0.0,295.0,D
June,24,04:00:00,1.0,0.0,0.0,0.0,295.0,D
June,24,04:30:00,1.0,0.0,0.0,0.0,295.0,D
June,24,05:00:00,1.0,0.0,0.0,0.0,295.0,D
June,24,05:30:00,1.0,0.0,0.0,0.0,295.0,D
June,24,06:00:00,1.0,15.0,0.0,0.0,198.2,D
June,24,06:30:00,1.0,14.0,0.0,0.0,195.79,D
June,24,07:00:00,0.92,25.0,0.0,0.0,304.36,D
June,24,07:30:00,1.0,71.0,0.0,0.0,313.87,D
June,24,08:00:00,1.0,103.0,1.0,0.0097,274.7,D
June,24,08:30:00,0.9938,162.0,0.0,0.0,333.15,D
June,24,09:00:00,1.0,221.0,0.0,0.0,280.09,D
June,24,09:30:00,0.9894,284.0,0.0,0.0,303.15,D
June,24,10:00:00,0.9731,335.0,1.0,0.003,291.83,D
June,24,10:30:00,0.4703,382.0,12.0,0.0314,319.09,D
June,24,11:00:00,0.9087,416.0,0.0,0.0,311.82,D
June,24,11:30:00,0.9865,444.0,0.0,0.0,345.44,D
June,24,12:00:00,0.9161,468.0,3.0,0.0064,307.88,D
June,24,12:30:00,0.9159,468.0,4.0,0.0085,320.01,D
June,24,13:00:00,0.7716,494.0,8.0,0.0162,311.25,D
June,24,13:30:00,0.8798,445.0,4.0,0.009,336.16,D
June,24,14:00:00,0.9866,450.0,2.0,0.0044,303.83,D
June,24,14:30:00,0.722,470.0,6.0,0.0128,336.75,D
June,24,15:00:00,0.7732,493.0,8.0,0.0162,342.92,D
June,24,15:30:00,0.9937,479.0,3.0,0.0063,319.42,D
June,24,16:00:00,0.9979,481.0,1.0,0.0021,333.78,D
June,24,16:30:00,1.0,465.0,2.0,0.0043,340.81,D
June,24,17:00:00,0.993,432.0,1.0,0.0023,328.62,D
June,24,17:30:00,0.9949,390.0,1.0,0.0026,335.38,D
June,24,18:00:00,0.8696,373.0,5.0,0.0134,337.76,D
June,24,18:30:00,0.9874,317.0,0.0,0.0,360.69,D
June,24,19:00:00,1.0,298.0,0.0,0.0,322.46,D
June,24,19:30:00,0.9848,264.0,1.0,0.0038,325.41,D
June,24,20:00:00,0.9717,247.0,0.0,0.0,327.5,D
June,24,20:30:00,0.9952,211.0,1.0,0.0047,337.44,D
June,24,21:00:00,1.0,154.0,1.0,0.0065,299.82,D
June,24,21:30:00,1.0,157.0,0.0,0.0,336.67,D
June,24,22:00:00,1.0,137.0,0.0,0.0,338.07,D
June,24,22:30:00,1.0,104.0,0.0,0.0,378.25,D
June,24,23:00:00,1.0,52.0,0.0,0.0,335.17,D
June,24,23:30:00,1.0,61.0,0.0,0.0,331.11,D
June,25,00:00:00,1.0,30.0,0.0,0.0,419.03,D
June,25,00:30:00,1.0,26.0,0.0,0.0,391.62,D
June,25,01:00:00,1.0,26.0,0.0,0.0,246.23,D
June,25,01:30:00,1.0,17.0,0.0,0.0,289.47,D
June,25,02:00:00,1.0,9.0,0.0,0.0,196.11,D
June,25,02:30:00,1.0,14.0,0.0,0.0,353.79,D
June,25,03:00:00,1.0,3.0,0.0,0.0,239.33,D
June,25,03:30:00,1.0,1.0,0.0,0.0,109.0,D
June,25,04:00:00,1.0,0.0,0.0,0.0,109.0,D
June,25,04:30:00,1.0,0.0,0.0,0.0,109.0,D
June,25,05:00:00,1.0,0.0,0.0,0.0,109.0,D
June,25,05:30:00,1.0,0.0,0.0,0.0,109.0,D
June,25,06:00:00,1.0,22.0,1.0,0.0455,184.0,D
June,25,06:30:00,0.963,28.0,1.0,0.0357,288.67,D
June,25,07:00:00,1.0,33.0,0.0,0.0,237.24,D
June,25,07:30:00,1.0,58.0,0.0,0.0,241.48,D
June,25,08:00:00,1.0,127.0,0.0,0.0,288.27,D
June,25,08:30:00,1.0,149.0,0.0,0.0,276.77,D
June,25,09:00:00,0.9961,256.0,0.0,0.0,291.02,D
June,25,09:30:00,0.9931,290.0,0.0,0.0,320.39,D
June,25,10:00:00,0.944,342.0,3.0,0.0088,299.51,D
June,25,10:30:00,0.9558,341.0,2.0,0.0059,313.0,D
June,25,11:00:00,0.8073,437.0,1.0,0.0023,308.48,D
June,25,11:30:00,0.6909,466.0,13.0,0.0279,334.3,D
June,25,12:00:00,0.9256,498.0,1.0,0.002,317.48,D
June,25,12:30:00,0.9052,446.0,3.0,0.0067,308.79,D
June,25,13:00:00,0.7897,474.0,8.0,0.0169,312.25,D
June,25,13:30:00,0.9443,486.0,1.0,0.0021,318.8,D
June,25,14:00:00,0.9841,503.0,1.0,0.002,320.96,D
June,25,14:30:00,0.7556,500.0,5.0,0.01,330.9,D
June,25,15:00:00,0.8706,459.0,3.0,0.0065,332.63,D
June,25,15:30:00,0.901,490.0,5.0,0.0102,327.01,D
June,25,16:00:00,0.9778,452.0,1.0,0.0022,316.18,D
June,25,16:30:00,0.9844,449.0,1.0,0.0022,351.35,D
June,25,17:00:00,0.9796,494.0,3.0,0.0061,325.87,D
June,25,17:30:00,0.9739,383.0,0.0,0.0,338.12,D
June,25,18:00:00,0.9973,367.0,1.0,0.0027,341.66,D
June,25,18:30:00,0.9784,325.0,1.0,0.0031,323.89,D
June,25,19:00:00,0.9969,324.0,1.0,0.0031,291.29,D
June,25,19:30:00,0.9228,301.0,3.0,0.01,312.18,D
June,25,20:00:00,0.7875,282.0,9.0,0.0319,329.62,D
June,25,20:30:00,0.9593,223.0,2.0,0.009,336.91,D
June,25,21:00:00,0.8848,193.0,2.0,0.0104,278.42,D
June,25,21:30:00,0.9724,145.0,0.0,0.0,305.71,D
June,25,22:00:00,1.0,119.0,0.0,0.0,294.24,D
June,25,22:30:00,1.0,106.0,0.0,0.0,309.45,D
June,25,23:00:00,1.0,66.0,0.0,0.0,257.8,D
June,25,23:30:00,1.0,60.0,1.0,0.0167,289.24,D
June,26,00:00:00,1.0,54.0,0.0,0.0,325.69,D
June,26,00:30:00,1.0,29.0,0.0,0.0,345.24,D
June,26,01:00:00,0.9583,24.0,0.0,0.0,265.88,D
June,26,01:30:00,1.0,17.0,0.0,0.0,318.06,D
June,26,02:00:00,1.0,14.0,1.0,0.0714,430.38,D
June,26,02:30:00,0.9565,23.0,0.0,0.0,213.04,D
June,26,03:00:00,0.9565,0.0,0.0,0.0,213.04,D
June,26,03:30:00,0.9565,0.0,0.0,0.0,213.04,D
June,26,04:00:00,1.0,1.0,0.0,0.0,330.0,D
June,26,04:30:00,1.0,0.0,0.0,0.0,330.0,D
June,26,05:00:00,1.0,0.0,0.0,0.0,330.0,D
June,26,05:30:00,1.0,1.0,0.0,0.0,492.0,D
June,26,06:00:00,1.0,14.0,0.0,0.0,277.21,D
June,26,06:30:00,0.9655,31.0,2.0,0.0645,203.86,D
June,26,07:00:00,1.0,37.0,0.0,0.0,307.78,D
June,26,07:30:00,1.0,67.0,0.0,0.0,225.0,D
June,26,08:00:00,1.0,106.0,0.0,0.0,247.27,D
June,26,08:30:00,1.0,122.0,0.0,0.0,287.37,D
June,26,09:00:00,0.9959,245.0,0.0,0.0,293.05,D
June,26,09:30:00,1.0,278.0,0.0,0.0,287.52,D
June,26,10:00:00,1.0,339.0,0.0,0.0,277.94,D
June,26,10:30:00,0.8531,324.0,4.0,0.0123,278.13,D
June,26,11:00:00,0.9661,385.0,1.0,0.0026,297.62,D
June,26,11:30:00,0.9887,355.0,0.0,0.0,306.14,D
June,26,12:00:00,0.9378,404.0,2.0,0.005,309.16,D
June,26,12:30:00,0.7531,419.0,14.0,0.0334,309.45,D
June,26,13:00:00,0.5138,451.0,15.0,0.0333,308.56,D
June,26,13:30:00,0.9801,453.0,1.0,0.0022,292.43,D
June,26,14:00:00,0.9932,444.0,0.0,0.0,315.17,D
June,26,14:30:00,0.9958,472.0,0.0,0.0,335.89,D
June,26,15:00:00,0.833,461.0,6.0,0.013,307.46,D
June,26,15:30:00,1.0,427.0,0.0,0.0,311.72,D
June,26,16:00:00,0.9976,417.0,1.0,0.0024,326.94,D
June,26,16:30:00,0.9725,401.0,1.0,0.0025,307.19,D
June,26,17:00:00,0.981,369.0,0.0,0.0,348.07,D
June,26,17:30:00,0.9949,395.0,0.0,0.0,298.35,D
June,26,18:00:00,1.0,313.0,0.0,0.0,332.58,D
June,26,18:30:00,0.9967,304.0,0.0,0.0,297.72,D
June,26,19:00:00,0.8627,290.0,6.0,0.0207,310.29,D
June,26,19:30:00,0.6731,272.0,12.0,0.0441,300.9,D
June,26,20:00:00,0.6376,255.0,26.0,0.102,270.5,D
June,26,20:30:00,0.3382,234.0,27.0,0.1154,286.7,D
June,26,21:00:00,0.6732,166.0,13.0,0.0783,353.47,D
June,26,21:30:00,0.7643,141.0,1.0,0.0071,269.04,D
June,26,22:00:00,0.7305,155.0,14.0,0.0903,289.7,D
June,26,22:30:00,1.0,97.0,1.0,0.0103,251.36,D
June,26,23:00:00,1.0,75.0,0.0,0.0,302.4,D
June,26,23:30:00,1.0,52.0,0.0,0.0,302.06,D
June,27,00:00:00,1.0,36.0,0.0,0.0,306.47,D
June,27,00:30:00,1.0,24.0,0.0,0.0,271.71,D
June,27,01:00:00,1.0,12.0,0.0,0.0,357.5,D
June,27,01:30:00,0.9524,21.0,0.0,0.0,296.14,D
June,27,02:00:00,0.6429,15.0,1.0,0.0667,375.43,D
June,27,02:30:00,0.7,12.0,2.0,0.1667,343.3,D
June,27,03:00:00,1.0,2.0,0.0,0.0,92.0,D
June,27,03:30:00,1.0,0.0,0.0,0.0,92.0,D
June,27,04:00:00,1.0,0.0,0.0,0.0,92.0,D
June,27,04:30:00,1.0,1.0,0.0,0.0,219.0,D
June,27,05:00:00,1.0,1.0,0.0,0.0,370.0,D
June,27,05:30:00,1.0,0.0,0.0,0.0,370.0,D
June,27,06:00:00,0.8889,9.0,0.0,0.0,381.33,D
June,27,06:30:00,0.4286,20.0,6.0,0.3,301.5,D
June,27,07:00:00,0.7647,51.0,0.0,0.0,265.29,D
June,27,07:30:00,0.8367,50.0,1.0,0.02,263.59,D
June,27,08:00:00,0.913,116.0,1.0,0.0086,268.76,D
June,27,08:30:00,0.4887,151.0,18.0,0.1192,278.35,D
June,27,09:00:00,0.8688,222.0,1.0,0.0045,294.55,D
June,27,09:30:00,1.0,304.0,2.0,0.0066,303.91,D
June,27,10:00:00,0.9535,346.0,2.0,0.0058,290.64,D
June,27,10:30:00,0.6201,346.0,17.0,0.0491,311.46,D
June,27,11:00:00,0.9793,387.0,0.0,0.0,292.47,D
June,27,11:30:00,0.619,397.0,19.0,0.0479,309.63,D
June,27,12:00:00,0.9854,413.0,19.0,0.0479,309.63,D
June,27,12:30:00,0.881,426.0,19.0,0.0479,309.63,D
June,27,13:00:00,0.8112,439.0,19.0,0.0479,309.63,D
June,27,13:30:00,0.9356,421.0,19.0,0.0479,309.63,D
June,27,14:00:00,0.5106,451.0,19.0,0.0479,309.63,D
June,27,14:30:00,0.3659,477.0,19.0,0.0479,309.63,D
June,27,15:00:00,0.6112,481.0,18.0,0.0374,333.16,D
June,27,15:30:00,0.9205,455.0,2.0,0.0044,317.53,D
June,27,16:00:00,0.9598,449.0,1.0,0.0022,311.8,D
June,27,16:30:00,0.9447,404.0,6.0,0.0149,312.11,D
June,27,17:00:00,0.8113,436.0,12.0,0.0275,313.89,D
June,27,17:30:00,0.9606,382.0,1.0,0.0026,328.09,D
June,27,18:00:00,0.9943,353.0,0.0,0.0,315.77,D
June,27,18:30:00,0.9811,317.0,0.0,0.0,303.74,D
June,27,19:00:00,0.8685,254.0,3.0,0.0118,315.22,D
June,27,19:30:00,0.6318,248.0,9.0,0.0363,291.88,D
June,27,20:00:00,0.9899,199.0,1.0,0.005,316.78,D
June,27,20:30:00,1.0,165.0,1.0,0.0061,324.76,D
June,27,21:00:00,1.0,127.0,0.0,0.0,339.95,D
June,27,21:30:00,0.972,109.0,2.0,0.0183,302.53,D
June,27,22:00:00,0.9775,91.0,2.0,0.022,314.72,D
June,27,22:30:00,1.0,104.0,0.0,0.0,252.93,D
June,27,23:00:00,1.0,58.0,0.0,0.0,262.74,D
June,27,23:30:00,1.0,52.0,0.0,0.0,287.17,D
June,28,00:00:00,1.0,44.0,0.0,0.0,268.3,D
June,28,00:30:00,1.0,29.0,0.0,0.0,218.45,D
June,28,01:00:00,1.0,16.0,0.0,0.0,207.13,D
June,28,01:30:00,1.0,17.0,0.0,0.0,250.47,D
June,28,02:00:00,1.0,5.0,0.0,0.0,173.4,D
June,28,02:30:00,1.0,3.0,0.0,0.0,254.33,D
June,28,03:00:00,1.0,3.0,0.0,0.0,662.67,D
June,28,03:30:00,1.0,0.0,0.0,0.0,662.67,D
June,28,04:00:00,1.0,0.0,0.0,0.0,662.67,D
June,28,04:30:00,1.0,0.0,0.0,0.0,662.67,D
June,28,05:00:00,1.0,1.0,0.0,0.0,245.0,D
June,28,05:30:00,1.0,1.0,0.0,0.0,184.0,D
June,28,06:00:00,1.0,1.0,0.0,0.0,337.0,D
June,28,06:30:00,0.6154,17.0,4.0,0.2353,293.23,D
June,28,07:00:00,0.96,25.0,0.0,0.0,265.2,D
June,28,07:30:00,0.7,41.0,1.0,0.0244,299.43,D
June,28,08:00:00,0.9516,62.0,0.0,0.0,261.63,D
June,28,08:30:00,1.0,81.0,1.0,0.0123,280.55,D
June,28,09:00:00,0.7514,194.0,13.0,0.067,259.2,D
June,28,09:30:00,0.8041,197.0,3.0,0.0152,260.38,D
June,28,10:00:00,0.7259,201.0,4.0,0.0199,314.34,D
June,28,10:30:00,0.6955,255.0,12.0,0.0471,281.8,D
June,28,11:00:00,0.9122,262.0,0.0,0.0,291.47,D
June,28,11:30:00,0.6633,306.0,12.0,0.0392,305.36,D
June,28,12:00:00,0.7082,310.0,5.0,0.0161,327.63,D
June,28,12:30:00,0.8536,283.0,3.0,0.0106,306.41,D
June,28,13:00:00,0.9468,264.0,1.0,0.0038,303.15,D
June,28,13:30:00,0.5068,316.0,20.0,0.0633,293.43,D
June,28,14:00:00,0.6997,327.0,4.0,0.0122,307.2,D
June,28,14:30:00,0.8233,324.0,7.0,0.0216,307.66,D
June,28,15:00:00,0.9696,297.0,1.0,0.0034,284.07,D
June,28,15:30:00,0.9741,272.0,2.0,0.0074,278.06,D
June,28,16:00:00,0.9003,329.0,8.0,0.0243,284.94,D
June,28,16:30:00,0.9929,282.0,0.0,0.0,313.63,D
June,28,17:00:00,0.9231,249.0,2.0,0.008,278.64,D
June,28,17:30:00,0.9615,234.0,0.0,0.0,261.46,D
June,28,18:00:00,0.9091,254.0,1.0,0.0039,274.79,D
June,28,18:30:00,1.0,193.0,0.0,0.0,324.01,D
June,28,19:00:00,0.9933,151.0,1.0,0.0066,341.87,D
June,28,19:30:00,0.9486,175.0,0.0,0.0,315.22,D
June,28,20:00:00,0.7226,160.0,5.0,0.0313,333.88,D
June,28,20:30:00,0.9917,121.0,0.0,0.0,274.09,D
June,28,21:00:00,0.7788,120.0,7.0,0.0583,257.12,D
June,28,21:30:00,0.9634,82.0,0.0,0.0,335.52,D
June,28,22:00:00,1.0,83.0,0.0,0.0,296.65,D
June,28,22:30:00,0.9861,73.0,1.0,0.0137,304.74,D
June,28,23:00:00,1.0,59.0,0.0,0.0,303.49,D
June,28,23:30:00,1.0,46.0,0.0,0.0,280.22,D
June,29,00:00:00,0.9688,32.0,0.0,0.0,224.25,D
June,29,00:30:00,1.0,24.0,0.0,0.0,386.33,D
June,29,01:00:00,1.0,19.0,0.0,0.0,202.58,D
June,29,01:30:00,1.0,9.0,0.0,0.0,252.0,D
June,29,02:00:00,1.0,8.0,0.0,0.0,189.5,D
June,29,02:30:00,0.7143,7.0,0.0,0.0,206.0,D
June,29,03:00:00,0.6667,4.0,1.0,0.25,300.67,D
June,29,03:30:00,0.6667,0.0,0.0,0.25,300.67,D
June,29,04:00:00,0.6667,0.0,0.0,0.25,300.67,D
June,29,04:30:00,0.6667,0.0,0.0,0.25,300.67,D
June,29,05:00:00,1.0,1.0,0.0,0.0,211.0,D
June,29,05:30:00,1.0,0.0,0.0,0.0,211.0,D
June,29,06:00:00,1.0,4.0,0.0,0.0,145.75,D
June,29,06:30:00,0.9091,12.0,1.0,0.0833,237.73,D
June,29,07:00:00,1.0,13.0,0.0,0.0,253.08,D
June,29,07:30:00,1.0,28.0,0.0,0.0,380.29,D
June,29,08:00:00,1.0,39.0,1.0,0.0256,254.82,D
June,29,08:30:00,1.0,59.0,0.0,0.0,235.8,D
June,29,09:00:00,1.0,89.0,0.0,0.0,258.57,D
June,29,09:30:00,1.0,92.0,0.0,0.0,257.38,D
June,29,10:00:00,0.9911,113.0,1.0,0.0088,318.29,D
June,29,10:30:00,1.0,126.0,0.0,0.0,274.94,D
June,29,11:00:00,1.0,137.0,0.0,0.0,284.34,D
June,29,11:30:00,1.0,145.0,0.0,0.0,269.55,D
June,29,12:00:00,0.9945,183.0,0.0,0.0,278.9,D
June,29,12:30:00,0.9511,185.0,1.0,0.0054,280.03,D
June,29,13:00:00,1.0,150.0,1.0,0.0067,302.62,D
June,29,13:30:00,1.0,201.0,0.0,0.0,287.0,D
June,29,14:00:00,1.0,179.0,0.0,0.0,274.43,D
June,29,14:30:00,1.0,183.0,0.0,0.0,293.36,D
June,29,15:00:00,1.0,161.0,0.0,0.0,304.8,D
June,29,15:30:00,1.0,180.0,0.0,0.0,258.42,D
June,29,16:00:00,1.0,154.0,0.0,0.0,320.49,D
June,29,16:30:00,1.0,175.0,0.0,0.0,303.19,D
June,29,17:00:00,1.0,154.0,0.0,0.0,286.69,D
June,29,17:30:00,1.0,185.0,0.0,0.0,306.53,D
June,29,18:00:00,1.0,148.0,1.0,0.0068,295.56,D
June,29,18:30:00,1.0,124.0,2.0,0.0161,331.15,D
June,29,19:00:00,1.0,119.0,0.0,0.0,274.24,D
June,29,19:30:00,0.9699,133.0,0.0,0.0,326.61,D
June,29,20:00:00,1.0,110.0,1.0,0.0091,330.6,D
June,29,20:30:00,1.0,86.0,0.0,0.0,283.03,D
June,29,21:00:00,1.0,73.0,0.0,0.0,347.84,D
June,29,21:30:00,1.0,56.0,0.0,0.0,303.75,D
June,29,22:00:00,1.0,63.0,0.0,0.0,274.78,D
June,29,22:30:00,1.0,46.0,0.0,0.0,330.48,D
June,29,23:00:00,1.0,41.0,0.0,0.0,251.66,D
June,29,23:30:00,1.0,37.0,0.0,0.0,287.27,D
June,30,00:00:00,1.0,28.0,0.0,0.0,298.61,D
June,30,00:30:00,1.0,29.0,0.0,0.0,375.86,D
June,30,01:00:00,1.0,16.0,0.0,0.0,355.13,D
June,30,01:30:00,1.0,9.0,0.0,0.0,497.44,D
June,30,02:00:00,1.0,6.0,1.0,0.1667,303.2,D
June,30,02:30:00,1.0,4.0,0.0,0.0,390.0,D
June,30,03:00:00,0.6,7.0,2.0,0.2857,370.8,D
June,30,03:30:00,0.7143,7.0,0.0,0.0,231.71,D
June,30,04:00:00,0.0,1.0,0.0,0.0,176.0,D
June,30,04:30:00,0.7,10.0,0.0,0.0,220.2,D
June,30,05:00:00,0.75,4.0,0.0,0.0,813.0,D
June,30,05:30:00,1.0,6.0,0.0,0.0,210.33,D
June,30,06:00:00,1.0,11.0,0.0,0.0,260.36,D
June,30,06:30:00,0.963,27.0,0.0,0.0,342.15,D
June,30,07:00:00,1.0,32.0,0.0,0.0,248.25,D
June,30,07:30:00,1.0,50.0,0.0,0.0,288.14,D
June,30,08:00:00,1.0,100.0,0.0,0.0,251.66,D
June,30,08:30:00,0.9489,139.0,2.0,0.0144,280.35,D
June,30,09:00:00,0.9617,235.0,0.0,0.0,288.53,D
June,30,09:30:00,0.9158,305.0,8.0,0.0262,296.44,D
June,30,10:00:00,0.7845,367.0,5.0,0.0136,304.28,D
June,30,10:30:00,0.5749,419.0,12.0,0.0286,333.82,D
June,30,11:00:00,0.9099,457.0,2.0,0.0044,307.41,D
June,30,11:30:00,0.9808,468.0,0.0,0.0,323.44,D
June,30,12:00:00,0.9101,535.0,1.0,0.0019,309.1,D
June,30,12:30:00,0.5256,517.0,28.0,0.0542,330.71,D
June,30,13:00:00,0.4135,524.0,21.0,0.0401,315.6,D
June,30,13:30:00,0.5502,525.0,7.0,0.0133,319.51,D
June,30,14:00:00,0.8761,560.0,3.0,0.0054,305.03,D
June,30,14:30:00,0.9591,516.0,3.0,0.0058,308.38,D
June,30,15:00:00,0.9944,536.0,0.0,0.0,298.74,D
June,30,15:30:00,0.9981,514.0,1.0,0.0019,314.89,D
June,30,16:00:00,0.965,517.0,3.0,0.0058,324.92,D
June,30,16:30:00,0.965,518.0,3.0,0.0058,322.86,D
June,30,17:00:00,0.9803,458.0,0.0,0.0,351.59,D
June,30,17:30:00,0.9828,468.0,2.0,0.0043,320.99,D
June,30,18:00:00,0.9355,404.0,1.0,0.0025,325.06,D
June,30,18:30:00,0.953,363.0,1.0,0.0028,328.62,D
June,30,19:00:00,0.9781,320.0,0.0,0.0,323.22,D
June,30,19:30:00,0.9675,279.0,2.0,0.0072,330.01,D
June,30,20:00:00,0.931,236.0,4.0,0.0169,315.3,D
June,30,20:30:00,0.9703,202.0,0.0,0.0,299.88,D
June,30,21:00:00,1.0,182.0,0.0,0.0,301.13,D
June,30,21:30:00,0.9455,165.0,0.0,0.0,309.2,D
June,30,22:00:00,1.0,122.0,0.0,0.0,296.28,D
June,30,22:30:00,1.0,120.0,0.0,0.0,271.34,D
June,30,23:00:00,1.0,76.0,1.0,0.0132,290.99,D
June,30,23:30:00,1.0,52.0,1.0,0.0192,230.86,D
