Date,Call Volume,CCT,Service Level,Abandon Rate,client,day_of_week,month,day_of_month,week_of_year,quarter,is_weekend,Call Volume_lag_1,Call Volume_lag_2,Call Volume_lag_7,Call Volume_lag_14,Call Volume_lag_21,Call Volume_lag_28,Call Volume_rollmean_3,Call Volume_rollstd_3,Call Volume_rollmean_7,Call Volume_rollstd_7,Call Volume_rollmean_14,Call Volume_rollstd_14,Call Volume_rollmean_30,Call Volume_rollstd_30,diff_lag7,pct_change_7,volatility_ratio,volume_x_service,volume_x_abandon,trend,outlier_column
2024-01-02,7458.0,349.22,0.5213,0.1136,A,1,1,2,1,1,0,2147.0,,,,,,,,,,,,,,,0.0,0.0,3887.8554,847.2288000000001,1,Service Level
2024-01-02,14914.0,356.37,0.565,0.132,B,1,1,2,1,1,0,4406.0,,,,,,,,,,,,,,,0.0,0.0,8426.41,1968.6480000000001,1,Service Level
2024-01-04,12487.0,344.92,0.6122,0.0824,B,3,1,4,1,1,0,14132.0,14914.0,,,,,11150.666666666666,5854.124813610771,,,,,,,,0.0,0.0,7644.541399999999,1028.9288,3,Service Level
2024-02-18,4754.0,356.61,0.5757,0.0535,B,6,2,18,7,1,1,7426.0,10052.0,4490.0,4971.0,4402.0,5266.0,9177.333333333334,1516.699486824376,9025.142857142857,2287.0709381631464,9395.5,2431.1173357121206,9570.466666666667,2336.831729785722,264.0,0.058797327394209356,0.25341105114508716,2736.8777999999998,254.339,48,Service Level
2024-02-25,5040.0,359.63,0.5185,0.0795,B,6,2,25,8,1,1,6872.0,10516.0,4754.0,4490.0,4971.0,4402.0,9047.0,1921.850930743587,8864.42857142857,2200.876405521429,8944.785714285714,2157.9496029821894,9293.533333333333,2290.078040129867,286.0,0.06015986537652503,0.2482818139699603,2613.24,400.68,55,Service Level
2024-05-18,6753.0,340.84,0.5902,0.0709,B,5,5,18,20,2,1,11017.0,10566.0,8107.0,7672.0,7280.0,7367.0,10675.666666666666,301.8316307700843,9461.57142857143,2602.518322519093,9866.714285714286,2630.499584857228,9910.133333333333,2549.18396318526,-1354.0,-0.16701615887504626,0.2750619537321443,3985.6205999999997,478.78770000000003,138,Service Level
2024-05-21,10436.0,322.55,0.6169,0.0995,B,1,5,21,21,2,0,12003.0,4282.0,10891.0,11768.0,11881.0,10845.0,7679.333333333333,3942.972271438559,9422.285714285714,2806.537826473847,9666.714285714286,2746.7396457106493,9742.733333333334,2794.8350630913883,-455.0,-0.041777614544119,0.2978616772593385,6437.9684,1038.382,141,Service Level
2025-10-03,10095.0,363.46,0.4836,0.178,B,4,10,3,40,4,0,9800.0,9837.0,8576.0,8539.0,8534.0,10128.0,9415.0,699.1273131554678,8004.571428571428,2264.1990384491774,7943.571428571428,2057.388101987019,8189.1,2056.4331079775384,1519.0,0.17712220149253732,0.28286324366690896,4881.942,1796.9099999999999,641,Service Level
2025-12-13,8383.0,356.88,0.6172,0.0623,B,5,12,13,50,4,1,11325.0,11122.0,8452.0,8748.0,7364.0,6524.0,11310.0,180.966847792441,10407.142857142857,2493.2674965843157,10770.42857142857,2567.235709243146,9536.433333333332,2957.955126415049,-69.0,-0.008163748225272126,0.23957271758531518,5173.9875999999995,522.2609,712,Service Level
2024-01-02,30738.0,370.36,0.5464,0.1005,C,1,1,2,1,1,0,8059.0,,,,,,,,,,,,,,,0.0,0.0,16795.2432,3089.1690000000003,1,Service Level
2024-01-03,29358.0,369.6,0.5153,0.0738,C,2,1,3,1,1,0,30738.0,8059.0,,,,,,,,,,,,,,0.0,0.0,15128.177399999999,2166.6204000000002,2,Service Level
2024-03-05,26921.0,368.85,0.4338,0.087,C,1,3,5,10,1,0,29975.0,11310.0,23300.0,24935.0,24292.0,25766.0,19666.333333333332,9484.421982036305,22860.85714285714,6435.199101518959,22172.214285714286,5932.682596996346,21312.766666666666,5981.094471884657,3621.0,0.1554077253218884,0.2814942178810488,11678.329800000001,2342.127,64,Service Level
2024-05-13,26132.0,346.11,0.6108,0.0302,C,0,5,13,20,2,0,8162.0,16820.0,16820.0,26280.0,26933.0,26959.0,13934.0,4998.6986306437875,15583.142857142857,3272.416407313861,19529.14285714286,5616.1000683768125,19611.033333333333,5692.2131656314905,9312.0,0.5536266349583828,0.20999720257418297,15961.4256,789.1864,133,Service Level
2024-05-18,14761.0,347.18,0.5979,0.0296,C,5,5,18,20,2,1,23437.0,23768.0,16820.0,16820.0,14692.0,15136.0,24140.666666666668,946.7102689489681,21127.14285714286,6469.72576514572,18973.571428571428,4930.862675564469,20346.3,5424.022754186324,-2059.0,-0.12241379310344827,0.30622814494570316,8825.6019,436.92560000000003,138,Service Level
2024-07-14,9747.0,355.49,0.5642,0.031,C,6,7,14,28,3,1,14472.0,21909.0,10079.0,10436.0,10536.0,8648.0,19699.666666666668,4545.3266475945875,20788.14285714286,6216.338027825573,20312.285714285714,6842.359449427143,20481.366666666665,6149.548211514978,-332.0,-0.032939775771405895,0.29903287035039894,5499.2574,302.157,195,Service Level
2024-08-29,21343.0,346.42,0.5592,0.0559,C,3,8,29,35,3,0,22414.0,22131.0,22006.0,23218.0,21690.0,24376.0,22750.333333333332,839.6405977163457,19544.428571428572,5121.989354965584,19917.785714285714,5125.7651613209,20205.066666666666,5002.2668029420465,-663.0,-0.030128146869035716,0.26206902577102054,11935.0056,1193.0737,241,Service Level
2024-09-03,28572.0,358.6,0.5883,0.038,C,1,9,3,36,3,0,14620.0,10608.0,22131.0,23130.0,22390.0,23713.0,13537.333333333334,2565.4764339852104,18332.285714285714,4734.608491884875,19051.714285714286,4872.8476499661165,19417.7,5259.609787217401,6441.0,0.29103971804256473,0.2582661303492209,16808.907600000002,1085.7359999999999,246,Service Level
2025-02-04,23715.0,358.43,0.5535,0.0454,C,1,2,4,6,1,0,27260.0,10769.0,21712.0,20505.0,21921.0,22765.0,18160.333333333332,8377.17567759764,19748.0,5108.743811675534,19163.5,4890.480607969227,18647.4,5029.069534835134,2003.0,0.09225313190862196,0.2586967698843191,13126.2525,1076.661,400,Service Level
2025-04-01,24424.0,343.24,0.5827,0.0436,C,1,4,1,14,2,0,23728.0,8855.0,21466.0,21325.0,21941.0,23955.0,15285.666666666666,7637.842256379314,18409.428571428572,5304.496578600158,18622.785714285714,5065.568738340953,19065.666666666668,5326.974546221516,2958.0,0.13779931053759434,0.28814020804712726,14231.8648,1064.8864,456,Service Level
2025-10-01,23531.0,339.69,0.599,0.0807,C,2,10,1,40,4,0,21073.0,22150.0,20364.0,20654.0,21139.0,24645.0,17313.0,7464.669383167623,17893.428571428572,5008.175977244362,17941.428571428572,4859.653940105449,18453.566666666666,5127.162276800259,3167.0,0.1555195442938519,0.27988912003377564,14095.069,1898.9516999999998,639,Service Level
2025-10-03,22658.0,361.77,0.3132,0.2209,C,4,10,3,40,4,0,21802.0,23531.0,19516.0,19907.0,19491.0,21052.0,22135.333333333332,1262.447754694622,18551.85714285714,5512.526747586534,18264.571428571428,5109.85889786048,18676.133333333335,5016.62572221424,3142.0,0.16099610575937692,0.29714150476352574,7096.485599999999,5005.1522,641,Service Level
2025-10-04,14077.0,357.81,0.4658,0.1272,C,5,10,4,40,4,1,22658.0,21802.0,13075.0,13015.0,13092.0,13889.0,22663.666666666668,864.5139289412867,19000.714285714286,5727.830238239871,18461.071428571428,5229.374318571603,18609.9,4947.74683202294,1002.0,0.07663479923518164,0.30145341654583735,6557.0666,1790.5944000000002,642,Service Level
2025-10-10,19888.0,358.31,0.6042,0.152,C,4,10,10,41,4,0,20462.0,21053.0,22658.0,19516.0,19907.0,19491.0,20922.333333333332,410.8896851144882,19026.85714285714,5325.752949226076,18789.35714285714,5213.143605086348,18553.233333333334,4864.103926998641,-2770.0,-0.12225262600406038,0.279907128604548,12016.3296,3022.976,648,Service Level
2024-01-02,16184.0,348.04,0.5553,0.071,D,1,1,2,1,1,0,4380.0,,,,,,,,,,,,,,,0.0,0.0,8986.9752,1149.0639999999999,1,Service Level
2024-01-03,15575.0,333.97,0.5945,0.0679,D,2,1,3,1,1,0,16184.0,4380.0,,,,,,,,,,,,,,0.0,0.0,9259.3375,1057.5425,2,Service Level
2025-02-04,12459.0,333.55,0.5933,0.0638,D,1,2,4,6,1,0,14430.0,5703.0,11051.0,11343.0,11956.0,13309.0,9514.333333333334,4467.079172494406,10279.57142857143,2690.0721710976954,10159.785714285714,2573.688618383282,10198.966666666667,2746.872221063542,1408.0,0.1274092842276717,0.26169108214188846,7391.9247000000005,794.8842,400,Service Level
2025-10-03,11558.0,344.46,0.5722,0.1334,D,4,10,3,40,4,0,11278.0,11483.0,10011.0,10210.0,9940.0,10141.0,11092.666666666666,508.96987468156476,9326.285714285714,2676.787235616959,9281.57142857143,2506.42269485312,9391.066666666668,2409.0474427891972,1547.0,0.15453001698132054,0.2870153582703069,6613.4876,1541.8372,641,Service Level
2024-01-02,7458.0,349.22,0.5213,0.1136,A,1,1,2,1,1,0,2147.0,,,,,,,,,,,,,,,0.0,0.0,3887.8554,847.2288000000001,1,Abandon Rate
2024-04-08,4937.0,306.97,0.6551,0.0608,A,0,4,8,15,2,0,1434.0,3615.0,5958.0,5533.0,5367.0,5459.0,3518.0,2037.2326818505544,4741.285714285715,1654.914671947943,4399.928571428572,1620.3690683243788,4146.833333333333,1512.8250595886952,-1021.0,-0.171366230278617,0.3490434392008075,3234.2287,300.1696,98,Abandon Rate
2024-04-26,4474.0,311.38,0.8663,0.0886,A,4,4,26,17,2,0,4716.0,4882.0,4671.0,4462.0,5505.0,4600.0,4814.333333333333,87.1454722480478,4154.714285714285,1394.618432198775,4100.714285714285,1332.2509828552113,4278.366666666667,1408.2207282738837,-197.0,-0.04217512309997859,0.33567132088819673,3875.8262,396.39639999999997,116,Abandon Rate
2024-10-02,5248.0,293.44,0.8162,0.046,A,2,10,2,40,4,0,5350.0,5056.0,4816.0,4853.0,6173.0,6173.0,3855.6666666666665,2338.2750764897924,3896.4285714285716,1495.9033900559684,4056.3571428571427,1365.9168015626744,5087.666666666667,1434.418573387186,432.0,0.08970099667774087,0.3839165437357206,4283.4176,241.408,275,Abandon Rate
2025-06-30,4987.0,328.38,0.6614,0.0712,A,0,6,30,27,2,0,1213.0,2740.0,5164.0,4523.0,4907.0,5596.0,2732.0,1515.0158415013498,3819.714285714286,1369.3879063637241,3776.9285714285716,1273.2108088357752,3936.3,1224.7356970327162,-177.0,-0.03427575522850503,0.35850532367963456,3298.4018,355.07439999999997,546,Abandon Rate
2025-10-02,4616.0,310.61,0.8813,0.0479,A,3,10,2,40,4,0,4583.0,4537.0,4005.0,3935.0,3930.0,4397.0,4511.333333333333,87.37467215018609,3613.714285714286,1236.8071412964453,3538.785714285714,1130.946450379662,3650.1,1128.4698015912813,611.0,0.15255930087390762,0.3422537155706482,4068.0807999999997,221.10639999999998,640,Abandon Rate
2024-01-02,14914.0,356.37,0.565,0.132,B,1,1,2,1,1,0,4406.0,,,,,,,,,,,,,,,0.0,0.0,8426.41,1968.6480000000001,1,Abandon Rate
2024-01-03,14132.0,347.41,0.6218,0.0797,B,2,1,3,1,1,0,14914.0,4406.0,,,,,,,,,,,,,,0.0,0.0,8787.2776,1126.3203999999998,2,Abandon Rate
2024-01-04,12487.0,344.92,0.6122,0.0824,B,3,1,4,1,1,0,14132.0,14914.0,,,,,11150.666666666666,5854.124813610771,,,,,,,,0.0,0.0,7644.541399999999,1028.9288,3,Abandon Rate
2024-02-18,4754.0,356.61,0.5757,0.0535,B,6,2,18,7,1,1,7426.0,10052.0,4490.0,4971.0,4402.0,5266.0,9177.333333333334,1516.699486824376,9025.142857142857,2287.0709381631464,9395.5,2431.1173357121206,9570.466666666667,2336.831729785722,264.0,0.058797327394209356,0.25341105114508716,2736.8777999999998,254.339,48,Abandon Rate
2024-02-25,5040.0,359.63,0.5185,0.0795,B,6,2,25,8,1,1,6872.0,10516.0,4754.0,4490.0,4971.0,4402.0,9047.0,1921.850930743587,8864.42857142857,2200.876405521429,8944.785714285714,2157.9496029821894,9293.533333333333,2290.078040129867,286.0,0.06015986537652503,0.2482818139699603,2613.24,400.68,55,Abandon Rate
2024-04-08,12981.0,340.15,0.7714,0.0986,B,0,4,8,15,2,0,4791.0,8281.0,13904.0,12048.0,11456.0,11636.0,8627.666666666666,4021.222865414617,11097.857142857143,3307.9415769010334,10051.785714285714,3364.3978814039788,9313.633333333333,2960.359979081449,-923.0,-0.0663837744533947,0.29807029720418654,10013.5434,1279.9266,98,Abandon Rate
2024-05-18,6753.0,340.84,0.5902,0.0709,B,5,5,18,20,2,1,11017.0,10566.0,8107.0,7672.0,7280.0,7367.0,10675.666666666666,301.8316307700843,9461.57142857143,2602.518322519093,9866.714285714286,2630.499584857228,9910.133333333333,2549.18396318526,-1354.0,-0.16701615887504626,0.2750619537321443,3985.6205999999997,478.78770000000003,138,Abandon Rate
2024-05-21,10436.0,322.55,0.6169,0.0995,B,1,5,21,21,2,0,12003.0,4282.0,10891.0,11768.0,11881.0,10845.0,7679.333333333333,3942.972271438559,9422.285714285714,2806.537826473847,9666.714285714286,2746.7396457106493,9742.733333333334,2794.8350630913883,-455.0,-0.041777614544119,0.2978616772593385,6437.9684,1038.382,141,Abandon Rate
2024-05-30,9831.0,334.25,0.7738,0.0461,B,3,5,30,22,2,0,10815.0,11555.0,10207.0,10566.0,11394.0,11768.0,9648.666666666666,2686.6075882669084,8600.714285714286,2751.4265217813563,8960.714285714286,2672.3241232642795,9663.133333333333,2685.606047743814,-376.0,-0.03683746448515725,0.31990674615845016,7607.227800000001,453.20910000000003,150,Abandon Rate
2024-07-19,10393.0,313.82,0.7712,0.0497,B,4,7,19,29,3,0,10300.0,11140.0,10779.0,11932.0,10517.0,11260.0,10571.666666666666,492.3498078940642,9380.714285714286,2673.254927006004,9867.857142857143,2864.226324779593,9719.366666666667,2867.3773729403956,-386.0,-0.03581037201966787,0.2849734940842462,8015.0815999999995,516.5321,200,Abandon Rate
2024-09-03,4494.0,318.5,0.8756,0.047,B,1,9,3,36,3,0,4494.0,4494.0,10300.0,10138.0,9884.0,11490.0,5302.0,1399.497052515662,7787.428571428572,2505.5652627130244,8285.142857142857,2350.174849702844,8775.166666666666,2518.700610308375,-5806.0,-0.5636893203883495,0.3217448789072346,3934.9464000000003,211.218,246,Abandon Rate
2025-01-16,10391.0,333.87,0.89,0.0477,B,3,1,16,3,1,0,11389.0,11460.0,9848.0,13608.0,716.0,11604.0,11587.333333333334,284.2610302755004,9679.714285714286,2487.2754648601367,10308.5,2790.8891263152245,9060.533333333333,3942.7499132155062,543.0,0.055138099106417544,0.25695752905960856,9247.99,495.6507,381,Abandon Rate
2025-03-21,8572.0,341.16,0.8625,0.0717,B,4,3,21,12,1,0,9087.0,8451.0,8574.0,8930.0,9732.0,9096.0,8674.666666666666,357.51969642714477,7705.142857142857,2059.395900789924,7843.928571428572,1964.7711342265918,8321.066666666668,2012.481123206956,-2.0,-0.00023326335432703523,0.26727549884176555,7393.35,614.6124,445,Abandon Rate
2025-04-01,9723.0,332.87,0.7325,0.0566,B,1,4,1,14,2,0,9563.0,3643.0,8959.0,8486.0,9460.0,9625.0,6315.333333333333,3001.6422727122936,7606.571428571428,2120.4904194660908,7686.571428571428,1930.5647525364695,7927.3,2148.7094627176493,764.0,0.08527737470699855,0.2787708548297081,7122.097500000001,550.3217999999999,456,Abandon Rate
2025-06-13,8477.0,322.08,0.7019,0.0457,B,4,6,13,24,2,0,8365.0,9394.0,9019.0,9361.0,9208.0,8324.0,8977.0,541.5062326511065,8025.714285714285,2174.043829233545,8324.642857142857,2240.6400049691347,8052.433333333333,2110.005110033569,-542.0,-0.060095354252134386,0.27088477758338936,5950.0063,387.39889999999997,529,Abandon Rate
2025-08-11,10926.0,329.89,0.6497,0.068,B,0,8,11,33,3,0,4412.0,6669.0,12359.0,10493.0,9871.0,10156.0,7046.333333333333,2841.8505121370126,9215.857142857143,2740.318559861931,9307.785714285714,2310.5261864436306,8402.2,2379.345163463365,-1433.0,-0.11594789222428999,0.29734820292715225,7098.622200000001,742.9680000000001,588,Abandon Rate
2025-08-18,10515.0,330.83,0.7462,0.0544,B,0,8,18,34,3,0,4432.0,6247.0,10926.0,12359.0,10493.0,9871.0,6490.666666666667,2190.6871829025295,8226.0,2168.7926748923155,8720.92857142857,2429.108809808667,8452.066666666668,2355.9973206081113,-411.0,-0.03761669412410763,0.2636509451607483,7846.293,572.016,595,Abandon Rate
2025-09-23,9140.0,337.41,0.7408,0.0501,B,1,9,23,39,3,0,9579.0,3885.0,8801.0,9144.0,11231.0,8604.0,6670.0,2849.0245699186385,7848.285714285715,1982.8643182935612,7895.857142857143,1920.3369038207259,7953.133333333333,2290.801918517837,339.0,0.0385183501874787,0.25264935432769536,6770.912,457.914,631,Abandon Rate
2025-10-01,9837.0,334.48,0.6876,0.0703,B,2,10,1,40,4,0,8608.0,9380.0,8554.0,8889.0,9022.0,10921.0,7261.0,3026.361346567865,7697.714285714285,2028.4092876180373,7797.214285714285,1944.6221376508352,8103.466666666666,2132.6166659008622,1283.0,0.14998830956277764,0.2635079989111102,6763.9212,691.5411,639,Abandon Rate
2025-10-03,10095.0,363.46,0.4836,0.178,B,4,10,3,40,4,0,9800.0,9837.0,8576.0,8539.0,8534.0,10128.0,9415.0,699.1273131554678,8004.571428571428,2264.1990384491774,7943.571428571428,2057.388101987019,8189.1,2056.4331079775384,1519.0,0.17712220149253732,0.28286324366690896,4881.942,1796.9099999999999,641,Abandon Rate
2025-10-04,6365.0,359.44,0.6378,0.1171,B,5,10,4,40,4,1,10095.0,9800.0,6036.0,6546.0,6128.0,6831.0,9910.666666666666,160.70573522217077,8221.57142857143,2396.9884478335566,8054.714285714285,2132.6791900031467,8161.566666666667,2023.866488770385,329.0,0.054506295559973494,0.29154869828213054,4059.597,745.3415,642,Abandon Rate
2025-10-05,4448.0,357.59,0.7226,0.0474,B,6,10,5,40,4,1,6365.0,10095.0,3795.0,3885.0,4181.0,3944.0,8753.333333333334,2073.6099761848513,8268.57142857143,2349.7515370170936,8041.785714285715,2143.052143325248,8049.466666666666,2027.245264125554,653.0,0.17206851119894598,0.2841786585887984,3214.1248,210.8352,643,Abandon Rate
2025-10-10,8859.0,373.83,0.7003,0.2327,B,4,10,10,41,4,0,8981.0,9755.0,10095.0,8576.0,8539.0,8534.0,9436.333333333334,404.69412317615223,8562.714285714286,2287.226174086965,8283.642857142857,2205.558314355332,8133.266666666666,1974.804642164028,-1236.0,-0.12243684992570579,0.26711462017398946,6203.9577,2061.4892999999997,648,Abandon Rate
2025-11-04,9829.0,350.14,0.8479,0.0491,B,1,11,4,45,4,0,11351.0,4996.0,9422.0,9452.0,9167.0,9573.0,7851.666666666667,3226.0248500799526,8250.714285714286,1945.4938288504402,8309.714285714286,2041.1971008198989,8246.533333333333,2119.421077970841,407.0,0.04319677350880917,0.23579701847377857,8334.0091,482.60389999999995,673,Abandon Rate
2025-11-13,9256.0,315.3,0.7397,0.0531,B,3,11,13,46,4,0,9758.0,9722.0,9482.0,8334.0,9812.0,8837.0,10033.0,507.8100038399908,8725.0,2033.3070763331839,8665.785714285714,1989.4714094479846,8541.3,1981.347924154587,-226.0,-0.02383463404345075,0.233043790983746,6846.6632,491.4936,682,Abandon Rate
2025-12-02,12854.0,365.57,0.7612,0.0628,B,1,12,2,49,4,0,14522.0,6178.0,9971.0,9369.0,9722.0,9829.0,9816.0,4273.295215638627,8948.857142857143,4452.107007869841,8868.92857142857,3283.1077318785697,8739.2,2743.25051843548,2883.0,0.28913850165479893,0.49750565203998737,9784.4648,807.2312,701,Abandon Rate
2025-12-06,8452.0,333.06,0.7139,0.0499,B,5,12,6,49,4,1,11580.0,11873.0,8748.0,7364.0,6524.0,7242.0,11878.0,300.5311963838664,11133.714285714286,2784.873468956047,9590.142857142857,3656.255248141247,9143.933333333332,2852.243653244102,-296.0,-0.03383630544124371,0.2501297767744345,6033.882799999999,421.7548,705,Abandon Rate
2025-12-13,8383.0,356.88,0.6172,0.0623,B,5,12,13,50,4,1,11325.0,11122.0,8452.0,8748.0,7364.0,6524.0,11310.0,180.966847792441,10407.142857142857,2493.2674965843157,10770.42857142857,2567.235709243146,9536.433333333332,2957.955126415049,-69.0,-0.008163748225272126,0.23957271758531518,5173.9875999999995,522.2609,712,Abandon Rate
2025-12-20,9475.0,352.02,0.6951,0.0487,B,5,12,20,51,4,1,10964.0,10806.0,8383.0,8452.0,8748.0,7364.0,11145.333333333334,457.77869471314796,10290.42857142857,1948.716402929792,10348.785714285714,2150.687696048415,9956.066666666668,2865.094653709136,1092.0,0.1302636287725158,0.18937174379115884,6586.0725,461.4325,719,Abandon Rate
2025-12-31,7422.0,349.35,0.7137,0.0607,B,2,12,31,1,4,0,10654.0,11306.0,7474.0,11666.0,11483.0,12181.0,8848.333333333334,3706.519166729527,7365.142857142857,3696.217365026531,8884.642857142857,3248.567580361504,9961.4,2944.2975931860906,-52.0,-0.006957452502006957,0.5018527728137504,5297.0814,450.5154,730,Abandon Rate
2024-01-02,30738.0,370.36,0.5464,0.1005,C,1,1,2,1,1,0,8059.0,,,,,,,,,,,,,,,0.0,0.0,16795.2432,3089.1690000000003,1,Abandon Rate
2024-01-03,29358.0,369.6,0.5153,0.0738,C,2,1,3,1,1,0,30738.0,8059.0,,,,,,,,,,,,,,0.0,0.0,15128.177399999999,2166.6204000000002,2,Abandon Rate
2024-01-04,27542.0,372.0,0.6336,0.0451,C,3,1,4,1,1,0,29358.0,30738.0,,,,,22718.333333333332,12714.09219462142,,,,,,,,0.0,0.0,17450.611200000003,1242.1442,3,Abandon Rate
2024-02-02,26681.0,357.08,0.7844,0.0451,C,4,2,2,5,1,0,26582.0,23564.0,21953.0,24245.0,22622.0,25956.0,24366.0,1943.354831213297,20572.571428571428,6076.288556269163,20708.285714285714,5649.339681340189,21142.566666666666,5715.066148489377,4728.0,0.21536919783173142,0.2953587293336769,20928.576399999998,1203.3131,32,Abandon Rate
2024-02-11,9000.0,344.71,0.7265,0.0507,C,6,2,11,6,1,1,15620.0,22877.0,11629.0,9395.0,10274.0,9785.0,20378.0,4122.295840911963,21623.428571428572,6059.138686236484,21661.428571428572,5844.943228181037,20793.8,5460.983139982434,-2629.0,-0.22607274916157882,0.2802117465424763,6538.5,456.3,41,Abandon Rate
2024-03-05,26921.0,368.85,0.4338,0.087,C,1,3,5,10,1,0,29975.0,11310.0,23300.0,24935.0,24292.0,25766.0,19666.333333333332,9484.421982036305,22860.85714285714,6435.199101518959,22172.214285714286,5932.682596996346,21312.766666666666,5981.094471884657,3621.0,0.1554077253218884,0.2814942178810488,11678.329800000001,2342.127,64,Abandon Rate
2024-04-08,24508.0,333.78,0.7231,0.0581,C,0,4,8,15,2,0,10086.0,15682.0,29720.0,25652.0,27636.0,26734.0,16578.333333333332,6983.774075192683,22652.285714285714,7077.562615154209,20910.428571428572,7077.822065212804,20547.8,6577.294310077609,-5212.0,-0.1753701211305518,0.3124436405413485,17721.7348,1423.9148,98,Abandon Rate
2024-04-29,26280.0,363.1,0.6458,0.0572,C,0,4,29,18,2,0,10148.0,14692.0,26933.0,26959.0,24508.0,29720.0,15706.666666666666,6129.3162206997795,20399.85714285714,5817.5325648299595,20666.071428571428,5620.646164116531,20366.266666666666,6435.319186325184,-653.0,-0.024245349571158058,0.28517516196758885,16971.624,1503.2160000000001,119,Abandon Rate
2024-08-29,21343.0,346.42,0.5592,0.0559,C,3,8,29,35,3,0,22414.0,22131.0,22006.0,23218.0,21690.0,24376.0,22750.333333333332,839.6405977163457,19544.428571428572,5121.989354965584,19917.785714285714,5125.7651613209,20205.066666666666,5002.2668029420465,-663.0,-0.030128146869035716,0.26206902577102054,11935.0056,1193.0737,241,Abandon Rate
2025-01-29,20015.0,335.75,0.8637,0.0502,C,2,1,29,5,1,0,21712.0,23139.0,21526.0,22338.0,21787.0,8051.0,17940.333333333332,7801.233385390637,18751.428571428572,5089.82572907764,18254.0,4821.356065226077,18726.133333333335,5334.526257822926,-1511.0,-0.07019418377775713,0.2714366913267064,17286.9555,1004.753,394,Abandon Rate
2025-02-04,23715.0,358.43,0.5535,0.0454,C,1,2,4,6,1,0,27260.0,10769.0,21712.0,20505.0,21921.0,22765.0,18160.333333333332,8377.17567759764,19748.0,5108.743811675534,19163.5,4890.480607969227,18647.4,5029.069534835134,2003.0,0.09225313190862196,0.2586967698843191,13126.2525,1076.661,400,Abandon Rate
2025-03-21,20427.0,350.96,0.78,0.0518,C,4,3,21,12,1,0,21931.0,21614.0,20580.0,21656.0,22862.0,22146.0,21623.333333333332,303.10779160796415,19071.285714285714,5077.243173031504,19154.285714285714,4982.600362624559,19853.1,4844.141711458247,-153.0,-0.0074344023323615165,0.2662244826644434,15933.060000000001,1058.1186,445,Abandon Rate
2025-06-30,24009.0,345.87,0.6377,0.0554,C,0,6,30,27,2,0,8522.0,13577.0,23707.0,23843.0,23365.0,25194.0,14088.666666666666,5839.337148455575,18315.714285714286,5319.4463908156595,18457.285714285714,5060.781095513151,18201.3,5310.220445777988,302.0,0.012738853503184714,0.2904307365705453,15310.5393,1330.0986,546,Abandon Rate
2025-08-12,21717.0,332.36,0.6667,0.0586,C,1,8,12,33,3,0,23530.0,9443.0,23063.0,20219.0,21422.0,22156.0,15499.333333333334,7248.060867110134,18964.285714285714,5353.473318456752,19176.785714285714,5102.0950022601355,18657.733333333334,5136.153410624649,-1346.0,-0.05836187833326107,0.2822923783743674,14478.723899999999,1272.6162,589,Abandon Rate
2025-08-18,23655.0,315.45,0.6992,0.055,C,0,8,18,34,3,0,9523.0,13880.0,23530.0,25576.0,22844.0,23504.0,14705.333333333334,5640.470400005064,18760.14285714286,5072.103456771192,19008.35714285714,5184.659377686958,18316.166666666668,5102.980218381738,125.0,0.0053123671908202295,0.2703659292679643,16539.576,1301.025,595,Abandon Rate
2025-10-01,23531.0,339.69,0.599,0.0807,C,2,10,1,40,4,0,21073.0,22150.0,20364.0,20654.0,21139.0,24645.0,17313.0,7464.669383167623,17893.428571428572,5008.175977244362,17941.428571428572,4859.653940105449,18453.566666666666,5127.162276800259,3167.0,0.1555195442938519,0.27988912003377564,14095.069,1898.9516999999998,639,Abandon Rate
2025-10-03,22658.0,361.77,0.3132,0.2209,C,4,10,3,40,4,0,21802.0,23531.0,19516.0,19907.0,19491.0,21052.0,22135.333333333332,1262.447754694622,18551.85714285714,5512.526747586534,18264.571428571428,5109.85889786048,18676.133333333335,5016.62572221424,3142.0,0.16099610575937692,0.29714150476352574,7096.485599999999,5005.1522,641,Abandon Rate
2025-10-04,14077.0,357.81,0.4658,0.1272,C,5,10,4,40,4,1,22658.0,21802.0,13075.0,13015.0,13092.0,13889.0,22663.666666666668,864.5139289412867,19000.714285714286,5727.830238239871,18461.071428571428,5229.374318571603,18609.9,4947.74683202294,1002.0,0.07663479923518164,0.30145341654583735,6557.0666,1790.5944000000002,642,Abandon Rate
2025-10-10,19888.0,358.31,0.6042,0.152,C,4,10,10,41,4,0,20462.0,21053.0,22658.0,19516.0,19907.0,19491.0,20922.333333333332,410.8896851144882,19026.85714285714,5325.752949226076,18789.35714285714,5213.143605086348,18553.233333333334,4864.103926998641,-2770.0,-0.12225262600406038,0.279907128604548,12016.3296,3022.976,648,Abandon Rate
2025-12-02,25221.0,360.11,0.7246,0.0533,C,1,12,2,49,4,0,30208.0,10504.0,21420.0,22666.0,22195.0,26086.0,18227.333333333332,10519.295096789208,16988.571428571428,8232.970623396783,18186.14285714286,6692.68327075451,19668.266666666666,6469.664607484173,3801.0,0.17745098039215687,0.4846181833482802,18275.1366,1344.2793,701,Abandon Rate
2025-12-20,14353.0,346.72,0.7582,0.064,C,5,12,20,51,4,1,20158.0,20586.0,14148.0,14974.0,13970.0,14660.0,20739.666666666668,671.8127219199993,18753.14285714286,5011.804745750142,19024.14285714286,4837.2192243246245,19098.033333333333,5834.921566611304,205.0,0.01448968052021487,0.26725145667203204,10882.444599999999,918.592,719,Abandon Rate
2025-12-31,16437.0,348.89,0.6835,0.0779,C,2,12,31,1,4,0,20907.0,22613.0,12669.0,21475.0,22420.0,25483.0,17364.333333333332,7661.153002866701,14062.142857142857,6978.71885158905,16169.142857142857,6067.634450440786,18596.7,6224.576474444414,3768.0,0.2974188965190623,0.49627705553028245,11234.6895,1280.4423,730,Abandon Rate
2024-01-02,16184.0,348.04,0.5553,0.071,D,1,1,2,1,1,0,4380.0,,,,,,,,,,,,,,,0.0,0.0,8986.9752,1149.0639999999999,1,Abandon Rate
2024-01-03,15575.0,333.97,0.5945,0.0679,D,2,1,3,1,1,0,16184.0,4380.0,,,,,,,,,,,,,,0.0,0.0,9259.3375,1057.5425,2,Abandon Rate
2024-02-11,4632.0,336.74,0.7542,0.0458,D,6,2,11,6,1,1,7574.0,11722.0,5813.0,4981.0,5399.0,5217.0,10281.0,2345.9631284399957,10936.42857142857,3142.443309334467,10830.714285714286,2906.4361584003773,10672.366666666667,2745.521261773541,-1181.0,-0.20316531911233443,0.2873372498901609,3493.4544,212.1456,41,Abandon Rate
2024-05-21,13277.0,317.96,0.6616,0.05,D,1,5,21,21,2,0,14445.0,5386.0,13061.0,14974.0,14098.0,13656.0,9336.666666666666,4639.12861789079,11481.285714285714,3365.256835878738,11599.0,3615.792433627365,11766.133333333333,3622.0270827957306,216.0,0.01653778424316668,0.29310801243204676,8784.063199999999,663.85,141,Abandon Rate
2024-08-19,13784.0,333.49,0.8555,0.0496,D,0,8,19,34,3,0,5658.0,8108.0,13286.0,15795.0,13599.0,14515.0,8647.0,3291.7644204894077,10799.714285714286,2807.389339717933,11230.5,3176.855454206731,10977.433333333332,3162.028317648212,498.0,0.037483064880325156,0.25995033437426296,11792.212000000001,683.6863999999999,231,Abandon Rate
2024-08-29,10950.0,328.46,0.696,0.0463,D,3,8,29,35,3,0,12081.0,12498.0,12448.0,12244.0,12595.0,13548.0,12864.0,1016.6725136443791,10975.57142857143,3051.4095025710562,11048.42857142857,2921.6537391396255,11387.033333333333,2926.736884647136,-1498.0,-0.12034061696658098,0.2780182810917413,7621.2,506.985,241,Abandon Rate
2024-10-21,14024.0,320.04,0.8494,0.0466,D,0,10,21,43,4,0,5359.0,7741.0,11717.0,13849.0,12820.0,13810.0,8320.666666666666,3290.024670626845,10498.285714285714,2800.928043481642,10563.357142857143,2808.762131044779,10478.566666666668,2979.56550504441,2307.0,0.19689340274814374,0.26679861071700817,11911.9856,653.5184,294,Abandon Rate
2025-02-04,12459.0,333.55,0.5933,0.0638,D,1,2,4,6,1,0,14430.0,5703.0,11051.0,11343.0,11956.0,13309.0,9514.333333333334,4467.079172494406,10279.57142857143,2690.0721710976954,10159.785714285714,2573.688618383282,10198.966666666667,2746.872221063542,1408.0,0.1274092842276717,0.26169108214188846,7391.9247000000005,794.8842,400,Abandon Rate
2025-03-21,10756.0,336.11,0.871,0.0665,D,4,3,21,12,1,0,11007.0,11170.0,10367.0,10812.0,11457.0,11256.0,11086.333333333334,81.58635506840925,9677.285714285714,2632.471190996883,9716.857142857143,2473.3912520493664,10163.1,2525.0820724114637,389.0,0.03752290923121443,0.2720257796161583,9368.476,715.274,445,Abandon Rate
2025-04-01,11990.0,329.48,0.753,0.0675,D,1,4,1,14,2,0,11426.0,4434.0,10898.0,11082.0,11339.0,12171.0,7617.333333333333,3537.6966140885006,9302.285714285714,2584.8578113238427,9487.285714285714,2527.0995057749437,9698.766666666666,2661.8934754630254,1092.0,0.10020187190310148,0.2778734056033371,9028.47,809.325,456,Abandon Rate
2025-04-09,11237.0,316.26,0.7225,0.0559,D,2,4,9,15,2,0,11559.0,12304.0,11691.0,10520.0,11170.0,11330.0,9607.333333333334,4042.77235734753,10173.714285714286,2836.361267204023,9816.0,2698.392626959763,9845.633333333333,2524.2528629461694,-454.0,-0.038833290565392184,0.27879309242906314,8118.7325,628.1483,464,Abandon Rate
2025-06-30,11446.0,326.09,0.7107,0.0794,D,0,6,30,27,2,0,4087.0,6765.0,11245.0,11868.0,12417.0,13042.0,6895.333333333333,2875.715968821203,9029.57142857143,2625.6640974010625,9255.07142857143,2630.4499312207777,9216.433333333332,2762.741949876821,201.0,0.017874610938194754,0.29078501877651897,8134.6722,908.8124,546,Abandon Rate
2025-08-18,11935.0,310.76,0.7829,0.0497,D,0,8,18,34,3,0,4818.0,6845.0,12157.0,13113.0,11540.0,11978.0,7355.666666666667,2827.7967277251855,9410.714285714286,2598.894041336663,9655.714285714286,2701.1863327796636,9220.133333333333,2600.5307247895944,-222.0,-0.01826108414904993,0.2761633136904234,9343.9115,593.1695,595,Abandon Rate
2025-10-01,11483.0,330.35,0.6829,0.0918,D,2,10,1,40,4,0,10517.0,10835.0,10320.0,10717.0,10760.0,10141.0,8620.0,3564.644302030704,9016.0,2440.381527548505,9164.42857142857,2417.312293700336,9308.433333333332,2358.294440441242,1163.0,0.1126937984496124,0.27067230784699475,7841.740699999999,1054.1394,639,Abandon Rate
2025-10-03,11558.0,344.46,0.5722,0.1334,D,4,10,3,40,4,0,11278.0,11483.0,10011.0,10210.0,9940.0,10141.0,11092.666666666666,508.96987468156476,9326.285714285714,2676.787235616959,9281.57142857143,2506.42269485312,9391.066666666668,2409.0474427891972,1547.0,0.15453001698132054,0.2870153582703069,6613.4876,1541.8372,641,Abandon Rate
2025-10-04,7866.0,348.54,0.6571,0.1119,D,5,10,4,40,4,1,11558.0,11278.0,6652.0,7000.0,6630.0,7234.0,11439.666666666666,144.94251734179937,9547.285714285714,2803.5979094897357,9377.857142857143,2569.9201680849387,9438.3,2437.975759405382,1214.0,0.18250150330727602,0.29365392357481035,5168.7486,880.2053999999999,642,Abandon Rate
2025-10-10,10245.0,356.44,0.7622,0.1997,D,4,10,10,41,4,0,10800.0,11194.0,11558.0,10011.0,10210.0,9940.0,11097.666666666666,263.07856874586327,10040.42857142857,2613.7821802350463,9683.357142857143,2568.5566616634856,9518.7,2434.7064136543504,-1313.0,-0.11360096902578301,0.26032575817260684,7808.739,2045.9264999999998,648,Abandon Rate
2025-12-02,14196.0,347.76,0.802,0.0531,D,1,12,2,49,4,0,15505.0,5556.0,11292.0,12096.0,11472.0,12084.0,9595.0,5231.74263510735,8870.0,4252.124919770503,9675.07142857143,3523.5973851969907,9947.366666666667,3116.2375577115286,2904.0,0.25717321997874604,0.47938274180050766,11385.192000000001,753.8076,701,Abandon Rate
2025-12-20,8627.0,327.69,0.7122,0.0488,D,5,12,20,51,4,1,11365.0,11694.0,8120.0,8821.0,7724.0,8075.0,11704.666666666666,345.1236493394758,10508.42857142857,2700.0869033633517,10761.5,2638.662386950576,10555.366666666667,3209.2698759658024,507.0,0.0624384236453202,0.2569448785810501,6144.1494,420.99760000000003,719,Abandon Rate
2024-01-04,27542.0,372.0,0.6336,0.0451,C,3,1,4,1,1,0,29358.0,30738.0,,,,,22718.333333333332,12714.09219462142,,,,,,,,0.0,0.0,17450.611200000003,1242.1442,3,Call Volume_rollstd_3
2024-04-03,27131.0,342.7,0.87,0.0103,C,2,4,3,14,2,0,25859.0,29720.0,23706.0,24587.0,24673.0,25161.0,20321.666666666668,13077.93692955175,20258.0,8207.248889447259,20363.214285714286,6827.460719303073,21490.1,6413.929095174895,3425.0,0.1444781911752299,0.4051361876516566,23603.97,279.4493,93,Call Volume_rollstd_3
2024-01-08,6688.0,343.75,0.8036,0.0173,A,0,1,8,2,1,0,1611.0,3529.0,2147.0,,,,3776.6666666666665,2299.5248059834735,4860.714285714285,2384.394382527473,,,,,4541.0,2.1150442477876106,0.4905440316735434,5374.4767999999995,115.7024,7,diff_lag7
2024-09-08,6173.0,329.62,0.8846,0.0103,A,6,9,8,36,3,1,6173.0,6173.0,1500.0,1514.0,1469.0,1439.0,6173.0,0.0,5243.0,1941.8708333288632,4648.571428571428,1690.7273225215467,4314.833333333333,1438.7650375698356,4673.0,3.1153333333333335,0.37037399071692984,5460.6358,63.5819,251,diff_lag7
2024-09-22,1615.0,294.99,0.954,0.0069,A,6,9,22,38,3,1,3243.0,4761.0,6173.0,6173.0,1500.0,1514.0,4307.333333333333,925.076393241842,5029.142857142857,993.7559104346532,5601.071428571428,898.9197332427323,5046.4,1411.4654551332287,-4558.0,-0.7383768022031427,0.19759945952285457,1540.71,11.1435,265,diff_lag7
2024-11-28,545.0,290.14,0.9653,0.0096,A,3,11,28,48,4,0,5067.0,5478.0,5322.0,5290.0,4920.0,4323.0,5610.0,619.6361835787123,4752.0,1491.6458471545207,4679.714285714285,1417.1764142163067,4518.333333333333,1328.2493101391194,-4777.0,-0.8975948891394213,0.3138985368591163,526.0885000000001,5.231999999999999,332,diff_lag7
2024-12-05,6112.0,311.71,0.9025,0.0143,A,3,12,5,49,4,0,6329.0,7285.0,545.0,5322.0,5290.0,4920.0,7305.333333333333,986.6571508549954,5212.0,2880.265612751713,4982.0,2216.4806476796634,4751.933333333333,1759.2860803870578,5567.0,5.0,0.5526219517942658,5516.08,87.4016,339,diff_lag7
2024-12-25,294.0,319.62,0.9061,0.0106,A,2,12,25,52,4,0,4112.0,6323.0,6209.0,6715.0,6329.0,5067.0,4242.333333333333,2018.6580526016153,5089.142857142857,1491.6010892741433,5333.0,1562.597590798484,5340.2,1862.4758346036913,-5915.0,-0.9526493799323562,0.29309475704353816,266.3934,3.1164,359,diff_lag7
2025-12-04,5121.0,330.38,0.943,0.0066,A,3,12,4,49,4,0,5343.0,5783.0,498.0,4444.0,4402.0,4029.0,6072.0,908.6489971380581,4298.285714285715,2404.5438038767147,4021.5714285714284,1827.9222216362596,3968.2,1449.5156242095466,4623.0,5.0,0.5594192577485044,4829.103,33.7986,703,diff_lag7
2025-12-25,290.0,254.13,0.9161,0.0138,A,3,12,25,52,4,0,3276.0,4997.0,5070.0,5517.0,5121.0,498.0,4539.666666666667,1108.192371988436,4246.571428571428,1237.7735195560945,4450.642857142857,1224.6299665388929,4425.766666666666,1518.618489315846,-4780.0,-0.9428007889546351,0.2914759684078807,265.669,4.002,724,diff_lag7
2024-01-08,13645.0,343.62,0.8764,0.0144,B,0,1,8,2,1,0,5082.0,8264.0,4406.0,,,,8785.333333333334,3989.6287212387747,10327.857142857143,4362.852905633019,,,,,9239.0,2.096913300045393,0.4224354428305019,11958.478,196.488,7,diff_lag7
2024-01-15,9352.0,333.13,0.9936,0.0032,B,0,1,15,3,1,0,4958.0,7206.0,13645.0,4406.0,,,7711.0,3037.153107763915,10201.57142857143,3011.3772517539123,10264.714285714286,3602.062324420691,,,-4293.0,-0.31462074019787467,0.2951875868182407,9292.147200000001,29.9264,14,diff_lag7
2024-05-27,6576.0,310.17,0.9359,0.0074,B,0,5,27,22,2,0,3996.0,7132.0,12003.0,11156.0,13002.0,11760.0,7017.333333333333,2965.663051213566,9126.57142857143,2683.8831232092775,9213.92857142857,2584.4107932663546,9488.7,2808.793840411044,-5427.0,-0.4521369657585604,0.29407353508538553,6154.4784,48.662400000000005,147,diff_lag7
2024-06-03,13735.0,331.78,0.9582,0.0068,B,0,6,3,23,2,0,5200.0,7528.0,6576.0,12003.0,11156.0,13002.0,7807.0,2757.107723684371,8885.42857142857,2441.6433576004188,9006.0,2468.145208295239,9175.1,2665.568728213095,7159.0,1.0886557177615572,0.27479185027176006,13160.877,93.398,154,diff_lag7
2024-07-04,4858.0,342.55,0.8295,0.0194,B,3,7,4,27,3,0,11564.0,11789.0,11070.0,11249.0,10119.0,10749.0,12297.333333333334,1081.1837648306207,9985.285714285714,3149.0017314637807,9922.714285714286,2872.4126934197075,9853.766666666666,2707.255101584899,-6212.0,-0.5611562782294489,0.3153642090539861,4029.7110000000002,94.2452,185,diff_lag7
2024-07-11,11376.0,335.15,0.8201,0.0224,B,3,7,11,28,3,0,11288.0,12003.0,4858.0,11070.0,11249.0,10119.0,12385.333333333334,1330.3632336070161,9423.857142857143,3731.724687441065,9704.57142857143,3329.992994085621,9731.966666666667,2911.081011243586,6518.0,1.3417044051049816,0.3959869754890696,9329.4576,254.8224,192,diff_lag7
2024-09-02,4494.0,318.5,0.8756,0.0037,B,0,9,2,36,3,0,4494.0,6918.0,10563.0,10811.0,11125.0,13735.0,7124.333333333333,2739.3342865253494,8654.42857142857,2208.409899840658,8736.357142857143,2165.464121761736,8904.933333333332,2387.3866383389827,-6069.0,-0.5745526838966203,0.2551768590628185,3934.9464000000003,16.6278,245,diff_lag7
2024-09-03,4494.0,318.5,0.8756,0.047,B,1,9,3,36,3,0,4494.0,4494.0,10300.0,10138.0,9884.0,11490.0,5302.0,1399.497052515662,7787.428571428572,2505.5652627130244,8285.142857142857,2350.174849702844,8775.166666666666,2518.700610308375,-5806.0,-0.5636893203883495,0.3217448789072346,3934.9464000000003,211.218,246,diff_lag7
2024-09-04,4494.0,318.5,0.8756,0.0265,B,2,9,4,36,3,0,4494.0,4494.0,9587.0,9962.0,10032.0,10664.0,4494.0,0.0,6958.0,2496.168330328144,7882.0,2487.932876908048,8741.633333333333,2569.983677438208,-5093.0,-0.531240221132784,0.3587479635424179,3934.9464000000003,119.091,247,diff_lag7
2024-09-05,4494.0,318.5,0.8756,0.0284,B,3,9,5,36,3,0,4494.0,4494.0,8758.0,9427.0,9752.0,10556.0,4494.0,0.0,6230.428571428572,2339.4896777675212,7491.428571428572,2564.311714949749,8433.6,2503.802688601527,-4264.0,-0.4868691482073533,0.3754941816516325,3934.9464000000003,127.62960000000001,248,diff_lag7
2024-09-06,4494.0,318.5,0.8756,0.0184,B,4,9,6,36,3,0,4494.0,4494.0,9961.0,10178.0,9956.0,10462.0,4494.0,0.0,5621.285714285715,2116.146396501993,7139.071428571428,2616.280285628239,8200.4,2534.9230363070105,-5467.0,-0.5488404778636683,0.37645238190332536,3934.9464000000003,82.6896,249,diff_lag7
2024-09-12,9470.0,334.47,0.8249,0.0196,B,3,9,12,37,3,0,4494.0,4494.0,4494.0,8758.0,9427.0,9752.0,4494.0,0.0,4494.0,0.0,5362.214285714285,1826.986092261954,7273.4,2656.2492690465406,4976.0,1.107254116599911,0.0,7811.803,185.612,255,diff_lag7
2024-09-13,9247.0,323.5,0.8177,0.0232,B,4,9,13,37,3,0,9470.0,4494.0,4494.0,9961.0,10178.0,9956.0,6152.666666666667,2872.8949394875813,5204.857142857143,1880.751217693856,5413.071428571428,1935.4734846775953,7259.6,2643.262425162473,4753.0,1.057632398753894,0.36134540604536947,7561.2719,214.5304,256,diff_lag7
2024-09-16,10854.0,294.7,0.9852,0.0056,B,0,9,16,38,3,0,4298.0,6890.0,4494.0,4494.0,10563.0,10811.0,6811.666666666667,2475.4297270036477,6198.142857142857,2338.1651230948096,5346.071428571428,1817.9967193118073,6949.433333333333,2569.18580532798,6360.0,1.4152202937249667,0.377236404030324,10693.3608,60.7824,259,diff_lag7
2024-09-17,10294.0,332.22,0.8711,0.0153,B,1,9,17,38,3,0,10854.0,4298.0,4494.0,4494.0,10300.0,10138.0,7347.333333333333,3301.840294946645,7106.714285714285,2762.742762442503,5800.357142857143,2315.307775093092,7078.333333333333,2666.306554707859,5800.0,1.2906097018246552,0.3887510671416874,8967.1034,157.4982,260,diff_lag7
2024-09-18,9981.0,332.82,0.8365,0.0187,B,2,9,18,38,3,0,10294.0,10854.0,4494.0,4494.0,9587.0,9962.0,8482.0,3634.252605419717,7935.285714285715,2717.943015976445,6214.642857142857,2568.625061933163,7276.733333333334,2677.097269152857,5487.0,1.2209612817089452,0.34251356710236586,8349.1065,186.6447,261,diff_lag7
2024-11-28,1140.0,288.72,0.9739,0.0065,B,3,11,28,48,4,0,10294.0,10805.0,10987.0,11200.0,10939.0,9070.0,11117.333333333334,1016.1615685181637,10026.857142857143,2192.5819960776403,9925.714285714286,2224.4290686193312,9853.966666666667,2094.1457230086417,-9847.0,-0.8962410121052152,0.21867091201549385,1110.246,7.409999999999999,332,diff_lag7
2024-12-02,16467.0,336.96,0.9736,0.004,B,0,12,2,49,4,0,6702.0,9827.0,12253.0,11639.0,10465.0,12755.0,10189.0,3681.3729775723596,9294.142857142857,4243.320375545991,9698.0,3265.12110742524,9583.166666666666,2783.0029066030274,4214.0,0.34391577572839305,0.4565585488375465,16032.271200000001,65.868,336,diff_lag7
2024-12-05,13248.0,324.64,0.8951,0.013,B,3,12,5,49,4,0,12987.0,14486.0,1140.0,10987.0,11200.0,10939.0,14646.666666666666,1745.554448687643,10806.714285714286,5354.510799761444,10416.785714285714,3951.609510032616,10146.8,3063.7890491890953,12108.0,5.0,0.495480000506697,11858.2848,172.224,339,diff_lag7
2024-12-24,7991.0,325.84,0.9626,0.0057,B,1,12,24,52,4,0,13590.0,7267.0,12597.0,12512.0,14486.0,10805.0,10267.333333333334,3173.7999831957454,11359.57142857143,2119.9582430748524,11395.214285714286,2019.5562413777714,10953.133333333333,3183.0776338299534,-4606.0,-0.3656426133206319,0.18662308313346787,7692.1366,45.548700000000004,358,diff_lag7
2024-12-25,716.0,327.76,0.8773,0.0116,B,2,12,25,52,4,0,7991.0,13590.0,12396.0,12672.0,12987.0,10294.0,9616.0,3460.570906656876,10701.57142857143,2371.730511472086,11072.285714285714,2182.1549133675317,11032.666666666666,3072.7357835326957,-11680.0,-0.9422394320748628,0.22162450882119583,628.1468,8.3056,359,diff_lag7
2024-12-26,716.0,327.76,0.8773,0.0116,B,3,12,26,52,4,0,716.0,7991.0,11604.0,12470.0,13248.0,1140.0,7432.333333333333,6455.156879064472,9033.0,4303.143579601613,10218.285714285714,3468.3907247858047,10648.1,3592.6990271938985,-10888.0,-0.9382971389176146,0.4763803364996804,628.1468,8.3056,360,diff_lag7
2024-12-27,716.0,327.76,0.8773,0.0116,B,4,12,27,52,4,0,716.0,716.0,12118.0,11852.0,12372.0,14038.0,3141.0,4200.223208354545,7477.571428571428,5110.923101787071,9378.714285714286,4222.116119610224,10311.8,4023.8348701293576,-11402.0,-0.9409143423007097,0.6835004052597194,628.1468,8.3056,361,diff_lag7
2025-01-02,13608.0,327.76,0.8773,0.0115,B,3,1,2,1,1,0,4185.0,8900.0,716.0,11604.0,12470.0,13248.0,8372.0,3949.5590893161766,5610.428571428572,4275.692180109241,7321.714285714285,4487.5084131666745,9648.1,4066.271691908174,12892.0,5.0,0.7620972490200567,11938.2984,156.492,367,diff_lag7
2025-01-03,13256.0,327.76,0.8773,0.0054,B,4,1,3,1,1,0,13608.0,4185.0,716.0,12118.0,11852.0,12372.0,8897.666666666666,4711.500433336852,7452.142857142857,4581.695444140408,7464.857142857143,4663.137535000399,9618.833333333334,4033.2763876952695,12540.0,5.0,0.6148158364609001,11629.4888,71.5824,368,diff_lag7
2025-01-08,11943.0,346.24,0.898,0.0144,B,2,1,8,2,1,0,11916.0,12566.0,4185.0,716.0,12396.0,12672.0,9874.333333333334,4112.050380690068,9829.0,3970.4574043805055,7471.928571428572,4821.920307931673,9510.966666666667,4064.5703296126867,7758.0,1.853763440860215,0.4039533425964498,10724.814,171.9792,373,diff_lag7
2025-05-26,5494.0,340.85,0.826,0.0439,B,0,5,26,22,2,0,3935.0,5811.0,9698.0,9774.0,11371.0,9736.0,6318.0,2672.811067022901,7881.0,2153.931908549233,7826.357142857143,2007.8401563387793,7881.0,2190.643914154156,-4204.0,-0.433491441534337,0.27330692913960575,4538.044,241.1866,511,diff_lag7
2025-06-02,10900.0,336.33,0.9174,0.0104,B,0,6,2,23,2,0,4235.0,6279.0,5494.0,9698.0,9774.0,11371.0,6625.0,2580.456548752581,7667.428571428572,2284.0804756066455,7774.214285714285,2135.745633751326,7761.466666666666,2189.709786050742,5406.0,0.9839825263924281,0.29789393593021535,9999.66,113.36,518,diff_lag7
2025-06-23,10537.0,353.44,0.8375,0.0169,B,0,6,23,26,2,0,6491.0,6491.0,6491.0,10145.0,10900.0,5494.0,6491.0,0.0,6491.0,0.0,7426.571428571428,1363.503502818284,7566.133333333333,2001.8832294536478,4046.0,0.6233246032968726,0.0,8824.737500000001,178.07529999999997,539,diff_lag7
2025-07-04,4225.0,336.54,0.8206,0.0315,B,4,7,4,27,3,0,9631.0,9446.0,8513.0,6491.0,8477.0,9019.0,9811.666666666666,482.0957719512755,8231.57142857143,2481.4893953123224,8182.571428571428,2027.8965120873934,7909.266666666666,1864.429096927856,-4288.0,-0.5037002231880653,0.30145998450541045,3467.035,133.0875,550,diff_lag7
2025-07-11,8999.0,333.69,0.8809,0.0206,B,4,7,11,28,3,0,9242.0,9843.0,4225.0,8513.0,6491.0,8477.0,9777.0,505.24350564847583,7857.0,2946.813985759287,8044.285714285715,2624.442458843433,7824.566666666667,2044.4709067398592,4774.0,1.1299408284023669,0.37505587193067164,7927.2191,185.3794,557,diff_lag7
2025-09-01,5837.0,352.25,0.8893,0.014,B,0,9,1,36,3,0,3483.0,5883.0,10409.0,10515.0,10926.0,12359.0,6012.0,2595.905044488358,7756.714285714285,2307.1302314264317,8073.642857142857,2195.799402605682,8311.166666666666,2270.972768681277,-4572.0,-0.4392352771639927,0.29743653645661866,5190.8441,81.718,609,diff_lag7
2025-09-08,10918.0,358.11,0.8798,0.0197,B,0,9,8,37,3,0,3944.0,6831.0,5837.0,10409.0,10515.0,10926.0,6967.666666666667,3094.264425244456,8374.285714285714,2828.4744836681507,8065.5,2500.3628582821484,8010.466666666666,2311.587284683966,5081.0,0.8704814116840843,0.33775710313335133,9605.6564,215.0846,616,diff_lag7
2025-11-27,1139.0,330.84,0.9553,0.0055,B,3,11,27,48,4,0,8880.0,9971.0,9641.0,9256.0,9482.0,8334.0,9814.333333333334,866.685833121386,8788.57142857143,1901.4012251620004,8640.285714285714,1990.8809193833765,8659.766666666666,1892.789142187154,-8502.0,-0.8818587283476818,0.21634929415042264,1088.0867,6.2645,696,diff_lag7
2025-12-04,11873.0,363.22,0.9464,0.0113,B,3,12,4,49,4,0,12181.0,12854.0,1139.0,9641.0,9256.0,9482.0,13185.666666666666,1205.2270878690092,9832.285714285714,4797.773605687179,9310.42857142857,3547.658354774001,9028.8,2777.1590221812558,10734.0,5.0,0.4879611664169101,11236.6072,134.1649,703,diff_lag7
2025-12-24,7474.0,320.89,0.9168,0.0177,B,2,12,24,52,4,0,11557.0,11977.0,11666.0,11483.0,12181.0,8880.0,9972.666666666666,3114.9632956639007,10404.142857142857,1953.416957416881,10382.57142857143,1885.6547409846203,10199.933333333332,2793.080414577942,-4192.0,-0.35933481913252185,0.18775376157736845,6852.1632,132.2898,723,diff_lag7
2025-12-25,767.0,289.44,0.9893,0.0209,B,3,12,25,52,4,0,7474.0,11557.0,10806.0,11122.0,11873.0,1139.0,10336.0,2487.44507477049,9805.285714285714,2136.1207608096247,10096.214285714286,2006.2375493434415,10096.0,2835.6753133528273,-10039.0,-0.9290209143068665,0.21785400477391748,758.7931,16.0303,724,diff_lag7
2024-01-08,26843.0,372.41,0.8165,0.0174,C,0,1,8,2,1,0,10227.0,15373.0,8059.0,,,,17185.333333333332,8019.586917873848,21036.14285714286,9550.091647528334,,,,,18784.0,2.330810274227572,0.4539849207330128,21917.3095,467.0682,7,diff_lag7
2024-01-09,23764.0,367.39,0.9426,0.0069,C,1,1,9,2,1,0,26843.0,10227.0,30738.0,,,,17481.0,8506.21020196421,23719.571428571428,7768.88380779682,,,,,-6974.0,-0.22688528856789641,0.3275305302708297,22399.9464,163.9716,8,diff_lag7
2024-01-10,24517.0,360.0,0.9346,0.0061,C,2,1,10,2,1,0,23764.0,26843.0,29358.0,,,,20278.0,8839.514183483163,22723.285714285714,7140.598380954864,,,,,-4841.0,-0.1648954288439267,0.31424145569166967,22913.5882,149.55370000000002,9,diff_lag7
2024-01-11,23248.0,357.9,0.9524,0.0078,C,3,1,11,2,1,0,24517.0,23764.0,27542.0,,,,25041.333333333332,1605.071441816017,22031.714285714286,6605.287672622231,,,,,-4294.0,-0.15590734151477742,0.2998081577748675,22141.3952,181.3344,10,diff_lag7
2024-01-15,18890.0,349.88,0.9918,0.0022,C,0,1,15,3,1,0,9785.0,15336.0,26843.0,8059.0,,,15914.333333333334,6438.011675457987,20873.571428571428,6049.507606881262,20954.85714285714,7680.63128272012,,,-7953.0,-0.29627835934880603,0.28981660505881557,18735.102,41.558,14,diff_lag7
2024-01-22,25355.0,366.46,0.8494,0.0097,C,0,1,22,4,1,0,10274.0,15539.0,18890.0,26843.0,8059.0,,16686.0,7055.77189257136,19978.285714285714,5403.4710978001785,20425.928571428572,5530.1247094616065,,,6465.0,0.34224457384859713,0.2704672049982928,21536.537,245.9435,21,diff_lag7
2024-02-02,26681.0,357.08,0.7844,0.0451,C,4,2,2,5,1,0,26582.0,23564.0,21953.0,24245.0,22622.0,25956.0,24366.0,1943.354831213297,20572.571428571428,6076.288556269163,20708.285714285714,5649.339681340189,21142.566666666666,5715.066148489377,4728.0,0.21536919783173142,0.2953587293336769,20928.576399999998,1203.3131,32,diff_lag7
2024-02-05,29469.0,323.03,0.9395,0.007,C,0,2,5,6,1,0,11629.0,18320.0,24402.0,25355.0,18890.0,26843.0,18876.666666666668,7541.424555966426,22018.571428571428,5371.624765287277,21177.714285714286,5459.761144797618,20268.366666666665,5637.939605817943,5067.0,0.2076469141873617,0.24395882279251893,27686.1255,206.28300000000002,35,diff_lag7
2024-02-19,21776.0,322.36,0.9883,0.0028,C,0,2,19,8,1,0,10566.0,15746.0,26633.0,29469.0,24402.0,25355.0,16734.0,6716.721819459258,20976.0,5714.973111631117,21111.928571428572,6044.566008017015,20595.6,5881.226623171687,-4857.0,-0.18236773927082942,0.2724529515461059,21521.2208,60.9728,49,diff_lag7
2024-02-26,25836.0,310.79,0.985,0.003,C,0,2,26,9,1,0,10748.0,16050.0,21776.0,26633.0,29469.0,24402.0,16885.666666666668,6595.326704063525,20903.571428571428,5495.976493676769,20939.785714285714,5386.724510363369,20685.9,5880.017401745302,4060.0,0.1864437913299045,0.262920454165299,25448.46,77.508,56,diff_lag7
2024-03-01,28366.0,338.36,0.8608,0.0094,C,4,3,1,9,1,0,25323.0,24038.0,23859.0,23890.0,22877.0,26681.0,24220.333333333332,1023.7511090755643,21307.714285714286,5682.014569800797,21073.14285714286,5425.3279072420055,21572.166666666668,5471.654840667703,4507.0,0.18890146276038391,0.26666466865525285,24417.4528,266.6404,60,diff_lag7
2024-03-04,29975.0,349.61,0.7256,0.0199,C,0,3,4,10,1,0,11310.0,17714.0,25836.0,21776.0,26633.0,29469.0,19130.0,8615.71680128822,22269.571428571428,5834.721354590486,21586.571428571428,5491.456521295124,20924.266666666666,5773.977413171625,4139.0,0.16020281777364917,0.2620042048543715,21749.86,596.5025,63,diff_lag7
2024-03-08,24007.0,353.49,0.9243,0.0063,C,4,3,8,10,1,0,25192.0,25161.0,28366.0,23859.0,23890.0,22877.0,25758.0,1007.3068052982418,23519.85714285714,6645.797454747153,22413.785714285714,6050.041299014432,21659.766666666666,5617.085504455831,-4359.0,-0.15366988648381866,0.28256113182921466,22189.6701,151.2441,67,diff_lag7
2024-03-31,5386.0,342.72,0.6537,0.0277,C,6,3,31,13,1,1,13639.0,20764.0,9721.0,10269.0,10137.0,11310.0,19045.0,4784.023724857571,19787.85714285714,5842.7560685168455,20546.214285714286,5856.537217615777,21370.933333333334,5906.165323032239,-4335.0,-0.44594177553749614,0.2952697720796876,3520.8282,149.19219999999999,90,diff_lag7
2024-04-01,29720.0,333.02,0.8132,0.0162,C,0,4,1,14,2,0,5386.0,13639.0,25652.0,27636.0,26734.0,29975.0,13263.0,7695.891956102301,19168.571428571428,7167.217773937637,20197.428571428572,6612.31490611136,20604.933333333334,6434.243871839088,4068.0,0.15858412599407454,0.3739046386761325,24168.304,481.464,91,diff_lag7
2024-04-07,10086.0,341.6,0.8572,0.0117,C,6,4,7,14,2,1,15682.0,23967.0,5386.0,9721.0,10269.0,10137.0,21923.333333333332,5511.407291548449,21980.85714285714,8540.186637862414,20884.35714285714,7121.300060729439,21011.833333333332,6298.933161358704,4700.0,0.8726327515781657,0.3885283718627696,8645.7192,118.0062,97,diff_lag7
2024-04-08,24508.0,333.78,0.7231,0.0581,C,0,4,8,15,2,0,10086.0,15682.0,29720.0,25652.0,27636.0,26734.0,16578.333333333332,6983.774075192683,22652.285714285714,7077.562615154209,20910.428571428572,7077.822065212804,20547.8,6577.294310077609,-5212.0,-0.1753701211305518,0.3124436405413485,17721.7348,1423.9148,98,diff_lag7
2024-05-01,27653.0,316.87,0.9872,0.0019,C,2,5,1,18,2,0,25188.0,26280.0,23098.0,23809.0,23852.0,27131.0,20538.666666666668,9015.130688644143,20607.571428571428,5921.598935454921,20667.85714285714,5605.47865048998,21447.7,5736.92986589577,4555.0,0.19720322105810026,0.2873506446880443,27299.0416,52.5407,121,diff_lag7
2024-05-05,16820.0,351.65,0.9428,0.0048,C,6,5,5,18,2,1,16820.0,26168.0,10148.0,10505.0,10515.0,10086.0,22795.0,5188.841778277699,22522.0,6515.940735355608,21486.428571428572,5984.66079900281,21021.266666666666,5585.611484034194,6672.0,0.6574694521087899,0.2893144807457423,15857.895999999999,80.73599999999999,125,diff_lag7
2024-05-06,16820.0,351.65,0.9428,0.0048,C,0,5,6,19,2,0,16820.0,16820.0,26280.0,26933.0,26959.0,24508.0,19936.0,5397.070316384628,23475.14285714286,4614.875600655312,21937.5,5291.105813605443,20783.033333333333,5608.009226241444,-9460.0,-0.3599695585996956,0.19658562372714716,15857.895999999999,80.73599999999999,126,diff_lag7
2024-05-07,16820.0,351.65,0.9428,0.0048,C,1,5,7,19,2,0,16820.0,16820.0,25188.0,23081.0,24484.0,24075.0,16820.0,0.0,22123.714285714286,5023.638280313231,21215.14285714286,5246.786545586272,20820.966666666667,5576.073210344929,-8368.0,-0.33222169286962044,0.22707029278339091,15857.895999999999,80.73599999999999,127,diff_lag7
2024-05-08,16820.0,351.65,0.9428,0.0048,C,2,5,8,19,2,0,16820.0,16820.0,27653.0,23098.0,23809.0,23852.0,16820.0,0.0,20928.285714285714,5166.5243221558985,20767.928571428572,5341.491054641321,21045.433333333334,5255.348170383575,-10833.0,-0.3917477308067841,0.24686801359125238,15857.895999999999,80.73599999999999,128,diff_lag7
2024-05-09,16820.0,351.65,0.9428,0.0048,C,3,5,9,19,2,0,16820.0,16820.0,25397.0,22567.0,22808.0,22754.0,16820.0,0.0,19380.714285714286,4378.912144748789,20319.5,5394.095914124006,20789.166666666668,5268.110268288861,-8577.0,-0.3377170531952593,0.22594173156850714,15857.895999999999,80.73599999999999,129,diff_lag7
2024-05-10,16820.0,351.65,0.9428,0.0048,C,4,5,10,19,2,0,16820.0,16820.0,26168.0,22280.0,22825.0,23285.0,16820.0,0.0,18155.428571428572,3533.211893690235,19909.0,5428.46925583433,20547.333333333332,5278.58285144225,-9348.0,-0.35723020483032714,0.19460911538329065,15857.895999999999,80.73599999999999,130,diff_lag7
2024-05-12,8162.0,346.05,0.8539,0.0197,C,6,5,12,19,2,1,16820.0,16820.0,16820.0,10148.0,10505.0,10515.0,16820.0,0.0,16820.0,0.0,19671.0,5324.397517379501,20115.133333333335,5299.41959563259,-8658.0,-0.51474435196195,0.0,6969.5318,160.79139999999998,132,diff_lag7
2024-05-13,26132.0,346.11,0.6108,0.0302,C,0,5,13,20,2,0,8162.0,16820.0,16820.0,26280.0,26933.0,26959.0,13934.0,4998.6986306437875,15583.142857142857,3272.416407313861,19529.14285714286,5616.1000683768125,19611.033333333333,5692.2131656314905,9312.0,0.5536266349583828,0.20999720257418297,15961.4256,789.1864,133,diff_lag7
2024-05-14,24354.0,342.66,0.7202,0.0234,C,1,5,14,20,2,0,26132.0,8162.0,16820.0,25188.0,23081.0,24484.0,17038.0,8986.983253572918,16913.428571428572,5189.945499300943,19518.571428571428,5602.538061028661,19979.333333333332,5746.3271768137665,7534.0,0.4479191438763377,0.306853544057187,17539.750799999998,569.8836,134,diff_lag7
2024-05-15,25217.0,322.79,0.9411,0.0063,C,2,5,15,20,2,0,24354.0,26132.0,16820.0,27653.0,23098.0,23809.0,19549.333333333332,9901.709010738168,17989.714285714286,5899.969539872933,19459.0,5541.722115010826,20440.633333333335,5511.017732427143,8397.0,0.4992271105826397,0.32796349325892993,23731.7187,158.8671,135,diff_lag7
2024-05-16,23768.0,358.38,0.7819,0.0136,C,3,5,16,20,2,0,25217.0,24354.0,16820.0,25397.0,22567.0,22808.0,25234.333333333332,889.1267251260801,19189.285714285714,6450.45824507286,19285.0,5297.517241413849,20382.566666666666,5448.794866335332,6948.0,0.41307966706302024,0.33614895005032586,18584.199200000003,323.2448,136,diff_lag7
2024-05-17,23437.0,345.74,0.7984,0.0204,C,4,5,17,20,2,0,23768.0,25217.0,16820.0,26168.0,22280.0,22825.0,24446.333333333332,728.8993986370319,20181.85714285714,6558.775201427247,19168.64285714286,5169.2817178039395,20358.7,5431.751842574393,6617.0,0.3934007134363853,0.32498372944575915,18712.1008,478.11480000000006,137,diff_lag7
2024-05-27,12426.0,325.84,0.956,0.0041,C,0,5,27,22,2,0,8720.0,14687.0,26363.0,26132.0,16820.0,26280.0,15188.333333333334,6733.012871912056,20444.571428571428,6340.767194831199,20763.0,6036.355599455438,19631.0,5919.349888581368,-13937.0,-0.5286575882866138,0.31014429512422714,11879.256,50.946600000000004,147,diff_lag7
2024-06-03,30859.0,333.82,0.9607,0.0033,C,0,6,3,23,2,0,11620.0,17543.0,12426.0,26363.0,26132.0,16820.0,18063.333333333332,6718.628753944767,19856.85714285714,5977.828073488762,20150.714285714286,5928.078368481412,19080.066666666666,5546.164085597162,18433.0,1.4834218573957831,0.3010460331401987,29646.2413,101.8347,154,diff_lag7
2024-07-04,10669.0,342.87,0.9325,0.0066,C,3,7,4,27,3,0,25057.0,25366.0,22647.0,24554.0,22778.0,23898.0,26755.666666666668,2679.033843260188,21564.714285714286,6558.481778437382,21395.5,5990.147458696086,21415.833333333332,5840.883229640768,-11978.0,-0.52890007506513,0.3041302421883743,9948.8425,70.4154,185,diff_lag7
2024-07-11,22718.0,343.63,0.7426,0.0212,C,3,7,11,28,3,0,23820.0,24988.0,10669.0,22647.0,24554.0,22778.0,25446.333333333332,1897.4805225175437,19224.285714285714,7319.533630732793,20394.5,6786.338967140027,20856.433333333334,6092.81732966315,12049.0,1.129346705408192,0.3807441139565249,16870.3868,481.6216,192,diff_lag7
2024-09-02,14620.0,311.08,0.9694,0.0028,C,0,9,2,36,3,0,10608.0,15384.0,23706.0,25018.0,24663.0,25956.0,15939.333333333334,5629.580564601014,19630.285714285714,4792.376192603037,19794.428571428572,4937.409048265111,19455.633333333335,5227.82234932404,-9086.0,-0.38327849489580695,0.244131759585926,14172.628,40.936,245,diff_lag7
2024-09-03,28572.0,358.6,0.5883,0.038,C,1,9,3,36,3,0,14620.0,10608.0,22131.0,23130.0,22390.0,23713.0,13537.333333333334,2565.4764339852104,18332.285714285714,4734.608491884875,19051.714285714286,4872.8476499661165,19417.7,5259.609787217401,6441.0,0.29103971804256473,0.2582661303492209,16808.907600000002,1085.7359999999999,246,diff_lag7
2024-09-09,25596.0,315.69,0.9496,0.0091,C,0,9,9,37,3,0,9931.0,14810.0,14620.0,23706.0,25018.0,24663.0,15642.666666666666,6170.2823544254,20041.85714285714,6934.524194890638,19836.071428571428,5730.618445136296,19415.1,5601.803147817363,10976.0,0.7507523939808481,0.34600207682660195,24305.9616,232.92360000000002,252,diff_lag7
2024-09-10,22996.0,350.17,0.668,0.0233,C,1,9,10,37,3,0,25596.0,9931.0,28572.0,22131.0,23130.0,22390.0,16779.0,8015.970122199815,21609.85714285714,6742.4940348155815,19971.071428571428,5849.819990186235,19799.5,5617.589707400285,-5576.0,-0.19515609687806243,0.3120101160430033,15361.328000000001,535.8068000000001,253,diff_lag7
2024-10-01,25757.0,332.92,0.9248,0.0073,C,1,10,1,40,4,0,24261.0,9232.0,21438.0,22467.0,22996.0,28572.0,15521.333333333334,7808.380775380606,18565.0,5405.203727273664,18935.214285714286,5109.186600602908,19351.866666666665,5665.738273915035,4319.0,0.20146468887023042,0.2911502142350479,23820.0736,188.0261,274,diff_lag7
2024-10-08,21300.0,326.69,0.977,0.0028,C,1,10,8,41,4,0,23412.0,9568.0,25757.0,21438.0,22467.0,22996.0,15682.666666666666,7061.830168825462,20455.714285714286,6112.764096933703,19510.35714285714,5629.622717337327,19425.866666666665,5520.859076912434,-4457.0,-0.17304033854874404,0.2988291687864789,20810.1,59.64,281,diff_lag7
2024-10-09,19323.0,303.94,0.996,0.0014,C,2,10,9,41,4,0,21300.0,23412.0,23791.0,22228.0,21897.0,22505.0,18093.333333333332,7458.291850908857,19819.0,5685.752105042903,19500.5,5626.107614027255,19804.833333333332,5229.122937491741,-4468.0,-0.18780211004161237,0.28688390458867263,19245.708,27.0522,282,diff_lag7
2024-10-10,19355.0,350.48,0.7702,0.0154,C,3,10,10,41,4,0,19323.0,21300.0,23904.0,20375.0,21496.0,22478.0,21345.0,2044.8713895988983,19180.714285714286,5409.621573772824,19293.0,5571.0763495313695,19595.733333333334,5113.7102458157415,-4549.0,-0.1903028781793842,0.282034417133354,14907.221,298.067,283,diff_lag7
2024-11-11,21263.0,338.58,0.8681,0.0104,C,0,11,11,46,4,0,10155.0,14642.0,26664.0,22733.0,24558.0,20625.0,15621.333333333334,6016.0831388315655,20027.0,5622.133580768052,19735.785714285714,4799.389515321741,18692.666666666668,5132.114831497651,-5401.0,-0.20255775577557755,0.2807276966479279,18458.4103,221.1352,315,diff_lag7
2024-11-28,4617.0,303.16,0.8722,0.0128,C,3,11,28,48,4,0,20362.0,22639.0,22145.0,22691.0,22814.0,19779.0,22441.0,1987.4111300886202,19521.571428571428,4920.204530204757,19915.64285714286,5001.232349779757,19998.766666666666,4696.858874663546,-17528.0,-0.7915104989839693,0.2520393682551412,4026.9474,59.0976,332,diff_lag7
2024-12-02,31121.0,341.51,0.9374,0.0047,C,0,12,2,49,4,0,12777.0,15478.0,24322.0,25016.0,21263.0,26664.0,15993.333333333334,3502.5494048383503,17131.428571428572,6800.816883706995,18626.714285714286,6051.998314969665,18911.833333333332,5546.17855441666,6799.0,0.2795411561549215,0.39697897086348366,29172.8254,146.2687,336,diff_lag7
2024-12-03,27916.0,344.47,0.9385,0.0055,C,1,12,3,49,4,0,31121.0,12777.0,22639.0,23171.0,23257.0,22032.0,19792.0,9903.71299059096,18102.714285714286,8315.714856308408,19062.785714285714,6729.7781101673745,19398.5,5954.671111969504,5277.0,0.23309333451124167,0.4593628737139565,26199.166,153.53799999999998,337,diff_lag7
2024-12-04,27916.0,336.1,0.9273,0.0057,C,2,12,4,49,4,0,27916.0,31121.0,20362.0,23339.0,23056.0,21815.0,23938.0,9797.650075400741,18856.571428571428,9006.02821923816,19401.714285714286,7063.7897698111,19940.6,5965.486936219613,7554.0,0.37098516845103624,0.4776068785013722,25886.5068,159.12120000000002,338,diff_lag7
2024-12-05,27916.0,325.7,0.9853,0.0026,C,3,12,5,49,4,0,27916.0,27916.0,4617.0,22145.0,22691.0,22814.0,28984.333333333332,1850.4076127527906,19935.714285714286,9646.297661353206,19728.64285714286,7359.750869604038,19982.333333333332,6018.290067231165,23299.0,5.0,0.4838701800750444,27505.6348,72.5816,339,diff_lag7
2024-12-06,27916.0,315.21,0.9942,0.0023,C,4,12,6,49,4,0,27916.0,27916.0,19725.0,21415.0,22591.0,22067.0,27916.0,0.0,23264.14285714286,7185.393133029685,20140.85714285714,7660.951305229588,20178.466666666667,6181.068230036599,8191.0,0.4152598225602028,0.3088612882560396,27754.087199999998,64.2068,340,diff_lag7
2024-12-07,27916.0,350.65,0.8941,0.0066,C,5,12,7,49,4,1,27916.0,27916.0,15478.0,15453.0,15017.0,14642.0,27916.0,0.0,24434.285714285714,7179.935578037002,20605.214285714286,7936.201835004832,20381.833333333332,6335.2134933044745,12438.0,0.8035921953740793,0.29384675541545263,24959.6956,184.2456,341,diff_lag7
2024-12-08,27916.0,345.89,0.9072,0.0064,C,6,12,8,49,4,1,27916.0,27916.0,12777.0,10315.0,10343.0,10155.0,27916.0,0.0,26211.14285714286,6043.11703313696,21495.428571428572,8012.444308835961,20551.9,6469.806591736937,15139.0,1.1848634264694373,0.2305552667456519,25325.3952,178.66240000000002,342,diff_lag7
2024-12-17,23234.0,333.6,0.9927,0.001,C,1,12,17,51,4,0,27916.0,27916.0,27916.0,27916.0,22639.0,23171.0,27916.0,0.0,27916.0,0.0,27916.0,0.0,23102.066666666666,6716.12117085517,-4682.0,-0.16771743802837083,0.0,23064.3918,23.234,351,diff_lag7
2024-12-18,23040.0,333.52,0.7722,0.029,C,2,12,18,51,4,0,23234.0,27916.0,27916.0,27916.0,20362.0,23339.0,26355.333333333332,2703.153960345854,27247.14285714286,1769.6296626290753,27581.571428571428,1251.3171346339166,23531.766666666666,6269.154332693226,-4876.0,-0.17466685771600515,0.06494734776072734,17791.488,668.1600000000001,352,diff_lag7
2024-12-19,21317.0,317.9,0.9223,0.0103,C,3,12,19,51,4,0,23040.0,23234.0,27916.0,27916.0,4617.0,22145.0,24730.0,2760.8614597621777,26550.571428571428,2332.5856080854123,27233.285714285714,1735.846431907126,23465.9,6263.400306818023,-6599.0,-0.23638773463246884,0.08785444088692139,19660.6691,219.5651,353,diff_lag7
2024-12-20,21261.0,316.51,0.9465,0.0059,C,4,12,20,51,4,0,21317.0,23040.0,27916.0,27916.0,19725.0,21415.0,22530.333333333332,1055.2451531911786,25607.85714285714,2942.5226381780103,26761.928571428572,2330.3510618420655,23404.1,6275.545165767356,-6655.0,-0.23839375268663132,0.11490702333126593,20123.536500000002,125.4399,354,diff_lag7
2024-12-21,15030.0,348.12,0.851,0.0109,C,5,12,21,51,4,1,21261.0,21317.0,27916.0,27916.0,15478.0,15453.0,21872.666666666668,1011.3280048201344,24657.14285714286,3140.8936323160387,26286.571428571428,2722.5808094042204,23334.833333333332,6287.744648470359,-12886.0,-0.46159908296317526,0.12738270814723215,12790.529999999999,163.827,355,diff_lag7
2024-12-22,10218.0,341.54,0.9892,0.0017,C,6,12,22,51,4,1,15030.0,21261.0,27916.0,27916.0,12777.0,10315.0,19202.666666666668,3613.743811248036,22816.285714285714,4425.903324531041,25366.14285714286,4005.347595732142,23097.666666666668,6465.834246696009,-17698.0,-0.6339733486172804,0.1939800097155997,10107.6456,17.3706,356,diff_lag7
2024-12-23,21749.0,330.84,0.9026,0.0088,C,0,12,23,52,4,0,10218.0,15030.0,27916.0,27916.0,31121.0,24322.0,15503.0,5536.674001600613,20288.0,5852.290691116864,24102.0,5610.074605290289,22724.433333333334,6876.44333530627,-6167.0,-0.22091273821464394,0.28846070046908834,19630.647399999998,191.3912,357,diff_lag7
2024-12-24,12525.0,328.02,0.8522,0.0124,C,1,12,24,52,4,0,21749.0,10218.0,23234.0,27916.0,27916.0,22639.0,15665.666666666666,5791.722052492979,19407.0,4899.164010318475,23661.5,5529.095290440303,22934.3,6741.623467375044,-10709.0,-0.4609193423431178,0.2524431396052185,10673.805,155.31,358,diff_lag7
2024-12-25,2980.0,328.13,0.8058,0.0123,C,2,12,25,52,4,0,12525.0,21749.0,23040.0,27916.0,27916.0,20362.0,14830.666666666666,6101.4805033969815,17877.14285714286,5169.519688474323,22562.14285714286,6116.9517780463975,23007.966666666667,6609.760580375427,-20060.0,-0.8706597222222222,0.2891692330135868,2401.284,36.654,359,diff_lag7
2024-12-31,18423.0,336.81,0.95,0.0059,C,1,12,31,1,4,0,24280.0,9049.0,12525.0,23234.0,27916.0,27916.0,16008.333333333334,7699.837942017578,15053.285714285714,7563.028840226326,17230.14285714286,6525.389335359384,22531.466666666667,7244.118059803255,5898.0,0.47089820359281437,0.5024171455836342,17501.85,108.6957,365,diff_lag7
2025-01-01,8051.0,311.42,0.977,0.0051,C,2,1,1,1,1,0,18423.0,24280.0,2980.0,23040.0,27916.0,27916.0,17250.666666666668,7682.8779980768595,15895.857142857143,7562.954568786176,16886.5,6307.9468773676535,22719.666666666668,7052.775068079189,5071.0,1.7016778523489933,0.47578148827190586,7865.827,41.060100000000006,366,diff_lag7
2025-01-02,26094.0,343.18,0.9414,0.0064,C,3,1,2,1,1,0,8051.0,18423.0,20267.0,21317.0,27916.0,27916.0,16918.0,8218.508319640501,16620.285714285714,6248.18015410048,15815.857142857143,6453.533031867632,21950.666666666668,7356.334353904576,5827.0,0.2875117185572606,0.3759369881788465,24564.8916,167.0016,367,diff_lag7
2025-01-07,22765.0,351.21,0.8372,0.012,C,1,1,7,2,1,0,24129.0,9615.0,18423.0,12525.0,23234.0,27916.0,16822.333333333332,7257.509857611872,18335.714285714286,7381.2629613611325,16694.5,7378.789089212196,20693.866666666665,7326.780963830838,4342.0,0.23568365629919122,0.40256206255962546,19058.858,273.18,372,diff_lag7
2025-01-08,21787.0,354.55,0.8347,0.0117,C,2,1,8,2,1,0,22765.0,24129.0,8051.0,2980.0,23040.0,27916.0,18836.333333333332,8014.977562871494,18956.0,7569.851715852812,17425.928571428572,7440.953624412622,20522.166666666668,7211.14036647862,13736.0,1.7061234629238604,0.39933803101143767,18185.6089,254.9079,373,diff_lag7
2025-01-09,18948.0,339.34,0.9494,0.0059,C,3,1,9,2,1,0,21787.0,22765.0,26094.0,20267.0,21317.0,27916.0,22893.666666666668,1176.2896468699564,20918.285714285714,5858.860944878982,18769.285714285714,6231.747840121348,20317.866666666665,7080.070848726617,-7146.0,-0.2738560588641067,0.2800832259824137,17989.231200000002,111.7932,374,diff_lag7
2025-01-10,20183.0,324.84,0.8968,0.01,C,4,1,10,2,1,0,18948.0,21787.0,25315.0,21576.0,21261.0,27916.0,21166.666666666668,1982.6705054883553,19897.428571428572,5412.2772735433655,18675.071428571428,6217.316864573129,20018.933333333334,6936.0596084487315,-5132.0,-0.20272565672526172,0.2720088806507916,18100.114400000002,201.83,375,diff_lag7
2025-01-20,16591.0,344.62,0.8117,0.0174,C,0,1,20,4,1,0,8803.0,14170.0,23740.0,24129.0,24280.0,21749.0,14597.333333333334,6019.387371928595,18980.14285714286,5432.014587258602,18923.35714285714,5053.01183008164,17383.933333333334,6186.789156288405,-7149.0,-0.3011373209772536,0.28619461023784415,13466.9147,288.6834,385,diff_lag7
2025-01-27,23139.0,342.63,0.8926,0.0081,C,0,1,27,5,1,0,8970.0,14648.0,16591.0,23740.0,24129.0,24280.0,14664.333333333334,5702.517543448108,17643.571428571428,4592.9878023331175,18311.85714285714,4882.199990501486,18022.6,5545.763400700728,6548.0,0.39467181001747936,0.2603207531381873,20653.8714,187.42589999999998,392,diff_lag7
2025-02-03,27260.0,314.37,0.9773,0.0032,C,0,2,3,6,1,0,10769.0,16452.0,23139.0,16591.0,23740.0,24129.0,16371.333333333334,5562.4387037821325,19159.285714285714,4266.892417762799,18401.428571428572,4331.035685594161,18296.166666666668,4767.99734641309,4121.0,0.1780975841652621,0.22270623662036007,26641.198,87.232,399,diff_lag7
2025-03-03,27511.0,327.71,0.9751,0.0039,C,0,3,3,10,1,0,11178.0,16747.0,23190.0,19950.0,23689.0,27260.0,16929.0,5844.125854223209,19894.428571428572,4397.156916961308,19457.571428571428,4481.2226819557545,19099.366666666665,5018.736408378267,4321.0,0.18633031479085813,0.22102453966817093,26825.9761,107.29289999999999,427,diff_lag7
2025-05-01,24124.0,310.74,0.9383,0.0058,C,3,5,1,18,2,0,23358.0,20511.0,19815.0,20232.0,20652.0,23069.0,22158.666666666668,1475.5013837110878,18316.428571428572,5360.988399450931,17979.428571428572,5689.749037513879,18835.533333333333,5279.511541756509,4309.0,0.21746151905122382,0.2926874296779356,22635.5492,139.9192,486,diff_lag7
2025-05-26,11190.0,345.64,0.8255,0.0293,C,0,5,26,22,2,0,8208.0,12838.0,23467.0,22991.0,25870.0,22607.0,13555.0,5739.189576935059,18201.571428571428,5554.058571805618,18491.285714285714,5191.369501076116,18365.0,5564.603322603596,-12277.0,-0.5231601823837729,0.30514170678072794,9237.345,327.867,511,diff_lag7
2025-06-02,25194.0,350.51,0.9022,0.0074,C,0,6,2,23,2,0,10378.0,14386.0,11190.0,23467.0,22991.0,25870.0,15273.0,5393.483011932086,17434.0,5342.552167893783,17817.785714285714,5250.67513869292,17889.0,5373.465946282902,14004.0,1.2514745308310993,0.3064444285817244,22730.0268,186.43560000000002,518,diff_lag7
2025-07-01,26074.0,343.63,0.8452,0.0127,C,1,7,1,27,3,0,24009.0,8522.0,20992.0,21564.0,21608.0,24008.0,15369.333333333334,7897.539891215067,18358.85714285714,5371.430145643118,18469.14285714286,5074.545934323624,18522.066666666666,5362.195001748963,5082.0,0.2420922256097561,0.2925797670217709,22037.7448,331.1398,547,diff_lag7
2025-07-04,9765.0,342.43,0.9148,0.0059,C,4,7,4,27,3,0,22808.0,22759.0,20167.0,22220.0,20185.0,20051.0,23880.333333333332,1899.929033762394,19702.285714285714,6335.9998872654905,19237.785714285714,5593.315394682795,18924.1,5190.869114326512,-10402.0,-0.5157931273863242,0.32158704726687576,8933.021999999999,57.6135,550,diff_lag7
2025-07-11,20520.0,341.94,0.9111,0.0087,C,4,7,11,28,3,0,21044.0,23056.0,9765.0,20167.0,22220.0,20185.0,22460.0,1231.3959558159822,17922.0,6928.409533700105,18812.14285714286,6444.911407843014,18742.1,5557.493477124001,10755.0,1.1013824884792627,0.38658685044638463,18695.772,178.524,557,diff_lag7
2025-09-01,13562.0,356.8,0.9163,0.0062,C,0,9,1,36,3,0,8334.0,12734.0,22728.0,23655.0,23530.0,25576.0,13644.666666666666,5819.685673069753,17848.85714285714,5238.235944430501,17991.64285714286,5053.56231715872,18110.166666666668,5134.707405848758,-9166.0,-0.4032910946849701,0.29347738639539556,12426.8606,84.0844,609,diff_lag7
2025-09-02,25094.0,327.36,0.9257,0.009,C,1,9,2,36,3,0,13562.0,8334.0,20256.0,21096.0,21717.0,23063.0,11543.333333333334,2810.0287068521816,16539.428571428572,4953.173758885744,17270.714285714286,4901.11593930908,18058.566666666666,5173.527867794905,4838.0,0.23884281200631913,0.29947671635054074,23229.515799999997,225.84599999999998,610,diff_lag7
2025-09-08,24144.0,356.51,0.8776,0.0083,C,0,9,8,37,3,0,8886.0,13889.0,13562.0,22728.0,23655.0,23530.0,14609.0,6114.874405905655,18537.428571428572,6362.7676854531965,18193.14285714286,5610.450603830495,17864.466666666667,5343.481279887267,10582.0,0.7802683969915941,0.34323895900319334,21188.774400000002,200.3952,616,diff_lag7
2025-10-20,25689.0,345.53,0.9924,0.0025,C,0,10,20,43,4,0,10510.0,15223.0,20317.0,24321.0,22150.0,22800.0,16265.666666666666,6341.6160663772,19923.285714285714,5156.834678827854,19208.071428571428,5060.39728547207,18360.333333333332,5245.253922608857,5372.0,0.26440911551902346,0.2588345493198553,25493.7636,64.2225,658,diff_lag7
2025-11-03,28697.0,351.67,0.9176,0.0057,C,0,11,3,45,4,0,11046.0,15984.0,22300.0,25689.0,20317.0,24321.0,15642.0,4434.901126293586,18565.428571428572,3824.7272607399673,18839.14285714286,5017.545934895976,18536.766666666666,5158.802338175766,6397.0,0.2868609865470852,0.206013410680218,26332.3672,163.5729,672,diff_lag7
2025-11-04,26086.0,356.85,0.9151,0.0233,C,1,11,4,45,4,0,28697.0,11046.0,20353.0,23169.0,22475.0,21252.0,18575.666666666668,9106.42643045742,19479.285714285714,5332.713559226825,19054.0,5384.4183172729545,19024.1,5407.529918293688,5733.0,0.2816783766520906,0.2737633010493768,23871.298600000002,607.8038,673,diff_lag7
2025-11-05,25118.0,350.46,0.9635,0.0029,C,2,11,5,45,4,0,26086.0,28697.0,19755.0,22748.0,23708.0,21053.0,21943.0,9526.950561433612,20298.285714285714,5899.392248762709,19262.35714285714,5607.711100414694,19581.466666666667,5236.649710311519,5363.0,0.27147557580359405,0.2906349990241186,24201.193,72.84219999999999,674,diff_lag7
2025-11-07,24366.0,338.7,0.9921,0.0017,C,4,11,7,45,4,0,24607.0,25118.0,19896.0,19010.0,23064.0,19888.0,25270.333333333332,751.1753013335683,21633.428571428572,6294.602763668286,19609.285714285714,5881.23749966556,19719.866666666665,5334.769482356762,4470.0,0.22466827503015682,0.2909664893331616,24173.5086,41.4222,676,diff_lag7
2025-11-27,4646.0,323.83,0.9828,0.0029,C,3,11,27,48,4,0,19063.0,21420.0,21595.0,22966.0,24607.0,20624.0,21176.0,2002.1820596539606,18708.571428571428,4757.99176323872,19390.928571428572,4920.685872522634,20274.1,5133.807603221662,-16949.0,-0.784857605927298,0.25432149009370064,4566.0888,13.4734,696,diff_lag7
2025-12-01,30208.0,354.82,0.8361,0.0184,C,0,12,1,49,4,0,10504.0,13970.0,23045.0,24695.0,27159.0,28697.0,14527.666666666666,4329.520797193777,15965.285714285714,6599.09174847283,17792.35714285714,6063.543982842713,19194.133333333335,6185.589519661575,7163.0,0.3108266435235409,0.4133400345330477,25256.908799999997,555.8272,700,diff_lag7
2025-12-03,25483.0,358.74,0.7146,0.0274,C,2,12,3,49,4,0,25221.0,30208.0,19063.0,22543.0,23861.0,25118.0,21977.666666666668,10244.574775623123,17531.571428571428,8686.792750245302,18368.64285714286,6857.05660791682,20140.766666666666,6334.448568566651,6420.0,0.3367780517232335,0.4954942450902219,18210.1518,698.2342,702,diff_lag7
2025-12-04,23955.0,369.18,0.8786,0.0096,C,3,12,4,49,4,0,25483.0,25221.0,4646.0,21595.0,22966.0,24607.0,26970.666666666668,2806.67175375633,18448.714285714286,9199.221845973085,18578.64285714286,7037.380135414711,20033.633333333335,6210.719107030745,19309.0,4.156048213517004,0.49863755834174733,21046.863,229.968,703,diff_lag7
2025-12-08,24128.0,357.12,0.9003,0.007,C,0,12,8,50,4,0,9935.0,14974.0,30208.0,23045.0,24695.0,27159.0,15818.666666666666,6348.285779116555,21760.428571428572,6934.524349397032,18862.85714285714,7164.853971963444,19074.766666666666,6264.691883241666,-6080.0,-0.20127118644067796,0.3186759087319658,21722.4384,168.89600000000002,707,diff_lag7
2025-12-24,12669.0,312.89,0.9184,0.0087,C,2,12,24,52,4,0,19215.0,22364.0,21475.0,22420.0,25483.0,19063.0,17120.333333333332,6547.320240627726,18276.14285714286,4550.513796212876,18619.0,4675.571886041148,19040.766666666666,5846.623721745578,-8806.0,-0.410058207217695,0.24898655212877152,11635.2096,110.2203,723,diff_lag7
2025-12-25,2950.0,298.5,0.921,0.0173,C,3,12,25,52,4,0,12669.0,19215.0,20586.0,20904.0,23955.0,4646.0,18082.666666666668,4945.694120478288,17018.14285714286,4732.379085568265,17922.5,4790.663752791219,18694.9,5908.159386347215,-17636.0,-0.8566987272903915,0.2780784675092787,2716.9500000000003,51.035,724,diff_lag7
2024-01-08,14534.0,342.29,0.8734,0.0127,D,0,1,8,2,1,0,5721.0,8137.0,4380.0,,,,9255.666666666666,4207.065168657758,11185.57142857143,4956.933926570028,,,,,10154.0,2.3182648401826484,0.4431542865935733,12693.9956,184.5818,7,diff_lag7
2024-05-27,7115.0,300.51,0.9834,0.0037,D,0,5,27,22,2,0,4597.0,7735.0,14445.0,14327.0,16467.0,14093.0,7887.333333333333,3369.0839012012307,10923.142857142857,3503.284146272439,11193.785714285714,3304.142904773464,11459.066666666668,3674.3390485471214,-7330.0,-0.507442021460713,0.32072126054650774,6996.8910000000005,26.3255,147,diff_lag7
2024-06-03,16967.0,317.35,0.9672,0.0038,D,0,6,3,23,2,0,6378.0,8898.0,7115.0,14445.0,14327.0,16467.0,9285.666666666666,3119.61797874889,10699.0,3190.0885045193754,10811.07142857143,3221.0106742661173,11064.033333333333,3479.1591778844313,9852.0,1.384680252986648,0.2981669786446748,16410.4824,64.4746,154,diff_lag7
2024-07-04,5646.0,314.01,0.9838,0.0044,D,3,7,4,27,3,0,13425.0,13545.0,11805.0,12331.0,11891.0,13225.0,13873.666666666666,675.8589596456798,11152.0,3405.2599998629566,10961.92857142857,3160.951742368493,11341.866666666667,3196.5700338971455,-6159.0,-0.521728081321474,0.3053497130436654,5554.5348,24.8424,185,diff_lag7
2024-07-11,12672.0,322.12,0.757,0.0264,D,3,7,11,28,3,0,13401.0,13952.0,5646.0,11805.0,12331.0,11891.0,14190.333333333334,931.651401186796,10654.0,4062.892278496522,10903.0,3610.7249431914097,11007.8,3264.9165844548415,7026.0,1.2444208289054197,0.381349003050171,9592.704,334.5408,192,diff_lag7
2024-09-02,8285.0,297.66,0.9918,0.0027,D,0,9,2,36,3,0,5626.0,7909.0,14013.0,13784.0,13286.0,15795.0,8358.666666666666,2983.0280476947046,10659.714285714286,2898.5488158896383,10894.214285714286,2905.50541554825,10829.166666666666,3048.1619796236178,-5728.0,-0.40876329122957256,0.2719161825729377,8217.063,22.369500000000002,245,diff_lag7
2024-09-09,14479.0,294.78,0.9939,0.0044,D,0,9,9,37,3,0,5576.0,8469.0,8285.0,14013.0,13784.0,13286.0,8891.666666666666,3545.9433629618625,11236.285714285714,3790.613833945003,10948.0,3255.5934352103304,10667.1,3117.8834481987465,6194.0,0.7476161738080869,0.3373547033541209,14390.6781,63.707600000000006,252,diff_lag7
2024-11-28,2260.0,290.47,0.9702,0.006,D,3,11,28,48,4,0,10615.0,11483.0,12946.0,12682.0,13128.0,10330.0,11761.666666666666,1308.4484450421858,10705.57142857143,2757.4763738572533,11106.42857142857,2849.135758686931,11226.933333333332,2699.602690222667,-10686.0,-0.825428703846748,0.2575739550434456,2192.652,13.56,332,diff_lag7
2024-12-03,15810.0,313.21,0.9027,0.0115,D,1,12,3,49,4,0,16703.0,6453.0,11483.0,13208.0,12684.0,12823.0,10508.666666666666,5449.407888324503,9499.714285714286,4495.894931834511,10391.714285714286,3785.8934405047844,10847.966666666667,3423.3448704883403,4327.0,0.37681790472872945,0.4732663316617278,14271.687,181.815,337,diff_lag7
2024-12-04,15058.0,313.71,0.9043,0.0132,D,2,12,4,49,4,0,15810.0,16703.0,10615.0,12937.0,13253.0,12295.0,12988.666666666666,5677.637390088711,10117.857142857143,5074.28167095506,10577.57142857143,3992.99014070111,11167.266666666666,3424.587726844001,4443.0,0.41855864342910976,0.5015174260033239,13616.9494,198.7656,338,diff_lag7
2024-12-05,14443.0,297.88,0.9405,0.0089,D,3,12,5,49,4,0,15058.0,15810.0,2260.0,12946.0,12682.0,13128.0,15857.0,823.5065269929897,10752.57142857143,5413.375898554212,10729.07142857143,4127.372221649503,11155.966666666667,3410.680804557163,12183.0,5.0,0.5034494245878658,13583.6415,128.5427,339,diff_lag7
2024-12-24,6883.0,304.19,0.8996,0.0149,D,1,12,24,52,4,0,12297.0,6146.0,13228.0,13298.0,15810.0,11483.0,9284.666666666666,3077.4454232907688,11304.42857142857,2624.601484488825,11374.0,2732.5493309643693,11129.733333333334,3547.7912014654103,-6345.0,-0.47966434835198063,0.2321746267761279,6191.9468,102.5567,358,diff_lag7
2024-12-25,1727.0,308.86,0.8358,0.0204,D,2,12,25,52,4,0,6883.0,12297.0,13390.0,13473.0,15058.0,10615.0,8442.0,3358.803507203116,10398.0,2927.7070664031025,10915.785714285714,2916.749987402243,11176.1,3480.012191318317,-11663.0,-0.8710231516056759,0.28156444185450114,1443.4266,35.2308,359,diff_lag7
2025-01-07,13309.0,327.86,0.8828,0.0104,D,1,1,7,2,1,0,13912.0,5819.0,9246.0,6883.0,13228.0,13298.0,9661.0,4061.9727965608026,10318.0,4202.249516627968,9220.642857142857,4114.941416671375,10318.466666666667,3636.1983627592863,4063.0,0.43943326844040664,0.40727364960534673,11749.1852,138.4136,372,diff_lag7
2025-01-08,12544.0,330.17,0.9011,0.0092,D,2,1,8,2,1,0,13309.0,13912.0,4643.0,1727.0,13390.0,13473.0,11013.333333333334,4508.51708806048,10898.42857142857,4308.75120567212,9679.642857142857,4191.807148513601,10544.9,3602.5976868231382,7901.0,1.7017014861081197,0.39535527323342606,11303.3984,115.4048,373,diff_lag7
2025-05-26,5637.0,330.61,0.8419,0.0235,D,0,5,26,22,2,0,4175.0,6494.0,11889.0,11908.0,13084.0,11990.0,6986.666666666667,3087.621144721815,9337.57142857143,2857.127920199046,9430.57142857143,2654.5385435365083,9399.366666666667,2830.26808140919,-6252.0,-0.5258642442593995,0.30598190782848583,4745.7903,132.4695,511,diff_lag7
2025-06-02,13042.0,321.05,0.9315,0.0084,D,0,6,2,23,2,0,4993.0,7151.0,5637.0,11889.0,11908.0,13084.0,7476.333333333333,2660.9579728611407,8681.714285714286,2690.1888852077313,9009.642857142857,2687.682690953827,9119.633333333333,2786.094058408444,7405.0,1.313642008160369,0.3098683965716797,12148.623,109.55279999999999,518,diff_lag7
2025-07-04,4704.0,327.46,0.9377,0.0074,D,4,7,4,27,3,0,11313.0,11437.0,9834.0,11804.0,10094.0,10294.0,11712.666666666666,588.132921484088,9610.0,3054.342482433818,9500.642857142857,2783.0024076703476,9535.9,2620.5972910901332,-5130.0,-0.5216595485051861,0.31782960275065747,4410.9408,34.8096,550,diff_lag7
2025-07-11,10320.0,325.82,0.9178,0.0117,D,4,7,11,28,3,0,11055.0,11996.0,4704.0,9834.0,11804.0,10094.0,11546.0,471.83789589228775,9179.0,3750.431619605044,9394.5,3293.5675712142147,9419.5,2842.4244113929817,5616.0,1.1938775510204083,0.40858825793714393,9471.696,120.744,557,diff_lag7
2025-08-31,10141.0,305.78,0.9752,0.0222,D,6,8,31,35,3,1,10141.0,10141.0,4317.0,4818.0,4529.0,5115.0,10141.0,0.0,9531.42857142857,2371.433592937881,9449.785714285714,2359.4248705522004,9566.033333333333,2436.2627184549096,5824.0,1.3490850127403289,0.2488014860696218,9889.5032,225.1302,608,diff_lag7
2025-09-07,4899.0,336.43,0.9055,0.009,D,6,9,7,36,3,1,7234.0,10141.0,10141.0,4317.0,4818.0,4529.0,9172.0,1678.3572325342395,9725.714285714286,1098.742723037815,9628.57142857143,1778.4546322920137,9460.7,2117.3826092119207,-5242.0,-0.5169115471846958,0.11297295918426417,4436.0445,44.090999999999994,615,diff_lag7
2025-11-27,2225.0,303.2,0.9698,0.0048,D,3,11,27,48,4,0,9744.0,11292.0,11764.0,11036.0,11032.0,9187.0,11130.0,1312.519714137675,10056.0,2553.96273791664,10198.142857142857,2525.7599269905363,10124.9,2437.9956486340525,-9539.0,-0.8108636518191091,0.2539740192836754,2157.805,10.68,696,diff_lag7
2025-12-03,14302.0,347.54,0.8218,0.0269,D,2,12,3,49,4,0,14196.0,15505.0,9744.0,11909.0,11822.0,11919.0,11752.333333333334,5405.94860624233,9284.857142857143,4650.785683751774,9825.07142857143,3675.987579795833,10234.733333333334,3096.5668746525325,4558.0,0.4677750410509031,0.5009000797960184,11753.3836,384.7238,702,diff_lag7
2025-12-04,13092.0,349.12,0.919,0.0095,D,3,12,4,49,4,0,14302.0,14196.0,2225.0,11764.0,11036.0,11032.0,14667.666666666666,727.0861938817729,9936.0,5029.444071333,9996.0,3832.6391790674884,10267.666666666666,3135.4552145260823,10867.0,4.884044943820225,0.5061839846349637,12031.548,124.374,703,diff_lag7
2025-12-24,6700.0,303.96,0.9491,0.009,D,2,12,24,52,4,0,10599.0,12030.0,12055.0,12182.0,14302.0,9744.0,9498.0,3226.60146283981,10319.285714285714,2298.743766660806,10441.07142857143,2426.946053861039,10559.333333333334,3162.9928901261305,-5355.0,-0.44421401907922026,0.22276190720046576,6358.97,60.3,723,diff_lag7
2025-12-25,1667.0,291.03,0.9952,0.0096,D,3,12,25,52,4,0,6700.0,10599.0,11694.0,11779.0,13092.0,2225.0,9776.333333333334,2758.5884675560687,9554.285714285714,2506.5011280192753,10049.5,2562.8869163804075,10370.866666666667,3220.2978629991244,-10027.0,-0.8574482640670429,0.26234312045656294,1658.9984,16.0032,724,diff_lag7
2024-01-08,6688.0,343.75,0.8036,0.0173,A,0,1,8,2,1,0,1611.0,3529.0,2147.0,,,,3776.6666666666665,2299.5248059834735,4860.714285714285,2384.394382527473,,,,,4541.0,2.1150442477876106,0.4905440316735434,5374.4767999999995,115.7024,7,pct_change_7
2024-03-31,594.0,306.22,0.8736,0.0135,A,6,3,31,13,1,1,3561.0,4600.0,1476.0,1488.0,1211.0,1387.0,4326.0,671.335236673901,4184.571428571428,1330.678631017879,4255.642857142857,1296.662793905531,4177.933333333333,1273.5843238219666,-882.0,-0.5975609756097561,0.31799639550475056,518.9184,8.019,90,pct_change_7
2024-04-07,1434.0,329.64,0.9318,0.0076,A,6,4,7,14,2,1,3615.0,5505.0,594.0,1476.0,1488.0,1211.0,4785.666666666667,1022.6442848485173,4621.285714285715,1940.5109047435337,4402.928571428572,1614.483649977278,4248.9,1424.181249362061,840.0,1.4141414141414141,0.41990714807891233,1336.2012,10.8984,97,pct_change_7
2024-06-03,6408.0,317.47,0.9491,0.0062,A,0,6,3,23,2,0,1633.0,3678.0,3209.0,5564.0,4971.0,5722.0,3525.0,1820.3288164504804,4142.571428571428,1383.2361641145312,4175.0,1325.4506345448635,4120.466666666666,1348.9271786621148,3199.0,0.9968837644125896,0.3339076194496765,6081.8328,39.7296,154,pct_change_7
2024-06-09,5283.0,323.7,0.9359,0.0073,A,6,6,9,23,2,1,5283.0,5283.0,1633.0,1407.0,1544.0,1132.0,5283.0,0.0,5003.428571428572,1547.2355839951933,4556.857142857143,1514.3861847241985,4358.5,1368.623011744234,3650.0,2.2351500306184935,0.3092350698939685,4944.3597,38.5659,160,pct_change_7
2024-06-16,1319.0,304.81,0.9788,0.0015,A,6,6,16,24,2,1,3358.0,4965.0,5283.0,1633.0,1407.0,1544.0,4381.0,888.9055067891095,4869.857142857143,699.2251493787993,4936.642857142857,1155.5740236678143,4537.766666666666,1257.8929476772194,-3964.0,-0.7503312511830399,0.14358227127963843,1291.0372,1.9785000000000001,167,pct_change_7
2024-07-04,2361.0,319.75,0.88,0.0131,A,3,7,4,27,3,0,5422.0,5755.0,5373.0,5063.0,4820.0,5283.0,5830.333333333333,450.7464179927834,4606.428571428572,1691.662777382344,4514.928571428572,1547.0178490485248,4711.2,1315.6808752570773,-3012.0,-0.5605806811836963,0.36723955471162684,2077.68,30.929100000000002,185,pct_change_7
2024-07-11,5296.0,313.69,0.8522,0.019,A,3,7,11,28,3,0,5188.0,5479.0,2361.0,5373.0,5063.0,4820.0,5677.0,612.4924489330393,4265.0,1817.8965867177358,4435.714285714285,1696.3044188230722,4454.733333333334,1510.7372927865674,2935.0,1.2431173231681492,0.42623601095374813,4513.2512,100.624,192,pct_change_7
2024-09-07,6173.0,329.62,0.8846,0.0103,A,5,9,7,36,3,1,6173.0,6173.0,3305.0,3182.0,3511.0,3234.0,6173.0,0.0,4833.285714285715,2014.1605955737245,4434.928571428572,1672.152204347886,4253.266666666666,1395.3732397322656,2868.0,0.8677760968229955,0.4167269875274457,5460.6358,63.5819,250,pct_change_7
2024-09-08,6173.0,329.62,0.8846,0.0103,A,6,9,8,36,3,1,6173.0,6173.0,1500.0,1514.0,1469.0,1439.0,6173.0,0.0,5243.0,1941.8708333288632,4648.571428571428,1690.7273225215467,4314.833333333333,1438.7650375698356,4673.0,3.1153333333333335,0.37037399071692984,5460.6358,63.5819,251,pct_change_7
2024-09-09,6173.0,329.62,0.8846,0.0103,A,0,9,9,37,3,0,6173.0,6173.0,3649.0,5193.0,5088.0,4896.0,6173.0,0.0,5910.571428571428,1029.6005466754043,4981.357142857143,1470.4567896846438,4369.233333333334,1477.9313521301287,2524.0,0.6916963551657989,0.17419644769004278,5460.6358,63.5819,252,pct_change_7
2024-09-22,1615.0,294.99,0.954,0.0069,A,6,9,22,38,3,1,3243.0,4761.0,6173.0,6173.0,1500.0,1514.0,4307.333333333333,925.076393241842,5029.142857142857,993.7559104346532,5601.071428571428,898.9197332427323,5046.4,1411.4654551332287,-4558.0,-0.7383768022031427,0.19759945952285457,1540.71,11.1435,265,pct_change_7
2024-11-28,545.0,290.14,0.9653,0.0096,A,3,11,28,48,4,0,5067.0,5478.0,5322.0,5290.0,4920.0,4323.0,5610.0,619.6361835787123,4752.0,1491.6458471545207,4679.714285714285,1417.1764142163067,4518.333333333333,1328.2493101391194,-4777.0,-0.8975948891394213,0.3138985368591163,526.0885000000001,5.231999999999999,332,pct_change_7
2024-12-05,6112.0,311.71,0.9025,0.0143,A,3,12,5,49,4,0,6329.0,7285.0,545.0,5322.0,5290.0,4920.0,7305.333333333333,986.6571508549954,5212.0,2880.265612751713,4982.0,2216.4806476796634,4751.933333333333,1759.2860803870578,5567.0,5.0,0.5526219517942658,5516.08,87.4016,339,pct_change_7
2024-12-25,294.0,319.62,0.9061,0.0106,A,2,12,25,52,4,0,4112.0,6323.0,6209.0,6715.0,6329.0,5067.0,4242.333333333333,2018.6580526016153,5089.142857142857,1491.6010892741433,5333.0,1562.597590798484,5340.2,1862.4758346036913,-5915.0,-0.9526493799323562,0.29309475704353816,266.3934,3.1164,359,pct_change_7
2025-01-01,2196.0,291.4,0.9504,0.0089,A,2,1,1,1,1,0,4846.0,6201.0,294.0,6209.0,6715.0,6329.0,4163.333333333333,2451.3600986663196,3885.5714285714284,2229.612661214411,4487.357142857143,1926.4619466441907,5200.233333333334,1923.5556817829588,1902.0,5.0,0.573818472315191,2087.0784,19.5444,366,pct_change_7
2025-01-08,5423.0,311.64,0.9242,0.0081,A,2,1,8,2,1,0,5594.0,5880.0,2196.0,294.0,6209.0,6715.0,4346.333333333333,2412.946400841375,4601.0,2066.207959846571,4243.285714285715,2098.236637991764,4925.533333333334,1905.856468404925,3227.0,1.4694899817850637,0.4490780177888657,5011.9366,43.9263,373,pct_change_7
2025-04-20,541.0,314.72,0.869,0.0124,A,6,4,20,16,2,1,2949.0,4159.0,1227.0,1279.0,1318.0,1257.0,3919.0,875.0428560933605,3839.285714285714,1322.3797631902971,3915.785714285714,1289.0628783715679,3917.0666666666666,1241.768592283448,-686.0,-0.5590872045639772,0.34443379878444946,470.129,6.7084,475,pct_change_7
2025-04-27,1379.0,339.66,0.9368,0.0067,A,6,4,27,17,2,1,2956.0,4408.0,541.0,1227.0,1279.0,1318.0,3886.0,807.4181073025462,3653.714285714286,1478.3547966445303,3746.5,1350.949964910727,3913.266666666667,1304.0092271022559,838.0,1.5489833641404807,0.4046169681150967,1291.8472,9.2393,482,pct_change_7
2025-06-02,5596.0,322.25,0.9327,0.0116,A,0,6,2,23,2,0,1412.0,3014.0,2721.0,4707.0,4723.0,5808.0,2954.3333333333335,1513.3824147694368,3631.5714285714284,1285.918200760687,3700.0,1229.7284878566245,3701.133333333333,1321.270802422179,2875.0,1.0565968393972804,0.35409415071495254,5219.3892,64.9136,518,pct_change_7
2025-06-15,4523.0,327.34,0.8785,0.0135,A,6,6,15,24,2,1,4523.0,4523.0,1423.0,1412.0,1230.0,1264.0,4523.0,0.0,4125.571428571428,1201.1220944243248,4119.642857142857,1252.8258892564431,3870.8333333333335,1217.9939721082212,3100.0,2.1784961349262124,0.29114078260917187,3973.4554999999996,61.0605,531,pct_change_7
2025-06-22,1191.0,333.58,0.9675,0.003,A,6,6,22,25,2,1,2897.0,4593.0,4523.0,1423.0,1412.0,1230.0,3793.0,852.0657251644536,4210.142857142857,627.9032379200386,4167.857142857143,921.8198436656766,3985.9,1120.1608366658797,-3332.0,-0.7366791952244086,0.14914060145364155,1152.2925,3.573,538,pct_change_7
2025-07-04,1963.0,322.07,0.9234,0.0091,A,4,7,4,27,3,0,4711.0,4836.0,4243.0,4593.0,4523.0,4443.0,4844.666666666667,138.20395556331115,3959.5714285714284,1446.5667235610922,3924.285714285714,1359.0182219059882,4087.5,1104.8423432545826,-2280.0,-0.5373556445910912,0.3653341654914906,1812.6342,17.863300000000002,550,pct_change_7
2025-07-11,4493.0,321.84,0.9783,0.0035,A,4,7,11,28,3,0,4494.0,4594.0,1963.0,4243.0,4593.0,4523.0,4649.666666666667,189.72699684902443,3700.1428571428573,1595.664274272774,3829.8571428571427,1469.3734853877095,4030.4666666666667,1205.8668003680539,2530.0,1.2888436067244013,0.43124396432220446,4395.5019,15.7255,557,pct_change_7
2025-09-08,4879.0,324.69,0.908,0.0124,A,0,9,8,37,3,0,1345.0,2970.0,2782.0,4468.0,4298.0,4869.0,2913.0,1540.2912062334324,3696.285714285714,1377.0080748111902,3572.5,1189.5856259800912,3457.5333333333333,1161.255317595447,2097.0,0.7537742631200575,0.3725383212366983,4430.1320000000005,60.4996,616,pct_change_7
2025-11-27,498.0,300.28,0.9571,0.0058,A,3,11,27,48,4,0,3825.0,4292.0,4444.0,4402.0,4029.0,3919.0,4257.333333333333,416.0845266689879,3744.8571428571427,1130.9228427220223,3793.4285714285716,1130.6430923141882,3783.733333333333,1075.9654504558798,-3946.0,-0.8879387938793879,0.3019935873599663,476.63579999999996,2.8884,696,pct_change_7
2025-12-01,7090.0,335.76,0.9034,0.013,A,0,12,1,49,4,0,1708.0,3864.0,4655.0,4864.0,5019.0,5157.0,3791.3333333333335,2047.9671221319363,3520.5714285714284,1812.8669612102258,3692.214285714286,1483.6266469272227,3678.7,1342.9753932580325,2435.0,0.523093447905478,0.5149354296571815,6405.106,92.17,700,pct_change_7
2025-12-04,5121.0,330.38,0.943,0.0066,A,3,12,4,49,4,0,5343.0,5783.0,498.0,4444.0,4402.0,4029.0,6072.0,908.6489971380581,4298.285714285715,2404.5438038767147,4021.5714285714284,1827.9222216362596,3968.2,1449.5156242095466,4623.0,5.0,0.5594192577485044,4829.103,33.7986,703,pct_change_7
2025-12-25,290.0,254.13,0.9161,0.0138,A,3,12,25,52,4,0,3276.0,4997.0,5070.0,5517.0,5121.0,498.0,4539.666666666667,1108.192371988436,4246.571428571428,1237.7735195560945,4450.642857142857,1224.6299665388929,4425.766666666666,1518.618489315846,-4780.0,-0.9428007889546351,0.2914759684078807,265.669,4.002,724,pct_change_7
2024-01-08,13645.0,343.62,0.8764,0.0144,B,0,1,8,2,1,0,5082.0,8264.0,4406.0,,,,8785.333333333334,3989.6287212387747,10327.857142857143,4362.852905633019,,,,,9239.0,2.096913300045393,0.4224354428305019,11958.478,196.488,7,pct_change_7
2024-03-31,2232.0,310.1,0.8758,0.0123,B,6,3,31,13,1,1,7230.0,10104.0,4417.0,4807.0,4416.0,5173.0,9260.0,1766.328395287803,9317.857142857143,2603.38660393031,9307.357142857143,2369.1935858542124,9223.666666666666,2260.952428747112,-2185.0,-0.494679646819108,0.2793975657725131,1954.7856000000002,27.4536,90,pct_change_7
2024-04-07,4791.0,357.03,0.8767,0.0156,B,6,4,7,14,2,1,8281.0,12811.0,2232.0,4417.0,4807.0,4416.0,11171.0,2510.3983747604657,10732.285714285714,4154.241676258365,10025.07142857143,3410.5515336578987,9475.7,2834.6452329262856,2559.0,1.146505376344086,0.38707893051418363,4200.2697,74.7396,97,pct_change_7
2024-06-03,13735.0,331.78,0.9582,0.0068,B,0,6,3,23,2,0,5200.0,7528.0,6576.0,12003.0,11156.0,13002.0,7807.0,2757.107723684371,8885.42857142857,2441.6433576004188,9006.0,2468.145208295239,9175.1,2665.568728213095,7159.0,1.0886557177615572,0.27479185027176006,13160.877,93.398,154,pct_change_7
2024-07-04,4858.0,342.55,0.8295,0.0194,B,3,7,4,27,3,0,11564.0,11789.0,11070.0,11249.0,10119.0,10749.0,12297.333333333334,1081.1837648306207,9985.285714285714,3149.0017314637807,9922.714285714286,2872.4126934197075,9853.766666666666,2707.255101584899,-6212.0,-0.5611562782294489,0.3153642090539861,4029.7110000000002,94.2452,185,pct_change_7
2024-07-11,11376.0,335.15,0.8201,0.0224,B,3,7,11,28,3,0,11288.0,12003.0,4858.0,11070.0,11249.0,10119.0,12385.333333333334,1330.3632336070161,9423.857142857143,3731.724687441065,9704.57142857143,3329.992994085621,9731.966666666667,2911.081011243586,6518.0,1.3417044051049816,0.3959869754890696,9329.4576,254.8224,192,pct_change_7
2024-09-02,4494.0,318.5,0.8756,0.0037,B,0,9,2,36,3,0,4494.0,6918.0,10563.0,10811.0,11125.0,13735.0,7124.333333333333,2739.3342865253494,8654.42857142857,2208.409899840658,8736.357142857143,2165.464121761736,8904.933333333332,2387.3866383389827,-6069.0,-0.5745526838966203,0.2551768590628185,3934.9464000000003,16.6278,245,pct_change_7
2024-09-03,4494.0,318.5,0.8756,0.047,B,1,9,3,36,3,0,4494.0,4494.0,10300.0,10138.0,9884.0,11490.0,5302.0,1399.497052515662,7787.428571428572,2505.5652627130244,8285.142857142857,2350.174849702844,8775.166666666666,2518.700610308375,-5806.0,-0.5636893203883495,0.3217448789072346,3934.9464000000003,211.218,246,pct_change_7
2024-09-04,4494.0,318.5,0.8756,0.0265,B,2,9,4,36,3,0,4494.0,4494.0,9587.0,9962.0,10032.0,10664.0,4494.0,0.0,6958.0,2496.168330328144,7882.0,2487.932876908048,8741.633333333333,2569.983677438208,-5093.0,-0.531240221132784,0.3587479635424179,3934.9464000000003,119.091,247,pct_change_7
2024-09-05,4494.0,318.5,0.8756,0.0284,B,3,9,5,36,3,0,4494.0,4494.0,8758.0,9427.0,9752.0,10556.0,4494.0,0.0,6230.428571428572,2339.4896777675212,7491.428571428572,2564.311714949749,8433.6,2503.802688601527,-4264.0,-0.4868691482073533,0.3754941816516325,3934.9464000000003,127.62960000000001,248,pct_change_7
2024-09-06,4494.0,318.5,0.8756,0.0184,B,4,9,6,36,3,0,4494.0,4494.0,9961.0,10178.0,9956.0,10462.0,4494.0,0.0,5621.285714285715,2116.146396501993,7139.071428571428,2616.280285628239,8200.4,2534.9230363070105,-5467.0,-0.5488404778636683,0.37645238190332536,3934.9464000000003,82.6896,249,pct_change_7
2024-09-12,9470.0,334.47,0.8249,0.0196,B,3,9,12,37,3,0,4494.0,4494.0,4494.0,8758.0,9427.0,9752.0,4494.0,0.0,4494.0,0.0,5362.214285714285,1826.986092261954,7273.4,2656.2492690465406,4976.0,1.107254116599911,0.0,7811.803,185.612,255,pct_change_7
2024-09-13,9247.0,323.5,0.8177,0.0232,B,4,9,13,37,3,0,9470.0,4494.0,4494.0,9961.0,10178.0,9956.0,6152.666666666667,2872.8949394875813,5204.857142857143,1880.751217693856,5413.071428571428,1935.4734846775953,7259.6,2643.262425162473,4753.0,1.057632398753894,0.36134540604536947,7561.2719,214.5304,256,pct_change_7
2024-09-14,6890.0,311.43,0.8725,0.0165,B,5,9,14,37,3,1,9247.0,9470.0,4494.0,6918.0,6535.0,6987.0,7737.0,2810.732822592715,5883.857142857143,2374.5057330295676,5362.071428571428,1811.8772442832799,7233.433333333333,2618.6418391236957,2396.0,0.5331553182020472,0.40356277784754835,6011.525000000001,113.685,257,pct_change_7
2024-09-16,10854.0,294.7,0.9852,0.0056,B,0,9,16,38,3,0,4298.0,6890.0,4494.0,4494.0,10563.0,10811.0,6811.666666666667,2475.4297270036477,6198.142857142857,2338.1651230948096,5346.071428571428,1817.9967193118073,6949.433333333333,2569.18580532798,6360.0,1.4152202937249667,0.377236404030324,10693.3608,60.7824,259,pct_change_7
2024-09-17,10294.0,332.22,0.8711,0.0153,B,1,9,17,38,3,0,10854.0,4298.0,4494.0,4494.0,10300.0,10138.0,7347.333333333333,3301.840294946645,7106.714285714285,2762.742762442503,5800.357142857143,2315.307775093092,7078.333333333333,2666.306554707859,5800.0,1.2906097018246552,0.3887510671416874,8967.1034,157.4982,260,pct_change_7
2024-09-18,9981.0,332.82,0.8365,0.0187,B,2,9,18,38,3,0,10294.0,10854.0,4494.0,4494.0,9587.0,9962.0,8482.0,3634.252605419717,7935.285714285715,2717.943015976445,6214.642857142857,2568.625061933163,7276.733333333334,2677.097269152857,5487.0,1.2209612817089452,0.34251356710236586,8349.1065,186.6447,261,pct_change_7
2024-11-28,1140.0,288.72,0.9739,0.0065,B,3,11,28,48,4,0,10294.0,10805.0,10987.0,11200.0,10939.0,9070.0,11117.333333333334,1016.1615685181637,10026.857142857143,2192.5819960776403,9925.714285714286,2224.4290686193312,9853.966666666667,2094.1457230086417,-9847.0,-0.8962410121052152,0.21867091201549385,1110.246,7.409999999999999,332,pct_change_7
2024-12-05,13248.0,324.64,0.8951,0.013,B,3,12,5,49,4,0,12987.0,14486.0,1140.0,10987.0,11200.0,10939.0,14646.666666666666,1745.554448687643,10806.714285714286,5354.510799761444,10416.785714285714,3951.609510032616,10146.8,3063.7890491890953,12108.0,5.0,0.495480000506697,11858.2848,172.224,339,pct_change_7
2024-12-25,716.0,327.76,0.8773,0.0116,B,2,12,25,52,4,0,7991.0,13590.0,12396.0,12672.0,12987.0,10294.0,9616.0,3460.570906656876,10701.57142857143,2371.730511472086,11072.285714285714,2182.1549133675317,11032.666666666666,3072.7357835326957,-11680.0,-0.9422394320748628,0.22162450882119583,628.1468,8.3056,359,pct_change_7
2024-12-26,716.0,327.76,0.8773,0.0116,B,3,12,26,52,4,0,716.0,7991.0,11604.0,12470.0,13248.0,1140.0,7432.333333333333,6455.156879064472,9033.0,4303.143579601613,10218.285714285714,3468.3907247858047,10648.1,3592.6990271938985,-10888.0,-0.9382971389176146,0.4763803364996804,628.1468,8.3056,360,pct_change_7
2024-12-27,716.0,327.76,0.8773,0.0116,B,4,12,27,52,4,0,716.0,716.0,12118.0,11852.0,12372.0,14038.0,3141.0,4200.223208354545,7477.571428571428,5110.923101787071,9378.714285714286,4222.116119610224,10311.8,4023.8348701293576,-11402.0,-0.9409143423007097,0.6835004052597194,628.1468,8.3056,361,pct_change_7
2025-01-01,4185.0,327.76,0.8773,0.007,B,2,1,1,1,1,0,8900.0,12031.0,716.0,12396.0,12672.0,12987.0,8493.666666666666,3757.0161476008266,5114.857142857143,4652.843375420039,7908.214285714285,4581.603350164841,10057.5,4115.262104611947,3469.0,4.844972067039106,0.9096722050033591,3671.5004999999996,29.295,366,pct_change_7
2025-01-02,13608.0,327.76,0.8773,0.0115,B,3,1,2,1,1,0,4185.0,8900.0,716.0,11604.0,12470.0,13248.0,8372.0,3949.5590893161766,5610.428571428572,4275.692180109241,7321.714285714285,4487.5084131666745,9648.1,4066.271691908174,12892.0,5.0,0.7620972490200567,11938.2984,156.492,367,pct_change_7
2025-01-03,13256.0,327.76,0.8773,0.0054,B,4,1,3,1,1,0,13608.0,4185.0,716.0,12118.0,11852.0,12372.0,8897.666666666666,4711.500433336852,7452.142857142857,4581.695444140408,7464.857142857143,4663.137535000399,9618.833333333334,4033.2763876952695,12540.0,5.0,0.6148158364609001,11629.4888,71.5824,368,pct_change_7
2025-01-08,11943.0,346.24,0.898,0.0144,B,2,1,8,2,1,0,11916.0,12566.0,4185.0,716.0,12396.0,12672.0,9874.333333333334,4112.050380690068,9829.0,3970.4574043805055,7471.928571428572,4821.920307931673,9510.966666666667,4064.5703296126867,7758.0,1.853763440860215,0.4039533425964498,10724.814,171.9792,373,pct_change_7
2025-04-27,4072.0,332.38,0.9437,0.0069,B,6,4,27,17,2,1,6159.0,8852.0,2388.0,3886.0,4054.0,3643.0,7829.333333333333,1458.6522317994004,7752.857142857143,2647.0728127859165,7815.857142857143,2293.33606035274,7912.166666666667,2147.2600838780677,1684.0,0.7051926298157454,0.3414319087801993,3842.7464,28.096799999999998,482,pct_change_7
2025-06-02,10900.0,336.33,0.9174,0.0104,B,0,6,2,23,2,0,4235.0,6279.0,5494.0,9698.0,9774.0,11371.0,6625.0,2580.456548752581,7667.428571428572,2284.0804756066455,7774.214285714285,2135.745633751326,7761.466666666666,2189.709786050742,5406.0,0.9839825263924281,0.29789393593021535,9999.66,113.36,518,pct_change_7
2025-06-15,6491.0,300.35,0.913,0.0218,B,6,6,15,24,2,1,6491.0,8477.0,4099.0,4235.0,3935.0,3930.0,7777.666666666667,1115.6923112280424,8020.428571428572,2072.4606837559472,8276.642857142857,2207.689206357653,7963.333333333333,2119.2950899204375,2392.0,0.5835569651134423,0.25839774836206886,5926.283,141.5038,531,pct_change_7
2025-06-23,10537.0,353.44,0.8375,0.0169,B,0,6,23,26,2,0,6491.0,6491.0,6491.0,10145.0,10900.0,5494.0,6491.0,0.0,6491.0,0.0,7426.571428571428,1363.503502818284,7566.133333333333,2001.8832294536478,4046.0,0.6233246032968726,0.0,8824.737500000001,178.07529999999997,539,pct_change_7
2025-07-04,4225.0,336.54,0.8206,0.0315,B,4,7,4,27,3,0,9631.0,9446.0,8513.0,6491.0,8477.0,9019.0,9811.666666666666,482.0957719512755,8231.57142857143,2481.4893953123224,8182.571428571428,2027.8965120873934,7909.266666666666,1864.429096927856,-4288.0,-0.5037002231880653,0.30145998450541045,3467.035,133.0875,550,pct_change_7
2025-07-11,8999.0,333.69,0.8809,0.0206,B,4,7,11,28,3,0,9242.0,9843.0,4225.0,8513.0,6491.0,8477.0,9777.0,505.24350564847583,7857.0,2946.813985759287,8044.285714285715,2624.442458843433,7824.566666666667,2044.4709067398592,4774.0,1.1299408284023669,0.37505587193067164,7927.2191,185.3794,557,pct_change_7
2025-09-08,10918.0,358.11,0.8798,0.0197,B,0,9,8,37,3,0,3944.0,6831.0,5837.0,10409.0,10515.0,10926.0,6967.666666666667,3094.264425244456,8374.285714285714,2828.4744836681507,8065.5,2500.3628582821484,8010.466666666666,2311.587284683966,5081.0,0.8704814116840843,0.33775710313335133,9605.6564,215.0846,616,pct_change_7
2025-11-27,1139.0,330.84,0.9553,0.0055,B,3,11,27,48,4,0,8880.0,9971.0,9641.0,9256.0,9482.0,8334.0,9814.333333333334,866.685833121386,8788.57142857143,1901.4012251620004,8640.285714285714,1990.8809193833765,8659.766666666666,1892.789142187154,-8502.0,-0.8818587283476818,0.21634929415042264,1088.0867,6.2645,696,pct_change_7
2025-12-04,11873.0,363.22,0.9464,0.0113,B,3,12,4,49,4,0,12181.0,12854.0,1139.0,9641.0,9256.0,9482.0,13185.666666666666,1205.2270878690092,9832.285714285714,4797.773605687179,9310.42857142857,3547.658354774001,9028.8,2777.1590221812558,10734.0,5.0,0.4879611664169101,11236.6072,134.1649,703,pct_change_7
2025-12-25,767.0,289.44,0.9893,0.0209,B,3,12,25,52,4,0,7474.0,11557.0,10806.0,11122.0,11873.0,1139.0,10336.0,2487.44507477049,9805.285714285714,2136.1207608096247,10096.214285714286,2006.2375493434415,10096.0,2835.6753133528273,-10039.0,-0.9290209143068665,0.21785400477391748,758.7931,16.0303,724,pct_change_7
2024-01-08,26843.0,372.41,0.8165,0.0174,C,0,1,8,2,1,0,10227.0,15373.0,8059.0,,,,17185.333333333332,8019.586917873848,21036.14285714286,9550.091647528334,,,,,18784.0,2.330810274227572,0.4539849207330128,21917.3095,467.0682,7,pct_change_7
2024-04-07,10086.0,341.6,0.8572,0.0117,C,6,4,7,14,2,1,15682.0,23967.0,5386.0,9721.0,10269.0,10137.0,21923.333333333332,5511.407291548449,21980.85714285714,8540.186637862414,20884.35714285714,7121.300060729439,21011.833333333332,6298.933161358704,4700.0,0.8726327515781657,0.3885283718627696,8645.7192,118.0062,97,pct_change_7
2024-05-05,16820.0,351.65,0.9428,0.0048,C,6,5,5,18,2,1,16820.0,26168.0,10148.0,10505.0,10515.0,10086.0,22795.0,5188.841778277699,22522.0,6515.940735355608,21486.428571428572,5984.66079900281,21021.266666666666,5585.611484034194,6672.0,0.6574694521087899,0.2893144807457423,15857.895999999999,80.73599999999999,125,pct_change_7
2024-05-12,8162.0,346.05,0.8539,0.0197,C,6,5,12,19,2,1,16820.0,16820.0,16820.0,10148.0,10505.0,10515.0,16820.0,0.0,16820.0,0.0,19671.0,5324.397517379501,20115.133333333335,5299.41959563259,-8658.0,-0.51474435196195,0.0,6969.5318,160.79139999999998,132,pct_change_7
2024-05-13,26132.0,346.11,0.6108,0.0302,C,0,5,13,20,2,0,8162.0,16820.0,16820.0,26280.0,26933.0,26959.0,13934.0,4998.6986306437875,15583.142857142857,3272.416407313861,19529.14285714286,5616.1000683768125,19611.033333333333,5692.2131656314905,9312.0,0.5536266349583828,0.20999720257418297,15961.4256,789.1864,133,pct_change_7
2024-05-15,25217.0,322.79,0.9411,0.0063,C,2,5,15,20,2,0,24354.0,26132.0,16820.0,27653.0,23098.0,23809.0,19549.333333333332,9901.709010738168,17989.714285714286,5899.969539872933,19459.0,5541.722115010826,20440.633333333335,5511.017732427143,8397.0,0.4992271105826397,0.32796349325892993,23731.7187,158.8671,135,pct_change_7
2024-05-27,12426.0,325.84,0.956,0.0041,C,0,5,27,22,2,0,8720.0,14687.0,26363.0,26132.0,16820.0,26280.0,15188.333333333334,6733.012871912056,20444.571428571428,6340.767194831199,20763.0,6036.355599455438,19631.0,5919.349888581368,-13937.0,-0.5286575882866138,0.31014429512422714,11879.256,50.946600000000004,147,pct_change_7
2024-06-03,30859.0,333.82,0.9607,0.0033,C,0,6,3,23,2,0,11620.0,17543.0,12426.0,26363.0,26132.0,16820.0,18063.333333333332,6718.628753944767,19856.85714285714,5977.828073488762,20150.714285714286,5928.078368481412,19080.066666666666,5546.164085597162,18433.0,1.4834218573957831,0.3010460331401987,29646.2413,101.8347,154,pct_change_7
2024-07-04,10669.0,342.87,0.9325,0.0066,C,3,7,4,27,3,0,25057.0,25366.0,22647.0,24554.0,22778.0,23898.0,26755.666666666668,2679.033843260188,21564.714285714286,6558.481778437382,21395.5,5990.147458696086,21415.833333333332,5840.883229640768,-11978.0,-0.52890007506513,0.3041302421883743,9948.8425,70.4154,185,pct_change_7
2024-07-11,22718.0,343.63,0.7426,0.0212,C,3,7,11,28,3,0,23820.0,24988.0,10669.0,22647.0,24554.0,22778.0,25446.333333333332,1897.4805225175437,19224.285714285714,7319.533630732793,20394.5,6786.338967140027,20856.433333333334,6092.81732966315,12049.0,1.129346705408192,0.3807441139565249,16870.3868,481.6216,192,pct_change_7
2024-09-09,25596.0,315.69,0.9496,0.0091,C,0,9,9,37,3,0,9931.0,14810.0,14620.0,23706.0,25018.0,24663.0,15642.666666666666,6170.2823544254,20041.85714285714,6934.524194890638,19836.071428571428,5730.618445136296,19415.1,5601.803147817363,10976.0,0.7507523939808481,0.34600207682660195,24305.9616,232.92360000000002,252,pct_change_7
2024-11-28,4617.0,303.16,0.8722,0.0128,C,3,11,28,48,4,0,20362.0,22639.0,22145.0,22691.0,22814.0,19779.0,22441.0,1987.4111300886202,19521.571428571428,4920.204530204757,19915.64285714286,5001.232349779757,19998.766666666666,4696.858874663546,-17528.0,-0.7915104989839693,0.2520393682551412,4026.9474,59.0976,332,pct_change_7
2024-12-05,27916.0,325.7,0.9853,0.0026,C,3,12,5,49,4,0,27916.0,27916.0,4617.0,22145.0,22691.0,22814.0,28984.333333333332,1850.4076127527906,19935.714285714286,9646.297661353206,19728.64285714286,7359.750869604038,19982.333333333332,6018.290067231165,23299.0,5.0,0.4838701800750444,27505.6348,72.5816,339,pct_change_7
2024-12-07,27916.0,350.65,0.8941,0.0066,C,5,12,7,49,4,1,27916.0,27916.0,15478.0,15453.0,15017.0,14642.0,27916.0,0.0,24434.285714285714,7179.935578037002,20605.214285714286,7936.201835004832,20381.833333333332,6335.2134933044745,12438.0,0.8035921953740793,0.29384675541545263,24959.6956,184.2456,341,pct_change_7
2024-12-08,27916.0,345.89,0.9072,0.0064,C,6,12,8,49,4,1,27916.0,27916.0,12777.0,10315.0,10343.0,10155.0,27916.0,0.0,26211.14285714286,6043.11703313696,21495.428571428572,8012.444308835961,20551.9,6469.806591736937,15139.0,1.1848634264694373,0.2305552667456519,25325.3952,178.66240000000002,342,pct_change_7
2024-12-22,10218.0,341.54,0.9892,0.0017,C,6,12,22,51,4,1,15030.0,21261.0,27916.0,27916.0,12777.0,10315.0,19202.666666666668,3613.743811248036,22816.285714285714,4425.903324531041,25366.14285714286,4005.347595732142,23097.666666666668,6465.834246696009,-17698.0,-0.6339733486172804,0.1939800097155997,10107.6456,17.3706,356,pct_change_7
2024-12-25,2980.0,328.13,0.8058,0.0123,C,2,12,25,52,4,0,12525.0,21749.0,23040.0,27916.0,27916.0,20362.0,14830.666666666666,6101.4805033969815,17877.14285714286,5169.519688474323,22562.14285714286,6116.9517780463975,23007.966666666667,6609.760580375427,-20060.0,-0.8706597222222222,0.2891692330135868,2401.284,36.654,359,pct_change_7
2025-01-01,8051.0,311.42,0.977,0.0051,C,2,1,1,1,1,0,18423.0,24280.0,2980.0,23040.0,27916.0,27916.0,17250.666666666668,7682.8779980768595,15895.857142857143,7562.954568786176,16886.5,6307.9468773676535,22719.666666666668,7052.775068079189,5071.0,1.7016778523489933,0.47578148827190586,7865.827,41.060100000000006,366,pct_change_7
2025-01-08,21787.0,354.55,0.8347,0.0117,C,2,1,8,2,1,0,22765.0,24129.0,8051.0,2980.0,23040.0,27916.0,18836.333333333332,8014.977562871494,18956.0,7569.851715852812,17425.928571428572,7440.953624412622,20522.166666666668,7211.14036647862,13736.0,1.7061234629238604,0.39933803101143767,18185.6089,254.9079,373,pct_change_7
2025-04-27,8841.0,337.75,0.8942,0.006,C,6,4,27,17,2,1,12973.0,20110.0,5287.0,9088.0,9941.0,8855.0,17632.666666666668,4038.084488137086,17811.0,6455.264828029899,18037.285714285714,5676.583580187748,18529.433333333334,5332.704267606359,3554.0,0.6722148666540572,0.3624313529857896,7905.6222,53.046,482,pct_change_7
2025-05-26,11190.0,345.64,0.8255,0.0293,C,0,5,26,22,2,0,8208.0,12838.0,23467.0,22991.0,25870.0,22607.0,13555.0,5739.189576935059,18201.571428571428,5554.058571805618,18491.285714285714,5191.369501076116,18365.0,5564.603322603596,-12277.0,-0.5231601823837729,0.30514170678072794,9237.345,327.867,511,pct_change_7
2025-06-02,25194.0,350.51,0.9022,0.0074,C,0,6,2,23,2,0,10378.0,14386.0,11190.0,23467.0,22991.0,25870.0,15273.0,5393.483011932086,17434.0,5342.552167893783,17817.785714285714,5250.67513869292,17889.0,5373.465946282902,14004.0,1.2514745308310993,0.3064444285817244,22730.0268,186.43560000000002,518,pct_change_7
2025-07-04,9765.0,342.43,0.9148,0.0059,C,4,7,4,27,3,0,22808.0,22759.0,20167.0,22220.0,20185.0,20051.0,23880.333333333332,1899.929033762394,19702.285714285714,6335.9998872654905,19237.785714285714,5593.315394682795,18924.1,5190.869114326512,-10402.0,-0.5157931273863242,0.32158704726687576,8933.021999999999,57.6135,550,pct_change_7
2025-07-11,20520.0,341.94,0.9111,0.0087,C,4,7,11,28,3,0,21044.0,23056.0,9765.0,20167.0,22220.0,20185.0,22460.0,1231.3959558159822,17922.0,6928.409533700105,18812.14285714286,6444.911407843014,18742.1,5557.493477124001,10755.0,1.1013824884792627,0.38658685044638463,18695.772,178.524,557,pct_change_7
2025-09-08,24144.0,356.51,0.8776,0.0083,C,0,9,8,37,3,0,8886.0,13889.0,13562.0,22728.0,23655.0,23530.0,14609.0,6114.874405905655,18537.428571428572,6362.7676854531965,18193.14285714286,5610.450603830495,17864.466666666667,5343.481279887267,10582.0,0.7802683969915941,0.34323895900319334,21188.774400000002,200.3952,616,pct_change_7
2025-11-27,4646.0,323.83,0.9828,0.0029,C,3,11,27,48,4,0,19063.0,21420.0,21595.0,22966.0,24607.0,20624.0,21176.0,2002.1820596539606,18708.571428571428,4757.99176323872,19390.928571428572,4920.685872522634,20274.1,5133.807603221662,-16949.0,-0.784857605927298,0.25432149009370064,4566.0888,13.4734,696,pct_change_7
2025-12-04,23955.0,369.18,0.8786,0.0096,C,3,12,4,49,4,0,25483.0,25221.0,4646.0,21595.0,22966.0,24607.0,26970.666666666668,2806.67175375633,18448.714285714286,9199.221845973085,18578.64285714286,7037.380135414711,20033.633333333335,6210.719107030745,19309.0,4.156048213517004,0.49863755834174733,21046.863,229.968,703,pct_change_7
2025-12-25,2950.0,298.5,0.921,0.0173,C,3,12,25,52,4,0,12669.0,19215.0,20586.0,20904.0,23955.0,4646.0,18082.666666666668,4945.694120478288,17018.14285714286,4732.379085568265,17922.5,4790.663752791219,18694.9,5908.159386347215,-17636.0,-0.8566987272903915,0.2780784675092787,2716.9500000000003,51.035,724,pct_change_7
2024-01-08,14534.0,342.29,0.8734,0.0127,D,0,1,8,2,1,0,5721.0,8137.0,4380.0,,,,9255.666666666666,4207.065168657758,11185.57142857143,4956.933926570028,,,,,10154.0,2.3182648401826484,0.4431542865935733,12693.9956,184.5818,7,pct_change_7
2024-04-07,5268.0,319.8,0.9318,0.006,D,6,4,7,14,2,1,8154.0,12231.0,2613.0,4838.0,5239.0,4945.0,11213.666666666666,2698.8564862425214,11025.0,4211.3859951327195,10216.785714285714,3543.2520737652517,10159.733333333334,3017.0425680575463,2655.0,1.0160734787600458,0.3819851242750766,4908.7224,31.608,97,pct_change_7
2024-05-27,7115.0,300.51,0.9834,0.0037,D,0,5,27,22,2,0,4597.0,7735.0,14445.0,14327.0,16467.0,14093.0,7887.333333333333,3369.0839012012307,10923.142857142857,3503.284146272439,11193.785714285714,3304.142904773464,11459.066666666668,3674.3390485471214,-7330.0,-0.507442021460713,0.32072126054650774,6996.8910000000005,26.3255,147,pct_change_7
2024-06-03,16967.0,317.35,0.9672,0.0038,D,0,6,3,23,2,0,6378.0,8898.0,7115.0,14445.0,14327.0,16467.0,9285.666666666666,3119.61797874889,10699.0,3190.0885045193754,10811.07142857143,3221.0106742661173,11064.033333333333,3479.1591778844313,9852.0,1.384680252986648,0.2981669786446748,16410.4824,64.4746,154,pct_change_7
2024-07-04,5646.0,314.01,0.9838,0.0044,D,3,7,4,27,3,0,13425.0,13545.0,11805.0,12331.0,11891.0,13225.0,13873.666666666666,675.8589596456798,11152.0,3405.2599998629566,10961.92857142857,3160.951742368493,11341.866666666667,3196.5700338971455,-6159.0,-0.521728081321474,0.3053497130436654,5554.5348,24.8424,185,pct_change_7
2024-07-11,12672.0,322.12,0.757,0.0264,D,3,7,11,28,3,0,13401.0,13952.0,5646.0,11805.0,12331.0,11891.0,14190.333333333334,931.651401186796,10654.0,4062.892278496522,10903.0,3610.7249431914097,11007.8,3264.9165844548415,7026.0,1.2444208289054197,0.381349003050171,9592.704,334.5408,192,pct_change_7
2024-09-09,14479.0,294.78,0.9939,0.0044,D,0,9,9,37,3,0,5576.0,8469.0,8285.0,14013.0,13784.0,13286.0,8891.666666666666,3545.9433629618625,11236.285714285714,3790.613833945003,10948.0,3255.5934352103304,10667.1,3117.8834481987465,6194.0,0.7476161738080869,0.3373547033541209,14390.6781,63.707600000000006,252,pct_change_7
2024-11-28,2260.0,290.47,0.9702,0.006,D,3,11,28,48,4,0,10615.0,11483.0,12946.0,12682.0,13128.0,10330.0,11761.666666666666,1308.4484450421858,10705.57142857143,2757.4763738572533,11106.42857142857,2849.135758686931,11226.933333333332,2699.602690222667,-10686.0,-0.825428703846748,0.2575739550434456,2192.652,13.56,332,pct_change_7
2024-12-05,14443.0,297.88,0.9405,0.0089,D,3,12,5,49,4,0,15058.0,15810.0,2260.0,12946.0,12682.0,13128.0,15857.0,823.5065269929897,10752.57142857143,5413.375898554212,10729.07142857143,4127.372221649503,11155.966666666667,3410.680804557163,12183.0,5.0,0.5034494245878658,13583.6415,128.5427,339,pct_change_7
2024-12-25,1727.0,308.86,0.8358,0.0204,D,2,12,25,52,4,0,6883.0,12297.0,13390.0,13473.0,15058.0,10615.0,8442.0,3358.803507203116,10398.0,2927.7070664031025,10915.785714285714,2916.749987402243,11176.1,3480.012191318317,-11663.0,-0.8710231516056759,0.28156444185450114,1443.4266,35.2308,359,pct_change_7
2025-01-01,4643.0,301.27,0.9717,0.0058,D,2,1,1,1,1,0,9246.0,12699.0,1727.0,13390.0,13473.0,15058.0,8901.666666666666,3980.685158780245,8460.857142857143,4004.9563222159036,9429.42857142857,3516.9992829177554,11050.9,3639.497221339496,2916.0,1.6884771279675739,0.4733511338856469,4511.6031,26.929399999999998,366,pct_change_7
2025-01-08,12544.0,330.17,0.9011,0.0092,D,2,1,8,2,1,0,13309.0,13912.0,4643.0,1727.0,13390.0,13473.0,11013.333333333334,4508.51708806048,10898.42857142857,4308.75120567212,9679.642857142857,4191.807148513601,10544.9,3602.5976868231382,7901.0,1.7017014861081197,0.39535527323342606,11303.3984,115.4048,373,pct_change_7
2025-04-27,4731.0,312.2,0.9346,0.008,D,6,4,27,17,2,1,7021.0,10533.0,2598.0,4564.0,4959.0,4434.0,9263.0,1947.3376697429685,9216.142857142857,3320.6396185359317,9190.57142857143,2877.505375635855,9492.8,2722.177112989297,2133.0,0.8210161662817552,0.36030687349451307,4421.5926,37.848,482,pct_change_7
2025-05-26,5637.0,330.61,0.8419,0.0235,D,0,5,26,22,2,0,4175.0,6494.0,11889.0,11908.0,13084.0,11990.0,6986.666666666667,3087.621144721815,9337.57142857143,2857.127920199046,9430.57142857143,2654.5385435365083,9399.366666666667,2830.26808140919,-6252.0,-0.5258642442593995,0.30598190782848583,4745.7903,132.4695,511,pct_change_7
2025-06-02,13042.0,321.05,0.9315,0.0084,D,0,6,2,23,2,0,4993.0,7151.0,5637.0,11889.0,11908.0,13084.0,7476.333333333333,2660.9579728611407,8681.714285714286,2690.1888852077313,9009.642857142857,2687.682690953827,9119.633333333333,2786.094058408444,7405.0,1.313642008160369,0.3098683965716797,12148.623,109.55279999999999,518,pct_change_7
2025-07-04,4704.0,327.46,0.9377,0.0074,D,4,7,4,27,3,0,11313.0,11437.0,9834.0,11804.0,10094.0,10294.0,11712.666666666666,588.132921484088,9610.0,3054.342482433818,9500.642857142857,2783.0024076703476,9535.9,2620.5972910901332,-5130.0,-0.5216595485051861,0.31782960275065747,4410.9408,34.8096,550,pct_change_7
2025-07-11,10320.0,325.82,0.9178,0.0117,D,4,7,11,28,3,0,11055.0,11996.0,4704.0,9834.0,11804.0,10094.0,11546.0,471.83789589228775,9179.0,3750.431619605044,9394.5,3293.5675712142147,9419.5,2842.4244113929817,5616.0,1.1938775510204083,0.40858825793714393,9471.696,120.744,557,pct_change_7
2025-08-31,10141.0,305.78,0.9752,0.0222,D,6,8,31,35,3,1,10141.0,10141.0,4317.0,4818.0,4529.0,5115.0,10141.0,0.0,9531.42857142857,2371.433592937881,9449.785714285714,2359.4248705522004,9566.033333333333,2436.2627184549096,5824.0,1.3490850127403289,0.2488014860696218,9889.5032,225.1302,608,pct_change_7
2025-09-07,4899.0,336.43,0.9055,0.009,D,6,9,7,36,3,1,7234.0,10141.0,10141.0,4317.0,4818.0,4529.0,9172.0,1678.3572325342395,9725.714285714286,1098.742723037815,9628.57142857143,1778.4546322920137,9460.7,2117.3826092119207,-5242.0,-0.5169115471846958,0.11297295918426417,4436.0445,44.090999999999994,615,pct_change_7
2025-11-27,2225.0,303.2,0.9698,0.0048,D,3,11,27,48,4,0,9744.0,11292.0,11764.0,11036.0,11032.0,9187.0,11130.0,1312.519714137675,10056.0,2553.96273791664,10198.142857142857,2525.7599269905363,10124.9,2437.9956486340525,-9539.0,-0.8108636518191091,0.2539740192836754,2157.805,10.68,696,pct_change_7
2025-12-04,13092.0,349.12,0.919,0.0095,D,3,12,4,49,4,0,14302.0,14196.0,2225.0,11764.0,11036.0,11032.0,14667.666666666666,727.0861938817729,9936.0,5029.444071333,9996.0,3832.6391790674884,10267.666666666666,3135.4552145260823,10867.0,4.884044943820225,0.5061839846349637,12031.548,124.374,703,pct_change_7
2025-12-25,1667.0,291.03,0.9952,0.0096,D,3,12,25,52,4,0,6700.0,10599.0,11694.0,11779.0,13092.0,2225.0,9776.333333333334,2758.5884675560687,9554.285714285714,2506.5011280192753,10049.5,2562.8869163804075,10370.866666666667,3220.2978629991244,-10027.0,-0.8574482640670429,0.26234312045656294,1658.9984,16.0032,724,pct_change_7
2024-01-01,2147.0,302.45,0.9855,0.0037,A,0,1,1,1,1,0,,,,,,,,,,,,,,,,0.0,0.0,2115.8685,7.9439,0,volatility_ratio
2024-01-02,7458.0,349.22,0.5213,0.1136,A,1,1,2,1,1,0,2147.0,,,,,,,,,,,,,,,0.0,0.0,3887.8554,847.2288000000001,1,volatility_ratio
2024-01-03,6882.0,331.07,0.7046,0.0432,A,2,1,3,1,1,0,7458.0,2147.0,,,,,,,,,,,,,,0.0,0.0,4849.0572,297.30240000000003,2,volatility_ratio
2024-01-04,6208.0,341.8,0.72,0.0403,A,3,1,4,1,1,0,6882.0,7458.0,,,,,5495.666666666667,2914.295855491225,,,,,,,,0.0,0.0,4469.76,250.18240000000003,3,volatility_ratio
2024-01-05,6190.0,334.56,0.8063,0.0291,A,4,1,5,1,1,0,6208.0,6882.0,,,,,6849.333333333333,625.6399390490757,,,,,,,,0.0,0.0,4990.997,180.12900000000002,4,volatility_ratio
2024-01-06,3529.0,323.18,0.9673,0.0034,A,5,1,6,1,1,1,6190.0,6208.0,,,,,6426.666666666667,394.4329262794006,,,,,,,,0.0,0.0,3413.6017,11.9986,5,volatility_ratio
2024-01-07,1611.0,269.32,0.9707,0.0056,A,6,1,7,1,1,1,3529.0,6190.0,,,,,5309.0,1541.5514911932062,,,,,,,,0.0,0.0,1563.7977,9.0216,6,volatility_ratio
2024-06-10,5283.0,323.7,0.9396,0.0052,A,0,6,10,24,2,0,5283.0,5283.0,6408.0,3209.0,5564.0,4971.0,5283.0,0.0,5524.857142857143,443.2427583809313,4833.714285714285,1219.909733644976,4373.266666666666,1376.3652265229618,-1125.0,-0.175561797752809,0.08022700803295545,4963.9068,27.4716,161,volatility_ratio
2024-06-11,5402.0,310.34,0.9398,0.0071,A,1,6,11,24,2,0,5283.0,5283.0,5851.0,5473.0,4684.0,4903.0,5283.0,0.0,5364.142857142857,214.6838206692276,4981.857142857143,1130.05274602171,4432.3,1376.1307864368503,-449.0,-0.07673901897111605,0.04002201775505588,5076.7996,38.3542,162,volatility_ratio
2024-06-12,4978.0,306.48,0.9593,0.0051,A,2,6,12,24,2,0,5402.0,5283.0,5283.0,4810.0,4715.0,4703.0,5322.666666666667,68.704682033568,5300.0,44.97777228803493,4976.785714285715,1127.8361977747422,4574.633333333333,1236.7771935303356,-305.0,-0.05773234904410373,0.00848637212981791,4775.3954,25.387800000000002,163,volatility_ratio
2024-06-13,4820.0,291.2,0.9156,0.0264,A,3,6,13,24,2,0,4978.0,5402.0,5283.0,4931.0,4794.0,4650.0,5221.0,218.6938499363909,5256.428571428572,130.53972210638952,4988.785714285715,1126.8184058579352,4574.866666666667,1236.8552094709362,-463.0,-0.08763959871285254,0.024834299626164603,4413.192,127.248,164,volatility_ratio
2024-06-14,4965.0,282.76,0.9338,0.0175,A,4,6,14,24,2,0,4820.0,4978.0,5283.0,5264.0,4786.0,5039.0,5066.666666666667,300.9606840325403,5190.285714285715,208.7196798624872,4980.857142857143,1127.6464842345724,4572.1,1236.1885625053148,-318.0,-0.060193072118114706,0.04021352413953017,4636.317,86.8875,165,volatility_ratio
2024-06-15,3358.0,305.9,0.9705,0.0063,A,5,6,15,24,2,1,4965.0,4820.0,5283.0,3678.0,3502.0,3620.0,4921.0,87.70974860300169,5144.857142857143,219.50507099033183,4959.5,1124.6989853699995,4580.833333333333,1238.0692722899219,-1925.0,-0.3643763013439334,0.04266494965658696,3258.9390000000003,21.1554,166,volatility_ratio
2024-09-10,6173.0,329.62,0.8846,0.0103,A,1,9,10,37,3,0,6173.0,6173.0,6860.0,4875.0,4813.0,4601.0,6173.0,0.0,6271.142857142857,259.6615929573559,5051.357142857143,1504.2447942734918,4467.2,1497.3660414437604,-687.0,-0.10014577259475219,0.04140578501757463,5460.6358,63.5819,253,volatility_ratio
2024-09-11,6173.0,329.62,0.8846,0.0103,A,2,9,11,37,3,0,6173.0,6173.0,6173.0,4471.0,4550.0,4587.0,6173.0,0.0,6173.0,0.0,5144.071428571428,1532.2788189885277,4625.0,1414.3815512137378,0.0,0.0,0.0,5460.6358,63.5819,254,volatility_ratio
2024-09-12,6173.0,329.62,0.8846,0.0103,A,3,9,12,37,3,0,6173.0,6173.0,6173.0,4425.0,4449.0,4617.0,6173.0,0.0,6173.0,0.0,5265.642857142857,1542.2554216841918,4667.566666666667,1441.7695708407373,0.0,0.0,0.0,5460.6358,63.5819,255,volatility_ratio
2024-09-13,6173.0,329.62,0.8846,0.0103,A,4,9,13,37,3,0,6173.0,6173.0,6173.0,4596.0,4715.0,4673.0,6173.0,0.0,6173.0,0.0,5390.5,1539.718743047673,4719.966666666666,1467.6019728028084,0.0,0.0,0.0,5460.6358,63.5819,256,volatility_ratio
2024-09-14,6173.0,329.62,0.8846,0.0103,A,5,9,14,37,3,1,6173.0,6173.0,6173.0,3305.0,3182.0,3511.0,6173.0,0.0,6173.0,0.0,5503.142857142857,1534.8008568963166,4772.833333333333,1491.02591580736,0.0,0.0,0.0,5460.6358,63.5819,257,volatility_ratio
2024-09-15,6173.0,329.62,0.8846,0.0103,A,6,9,15,37,3,1,6173.0,6173.0,6173.0,1500.0,1514.0,1469.0,6173.0,0.0,6173.0,0.0,5708.0,1404.7261983417586,4824.7,1512.3294238382307,0.0,0.0,0.0,5460.6358,63.5819,258,volatility_ratio
2024-09-16,6173.0,329.62,0.8846,0.0103,A,0,9,16,38,3,0,6173.0,6173.0,6173.0,3649.0,5193.0,5088.0,6173.0,0.0,6173.0,0.0,6041.785714285715,712.6065025471809,4874.7,1531.8117321520285,0.0,0.0,0.0,5460.6358,63.5819,259,volatility_ratio
2024-09-17,5083.0,326.15,0.8595,0.0147,A,1,9,17,38,3,0,6173.0,6173.0,6173.0,6860.0,4875.0,4813.0,6173.0,0.0,6173.0,0.0,6222.071428571428,183.60847319383004,4963.433333333333,1527.186565468378,-1090.0,-0.17657540903936497,0.0,4368.8385,74.7201,260,volatility_ratio
2024-09-18,4853.0,326.24,0.8721,0.0149,A,2,9,18,38,3,0,5083.0,6173.0,6173.0,6173.0,4471.0,4550.0,5809.666666666667,629.3117934166759,6017.285714285715,411.98127558006536,6095.142857142857,291.314753684539,5083.9,1377.210207329434,-1320.0,-0.2138344403045521,0.0684662977863882,4232.3013,72.3097,261,volatility_ratio
2024-11-29,6986.0,280.51,0.9065,0.0305,A,4,11,29,48,4,0,545.0,5067.0,5335.0,5065.0,5549.0,5336.0,3696.6666666666665,2737.148577138872,4069.5714285714284,2139.4715747229743,4340.785714285715,1780.7572796456536,4381.7,1512.8719696496853,1651.0,0.3094657919400187,0.5257240503759898,6332.809,213.073,333,volatility_ratio
2024-11-30,4936.0,327.42,0.9594,0.0055,A,5,11,30,48,4,1,6986.0,545.0,4064.0,3616.0,3716.0,3772.0,4199.333333333333,3307.000806370229,4305.428571428572,2379.7366000703255,4478.0,1910.1618537946745,4475.5,1584.9411769787384,872.0,0.21456692913385828,0.552729318484713,4735.5984,27.148,334,volatility_ratio
2024-12-01,2101.0,323.73,0.9739,0.0046,A,6,12,1,48,4,1,4936.0,6986.0,1713.0,1716.0,1577.0,1392.0,4155.666666666667,3290.639806076221,4430.0,2387.8017784844124,4572.285714285715,1896.8719363354876,4495.933333333333,1586.8576176993838,388.0,0.22650321074138938,0.5390071734727793,2046.1639,9.6646,335,volatility_ratio
2024-12-02,8302.0,323.3,0.9752,0.0026,A,0,12,2,49,4,0,2101.0,4936.0,6285.0,5782.0,5406.0,5837.0,4674.333333333333,2452.9896724881132,4485.428571428572,2317.693886685846,4599.785714285715,1854.5971645770253,4388.1,1636.928881188477,2017.0,0.32092283214001593,0.5167162623989082,8096.1104,21.5852,336,volatility_ratio
2024-12-03,7285.0,316.96,0.9569,0.005,A,1,12,3,49,4,0,8302.0,2101.0,5478.0,5221.0,4961.0,4874.0,5113.0,3104.286874629985,4773.571428571428,2676.3409634015147,4779.785714285715,2086.016785040937,4539.1,1780.754902881898,1807.0,0.3298649142022636,0.5606579902382345,6971.0165,36.425000000000004,337,volatility_ratio
2024-12-04,6329.0,329.58,0.9508,0.0077,A,2,12,4,49,4,0,7285.0,8302.0,5067.0,5562.0,4860.0,4695.0,5896.0,3325.6715111387634,5031.714285714285,2837.8805303891677,4927.214285714285,2189.945456945356,4735.533333333334,1746.3232258649548,1262.0,0.2490625616735741,0.5639987426246146,6017.6132,48.7333,338,volatility_ratio
2024-12-05,6112.0,311.71,0.9025,0.0143,A,3,12,5,49,4,0,6329.0,7285.0,545.0,5322.0,5290.0,4920.0,7305.333333333333,986.6571508549954,5212.0,2880.265612751713,4982.0,2216.4806476796634,4751.933333333333,1759.2860803870578,5567.0,5.0,0.5526219517942658,5516.08,87.4016,339,volatility_ratio
2024-12-26,5361.0,314.83,0.882,0.0164,A,3,12,26,52,4,0,294.0,4112.0,5932.0,6192.0,6112.0,545.0,3576.3333333333335,3049.9859562518245,4244.142857142857,2239.433814499505,4874.357142857143,2005.356235651942,5140.5,2067.5719184422583,-571.0,-0.09625758597437627,0.5276527887675969,4728.402,87.9204,360,volatility_ratio
2024-12-27,5443.0,280.98,0.9291,0.0115,A,4,12,27,52,4,0,5361.0,294.0,6055.0,6005.0,6090.0,6986.0,3255.6666666666665,2639.811041217413,4162.571428571428,2177.242664253944,4815.0,1975.4300408148704,5136.6,2067.023623974562,-612.0,-0.10107349298100743,0.5230523251347934,5057.0913,62.5945,361,volatility_ratio
2024-12-28,3611.0,317.73,0.864,0.0152,A,5,12,28,52,4,1,5443.0,5361.0,4701.0,4610.0,4323.0,4936.0,3699.3333333333335,2949.3901629545985,4075.1428571428573,2099.484812088544,4774.857142857143,1954.9923020561732,5149.133333333333,2067.7268667312574,-1090.0,-0.2318655605190385,0.5151929357295032,3119.904,54.8872,362,volatility_ratio
2024-12-29,1443.0,331.58,0.9239,0.0112,A,6,12,29,52,4,1,3611.0,5443.0,2292.0,2099.0,2007.0,2101.0,4805.0,1034.8468485722924,3919.4285714285716,2085.706183937296,4703.5,1979.5499391372919,5251.333333333333,1901.3951562549657,-849.0,-0.3704188481675393,0.5321454762925015,1333.1877000000002,16.1616,363,volatility_ratio
2024-12-30,6201.0,324.73,0.9676,0.0035,A,0,12,30,1,4,0,1443.0,3611.0,6323.0,6945.0,7094.0,8302.0,3499.0,2002.3506186479988,3798.1428571428573,2216.6876511717055,4656.642857142857,2052.367023974731,5066.566666666667,1994.0772247234777,-122.0,-0.019294638620907797,0.5836240853876683,6000.0876,21.703500000000002,364,volatility_ratio
2024-12-31,4846.0,311.67,0.9092,0.0144,A,1,12,31,1,4,0,6201.0,1443.0,4112.0,6472.0,6604.0,7285.0,3751.6666666666665,2382.116985652332,3780.714285714286,2193.889902607215,4603.5,1997.453330541743,5108.733333333334,2004.5682815514829,734.0,0.17850194552529183,0.5802845009730022,4405.9832,69.7824,365,volatility_ratio
2025-01-01,2196.0,291.4,0.9504,0.0089,A,2,1,1,1,1,0,4846.0,6201.0,294.0,6209.0,6715.0,6329.0,4163.333333333333,2451.3600986663196,3885.5714285714284,2229.612661214411,4487.357142857143,1926.4619466441907,5200.233333333334,1923.5556817829588,1902.0,5.0,0.573818472315191,2087.0784,19.5444,366,volatility_ratio
2025-06-16,4523.0,327.34,0.8785,0.0135,A,0,6,16,25,2,0,4523.0,4523.0,4907.0,5596.0,2721.0,4707.0,4523.0,0.0,4568.428571428572,151.30857779479854,4341.857142857143,982.3247040443468,3891.8333333333335,1223.8065286393262,-384.0,-0.07825555329121663,0.03312048671201694,3973.4554999999996,61.0605,532,volatility_ratio
2025-06-17,4523.0,327.34,0.8785,0.0135,A,1,6,17,25,2,0,4523.0,4523.0,4457.0,4963.0,4971.0,4656.0,4523.0,0.0,4513.571428571428,24.94565521856639,4265.214285714285,916.6076401242001,3945.766666666667,1214.4338452002323,66.0,0.014808166928427194,0.005526810777970082,3973.4554999999996,61.0605,533,volatility_ratio
2025-06-18,4523.0,327.34,0.8785,0.0135,A,2,6,18,25,2,0,4523.0,4523.0,4523.0,4611.0,4602.0,4287.0,4523.0,0.0,4523.0,0.0,4233.785714285715,898.2000957959763,4054.4,1107.3099930415406,0.0,0.0,0.0,3973.4554999999996,61.0605,534,volatility_ratio
2025-06-19,3889.0,327.77,0.9698,0.0023,A,3,6,19,25,2,0,4523.0,4523.0,4523.0,4617.0,4264.0,4307.0,4523.0,0.0,4523.0,0.0,4227.5,895.6615732776207,4048.266666666667,1104.0754888400852,-634.0,-0.14017245191244748,0.0,3771.5522,8.9447,535,volatility_ratio
2025-06-20,4593.0,307.09,0.9045,0.0141,A,4,6,20,25,2,0,3889.0,4523.0,4523.0,4443.0,4437.0,4282.0,4311.666666666667,366.0400706662481,4432.428571428572,239.6294758878425,4175.5,892.4357981648552,4022.7,1098.3830482530482,70.0,0.015476453681185054,0.054062794701869255,4154.3685,64.7613,536,volatility_ratio
2025-06-21,2897.0,299.17,0.9563,0.0093,A,5,6,21,25,2,1,4593.0,3889.0,4523.0,3154.0,3014.0,2910.0,4335.0,387.8298596034326,4442.428571428572,245.4294583940885,4186.214285714285,896.7841845317981,4032.9,1102.335775555238,-1626.0,-0.3594959097943843,0.055246686457170124,2770.4011,26.942099999999996,537,volatility_ratio
2025-11-28,5802.0,270.24,0.9708,0.0028,A,4,11,28,48,4,0,498.0,3825.0,4409.0,4469.0,4446.0,3884.0,2871.6666666666665,2068.8746538476844,3181.1428571428573,1607.4194047780793,3514.5714285714284,1414.7419288600693,3675.633333333333,1232.0014129899407,1393.0,0.3159446586527557,0.5052962023282986,5632.5815999999995,16.2456,697,volatility_ratio
2025-11-29,3864.0,314.4,0.9491,0.0053,A,5,11,29,48,4,1,5802.0,498.0,3132.0,3003.0,3451.0,2914.0,3375.0,2680.4811135316804,3380.1428571428573,1852.333431879131,3609.785714285714,1524.515215685671,3753.0666666666666,1290.8148972066394,732.0,0.23371647509578544,0.5480044809244713,3667.3224,20.4792,698,volatility_ratio
2025-11-30,1708.0,313.85,0.8753,0.0118,A,6,11,30,48,4,1,3864.0,5802.0,1457.0,1415.0,1477.0,1460.0,3388.0,2683.8472385737673,3484.714285714286,1856.6471316404068,3671.285714285714,1515.4941021417271,3751.233333333333,1290.6101386108317,251.0,0.17227179135209333,0.5327975206609621,1495.0123999999998,20.1544,699,volatility_ratio
2025-12-01,7090.0,335.76,0.9034,0.013,A,0,12,1,49,4,0,1708.0,3864.0,4655.0,4864.0,5019.0,5157.0,3791.3333333333335,2047.9671221319363,3520.5714285714284,1812.8669612102258,3692.214285714286,1483.6266469272227,3678.7,1342.9753932580325,2435.0,0.523093447905478,0.5149354296571815,6405.106,92.17,700,volatility_ratio
2025-12-02,5783.0,343.91,0.8387,0.0213,A,1,12,2,49,4,0,7090.0,1708.0,4292.0,4432.0,4341.0,4378.0,4220.666666666667,2708.669291983309,3868.4285714285716,2248.176287359958,3851.214285714286,1719.4108194186908,3817.9,1471.27444988913,1491.0,0.3473904939422181,0.581160087577817,4850.2021,123.1779,701,volatility_ratio
2025-12-03,5343.0,336.69,0.9015,0.0116,A,2,12,3,49,4,0,5783.0,7090.0,3825.0,4309.0,4263.0,4446.0,4860.333333333333,2807.1277728905307,4081.4285714285716,2362.709169374769,3947.714285714286,1790.9380622615433,3962.0,1443.8190258167226,1518.0,0.3968627450980392,0.5788926911313749,4816.7145,61.97879999999999,702,volatility_ratio
2025-12-04,5121.0,330.38,0.943,0.0066,A,3,12,4,49,4,0,5343.0,5783.0,498.0,4444.0,4402.0,4029.0,6072.0,908.6489971380581,4298.285714285715,2404.5438038767147,4021.5714285714284,1827.9222216362596,3968.2,1449.5156242095466,4623.0,5.0,0.5594192577485044,4829.103,33.7986,703,volatility_ratio
2025-12-26,4024.0,329.72,0.7901,0.0313,A,4,12,26,52,4,0,290.0,3276.0,4977.0,4989.0,5183.0,5802.0,2854.3333333333335,2381.6620947005435,3563.714285714286,1866.5862525196153,4077.285714285714,1610.5095910478565,4292.366666666667,1696.1687758274375,-953.0,-0.1914808117339763,0.523775505798016,3179.3624,125.9512,725,volatility_ratio
2025-12-27,3194.0,318.87,0.9046,0.0125,A,5,12,27,52,4,1,4024.0,290.0,4104.0,3926.0,3698.0,3864.0,2530.0,1975.6204088842705,3427.5714285714284,1779.0263120728707,4008.3571428571427,1588.9942444172664,4299.0,1694.6664405798504,-910.0,-0.22173489278752437,0.5190340592885465,2889.2924,39.925000000000004,726,volatility_ratio
2025-12-28,1269.0,298.36,0.9897,0.0008,A,6,12,28,52,4,1,3194.0,4024.0,1956.0,2057.0,1787.0,1708.0,2502.6666666666665,1960.6492122083916,3297.5714285714284,1754.4375981248986,3956.0714285714284,1603.886072315307,4388.866666666667,1551.5962799942336,-687.0,-0.3512269938650307,0.5320393010819343,1255.9293,1.0152,727,volatility_ratio
2025-12-29,5186.0,334.15,0.8176,0.0166,A,0,12,29,1,4,0,1269.0,3194.0,5346.0,5530.0,5893.0,7090.0,2829.0,1413.3028691685477,3199.4285714285716,1858.1429669738175,3899.785714285714,1687.3143056153037,4237.766666666666,1628.070206978363,-160.0,-0.029928918817807706,0.5807733867126594,4240.0736,86.0876,728,volatility_ratio
2025-12-30,4753.0,332.86,0.9001,0.0078,A,1,12,30,1,4,0,5186.0,1269.0,4997.0,5153.0,5274.0,5783.0,3216.3333333333335,1958.5955001820505,3176.5714285714284,1828.0778481912616,3875.214285714286,1664.0932009111357,4281.833333333333,1635.4789888557111,-244.0,-0.04882929757854713,0.5754877197939752,4278.1753,37.0734,729,volatility_ratio
2025-12-31,3991.0,333.31,0.7732,0.0236,A,2,12,31,1,4,0,4753.0,5186.0,3276.0,5411.0,5303.0,5343.0,3736.0,2147.426133770388,3141.714285714286,1789.5005554889365,3846.6428571428573,1643.7766836508763,4383.333333333333,1563.1231630900031,715.0,0.21825396825396826,0.5695936653520624,3085.8412,94.1876,730,volatility_ratio
2024-01-01,4406.0,301.02,0.9785,0.0057,B,0,1,1,1,1,0,,,,,,,,,,,,,,,,0.0,0.0,4311.271,25.1142,0,volatility_ratio
2024-01-02,14914.0,356.37,0.565,0.132,B,1,1,2,1,1,0,4406.0,,,,,,,,,,,,,,,0.0,0.0,8426.41,1968.6480000000001,1,volatility_ratio
2024-01-03,14132.0,347.41,0.6218,0.0797,B,2,1,3,1,1,0,14914.0,4406.0,,,,,,,,,,,,,,0.0,0.0,8787.2776,1126.3203999999998,2,volatility_ratio
2024-01-04,12487.0,344.92,0.6122,0.0824,B,3,1,4,1,1,0,14132.0,14914.0,,,,,11150.666666666666,5854.124813610771,,,,,,,,0.0,0.0,7644.541399999999,1028.9288,3,volatility_ratio
2024-01-05,13010.0,340.52,0.7637,0.0262,B,4,1,5,1,1,0,12487.0,14132.0,,,,,13844.333333333334,1238.808432863346,,,,,,,,0.0,0.0,9935.737000000001,340.862,4,volatility_ratio
2024-01-06,8264.0,321.17,0.9238,0.0174,B,5,1,6,1,1,1,13010.0,12487.0,,,,,13209.666666666666,840.479823275574,,,,,,,,0.0,0.0,7634.2832,143.7936,5,volatility_ratio
2024-01-07,5082.0,289.35,0.9496,0.0085,B,6,1,7,1,1,1,8264.0,13010.0,,,,,11253.666666666666,2602.2994319127342,,,,,,,,0.0,0.0,4825.8672,43.197,6,volatility_ratio
2024-09-08,4494.0,318.5,0.8756,0.015,B,6,9,8,36,3,1,4494.0,4494.0,4494.0,4677.0,4342.0,4706.0,4494.0,0.0,4494.0,0.0,6587.285714285715,2618.1946930183385,7792.666666666667,2607.802884624798,0.0,0.0,0.0,3934.9464000000003,67.41,251,volatility_ratio
2024-09-09,4494.0,318.5,0.8756,0.0052,B,0,9,9,37,3,0,4494.0,4494.0,4494.0,10563.0,10811.0,11125.0,4494.0,0.0,4494.0,0.0,6574.214285714285,2628.9004188230206,7593.733333333334,2624.730316962402,0.0,0.0,0.0,3934.9464000000003,23.3688,252,volatility_ratio
2024-09-10,4494.0,318.5,0.8756,0.0169,B,1,9,10,37,3,0,4494.0,4494.0,4494.0,10300.0,10138.0,9884.0,4494.0,0.0,4494.0,0.0,6140.714285714285,2411.997175294015,7501.5,2684.755774547372,0.0,0.0,0.0,3934.9464000000003,75.9486,253,volatility_ratio
2024-09-11,4494.0,318.5,0.8756,0.0124,B,2,9,11,37,3,0,4494.0,4494.0,4494.0,9587.0,9962.0,10032.0,4494.0,0.0,4494.0,0.0,5726.0,2123.7607064971958,7494.433333333333,2692.6351108588456,0.0,0.0,0.0,3934.9464000000003,55.7256,254,volatility_ratio
2024-09-12,9470.0,334.47,0.8249,0.0196,B,3,9,12,37,3,0,4494.0,4494.0,4494.0,8758.0,9427.0,9752.0,4494.0,0.0,4494.0,0.0,5362.214285714285,1826.986092261954,7273.4,2656.2492690465406,4976.0,1.107254116599911,0.0,7811.803,185.612,255,volatility_ratio
2024-12-03,14486.0,337.35,0.9266,0.0069,B,1,12,3,49,4,0,16467.0,6702.0,10805.0,10876.0,10907.0,10810.0,10998.666666666666,4986.82347124232,9896.142857142857,4969.789111172002,10042.857142857143,3710.4853063704745,9847.866666666667,3044.3595525261885,3681.0,0.34067561314206385,0.5021945603366971,13422.7276,99.9534,337,volatility_ratio
2024-12-04,12987.0,339.01,0.9288,0.0069,B,2,12,4,49,4,0,14486.0,16467.0,10294.0,11362.0,11460.0,10352.0,12551.666666666666,5161.883409505997,10422.0,5267.793813985764,10300.714285714286,3893.7488644980954,10139.066666666668,3056.6573689676693,2693.0,0.2616087040994754,0.5054494160416201,12062.3256,89.6103,338,volatility_ratio
2024-12-27,716.0,327.76,0.8773,0.0116,B,4,12,27,52,4,0,716.0,716.0,12118.0,11852.0,12372.0,14038.0,3141.0,4200.223208354545,7477.571428571428,5110.923101787071,9378.714285714286,4222.116119610224,10311.8,4023.8348701293576,-11402.0,-0.9409143423007097,0.6835004052597194,628.1468,8.3056,361,volatility_ratio
2024-12-28,8175.0,327.76,0.8773,0.0168,B,5,12,28,52,4,1,716.0,716.0,9945.0,9872.0,9082.0,9827.0,716.0,0.0,5848.714285714285,5201.638386581829,8583.285714285714,4737.810455483404,9992.533333333333,4388.728861081752,-1770.0,-0.1779788838612368,0.8893644196788746,7171.9275,137.34,362,volatility_ratio
2024-12-29,4550.0,327.76,0.8773,0.0118,B,6,12,29,52,4,1,8175.0,716.0,7267.0,7389.0,6557.0,6702.0,3202.3333333333335,4306.455657885435,5595.857142857143,5008.771353953999,8462.07142857143,4723.991426167648,10227.033333333333,4076.229084653449,-2717.0,-0.3738819320214669,0.8950856367638812,3991.7149999999997,53.69,363,volatility_ratio
2024-12-30,12031.0,327.76,0.8773,0.0077,B,0,12,30,1,4,0,4550.0,8175.0,13590.0,13249.0,13198.0,16467.0,4480.333333333333,3729.987980320238,5207.714285714285,4962.748859059353,8259.285714285714,4833.268895869561,9910.766666666666,4137.957872848785,-1559.0,-0.11471670345842531,0.9529610471667163,10554.7963,92.6387,364,volatility_ratio
2024-12-31,8900.0,327.76,0.8773,0.0102,B,1,12,31,1,4,0,12031.0,4550.0,7991.0,12597.0,12512.0,14486.0,8252.0,3741.094358606854,4985.0,4540.935292792993,8172.285714285715,4746.731351938139,9984.233333333334,4155.945543131098,909.0,0.11375297209360531,0.9109198180126366,7807.969999999999,90.78,365,volatility_ratio
2025-01-01,4185.0,327.76,0.8773,0.007,B,2,1,1,1,1,0,8900.0,12031.0,716.0,12396.0,12672.0,12987.0,8493.666666666666,3757.0161476008266,5114.857142857143,4652.843375420039,7908.214285714285,4581.603350164841,10057.5,4115.262104611947,3469.0,4.844972067039106,0.9096722050033591,3671.5004999999996,29.295,366,volatility_ratio
2025-01-02,13608.0,327.76,0.8773,0.0115,B,3,1,2,1,1,0,4185.0,8900.0,716.0,11604.0,12470.0,13248.0,8372.0,3949.5590893161766,5610.428571428572,4275.692180109241,7321.714285714285,4487.5084131666745,9648.1,4066.271691908174,12892.0,5.0,0.7620972490200567,11938.2984,156.492,367,volatility_ratio
2025-01-03,13256.0,327.76,0.8773,0.0054,B,4,1,3,1,1,0,13608.0,4185.0,716.0,12118.0,11852.0,12372.0,8897.666666666666,4711.500433336852,7452.142857142857,4581.695444140408,7464.857142857143,4663.137535000399,9618.833333333334,4033.2763876952695,12540.0,5.0,0.6148158364609001,11629.4888,71.5824,368,volatility_ratio
2025-06-21,6491.0,300.35,0.913,0.0059,B,5,6,21,25,2,1,6491.0,6491.0,6491.0,5986.0,6279.0,5811.0,6491.0,0.0,6491.0,0.0,7219.642857142857,1640.0459940615337,7724.933333333333,2006.8027570608622,0.0,0.0,0.0,5926.283,38.2969,537,volatility_ratio
2025-06-22,6491.0,300.35,0.913,0.0179,B,6,6,22,25,2,1,6491.0,6491.0,6491.0,4099.0,4235.0,3935.0,6491.0,0.0,6491.0,0.0,7255.714285714285,1616.2061668074086,7656.7,2012.994872117752,0.0,0.0,0.0,5926.283,116.18889999999999,538,volatility_ratio
2025-06-23,10537.0,353.44,0.8375,0.0169,B,0,6,23,26,2,0,6491.0,6491.0,6491.0,10145.0,10900.0,5494.0,6491.0,0.0,6491.0,0.0,7426.571428571428,1363.503502818284,7566.133333333333,2001.8832294536478,4046.0,0.6233246032968726,0.0,8824.737500000001,178.07529999999997,539,volatility_ratio
2025-12-02,12854.0,365.57,0.7612,0.0628,B,1,12,2,49,4,0,14522.0,6178.0,9971.0,9369.0,9722.0,9829.0,9816.0,4273.295215638627,8948.857142857143,4452.107007869841,8868.92857142857,3283.1077318785697,8739.2,2743.25051843548,2883.0,0.28913850165479893,0.49750565203998737,9784.4648,807.2312,701,volatility_ratio
2025-12-03,12181.0,377.09,0.8619,0.0151,B,2,12,3,49,4,0,12854.0,14522.0,8880.0,9485.0,9758.0,10170.0,11184.666666666666,4415.3809952634065,9360.714285714286,4689.447754063926,9117.857142857143,3451.7282150148553,9001.133333333333,2748.6613636375823,3301.0,0.37173423423423424,0.5009711450354443,10498.8039,183.9331,702,volatility_ratio
2025-12-29,11306.0,369.74,0.7318,0.0299,B,0,12,29,1,4,0,4585.0,7320.0,11977.0,12359.0,12738.0,14522.0,7118.333333333333,2438.761639302496,7590.0,3960.474887350405,8984.142857142857,3334.895151324797,9726.933333333332,3012.8880283316844,-671.0,-0.05602404608833598,0.5218016979381298,8273.7308,338.0494,728,volatility_ratio
2025-12-30,10654.0,347.29,0.8274,0.0169,B,1,12,30,1,4,0,11306.0,4585.0,11557.0,10994.0,12088.0,12854.0,7737.0,3379.8486652511597,7494.142857142857,3842.974864544872,8908.92857142857,3264.046484969834,9812.2,3020.4153790611294,-903.0,-0.07813446396123562,0.512797118736806,8815.1196,180.05259999999998,729,volatility_ratio
2025-12-31,7422.0,349.35,0.7137,0.0607,B,2,12,31,1,4,0,10654.0,11306.0,7474.0,11666.0,11483.0,12181.0,8848.333333333334,3706.519166729527,7365.142857142857,3696.217365026531,8884.642857142857,3248.567580361504,9961.4,2944.2975931860906,-52.0,-0.006957452502006957,0.5018527728137504,5297.0814,450.5154,730,volatility_ratio
2024-01-01,8059.0,333.48,0.9984,0.0014,C,0,1,1,1,1,0,,,,,,,,,,,,,,,,0.0,0.0,8046.1056,11.2826,0,volatility_ratio
2024-01-02,30738.0,370.36,0.5464,0.1005,C,1,1,2,1,1,0,8059.0,,,,,,,,,,,,,,,0.0,0.0,16795.2432,3089.1690000000003,1,volatility_ratio
2024-01-03,29358.0,369.6,0.5153,0.0738,C,2,1,3,1,1,0,30738.0,8059.0,,,,,,,,,,,,,,0.0,0.0,15128.177399999999,2166.6204000000002,2,volatility_ratio
2024-01-04,27542.0,372.0,0.6336,0.0451,C,3,1,4,1,1,0,29358.0,30738.0,,,,,22718.333333333332,12714.09219462142,,,,,,,,0.0,0.0,17450.611200000003,1242.1442,3,volatility_ratio
2024-01-05,25956.0,375.03,0.7092,0.0273,C,4,1,5,1,1,0,27542.0,29358.0,,,,,29212.666666666668,1602.9489490727265,,,,,,,,0.0,0.0,18407.9952,708.5988,4,volatility_ratio
2024-01-06,15373.0,358.6,0.9056,0.0077,C,5,1,6,1,1,1,25956.0,27542.0,,,,,27618.666666666668,1702.295313197261,,,,,,,,0.0,0.0,13921.7888,118.3721,5,volatility_ratio
2024-01-07,10227.0,341.49,0.9774,0.006,C,6,1,7,1,1,1,15373.0,25956.0,,,,,22957.0,6615.636099423851,,,,,,,,0.0,0.0,9995.8698,61.362,6,volatility_ratio
2024-05-11,16820.0,351.65,0.9428,0.0048,C,5,5,11,19,2,1,16820.0,16820.0,16820.0,14692.0,15136.0,15083.0,16820.0,0.0,16820.0,0.0,19519.0,5441.143120846807,20312.933333333334,5282.905293513206,0.0,0.0,0.0,15857.895999999999,80.73599999999999,131,volatility_ratio
2024-05-12,8162.0,346.05,0.8539,0.0197,C,6,5,12,19,2,1,16820.0,16820.0,16820.0,10148.0,10505.0,10515.0,16820.0,0.0,16820.0,0.0,19671.0,5324.397517379501,20115.133333333335,5299.41959563259,-8658.0,-0.51474435196195,0.0,6969.5318,160.79139999999998,132,volatility_ratio
2024-12-09,27916.0,341.13,0.9116,0.0063,C,0,12,9,50,4,0,27916.0,27916.0,31121.0,24322.0,25016.0,21263.0,27916.0,0.0,28373.85714285714,1211.3761359943746,22752.64285714286,7486.829231360924,20746.866666666665,6603.780535490219,-3205.0,-0.10298512258603515,0.042693389548531205,25448.225599999998,175.8708,343,volatility_ratio
2024-12-10,27916.0,339.38,0.9042,0.0069,C,1,12,10,50,4,0,27916.0,27916.0,27916.0,22639.0,23171.0,23257.0,27916.0,0.0,27916.0,0.0,23009.35714285714,7605.457044953795,21189.333333333332,6625.294727775133,0.0,0.0,0.0,25241.6472,192.6204,344,volatility_ratio
2024-12-11,27916.0,338.31,0.8261,0.015,C,2,12,11,50,4,0,27916.0,27916.0,27916.0,20362.0,23339.0,23056.0,27916.0,0.0,27916.0,0.0,23386.285714285714,7715.656544461259,21781.366666666665,6394.819576238533,0.0,0.0,0.0,23061.4076,418.74,345,volatility_ratio
2024-12-12,27916.0,327.49,0.9068,0.0083,C,3,12,12,50,4,0,27916.0,27916.0,27916.0,4617.0,22145.0,22691.0,27916.0,0.0,27916.0,0.0,23925.85714285714,7751.941254214401,22003.133333333335,6490.8620474895415,0.0,0.0,0.0,25314.2288,231.7028,346,volatility_ratio
2024-12-13,27916.0,308.99,0.9989,0.0011,C,4,12,13,50,4,0,27916.0,27916.0,27916.0,19725.0,21415.0,22591.0,27916.0,0.0,27916.0,0.0,25590.071428571428,5445.66488791116,22158.433333333334,6577.059612818984,0.0,0.0,0.0,27885.292400000002,30.707600000000003,347,volatility_ratio
2024-12-14,27916.0,347.65,0.8767,0.0071,C,5,12,14,50,4,1,27916.0,27916.0,27916.0,15478.0,15453.0,15017.0,27916.0,0.0,27916.0,0.0,26175.14285714286,5201.604927729106,22320.433333333334,6659.269684941547,0.0,0.0,0.0,24473.9572,198.20360000000002,348,volatility_ratio
2024-12-15,27916.0,340.33,0.9468,0.0051,C,6,12,15,50,4,1,27916.0,27916.0,27916.0,12777.0,10315.0,10343.0,27916.0,0.0,27916.0,0.0,27063.571428571428,4199.711193628675,22494.6,6737.1674575984825,0.0,0.0,0.0,26430.8688,142.3716,349,volatility_ratio
2024-12-16,27916.0,335.46,0.9536,0.0043,C,0,12,16,51,4,0,27916.0,27916.0,27916.0,31121.0,24322.0,25016.0,27916.0,0.0,27916.0,0.0,28144.928571428572,856.5722803292383,22672.1,6809.553210063749,0.0,0.0,0.0,26620.6976,120.0388,350,volatility_ratio
2024-12-17,23234.0,333.6,0.9927,0.001,C,1,12,17,51,4,0,27916.0,27916.0,27916.0,27916.0,22639.0,23171.0,27916.0,0.0,27916.0,0.0,27916.0,0.0,23102.066666666666,6716.12117085517,-4682.0,-0.16771743802837083,0.0,23064.3918,23.234,351,volatility_ratio
2024-12-18,23040.0,333.52,0.7722,0.029,C,2,12,18,51,4,0,23234.0,27916.0,27916.0,27916.0,20362.0,23339.0,26355.333333333332,2703.153960345854,27247.14285714286,1769.6296626290753,27581.571428571428,1251.3171346339166,23531.766666666666,6269.154332693226,-4876.0,-0.17466685771600515,0.06494734776072734,17791.488,668.1600000000001,352,volatility_ratio
2024-12-19,21317.0,317.9,0.9223,0.0103,C,3,12,19,51,4,0,23040.0,23234.0,27916.0,27916.0,4617.0,22145.0,24730.0,2760.8614597621777,26550.571428571428,2332.5856080854123,27233.285714285714,1735.846431907126,23465.9,6263.400306818023,-6599.0,-0.23638773463246884,0.08785444088692139,19660.6691,219.5651,353,volatility_ratio
2024-12-31,18423.0,336.81,0.95,0.0059,C,1,12,31,1,4,0,24280.0,9049.0,12525.0,23234.0,27916.0,27916.0,16008.333333333334,7699.837942017578,15053.285714285714,7563.028840226326,17230.14285714286,6525.389335359384,22531.466666666667,7244.118059803255,5898.0,0.47089820359281437,0.5024171455836342,17501.85,108.6957,365,volatility_ratio
2025-12-04,23955.0,369.18,0.8786,0.0096,C,3,12,4,49,4,0,25483.0,25221.0,4646.0,21595.0,22966.0,24607.0,26970.666666666668,2806.67175375633,18448.714285714286,9199.221845973085,18578.64285714286,7037.380135414711,20033.633333333335,6210.719107030745,19309.0,4.156048213517004,0.49863755834174733,21046.863,229.968,703,volatility_ratio
2024-01-01,4380.0,333.91,0.9938,0.0032,D,0,1,1,1,1,0,,,,,,,,,,,,,,,,0.0,0.0,4352.844,14.016,0,volatility_ratio
2024-01-02,16184.0,348.04,0.5553,0.071,D,1,1,2,1,1,0,4380.0,,,,,,,,,,,,,,,0.0,0.0,8986.9752,1149.0639999999999,1,volatility_ratio
2024-01-03,15575.0,333.97,0.5945,0.0679,D,2,1,3,1,1,0,16184.0,4380.0,,,,,,,,,,,,,,0.0,0.0,9259.3375,1057.5425,2,volatility_ratio
2024-01-04,14393.0,338.91,0.7523,0.0263,D,3,1,4,1,1,0,15575.0,16184.0,,,,,12046.333333333334,6646.218498765545,,,,,,,,0.0,0.0,10827.8539,378.5359,3,volatility_ratio
2024-01-05,13909.0,339.59,0.9267,0.0114,D,4,1,5,1,1,0,14393.0,15575.0,,,,,15384.0,910.648669905135,,,,,,,,0.0,0.0,12889.470299999999,158.5626,4,volatility_ratio
2024-01-06,8137.0,320.21,0.9681,0.0065,D,5,1,6,1,1,1,13909.0,14393.0,,,,,14625.666666666666,857.023531376662,,,,,,,,0.0,0.0,7877.4297,52.890499999999996,5,volatility_ratio
2024-01-07,5721.0,324.11,0.9662,0.008,D,6,1,7,1,1,1,8137.0,13909.0,,,,,12146.333333333334,3480.607609790757,,,,,,,,0.0,0.0,5527.6302,45.768,6,volatility_ratio
2024-12-04,15058.0,313.71,0.9043,0.0132,D,2,12,4,49,4,0,15810.0,16703.0,10615.0,12937.0,13253.0,12295.0,12988.666666666666,5677.637390088711,10117.857142857143,5074.28167095506,10577.57142857143,3992.99014070111,11167.266666666666,3424.587726844001,4443.0,0.41855864342910976,0.5015174260033239,13616.9494,198.7656,338,volatility_ratio
2024-12-05,14443.0,297.88,0.9405,0.0089,D,3,12,5,49,4,0,15058.0,15810.0,2260.0,12946.0,12682.0,13128.0,15857.0,823.5065269929897,10752.57142857143,5413.375898554212,10729.07142857143,4127.372221649503,11155.966666666667,3410.680804557163,12183.0,5.0,0.5034494245878658,13583.6415,128.5427,339,volatility_ratio
2025-09-01,10141.0,305.78,0.9752,0.0073,D,0,9,1,36,3,0,10141.0,10141.0,11698.0,11935.0,12157.0,13113.0,10141.0,0.0,10363.42857142857,588.4906844753549,9830.0,1948.7663158640105,9520.133333333333,2411.0601007016344,-1557.0,-0.1330996751581467,0.056785327405815565,9889.5032,74.0293,609,volatility_ratio
2025-09-02,10141.0,305.78,0.9752,0.0111,D,1,9,2,36,3,0,10141.0,10141.0,10141.0,10765.0,11071.0,11874.0,10141.0,0.0,10141.0,0.0,9701.857142857143,1856.501666996418,9601.866666666667,2388.2985537007653,0.0,0.0,0.0,9889.5032,112.5651,610,volatility_ratio
2025-09-03,10141.0,305.78,0.9752,0.0074,D,2,9,3,36,3,0,10141.0,10141.0,10141.0,10690.0,10385.0,11304.0,10141.0,0.0,10141.0,0.0,9657.285714285714,1836.3957353205049,9769.4,2233.99903682873,0.0,0.0,0.0,9889.5032,75.0434,611,volatility_ratio
2025-09-04,10141.0,305.78,0.9752,0.016,D,3,9,4,36,3,0,10141.0,10141.0,10141.0,10475.0,10195.0,10627.0,10141.0,0.0,10141.0,0.0,9618.07142857143,1818.4205515220742,9670.333333333334,2144.7272848632183,0.0,0.0,0.0,9889.5032,162.256,612,volatility_ratio
2025-09-05,10141.0,305.78,0.9752,0.0055,D,4,9,5,36,3,0,10141.0,10141.0,10141.0,9967.0,10404.0,10666.0,10141.0,0.0,10141.0,0.0,9594.214285714286,1808.476884800352,9612.566666666668,2106.321105351828,0.0,0.0,0.0,9889.5032,55.775499999999994,613,volatility_ratio
2025-09-06,7234.0,330.45,0.9411,0.0051,D,5,9,6,36,3,1,10141.0,10141.0,10141.0,6927.0,6845.0,7192.0,10141.0,0.0,10141.0,0.0,9606.642857142857,1811.8306767187005,9573.8,2084.7085201037285,-2907.0,-0.2866581205009368,0.0,6807.9174,36.8934,614,volatility_ratio
2025-12-03,14302.0,347.54,0.8218,0.0269,D,2,12,3,49,4,0,14196.0,15505.0,9744.0,11909.0,11822.0,11919.0,11752.333333333334,5405.94860624233,9284.857142857143,4650.785683751774,9825.07142857143,3675.987579795833,10234.733333333334,3096.5668746525325,4558.0,0.4677750410509031,0.5009000797960184,11753.3836,384.7238,702,volatility_ratio
2025-12-04,13092.0,349.12,0.919,0.0095,D,3,12,4,49,4,0,14302.0,14196.0,2225.0,11764.0,11036.0,11032.0,14667.666666666666,727.0861938817729,9936.0,5029.444071333,9996.0,3832.6391790674884,10267.666666666666,3135.4552145260823,10867.0,4.884044943820225,0.5061839846349637,12031.548,124.374,703,volatility_ratio
2024-01-02,7458.0,349.22,0.5213,0.1136,A,1,1,2,1,1,0,2147.0,,,,,,,,,,,,,,,0.0,0.0,3887.8554,847.2288000000001,1,volume_x_abandon
2024-01-02,14914.0,356.37,0.565,0.132,B,1,1,2,1,1,0,4406.0,,,,,,,,,,,,,,,0.0,0.0,8426.41,1968.6480000000001,1,volume_x_abandon
2024-01-03,14132.0,347.41,0.6218,0.0797,B,2,1,3,1,1,0,14914.0,4406.0,,,,,,,,,,,,,,0.0,0.0,8787.2776,1126.3203999999998,2,volume_x_abandon
2024-01-04,12487.0,344.92,0.6122,0.0824,B,3,1,4,1,1,0,14132.0,14914.0,,,,,11150.666666666666,5854.124813610771,,,,,,,,0.0,0.0,7644.541399999999,1028.9288,3,volume_x_abandon
2024-04-08,12981.0,340.15,0.7714,0.0986,B,0,4,8,15,2,0,4791.0,8281.0,13904.0,12048.0,11456.0,11636.0,8627.666666666666,4021.222865414617,11097.857142857143,3307.9415769010334,10051.785714285714,3364.3978814039788,9313.633333333333,2960.359979081449,-923.0,-0.0663837744533947,0.29807029720418654,10013.5434,1279.9266,98,volume_x_abandon
2024-04-15,12818.0,345.17,0.686,0.0432,B,0,4,15,16,2,0,4825.0,7742.0,12981.0,13904.0,12048.0,11456.0,8094.666666666667,3459.5081056897875,10425.714285714286,3009.5168889311635,10761.785714285714,3058.1446406043515,9667.6,3087.6783332554514,-163.0,-0.012556813804791619,0.2886628969925753,8793.148000000001,553.7376,105,volume_x_abandon
2024-05-21,10436.0,322.55,0.6169,0.0995,B,1,5,21,21,2,0,12003.0,4282.0,10891.0,11768.0,11881.0,10845.0,7679.333333333333,3942.972271438559,9422.285714285714,2806.537826473847,9666.714285714286,2746.7396457106493,9742.733333333334,2794.8350630913883,-455.0,-0.041777614544119,0.2978616772593385,6437.9684,1038.382,141,volume_x_abandon
2025-03-21,8572.0,341.16,0.8625,0.0717,B,4,3,21,12,1,0,9087.0,8451.0,8574.0,8930.0,9732.0,9096.0,8674.666666666666,357.51969642714477,7705.142857142857,2059.395900789924,7843.928571428572,1964.7711342265918,8321.066666666668,2012.481123206956,-2.0,-0.00023326335432703523,0.26727549884176555,7393.35,614.6124,445,volume_x_abandon
2025-04-01,9723.0,332.87,0.7325,0.0566,B,1,4,1,14,2,0,9563.0,3643.0,8959.0,8486.0,9460.0,9625.0,6315.333333333333,3001.6422727122936,7606.571428571428,2120.4904194660908,7686.571428571428,1930.5647525364695,7927.3,2148.7094627176493,764.0,0.08527737470699855,0.2787708548297081,7122.097500000001,550.3217999999999,456,volume_x_abandon
2025-08-11,10926.0,329.89,0.6497,0.068,B,0,8,11,33,3,0,4412.0,6669.0,12359.0,10493.0,9871.0,10156.0,7046.333333333333,2841.8505121370126,9215.857142857143,2740.318559861931,9307.785714285714,2310.5261864436306,8402.2,2379.345163463365,-1433.0,-0.11594789222428999,0.29734820292715225,7098.622200000001,742.9680000000001,588,volume_x_abandon
2025-08-18,10515.0,330.83,0.7462,0.0544,B,0,8,18,34,3,0,4432.0,6247.0,10926.0,12359.0,10493.0,9871.0,6490.666666666667,2190.6871829025295,8226.0,2168.7926748923155,8720.92857142857,2429.108809808667,8452.066666666668,2355.9973206081113,-411.0,-0.03761669412410763,0.2636509451607483,7846.293,572.016,595,volume_x_abandon
2025-10-01,9837.0,334.48,0.6876,0.0703,B,2,10,1,40,4,0,8608.0,9380.0,8554.0,8889.0,9022.0,10921.0,7261.0,3026.361346567865,7697.714285714285,2028.4092876180373,7797.214285714285,1944.6221376508352,8103.466666666666,2132.6166659008622,1283.0,0.14998830956277764,0.2635079989111102,6763.9212,691.5411,639,volume_x_abandon
2025-10-03,10095.0,363.46,0.4836,0.178,B,4,10,3,40,4,0,9800.0,9837.0,8576.0,8539.0,8534.0,10128.0,9415.0,699.1273131554678,8004.571428571428,2264.1990384491774,7943.571428571428,2057.388101987019,8189.1,2056.4331079775384,1519.0,0.17712220149253732,0.28286324366690896,4881.942,1796.9099999999999,641,volume_x_abandon
2025-10-04,6365.0,359.44,0.6378,0.1171,B,5,10,4,40,4,1,10095.0,9800.0,6036.0,6546.0,6128.0,6831.0,9910.666666666666,160.70573522217077,8221.57142857143,2396.9884478335566,8054.714285714285,2132.6791900031467,8161.566666666667,2023.866488770385,329.0,0.054506295559973494,0.29154869828213054,4059.597,745.3415,642,volume_x_abandon
2025-10-10,8859.0,373.83,0.7003,0.2327,B,4,10,10,41,4,0,8981.0,9755.0,10095.0,8576.0,8539.0,8534.0,9436.333333333334,404.69412317615223,8562.714285714286,2287.226174086965,8283.642857142857,2205.558314355332,8133.266666666666,1974.804642164028,-1236.0,-0.12243684992570579,0.26711462017398946,6203.9577,2061.4892999999997,648,volume_x_abandon
2025-12-02,12854.0,365.57,0.7612,0.0628,B,1,12,2,49,4,0,14522.0,6178.0,9971.0,9369.0,9722.0,9829.0,9816.0,4273.295215638627,8948.857142857143,4452.107007869841,8868.92857142857,3283.1077318785697,8739.2,2743.25051843548,2883.0,0.28913850165479893,0.49750565203998737,9784.4648,807.2312,701,volume_x_abandon
2024-01-02,30738.0,370.36,0.5464,0.1005,C,1,1,2,1,1,0,8059.0,,,,,,,,,,,,,,,0.0,0.0,16795.2432,3089.1690000000003,1,volume_x_abandon
2024-01-03,29358.0,369.6,0.5153,0.0738,C,2,1,3,1,1,0,30738.0,8059.0,,,,,,,,,,,,,,0.0,0.0,15128.177399999999,2166.6204000000002,2,volume_x_abandon
2024-01-04,27542.0,372.0,0.6336,0.0451,C,3,1,4,1,1,0,29358.0,30738.0,,,,,22718.333333333332,12714.09219462142,,,,,,,,0.0,0.0,17450.611200000003,1242.1442,3,volume_x_abandon
2024-01-05,25956.0,375.03,0.7092,0.0273,C,4,1,5,1,1,0,27542.0,29358.0,,,,,29212.666666666668,1602.9489490727265,,,,,,,,0.0,0.0,18407.9952,708.5988,4,volume_x_abandon
2024-02-02,26681.0,357.08,0.7844,0.0451,C,4,2,2,5,1,0,26582.0,23564.0,21953.0,24245.0,22622.0,25956.0,24366.0,1943.354831213297,20572.571428571428,6076.288556269163,20708.285714285714,5649.339681340189,21142.566666666666,5715.066148489377,4728.0,0.21536919783173142,0.2953587293336769,20928.576399999998,1203.3131,32,volume_x_abandon
2024-02-03,18320.0,353.6,0.7582,0.0439,C,5,2,3,5,1,1,26681.0,26582.0,15160.0,15539.0,15336.0,15373.0,25609.0,1771.713577303076,21248.0,6503.096518838799,20882.285714285714,5802.0991483662665,21053.333333333332,5602.153134922896,3160.0,0.20844327176781002,0.30605687682788024,13890.224,804.248,33,volume_x_abandon
2024-03-04,29975.0,349.61,0.7256,0.0199,C,0,3,4,10,1,0,11310.0,17714.0,25836.0,21776.0,26633.0,29469.0,19130.0,8615.71680128822,22269.571428571428,5834.721354590486,21586.571428571428,5491.456521295124,20924.266666666666,5773.977413171625,4139.0,0.16020281777364917,0.2620042048543715,21749.86,596.5025,63,volume_x_abandon
2024-03-05,26921.0,368.85,0.4338,0.087,C,1,3,5,10,1,0,29975.0,11310.0,23300.0,24935.0,24292.0,25766.0,19666.333333333332,9484.421982036305,22860.85714285714,6435.199101518959,22172.214285714286,5932.682596996346,21312.766666666666,5981.094471884657,3621.0,0.1554077253218884,0.2814942178810488,11678.329800000001,2342.127,64,volume_x_abandon
2024-03-07,25192.0,370.13,0.6795,0.0298,C,3,3,7,10,1,0,25161.0,26921.0,25323.0,23207.0,23778.0,22637.0,27352.333333333332,2435.813074382656,23538.571428571428,6651.472941064574,22272.0,6003.000954650805,21678.9,5630.493745422455,-131.0,-0.005173162737432374,0.28257759657372106,17117.964,750.7216,66,volume_x_abandon
2024-03-27,23706.0,328.72,0.894,0.0232,C,2,3,27,13,1,0,22301.0,25652.0,24587.0,24673.0,25161.0,24038.0,19224.666666666668,8399.229746431125,20468.428571428572,5797.647104850458,21010.285714285714,5826.894679363585,21959.466666666667,5813.609850931742,-881.0,-0.0358319437100907,0.28324827597870733,21193.164,549.9792,86,volume_x_abandon
2024-04-08,24508.0,333.78,0.7231,0.0581,C,0,4,8,15,2,0,10086.0,15682.0,29720.0,25652.0,27636.0,26734.0,16578.333333333332,6983.774075192683,22652.285714285714,7077.562615154209,20910.428571428572,7077.822065212804,20547.8,6577.294310077609,-5212.0,-0.1753701211305518,0.3124436405413485,17721.7348,1423.9148,98,volume_x_abandon
2024-04-15,26959.0,334.11,0.7974,0.0337,C,0,4,15,16,2,0,10515.0,15083.0,24508.0,29720.0,25652.0,27636.0,16294.333333333334,6470.6044024753555,20581.714285714286,5506.279860737359,21617.0,6186.035725729366,20372.266666666666,6469.637142376916,2451.0,0.1000081606006202,0.2675326158112715,21497.1066,908.5183000000001,105,volume_x_abandon
2024-04-29,26280.0,363.1,0.6458,0.0572,C,0,4,29,18,2,0,10148.0,14692.0,26933.0,26959.0,24508.0,29720.0,15706.666666666666,6129.3162206997795,20399.85714285714,5817.5325648299595,20666.071428571428,5620.646164116531,20366.266666666666,6435.319186325184,-653.0,-0.024245349571158058,0.28517516196758885,16971.624,1503.2160000000001,119,volume_x_abandon
2024-05-13,26132.0,346.11,0.6108,0.0302,C,0,5,13,20,2,0,8162.0,16820.0,16820.0,26280.0,26933.0,26959.0,13934.0,4998.6986306437875,15583.142857142857,3272.416407313861,19529.14285714286,5616.1000683768125,19611.033333333333,5692.2131656314905,9312.0,0.5536266349583828,0.20999720257418297,15961.4256,789.1864,133,volume_x_abandon
2024-05-14,24354.0,342.66,0.7202,0.0234,C,1,5,14,20,2,0,26132.0,8162.0,16820.0,25188.0,23081.0,24484.0,17038.0,8986.983253572918,16913.428571428572,5189.945499300943,19518.571428571428,5602.538061028661,19979.333333333332,5746.3271768137665,7534.0,0.4479191438763377,0.306853544057187,17539.750799999998,569.8836,134,volume_x_abandon
2024-05-21,23930.0,339.74,0.7101,0.0242,C,1,5,21,21,2,0,26363.0,9901.0,24354.0,16820.0,25188.0,23081.0,17008.333333333332,8457.9691021742,21114.428571428572,6237.203322460652,19013.928571428572,5927.762847746269,20021.5,5834.396258988288,-424.0,-0.017409871068407655,0.2954000531608349,16992.693,579.106,141,volume_x_abandon
2024-07-15,25811.0,344.21,0.7783,0.0311,C,0,7,15,29,3,0,9747.0,14472.0,27531.0,29844.0,26564.0,26763.0,15376.0,6131.188547092654,20740.714285714286,6312.190578932306,20263.071428571428,6920.887064801474,20030.4,6427.330859105802,-1720.0,-0.062475028150085356,0.30433814824207833,20088.7013,802.7221,196,volume_x_abandon
2024-07-16,22971.0,350.43,0.6936,0.0244,C,1,7,16,29,3,0,25811.0,9747.0,24988.0,25366.0,24308.0,24501.0,16676.666666666668,8255.812518058623,20495.0,6031.0265571735945,19975.0,6566.267749174278,20396.4,6433.666228895273,-2017.0,-0.08071874499759885,0.2942681901524076,15932.6856,560.4924000000001,197,volume_x_abandon
2024-07-22,24841.0,346.0,0.7852,0.0257,C,0,7,22,30,3,0,9869.0,14538.0,25811.0,27531.0,29844.0,26564.0,15507.666666666666,6180.812433113743,19975.714285714286,5629.188683824258,20358.214285714286,5759.52307291781,19804.033333333333,6207.538139832185,-970.0,-0.037580876370539695,0.28180162187491814,19505.1532,638.4137000000001,203,volume_x_abandon
2024-08-19,25018.0,353.82,0.8307,0.0248,C,0,8,19,34,3,0,10190.0,14930.0,24663.0,25956.0,23180.0,24841.0,15890.0,6235.671575700578,20158.428571428572,5417.798133840671,20023.285714285714,5370.871988056314,19299.033333333333,5375.902756479736,355.0,0.014394031545229696,0.2687609361336605,20782.4526,620.4463999999999,231,volume_x_abandon
2024-08-29,21343.0,346.42,0.5592,0.0559,C,3,8,29,35,3,0,22414.0,22131.0,22006.0,23218.0,21690.0,24376.0,22750.333333333332,839.6405977163457,19544.428571428572,5121.989354965584,19917.785714285714,5125.7651613209,20205.066666666666,5002.2668029420465,-663.0,-0.030128146869035716,0.26206902577102054,11935.0056,1193.0737,241,volume_x_abandon
2024-09-03,28572.0,358.6,0.5883,0.038,C,1,9,3,36,3,0,14620.0,10608.0,22131.0,23130.0,22390.0,23713.0,13537.333333333334,2565.4764339852104,18332.285714285714,4734.608491884875,19051.714285714286,4872.8476499661165,19417.7,5259.609787217401,6441.0,0.29103971804256473,0.2582661303492209,16808.907600000002,1085.7359999999999,246,volume_x_abandon
2024-09-12,22478.0,342.63,0.7285,0.024,C,3,9,12,37,3,0,22505.0,22996.0,24291.0,21343.0,22006.0,23218.0,23699.0,1661.092110630866,20330.85714285714,5734.63894325734,20039.35714285714,5881.768671818986,20165.266666666666,5273.0216812160625,-1813.0,-0.0746366967189494,0.2820657733691319,16375.223,539.472,255,volume_x_abandon
2024-09-30,24261.0,335.8,0.7286,0.0223,C,0,9,30,40,3,0,9232.0,13071.0,23858.0,24813.0,25596.0,14620.0,13884.333333333334,5107.799363065607,18507.428571428572,5336.128367307212,18974.64285714286,5155.36947280202,19055.966666666667,5632.218852792131,403.0,0.016891608684717913,0.2883235964797956,17676.5646,541.0203,273,volume_x_abandon
2024-10-21,24558.0,336.66,0.8237,0.0334,C,0,10,21,43,4,0,9448.0,13546.0,20625.0,23412.0,24261.0,23858.0,14479.333333333334,5557.097923676843,18367.285714285714,4865.892748314028,18156.214285714286,4705.652250687005,18394.333333333332,5296.534178012127,3933.0,0.19069090909090908,0.26492171048057644,20228.4246,820.2372,294,volume_x_abandon
2024-11-18,25016.0,356.11,0.6498,0.0287,C,0,11,18,47,4,0,10343.0,15017.0,21263.0,26664.0,22733.0,24558.0,15983.666666666666,6180.955373834491,19745.428571428572,5051.920554176805,19886.214285714286,5137.039048062484,19030.366666666665,5160.537572126893,3753.0,0.17650378591920238,0.2558526666515044,16255.3968,717.9592,322,volume_x_abandon
2024-12-18,23040.0,333.52,0.7722,0.029,C,2,12,18,51,4,0,23234.0,27916.0,27916.0,27916.0,20362.0,23339.0,26355.333333333332,2703.153960345854,27247.14285714286,1769.6296626290753,27581.571428571428,1251.3171346339166,23531.766666666666,6269.154332693226,-4876.0,-0.17466685771600515,0.06494734776072734,17791.488,668.1600000000001,352,volume_x_abandon
2025-01-29,20015.0,335.75,0.8637,0.0502,C,2,1,29,5,1,0,21712.0,23139.0,21526.0,22338.0,21787.0,8051.0,17940.333333333332,7801.233385390637,18751.428571428572,5089.82572907764,18254.0,4821.356065226077,18726.133333333335,5334.526257822926,-1511.0,-0.07019418377775713,0.2714366913267064,17286.9555,1004.753,394,volume_x_abandon
2025-02-04,23715.0,358.43,0.5535,0.0454,C,1,2,4,6,1,0,27260.0,10769.0,21712.0,20505.0,21921.0,22765.0,18160.333333333332,8377.17567759764,19748.0,5108.743811675534,19163.5,4890.480607969227,18647.4,5029.069534835134,2003.0,0.09225313190862196,0.2586967698843191,13126.2525,1076.661,400,volume_x_abandon
2025-02-13,21131.0,336.27,0.8346,0.0298,C,3,2,13,7,1,0,22247.0,21778.0,21660.0,20135.0,20890.0,21070.0,22571.333333333332,995.9288796563239,19182.428571428572,5457.797628382781,19750.85714285714,5221.918051048688,19133.466666666667,4847.299395527888,-529.0,-0.024422899353647276,0.28452068037474376,17635.9326,629.7038,409,volume_x_abandon
2025-03-21,20427.0,350.96,0.78,0.0518,C,4,3,21,12,1,0,21931.0,21614.0,20580.0,21656.0,22862.0,22146.0,21623.333333333332,303.10779160796415,19071.285714285714,5077.243173031504,19154.285714285714,4982.600362624559,19853.1,4844.141711458247,-153.0,-0.0074344023323615165,0.2662244826644434,15933.060000000001,1058.1186,445,volume_x_abandon
2025-03-31,23728.0,322.18,0.694,0.0402,C,0,3,31,14,1,0,8855.0,13274.0,23428.0,23933.0,24650.0,27511.0,14135.333333333334,5759.508862162941,18366.571428571428,5255.348128562063,18637.428571428572,5081.73189306235,18832.966666666667,5268.440392684,300.0,0.01280519037049684,0.2861365905444242,16467.232,953.8656,455,volume_x_abandon
2025-04-01,24424.0,343.24,0.5827,0.0436,C,1,4,1,14,2,0,23728.0,8855.0,21466.0,21325.0,21941.0,23955.0,15285.666666666666,7637.842256379314,18409.428571428572,5304.496578600158,18622.785714285714,5065.568738340953,19065.666666666668,5326.974546221516,2958.0,0.13779931053759434,0.28814020804712726,14231.8648,1064.8864,456,volume_x_abandon
2025-06-30,24009.0,345.87,0.6377,0.0554,C,0,6,30,27,2,0,8522.0,13577.0,23707.0,23843.0,23365.0,25194.0,14088.666666666666,5839.337148455575,18315.714285714286,5319.4463908156595,18457.285714285714,5060.781095513151,18201.3,5310.220445777988,302.0,0.012738853503184714,0.2904307365705453,15310.5393,1330.0986,546,volume_x_abandon
2025-08-01,24079.0,348.75,0.6558,0.0323,C,4,8,1,31,3,0,20748.0,19798.0,20122.0,20444.0,20520.0,9765.0,20255.0,476.0220583123701,18035.14285714286,4877.329680216794,18173.428571428572,4754.061805272587,18572.166666666668,5204.804134135365,3957.0,0.19665043236258822,0.27043476832151164,15791.008200000002,777.7517,578,volume_x_abandon
2025-08-04,25576.0,340.48,0.7682,0.0254,C,0,8,4,32,3,0,10195.0,15110.0,22844.0,23504.0,22902.0,25727.0,16461.333333333332,7039.953148518339,18999.0,4802.967207883037,18611.14285714286,4756.395691910204,18373.9,5199.0748404453325,2732.0,0.11959376641568902,0.25280105310190204,19647.4832,649.6304,581,volume_x_abandon
2025-08-12,21717.0,332.36,0.6667,0.0586,C,1,8,12,33,3,0,23530.0,9443.0,23063.0,20219.0,21422.0,22156.0,15499.333333333334,7248.060867110134,18964.285714285714,5353.473318456752,19176.785714285714,5102.0950022601355,18657.733333333334,5136.153410624649,-1346.0,-0.05836187833326107,0.2822923783743674,14478.723899999999,1272.6162,589,volume_x_abandon
2025-08-18,23655.0,315.45,0.6992,0.055,C,0,8,18,34,3,0,9523.0,13880.0,23530.0,25576.0,22844.0,23504.0,14705.333333333334,5640.470400005064,18760.14285714286,5072.103456771192,19008.35714285714,5184.659377686958,18316.166666666668,5102.980218381738,125.0,0.0053123671908202295,0.2703659292679643,16539.576,1301.025,595,volume_x_abandon
2025-10-01,23531.0,339.69,0.599,0.0807,C,2,10,1,40,4,0,21073.0,22150.0,20364.0,20654.0,21139.0,24645.0,17313.0,7464.669383167623,17893.428571428572,5008.175977244362,17941.428571428572,4859.653940105449,18453.566666666666,5127.162276800259,3167.0,0.1555195442938519,0.27988912003377564,14095.069,1898.9516999999998,639,volume_x_abandon
2025-10-03,22658.0,361.77,0.3132,0.2209,C,4,10,3,40,4,0,21802.0,23531.0,19516.0,19907.0,19491.0,21052.0,22135.333333333332,1262.447754694622,18551.85714285714,5512.526747586534,18264.571428571428,5109.85889786048,18676.133333333335,5016.62572221424,3142.0,0.16099610575937692,0.29714150476352574,7096.485599999999,5005.1522,641,volume_x_abandon
2025-10-04,14077.0,357.81,0.4658,0.1272,C,5,10,4,40,4,1,22658.0,21802.0,13075.0,13015.0,13092.0,13889.0,22663.666666666668,864.5139289412867,19000.714285714286,5727.830238239871,18461.071428571428,5229.374318571603,18609.9,4947.74683202294,1002.0,0.07663479923518164,0.30145341654583735,6557.0666,1790.5944000000002,642,volume_x_abandon
2025-10-10,19888.0,358.31,0.6042,0.152,C,4,10,10,41,4,0,20462.0,21053.0,22658.0,19516.0,19907.0,19491.0,20922.333333333332,410.8896851144882,19026.85714285714,5325.752949226076,18789.35714285714,5213.143605086348,18553.233333333334,4864.103926998641,-2770.0,-0.12225262600406038,0.279907128604548,12016.3296,3022.976,648,volume_x_abandon
2025-11-04,26086.0,356.85,0.9151,0.0233,C,1,11,4,45,4,0,28697.0,11046.0,20353.0,23169.0,22475.0,21252.0,18575.666666666668,9106.42643045742,19479.285714285714,5332.713559226825,19054.0,5384.4183172729545,19024.1,5407.529918293688,5733.0,0.2816783766520906,0.2737633010493768,23871.298600000002,607.8038,673,volume_x_abandon
2025-12-01,30208.0,354.82,0.8361,0.0184,C,0,12,1,49,4,0,10504.0,13970.0,23045.0,24695.0,27159.0,28697.0,14527.666666666666,4329.520797193777,15965.285714285714,6599.09174847283,17792.35714285714,6063.543982842713,19194.133333333335,6185.589519661575,7163.0,0.3108266435235409,0.4133400345330477,25256.908799999997,555.8272,700,volume_x_abandon
2025-12-02,25221.0,360.11,0.7246,0.0533,C,1,12,2,49,4,0,30208.0,10504.0,21420.0,22666.0,22195.0,26086.0,18227.333333333332,10519.295096789208,16988.571428571428,8232.970623396783,18186.14285714286,6692.68327075451,19668.266666666666,6469.664607484173,3801.0,0.17745098039215687,0.4846181833482802,18275.1366,1344.2793,701,volume_x_abandon
2025-12-03,25483.0,358.74,0.7146,0.0274,C,2,12,3,49,4,0,25221.0,30208.0,19063.0,22543.0,23861.0,25118.0,21977.666666666668,10244.574775623123,17531.571428571428,8686.792750245302,18368.64285714286,6857.05660791682,20140.766666666666,6334.448568566651,6420.0,0.3367780517232335,0.4954942450902219,18210.1518,698.2342,702,volume_x_abandon
2025-12-20,14353.0,346.72,0.7582,0.064,C,5,12,20,51,4,1,20158.0,20586.0,14148.0,14974.0,13970.0,14660.0,20739.666666666668,671.8127219199993,18753.14285714286,5011.804745750142,19024.14285714286,4837.2192243246245,19098.033333333333,5834.921566611304,205.0,0.01448968052021487,0.26725145667203204,10882.444599999999,918.592,719,volume_x_abandon
2025-12-26,17942.0,351.83,0.8604,0.0444,C,4,12,26,52,4,0,2950.0,12669.0,20158.0,20356.0,22547.0,19109.0,11611.333333333334,8183.920230142361,14498.714285714286,6771.544228467813,16640.071428571428,6143.274377026358,18079.233333333334,6542.667428626425,-2216.0,-0.10993154082746304,0.4670444630486909,15437.2968,796.6248,725,volume_x_abandon
2025-12-27,12781.0,337.87,0.8604,0.0444,C,5,12,27,52,4,1,17942.0,2950.0,14353.0,14148.0,14974.0,13970.0,11187.0,7605.08113040223,14182.142857142857,6509.6088829916935,16467.64285714286,6064.323864996036,18041.866666666665,6540.055792935758,-1572.0,-0.10952414129450289,0.4590003745247228,10996.7724,567.4764,726,volume_x_abandon
2025-12-29,22613.0,363.29,0.8604,0.0444,C,0,12,29,1,4,0,8573.0,12781.0,22364.0,23857.0,24128.0,30208.0,13098.666666666666,4692.57118575024,13784.857142857143,6673.085628817034,16295.642857142857,6209.407832625278,17961.833333333332,6370.604746280627,249.0,0.011133965301377214,0.48408812363172055,19456.2252,1004.0172,728,volume_x_abandon
2025-12-31,16437.0,348.89,0.6835,0.0779,C,2,12,31,1,4,0,20907.0,22613.0,12669.0,21475.0,22420.0,25483.0,17364.333333333332,7661.153002866701,14062.142857142857,6978.71885158905,16169.142857142857,6067.634450440786,18596.7,6224.576474444414,3768.0,0.2974188965190623,0.49627705553028245,11234.6895,1280.4423,730,volume_x_abandon
2024-01-02,16184.0,348.04,0.5553,0.071,D,1,1,2,1,1,0,4380.0,,,,,,,,,,,,,,,0.0,0.0,8986.9752,1149.0639999999999,1,volume_x_abandon
2024-01-03,15575.0,333.97,0.5945,0.0679,D,2,1,3,1,1,0,16184.0,4380.0,,,,,,,,,,,,,,0.0,0.0,9259.3375,1057.5425,2,volume_x_abandon
2024-04-29,14093.0,331.58,0.7428,0.0429,D,0,4,29,18,2,0,5509.0,7890.0,14759.0,13959.0,12462.0,13620.0,8569.333333333334,3450.5246460985177,11346.857142857143,3350.869212038941,11324.714285714286,3189.67901516441,10714.833333333334,3433.1747153963465,-666.0,-0.0451250084694085,0.29531254071955215,10468.2804,604.5897,119,volume_x_abandon
2024-05-20,14445.0,320.28,0.7317,0.0427,D,0,5,20,21,2,0,5386.0,8179.0,14327.0,16467.0,14093.0,14759.0,8725.0,3642.8191006416964,11464.42857142857,3348.189055650973,11743.42857142857,3775.0913124827052,11558.3,3641.841341295968,118.0,0.008236197389544217,0.2920502347579072,10569.406500000001,616.8015,140,volume_x_abandon
2024-05-21,13277.0,317.96,0.6616,0.05,D,1,5,21,21,2,0,14445.0,5386.0,13061.0,14974.0,14098.0,13656.0,9336.666666666666,4639.12861789079,11481.285714285714,3365.256835878738,11599.0,3615.792433627365,11766.133333333333,3622.0270827957306,216.0,0.01653778424316668,0.29310801243204676,8784.063199999999,663.85,141,volume_x_abandon
2024-08-19,13784.0,333.49,0.8555,0.0496,D,0,8,19,34,3,0,5658.0,8108.0,13286.0,15795.0,13599.0,14515.0,8647.0,3291.7644204894077,10799.714285714286,2807.389339717933,11230.5,3176.855454206731,10977.433333333332,3162.028317648212,498.0,0.037483064880325156,0.25995033437426296,11792.212000000001,683.6863999999999,231,volume_x_abandon
2024-09-03,15529.0,338.54,0.6855,0.0426,D,1,9,3,36,3,0,8285.0,5626.0,12498.0,12830.0,12419.0,14045.0,7273.333333333333,1438.966411468062,9841.42857142857,2585.7659637035194,10501.42857142857,2856.069265328075,10801.166666666666,3068.1485609327992,3031.0,0.24251880300848136,0.2627429488448924,10645.1295,661.5354,246,volume_x_abandon
2024-10-21,14024.0,320.04,0.8494,0.0466,D,0,10,21,43,4,0,5359.0,7741.0,11717.0,13849.0,12820.0,13810.0,8320.666666666666,3290.024670626845,10498.285714285714,2800.928043481642,10563.357142857143,2808.762131044779,10478.566666666668,2979.56550504441,2307.0,0.19689340274814374,0.26679861071700817,11911.9856,653.5184,294,volume_x_abandon
2024-12-18,13390.0,318.86,0.7342,0.044,D,2,12,18,51,4,0,13228.0,14051.0,13473.0,15058.0,10615.0,12937.0,11074.666666666666,4461.439491165752,11433.57142857143,3039.033720178331,11928.714285714286,3052.616996524864,11419.5,3490.8673633175813,-83.0,-0.00616046908632079,0.26579916338162446,9830.938,589.16,352,volume_x_abandon
2025-02-04,12459.0,333.55,0.5933,0.0638,D,1,2,4,6,1,0,14430.0,5703.0,11051.0,11343.0,11956.0,13309.0,9514.333333333334,4467.079172494406,10279.57142857143,2690.0721710976954,10159.785714285714,2573.688618383282,10198.966666666667,2746.872221063542,1408.0,0.1274092842276717,0.26169108214188846,7391.9247000000005,794.8842,400,volume_x_abandon
2025-03-21,10756.0,336.11,0.871,0.0665,D,4,3,21,12,1,0,11007.0,11170.0,10367.0,10812.0,11457.0,11256.0,11086.333333333334,81.58635506840925,9677.285714285714,2632.471190996883,9716.857142857143,2473.3912520493664,10163.1,2525.0820724114637,389.0,0.03752290923121443,0.2720257796161583,9368.476,715.274,445,volume_x_abandon
2025-04-01,11990.0,329.48,0.753,0.0675,D,1,4,1,14,2,0,11426.0,4434.0,10898.0,11082.0,11339.0,12171.0,7617.333333333333,3537.6966140885006,9302.285714285714,2584.8578113238427,9487.285714285714,2527.0995057749437,9698.766666666666,2661.8934754630254,1092.0,0.10020187190310148,0.2778734056033371,9028.47,809.325,456,volume_x_abandon
2025-04-09,11237.0,316.26,0.7225,0.0559,D,2,4,9,15,2,0,11559.0,12304.0,11691.0,10520.0,11170.0,11330.0,9607.333333333334,4042.77235734753,10173.714285714286,2836.361267204023,9816.0,2698.392626959763,9845.633333333333,2524.2528629461694,-454.0,-0.038833290565392184,0.27879309242906314,8118.7325,628.1483,464,volume_x_abandon
2025-06-30,11446.0,326.09,0.7107,0.0794,D,0,6,30,27,2,0,4087.0,6765.0,11245.0,11868.0,12417.0,13042.0,6895.333333333333,2875.715968821203,9029.57142857143,2625.6640974010625,9255.07142857143,2630.4499312207777,9216.433333333332,2762.741949876821,201.0,0.017874610938194754,0.29078501877651897,8134.6722,908.8124,546,volume_x_abandon
2025-08-04,13113.0,311.48,0.7548,0.0432,D,0,8,4,32,3,0,5115.0,7689.0,11540.0,11978.0,11483.0,13692.0,8107.333333333333,3221.9333222978535,9363.42857142857,2283.8616316188977,9253.357142857143,2387.184747036469,9259.066666666668,2682.716969832983,1573.0,0.13630849220103985,0.24391296566172777,9897.6924,566.4816000000001,581,volume_x_abandon
2025-08-18,11935.0,310.76,0.7829,0.0497,D,0,8,18,34,3,0,4818.0,6845.0,12157.0,13113.0,11540.0,11978.0,7355.666666666667,2827.7967277251855,9410.714285714286,2598.894041336663,9655.714285714286,2701.1863327796636,9220.133333333333,2600.5307247895944,-222.0,-0.01826108414904993,0.2761633136904234,9343.9115,593.1695,595,volume_x_abandon
2025-10-01,11483.0,330.35,0.6829,0.0918,D,2,10,1,40,4,0,10517.0,10835.0,10320.0,10717.0,10760.0,10141.0,8620.0,3564.644302030704,9016.0,2440.381527548505,9164.42857142857,2417.312293700336,9308.433333333332,2358.294440441242,1163.0,0.1126937984496124,0.27067230784699475,7841.740699999999,1054.1394,639,volume_x_abandon
2025-10-03,11558.0,344.46,0.5722,0.1334,D,4,10,3,40,4,0,11278.0,11483.0,10011.0,10210.0,9940.0,10141.0,11092.666666666666,508.96987468156476,9326.285714285714,2676.787235616959,9281.57142857143,2506.42269485312,9391.066666666668,2409.0474427891972,1547.0,0.15453001698132054,0.2870153582703069,6613.4876,1541.8372,641,volume_x_abandon
2025-10-04,7866.0,348.54,0.6571,0.1119,D,5,10,4,40,4,1,11558.0,11278.0,6652.0,7000.0,6630.0,7234.0,11439.666666666666,144.94251734179937,9547.285714285714,2803.5979094897357,9377.857142857143,2569.9201680849387,9438.3,2437.975759405382,1214.0,0.18250150330727602,0.29365392357481035,5168.7486,880.2053999999999,642,volume_x_abandon
2025-10-10,10245.0,356.44,0.7622,0.1997,D,4,10,10,41,4,0,10800.0,11194.0,11558.0,10011.0,10210.0,9940.0,11097.666666666666,263.07856874586327,10040.42857142857,2613.7821802350463,9683.357142857143,2568.5566616634856,9518.7,2434.7064136543504,-1313.0,-0.11360096902578301,0.26032575817260684,7808.739,2045.9264999999998,648,volume_x_abandon
2025-11-04,12084.0,321.64,0.8986,0.0445,D,1,11,4,45,4,0,13314.0,5575.0,10643.0,10468.0,10641.0,11299.0,8889.333333333334,3987.1870201099564,9324.142857142857,2387.161244977763,9194.642857142857,2347.21103266583,9250.533333333333,2492.820086089081,1441.0,0.13539415578314384,0.25601937696064503,10858.6824,537.7379999999999,673,volume_x_abandon
2025-12-02,14196.0,347.76,0.802,0.0531,D,1,12,2,49,4,0,15505.0,5556.0,11292.0,12096.0,11472.0,12084.0,9595.0,5231.74263510735,8870.0,4252.124919770503,9675.07142857143,3523.5973851969907,9947.366666666667,3116.2375577115286,2904.0,0.25717321997874604,0.47938274180050766,11385.192000000001,753.8076,701,volume_x_abandon
