Month,Day,Interval,Service Level,Call Volume,Abandoned Calls,Abandoned Rate,CCT,client,outlier_column
April,1,22:30:00,0.6364,13.0,2.0,0.1538,192.36,A,Service Level
April,2,08:30:00,0.642,84.0,3.0,0.0357,249.33,A,Service Level
April,2,22:30:00,0.4375,16.0,0.0,0.0,258.94,A,Service Level
April,3,06:30:00,0.5,3.0,1.0,0.3333,323.5,A,Service Level
April,3,22:30:00,0.5,13.0,1.0,0.0769,320.42,A,Service Level
April,3,23:00:00,0.5,14.0,0.0,0.0,275.0,A,Service Level
April,4,04:00:00,0.5,2.0,0.0,0.0,276.5,A,Service Level
April,4,04:30:00,0.25,4.0,0.0,0.0,359.75,A,Service Level
April,4,06:30:00,0.25,7.0,3.0,0.4286,333.75,A,Service Level
April,4,22:30:00,0.5833,12.0,0.0,0.0,187.5,A,Service Level
April,4,23:00:00,0.6667,10.0,1.0,0.1,209.56,A,Service Level
April,5,01:30:00,0.5,3.0,1.0,0.3333,676.5,A,Service Level
April,5,02:00:00,0.5,1.0,1.0,1.0,676.5,A,Service Level
April,5,22:30:00,0.375,9.0,1.0,0.1111,284.38,A,Service Level
April,5,23:00:00,0.3,13.0,3.0,0.2308,355.9,A,Service Level
April,6,00:00:00,0.5,2.0,0.0,0.0,762.0,A,Service Level
April,6,00:30:00,0.0,3.0,2.0,0.6667,366.0,A,Service Level
April,6,22:30:00,0.6,12.0,2.0,0.1667,324.2,A,Service Level
April,7,22:30:00,0.4,10.0,0.0,0.0,283.1,A,Service Level
April,8,06:30:00,0.1429,8.0,1.0,0.125,206.29,A,Service Level
April,8,07:00:00,0.4,5.0,0.0,0.0,268.4,A,Service Level
April,8,22:30:00,0.5556,22.0,4.0,0.1818,273.33,A,Service Level
April,8,23:00:00,0.2667,15.0,0.0,0.0,427.93,A,Service Level
April,9,12:00:00,0.6769,232.0,3.0,0.0129,315.1,A,Service Level
April,9,22:30:00,0.5,12.0,0.0,0.0051,295.94,A,Service Level
April,10,06:30:00,0.5,2.0,0.0,0.0,271.0,A,Service Level
April,10,07:00:00,0.5714,8.0,1.0,0.125,321.57,A,Service Level
April,10,07:30:00,0.1538,15.0,2.0,0.1333,245.62,A,Service Level
April,10,15:30:00,0.6211,209.0,19.0,0.0909,329.06,A,Service Level
April,10,23:30:00,0.5455,12.0,1.0,0.0833,364.0,A,Service Level
April,11,01:30:00,0.25,4.0,0.0,0.0,207.75,A,Service Level
April,11,06:30:00,0.25,6.0,2.0,0.3333,340.5,A,Service Level
April,11,07:00:00,0.6667,7.0,1.0,0.1429,454.0,A,Service Level
April,11,07:30:00,0.1538,15.0,2.0,0.1333,243.85,A,Service Level
April,11,23:00:00,0.4444,10.0,1.0,0.1,373.44,A,Service Level
April,12,22:30:00,0.3333,8.0,2.0,0.25,250.33,A,Service Level
April,12,23:00:00,0.5714,9.0,2.0,0.2222,215.0,A,Service Level
April,13,00:00:00,0.5,2.0,0.0,0.0,193.5,A,Service Level
April,13,06:00:00,0.6667,3.0,0.0,0.0,47.67,A,Service Level
April,13,15:00:00,0.6207,91.0,4.0,0.044,332.31,A,Service Level
April,14,22:30:00,0.2857,10.0,3.0,0.3,440.29,A,Service Level
April,15,05:30:00,0.5,2.0,0.0,0.0,457.0,A,Service Level
April,15,23:00:00,0.3636,11.0,0.0,0.0,306.64,A,Service Level
April,15,23:30:00,0.6364,11.0,0.0,0.0,392.09,A,Service Level
April,16,06:30:00,0.6667,4.0,1.0,0.25,265.67,A,Service Level
April,16,07:00:00,0.6,5.0,0.0,0.0,250.6,A,Service Level
April,16,07:30:00,0.4706,18.0,1.0,0.0556,323.82,A,Service Level
April,16,11:30:00,0.6737,242.0,6.0,0.0248,356.61,A,Service Level
April,17,08:30:00,0.5429,78.0,8.0,0.1026,336.29,A,Service Level
April,17,22:30:00,0.4,15.0,0.0,0.0,244.73,A,Service Level
April,17,23:30:00,0.625,9.0,1.0,0.1111,502.5,A,Service Level
April,18,07:00:00,0.4,11.0,1.0,0.0909,414.3,A,Service Level
April,18,07:30:00,0.6364,11.0,0.0,0.0,349.36,A,Service Level
April,18,23:00:00,0.3333,6.0,0.0,0.0,310.67,A,Service Level
April,19,02:00:00,0.0,1.0,0.0,0.0,1920.0,A,Service Level
April,20,22:30:00,0.6667,10.0,1.0,0.1,264.56,A,Service Level
April,21,06:30:00,0.6667,4.0,1.0,0.25,264.0,A,Service Level
April,21,13:30:00,0.6753,242.0,11.0,0.0455,355.56,A,Service Level
April,21,14:30:00,0.3406,263.0,34.0,0.1293,326.86,A,Service Level
April,21,21:30:00,0.6818,25.0,3.0,0.12,408.55,A,Service Level
April,21,22:30:00,0.5,7.0,1.0,0.1429,418.0,A,Service Level
April,21,23:00:00,0.5,13.0,3.0,0.2308,282.7,A,Service Level
April,22,06:30:00,0.3333,4.0,1.0,0.25,794.33,A,Service Level
April,22,07:00:00,0.6,5.0,0.0,0.0,247.8,A,Service Level
April,22,07:30:00,0.4286,15.0,1.0,0.0667,419.86,A,Service Level
April,22,23:00:00,0.4545,12.0,1.0,0.0833,411.27,A,Service Level
April,23,07:00:00,0.25,4.0,0.0,0.0,131.25,A,Service Level
April,23,13:30:00,0.668,264.0,14.0,0.053,319.92,A,Service Level
April,23,22:30:00,0.2857,8.0,1.0,0.125,235.43,A,Service Level
April,23,23:00:00,0.4,5.0,0.0,0.0,211.8,A,Service Level
April,24,06:30:00,0.0,2.0,0.0,0.0,436.5,A,Service Level
April,24,08:00:00,0.4407,64.0,5.0,0.0781,339.36,A,Service Level
April,24,08:30:00,0.5398,115.0,2.0,0.0174,346.22,A,Service Level
April,24,16:30:00,0.6857,219.0,9.0,0.0411,350.61,A,Service Level
April,24,23:00:00,0.6667,10.0,1.0,0.1,464.67,A,Service Level
April,25,06:30:00,0.0,2.0,1.0,0.5,321.0,A,Service Level
April,25,07:00:00,0.5,10.0,2.0,0.2,291.25,A,Service Level
April,25,22:30:00,0.5455,14.0,3.0,0.2143,404.45,A,Service Level
April,25,23:00:00,0.125,15.0,7.0,0.4667,462.13,A,Service Level
April,25,23:30:00,0.6667,12.0,3.0,0.25,396.0,A,Service Level
April,26,12:30:00,0.511,186.0,4.0,0.0215,310.18,A,Service Level
April,26,23:00:00,0.5,4.0,0.0,0.0,454.0,A,Service Level
April,27,00:30:00,0.6667,3.0,0.0,0.0,574.67,A,Service Level
April,27,15:30:00,0.5402,96.0,9.0,0.0938,338.22,A,Service Level
April,27,22:30:00,0.6875,17.0,1.0,0.0588,302.0,A,Service Level
April,28,06:30:00,0.0,2.0,1.0,0.5,318.0,A,Service Level
April,29,07:30:00,0.625,8.0,0.0,0.0,233.88,A,Service Level
April,29,16:00:00,0.5378,262.0,11.0,0.042,358.62,A,Service Level
April,29,22:30:00,0.6429,14.0,0.0,0.0,181.43,A,Service Level
April,29,23:30:00,0.5714,7.0,0.0,0.0,286.29,A,Service Level
April,30,06:30:00,0.6667,6.0,0.0,0.0,480.67,A,Service Level
April,30,07:00:00,0.5,10.0,2.0,0.2,223.5,A,Service Level
April,30,08:30:00,0.2111,100.0,10.0,0.1,267.2,A,Service Level
April,30,09:00:00,0.5217,122.0,7.0,0.0574,333.17,A,Service Level
April,30,09:30:00,0.6486,158.0,10.0,0.0633,354.67,A,Service Level
April,30,22:30:00,0.3571,14.0,0.0,0.0,248.0,A,Service Level
May,1,06:00:00,0.6667,7.0,4.0,0.5714,297.67,A,Service Level
May,1,06:30:00,0.0,7.0,4.0,0.5714,518.67,A,Service Level
May,1,07:00:00,0.0,10.0,5.0,0.5,409.2,A,Service Level
May,1,07:30:00,0.45,22.0,2.0,0.0909,274.75,A,Service Level
May,1,08:30:00,0.6163,89.0,3.0,0.0337,342.74,A,Service Level
May,1,22:30:00,0.6875,16.0,0.0,0.0,278.44,A,Service Level
May,1,23:00:00,0.6667,13.0,1.0,0.0769,326.08,A,Service Level
May,2,04:00:00,0.0,1.0,0.0,0.0,201.0,A,Service Level
May,2,06:30:00,0.0,3.0,1.0,0.3333,186.5,A,Service Level
May,2,07:00:00,0.0,15.0,5.0,0.3333,276.6,A,Service Level
May,2,07:30:00,0.25,17.0,1.0,0.0588,432.25,A,Service Level
May,2,22:30:00,0.4,22.0,2.0,0.0909,332.8,A,Service Level
May,2,23:00:00,0.125,18.0,2.0,0.1111,340.06,A,Service Level
May,3,00:00:00,0.6667,6.0,0.0,0.0,586.83,A,Service Level
May,3,06:30:00,0.6667,3.0,0.0,0.0,315.0,A,Service Level
May,3,07:00:00,0.6667,8.0,2.0,0.25,223.5,A,Service Level
May,3,07:30:00,0.4667,15.0,0.0,0.0,311.6,A,Service Level
May,3,22:30:00,0.4,6.0,1.0,0.1667,160.0,A,Service Level
May,4,13:00:00,0.6897,88.0,1.0,0.0114,276.54,A,Service Level
May,4,14:30:00,0.5795,97.0,9.0,0.0928,295.75,A,Service Level
May,4,15:00:00,0.6203,86.0,7.0,0.0814,285.46,A,Service Level
May,4,22:30:00,0.375,18.0,2.0,0.1111,236.88,A,Service Level
May,5,06:30:00,0.6,5.0,0.0,0.0,312.6,A,Service Level
May,5,07:30:00,0.6667,14.0,2.0,0.1429,304.58,A,Service Level
May,5,22:30:00,0.3889,24.0,6.0,0.25,334.33,A,Service Level
May,5,23:00:00,0.2381,22.0,1.0,0.0455,328.71,A,Service Level
May,6,06:30:00,0.0,3.0,0.0,0.0,612.33,A,Service Level
May,7,06:30:00,0.0,4.0,0.0,0.0,261.5,A,Service Level
May,7,07:00:00,0.4286,7.0,0.0,0.0,296.57,A,Service Level
May,7,07:30:00,0.6111,18.0,0.0,0.0,235.83,A,Service Level
May,7,08:00:00,0.66,52.0,2.0,0.0385,327.18,A,Service Level
May,7,22:30:00,0.2222,10.0,1.0,0.1,209.22,A,Service Level
May,8,01:00:00,0.6667,16.0,7.0,0.4375,182.78,A,Service Level
May,8,01:30:00,0.1429,13.0,6.0,0.4615,258.43,A,Service Level
May,8,02:00:00,0.0,10.0,6.0,0.6,435.5,A,Service Level
May,8,02:30:00,0.3333,4.0,1.0,0.25,179.67,A,Service Level
May,8,06:30:00,0.25,6.0,2.0,0.3333,180.25,A,Service Level
May,8,07:00:00,0.2222,12.0,3.0,0.25,287.78,A,Service Level
May,8,08:30:00,0.6706,88.0,3.0,0.0341,305.18,A,Service Level
May,8,22:30:00,0.5556,10.0,1.0,0.1,355.67,A,Service Level
May,8,23:00:00,0.3636,14.0,3.0,0.2143,271.27,A,Service Level
May,8,23:30:00,0.5,14.0,2.0,0.1429,426.5,A,Service Level
May,9,06:30:00,0.0,3.0,2.0,0.6667,232.0,A,Service Level
May,9,07:00:00,0.2,8.0,3.0,0.375,286.2,A,Service Level
May,9,07:30:00,0.2143,20.0,6.0,0.3,301.71,A,Service Level
May,10,07:00:00,0.0769,13.0,0.0,0.0,191.54,A,Service Level
May,10,07:30:00,0.125,16.0,0.0,0.0,255.75,A,Service Level
May,10,22:30:00,0.6,11.0,1.0,0.0909,272.9,A,Service Level
May,12,06:30:00,0.5,3.0,1.0,0.3333,132.0,A,Service Level
May,12,22:30:00,0.4286,17.0,3.0,0.1765,447.43,A,Service Level
May,12,23:00:00,0.5556,9.0,0.0,0.0,277.44,A,Service Level
May,13,06:30:00,0.0,1.0,0.0,0.0,131.0,A,Service Level
May,13,07:00:00,0.5556,9.0,0.0,0.0,249.11,A,Service Level
May,13,08:30:00,0.5393,92.0,3.0,0.0326,293.2,A,Service Level
May,13,23:00:00,0.4444,9.0,0.0,0.0,334.67,A,Service Level
May,14,06:30:00,0.5714,7.0,0.0,0.0,196.57,A,Service Level
May,14,07:00:00,0.5455,13.0,2.0,0.1538,312.82,A,Service Level
May,14,08:30:00,0.5106,99.0,5.0,0.0505,316.16,A,Service Level
May,14,15:00:00,0.6736,250.0,8.0,0.032,315.54,A,Service Level
May,14,22:30:00,0.6364,14.0,3.0,0.2143,329.82,A,Service Level
May,15,06:30:00,0.5,8.0,4.0,0.5,280.0,A,Service Level
May,15,07:00:00,0.1429,15.0,1.0,0.0667,314.79,A,Service Level
May,15,15:30:00,0.5973,232.0,11.0,0.0474,333.84,A,Service Level
May,16,06:30:00,0.0,1.0,0.0,0.0,158.0,A,Service Level
May,16,07:00:00,0.3333,9.0,0.0,0.0,221.11,A,Service Level
May,16,07:30:00,0.6429,15.0,1.0,0.0667,222.79,A,Service Level
May,16,23:00:00,0.1429,8.0,1.0,0.125,317.0,A,Service Level
May,17,00:00:00,0.6667,6.0,0.0,0.0,483.0,A,Service Level
May,17,01:30:00,0.0,1.0,0.0,0.0,686.0,A,Service Level
May,17,06:30:00,0.0,1.0,0.0,0.0,220.0,A,Service Level
May,17,07:00:00,0.6667,3.0,0.0,0.0,201.67,A,Service Level
May,17,07:30:00,0.2308,15.0,2.0,0.1333,460.62,A,Service Level
May,17,22:30:00,0.5,8.0,0.0,0.0,385.13,A,Service Level
May,18,00:30:00,0.6,5.0,0.0,0.0,642.4,A,Service Level
May,18,01:30:00,0.6667,6.0,0.0,0.0,176.67,A,Service Level
May,18,22:30:00,0.3333,10.0,1.0,0.1,220.56,A,Service Level
May,19,06:30:00,0.6667,3.0,0.0,0.0,122.0,A,Service Level
May,19,07:00:00,0.5714,7.0,0.0,0.0,249.29,A,Service Level
May,19,22:30:00,0.4615,18.0,5.0,0.2778,319.46,A,Service Level
May,20,06:30:00,0.2,5.0,0.0,0.0,333.6,A,Service Level
May,20,09:00:00,0.5854,129.0,6.0,0.0465,314.19,A,Service Level
May,20,10:00:00,0.6492,198.0,7.0,0.0354,368.14,A,Service Level
May,20,22:30:00,0.6364,15.0,4.0,0.2667,272.64,A,Service Level
May,20,23:00:00,0.3333,10.0,1.0,0.1,328.78,A,Service Level
May,21,06:30:00,0.5,4.0,0.0,0.0,359.5,A,Service Level
May,21,07:30:00,0.5,18.0,0.0,0.0,274.17,A,Service Level
May,21,08:30:00,0.5326,97.0,5.0,0.0515,345.26,A,Service Level
May,22,02:00:00,0.5,2.0,0.0,0.0,217.0,A,Service Level
May,22,03:00:00,0.5,0.0,0.0,0.0,217.0,A,Service Level
May,22,05:00:00,0.5,2.0,0.0,0.0,190.5,A,Service Level
May,22,06:30:00,0.0,4.0,1.0,0.25,196.0,A,Service Level
May,22,22:30:00,0.1818,15.0,4.0,0.2667,294.73,A,Service Level
May,23,06:30:00,0.0,5.0,3.0,0.6,171.0,A,Service Level
May,23,07:00:00,0.0,9.0,4.0,0.4444,383.4,A,Service Level
May,23,07:30:00,0.2727,12.0,1.0,0.0833,557.45,A,Service Level
May,23,15:30:00,0.3886,212.0,19.0,0.0896,305.73,A,Service Level
May,23,22:30:00,0.5,11.0,5.0,0.4545,447.5,A,Service Level
May,23,23:00:00,0.3077,20.0,7.0,0.35,523.46,A,Service Level
May,24,07:30:00,0.6154,16.0,3.0,0.1875,328.62,A,Service Level
May,24,12:00:00,0.6358,155.0,4.0,0.0258,336.67,A,Service Level
May,24,22:30:00,0.3333,11.0,2.0,0.1818,426.78,A,Service Level
May,24,23:30:00,0.6667,3.0,0.0,0.0,242.0,A,Service Level
May,25,00:30:00,0.0,1.0,0.0,0.0,1059.0,A,Service Level
May,25,01:00:00,0.0,1.0,0.0,0.0,1138.0,A,Service Level
May,25,23:30:00,0.625,8.0,0.0,0.0,453.0,A,Service Level
May,27,15:30:00,0.6178,263.0,4.0,0.0152,337.6,A,Service Level
May,27,20:30:00,0.6,58.0,8.0,0.1379,347.6,A,Service Level
May,27,21:00:00,0.6316,38.0,0.0,0.0,349.76,A,Service Level
May,27,22:30:00,0.6,11.0,6.0,0.5455,504.2,A,Service Level
May,27,23:00:00,0.0667,18.0,3.0,0.1667,260.73,A,Service Level
May,28,06:30:00,0.3333,3.0,0.0,0.0,207.67,A,Service Level
May,28,07:30:00,0.4,11.0,1.0,0.0909,305.2,A,Service Level
May,28,17:00:00,0.5427,195.0,31.0,0.159,353.23,A,Service Level
May,28,17:30:00,0.3976,184.0,18.0,0.0978,307.48,A,Service Level
May,28,22:30:00,0.5455,16.0,5.0,0.3125,357.82,A,Service Level
May,28,23:00:00,0.5,10.0,2.0,0.2,258.75,A,Service Level
May,29,22:30:00,0.4444,18.0,9.0,0.5,381.56,A,Service Level
May,29,23:00:00,0.0625,19.0,3.0,0.1579,440.25,A,Service Level
May,29,23:30:00,0.6429,14.0,0.0,0.0,337.71,A,Service Level
May,30,04:30:00,0.5,2.0,0.0,0.0,257.5,A,Service Level
May,30,06:30:00,0.4,7.0,2.0,0.2857,234.0,A,Service Level
May,30,07:00:00,0.1,12.0,2.0,0.1667,247.2,A,Service Level
May,30,07:30:00,0.125,11.0,3.0,0.2727,250.75,A,Service Level
May,30,10:30:00,0.5572,208.0,7.0,0.0337,342.48,A,Service Level
May,31,14:30:00,0.6159,169.0,5.0,0.0296,328.39,A,Service Level
May,31,20:00:00,0.6667,43.0,7.0,0.1628,273.39,A,Service Level
May,31,20:30:00,0.6364,32.0,10.0,0.3125,277.27,A,Service Level
May,31,21:00:00,0.6818,25.0,3.0,0.12,233.64,A,Service Level
May,31,23:00:00,0.5,6.0,0.0,0.0,437.5,A,Service Level
June,1,00:30:00,0.0,2.0,1.0,0.5,181.0,A,Service Level
June,1,01:00:00,0.0,3.0,1.0,0.3333,312.0,A,Service Level
June,1,01:30:00,0.0,2.0,0.0,0.0,377.5,A,Service Level
June,1,20:30:00,0.3333,29.0,5.0,0.1724,319.13,A,Service Level
June,1,21:00:00,0.1739,29.0,6.0,0.2069,270.87,A,Service Level
June,1,22:30:00,0.4286,14.0,7.0,0.5,290.57,A,Service Level
June,1,23:00:00,0.0,18.0,6.0,0.3333,377.42,A,Service Level
June,1,23:30:00,0.5,6.0,0.0,0.0,376.67,A,Service Level
June,2,06:30:00,0.6667,5.0,2.0,0.4,376.67,A,Service Level
June,2,07:00:00,0.6364,11.0,0.0,0.0,287.45,A,Service Level
June,2,22:30:00,0.4118,22.0,5.0,0.2273,255.76,A,Service Level
June,2,23:00:00,0.5556,18.0,0.0,0.0,356.44,A,Service Level
June,3,06:30:00,0.6667,7.0,1.0,0.1429,193.67,A,Service Level
June,3,07:30:00,0.4286,21.0,0.0,0.0,370.81,A,Service Level
June,3,22:30:00,0.4,16.0,6.0,0.375,338.3,A,Service Level
June,3,23:00:00,0.2857,7.0,0.0,0.0,297.57,A,Service Level
June,4,06:30:00,0.5,5.0,1.0,0.2,510.75,A,Service Level
June,4,07:00:00,0.1429,7.0,0.0,0.0,338.0,A,Service Level
June,4,07:30:00,0.5833,13.0,1.0,0.0769,431.92,A,Service Level
June,4,22:30:00,0.3333,9.0,0.0,0.0,222.67,A,Service Level
June,5,06:30:00,0.25,5.0,1.0,0.2,470.75,A,Service Level
June,5,07:00:00,0.6667,6.0,0.0,0.0,375.83,A,Service Level
June,5,07:30:00,0.4118,20.0,3.0,0.15,354.65,A,Service Level
June,5,22:30:00,0.5909,26.0,4.0,0.1538,317.82,A,Service Level
June,6,05:30:00,0.6,5.0,0.0,0.0,192.8,A,Service Level
June,6,06:30:00,0.0,5.0,3.0,0.6,318.5,A,Service Level
June,6,07:00:00,0.4,9.0,4.0,0.4444,322.0,A,Service Level
June,6,07:30:00,0.2667,19.0,4.0,0.2105,298.93,A,Service Level
June,7,07:00:00,0.6667,3.0,0.0,0.0,272.0,A,Service Level
June,7,12:00:00,0.5615,150.0,20.0,0.1333,323.22,A,Service Level
June,7,12:30:00,0.5949,166.0,8.0,0.0482,313.01,A,Service Level
June,7,23:00:00,0.5714,7.0,0.0,0.0,346.0,A,Service Level
June,8,01:00:00,0.6667,3.0,0.0,0.0,639.67,A,Service Level
June,8,13:00:00,0.6806,74.0,2.0,0.027,344.85,A,Service Level
June,8,22:30:00,0.5,14.0,2.0,0.1429,291.0,A,Service Level
June,9,06:30:00,0.5,2.0,0.0,0.0,166.5,A,Service Level
June,9,22:30:00,0.375,10.0,2.0,0.2,213.88,A,Service Level
June,10,00:00:00,0.6667,6.0,0.0,0.0,438.0,A,Service Level
June,10,07:00:00,0.6,10.0,0.0,0.0,284.6,A,Service Level
June,10,12:30:00,0.6368,231.0,8.0,0.0346,321.06,A,Service Level
June,10,22:30:00,0.5,10.0,2.0,0.2,300.5,A,Service Level
June,10,23:00:00,0.5556,10.0,1.0,0.1,285.11,A,Service Level
June,11,07:00:00,0.0625,17.0,1.0,0.0588,392.25,A,Service Level
June,11,15:00:00,0.6425,227.0,6.0,0.0264,312.98,A,Service Level
June,11,22:30:00,0.5,23.0,3.0,0.1304,296.5,A,Service Level
June,11,23:00:00,0.2778,21.0,3.0,0.1429,328.0,A,Service Level
June,11,23:30:00,0.3846,13.0,0.0,0.0,379.46,A,Service Level
June,12,07:00:00,0.0,7.0,2.0,0.2857,249.8,A,Service Level
June,12,07:30:00,0.2308,15.0,2.0,0.1333,320.0,A,Service Level
June,12,22:30:00,0.6,11.0,1.0,0.0909,195.1,A,Service Level
June,12,23:00:00,0.3636,11.0,0.0,0.0,483.27,A,Service Level
June,12,23:30:00,0.4,6.0,1.0,0.1667,416.4,A,Service Level
June,13,06:00:00,0.6667,3.0,0.0,0.0,625.67,A,Service Level
June,13,07:00:00,0.2857,7.0,0.0,0.0,292.14,A,Service Level
June,13,07:30:00,0.0,8.0,0.0,0.0,524.0,A,Service Level
June,13,22:30:00,0.6875,17.0,1.0,0.0588,286.31,A,Service Level
June,14,06:30:00,0.0,3.0,1.0,0.3333,230.0,A,Service Level
June,14,07:00:00,0.3333,4.0,1.0,0.25,420.33,A,Service Level
June,14,12:30:00,0.4527,164.0,16.0,0.0976,297.0,A,Service Level
June,16,06:30:00,0.5,2.0,0.0,0.0,194.5,A,Service Level
June,16,22:30:00,0.5,11.0,1.0,0.0909,358.8,A,Service Level
June,16,23:00:00,0.5,19.0,1.0,0.0526,385.44,A,Service Level
June,17,07:00:00,0.6667,10.0,1.0,0.1,231.56,A,Service Level
June,17,07:30:00,0.6,16.0,1.0,0.0625,385.8,A,Service Level
June,18,06:30:00,0.6667,3.0,0.0,0.0,280.67,A,Service Level
June,18,07:00:00,0.6,17.0,2.0,0.1176,276.0,A,Service Level
June,18,07:30:00,0.6316,22.0,3.0,0.1364,332.63,A,Service Level
June,18,23:30:00,0.5,10.0,0.0,0.0,320.6,A,Service Level
June,19,06:30:00,0.4,5.0,0.0,0.0,228.4,A,Service Level
June,19,07:30:00,0.6667,9.0,0.0,0.0,305.0,A,Service Level
June,19,22:30:00,0.6842,19.0,0.0,0.0,260.84,A,Service Level
June,20,06:30:00,0.0,6.0,5.0,0.8333,777.0,A,Service Level
June,20,07:00:00,0.0,12.0,10.0,0.8333,328.5,A,Service Level
June,20,07:30:00,0.3333,21.0,18.0,0.8571,261.67,A,Service Level
June,20,21:00:00,0.6222,47.0,2.0,0.0426,270.44,A,Service Level
June,20,22:30:00,0.4,19.0,4.0,0.2105,391.67,A,Service Level
June,20,23:30:00,0.0,15.0,7.0,0.4667,345.63,A,Service Level
June,21,07:00:00,0.3333,3.0,0.0,0.0,159.33,A,Service Level
June,21,12:30:00,0.6871,174.0,11.0,0.0632,323.06,A,Service Level
June,21,17:00:00,0.5447,129.0,6.0,0.0465,303.88,A,Service Level
June,22,23:30:00,0.5714,8.0,1.0,0.125,273.29,A,Service Level
June,23,07:00:00,0.2857,7.0,0.0,0.0,289.29,A,Service Level
June,23,07:30:00,0.6429,14.0,0.0,0.0,204.5,A,Service Level
June,23,23:00:00,0.625,18.0,2.0,0.1111,306.94,A,Service Level
June,24,06:30:00,0.5,2.0,0.0,0.0,398.5,A,Service Level
June,24,07:00:00,0.625,8.0,0.0,0.0,235.63,A,Service Level
June,24,22:30:00,0.5,11.0,1.0,0.0909,274.3,A,Service Level
June,24,23:00:00,0.3636,12.0,1.0,0.0833,456.73,A,Service Level
June,25,06:30:00,0.6667,4.0,1.0,0.25,219.33,A,Service Level
June,25,09:00:00,0.5379,138.0,6.0,0.0435,300.21,A,Service Level
June,26,06:30:00,0.4,6.0,1.0,0.1667,249.8,A,Service Level
June,26,07:00:00,0.2727,13.0,2.0,0.1538,192.91,A,Service Level
June,26,22:00:00,0.5172,36.0,7.0,0.1944,368.97,A,Service Level
June,26,22:30:00,0.3333,20.0,5.0,0.25,309.93,A,Service Level
June,26,23:00:00,0.6,5.0,0.0,0.0,279.8,A,Service Level
June,27,06:00:00,0.0,2.0,1.0,0.5,138.0,A,Service Level
June,27,06:30:00,0.0,3.0,3.0,1.0,138.0,A,Service Level
June,27,07:00:00,0.1111,9.0,0.0,0.0,278.78,A,Service Level
June,27,07:30:00,0.5,9.0,1.0,0.1111,540.25,A,Service Level
June,27,23:00:00,0.625,8.0,0.0,0.0,254.63,A,Service Level
June,27,23:30:00,0.5,4.0,0.0,0.0,163.75,A,Service Level
June,28,01:00:00,0.5,3.0,1.0,0.3333,660.0,A,Service Level
June,28,06:30:00,0.5,2.0,0.0,0.0,275.0,A,Service Level
June,28,07:00:00,0.0,5.0,1.0,0.2,294.5,A,Service Level
June,28,07:30:00,0.0,7.0,2.0,0.2857,362.8,A,Service Level
June,28,12:30:00,0.4908,171.0,8.0,0.0468,344.13,A,Service Level
June,28,17:30:00,0.68,111.0,11.0,0.0991,406.8,A,Service Level
June,28,20:30:00,0.5862,35.0,6.0,0.1714,277.69,A,Service Level
June,28,21:00:00,0.5217,24.0,1.0,0.0417,423.22,A,Service Level
June,28,22:00:00,0.1429,7.0,0.0,0.0,407.14,A,Service Level
June,28,22:30:00,0.5714,8.0,1.0,0.125,290.14,A,Service Level
June,28,23:00:00,0.0,10.0,2.0,0.2,338.25,A,Service Level
June,29,00:00:00,0.6,6.0,1.0,0.1667,494.0,A,Service Level
June,29,00:30:00,0.0,5.0,2.0,0.4,433.67,A,Service Level
June,29,01:30:00,0.3333,4.0,1.0,0.25,286.67,A,Service Level
June,29,22:30:00,0.4,6.0,1.0,0.1667,369.4,A,Service Level
June,30,07:00:00,0.6,10.0,0.0,0.0,222.0,A,Service Level
June,30,07:30:00,0.619,22.0,1.0,0.0455,328.24,A,Service Level
June,30,14:00:00,0.66,261.0,11.0,0.0421,307.77,A,Service Level
June,30,14:30:00,0.4647,286.0,17.0,0.0594,339.12,A,Service Level
June,30,15:00:00,0.6523,274.0,18.0,0.0657,339.68,A,Service Level
April,1,14:30:00,0.6572,508.0,15.0,0.0295,343.38,B,Service Level
April,3,11:30:00,0.6237,395.0,15.0,0.038,338.28,B,Service Level
April,4,04:00:00,0.5,4.0,0.0,0.0,264.75,B,Service Level
April,4,06:00:00,0.6667,3.0,0.0,0.0,131.0,B,Service Level
April,4,11:00:00,0.4771,317.0,11.0,0.0347,331.05,B,Service Level
April,5,01:30:00,0.0,6.0,2.0,0.3333,359.0,B,Service Level
April,5,02:00:00,0.5,4.0,2.0,0.5,345.0,B,Service Level
April,5,12:30:00,0.6536,313.0,7.0,0.0224,316.17,B,Service Level
April,5,13:00:00,0.6735,358.0,18.0,0.0503,317.96,B,Service Level
April,5,14:00:00,0.4543,339.0,22.0,0.0649,340.85,B,Service Level
April,5,14:30:00,0.5952,347.0,11.0,0.0317,339.52,B,Service Level
April,5,19:00:00,0.5122,216.0,11.0,0.0509,344.68,B,Service Level
April,5,21:00:00,0.4715,131.0,8.0,0.0611,340.3,B,Service Level
April,7,10:30:00,0.6523,338.0,13.0,0.0385,373.69,B,Service Level
April,7,13:00:00,0.6822,459.0,9.0,0.0196,354.83,B,Service Level
April,7,13:30:00,0.5267,449.0,18.0,0.0401,323.13,B,Service Level
April,7,16:30:00,0.6626,504.0,15.0,0.0298,374.84,B,Service Level
April,8,06:30:00,0.5,7.0,3.0,0.4286,369.75,B,Service Level
April,8,10:30:00,0.6245,294.0,17.0,0.0578,337.06,B,Service Level
April,9,10:30:00,0.5231,286.0,26.0,0.0909,328.8,B,Service Level
April,10,06:30:00,0.5,3.0,1.0,0.3333,516.5,B,Service Level
April,10,07:30:00,0.6176,36.0,2.0,0.0556,265.26,B,Service Level
April,11,01:30:00,0.5,6.0,0.0,0.0,228.83,B,Service Level
April,11,05:30:00,0.5,2.0,0.0,0.0,255.5,B,Service Level
April,11,06:30:00,0.0,5.0,4.0,0.8,253.0,B,Service Level
April,11,11:30:00,0.4692,418.0,45.0,0.1077,354.23,B,Service Level
April,11,12:00:00,0.4447,471.0,55.0,0.1168,316.81,B,Service Level
April,11,12:30:00,0.584,412.0,13.0,0.0316,347.91,B,Service Level
April,11,19:00:00,0.6439,285.0,7.0,0.0246,334.92,B,Service Level
April,12,06:30:00,0.0,2.0,1.0,0.5,161.0,B,Service Level
April,12,13:00:00,0.4805,292.0,36.0,0.1233,359.95,B,Service Level
April,12,13:30:00,0.4958,285.0,47.0,0.1649,349.72,B,Service Level
April,12,14:00:00,0.5019,307.0,40.0,0.1303,359.29,B,Service Level
April,12,14:30:00,0.5559,311.0,25.0,0.0804,333.23,B,Service Level
April,12,18:30:00,0.5025,217.0,14.0,0.0645,342.45,B,Service Level
April,12,19:00:00,0.5781,197.0,5.0,0.0254,368.07,B,Service Level
April,13,02:00:00,0.6,5.0,0.0,0.0,213.6,B,Service Level
April,13,05:30:00,0.0,3.0,1.0,0.3333,779.5,B,Service Level
April,13,12:00:00,0.6493,137.0,3.0,0.0219,279.07,B,Service Level
April,16,07:30:00,0.6563,34.0,2.0,0.0588,302.13,B,Service Level
April,18,14:30:00,0.6738,432.0,12.0,0.0278,353.75,B,Service Level
April,19,01:30:00,0.625,9.0,1.0,0.1111,349.75,B,Service Level
April,20,11:00:00,0.6667,78.0,6.0,0.0769,381.9,B,Service Level
April,21,06:30:00,0.5,4.0,0.0,0.0,215.0,B,Service Level
April,21,14:00:00,0.5039,464.0,79.0,0.1703,377.01,B,Service Level
April,21,14:30:00,0.5352,448.0,121.0,0.2701,340.68,B,Service Level
April,21,15:00:00,0.4674,504.0,74.0,0.1468,390.85,B,Service Level
April,21,15:30:00,0.6457,486.0,9.0,0.0185,360.02,B,Service Level
April,21,19:30:00,0.6573,293.0,7.0,0.0239,367.21,B,Service Level
April,22,06:30:00,0.25,9.0,1.0,0.1111,393.75,B,Service Level
April,22,10:30:00,0.4785,332.0,29.0,0.0873,333.6,B,Service Level
April,22,12:30:00,0.6053,377.0,35.0,0.0928,352.58,B,Service Level
April,22,13:00:00,0.6074,447.0,14.0,0.0313,359.63,B,Service Level
April,22,17:30:00,0.5789,400.0,20.0,0.05,381.58,B,Service Level
April,22,18:00:00,0.5629,335.0,17.0,0.0507,367.98,B,Service Level
April,23,11:00:00,0.6723,366.0,12.0,0.0328,353.68,B,Service Level
April,23,11:30:00,0.5255,391.0,18.0,0.046,336.74,B,Service Level
April,23,12:00:00,0.5315,388.0,23.0,0.0593,345.16,B,Service Level
April,23,12:30:00,0.5275,396.0,32.0,0.0808,387.35,B,Service Level
April,23,13:00:00,0.3686,384.0,34.0,0.0885,313.26,B,Service Level
April,23,21:00:00,0.6859,167.0,11.0,0.0659,324.33,B,Service Level
April,23,22:00:00,0.6479,150.0,8.0,0.0533,322.16,B,Service Level
April,25,01:00:00,0.625,9.0,1.0,0.1111,397.25,B,Service Level
April,25,01:30:00,0.0,10.0,4.0,0.4,360.67,B,Service Level
April,25,02:00:00,0.0,5.0,0.0,0.0,671.6,B,Service Level
April,25,02:30:00,0.0,5.0,0.0,0.0,671.6,B,Service Level
April,25,03:00:00,0.0,5.0,0.0,0.0,671.6,B,Service Level
April,25,03:30:00,0.0,5.0,0.0,0.0,671.6,B,Service Level
April,25,04:00:00,0.0,5.0,0.0,0.0,671.6,B,Service Level
April,25,04:30:00,0.0,5.0,0.0,0.0,671.6,B,Service Level
April,25,05:00:00,0.0,5.0,0.0,0.0,671.6,B,Service Level
April,25,06:00:00,0.0,5.0,0.0,0.0,671.6,B,Service Level
April,25,06:30:00,0.0,5.0,0.0,0.0,671.6,B,Service Level
April,25,07:00:00,0.0,5.0,0.0,0.0,671.6,B,Service Level
April,25,14:30:00,0.523,452.0,18.0,0.0398,336.58,B,Service Level
April,25,16:00:00,0.6843,446.0,12.0,0.0269,370.07,B,Service Level
April,25,17:00:00,0.532,363.0,19.0,0.0523,333.97,B,Service Level
April,26,11:30:00,0.6375,270.0,19.0,0.0704,362.48,B,Service Level
April,26,13:30:00,0.571,343.0,40.0,0.1166,327.02,B,Service Level
April,26,20:00:00,0.6014,160.0,12.0,0.075,275.3,B,Service Level
April,28,06:30:00,0.5,5.0,1.0,0.2,556.0,B,Service Level
April,28,12:30:00,0.6186,436.0,6.0,0.0138,344.47,B,Service Level
April,29,02:30:00,0.6667,3.0,0.0,0.0,390.67,B,Service Level
April,29,03:00:00,0.6667,3.0,0.0,0.0,816.0,B,Service Level
April,29,04:30:00,0.5,2.0,0.0,0.0,128.0,B,Service Level
May,2,06:30:00,0.0,10.0,9.0,0.9,217.0,B,Service Level
May,2,07:00:00,0.6,38.0,8.0,0.2105,281.73,B,Service Level
May,2,07:30:00,0.5897,50.0,11.0,0.22,269.62,B,Service Level
May,2,10:30:00,0.5018,324.0,43.0,0.1327,333.68,B,Service Level
May,2,11:00:00,0.5402,369.0,21.0,0.0569,327.44,B,Service Level
May,2,11:30:00,0.457,409.0,37.0,0.0905,340.81,B,Service Level
May,2,12:30:00,0.4359,432.0,42.0,0.0972,348.77,B,Service Level
May,2,14:00:00,0.6857,512.0,22.0,0.043,364.34,B,Service Level
May,2,18:30:00,0.497,352.0,16.0,0.0455,357.0,B,Service Level
May,2,19:00:00,0.5953,355.0,14.0,0.0394,340.17,B,Service Level
May,3,07:00:00,0.6667,13.0,1.0,0.0769,310.25,B,Service Level
May,3,10:30:00,0.5583,223.0,17.0,0.0762,318.63,B,Service Level
May,3,15:30:00,0.6216,318.0,22.0,0.0692,326.21,B,Service Level
May,5,10:30:00,0.2911,347.0,31.0,0.0893,337.32,B,Service Level
May,5,11:00:00,0.6288,427.0,4.0,0.0094,333.72,B,Service Level
May,6,06:30:00,0.4,11.0,6.0,0.5455,309.0,B,Service Level
May,7,06:30:00,0.5,3.0,1.0,0.3333,249.0,B,Service Level
May,7,07:00:00,0.68,25.0,0.0,0.0,283.28,B,Service Level
May,8,01:00:00,0.3929,37.0,9.0,0.2432,263.93,B,Service Level
May,8,01:30:00,0.125,22.0,14.0,0.6364,207.25,B,Service Level
May,8,02:00:00,0.0,19.0,14.0,0.7368,123.0,B,Service Level
May,8,02:30:00,0.3333,11.0,5.0,0.4545,289.5,B,Service Level
May,9,06:30:00,0.5,6.0,4.0,0.6667,519.5,B,Service Level
May,10,01:30:00,0.6667,3.0,0.0,0.0,116.67,B,Service Level
May,10,04:30:00,0.0,1.0,0.0,0.0,533.0,B,Service Level
May,10,06:30:00,0.5,8.0,4.0,0.5,536.0,B,Service Level
May,12,06:30:00,0.5,3.0,1.0,0.3333,1245.5,B,Service Level
May,12,10:30:00,0.5877,340.0,15.0,0.0441,345.16,B,Service Level
May,12,11:00:00,0.6425,364.0,6.0,0.0165,347.5,B,Service Level
May,12,20:00:00,0.6631,286.0,7.0,0.0245,370.93,B,Service Level
May,14,06:30:00,0.4286,8.0,1.0,0.125,267.86,B,Service Level
May,15,06:30:00,0.0,6.0,4.0,0.6667,384.0,B,Service Level
May,15,07:00:00,0.6316,19.0,0.0,0.0,348.68,B,Service Level
May,15,10:30:00,0.5754,297.0,12.0,0.0404,348.66,B,Service Level
May,16,06:30:00,0.5,9.0,7.0,0.7778,310.5,B,Service Level
May,16,11:30:00,0.6393,350.0,9.0,0.0257,367.07,B,Service Level
May,16,14:30:00,0.6459,412.0,11.0,0.0267,323.65,B,Service Level
May,17,01:00:00,0.6667,10.0,1.0,0.1,488.89,B,Service Level
May,17,07:00:00,0.6667,9.0,0.0,0.0,344.22,B,Service Level
May,17,14:30:00,0.5432,303.0,25.0,0.0825,357.39,B,Service Level
May,17,20:00:00,0.6721,133.0,11.0,0.0827,331.7,B,Service Level
May,19,06:30:00,0.0,2.0,0.0,0.0,307.5,B,Service Level
May,20,06:30:00,0.3333,10.0,4.0,0.4,300.0,B,Service Level
May,20,10:30:00,0.6436,311.0,8.0,0.0257,335.2,B,Service Level
May,20,13:30:00,0.6061,389.0,31.0,0.0797,378.23,B,Service Level
May,21,02:30:00,0.4,7.0,2.0,0.2857,726.4,B,Service Level
May,21,03:00:00,0.5,2.0,0.0,0.0,1050.5,B,Service Level
May,21,06:30:00,0.6667,7.0,4.0,0.5714,410.0,B,Service Level
May,21,07:30:00,0.6286,38.0,3.0,0.0789,306.0,B,Service Level
May,21,10:30:00,0.616,278.0,15.0,0.054,341.36,B,Service Level
May,22,05:00:00,0.3333,4.0,1.0,0.25,205.0,B,Service Level
May,22,05:30:00,0.6667,6.0,0.0,0.0,261.17,B,Service Level
May,22,06:30:00,0.6667,4.0,1.0,0.25,439.33,B,Service Level
May,23,16:00:00,0.5813,516.0,67.0,0.1298,324.62,B,Service Level
May,23,16:30:00,0.6211,454.0,8.0,0.0176,347.03,B,Service Level
May,24,06:30:00,0.6,6.0,1.0,0.1667,323.6,B,Service Level
May,24,11:00:00,0.6078,240.0,8.0,0.0333,337.46,B,Service Level
May,24,14:00:00,0.637,298.0,17.0,0.057,349.99,B,Service Level
May,27,14:00:00,0.6547,466.0,20.0,0.0429,326.42,B,Service Level
May,27,20:00:00,0.5949,249.0,12.0,0.0482,337.23,B,Service Level
May,27,20:30:00,0.6368,219.0,7.0,0.032,331.18,B,Service Level
May,27,21:00:00,0.454,189.0,15.0,0.0794,356.72,B,Service Level
May,27,21:30:00,0.6133,155.0,5.0,0.0323,328.34,B,Service Level
May,28,04:30:00,0.0,2.0,1.0,0.5,120.0,B,Service Level
May,28,06:30:00,0.0,8.0,1.0,0.125,229.86,B,Service Level
May,28,13:30:00,0.6698,448.0,24.0,0.0536,330.52,B,Service Level
May,28,18:00:00,0.6332,400.0,21.0,0.0525,335.29,B,Service Level
May,29,06:30:00,0.6667,7.0,4.0,0.5714,433.33,B,Service Level
May,29,11:30:00,0.5272,327.0,14.0,0.0428,321.83,B,Service Level
May,29,14:30:00,0.5821,482.0,13.0,0.027,317.92,B,Service Level
May,30,10:00:00,0.475,294.0,14.0,0.0476,328.63,B,Service Level
May,30,11:30:00,0.6841,351.0,6.0,0.0171,356.97,B,Service Level
May,30,14:30:00,0.5548,447.0,18.0,0.0403,337.93,B,Service Level
May,31,06:30:00,0.4286,7.0,0.0,0.0,260.71,B,Service Level
May,31,10:30:00,0.6091,212.0,15.0,0.0708,279.86,B,Service Level
May,31,14:00:00,0.5764,305.0,17.0,0.0557,298.85,B,Service Level
May,31,20:00:00,0.5625,170.0,10.0,0.0588,294.33,B,Service Level
June,2,06:30:00,0.6,6.0,1.0,0.1667,349.6,B,Service Level
June,2,11:00:00,0.651,413.0,9.0,0.0218,332.9,B,Service Level
June,2,11:30:00,0.6674,467.0,10.0,0.0214,334.83,B,Service Level
June,3,07:30:00,0.575,43.0,3.0,0.0698,300.15,B,Service Level
June,3,10:00:00,0.6626,335.0,6.0,0.0179,318.46,B,Service Level
June,4,06:30:00,0.3333,5.0,2.0,0.4,438.67,B,Service Level
June,5,06:30:00,0.25,9.0,1.0,0.1111,290.25,B,Service Level
June,6,11:30:00,0.6394,338.0,8.0,0.0237,333.91,B,Service Level
June,7,13:30:00,0.5915,315.0,9.0,0.0286,335.3,B,Service Level
June,8,12:30:00,0.6478,170.0,11.0,0.0647,312.51,B,Service Level
June,11,11:00:00,0.4428,352.0,20.0,0.0568,338.01,B,Service Level
June,11,11:30:00,0.6011,383.0,17.0,0.0444,332.86,B,Service Level
June,12,04:30:00,0.0,1.0,0.0,0.0,189.0,B,Service Level
June,12,07:30:00,0.6579,41.0,3.0,0.0732,279.13,B,Service Level
June,12,13:30:00,0.5665,362.0,16.0,0.0442,363.58,B,Service Level
June,13,06:30:00,0.6667,5.0,2.0,0.4,384.67,B,Service Level
June,13,14:00:00,0.5933,396.0,10.0,0.0253,354.06,B,Service Level
June,13,20:30:00,0.6196,171.0,8.0,0.0468,326.8,B,Service Level
June,13,21:00:00,0.6376,158.0,9.0,0.057,353.51,B,Service Level
June,14,06:00:00,0.6667,3.0,0.0,0.0,51.0,B,Service Level
June,14,06:30:00,0.6,7.0,2.0,0.2857,538.4,B,Service Level
June,14,11:30:00,0.662,221.0,8.0,0.0362,298.72,B,Service Level
June,14,12:00:00,0.6318,265.0,7.0,0.0264,303.1,B,Service Level
June,14,12:30:00,0.6046,276.0,13.0,0.0471,325.1,B,Service Level
June,14,14:00:00,0.534,338.0,44.0,0.1302,324.15,B,Service Level
June,14,14:30:00,0.522,313.0,18.0,0.0575,337.01,B,Service Level
June,14,15:00:00,0.5934,328.0,23.0,0.0701,333.95,B,Service Level
June,14,20:00:00,0.5357,168.0,28.0,0.1667,337.66,B,Service Level
June,14,20:30:00,0.4803,139.0,12.0,0.0863,325.99,B,Service Level
June,16,06:30:00,0.6667,5.0,2.0,0.4,253.67,B,Service Level
June,17,06:30:00,0.5,6.0,2.0,0.3333,261.5,B,Service Level
June,18,01:30:00,0.6667,3.0,0.0,0.0,194.33,B,Service Level
June,18,06:30:00,0.5,7.0,1.0,0.1429,414.67,B,Service Level
June,18,14:30:00,0.5704,449.0,16.0,0.0356,377.1,B,Service Level
June,19,06:30:00,0.6667,7.0,1.0,0.1429,231.83,B,Service Level
June,20,06:00:00,0.5,6.0,2.0,0.3333,267.0,B,Service Level
June,20,06:30:00,0.0,7.0,5.0,0.7143,184.0,B,Service Level
June,20,12:00:00,0.566,440.0,16.0,0.0364,344.03,B,Service Level
June,20,16:00:00,0.6515,523.0,18.0,0.0344,351.67,B,Service Level
June,20,19:00:00,0.5958,319.0,32.0,0.1003,362.69,B,Service Level
June,20,19:30:00,0.4411,286.0,23.0,0.0804,310.86,B,Service Level
June,20,20:00:00,0.3116,245.0,46.0,0.1878,341.53,B,Service Level
June,20,20:30:00,0.2727,226.0,39.0,0.1726,368.28,B,Service Level
June,20,21:30:00,0.5689,181.0,14.0,0.0773,336.93,B,Service Level
June,21,06:30:00,0.4,13.0,8.0,0.6154,331.2,B,Service Level
June,21,10:00:00,0.6814,217.0,13.0,0.0599,333.51,B,Service Level
June,21,10:30:00,0.6224,217.0,21.0,0.0968,335.64,B,Service Level
June,21,11:00:00,0.55,275.0,15.0,0.0545,300.19,B,Service Level
June,21,11:30:00,0.5112,282.0,14.0,0.0496,309.06,B,Service Level
June,23,05:30:00,0.6,5.0,0.0,0.0,577.4,B,Service Level
June,27,04:30:00,0.3333,3.0,0.0,0.0,185.67,B,Service Level
June,27,06:00:00,0.6667,3.0,0.0,0.0,173.67,B,Service Level
June,27,06:30:00,0.0,6.0,5.0,0.8333,2239.0,B,Service Level
June,27,11:30:00,0.5314,316.0,13.0,0.0411,338.08,B,Service Level
June,28,06:30:00,0.0,6.0,5.0,0.8333,151.0,B,Service Level
June,28,10:00:00,0.6173,168.0,6.0,0.0357,326.48,B,Service Level
June,28,12:00:00,0.5502,239.0,10.0,0.0418,314.77,B,Service Level
June,28,18:30:00,0.6296,249.0,6.0,0.0241,324.86,B,Service Level
June,28,19:00:00,0.5628,210.0,11.0,0.0524,296.41,B,Service Level
June,28,19:30:00,0.5438,173.0,13.0,0.0751,306.75,B,Service Level
June,28,20:00:00,0.5248,154.0,13.0,0.0844,326.06,B,Service Level
June,28,22:00:00,0.5231,74.0,9.0,0.1216,304.8,B,Service Level
June,29,00:30:00,0.6667,19.0,1.0,0.0526,288.33,B,Service Level
June,29,01:30:00,0.6667,7.0,1.0,0.1429,312.17,B,Service Level
June,30,06:30:00,0.1429,9.0,2.0,0.2222,323.14,B,Service Level
June,30,12:30:00,0.4543,413.0,30.0,0.0726,341.26,B,Service Level
June,30,13:00:00,0.6556,459.0,9.0,0.0196,321.09,B,Service Level
June,30,13:30:00,0.5728,421.0,9.0,0.0214,354.34,B,Service Level
June,30,14:30:00,0.6601,462.0,6.0,0.013,331.96,B,Service Level
June,30,20:00:00,0.6899,272.0,14.0,0.0515,333.47,B,Service Level
April,3,18:30:00,0.6376,726.0,50.0,0.0689,363.48,C,Service Level
April,3,19:00:00,0.4206,686.0,37.0,0.0539,364.38,C,Service Level
April,9,10:30:00,0.5449,890.0,22.0,0.0247,333.31,C,Service Level
April,9,20:00:00,0.4362,489.0,19.0,0.0389,394.63,C,Service Level
April,10,04:30:00,0.6667,6.0,0.0,0.0,240.83,C,Service Level
April,10,11:30:00,0.6645,919.0,16.0,0.0174,345.41,C,Service Level
April,10,14:30:00,0.6116,990.0,9.0,0.0091,346.8,C,Service Level
April,11,05:30:00,0.6364,22.0,0.0,0.0,413.82,C,Service Level
April,11,11:30:00,0.5164,948.0,36.0,0.038,335.38,C,Service Level
April,11,12:00:00,0.3558,1102.0,107.0,0.0971,326.44,C,Service Level
April,13,05:30:00,0.1429,7.0,0.0,0.0,551.86,C,Service Level
April,14,11:00:00,0.5655,1053.0,15.0,0.0142,350.37,C,Service Level
April,14,18:00:00,0.6131,846.0,19.0,0.0225,366.46,C,Service Level
April,16,12:30:00,0.5895,1032.0,21.0,0.0203,360.03,C,Service Level
April,16,17:00:00,0.5387,836.0,34.0,0.0407,347.79,C,Service Level
April,17,11:30:00,0.5917,916.0,22.0,0.024,351.6,C,Service Level
April,17,14:30:00,0.4994,922.0,27.0,0.0293,344.9,C,Service Level
April,21,02:00:00,0.5385,15.0,2.0,0.1333,281.62,C,Service Level
April,21,02:30:00,0.3077,17.0,4.0,0.2353,399.15,C,Service Level
April,21,13:30:00,0.6499,945.0,68.0,0.072,385.12,C,Service Level
April,21,14:00:00,0.2448,1060.0,104.0,0.0981,378.01,C,Service Level
April,21,14:30:00,0.2769,1065.0,202.0,0.1897,381.91,C,Service Level
April,21,15:00:00,0.2333,1137.0,117.0,0.1029,363.66,C,Service Level
April,21,15:30:00,0.3818,1093.0,27.0,0.0247,359.29,C,Service Level
April,22,10:30:00,0.6606,846.0,27.0,0.0319,360.3,C,Service Level
April,22,11:00:00,0.2785,942.0,30.0,0.0318,348.71,C,Service Level
April,22,17:00:00,0.6381,864.0,35.0,0.0405,387.75,C,Service Level
April,22,17:30:00,0.6254,877.0,20.0,0.0228,377.53,C,Service Level
April,23,13:00:00,0.6129,906.0,25.0,0.0276,351.22,C,Service Level
April,23,13:30:00,0.5375,955.0,34.0,0.0356,353.25,C,Service Level
April,23,14:00:00,0.6138,909.0,13.0,0.0143,348.96,C,Service Level
April,23,14:30:00,0.6708,914.0,30.0,0.0328,371.32,C,Service Level
April,24,04:30:00,0.5833,13.0,1.0,0.0769,329.08,C,Service Level
April,24,10:30:00,0.6267,810.0,9.0,0.0111,346.73,C,Service Level
April,24,11:00:00,0.6276,872.0,18.0,0.0206,351.94,C,Service Level
April,24,11:30:00,0.5125,880.0,37.0,0.042,363.36,C,Service Level
April,24,12:00:00,0.4919,830.0,23.0,0.0277,357.17,C,Service Level
April,24,12:30:00,0.5073,914.0,29.0,0.0317,357.39,C,Service Level
April,25,01:00:00,0.4815,34.0,7.0,0.2059,310.22,C,Service Level
April,25,01:30:00,0.2222,22.0,4.0,0.1818,400.94,C,Service Level
April,25,02:00:00,0.5263,21.0,2.0,0.0952,319.84,C,Service Level
April,25,02:30:00,0.5263,17.0,0.0,0.0952,319.84,C,Service Level
April,25,03:00:00,0.5263,11.0,0.0,0.0952,319.84,C,Service Level
April,25,03:30:00,0.5263,17.0,0.0,0.0952,319.84,C,Service Level
April,25,04:00:00,0.5263,6.0,0.0,0.0952,319.84,C,Service Level
April,25,04:30:00,0.5263,8.0,0.0,0.0952,319.84,C,Service Level
April,25,05:00:00,0.5263,9.0,0.0,0.0952,319.84,C,Service Level
April,25,05:30:00,0.5263,16.0,0.0,0.0952,319.84,C,Service Level
April,25,06:00:00,0.5263,32.0,0.0,0.0952,319.84,C,Service Level
April,25,10:00:00,0.5416,698.0,37.0,0.053,346.17,C,Service Level
April,25,10:30:00,0.3071,791.0,55.0,0.0695,366.76,C,Service Level
April,25,13:00:00,0.4261,911.0,31.0,0.034,350.31,C,Service Level
April,25,13:30:00,0.3023,965.0,42.0,0.0435,356.09,C,Service Level
April,25,17:00:00,0.5819,859.0,17.0,0.0198,350.56,C,Service Level
April,26,10:30:00,0.586,563.0,22.0,0.0391,323.74,C,Service Level
April,26,12:30:00,0.69,579.0,8.0,0.0138,350.53,C,Service Level
April,26,19:30:00,0.5184,343.0,17.0,0.0496,333.84,C,Service Level
April,27,11:30:00,0.5263,372.0,11.0,0.0296,327.88,C,Service Level
April,27,13:30:00,0.6725,412.0,12.0,0.0291,315.06,C,Service Level
April,27,14:00:00,0.6124,397.0,10.0,0.0252,332.28,C,Service Level
April,27,16:30:00,0.6338,393.0,8.0,0.0204,327.64,C,Service Level
April,28,10:00:00,0.662,790.0,12.0,0.0152,324.9,C,Service Level
April,28,10:30:00,0.3446,881.0,25.0,0.0284,356.21,C,Service Level
April,29,04:30:00,0.5556,10.0,1.0,0.1,250.11,C,Service Level
April,29,13:30:00,0.6874,901.0,15.0,0.0166,344.04,C,Service Level
April,29,14:00:00,0.5806,920.0,21.0,0.0228,341.1,C,Service Level
April,29,14:30:00,0.571,993.0,21.0,0.0211,330.81,C,Service Level
April,29,18:00:00,0.6837,718.0,13.0,0.0181,366.16,C,Service Level
April,29,20:00:00,0.6567,420.0,18.0,0.0429,361.26,C,Service Level
April,30,07:30:00,0.2486,218.0,33.0,0.1514,291.29,C,Service Level
April,30,08:00:00,0.1853,388.0,48.0,0.1237,309.58,C,Service Level
April,30,08:30:00,0.2653,573.0,83.0,0.1449,342.79,C,Service Level
April,30,09:00:00,0.2787,790.0,58.0,0.0734,332.56,C,Service Level
April,30,09:30:00,0.653,832.0,5.0,0.006,324.95,C,Service Level
May,1,13:00:00,0.518,1067.0,38.0,0.0356,344.68,C,Service Level
May,2,09:30:00,0.32,815.0,40.0,0.0491,303.79,C,Service Level
May,2,10:00:00,0.5017,931.0,54.0,0.058,315.36,C,Service Level
May,2,10:30:00,0.2411,921.0,79.0,0.0858,339.58,C,Service Level
May,2,11:00:00,0.227,1095.0,82.0,0.0749,334.9,C,Service Level
May,2,11:30:00,0.6432,1063.0,12.0,0.0113,334.2,C,Service Level
May,2,12:00:00,0.4464,1119.0,55.0,0.0492,350.95,C,Service Level
May,2,12:30:00,0.4847,1058.0,47.0,0.0444,345.29,C,Service Level
May,2,13:00:00,0.6743,1067.0,23.0,0.0216,351.85,C,Service Level
May,2,13:30:00,0.5809,1043.0,17.0,0.0163,350.92,C,Service Level
May,2,14:30:00,0.6025,1054.0,25.0,0.0237,344.92,C,Service Level
May,2,15:30:00,0.5213,1066.0,34.0,0.0319,342.15,C,Service Level
May,3,11:30:00,0.6834,691.0,12.0,0.0174,320.78,C,Service Level
May,5,02:30:00,0.5556,12.0,3.0,0.25,585.78,C,Service Level
May,5,10:00:00,0.258,938.0,62.0,0.0661,324.99,C,Service Level
May,5,10:30:00,0.1807,1046.0,50.0,0.0478,322.8,C,Service Level
May,5,12:30:00,0.6443,1172.0,22.0,0.0188,330.34,C,Service Level
May,12,09:30:00,0.4487,683.0,30.0,0.0439,351.5,C,Service Level
May,12,11:00:00,0.2089,1005.0,43.0,0.0428,354.53,C,Service Level
May,12,11:30:00,0.4528,982.0,28.0,0.0285,349.9,C,Service Level
May,12,12:00:00,0.464,1048.0,33.0,0.0315,353.7,C,Service Level
May,12,12:30:00,0.5854,990.0,30.0,0.0303,357.32,C,Service Level
May,12,13:00:00,0.6018,1006.0,19.0,0.0189,380.16,C,Service Level
May,12,13:30:00,0.5025,1038.0,21.0,0.0202,361.59,C,Service Level
May,12,14:30:00,0.5456,1051.0,43.0,0.0409,372.2,C,Service Level
May,12,20:00:00,0.4506,503.0,17.0,0.0338,371.63,C,Service Level
May,13,12:30:00,0.4912,1000.0,33.0,0.033,337.94,C,Service Level
May,13,13:30:00,0.6208,910.0,24.0,0.0264,354.49,C,Service Level
May,14,03:30:00,0.6364,12.0,1.0,0.0833,338.91,C,Service Level
May,14,04:30:00,0.5833,15.0,3.0,0.2,300.25,C,Service Level
May,14,05:30:00,0.3125,19.0,3.0,0.1579,249.5,C,Service Level
May,14,09:30:00,0.5394,779.0,43.0,0.0552,351.1,C,Service Level
May,14,10:00:00,0.3275,949.0,42.0,0.0443,339.24,C,Service Level
May,14,10:30:00,0.3578,976.0,37.0,0.0379,347.66,C,Service Level
May,14,11:00:00,0.6742,939.0,9.0,0.0096,335.31,C,Service Level
May,15,13:30:00,0.3558,945.0,40.0,0.0423,330.05,C,Service Level
May,15,14:00:00,0.259,991.0,49.0,0.0494,341.85,C,Service Level
May,15,14:30:00,0.4329,1043.0,29.0,0.0278,358.63,C,Service Level
May,15,19:30:00,0.4739,522.0,43.0,0.0824,359.92,C,Service Level
May,15,20:00:00,0.2424,508.0,83.0,0.1634,370.92,C,Service Level
May,15,20:30:00,0.3819,441.0,22.0,0.0499,359.05,C,Service Level
May,16,04:00:00,0.6154,13.0,0.0,0.0,319.85,C,Service Level
May,16,12:00:00,0.6506,900.0,30.0,0.0333,330.71,C,Service Level
May,16,12:30:00,0.4052,973.0,45.0,0.0462,331.59,C,Service Level
May,16,14:00:00,0.5966,955.0,18.0,0.0188,345.61,C,Service Level
May,16,15:00:00,0.4336,877.0,33.0,0.0376,339.78,C,Service Level
May,16,15:30:00,0.3235,995.0,46.0,0.0462,359.76,C,Service Level
May,16,20:00:00,0.6006,369.0,6.0,0.0163,343.61,C,Service Level
May,17,02:00:00,0.5,20.0,2.0,0.1,347.17,C,Service Level
May,17,08:30:00,0.4545,212.0,14.0,0.066,315.21,C,Service Level
May,17,09:30:00,0.3333,395.0,32.0,0.081,335.51,C,Service Level
May,17,11:30:00,0.6232,644.0,23.0,0.0357,353.55,C,Service Level
May,17,12:30:00,0.4515,629.0,31.0,0.0493,337.61,C,Service Level
May,17,14:00:00,0.5268,616.0,37.0,0.0601,342.48,C,Service Level
May,17,20:00:00,0.3309,298.0,20.0,0.0671,336.92,C,Service Level
May,17,20:30:00,0.2471,283.0,24.0,0.0848,376.41,C,Service Level
May,17,21:00:00,0.6667,219.0,9.0,0.0411,356.28,C,Service Level
May,18,02:00:00,0.5909,28.0,6.0,0.2143,265.55,C,Service Level
May,18,02:30:00,0.2941,28.0,11.0,0.3929,396.65,C,Service Level
May,18,11:30:00,0.5209,371.0,12.0,0.0323,325.61,C,Service Level
May,18,13:30:00,0.1615,409.0,25.0,0.0611,336.53,C,Service Level
May,18,14:00:00,0.6093,436.0,6.0,0.0138,331.92,C,Service Level
May,19,12:00:00,0.5913,1061.0,31.0,0.0292,349.22,C,Service Level
May,19,12:30:00,0.2559,1067.0,51.0,0.0478,349.54,C,Service Level
May,19,13:00:00,0.4607,1046.0,15.0,0.0143,353.8,C,Service Level
May,19,14:00:00,0.6718,1064.0,16.0,0.015,356.41,C,Service Level
May,19,18:30:00,0.5966,726.0,12.0,0.0165,364.04,C,Service Level
May,20,10:30:00,0.5642,853.0,27.0,0.0317,340.97,C,Service Level
May,20,12:00:00,0.69,985.0,27.0,0.0274,322.09,C,Service Level
May,20,12:30:00,0.2864,898.0,46.0,0.0512,369.05,C,Service Level
May,20,13:00:00,0.5934,993.0,24.0,0.0242,359.15,C,Service Level
May,20,13:30:00,0.3256,925.0,68.0,0.0735,362.39,C,Service Level
May,20,14:00:00,0.6388,1016.0,11.0,0.0108,366.58,C,Service Level
May,21,10:30:00,0.406,871.0,41.0,0.0471,335.35,C,Service Level
May,21,11:00:00,0.5318,951.0,22.0,0.0231,349.65,C,Service Level
May,21,17:30:00,0.6483,785.0,23.0,0.0293,373.57,C,Service Level
May,22,04:30:00,0.4,11.0,1.0,0.0909,469.3,C,Service Level
May,22,05:00:00,0.375,19.0,3.0,0.1579,461.88,C,Service Level
May,22,12:30:00,0.6723,914.0,23.0,0.0252,344.92,C,Service Level
May,22,14:30:00,0.5354,911.0,35.0,0.0384,333.75,C,Service Level
May,22,19:30:00,0.5898,467.0,16.0,0.0343,361.89,C,Service Level
May,22,20:00:00,0.2874,436.0,22.0,0.0505,369.4,C,Service Level
May,22,20:30:00,0.6156,402.0,4.0,0.01,345.97,C,Service Level
May,23,05:30:00,0.5385,17.0,4.0,0.2353,339.23,C,Service Level
May,23,12:00:00,0.6364,889.0,9.0,0.0101,333.69,C,Service Level
May,23,15:30:00,0.3446,772.0,238.0,0.3083,339.53,C,Service Level
May,23,16:00:00,0.2726,971.0,197.0,0.2029,322.12,C,Service Level
May,23,16:30:00,0.2915,876.0,56.0,0.0639,362.75,C,Service Level
May,23,17:00:00,0.4886,816.0,24.0,0.0294,345.76,C,Service Level
May,24,13:00:00,0.5405,630.0,25.0,0.0051,321.1,C,Service Level
May,24,13:30:00,0.2922,638.0,46.0,0.0051,321.1,C,Service Level
May,24,14:00:00,0.6589,614.0,16.0,0.0261,339.1,C,Service Level
May,24,14:30:00,0.3601,580.0,33.0,0.0569,331.42,C,Service Level
May,26,02:30:00,0.6667,12.0,0.0,0.0,362.33,C,Service Level
May,27,12:30:00,0.4307,1034.0,31.0,0.03,349.51,C,Service Level
May,28,12:30:00,0.6246,996.0,21.0,0.0211,344.7,C,Service Level
May,28,15:30:00,0.552,941.0,46.0,0.0489,374.36,C,Service Level
May,28,16:00:00,0.3502,1029.0,41.0,0.0398,353.24,C,Service Level
May,28,17:00:00,0.4753,702.0,136.0,0.1937,384.89,C,Service Level
May,28,17:30:00,0.325,882.0,165.0,0.1871,351.33,C,Service Level
May,28,18:00:00,0.3288,810.0,71.0,0.0877,373.78,C,Service Level
May,28,18:30:00,0.4725,720.0,28.0,0.0389,355.42,C,Service Level
May,29,02:00:00,0.4,22.0,2.0,0.0909,453.5,C,Service Level
May,29,12:30:00,0.5886,911.0,14.0,0.0154,353.69,C,Service Level
May,29,13:30:00,0.4734,863.0,16.0,0.0185,335.11,C,Service Level
May,29,14:30:00,0.5278,906.0,25.0,0.0276,361.33,C,Service Level
May,30,10:30:00,0.6576,866.0,16.0,0.0185,319.78,C,Service Level
May,31,02:00:00,0.6667,17.0,2.0,0.1176,498.4,C,Service Level
May,31,11:00:00,0.4006,657.0,28.0,0.0426,320.52,C,Service Level
May,31,11:30:00,0.2599,677.0,46.0,0.0679,336.88,C,Service Level
May,31,12:00:00,0.649,658.0,17.0,0.0258,339.24,C,Service Level
May,31,13:30:00,0.362,668.0,52.0,0.0778,350.74,C,Service Level
May,31,19:30:00,0.3344,333.0,16.0,0.048,335.6,C,Service Level
June,1,13:30:00,0.6868,497.0,0.0,0.0362,335.43,C,Service Level
June,2,11:30:00,0.6625,1081.0,32.0,0.0296,360.53,C,Service Level
June,2,12:00:00,0.6777,1161.0,13.0,0.0112,351.38,C,Service Level
June,2,13:30:00,0.4808,1151.0,32.0,0.0278,375.25,C,Service Level
June,3,10:30:00,0.5755,927.0,39.0,0.0421,356.56,C,Service Level
June,3,18:30:00,0.6832,732.0,28.0,0.0383,356.42,C,Service Level
June,3,19:00:00,0.5213,677.0,19.0,0.0281,357.31,C,Service Level
June,4,15:30:00,0.6205,999.0,32.0,0.032,360.11,C,Service Level
June,6,17:30:00,0.4013,778.0,28.0,0.036,347.65,C,Service Level
June,6,18:00:00,0.5302,711.0,15.0,0.0211,352.21,C,Service Level
June,8,02:00:00,0.5,15.0,1.0,0.0667,412.36,C,Service Level
June,8,02:30:00,0.625,16.0,0.0,0.0,352.44,C,Service Level
June,9,14:30:00,0.432,1067.0,37.0,0.0347,361.13,C,Service Level
June,9,15:00:00,0.6011,1132.0,19.0,0.0168,369.04,C,Service Level
June,9,19:30:00,0.4636,611.0,20.0,0.0327,362.33,C,Service Level
June,10,12:30:00,0.6161,965.0,22.0,0.0228,346.79,C,Service Level
June,10,15:00:00,0.4948,996.0,26.0,0.0261,366.08,C,Service Level
June,11,11:00:00,0.6894,851.0,17.0,0.02,339.95,C,Service Level
June,11,11:30:00,0.2959,870.0,42.0,0.0483,356.13,C,Service Level
June,12,10:30:00,0.4834,804.0,20.0,0.0249,341.01,C,Service Level
June,12,12:30:00,0.5813,933.0,23.0,0.0247,352.49,C,Service Level
June,12,14:30:00,0.6652,919.0,26.0,0.0283,351.19,C,Service Level
June,13,13:30:00,0.2783,875.0,63.0,0.072,358.91,C,Service Level
June,13,14:00:00,0.4591,998.0,33.0,0.0331,351.6,C,Service Level
June,13,19:00:00,0.5314,507.0,14.0,0.0276,335.83,C,Service Level
June,13,19:30:00,0.4071,445.0,25.0,0.0562,363.99,C,Service Level
June,13,20:00:00,0.2857,379.0,22.0,0.058,351.08,C,Service Level
June,13,20:30:00,0.305,358.0,17.0,0.0475,320.24,C,Service Level
June,14,09:30:00,0.6717,413.0,14.0,0.0339,309.66,C,Service Level
June,14,13:30:00,0.2993,635.0,37.0,0.0583,334.42,C,Service Level
June,14,14:00:00,0.3291,651.0,25.0,0.0384,343.16,C,Service Level
June,16,02:30:00,0.4375,16.0,0.0,0.0,297.13,C,Service Level
June,16,13:30:00,0.5974,1078.0,20.0,0.0186,350.54,C,Service Level
June,16,14:30:00,0.4877,1106.0,48.0,0.0434,336.28,C,Service Level
June,16,15:00:00,0.5758,1136.0,14.0,0.0123,353.69,C,Service Level
June,16,18:00:00,0.5896,867.0,24.0,0.0277,351.58,C,Service Level
June,16,18:30:00,0.5766,788.0,11.0,0.014,363.25,C,Service Level
June,17,16:30:00,0.6713,952.0,15.0,0.0158,363.41,C,Service Level
June,18,12:30:00,0.4982,884.0,33.0,0.0373,354.93,C,Service Level
June,20,02:30:00,0.5625,22.0,6.0,0.2727,448.0,C,Service Level
June,20,08:00:00,0.5865,324.0,12.0,0.037,314.57,C,Service Level
June,20,14:00:00,0.2857,891.0,23.0,0.0548,340.55,C,Service Level
June,20,14:30:00,0.3109,891.0,23.0,0.0954,364.5,C,Service Level
June,20,15:00:00,0.4821,891.0,23.0,0.0308,333.5,C,Service Level
June,20,16:00:00,0.5152,891.0,23.0,0.0248,356.93,C,Service Level
June,20,19:30:00,0.5936,521.0,51.0,0.0979,318.09,C,Service Level
June,20,20:00:00,0.222,508.0,71.0,0.1398,358.06,C,Service Level
June,20,20:30:00,0.2483,464.0,33.0,0.0711,338.34,C,Service Level
June,21,19:30:00,0.5906,311.0,13.0,0.0418,338.98,C,Service Level
June,21,20:00:00,0.4982,295.0,10.0,0.0339,340.69,C,Service Level
June,22,13:30:00,0.6005,439.0,11.0,0.0251,317.24,C,Service Level
June,23,11:30:00,0.5045,1022.0,23.0,0.0225,343.54,C,Service Level
June,23,12:00:00,0.4335,1072.0,34.0,0.0317,355.86,C,Service Level
June,23,12:30:00,0.3272,1091.0,55.0,0.0504,350.07,C,Service Level
June,25,12:30:00,0.647,913.0,32.0,0.035,335.13,C,Service Level
June,25,18:00:00,0.6417,746.0,12.0,0.0161,353.33,C,Service Level
June,25,19:00:00,0.4953,560.0,31.0,0.0554,372.75,C,Service Level
June,25,19:30:00,0.193,541.0,54.0,0.0998,366.08,C,Service Level
June,25,20:00:00,0.5103,494.0,10.0,0.0202,353.65,C,Service Level
June,26,02:00:00,0.4,24.0,4.0,0.1667,209.05,C,Service Level
June,26,12:30:00,0.4409,861.0,49.0,0.0569,333.17,C,Service Level
June,26,14:30:00,0.6634,850.0,21.0,0.0247,350.32,C,Service Level
June,26,17:30:00,0.606,688.0,18.0,0.0262,339.2,C,Service Level
June,26,18:00:00,0.323,652.0,42.0,0.0644,349.1,C,Service Level
June,26,18:30:00,0.3941,637.0,28.0,0.044,349.67,C,Service Level
June,26,22:00:00,0.5179,267.0,16.0,0.0599,293.16,C,Service Level
June,27,02:30:00,0.6364,26.0,4.0,0.1538,348.41,C,Service Level
June,27,10:30:00,0.4041,807.0,25.0,0.031,303.27,C,Service Level
June,27,12:00:00,0.5425,883.0,24.0,0.0272,331.85,C,Service Level
June,27,12:30:00,0.5689,960.0,16.0,0.0167,350.79,C,Service Level
June,27,14:30:00,0.5643,905.0,26.0,0.0287,328.91,C,Service Level
June,27,15:30:00,0.5452,931.0,23.0,0.0247,327.11,C,Service Level
June,27,19:00:00,0.6257,516.0,11.0,0.0213,322.17,C,Service Level
June,27,20:00:00,0.4725,384.0,20.0,0.0521,340.68,C,Service Level
June,27,21:00:00,0.6547,286.0,8.0,0.028,335.31,C,Service Level
June,27,21:30:00,0.4871,237.0,5.0,0.0211,372.29,C,Service Level
June,28,01:30:00,0.6333,31.0,1.0,0.0323,322.0,C,Service Level
June,28,02:00:00,0.4737,19.0,0.0,0.0,314.0,C,Service Level
June,28,09:30:00,0.3437,379.0,24.0,0.0633,334.71,C,Service Level
June,28,10:00:00,0.65,510.0,10.0,0.0196,322.35,C,Service Level
June,28,11:30:00,0.55,613.0,33.0,0.0538,333.26,C,Service Level
June,28,12:00:00,0.29,664.0,33.0,0.0497,324.34,C,Service Level
June,28,12:30:00,0.2871,632.0,33.0,0.0522,327.77,C,Service Level
June,28,13:00:00,0.3981,662.0,24.0,0.0363,359.84,C,Service Level
June,28,13:30:00,0.3163,614.0,26.0,0.0423,306.37,C,Service Level
June,28,19:00:00,0.568,347.0,16.0,0.0461,342.1,C,Service Level
June,28,19:30:00,0.226,356.0,33.0,0.0927,333.59,C,Service Level
June,28,20:00:00,0.412,287.0,3.0,0.0105,335.61,C,Service Level
June,30,02:30:00,0.6,11.0,1.0,0.0909,359.5,C,Service Level
June,30,10:30:00,0.6525,957.0,42.0,0.0439,340.85,C,Service Level
June,30,11:00:00,0.6388,1077.0,11.0,0.0102,313.71,C,Service Level
June,30,12:30:00,0.457,1072.0,26.0,0.0243,341.12,C,Service Level
June,30,14:00:00,0.5782,1117.0,24.0,0.0215,377.32,C,Service Level
June,30,14:30:00,0.267,1059.0,59.0,0.0557,356.63,C,Service Level
June,30,15:00:00,0.4697,1087.0,31.0,0.0285,350.52,C,Service Level
April,3,10:30:00,0.6425,471.0,15.0,0.0318,300.67,D,Service Level
April,4,09:30:00,0.6387,325.0,15.0,0.0462,303.44,D,Service Level
April,4,12:30:00,0.6791,554.0,18.0,0.0325,314.53,D,Service Level
April,5,14:30:00,0.5974,397.0,17.0,0.0428,305.6,D,Service Level
April,7,04:00:00,0.5,2.0,0.0,0.0,123.0,D,Service Level
April,7,05:00:00,0.6667,3.0,0.0,0.0,618.67,D,Service Level
April,9,10:30:00,0.4776,405.0,26.0,0.0642,330.77,D,Service Level
April,9,21:00:00,0.4583,188.0,20.0,0.1064,324.39,D,Service Level
April,10,02:00:00,0.5,16.0,2.0,0.125,287.0,D,Service Level
April,10,09:30:00,0.67,311.0,11.0,0.0354,318.07,D,Service Level
April,10,10:30:00,0.6667,379.0,7.0,0.0185,324.84,D,Service Level
April,10,19:30:00,0.5993,428.0,2.0,0.0355,324.32,D,Service Level
April,11,05:30:00,0.0,1.0,0.0,0.0,93.0,D,Service Level
April,11,06:30:00,0.5714,27.0,6.0,0.2222,247.62,D,Service Level
April,11,07:30:00,0.4464,60.0,4.0,0.0667,313.16,D,Service Level
April,11,12:00:00,0.6522,592.0,40.0,0.0676,303.78,D,Service Level
April,11,14:30:00,0.3664,507.0,43.0,0.0848,356.61,D,Service Level
April,11,15:00:00,0.5821,491.0,34.0,0.0692,341.74,D,Service Level
April,11,19:00:00,0.6786,263.0,11.0,0.0418,358.43,D,Service Level
April,11,19:30:00,0.5806,254.0,6.0,0.0236,340.95,D,Service Level
April,12,10:30:00,0.2851,267.0,32.0,0.1199,307.96,D,Service Level
April,12,16:30:00,0.6374,279.0,6.0,0.0215,322.74,D,Service Level
April,12,21:00:00,0.6636,110.0,0.0,0.0,323.54,D,Service Level
April,13,10:30:00,0.587,147.0,9.0,0.0612,310.05,D,Service Level
April,13,12:00:00,0.5969,202.0,11.0,0.0545,301.32,D,Service Level
April,13,21:00:00,0.4512,92.0,10.0,0.1087,370.71,D,Service Level
April,13,21:30:00,0.6176,68.0,0.0,0.0,312.01,D,Service Level
April,14,20:00:00,0.4394,283.0,19.0,0.0671,364.43,D,Service Level
April,15,05:30:00,0.0,1.0,0.0,0.0,193.0,D,Service Level
April,15,11:30:00,0.6263,500.0,5.0,0.01,321.12,D,Service Level
April,15,15:30:00,0.6057,558.0,33.0,0.0591,362.95,D,Service Level
April,16,17:30:00,0.6897,390.0,13.0,0.0333,334.65,D,Service Level
April,17,09:30:00,0.6707,260.0,11.0,0.0423,292.02,D,Service Level
April,17,22:00:00,0.6852,112.0,4.0,0.0357,324.61,D,Service Level
April,18,14:00:00,0.6642,410.0,8.0,0.0195,338.35,D,Service Level
April,18,21:30:00,0.6174,120.0,5.0,0.0417,376.04,D,Service Level
April,19,14:00:00,0.5117,313.0,14.0,0.0447,299.94,D,Service Level
April,21,04:30:00,0.6667,4.0,1.0,0.25,260.67,D,Service Level
April,21,10:30:00,0.6512,379.0,12.0,0.0317,323.18,D,Service Level
April,21,14:00:00,0.5023,534.0,92.0,0.1723,373.25,D,Service Level
April,21,14:30:00,0.5373,520.0,198.0,0.3808,330.38,D,Service Level
April,21,15:00:00,0.4895,652.0,127.0,0.1948,329.86,D,Service Level
April,21,15:30:00,0.4796,615.0,50.0,0.0813,328.29,D,Service Level
April,21,16:00:00,0.6726,634.0,20.0,0.0315,351.04,D,Service Level
April,22,03:00:00,0.6667,3.0,0.0,0.0,357.67,D,Service Level
April,22,03:30:00,0.6667,0.0,0.0,0.0,357.67,D,Service Level
April,22,10:30:00,0.4761,437.0,19.0,0.0435,310.6,D,Service Level
April,22,12:30:00,0.3162,547.0,41.0,0.075,360.88,D,Service Level
April,22,17:30:00,0.3402,434.0,43.0,0.0991,354.19,D,Service Level
April,22,18:00:00,0.6543,437.0,6.0,0.0137,345.9,D,Service Level
April,22,19:30:00,0.6645,320.0,10.0,0.0313,335.25,D,Service Level
April,23,10:00:00,0.6491,339.0,17.0,0.0501,320.07,D,Service Level
April,23,10:30:00,0.3779,377.0,33.0,0.0875,321.47,D,Service Level
April,23,11:00:00,0.5558,463.0,24.0,0.0518,303.56,D,Service Level
April,24,08:30:00,0.6489,194.0,6.0,0.0309,308.73,D,Service Level
April,24,10:30:00,0.6648,374.0,10.0,0.0267,311.55,D,Service Level
April,24,11:00:00,0.5461,416.0,15.0,0.0361,341.17,D,Service Level
April,24,19:00:00,0.6022,284.0,15.0,0.0528,302.5,D,Service Level
April,24,19:30:00,0.6651,226.0,11.0,0.0487,324.13,D,Service Level
April,25,01:00:00,0.2,18.0,3.0,0.1667,212.87,D,Service Level
April,25,01:30:00,0.0833,13.0,1.0,0.0769,263.75,D,Service Level
April,25,02:00:00,0.6,5.0,0.0,0.0,269.0,D,Service Level
April,25,09:30:00,0.4494,291.0,24.0,0.0825,300.76,D,Service Level
April,25,10:00:00,0.6279,402.0,15.0,0.0373,337.32,D,Service Level
April,25,11:00:00,0.6853,440.0,11.0,0.025,306.06,D,Service Level
April,25,14:00:00,0.5737,500.0,52.0,0.104,317.98,D,Service Level
April,25,14:30:00,0.5941,492.0,19.0,0.0386,336.61,D,Service Level
April,25,15:30:00,0.6116,461.0,31.0,0.0672,325.29,D,Service Level
April,25,16:00:00,0.5366,525.0,20.0,0.0381,320.36,D,Service Level
April,25,17:30:00,0.5398,429.0,27.0,0.0629,354.79,D,Service Level
April,25,19:00:00,0.6755,311.0,9.0,0.0289,325.77,D,Service Level
April,25,21:00:00,0.5903,161.0,17.0,0.1056,328.99,D,Service Level
April,25,21:30:00,0.5359,165.0,12.0,0.0727,355.84,D,Service Level
April,26,21:00:00,0.6759,123.0,15.0,0.122,331.36,D,Service Level
April,27,10:30:00,0.4343,118.0,19.0,0.161,322.95,D,Service Level
April,27,11:00:00,0.6563,194.0,2.0,0.0103,290.84,D,Service Level
April,27,16:30:00,0.6836,185.0,8.0,0.0432,308.2,D,Service Level
April,27,17:00:00,0.4585,212.0,7.0,0.033,320.69,D,Service Level
April,28,09:30:00,0.4262,312.0,14.0,0.0449,306.29,D,Service Level
April,28,19:30:00,0.3887,310.0,9.0,0.029,366.74,D,Service Level
April,28,20:30:00,0.6295,265.0,14.0,0.0528,395.16,D,Service Level
April,29,14:30:00,0.4374,465.0,26.0,0.0559,347.7,D,Service Level
April,29,15:00:00,0.5828,493.0,16.0,0.0325,316.14,D,Service Level
April,29,16:30:00,0.557,470.0,23.0,0.0489,333.7,D,Service Level
April,29,20:00:00,0.6382,212.0,13.0,0.0613,350.83,D,Service Level
April,30,08:30:00,0.3918,220.0,49.0,0.2227,350.17,D,Service Level
April,30,09:00:00,0.6028,307.0,20.0,0.0651,302.97,D,Service Level
April,30,10:00:00,0.4766,407.0,44.0,0.1081,317.84,D,Service Level
April,30,10:30:00,0.5931,453.0,18.0,0.0397,325.57,D,Service Level
April,30,19:00:00,0.6397,285.0,13.0,0.0456,312.22,D,Service Level
April,30,19:30:00,0.6488,304.0,5.0,0.0164,323.21,D,Service Level
May,1,12:00:00,0.5904,77.0,1.0,0.0714,345.95,D,Service Level
May,1,19:30:00,0.6655,294.0,13.0,0.0442,327.83,D,Service Level
May,1,20:00:00,0.6429,263.0,11.0,0.0418,307.49,D,Service Level
May,2,02:00:00,0.6429,15.0,1.0,0.0667,336.21,D,Service Level
May,2,10:00:00,0.5589,448.0,15.0,0.0335,301.19,D,Service Level
May,2,10:30:00,0.5877,474.0,18.0,0.038,316.93,D,Service Level
May,2,11:00:00,0.3387,495.0,61.0,0.1232,339.01,D,Service Level
May,2,11:30:00,0.6318,540.0,24.0,0.0444,311.92,D,Service Level
May,2,13:30:00,0.6435,556.0,23.0,0.0414,305.74,D,Service Level
May,2,18:30:00,0.4721,371.0,13.0,0.035,317.22,D,Service Level
May,2,19:30:00,0.6389,298.0,10.0,0.0336,314.07,D,Service Level
May,2,21:00:00,0.6714,158.0,18.0,0.1139,392.98,D,Service Level
May,2,21:30:00,0.5306,158.0,11.0,0.0696,343.48,D,Service Level
May,3,10:30:00,0.6282,287.0,10.0,0.0348,284.6,D,Service Level
May,3,11:00:00,0.5203,360.0,16.0,0.0444,293.26,D,Service Level
May,3,13:30:00,0.6307,394.0,23.0,0.0584,298.62,D,Service Level
May,3,14:00:00,0.6592,364.0,9.0,0.0247,340.88,D,Service Level
May,4,06:00:00,0.6667,3.0,0.0,0.0,563.33,D,Service Level
May,4,10:30:00,0.5422,181.0,15.0,0.0829,317.52,D,Service Level
May,5,04:00:00,0.6667,6.0,0.0,0.0,418.83,D,Service Level
May,5,04:30:00,0.25,5.0,1.0,0.2,220.75,D,Service Level
May,5,05:00:00,0.6667,6.0,0.0,0.0,228.17,D,Service Level
May,5,05:30:00,0.6667,3.0,0.0,0.0,366.0,D,Service Level
May,5,09:30:00,0.5925,391.0,18.0,0.046,309.41,D,Service Level
May,5,11:00:00,0.391,472.0,50.0,0.1059,336.47,D,Service Level
May,8,02:00:00,0.5366,60.0,19.0,0.3167,290.05,D,Service Level
May,9,12:00:00,0.645,445.0,14.0,0.0315,330.16,D,Service Level
May,12,03:30:00,0.6,6.0,1.0,0.1667,298.8,D,Service Level
May,12,09:30:00,0.6534,288.0,11.0,0.0382,313.4,D,Service Level
May,12,10:00:00,0.3528,376.0,33.0,0.0878,310.8,D,Service Level
May,12,10:30:00,0.4459,504.0,42.0,0.0833,318.16,D,Service Level
May,12,12:00:00,0.4264,549.0,26.0,0.0474,339.37,D,Service Level
May,12,12:30:00,0.4733,528.0,23.0,0.0436,327.15,D,Service Level
May,12,13:00:00,0.6424,504.0,9.0,0.0179,329.41,D,Service Level
May,12,14:30:00,0.5586,535.0,23.0,0.043,332.57,D,Service Level
May,14,05:00:00,0.6667,5.0,2.0,0.4,567.67,D,Service Level
May,14,10:30:00,0.3353,392.0,49.0,0.125,312.23,D,Service Level
May,14,13:30:00,0.563,489.0,29.0,0.0593,326.81,D,Service Level
May,14,14:30:00,0.6593,564.0,21.0,0.0372,329.38,D,Service Level
May,14,21:00:00,0.5741,182.0,20.0,0.1099,326.23,D,Service Level
May,14,21:30:00,0.4626,156.0,9.0,0.0577,359.35,D,Service Level
May,15,12:30:00,0.6607,468.0,23.0,0.0491,310.22,D,Service Level
May,15,13:00:00,0.6834,469.0,11.0,0.0235,327.38,D,Service Level
May,15,14:30:00,0.3495,487.0,55.0,0.1129,316.69,D,Service Level
May,15,17:30:00,0.6455,416.0,7.0,0.0168,318.81,D,Service Level
May,15,19:30:00,0.4007,313.0,16.0,0.0511,328.25,D,Service Level
May,15,20:00:00,0.4708,266.0,9.0,0.0338,333.16,D,Service Level
May,16,03:00:00,0.5,5.0,1.0,0.2,224.75,D,Service Level
May,16,06:30:00,0.5217,26.0,3.0,0.1154,217.7,D,Service Level
May,16,10:30:00,0.6785,371.0,32.0,0.0863,329.74,D,Service Level
May,16,11:00:00,0.4207,442.0,26.0,0.0588,314.86,D,Service Level
May,16,13:00:00,0.5899,436.0,19.0,0.0436,311.65,D,Service Level
May,16,13:30:00,0.6326,474.0,14.0,0.0295,315.72,D,Service Level
May,16,14:30:00,0.5195,465.0,55.0,0.1183,320.08,D,Service Level
May,16,15:30:00,0.617,457.0,34.0,0.0744,328.7,D,Service Level
May,16,16:00:00,0.5395,550.0,18.0,0.0327,332.26,D,Service Level
May,16,21:00:00,0.6479,158.0,16.0,0.1013,331.04,D,Service Level
May,16,21:30:00,0.5105,153.0,10.0,0.0654,296.91,D,Service Level
May,16,22:30:00,0.6322,94.0,7.0,0.0745,335.84,D,Service Level
May,17,09:30:00,0.436,181.0,9.0,0.0497,262.18,D,Service Level
May,17,10:00:00,0.4632,240.0,9.0,0.0375,310.03,D,Service Level
May,17,12:30:00,0.5563,301.0,17.0,0.0565,308.55,D,Service Level
May,17,13:00:00,0.6024,350.0,18.0,0.0514,306.86,D,Service Level
May,17,14:30:00,0.4455,337.0,25.0,0.0742,305.25,D,Service Level
May,17,15:00:00,0.6724,301.0,8.0,0.0266,333.05,D,Service Level
May,18,06:30:00,0.6667,7.0,1.0,0.1429,363.17,D,Service Level
May,18,09:00:00,0.6437,97.0,10.0,0.1031,316.72,D,Service Level
May,18,09:30:00,0.5966,123.0,4.0,0.0325,289.96,D,Service Level
May,18,10:30:00,0.6087,165.0,4.0,0.0242,316.49,D,Service Level
May,18,14:30:00,0.6718,205.0,10.0,0.0488,293.32,D,Service Level
May,18,15:00:00,0.5654,197.0,6.0,0.0305,336.66,D,Service Level
May,19,03:30:00,0.5,5.0,1.0,0.2,397.75,D,Service Level
May,19,04:00:00,0.6,6.0,1.0,0.1667,342.2,D,Service Level
May,19,04:30:00,0.3333,9.0,0.0,0.0,183.78,D,Service Level
May,19,12:00:00,0.6198,499.0,15.0,0.0301,341.12,D,Service Level
May,19,12:30:00,0.3415,538.0,46.0,0.0855,348.03,D,Service Level
May,20,10:00:00,0.6455,359.0,12.0,0.0334,313.09,D,Service Level
May,20,13:30:00,0.5203,406.0,110.0,0.2709,384.88,D,Service Level
May,20,14:00:00,0.5146,559.0,46.0,0.0823,340.48,D,Service Level
May,21,10:00:00,0.6777,401.0,7.0,0.0175,304.68,D,Service Level
May,21,10:30:00,0.5467,400.0,25.0,0.0625,337.28,D,Service Level
May,21,12:30:00,0.5281,484.0,22.0,0.0455,346.39,D,Service Level
May,22,13:30:00,0.4298,500.0,30.0,0.06,324.96,D,Service Level
May,23,15:30:00,0.6512,387.0,172.0,0.4444,358.95,D,Service Level
May,23,16:00:00,0.4694,605.0,147.0,0.243,277.4,D,Service Level
May,23,16:30:00,0.4758,511.0,36.0,0.0705,308.63,D,Service Level
May,23,20:00:00,0.6154,202.0,7.0,0.0347,322.13,D,Service Level
May,24,14:30:00,0.4233,354.0,28.0,0.0791,298.77,D,Service Level
May,24,15:00:00,0.6863,328.0,6.0,0.0183,287.23,D,Service Level
May,27,11:00:00,0.6871,451.0,10.0,0.0222,326.17,D,Service Level
May,27,11:30:00,0.63,450.0,23.0,0.0511,329.31,D,Service Level
May,27,13:00:00,0.5,497.0,19.0,0.0382,307.26,D,Service Level
May,27,14:00:00,0.5758,578.0,17.0,0.0294,323.95,D,Service Level
May,27,15:00:00,0.6445,478.0,11.0,0.023,333.82,D,Service Level
May,27,15:30:00,0.4175,521.0,42.0,0.0806,333.66,D,Service Level
May,27,16:00:00,0.6649,567.0,12.0,0.0212,330.59,D,Service Level
May,27,20:00:00,0.5285,285.0,22.0,0.0772,324.03,D,Service Level
May,27,20:30:00,0.5299,256.0,5.0,0.0195,368.88,D,Service Level
May,27,21:30:00,0.538,171.0,13.0,0.076,346.53,D,Service Level
May,27,22:00:00,0.4959,129.0,6.0,0.0465,417.66,D,Service Level
May,27,22:30:00,0.6698,108.0,2.0,0.0185,350.54,D,Service Level
May,28,10:30:00,0.63,388.0,15.0,0.0387,315.14,D,Service Level
May,28,11:00:00,0.6884,436.0,6.0,0.0138,312.93,D,Service Level
May,28,13:00:00,0.6651,465.0,26.0,0.0559,333.18,D,Service Level
May,28,13:30:00,0.6417,487.0,7.0,0.0144,325.63,D,Service Level
May,28,17:00:00,0.6182,342.0,122.0,0.3567,381.02,D,Service Level
May,28,17:30:00,0.4453,508.0,124.0,0.2441,299.87,D,Service Level
May,28,18:00:00,0.3333,428.0,41.0,0.0958,309.41,D,Service Level
May,28,18:30:00,0.6223,374.0,6.0,0.016,316.62,D,Service Level
May,29,03:00:00,0.6667,3.0,0.0,0.0,152.33,D,Service Level
May,29,03:30:00,0.6667,0.0,0.0,0.0,152.33,D,Service Level
May,29,08:30:00,0.6863,160.0,7.0,0.0438,284.8,D,Service Level
May,30,17:30:00,0.5154,380.0,23.0,0.0605,318.43,D,Service Level
May,31,09:30:00,0.523,181.0,7.0,0.0387,280.11,D,Service Level
May,31,10:30:00,0.4319,255.0,42.0,0.1647,299.29,D,Service Level
May,31,14:30:00,0.4742,344.0,15.0,0.0436,311.12,D,Service Level
June,1,10:30:00,0.5355,166.0,11.0,0.0663,358.92,D,Service Level
June,2,04:00:00,0.5,9.0,1.0,0.1111,154.0,D,Service Level
June,2,04:30:00,0.6667,5.0,2.0,0.4,144.0,D,Service Level
June,2,09:30:00,0.5836,367.0,14.0,0.0381,312.61,D,Service Level
June,3,19:30:00,0.6006,324.0,11.0,0.034,339.86,D,Service Level
June,4,13:00:00,0.5277,514.0,27.0,0.0525,338.45,D,Service Level
June,5,13:00:00,0.5751,489.0,23.0,0.047,341.59,D,Service Level
June,5,19:30:00,0.6557,282.0,9.0,0.0319,310.95,D,Service Level
June,5,20:00:00,0.6009,238.0,20.0,0.084,336.71,D,Service Level
June,6,10:00:00,0.6774,379.0,7.0,0.0185,295.47,D,Service Level
June,6,10:30:00,0.6685,386.0,15.0,0.0389,304.64,D,Service Level
June,6,13:30:00,0.6336,475.0,11.0,0.0232,343.59,D,Service Level
June,6,21:00:00,0.6452,138.0,14.0,0.1014,317.44,D,Service Level
June,7,02:00:00,0.625,8.0,0.0,0.0,263.88,D,Service Level
June,7,14:30:00,0.5506,334.0,18.0,0.0539,313.57,D,Service Level
June,8,10:30:00,0.6863,160.0,7.0,0.0438,274.56,D,Service Level
June,8,15:30:00,0.5934,195.0,13.0,0.0667,299.41,D,Service Level
June,8,16:00:00,0.6263,196.0,6.0,0.0306,332.72,D,Service Level
June,9,04:00:00,0.6667,6.0,0.0,0.0,303.33,D,Service Level
June,9,05:00:00,0.5,2.0,0.0,0.0,46.0,D,Service Level
June,9,10:30:00,0.5085,429.0,16.0,0.0373,303.88,D,Service Level
June,9,19:30:00,0.4922,346.0,27.0,0.078,335.94,D,Service Level
June,9,20:00:00,0.6601,321.0,15.0,0.0467,319.38,D,Service Level
June,10,10:30:00,0.6544,413.0,5.0,0.0121,288.3,D,Service Level
June,10,13:00:00,0.3459,502.0,25.0,0.0498,326.94,D,Service Level
June,10,14:30:00,0.4662,502.0,25.0,0.052,335.18,D,Service Level
June,10,20:00:00,0.5323,502.0,25.0,0.0606,362.44,D,Service Level
June,11,17:30:00,0.6818,407.0,11.0,0.027,320.39,D,Service Level
June,11,21:00:00,0.6331,182.0,13.0,0.0714,339.17,D,Service Level
June,12,02:00:00,0.625,16.0,0.0,0.0,228.06,D,Service Level
June,12,10:00:00,0.5906,326.0,6.0,0.0184,326.05,D,Service Level
June,13,15:30:00,0.629,453.0,11.0,0.0243,319.93,D,Service Level
June,13,16:30:00,0.5823,495.0,9.0,0.0182,320.45,D,Service Level
June,13,20:00:00,0.4677,216.0,30.0,0.1389,300.7,D,Service Level
June,13,20:30:00,0.6848,170.0,5.0,0.0294,289.73,D,Service Level
June,13,21:00:00,0.6754,125.0,11.0,0.088,278.2,D,Service Level
June,13,21:30:00,0.5846,141.0,11.0,0.078,324.53,D,Service Level
June,14,13:00:00,0.4041,325.0,33.0,0.1015,328.96,D,Service Level
June,14,15:00:00,0.6325,342.0,10.0,0.0292,295.41,D,Service Level
June,16,02:30:00,0.4167,13.0,1.0,0.0769,393.17,D,Service Level
June,16,03:00:00,0.4286,7.0,0.0,0.0,459.86,D,Service Level
June,16,03:30:00,0.4286,0.0,0.0,0.0,459.86,D,Service Level
June,16,04:00:00,0.6667,6.0,0.0,0.0,403.83,D,Service Level
June,16,04:30:00,0.6667,6.0,0.0,0.0,326.67,D,Service Level
June,16,21:00:00,0.4667,185.0,20.0,0.1081,403.08,D,Service Level
June,16,21:30:00,0.5673,180.0,9.0,0.05,369.51,D,Service Level
June,17,04:00:00,0.0,1.0,0.0,0.0,197.0,D,Service Level
June,17,04:30:00,0.0,0.0,0.0,0.0,197.0,D,Service Level
June,17,05:00:00,0.0,0.0,0.0,0.0,197.0,D,Service Level
June,17,10:30:00,0.5973,389.0,14.0,0.036,296.01,D,Service Level
June,17,11:00:00,0.6764,419.0,8.0,0.0191,328.79,D,Service Level
June,17,19:30:00,0.5993,285.0,13.0,0.0456,325.59,D,Service Level
June,17,20:30:00,0.6404,237.0,9.0,0.038,305.92,D,Service Level
June,18,20:30:00,0.681,213.0,3.0,0.0141,325.55,D,Service Level
June,18,21:00:00,0.6748,183.0,20.0,0.1093,332.99,D,Service Level
June,20,12:00:00,0.4124,504.0,36.0,0.0714,310.68,D,Service Level
June,20,13:00:00,0.5964,465.0,24.0,0.0516,328.19,D,Service Level
June,20,13:30:00,0.4833,513.0,35.0,0.0682,332.31,D,Service Level
June,20,14:30:00,0.6474,537.0,35.0,0.0652,346.18,D,Service Level
June,20,15:00:00,0.4623,480.0,82.0,0.1708,347.99,D,Service Level
June,20,17:30:00,0.6402,497.0,19.0,0.0382,309.22,D,Service Level
June,20,18:30:00,0.5286,381.0,14.0,0.0367,327.19,D,Service Level
June,20,19:30:00,0.4286,305.0,32.0,0.1049,321.26,D,Service Level
June,20,20:00:00,0.2757,240.0,26.0,0.1083,311.68,D,Service Level
June,20,20:30:00,0.3445,230.0,21.0,0.0913,336.03,D,Service Level
June,20,21:00:00,0.4526,183.0,46.0,0.2514,390.01,D,Service Level
June,20,21:30:00,0.2721,164.0,17.0,0.1037,362.49,D,Service Level
June,20,22:00:00,0.6763,149.0,10.0,0.0671,284.53,D,Service Level
June,21,11:30:00,0.5159,330.0,16.0,0.0485,300.06,D,Service Level
June,21,12:30:00,0.5408,330.0,36.0,0.1091,312.96,D,Service Level
June,21,13:00:00,0.6156,378.0,19.0,0.0503,297.69,D,Service Level
June,21,13:30:00,0.6648,376.0,21.0,0.0559,326.83,D,Service Level
June,23,04:00:00,0.5,3.0,1.0,0.3333,505.0,D,Service Level
June,23,04:30:00,0.5,8.0,0.0,0.0,291.0,D,Service Level
June,23,05:00:00,0.2857,7.0,0.0,0.0,276.29,D,Service Level
June,23,05:30:00,0.1667,7.0,1.0,0.1429,410.0,D,Service Level
June,23,11:30:00,0.5267,471.0,21.0,0.0446,336.27,D,Service Level
June,23,14:30:00,0.6248,546.0,13.0,0.0238,331.57,D,Service Level
June,23,15:00:00,0.6081,530.0,12.0,0.0226,336.16,D,Service Level
June,24,10:30:00,0.4703,382.0,12.0,0.0314,319.09,D,Service Level
June,26,13:00:00,0.5138,451.0,15.0,0.0333,308.56,D,Service Level
June,26,19:30:00,0.6731,272.0,12.0,0.0441,300.9,D,Service Level
June,26,20:00:00,0.6376,255.0,26.0,0.102,270.5,D,Service Level
June,26,20:30:00,0.3382,234.0,27.0,0.1154,286.7,D,Service Level
June,26,21:00:00,0.6732,166.0,13.0,0.0783,353.47,D,Service Level
June,27,02:00:00,0.6429,15.0,1.0,0.0667,375.43,D,Service Level
June,27,06:30:00,0.4286,20.0,6.0,0.3,301.5,D,Service Level
June,27,08:30:00,0.4887,151.0,18.0,0.1192,278.35,D,Service Level
June,27,10:30:00,0.6201,346.0,17.0,0.0491,311.46,D,Service Level
June,27,11:30:00,0.619,397.0,19.0,0.0479,309.63,D,Service Level
June,27,14:00:00,0.5106,451.0,19.0,0.0479,309.63,D,Service Level
June,27,14:30:00,0.3659,477.0,19.0,0.0479,309.63,D,Service Level
June,27,15:00:00,0.6112,481.0,18.0,0.0374,333.16,D,Service Level
June,27,19:30:00,0.6318,248.0,9.0,0.0363,291.88,D,Service Level
June,28,06:30:00,0.6154,17.0,4.0,0.2353,293.23,D,Service Level
June,28,11:30:00,0.6633,306.0,12.0,0.0392,305.36,D,Service Level
June,28,13:30:00,0.5068,316.0,20.0,0.0633,293.43,D,Service Level
June,29,03:00:00,0.6667,4.0,1.0,0.25,300.67,D,Service Level
June,29,03:30:00,0.6667,0.0,0.0,0.25,300.67,D,Service Level
June,29,04:00:00,0.6667,0.0,0.0,0.25,300.67,D,Service Level
June,29,04:30:00,0.6667,0.0,0.0,0.25,300.67,D,Service Level
June,30,03:00:00,0.6,7.0,2.0,0.2857,370.8,D,Service Level
June,30,04:00:00,0.0,1.0,0.0,0.0,176.0,D,Service Level
June,30,10:30:00,0.5749,419.0,12.0,0.0286,333.82,D,Service Level
June,30,12:30:00,0.5256,517.0,28.0,0.0542,330.71,D,Service Level
June,30,13:00:00,0.4135,524.0,21.0,0.0401,315.6,D,Service Level
June,30,13:30:00,0.5502,525.0,7.0,0.0133,319.51,D,Service Level
April,10,15:30:00,0.6211,209.0,19.0,0.0909,329.06,A,Abandoned Calls
April,10,16:00:00,0.7277,245.0,10.0,0.0408,329.43,A,Abandoned Calls
April,11,12:00:00,0.8043,287.0,11.0,0.0383,287.01,A,Abandoned Calls
April,11,22:30:00,0.75,13.0,9.0,0.6923,660.5,A,Abandoned Calls
April,12,13:00:00,0.8028,75.0,13.0,0.0695,309.17,A,Abandoned Calls
April,12,17:00:00,0.8028,75.0,10.0,0.0758,312.93,A,Abandoned Calls
April,21,13:30:00,0.6753,242.0,11.0,0.0455,355.56,A,Abandoned Calls
April,21,14:30:00,0.3406,263.0,34.0,0.1293,326.86,A,Abandoned Calls
April,23,13:30:00,0.668,264.0,14.0,0.053,319.92,A,Abandoned Calls
April,24,16:00:00,0.7225,200.0,9.0,0.045,316.52,A,Abandoned Calls
April,24,16:30:00,0.6857,219.0,9.0,0.0411,350.61,A,Abandoned Calls
April,25,12:30:00,0.7511,242.0,9.0,0.0372,326.92,A,Abandoned Calls
April,25,17:30:00,0.7485,176.0,9.0,0.0511,303.96,A,Abandoned Calls
April,27,15:30:00,0.5402,96.0,9.0,0.0938,338.22,A,Abandoned Calls
April,29,16:00:00,0.5378,262.0,11.0,0.042,358.62,A,Abandoned Calls
April,30,08:30:00,0.2111,100.0,10.0,0.1,267.2,A,Abandoned Calls
April,30,09:30:00,0.6486,158.0,10.0,0.0633,354.67,A,Abandoned Calls
May,4,14:30:00,0.5795,97.0,9.0,0.0928,295.75,A,Abandoned Calls
May,15,15:30:00,0.5973,232.0,11.0,0.0474,333.84,A,Abandoned Calls
May,23,15:00:00,0.815,211.0,11.0,0.0521,294.63,A,Abandoned Calls
May,23,15:30:00,0.3886,212.0,19.0,0.0896,305.73,A,Abandoned Calls
May,28,17:00:00,0.5427,195.0,31.0,0.159,353.23,A,Abandoned Calls
May,28,17:30:00,0.3976,184.0,18.0,0.0978,307.48,A,Abandoned Calls
May,29,22:30:00,0.4444,18.0,9.0,0.5,381.56,A,Abandoned Calls
May,31,20:30:00,0.6364,32.0,10.0,0.3125,277.27,A,Abandoned Calls
June,7,12:00:00,0.5615,150.0,20.0,0.1333,323.22,A,Abandoned Calls
June,11,13:00:00,0.7763,237.0,9.0,0.038,306.03,A,Abandoned Calls
June,14,12:30:00,0.4527,164.0,16.0,0.0976,297.0,A,Abandoned Calls
June,14,14:30:00,0.8271,143.0,10.0,0.0699,299.44,A,Abandoned Calls
June,20,07:00:00,0.0,12.0,10.0,0.8333,328.5,A,Abandoned Calls
June,20,07:30:00,0.3333,21.0,18.0,0.8571,261.67,A,Abandoned Calls
June,21,12:30:00,0.6871,174.0,11.0,0.0632,323.06,A,Abandoned Calls
June,28,17:30:00,0.68,111.0,11.0,0.0991,406.8,A,Abandoned Calls
June,30,14:00:00,0.66,261.0,11.0,0.0421,307.77,A,Abandoned Calls
June,30,14:30:00,0.4647,286.0,17.0,0.0594,339.12,A,Abandoned Calls
June,30,15:00:00,0.6523,274.0,18.0,0.0657,339.68,A,Abandoned Calls
April,1,14:30:00,0.6572,508.0,15.0,0.0295,343.38,B,Abandoned Calls
April,2,12:30:00,0.7108,417.0,9.0,0.0216,328.86,B,Abandoned Calls
April,2,13:30:00,0.7588,409.0,11.0,0.0269,337.02,B,Abandoned Calls
April,3,10:30:00,0.8159,327.0,12.0,0.0367,322.01,B,Abandoned Calls
April,3,11:30:00,0.6237,395.0,15.0,0.038,338.28,B,Abandoned Calls
April,3,13:30:00,0.8311,447.0,9.0,0.0201,335.29,B,Abandoned Calls
April,4,10:30:00,0.7158,288.0,10.0,0.0347,329.31,B,Abandoned Calls
April,4,11:00:00,0.4771,317.0,11.0,0.0347,331.05,B,Abandoned Calls
April,4,14:00:00,0.7225,432.0,14.0,0.0324,348.68,B,Abandoned Calls
April,5,13:00:00,0.6735,358.0,18.0,0.0503,317.96,B,Abandoned Calls
April,5,13:30:00,0.7867,313.0,13.0,0.0415,314.83,B,Abandoned Calls
April,5,14:00:00,0.4543,339.0,22.0,0.0649,340.85,B,Abandoned Calls
April,5,14:30:00,0.5952,347.0,11.0,0.0317,339.52,B,Abandoned Calls
April,5,19:00:00,0.5122,216.0,11.0,0.0509,344.68,B,Abandoned Calls
April,7,10:30:00,0.6523,338.0,13.0,0.0385,373.69,B,Abandoned Calls
April,7,12:30:00,0.7932,451.0,11.0,0.0244,345.95,B,Abandoned Calls
April,7,13:00:00,0.6822,459.0,9.0,0.0196,354.83,B,Abandoned Calls
April,7,13:30:00,0.5267,449.0,18.0,0.0401,323.13,B,Abandoned Calls
April,7,14:00:00,0.7069,491.0,10.0,0.0204,330.77,B,Abandoned Calls
April,7,16:30:00,0.6626,504.0,15.0,0.0298,374.84,B,Abandoned Calls
April,8,10:30:00,0.6245,294.0,17.0,0.0578,337.06,B,Abandoned Calls
April,9,10:30:00,0.5231,286.0,26.0,0.0909,328.8,B,Abandoned Calls
April,11,11:30:00,0.4692,418.0,45.0,0.1077,354.23,B,Abandoned Calls
April,11,12:00:00,0.4447,471.0,55.0,0.1168,316.81,B,Abandoned Calls
April,11,12:30:00,0.584,412.0,13.0,0.0316,347.91,B,Abandoned Calls
April,11,13:00:00,0.7432,417.0,12.0,0.0288,331.92,B,Abandoned Calls
April,11,16:30:00,0.8657,437.0,20.0,0.0458,343.52,B,Abandoned Calls
April,12,13:00:00,0.4805,292.0,36.0,0.1233,359.95,B,Abandoned Calls
April,12,13:30:00,0.4958,285.0,47.0,0.1649,349.72,B,Abandoned Calls
April,12,14:00:00,0.5019,307.0,40.0,0.1303,359.29,B,Abandoned Calls
April,12,14:30:00,0.5559,311.0,25.0,0.0804,333.23,B,Abandoned Calls
April,12,18:00:00,0.7399,235.0,12.0,0.0511,364.03,B,Abandoned Calls
April,12,18:30:00,0.5025,217.0,14.0,0.0645,342.45,B,Abandoned Calls
April,13,12:30:00,0.7132,145.0,9.0,0.0621,294.35,B,Abandoned Calls
April,15,15:30:00,0.7556,417.0,12.0,0.0288,330.77,B,Abandoned Calls
April,16,10:30:00,0.72,310.0,10.0,0.0323,332.59,B,Abandoned Calls
April,18,14:30:00,0.6738,432.0,12.0,0.0278,353.75,B,Abandoned Calls
April,21,10:30:00,0.7452,327.0,13.0,0.0398,314.12,B,Abandoned Calls
April,21,13:30:00,0.8275,396.0,25.0,0.0631,376.49,B,Abandoned Calls
April,21,14:00:00,0.5039,464.0,79.0,0.1703,377.01,B,Abandoned Calls
April,21,14:30:00,0.5352,448.0,121.0,0.2701,340.68,B,Abandoned Calls
April,21,15:00:00,0.4674,504.0,74.0,0.1468,390.85,B,Abandoned Calls
April,21,15:30:00,0.6457,486.0,9.0,0.0185,360.02,B,Abandoned Calls
April,22,10:30:00,0.4785,332.0,29.0,0.0873,333.6,B,Abandoned Calls
April,22,12:30:00,0.6053,377.0,35.0,0.0928,352.58,B,Abandoned Calls
April,22,13:00:00,0.6074,447.0,14.0,0.0313,359.63,B,Abandoned Calls
April,22,17:00:00,0.8029,361.0,11.0,0.0305,368.55,B,Abandoned Calls
April,22,17:30:00,0.5789,400.0,20.0,0.05,381.58,B,Abandoned Calls
April,22,18:00:00,0.5629,335.0,17.0,0.0507,367.98,B,Abandoned Calls
April,23,11:00:00,0.6723,366.0,12.0,0.0328,353.68,B,Abandoned Calls
April,23,11:30:00,0.5255,391.0,18.0,0.046,336.74,B,Abandoned Calls
April,23,12:00:00,0.5315,388.0,23.0,0.0593,345.16,B,Abandoned Calls
April,23,12:30:00,0.5275,396.0,32.0,0.0808,387.35,B,Abandoned Calls
April,23,13:00:00,0.3686,384.0,34.0,0.0885,313.26,B,Abandoned Calls
April,23,13:30:00,0.7074,457.0,23.0,0.0503,334.62,B,Abandoned Calls
April,23,20:30:00,0.7212,178.0,13.0,0.073,327.22,B,Abandoned Calls
April,23,21:00:00,0.6859,167.0,11.0,0.0659,324.33,B,Abandoned Calls
April,25,10:30:00,0.6945,288.0,13.0,0.0451,318.48,B,Abandoned Calls
April,25,11:30:00,0.7514,365.0,11.0,0.0301,351.68,B,Abandoned Calls
April,25,14:00:00,0.718,403.0,20.0,0.0496,333.45,B,Abandoned Calls
April,25,14:30:00,0.523,452.0,18.0,0.0398,336.58,B,Abandoned Calls
April,25,16:00:00,0.6843,446.0,12.0,0.0269,370.07,B,Abandoned Calls
April,25,17:00:00,0.532,363.0,19.0,0.0523,333.97,B,Abandoned Calls
April,26,11:30:00,0.6375,270.0,19.0,0.0704,362.48,B,Abandoned Calls
April,26,12:30:00,0.7739,271.0,10.0,0.0369,334.7,B,Abandoned Calls
April,26,13:00:00,0.7041,313.0,19.0,0.0607,342.1,B,Abandoned Calls
April,26,13:30:00,0.571,343.0,40.0,0.1166,327.02,B,Abandoned Calls
April,26,18:30:00,0.6967,222.0,11.0,0.0495,349.21,B,Abandoned Calls
April,26,20:00:00,0.6014,160.0,12.0,0.075,275.3,B,Abandoned Calls
April,29,15:00:00,0.6978,469.0,9.0,0.0192,313.73,B,Abandoned Calls
May,1,10:30:00,0.7818,324.0,17.0,0.0525,330.11,B,Abandoned Calls
May,2,06:30:00,0.0,10.0,9.0,0.9,217.0,B,Abandoned Calls
May,2,07:30:00,0.5897,50.0,11.0,0.22,269.62,B,Abandoned Calls
May,2,10:30:00,0.5018,324.0,43.0,0.1327,333.68,B,Abandoned Calls
May,2,11:00:00,0.5402,369.0,21.0,0.0569,327.44,B,Abandoned Calls
May,2,11:30:00,0.457,409.0,37.0,0.0905,340.81,B,Abandoned Calls
May,2,12:30:00,0.4359,432.0,42.0,0.0972,348.77,B,Abandoned Calls
May,2,14:00:00,0.6857,512.0,22.0,0.043,364.34,B,Abandoned Calls
May,2,14:30:00,0.7907,493.0,20.0,0.0406,330.18,B,Abandoned Calls
May,2,15:00:00,0.74,509.0,9.0,0.0177,346.02,B,Abandoned Calls
May,2,18:00:00,0.7775,359.0,13.0,0.0362,362.46,B,Abandoned Calls
May,2,18:30:00,0.497,352.0,16.0,0.0455,357.0,B,Abandoned Calls
May,2,19:00:00,0.5953,355.0,14.0,0.0394,340.17,B,Abandoned Calls
May,3,10:30:00,0.5583,223.0,17.0,0.0762,318.63,B,Abandoned Calls
May,3,15:00:00,0.7083,350.0,14.0,0.04,316.96,B,Abandoned Calls
May,3,15:30:00,0.6216,318.0,22.0,0.0692,326.21,B,Abandoned Calls
May,3,16:00:00,0.8197,364.0,9.0,0.0247,327.77,B,Abandoned Calls
May,4,13:30:00,0.7042,224.0,11.0,0.0491,295.59,B,Abandoned Calls
May,4,16:30:00,0.7178,251.0,10.0,0.0398,310.27,B,Abandoned Calls
May,5,10:30:00,0.2911,347.0,31.0,0.0893,337.32,B,Abandoned Calls
May,5,11:30:00,0.7132,417.0,9.0,0.0216,345.46,B,Abandoned Calls
May,5,12:00:00,0.7734,468.0,9.0,0.0192,331.53,B,Abandoned Calls
May,5,12:30:00,0.81,488.0,9.0,0.0184,315.19,B,Abandoned Calls
May,5,13:30:00,0.7515,502.0,11.0,0.0219,331.02,B,Abandoned Calls
May,5,14:30:00,0.7441,562.0,11.0,0.0196,332.91,B,Abandoned Calls
May,5,16:30:00,0.7381,574.0,9.0,0.0157,358.97,B,Abandoned Calls
May,5,18:00:00,0.8448,473.0,9.0,0.019,337.05,B,Abandoned Calls
May,8,01:00:00,0.3929,37.0,9.0,0.2432,263.93,B,Abandoned Calls
May,8,01:30:00,0.125,22.0,14.0,0.6364,207.25,B,Abandoned Calls
May,8,02:00:00,0.0,19.0,14.0,0.7368,123.0,B,Abandoned Calls
May,12,10:30:00,0.5877,340.0,15.0,0.0441,345.16,B,Abandoned Calls
May,14,10:30:00,0.6928,329.0,10.0,0.0304,324.89,B,Abandoned Calls
May,15,10:30:00,0.5754,297.0,12.0,0.0404,348.66,B,Abandoned Calls
May,16,11:30:00,0.6393,350.0,9.0,0.0257,367.07,B,Abandoned Calls
May,16,13:30:00,0.7013,395.0,10.0,0.0253,337.4,B,Abandoned Calls
May,16,14:30:00,0.6459,412.0,11.0,0.0267,323.65,B,Abandoned Calls
May,17,14:30:00,0.5432,303.0,25.0,0.0825,357.39,B,Abandoned Calls
May,17,20:00:00,0.6721,133.0,11.0,0.0827,331.7,B,Abandoned Calls
May,19,11:30:00,0.765,360.0,11.0,0.0306,354.84,B,Abandoned Calls
May,19,12:30:00,0.8284,417.0,15.0,0.036,369.25,B,Abandoned Calls
May,20,13:00:00,0.8946,361.0,10.0,0.0277,349.48,B,Abandoned Calls
May,20,13:30:00,0.6061,389.0,31.0,0.0797,378.23,B,Abandoned Calls
May,21,10:30:00,0.616,278.0,15.0,0.054,341.36,B,Abandoned Calls
May,23,15:00:00,0.9079,407.0,27.0,0.0663,391.41,B,Abandoned Calls
May,23,15:30:00,0.7138,381.0,84.0,0.2205,371.68,B,Abandoned Calls
May,23,16:00:00,0.5813,516.0,67.0,0.1298,324.62,B,Abandoned Calls
May,24,14:00:00,0.637,298.0,17.0,0.057,349.99,B,Abandoned Calls
May,27,13:30:00,0.7057,444.0,9.0,0.0203,316.28,B,Abandoned Calls
May,27,14:00:00,0.6547,466.0,20.0,0.0429,326.42,B,Abandoned Calls
May,27,20:00:00,0.5949,249.0,12.0,0.0482,337.23,B,Abandoned Calls
May,27,21:00:00,0.454,189.0,15.0,0.0794,356.72,B,Abandoned Calls
May,28,13:30:00,0.6698,448.0,24.0,0.0536,330.52,B,Abandoned Calls
May,28,17:00:00,0.8257,376.0,49.0,0.1303,352.21,B,Abandoned Calls
May,28,17:30:00,0.729,390.0,69.0,0.1769,338.99,B,Abandoned Calls
May,28,18:00:00,0.6332,400.0,21.0,0.0525,335.29,B,Abandoned Calls
May,29,11:30:00,0.5272,327.0,14.0,0.0428,321.83,B,Abandoned Calls
May,29,14:30:00,0.5821,482.0,13.0,0.027,317.92,B,Abandoned Calls
May,30,10:00:00,0.475,294.0,14.0,0.0476,328.63,B,Abandoned Calls
May,30,12:00:00,0.7837,428.0,12.0,0.028,337.56,B,Abandoned Calls
May,30,14:30:00,0.5548,447.0,18.0,0.0403,337.93,B,Abandoned Calls
May,30,16:00:00,0.7167,475.0,9.0,0.0189,361.9,B,Abandoned Calls
May,31,10:30:00,0.6091,212.0,15.0,0.0708,279.86,B,Abandoned Calls
May,31,13:00:00,0.7411,293.0,11.0,0.0375,317.95,B,Abandoned Calls
May,31,14:00:00,0.5764,305.0,17.0,0.0557,298.85,B,Abandoned Calls
May,31,20:00:00,0.5625,170.0,10.0,0.0588,294.33,B,Abandoned Calls
June,2,10:30:00,0.7466,373.0,10.0,0.0268,317.25,B,Abandoned Calls
June,2,11:00:00,0.651,413.0,9.0,0.0218,332.9,B,Abandoned Calls
June,2,11:30:00,0.6674,467.0,10.0,0.0214,334.83,B,Abandoned Calls
June,2,13:30:00,0.7,525.0,15.0,0.0286,345.34,B,Abandoned Calls
June,3,09:30:00,0.75,266.0,10.0,0.0376,309.58,B,Abandoned Calls
June,4,10:30:00,0.797,340.0,10.0,0.0294,330.84,B,Abandoned Calls
June,5,15:30:00,0.7593,468.0,11.0,0.0235,349.53,B,Abandoned Calls
June,7,11:30:00,0.7955,278.0,9.0,0.0324,332.11,B,Abandoned Calls
June,7,13:00:00,0.7311,276.0,12.0,0.0435,348.75,B,Abandoned Calls
June,7,13:30:00,0.5915,315.0,9.0,0.0286,335.3,B,Abandoned Calls
June,8,12:30:00,0.6478,170.0,11.0,0.0647,312.51,B,Abandoned Calls
June,11,10:30:00,0.7817,294.0,10.0,0.034,330.35,B,Abandoned Calls
June,11,11:00:00,0.4428,352.0,20.0,0.0568,338.01,B,Abandoned Calls
June,11,11:30:00,0.6011,383.0,17.0,0.0444,332.86,B,Abandoned Calls
June,12,13:30:00,0.5665,362.0,16.0,0.0442,363.58,B,Abandoned Calls
June,13,13:30:00,0.7161,405.0,14.0,0.0346,346.19,B,Abandoned Calls
June,13,14:00:00,0.5933,396.0,10.0,0.0253,354.06,B,Abandoned Calls
June,13,21:00:00,0.6376,158.0,9.0,0.057,353.51,B,Abandoned Calls
June,14,12:30:00,0.6046,276.0,13.0,0.0471,325.1,B,Abandoned Calls
June,14,13:00:00,0.7935,286.0,10.0,0.035,325.82,B,Abandoned Calls
June,14,14:00:00,0.534,338.0,44.0,0.1302,324.15,B,Abandoned Calls
June,14,14:30:00,0.522,313.0,18.0,0.0575,337.01,B,Abandoned Calls
June,14,15:00:00,0.5934,328.0,23.0,0.0701,333.95,B,Abandoned Calls
June,14,20:00:00,0.5357,168.0,28.0,0.1667,337.66,B,Abandoned Calls
June,14,20:30:00,0.4803,139.0,12.0,0.0863,325.99,B,Abandoned Calls
June,16,13:30:00,0.716,497.0,11.0,0.0221,330.99,B,Abandoned Calls
June,18,11:30:00,0.7963,392.0,9.0,0.023,337.19,B,Abandoned Calls
June,18,14:30:00,0.5704,449.0,16.0,0.0356,377.1,B,Abandoned Calls
June,20,11:30:00,0.7119,372.0,11.0,0.0296,334.42,B,Abandoned Calls
June,20,12:00:00,0.566,440.0,16.0,0.0364,344.03,B,Abandoned Calls
June,20,12:30:00,0.6965,414.0,12.0,0.029,325.27,B,Abandoned Calls
June,20,13:30:00,0.72,435.0,10.0,0.023,322.25,B,Abandoned Calls
June,20,14:30:00,0.8289,467.0,11.0,0.0236,315.36,B,Abandoned Calls
June,20,16:00:00,0.6515,523.0,18.0,0.0344,351.67,B,Abandoned Calls
June,20,16:30:00,0.7243,508.0,11.0,0.0217,332.71,B,Abandoned Calls
June,20,17:00:00,0.902,501.0,11.0,0.022,334.43,B,Abandoned Calls
June,20,18:00:00,0.7902,381.0,14.0,0.0367,352.52,B,Abandoned Calls
June,20,18:30:00,0.7013,332.0,14.0,0.0422,319.69,B,Abandoned Calls
June,20,19:00:00,0.5958,319.0,32.0,0.1003,362.69,B,Abandoned Calls
June,20,19:30:00,0.4411,286.0,23.0,0.0804,310.86,B,Abandoned Calls
June,20,20:00:00,0.3116,245.0,46.0,0.1878,341.53,B,Abandoned Calls
June,20,20:30:00,0.2727,226.0,39.0,0.1726,368.28,B,Abandoned Calls
June,20,21:30:00,0.5689,181.0,14.0,0.0773,336.93,B,Abandoned Calls
June,21,08:30:00,0.74,59.0,9.0,0.1525,375.6,B,Abandoned Calls
June,21,10:00:00,0.6814,217.0,13.0,0.0599,333.51,B,Abandoned Calls
June,21,10:30:00,0.6224,217.0,21.0,0.0968,335.64,B,Abandoned Calls
June,21,11:00:00,0.55,275.0,15.0,0.0545,300.19,B,Abandoned Calls
June,21,11:30:00,0.5112,282.0,14.0,0.0496,309.06,B,Abandoned Calls
June,21,12:30:00,0.8491,294.0,9.0,0.0306,313.61,B,Abandoned Calls
June,21,13:30:00,0.8316,300.0,9.0,0.03,320.59,B,Abandoned Calls
June,21,14:00:00,0.7087,318.0,9.0,0.0283,310.43,B,Abandoned Calls
June,23,11:30:00,0.8105,389.0,9.0,0.0231,367.28,B,Abandoned Calls
June,23,12:30:00,0.7864,438.0,12.0,0.0274,363.1,B,Abandoned Calls
June,23,13:30:00,0.7183,508.0,11.0,0.0217,366.13,B,Abandoned Calls
June,23,19:00:00,0.7027,343.0,10.0,0.0292,346.58,B,Abandoned Calls
June,26,18:30:00,0.697,308.0,11.0,0.0357,322.56,B,Abandoned Calls
June,26,22:00:00,0.7273,131.0,10.0,0.0763,280.44,B,Abandoned Calls
June,27,11:30:00,0.5314,316.0,13.0,0.0411,338.08,B,Abandoned Calls
June,27,16:30:00,0.8118,381.0,9.0,0.0236,356.14,B,Abandoned Calls
June,28,12:00:00,0.5502,239.0,10.0,0.0418,314.77,B,Abandoned Calls
June,28,14:30:00,0.7042,323.0,12.0,0.0372,314.4,B,Abandoned Calls
June,28,18:00:00,0.6982,234.0,12.0,0.0513,330.99,B,Abandoned Calls
June,28,19:00:00,0.5628,210.0,11.0,0.0524,296.41,B,Abandoned Calls
June,28,19:30:00,0.5438,173.0,13.0,0.0751,306.75,B,Abandoned Calls
June,28,20:00:00,0.5248,154.0,13.0,0.0844,326.06,B,Abandoned Calls
June,28,22:00:00,0.5231,74.0,9.0,0.1216,304.8,B,Abandoned Calls
June,30,11:00:00,0.8027,379.0,9.0,0.0237,337.2,B,Abandoned Calls
June,30,12:30:00,0.4543,413.0,30.0,0.0726,341.26,B,Abandoned Calls
June,30,13:00:00,0.6556,459.0,9.0,0.0196,321.09,B,Abandoned Calls
June,30,13:30:00,0.5728,421.0,9.0,0.0214,354.34,B,Abandoned Calls
June,30,14:00:00,0.6912,511.0,9.0,0.0176,327.16,B,Abandoned Calls
June,30,16:30:00,0.7895,470.0,14.0,0.0298,339.61,B,Abandoned Calls
June,30,20:00:00,0.6899,272.0,14.0,0.0515,333.47,B,Abandoned Calls
April,1,13:30:00,0.7764,1065.0,14.0,0.0131,323.85,C,Abandoned Calls
April,1,17:30:00,0.963,955.0,9.0,0.0094,355.31,C,Abandoned Calls
April,1,19:00:00,0.8454,732.0,14.0,0.0191,335.24,C,Abandoned Calls
April,1,22:00:00,0.7283,277.0,12.0,0.0433,333.05,C,Abandoned Calls
April,2,12:30:00,0.8703,1016.0,14.0,0.0138,347.97,C,Abandoned Calls
April,3,09:30:00,0.8829,713.0,13.0,0.0182,312.02,C,Abandoned Calls
April,3,18:30:00,0.6376,726.0,50.0,0.0689,363.48,C,Abandoned Calls
April,3,19:00:00,0.4206,686.0,37.0,0.0539,364.38,C,Abandoned Calls
April,3,19:30:00,0.8275,606.0,9.0,0.0149,367.3,C,Abandoned Calls
April,4,14:00:00,0.9333,1060.0,11.0,0.0104,340.04,C,Abandoned Calls
April,4,14:30:00,0.7186,1048.0,14.0,0.0134,352.02,C,Abandoned Calls
April,5,14:00:00,0.8535,672.0,10.0,0.0149,336.54,C,Abandoned Calls
April,9,10:30:00,0.5449,890.0,22.0,0.0247,333.31,C,Abandoned Calls
April,9,11:30:00,0.7205,904.0,24.0,0.0265,347.62,C,Abandoned Calls
April,9,12:30:00,0.9179,1008.0,9.0,0.0089,363.43,C,Abandoned Calls
April,9,15:30:00,0.8223,949.0,9.0,0.0095,345.24,C,Abandoned Calls
April,9,19:30:00,0.8606,469.0,10.0,0.0213,333.77,C,Abandoned Calls
April,9,20:00:00,0.4362,489.0,19.0,0.0389,394.63,C,Abandoned Calls
April,10,10:30:00,0.7597,864.0,11.0,0.0127,336.79,C,Abandoned Calls
April,10,11:30:00,0.6645,919.0,16.0,0.0174,345.41,C,Abandoned Calls
April,10,14:30:00,0.6116,990.0,9.0,0.0091,346.8,C,Abandoned Calls
April,11,10:30:00,0.859,877.0,12.0,0.0137,330.47,C,Abandoned Calls
April,11,11:30:00,0.5164,948.0,36.0,0.038,335.38,C,Abandoned Calls
April,11,12:00:00,0.3558,1102.0,107.0,0.0971,326.44,C,Abandoned Calls
April,14,10:00:00,0.7764,853.0,21.0,0.0246,346.58,C,Abandoned Calls
April,14,10:30:00,0.7549,947.0,21.0,0.0222,331.42,C,Abandoned Calls
April,14,11:00:00,0.5655,1053.0,15.0,0.0142,350.37,C,Abandoned Calls
April,14,17:00:00,0.6906,979.0,16.0,0.0163,351.74,C,Abandoned Calls
April,14,17:30:00,0.6992,956.0,12.0,0.0126,354.99,C,Abandoned Calls
April,14,18:00:00,0.6131,846.0,19.0,0.0225,366.46,C,Abandoned Calls
April,15,12:00:00,0.9296,1004.0,9.0,0.009,340.59,C,Abandoned Calls
April,15,12:30:00,0.749,1007.0,19.0,0.0189,364.56,C,Abandoned Calls
April,15,13:30:00,0.7845,1003.0,10.0,0.01,360.45,C,Abandoned Calls
April,15,19:30:00,0.8764,551.0,9.0,0.0163,331.41,C,Abandoned Calls
April,16,12:30:00,0.5895,1032.0,21.0,0.0203,360.03,C,Abandoned Calls
April,16,16:30:00,0.8115,911.0,9.0,0.0099,360.19,C,Abandoned Calls
April,16,17:00:00,0.5387,836.0,34.0,0.0407,347.79,C,Abandoned Calls
April,17,10:30:00,0.758,819.0,9.0,0.011,338.16,C,Abandoned Calls
April,17,11:30:00,0.5917,916.0,22.0,0.024,351.6,C,Abandoned Calls
April,17,14:30:00,0.4994,922.0,27.0,0.0293,344.9,C,Abandoned Calls
April,18,15:30:00,0.6925,799.0,12.0,0.015,344.53,C,Abandoned Calls
April,21,10:30:00,0.9497,964.0,10.0,0.0104,337.78,C,Abandoned Calls
April,21,11:30:00,0.8468,1038.0,13.0,0.0125,341.44,C,Abandoned Calls
April,21,13:30:00,0.6499,945.0,68.0,0.072,385.12,C,Abandoned Calls
April,21,14:00:00,0.2448,1060.0,104.0,0.0981,378.01,C,Abandoned Calls
April,21,14:30:00,0.2769,1065.0,202.0,0.1897,381.91,C,Abandoned Calls
April,21,15:00:00,0.2333,1137.0,117.0,0.1029,363.66,C,Abandoned Calls
April,21,15:30:00,0.3818,1093.0,27.0,0.0247,359.29,C,Abandoned Calls
April,22,10:30:00,0.6606,846.0,27.0,0.0319,360.3,C,Abandoned Calls
April,22,11:00:00,0.2785,942.0,30.0,0.0318,348.71,C,Abandoned Calls
April,22,11:30:00,0.7181,991.0,12.0,0.0121,361.6,C,Abandoned Calls
April,22,12:00:00,0.9249,933.0,14.0,0.015,368.19,C,Abandoned Calls
April,22,12:30:00,0.8017,997.0,49.0,0.0491,352.8,C,Abandoned Calls
April,22,13:30:00,0.7731,900.0,14.0,0.0156,362.9,C,Abandoned Calls
April,22,14:30:00,0.8316,978.0,10.0,0.0102,355.65,C,Abandoned Calls
April,22,17:00:00,0.6381,864.0,35.0,0.0405,387.75,C,Abandoned Calls
April,22,17:30:00,0.6254,877.0,20.0,0.0228,377.53,C,Abandoned Calls
April,22,18:00:00,0.8663,787.0,9.0,0.0114,349.96,C,Abandoned Calls
April,22,18:30:00,0.8657,694.0,9.0,0.013,345.47,C,Abandoned Calls
April,23,10:30:00,0.9561,898.0,9.0,0.01,321.34,C,Abandoned Calls
April,23,12:30:00,0.8274,1006.0,15.0,0.0149,349.72,C,Abandoned Calls
April,23,13:00:00,0.6129,906.0,25.0,0.0276,351.22,C,Abandoned Calls
April,23,13:30:00,0.5375,955.0,34.0,0.0356,353.25,C,Abandoned Calls
April,23,14:00:00,0.6138,909.0,13.0,0.0143,348.96,C,Abandoned Calls
April,23,14:30:00,0.6708,914.0,30.0,0.0328,371.32,C,Abandoned Calls
April,23,20:00:00,0.7205,400.0,10.0,0.025,362.81,C,Abandoned Calls
April,24,10:30:00,0.6267,810.0,9.0,0.0111,346.73,C,Abandoned Calls
April,24,11:00:00,0.6276,872.0,18.0,0.0206,351.94,C,Abandoned Calls
April,24,11:30:00,0.5125,880.0,37.0,0.042,363.36,C,Abandoned Calls
April,24,12:00:00,0.4919,830.0,23.0,0.0277,357.17,C,Abandoned Calls
April,24,12:30:00,0.5073,914.0,29.0,0.0317,357.39,C,Abandoned Calls
April,24,13:00:00,0.7161,877.0,14.0,0.016,354.65,C,Abandoned Calls
April,25,10:00:00,0.5416,698.0,37.0,0.053,346.17,C,Abandoned Calls
April,25,10:30:00,0.3071,791.0,55.0,0.0695,366.76,C,Abandoned Calls
April,25,11:30:00,0.8219,904.0,11.0,0.0122,358.75,C,Abandoned Calls
April,25,12:30:00,0.7098,868.0,34.0,0.0392,374.44,C,Abandoned Calls
April,25,13:00:00,0.4261,911.0,31.0,0.034,350.31,C,Abandoned Calls
April,25,13:30:00,0.3023,965.0,42.0,0.0435,356.09,C,Abandoned Calls
April,25,14:00:00,0.6916,953.0,16.0,0.0168,349.52,C,Abandoned Calls
April,25,15:30:00,0.708,924.0,20.0,0.0216,354.5,C,Abandoned Calls
April,25,17:00:00,0.5819,859.0,17.0,0.0198,350.56,C,Abandoned Calls
April,26,10:30:00,0.586,563.0,22.0,0.0391,323.74,C,Abandoned Calls
April,26,13:00:00,0.9123,571.0,12.0,0.021,333.29,C,Abandoned Calls
April,26,19:30:00,0.5184,343.0,17.0,0.0496,333.84,C,Abandoned Calls
April,27,11:30:00,0.5263,372.0,11.0,0.0296,327.88,C,Abandoned Calls
April,27,13:30:00,0.6725,412.0,12.0,0.0291,315.06,C,Abandoned Calls
April,27,14:00:00,0.6124,397.0,10.0,0.0252,332.28,C,Abandoned Calls
April,28,10:00:00,0.662,790.0,12.0,0.0152,324.9,C,Abandoned Calls
April,28,10:30:00,0.3446,881.0,25.0,0.0284,356.21,C,Abandoned Calls
April,28,13:00:00,0.8242,1001.0,17.0,0.017,335.15,C,Abandoned Calls
April,29,12:30:00,0.7006,905.0,10.0,0.011,338.42,C,Abandoned Calls
April,29,13:30:00,0.6874,901.0,15.0,0.0166,344.04,C,Abandoned Calls
April,29,14:00:00,0.5806,920.0,21.0,0.0228,341.1,C,Abandoned Calls
April,29,14:30:00,0.571,993.0,21.0,0.0211,330.81,C,Abandoned Calls
April,29,18:00:00,0.6837,718.0,13.0,0.0181,366.16,C,Abandoned Calls
April,29,19:30:00,0.6968,475.0,10.0,0.0211,338.08,C,Abandoned Calls
April,29,20:00:00,0.6567,420.0,18.0,0.0429,361.26,C,Abandoned Calls
April,30,07:30:00,0.2486,218.0,33.0,0.1514,291.29,C,Abandoned Calls
April,30,08:00:00,0.1853,388.0,48.0,0.1237,309.58,C,Abandoned Calls
April,30,08:30:00,0.2653,573.0,83.0,0.1449,342.79,C,Abandoned Calls
April,30,09:00:00,0.2787,790.0,58.0,0.0734,332.56,C,Abandoned Calls
April,30,10:30:00,0.8241,947.0,9.0,0.0095,331.92,C,Abandoned Calls
April,30,11:00:00,0.808,963.0,10.0,0.0104,338.34,C,Abandoned Calls
April,30,12:30:00,0.9159,1020.0,9.0,0.0088,342.5,C,Abandoned Calls
April,30,17:30:00,0.728,888.0,13.0,0.0146,339.6,C,Abandoned Calls
May,1,09:30:00,0.8278,775.0,20.0,0.0258,304.7,C,Abandoned Calls
May,1,10:30:00,0.9162,978.0,11.0,0.0112,334.02,C,Abandoned Calls
May,1,11:00:00,0.8199,1047.0,20.0,0.0191,329.97,C,Abandoned Calls
May,1,11:30:00,0.7874,1075.0,12.0,0.0112,353.71,C,Abandoned Calls
May,1,13:00:00,0.518,1067.0,38.0,0.0356,344.68,C,Abandoned Calls
May,1,18:30:00,0.7206,717.0,12.0,0.0167,374.2,C,Abandoned Calls
May,2,09:30:00,0.32,815.0,40.0,0.0491,303.79,C,Abandoned Calls
May,2,10:00:00,0.5017,931.0,54.0,0.058,315.36,C,Abandoned Calls
May,2,10:30:00,0.2411,921.0,79.0,0.0858,339.58,C,Abandoned Calls
May,2,11:00:00,0.227,1095.0,82.0,0.0749,334.9,C,Abandoned Calls
May,2,11:30:00,0.6432,1063.0,12.0,0.0113,334.2,C,Abandoned Calls
May,2,12:00:00,0.4464,1119.0,55.0,0.0492,350.95,C,Abandoned Calls
May,2,12:30:00,0.4847,1058.0,47.0,0.0444,345.29,C,Abandoned Calls
May,2,13:00:00,0.6743,1067.0,23.0,0.0216,351.85,C,Abandoned Calls
May,2,13:30:00,0.5809,1043.0,17.0,0.0163,350.92,C,Abandoned Calls
May,2,14:00:00,0.7644,1052.0,12.0,0.0114,362.23,C,Abandoned Calls
May,2,14:30:00,0.6025,1054.0,25.0,0.0237,344.92,C,Abandoned Calls
May,2,15:00:00,0.8695,1082.0,9.0,0.0083,342.64,C,Abandoned Calls
May,2,15:30:00,0.5213,1066.0,34.0,0.0319,342.15,C,Abandoned Calls
May,3,09:30:00,0.9339,480.0,11.0,0.0229,303.75,C,Abandoned Calls
May,3,11:00:00,0.8111,683.0,16.0,0.0234,332.07,C,Abandoned Calls
May,3,11:30:00,0.6834,691.0,12.0,0.0174,320.78,C,Abandoned Calls
May,3,12:30:00,0.7847,750.0,16.0,0.0213,325.95,C,Abandoned Calls
May,5,09:30:00,0.7328,814.0,28.0,0.0344,299.55,C,Abandoned Calls
May,5,10:00:00,0.258,938.0,62.0,0.0661,324.99,C,Abandoned Calls
May,5,10:30:00,0.1807,1046.0,50.0,0.0478,322.8,C,Abandoned Calls
May,5,11:30:00,0.9517,1071.0,16.0,0.0149,348.87,C,Abandoned Calls
May,5,12:30:00,0.6443,1172.0,22.0,0.0188,330.34,C,Abandoned Calls
May,5,15:00:00,0.8884,1191.0,17.0,0.0143,369.53,C,Abandoned Calls
May,5,20:00:00,0.7171,524.0,15.0,0.0286,342.98,C,Abandoned Calls
May,6,18:30:00,0.6978,718.0,23.0,0.032,377.66,C,Abandoned Calls
May,7,18:30:00,0.7394,649.0,12.0,0.0185,363.13,C,Abandoned Calls
May,8,01:30:00,1.0,84.0,11.0,0.131,245.63,C,Abandoned Calls
May,8,02:00:00,0.7963,65.0,11.0,0.1692,162.74,C,Abandoned Calls
May,8,14:30:00,0.8219,869.0,10.0,0.0115,342.0,C,Abandoned Calls
May,12,09:30:00,0.4487,683.0,30.0,0.0439,351.5,C,Abandoned Calls
May,12,10:30:00,0.8607,873.0,26.0,0.0298,338.41,C,Abandoned Calls
May,12,11:00:00,0.2089,1005.0,43.0,0.0428,354.53,C,Abandoned Calls
May,12,11:30:00,0.4528,982.0,28.0,0.0285,349.9,C,Abandoned Calls
May,12,12:00:00,0.464,1048.0,33.0,0.0315,353.7,C,Abandoned Calls
May,12,12:30:00,0.5854,990.0,30.0,0.0303,357.32,C,Abandoned Calls
May,12,13:00:00,0.6018,1006.0,19.0,0.0189,380.16,C,Abandoned Calls
May,12,13:30:00,0.5025,1038.0,21.0,0.0202,361.59,C,Abandoned Calls
May,12,14:00:00,0.9082,1026.0,13.0,0.0127,378.82,C,Abandoned Calls
May,12,14:30:00,0.5456,1051.0,43.0,0.0409,372.2,C,Abandoned Calls
May,12,15:30:00,0.9179,1036.0,13.0,0.0125,370.39,C,Abandoned Calls
May,12,20:00:00,0.4506,503.0,17.0,0.0338,371.63,C,Abandoned Calls
May,13,09:30:00,0.8367,654.0,11.0,0.0168,337.52,C,Abandoned Calls
May,13,10:30:00,0.882,866.0,10.0,0.0115,322.67,C,Abandoned Calls
May,13,12:00:00,0.9313,929.0,12.0,0.0129,339.46,C,Abandoned Calls
May,13,12:30:00,0.4912,1000.0,33.0,0.033,337.94,C,Abandoned Calls
May,13,13:30:00,0.6208,910.0,24.0,0.0264,354.49,C,Abandoned Calls
May,13,14:30:00,0.8062,943.0,9.0,0.0095,368.24,C,Abandoned Calls
May,14,09:00:00,0.8252,621.0,9.0,0.0145,316.86,C,Abandoned Calls
May,14,09:30:00,0.5394,779.0,43.0,0.0552,351.1,C,Abandoned Calls
May,14,10:00:00,0.3275,949.0,42.0,0.0443,339.24,C,Abandoned Calls
May,14,10:30:00,0.3578,976.0,37.0,0.0379,347.66,C,Abandoned Calls
May,14,11:00:00,0.6742,939.0,9.0,0.0096,335.31,C,Abandoned Calls
May,14,11:30:00,0.8588,938.0,10.0,0.0107,348.26,C,Abandoned Calls
May,14,13:30:00,0.727,993.0,15.0,0.0151,339.96,C,Abandoned Calls
May,15,12:30:00,0.905,931.0,15.0,0.0161,340.79,C,Abandoned Calls
May,15,13:00:00,0.6991,920.0,16.0,0.0174,336.34,C,Abandoned Calls
May,15,13:30:00,0.3558,945.0,40.0,0.0423,330.05,C,Abandoned Calls
May,15,14:00:00,0.259,991.0,49.0,0.0494,341.85,C,Abandoned Calls
May,15,14:30:00,0.4329,1043.0,29.0,0.0278,358.63,C,Abandoned Calls
May,15,19:30:00,0.4739,522.0,43.0,0.0824,359.92,C,Abandoned Calls
May,15,20:00:00,0.2424,508.0,83.0,0.1634,370.92,C,Abandoned Calls
May,15,20:30:00,0.3819,441.0,22.0,0.0499,359.05,C,Abandoned Calls
May,16,09:30:00,0.7452,593.0,16.0,0.027,314.21,C,Abandoned Calls
May,16,10:30:00,0.7168,851.0,14.0,0.0165,315.87,C,Abandoned Calls
May,16,12:00:00,0.6506,900.0,30.0,0.0333,330.71,C,Abandoned Calls
May,16,12:30:00,0.4052,973.0,45.0,0.0462,331.59,C,Abandoned Calls
May,16,13:30:00,0.876,920.0,9.0,0.0098,339.67,C,Abandoned Calls
May,16,14:00:00,0.5966,955.0,18.0,0.0188,345.61,C,Abandoned Calls
May,16,15:00:00,0.4336,877.0,33.0,0.0376,339.78,C,Abandoned Calls
May,16,15:30:00,0.3235,995.0,46.0,0.0462,359.76,C,Abandoned Calls
May,16,16:30:00,0.8015,917.0,10.0,0.0109,335.38,C,Abandoned Calls
May,16,17:00:00,0.7432,788.0,13.0,0.0165,379.65,C,Abandoned Calls
May,17,08:30:00,0.4545,212.0,14.0,0.066,315.21,C,Abandoned Calls
May,17,09:30:00,0.3333,395.0,32.0,0.081,335.51,C,Abandoned Calls
May,17,11:30:00,0.6232,644.0,23.0,0.0357,353.55,C,Abandoned Calls
May,17,12:30:00,0.4515,629.0,31.0,0.0493,337.61,C,Abandoned Calls
May,17,13:30:00,0.8736,626.0,9.0,0.0144,339.71,C,Abandoned Calls
May,17,14:00:00,0.5268,616.0,37.0,0.0601,342.48,C,Abandoned Calls
May,17,20:00:00,0.3309,298.0,20.0,0.0671,336.92,C,Abandoned Calls
May,17,20:30:00,0.2471,283.0,24.0,0.0848,376.41,C,Abandoned Calls
May,17,21:00:00,0.6667,219.0,9.0,0.0411,356.28,C,Abandoned Calls
May,18,02:30:00,0.2941,28.0,11.0,0.3929,396.65,C,Abandoned Calls
May,18,11:30:00,0.5209,371.0,12.0,0.0323,325.61,C,Abandoned Calls
May,18,13:00:00,0.7284,438.0,22.0,0.0502,322.63,C,Abandoned Calls
May,18,13:30:00,0.1615,409.0,25.0,0.0611,336.53,C,Abandoned Calls
May,19,11:30:00,0.699,1048.0,18.0,0.0172,358.62,C,Abandoned Calls
May,19,12:00:00,0.5913,1061.0,31.0,0.0292,349.22,C,Abandoned Calls
May,19,12:30:00,0.2559,1067.0,51.0,0.0478,349.54,C,Abandoned Calls
May,19,13:00:00,0.4607,1046.0,15.0,0.0143,353.8,C,Abandoned Calls
May,19,14:00:00,0.6718,1064.0,16.0,0.015,356.41,C,Abandoned Calls
May,19,14:30:00,0.758,1060.0,23.0,0.0217,357.48,C,Abandoned Calls
May,19,18:00:00,0.9391,814.0,9.0,0.0111,345.77,C,Abandoned Calls
May,19,18:30:00,0.5966,726.0,12.0,0.0165,364.04,C,Abandoned Calls
May,19,19:30:00,0.7783,609.0,9.0,0.0148,347.48,C,Abandoned Calls
May,20,10:30:00,0.5642,853.0,27.0,0.0317,340.97,C,Abandoned Calls
May,20,11:00:00,0.7278,942.0,9.0,0.0096,335.41,C,Abandoned Calls
May,20,12:00:00,0.69,985.0,27.0,0.0274,322.09,C,Abandoned Calls
May,20,12:30:00,0.2864,898.0,46.0,0.0512,369.05,C,Abandoned Calls
May,20,13:00:00,0.5934,993.0,24.0,0.0242,359.15,C,Abandoned Calls
May,20,13:30:00,0.3256,925.0,68.0,0.0735,362.39,C,Abandoned Calls
May,20,14:00:00,0.6388,1016.0,11.0,0.0108,366.58,C,Abandoned Calls
May,21,09:30:00,0.9278,667.0,16.0,0.024,321.05,C,Abandoned Calls
May,21,10:30:00,0.406,871.0,41.0,0.0471,335.35,C,Abandoned Calls
May,21,11:00:00,0.5318,951.0,22.0,0.0231,349.65,C,Abandoned Calls
May,21,11:30:00,0.8806,1002.0,14.0,0.014,339.43,C,Abandoned Calls
May,21,12:00:00,0.8262,949.0,11.0,0.0116,332.88,C,Abandoned Calls
May,21,12:30:00,0.7193,958.0,14.0,0.0146,328.82,C,Abandoned Calls
May,21,17:30:00,0.6483,785.0,23.0,0.0293,373.57,C,Abandoned Calls
May,22,12:00:00,0.8478,841.0,13.0,0.0155,340.73,C,Abandoned Calls
May,22,12:30:00,0.6723,914.0,23.0,0.0252,344.92,C,Abandoned Calls
May,22,14:30:00,0.5354,911.0,35.0,0.0384,333.75,C,Abandoned Calls
May,22,18:00:00,0.7289,643.0,16.0,0.0249,334.95,C,Abandoned Calls
May,22,19:30:00,0.5898,467.0,16.0,0.0343,361.89,C,Abandoned Calls
May,22,20:00:00,0.2874,436.0,22.0,0.0505,369.4,C,Abandoned Calls
May,23,11:30:00,0.9099,897.0,9.0,0.01,336.63,C,Abandoned Calls
May,23,12:00:00,0.6364,889.0,9.0,0.0101,333.69,C,Abandoned Calls
May,23,14:30:00,0.914,917.0,10.0,0.0109,357.31,C,Abandoned Calls
May,23,15:00:00,0.8309,815.0,46.0,0.0564,354.38,C,Abandoned Calls
May,23,15:30:00,0.3446,772.0,238.0,0.3083,339.53,C,Abandoned Calls
May,23,16:00:00,0.2726,971.0,197.0,0.2029,322.12,C,Abandoned Calls
May,23,16:30:00,0.2915,876.0,56.0,0.0639,362.75,C,Abandoned Calls
May,23,17:00:00,0.4886,816.0,24.0,0.0294,345.76,C,Abandoned Calls
May,24,13:00:00,0.5405,630.0,25.0,0.0051,321.1,C,Abandoned Calls
May,24,13:30:00,0.2922,638.0,46.0,0.0051,321.1,C,Abandoned Calls
May,24,14:00:00,0.6589,614.0,16.0,0.0261,339.1,C,Abandoned Calls
May,24,14:30:00,0.3601,580.0,33.0,0.0569,331.42,C,Abandoned Calls
May,27,12:00:00,0.893,983.0,11.0,0.0112,348.37,C,Abandoned Calls
May,27,12:30:00,0.4307,1034.0,31.0,0.03,349.51,C,Abandoned Calls
May,27,14:30:00,0.7591,1057.0,15.0,0.0142,360.88,C,Abandoned Calls
May,27,16:00:00,1.0,1069.0,9.0,0.0084,355.96,C,Abandoned Calls
May,27,17:00:00,0.9074,983.0,11.0,0.0112,363.86,C,Abandoned Calls
May,28,10:30:00,0.7668,890.0,11.0,0.0124,341.1,C,Abandoned Calls
May,28,11:30:00,0.7967,990.0,16.0,0.0162,328.86,C,Abandoned Calls
May,28,12:30:00,0.6246,996.0,21.0,0.0211,344.7,C,Abandoned Calls
May,28,13:30:00,0.7181,961.0,21.0,0.0219,337.18,C,Abandoned Calls
May,28,14:00:00,0.7642,1010.0,9.0,0.0089,333.91,C,Abandoned Calls
May,28,14:30:00,0.7888,1014.0,15.0,0.0148,338.92,C,Abandoned Calls
May,28,15:30:00,0.552,941.0,46.0,0.0489,374.36,C,Abandoned Calls
May,28,16:00:00,0.3502,1029.0,41.0,0.0398,353.24,C,Abandoned Calls
May,28,17:00:00,0.4753,702.0,136.0,0.1937,384.89,C,Abandoned Calls
May,28,17:30:00,0.325,882.0,165.0,0.1871,351.33,C,Abandoned Calls
May,28,18:00:00,0.3288,810.0,71.0,0.0877,373.78,C,Abandoned Calls
May,28,18:30:00,0.4725,720.0,28.0,0.0389,355.42,C,Abandoned Calls
May,29,12:30:00,0.5886,911.0,14.0,0.0154,353.69,C,Abandoned Calls
May,29,13:30:00,0.4734,863.0,16.0,0.0185,335.11,C,Abandoned Calls
May,29,14:30:00,0.5278,906.0,25.0,0.0276,361.33,C,Abandoned Calls
May,29,19:30:00,0.7545,818.0,13.0,0.0287,358.49,C,Abandoned Calls
May,30,10:00:00,0.8588,780.0,15.0,0.0192,320.99,C,Abandoned Calls
May,30,10:30:00,0.6576,866.0,16.0,0.0185,319.78,C,Abandoned Calls
May,30,14:30:00,0.7764,973.0,16.0,0.0164,329.45,C,Abandoned Calls
May,30,15:00:00,0.746,1003.0,11.0,0.011,339.53,C,Abandoned Calls
May,30,17:30:00,0.9011,802.0,13.0,0.0162,356.7,C,Abandoned Calls
May,30,18:00:00,0.8409,645.0,10.0,0.0155,355.39,C,Abandoned Calls
May,31,09:30:00,0.91,422.0,11.0,0.0261,308.46,C,Abandoned Calls
May,31,11:00:00,0.4006,657.0,28.0,0.0426,320.52,C,Abandoned Calls
May,31,11:30:00,0.2599,677.0,46.0,0.0679,336.88,C,Abandoned Calls
May,31,12:00:00,0.649,658.0,17.0,0.0258,339.24,C,Abandoned Calls
May,31,13:30:00,0.362,668.0,52.0,0.0778,350.74,C,Abandoned Calls
May,31,14:00:00,0.6939,718.0,9.0,0.0125,328.13,C,Abandoned Calls
May,31,19:00:00,0.7188,362.0,10.0,0.0276,300.97,C,Abandoned Calls
May,31,19:30:00,0.3344,333.0,16.0,0.048,335.6,C,Abandoned Calls
June,2,09:30:00,0.7935,751.0,15.0,0.02,314.49,C,Abandoned Calls
June,2,10:00:00,0.7885,946.0,10.0,0.0106,341.34,C,Abandoned Calls
June,2,11:30:00,0.6625,1081.0,32.0,0.0296,360.53,C,Abandoned Calls
June,2,12:00:00,0.6777,1161.0,13.0,0.0112,351.38,C,Abandoned Calls
June,2,13:00:00,0.9592,1114.0,10.0,0.009,361.21,C,Abandoned Calls
June,2,13:30:00,0.4808,1151.0,32.0,0.0278,375.25,C,Abandoned Calls
June,2,14:00:00,0.8298,1173.0,10.0,0.0085,366.94,C,Abandoned Calls
June,2,19:30:00,0.7487,600.0,11.0,0.0183,367.29,C,Abandoned Calls
June,3,09:30:00,0.9126,707.0,9.0,0.0127,314.06,C,Abandoned Calls
June,3,10:30:00,0.5755,927.0,39.0,0.0421,356.56,C,Abandoned Calls
June,3,11:00:00,0.7513,991.0,10.0,0.0101,344.62,C,Abandoned Calls
June,3,11:30:00,0.8657,1137.0,13.0,0.0114,330.96,C,Abandoned Calls
June,3,18:30:00,0.6832,732.0,28.0,0.0383,356.42,C,Abandoned Calls
June,3,19:00:00,0.5213,677.0,19.0,0.0281,357.31,C,Abandoned Calls
June,4,14:00:00,0.8925,1005.0,10.0,0.01,342.76,C,Abandoned Calls
June,4,14:30:00,0.9443,1015.0,9.0,0.0089,359.08,C,Abandoned Calls
June,4,15:30:00,0.6205,999.0,32.0,0.032,360.11,C,Abandoned Calls
June,5,10:00:00,0.9195,792.0,9.0,0.0114,331.91,C,Abandoned Calls
June,5,15:30:00,0.8472,988.0,13.0,0.0132,358.91,C,Abandoned Calls
June,5,18:00:00,0.7918,724.0,13.0,0.018,372.34,C,Abandoned Calls
June,5,18:30:00,0.8472,612.0,10.0,0.0163,357.52,C,Abandoned Calls
June,6,12:30:00,0.7911,909.0,9.0,0.0099,354.95,C,Abandoned Calls
June,6,13:00:00,0.7768,937.0,14.0,0.0149,351.75,C,Abandoned Calls
June,6,17:30:00,0.4013,778.0,28.0,0.036,347.65,C,Abandoned Calls
June,6,18:00:00,0.5302,711.0,15.0,0.0211,352.21,C,Abandoned Calls
June,9,12:00:00,0.8404,1001.0,11.0,0.011,349.5,C,Abandoned Calls
June,9,13:30:00,0.8686,1044.0,9.0,0.0086,362.06,C,Abandoned Calls
June,9,14:00:00,0.7841,1053.0,11.0,0.0104,362.41,C,Abandoned Calls
June,9,14:30:00,0.432,1067.0,37.0,0.0347,361.13,C,Abandoned Calls
June,9,15:00:00,0.6011,1132.0,19.0,0.0168,369.04,C,Abandoned Calls
June,9,19:30:00,0.4636,611.0,20.0,0.0327,362.33,C,Abandoned Calls
June,10,12:00:00,0.9405,936.0,11.0,0.0118,360.41,C,Abandoned Calls
June,10,12:30:00,0.6161,965.0,22.0,0.0228,346.79,C,Abandoned Calls
June,10,14:00:00,0.799,966.0,11.0,0.0114,344.41,C,Abandoned Calls
June,10,15:00:00,0.4948,996.0,26.0,0.0261,366.08,C,Abandoned Calls
June,11,11:00:00,0.6894,851.0,17.0,0.02,339.95,C,Abandoned Calls
June,11,11:30:00,0.2959,870.0,42.0,0.0483,356.13,C,Abandoned Calls
June,11,15:30:00,0.7879,908.0,17.0,0.0044,335.51,C,Abandoned Calls
June,12,10:30:00,0.4834,804.0,20.0,0.0249,341.01,C,Abandoned Calls
June,12,12:30:00,0.5813,933.0,23.0,0.0247,352.49,C,Abandoned Calls
June,12,14:30:00,0.6652,919.0,26.0,0.0283,351.19,C,Abandoned Calls
June,12,19:30:00,0.7765,524.0,14.0,0.0267,358.92,C,Abandoned Calls
June,13,12:30:00,0.9664,903.0,11.0,0.0122,327.19,C,Abandoned Calls
June,13,13:00:00,0.715,822.0,29.0,0.0353,337.95,C,Abandoned Calls
June,13,13:30:00,0.2783,875.0,63.0,0.072,358.91,C,Abandoned Calls
June,13,14:00:00,0.4591,998.0,33.0,0.0331,351.6,C,Abandoned Calls
June,13,15:30:00,0.7466,910.0,22.0,0.0242,352.24,C,Abandoned Calls
June,13,16:00:00,0.7813,940.0,12.0,0.0128,344.66,C,Abandoned Calls
June,13,17:30:00,0.6982,755.0,16.0,0.0212,352.43,C,Abandoned Calls
June,13,19:00:00,0.5314,507.0,14.0,0.0276,335.83,C,Abandoned Calls
June,13,19:30:00,0.4071,445.0,25.0,0.0562,363.99,C,Abandoned Calls
June,13,20:00:00,0.2857,379.0,22.0,0.058,351.08,C,Abandoned Calls
June,13,20:30:00,0.305,358.0,17.0,0.0475,320.24,C,Abandoned Calls
June,14,09:30:00,0.6717,413.0,14.0,0.0339,309.66,C,Abandoned Calls
June,14,13:30:00,0.2993,635.0,37.0,0.0583,334.42,C,Abandoned Calls
June,14,14:00:00,0.3291,651.0,25.0,0.0384,343.16,C,Abandoned Calls
June,16,13:30:00,0.5974,1078.0,20.0,0.0186,350.54,C,Abandoned Calls
June,16,14:30:00,0.4877,1106.0,48.0,0.0434,336.28,C,Abandoned Calls
June,16,15:00:00,0.5758,1136.0,14.0,0.0123,353.69,C,Abandoned Calls
June,16,16:30:00,0.7966,1066.0,14.0,0.0131,349.51,C,Abandoned Calls
June,16,18:00:00,0.5896,867.0,24.0,0.0277,351.58,C,Abandoned Calls
June,16,18:30:00,0.5766,788.0,11.0,0.014,363.25,C,Abandoned Calls
June,17,12:30:00,0.9501,891.0,10.0,0.0112,352.87,C,Abandoned Calls
June,17,16:30:00,0.6713,952.0,15.0,0.0158,363.41,C,Abandoned Calls
June,17,19:00:00,0.8231,647.0,14.0,0.0216,374.69,C,Abandoned Calls
June,18,12:30:00,0.4982,884.0,33.0,0.0373,354.93,C,Abandoned Calls
June,20,07:30:00,0.7661,180.0,9.0,0.05,288.74,C,Abandoned Calls
June,20,08:00:00,0.5865,324.0,12.0,0.037,314.57,C,Abandoned Calls
June,20,11:30:00,0.8399,927.0,15.0,0.0162,338.36,C,Abandoned Calls
June,20,12:00:00,0.8163,966.0,24.0,0.0248,329.81,C,Abandoned Calls
June,20,12:30:00,0.7621,929.0,21.0,0.0226,335.44,C,Abandoned Calls
June,20,13:30:00,0.8018,891.0,23.0,0.0258,339.81,C,Abandoned Calls
June,20,14:00:00,0.2857,891.0,23.0,0.0548,340.55,C,Abandoned Calls
June,20,14:30:00,0.3109,891.0,23.0,0.0954,364.5,C,Abandoned Calls
June,20,15:00:00,0.4821,891.0,23.0,0.0308,333.5,C,Abandoned Calls
June,20,15:30:00,0.9352,891.0,23.0,0.013,328.63,C,Abandoned Calls
June,20,16:00:00,0.5152,891.0,23.0,0.0248,356.93,C,Abandoned Calls
June,20,16:30:00,0.9574,891.0,23.0,0.005,339.5,C,Abandoned Calls
June,20,17:00:00,0.9168,891.0,23.0,0.009,344.03,C,Abandoned Calls
June,20,17:30:00,0.9467,856.0,12.0,0.014,341.0,C,Abandoned Calls
June,20,18:00:00,0.9435,719.0,47.0,0.0654,351.65,C,Abandoned Calls
June,20,18:30:00,0.8025,729.0,15.0,0.0206,340.19,C,Abandoned Calls
June,20,19:00:00,0.7784,578.0,23.0,0.0398,342.9,C,Abandoned Calls
June,20,19:30:00,0.5936,521.0,51.0,0.0979,318.09,C,Abandoned Calls
June,20,20:00:00,0.222,508.0,71.0,0.1398,358.06,C,Abandoned Calls
June,20,20:30:00,0.2483,464.0,33.0,0.0711,338.34,C,Abandoned Calls
June,20,21:30:00,0.8924,266.0,15.0,0.0564,303.19,C,Abandoned Calls
June,21,09:30:00,0.8661,444.0,11.0,0.0248,287.96,C,Abandoned Calls
June,21,12:00:00,0.9095,618.0,10.0,0.0162,325.17,C,Abandoned Calls
June,21,13:00:00,0.9184,635.0,10.0,0.0157,308.18,C,Abandoned Calls
June,21,13:30:00,0.847,627.0,19.0,0.0303,342.54,C,Abandoned Calls
June,21,14:00:00,0.7827,668.0,19.0,0.0284,336.86,C,Abandoned Calls
June,21,19:30:00,0.5906,311.0,13.0,0.0418,338.98,C,Abandoned Calls
June,21,20:00:00,0.4982,295.0,10.0,0.0339,340.69,C,Abandoned Calls
June,22,13:30:00,0.6005,439.0,11.0,0.0251,317.24,C,Abandoned Calls
June,23,11:30:00,0.5045,1022.0,23.0,0.0225,343.54,C,Abandoned Calls
June,23,12:00:00,0.4335,1072.0,34.0,0.0317,355.86,C,Abandoned Calls
June,23,12:30:00,0.3272,1091.0,55.0,0.0504,350.07,C,Abandoned Calls
June,23,14:30:00,0.8252,1095.0,14.0,0.0128,350.93,C,Abandoned Calls
June,23,17:00:00,0.7513,973.0,16.0,0.0164,375.0,C,Abandoned Calls
June,23,17:30:00,0.6976,896.0,13.0,0.0145,366.92,C,Abandoned Calls
June,23,18:00:00,0.8644,850.0,24.0,0.0282,360.8,C,Abandoned Calls
June,23,19:30:00,0.6909,577.0,14.0,0.0243,346.0,C,Abandoned Calls
June,25,12:30:00,0.647,913.0,32.0,0.035,335.13,C,Abandoned Calls
June,25,14:30:00,0.8951,974.0,11.0,0.0113,360.21,C,Abandoned Calls
June,25,18:00:00,0.6417,746.0,12.0,0.0161,353.33,C,Abandoned Calls
June,25,19:00:00,0.4953,560.0,31.0,0.0554,372.75,C,Abandoned Calls
June,25,19:30:00,0.193,541.0,54.0,0.0998,366.08,C,Abandoned Calls
June,25,20:00:00,0.5103,494.0,10.0,0.0202,353.65,C,Abandoned Calls
June,26,12:30:00,0.4409,861.0,49.0,0.0569,333.17,C,Abandoned Calls
June,26,14:30:00,0.6634,850.0,21.0,0.0247,350.32,C,Abandoned Calls
June,26,17:00:00,0.8251,749.0,17.0,0.0227,359.94,C,Abandoned Calls
June,26,17:30:00,0.606,688.0,18.0,0.0262,339.2,C,Abandoned Calls
June,26,18:00:00,0.323,652.0,42.0,0.0644,349.1,C,Abandoned Calls
June,26,18:30:00,0.3941,637.0,28.0,0.044,349.67,C,Abandoned Calls
June,26,22:00:00,0.5179,267.0,16.0,0.0599,293.16,C,Abandoned Calls
June,27,10:00:00,0.9238,691.0,9.0,0.013,323.24,C,Abandoned Calls
June,27,10:30:00,0.4041,807.0,25.0,0.031,303.27,C,Abandoned Calls
June,27,12:00:00,0.5425,883.0,24.0,0.0272,331.85,C,Abandoned Calls
June,27,12:30:00,0.5689,960.0,16.0,0.0167,350.79,C,Abandoned Calls
June,27,14:00:00,0.831,944.0,9.0,0.0095,335.5,C,Abandoned Calls
June,27,14:30:00,0.5643,905.0,26.0,0.0287,328.91,C,Abandoned Calls
June,27,15:30:00,0.5452,931.0,23.0,0.0247,327.11,C,Abandoned Calls
June,27,19:00:00,0.6257,516.0,11.0,0.0213,322.17,C,Abandoned Calls
June,27,20:00:00,0.4725,384.0,20.0,0.0521,340.68,C,Abandoned Calls
June,28,09:30:00,0.3437,379.0,24.0,0.0633,334.71,C,Abandoned Calls
June,28,10:00:00,0.65,510.0,10.0,0.0196,322.35,C,Abandoned Calls
June,28,11:30:00,0.55,613.0,33.0,0.0538,333.26,C,Abandoned Calls
June,28,12:00:00,0.29,664.0,33.0,0.0497,324.34,C,Abandoned Calls
June,28,12:30:00,0.2871,632.0,33.0,0.0522,327.77,C,Abandoned Calls
June,28,13:00:00,0.3981,662.0,24.0,0.0363,359.84,C,Abandoned Calls
June,28,13:30:00,0.3163,614.0,26.0,0.0423,306.37,C,Abandoned Calls
June,28,19:00:00,0.568,347.0,16.0,0.0461,342.1,C,Abandoned Calls
June,28,19:30:00,0.226,356.0,33.0,0.0927,333.59,C,Abandoned Calls
June,30,09:30:00,0.9023,737.0,10.0,0.0136,314.94,C,Abandoned Calls
June,30,10:30:00,0.6525,957.0,42.0,0.0439,340.85,C,Abandoned Calls
June,30,11:00:00,0.6388,1077.0,11.0,0.0102,313.71,C,Abandoned Calls
June,30,12:00:00,0.8542,1073.0,17.0,0.0158,338.68,C,Abandoned Calls
June,30,12:30:00,0.457,1072.0,26.0,0.0243,341.12,C,Abandoned Calls
June,30,13:30:00,0.7704,1101.0,21.0,0.0191,354.22,C,Abandoned Calls
June,30,14:00:00,0.5782,1117.0,24.0,0.0215,377.32,C,Abandoned Calls
June,30,14:30:00,0.267,1059.0,59.0,0.0557,356.63,C,Abandoned Calls
June,30,15:00:00,0.4697,1087.0,31.0,0.0285,350.52,C,Abandoned Calls
June,30,15:30:00,0.8836,1105.0,14.0,0.0127,350.13,C,Abandoned Calls
June,30,18:00:00,0.923,856.0,12.0,0.014,353.16,C,Abandoned Calls
June,30,19:00:00,0.8979,637.0,10.0,0.0157,341.84,C,Abandoned Calls
June,30,20:00:00,0.8836,516.0,9.0,0.0174,340.95,C,Abandoned Calls
April,1,11:00:00,0.8645,441.0,13.0,0.0295,324.51,D,Abandoned Calls
April,1,13:30:00,0.8327,512.0,10.0,0.0195,320.57,D,Abandoned Calls
April,2,17:00:00,0.8399,540.0,9.0,0.0167,313.49,D,Abandoned Calls
April,3,10:30:00,0.6425,471.0,15.0,0.0318,300.67,D,Abandoned Calls
April,4,09:30:00,0.6387,325.0,15.0,0.0462,303.44,D,Abandoned Calls
April,4,11:30:00,0.7432,487.0,12.0,0.0246,311.36,D,Abandoned Calls
April,4,12:30:00,0.6791,554.0,18.0,0.0325,314.53,D,Abandoned Calls
April,5,14:30:00,0.5974,397.0,17.0,0.0428,305.6,D,Abandoned Calls
April,5,15:30:00,0.8692,354.0,10.0,0.0282,290.86,D,Abandoned Calls
April,6,10:30:00,0.7365,157.0,9.0,0.0573,308.89,D,Abandoned Calls
April,7,12:30:00,0.8133,568.0,11.0,0.0194,325.97,D,Abandoned Calls
April,7,13:00:00,0.8528,576.0,12.0,0.0208,332.53,D,Abandoned Calls
April,7,13:30:00,0.7177,555.0,13.0,0.0234,320.2,D,Abandoned Calls
April,7,16:30:00,0.7365,530.0,10.0,0.0189,362.39,D,Abandoned Calls
April,8,14:00:00,0.8954,536.0,10.0,0.0187,342.15,D,Abandoned Calls
April,9,10:30:00,0.4776,405.0,26.0,0.0642,330.77,D,Abandoned Calls
April,9,11:30:00,0.6957,469.0,9.0,0.0192,346.32,D,Abandoned Calls
April,9,21:00:00,0.4583,188.0,20.0,0.1064,324.39,D,Abandoned Calls
April,10,09:30:00,0.67,311.0,11.0,0.0354,318.07,D,Abandoned Calls
April,10,14:30:00,0.8296,503.0,10.0,0.0199,307.68,D,Abandoned Calls
April,10,15:30:00,0.7155,474.0,17.0,0.0359,327.02,D,Abandoned Calls
April,11,10:30:00,0.7265,389.0,16.0,0.0411,296.63,D,Abandoned Calls
April,11,12:00:00,0.6522,592.0,40.0,0.0676,303.78,D,Abandoned Calls
April,11,14:00:00,0.792,466.0,14.0,0.03,332.73,D,Abandoned Calls
April,11,14:30:00,0.3664,507.0,43.0,0.0848,356.61,D,Abandoned Calls
April,11,15:00:00,0.5821,491.0,34.0,0.0692,341.74,D,Abandoned Calls
April,11,15:30:00,0.7244,578.0,12.0,0.0208,329.55,D,Abandoned Calls
April,11,16:30:00,0.9087,506.0,24.0,0.0474,314.34,D,Abandoned Calls
April,11,19:00:00,0.6786,263.0,11.0,0.0418,358.43,D,Abandoned Calls
April,12,10:30:00,0.2851,267.0,32.0,0.1199,307.96,D,Abandoned Calls
April,13,10:30:00,0.587,147.0,9.0,0.0612,310.05,D,Abandoned Calls
April,13,12:00:00,0.5969,202.0,11.0,0.0545,301.32,D,Abandoned Calls
April,13,21:00:00,0.4512,92.0,10.0,0.1087,370.71,D,Abandoned Calls
April,14,10:00:00,0.8954,335.0,10.0,0.0299,313.8,D,Abandoned Calls
April,14,16:30:00,0.7016,502.0,16.0,0.0319,338.02,D,Abandoned Calls
April,14,17:30:00,0.694,474.0,23.0,0.0485,346.24,D,Abandoned Calls
April,14,19:30:00,0.7021,308.0,16.0,0.0519,320.57,D,Abandoned Calls
April,14,20:00:00,0.4394,283.0,19.0,0.0671,364.43,D,Abandoned Calls
April,15,11:00:00,0.7207,386.0,10.0,0.0259,323.54,D,Abandoned Calls
April,15,14:00:00,0.8854,483.0,12.0,0.0248,310.73,D,Abandoned Calls
April,15,15:30:00,0.6057,558.0,33.0,0.0591,362.95,D,Abandoned Calls
April,16,17:30:00,0.6897,390.0,13.0,0.0333,334.65,D,Abandoned Calls
April,17,09:30:00,0.6707,260.0,11.0,0.0423,292.02,D,Abandoned Calls
April,18,15:30:00,0.7577,372.0,17.0,0.0457,337.23,D,Abandoned Calls
April,18,16:00:00,0.7225,452.0,16.0,0.0354,349.46,D,Abandoned Calls
April,19,10:30:00,0.7928,231.0,9.0,0.039,270.67,D,Abandoned Calls
April,19,14:00:00,0.5117,313.0,14.0,0.0447,299.94,D,Abandoned Calls
April,19,14:30:00,0.7126,345.0,11.0,0.0319,344.44,D,Abandoned Calls
April,21,10:30:00,0.6512,379.0,12.0,0.0317,323.18,D,Abandoned Calls
April,21,13:30:00,0.8042,480.0,56.0,0.1167,376.32,D,Abandoned Calls
April,21,14:00:00,0.5023,534.0,92.0,0.1723,373.25,D,Abandoned Calls
April,21,14:30:00,0.5373,520.0,198.0,0.3808,330.38,D,Abandoned Calls
April,21,15:00:00,0.4895,652.0,127.0,0.1948,329.86,D,Abandoned Calls
April,21,15:30:00,0.4796,615.0,50.0,0.0813,328.29,D,Abandoned Calls
April,21,16:00:00,0.6726,634.0,20.0,0.0315,351.04,D,Abandoned Calls
April,22,10:30:00,0.4761,437.0,19.0,0.0435,310.6,D,Abandoned Calls
April,22,11:30:00,0.7755,499.0,9.0,0.018,318.6,D,Abandoned Calls
April,22,12:30:00,0.3162,547.0,41.0,0.075,360.88,D,Abandoned Calls
April,22,17:00:00,0.8089,414.0,11.0,0.0266,377.47,D,Abandoned Calls
April,22,17:30:00,0.3402,434.0,43.0,0.0991,354.19,D,Abandoned Calls
April,22,19:30:00,0.6645,320.0,10.0,0.0313,335.25,D,Abandoned Calls
April,23,09:30:00,0.9033,313.0,13.0,0.0415,300.55,D,Abandoned Calls
April,23,10:00:00,0.6491,339.0,17.0,0.0501,320.07,D,Abandoned Calls
April,23,10:30:00,0.3779,377.0,33.0,0.0875,321.47,D,Abandoned Calls
April,23,11:00:00,0.5558,463.0,24.0,0.0518,303.56,D,Abandoned Calls
April,23,11:30:00,0.8833,464.0,10.0,0.0216,337.38,D,Abandoned Calls
April,24,10:00:00,0.8095,345.0,9.0,0.0261,312.82,D,Abandoned Calls
April,24,10:30:00,0.6648,374.0,10.0,0.0267,311.55,D,Abandoned Calls
April,24,11:00:00,0.5461,416.0,15.0,0.0361,341.17,D,Abandoned Calls
April,24,12:00:00,0.8085,432.0,9.0,0.0208,321.42,D,Abandoned Calls
April,24,14:00:00,0.7663,457.0,12.0,0.0263,315.21,D,Abandoned Calls
April,24,15:30:00,0.8668,498.0,10.0,0.0201,314.8,D,Abandoned Calls
April,24,19:00:00,0.6022,284.0,15.0,0.0528,302.5,D,Abandoned Calls
April,24,19:30:00,0.6651,226.0,11.0,0.0487,324.13,D,Abandoned Calls
April,25,09:30:00,0.4494,291.0,24.0,0.0825,300.76,D,Abandoned Calls
April,25,10:00:00,0.6279,402.0,15.0,0.0373,337.32,D,Abandoned Calls
April,25,11:00:00,0.6853,440.0,11.0,0.025,306.06,D,Abandoned Calls
April,25,14:00:00,0.5737,500.0,52.0,0.104,317.98,D,Abandoned Calls
April,25,14:30:00,0.5941,492.0,19.0,0.0386,336.61,D,Abandoned Calls
April,25,15:30:00,0.6116,461.0,31.0,0.0672,325.29,D,Abandoned Calls
April,25,16:00:00,0.5366,525.0,20.0,0.0381,320.36,D,Abandoned Calls
April,25,17:30:00,0.5398,429.0,27.0,0.0629,354.79,D,Abandoned Calls
April,25,19:00:00,0.6755,311.0,9.0,0.0289,325.77,D,Abandoned Calls
April,25,21:00:00,0.5903,161.0,17.0,0.1056,328.99,D,Abandoned Calls
April,25,21:30:00,0.5359,165.0,12.0,0.0727,355.84,D,Abandoned Calls
April,26,09:30:00,0.9444,18.0,9.0,0.0566,292.21,D,Abandoned Calls
April,26,21:00:00,0.6759,123.0,15.0,0.122,331.36,D,Abandoned Calls
April,27,10:30:00,0.4343,118.0,19.0,0.161,322.95,D,Abandoned Calls
April,27,14:00:00,0.7118,240.0,11.0,0.0458,311.8,D,Abandoned Calls
April,28,09:30:00,0.4262,312.0,14.0,0.0449,306.29,D,Abandoned Calls
April,28,11:00:00,0.821,468.0,10.0,0.0214,314.64,D,Abandoned Calls
April,28,11:30:00,0.7783,473.0,13.0,0.0275,326.84,D,Abandoned Calls
April,28,14:30:00,0.7403,580.0,14.0,0.0241,319.88,D,Abandoned Calls
April,28,17:30:00,0.891,490.0,13.0,0.0265,306.62,D,Abandoned Calls
April,28,19:30:00,0.3887,310.0,9.0,0.029,366.74,D,Abandoned Calls
April,28,20:30:00,0.6295,265.0,14.0,0.0528,395.16,D,Abandoned Calls
April,29,10:30:00,0.8292,372.0,9.0,0.0242,303.28,D,Abandoned Calls
April,29,11:00:00,0.6916,426.0,11.0,0.0258,322.97,D,Abandoned Calls
April,29,14:00:00,0.7978,462.0,12.0,0.026,319.72,D,Abandoned Calls
April,29,14:30:00,0.4374,465.0,26.0,0.0559,347.7,D,Abandoned Calls
April,29,15:00:00,0.5828,493.0,16.0,0.0325,316.14,D,Abandoned Calls
April,29,16:30:00,0.557,470.0,23.0,0.0489,333.7,D,Abandoned Calls
April,29,20:00:00,0.6382,212.0,13.0,0.0613,350.83,D,Abandoned Calls
April,29,21:00:00,0.7445,146.0,9.0,0.0616,347.21,D,Abandoned Calls
April,30,08:30:00,0.3918,220.0,49.0,0.2227,350.17,D,Abandoned Calls
April,30,09:00:00,0.6028,307.0,20.0,0.0651,302.97,D,Abandoned Calls
April,30,09:30:00,0.7113,302.0,18.0,0.0596,326.82,D,Abandoned Calls
April,30,10:00:00,0.4766,407.0,44.0,0.1081,317.84,D,Abandoned Calls
April,30,10:30:00,0.5931,453.0,18.0,0.0397,325.57,D,Abandoned Calls
April,30,11:00:00,0.6945,428.0,9.0,0.021,308.56,D,Abandoned Calls
April,30,12:30:00,0.846,509.0,9.0,0.0177,327.96,D,Abandoned Calls
April,30,19:00:00,0.6397,285.0,13.0,0.0456,312.22,D,Abandoned Calls
May,1,19:30:00,0.6655,294.0,13.0,0.0442,327.83,D,Abandoned Calls
May,1,20:00:00,0.6429,263.0,11.0,0.0418,307.49,D,Abandoned Calls
May,1,21:00:00,0.7725,200.0,11.0,0.055,324.17,D,Abandoned Calls
May,2,10:00:00,0.5589,448.0,15.0,0.0335,301.19,D,Abandoned Calls
May,2,10:30:00,0.5877,474.0,18.0,0.038,316.93,D,Abandoned Calls
May,2,11:00:00,0.3387,495.0,61.0,0.1232,339.01,D,Abandoned Calls
May,2,11:30:00,0.6318,540.0,24.0,0.0444,311.92,D,Abandoned Calls
May,2,12:00:00,0.7318,532.0,10.0,0.0188,305.75,D,Abandoned Calls
May,2,13:30:00,0.6435,556.0,23.0,0.0414,305.74,D,Abandoned Calls
May,2,14:30:00,0.8828,539.0,10.0,0.0186,306.14,D,Abandoned Calls
May,2,15:00:00,0.7972,573.0,11.0,0.0192,328.2,D,Abandoned Calls
May,2,15:30:00,0.7086,537.0,12.0,0.0223,314.38,D,Abandoned Calls
May,2,16:30:00,0.7296,512.0,9.0,0.0176,336.44,D,Abandoned Calls
May,2,18:30:00,0.4721,371.0,13.0,0.035,317.22,D,Abandoned Calls
May,2,19:00:00,0.7197,355.0,9.0,0.0254,299.79,D,Abandoned Calls
May,2,19:30:00,0.6389,298.0,10.0,0.0336,314.07,D,Abandoned Calls
May,2,21:00:00,0.6714,158.0,18.0,0.1139,392.98,D,Abandoned Calls
May,2,21:30:00,0.5306,158.0,11.0,0.0696,343.48,D,Abandoned Calls
May,3,10:30:00,0.6282,287.0,10.0,0.0348,284.6,D,Abandoned Calls
May,3,11:00:00,0.5203,360.0,16.0,0.0444,293.26,D,Abandoned Calls
May,3,13:30:00,0.6307,394.0,23.0,0.0584,298.62,D,Abandoned Calls
May,3,14:00:00,0.6592,364.0,9.0,0.0247,340.88,D,Abandoned Calls
May,3,14:30:00,0.7209,357.0,13.0,0.0364,309.91,D,Abandoned Calls
May,4,10:30:00,0.5422,181.0,15.0,0.0829,317.52,D,Abandoned Calls
May,5,08:30:00,0.8622,205.0,9.0,0.0439,312.75,D,Abandoned Calls
May,5,09:30:00,0.5925,391.0,18.0,0.046,309.41,D,Abandoned Calls
May,5,10:30:00,0.7978,469.0,19.0,0.0405,341.14,D,Abandoned Calls
May,5,11:00:00,0.391,472.0,50.0,0.1059,336.47,D,Abandoned Calls
May,5,12:00:00,0.7391,615.0,17.0,0.0276,326.24,D,Abandoned Calls
May,5,12:30:00,0.7291,597.0,10.0,0.0168,318.3,D,Abandoned Calls
May,5,15:30:00,0.7749,583.0,10.0,0.0172,339.7,D,Abandoned Calls
May,5,16:30:00,0.9054,583.0,12.0,0.0206,337.24,D,Abandoned Calls
May,8,02:00:00,0.5366,60.0,19.0,0.3167,290.05,D,Abandoned Calls
May,9,11:30:00,0.7692,444.0,15.0,0.0338,329.64,D,Abandoned Calls
May,9,12:00:00,0.645,445.0,14.0,0.0315,330.16,D,Abandoned Calls
May,12,09:30:00,0.6534,288.0,11.0,0.0382,313.4,D,Abandoned Calls
May,12,10:00:00,0.3528,376.0,33.0,0.0878,310.8,D,Abandoned Calls
May,12,10:30:00,0.4459,504.0,42.0,0.0833,318.16,D,Abandoned Calls
May,12,11:30:00,0.7664,441.0,13.0,0.0295,342.6,D,Abandoned Calls
May,12,12:00:00,0.4264,549.0,26.0,0.0474,339.37,D,Abandoned Calls
May,12,12:30:00,0.4733,528.0,23.0,0.0436,327.15,D,Abandoned Calls
May,12,13:00:00,0.6424,504.0,9.0,0.0179,329.41,D,Abandoned Calls
May,12,14:30:00,0.5586,535.0,23.0,0.043,332.57,D,Abandoned Calls
May,12,17:30:00,0.7609,469.0,9.0,0.0192,339.3,D,Abandoned Calls
May,12,19:30:00,0.7057,344.0,11.0,0.032,332.03,D,Abandoned Calls
May,13,11:30:00,0.8482,457.0,9.0,0.0197,327.63,D,Abandoned Calls
May,14,10:00:00,0.7565,355.0,10.0,0.0282,294.71,D,Abandoned Calls
May,14,10:30:00,0.3353,392.0,49.0,0.125,312.23,D,Abandoned Calls
May,14,13:30:00,0.563,489.0,29.0,0.0593,326.81,D,Abandoned Calls
May,14,14:30:00,0.6593,564.0,21.0,0.0372,329.38,D,Abandoned Calls
May,14,21:00:00,0.5741,182.0,20.0,0.1099,326.23,D,Abandoned Calls
May,14,21:30:00,0.4626,156.0,9.0,0.0577,359.35,D,Abandoned Calls
May,15,12:30:00,0.6607,468.0,23.0,0.0491,310.22,D,Abandoned Calls
May,15,13:00:00,0.6834,469.0,11.0,0.0235,327.38,D,Abandoned Calls
May,15,14:00:00,0.7477,459.0,19.0,0.0414,346.33,D,Abandoned Calls
May,15,14:30:00,0.3495,487.0,55.0,0.1129,316.69,D,Abandoned Calls
May,15,15:00:00,0.7089,516.0,11.0,0.0213,318.45,D,Abandoned Calls
May,15,16:00:00,0.8015,531.0,12.0,0.0226,313.93,D,Abandoned Calls
May,15,16:30:00,0.7126,447.0,12.0,0.0268,339.7,D,Abandoned Calls
May,15,19:00:00,0.7315,319.0,21.0,0.0658,334.34,D,Abandoned Calls
May,15,19:30:00,0.4007,313.0,16.0,0.0511,328.25,D,Abandoned Calls
May,15,20:00:00,0.4708,266.0,9.0,0.0338,333.16,D,Abandoned Calls
May,16,08:30:00,0.7,171.0,11.0,0.0643,334.35,D,Abandoned Calls
May,16,10:30:00,0.6785,371.0,32.0,0.0863,329.74,D,Abandoned Calls
May,16,11:00:00,0.4207,442.0,26.0,0.0588,314.86,D,Abandoned Calls
May,16,12:30:00,0.7173,438.0,10.0,0.0228,341.78,D,Abandoned Calls
May,16,13:00:00,0.5899,436.0,19.0,0.0436,311.65,D,Abandoned Calls
May,16,13:30:00,0.6326,474.0,14.0,0.0295,315.72,D,Abandoned Calls
May,16,14:00:00,0.9016,457.0,10.0,0.0219,305.45,D,Abandoned Calls
May,16,14:30:00,0.5195,465.0,55.0,0.1183,320.08,D,Abandoned Calls
May,16,15:30:00,0.617,457.0,34.0,0.0744,328.7,D,Abandoned Calls
May,16,16:00:00,0.5395,550.0,18.0,0.0327,332.26,D,Abandoned Calls
May,16,17:30:00,0.756,346.0,10.0,0.0289,324.23,D,Abandoned Calls
May,16,21:00:00,0.6479,158.0,16.0,0.1013,331.04,D,Abandoned Calls
May,16,21:30:00,0.5105,153.0,10.0,0.0654,296.91,D,Abandoned Calls
May,17,09:30:00,0.436,181.0,9.0,0.0497,262.18,D,Abandoned Calls
May,17,10:00:00,0.4632,240.0,9.0,0.0375,310.03,D,Abandoned Calls
May,17,12:30:00,0.5563,301.0,17.0,0.0565,308.55,D,Abandoned Calls
May,17,13:00:00,0.6024,350.0,18.0,0.0514,306.86,D,Abandoned Calls
May,17,14:30:00,0.4455,337.0,25.0,0.0742,305.25,D,Abandoned Calls
May,18,09:00:00,0.6437,97.0,10.0,0.1031,316.72,D,Abandoned Calls
May,18,14:30:00,0.6718,205.0,10.0,0.0488,293.32,D,Abandoned Calls
May,19,10:30:00,0.8274,455.0,9.0,0.0198,304.74,D,Abandoned Calls
May,19,12:00:00,0.6198,499.0,15.0,0.0301,341.12,D,Abandoned Calls
May,19,12:30:00,0.3415,538.0,46.0,0.0855,348.03,D,Abandoned Calls
May,19,14:30:00,0.8792,572.0,9.0,0.0157,330.73,D,Abandoned Calls
May,19,19:30:00,0.7622,317.0,10.0,0.0315,356.11,D,Abandoned Calls
May,20,10:00:00,0.6455,359.0,12.0,0.0334,313.09,D,Abandoned Calls
May,20,10:30:00,0.8005,436.0,10.0,0.0229,325.72,D,Abandoned Calls
May,20,11:30:00,0.8858,447.0,18.0,0.0403,316.71,D,Abandoned Calls
May,20,12:30:00,0.7305,468.0,19.0,0.0406,349.77,D,Abandoned Calls
May,20,13:00:00,0.7244,449.0,10.0,0.0223,342.54,D,Abandoned Calls
May,20,13:30:00,0.5203,406.0,110.0,0.2709,384.88,D,Abandoned Calls
May,20,14:00:00,0.5146,559.0,46.0,0.0823,340.48,D,Abandoned Calls
May,21,10:30:00,0.5467,400.0,25.0,0.0625,337.28,D,Abandoned Calls
May,21,12:00:00,0.9014,426.0,10.0,0.0235,320.31,D,Abandoned Calls
May,21,12:30:00,0.5281,484.0,22.0,0.0455,346.39,D,Abandoned Calls
May,22,09:30:00,0.7143,272.0,13.0,0.0478,316.3,D,Abandoned Calls
May,22,13:30:00,0.4298,500.0,30.0,0.06,324.96,D,Abandoned Calls
May,22,17:00:00,0.8354,501.0,9.0,0.018,376.94,D,Abandoned Calls
May,23,14:30:00,0.7364,470.0,11.0,0.0234,310.16,D,Abandoned Calls
May,23,15:00:00,0.8309,374.0,37.0,0.0989,366.44,D,Abandoned Calls
May,23,15:30:00,0.6512,387.0,172.0,0.4444,358.95,D,Abandoned Calls
May,23,16:00:00,0.4694,605.0,147.0,0.243,277.4,D,Abandoned Calls
May,23,16:30:00,0.4758,511.0,36.0,0.0705,308.63,D,Abandoned Calls
May,24,14:30:00,0.4233,354.0,28.0,0.0791,298.77,D,Abandoned Calls
May,27,11:00:00,0.6871,451.0,10.0,0.0222,326.17,D,Abandoned Calls
May,27,11:30:00,0.63,450.0,23.0,0.0511,329.31,D,Abandoned Calls
May,27,13:00:00,0.5,497.0,19.0,0.0382,307.26,D,Abandoned Calls
May,27,14:00:00,0.5758,578.0,17.0,0.0294,323.95,D,Abandoned Calls
May,27,15:00:00,0.6445,478.0,11.0,0.023,333.82,D,Abandoned Calls
May,27,15:30:00,0.4175,521.0,42.0,0.0806,333.66,D,Abandoned Calls
May,27,16:00:00,0.6649,567.0,12.0,0.0212,330.59,D,Abandoned Calls
May,27,20:00:00,0.5285,285.0,22.0,0.0772,324.03,D,Abandoned Calls
May,27,21:30:00,0.538,171.0,13.0,0.076,346.53,D,Abandoned Calls
May,28,10:30:00,0.63,388.0,15.0,0.0387,315.14,D,Abandoned Calls
May,28,13:00:00,0.6651,465.0,26.0,0.0559,333.18,D,Abandoned Calls
May,28,16:00:00,0.7731,488.0,12.0,0.0246,324.57,D,Abandoned Calls
May,28,17:00:00,0.6182,342.0,122.0,0.3567,381.02,D,Abandoned Calls
May,28,17:30:00,0.4453,508.0,124.0,0.2441,299.87,D,Abandoned Calls
May,28,18:00:00,0.3333,428.0,41.0,0.0958,309.41,D,Abandoned Calls
May,29,10:30:00,0.7912,353.0,13.0,0.0368,302.01,D,Abandoned Calls
May,29,14:00:00,0.7112,474.0,17.0,0.0359,307.69,D,Abandoned Calls
May,30,17:30:00,0.5154,380.0,23.0,0.0605,318.43,D,Abandoned Calls
May,31,10:30:00,0.4319,255.0,42.0,0.1647,299.29,D,Abandoned Calls
May,31,11:00:00,0.7053,317.0,15.0,0.0473,321.12,D,Abandoned Calls
May,31,14:30:00,0.4742,344.0,15.0,0.0436,311.12,D,Abandoned Calls
June,1,10:30:00,0.5355,166.0,11.0,0.0663,358.92,D,Abandoned Calls
June,2,09:30:00,0.5836,367.0,14.0,0.0381,312.61,D,Abandoned Calls
June,2,10:30:00,0.8705,511.0,9.0,0.0176,312.05,D,Abandoned Calls
June,2,12:00:00,0.7424,546.0,22.0,0.0403,328.8,D,Abandoned Calls
June,2,12:30:00,0.7458,604.0,10.0,0.0166,334.06,D,Abandoned Calls
June,2,14:00:00,0.7575,613.0,11.0,0.0179,316.0,D,Abandoned Calls
June,3,19:30:00,0.6006,324.0,11.0,0.034,339.86,D,Abandoned Calls
June,4,09:30:00,0.7453,327.0,9.0,0.0275,281.74,D,Abandoned Calls
June,4,13:00:00,0.5277,514.0,27.0,0.0525,338.45,D,Abandoned Calls
June,5,13:00:00,0.5751,489.0,23.0,0.047,341.59,D,Abandoned Calls
June,5,14:00:00,0.832,521.0,9.0,0.0173,314.01,D,Abandoned Calls
June,5,14:30:00,0.762,513.0,13.0,0.0253,333.92,D,Abandoned Calls
June,5,19:30:00,0.6557,282.0,9.0,0.0319,310.95,D,Abandoned Calls
June,5,20:00:00,0.6009,238.0,20.0,0.084,336.71,D,Abandoned Calls
June,6,09:30:00,0.7321,298.0,18.0,0.0604,313.76,D,Abandoned Calls
June,6,10:30:00,0.6685,386.0,15.0,0.0389,304.64,D,Abandoned Calls
June,6,13:00:00,0.7009,474.0,26.0,0.0549,334.55,D,Abandoned Calls
June,6,13:30:00,0.6336,475.0,11.0,0.0232,343.59,D,Abandoned Calls
June,6,21:00:00,0.6452,138.0,14.0,0.1014,317.44,D,Abandoned Calls
June,7,14:30:00,0.5506,334.0,18.0,0.0539,313.57,D,Abandoned Calls
June,8,15:30:00,0.5934,195.0,13.0,0.0667,299.41,D,Abandoned Calls
June,8,20:00:00,0.8374,132.0,9.0,0.0682,358.77,D,Abandoned Calls
June,9,10:30:00,0.5085,429.0,16.0,0.0373,303.88,D,Abandoned Calls
June,9,11:30:00,0.7665,483.0,12.0,0.0248,316.29,D,Abandoned Calls
June,9,19:00:00,0.8373,385.0,10.0,0.026,338.5,D,Abandoned Calls
June,9,19:30:00,0.4922,346.0,27.0,0.078,335.94,D,Abandoned Calls
June,9,20:00:00,0.6601,321.0,15.0,0.0467,319.38,D,Abandoned Calls
June,10,12:30:00,0.8361,487.0,11.0,0.0226,320.78,D,Abandoned Calls
June,10,13:00:00,0.3459,502.0,25.0,0.0498,326.94,D,Abandoned Calls
June,10,13:30:00,0.9103,502.0,25.0,0.0,333.69,D,Abandoned Calls
June,10,14:00:00,0.9014,502.0,25.0,0.0122,318.46,D,Abandoned Calls
June,10,14:30:00,0.4662,502.0,25.0,0.052,335.18,D,Abandoned Calls
June,10,15:00:00,0.8733,502.0,25.0,0.0,325.72,D,Abandoned Calls
June,10,15:30:00,0.9685,502.0,25.0,0.0059,321.97,D,Abandoned Calls
June,10,16:00:00,0.983,502.0,25.0,0.0019,332.77,D,Abandoned Calls
June,10,16:30:00,0.9936,502.0,25.0,0.0,340.59,D,Abandoned Calls
June,10,17:00:00,0.9978,502.0,25.0,0.0022,334.01,D,Abandoned Calls
June,10,17:30:00,0.9953,502.0,25.0,0.0,335.75,D,Abandoned Calls
June,10,18:00:00,0.9853,502.0,25.0,0.0,322.45,D,Abandoned Calls
June,10,18:30:00,0.9736,502.0,25.0,0.0029,341.85,D,Abandoned Calls
June,10,19:00:00,0.9865,502.0,25.0,0.0034,328.05,D,Abandoned Calls
June,10,19:30:00,0.7563,502.0,25.0,0.0106,321.63,D,Abandoned Calls
June,10,20:00:00,0.5323,502.0,25.0,0.0606,362.44,D,Abandoned Calls
June,10,20:30:00,0.9091,502.0,25.0,0.0135,307.46,D,Abandoned Calls
June,10,21:00:00,0.764,502.0,25.0,0.0,310.73,D,Abandoned Calls
June,10,21:30:00,0.7436,502.0,25.0,0.025,366.73,D,Abandoned Calls
June,11,10:30:00,0.8582,397.0,9.0,0.0227,296.4,D,Abandoned Calls
June,11,12:30:00,0.7785,447.0,9.0,0.0201,319.63,D,Abandoned Calls
June,11,15:30:00,0.6973,502.0,13.0,0.0259,324.4,D,Abandoned Calls
June,11,17:30:00,0.6818,407.0,11.0,0.027,320.39,D,Abandoned Calls
June,11,21:00:00,0.6331,182.0,13.0,0.0714,339.17,D,Abandoned Calls
June,12,09:30:00,0.8597,287.0,9.0,0.0314,299.92,D,Abandoned Calls
June,13,15:30:00,0.629,453.0,11.0,0.0243,319.93,D,Abandoned Calls
June,13,16:30:00,0.5823,495.0,9.0,0.0182,320.45,D,Abandoned Calls
June,13,19:30:00,0.8075,249.0,10.0,0.0402,329.84,D,Abandoned Calls
June,13,20:00:00,0.4677,216.0,30.0,0.1389,300.7,D,Abandoned Calls
June,13,21:00:00,0.6754,125.0,11.0,0.088,278.2,D,Abandoned Calls
June,13,21:30:00,0.5846,141.0,11.0,0.078,324.53,D,Abandoned Calls
June,14,11:30:00,0.7266,288.0,10.0,0.0347,289.43,D,Abandoned Calls
June,14,12:30:00,0.7934,322.0,17.0,0.0528,286.09,D,Abandoned Calls
June,14,13:00:00,0.4041,325.0,33.0,0.1015,328.96,D,Abandoned Calls
June,14,15:00:00,0.6325,342.0,10.0,0.0292,295.41,D,Abandoned Calls
June,15,16:30:00,0.75,189.0,9.0,0.0476,313.53,D,Abandoned Calls
June,16,10:30:00,0.7324,421.0,10.0,0.0238,326.92,D,Abandoned Calls
June,16,13:00:00,0.8034,538.0,14.0,0.026,333.06,D,Abandoned Calls
June,16,14:00:00,0.862,540.0,11.0,0.0204,332.32,D,Abandoned Calls
June,16,15:30:00,0.8499,542.0,9.0,0.0166,347.36,D,Abandoned Calls
June,16,21:00:00,0.4667,185.0,20.0,0.1081,403.08,D,Abandoned Calls
June,16,21:30:00,0.5673,180.0,9.0,0.05,369.51,D,Abandoned Calls
June,17,10:30:00,0.5973,389.0,14.0,0.036,296.01,D,Abandoned Calls
June,17,12:30:00,0.8063,456.0,12.0,0.0263,311.37,D,Abandoned Calls
June,17,19:30:00,0.5993,285.0,13.0,0.0456,325.59,D,Abandoned Calls
June,17,20:30:00,0.6404,237.0,9.0,0.038,305.92,D,Abandoned Calls
June,18,10:30:00,0.7634,384.0,12.0,0.0313,340.67,D,Abandoned Calls
June,18,16:30:00,0.733,467.0,10.0,0.0214,332.62,D,Abandoned Calls
June,18,20:00:00,0.6933,251.0,13.0,0.0518,336.12,D,Abandoned Calls
June,18,21:00:00,0.6748,183.0,20.0,0.1093,332.99,D,Abandoned Calls
June,19,13:30:00,0.8441,414.0,10.0,0.0242,359.66,D,Abandoned Calls
June,19,15:30:00,0.6946,424.0,18.0,0.0425,331.59,D,Abandoned Calls
June,20,10:00:00,0.7217,360.0,15.0,0.0417,306.81,D,Abandoned Calls
June,20,11:30:00,0.7825,462.0,16.0,0.0346,296.37,D,Abandoned Calls
June,20,12:00:00,0.4124,504.0,36.0,0.0714,310.68,D,Abandoned Calls
June,20,12:30:00,0.82,520.0,9.0,0.0173,339.84,D,Abandoned Calls
June,20,13:00:00,0.5964,465.0,24.0,0.0516,328.19,D,Abandoned Calls
June,20,13:30:00,0.4833,513.0,35.0,0.0682,332.31,D,Abandoned Calls
June,20,14:30:00,0.6474,537.0,35.0,0.0652,346.18,D,Abandoned Calls
June,20,15:00:00,0.4623,480.0,82.0,0.1708,347.99,D,Abandoned Calls
June,20,15:30:00,0.7862,568.0,16.0,0.0282,320.55,D,Abandoned Calls
June,20,17:30:00,0.6402,497.0,19.0,0.0382,309.22,D,Abandoned Calls
June,20,18:00:00,0.7113,449.0,16.0,0.0356,311.98,D,Abandoned Calls
June,20,18:30:00,0.5286,381.0,14.0,0.0367,327.19,D,Abandoned Calls
June,20,19:00:00,0.7134,329.0,15.0,0.0456,343.58,D,Abandoned Calls
June,20,19:30:00,0.4286,305.0,32.0,0.1049,321.26,D,Abandoned Calls
June,20,20:00:00,0.2757,240.0,26.0,0.1083,311.68,D,Abandoned Calls
June,20,20:30:00,0.3445,230.0,21.0,0.0913,336.03,D,Abandoned Calls
June,20,21:00:00,0.4526,183.0,46.0,0.2514,390.01,D,Abandoned Calls
June,20,21:30:00,0.2721,164.0,17.0,0.1037,362.49,D,Abandoned Calls
June,20,22:00:00,0.6763,149.0,10.0,0.0671,284.53,D,Abandoned Calls
June,21,00:00:00,0.9231,48.0,9.0,0.1875,312.46,D,Abandoned Calls
June,21,11:30:00,0.5159,330.0,16.0,0.0485,300.06,D,Abandoned Calls
June,21,12:30:00,0.5408,330.0,36.0,0.1091,312.96,D,Abandoned Calls
June,21,13:00:00,0.6156,378.0,19.0,0.0503,297.69,D,Abandoned Calls
June,21,13:30:00,0.6648,376.0,21.0,0.0559,326.83,D,Abandoned Calls
June,21,14:30:00,0.7471,353.0,9.0,0.0255,313.2,D,Abandoned Calls
June,23,11:30:00,0.5267,471.0,21.0,0.0446,336.27,D,Abandoned Calls
June,23,12:00:00,0.6981,487.0,10.0,0.0205,341.72,D,Abandoned Calls
June,23,14:30:00,0.6248,546.0,13.0,0.0238,331.57,D,Abandoned Calls
June,23,15:00:00,0.6081,530.0,12.0,0.0226,336.16,D,Abandoned Calls
June,23,15:30:00,0.762,553.0,11.0,0.0199,337.46,D,Abandoned Calls
June,24,10:30:00,0.4703,382.0,12.0,0.0314,319.09,D,Abandoned Calls
June,25,11:30:00,0.6909,466.0,13.0,0.0279,334.3,D,Abandoned Calls
June,25,20:00:00,0.7875,282.0,9.0,0.0319,329.62,D,Abandoned Calls
June,26,12:30:00,0.7531,419.0,14.0,0.0334,309.45,D,Abandoned Calls
June,26,13:00:00,0.5138,451.0,15.0,0.0333,308.56,D,Abandoned Calls
June,26,19:30:00,0.6731,272.0,12.0,0.0441,300.9,D,Abandoned Calls
June,26,20:00:00,0.6376,255.0,26.0,0.102,270.5,D,Abandoned Calls
June,26,20:30:00,0.3382,234.0,27.0,0.1154,286.7,D,Abandoned Calls
June,26,21:00:00,0.6732,166.0,13.0,0.0783,353.47,D,Abandoned Calls
June,26,22:00:00,0.7305,155.0,14.0,0.0903,289.7,D,Abandoned Calls
June,27,08:30:00,0.4887,151.0,18.0,0.1192,278.35,D,Abandoned Calls
June,27,10:30:00,0.6201,346.0,17.0,0.0491,311.46,D,Abandoned Calls
June,27,11:30:00,0.619,397.0,19.0,0.0479,309.63,D,Abandoned Calls
June,27,12:00:00,0.9854,413.0,19.0,0.0479,309.63,D,Abandoned Calls
June,27,12:30:00,0.881,426.0,19.0,0.0479,309.63,D,Abandoned Calls
June,27,13:00:00,0.8112,439.0,19.0,0.0479,309.63,D,Abandoned Calls
June,27,13:30:00,0.9356,421.0,19.0,0.0479,309.63,D,Abandoned Calls
June,27,14:00:00,0.5106,451.0,19.0,0.0479,309.63,D,Abandoned Calls
June,27,14:30:00,0.3659,477.0,19.0,0.0479,309.63,D,Abandoned Calls
June,27,15:00:00,0.6112,481.0,18.0,0.0374,333.16,D,Abandoned Calls
June,27,17:00:00,0.8113,436.0,12.0,0.0275,313.89,D,Abandoned Calls
June,27,19:30:00,0.6318,248.0,9.0,0.0363,291.88,D,Abandoned Calls
June,28,09:00:00,0.7514,194.0,13.0,0.067,259.2,D,Abandoned Calls
June,28,10:30:00,0.6955,255.0,12.0,0.0471,281.8,D,Abandoned Calls
June,28,11:30:00,0.6633,306.0,12.0,0.0392,305.36,D,Abandoned Calls
June,28,13:30:00,0.5068,316.0,20.0,0.0633,293.43,D,Abandoned Calls
June,30,10:30:00,0.5749,419.0,12.0,0.0286,333.82,D,Abandoned Calls
June,30,12:30:00,0.5256,517.0,28.0,0.0542,330.71,D,Abandoned Calls
June,30,13:00:00,0.4135,524.0,21.0,0.0401,315.6,D,Abandoned Calls
April,1,06:30:00,1.0,4.0,0.0,0.5,166.0,A,Abandoned Rate
April,1,07:00:00,1.0,4.0,0.0,0.1429,386.83,A,Abandoned Rate
April,1,20:30:00,0.7541,66.0,5.0,0.0758,350.28,A,Abandoned Rate
April,1,21:00:00,0.6957,48.0,2.0,0.0417,387.59,A,Abandoned Rate
April,1,22:30:00,0.6364,13.0,2.0,0.1538,192.36,A,Abandoned Rate
April,1,23:00:00,0.8462,14.0,1.0,0.0714,334.46,A,Abandoned Rate
April,2,08:30:00,0.642,84.0,3.0,0.0357,249.33,A,Abandoned Rate
April,3,06:30:00,0.5,3.0,1.0,0.3333,323.5,A,Abandoned Rate
April,3,07:00:00,0.8182,13.0,2.0,0.1538,327.18,A,Abandoned Rate
April,3,20:30:00,0.8889,47.0,2.0,0.0426,342.8,A,Abandoned Rate
April,3,21:00:00,0.9394,36.0,3.0,0.0833,270.27,A,Abandoned Rate
April,3,22:00:00,0.9231,27.0,1.0,0.037,350.27,A,Abandoned Rate
April,3,22:30:00,0.5,13.0,1.0,0.0769,320.42,A,Abandoned Rate
April,4,06:30:00,0.25,7.0,3.0,0.4286,333.75,A,Abandoned Rate
April,4,23:00:00,0.6667,10.0,1.0,0.1,209.56,A,Abandoned Rate
April,4,23:30:00,0.8571,8.0,1.0,0.125,336.29,A,Abandoned Rate
April,5,00:00:00,0.75,5.0,1.0,0.2,430.5,A,Abandoned Rate
April,5,01:30:00,0.5,3.0,1.0,0.3333,676.5,A,Abandoned Rate
April,5,02:00:00,0.5,1.0,1.0,1.0,676.5,A,Abandoned Rate
April,5,07:30:00,0.8333,7.0,1.0,0.1429,202.33,A,Abandoned Rate
April,5,21:00:00,1.0,20.0,2.0,0.1,223.17,A,Abandoned Rate
April,5,22:30:00,0.375,9.0,1.0,0.1111,284.38,A,Abandoned Rate
April,5,23:00:00,0.3,13.0,3.0,0.2308,355.9,A,Abandoned Rate
April,6,00:30:00,0.0,3.0,2.0,0.6667,366.0,A,Abandoned Rate
April,6,13:00:00,0.7625,86.0,6.0,0.0698,278.14,A,Abandoned Rate
April,6,22:30:00,0.6,12.0,2.0,0.1667,324.2,A,Abandoned Rate
April,7,07:00:00,0.8571,8.0,1.0,0.125,185.29,A,Abandoned Rate
April,7,20:30:00,0.9714,37.0,2.0,0.0541,384.31,A,Abandoned Rate
April,7,21:00:00,0.973,39.0,2.0,0.0513,260.86,A,Abandoned Rate
April,8,06:30:00,0.1429,8.0,1.0,0.125,206.29,A,Abandoned Rate
April,8,22:30:00,0.5556,22.0,4.0,0.1818,273.33,A,Abandoned Rate
April,10,06:00:00,1.0,4.0,2.0,0.5,307.0,A,Abandoned Rate
April,10,07:00:00,0.5714,8.0,1.0,0.125,321.57,A,Abandoned Rate
April,10,07:30:00,0.1538,15.0,2.0,0.1333,245.62,A,Abandoned Rate
April,10,15:30:00,0.6211,209.0,19.0,0.0909,329.06,A,Abandoned Rate
April,10,16:00:00,0.7277,245.0,10.0,0.0408,329.43,A,Abandoned Rate
April,10,23:30:00,0.5455,12.0,1.0,0.0833,364.0,A,Abandoned Rate
April,11,03:00:00,1.0,6.0,1.0,0.1667,159.6,A,Abandoned Rate
April,11,06:30:00,0.25,6.0,2.0,0.3333,340.5,A,Abandoned Rate
April,11,07:00:00,0.6667,7.0,1.0,0.1429,454.0,A,Abandoned Rate
April,11,07:30:00,0.1538,15.0,2.0,0.1333,243.85,A,Abandoned Rate
April,11,12:00:00,0.8043,287.0,11.0,0.0383,287.01,A,Abandoned Rate
April,11,22:30:00,0.75,13.0,9.0,0.6923,660.5,A,Abandoned Rate
April,11,23:00:00,0.4444,10.0,1.0,0.1,373.44,A,Abandoned Rate
April,12,06:30:00,1.0,1.0,1.0,1.0,158.67,A,Abandoned Rate
April,12,09:30:00,0.8028,75.0,4.0,0.0533,291.52,A,Abandoned Rate
April,12,10:00:00,0.8028,75.0,6.0,0.0504,315.68,A,Abandoned Rate
April,12,13:00:00,0.8028,75.0,13.0,0.0695,309.17,A,Abandoned Rate
April,12,17:00:00,0.8028,75.0,10.0,0.0758,312.93,A,Abandoned Rate
April,12,21:00:00,0.8667,18.0,3.0,0.1667,303.4,A,Abandoned Rate
April,12,22:30:00,0.3333,8.0,2.0,0.25,250.33,A,Abandoned Rate
April,12,23:00:00,0.5714,9.0,2.0,0.2222,215.0,A,Abandoned Rate
April,13,14:30:00,0.8378,78.0,4.0,0.0513,350.73,A,Abandoned Rate
April,13,15:00:00,0.6207,91.0,4.0,0.044,332.31,A,Abandoned Rate
April,13,17:00:00,0.9808,54.0,2.0,0.037,225.77,A,Abandoned Rate
April,14,06:30:00,1.0,3.0,1.0,0.3333,298.5,A,Abandoned Rate
April,14,07:30:00,1.0,13.0,1.0,0.0769,221.75,A,Abandoned Rate
April,14,21:00:00,0.6923,41.0,2.0,0.0488,301.38,A,Abandoned Rate
April,14,22:30:00,0.2857,10.0,3.0,0.3,440.29,A,Abandoned Rate
April,15,07:30:00,0.7,13.0,3.0,0.2308,414.9,A,Abandoned Rate
April,15,19:00:00,0.7059,92.0,7.0,0.0761,355.04,A,Abandoned Rate
April,15,20:00:00,0.8049,45.0,4.0,0.0889,424.95,A,Abandoned Rate
April,16,04:00:00,1.0,1.0,1.0,1.0,318.25,A,Abandoned Rate
April,16,06:30:00,0.6667,4.0,1.0,0.25,265.67,A,Abandoned Rate
April,16,07:30:00,0.4706,18.0,1.0,0.0556,323.82,A,Abandoned Rate
April,16,08:30:00,0.7541,64.0,3.0,0.0469,353.52,A,Abandoned Rate
April,16,09:00:00,0.7705,127.0,5.0,0.0394,308.7,A,Abandoned Rate
April,17,07:30:00,0.9091,12.0,1.0,0.0833,364.64,A,Abandoned Rate
April,17,08:00:00,0.8727,58.0,3.0,0.0517,248.44,A,Abandoned Rate
April,17,08:30:00,0.5429,78.0,8.0,0.1026,336.29,A,Abandoned Rate
April,17,21:00:00,1.0,25.0,1.0,0.04,303.5,A,Abandoned Rate
April,17,23:30:00,0.625,9.0,1.0,0.1111,502.5,A,Abandoned Rate
April,18,07:00:00,0.4,11.0,1.0,0.0909,414.3,A,Abandoned Rate
April,19,00:00:00,1.0,8.0,1.0,0.125,491.57,A,Abandoned Rate
April,19,01:00:00,1.0,5.0,1.0,0.2,153.5,A,Abandoned Rate
April,19,01:30:00,1.0,2.0,1.0,0.5,93.0,A,Abandoned Rate
April,20,12:30:00,1.0,23.0,1.0,0.0435,354.82,A,Abandoned Rate
April,20,15:30:00,1.0,24.0,2.0,0.0833,231.59,A,Abandoned Rate
April,20,17:00:00,0.963,28.0,1.0,0.0357,360.07,A,Abandoned Rate
April,20,20:00:00,1.0,18.0,1.0,0.0556,291.12,A,Abandoned Rate
April,20,21:00:00,0.8571,8.0,1.0,0.125,282.29,A,Abandoned Rate
April,20,22:00:00,0.7,12.0,2.0,0.1667,260.2,A,Abandoned Rate
April,20,22:30:00,0.6667,10.0,1.0,0.1,264.56,A,Abandoned Rate
April,21,06:30:00,0.6667,4.0,1.0,0.25,264.0,A,Abandoned Rate
April,21,13:30:00,0.6753,242.0,11.0,0.0455,355.56,A,Abandoned Rate
April,21,14:30:00,0.3406,263.0,34.0,0.1293,326.86,A,Abandoned Rate
April,21,21:30:00,0.6818,25.0,3.0,0.12,408.55,A,Abandoned Rate
April,21,22:30:00,0.5,7.0,1.0,0.1429,418.0,A,Abandoned Rate
April,21,23:00:00,0.5,13.0,3.0,0.2308,282.7,A,Abandoned Rate
April,22,06:30:00,0.3333,4.0,1.0,0.25,794.33,A,Abandoned Rate
April,22,07:30:00,0.4286,15.0,1.0,0.0667,419.86,A,Abandoned Rate
April,22,22:30:00,0.75,17.0,5.0,0.2941,261.25,A,Abandoned Rate
April,22,23:00:00,0.4545,12.0,1.0,0.0833,411.27,A,Abandoned Rate
April,23,07:30:00,0.6923,59.0,7.0,0.1186,275.5,A,Abandoned Rate
April,23,13:30:00,0.668,264.0,14.0,0.053,319.92,A,Abandoned Rate
April,23,19:30:00,0.8182,58.0,3.0,0.0517,325.96,A,Abandoned Rate
April,23,21:00:00,0.9524,26.0,5.0,0.1923,424.1,A,Abandoned Rate
April,23,21:30:00,0.9545,24.0,2.0,0.0833,323.59,A,Abandoned Rate
April,23,22:30:00,0.2857,8.0,1.0,0.125,235.43,A,Abandoned Rate
April,24,07:30:00,0.8676,71.0,3.0,0.0423,260.34,A,Abandoned Rate
April,24,08:00:00,0.4407,64.0,5.0,0.0781,339.36,A,Abandoned Rate
April,24,16:00:00,0.7225,200.0,9.0,0.045,316.52,A,Abandoned Rate
April,24,16:30:00,0.6857,219.0,9.0,0.0411,350.61,A,Abandoned Rate
April,24,22:30:00,1.0,10.0,1.0,0.1,278.11,A,Abandoned Rate
April,24,23:00:00,0.6667,10.0,1.0,0.1,464.67,A,Abandoned Rate
April,25,04:00:00,1.0,1.0,1.0,1.0,308.0,A,Abandoned Rate
April,25,06:00:00,1.0,6.0,1.0,0.1667,206.4,A,Abandoned Rate
April,25,06:30:00,0.0,2.0,1.0,0.5,321.0,A,Abandoned Rate
April,25,07:00:00,0.5,10.0,2.0,0.2,291.25,A,Abandoned Rate
April,25,07:30:00,0.7143,16.0,2.0,0.125,365.07,A,Abandoned Rate
April,25,12:30:00,0.7511,242.0,9.0,0.0372,326.92,A,Abandoned Rate
April,25,17:30:00,0.7485,176.0,9.0,0.0511,303.96,A,Abandoned Rate
April,25,21:00:00,0.7727,23.0,1.0,0.0435,221.5,A,Abandoned Rate
April,25,22:30:00,0.5455,14.0,3.0,0.2143,404.45,A,Abandoned Rate
April,25,23:00:00,0.125,15.0,7.0,0.4667,462.13,A,Abandoned Rate
April,25,23:30:00,0.6667,12.0,3.0,0.25,396.0,A,Abandoned Rate
April,26,07:30:00,1.0,7.0,1.0,0.1429,308.5,A,Abandoned Rate
April,26,12:00:00,0.745,156.0,7.0,0.0449,280.28,A,Abandoned Rate
April,26,17:00:00,0.746,131.0,5.0,0.0382,325.71,A,Abandoned Rate
April,27,08:30:00,1.0,18.0,1.0,0.0556,246.06,A,Abandoned Rate
April,27,15:30:00,0.5402,96.0,9.0,0.0938,338.22,A,Abandoned Rate
April,27,22:30:00,0.6875,17.0,1.0,0.0588,302.0,A,Abandoned Rate
April,28,06:30:00,0.0,2.0,1.0,0.5,318.0,A,Abandoned Rate
April,28,21:00:00,1.0,22.0,2.0,0.0909,354.3,A,Abandoned Rate
April,28,21:30:00,0.8214,32.0,4.0,0.125,303.75,A,Abandoned Rate
April,28,22:30:00,0.7692,15.0,2.0,0.1333,331.0,A,Abandoned Rate
April,29,16:00:00,0.5378,262.0,11.0,0.042,358.62,A,Abandoned Rate
April,30,07:00:00,0.5,10.0,2.0,0.2,223.5,A,Abandoned Rate
April,30,07:30:00,0.8125,17.0,1.0,0.0588,249.81,A,Abandoned Rate
April,30,08:30:00,0.2111,100.0,10.0,0.1,267.2,A,Abandoned Rate
April,30,09:00:00,0.5217,122.0,7.0,0.0574,333.17,A,Abandoned Rate
April,30,09:30:00,0.6486,158.0,10.0,0.0633,354.67,A,Abandoned Rate
May,1,06:00:00,0.6667,7.0,4.0,0.5714,297.67,A,Abandoned Rate
May,1,06:30:00,0.0,7.0,4.0,0.5714,518.67,A,Abandoned Rate
May,1,07:00:00,0.0,10.0,5.0,0.5,409.2,A,Abandoned Rate
May,1,07:30:00,0.45,22.0,2.0,0.0909,274.75,A,Abandoned Rate
May,1,21:30:00,0.8824,37.0,3.0,0.0811,315.76,A,Abandoned Rate
May,1,23:00:00,0.6667,13.0,1.0,0.0769,326.08,A,Abandoned Rate
May,1,23:30:00,0.8333,13.0,1.0,0.0769,166.33,A,Abandoned Rate
May,2,06:30:00,0.0,3.0,1.0,0.3333,186.5,A,Abandoned Rate
May,2,07:00:00,0.0,15.0,5.0,0.3333,276.6,A,Abandoned Rate
May,2,07:30:00,0.25,17.0,1.0,0.0588,432.25,A,Abandoned Rate
May,2,20:30:00,0.8462,42.0,3.0,0.0714,277.26,A,Abandoned Rate
May,2,21:30:00,0.8519,28.0,1.0,0.0357,308.85,A,Abandoned Rate
May,2,22:30:00,0.4,22.0,2.0,0.0909,332.8,A,Abandoned Rate
May,2,23:00:00,0.125,18.0,2.0,0.1111,340.06,A,Abandoned Rate
May,3,07:00:00,0.6667,8.0,2.0,0.25,223.5,A,Abandoned Rate
May,3,21:00:00,0.9143,38.0,3.0,0.0789,311.0,A,Abandoned Rate
May,3,21:30:00,0.95,22.0,2.0,0.0909,335.55,A,Abandoned Rate
May,3,22:30:00,0.4,6.0,1.0,0.1667,160.0,A,Abandoned Rate
May,3,23:00:00,1.0,11.0,1.0,0.0909,208.0,A,Abandoned Rate
May,4,11:30:00,0.85,42.0,2.0,0.0476,252.0,A,Abandoned Rate
May,4,12:30:00,0.7966,63.0,4.0,0.0635,285.49,A,Abandoned Rate
May,4,13:30:00,0.7921,106.0,5.0,0.0472,285.56,A,Abandoned Rate
May,4,14:30:00,0.5795,97.0,9.0,0.0928,295.75,A,Abandoned Rate
May,4,15:00:00,0.6203,86.0,7.0,0.0814,285.46,A,Abandoned Rate
May,4,16:00:00,0.869,88.0,4.0,0.0455,332.88,A,Abandoned Rate
May,4,16:30:00,0.869,88.0,4.0,0.0455,332.88,A,Abandoned Rate
May,4,17:00:00,0.869,88.0,4.0,0.0455,332.88,A,Abandoned Rate
May,4,17:30:00,0.869,88.0,4.0,0.0455,332.88,A,Abandoned Rate
May,4,18:00:00,0.869,88.0,4.0,0.0455,332.88,A,Abandoned Rate
May,4,18:30:00,0.869,88.0,4.0,0.0455,332.88,A,Abandoned Rate
May,4,19:00:00,0.869,88.0,4.0,0.0455,332.88,A,Abandoned Rate
May,4,19:30:00,0.869,88.0,4.0,0.0455,332.88,A,Abandoned Rate
May,4,20:00:00,0.869,88.0,4.0,0.0455,332.88,A,Abandoned Rate
May,4,20:30:00,0.869,88.0,4.0,0.0455,332.88,A,Abandoned Rate
May,4,21:00:00,0.84,26.0,1.0,0.0385,244.4,A,Abandoned Rate
May,4,21:30:00,0.8182,12.0,1.0,0.0833,489.64,A,Abandoned Rate
May,4,22:00:00,0.9231,14.0,1.0,0.0714,199.23,A,Abandoned Rate
May,4,22:30:00,0.375,18.0,2.0,0.1111,236.88,A,Abandoned Rate
May,4,23:00:00,1.0,5.0,3.0,0.6,412.0,A,Abandoned Rate
May,5,07:30:00,0.6667,14.0,2.0,0.1429,304.58,A,Abandoned Rate
May,5,20:30:00,0.7955,47.0,3.0,0.0638,324.43,A,Abandoned Rate
May,5,21:00:00,0.8511,50.0,3.0,0.06,381.23,A,Abandoned Rate
May,5,21:30:00,0.7941,37.0,3.0,0.0811,330.35,A,Abandoned Rate
May,5,22:30:00,0.3889,24.0,6.0,0.25,334.33,A,Abandoned Rate
May,5,23:00:00,0.2381,22.0,1.0,0.0455,328.71,A,Abandoned Rate
May,7,08:00:00,0.66,52.0,2.0,0.0385,327.18,A,Abandoned Rate
May,7,22:30:00,0.2222,10.0,1.0,0.1,209.22,A,Abandoned Rate
May,8,00:30:00,0.6923,20.0,7.0,0.35,291.46,A,Abandoned Rate
May,8,01:00:00,0.6667,16.0,7.0,0.4375,182.78,A,Abandoned Rate
May,8,01:30:00,0.1429,13.0,6.0,0.4615,258.43,A,Abandoned Rate
May,8,02:00:00,0.0,10.0,6.0,0.6,435.5,A,Abandoned Rate
May,8,02:30:00,0.3333,4.0,1.0,0.25,179.67,A,Abandoned Rate
May,8,06:30:00,0.25,6.0,2.0,0.3333,180.25,A,Abandoned Rate
May,8,07:00:00,0.2222,12.0,3.0,0.25,287.78,A,Abandoned Rate
May,8,22:30:00,0.5556,10.0,1.0,0.1,355.67,A,Abandoned Rate
May,8,23:00:00,0.3636,14.0,3.0,0.2143,271.27,A,Abandoned Rate
May,8,23:30:00,0.5,14.0,2.0,0.1429,426.5,A,Abandoned Rate
May,9,06:30:00,0.0,3.0,2.0,0.6667,232.0,A,Abandoned Rate
May,9,07:00:00,0.2,8.0,3.0,0.375,286.2,A,Abandoned Rate
May,9,07:30:00,0.2143,20.0,6.0,0.3,301.71,A,Abandoned Rate
May,9,21:00:00,0.8846,27.0,1.0,0.037,365.77,A,Abandoned Rate
May,9,21:30:00,0.8889,19.0,1.0,0.0526,346.0,A,Abandoned Rate
May,9,23:30:00,1.0,5.0,1.0,0.2,188.0,A,Abandoned Rate
May,10,06:30:00,0.75,7.0,3.0,0.4286,452.0,A,Abandoned Rate
May,10,20:00:00,0.875,42.0,2.0,0.0476,300.95,A,Abandoned Rate
May,10,21:00:00,0.963,28.0,1.0,0.0357,345.78,A,Abandoned Rate
May,10,21:30:00,0.8824,18.0,1.0,0.0556,318.71,A,Abandoned Rate
May,10,22:30:00,0.6,11.0,1.0,0.0909,272.9,A,Abandoned Rate
May,11,20:00:00,0.9048,24.0,3.0,0.125,248.95,A,Abandoned Rate
May,11,21:30:00,1.0,12.0,1.0,0.0833,247.09,A,Abandoned Rate
May,11,23:00:00,1.0,8.0,1.0,0.125,394.14,A,Abandoned Rate
May,11,23:30:00,1.0,7.0,1.0,0.1429,313.83,A,Abandoned Rate
May,12,06:30:00,0.5,3.0,1.0,0.3333,132.0,A,Abandoned Rate
May,12,20:00:00,0.9434,55.0,2.0,0.0364,332.25,A,Abandoned Rate
May,12,22:30:00,0.4286,17.0,3.0,0.1765,447.43,A,Abandoned Rate
May,13,19:30:00,0.9796,51.0,2.0,0.0392,291.0,A,Abandoned Rate
May,13,22:30:00,0.7273,13.0,2.0,0.1538,323.73,A,Abandoned Rate
May,14,07:00:00,0.5455,13.0,2.0,0.1538,312.82,A,Abandoned Rate
May,14,07:30:00,0.7222,19.0,1.0,0.0526,336.39,A,Abandoned Rate
May,14,08:30:00,0.5106,99.0,5.0,0.0505,316.16,A,Abandoned Rate
May,14,17:30:00,0.7543,182.0,7.0,0.0385,362.21,A,Abandoned Rate
May,14,20:30:00,0.7838,45.0,8.0,0.1778,334.35,A,Abandoned Rate
May,14,22:30:00,0.6364,14.0,3.0,0.2143,329.82,A,Abandoned Rate
May,14,23:00:00,0.6923,15.0,2.0,0.1333,253.69,A,Abandoned Rate
May,15,06:30:00,0.5,8.0,4.0,0.5,280.0,A,Abandoned Rate
May,15,07:00:00,0.1429,15.0,1.0,0.0667,314.79,A,Abandoned Rate
May,15,07:30:00,0.9286,15.0,1.0,0.0667,244.36,A,Abandoned Rate
May,15,15:30:00,0.5973,232.0,11.0,0.0474,333.84,A,Abandoned Rate
May,15,22:30:00,0.8571,8.0,1.0,0.125,187.71,A,Abandoned Rate
May,16,07:30:00,0.6429,15.0,1.0,0.0667,222.79,A,Abandoned Rate
May,16,08:30:00,0.7361,75.0,3.0,0.04,265.56,A,Abandoned Rate
May,16,09:00:00,0.7456,122.0,8.0,0.0656,300.75,A,Abandoned Rate
May,16,21:00:00,0.8182,23.0,1.0,0.0435,431.55,A,Abandoned Rate
May,16,22:30:00,0.8889,11.0,2.0,0.1818,577.11,A,Abandoned Rate
May,16,23:00:00,0.1429,8.0,1.0,0.125,317.0,A,Abandoned Rate
May,17,07:30:00,0.2308,15.0,2.0,0.1333,460.62,A,Abandoned Rate
May,17,18:30:00,0.7356,92.0,5.0,0.0543,343.29,A,Abandoned Rate
May,17,20:30:00,0.8929,30.0,2.0,0.0667,328.0,A,Abandoned Rate
May,18,00:00:00,0.8,6.0,1.0,0.1667,432.0,A,Abandoned Rate
May,18,08:00:00,0.9,11.0,1.0,0.0909,185.6,A,Abandoned Rate
May,18,13:00:00,0.8611,75.0,3.0,0.04,302.88,A,Abandoned Rate
May,18,21:00:00,1.0,16.0,1.0,0.0625,240.33,A,Abandoned Rate
May,18,22:30:00,0.3333,10.0,1.0,0.1,220.56,A,Abandoned Rate
May,19,08:30:00,0.913,73.0,4.0,0.0548,336.39,A,Abandoned Rate
May,19,22:30:00,0.4615,18.0,5.0,0.2778,319.46,A,Abandoned Rate
May,20,07:00:00,0.8,11.0,1.0,0.0909,431.7,A,Abandoned Rate
May,20,09:00:00,0.5854,129.0,6.0,0.0465,314.19,A,Abandoned Rate
May,20,10:00:00,0.6492,198.0,7.0,0.0354,368.14,A,Abandoned Rate
May,20,20:30:00,0.9565,48.0,2.0,0.0417,265.63,A,Abandoned Rate
May,20,22:30:00,0.6364,15.0,4.0,0.2667,272.64,A,Abandoned Rate
May,20,23:00:00,0.3333,10.0,1.0,0.1,328.78,A,Abandoned Rate
May,21,08:00:00,0.9268,44.0,3.0,0.0682,277.93,A,Abandoned Rate
May,21,08:30:00,0.5326,97.0,5.0,0.0515,345.26,A,Abandoned Rate
May,21,23:30:00,0.8182,12.0,1.0,0.0833,386.27,A,Abandoned Rate
May,22,04:30:00,1.0,1.0,1.0,1.0,2347.0,A,Abandoned Rate
May,22,06:30:00,0.0,4.0,1.0,0.25,196.0,A,Abandoned Rate
May,22,07:00:00,0.9091,12.0,1.0,0.0833,330.82,A,Abandoned Rate
May,22,20:00:00,1.0,46.0,2.0,0.0435,300.34,A,Abandoned Rate
May,22,22:30:00,0.1818,15.0,4.0,0.2667,294.73,A,Abandoned Rate
May,23,05:30:00,1.0,1.0,1.0,1.0,93.0,A,Abandoned Rate
May,23,06:00:00,0.8,6.0,1.0,0.1667,202.0,A,Abandoned Rate
May,23,06:30:00,0.0,5.0,3.0,0.6,171.0,A,Abandoned Rate
May,23,07:00:00,0.0,9.0,4.0,0.4444,383.4,A,Abandoned Rate
May,23,07:30:00,0.2727,12.0,1.0,0.0833,557.45,A,Abandoned Rate
May,23,15:00:00,0.815,211.0,11.0,0.0521,294.63,A,Abandoned Rate
May,23,15:30:00,0.3886,212.0,19.0,0.0896,305.73,A,Abandoned Rate
May,23,22:30:00,0.5,11.0,5.0,0.4545,447.5,A,Abandoned Rate
May,23,23:00:00,0.3077,20.0,7.0,0.35,523.46,A,Abandoned Rate
May,23,23:30:00,1.0,7.0,1.0,0.1429,260.67,A,Abandoned Rate
May,24,07:00:00,0.75,9.0,1.0,0.1111,214.38,A,Abandoned Rate
May,24,07:30:00,0.6154,16.0,3.0,0.1875,328.62,A,Abandoned Rate
May,24,22:30:00,0.3333,11.0,2.0,0.1818,426.78,A,Abandoned Rate
May,24,23:00:00,0.7273,14.0,3.0,0.2143,258.36,A,Abandoned Rate
May,25,00:00:00,1.0,3.0,1.0,0.3333,276.0,A,Abandoned Rate
May,25,08:00:00,0.8571,8.0,1.0,0.125,275.86,A,Abandoned Rate
May,25,20:30:00,0.95,21.0,1.0,0.0476,247.25,A,Abandoned Rate
May,27,06:30:00,1.0,2.0,1.0,0.5,159.0,A,Abandoned Rate
May,27,20:00:00,0.8197,64.0,3.0,0.0469,321.36,A,Abandoned Rate
May,27,20:30:00,0.6,58.0,8.0,0.1379,347.6,A,Abandoned Rate
May,27,22:30:00,0.6,11.0,6.0,0.5455,504.2,A,Abandoned Rate
May,27,23:00:00,0.0667,18.0,3.0,0.1667,260.73,A,Abandoned Rate
May,28,00:00:00,1.0,8.0,1.0,0.125,258.0,A,Abandoned Rate
May,28,07:30:00,0.4,11.0,1.0,0.0909,305.2,A,Abandoned Rate
May,28,17:00:00,0.5427,195.0,31.0,0.159,353.23,A,Abandoned Rate
May,28,17:30:00,0.3976,184.0,18.0,0.0978,307.48,A,Abandoned Rate
May,28,20:00:00,0.9057,55.0,2.0,0.0364,336.98,A,Abandoned Rate
May,28,22:30:00,0.5455,16.0,5.0,0.3125,357.82,A,Abandoned Rate
May,28,23:00:00,0.5,10.0,2.0,0.2,258.75,A,Abandoned Rate
May,29,06:30:00,1.0,2.0,1.0,0.5,271.0,A,Abandoned Rate
May,29,08:30:00,0.7143,83.0,6.0,0.0723,305.92,A,Abandoned Rate
May,29,21:30:00,0.8889,39.0,3.0,0.0769,256.78,A,Abandoned Rate
May,29,22:30:00,0.4444,18.0,9.0,0.5,381.56,A,Abandoned Rate
May,29,23:00:00,0.0625,19.0,3.0,0.1579,440.25,A,Abandoned Rate
May,30,06:30:00,0.4,7.0,2.0,0.2857,234.0,A,Abandoned Rate
May,30,07:00:00,0.1,12.0,2.0,0.1667,247.2,A,Abandoned Rate
May,30,07:30:00,0.125,11.0,3.0,0.2727,250.75,A,Abandoned Rate
May,30,20:30:00,0.8571,37.0,2.0,0.0541,322.74,A,Abandoned Rate
May,30,22:30:00,0.7857,15.0,1.0,0.0667,344.29,A,Abandoned Rate
May,31,00:00:00,1.0,4.0,1.0,0.25,171.67,A,Abandoned Rate
May,31,07:30:00,0.9167,13.0,1.0,0.0769,298.42,A,Abandoned Rate
May,31,09:30:00,0.8939,70.0,4.0,0.0571,306.42,A,Abandoned Rate
May,31,19:30:00,0.98,52.0,2.0,0.0385,289.3,A,Abandoned Rate
May,31,20:00:00,0.6667,43.0,7.0,0.1628,273.39,A,Abandoned Rate
May,31,20:30:00,0.6364,32.0,10.0,0.3125,277.27,A,Abandoned Rate
May,31,21:00:00,0.6818,25.0,3.0,0.12,233.64,A,Abandoned Rate
June,1,00:30:00,0.0,2.0,1.0,0.5,181.0,A,Abandoned Rate
June,1,01:00:00,0.0,3.0,1.0,0.3333,312.0,A,Abandoned Rate
June,1,09:30:00,1.0,28.0,1.0,0.0357,319.44,A,Abandoned Rate
June,1,12:00:00,0.9032,66.0,4.0,0.0606,286.16,A,Abandoned Rate
June,1,13:00:00,0.8154,68.0,3.0,0.0441,345.4,A,Abandoned Rate
June,1,20:00:00,1.0,21.0,1.0,0.0476,243.05,A,Abandoned Rate
June,1,20:30:00,0.3333,29.0,5.0,0.1724,319.13,A,Abandoned Rate
June,1,21:00:00,0.1739,29.0,6.0,0.2069,270.87,A,Abandoned Rate
June,1,22:30:00,0.4286,14.0,7.0,0.5,290.57,A,Abandoned Rate
June,1,23:00:00,0.0,18.0,6.0,0.3333,377.42,A,Abandoned Rate
June,2,06:30:00,0.6667,5.0,2.0,0.4,376.67,A,Abandoned Rate
June,2,22:30:00,0.4118,22.0,5.0,0.2273,255.76,A,Abandoned Rate
June,3,06:30:00,0.6667,7.0,1.0,0.1429,193.67,A,Abandoned Rate
June,3,08:30:00,0.7471,91.0,4.0,0.044,339.46,A,Abandoned Rate
June,3,20:00:00,0.9259,57.0,3.0,0.0526,304.78,A,Abandoned Rate
June,3,22:30:00,0.4,16.0,6.0,0.375,338.3,A,Abandoned Rate
June,4,06:30:00,0.5,5.0,1.0,0.2,510.75,A,Abandoned Rate
June,4,07:30:00,0.5833,13.0,1.0,0.0769,431.92,A,Abandoned Rate
June,5,06:30:00,0.25,5.0,1.0,0.2,470.75,A,Abandoned Rate
June,5,07:30:00,0.4118,20.0,3.0,0.15,354.65,A,Abandoned Rate
June,5,20:30:00,0.8085,49.0,2.0,0.0408,370.83,A,Abandoned Rate
June,5,21:00:00,0.78,54.0,4.0,0.0741,277.0,A,Abandoned Rate
June,5,22:30:00,0.5909,26.0,4.0,0.1538,317.82,A,Abandoned Rate
June,5,23:00:00,0.7143,9.0,2.0,0.2222,599.57,A,Abandoned Rate
June,6,06:30:00,0.0,5.0,3.0,0.6,318.5,A,Abandoned Rate
June,6,07:00:00,0.4,9.0,4.0,0.4444,322.0,A,Abandoned Rate
June,6,07:30:00,0.2667,19.0,4.0,0.2105,298.93,A,Abandoned Rate
June,6,21:00:00,0.7407,29.0,2.0,0.069,410.59,A,Abandoned Rate
June,6,22:30:00,0.7273,14.0,3.0,0.2143,475.55,A,Abandoned Rate
June,7,11:30:00,0.9624,138.0,5.0,0.0362,285.71,A,Abandoned Rate
June,7,12:00:00,0.5615,150.0,20.0,0.1333,323.22,A,Abandoned Rate
June,7,12:30:00,0.5949,166.0,8.0,0.0482,313.01,A,Abandoned Rate
June,8,07:30:00,1.0,8.0,2.0,0.25,275.83,A,Abandoned Rate
June,8,11:00:00,1.0,24.0,1.0,0.0417,342.43,A,Abandoned Rate
June,8,12:30:00,0.9091,59.0,4.0,0.0678,276.49,A,Abandoned Rate
June,8,20:30:00,0.9615,27.0,1.0,0.037,294.96,A,Abandoned Rate
June,8,22:30:00,0.5,14.0,2.0,0.1429,291.0,A,Abandoned Rate
June,8,23:30:00,1.0,6.0,1.0,0.1667,287.6,A,Abandoned Rate
June,9,08:30:00,0.8462,83.0,5.0,0.0602,372.85,A,Abandoned Rate
June,9,19:30:00,0.8701,81.0,4.0,0.0494,329.14,A,Abandoned Rate
June,9,20:30:00,0.8182,46.0,2.0,0.0435,344.05,A,Abandoned Rate
June,9,22:30:00,0.375,10.0,2.0,0.2,213.88,A,Abandoned Rate
June,10,08:00:00,0.814,45.0,2.0,0.0444,301.35,A,Abandoned Rate
June,10,20:30:00,0.9231,41.0,2.0,0.0488,313.9,A,Abandoned Rate
June,10,21:00:00,0.7778,31.0,4.0,0.129,264.81,A,Abandoned Rate
June,10,22:30:00,0.5,10.0,2.0,0.2,300.5,A,Abandoned Rate
June,10,23:00:00,0.5556,10.0,1.0,0.1,285.11,A,Abandoned Rate
June,11,06:30:00,0.75,5.0,1.0,0.2,246.75,A,Abandoned Rate
June,11,07:00:00,0.0625,17.0,1.0,0.0588,392.25,A,Abandoned Rate
June,11,13:00:00,0.7763,237.0,9.0,0.038,306.03,A,Abandoned Rate
June,11,21:00:00,1.0,25.0,1.0,0.04,265.33,A,Abandoned Rate
June,11,22:30:00,0.5,23.0,3.0,0.1304,296.5,A,Abandoned Rate
June,11,23:00:00,0.2778,21.0,3.0,0.1429,328.0,A,Abandoned Rate
June,12,06:30:00,0.75,6.0,2.0,0.3333,310.25,A,Abandoned Rate
June,12,07:00:00,0.0,7.0,2.0,0.2857,249.8,A,Abandoned Rate
June,12,07:30:00,0.2308,15.0,2.0,0.1333,320.0,A,Abandoned Rate
June,12,22:30:00,0.6,11.0,1.0,0.0909,195.1,A,Abandoned Rate
June,12,23:30:00,0.4,6.0,1.0,0.1667,416.4,A,Abandoned Rate
June,13,22:30:00,0.6875,17.0,1.0,0.0588,286.31,A,Abandoned Rate
June,13,23:00:00,0.7692,15.0,2.0,0.1333,345.85,A,Abandoned Rate
June,14,06:00:00,1.0,5.0,1.0,0.2,246.5,A,Abandoned Rate
June,14,06:30:00,0.0,3.0,1.0,0.3333,230.0,A,Abandoned Rate
June,14,07:00:00,0.3333,4.0,1.0,0.25,420.33,A,Abandoned Rate
June,14,12:30:00,0.4527,164.0,16.0,0.0976,297.0,A,Abandoned Rate
June,14,14:30:00,0.8271,143.0,10.0,0.0699,299.44,A,Abandoned Rate
June,14,20:30:00,0.9474,40.0,2.0,0.05,243.71,A,Abandoned Rate
June,15,18:30:00,1.0,27.0,1.0,0.037,258.65,A,Abandoned Rate
June,15,22:30:00,0.9,11.0,1.0,0.0909,182.9,A,Abandoned Rate
June,16,20:00:00,0.9615,54.0,2.0,0.037,364.46,A,Abandoned Rate
June,16,20:30:00,0.9143,38.0,3.0,0.0789,293.46,A,Abandoned Rate
June,16,22:30:00,0.5,11.0,1.0,0.0909,358.8,A,Abandoned Rate
June,16,23:00:00,0.5,19.0,1.0,0.0526,385.44,A,Abandoned Rate
June,17,07:00:00,0.6667,10.0,1.0,0.1,231.56,A,Abandoned Rate
June,17,07:30:00,0.6,16.0,1.0,0.0625,385.8,A,Abandoned Rate
June,17,20:30:00,0.8947,40.0,2.0,0.05,337.0,A,Abandoned Rate
June,17,23:00:00,1.0,8.0,1.0,0.125,291.0,A,Abandoned Rate
June,18,07:00:00,0.6,17.0,2.0,0.1176,276.0,A,Abandoned Rate
June,18,07:30:00,0.6316,22.0,3.0,0.1364,332.63,A,Abandoned Rate
June,18,23:00:00,1.0,14.0,1.0,0.0714,335.38,A,Abandoned Rate
June,20,06:30:00,0.0,6.0,5.0,0.8333,777.0,A,Abandoned Rate
June,20,07:00:00,0.0,12.0,10.0,0.8333,328.5,A,Abandoned Rate
June,20,07:30:00,0.3333,21.0,18.0,0.8571,261.67,A,Abandoned Rate
June,20,08:00:00,0.8209,71.0,4.0,0.0563,270.85,A,Abandoned Rate
June,20,20:00:00,0.8824,53.0,2.0,0.0377,412.71,A,Abandoned Rate
June,20,21:00:00,0.6222,47.0,2.0,0.0426,270.44,A,Abandoned Rate
June,20,22:00:00,0.9167,25.0,1.0,0.04,336.63,A,Abandoned Rate
June,20,22:30:00,0.4,19.0,4.0,0.2105,391.67,A,Abandoned Rate
June,20,23:00:00,0.875,9.0,1.0,0.1111,258.25,A,Abandoned Rate
June,20,23:30:00,0.0,15.0,7.0,0.4667,345.63,A,Abandoned Rate
June,21,00:00:00,0.7143,8.0,1.0,0.125,299.86,A,Abandoned Rate
June,21,06:30:00,1.0,6.0,2.0,0.3333,206.25,A,Abandoned Rate
June,21,12:30:00,0.6871,174.0,11.0,0.0632,323.06,A,Abandoned Rate
June,21,17:00:00,0.5447,129.0,6.0,0.0465,303.88,A,Abandoned Rate
June,21,21:30:00,0.7143,21.0,7.0,0.3333,298.64,A,Abandoned Rate
June,21,22:00:00,0.8,22.0,2.0,0.0909,624.8,A,Abandoned Rate
June,22,13:00:00,0.7703,78.0,4.0,0.0513,278.88,A,Abandoned Rate
June,22,19:30:00,0.7188,34.0,2.0,0.0588,369.25,A,Abandoned Rate
June,22,21:00:00,1.0,12.0,1.0,0.0833,338.82,A,Abandoned Rate
June,22,22:30:00,1.0,10.0,1.0,0.1,208.67,A,Abandoned Rate
June,22,23:30:00,0.5714,8.0,1.0,0.125,273.29,A,Abandoned Rate
June,23,05:30:00,1.0,2.0,1.0,0.5,1179.0,A,Abandoned Rate
June,23,22:30:00,0.8824,18.0,1.0,0.0556,330.35,A,Abandoned Rate
June,23,23:00:00,0.625,18.0,2.0,0.1111,306.94,A,Abandoned Rate
June,24,01:30:00,1.0,2.0,1.0,0.5,133.0,A,Abandoned Rate
June,24,03:30:00,1.0,1.0,1.0,1.0,1285.0,A,Abandoned Rate
June,24,04:30:00,1.0,0.0,0.0,1.0,1285.0,A,Abandoned Rate
June,24,21:30:00,0.9545,23.0,1.0,0.0435,354.14,A,Abandoned Rate
June,24,22:30:00,0.5,11.0,1.0,0.0909,274.3,A,Abandoned Rate
June,24,23:00:00,0.3636,12.0,1.0,0.0833,456.73,A,Abandoned Rate
June,25,06:30:00,0.6667,4.0,1.0,0.25,219.33,A,Abandoned Rate
June,25,09:00:00,0.5379,138.0,6.0,0.0435,300.21,A,Abandoned Rate
June,25,22:30:00,0.8125,19.0,3.0,0.1579,304.31,A,Abandoned Rate
June,26,06:30:00,0.4,6.0,1.0,0.1667,249.8,A,Abandoned Rate
June,26,07:00:00,0.2727,13.0,2.0,0.1538,192.91,A,Abandoned Rate
June,26,22:00:00,0.5172,36.0,7.0,0.1944,368.97,A,Abandoned Rate
June,26,22:30:00,0.3333,20.0,5.0,0.25,309.93,A,Abandoned Rate
June,27,06:00:00,0.0,2.0,1.0,0.5,138.0,A,Abandoned Rate
June,27,06:30:00,0.0,3.0,3.0,1.0,138.0,A,Abandoned Rate
June,27,07:30:00,0.5,9.0,1.0,0.1111,540.25,A,Abandoned Rate
June,27,21:00:00,0.9048,23.0,2.0,0.087,365.9,A,Abandoned Rate
June,27,22:30:00,0.8,6.0,1.0,0.1667,219.0,A,Abandoned Rate
June,28,01:00:00,0.5,3.0,1.0,0.3333,660.0,A,Abandoned Rate
June,28,07:00:00,0.0,5.0,1.0,0.2,294.5,A,Abandoned Rate
June,28,07:30:00,0.0,7.0,2.0,0.2857,362.8,A,Abandoned Rate
June,28,11:30:00,0.7255,159.0,6.0,0.0377,310.59,A,Abandoned Rate
June,28,12:30:00,0.4908,171.0,8.0,0.0468,344.13,A,Abandoned Rate
June,28,17:30:00,0.68,111.0,11.0,0.0991,406.8,A,Abandoned Rate
June,28,20:30:00,0.5862,35.0,6.0,0.1714,277.69,A,Abandoned Rate
June,28,21:00:00,0.5217,24.0,1.0,0.0417,423.22,A,Abandoned Rate
June,28,22:30:00,0.5714,8.0,1.0,0.125,290.14,A,Abandoned Rate
June,28,23:00:00,0.0,10.0,2.0,0.2,338.25,A,Abandoned Rate
June,29,00:00:00,0.6,6.0,1.0,0.1667,494.0,A,Abandoned Rate
June,29,00:30:00,0.0,5.0,2.0,0.4,433.67,A,Abandoned Rate
June,29,01:00:00,1.0,2.0,1.0,0.5,102.0,A,Abandoned Rate
June,29,01:30:00,0.3333,4.0,1.0,0.25,286.67,A,Abandoned Rate
June,29,22:30:00,0.4,6.0,1.0,0.1667,369.4,A,Abandoned Rate
June,30,07:30:00,0.619,22.0,1.0,0.0455,328.24,A,Abandoned Rate
June,30,14:00:00,0.66,261.0,11.0,0.0421,307.77,A,Abandoned Rate
June,30,14:30:00,0.4647,286.0,17.0,0.0594,339.12,A,Abandoned Rate
June,30,15:00:00,0.6523,274.0,18.0,0.0657,339.68,A,Abandoned Rate
June,30,21:30:00,0.9688,34.0,2.0,0.0588,319.81,A,Abandoned Rate
June,30,22:30:00,0.8333,13.0,1.0,0.0769,189.5,A,Abandoned Rate
April,1,06:30:00,1.0,5.0,2.0,0.4,149.0,B,Abandoned Rate
April,3,10:30:00,0.8159,327.0,12.0,0.0367,322.01,B,Abandoned Rate
April,3,11:30:00,0.6237,395.0,15.0,0.038,338.28,B,Abandoned Rate
April,3,22:30:00,1.0,102.0,4.0,0.0392,320.88,B,Abandoned Rate
April,4,01:00:00,1.0,18.0,2.0,0.1111,273.25,B,Abandoned Rate
April,4,04:30:00,1.0,3.0,1.0,0.3333,129.5,B,Abandoned Rate
April,4,06:30:00,1.0,4.0,3.0,0.75,333.0,B,Abandoned Rate
April,4,23:30:00,0.9783,48.0,2.0,0.0417,268.48,B,Abandoned Rate
April,5,00:00:00,0.9259,29.0,2.0,0.069,285.07,B,Abandoned Rate
April,5,01:30:00,0.0,6.0,2.0,0.3333,359.0,B,Abandoned Rate
April,5,02:00:00,0.5,4.0,2.0,0.5,345.0,B,Abandoned Rate
April,5,13:00:00,0.6735,358.0,18.0,0.0503,317.96,B,Abandoned Rate
April,5,13:30:00,0.7867,313.0,13.0,0.0415,314.83,B,Abandoned Rate
April,5,14:00:00,0.4543,339.0,22.0,0.0649,340.85,B,Abandoned Rate
April,5,19:00:00,0.5122,216.0,11.0,0.0509,344.68,B,Abandoned Rate
April,5,21:00:00,0.4715,131.0,8.0,0.0611,340.3,B,Abandoned Rate
April,6,00:00:00,0.9667,33.0,3.0,0.0909,308.37,B,Abandoned Rate
April,6,21:30:00,0.9861,75.0,3.0,0.04,350.5,B,Abandoned Rate
April,7,00:00:00,1.0,22.0,1.0,0.0455,254.67,B,Abandoned Rate
April,7,03:00:00,1.0,2.0,1.0,0.5,291.0,B,Abandoned Rate
April,7,10:30:00,0.6523,338.0,13.0,0.0385,373.69,B,Abandoned Rate
April,7,13:30:00,0.5267,449.0,18.0,0.0401,323.13,B,Abandoned Rate
April,8,06:30:00,0.5,7.0,3.0,0.4286,369.75,B,Abandoned Rate
April,8,10:30:00,0.6245,294.0,17.0,0.0578,337.06,B,Abandoned Rate
April,9,01:00:00,1.0,9.0,1.0,0.1111,283.13,B,Abandoned Rate
April,9,06:30:00,1.0,2.0,1.0,0.5,175.0,B,Abandoned Rate
April,9,10:30:00,0.5231,286.0,26.0,0.0909,328.8,B,Abandoned Rate
April,10,05:30:00,1.0,3.0,1.0,0.3333,282.0,B,Abandoned Rate
April,10,06:00:00,1.0,7.0,2.0,0.2857,237.2,B,Abandoned Rate
April,10,06:30:00,0.5,3.0,1.0,0.3333,516.5,B,Abandoned Rate
April,10,07:30:00,0.6176,36.0,2.0,0.0556,265.26,B,Abandoned Rate
April,11,06:00:00,1.0,5.0,1.0,0.2,273.75,B,Abandoned Rate
April,11,06:30:00,0.0,5.0,4.0,0.8,253.0,B,Abandoned Rate
April,11,07:00:00,0.8438,34.0,2.0,0.0588,133.47,B,Abandoned Rate
April,11,07:30:00,0.7273,37.0,4.0,0.1081,268.79,B,Abandoned Rate
April,11,11:30:00,0.4692,418.0,45.0,0.1077,354.23,B,Abandoned Rate
April,11,12:00:00,0.4447,471.0,55.0,0.1168,316.81,B,Abandoned Rate
April,11,16:30:00,0.8657,437.0,20.0,0.0458,343.52,B,Abandoned Rate
April,12,06:30:00,0.0,2.0,1.0,0.5,161.0,B,Abandoned Rate
April,12,08:00:00,1.0,23.0,1.0,0.0435,300.68,B,Abandoned Rate
April,12,08:30:00,1.0,28.0,1.0,0.0357,311.33,B,Abandoned Rate
April,12,13:00:00,0.4805,292.0,36.0,0.1233,359.95,B,Abandoned Rate
April,12,13:30:00,0.4958,285.0,47.0,0.1649,349.72,B,Abandoned Rate
April,12,14:00:00,0.5019,307.0,40.0,0.1303,359.29,B,Abandoned Rate
April,12,14:30:00,0.5559,311.0,25.0,0.0804,333.23,B,Abandoned Rate
April,12,18:00:00,0.7399,235.0,12.0,0.0511,364.03,B,Abandoned Rate
April,12,18:30:00,0.5025,217.0,14.0,0.0645,342.45,B,Abandoned Rate
April,13,05:30:00,0.0,3.0,1.0,0.3333,779.5,B,Abandoned Rate
April,13,11:30:00,0.8571,117.0,5.0,0.0427,260.42,B,Abandoned Rate
April,13,12:30:00,0.7132,145.0,9.0,0.0621,294.35,B,Abandoned Rate
April,14,06:30:00,1.0,3.0,1.0,0.3333,430.0,B,Abandoned Rate
April,15,05:30:00,1.0,2.0,1.0,0.5,293.0,B,Abandoned Rate
April,15,07:30:00,0.8947,40.0,2.0,0.05,320.68,B,Abandoned Rate
April,16,06:30:00,1.0,1.0,1.0,1.0,327.88,B,Abandoned Rate
April,16,07:30:00,0.6563,34.0,2.0,0.0588,302.13,B,Abandoned Rate
April,17,00:30:00,1.0,19.0,1.0,0.0526,239.11,B,Abandoned Rate
April,17,06:30:00,0.7778,11.0,2.0,0.1818,176.67,B,Abandoned Rate
April,17,07:30:00,0.9394,36.0,3.0,0.0833,289.58,B,Abandoned Rate
April,18,06:30:00,1.0,6.0,1.0,0.1667,474.6,B,Abandoned Rate
April,18,07:30:00,0.9,44.0,4.0,0.0909,330.55,B,Abandoned Rate
April,19,01:00:00,0.7692,18.0,5.0,0.2778,352.69,B,Abandoned Rate
April,19,01:30:00,0.625,9.0,1.0,0.1111,349.75,B,Abandoned Rate
April,20,08:30:00,0.8947,20.0,1.0,0.05,312.89,B,Abandoned Rate
April,20,10:30:00,0.6949,63.0,4.0,0.0635,335.1,B,Abandoned Rate
April,20,11:00:00,0.6667,78.0,6.0,0.0769,381.9,B,Abandoned Rate
April,20,14:30:00,0.8,89.0,4.0,0.0449,330.49,B,Abandoned Rate
April,20,19:00:00,0.9846,68.0,3.0,0.0441,267.91,B,Abandoned Rate
April,20,22:00:00,0.7353,71.0,3.0,0.0423,286.91,B,Abandoned Rate
April,20,22:30:00,0.8868,56.0,3.0,0.0536,303.58,B,Abandoned Rate
April,21,10:30:00,0.7452,327.0,13.0,0.0398,314.12,B,Abandoned Rate
April,21,13:30:00,0.8275,396.0,25.0,0.0631,376.49,B,Abandoned Rate
April,21,14:00:00,0.5039,464.0,79.0,0.1703,377.01,B,Abandoned Rate
April,21,14:30:00,0.5352,448.0,121.0,0.2701,340.68,B,Abandoned Rate
April,21,15:00:00,0.4674,504.0,74.0,0.1468,390.85,B,Abandoned Rate
April,22,01:00:00,1.0,12.0,1.0,0.0833,346.82,B,Abandoned Rate
April,22,06:30:00,0.25,9.0,1.0,0.1111,393.75,B,Abandoned Rate
April,22,10:30:00,0.4785,332.0,29.0,0.0873,333.6,B,Abandoned Rate
April,22,12:30:00,0.6053,377.0,35.0,0.0928,352.58,B,Abandoned Rate
April,22,17:30:00,0.5789,400.0,20.0,0.05,381.58,B,Abandoned Rate
April,22,18:00:00,0.5629,335.0,17.0,0.0507,367.98,B,Abandoned Rate
April,22,22:30:00,0.8608,82.0,3.0,0.0366,323.73,B,Abandoned Rate
April,23,01:00:00,1.0,12.0,1.0,0.0833,274.18,B,Abandoned Rate
April,23,01:30:00,1.0,4.0,2.0,0.5,191.0,B,Abandoned Rate
April,23,11:30:00,0.5255,391.0,18.0,0.046,336.74,B,Abandoned Rate
April,23,12:00:00,0.5315,388.0,23.0,0.0593,345.16,B,Abandoned Rate
April,23,12:30:00,0.5275,396.0,32.0,0.0808,387.35,B,Abandoned Rate
April,23,13:00:00,0.3686,384.0,34.0,0.0885,313.26,B,Abandoned Rate
April,23,13:30:00,0.7074,457.0,23.0,0.0503,334.62,B,Abandoned Rate
April,23,20:30:00,0.7212,178.0,13.0,0.073,327.22,B,Abandoned Rate
April,23,21:00:00,0.6859,167.0,11.0,0.0659,324.33,B,Abandoned Rate
April,23,22:00:00,0.6479,150.0,8.0,0.0533,322.16,B,Abandoned Rate
April,24,01:30:00,1.0,8.0,4.0,0.5,363.75,B,Abandoned Rate
April,24,06:30:00,0.75,13.0,1.0,0.0769,185.0,B,Abandoned Rate
April,24,07:30:00,0.9412,53.0,2.0,0.0377,289.45,B,Abandoned Rate
April,25,01:00:00,0.625,9.0,1.0,0.1111,397.25,B,Abandoned Rate
April,25,01:30:00,0.0,10.0,4.0,0.4,360.67,B,Abandoned Rate
April,25,10:30:00,0.6945,288.0,13.0,0.0451,318.48,B,Abandoned Rate
April,25,14:00:00,0.718,403.0,20.0,0.0496,333.45,B,Abandoned Rate
April,25,14:30:00,0.523,452.0,18.0,0.0398,336.58,B,Abandoned Rate
April,25,17:00:00,0.532,363.0,19.0,0.0523,333.97,B,Abandoned Rate
April,26,01:00:00,1.0,5.0,1.0,0.2,423.0,B,Abandoned Rate
April,26,11:30:00,0.6375,270.0,19.0,0.0704,362.48,B,Abandoned Rate
April,26,12:30:00,0.7739,271.0,10.0,0.0369,334.7,B,Abandoned Rate
April,26,13:00:00,0.7041,313.0,19.0,0.0607,342.1,B,Abandoned Rate
April,26,13:30:00,0.571,343.0,40.0,0.1166,327.02,B,Abandoned Rate
April,26,18:30:00,0.6967,222.0,11.0,0.0495,349.21,B,Abandoned Rate
April,26,20:00:00,0.6014,160.0,12.0,0.075,275.3,B,Abandoned Rate
April,26,21:00:00,0.7889,97.0,7.0,0.0722,284.53,B,Abandoned Rate
April,26,21:30:00,0.8621,91.0,4.0,0.044,262.79,B,Abandoned Rate
April,26,23:30:00,0.96,26.0,1.0,0.0385,212.08,B,Abandoned Rate
April,27,18:30:00,0.8774,161.0,6.0,0.0373,295.01,B,Abandoned Rate
April,28,06:30:00,0.5,5.0,1.0,0.2,556.0,B,Abandoned Rate
April,28,08:30:00,0.8696,97.0,5.0,0.0515,283.27,B,Abandoned Rate
April,29,02:00:00,1.0,7.0,1.0,0.1429,277.0,B,Abandoned Rate
April,30,01:00:00,1.0,9.0,1.0,0.1111,322.38,B,Abandoned Rate
April,30,06:30:00,1.0,3.0,1.0,0.3333,317.5,B,Abandoned Rate
April,30,07:30:00,0.8621,35.0,6.0,0.1714,270.48,B,Abandoned Rate
May,1,00:00:00,1.0,24.0,1.0,0.0417,211.52,B,Abandoned Rate
May,1,07:00:00,0.7407,28.0,1.0,0.0357,265.48,B,Abandoned Rate
May,1,10:30:00,0.7818,324.0,17.0,0.0525,330.11,B,Abandoned Rate
May,2,06:00:00,1.0,6.0,1.0,0.1667,251.8,B,Abandoned Rate
May,2,06:30:00,0.0,10.0,9.0,0.9,217.0,B,Abandoned Rate
May,2,07:00:00,0.6,38.0,8.0,0.2105,281.73,B,Abandoned Rate
May,2,07:30:00,0.5897,50.0,11.0,0.22,269.62,B,Abandoned Rate
May,2,10:30:00,0.5018,324.0,43.0,0.1327,333.68,B,Abandoned Rate
May,2,11:00:00,0.5402,369.0,21.0,0.0569,327.44,B,Abandoned Rate
May,2,11:30:00,0.457,409.0,37.0,0.0905,340.81,B,Abandoned Rate
May,2,12:30:00,0.4359,432.0,42.0,0.0972,348.77,B,Abandoned Rate
May,2,14:00:00,0.6857,512.0,22.0,0.043,364.34,B,Abandoned Rate
May,2,14:30:00,0.7907,493.0,20.0,0.0406,330.18,B,Abandoned Rate
May,2,18:00:00,0.7775,359.0,13.0,0.0362,362.46,B,Abandoned Rate
May,2,18:30:00,0.497,352.0,16.0,0.0455,357.0,B,Abandoned Rate
May,2,19:00:00,0.5953,355.0,14.0,0.0394,340.17,B,Abandoned Rate
May,2,21:00:00,0.7095,155.0,7.0,0.0452,410.16,B,Abandoned Rate
May,3,06:30:00,0.8333,7.0,1.0,0.1429,376.33,B,Abandoned Rate
May,3,07:00:00,0.6667,13.0,1.0,0.0769,310.25,B,Abandoned Rate
May,3,07:30:00,0.7619,22.0,1.0,0.0455,457.86,B,Abandoned Rate
May,3,10:30:00,0.5583,223.0,17.0,0.0762,318.63,B,Abandoned Rate
May,3,15:00:00,0.7083,350.0,14.0,0.04,316.96,B,Abandoned Rate
May,3,15:30:00,0.6216,318.0,22.0,0.0692,326.21,B,Abandoned Rate
May,3,23:00:00,0.8824,54.0,3.0,0.0556,253.73,B,Abandoned Rate
May,4,08:30:00,1.0,19.0,1.0,0.0526,301.83,B,Abandoned Rate
May,4,10:30:00,0.7807,119.0,5.0,0.042,290.33,B,Abandoned Rate
May,4,13:30:00,0.7042,224.0,11.0,0.0491,295.59,B,Abandoned Rate
May,4,16:30:00,0.7178,251.0,10.0,0.0398,310.27,B,Abandoned Rate
May,4,18:30:00,0.8457,169.0,7.0,0.0414,317.2,B,Abandoned Rate
May,4,22:30:00,0.9737,40.0,2.0,0.05,317.66,B,Abandoned Rate
May,5,04:00:00,1.0,4.0,1.0,0.25,396.67,B,Abandoned Rate
May,5,06:30:00,1.0,6.0,1.0,0.1667,412.8,B,Abandoned Rate
May,5,08:30:00,0.7748,158.0,7.0,0.0443,328.9,B,Abandoned Rate
May,5,10:30:00,0.2911,347.0,31.0,0.0893,337.32,B,Abandoned Rate
May,6,06:30:00,0.4,11.0,6.0,0.5455,309.0,B,Abandoned Rate
May,6,07:00:00,0.9048,22.0,1.0,0.0455,299.24,B,Abandoned Rate
May,7,04:00:00,1.0,3.0,1.0,0.3333,322.5,B,Abandoned Rate
May,7,06:30:00,0.5,3.0,1.0,0.3333,249.0,B,Abandoned Rate
May,7,07:30:00,0.92,54.0,4.0,0.0741,257.94,B,Abandoned Rate
May,8,00:30:00,0.8289,84.0,8.0,0.0952,231.8,B,Abandoned Rate
May,8,01:00:00,0.3929,37.0,9.0,0.2432,263.93,B,Abandoned Rate
May,8,01:30:00,0.125,22.0,14.0,0.6364,207.25,B,Abandoned Rate
May,8,02:00:00,0.0,19.0,14.0,0.7368,123.0,B,Abandoned Rate
May,8,02:30:00,0.3333,11.0,5.0,0.4545,289.5,B,Abandoned Rate
May,8,06:30:00,1.0,4.0,3.0,0.75,815.0,B,Abandoned Rate
May,8,07:00:00,0.8235,18.0,1.0,0.0556,280.41,B,Abandoned Rate
May,9,01:00:00,0.8,16.0,1.0,0.0625,396.87,B,Abandoned Rate
May,9,06:00:00,1.0,7.0,2.0,0.2857,422.0,B,Abandoned Rate
May,9,06:30:00,0.5,6.0,4.0,0.6667,519.5,B,Abandoned Rate
May,9,07:30:00,0.9487,41.0,2.0,0.0488,369.59,B,Abandoned Rate
May,10,06:30:00,0.5,8.0,4.0,0.5,536.0,B,Abandoned Rate
May,11,08:00:00,1.0,15.0,1.0,0.0667,335.14,B,Abandoned Rate
May,11,23:30:00,1.0,28.0,1.0,0.0357,291.22,B,Abandoned Rate
May,12,06:30:00,0.5,3.0,1.0,0.3333,1245.5,B,Abandoned Rate
May,12,07:00:00,0.913,24.0,1.0,0.0417,223.39,B,Abandoned Rate
May,12,07:30:00,0.8974,43.0,4.0,0.093,326.9,B,Abandoned Rate
May,12,10:30:00,0.5877,340.0,15.0,0.0441,345.16,B,Abandoned Rate
May,13,06:30:00,1.0,5.0,1.0,0.2,129.0,B,Abandoned Rate
May,13,07:00:00,0.92,26.0,1.0,0.0385,274.48,B,Abandoned Rate
May,14,06:30:00,0.4286,8.0,1.0,0.125,267.86,B,Abandoned Rate
May,14,07:30:00,0.8537,43.0,2.0,0.0465,318.88,B,Abandoned Rate
May,15,05:00:00,1.0,3.0,1.0,0.3333,507.0,B,Abandoned Rate
May,15,06:30:00,0.0,6.0,4.0,0.6667,384.0,B,Abandoned Rate
May,15,07:30:00,0.9643,30.0,2.0,0.0667,304.79,B,Abandoned Rate
May,15,10:30:00,0.5754,297.0,12.0,0.0404,348.66,B,Abandoned Rate
May,16,01:30:00,1.0,8.0,1.0,0.125,232.71,B,Abandoned Rate
May,16,06:30:00,0.5,9.0,7.0,0.7778,310.5,B,Abandoned Rate
May,16,07:30:00,0.814,46.0,3.0,0.0652,338.58,B,Abandoned Rate
May,17,01:00:00,0.6667,10.0,1.0,0.1,488.89,B,Abandoned Rate
May,17,06:30:00,0.75,7.0,3.0,0.4286,1161.0,B,Abandoned Rate
May,17,14:30:00,0.5432,303.0,25.0,0.0825,357.39,B,Abandoned Rate
May,17,20:00:00,0.6721,133.0,11.0,0.0827,331.7,B,Abandoned Rate
May,18,00:00:00,0.9,21.0,1.0,0.0476,283.05,B,Abandoned Rate
May,18,07:30:00,0.8889,10.0,1.0,0.1,345.89,B,Abandoned Rate
May,19,07:30:00,0.9697,35.0,2.0,0.0571,237.82,B,Abandoned Rate
May,19,12:30:00,0.8284,417.0,15.0,0.036,369.25,B,Abandoned Rate
May,20,06:30:00,0.3333,10.0,4.0,0.4,300.0,B,Abandoned Rate
May,20,13:30:00,0.6061,389.0,31.0,0.0797,378.23,B,Abandoned Rate
May,21,02:30:00,0.4,7.0,2.0,0.2857,726.4,B,Abandoned Rate
May,21,06:30:00,0.6667,7.0,4.0,0.5714,410.0,B,Abandoned Rate
May,21,07:00:00,0.6923,29.0,3.0,0.1034,233.88,B,Abandoned Rate
May,21,07:30:00,0.6286,38.0,3.0,0.0789,306.0,B,Abandoned Rate
May,21,08:30:00,0.8624,114.0,5.0,0.0439,325.83,B,Abandoned Rate
May,21,10:30:00,0.616,278.0,15.0,0.054,341.36,B,Abandoned Rate
May,22,04:00:00,0.75,5.0,1.0,0.2,199.0,B,Abandoned Rate
May,22,05:00:00,0.3333,4.0,1.0,0.25,205.0,B,Abandoned Rate
May,22,06:30:00,0.6667,4.0,1.0,0.25,439.33,B,Abandoned Rate
May,22,07:00:00,0.8696,24.0,1.0,0.0417,249.0,B,Abandoned Rate
May,22,07:30:00,0.7391,48.0,2.0,0.0417,295.22,B,Abandoned Rate
May,23,04:00:00,1.0,4.0,1.0,0.25,272.67,B,Abandoned Rate
May,23,05:30:00,1.0,1.0,1.0,1.0,154.0,B,Abandoned Rate
May,23,06:00:00,1.0,4.0,3.0,0.75,286.0,B,Abandoned Rate
May,23,06:30:00,1.0,6.0,5.0,0.8333,105.0,B,Abandoned Rate
May,23,15:00:00,0.9079,407.0,27.0,0.0663,391.41,B,Abandoned Rate
May,23,15:30:00,0.7138,381.0,84.0,0.2205,371.68,B,Abandoned Rate
May,23,16:00:00,0.5813,516.0,67.0,0.1298,324.62,B,Abandoned Rate
May,24,06:30:00,0.6,6.0,1.0,0.1667,323.6,B,Abandoned Rate
May,24,14:00:00,0.637,298.0,17.0,0.057,349.99,B,Abandoned Rate
May,25,00:00:00,0.7727,28.0,6.0,0.2143,323.18,B,Abandoned Rate
May,25,00:30:00,0.8182,15.0,4.0,0.2667,207.73,B,Abandoned Rate
May,26,00:00:00,0.9091,18.0,7.0,0.3889,447.18,B,Abandoned Rate
May,26,07:30:00,0.9565,24.0,1.0,0.0417,224.09,B,Abandoned Rate
May,27,06:30:00,0.8333,7.0,1.0,0.1429,392.5,B,Abandoned Rate
May,27,14:00:00,0.6547,466.0,20.0,0.0429,326.42,B,Abandoned Rate
May,27,20:00:00,0.5949,249.0,12.0,0.0482,337.23,B,Abandoned Rate
May,27,21:00:00,0.454,189.0,15.0,0.0794,356.72,B,Abandoned Rate
May,27,22:00:00,0.7757,112.0,5.0,0.0446,332.19,B,Abandoned Rate
May,28,04:30:00,0.0,2.0,1.0,0.5,120.0,B,Abandoned Rate
May,28,06:30:00,0.0,8.0,1.0,0.125,229.86,B,Abandoned Rate
May,28,07:30:00,0.9286,30.0,2.0,0.0667,415.21,B,Abandoned Rate
May,28,13:30:00,0.6698,448.0,24.0,0.0536,330.52,B,Abandoned Rate
May,28,17:00:00,0.8257,376.0,49.0,0.1303,352.21,B,Abandoned Rate
May,28,17:30:00,0.729,390.0,69.0,0.1769,338.99,B,Abandoned Rate
May,28,18:00:00,0.6332,400.0,21.0,0.0525,335.29,B,Abandoned Rate
May,29,06:30:00,0.6667,7.0,4.0,0.5714,433.33,B,Abandoned Rate
May,29,11:30:00,0.5272,327.0,14.0,0.0428,321.83,B,Abandoned Rate
May,30,06:30:00,1.0,5.0,2.0,0.4,475.33,B,Abandoned Rate
May,30,10:00:00,0.475,294.0,14.0,0.0476,328.63,B,Abandoned Rate
May,30,14:30:00,0.5548,447.0,18.0,0.0403,337.93,B,Abandoned Rate
May,31,08:00:00,1.0,22.0,1.0,0.0455,429.38,B,Abandoned Rate
May,31,10:30:00,0.6091,212.0,15.0,0.0708,279.86,B,Abandoned Rate
May,31,13:00:00,0.7411,293.0,11.0,0.0375,317.95,B,Abandoned Rate
May,31,14:00:00,0.5764,305.0,17.0,0.0557,298.85,B,Abandoned Rate
May,31,20:00:00,0.5625,170.0,10.0,0.0588,294.33,B,Abandoned Rate
June,2,00:00:00,1.0,14.0,1.0,0.0714,601.92,B,Abandoned Rate
June,2,06:30:00,0.6,6.0,1.0,0.1667,349.6,B,Abandoned Rate
June,3,07:30:00,0.575,43.0,3.0,0.0698,300.15,B,Abandoned Rate
June,3,09:30:00,0.75,266.0,10.0,0.0376,309.58,B,Abandoned Rate
June,4,06:30:00,0.3333,5.0,2.0,0.4,438.67,B,Abandoned Rate
June,5,06:30:00,0.25,9.0,1.0,0.1111,290.25,B,Abandoned Rate
June,6,01:30:00,0.875,9.0,1.0,0.1111,525.25,B,Abandoned Rate
June,6,06:00:00,1.0,2.0,1.0,0.5,728.0,B,Abandoned Rate
June,6,06:30:00,1.0,5.0,5.0,1.0,728.0,B,Abandoned Rate
June,6,07:30:00,0.7907,46.0,3.0,0.0652,305.84,B,Abandoned Rate
June,7,10:30:00,0.7901,189.0,8.0,0.0423,320.41,B,Abandoned Rate
June,7,13:00:00,0.7311,276.0,12.0,0.0435,348.75,B,Abandoned Rate
June,8,00:00:00,0.9444,19.0,1.0,0.0526,244.11,B,Abandoned Rate
June,8,00:30:00,0.95,23.0,3.0,0.1304,365.05,B,Abandoned Rate
June,8,12:00:00,0.75,158.0,6.0,0.038,337.16,B,Abandoned Rate
June,8,12:30:00,0.6478,170.0,11.0,0.0647,312.51,B,Abandoned Rate
June,8,13:00:00,0.8049,213.0,8.0,0.0376,318.41,B,Abandoned Rate
June,9,06:30:00,0.7143,11.0,4.0,0.3636,341.14,B,Abandoned Rate
June,9,07:00:00,0.9091,23.0,1.0,0.0435,322.86,B,Abandoned Rate
June,9,07:30:00,0.913,26.0,3.0,0.1154,338.78,B,Abandoned Rate
June,10,07:00:00,0.875,17.0,1.0,0.0588,309.56,B,Abandoned Rate
June,11,06:30:00,1.0,9.0,4.0,0.4444,174.0,B,Abandoned Rate
June,11,07:30:00,0.8333,56.0,2.0,0.0357,295.04,B,Abandoned Rate
June,11,11:00:00,0.4428,352.0,20.0,0.0568,338.01,B,Abandoned Rate
June,11,11:30:00,0.6011,383.0,17.0,0.0444,332.86,B,Abandoned Rate
June,11,23:00:00,0.7556,95.0,5.0,0.0526,307.96,B,Abandoned Rate
June,12,00:00:00,0.7879,37.0,4.0,0.1081,325.52,B,Abandoned Rate
June,12,00:30:00,0.9474,20.0,1.0,0.05,424.42,B,Abandoned Rate
June,12,01:00:00,1.0,11.0,1.0,0.0909,253.8,B,Abandoned Rate
June,12,07:00:00,0.7308,27.0,1.0,0.037,423.69,B,Abandoned Rate
June,12,07:30:00,0.6579,41.0,3.0,0.0732,279.13,B,Abandoned Rate
June,12,13:30:00,0.5665,362.0,16.0,0.0442,363.58,B,Abandoned Rate
June,13,06:30:00,0.6667,5.0,2.0,0.4,384.67,B,Abandoned Rate
June,13,20:30:00,0.6196,171.0,8.0,0.0468,326.8,B,Abandoned Rate
June,13,21:00:00,0.6376,158.0,9.0,0.057,353.51,B,Abandoned Rate
June,14,06:30:00,0.6,7.0,2.0,0.2857,538.4,B,Abandoned Rate
June,14,07:00:00,0.9091,12.0,1.0,0.0833,374.64,B,Abandoned Rate
June,14,08:30:00,0.878,43.0,2.0,0.0465,283.27,B,Abandoned Rate
June,14,11:30:00,0.662,221.0,8.0,0.0362,298.72,B,Abandoned Rate
June,14,12:30:00,0.6046,276.0,13.0,0.0471,325.1,B,Abandoned Rate
June,14,14:00:00,0.534,338.0,44.0,0.1302,324.15,B,Abandoned Rate
June,14,14:30:00,0.522,313.0,18.0,0.0575,337.01,B,Abandoned Rate
June,14,15:00:00,0.5934,328.0,23.0,0.0701,333.95,B,Abandoned Rate
June,14,20:00:00,0.5357,168.0,28.0,0.1667,337.66,B,Abandoned Rate
June,14,20:30:00,0.4803,139.0,12.0,0.0863,325.99,B,Abandoned Rate
June,14,23:30:00,0.9516,65.0,3.0,0.0462,289.45,B,Abandoned Rate
June,15,07:30:00,0.8571,9.0,2.0,0.2222,180.14,B,Abandoned Rate
June,15,22:30:00,0.9767,46.0,3.0,0.0652,300.56,B,Abandoned Rate
June,16,00:00:00,1.0,28.0,3.0,0.1071,305.2,B,Abandoned Rate
June,16,06:30:00,0.6667,5.0,2.0,0.4,253.67,B,Abandoned Rate
June,17,00:30:00,1.0,20.0,1.0,0.05,213.26,B,Abandoned Rate
June,17,06:30:00,0.5,6.0,2.0,0.3333,261.5,B,Abandoned Rate
June,18,06:30:00,0.5,7.0,1.0,0.1429,414.67,B,Abandoned Rate
June,18,07:30:00,0.9333,34.0,4.0,0.1176,251.33,B,Abandoned Rate
June,18,14:30:00,0.5704,449.0,16.0,0.0356,377.1,B,Abandoned Rate
June,19,06:30:00,0.6667,7.0,1.0,0.1429,231.83,B,Abandoned Rate
June,20,06:00:00,0.5,6.0,2.0,0.3333,267.0,B,Abandoned Rate
June,20,06:30:00,0.0,7.0,5.0,0.7143,184.0,B,Abandoned Rate
June,20,07:30:00,0.8475,62.0,3.0,0.0484,329.97,B,Abandoned Rate
June,20,12:00:00,0.566,440.0,16.0,0.0364,344.03,B,Abandoned Rate
June,20,18:00:00,0.7902,381.0,14.0,0.0367,352.52,B,Abandoned Rate
June,20,18:30:00,0.7013,332.0,14.0,0.0422,319.69,B,Abandoned Rate
June,20,19:00:00,0.5958,319.0,32.0,0.1003,362.69,B,Abandoned Rate
June,20,19:30:00,0.4411,286.0,23.0,0.0804,310.86,B,Abandoned Rate
June,20,20:00:00,0.3116,245.0,46.0,0.1878,341.53,B,Abandoned Rate
June,20,20:30:00,0.2727,226.0,39.0,0.1726,368.28,B,Abandoned Rate
June,20,21:30:00,0.5689,181.0,14.0,0.0773,336.93,B,Abandoned Rate
June,20,22:00:00,0.8803,122.0,5.0,0.041,349.69,B,Abandoned Rate
June,20,22:30:00,0.8462,110.0,6.0,0.0545,303.03,B,Abandoned Rate
June,20,23:00:00,0.7701,92.0,5.0,0.0543,326.89,B,Abandoned Rate
June,21,00:00:00,0.8727,58.0,3.0,0.0517,242.07,B,Abandoned Rate
June,21,06:30:00,0.4,13.0,8.0,0.6154,331.2,B,Abandoned Rate
June,21,08:30:00,0.74,59.0,9.0,0.1525,375.6,B,Abandoned Rate
June,21,09:00:00,0.8493,152.0,6.0,0.0395,261.53,B,Abandoned Rate
June,21,10:00:00,0.6814,217.0,13.0,0.0599,333.51,B,Abandoned Rate
June,21,10:30:00,0.6224,217.0,21.0,0.0968,335.64,B,Abandoned Rate
June,21,11:00:00,0.55,275.0,15.0,0.0545,300.19,B,Abandoned Rate
June,21,11:30:00,0.5112,282.0,14.0,0.0496,309.06,B,Abandoned Rate
June,21,18:00:00,0.7711,209.0,8.0,0.0383,389.0,B,Abandoned Rate
June,21,22:30:00,0.8519,57.0,3.0,0.0526,327.78,B,Abandoned Rate
June,21,23:00:00,0.8367,52.0,3.0,0.0577,374.37,B,Abandoned Rate
June,22,00:30:00,0.9474,20.0,1.0,0.05,232.0,B,Abandoned Rate
June,23,06:30:00,1.0,5.0,2.0,0.4,355.0,B,Abandoned Rate
June,24,06:30:00,1.0,8.0,3.0,0.375,423.0,B,Abandoned Rate
June,26,06:30:00,1.0,3.0,1.0,0.3333,506.0,B,Abandoned Rate
June,26,18:30:00,0.697,308.0,11.0,0.0357,322.56,B,Abandoned Rate
June,26,22:00:00,0.7273,131.0,10.0,0.0763,280.44,B,Abandoned Rate
June,27,06:30:00,0.0,6.0,5.0,0.8333,2239.0,B,Abandoned Rate
June,27,08:30:00,0.9167,114.0,6.0,0.0526,296.18,B,Abandoned Rate
June,27,11:30:00,0.5314,316.0,13.0,0.0411,338.08,B,Abandoned Rate
June,28,00:00:00,0.8636,47.0,3.0,0.0638,327.32,B,Abandoned Rate
June,28,01:00:00,0.8333,8.0,2.0,0.25,208.0,B,Abandoned Rate
June,28,06:30:00,0.0,6.0,5.0,0.8333,151.0,B,Abandoned Rate
June,28,10:00:00,0.6173,168.0,6.0,0.0357,326.48,B,Abandoned Rate
June,28,12:00:00,0.5502,239.0,10.0,0.0418,314.77,B,Abandoned Rate
June,28,14:30:00,0.7042,323.0,12.0,0.0372,314.4,B,Abandoned Rate
June,28,18:00:00,0.6982,234.0,12.0,0.0513,330.99,B,Abandoned Rate
June,28,19:00:00,0.5628,210.0,11.0,0.0524,296.41,B,Abandoned Rate
June,28,19:30:00,0.5438,173.0,13.0,0.0751,306.75,B,Abandoned Rate
June,28,20:00:00,0.5248,154.0,13.0,0.0844,326.06,B,Abandoned Rate
June,28,21:00:00,0.8514,77.0,3.0,0.039,287.43,B,Abandoned Rate
June,28,22:00:00,0.5231,74.0,9.0,0.1216,304.8,B,Abandoned Rate
June,29,00:00:00,0.8519,28.0,1.0,0.0357,280.89,B,Abandoned Rate
June,29,00:30:00,0.6667,19.0,1.0,0.0526,288.33,B,Abandoned Rate
June,29,01:30:00,0.6667,7.0,1.0,0.1429,312.17,B,Abandoned Rate
June,30,06:30:00,0.1429,9.0,2.0,0.2222,323.14,B,Abandoned Rate
June,30,12:30:00,0.4543,413.0,30.0,0.0726,341.26,B,Abandoned Rate
June,30,20:00:00,0.6899,272.0,14.0,0.0515,333.47,B,Abandoned Rate
April,1,22:00:00,0.7283,277.0,12.0,0.0433,333.05,C,Abandoned Rate
April,2,02:00:00,0.8,17.0,2.0,0.1176,269.07,C,Abandoned Rate
April,2,03:00:00,1.0,11.0,1.0,0.0909,158.4,C,Abandoned Rate
April,2,23:30:00,1.0,96.0,4.0,0.0417,302.68,C,Abandoned Rate
April,3,05:30:00,1.0,21.0,1.0,0.0476,247.15,C,Abandoned Rate
April,3,18:30:00,0.6376,726.0,50.0,0.0689,363.48,C,Abandoned Rate
April,3,19:00:00,0.4206,686.0,37.0,0.0539,364.38,C,Abandoned Rate
April,4,04:00:00,0.75,11.0,3.0,0.2727,345.75,C,Abandoned Rate
April,5,01:30:00,0.9706,36.0,2.0,0.0556,283.59,C,Abandoned Rate
April,5,03:00:00,1.0,15.0,5.0,0.3333,517.1,C,Abandoned Rate
April,6,02:00:00,0.7917,25.0,1.0,0.04,284.75,C,Abandoned Rate
April,6,06:00:00,1.0,13.0,1.0,0.0769,192.58,C,Abandoned Rate
April,7,00:00:00,1.0,52.0,2.0,0.0385,335.06,C,Abandoned Rate
April,7,02:30:00,0.7143,16.0,2.0,0.125,235.21,C,Abandoned Rate
April,8,01:30:00,1.0,27.0,1.0,0.037,305.12,C,Abandoned Rate
April,8,02:00:00,0.963,29.0,2.0,0.069,261.7,C,Abandoned Rate
April,8,04:00:00,1.0,11.0,1.0,0.0909,289.7,C,Abandoned Rate
April,9,00:00:00,1.0,77.0,5.0,0.0649,349.47,C,Abandoned Rate
April,9,20:00:00,0.4362,489.0,19.0,0.0389,394.63,C,Abandoned Rate
April,11,00:30:00,0.9783,48.0,2.0,0.0417,357.85,C,Abandoned Rate
April,11,02:00:00,1.0,12.0,1.0,0.0833,300.45,C,Abandoned Rate
April,11,03:00:00,0.8857,37.0,2.0,0.0541,108.57,C,Abandoned Rate
April,11,05:00:00,1.0,16.0,1.0,0.0625,282.13,C,Abandoned Rate
April,11,06:30:00,1.0,40.0,2.0,0.05,243.08,C,Abandoned Rate
April,11,11:30:00,0.5164,948.0,36.0,0.038,335.38,C,Abandoned Rate
April,11,12:00:00,0.3558,1102.0,107.0,0.0971,326.44,C,Abandoned Rate
April,14,02:00:00,1.0,11.0,1.0,0.0909,466.3,C,Abandoned Rate
April,14,04:00:00,1.0,12.0,1.0,0.0833,209.27,C,Abandoned Rate
April,15,06:00:00,0.9412,18.0,1.0,0.0556,183.53,C,Abandoned Rate
April,15,06:30:00,0.9778,48.0,3.0,0.0625,223.73,C,Abandoned Rate
April,16,03:00:00,1.0,11.0,1.0,0.0909,392.7,C,Abandoned Rate
April,16,17:00:00,0.5387,836.0,34.0,0.0407,347.79,C,Abandoned Rate
April,17,02:30:00,0.9091,12.0,1.0,0.0833,288.73,C,Abandoned Rate
April,19,01:30:00,1.0,36.0,2.0,0.0556,345.21,C,Abandoned Rate
April,19,07:30:00,0.9706,72.0,4.0,0.0556,298.06,C,Abandoned Rate
April,20,20:30:00,0.9167,151.0,7.0,0.0464,329.28,C,Abandoned Rate
April,20,21:30:00,0.9479,100.0,4.0,0.04,334.96,C,Abandoned Rate
April,20,22:30:00,0.9583,100.0,4.0,0.04,284.77,C,Abandoned Rate
April,21,02:00:00,0.5385,15.0,2.0,0.1333,281.62,C,Abandoned Rate
April,21,02:30:00,0.3077,17.0,4.0,0.2353,399.15,C,Abandoned Rate
April,21,13:30:00,0.6499,945.0,68.0,0.072,385.12,C,Abandoned Rate
April,21,14:00:00,0.2448,1060.0,104.0,0.0981,378.01,C,Abandoned Rate
April,21,14:30:00,0.2769,1065.0,202.0,0.1897,381.91,C,Abandoned Rate
April,21,15:00:00,0.2333,1137.0,117.0,0.1029,363.66,C,Abandoned Rate
April,22,02:30:00,1.0,25.0,1.0,0.04,148.21,C,Abandoned Rate
April,22,12:30:00,0.8017,997.0,49.0,0.0491,352.8,C,Abandoned Rate
April,22,17:00:00,0.6381,864.0,35.0,0.0405,387.75,C,Abandoned Rate
April,23,04:30:00,1.0,10.0,1.0,0.1,514.56,C,Abandoned Rate
April,23,13:30:00,0.5375,955.0,34.0,0.0356,353.25,C,Abandoned Rate
April,24,01:30:00,1.0,25.0,1.0,0.04,267.13,C,Abandoned Rate
April,24,04:00:00,0.8,11.0,1.0,0.0909,383.6,C,Abandoned Rate
April,24,04:30:00,0.5833,13.0,1.0,0.0769,329.08,C,Abandoned Rate
April,24,11:30:00,0.5125,880.0,37.0,0.042,363.36,C,Abandoned Rate
April,25,01:00:00,0.4815,34.0,7.0,0.2059,310.22,C,Abandoned Rate
April,25,01:30:00,0.2222,22.0,4.0,0.1818,400.94,C,Abandoned Rate
April,25,02:00:00,0.5263,21.0,2.0,0.0952,319.84,C,Abandoned Rate
April,25,02:30:00,0.5263,17.0,0.0,0.0952,319.84,C,Abandoned Rate
April,25,03:00:00,0.5263,11.0,0.0,0.0952,319.84,C,Abandoned Rate
April,25,03:30:00,0.5263,17.0,0.0,0.0952,319.84,C,Abandoned Rate
April,25,04:00:00,0.5263,6.0,0.0,0.0952,319.84,C,Abandoned Rate
April,25,04:30:00,0.5263,8.0,0.0,0.0952,319.84,C,Abandoned Rate
April,25,05:00:00,0.5263,9.0,0.0,0.0952,319.84,C,Abandoned Rate
April,25,05:30:00,0.5263,16.0,0.0,0.0952,319.84,C,Abandoned Rate
April,25,06:00:00,0.5263,32.0,0.0,0.0952,319.84,C,Abandoned Rate
April,25,10:00:00,0.5416,698.0,37.0,0.053,346.17,C,Abandoned Rate
April,25,10:30:00,0.3071,791.0,55.0,0.0695,366.76,C,Abandoned Rate
April,25,12:30:00,0.7098,868.0,34.0,0.0392,374.44,C,Abandoned Rate
April,25,13:30:00,0.3023,965.0,42.0,0.0435,356.09,C,Abandoned Rate
April,26,02:00:00,0.9524,23.0,2.0,0.087,300.05,C,Abandoned Rate
April,26,10:30:00,0.586,563.0,22.0,0.0391,323.74,C,Abandoned Rate
April,26,19:30:00,0.5184,343.0,17.0,0.0496,333.84,C,Abandoned Rate
April,28,05:00:00,1.0,10.0,1.0,0.1,321.0,C,Abandoned Rate
April,28,06:30:00,1.0,34.0,2.0,0.0588,297.0,C,Abandoned Rate
April,29,04:30:00,0.5556,10.0,1.0,0.1,250.11,C,Abandoned Rate
April,29,05:30:00,1.0,6.0,1.0,0.1667,661.8,C,Abandoned Rate
April,29,20:00:00,0.6567,420.0,18.0,0.0429,361.26,C,Abandoned Rate
April,30,07:00:00,0.7518,143.0,6.0,0.042,284.88,C,Abandoned Rate
April,30,07:30:00,0.2486,218.0,33.0,0.1514,291.29,C,Abandoned Rate
April,30,08:00:00,0.1853,388.0,48.0,0.1237,309.58,C,Abandoned Rate
April,30,08:30:00,0.2653,573.0,83.0,0.1449,342.79,C,Abandoned Rate
April,30,09:00:00,0.2787,790.0,58.0,0.0734,332.56,C,Abandoned Rate
May,1,06:00:00,0.8889,38.0,2.0,0.0526,241.67,C,Abandoned Rate
May,1,06:30:00,1.0,68.0,3.0,0.0441,304.32,C,Abandoned Rate
May,1,13:00:00,0.518,1067.0,38.0,0.0356,344.68,C,Abandoned Rate
May,2,03:00:00,0.9286,15.0,1.0,0.0667,201.21,C,Abandoned Rate
May,2,04:00:00,0.75,18.0,2.0,0.1111,410.06,C,Abandoned Rate
May,2,04:30:00,0.9231,14.0,1.0,0.0714,533.31,C,Abandoned Rate
May,2,05:00:00,0.8,21.0,1.0,0.0476,254.1,C,Abandoned Rate
May,2,06:30:00,0.9333,48.0,3.0,0.0625,193.31,C,Abandoned Rate
May,2,07:30:00,0.8571,146.0,6.0,0.0411,240.75,C,Abandoned Rate
May,2,09:30:00,0.32,815.0,40.0,0.0491,303.79,C,Abandoned Rate
May,2,10:00:00,0.5017,931.0,54.0,0.058,315.36,C,Abandoned Rate
May,2,10:30:00,0.2411,921.0,79.0,0.0858,339.58,C,Abandoned Rate
May,2,11:00:00,0.227,1095.0,82.0,0.0749,334.9,C,Abandoned Rate
May,2,12:00:00,0.4464,1119.0,55.0,0.0492,350.95,C,Abandoned Rate
May,2,12:30:00,0.4847,1058.0,47.0,0.0444,345.29,C,Abandoned Rate
May,3,03:00:00,1.0,14.0,1.0,0.0714,297.54,C,Abandoned Rate
May,5,02:30:00,0.5556,12.0,3.0,0.25,585.78,C,Abandoned Rate
May,5,10:00:00,0.258,938.0,62.0,0.0661,324.99,C,Abandoned Rate
May,5,10:30:00,0.1807,1046.0,50.0,0.0478,322.8,C,Abandoned Rate
May,6,03:30:00,1.0,14.0,2.0,0.1429,400.67,C,Abandoned Rate
May,6,04:00:00,1.0,8.0,1.0,0.125,544.57,C,Abandoned Rate
May,8,01:30:00,1.0,84.0,11.0,0.131,245.63,C,Abandoned Rate
May,8,02:00:00,0.7963,65.0,11.0,0.1692,162.74,C,Abandoned Rate
May,8,02:30:00,0.8409,49.0,5.0,0.102,152.84,C,Abandoned Rate
May,8,05:30:00,0.9444,19.0,1.0,0.0526,278.83,C,Abandoned Rate
May,8,06:30:00,0.9444,38.0,2.0,0.0526,179.47,C,Abandoned Rate
May,9,06:30:00,0.9853,72.0,4.0,0.0556,252.19,C,Abandoned Rate
May,9,07:00:00,1.0,95.0,4.0,0.0421,244.29,C,Abandoned Rate
May,11,03:00:00,1.0,9.0,1.0,0.1111,308.38,C,Abandoned Rate
May,12,01:30:00,1.0,19.0,2.0,0.1053,351.82,C,Abandoned Rate
May,12,02:00:00,1.0,18.0,4.0,0.2222,373.14,C,Abandoned Rate
May,12,09:30:00,0.4487,683.0,30.0,0.0439,351.5,C,Abandoned Rate
May,12,11:00:00,0.2089,1005.0,43.0,0.0428,354.53,C,Abandoned Rate
May,12,14:30:00,0.5456,1051.0,43.0,0.0409,372.2,C,Abandoned Rate
May,13,05:30:00,1.0,11.0,1.0,0.0909,256.1,C,Abandoned Rate
May,13,06:00:00,1.0,18.0,1.0,0.0556,200.0,C,Abandoned Rate
May,14,03:30:00,0.6364,12.0,1.0,0.0833,338.91,C,Abandoned Rate
May,14,04:00:00,0.8333,13.0,1.0,0.0769,219.92,C,Abandoned Rate
May,14,04:30:00,0.5833,15.0,3.0,0.2,300.25,C,Abandoned Rate
May,14,05:00:00,0.7143,8.0,1.0,0.125,345.0,C,Abandoned Rate
May,14,05:30:00,0.3125,19.0,3.0,0.1579,249.5,C,Abandoned Rate
May,14,09:30:00,0.5394,779.0,43.0,0.0552,351.1,C,Abandoned Rate
May,14,10:00:00,0.3275,949.0,42.0,0.0443,339.24,C,Abandoned Rate
May,14,10:30:00,0.3578,976.0,37.0,0.0379,347.66,C,Abandoned Rate
May,15,06:30:00,0.898,53.0,4.0,0.0755,287.8,C,Abandoned Rate
May,15,13:30:00,0.3558,945.0,40.0,0.0423,330.05,C,Abandoned Rate
May,15,14:00:00,0.259,991.0,49.0,0.0494,341.85,C,Abandoned Rate
May,15,19:30:00,0.4739,522.0,43.0,0.0824,359.92,C,Abandoned Rate
May,15,20:00:00,0.2424,508.0,83.0,0.1634,370.92,C,Abandoned Rate
May,15,20:30:00,0.3819,441.0,22.0,0.0499,359.05,C,Abandoned Rate
May,16,02:00:00,0.75,17.0,1.0,0.0588,381.13,C,Abandoned Rate
May,16,05:30:00,0.9333,16.0,1.0,0.0625,296.6,C,Abandoned Rate
May,16,06:30:00,0.8958,52.0,4.0,0.0769,291.88,C,Abandoned Rate
May,16,12:30:00,0.4052,973.0,45.0,0.0462,331.59,C,Abandoned Rate
May,16,15:00:00,0.4336,877.0,33.0,0.0376,339.78,C,Abandoned Rate
May,16,15:30:00,0.3235,995.0,46.0,0.0462,359.76,C,Abandoned Rate
May,17,01:00:00,0.8636,46.0,2.0,0.0435,383.3,C,Abandoned Rate
May,17,02:00:00,0.5,20.0,2.0,0.1,347.17,C,Abandoned Rate
May,17,03:00:00,1.0,10.0,2.0,0.2,516.5,C,Abandoned Rate
May,17,07:30:00,0.8132,95.0,4.0,0.0421,281.18,C,Abandoned Rate
May,17,08:30:00,0.4545,212.0,14.0,0.066,315.21,C,Abandoned Rate
May,17,09:30:00,0.3333,395.0,32.0,0.081,335.51,C,Abandoned Rate
May,17,11:30:00,0.6232,644.0,23.0,0.0357,353.55,C,Abandoned Rate
May,17,12:30:00,0.4515,629.0,31.0,0.0493,337.61,C,Abandoned Rate
May,17,14:00:00,0.5268,616.0,37.0,0.0601,342.48,C,Abandoned Rate
May,17,20:00:00,0.3309,298.0,20.0,0.0671,336.92,C,Abandoned Rate
May,17,20:30:00,0.2471,283.0,24.0,0.0848,376.41,C,Abandoned Rate
May,17,21:00:00,0.6667,219.0,9.0,0.0411,356.28,C,Abandoned Rate
May,18,01:00:00,0.9259,28.0,1.0,0.0357,329.74,C,Abandoned Rate
May,18,01:30:00,0.9655,32.0,3.0,0.0938,235.62,C,Abandoned Rate
May,18,02:00:00,0.5909,28.0,6.0,0.2143,265.55,C,Abandoned Rate
May,18,02:30:00,0.2941,28.0,11.0,0.3929,396.65,C,Abandoned Rate
May,18,03:00:00,0.7692,18.0,5.0,0.2778,348.38,C,Abandoned Rate
May,18,13:00:00,0.7284,438.0,22.0,0.0502,322.63,C,Abandoned Rate
May,18,13:30:00,0.1615,409.0,25.0,0.0611,336.53,C,Abandoned Rate
May,19,12:30:00,0.2559,1067.0,51.0,0.0478,349.54,C,Abandoned Rate
May,20,01:30:00,1.0,24.0,1.0,0.0417,336.22,C,Abandoned Rate
May,20,02:00:00,0.7143,22.0,1.0,0.0455,329.43,C,Abandoned Rate
May,20,03:00:00,1.0,15.0,1.0,0.0667,315.0,C,Abandoned Rate
May,20,05:00:00,1.0,6.0,1.0,0.1667,342.2,C,Abandoned Rate
May,20,12:30:00,0.2864,898.0,46.0,0.0512,369.05,C,Abandoned Rate
May,20,13:30:00,0.3256,925.0,68.0,0.0735,362.39,C,Abandoned Rate
May,21,02:30:00,0.9767,45.0,2.0,0.0444,173.4,C,Abandoned Rate
May,21,03:00:00,1.0,20.0,1.0,0.05,318.84,C,Abandoned Rate
May,21,06:30:00,0.9815,56.0,2.0,0.0357,246.09,C,Abandoned Rate
May,21,10:30:00,0.406,871.0,41.0,0.0471,335.35,C,Abandoned Rate
May,22,02:00:00,0.9412,18.0,1.0,0.0556,271.94,C,Abandoned Rate
May,22,04:30:00,0.4,11.0,1.0,0.0909,469.3,C,Abandoned Rate
May,22,05:00:00,0.375,19.0,3.0,0.1579,461.88,C,Abandoned Rate
May,22,05:30:00,0.8462,14.0,1.0,0.0714,268.38,C,Abandoned Rate
May,22,14:30:00,0.5354,911.0,35.0,0.0384,333.75,C,Abandoned Rate
May,22,20:00:00,0.2874,436.0,22.0,0.0505,369.4,C,Abandoned Rate
May,23,02:00:00,1.0,19.0,1.0,0.0526,434.72,C,Abandoned Rate
May,23,05:00:00,1.0,17.0,1.0,0.0588,353.31,C,Abandoned Rate
May,23,05:30:00,0.5385,17.0,4.0,0.2353,339.23,C,Abandoned Rate
May,23,15:00:00,0.8309,815.0,46.0,0.0564,354.38,C,Abandoned Rate
May,23,15:30:00,0.3446,772.0,238.0,0.3083,339.53,C,Abandoned Rate
May,23,16:00:00,0.2726,971.0,197.0,0.2029,322.12,C,Abandoned Rate
May,23,16:30:00,0.2915,876.0,56.0,0.0639,362.75,C,Abandoned Rate
May,24,14:30:00,0.3601,580.0,33.0,0.0569,331.42,C,Abandoned Rate
May,25,01:00:00,1.0,23.0,1.0,0.0435,273.55,C,Abandoned Rate
May,25,06:30:00,1.0,21.0,1.0,0.0476,228.25,C,Abandoned Rate
May,28,03:00:00,1.0,17.0,3.0,0.1765,358.14,C,Abandoned Rate
May,28,15:30:00,0.552,941.0,46.0,0.0489,374.36,C,Abandoned Rate
May,28,16:00:00,0.3502,1029.0,41.0,0.0398,353.24,C,Abandoned Rate
May,28,17:00:00,0.4753,702.0,136.0,0.1937,384.89,C,Abandoned Rate
May,28,17:30:00,0.325,882.0,165.0,0.1871,351.33,C,Abandoned Rate
May,28,18:00:00,0.3288,810.0,71.0,0.0877,373.78,C,Abandoned Rate
May,28,18:30:00,0.4725,720.0,28.0,0.0389,355.42,C,Abandoned Rate
May,29,02:00:00,0.4,22.0,2.0,0.0909,453.5,C,Abandoned Rate
May,29,04:00:00,1.0,10.0,1.0,0.1,273.22,C,Abandoned Rate
May,30,02:30:00,0.9231,14.0,1.0,0.0714,283.31,C,Abandoned Rate
May,31,02:00:00,0.6667,17.0,2.0,0.1176,498.4,C,Abandoned Rate
May,31,04:30:00,0.875,17.0,1.0,0.0588,239.38,C,Abandoned Rate
May,31,11:00:00,0.4006,657.0,28.0,0.0426,320.52,C,Abandoned Rate
May,31,11:30:00,0.2599,677.0,46.0,0.0679,336.88,C,Abandoned Rate
May,31,13:30:00,0.362,668.0,52.0,0.0778,350.74,C,Abandoned Rate
May,31,19:30:00,0.3344,333.0,16.0,0.048,335.6,C,Abandoned Rate
June,1,00:30:00,1.0,44.0,2.0,0.0455,253.45,C,Abandoned Rate
June,1,13:30:00,0.6868,497.0,0.0,0.0362,335.43,C,Abandoned Rate
June,2,02:30:00,0.75,13.0,1.0,0.0769,252.33,C,Abandoned Rate
June,2,03:00:00,0.9,12.0,2.0,0.1667,315.9,C,Abandoned Rate
June,3,07:30:00,0.7737,145.0,8.0,0.0552,289.25,C,Abandoned Rate
June,3,10:30:00,0.5755,927.0,39.0,0.0421,356.56,C,Abandoned Rate
June,3,18:30:00,0.6832,732.0,28.0,0.0383,356.42,C,Abandoned Rate
June,4,02:00:00,0.7037,29.0,2.0,0.069,442.59,C,Abandoned Rate
June,4,03:30:00,1.0,13.0,1.0,0.0769,541.17,C,Abandoned Rate
June,6,03:00:00,1.0,34.0,0.0,0.2308,452.9,C,Abandoned Rate
June,6,05:30:00,0.9524,22.0,1.0,0.0455,313.9,C,Abandoned Rate
June,6,07:30:00,0.9388,154.0,7.0,0.0455,247.11,C,Abandoned Rate
June,6,17:30:00,0.4013,778.0,28.0,0.036,347.65,C,Abandoned Rate
June,8,02:00:00,0.5,15.0,1.0,0.0667,412.36,C,Abandoned Rate
June,8,06:30:00,1.0,22.0,1.0,0.0455,263.14,C,Abandoned Rate
June,10,03:00:00,1.0,12.0,2.0,0.1667,284.5,C,Abandoned Rate
June,11,03:00:00,1.0,21.0,2.0,0.0952,293.42,C,Abandoned Rate
June,11,11:30:00,0.2959,870.0,42.0,0.0483,356.13,C,Abandoned Rate
June,12,02:00:00,0.7826,24.0,1.0,0.0417,315.83,C,Abandoned Rate
June,12,04:30:00,1.0,8.0,1.0,0.125,323.71,C,Abandoned Rate
June,13,02:30:00,0.7917,26.0,2.0,0.0769,389.21,C,Abandoned Rate
June,13,13:00:00,0.715,822.0,29.0,0.0353,337.95,C,Abandoned Rate
June,13,13:30:00,0.2783,875.0,63.0,0.072,358.91,C,Abandoned Rate
June,13,19:30:00,0.4071,445.0,25.0,0.0562,363.99,C,Abandoned Rate
June,13,20:00:00,0.2857,379.0,22.0,0.058,351.08,C,Abandoned Rate
June,13,20:30:00,0.305,358.0,17.0,0.0475,320.24,C,Abandoned Rate
June,14,13:30:00,0.2993,635.0,37.0,0.0583,334.42,C,Abandoned Rate
June,14,14:00:00,0.3291,651.0,25.0,0.0384,343.16,C,Abandoned Rate
June,15,07:30:00,1.0,50.0,2.0,0.04,269.33,C,Abandoned Rate
June,16,03:00:00,1.0,11.0,1.0,0.0909,311.6,C,Abandoned Rate
June,16,14:30:00,0.4877,1106.0,48.0,0.0434,336.28,C,Abandoned Rate
June,17,01:30:00,1.0,25.0,1.0,0.04,265.5,C,Abandoned Rate
June,17,06:30:00,1.0,48.0,3.0,0.0625,231.2,C,Abandoned Rate
June,18,01:30:00,1.0,28.0,1.0,0.0357,392.37,C,Abandoned Rate
June,18,12:30:00,0.4982,884.0,33.0,0.0373,354.93,C,Abandoned Rate
June,20,02:00:00,0.8333,19.0,1.0,0.0526,263.28,C,Abandoned Rate
June,20,02:30:00,0.5625,22.0,6.0,0.2727,448.0,C,Abandoned Rate
June,20,03:00:00,1.0,9.0,1.0,0.1111,807.75,C,Abandoned Rate
June,20,06:30:00,0.9565,73.0,4.0,0.0548,306.94,C,Abandoned Rate
June,20,07:30:00,0.7661,180.0,9.0,0.05,288.74,C,Abandoned Rate
June,20,08:00:00,0.5865,324.0,12.0,0.037,314.57,C,Abandoned Rate
June,20,14:00:00,0.2857,891.0,23.0,0.0548,340.55,C,Abandoned Rate
June,20,14:30:00,0.3109,891.0,23.0,0.0954,364.5,C,Abandoned Rate
June,20,18:00:00,0.9435,719.0,47.0,0.0654,351.65,C,Abandoned Rate
June,20,19:00:00,0.7784,578.0,23.0,0.0398,342.9,C,Abandoned Rate
June,20,19:30:00,0.5936,521.0,51.0,0.0979,318.09,C,Abandoned Rate
June,20,20:00:00,0.222,508.0,71.0,0.1398,358.06,C,Abandoned Rate
June,20,20:30:00,0.2483,464.0,33.0,0.0711,338.34,C,Abandoned Rate
June,20,21:30:00,0.8924,266.0,15.0,0.0564,303.19,C,Abandoned Rate
June,21,04:00:00,0.9231,14.0,1.0,0.0714,457.0,C,Abandoned Rate
June,21,19:30:00,0.5906,311.0,13.0,0.0418,338.98,C,Abandoned Rate
June,22,01:00:00,0.8636,23.0,1.0,0.0435,292.59,C,Abandoned Rate
June,22,03:00:00,1.0,16.0,5.0,0.3125,433.82,C,Abandoned Rate
June,22,06:30:00,1.0,23.0,1.0,0.0435,211.59,C,Abandoned Rate
June,23,01:30:00,1.0,27.0,1.0,0.037,342.5,C,Abandoned Rate
June,23,03:00:00,1.0,8.0,1.0,0.125,392.86,C,Abandoned Rate
June,23,05:30:00,0.8125,18.0,2.0,0.1111,384.69,C,Abandoned Rate
June,23,12:30:00,0.3272,1091.0,55.0,0.0504,350.07,C,Abandoned Rate
June,24,03:00:00,1.0,10.0,1.0,0.1,264.0,C,Abandoned Rate
June,24,06:00:00,1.0,32.0,2.0,0.0625,196.0,C,Abandoned Rate
June,25,02:00:00,0.875,18.0,2.0,0.1111,357.25,C,Abandoned Rate
June,25,19:00:00,0.4953,560.0,31.0,0.0554,372.75,C,Abandoned Rate
June,25,19:30:00,0.193,541.0,54.0,0.0998,366.08,C,Abandoned Rate
June,26,02:00:00,0.4,24.0,4.0,0.1667,209.05,C,Abandoned Rate
June,26,12:30:00,0.4409,861.0,49.0,0.0569,333.17,C,Abandoned Rate
June,26,18:00:00,0.323,652.0,42.0,0.0644,349.1,C,Abandoned Rate
June,26,18:30:00,0.3941,637.0,28.0,0.044,349.67,C,Abandoned Rate
June,26,22:00:00,0.5179,267.0,16.0,0.0599,293.16,C,Abandoned Rate
June,27,02:30:00,0.6364,26.0,4.0,0.1538,348.41,C,Abandoned Rate
June,27,04:30:00,0.9375,17.0,1.0,0.0588,278.94,C,Abandoned Rate
June,27,06:30:00,0.9512,43.0,2.0,0.0465,314.15,C,Abandoned Rate
June,27,20:00:00,0.4725,384.0,20.0,0.0521,340.68,C,Abandoned Rate
June,28,00:00:00,0.7833,63.0,3.0,0.0476,361.12,C,Abandoned Rate
June,28,01:00:00,0.6977,48.0,5.0,0.1042,280.19,C,Abandoned Rate
June,28,04:30:00,0.75,9.0,1.0,0.1111,316.38,C,Abandoned Rate
June,28,09:30:00,0.3437,379.0,24.0,0.0633,334.71,C,Abandoned Rate
June,28,11:30:00,0.55,613.0,33.0,0.0538,333.26,C,Abandoned Rate
June,28,12:00:00,0.29,664.0,33.0,0.0497,324.34,C,Abandoned Rate
June,28,12:30:00,0.2871,632.0,33.0,0.0522,327.77,C,Abandoned Rate
June,28,13:00:00,0.3981,662.0,24.0,0.0363,359.84,C,Abandoned Rate
June,28,13:30:00,0.3163,614.0,26.0,0.0423,306.37,C,Abandoned Rate
June,28,19:00:00,0.568,347.0,16.0,0.0461,342.1,C,Abandoned Rate
June,28,19:30:00,0.226,356.0,33.0,0.0927,333.59,C,Abandoned Rate
June,29,06:30:00,0.9048,25.0,4.0,0.16,284.38,C,Abandoned Rate
June,29,07:00:00,0.8367,25.0,4.0,0.16,284.38,C,Abandoned Rate
June,29,07:30:00,0.9831,25.0,4.0,0.16,284.38,C,Abandoned Rate
June,29,08:00:00,1.0,25.0,4.0,0.16,284.38,C,Abandoned Rate
June,29,08:30:00,0.993,25.0,4.0,0.16,284.38,C,Abandoned Rate
June,29,09:00:00,1.0,25.0,4.0,0.16,284.38,C,Abandoned Rate
June,29,09:30:00,1.0,25.0,4.0,0.16,284.38,C,Abandoned Rate
June,29,10:00:00,0.9862,25.0,4.0,0.16,284.38,C,Abandoned Rate
June,30,01:30:00,1.0,22.0,1.0,0.0455,344.24,C,Abandoned Rate
June,30,02:30:00,0.6,11.0,1.0,0.0909,359.5,C,Abandoned Rate
June,30,03:00:00,0.7143,15.0,1.0,0.0667,304.79,C,Abandoned Rate
June,30,05:30:00,1.0,12.0,2.0,0.1667,252.7,C,Abandoned Rate
June,30,10:30:00,0.6525,957.0,42.0,0.0439,340.85,C,Abandoned Rate
June,30,14:30:00,0.267,1059.0,59.0,0.0557,356.63,C,Abandoned Rate
April,2,01:30:00,1.0,18.0,1.0,0.0556,305.71,D,Abandoned Rate
April,2,02:30:00,1.0,10.0,1.0,0.1,363.11,D,Abandoned Rate
April,3,06:30:00,0.875,18.0,2.0,0.1111,290.13,D,Abandoned Rate
April,4,02:00:00,0.9333,18.0,3.0,0.1667,294.07,D,Abandoned Rate
April,4,06:30:00,1.0,25.0,1.0,0.04,242.17,D,Abandoned Rate
April,4,09:30:00,0.6387,325.0,15.0,0.0462,303.44,D,Abandoned Rate
April,5,07:00:00,1.0,19.0,1.0,0.0526,215.39,D,Abandoned Rate
April,5,14:30:00,0.5974,397.0,17.0,0.0428,305.6,D,Abandoned Rate
April,6,01:00:00,1.0,17.0,1.0,0.0588,392.56,D,Abandoned Rate
April,6,03:00:00,1.0,2.0,1.0,0.5,261.0,D,Abandoned Rate
April,6,03:30:00,1.0,0.0,0.0,0.5,261.0,D,Abandoned Rate
April,6,04:00:00,1.0,0.0,0.0,0.5,261.0,D,Abandoned Rate
April,6,04:30:00,1.0,0.0,0.0,0.5,261.0,D,Abandoned Rate
April,6,05:00:00,1.0,0.0,0.0,0.5,261.0,D,Abandoned Rate
April,6,05:30:00,1.0,0.0,0.0,0.5,261.0,D,Abandoned Rate
April,6,10:30:00,0.7365,157.0,9.0,0.0573,308.89,D,Abandoned Rate
April,6,23:30:00,1.0,26.0,1.0,0.0385,394.8,D,Abandoned Rate
April,7,03:00:00,1.0,6.0,1.0,0.1667,351.6,D,Abandoned Rate
April,9,10:30:00,0.4776,405.0,26.0,0.0642,330.77,D,Abandoned Rate
April,9,21:00:00,0.4583,188.0,20.0,0.1064,324.39,D,Abandoned Rate
April,10,02:00:00,0.5,16.0,2.0,0.125,287.0,D,Abandoned Rate
April,10,06:30:00,0.7692,15.0,2.0,0.1333,316.77,D,Abandoned Rate
April,10,07:30:00,0.9792,50.0,2.0,0.04,287.13,D,Abandoned Rate
April,10,09:30:00,0.67,311.0,11.0,0.0354,318.07,D,Abandoned Rate
April,10,15:30:00,0.7155,474.0,17.0,0.0359,327.02,D,Abandoned Rate
April,10,19:30:00,0.5993,428.0,2.0,0.0355,324.32,D,Abandoned Rate
April,11,01:30:00,1.0,20.0,1.0,0.05,348.32,D,Abandoned Rate
April,11,03:00:00,0.8,6.0,1.0,0.1667,265.4,D,Abandoned Rate
April,11,06:30:00,0.5714,27.0,6.0,0.2222,247.62,D,Abandoned Rate
April,11,07:30:00,0.4464,60.0,4.0,0.0667,313.16,D,Abandoned Rate
April,11,10:30:00,0.7265,389.0,16.0,0.0411,296.63,D,Abandoned Rate
April,11,12:00:00,0.6522,592.0,40.0,0.0676,303.78,D,Abandoned Rate
April,11,14:30:00,0.3664,507.0,43.0,0.0848,356.61,D,Abandoned Rate
April,11,15:00:00,0.5821,491.0,34.0,0.0692,341.74,D,Abandoned Rate
April,11,16:30:00,0.9087,506.0,24.0,0.0474,314.34,D,Abandoned Rate
April,11,19:00:00,0.6786,263.0,11.0,0.0418,358.43,D,Abandoned Rate
April,12,01:00:00,1.0,23.0,1.0,0.0435,422.27,D,Abandoned Rate
April,12,10:30:00,0.2851,267.0,32.0,0.1199,307.96,D,Abandoned Rate
April,13,10:30:00,0.587,147.0,9.0,0.0612,310.05,D,Abandoned Rate
April,13,12:00:00,0.5969,202.0,11.0,0.0545,301.32,D,Abandoned Rate
April,13,21:00:00,0.4512,92.0,10.0,0.1087,370.71,D,Abandoned Rate
April,13,23:30:00,0.9697,35.0,2.0,0.0571,347.91,D,Abandoned Rate
April,14,17:30:00,0.694,474.0,23.0,0.0485,346.24,D,Abandoned Rate
April,14,19:30:00,0.7021,308.0,16.0,0.0519,320.57,D,Abandoned Rate
April,14,20:00:00,0.4394,283.0,19.0,0.0671,364.43,D,Abandoned Rate
April,15,02:00:00,0.7,11.0,1.0,0.0909,309.3,D,Abandoned Rate
April,15,15:30:00,0.6057,558.0,33.0,0.0591,362.95,D,Abandoned Rate
April,16,07:30:00,1.0,69.0,3.0,0.0435,283.8,D,Abandoned Rate
April,17,09:30:00,0.6707,260.0,11.0,0.0423,292.02,D,Abandoned Rate
April,17,22:00:00,0.6852,112.0,4.0,0.0357,324.61,D,Abandoned Rate
April,18,06:30:00,0.7895,20.0,1.0,0.05,206.95,D,Abandoned Rate
April,18,15:30:00,0.7577,372.0,17.0,0.0457,337.23,D,Abandoned Rate
April,18,16:00:00,0.7225,452.0,16.0,0.0354,349.46,D,Abandoned Rate
April,18,21:30:00,0.6174,120.0,5.0,0.0417,376.04,D,Abandoned Rate
April,19,01:30:00,0.9583,26.0,2.0,0.0769,271.88,D,Abandoned Rate
April,19,02:00:00,0.875,17.0,1.0,0.0588,288.25,D,Abandoned Rate
April,19,10:30:00,0.7928,231.0,9.0,0.039,270.67,D,Abandoned Rate
April,19,14:00:00,0.5117,313.0,14.0,0.0447,299.94,D,Abandoned Rate
April,20,06:00:00,1.0,4.0,1.0,0.25,169.33,D,Abandoned Rate
April,20,13:30:00,0.9388,102.0,4.0,0.0392,338.76,D,Abandoned Rate
April,20,22:00:00,0.9792,53.0,5.0,0.0943,300.88,D,Abandoned Rate
April,21,03:00:00,1.0,7.0,1.0,0.1429,406.67,D,Abandoned Rate
April,21,04:30:00,0.6667,4.0,1.0,0.25,260.67,D,Abandoned Rate
April,21,13:30:00,0.8042,480.0,56.0,0.1167,376.32,D,Abandoned Rate
April,21,14:00:00,0.5023,534.0,92.0,0.1723,373.25,D,Abandoned Rate
April,21,14:30:00,0.5373,520.0,198.0,0.3808,330.38,D,Abandoned Rate
April,21,15:00:00,0.4895,652.0,127.0,0.1948,329.86,D,Abandoned Rate
April,21,15:30:00,0.4796,615.0,50.0,0.0813,328.29,D,Abandoned Rate
April,22,06:30:00,0.8947,20.0,1.0,0.05,260.0,D,Abandoned Rate
April,22,10:30:00,0.4761,437.0,19.0,0.0435,310.6,D,Abandoned Rate
April,22,12:30:00,0.3162,547.0,41.0,0.075,360.88,D,Abandoned Rate
April,22,17:30:00,0.3402,434.0,43.0,0.0991,354.19,D,Abandoned Rate
April,23,09:30:00,0.9033,313.0,13.0,0.0415,300.55,D,Abandoned Rate
April,23,10:00:00,0.6491,339.0,17.0,0.0501,320.07,D,Abandoned Rate
April,23,10:30:00,0.3779,377.0,33.0,0.0875,321.47,D,Abandoned Rate
April,23,11:00:00,0.5558,463.0,24.0,0.0518,303.56,D,Abandoned Rate
April,24,06:30:00,0.8788,35.0,2.0,0.0571,261.85,D,Abandoned Rate
April,24,11:00:00,0.5461,416.0,15.0,0.0361,341.17,D,Abandoned Rate
April,24,19:00:00,0.6022,284.0,15.0,0.0528,302.5,D,Abandoned Rate
April,24,19:30:00,0.6651,226.0,11.0,0.0487,324.13,D,Abandoned Rate
April,25,00:00:00,1.0,28.0,1.0,0.0357,256.0,D,Abandoned Rate
April,25,01:00:00,0.2,18.0,3.0,0.1667,212.87,D,Abandoned Rate
April,25,01:30:00,0.0833,13.0,1.0,0.0769,263.75,D,Abandoned Rate
April,25,06:30:00,0.9375,17.0,1.0,0.0588,295.13,D,Abandoned Rate
April,25,09:30:00,0.4494,291.0,24.0,0.0825,300.76,D,Abandoned Rate
April,25,10:00:00,0.6279,402.0,15.0,0.0373,337.32,D,Abandoned Rate
April,25,14:00:00,0.5737,500.0,52.0,0.104,317.98,D,Abandoned Rate
April,25,14:30:00,0.5941,492.0,19.0,0.0386,336.61,D,Abandoned Rate
April,25,15:30:00,0.6116,461.0,31.0,0.0672,325.29,D,Abandoned Rate
April,25,16:00:00,0.5366,525.0,20.0,0.0381,320.36,D,Abandoned Rate
April,25,17:30:00,0.5398,429.0,27.0,0.0629,354.79,D,Abandoned Rate
April,25,21:00:00,0.5903,161.0,17.0,0.1056,328.99,D,Abandoned Rate
April,25,21:30:00,0.5359,165.0,12.0,0.0727,355.84,D,Abandoned Rate
April,26,03:00:00,1.0,6.0,1.0,0.1667,701.8,D,Abandoned Rate
April,26,03:30:00,1.0,0.0,0.0,0.1667,701.8,D,Abandoned Rate
April,26,04:30:00,1.0,0.0,0.0,0.1667,701.8,D,Abandoned Rate
April,26,05:00:00,1.0,0.0,0.0,0.1667,701.8,D,Abandoned Rate
April,26,08:30:00,0.9444,18.0,5.0,0.0431,324.99,D,Abandoned Rate
April,26,09:30:00,0.9444,18.0,9.0,0.0566,292.21,D,Abandoned Rate
April,26,20:00:00,0.7619,176.0,8.0,0.0455,328.32,D,Abandoned Rate
April,26,21:00:00,0.6759,123.0,15.0,0.122,331.36,D,Abandoned Rate
April,27,10:00:00,0.8421,102.0,7.0,0.0686,306.53,D,Abandoned Rate
April,27,10:30:00,0.4343,118.0,19.0,0.161,322.95,D,Abandoned Rate
April,27,14:00:00,0.7118,240.0,11.0,0.0458,311.8,D,Abandoned Rate
April,27,16:30:00,0.6836,185.0,8.0,0.0432,308.2,D,Abandoned Rate
April,27,23:30:00,1.0,28.0,2.0,0.0714,365.46,D,Abandoned Rate
April,28,09:30:00,0.4262,312.0,14.0,0.0449,306.29,D,Abandoned Rate
April,28,20:30:00,0.6295,265.0,14.0,0.0528,395.16,D,Abandoned Rate
April,29,01:30:00,1.0,19.0,2.0,0.1053,506.35,D,Abandoned Rate
April,29,14:30:00,0.4374,465.0,26.0,0.0559,347.7,D,Abandoned Rate
April,29,16:30:00,0.557,470.0,23.0,0.0489,333.7,D,Abandoned Rate
April,29,20:00:00,0.6382,212.0,13.0,0.0613,350.83,D,Abandoned Rate
April,29,21:00:00,0.7445,146.0,9.0,0.0616,347.21,D,Abandoned Rate
April,30,08:30:00,0.3918,220.0,49.0,0.2227,350.17,D,Abandoned Rate
April,30,09:00:00,0.6028,307.0,20.0,0.0651,302.97,D,Abandoned Rate
April,30,09:30:00,0.7113,302.0,18.0,0.0596,326.82,D,Abandoned Rate
April,30,10:00:00,0.4766,407.0,44.0,0.1081,317.84,D,Abandoned Rate
April,30,10:30:00,0.5931,453.0,18.0,0.0397,325.57,D,Abandoned Rate
April,30,19:00:00,0.6397,285.0,13.0,0.0456,312.22,D,Abandoned Rate
May,1,06:00:00,0.875,17.0,1.0,0.0588,224.31,D,Abandoned Rate
May,1,12:00:00,0.5904,77.0,1.0,0.0714,345.95,D,Abandoned Rate
May,1,19:30:00,0.6655,294.0,13.0,0.0442,327.83,D,Abandoned Rate
May,1,20:00:00,0.6429,263.0,11.0,0.0418,307.49,D,Abandoned Rate
May,1,21:00:00,0.7725,200.0,11.0,0.055,324.17,D,Abandoned Rate
May,2,01:30:00,0.9412,18.0,1.0,0.0556,401.76,D,Abandoned Rate
May,2,02:00:00,0.6429,15.0,1.0,0.0667,336.21,D,Abandoned Rate
May,2,06:00:00,0.9286,15.0,1.0,0.0667,264.71,D,Abandoned Rate
May,2,06:30:00,0.8438,36.0,4.0,0.1111,263.84,D,Abandoned Rate
May,2,10:30:00,0.5877,474.0,18.0,0.038,316.93,D,Abandoned Rate
May,2,11:00:00,0.3387,495.0,61.0,0.1232,339.01,D,Abandoned Rate
May,2,11:30:00,0.6318,540.0,24.0,0.0444,311.92,D,Abandoned Rate
May,2,13:30:00,0.6435,556.0,23.0,0.0414,305.74,D,Abandoned Rate
May,2,21:00:00,0.6714,158.0,18.0,0.1139,392.98,D,Abandoned Rate
May,2,21:30:00,0.5306,158.0,11.0,0.0696,343.48,D,Abandoned Rate
May,3,07:00:00,0.9615,27.0,1.0,0.037,317.27,D,Abandoned Rate
May,3,11:00:00,0.5203,360.0,16.0,0.0444,293.26,D,Abandoned Rate
May,3,13:30:00,0.6307,394.0,23.0,0.0584,298.62,D,Abandoned Rate
May,3,14:30:00,0.7209,357.0,13.0,0.0364,309.91,D,Abandoned Rate
May,4,10:30:00,0.5422,181.0,15.0,0.0829,317.52,D,Abandoned Rate
May,5,02:00:00,1.0,7.0,1.0,0.1429,578.33,D,Abandoned Rate
May,5,04:30:00,0.25,5.0,1.0,0.2,220.75,D,Abandoned Rate
May,5,08:30:00,0.8622,205.0,9.0,0.0439,312.75,D,Abandoned Rate
May,5,09:30:00,0.5925,391.0,18.0,0.046,309.41,D,Abandoned Rate
May,5,10:30:00,0.7978,469.0,19.0,0.0405,341.14,D,Abandoned Rate
May,5,11:00:00,0.391,472.0,50.0,0.1059,336.47,D,Abandoned Rate
May,6,02:00:00,1.0,11.0,1.0,0.0909,528.7,D,Abandoned Rate
May,6,06:30:00,1.0,18.0,3.0,0.1667,228.4,D,Abandoned Rate
May,7,01:00:00,1.0,18.0,1.0,0.0556,321.41,D,Abandoned Rate
May,7,06:30:00,0.9615,29.0,3.0,0.1034,280.69,D,Abandoned Rate
May,8,01:30:00,0.9844,69.0,5.0,0.0725,205.64,D,Abandoned Rate
May,8,02:00:00,0.5366,60.0,19.0,0.3167,290.05,D,Abandoned Rate
May,9,02:00:00,0.7857,17.0,3.0,0.1765,331.14,D,Abandoned Rate
May,9,06:30:00,0.8095,22.0,1.0,0.0455,217.52,D,Abandoned Rate
May,10,23:30:00,1.0,40.0,2.0,0.05,244.05,D,Abandoned Rate
May,11,01:00:00,1.0,19.0,1.0,0.0526,286.56,D,Abandoned Rate
May,12,03:30:00,0.6,6.0,1.0,0.1667,298.8,D,Abandoned Rate
May,12,05:00:00,1.0,3.0,1.0,0.3333,406.5,D,Abandoned Rate
May,12,06:30:00,0.9286,15.0,1.0,0.0667,222.29,D,Abandoned Rate
May,12,09:30:00,0.6534,288.0,11.0,0.0382,313.4,D,Abandoned Rate
May,12,10:00:00,0.3528,376.0,33.0,0.0878,310.8,D,Abandoned Rate
May,12,10:30:00,0.4459,504.0,42.0,0.0833,318.16,D,Abandoned Rate
May,12,12:00:00,0.4264,549.0,26.0,0.0474,339.37,D,Abandoned Rate
May,12,12:30:00,0.4733,528.0,23.0,0.0436,327.15,D,Abandoned Rate
May,12,14:30:00,0.5586,535.0,23.0,0.043,332.57,D,Abandoned Rate
May,13,19:00:00,0.8632,451.0,5.0,0.0375,330.61,D,Abandoned Rate
May,14,03:30:00,0.75,5.0,1.0,0.2,287.5,D,Abandoned Rate
May,14,04:30:00,1.0,4.0,3.0,0.75,517.0,D,Abandoned Rate
May,14,05:00:00,0.6667,5.0,2.0,0.4,567.67,D,Abandoned Rate
May,14,06:30:00,0.8182,23.0,1.0,0.0435,314.77,D,Abandoned Rate
May,14,10:30:00,0.3353,392.0,49.0,0.125,312.23,D,Abandoned Rate
May,14,13:30:00,0.563,489.0,29.0,0.0593,326.81,D,Abandoned Rate
May,14,14:30:00,0.6593,564.0,21.0,0.0372,329.38,D,Abandoned Rate
May,14,21:00:00,0.5741,182.0,20.0,0.1099,326.23,D,Abandoned Rate
May,14,21:30:00,0.4626,156.0,9.0,0.0577,359.35,D,Abandoned Rate
May,15,03:00:00,1.0,3.0,1.0,0.3333,472.5,D,Abandoned Rate
May,15,03:30:00,1.0,0.0,0.0,0.3333,472.5,D,Abandoned Rate
May,15,04:00:00,1.0,0.0,0.0,0.3333,472.5,D,Abandoned Rate
May,15,04:30:00,1.0,0.0,0.0,0.3333,472.5,D,Abandoned Rate
May,15,12:30:00,0.6607,468.0,23.0,0.0491,310.22,D,Abandoned Rate
May,15,14:00:00,0.7477,459.0,19.0,0.0414,346.33,D,Abandoned Rate
May,15,14:30:00,0.3495,487.0,55.0,0.1129,316.69,D,Abandoned Rate
May,15,19:00:00,0.7315,319.0,21.0,0.0658,334.34,D,Abandoned Rate
May,15,19:30:00,0.4007,313.0,16.0,0.0511,328.25,D,Abandoned Rate
May,16,03:00:00,0.5,5.0,1.0,0.2,224.75,D,Abandoned Rate
May,16,03:30:00,1.0,5.0,2.0,0.4,224.67,D,Abandoned Rate
May,16,04:00:00,1.0,4.0,1.0,0.25,241.0,D,Abandoned Rate
May,16,04:30:00,0.75,5.0,1.0,0.2,306.5,D,Abandoned Rate
May,16,05:00:00,0.75,14.0,2.0,0.1429,271.58,D,Abandoned Rate
May,16,06:00:00,0.8571,8.0,1.0,0.125,198.43,D,Abandoned Rate
May,16,06:30:00,0.5217,26.0,3.0,0.1154,217.7,D,Abandoned Rate
May,16,07:00:00,0.8571,44.0,2.0,0.0455,215.5,D,Abandoned Rate
May,16,08:30:00,0.7,171.0,11.0,0.0643,334.35,D,Abandoned Rate
May,16,10:30:00,0.6785,371.0,32.0,0.0863,329.74,D,Abandoned Rate
May,16,11:00:00,0.4207,442.0,26.0,0.0588,314.86,D,Abandoned Rate
May,16,13:00:00,0.5899,436.0,19.0,0.0436,311.65,D,Abandoned Rate
May,16,14:30:00,0.5195,465.0,55.0,0.1183,320.08,D,Abandoned Rate
May,16,15:30:00,0.617,457.0,34.0,0.0744,328.7,D,Abandoned Rate
May,16,20:00:00,0.743,222.0,8.0,0.036,291.69,D,Abandoned Rate
May,16,21:00:00,0.6479,158.0,16.0,0.1013,331.04,D,Abandoned Rate
May,16,21:30:00,0.5105,153.0,10.0,0.0654,296.91,D,Abandoned Rate
May,16,22:30:00,0.6322,94.0,7.0,0.0745,335.84,D,Abandoned Rate
May,17,07:00:00,0.9583,26.0,2.0,0.0769,274.42,D,Abandoned Rate
May,17,09:30:00,0.436,181.0,9.0,0.0497,262.18,D,Abandoned Rate
May,17,10:00:00,0.4632,240.0,9.0,0.0375,310.03,D,Abandoned Rate
May,17,12:30:00,0.5563,301.0,17.0,0.0565,308.55,D,Abandoned Rate
May,17,13:00:00,0.6024,350.0,18.0,0.0514,306.86,D,Abandoned Rate
May,17,14:30:00,0.4455,337.0,25.0,0.0742,305.25,D,Abandoned Rate
May,17,20:30:00,0.8527,134.0,5.0,0.0373,337.73,D,Abandoned Rate
May,18,01:30:00,0.9318,47.0,3.0,0.0638,232.14,D,Abandoned Rate
May,18,06:30:00,0.6667,7.0,1.0,0.1429,363.17,D,Abandoned Rate
May,18,09:00:00,0.6437,97.0,10.0,0.1031,316.72,D,Abandoned Rate
May,18,14:30:00,0.6718,205.0,10.0,0.0488,293.32,D,Abandoned Rate
May,18,22:00:00,0.8696,72.0,3.0,0.0417,411.97,D,Abandoned Rate
May,19,03:30:00,0.5,5.0,1.0,0.2,397.75,D,Abandoned Rate
May,19,04:00:00,0.6,6.0,1.0,0.1667,342.2,D,Abandoned Rate
May,19,12:30:00,0.3415,538.0,46.0,0.0855,348.03,D,Abandoned Rate
May,20,01:30:00,1.0,12.0,1.0,0.0833,262.82,D,Abandoned Rate
May,20,11:30:00,0.8858,447.0,18.0,0.0403,316.71,D,Abandoned Rate
May,20,12:30:00,0.7305,468.0,19.0,0.0406,349.77,D,Abandoned Rate
May,20,13:30:00,0.5203,406.0,110.0,0.2709,384.88,D,Abandoned Rate
May,20,14:00:00,0.5146,559.0,46.0,0.0823,340.48,D,Abandoned Rate
May,21,02:30:00,1.0,23.0,2.0,0.087,320.52,D,Abandoned Rate
May,21,06:30:00,1.0,19.0,5.0,0.2632,242.93,D,Abandoned Rate
May,21,10:30:00,0.5467,400.0,25.0,0.0625,337.28,D,Abandoned Rate
May,21,12:30:00,0.5281,484.0,22.0,0.0455,346.39,D,Abandoned Rate
May,22,04:30:00,1.0,1.0,1.0,1.0,742.5,D,Abandoned Rate
May,22,05:00:00,1.0,0.0,0.0,1.0,742.5,D,Abandoned Rate
May,22,05:30:00,1.0,0.0,0.0,1.0,742.5,D,Abandoned Rate
May,22,06:30:00,0.85,22.0,2.0,0.0909,279.15,D,Abandoned Rate
May,22,09:30:00,0.7143,272.0,13.0,0.0478,316.3,D,Abandoned Rate
May,22,13:30:00,0.4298,500.0,30.0,0.06,324.96,D,Abandoned Rate
May,23,01:30:00,1.0,9.0,1.0,0.1111,235.38,D,Abandoned Rate
May,23,06:30:00,0.8235,18.0,1.0,0.0556,259.59,D,Abandoned Rate
May,23,07:00:00,0.9697,36.0,3.0,0.0833,321.85,D,Abandoned Rate
May,23,15:00:00,0.8309,374.0,37.0,0.0989,366.44,D,Abandoned Rate
May,23,15:30:00,0.6512,387.0,172.0,0.4444,358.95,D,Abandoned Rate
May,23,16:00:00,0.4694,605.0,147.0,0.243,277.4,D,Abandoned Rate
May,23,16:30:00,0.4758,511.0,36.0,0.0705,308.63,D,Abandoned Rate
May,23,21:30:00,0.8062,136.0,7.0,0.0515,280.92,D,Abandoned Rate
May,24,06:30:00,0.8,11.0,1.0,0.0909,244.7,D,Abandoned Rate
May,24,14:30:00,0.4233,354.0,28.0,0.0791,298.77,D,Abandoned Rate
May,27,00:00:00,1.0,28.0,1.0,0.0357,256.0,D,Abandoned Rate
May,27,02:00:00,0.9,13.0,3.0,0.2308,261.1,D,Abandoned Rate
May,27,11:30:00,0.63,450.0,23.0,0.0511,329.31,D,Abandoned Rate
May,27,13:00:00,0.5,497.0,19.0,0.0382,307.26,D,Abandoned Rate
May,27,15:30:00,0.4175,521.0,42.0,0.0806,333.66,D,Abandoned Rate
May,27,20:00:00,0.5285,285.0,22.0,0.0772,324.03,D,Abandoned Rate
May,27,21:30:00,0.538,171.0,13.0,0.076,346.53,D,Abandoned Rate
May,27,22:00:00,0.4959,129.0,6.0,0.0465,417.66,D,Abandoned Rate
May,28,02:00:00,1.0,12.0,1.0,0.0833,344.27,D,Abandoned Rate
May,28,03:00:00,1.0,6.0,1.0,0.1667,280.8,D,Abandoned Rate
May,28,04:30:00,1.0,1.0,1.0,1.0,797.0,D,Abandoned Rate
May,28,05:00:00,1.0,0.0,0.0,1.0,797.0,D,Abandoned Rate
May,28,06:30:00,0.8889,23.0,5.0,0.2174,235.56,D,Abandoned Rate
May,28,10:30:00,0.63,388.0,15.0,0.0387,315.14,D,Abandoned Rate
May,28,13:00:00,0.6651,465.0,26.0,0.0559,333.18,D,Abandoned Rate
May,28,17:00:00,0.6182,342.0,122.0,0.3567,381.02,D,Abandoned Rate
May,28,17:30:00,0.4453,508.0,124.0,0.2441,299.87,D,Abandoned Rate
May,28,18:00:00,0.3333,428.0,41.0,0.0958,309.41,D,Abandoned Rate
May,29,08:30:00,0.6863,160.0,7.0,0.0438,284.8,D,Abandoned Rate
May,29,10:30:00,0.7912,353.0,13.0,0.0368,302.01,D,Abandoned Rate
May,29,14:00:00,0.7112,474.0,17.0,0.0359,307.69,D,Abandoned Rate
May,30,01:00:00,1.0,22.0,1.0,0.0455,377.1,D,Abandoned Rate
May,30,03:00:00,1.0,4.0,1.0,0.25,490.33,D,Abandoned Rate
May,30,03:30:00,1.0,0.0,0.0,0.25,490.33,D,Abandoned Rate
May,30,04:00:00,1.0,0.0,0.0,0.25,490.33,D,Abandoned Rate
May,30,04:30:00,1.0,0.0,0.0,0.25,490.33,D,Abandoned Rate
May,30,05:00:00,1.0,0.0,0.0,0.25,490.33,D,Abandoned Rate
May,30,05:30:00,1.0,0.0,0.0,0.25,490.33,D,Abandoned Rate
May,30,17:30:00,0.5154,380.0,23.0,0.0605,318.43,D,Abandoned Rate
May,31,00:30:00,0.96,26.0,1.0,0.0385,350.88,D,Abandoned Rate
May,31,02:00:00,1.0,8.0,1.0,0.125,242.43,D,Abandoned Rate
May,31,06:30:00,1.0,11.0,1.0,0.0909,256.2,D,Abandoned Rate
May,31,09:30:00,0.523,181.0,7.0,0.0387,280.11,D,Abandoned Rate
May,31,10:30:00,0.4319,255.0,42.0,0.1647,299.29,D,Abandoned Rate
May,31,11:00:00,0.7053,317.0,15.0,0.0473,321.12,D,Abandoned Rate
May,31,14:30:00,0.4742,344.0,15.0,0.0436,311.12,D,Abandoned Rate
June,1,10:30:00,0.5355,166.0,11.0,0.0663,358.92,D,Abandoned Rate
June,2,00:30:00,1.0,24.0,1.0,0.0417,284.52,D,Abandoned Rate
June,2,02:30:00,1.0,11.0,1.0,0.0909,280.4,D,Abandoned Rate
June,2,04:00:00,0.5,9.0,1.0,0.1111,154.0,D,Abandoned Rate
June,2,04:30:00,0.6667,5.0,2.0,0.4,144.0,D,Abandoned Rate
June,2,05:00:00,0.7778,10.0,1.0,0.1,427.22,D,Abandoned Rate
June,2,06:00:00,1.0,20.0,2.0,0.1,236.17,D,Abandoned Rate
June,2,06:30:00,0.9583,25.0,1.0,0.04,228.71,D,Abandoned Rate
June,2,09:30:00,0.5836,367.0,14.0,0.0381,312.61,D,Abandoned Rate
June,2,12:00:00,0.7424,546.0,22.0,0.0403,328.8,D,Abandoned Rate
June,3,02:00:00,1.0,17.0,1.0,0.0588,295.13,D,Abandoned Rate
June,3,06:30:00,1.0,30.0,2.0,0.0667,228.18,D,Abandoned Rate
June,4,03:00:00,1.0,4.0,1.0,0.25,388.33,D,Abandoned Rate
June,4,03:30:00,1.0,0.0,0.0,0.25,388.33,D,Abandoned Rate
June,4,13:00:00,0.5277,514.0,27.0,0.0525,338.45,D,Abandoned Rate
June,4,21:00:00,0.7059,195.0,8.0,0.041,344.55,D,Abandoned Rate
June,5,02:00:00,1.0,14.0,1.0,0.0714,303.15,D,Abandoned Rate
June,5,06:30:00,0.8947,23.0,4.0,0.1739,248.68,D,Abandoned Rate
June,5,13:00:00,0.5751,489.0,23.0,0.047,341.59,D,Abandoned Rate
June,5,20:00:00,0.6009,238.0,20.0,0.084,336.71,D,Abandoned Rate
June,6,06:30:00,1.0,25.0,2.0,0.08,190.74,D,Abandoned Rate
June,6,07:30:00,1.0,79.0,3.0,0.038,274.01,D,Abandoned Rate
June,6,08:30:00,0.6989,184.0,8.0,0.0435,267.32,D,Abandoned Rate
June,6,09:30:00,0.7321,298.0,18.0,0.0604,313.76,D,Abandoned Rate
June,6,10:30:00,0.6685,386.0,15.0,0.0389,304.64,D,Abandoned Rate
June,6,13:00:00,0.7009,474.0,26.0,0.0549,334.55,D,Abandoned Rate
June,6,21:00:00,0.6452,138.0,14.0,0.1014,317.44,D,Abandoned Rate
June,7,06:00:00,1.0,8.0,3.0,0.375,357.6,D,Abandoned Rate
June,7,06:30:00,0.9231,15.0,2.0,0.1333,311.85,D,Abandoned Rate
June,7,14:30:00,0.5506,334.0,18.0,0.0539,313.57,D,Abandoned Rate
June,7,21:00:00,0.7982,119.0,5.0,0.042,287.84,D,Abandoned Rate
June,8,07:30:00,0.9615,28.0,2.0,0.0714,224.31,D,Abandoned Rate
June,8,10:30:00,0.6863,160.0,7.0,0.0438,274.56,D,Abandoned Rate
June,8,15:30:00,0.5934,195.0,13.0,0.0667,299.41,D,Abandoned Rate
June,8,20:00:00,0.8374,132.0,9.0,0.0682,358.77,D,Abandoned Rate
June,9,00:00:00,1.0,27.0,1.0,0.037,320.31,D,Abandoned Rate
June,9,01:30:00,1.0,22.0,1.0,0.0455,297.76,D,Abandoned Rate
June,9,02:30:00,1.0,6.0,1.0,0.1667,680.2,D,Abandoned Rate
June,9,03:30:00,0.75,5.0,1.0,0.2,311.0,D,Abandoned Rate
June,9,10:30:00,0.5085,429.0,16.0,0.0373,303.88,D,Abandoned Rate
June,9,19:30:00,0.4922,346.0,27.0,0.078,335.94,D,Abandoned Rate
June,9,20:00:00,0.6601,321.0,15.0,0.0467,319.38,D,Abandoned Rate
June,10,00:00:00,1.0,45.0,2.0,0.0444,268.86,D,Abandoned Rate
June,10,01:30:00,1.0,18.0,1.0,0.0556,347.06,D,Abandoned Rate
June,10,02:00:00,1.0,13.0,1.0,0.0769,341.33,D,Abandoned Rate
June,10,13:00:00,0.3459,502.0,25.0,0.0498,326.94,D,Abandoned Rate
June,10,14:30:00,0.4662,502.0,25.0,0.052,335.18,D,Abandoned Rate
June,10,20:00:00,0.5323,502.0,25.0,0.0606,362.44,D,Abandoned Rate
June,11,21:00:00,0.6331,182.0,13.0,0.0714,339.17,D,Abandoned Rate
June,12,06:30:00,0.8333,19.0,1.0,0.0526,273.83,D,Abandoned Rate
June,12,07:00:00,1.0,35.0,2.0,0.0571,210.79,D,Abandoned Rate
June,13,06:30:00,0.9,22.0,2.0,0.0909,283.5,D,Abandoned Rate
June,13,19:30:00,0.8075,249.0,10.0,0.0402,329.84,D,Abandoned Rate
June,13,20:00:00,0.4677,216.0,30.0,0.1389,300.7,D,Abandoned Rate
June,13,21:00:00,0.6754,125.0,11.0,0.088,278.2,D,Abandoned Rate
June,13,21:30:00,0.5846,141.0,11.0,0.078,324.53,D,Abandoned Rate
June,14,01:30:00,1.0,12.0,1.0,0.0833,218.91,D,Abandoned Rate
June,14,06:30:00,1.0,13.0,1.0,0.0769,251.75,D,Abandoned Rate
June,14,12:30:00,0.7934,322.0,17.0,0.0528,286.09,D,Abandoned Rate
June,14,13:00:00,0.4041,325.0,33.0,0.1015,328.96,D,Abandoned Rate
June,15,16:30:00,0.75,189.0,9.0,0.0476,313.53,D,Abandoned Rate
June,16,01:30:00,1.0,15.0,1.0,0.0667,374.5,D,Abandoned Rate
June,16,02:00:00,1.0,12.0,1.0,0.0833,372.36,D,Abandoned Rate
June,16,02:30:00,0.4167,13.0,1.0,0.0769,393.17,D,Abandoned Rate
June,16,21:00:00,0.4667,185.0,20.0,0.1081,403.08,D,Abandoned Rate
June,16,21:30:00,0.5673,180.0,9.0,0.05,369.51,D,Abandoned Rate
June,17,10:30:00,0.5973,389.0,14.0,0.036,296.01,D,Abandoned Rate
June,17,19:30:00,0.5993,285.0,13.0,0.0456,325.59,D,Abandoned Rate
June,17,20:30:00,0.6404,237.0,9.0,0.038,305.92,D,Abandoned Rate
June,18,06:30:00,0.92,26.0,1.0,0.0385,296.84,D,Abandoned Rate
June,18,20:00:00,0.6933,251.0,13.0,0.0518,336.12,D,Abandoned Rate
June,18,21:00:00,0.6748,183.0,20.0,0.1093,332.99,D,Abandoned Rate
June,19,02:00:00,0.9167,14.0,2.0,0.1429,345.33,D,Abandoned Rate
June,19,06:30:00,1.0,22.0,1.0,0.0455,255.57,D,Abandoned Rate
June,19,15:30:00,0.6946,424.0,18.0,0.0425,331.59,D,Abandoned Rate
June,19,21:00:00,0.8084,174.0,7.0,0.0402,316.0,D,Abandoned Rate
June,20,02:30:00,0.75,13.0,1.0,0.0769,372.08,D,Abandoned Rate
June,20,03:00:00,1.0,3.0,1.0,0.3333,699.0,D,Abandoned Rate
June,20,06:30:00,0.7647,36.0,2.0,0.0556,280.44,D,Abandoned Rate
June,20,10:00:00,0.7217,360.0,15.0,0.0417,306.81,D,Abandoned Rate
June,20,12:00:00,0.4124,504.0,36.0,0.0714,310.68,D,Abandoned Rate
June,20,13:00:00,0.5964,465.0,24.0,0.0516,328.19,D,Abandoned Rate
June,20,13:30:00,0.4833,513.0,35.0,0.0682,332.31,D,Abandoned Rate
June,20,14:30:00,0.6474,537.0,35.0,0.0652,346.18,D,Abandoned Rate
June,20,15:00:00,0.4623,480.0,82.0,0.1708,347.99,D,Abandoned Rate
June,20,17:30:00,0.6402,497.0,19.0,0.0382,309.22,D,Abandoned Rate
June,20,18:00:00,0.7113,449.0,16.0,0.0356,311.98,D,Abandoned Rate
June,20,18:30:00,0.5286,381.0,14.0,0.0367,327.19,D,Abandoned Rate
June,20,19:00:00,0.7134,329.0,15.0,0.0456,343.58,D,Abandoned Rate
June,20,19:30:00,0.4286,305.0,32.0,0.1049,321.26,D,Abandoned Rate
June,20,20:00:00,0.2757,240.0,26.0,0.1083,311.68,D,Abandoned Rate
June,20,20:30:00,0.3445,230.0,21.0,0.0913,336.03,D,Abandoned Rate
June,20,21:00:00,0.4526,183.0,46.0,0.2514,390.01,D,Abandoned Rate
June,20,21:30:00,0.2721,164.0,17.0,0.1037,362.49,D,Abandoned Rate
June,20,22:00:00,0.6763,149.0,10.0,0.0671,284.53,D,Abandoned Rate
June,21,00:00:00,0.9231,48.0,9.0,0.1875,312.46,D,Abandoned Rate
June,21,00:30:00,0.9643,30.0,2.0,0.0667,285.46,D,Abandoned Rate
June,21,06:30:00,0.8696,24.0,1.0,0.0417,228.48,D,Abandoned Rate
June,21,07:00:00,0.9231,27.0,1.0,0.037,265.0,D,Abandoned Rate
June,21,11:30:00,0.5159,330.0,16.0,0.0485,300.06,D,Abandoned Rate
June,21,12:30:00,0.5408,330.0,36.0,0.1091,312.96,D,Abandoned Rate
June,21,13:00:00,0.6156,378.0,19.0,0.0503,297.69,D,Abandoned Rate
June,21,13:30:00,0.6648,376.0,21.0,0.0559,326.83,D,Abandoned Rate
June,22,02:00:00,1.0,10.0,1.0,0.1,359.89,D,Abandoned Rate
June,22,02:30:00,1.0,3.0,2.0,0.6667,1122.0,D,Abandoned Rate
June,22,06:00:00,1.0,5.0,1.0,0.2,377.0,D,Abandoned Rate
June,22,08:00:00,0.9697,35.0,2.0,0.0571,260.21,D,Abandoned Rate
June,22,11:00:00,1.0,146.0,7.0,0.0479,297.67,D,Abandoned Rate
June,22,11:30:00,1.0,156.0,6.0,0.0385,272.57,D,Abandoned Rate
June,23,04:00:00,0.5,3.0,1.0,0.3333,505.0,D,Abandoned Rate
June,23,05:30:00,0.1667,7.0,1.0,0.1429,410.0,D,Abandoned Rate
June,23,06:30:00,0.9,21.0,1.0,0.0476,242.8,D,Abandoned Rate
June,23,11:30:00,0.5267,471.0,21.0,0.0446,336.27,D,Abandoned Rate
June,23,21:00:00,0.8197,191.0,8.0,0.0419,316.61,D,Abandoned Rate
June,25,06:00:00,1.0,22.0,1.0,0.0455,184.0,D,Abandoned Rate
June,25,06:30:00,0.963,28.0,1.0,0.0357,288.67,D,Abandoned Rate
June,26,02:00:00,1.0,14.0,1.0,0.0714,430.38,D,Abandoned Rate
June,26,06:30:00,0.9655,31.0,2.0,0.0645,203.86,D,Abandoned Rate
June,26,19:30:00,0.6731,272.0,12.0,0.0441,300.9,D,Abandoned Rate
June,26,20:00:00,0.6376,255.0,26.0,0.102,270.5,D,Abandoned Rate
June,26,20:30:00,0.3382,234.0,27.0,0.1154,286.7,D,Abandoned Rate
June,26,21:00:00,0.6732,166.0,13.0,0.0783,353.47,D,Abandoned Rate
June,26,22:00:00,0.7305,155.0,14.0,0.0903,289.7,D,Abandoned Rate
June,27,02:00:00,0.6429,15.0,1.0,0.0667,375.43,D,Abandoned Rate
June,27,02:30:00,0.7,12.0,2.0,0.1667,343.3,D,Abandoned Rate
June,27,06:30:00,0.4286,20.0,6.0,0.3,301.5,D,Abandoned Rate
June,27,08:30:00,0.4887,151.0,18.0,0.1192,278.35,D,Abandoned Rate
June,27,10:30:00,0.6201,346.0,17.0,0.0491,311.46,D,Abandoned Rate
June,27,11:30:00,0.619,397.0,19.0,0.0479,309.63,D,Abandoned Rate
June,27,12:00:00,0.9854,413.0,19.0,0.0479,309.63,D,Abandoned Rate
June,27,12:30:00,0.881,426.0,19.0,0.0479,309.63,D,Abandoned Rate
June,27,13:00:00,0.8112,439.0,19.0,0.0479,309.63,D,Abandoned Rate
June,27,13:30:00,0.9356,421.0,19.0,0.0479,309.63,D,Abandoned Rate
June,27,14:00:00,0.5106,451.0,19.0,0.0479,309.63,D,Abandoned Rate
June,27,14:30:00,0.3659,477.0,19.0,0.0479,309.63,D,Abandoned Rate
June,27,15:00:00,0.6112,481.0,18.0,0.0374,333.16,D,Abandoned Rate
June,27,19:30:00,0.6318,248.0,9.0,0.0363,291.88,D,Abandoned Rate
June,28,06:30:00,0.6154,17.0,4.0,0.2353,293.23,D,Abandoned Rate
June,28,09:00:00,0.7514,194.0,13.0,0.067,259.2,D,Abandoned Rate
June,28,10:30:00,0.6955,255.0,12.0,0.0471,281.8,D,Abandoned Rate
June,28,11:30:00,0.6633,306.0,12.0,0.0392,305.36,D,Abandoned Rate
June,28,13:30:00,0.5068,316.0,20.0,0.0633,293.43,D,Abandoned Rate
June,28,21:00:00,0.7788,120.0,7.0,0.0583,257.12,D,Abandoned Rate
June,29,03:00:00,0.6667,4.0,1.0,0.25,300.67,D,Abandoned Rate
June,29,03:30:00,0.6667,0.0,0.0,0.25,300.67,D,Abandoned Rate
June,29,04:00:00,0.6667,0.0,0.0,0.25,300.67,D,Abandoned Rate
June,29,04:30:00,0.6667,0.0,0.0,0.25,300.67,D,Abandoned Rate
June,29,06:30:00,0.9091,12.0,1.0,0.0833,237.73,D,Abandoned Rate
June,30,02:00:00,1.0,6.0,1.0,0.1667,303.2,D,Abandoned Rate
June,30,03:00:00,0.6,7.0,2.0,0.2857,370.8,D,Abandoned Rate
June,30,12:30:00,0.5256,517.0,28.0,0.0542,330.71,D,Abandoned Rate
June,30,13:00:00,0.4135,524.0,21.0,0.0401,315.6,D,Abandoned Rate
April,1,02:00:00,1.0,1.0,0.0,0.0,667.0,A,CCT
April,1,05:00:00,1.0,4.0,0.0,0.0,59.0,A,CCT
April,2,06:00:00,1.0,1.0,0.0,0.0,1085.0,A,CCT
April,3,01:00:00,1.0,1.0,0.0,0.0,89.0,A,CCT
April,3,02:00:00,1.0,1.0,0.0,0.0,113.0,A,CCT
April,3,04:30:00,1.0,1.0,0.0,0.0,76.0,A,CCT
April,4,05:30:00,1.0,2.0,0.0,0.0,113.5,A,CCT
April,5,01:00:00,1.0,3.0,0.0,0.0,716.67,A,CCT
April,5,01:30:00,0.5,3.0,1.0,0.3333,676.5,A,CCT
April,5,02:00:00,0.5,1.0,1.0,1.0,676.5,A,CCT
April,5,02:30:00,1.0,1.0,0.0,0.0,1681.0,A,CCT
April,5,03:30:00,1.0,1.0,0.0,0.0,1013.0,A,CCT
April,5,05:30:00,1.0,2.0,0.0,0.0,113.0,A,CCT
April,6,00:00:00,0.5,2.0,0.0,0.0,762.0,A,CCT
April,6,02:00:00,1.0,1.0,0.0,0.0,21.0,A,CCT
April,6,02:30:00,1.0,0.0,0.0,0.0,21.0,A,CCT
April,6,06:30:00,1.0,1.0,0.0,0.0,106.0,A,CCT
April,7,06:30:00,1.0,1.0,0.0,0.0,53.0,A,CCT
April,7,07:30:00,1.0,6.0,0.0,0.0,540.83,A,CCT
April,7,21:30:00,1.0,20.0,0.0,0.0,548.85,A,CCT
April,7,23:30:00,1.0,6.0,0.0,0.0,613.17,A,CCT
April,8,02:30:00,1.0,1.0,0.0,0.0,2.0,A,CCT
April,9,05:00:00,1.0,1.0,0.0,0.0,549.0,A,CCT
April,9,06:30:00,1.0,1.0,0.0,0.0,117.0,A,CCT
April,11,00:00:00,1.0,3.0,0.0,0.0,566.67,A,CCT
April,11,03:30:00,1.0,5.0,0.0,0.0,52.2,A,CCT
April,11,04:00:00,1.0,3.0,0.0,0.0,40.33,A,CCT
April,11,22:30:00,0.75,13.0,9.0,0.6923,660.5,A,CCT
April,12,03:30:00,1.0,3.0,0.0,0.0,37.67,A,CCT
April,13,01:00:00,1.0,1.0,0.0,0.0,0.0,A,CCT
April,13,06:00:00,0.6667,3.0,0.0,0.0,47.67,A,CCT
April,13,06:30:00,1.0,1.0,0.0,0.0,52.0,A,CCT
April,14,00:00:00,1.0,2.0,0.0,0.0,593.0,A,CCT
April,14,02:00:00,1.0,2.0,0.0,0.0,1376.0,A,CCT
April,16,00:00:00,1.0,4.0,0.0,0.0,39.5,A,CCT
April,16,05:00:00,1.0,1.0,0.0,0.0,45.0,A,CCT
April,18,00:30:00,1.0,5.0,0.0,0.0,562.4,A,CCT
April,19,00:30:00,0.8,5.0,0.0,0.0,723.6,A,CCT
April,19,01:30:00,1.0,2.0,1.0,0.5,93.0,A,CCT
April,19,02:00:00,0.0,1.0,0.0,0.0,1920.0,A,CCT
April,19,02:30:00,1.0,3.0,0.0,0.0,113.33,A,CCT
April,19,06:00:00,1.0,1.0,0.0,0.0,546.0,A,CCT
April,19,06:30:00,1.0,0.0,0.0,0.0,546.0,A,CCT
April,19,22:30:00,1.0,8.0,0.0,0.0,510.38,A,CCT
April,19,23:30:00,1.0,2.0,0.0,0.0,71.0,A,CCT
April,20,00:00:00,1.0,2.0,0.0,0.0,1583.0,A,CCT
April,20,01:30:00,1.0,2.0,0.0,0.0,862.0,A,CCT
April,21,02:30:00,1.0,2.0,0.0,0.0,88.5,A,CCT
April,21,03:00:00,1.0,0.0,0.0,0.0,88.5,A,CCT
April,22,00:00:00,1.0,1.0,0.0,0.0,2772.0,A,CCT
April,22,06:30:00,0.3333,4.0,1.0,0.25,794.33,A,CCT
April,23,03:00:00,1.0,1.0,0.0,0.0,712.0,A,CCT
April,23,05:00:00,1.0,3.0,0.0,0.0,514.67,A,CCT
April,23,05:30:00,1.0,1.0,0.0,0.0,79.0,A,CCT
April,23,22:00:00,1.0,3.0,0.0,0.0,615.67,A,CCT
April,24,00:00:00,1.0,1.0,0.0,0.0,83.0,A,CCT
April,24,03:30:00,1.0,3.0,0.0,0.0,73.33,A,CCT
April,25,00:30:00,1.0,3.0,0.0,0.0,767.67,A,CCT
April,25,01:00:00,1.0,1.0,0.0,0.0,69.0,A,CCT
April,25,04:30:00,1.0,1.0,0.0,0.0,1134.0,A,CCT
April,26,02:00:00,1.0,1.0,0.0,0.0,55.0,A,CCT
April,26,02:30:00,1.0,3.0,0.0,0.0,531.33,A,CCT
April,27,00:30:00,0.6667,3.0,0.0,0.0,574.67,A,CCT
April,27,06:00:00,1.0,3.0,0.0,0.0,116.0,A,CCT
April,27,07:30:00,1.0,6.0,0.0,0.0,615.83,A,CCT
April,28,01:00:00,1.0,6.0,0.0,0.0,578.17,A,CCT
April,28,01:30:00,1.0,1.0,0.0,0.0,546.0,A,CCT
April,28,02:00:00,1.0,1.0,0.0,0.0,96.0,A,CCT
April,28,03:30:00,1.0,1.0,0.0,0.0,22.0,A,CCT
April,28,04:30:00,1.0,3.0,0.0,0.0,118.67,A,CCT
April,29,01:30:00,1.0,2.0,0.0,0.0,531.0,A,CCT
April,29,02:30:00,1.0,1.0,0.0,0.0,76.0,A,CCT
April,29,05:30:00,1.0,2.0,0.0,0.0,109.5,A,CCT
April,30,01:00:00,1.0,1.0,0.0,0.0,572.0,A,CCT
April,30,01:30:00,1.0,0.0,0.0,0.0,572.0,A,CCT
May,1,00:30:00,1.0,2.0,0.0,0.0,95.5,A,CCT
May,1,02:30:00,1.0,1.0,0.0,0.0,90.0,A,CCT
May,1,03:00:00,1.0,2.0,0.0,0.0,93.0,A,CCT
May,1,06:30:00,0.0,7.0,4.0,0.5714,518.67,A,CCT
May,2,02:30:00,1.0,2.0,0.0,0.0,831.5,A,CCT
May,2,04:30:00,1.0,1.0,0.0,0.0,99.0,A,CCT
May,3,00:00:00,0.6667,6.0,0.0,0.0,586.83,A,CCT
May,3,01:00:00,1.0,5.0,0.0,0.0,821.2,A,CCT
May,3,05:00:00,1.0,1.0,0.0,0.0,664.0,A,CCT
May,3,05:30:00,1.0,0.0,0.0,0.0,664.0,A,CCT
May,4,00:30:00,1.0,3.0,0.0,0.0,595.0,A,CCT
May,4,01:00:00,1.0,1.0,0.0,0.0,567.0,A,CCT
May,4,04:00:00,1.0,1.0,0.0,0.0,22.0,A,CCT
May,4,05:30:00,1.0,1.0,0.0,0.0,8.0,A,CCT
May,5,01:00:00,1.0,2.0,0.0,0.0,628.5,A,CCT
May,5,03:00:00,1.0,1.0,0.0,0.0,858.0,A,CCT
May,6,01:00:00,1.0,1.0,0.0,0.0,81.0,A,CCT
May,6,01:30:00,1.0,3.0,0.0,0.0,92.0,A,CCT
May,6,02:00:00,1.0,2.0,0.0,0.0,700.5,A,CCT
May,6,05:30:00,1.0,2.0,0.0,0.0,521.5,A,CCT
May,6,06:30:00,0.0,3.0,0.0,0.0,612.33,A,CCT
May,7,00:30:00,1.0,1.0,0.0,0.0,619.0,A,CCT
May,7,02:00:00,1.0,1.0,0.0,0.0,116.0,A,CCT
May,7,05:00:00,1.0,1.0,0.0,0.0,61.0,A,CCT
May,7,06:00:00,1.0,1.0,0.0,0.0,82.0,A,CCT
May,8,03:00:00,1.0,2.0,0.0,0.0,791.5,A,CCT
May,8,04:00:00,1.0,1.0,0.0,0.0,38.0,A,CCT
May,8,05:00:00,1.0,2.0,0.0,0.0,81.5,A,CCT
May,9,03:30:00,1.0,1.0,0.0,0.0,117.0,A,CCT
May,9,04:30:00,1.0,1.0,0.0,0.0,20.0,A,CCT
May,10,00:30:00,1.0,2.0,0.0,0.0,611.5,A,CCT
May,10,04:30:00,1.0,1.0,0.0,0.0,72.0,A,CCT
May,11,00:30:00,1.0,1.0,0.0,0.0,55.0,A,CCT
May,12,00:00:00,1.0,5.0,0.0,0.0,1150.0,A,CCT
May,12,01:00:00,1.0,2.0,0.0,0.0,94.0,A,CCT
May,12,04:00:00,1.0,1.0,0.0,0.0,24.0,A,CCT
May,13,00:30:00,1.0,4.0,0.0,0.0,572.25,A,CCT
May,13,01:30:00,1.0,2.0,0.0,0.0,561.0,A,CCT
May,13,03:00:00,1.0,2.0,0.0,0.0,598.5,A,CCT
May,13,04:00:00,1.0,0.0,0.0,0.0,598.5,A,CCT
May,15,02:00:00,1.0,1.0,0.0,0.0,518.0,A,CCT
May,16,00:30:00,1.0,3.0,0.0,0.0,67.0,A,CCT
May,16,02:30:00,1.0,1.0,0.0,0.0,109.0,A,CCT
May,16,03:00:00,1.0,1.0,0.0,0.0,58.0,A,CCT
May,16,03:30:00,1.0,1.0,0.0,0.0,108.0,A,CCT
May,16,22:30:00,0.8889,11.0,2.0,0.1818,577.11,A,CCT
May,17,01:30:00,0.0,1.0,0.0,0.0,686.0,A,CCT
May,17,02:30:00,1.0,1.0,0.0,0.0,92.0,A,CCT
May,18,00:30:00,0.6,5.0,0.0,0.0,642.4,A,CCT
May,18,03:00:00,1.0,1.0,0.0,0.0,48.0,A,CCT
May,18,04:30:00,1.0,1.0,0.0,0.0,105.0,A,CCT
May,18,06:30:00,1.0,1.0,0.0,0.0,703.0,A,CCT
May,19,00:00:00,1.0,9.0,0.0,0.0,614.67,A,CCT
May,19,05:30:00,1.0,1.0,0.0,0.0,521.0,A,CCT
May,20,00:00:00,1.0,4.0,0.0,0.0,635.0,A,CCT
May,20,05:30:00,1.0,1.0,0.0,0.0,61.0,A,CCT
May,21,06:00:00,1.0,1.0,0.0,0.0,69.0,A,CCT
May,21,22:30:00,0.8333,6.0,0.0,0.0,521.0,A,CCT
May,22,03:30:00,1.0,1.0,0.0,0.0,2347.0,A,CCT
May,22,04:30:00,1.0,1.0,1.0,1.0,2347.0,A,CCT
May,23,01:00:00,1.0,2.0,0.0,0.0,585.5,A,CCT
May,23,01:30:00,1.0,3.0,0.0,0.0,621.67,A,CCT
May,23,02:00:00,1.0,2.0,0.0,0.0,118.0,A,CCT
May,23,03:30:00,1.0,1.0,0.0,0.0,25.0,A,CCT
May,23,04:00:00,1.0,1.0,0.0,0.0,817.0,A,CCT
May,23,05:00:00,1.0,1.0,0.0,0.0,93.0,A,CCT
May,23,05:30:00,1.0,1.0,1.0,1.0,93.0,A,CCT
May,23,07:30:00,0.2727,12.0,1.0,0.0833,557.45,A,CCT
May,23,23:00:00,0.3077,20.0,7.0,0.35,523.46,A,CCT
May,24,02:30:00,1.0,1.0,0.0,0.0,571.0,A,CCT
May,24,03:30:00,1.0,0.0,0.0,0.0,571.0,A,CCT
May,24,06:00:00,1.0,1.0,0.0,0.0,118.0,A,CCT
May,25,00:30:00,0.0,1.0,0.0,0.0,1059.0,A,CCT
May,25,01:00:00,0.0,1.0,0.0,0.0,1138.0,A,CCT
May,25,05:30:00,1.0,2.0,0.0,0.0,1089.0,A,CCT
May,26,00:00:00,1.0,2.0,0.0,0.0,885.5,A,CCT
May,26,05:30:00,1.0,1.0,0.0,0.0,79.0,A,CCT
May,27,02:30:00,1.0,1.0,0.0,0.0,80.0,A,CCT
May,27,04:00:00,1.0,0.0,0.0,0.0,80.0,A,CCT
May,27,23:30:00,0.7,10.0,0.0,0.0,553.9,A,CCT
May,28,00:30:00,1.0,3.0,0.0,0.0,571.0,A,CCT
May,28,01:30:00,1.0,3.0,0.0,0.0,1058.33,A,CCT
May,28,04:00:00,1.0,1.0,0.0,0.0,86.0,A,CCT
May,29,01:30:00,1.0,2.0,0.0,0.0,57.5,A,CCT
May,29,02:00:00,1.0,1.0,0.0,0.0,968.0,A,CCT
May,29,02:30:00,1.0,0.0,0.0,0.0,968.0,A,CCT
May,30,00:30:00,1.0,3.0,0.0,0.0,513.33,A,CCT
May,30,01:00:00,1.0,4.0,0.0,0.0,61.25,A,CCT
May,30,02:30:00,1.0,1.0,0.0,0.0,104.0,A,CCT
May,30,03:00:00,1.0,0.0,0.0,0.0,104.0,A,CCT
May,31,01:00:00,1.0,2.0,0.0,0.0,90.0,A,CCT
May,31,01:30:00,1.0,1.0,0.0,0.0,106.0,A,CCT
June,1,02:30:00,1.0,2.0,0.0,0.0,833.5,A,CCT
June,1,03:00:00,1.0,0.0,0.0,0.0,833.5,A,CCT
June,2,01:00:00,1.0,1.0,0.0,0.0,647.0,A,CCT
June,2,03:00:00,1.0,1.0,0.0,0.0,38.0,A,CCT
June,3,03:00:00,1.0,1.0,0.0,0.0,703.0,A,CCT
June,3,04:30:00,1.0,1.0,0.0,0.0,64.0,A,CCT
June,4,00:30:00,1.0,4.0,0.0,0.0,514.75,A,CCT
June,4,02:00:00,1.0,1.0,0.0,0.0,526.0,A,CCT
June,4,03:00:00,1.0,2.0,0.0,0.0,558.0,A,CCT
June,4,04:00:00,1.0,1.0,0.0,0.0,910.0,A,CCT
June,4,05:30:00,1.0,1.0,0.0,0.0,594.0,A,CCT
June,4,06:30:00,0.5,5.0,1.0,0.2,510.75,A,CCT
June,5,02:00:00,1.0,3.0,0.0,0.0,108.67,A,CCT
June,5,23:00:00,0.7143,9.0,2.0,0.2222,599.57,A,CCT
June,6,01:30:00,1.0,2.0,0.0,0.0,735.5,A,CCT
June,6,22:00:00,1.0,13.0,0.0,0.0,524.23,A,CCT
June,7,02:30:00,1.0,4.0,0.0,0.0,108.0,A,CCT
June,7,03:30:00,1.0,1.0,0.0,0.0,2799.0,A,CCT
June,7,05:00:00,1.0,1.0,0.0,0.0,806.0,A,CCT
June,8,01:00:00,0.6667,3.0,0.0,0.0,639.67,A,CCT
June,8,02:30:00,1.0,1.0,0.0,0.0,616.0,A,CCT
June,8,03:30:00,1.0,1.0,0.0,0.0,547.0,A,CCT
June,8,04:30:00,1.0,1.0,0.0,0.0,590.0,A,CCT
June,9,02:00:00,1.0,1.0,0.0,0.0,594.0,A,CCT
June,9,23:00:00,0.75,8.0,0.0,0.0,536.88,A,CCT
June,10,01:00:00,1.0,1.0,0.0,0.0,977.0,A,CCT
June,10,02:00:00,1.0,2.0,0.0,0.0,668.0,A,CCT
June,10,03:30:00,1.0,1.0,0.0,0.0,116.0,A,CCT
June,10,06:00:00,1.0,3.0,0.0,0.0,596.0,A,CCT
June,11,00:30:00,1.0,1.0,0.0,0.0,97.0,A,CCT
June,11,01:00:00,1.0,2.0,0.0,0.0,1105.0,A,CCT
June,11,02:00:00,1.0,1.0,0.0,0.0,997.0,A,CCT
June,12,00:00:00,0.7143,7.0,0.0,0.0,529.14,A,CCT
June,12,01:00:00,1.0,3.0,0.0,0.0,1419.67,A,CCT
June,12,03:00:00,1.0,3.0,0.0,0.0,618.67,A,CCT
June,12,03:30:00,1.0,2.0,0.0,0.0,563.5,A,CCT
June,12,05:00:00,1.0,1.0,0.0,0.0,45.0,A,CCT
June,12,05:30:00,1.0,3.0,0.0,0.0,629.67,A,CCT
June,13,02:30:00,1.0,1.0,0.0,0.0,739.0,A,CCT
June,13,04:00:00,1.0,1.0,0.0,0.0,915.0,A,CCT
June,13,05:30:00,1.0,2.0,0.0,0.0,1227.5,A,CCT
June,13,06:00:00,0.6667,3.0,0.0,0.0,625.67,A,CCT
June,13,07:30:00,0.0,8.0,0.0,0.0,524.0,A,CCT
June,14,01:30:00,1.0,1.0,0.0,0.0,50.0,A,CCT
June,14,02:00:00,1.0,1.0,0.0,0.0,107.0,A,CCT
June,15,03:00:00,1.0,1.0,0.0,0.0,563.0,A,CCT
June,15,06:00:00,1.0,2.0,0.0,0.0,93.0,A,CCT
June,15,07:00:00,1.0,1.0,0.0,0.0,78.0,A,CCT
June,16,00:30:00,1.0,4.0,0.0,0.0,518.75,A,CCT
June,16,06:00:00,1.0,1.0,0.0,0.0,94.0,A,CCT
June,17,00:30:00,1.0,3.0,0.0,0.0,106.33,A,CCT
June,17,02:00:00,1.0,3.0,0.0,0.0,668.33,A,CCT
June,18,00:00:00,1.0,7.0,0.0,0.0,562.14,A,CCT
June,18,01:30:00,1.0,1.0,0.0,0.0,57.0,A,CCT
June,18,02:00:00,1.0,1.0,0.0,0.0,962.0,A,CCT
June,18,03:30:00,1.0,1.0,0.0,0.0,706.0,A,CCT
June,18,04:00:00,1.0,0.0,0.0,0.0,706.0,A,CCT
June,19,01:00:00,1.0,1.0,0.0,0.0,537.0,A,CCT
June,19,03:00:00,1.0,1.0,0.0,0.0,631.0,A,CCT
June,19,04:30:00,1.0,1.0,0.0,0.0,605.0,A,CCT
June,19,07:00:00,1.0,9.0,0.0,0.0,628.89,A,CCT
June,20,01:00:00,1.0,4.0,0.0,0.0,709.75,A,CCT
June,20,02:30:00,1.0,1.0,0.0,0.0,113.0,A,CCT
June,20,04:30:00,1.0,1.0,0.0,0.0,88.0,A,CCT
June,20,06:00:00,1.0,2.0,0.0,0.0,629.5,A,CCT
June,20,06:30:00,0.0,6.0,5.0,0.8333,777.0,A,CCT
June,21,22:00:00,0.8,22.0,2.0,0.0909,624.8,A,CCT
June,22,00:00:00,1.0,1.0,0.0,0.0,570.0,A,CCT
June,22,03:30:00,1.0,1.0,0.0,0.0,1317.0,A,CCT
June,22,05:30:00,1.0,1.0,0.0,0.0,29.0,A,CCT
June,23,02:30:00,1.0,1.0,0.0,0.0,1095.0,A,CCT
June,23,05:30:00,1.0,2.0,1.0,0.5,1179.0,A,CCT
June,23,06:00:00,1.0,1.0,0.0,0.0,724.0,A,CCT
June,23,06:30:00,1.0,0.0,0.0,0.0,724.0,A,CCT
June,24,01:00:00,1.0,1.0,0.0,0.0,76.0,A,CCT
June,24,03:00:00,1.0,2.0,0.0,0.0,1285.0,A,CCT
June,24,03:30:00,1.0,1.0,1.0,1.0,1285.0,A,CCT
June,24,04:30:00,1.0,0.0,0.0,1.0,1285.0,A,CCT
June,24,05:30:00,1.0,4.0,0.0,0.0,1815.25,A,CCT
June,24,06:00:00,1.0,2.0,0.0,0.0,103.0,A,CCT
June,25,00:30:00,1.0,1.0,0.0,0.0,109.0,A,CCT
June,25,01:00:00,1.0,3.0,0.0,0.0,540.67,A,CCT
June,25,01:30:00,1.0,2.0,0.0,0.0,636.5,A,CCT
June,25,03:00:00,1.0,3.0,0.0,0.0,543.67,A,CCT
June,26,00:00:00,1.0,3.0,0.0,0.0,106.67,A,CCT
June,26,01:30:00,1.0,1.0,0.0,0.0,716.0,A,CCT
June,26,04:00:00,1.0,2.0,0.0,0.0,48.0,A,CCT
June,27,00:00:00,1.0,4.0,0.0,0.0,626.25,A,CCT
June,27,01:30:00,1.0,3.0,0.0,0.0,663.67,A,CCT
June,27,02:30:00,1.0,1.0,0.0,0.0,753.0,A,CCT
June,27,07:30:00,0.5,9.0,1.0,0.1111,540.25,A,CCT
June,28,01:00:00,0.5,3.0,1.0,0.3333,660.0,A,CCT
June,29,01:00:00,1.0,2.0,1.0,0.5,102.0,A,CCT
June,29,05:30:00,1.0,2.0,0.0,0.0,92.5,A,CCT
June,29,07:30:00,1.0,4.0,0.0,0.0,519.0,A,CCT
June,29,23:00:00,1.0,3.0,0.0,0.0,614.0,A,CCT
June,30,02:00:00,1.0,3.0,0.0,0.0,814.33,A,CCT
June,30,03:00:00,1.0,0.0,0.0,0.0,814.33,A,CCT
April,1,04:00:00,1.0,1.0,0.0,0.0,60.0,B,CCT
April,2,02:00:00,1.0,4.0,0.0,0.0,556.75,B,CCT
April,2,03:00:00,1.0,2.0,0.0,0.0,906.5,B,CCT
April,3,01:30:00,1.0,9.0,0.0,0.0,518.11,B,CCT
April,4,05:30:00,1.0,2.0,0.0,0.0,518.5,B,CCT
April,5,01:00:00,1.0,4.0,0.0,0.0,988.5,B,CCT
April,5,04:00:00,1.0,4.0,0.0,0.0,83.0,B,CCT
April,5,06:30:00,1.0,4.0,0.0,0.0,115.0,B,CCT
April,6,02:00:00,1.0,3.0,0.0,0.0,601.0,B,CCT
April,9,03:30:00,1.0,1.0,0.0,0.0,112.0,B,CCT
April,9,04:00:00,1.0,1.0,0.0,0.0,692.0,B,CCT
April,9,05:30:00,1.0,1.0,0.0,0.0,55.0,B,CCT
April,10,03:30:00,1.0,1.0,0.0,0.0,1155.0,B,CCT
April,10,04:00:00,1.0,1.0,0.0,0.0,656.0,B,CCT
April,10,04:30:00,1.0,0.0,0.0,0.0,656.0,B,CCT
April,10,06:30:00,0.5,3.0,1.0,0.3333,516.5,B,CCT
April,11,02:30:00,1.0,2.0,0.0,0.0,788.5,B,CCT
April,11,03:00:00,1.0,9.0,0.0,0.0,46.56,B,CCT
April,11,03:30:00,1.0,14.0,0.0,0.0,51.64,B,CCT
April,11,04:00:00,1.0,5.0,0.0,0.0,72.0,B,CCT
April,11,04:30:00,1.0,6.0,0.0,0.0,66.67,B,CCT
April,11,05:00:00,1.0,1.0,0.0,0.0,17.0,B,CCT
April,12,03:30:00,1.0,14.0,0.0,0.0,47.07,B,CCT
April,12,04:00:00,1.0,4.0,0.0,0.0,59.75,B,CCT
April,12,06:00:00,1.0,1.0,0.0,0.0,113.0,B,CCT
April,13,01:00:00,1.0,4.0,0.0,0.0,764.25,B,CCT
April,13,02:30:00,1.0,2.0,0.0,0.0,110.5,B,CCT
April,13,05:30:00,0.0,3.0,1.0,0.3333,779.5,B,CCT
April,14,03:00:00,1.0,3.0,0.0,0.0,556.33,B,CCT
April,14,03:30:00,1.0,2.0,0.0,0.0,1170.5,B,CCT
April,14,05:30:00,1.0,1.0,0.0,0.0,31.0,B,CCT
April,15,02:30:00,1.0,4.0,0.0,0.0,511.75,B,CCT
April,15,06:00:00,1.0,6.0,0.0,0.0,564.17,B,CCT
April,16,02:30:00,1.0,4.0,0.0,0.0,546.5,B,CCT
April,16,05:00:00,1.0,2.0,0.0,0.0,98.0,B,CCT
April,18,02:30:00,1.0,2.0,0.0,0.0,580.0,B,CCT
April,19,03:30:00,1.0,1.0,0.0,0.0,61.0,B,CCT
April,20,03:00:00,1.0,2.0,0.0,0.0,26.0,B,CCT
April,20,06:30:00,1.0,4.0,0.0,0.0,885.0,B,CCT
April,21,01:00:00,1.0,9.0,0.0,0.0,562.11,B,CCT
April,21,02:30:00,1.0,1.0,0.0,0.0,1528.0,B,CCT
April,21,05:30:00,1.0,3.0,0.0,0.0,537.0,B,CCT
April,23,05:00:00,1.0,1.0,0.0,0.0,60.0,B,CCT
April,23,06:00:00,1.0,6.0,0.0,0.0,617.5,B,CCT
April,24,05:00:00,1.0,2.0,0.0,0.0,528.0,B,CCT
April,24,06:00:00,1.0,4.0,0.0,0.0,71.75,B,CCT
April,25,02:00:00,0.0,5.0,0.0,0.0,671.6,B,CCT
April,25,02:30:00,0.0,5.0,0.0,0.0,671.6,B,CCT
April,25,03:00:00,0.0,5.0,0.0,0.0,671.6,B,CCT
April,25,03:30:00,0.0,5.0,0.0,0.0,671.6,B,CCT
April,25,04:00:00,0.0,5.0,0.0,0.0,671.6,B,CCT
April,25,04:30:00,0.0,5.0,0.0,0.0,671.6,B,CCT
April,25,05:00:00,0.0,5.0,0.0,0.0,671.6,B,CCT
April,25,06:00:00,0.0,5.0,0.0,0.0,671.6,B,CCT
April,25,06:30:00,0.0,5.0,0.0,0.0,671.6,B,CCT
April,25,07:00:00,0.0,5.0,0.0,0.0,671.6,B,CCT
April,27,01:30:00,1.0,1.0,0.0,0.0,75.0,B,CCT
April,27,04:00:00,1.0,1.0,0.0,0.0,40.0,B,CCT
April,27,04:30:00,1.0,2.0,0.0,0.0,619.5,B,CCT
April,27,05:00:00,1.0,1.0,0.0,0.0,1167.0,B,CCT
April,27,05:30:00,1.0,0.0,0.0,0.0,1167.0,B,CCT
April,28,02:30:00,1.0,6.0,0.0,0.0,616.0,B,CCT
April,28,06:30:00,0.5,5.0,1.0,0.2,556.0,B,CCT
April,29,03:00:00,0.6667,3.0,0.0,0.0,816.0,B,CCT
April,29,03:30:00,1.0,1.0,0.0,0.0,89.0,B,CCT
April,30,03:00:00,1.0,3.0,0.0,0.0,522.0,B,CCT
April,30,03:30:00,1.0,1.0,0.0,0.0,94.0,B,CCT
April,30,05:00:00,1.0,1.0,0.0,0.0,638.0,B,CCT
May,1,03:00:00,1.0,2.0,0.0,0.0,1240.0,B,CCT
May,1,04:30:00,1.0,1.0,0.0,0.0,79.0,B,CCT
May,2,02:30:00,1.0,2.0,0.0,0.0,732.0,B,CCT
May,3,01:30:00,1.0,2.0,0.0,0.0,636.5,B,CCT
May,3,02:30:00,1.0,2.0,0.0,0.0,627.5,B,CCT
May,3,05:00:00,1.0,3.0,0.0,0.0,97.67,B,CCT
May,3,06:00:00,1.0,2.0,0.0,0.0,1161.5,B,CCT
May,4,01:30:00,1.0,2.0,0.0,0.0,631.5,B,CCT
May,4,06:00:00,1.0,1.0,0.0,0.0,1639.0,B,CCT
May,4,06:30:00,1.0,0.0,0.0,0.0,1639.0,B,CCT
May,4,07:00:00,1.0,8.0,0.0,0.0,619.0,B,CCT
May,6,02:00:00,1.0,3.0,0.0,0.0,698.67,B,CCT
May,6,05:00:00,1.0,2.0,0.0,0.0,781.0,B,CCT
May,7,01:00:00,1.0,8.0,0.0,0.0,536.0,B,CCT
May,7,05:00:00,1.0,1.0,0.0,0.0,108.0,B,CCT
May,8,04:00:00,1.0,2.0,0.0,0.0,736.0,B,CCT
May,8,04:30:00,1.0,3.0,0.0,0.0,846.33,B,CCT
May,8,06:30:00,1.0,4.0,3.0,0.75,815.0,B,CCT
May,9,06:30:00,0.5,6.0,4.0,0.6667,519.5,B,CCT
May,10,01:30:00,0.6667,3.0,0.0,0.0,116.67,B,CCT
May,10,04:30:00,0.0,1.0,0.0,0.0,533.0,B,CCT
May,10,06:30:00,0.5,8.0,4.0,0.5,536.0,B,CCT
May,11,02:30:00,1.0,6.0,0.0,0.0,588.83,B,CCT
May,11,04:30:00,1.0,1.0,0.0,0.0,718.0,B,CCT
May,11,06:00:00,1.0,1.0,0.0,0.0,731.0,B,CCT
May,12,01:00:00,1.0,9.0,0.0,0.0,526.56,B,CCT
May,12,01:30:00,1.0,3.0,0.0,0.0,651.67,B,CCT
May,12,02:00:00,1.0,3.0,0.0,0.0,578.0,B,CCT
May,12,06:30:00,0.5,3.0,1.0,0.3333,1245.5,B,CCT
May,14,03:00:00,1.0,2.0,0.0,0.0,659.5,B,CCT
May,14,03:30:00,1.0,4.0,0.0,0.0,546.75,B,CCT
May,14,05:30:00,1.0,1.0,0.0,0.0,1067.0,B,CCT
May,17,01:30:00,1.0,5.0,0.0,0.0,541.6,B,CCT
May,17,02:00:00,0.8571,7.0,0.0,0.0,563.0,B,CCT
May,17,06:30:00,0.75,7.0,3.0,0.4286,1161.0,B,CCT
May,18,04:00:00,1.0,1.0,0.0,0.0,28.0,B,CCT
May,18,05:00:00,1.0,2.0,0.0,0.0,587.5,B,CCT
May,18,06:30:00,1.0,1.0,0.0,0.0,108.0,B,CCT
May,19,03:00:00,1.0,2.0,0.0,0.0,691.0,B,CCT
May,19,03:30:00,1.0,0.0,0.0,0.0,691.0,B,CCT
May,19,05:30:00,1.0,3.0,0.0,0.0,688.0,B,CCT
May,20,03:00:00,1.0,4.0,0.0,0.0,686.5,B,CCT
May,20,06:00:00,1.0,1.0,0.0,0.0,80.0,B,CCT
May,21,02:30:00,0.4,7.0,2.0,0.2857,726.4,B,CCT
May,21,03:00:00,0.5,2.0,0.0,0.0,1050.5,B,CCT
May,21,03:30:00,1.0,1.0,0.0,0.0,733.0,B,CCT
May,21,04:00:00,1.0,4.0,0.0,0.0,590.5,B,CCT
May,21,06:00:00,1.0,3.0,0.0,0.0,513.67,B,CCT
May,23,01:30:00,1.0,3.0,0.0,0.0,118.0,B,CCT
May,23,03:30:00,1.0,5.0,0.0,0.0,1007.4,B,CCT
May,23,04:30:00,1.0,4.0,0.0,0.0,587.75,B,CCT
May,23,06:30:00,1.0,6.0,5.0,0.8333,105.0,B,CCT
May,24,05:00:00,1.0,2.0,0.0,0.0,593.5,B,CCT
May,24,06:00:00,1.0,1.0,0.0,0.0,536.0,B,CCT
May,25,01:00:00,0.9,10.0,0.0,0.0,524.9,B,CCT
May,25,02:30:00,1.0,3.0,0.0,0.0,107.0,B,CCT
May,25,05:00:00,1.0,1.0,0.0,0.0,18.0,B,CCT
May,26,03:00:00,1.0,1.0,0.0,0.0,793.0,B,CCT
May,26,06:30:00,1.0,3.0,0.0,0.0,521.0,B,CCT
May,27,01:30:00,1.0,1.0,0.0,0.0,1312.0,B,CCT
May,27,05:00:00,1.0,1.0,0.0,0.0,28.0,B,CCT
May,29,03:00:00,1.0,1.0,0.0,0.0,550.0,B,CCT
May,30,01:00:00,1.0,5.0,0.0,0.0,819.4,B,CCT
May,30,02:00:00,1.0,3.0,0.0,0.0,754.67,B,CCT
May,30,02:30:00,1.0,4.0,0.0,0.0,652.25,B,CCT
May,30,03:00:00,1.0,1.0,0.0,0.0,78.0,B,CCT
May,31,01:30:00,1.0,3.0,0.0,0.0,112.67,B,CCT
June,1,02:30:00,1.0,3.0,0.0,0.0,540.33,B,CCT
June,1,04:00:00,1.0,2.0,0.0,0.0,642.0,B,CCT
June,1,05:00:00,1.0,3.0,0.0,0.0,829.67,B,CCT
June,2,00:00:00,1.0,14.0,1.0,0.0714,601.92,B,CCT
June,2,01:30:00,1.0,5.0,0.0,0.0,814.6,B,CCT
June,3,02:30:00,1.0,3.0,0.0,0.0,547.33,B,CCT
June,3,03:00:00,1.0,2.0,0.0,0.0,631.5,B,CCT
June,3,04:00:00,1.0,1.0,0.0,0.0,103.0,B,CCT
June,4,05:00:00,1.0,1.0,0.0,0.0,3270.0,B,CCT
June,5,03:30:00,1.0,1.0,0.0,0.0,790.0,B,CCT
June,6,01:00:00,1.0,9.0,0.0,0.0,652.78,B,CCT
June,6,01:30:00,0.875,9.0,1.0,0.1111,525.25,B,CCT
June,6,03:30:00,1.0,2.0,0.0,0.0,662.0,B,CCT
June,6,04:00:00,1.0,4.0,0.0,0.0,552.75,B,CCT
June,6,06:00:00,1.0,2.0,1.0,0.5,728.0,B,CCT
June,6,06:30:00,1.0,5.0,5.0,1.0,728.0,B,CCT
June,7,02:30:00,1.0,2.0,0.0,0.0,520.0,B,CCT
June,8,02:00:00,1.0,2.0,0.0,0.0,636.5,B,CCT
June,8,02:30:00,1.0,0.0,0.0,0.0,636.5,B,CCT
June,8,03:00:00,1.0,1.0,0.0,0.0,553.0,B,CCT
June,8,04:30:00,1.0,0.0,0.0,0.0,553.0,B,CCT
June,8,05:00:00,1.0,1.0,0.0,0.0,641.0,B,CCT
June,8,05:30:00,1.0,2.0,0.0,0.0,64.5,B,CCT
June,9,05:30:00,1.0,2.0,0.0,0.0,98.5,B,CCT
June,12,02:30:00,1.0,2.0,0.0,0.0,854.0,B,CCT
June,12,05:30:00,1.0,1.0,0.0,0.0,61.0,B,CCT
June,14,03:00:00,1.0,2.0,0.0,0.0,565.0,B,CCT
June,14,03:30:00,1.0,2.0,0.0,0.0,23.5,B,CCT
June,14,05:30:00,1.0,1.0,0.0,0.0,112.0,B,CCT
June,14,06:00:00,0.6667,3.0,0.0,0.0,51.0,B,CCT
June,14,06:30:00,0.6,7.0,2.0,0.2857,538.4,B,CCT
June,15,04:00:00,1.0,2.0,0.0,0.0,837.5,B,CCT
June,16,01:00:00,1.0,9.0,0.0,0.0,535.0,B,CCT
June,16,01:30:00,1.0,3.0,0.0,0.0,545.67,B,CCT
June,16,03:30:00,1.0,3.0,0.0,0.0,545.33,B,CCT
June,16,05:30:00,1.0,1.0,0.0,0.0,575.0,B,CCT
June,17,03:30:00,1.0,2.0,0.0,0.0,85.5,B,CCT
June,17,04:00:00,1.0,1.0,0.0,0.0,539.0,B,CCT
June,17,04:30:00,1.0,1.0,0.0,0.0,90.0,B,CCT
June,18,03:00:00,1.0,3.0,0.0,0.0,687.0,B,CCT
June,18,04:30:00,1.0,3.0,0.0,0.0,632.0,B,CCT
June,19,01:00:00,1.0,7.0,0.0,0.0,578.86,B,CCT
June,19,02:30:00,1.0,3.0,0.0,0.0,511.33,B,CCT
June,19,03:30:00,1.0,1.0,0.0,0.0,553.0,B,CCT
June,19,05:30:00,1.0,2.0,0.0,0.0,75.5,B,CCT
June,20,03:30:00,1.0,2.0,0.0,0.0,25.0,B,CCT
June,20,04:30:00,1.0,1.0,0.0,0.0,58.0,B,CCT
June,20,05:00:00,1.0,1.0,0.0,0.0,24.0,B,CCT
June,20,05:30:00,1.0,2.0,0.0,0.0,1773.5,B,CCT
June,23,05:30:00,0.6,5.0,0.0,0.0,577.4,B,CCT
June,24,05:00:00,1.0,1.0,0.0,0.0,680.0,B,CCT
June,26,02:00:00,1.0,4.0,0.0,0.0,558.0,B,CCT
June,27,03:30:00,1.0,3.0,0.0,0.0,801.0,B,CCT
June,27,04:00:00,1.0,1.0,0.0,0.0,587.0,B,CCT
June,27,06:30:00,0.0,6.0,5.0,0.8333,2239.0,B,CCT
June,28,01:30:00,1.0,2.0,0.0,0.0,111.0,B,CCT
June,28,04:00:00,1.0,1.0,0.0,0.0,682.0,B,CCT
June,28,05:00:00,1.0,1.0,0.0,0.0,71.0,B,CCT
June,28,05:30:00,1.0,0.0,0.0,0.0,71.0,B,CCT
June,28,06:00:00,1.0,3.0,0.0,0.0,541.67,B,CCT
June,29,02:30:00,1.0,4.0,0.0,0.0,600.0,B,CCT
June,29,03:00:00,1.0,2.0,0.0,0.0,1548.5,B,CCT
June,29,05:00:00,1.0,2.0,0.0,0.0,542.5,B,CCT
June,30,02:00:00,1.0,1.0,0.0,0.0,104.0,B,CCT
June,30,05:00:00,1.0,1.0,0.0,0.0,525.0,B,CCT
April,5,03:00:00,1.0,15.0,5.0,0.3333,517.1,C,CCT
April,5,04:00:00,1.0,7.0,0.0,0.0,573.86,C,CCT
April,5,05:00:00,1.0,14.0,0.0,0.0,722.86,C,CCT
April,6,04:00:00,1.0,12.0,0.0,0.0,564.75,C,CCT
April,6,05:00:00,1.0,8.0,0.0,0.0,798.0,C,CCT
April,10,05:30:00,0.9375,16.0,0.0,0.0,564.63,C,CCT
April,11,03:00:00,0.8857,37.0,2.0,0.0541,108.57,C,CCT
April,11,03:30:00,1.0,56.0,0.0,0.0,58.23,C,CCT
April,11,04:00:00,1.0,22.0,0.0,0.0,65.91,C,CCT
April,11,04:30:00,1.0,31.0,0.0,0.0,69.84,C,CCT
April,12,03:30:00,1.0,28.0,0.0,0.0,65.39,C,CCT
April,12,04:00:00,1.0,19.0,0.0,0.0,107.47,C,CCT
April,13,05:30:00,0.1429,7.0,0.0,0.0,551.86,C,CCT
April,14,02:30:00,1.0,6.0,0.0,0.0,765.0,C,CCT
April,19,04:00:00,1.0,8.0,0.0,0.0,534.13,C,CCT
April,19,05:00:00,1.0,9.0,0.0,0.0,638.11,C,CCT
April,21,04:30:00,1.0,6.0,0.0,0.0,556.17,C,CCT
April,23,04:30:00,1.0,10.0,1.0,0.1,514.56,C,CCT
April,24,02:30:00,1.0,1.0,0.0,0.0,754.0,C,CCT
April,29,05:30:00,1.0,6.0,1.0,0.1667,661.8,C,CCT
May,2,04:30:00,0.9231,14.0,1.0,0.0714,533.31,C,CCT
May,5,02:30:00,0.5556,12.0,3.0,0.25,585.78,C,CCT
May,6,04:00:00,1.0,8.0,1.0,0.125,544.57,C,CCT
May,7,03:30:00,1.0,11.0,0.0,0.0,512.91,C,CCT
May,7,04:30:00,1.0,4.0,0.0,0.0,588.5,C,CCT
May,11,03:30:00,1.0,6.0,0.0,0.0,518.83,C,CCT
May,15,04:30:00,1.0,3.0,0.0,0.0,512.33,C,CCT
May,17,03:00:00,1.0,10.0,2.0,0.2,516.5,C,CCT
May,17,05:00:00,1.0,2.0,0.0,0.0,882.5,C,CCT
May,22,01:30:00,1.0,20.0,0.0,0.0,525.05,C,CCT
May,23,03:00:00,1.0,6.0,0.0,0.0,706.67,C,CCT
May,24,03:00:00,1.0,6.0,0.0,0.0,680.17,C,CCT
May,28,04:30:00,0.8462,13.0,0.0,0.0,764.46,C,CCT
May,31,05:00:00,1.0,13.0,0.0,0.0,562.38,C,CCT
June,1,04:00:00,1.0,5.0,0.0,0.0,560.6,C,CCT
June,1,04:30:00,1.0,7.0,0.0,0.0,701.86,C,CCT
June,4,02:30:00,0.7273,11.0,0.0,0.0,546.18,C,CCT
June,4,03:30:00,1.0,13.0,1.0,0.0769,541.17,C,CCT
June,7,04:00:00,1.0,7.0,0.0,0.0,673.57,C,CCT
June,7,04:30:00,1.0,12.0,0.0,0.0,567.75,C,CCT
June,7,05:00:00,1.0,8.0,0.0,0.0,645.38,C,CCT
June,8,04:30:00,1.0,3.0,0.0,0.0,755.67,C,CCT
June,19,04:00:00,1.0,5.0,0.0,0.0,533.6,C,CCT
June,19,05:00:00,1.0,14.0,0.0,0.0,585.64,C,CCT
June,20,03:00:00,1.0,9.0,1.0,0.1111,807.75,C,CCT
June,22,03:30:00,1.0,7.0,0.0,0.0,552.29,C,CCT
June,22,04:00:00,1.0,12.0,0.0,0.0,512.33,C,CCT
June,23,05:00:00,1.0,8.0,0.0,0.0,815.75,C,CCT
June,23,06:00:00,0.9,20.0,0.0,0.0,525.65,C,CCT
June,29,04:00:00,1.0,6.0,0.0,0.0,538.33,C,CCT
June,30,03:30:00,1.0,7.0,0.0,0.0,517.57,C,CCT
April,5,03:00:00,1.0,2.0,0.0,0.0,621.5,D,CCT
April,5,03:30:00,1.0,0.0,0.0,0.0,621.5,D,CCT
April,5,04:00:00,1.0,1.0,0.0,0.0,4786.0,D,CCT
April,7,01:30:00,1.0,9.0,0.0,0.0,517.11,D,CCT
April,7,05:00:00,0.6667,3.0,0.0,0.0,618.67,D,CCT
April,7,05:30:00,1.0,3.0,0.0,0.0,516.67,D,CCT
April,9,05:30:00,1.0,1.0,0.0,0.0,36.0,D,CCT
April,10,04:00:00,1.0,1.0,0.0,0.0,1019.0,D,CCT
April,11,03:30:00,1.0,3.0,0.0,0.0,34.67,D,CCT
April,11,04:00:00,1.0,3.0,0.0,0.0,49.67,D,CCT
April,11,04:30:00,1.0,0.0,0.0,0.0,49.67,D,CCT
April,11,05:00:00,1.0,0.0,0.0,0.0,49.67,D,CCT
April,11,05:30:00,0.0,1.0,0.0,0.0,93.0,D,CCT
April,12,03:00:00,1.0,2.0,0.0,0.0,75.5,D,CCT
April,12,03:30:00,1.0,0.0,0.0,0.0,75.5,D,CCT
April,12,04:00:00,1.0,1.0,0.0,0.0,88.0,D,CCT
April,12,04:30:00,1.0,0.0,0.0,0.0,88.0,D,CCT
April,12,05:00:00,1.0,1.0,0.0,0.0,13.0,D,CCT
April,12,05:30:00,1.0,1.0,0.0,0.0,45.0,D,CCT
April,13,06:00:00,0.75,4.0,0.0,0.0,108.25,D,CCT
April,17,04:00:00,1.0,1.0,0.0,0.0,54.0,D,CCT
April,17,05:30:00,1.0,3.0,0.0,0.0,593.67,D,CCT
April,19,03:00:00,1.0,1.0,0.0,0.0,577.0,D,CCT
April,19,03:30:00,1.0,0.0,0.0,0.0,577.0,D,CCT
April,19,04:00:00,1.0,0.0,0.0,0.0,577.0,D,CCT
April,20,03:00:00,1.0,7.0,0.0,0.0,554.29,D,CCT
April,20,03:30:00,1.0,0.0,0.0,0.0,554.29,D,CCT
April,22,04:00:00,1.0,1.0,0.0,0.0,1104.0,D,CCT
April,22,04:30:00,1.0,0.0,0.0,0.0,1104.0,D,CCT
April,22,05:00:00,1.0,0.0,0.0,0.0,1104.0,D,CCT
April,25,03:30:00,1.0,1.0,0.0,0.0,36.0,D,CCT
April,25,04:00:00,1.0,2.0,0.0,0.0,113.0,D,CCT
April,25,04:30:00,1.0,1.0,0.0,0.0,1333.0,D,CCT
April,25,05:30:00,1.0,1.0,0.0,0.0,98.0,D,CCT
April,26,03:00:00,1.0,6.0,1.0,0.1667,701.8,D,CCT
April,26,03:30:00,1.0,0.0,0.0,0.1667,701.8,D,CCT
April,26,04:30:00,1.0,0.0,0.0,0.1667,701.8,D,CCT
April,26,05:00:00,1.0,0.0,0.0,0.1667,701.8,D,CCT
April,26,05:30:00,1.0,1.0,0.0,0.0,18.0,D,CCT
April,28,02:00:00,1.0,5.0,0.0,0.0,104.2,D,CCT
April,29,01:00:00,1.0,19.0,0.0,0.0,565.21,D,CCT
April,29,03:00:00,1.0,2.0,0.0,0.0,535.0,D,CCT
April,29,03:30:00,1.0,0.0,0.0,0.0,535.0,D,CCT
April,29,04:00:00,1.0,0.0,0.0,0.0,535.0,D,CCT
April,29,04:30:00,1.0,0.0,0.0,0.0,535.0,D,CCT
April,29,05:00:00,1.0,0.0,0.0,0.0,535.0,D,CCT
April,29,05:30:00,1.0,0.0,0.0,0.0,535.0,D,CCT
April,30,03:00:00,1.0,2.0,0.0,0.0,724.0,D,CCT
April,30,03:30:00,1.0,0.0,0.0,0.0,724.0,D,CCT
April,30,04:00:00,1.0,0.0,0.0,0.0,724.0,D,CCT
April,30,04:30:00,1.0,0.0,0.0,0.0,724.0,D,CCT
April,30,05:00:00,1.0,0.0,0.0,0.0,724.0,D,CCT
April,30,05:30:00,1.0,0.0,0.0,0.0,724.0,D,CCT
May,1,02:30:00,0.7273,11.0,0.0,0.0,520.55,D,CCT
May,1,05:30:00,1.0,1.0,0.0,0.0,596.0,D,CCT
May,2,03:30:00,1.0,1.0,0.0,0.0,41.0,D,CCT
May,2,04:00:00,1.0,0.0,0.0,0.0,41.0,D,CCT
May,2,04:30:00,1.0,0.0,0.0,0.0,41.0,D,CCT
May,2,05:00:00,1.0,0.0,0.0,0.0,41.0,D,CCT
May,3,02:30:00,1.0,2.0,0.0,0.0,628.0,D,CCT
May,3,05:30:00,1.0,1.0,0.0,0.0,901.0,D,CCT
May,4,02:30:00,1.0,9.0,0.0,0.0,520.0,D,CCT
May,4,03:00:00,1.0,0.0,0.0,0.0,520.0,D,CCT
May,4,05:30:00,1.0,1.0,0.0,0.0,938.0,D,CCT
May,4,06:00:00,0.6667,3.0,0.0,0.0,563.33,D,CCT
May,5,02:00:00,1.0,7.0,1.0,0.1429,578.33,D,CCT
May,6,02:00:00,1.0,11.0,1.0,0.0909,528.7,D,CCT
May,7,05:30:00,1.0,1.0,0.0,0.0,626.0,D,CCT
May,9,03:00:00,1.0,2.0,0.0,0.0,714.5,D,CCT
May,11,01:30:00,1.0,10.0,0.0,0.0,518.4,D,CCT
May,11,04:30:00,1.0,1.0,0.0,0.0,113.0,D,CCT
May,11,05:30:00,1.0,0.0,0.0,0.0,113.0,D,CCT
May,11,06:00:00,1.0,6.0,0.0,0.0,117.17,D,CCT
May,12,04:30:00,1.0,2.0,0.0,0.0,117.0,D,CCT
May,14,02:00:00,1.0,12.0,0.0,0.0,685.5,D,CCT
May,14,04:00:00,1.0,1.0,0.0,0.0,22.0,D,CCT
May,14,04:30:00,1.0,4.0,3.0,0.75,517.0,D,CCT
May,14,05:00:00,0.6667,5.0,2.0,0.4,567.67,D,CCT
May,17,03:00:00,1.0,4.0,0.0,0.0,613.25,D,CCT
May,17,03:30:00,1.0,0.0,0.0,0.0,613.25,D,CCT
May,17,04:00:00,1.0,0.0,0.0,0.0,613.25,D,CCT
May,21,02:00:00,1.0,10.0,0.0,0.0,553.9,D,CCT
May,21,03:00:00,1.0,3.0,0.0,0.0,532.67,D,CCT
May,21,03:30:00,1.0,0.0,0.0,0.0,532.67,D,CCT
May,22,03:00:00,1.0,2.0,0.0,0.0,742.5,D,CCT
May,22,03:30:00,1.0,0.0,0.0,0.0,742.5,D,CCT
May,22,04:00:00,1.0,0.0,0.0,0.0,742.5,D,CCT
May,22,04:30:00,1.0,1.0,1.0,1.0,742.5,D,CCT
May,22,05:00:00,1.0,0.0,0.0,1.0,742.5,D,CCT
May,22,05:30:00,1.0,0.0,0.0,1.0,742.5,D,CCT
May,23,02:00:00,1.0,4.0,0.0,0.0,652.5,D,CCT
May,23,04:30:00,1.0,1.0,0.0,0.0,964.0,D,CCT
May,23,05:00:00,1.0,0.0,0.0,0.0,964.0,D,CCT
May,23,05:30:00,1.0,0.0,0.0,0.0,964.0,D,CCT
May,25,03:30:00,1.0,1.0,0.0,0.0,20.0,D,CCT
May,25,04:00:00,1.0,0.0,0.0,0.0,20.0,D,CCT
May,25,05:30:00,1.0,1.0,0.0,0.0,84.0,D,CCT
May,26,03:30:00,1.0,6.0,0.0,0.0,537.33,D,CCT
May,26,04:30:00,1.0,3.0,0.0,0.0,76.67,D,CCT
May,28,03:30:00,1.0,1.0,0.0,0.0,797.0,D,CCT
May,28,04:00:00,1.0,0.0,0.0,0.0,797.0,D,CCT
May,28,04:30:00,1.0,1.0,1.0,1.0,797.0,D,CCT
May,28,05:00:00,1.0,0.0,0.0,1.0,797.0,D,CCT
May,30,02:00:00,1.0,5.0,0.0,0.0,524.4,D,CCT
June,1,01:30:00,1.0,7.0,0.0,0.0,542.86,D,CCT
June,1,02:00:00,1.0,10.0,0.0,0.0,536.4,D,CCT
June,3,03:00:00,1.0,3.0,0.0,0.0,579.0,D,CCT
June,3,03:30:00,1.0,0.0,0.0,0.0,579.0,D,CCT
June,3,04:00:00,1.0,0.0,0.0,0.0,579.0,D,CCT
June,4,04:00:00,1.0,1.0,0.0,0.0,29.0,D,CCT
June,4,05:00:00,1.0,0.0,0.0,0.0,29.0,D,CCT
June,4,05:30:00,1.0,0.0,0.0,0.0,29.0,D,CCT
June,4,06:00:00,1.0,6.0,0.0,0.0,112.67,D,CCT
June,6,01:00:00,1.0,26.0,0.0,0.0,576.77,D,CCT
June,6,03:00:00,1.0,2.0,0.0,0.0,552.0,D,CCT
June,6,03:30:00,1.0,0.0,0.0,0.0,552.0,D,CCT
June,6,04:00:00,1.0,2.0,0.0,0.0,643.0,D,CCT
June,6,05:00:00,1.0,1.0,0.0,0.0,17.0,D,CCT
June,6,05:30:00,1.0,2.0,0.0,0.0,542.0,D,CCT
June,7,02:30:00,1.0,2.0,0.0,0.0,1048.5,D,CCT
June,7,05:30:00,1.0,3.0,0.0,0.0,729.67,D,CCT
June,8,01:30:00,1.0,12.0,0.0,0.0,557.33,D,CCT
June,9,02:30:00,1.0,6.0,1.0,0.1667,680.2,D,CCT
June,9,05:00:00,0.5,2.0,0.0,0.0,46.0,D,CCT
June,11,02:30:00,1.0,9.0,0.0,0.0,586.11,D,CCT
June,11,03:00:00,1.0,1.0,0.0,0.0,649.0,D,CCT
June,11,03:30:00,1.0,0.0,0.0,0.0,649.0,D,CCT
June,11,04:00:00,1.0,0.0,0.0,0.0,649.0,D,CCT
June,11,04:30:00,1.0,0.0,0.0,0.0,649.0,D,CCT
June,11,05:00:00,1.0,0.0,0.0,0.0,649.0,D,CCT
June,12,04:00:00,1.0,1.0,0.0,0.0,655.0,D,CCT
June,12,04:30:00,1.0,0.0,0.0,0.0,655.0,D,CCT
June,12,05:00:00,1.0,0.0,0.0,0.0,655.0,D,CCT
June,13,03:30:00,1.0,1.0,0.0,0.0,1244.0,D,CCT
June,13,05:00:00,1.0,2.0,0.0,0.0,654.0,D,CCT
June,13,05:30:00,1.0,0.0,0.0,0.0,654.0,D,CCT
June,14,04:30:00,1.0,1.0,0.0,0.0,2066.0,D,CCT
June,14,05:00:00,1.0,0.0,0.0,0.0,2066.0,D,CCT
June,14,05:30:00,1.0,0.0,0.0,0.0,2066.0,D,CCT
June,15,03:00:00,1.0,4.0,0.0,0.0,586.75,D,CCT
June,18,03:30:00,1.0,1.0,0.0,0.0,513.0,D,CCT
June,18,04:00:00,1.0,0.0,0.0,0.0,513.0,D,CCT
June,18,04:30:00,1.0,0.0,0.0,0.0,513.0,D,CCT
June,18,05:00:00,1.0,0.0,0.0,0.0,513.0,D,CCT
June,20,03:00:00,1.0,3.0,1.0,0.3333,699.0,D,CCT
June,22,02:30:00,1.0,3.0,2.0,0.6667,1122.0,D,CCT
June,22,03:00:00,1.0,1.0,0.0,0.0,551.0,D,CCT
June,22,04:00:00,1.0,1.0,0.0,0.0,22.0,D,CCT
June,22,04:30:00,1.0,0.0,0.0,0.0,22.0,D,CCT
June,23,01:00:00,1.0,15.0,0.0,0.0,559.0,D,CCT
June,23,01:30:00,1.0,5.0,0.0,0.0,523.6,D,CCT
June,23,03:00:00,1.0,3.0,0.0,0.0,701.33,D,CCT
June,24,03:00:00,1.0,3.0,0.0,0.0,681.33,D,CCT
June,25,03:30:00,1.0,1.0,0.0,0.0,109.0,D,CCT
June,25,04:00:00,1.0,0.0,0.0,0.0,109.0,D,CCT
June,25,04:30:00,1.0,0.0,0.0,0.0,109.0,D,CCT
June,25,05:00:00,1.0,0.0,0.0,0.0,109.0,D,CCT
June,25,05:30:00,1.0,0.0,0.0,0.0,109.0,D,CCT
June,27,03:00:00,1.0,2.0,0.0,0.0,92.0,D,CCT
June,27,03:30:00,1.0,0.0,0.0,0.0,92.0,D,CCT
June,27,04:00:00,1.0,0.0,0.0,0.0,92.0,D,CCT
June,28,03:00:00,1.0,3.0,0.0,0.0,662.67,D,CCT
June,28,03:30:00,1.0,0.0,0.0,0.0,662.67,D,CCT
June,28,04:00:00,1.0,0.0,0.0,0.0,662.67,D,CCT
June,28,04:30:00,1.0,0.0,0.0,0.0,662.67,D,CCT
June,30,05:00:00,0.75,4.0,0.0,0.0,813.0,D,CCT
