Month,Day,Interval,Calls_Offered_A,Abandoned_Calls_A,Abandoned_Rate_A,CCT_A,Calls_Offered_B,Abandoned_Calls_B,Abandoned_Rate_B,CCT_B,Calls_Offered_C,Abandoned_Calls_C,Abandoned_Rate_C,CCT_C,Calls_Offered_D,Abandoned_Calls_D,Abandoned_Rate_D,CCT_D
August,1,0:00,6,0,0.0,412.04,36,0,0.0,317.35,78,0,0.0,356.43,42,0,0.0,336.88
August,1,0:30,5,0,0.0,364.95,26,0,0.0,332.35,61,0,0.0,336.9,32,0,0.0,331.69
August,1,1:00,4,0,0.0,310.26,14,0,0.0,358.84,45,0,0.0,330.71,23,0,0.0,344.73
August,1,1:30,3,0,0.0,249.94,9,0,0.0,300.49,33,0,0.0,322.71,17,0,0.0,321.38
August,1,2:00,2,0,0.0,256.39,6,0,0.0,318.9,24,0,0.0,322.88,12,0,0.0,331.76
August,1,2:30,2,0,0.0,272.62,5,0,0.0,342.14,20,0,0.0,340.62,9,0,0.0,340.98
August,1,3:00,2,0,0.0,213.83,5,0,0.0,377.41,16,0,0.0,361.74,3,0,0.0,345.38
August,1,3:30,2,0,0.0,200.35,4,0,0.0,372.01,16,0,0.0,368.3,1,0,0.0,294.08
August,1,4:00,2,0,0.0,237.85,4,0,0.0,303.41,16,0,0.0,330.05,0,0,0.0,325.21
August,1,4:30,2,0,0.0,257.57,4,0,1e-05,247.5,17,0,0.0,324.56,0,0,0.0,332.35
August,1,5:00,2,0,0.000192,259.42,4,0,0.001838,261.19,20,0,7e-06,318.99,1,0,0.000258,321.8
August,1,5:30,2,0,0.024538,245.59,5,0,0.053876,287.12,24,0,0.000952,311.07,3,0,0.00827,276.73
August,1,6:00,3,1,0.44506,245.88,7,3,0.412774,301.72,39,0,0.012595,287.63,13,1,0.04246,259.5
August,1,6:30,5,5,1.0,293.46,13,7,0.546543,319.64,62,1,0.02228,273.63,26,2,0.057331,267.66
August,1,7:00,11,6,0.592629,311.9,37,3,0.092419,286.68,107,1,0.011145,272.38,47,1,0.015051,274.09
August,1,7:30,21,3,0.161069,312.52,62,3,0.046942,282.53,179,2,0.011721,273.94,81,1,0.009572,285.36
August,1,8:00,51,1,0.013595,302.83,114,2,0.016706,293.23,305,1,0.003544,289.09,138,1,0.009352,286.64
August,1,8:30,91,0,0.000324,310.23,168,3,0.020687,313.14,453,0,0.001099,307.47,200,2,0.008078,291.32
August,1,9:00,134,0,2e-06,320.6,240,4,0.018576,331.12,641,2,0.003588,314.6,279,3,0.009744,301.89
August,1,9:30,173,0,9.5e-05,328.49,303,4,0.012175,337.93,800,6,0.007573,318.64,344,5,0.014646,310.78
August,1,10:00,200,0,0.001763,335.92,366,3,0.009085,343.75,922,10,0.010901,329.39,404,6,0.015536,313.24
August,1,10:30,231,1,0.004238,338.36,415,7,0.017215,344.81,1021,16,0.015483,338.17,444,8,0.018732,324.1
August,1,11:00,246,0,0.001605,338.45,460,13,0.027871,349.23,1088,12,0.011313,344.9,480,7,0.015518,329.26
August,1,11:30,257,1,0.00367,336.45,506,19,0.037334,357.35,1126,15,0.013294,346.55,505,6,0.012451,328.03
August,1,12:00,264,3,0.009821,334.77,547,15,0.027688,360.06,1138,22,0.019155,346.55,518,6,0.010895,328.06
August,1,12:30,264,1,0.004845,343.4,561,16,0.028546,362.13,1142,20,0.017696,350.0,528,5,0.009061,336.38
August,1,13:00,265,1,0.003857,349.55,576,16,0.027428,354.68,1139,12,0.010867,356.86,533,5,0.008871,339.58
August,1,13:30,267,0,0.001418,346.9,590,17,0.029315,352.77,1136,12,0.010283,357.48,542,7,0.012409,337.51
August,1,14:00,270,1,0.002283,345.0,609,21,0.034727,359.1,1144,13,0.011015,357.65,555,9,0.016756,334.62
August,1,14:30,277,3,0.009243,344.69,619,21,0.03437,360.7,1143,14,0.012059,357.3,553,10,0.018956,337.45
August,1,15:00,274,5,0.018179,340.68,617,12,0.019157,362.82,1138,17,0.015269,356.57,549,8,0.01439,341.05
August,1,15:30,274,6,0.022255,345.4,609,10,0.016308,361.96,1130,20,0.017538,357.35,547,7,0.013633,339.44
August,1,16:00,268,2,0.007095,348.7,607,10,0.016759,367.38,1112,11,0.009634,358.42,559,5,0.009098,339.8
August,1,16:30,253,0,0.000345,350.32,594,10,0.016557,364.35,1069,7,0.006105,357.72,539,4,0.00795,338.14
August,1,17:00,223,0,3e-06,347.48,568,10,0.016774,359.41,1007,7,0.006932,358.32,500,3,0.006418,342.15
August,1,17:30,198,0,8.3e-05,343.77,538,11,0.021213,361.14,928,7,0.007453,359.85,460,2,0.00505,335.38
August,1,18:00,171,0,0.002057,347.8,476,13,0.027193,364.26,811,6,0.006921,362.12,411,2,0.004042,332.57
August,1,18:30,145,1,0.006743,363.47,426,9,0.02138,357.72,730,5,0.006486,361.34,368,3,0.007903,334.85
August,1,19:00,100,0,0.003523,365.05,387,11,0.029412,353.68,649,5,0.007934,355.04,334,5,0.014647,336.04
August,1,19:30,74,0,0.000223,351.62,343,8,0.024586,345.76,573,5,0.008276,356.16,297,5,0.016598,336.25
August,1,20:00,57,0,2e-06,344.26,294,6,0.021212,350.06,482,6,0.011453,353.15,253,4,0.014369,330.34
August,1,20:30,45,0,0.0,335.21,260,5,0.017827,352.85,410,2,0.005115,348.0,221,4,0.019047,323.56
August,1,21:00,34,0,1e-05,338.02,219,3,0.014439,345.15,343,0,0.000621,349.04,185,8,0.044717,332.03
August,1,21:30,26,0,0.0021,327.37,180,4,0.019905,336.4,281,0,2.4e-05,346.83,157,6,0.041021,338.85
August,1,22:00,22,1,0.054499,333.44,142,1,0.008236,334.71,228,0,0.0,344.67,126,2,0.015422,329.03
August,1,22:30,16,4,0.241694,353.7,114,0,0.000474,327.56,183,0,0.0,342.78,104,0,0.002039,314.53
August,1,23:00,12,3,0.23312,322.43,85,0,4e-06,336.73,140,0,0.0,333.46,81,0,8.8e-05,310.14
August,1,23:30,10,1,0.073043,258.55,69,0,0.0,345.53,114,0,0.0,318.42,66,0,1e-06,311.43
August,2,0:00,7,0,0.0,339.91,40,0,0.011483,305.99,70,0,0.0,319.93,44,0,0.0,317.9
August,2,0:30,5,0,0.0,347.1,28,0,0.00456,334.36,55,0,0.0,321.84,31,0,0.0,324.1
August,2,1:00,4,0,0.0,271.57,13,0,0.000442,341.9,41,0,0.0,329.9,24,0,0.0,318.08
August,2,1:30,2,0,0.0,216.13,7,0,5e-06,295.15,32,0,0.0,323.14,17,0,0.0,312.18
August,2,2:00,2,0,0.0,278.91,5,0,0.0,287.68,22,0,0.0,316.33,12,0,0.0,306.81
August,2,2:30,2,0,0.0,292.83,4,0,0.0,295.1,16,0,0.0,325.37,8,0,0.0,323.5
August,2,3:00,2,0,0.0,275.39,3,0,0.0,266.86,13,0,0.0,309.04,3,0,0.0,345.14
August,2,3:30,1,0,0.0,237.15,3,0,0.0,204.1,13,0,0.0,298.74,1,0,0.0,313.29
August,2,4:00,1,0,0.0,245.25,3,0,0.0,246.79,12,0,0.0,332.96,0,0,0.0,383.27
August,2,4:30,1,0,0.0,245.04,3,0,0.0,299.66,12,0,0.0,342.22,0,0,0.0,378.62
August,2,5:00,1,0,0.0,273.87,3,0,3.4e-05,276.36,13,0,0.0,363.56,1,0,0.0,291.53
August,2,5:30,2,0,0.0,219.08,3,0,0.005452,296.5,16,0,0.0,319.89,3,0,0.0,260.13
August,2,6:00,2,0,0.0,244.47,5,0,0.08799,343.74,23,0,4e-06,291.46,9,0,8e-06,251.86
August,2,6:30,3,0,0.0,276.41,8,1,0.140618,331.73,40,0,0.000402,274.13,17,0,0.000739,262.39
August,2,7:00,7,0,0.0,261.5,16,0,0.024309,303.75,70,0,0.004905,261.76,29,0,0.009064,277.18
August,2,7:30,14,0,0.0,282.21,28,0,0.000675,313.71,116,1,0.008253,262.42,47,1,0.015338,292.83
August,2,8:00,33,0,0.0,270.1,51,0,0.000374,311.79,194,0,0.001886,274.41,80,0,0.003425,292.01
August,2,8:30,58,0,2e-06,279.67,79,0,0.005437,312.73,280,1,0.002006,291.56,120,0,0.002657,287.98
August,2,9:00,82,0,0.000182,280.27,152,2,0.011974,302.99,394,4,0.009182,298.05,173,2,0.009066,291.43
August,2,9:30,100,0,0.003171,279.9,204,3,0.015064,310.12,478,8,0.016239,309.35,217,3,0.015439,287.54
August,2,10:00,120,1,0.007495,289.19,252,4,0.017674,318.35,584,6,0.009736,317.01,256,5,0.019594,293.2
August,2,10:30,150,1,0.005641,294.36,292,7,0.0238,328.79,651,6,0.009463,325.73,300,7,0.024563,301.62
August,2,11:00,168,2,0.014372,296.5,331,7,0.021442,332.15,701,8,0.011058,329.83,339,6,0.017377,309.07
August,2,11:30,175,5,0.026888,296.64,362,8,0.020724,334.0,720,10,0.014456,334.78,354,3,0.008775,312.05
August,2,12:00,186,8,0.040861,304.08,383,7,0.017796,332.53,732,11,0.015513,336.06,367,3,0.007633,315.73
August,2,12:30,192,10,0.052173,305.55,397,11,0.028227,336.2,733,12,0.016084,335.89,376,4,0.01137,314.3
August,2,13:00,193,5,0.023723,312.03,412,15,0.035527,336.85,726,10,0.01447,338.35,380,5,0.014324,313.89
August,2,13:30,189,1,0.007597,316.77,426,17,0.039054,335.49,726,12,0.016726,340.3,381,7,0.017756,311.13
August,2,14:00,185,3,0.014771,317.9,440,16,0.036354,338.65,729,11,0.015728,340.72,381,8,0.021444,313.64
August,2,14:30,184,3,0.015086,315.52,441,11,0.025314,342.16,716,5,0.007521,339.68,382,12,0.031431,315.12
August,2,15:00,180,1,0.004336,313.02,432,6,0.013829,335.49,684,1,0.001503,341.2,374,7,0.018781,307.14
August,2,15:30,177,0,0.0002,320.7,426,5,0.0123,331.74,662,0,0.000599,338.97,358,4,0.009816,305.34
August,2,16:00,176,0,0.0002,322.07,422,5,0.011317,341.62,639,1,0.001855,340.28,344,3,0.007892,313.51
August,2,16:30,163,1,0.004682,305.92,403,4,0.008748,348.62,600,2,0.002617,339.29,323,2,0.006277,313.34
August,2,17:00,148,2,0.016352,313.44,386,3,0.007398,346.42,570,2,0.003754,340.92,301,2,0.006313,314.08
August,2,17:30,130,2,0.013349,322.46,369,4,0.011258,348.27,545,1,0.002374,340.71,285,1,0.003969,315.49
August,2,18:00,117,1,0.00603,327.33,339,7,0.019503,350.74,500,2,0.00404,340.15,260,1,0.003416,319.56
August,2,18:30,100,1,0.008984,332.53,309,6,0.019301,347.94,451,2,0.004791,342.82,233,0,0.001728,328.28
August,2,19:00,76,0,0.004171,326.03,273,4,0.014784,341.52,408,3,0.007111,342.08,217,0,0.001733,326.84
August,2,19:30,59,0,0.00025,321.04,241,5,0.021793,333.94,365,4,0.010673,340.15,194,0,0.000713,322.23
August,2,20:00,47,0,2e-06,301.37,212,9,0.042757,331.21,327,4,0.010697,340.59,168,0,0.001125,311.03
August,2,20:30,39,0,0.0,289.53,185,6,0.029902,318.7,276,2,0.00665,338.71,152,1,0.007247,304.93
August,2,21:00,29,0,0.0,302.25,153,4,0.028223,313.89,232,1,0.006195,337.65,126,2,0.016175,306.5
August,2,21:30,22,0,0.0,322.72,128,2,0.01933,317.72,192,0,0.002335,332.39,107,1,0.00645,310.58
August,2,22:00,16,0,0.0,352.84,102,1,0.013988,315.4,161,0,0.000129,322.62,93,0,0.000343,308.64
August,2,22:30,11,0,0.0,326.61,80,1,0.009633,313.59,131,0,1e-06,317.42,77,0,3e-06,308.31
August,2,23:00,9,0,0.0,321.3,63,1,0.017315,297.87,104,0,0.0,315.21,62,0,0.0,302.19
August,2,23:30,7,0,0.0,281.01,49,0,0.008258,297.33,91,0,0.0,312.4,51,0,0.0,289.11
August,3,0:00,3,0,0.0,318.08,39,0,0.0,277.45,56,0,0.0,306.52,39,0,0.0,293.46
August,3,0:30,3,0,0.0,333.18,28,0,0.0,282.59,45,0,0.0,314.31,28,0,0.0,292.87
August,3,1:00,3,0,0.0,332.66,13,0,0.0,314.29,34,0,0.0,292.35,21,0,0.0,322.83
August,3,1:30,2,0,0.0,309.51,8,0,0.0,330.46,27,0,0.0,284.97,16,0,0.0,346.89
August,3,2:00,2,0,0.0,234.51,6,0,0.0,342.63,20,0,0.0,297.99,12,0,0.0,346.77
August,3,2:30,1,0,0.0,272.46,4,0,0.0,294.65,15,0,0.0,301.0,8,0,0.0,355.59
August,3,3:00,2,0,0.0,325.83,4,0,0.0,298.46,12,0,0.0,320.13,3,0,0.0,335.88
August,3,3:30,2,0,0.0,422.58,3,0,0.0,251.71,10,0,0.0,366.02,1,0,0.0,252.44
August,3,4:00,2,0,0.0,364.64,3,0,0.0,205.38,9,0,0.0,384.67,0,0,0.0,206.96
August,3,4:30,2,0,0.0,256.25,3,0,0.0,317.45,9,0,0.0,354.84,1,0,0.0,247.24
August,3,5:00,2,0,0.0,200.49,2,0,0.0,402.73,10,0,0.0,318.94,1,0,0.0,294.23
August,3,5:30,2,0,0.0,212.23,3,0,0.0,304.5,12,0,0.0,267.5,1,0,0.0,273.26
August,3,6:00,3,0,0.0,239.51,3,0,0.0,255.05,18,0,0.0,258.48,6,0,0.0,229.37
August,3,6:30,2,0,0.0,237.9,5,0,0.0,248.69,29,0,0.0,257.49,12,0,0.0,253.61
August,3,7:00,5,0,0.0,263.72,10,0,0.0,266.56,44,0,0.0,261.36,21,0,0.0,291.2
August,3,7:30,7,0,0.0,285.39,14,0,0.0,280.19,70,0,0.0,264.32,35,0,0.0,297.27
August,3,8:00,14,0,0.0,268.42,25,0,0.0,270.84,112,0,0.0,271.45,53,0,0.0,291.37
August,3,8:30,17,0,0.0,269.74,40,0,0.0,285.22,151,0,0.0,283.41,71,0,6e-06,298.79
August,3,9:00,21,0,0.0,264.09,79,0,0.0,293.2,198,0,0.0,291.65,99,0,0.000667,291.65
August,3,9:30,25,0,0.0,285.74,105,0,0.0,297.99,246,0,0.0,288.15,121,2,0.01271,283.42
August,3,10:00,29,0,0.0,289.06,130,0,4e-06,296.52,301,0,0.0,289.34,144,7,0.048749,294.55
August,3,10:30,36,0,0.0,283.36,148,0,0.000573,301.64,357,0,0.0,295.74,173,11,0.063243,307.71
August,3,11:00,37,0,0.0,285.87,168,2,0.010845,299.87,392,0,3e-06,304.11,191,6,0.033406,303.79
August,3,11:30,41,0,6e-06,290.56,191,5,0.026777,300.91,432,0,0.000385,307.21,206,3,0.015576,301.85
August,3,12:00,58,0,0.000648,289.12,212,4,0.017336,300.05,461,4,0.008139,305.27,217,1,0.006115,300.04
August,3,12:30,71,1,0.01132,289.92,240,6,0.025358,300.54,470,15,0.031804,306.93,220,3,0.012394,298.56
August,3,13:00,83,2,0.026694,291.26,264,7,0.024593,297.28,476,25,0.052037,313.98,223,6,0.025952,304.34
August,3,13:30,87,1,0.009692,290.28,279,8,0.030055,300.72,479,30,0.062272,316.75,231,5,0.023474,304.1
August,3,14:00,91,1,0.010948,294.84,293,5,0.018465,304.71,482,18,0.037786,319.48,233,3,0.011553,304.64
August,3,14:30,92,3,0.029152,297.75,298,1,0.004088,307.6,481,6,0.012399,319.24,233,3,0.0149,304.13
August,3,15:00,91,2,0.01793,298.7,301,0,0.000353,305.75,479,1,0.001973,321.33,232,3,0.010837,307.43
August,3,15:30,92,2,0.02077,293.6,305,1,0.003749,304.38,470,0,8e-05,320.7,233,4,0.016045,306.51
August,3,16:00,92,1,0.007357,286.93,299,3,0.01079,305.13,460,0,0.0,318.07,226,3,0.012058,314.89
August,3,16:30,85,0,0.000371,278.3,285,2,0.008004,305.01,447,0,0.0,322.26,219,4,0.018218,314.1
August,3,17:00,75,0,3e-06,277.1,277,3,0.01172,305.28,426,0,0.0,320.87,212,1,0.006782,316.28
August,3,17:30,67,0,0.0,279.07,265,2,0.006703,302.45,403,0,0.0,315.66,205,1,0.002632,311.73
August,3,18:00,53,0,0.0,292.65,242,3,0.011956,302.63,354,0,0.0,316.3,191,1,0.006871,304.21
August,3,18:30,44,0,0.0,285.48,218,6,0.026126,297.82,329,0,0.0,316.29,176,0,0.002686,301.66
August,3,19:00,34,0,0.0,277.74,196,8,0.038789,293.1,302,0,0.0,317.92,161,0,0.000341,304.8
August,3,19:30,32,0,0.0,274.41,177,5,0.028938,301.71,274,0,0.0,316.32,157,1,0.004448,314.08
August,3,20:00,31,0,0.0,289.15,154,1,0.007997,299.57,249,0,0.0,309.7,144,2,0.013478,312.12
August,3,20:30,28,0,0.0,290.57,135,0,0.000401,295.85,224,0,0.0,311.86,128,1,0.005449,308.48
August,3,21:00,23,0,1e-05,298.31,122,0,3e-06,296.56,200,0,0.0,313.8,105,0,0.000312,310.84
August,3,21:30,17,0,0.0022,320.19,106,0,0.0,301.97,171,0,0.0,308.89,94,0,0.000197,315.39
August,3,22:00,15,1,0.055386,289.71,85,0,0.0,297.52,147,0,0.0,308.24,84,0,0.004683,312.27
August,3,22:30,12,2,0.183331,303.68,69,0,0.0,283.84,125,0,0.0,307.06,71,1,0.015223,307.99
August,3,23:00,9,1,0.087784,335.59,54,0,0.0,259.21,100,0,0.0,305.09,58,0,0.006718,316.11
August,3,23:30,8,0,0.004901,296.27,44,0,0.0,259.53,85,0,0.0,302.22,52,0,0.000353,337.05
August,4,0:00,4,0,0.0,365.79,25,0,0.0,361.46,57,0,0.0,334.56,32,0,0.0,327.76
August,4,0:30,3,0,0.0,331.63,21,0,0.0,349.93,47,0,0.0,329.33,26,0,0.0,328.33
August,4,1:00,2,0,0.0,339.95,12,0,0.0,366.25,35,0,0.0,330.13,19,0,0.0,339.02
August,4,1:30,2,0,0.0,346.87,7,0,0.0,343.02,25,0,0.0,332.58,15,0,0.0,325.49
August,4,2:00,2,0,0.0,400.92,5,0,0.0,296.66,18,0,0.0,322.11,10,0,0.0,317.59
August,4,2:30,2,0,0.0,326.7,5,0,0.0,310.51,15,0,0.0,344.44,9,0,0.0,331.75
August,4,3:00,2,0,0.0,238.4,4,0,0.0,343.45,12,0,0.0,339.06,6,0,0.0,350.01
August,4,3:30,2,0,0.0,268.33,4,0,0.0,355.14,11,0,0.0,330.16,5,0,0.0,291.52
August,4,4:00,2,0,0.0,269.79,3,0,0.0,304.24,11,0,0.0,317.94,5,0,0.0,286.12
August,4,4:30,2,0,0.0,204.15,3,0,0.0,270.39,10,0,0.0,303.53,5,0,0.0,258.02
August,4,5:00,2,0,0.0,218.01,3,0,6.2e-05,270.64,12,0,0.0,311.6,5,0,0.0,267.59
August,4,5:30,2,0,0.0,232.8,4,0,0.008156,241.24,18,0,0.0,280.06,6,0,0.0,283.78
August,4,6:00,2,0,0.0,245.44,5,1,0.133771,247.45,30,0,0.0,269.72,13,0,0.0,258.41
August,4,6:30,4,0,0.0,235.1,10,2,0.187777,317.36,51,0,0.0,284.66,21,0,0.0,254.85
August,4,7:00,8,0,0.0,251.4,29,1,0.022823,301.96,90,0,0.0,270.99,38,0,5e-06,272.77
August,4,7:30,18,0,8e-06,303.48,51,0,0.001186,290.38,152,0,2e-06,275.59,68,0,0.000448,279.6
August,4,8:00,47,0,0.000527,314.79,96,1,0.006509,298.22,281,0,0.00014,295.92,122,1,0.005307,282.08
August,4,8:30,88,1,0.006694,325.36,153,2,0.011465,312.43,435,1,0.002065,312.05,193,2,0.010238,293.47
August,4,9:00,136,3,0.02222,325.66,232,1,0.004303,324.31,621,4,0.006272,327.76,297,4,0.015035,304.57
August,4,9:30,178,5,0.027632,334.32,305,2,0.00665,333.72,790,9,0.010927,341.35,373,12,0.032034,317.07
August,4,10:00,211,2,0.007636,339.75,376,6,0.017062,340.33,941,15,0.01551,345.96,445,13,0.029109,326.0
August,4,10:30,237,0,0.000316,336.49,425,12,0.028231,350.49,1059,14,0.013064,353.86,497,19,0.038547,329.8
August,4,11:00,250,0,0.000311,342.08,471,10,0.021883,358.41,1142,17,0.014686,362.02,538,14,0.026667,332.92
August,4,11:30,257,2,0.006396,346.44,503,12,0.02338,362.29,1170,27,0.023441,365.89,574,14,0.024787,335.27
August,4,12:00,261,5,0.017668,340.89,541,10,0.018417,361.63,1197,28,0.023332,365.02,601,17,0.027949,339.63
August,4,12:30,265,3,0.009521,331.11,563,12,0.021796,365.2,1200,22,0.018278,366.59,608,19,0.030748,342.64
August,4,13:00,261,3,0.009584,333.97,586,12,0.020462,364.69,1194,18,0.015403,370.08,602,15,0.025587,343.95
August,4,13:30,260,1,0.003659,344.42,602,14,0.023553,358.3,1192,24,0.019777,374.68,610,12,0.019956,338.57
August,4,14:00,266,2,0.00656,345.59,609,10,0.01701,358.39,1208,24,0.019837,376.26,622,11,0.017321,336.96
August,4,14:30,272,6,0.021807,347.33,613,8,0.01313,361.47,1216,24,0.019826,376.16,633,11,0.01716,342.87
August,4,15:00,273,7,0.027359,347.03,615,6,0.010405,362.55,1216,14,0.011274,375.26,633,9,0.01422,344.57
August,4,15:30,275,8,0.028288,350.16,615,5,0.007469,362.6,1213,6,0.005282,376.33,625,11,0.016803,347.14
August,4,16:00,269,2,0.00897,349.79,619,4,0.006479,366.85,1208,6,0.005293,374.15,624,8,0.012708,352.11
August,4,16:30,261,1,0.003476,345.98,605,5,0.007763,370.51,1175,6,0.005476,374.78,614,9,0.014832,355.9
August,4,17:00,236,2,0.009369,348.37,577,4,0.007125,369.44,1111,6,0.005263,374.68,588,8,0.013099,355.45
August,4,17:30,213,1,0.003743,342.67,547,4,0.00749,372.4,1026,9,0.008953,374.23,551,7,0.012156,347.59
August,4,18:00,175,0,0.000213,340.67,487,6,0.011748,371.63,932,10,0.01067,374.32,490,5,0.009324,349.6
August,4,18:30,151,0,2e-06,350.32,449,8,0.016952,369.99,822,8,0.009208,378.24,432,4,0.009989,349.55
August,4,19:00,106,0,2e-06,350.41,402,6,0.014899,368.09,725,11,0.014589,381.75,394,8,0.021534,343.12
August,4,19:30,81,0,0.000404,349.2,372,6,0.017365,358.67,649,11,0.016673,380.02,364,15,0.039859,344.66
August,4,20:00,61,1,0.012755,346.37,330,9,0.028548,354.84,563,11,0.01993,377.13,318,13,0.042336,340.76
August,4,20:30,49,4,0.079539,351.02,274,6,0.022151,351.24,476,5,0.010776,370.84,269,7,0.027716,339.83
August,4,21:00,39,6,0.156543,346.7,224,4,0.018374,345.97,399,1,0.002107,365.08,224,6,0.026645,340.37
August,4,21:30,30,2,0.071307,332.5,184,1,0.006504,349.71,336,0,9.9e-05,357.52,187,3,0.015445,347.65
August,4,22:00,23,3,0.139289,334.85,145,0,0.000377,345.08,267,0,1e-06,351.8,151,1,0.003517,342.91
August,4,22:30,17,9,0.515984,343.99,112,0,3e-06,335.28,208,0,0.0,343.86,127,0,0.003254,345.33
August,4,23:00,14,3,0.222289,337.37,85,0,0.0,316.63,161,0,0.0,342.75,101,1,0.010788,350.18
August,4,23:30,11,0,0.013881,341.04,68,0,0.0,306.74,129,0,0.0,354.58,79,0,0.005174,338.41
August,5,0:00,5,0,0.0,377.71,33,0,0.0,318.21,75,0,0.0,351.35,47,0,0.0,327.87
August,5,0:30,4,0,0.0,314.1,24,0,0.0,323.61,57,0,0.0,349.83,36,0,0.0,353.83
August,5,1:00,3,0,0.0,298.84,14,0,0.0,336.48,41,0,0.0,341.8,27,0,0.0,375.35
August,5,1:30,2,0,0.0,287.53,8,0,0.0,341.62,30,0,0.0,313.01,20,0,0.0,359.69
August,5,2:00,2,0,0.0,320.41,5,0,0.0,350.81,22,0,0.0,300.62,14,0,0.0,330.54
August,5,2:30,2,0,0.0,259.15,4,0,0.0,376.63,18,0,0.0,292.73,10,0,0.0,323.36
August,5,3:00,2,0,0.0,254.97,4,0,0.0,327.73,14,0,0.0,296.73,4,0,0.0,330.86
August,5,3:30,2,0,0.0,263.86,3,0,0.0,256.5,13,0,0.0,309.83,1,0,0.0,294.81
August,5,4:00,2,0,0.0,262.26,3,0,0.0,228.47,12,0,0.0,311.18,1,0,0.0,226.17
August,5,4:30,2,0,0.0,281.56,3,0,0.0,220.69,12,0,0.0,293.2,1,0,0.0,199.72
August,5,5:00,2,0,0.0,245.16,3,0,0.000158,227.5,14,0,0.0,296.74,1,0,0.0,220.39
August,5,5:30,2,0,0.0,223.96,4,0,0.020447,292.98,19,0,0.0,296.32,3,0,0.0,267.26
August,5,6:00,3,0,0.0,249.37,6,2,0.282718,299.55,31,0,0.0,267.83,13,0,0.0,245.46
August,5,6:30,5,0,0.0,222.11,11,4,0.411467,306.15,52,0,0.0,256.73,24,0,0.0,249.62
August,5,7:00,9,0,3.1e-05,255.2,29,2,0.05438,289.8,93,0,0.0,269.97,44,0,0.0,278.05
August,5,7:30,20,0,0.002409,293.6,50,0,0.002112,291.73,155,0,0.0,282.75,75,0,0.0,288.15
August,5,8:00,50,1,0.020957,293.31,94,1,0.007353,300.4,270,0,1e-06,302.65,128,0,1e-06,290.06
August,5,8:30,88,4,0.041277,310.89,148,2,0.012961,316.42,403,0,0.000136,318.15,192,0,0.00011,294.8
August,5,9:00,130,4,0.028831,328.45,217,1,0.003193,323.74,577,1,0.002119,328.69,273,0,0.001782,302.64
August,5,9:30,171,2,0.014521,332.41,280,0,0.000573,333.1,726,5,0.00641,336.58,339,2,0.006694,313.84
August,5,10:00,202,1,0.003299,332.96,337,3,0.008176,339.11,847,9,0.010194,341.91,403,6,0.015266,322.41
August,5,10:30,224,1,0.002818,333.6,377,8,0.02153,347.04,948,15,0.015336,348.94,449,12,0.025675,327.33
August,5,11:00,238,2,0.007099,337.1,421,7,0.017393,352.44,1018,13,0.012325,353.64,489,10,0.020813,334.74
August,5,11:30,248,1,0.004294,337.99,453,11,0.024765,355.26,1051,13,0.01198,355.27,520,9,0.016931,335.06
August,5,12:00,252,2,0.008671,337.91,484,7,0.015061,361.63,1057,21,0.019539,357.74,540,8,0.015382,335.81
August,5,12:30,254,3,0.012595,333.49,501,6,0.011581,365.08,1063,24,0.022491,361.42,548,11,0.020451,336.08
August,5,13:00,254,1,0.00403,337.45,522,4,0.008084,365.16,1064,13,0.011778,362.66,547,11,0.019322,336.88
August,5,13:30,254,0,0.000186,342.91,537,9,0.015863,360.88,1064,9,0.008379,365.42,544,10,0.018073,338.94
August,5,14:00,259,0,1e-06,341.89,554,8,0.014859,359.46,1078,9,0.00875,368.03,557,9,0.015912,337.78
August,5,14:30,262,0,0.0,345.87,565,5,0.008362,361.86,1081,11,0.009998,371.57,557,6,0.010858,336.85
August,5,15:00,261,0,0.0,348.88,563,4,0.007242,359.43,1074,8,0.007373,370.75,554,4,0.008006,338.66
August,5,15:30,262,0,0.0,343.63,555,5,0.009361,358.98,1064,6,0.005423,371.25,559,4,0.007738,338.99
August,5,16:00,263,0,0.0,346.5,555,6,0.010924,365.66,1056,5,0.00498,370.43,564,4,0.007038,342.61
August,5,16:30,251,0,0.0,346.8,538,5,0.010209,368.12,1037,5,0.005139,368.19,546,4,0.008129,343.76
August,5,17:00,222,0,0.0,343.2,511,6,0.011661,370.2,982,7,0.007247,370.39,511,3,0.0063,341.31
August,5,17:30,193,0,0.0,339.78,493,6,0.012364,369.55,921,10,0.010936,369.11,485,2,0.004557,343.36
August,5,18:00,173,0,0.0,339.76,449,7,0.014699,364.76,850,12,0.013689,366.89,444,3,0.006123,347.46
August,5,18:30,147,0,2e-06,344.04,406,5,0.012124,361.34,741,7,0.009466,365.95,390,2,0.004559,345.25
August,5,19:00,101,0,0.000469,353.65,361,5,0.014935,358.15,665,5,0.007124,365.2,355,3,0.007967,341.33
August,5,19:30,75,1,0.014047,348.36,329,6,0.018068,357.06,589,5,0.007916,363.62,324,6,0.017696,344.03
August,5,20:00,58,4,0.067705,350.88,285,10,0.035597,351.18,502,5,0.010436,364.75,285,5,0.018016,340.86
August,5,20:30,50,5,0.095001,351.77,244,9,0.034866,345.21,437,3,0.007681,362.42,246,3,0.011192,335.58
August,5,21:00,38,3,0.076303,342.15,201,4,0.018086,342.71,369,1,0.002159,361.01,203,1,0.004978,341.91
August,5,21:30,28,1,0.027304,321.61,168,1,0.004081,344.18,306,0,0.001046,359.68,175,0,0.001112,350.01
August,5,22:00,22,2,0.094337,308.0,133,0,0.000214,346.96,250,1,0.004131,354.64,141,0,0.001205,350.51
August,5,22:30,15,6,0.414749,304.97,104,0,2e-06,340.02,198,1,0.005198,348.19,116,0,0.003895,345.12
August,5,23:00,12,4,0.309341,327.06,80,0,0.0,327.87,151,0,0.001896,344.17,90,0,0.001815,346.09
August,5,23:30,9,1,0.079472,323.05,61,0,0.0,308.31,118,0,0.000109,343.49,74,0,0.000104,348.09
August,6,0:00,4,0,0.0,270.02,36,0,0.0,318.23,75,0,0.0,352.13,43,0,0.0,332.49
August,6,0:30,3,0,0.0,274.45,25,0,0.0,313.56,56,0,0.0,348.12,33,0,0.0,346.06
August,6,1:00,2,0,0.0,305.45,13,0,0.0,305.05,39,0,0.0,353.05,25,0,0.0,339.4
August,6,1:30,2,0,0.0,308.95,7,0,0.0,315.91,28,0,0.0,347.59,18,0,0.0,338.66
August,6,2:00,2,0,0.0,310.76,4,0,0.0,340.16,21,0,0.0,322.13,12,0,0.0,355.78
August,6,2:30,2,0,0.0,314.79,4,0,0.0,352.3,17,0,0.0,309.52,9,0,0.0,372.02
August,6,3:00,2,0,0.0,304.6,3,0,0.0,358.98,13,0,0.0,318.63,3,0,0.0,371.08
August,6,3:30,1,0,0.0,252.55,3,0,0.0,308.34,12,0,0.0,347.94,1,0,0.0,335.16
August,6,4:00,1,0,0.0,223.21,3,0,0.0,294.32,12,0,0.0,349.77,1,0,0.0,363.65
August,6,4:30,1,0,0.0,237.08,3,0,0.0,285.62,13,0,0.0,329.65,1,0,0.0,395.28
August,6,5:00,1,0,0.0,267.59,3,0,0.000116,304.66,14,0,0.0,301.8,1,0,8.5e-05,346.74
August,6,5:30,2,0,0.0,278.19,3,0,0.01593,328.95,20,0,0.0,273.57,3,0,0.004336,269.61
August,6,6:00,2,0,5.7e-05,260.08,5,1,0.213046,325.49,31,0,0.0,264.23,13,0,0.023218,255.53
August,6,6:30,4,0,0.005879,271.82,10,3,0.331229,279.54,53,0,0.0,264.47,25,1,0.03435,269.74
August,6,7:00,8,1,0.060641,303.17,27,3,0.094904,258.08,96,0,2e-06,279.46,45,0,0.006936,259.03
August,6,7:30,18,2,0.110235,320.75,48,4,0.086523,292.52,161,0,0.000239,288.81,78,0,0.000186,275.6
August,6,8:00,45,5,0.103683,311.99,88,2,0.027054,306.28,276,1,0.003202,300.92,131,0,5.1e-05,295.94
August,6,8:30,78,9,0.120575,336.89,138,3,0.018912,313.67,403,4,0.009657,316.07,193,0,0.000863,299.59
August,6,9:00,116,8,0.072213,336.36,203,1,0.006506,320.51,567,8,0.013272,327.4,277,1,0.003845,297.84
August,6,9:30,144,6,0.039108,337.48,261,3,0.011096,326.81,711,9,0.013127,333.16,335,3,0.010421,309.01
August,6,10:00,168,3,0.016572,335.05,310,11,0.034334,333.84,821,10,0.011818,336.3,390,9,0.023791,317.1
August,6,10:30,190,1,0.003166,334.7,342,18,0.051648,345.69,914,17,0.018455,345.74,428,15,0.035732,325.67
August,6,11:00,202,0,0.000408,335.07,385,9,0.023504,352.41,969,13,0.012974,351.9,466,8,0.018063,328.89
August,6,11:30,210,1,0.005892,333.58,419,9,0.022393,354.3,994,8,0.007656,355.02,489,6,0.012636,330.48
August,6,12:00,210,4,0.018967,344.02,451,5,0.011049,355.48,1007,13,0.012775,354.99,501,6,0.011375,330.04
August,6,12:30,210,3,0.014271,342.43,463,6,0.012814,355.6,1015,23,0.022745,357.77,511,6,0.012035,328.96
August,6,13:00,213,1,0.003308,340.7,474,6,0.013185,348.6,1014,12,0.012296,356.79,516,6,0.010907,332.64
August,6,13:30,212,0,0.000145,339.15,486,6,0.012696,350.58,1012,8,0.008076,356.3,524,4,0.006834,329.82
August,6,14:00,212,0,2e-06,340.02,496,4,0.00905,354.43,1014,9,0.0085,358.28,536,3,0.004915,330.84
August,6,14:30,214,0,0.000105,344.23,501,6,0.012057,358.96,1018,10,0.009657,360.67,534,4,0.007128,339.94
August,6,15:00,213,0,0.002259,342.97,503,4,0.008729,356.6,1007,8,0.008374,364.32,532,4,0.007215,344.73
August,6,15:30,213,1,0.006286,347.23,503,4,0.008495,355.49,999,9,0.009371,369.23,529,6,0.010536,342.7
August,6,16:00,209,0,0.0023,352.21,498,4,0.007931,354.81,986,6,0.005881,368.75,521,6,0.012218,340.38
August,6,16:30,200,0,0.000113,349.83,482,2,0.005093,356.76,949,5,0.005012,366.5,509,5,0.008938,339.17
August,6,17:00,182,0,1e-06,346.81,460,1,0.002726,358.25,899,7,0.008176,364.44,491,5,0.010735,335.19
August,6,17:30,161,0,0.0,338.85,440,4,0.008174,356.71,842,10,0.011496,365.79,457,5,0.010949,338.06
August,6,18:00,142,0,0.0,340.29,401,6,0.01529,354.39,767,8,0.010305,371.52,410,4,0.010584,333.85
August,6,18:30,120,0,0.0,359.15,358,3,0.008851,354.45,686,6,0.008802,371.64,367,5,0.012436,336.22
August,6,19:00,82,0,0.0,358.47,324,4,0.013127,355.43,615,6,0.009834,363.36,339,6,0.018115,337.9
August,6,19:30,61,0,2e-06,344.79,295,5,0.018649,357.09,540,6,0.010636,357.43,305,7,0.022428,344.98
August,6,20:00,48,0,0.000474,326.64,260,6,0.021572,354.43,465,4,0.008573,358.51,271,7,0.025173,341.36
August,6,20:30,40,0,0.01209,319.74,221,3,0.011464,347.62,400,3,0.008383,360.39,232,6,0.023986,332.43
August,6,21:00,31,1,0.042528,322.24,180,2,0.01362,344.96,338,1,0.002991,360.0,195,8,0.041444,334.97
August,6,21:30,24,0,0.020398,320.5,150,1,0.005723,343.0,281,0,0.000164,355.83,167,5,0.028991,334.64
August,6,22:00,18,0,0.016157,316.87,120,0,0.000335,325.26,228,0,1e-06,350.1,134,1,0.007404,333.41
August,6,22:30,13,1,0.058055,311.98,94,0,3e-06,321.75,180,0,0.0,335.22,112,0,0.000375,331.59
August,6,23:00,11,0,0.02485,321.65,72,0,0.0,316.95,139,0,0.0,334.63,87,0,3e-06,324.83
August,6,23:30,9,0,0.001494,293.62,57,0,0.0,315.73,112,0,0.0,335.23,71,0,0.0,316.35
August,7,0:00,5,0,0.0,336.67,34,0,0.0,306.85,73,0,0.0,336.58,42,0,0.0,350.8
August,7,0:30,4,0,0.0,340.73,24,0,0.0,295.0,58,0,0.0,331.76,33,0,0.0,358.34
August,7,1:00,3,0,0.0,328.42,12,0,0.0,290.75,43,0,0.0,332.77,24,0,0.0,357.78
August,7,1:30,2,0,0.0,323.76,8,0,0.0,322.67,30,0,0.0,321.79,19,0,0.0,337.49
August,7,2:00,2,0,0.0,282.55,5,0,0.0,375.31,21,0,0.0,264.17,14,0,0.0,317.36
August,7,2:30,1,0,0.0,296.9,4,0,0.0,379.65,17,0,0.0,228.53,9,0,0.0,302.31
August,7,3:00,1,0,0.0,335.27,3,0,0.0,330.39,13,0,0.0,287.88,3,0,0.0,318.29
August,7,3:30,2,0,0.0,306.3,3,0,0.0,354.99,13,0,0.0,323.65,1,0,0.0,363.05
August,7,4:00,2,0,0.0,282.0,3,0,0.0,342.85,12,0,0.0,297.85,1,0,0.0,343.4
August,7,4:30,1,0,0.0,297.12,2,0,0.0,304.99,12,0,0.0,277.97,1,0,0.0,290.54
August,7,5:00,1,0,0.000317,254.71,3,0,0.00015,268.87,15,0,1.1e-05,266.93,1,0,0.000183,291.01
August,7,5:30,2,0,0.035652,272.27,3,0,0.018885,265.67,21,0,0.001258,274.96,3,0,0.010299,378.41
August,7,6:00,3,2,0.528821,275.36,5,1,0.274264,271.44,34,1,0.01674,274.91,13,1,0.054844,298.05
August,7,6:30,5,5,1.0,295.85,9,4,0.421886,339.24,57,2,0.028076,269.36,23,2,0.082243,272.03
August,7,7:00,9,6,0.626224,320.44,25,2,0.09055,310.26,97,1,0.012409,270.38,42,1,0.016678,278.35
August,7,7:30,19,4,0.189383,309.09,45,2,0.055307,300.97,158,2,0.01166,280.19,74,0,0.000445,269.48
August,7,8:00,47,2,0.035917,307.3,83,2,0.019598,313.71,269,1,0.004256,303.09,128,0,0.000235,279.17
August,7,8:30,82,2,0.027981,324.7,131,2,0.016948,322.27,393,2,0.005173,313.79,190,1,0.003684,297.11
August,7,9:00,116,1,0.00721,332.92,194,2,0.008155,322.65,543,4,0.006675,323.05,258,3,0.012838,305.93
August,7,9:30,147,1,0.004208,329.57,245,2,0.009631,328.48,683,6,0.008874,331.46,314,6,0.01967,314.52
August,7,10:00,174,2,0.012953,325.04,296,2,0.007602,334.75,799,10,0.012034,341.02,368,8,0.021183,321.26
August,7,10:30,201,3,0.012794,329.51,337,5,0.016025,346.2,884,15,0.017088,349.91,408,10,0.024436,324.36
August,7,11:00,215,1,0.003521,331.24,370,9,0.025202,351.46,937,16,0.017538,353.92,442,6,0.013107,330.4
August,7,11:30,222,0,0.000155,333.6,406,14,0.035743,348.37,965,15,0.015614,356.28,456,3,0.007311,333.07
August,7,12:00,226,0,1e-06,333.27,433,12,0.026627,351.29,971,13,0.013133,357.75,469,4,0.009132,329.35
August,7,12:30,226,0,0.0,328.3,441,11,0.025251,356.82,977,19,0.019852,359.84,476,7,0.015641,328.01
August,7,13:00,223,0,0.0,333.82,450,11,0.025387,352.59,970,19,0.019119,360.78,478,10,0.020374,331.53
August,7,13:30,225,0,1e-06,340.51,463,16,0.035595,349.52,967,11,0.01118,358.4,485,10,0.020036,330.67
August,7,14:00,228,0,0.000191,342.48,481,11,0.02298,353.01,974,16,0.016384,360.93,501,12,0.02484,333.32
August,7,14:30,229,1,0.004366,345.44,485,9,0.017807,356.2,980,32,0.032543,364.33,503,10,0.019631,339.16
August,7,15:00,230,4,0.018528,349.02,478,6,0.013482,359.53,973,15,0.014945,363.91,497,7,0.013537,343.55
August,7,15:30,228,6,0.027973,349.21,477,6,0.013209,360.54,974,6,0.006046,364.56,495,6,0.011455,341.08
August,7,16:00,227,4,0.017636,347.34,472,5,0.01058,358.13,956,6,0.006714,366.22,497,4,0.007301,338.63
August,7,16:30,220,1,0.004189,344.72,459,4,0.008671,355.64,918,7,0.007826,368.16,479,2,0.005014,342.53
August,7,17:00,197,0,0.002266,344.16,439,2,0.004549,357.73,870,6,0.007297,365.79,452,3,0.006286,342.19
August,7,17:30,169,1,0.006663,343.98,417,4,0.008854,358.07,813,9,0.010512,363.83,420,3,0.006005,340.09
August,7,18:00,150,0,0.002713,343.71,389,6,0.014374,356.24,736,8,0.010918,366.57,385,2,0.004944,343.56
August,7,18:30,127,0,0.00015,341.82,353,5,0.01403,356.15,657,8,0.011591,369.0,347,4,0.010766,338.61
August,7,19:00,89,0,3e-06,342.65,318,5,0.015336,352.54,583,14,0.024102,367.53,320,8,0.025973,334.93
August,7,19:30,67,0,0.000409,330.7,287,5,0.016044,356.76,522,23,0.043323,371.78,289,13,0.044568,335.28
August,7,20:00,52,1,0.01116,334.76,248,4,0.015955,360.42,454,16,0.034241,367.2,259,10,0.038906,329.35
August,7,20:30,43,2,0.037415,341.09,213,1,0.00536,349.83,393,9,0.023768,361.67,222,6,0.02496,331.79
August,7,21:00,33,1,0.017634,323.05,176,0,0.000504,348.08,326,3,0.007682,360.74,183,5,0.025724,333.05
August,7,21:30,25,0,0.002621,324.28,144,1,0.00551,344.91,269,0,0.000419,359.53,160,2,0.014392,331.66
August,7,22:00,20,1,0.041236,314.74,115,2,0.019083,335.79,221,0,3e-06,345.81,127,3,0.020115,337.65
August,7,22:30,14,2,0.156399,315.36,91,1,0.008706,327.39,172,0,0.0,339.81,102,1,0.011307,326.26
August,7,23:00,12,1,0.069541,330.16,68,0,0.000542,326.76,133,0,0.0,340.62,79,0,0.001854,326.45
August,7,23:30,9,0,0.004179,351.55,53,0,4e-06,317.04,107,0,0.0,337.54,66,0,8e-05,336.46
August,8,0:00,6,0,0.0,410.8,33,0,0.0,317.0,72,0,0.0,358.25,41,0,0.0,338.45
August,8,0:30,5,0,0.0,363.86,25,0,0.0,331.99,55,0,0.0,338.62,32,0,0.0,333.25
August,8,1:00,4,0,0.0,309.33,13,0,0.0,358.45,40,0,0.0,332.4,24,0,0.0,346.34
August,8,1:30,3,0,0.0,249.2,8,0,0.0,300.17,30,0,0.0,324.36,18,0,0.0,322.89
August,8,2:00,3,0,0.0,255.63,6,0,0.0,318.55,21,0,0.0,324.53,13,0,0.0,333.31
August,8,2:30,2,0,0.0,271.8,4,0,0.0,341.77,17,0,0.0,342.36,9,0,0.0,342.58
August,8,3:00,2,0,0.0,213.19,4,0,0.0,377.0,13,0,0.0,363.59,4,0,0.0,347.0
August,8,3:30,2,0,0.0,199.75,4,0,0.0,371.61,13,0,0.0,370.18,1,0,0.0,295.46
August,8,4:00,2,0,0.0,237.13,3,0,0.0,303.08,13,0,0.0,331.74,1,0,0.0,326.74
August,8,4:30,2,0,0.0,256.8,4,0,1e-05,247.23,14,0,0.0,326.22,1,0,0.0,333.9
August,8,5:00,2,0,0.000183,258.64,3,0,0.001835,260.9,16,0,7e-06,320.62,1,0,0.00015,323.3
August,8,5:30,2,0,0.024259,244.85,4,0,0.057812,286.81,20,0,0.000955,312.66,3,0,0.00799,278.02
August,8,6:00,3,1,0.437396,245.15,5,2,0.431083,301.39,32,0,0.012874,289.1,12,0,0.042122,260.72
August,8,6:30,4,4,1.0,292.59,10,6,0.561739,319.29,53,1,0.022154,275.03,25,1,0.056563,268.91
August,8,7:00,10,6,0.58169,310.97,30,3,0.094914,286.37,91,1,0.011102,273.78,45,1,0.014811,275.38
August,8,7:30,19,3,0.157979,311.59,50,2,0.047751,282.22,154,2,0.011529,275.34,76,1,0.009443,286.7
August,8,8:00,47,1,0.013301,301.92,92,2,0.016952,292.91,263,1,0.003493,290.57,131,1,0.009155,287.98
August,8,8:30,83,0,0.000319,309.31,135,3,0.021141,312.8,386,0,0.001095,309.04,188,1,0.007977,292.68
August,8,9:00,121,0,2e-06,319.64,195,4,0.018792,330.77,543,2,0.003595,316.21,260,3,0.009694,303.31
August,8,9:30,153,0,9.7e-05,327.51,243,3,0.012488,337.57,680,5,0.00757,320.27,323,5,0.014466,312.24
August,8,10:00,177,0,0.001797,334.91,299,3,0.009148,343.38,785,9,0.010867,331.08,377,6,0.015401,314.71
August,8,10:30,207,1,0.004249,337.35,339,6,0.017331,344.44,870,13,0.015422,339.89,414,8,0.018603,325.61
August,8,11:00,222,0,0.001608,337.44,376,11,0.028052,348.85,920,10,0.01135,346.66,445,7,0.0155,330.8
August,8,11:30,232,1,0.003664,335.44,412,16,0.037723,356.96,952,13,0.013345,348.32,467,6,0.012478,329.56
August,8,12:00,238,2,0.009804,333.77,447,12,0.027833,359.67,963,19,0.019217,348.32,477,5,0.010947,329.6
August,8,12:30,238,1,0.004841,342.37,458,13,0.028779,361.74,965,17,0.017763,351.79,486,4,0.009114,337.95
August,8,13:00,239,1,0.003856,348.51,471,13,0.027599,354.3,962,11,0.01092,358.68,490,4,0.008924,341.18
August,8,13:30,241,0,0.001419,345.87,484,14,0.029416,352.39,960,10,0.01033,359.31,499,6,0.01248,339.09
August,8,14:00,242,1,0.002297,343.96,503,17,0.034553,358.71,967,11,0.011067,359.48,510,9,0.016881,336.18
August,8,14:30,247,2,0.009328,343.66,511,17,0.034225,360.31,965,12,0.012117,359.13,508,10,0.019106,339.03
August,8,15:00,246,4,0.018246,339.66,509,10,0.019084,362.42,960,15,0.01535,358.39,505,7,0.0145,342.65
August,8,15:30,247,6,0.022263,344.37,503,8,0.016222,361.57,955,17,0.017615,359.18,502,7,0.013744,341.03
August,8,16:00,242,2,0.007087,347.66,500,8,0.016744,366.98,939,9,0.009685,360.25,514,5,0.009151,341.39
August,8,16:30,228,0,0.000345,349.27,487,8,0.016602,363.95,902,6,0.006136,359.55,497,4,0.007983,339.73
August,8,17:00,201,0,3e-06,346.44,467,8,0.016782,359.02,850,6,0.00697,360.15,462,3,0.006435,343.75
August,8,17:30,177,0,8.4e-05,342.74,439,9,0.021377,360.75,782,6,0.007505,361.68,420,2,0.00512,336.95
August,8,18:00,158,0,0.002017,346.76,396,11,0.026873,363.87,694,5,0.006871,363.97,380,2,0.004041,334.13
August,8,18:30,131,1,0.00673,362.38,355,7,0.021084,357.33,625,4,0.00643,363.19,341,3,0.007899,336.41
August,8,19:00,91,0,0.00349,363.96,322,9,0.02908,353.29,553,4,0.007904,356.86,309,5,0.01463,337.61
August,8,19:30,67,0,0.000224,350.57,286,7,0.024269,345.38,486,4,0.008277,357.98,275,5,0.016621,337.82
August,8,20:00,51,0,2e-06,343.23,246,5,0.020835,349.68,414,5,0.011308,354.96,236,3,0.014282,331.89
August,8,20:30,41,0,0.0,334.2,216,4,0.017647,352.46,354,2,0.005031,349.78,206,4,0.018918,325.08
August,8,21:00,31,0,1e-05,337.0,181,3,0.014379,344.77,295,0,0.000612,350.82,172,8,0.044571,333.58
August,8,21:30,23,0,0.002092,326.39,148,3,0.01994,336.03,241,0,2.4e-05,348.61,147,6,0.040749,340.44
August,8,22:00,20,1,0.054918,332.44,116,1,0.008257,334.34,197,0,0.0,346.43,117,2,0.015367,330.57
August,8,22:30,14,3,0.241377,352.64,94,0,0.000474,327.2,156,0,0.0,344.53,96,0,0.002049,316.01
August,8,23:00,11,3,0.231931,321.47,70,0,4e-06,336.36,121,0,0.0,335.17,76,0,8.8e-05,311.6
August,8,23:30,9,1,0.070582,257.78,57,0,0.0,345.15,97,0,0.0,320.04,62,0,1e-06,312.89
August,9,0:00,6,0,0.0,344.36,34,0,0.010648,307.39,65,0,0.0,322.77,42,0,0.0,320.35
August,9,0:30,5,0,0.0,351.64,24,0,0.004191,335.9,51,0,0.0,324.71,30,0,0.0,326.6
August,9,1:00,3,0,0.0,275.13,11,0,0.000407,343.47,38,0,0.0,332.84,23,0,0.0,320.53
August,9,1:30,2,0,0.0,218.97,6,0,5e-06,296.5,30,0,0.0,326.02,16,0,0.0,314.58
August,9,2:00,1,0,0.0,282.57,5,0,0.0,289.0,20,0,0.0,319.15,11,0,0.0,309.17
August,9,2:30,1,0,0.0,296.67,3,0,0.0,296.45,15,0,0.0,328.27,7,0,0.0,325.99
August,9,3:00,1,0,0.0,279.0,3,0,0.0,268.08,12,0,0.0,311.79,3,0,0.0,347.8
August,9,3:30,1,0,0.0,240.25,3,0,0.0,205.03,12,0,0.0,301.4,1,0,0.0,315.7
August,9,4:00,1,0,0.0,248.46,2,0,0.0,247.92,11,0,0.0,335.92,0,0,0.0,386.22
August,9,4:30,1,0,0.0,248.25,3,0,0.0,301.03,11,0,0.0,345.27,0,0,0.0,381.53
August,9,5:00,1,0,0.0,277.45,3,0,3.1e-05,277.63,12,0,0.0,366.8,1,0,0.0,293.77
August,9,5:30,1,0,0.0,221.95,3,0,0.005093,297.86,14,0,0.0,322.73,2,0,0.0,262.14
August,9,6:00,2,0,0.0,247.67,4,0,0.0834,345.32,21,0,4e-06,294.05,9,0,8e-06,253.8
August,9,6:30,3,0,0.0,280.03,6,1,0.132708,333.25,36,0,0.0004,276.57,16,0,0.000734,264.41
August,9,7:00,6,0,0.0,264.93,13,0,0.024549,305.15,63,0,0.004926,264.09,27,0,0.008982,279.32
August,9,7:30,11,0,0.0,285.9,20,0,0.000735,315.15,103,1,0.008293,264.75,45,1,0.015221,295.08
August,9,8:00,28,0,0.0,273.64,34,0,0.000431,313.22,171,0,0.001908,276.86,75,0,0.003428,294.26
August,9,8:30,44,0,2e-06,283.34,54,0,0.006167,314.17,246,1,0.002044,294.16,112,0,0.002652,290.2
August,9,9:00,66,0,0.000185,283.95,113,1,0.012613,304.38,346,3,0.009347,300.7,160,1,0.009163,293.67
August,9,9:30,81,0,0.003253,283.56,156,2,0.015418,311.54,423,7,0.016431,312.1,202,3,0.015571,289.76
August,9,10:00,99,1,0.007497,292.98,190,3,0.018276,319.81,515,5,0.009879,319.83,240,5,0.01954,295.46
August,9,10:30,123,1,0.005689,298.22,224,5,0.024195,330.3,583,6,0.009463,328.63,281,7,0.024477,303.94
August,9,11:00,137,2,0.01458,300.38,261,6,0.021219,333.67,625,7,0.011102,332.76,318,6,0.01734,311.45
August,9,11:30,143,4,0.02734,300.52,290,6,0.020243,335.53,641,9,0.014538,337.76,332,3,0.008773,314.45
August,9,12:00,153,6,0.041082,308.07,301,5,0.017668,334.05,652,10,0.015576,339.06,344,3,0.007623,318.17
August,9,12:30,159,8,0.052258,309.55,313,9,0.028024,337.74,653,11,0.016153,338.88,352,4,0.011362,316.72
August,9,13:00,160,4,0.023707,316.12,324,11,0.035208,338.4,647,9,0.014523,341.36,356,5,0.014309,316.31
August,9,13:30,157,1,0.007567,320.93,337,13,0.03858,337.03,649,11,0.016765,343.33,357,6,0.01773,313.53
August,9,14:00,154,2,0.01471,322.06,348,12,0.035916,340.21,651,10,0.015756,343.76,357,8,0.021426,316.06
August,9,14:30,153,2,0.014999,319.66,348,9,0.025009,343.73,640,5,0.007531,342.7,358,11,0.031395,317.54
August,9,15:00,150,1,0.004316,317.12,341,5,0.013667,337.03,610,1,0.001507,344.24,350,7,0.01876,309.51
August,9,15:30,148,0,0.000199,324.9,337,4,0.012153,333.26,591,0,0.0006,341.99,335,3,0.009809,307.69
August,9,16:00,146,0,0.0002,326.29,333,4,0.011185,343.19,572,1,0.001856,343.31,321,3,0.007903,315.92
August,9,16:30,135,1,0.004668,309.92,317,3,0.008681,350.22,535,1,0.002627,342.31,301,2,0.006296,315.75
August,9,17:00,124,2,0.016178,317.54,304,2,0.00733,348.01,506,2,0.003787,343.96,280,2,0.00634,316.5
August,9,17:30,108,1,0.013275,326.69,287,3,0.011284,349.87,485,1,0.002389,343.75,264,1,0.004006,317.92
August,9,18:00,97,1,0.006022,331.62,258,5,0.019993,352.35,452,2,0.004006,343.18,240,1,0.003458,322.03
August,9,18:30,82,1,0.008994,336.88,235,5,0.019762,349.54,411,2,0.004706,345.88,216,0,0.001739,330.81
August,9,19:00,65,0,0.004036,330.31,209,3,0.015107,343.09,372,3,0.006985,345.12,202,0,0.001737,329.36
August,9,19:30,50,0,0.000247,325.24,186,4,0.022072,335.47,333,3,0.010483,343.17,181,0,0.000715,324.71
August,9,20:00,40,0,2e-06,305.32,163,7,0.043215,332.73,300,3,0.010462,343.62,157,0,0.001128,313.42
August,9,20:30,33,0,0.0,293.32,143,4,0.030318,320.16,252,2,0.006511,341.72,142,1,0.007231,307.28
August,9,21:00,25,0,0.0,306.21,118,3,0.028581,315.33,212,1,0.006086,340.66,119,2,0.016054,308.86
August,9,21:30,18,0,0.0,326.95,100,2,0.019215,319.18,175,0,0.002301,335.35,100,1,0.006416,312.98
August,9,22:00,13,0,0.0,357.47,80,1,0.013866,316.84,146,0,0.000127,325.5,88,0,0.000341,311.02
August,9,22:30,9,0,0.0,330.89,64,1,0.009519,315.03,120,0,1e-06,320.25,73,0,2e-06,310.69
August,9,23:00,8,0,0.0,325.51,50,1,0.017139,299.24,94,0,0.0,318.01,58,0,0.0,304.52
August,9,23:30,6,0,0.0,284.7,40,0,0.007843,298.7,82,0,0.0,315.18,49,0,0.0,291.34
August,10,0:00,3,0,0.0,327.59,32,0,0.0,280.92,54,0,0.0,309.62,36,0,0.0,296.65
August,10,0:30,3,0,0.0,343.15,23,0,0.0,286.12,43,0,0.0,317.49,26,0,0.0,296.06
August,10,1:00,2,0,0.0,342.61,11,0,0.0,318.21,33,0,0.0,295.3,20,0,0.0,326.33
August,10,1:30,2,0,0.0,318.77,6,0,0.0,334.59,26,0,0.0,287.85,15,0,0.0,350.66
August,10,2:00,1,0,0.0,241.53,5,0,0.0,346.92,19,0,0.0,301.0,11,0,0.0,350.54
August,10,2:30,1,0,0.0,280.61,3,0,0.0,298.33,14,0,0.0,304.04,7,0,0.0,359.46
August,10,3:00,1,0,0.0,335.58,3,0,0.0,302.19,12,0,0.0,323.37,3,0,0.0,339.53
August,10,3:30,1,0,0.0,435.21,2,0,0.0,254.86,10,0,0.0,369.72,1,0,0.0,255.18
August,10,4:00,1,0,0.0,375.55,2,0,0.0,207.94,9,0,0.0,388.56,0,0,0.0,209.21
August,10,4:30,1,0,0.0,263.91,2,0,0.0,321.42,9,0,0.0,358.43,0,0,0.0,249.93
August,10,5:00,2,0,0.0,206.49,2,0,0.0,407.77,10,0,0.0,322.16,1,0,0.0,297.42
August,10,5:30,2,0,0.0,218.58,2,0,0.0,308.31,12,0,0.0,270.2,1,0,0.0,276.23
August,10,6:00,2,0,0.0,246.67,3,0,0.0,258.24,17,0,0.0,261.09,6,0,0.0,231.86
August,10,6:30,2,0,0.0,245.01,4,0,0.0,251.8,27,0,0.0,260.1,11,0,0.0,256.36
August,10,7:00,4,0,0.0,271.61,7,0,0.0,269.89,42,0,0.0,264.0,18,0,0.0,294.36
August,10,7:30,6,0,0.0,293.92,11,0,0.0,283.69,67,0,0.0,267.0,31,0,0.0,300.5
August,10,8:00,12,0,0.0,276.45,19,0,0.0,274.22,105,0,0.0,274.19,47,0,0.0,294.53
August,10,8:30,14,0,0.0,277.81,31,0,0.0,288.78,142,0,0.0,286.27,63,0,6e-06,302.04
August,10,9:00,18,0,0.0,271.99,58,0,0.0,296.87,182,0,0.0,294.6,87,0,0.000675,294.82
August,10,9:30,21,0,0.0,294.28,77,0,0.0,301.71,226,0,0.0,291.07,107,1,0.012809,286.5
August,10,10:00,25,0,0.0,297.71,98,0,4e-06,300.23,280,0,0.0,292.27,126,6,0.049229,297.75
August,10,10:30,31,0,0.0,291.83,111,0,0.000595,305.41,324,0,0.0,298.73,153,10,0.06347,311.05
August,10,11:00,32,0,0.0,294.42,121,1,0.011661,303.62,359,0,3e-06,307.19,166,6,0.033939,307.09
August,10,11:30,36,0,6e-06,299.25,141,4,0.028349,304.67,399,0,0.000386,310.31,179,3,0.015866,305.13
August,10,12:00,50,0,0.000646,297.77,159,3,0.018009,303.8,425,3,0.008168,308.35,192,1,0.006137,303.3
August,10,12:30,62,1,0.011247,298.59,184,5,0.025759,304.29,434,14,0.031952,310.03,194,2,0.012437,301.81
August,10,13:00,73,2,0.026489,299.97,205,5,0.024699,300.99,439,23,0.052297,317.15,197,5,0.026083,307.64
August,10,13:30,76,1,0.009633,298.96,218,7,0.029954,304.48,441,28,0.062639,319.96,203,5,0.023654,307.4
August,10,14:00,79,1,0.010903,303.66,229,4,0.018337,308.52,444,17,0.038004,322.71,205,2,0.011629,307.95
August,10,14:30,80,2,0.028957,306.66,233,1,0.004062,311.44,443,6,0.012464,322.47,205,3,0.014994,307.43
August,10,15:00,79,1,0.017827,307.63,236,0,0.00035,309.57,442,1,0.00198,324.58,204,2,0.010918,310.77
August,10,15:30,80,2,0.020665,302.38,239,1,0.003717,308.19,434,0,8e-05,323.94,206,3,0.016071,309.84
August,10,16:00,80,1,0.007308,295.51,234,3,0.010696,308.95,426,0,0.0,321.29,199,2,0.01209,318.31
August,10,16:30,74,0,0.000368,286.62,225,2,0.007916,308.82,413,0,0.0,325.52,193,4,0.018304,317.52
August,10,17:00,66,0,3e-06,285.39,218,3,0.011597,309.1,395,0,0.0,324.12,187,1,0.006842,319.72
August,10,17:30,59,0,0.0,287.42,207,1,0.006665,306.23,372,0,0.0,318.85,178,0,0.002676,315.12
August,10,18:00,46,0,0.0,301.4,191,2,0.011799,306.41,325,0,0.0,319.5,167,1,0.006956,307.52
August,10,18:30,37,0,0.0,294.02,171,4,0.025909,301.54,302,0,0.0,319.49,156,0,0.002687,304.94
August,10,19:00,29,0,0.0,286.05,154,6,0.038356,296.77,280,0,0.0,321.14,145,0,0.000335,308.12
August,10,19:30,27,0,0.0,282.61,140,4,0.028429,305.49,252,0,0.0,319.52,142,1,0.00437,317.49
August,10,20:00,26,0,0.0,297.79,122,1,0.007829,303.32,231,0,0.0,312.83,130,2,0.013183,315.51
August,10,20:30,23,0,0.0,299.26,107,0,0.000394,299.55,211,0,0.0,315.02,117,1,0.005307,311.83
August,10,21:00,19,0,1.1e-05,307.23,97,0,3e-06,300.27,189,0,0.0,316.98,94,0,0.000309,314.21
August,10,21:30,15,0,0.002213,329.77,84,0,0.0,305.75,163,0,0.0,312.01,84,0,0.000195,318.82
August,10,22:00,13,1,0.056088,298.38,68,0,0.0,301.24,140,0,0.0,311.35,76,0,0.004576,315.67
August,10,22:30,11,2,0.181485,312.76,55,0,0.0,287.39,119,0,0.0,310.17,65,1,0.014749,311.34
August,10,23:00,8,1,0.087901,345.63,43,0,0.0,262.45,95,0,0.0,308.17,53,0,0.00654,319.55
August,10,23:30,7,0,0.004875,305.13,36,0,0.0,262.78,81,0,0.0,305.28,48,0,0.00034,340.71
August,11,0:00,4,0,0.0,360.08,22,0,0.0,357.03,54,0,0.0,334.08,31,0,0.0,324.89
August,11,0:30,3,0,0.0,326.45,18,0,0.0,345.64,45,0,0.0,328.85,25,0,0.0,325.45
August,11,1:00,2,0,0.0,334.64,11,0,0.0,361.77,33,0,0.0,329.65,18,0,0.0,336.04
August,11,1:30,2,0,0.0,341.45,6,0,0.0,338.82,24,0,0.0,332.09,14,0,0.0,322.64
August,11,2:00,2,0,0.0,394.65,5,0,0.0,293.03,17,0,0.0,321.64,10,0,0.0,314.8
August,11,2:30,2,0,0.0,321.6,5,0,0.0,306.7,15,0,0.0,343.94,8,0,0.0,328.84
August,11,3:00,2,0,0.0,234.67,4,0,0.0,339.25,12,0,0.0,338.56,5,0,0.0,346.94
August,11,3:30,2,0,0.0,264.13,3,0,0.0,350.79,10,0,0.0,329.68,4,0,0.0,288.97
August,11,4:00,2,0,0.0,265.57,3,0,0.0,300.52,10,0,0.0,317.47,4,0,0.0,283.61
August,11,4:30,2,0,0.0,200.96,3,0,0.0,267.08,10,0,0.0,303.09,4,0,0.0,255.76
August,11,5:00,2,0,0.0,214.6,3,0,6.1e-05,267.33,11,0,0.0,311.15,4,0,0.0,265.24
August,11,5:30,1,0,0.0,229.16,3,0,0.0081,238.29,15,0,0.0,279.65,5,0,0.0,281.29
August,11,6:00,2,0,0.0,241.6,4,1,0.132802,244.42,26,0,0.0,269.33,11,0,0.0,256.14
August,11,6:30,4,0,0.0,231.42,9,2,0.187062,313.47,44,0,0.0,284.24,20,0,0.0,252.62
August,11,7:00,8,0,0.0,247.48,26,1,0.022813,298.27,80,0,0.0,270.6,36,0,5e-06,270.38
August,11,7:30,17,0,8e-06,298.74,45,0,0.001185,286.83,138,0,2e-06,275.19,63,0,0.000446,277.15
August,11,8:00,45,0,0.000528,309.87,85,1,0.006516,294.57,256,0,0.000141,295.49,114,1,0.005266,279.61
August,11,8:30,85,1,0.00666,320.28,135,2,0.011497,308.61,396,1,0.002088,311.6,178,2,0.010251,290.9
August,11,9:00,131,3,0.022032,320.58,204,1,0.004335,320.33,564,4,0.00636,327.29,271,4,0.015252,301.9
August,11,9:30,169,5,0.027906,329.1,267,2,0.006715,329.63,720,8,0.011033,340.86,341,11,0.032552,314.29
August,11,10:00,202,2,0.007632,334.44,332,6,0.017068,336.16,860,13,0.015622,345.45,407,12,0.029477,323.14
August,11,10:30,229,0,0.000313,331.23,374,11,0.028345,346.2,968,13,0.013141,353.35,459,18,0.038659,326.91
August,11,11:00,240,0,0.000309,336.74,414,9,0.021985,354.02,1045,15,0.014763,361.49,497,13,0.026744,330.0
August,11,11:30,246,2,0.006406,341.02,443,10,0.023483,357.85,1075,25,0.023466,365.36,526,13,0.025068,332.33
August,11,12:00,249,4,0.017725,335.57,477,9,0.018484,357.2,1098,26,0.023396,364.49,551,16,0.028244,336.65
August,11,12:30,253,2,0.009542,325.93,496,11,0.021866,360.72,1099,20,0.018353,366.06,560,17,0.03097,339.63
August,11,13:00,250,2,0.009598,328.75,517,11,0.020524,360.22,1092,17,0.015492,369.54,556,14,0.025689,340.94
August,11,13:30,249,1,0.003665,339.04,533,13,0.023548,353.91,1090,22,0.019893,374.14,563,11,0.020023,335.6
August,11,14:00,254,2,0.006584,340.19,539,9,0.017008,354.0,1106,22,0.019922,375.71,577,10,0.017321,334.0
August,11,14:30,260,6,0.021894,341.9,542,7,0.013127,357.04,1113,22,0.019915,375.62,587,10,0.017141,339.86
August,11,15:00,261,7,0.027449,341.6,544,6,0.010402,358.11,1113,13,0.011327,374.71,587,8,0.014205,341.54
August,11,15:30,263,7,0.028321,344.69,545,4,0.007458,358.16,1111,6,0.005305,375.79,581,10,0.016763,344.1
August,11,16:00,258,2,0.008968,344.32,548,4,0.006469,362.35,1106,6,0.005318,373.6,581,7,0.012666,349.02
August,11,16:30,250,1,0.003472,340.57,536,4,0.007748,365.97,1081,6,0.005477,374.24,569,8,0.01484,352.78
August,11,17:00,227,2,0.009347,342.93,511,4,0.007112,364.91,1021,5,0.005267,374.14,546,7,0.013097,352.33
August,11,17:30,204,1,0.003744,337.32,485,4,0.007478,367.84,949,8,0.008904,373.68,511,6,0.012167,344.54
August,11,18:00,170,0,0.00021,335.35,432,5,0.011732,367.08,872,9,0.010496,373.78,461,4,0.009188,346.54
August,11,18:30,145,0,2e-06,344.85,398,7,0.016914,365.46,766,7,0.009091,377.69,404,4,0.009905,346.49
August,11,19:00,102,0,2e-06,344.94,357,5,0.01486,363.58,677,10,0.014367,381.2,369,8,0.02136,340.11
August,11,19:30,78,0,0.000403,343.74,330,6,0.017305,354.27,609,10,0.016346,379.46,340,13,0.039604,341.64
August,11,20:00,59,1,0.01275,340.96,293,8,0.028434,350.5,529,10,0.019515,376.59,297,12,0.042061,337.77
August,11,20:30,47,4,0.079505,345.53,243,5,0.022074,346.93,447,5,0.010552,370.3,254,7,0.027282,336.85
August,11,21:00,37,6,0.157458,341.28,199,4,0.018296,341.73,374,1,0.002067,364.55,211,6,0.026223,337.38
August,11,21:30,29,2,0.071498,327.3,163,1,0.006473,345.43,314,0,9.8e-05,357.0,176,3,0.015187,344.6
August,11,22:00,22,3,0.140503,329.62,128,0,0.000376,340.85,249,0,1e-06,351.29,142,0,0.003469,339.9
August,11,22:30,16,8,0.523394,338.61,99,0,3e-06,331.17,193,0,0.0,343.36,119,0,0.003219,342.3
August,11,23:00,13,3,0.225511,332.1,76,0,0.0,312.75,149,0,0.0,342.25,94,1,0.010688,347.11
August,11,23:30,10,0,0.013696,335.71,60,0,0.0,302.98,118,0,0.0,354.06,74,0,0.005138,335.44
August,12,0:00,4,0,0.0,367.31,30,0,0.0,308.85,73,0,0.0,345.14,45,0,0.0,326.51
August,12,0:30,4,0,0.0,305.45,22,0,0.0,314.09,55,0,0.0,343.65,34,0,0.0,352.37
August,12,1:00,3,0,0.0,290.61,11,0,0.0,326.58,40,0,0.0,335.76,25,0,0.0,373.8
August,12,1:30,2,0,0.0,279.61,6,0,0.0,331.57,29,0,0.0,307.48,19,0,0.0,358.2
August,12,2:00,2,0,0.0,311.58,4,0,0.0,340.49,22,0,0.0,295.3,13,0,0.0,329.17
August,12,2:30,1,0,0.0,252.01,3,0,0.0,365.54,18,0,0.0,287.56,9,0,0.0,322.02
August,12,3:00,1,0,0.0,247.95,3,0,0.0,318.09,14,0,0.0,291.49,3,0,0.0,329.49
August,12,3:30,1,0,0.0,256.59,2,0,0.0,248.96,13,0,0.0,304.36,1,0,0.0,293.59
August,12,4:00,1,0,0.0,255.03,2,0,0.0,221.75,11,0,0.0,305.69,1,0,0.0,225.23
August,12,4:30,1,0,0.0,273.8,2,0,0.0,214.19,12,0,0.0,288.02,1,0,0.0,198.89
August,12,5:00,2,0,0.0,238.4,2,0,0.000191,220.81,13,0,0.0,291.49,1,0,0.0,219.48
August,12,5:30,2,0,0.0,217.79,3,0,0.023942,284.36,18,0,0.0,291.08,3,0,0.0,266.16
August,12,6:00,2,0,0.0,242.5,4,1,0.308318,290.74,30,0,0.0,263.09,12,0,0.0,244.45
August,12,6:30,4,0,0.0,215.99,9,4,0.426702,297.14,50,0,0.0,252.2,23,0,0.0,248.59
August,12,7:00,8,0,3e-05,248.17,24,1,0.055675,281.27,89,0,0.0,265.2,42,0,0.0,276.9
August,12,7:30,16,0,0.002387,285.51,42,0,0.002121,283.14,149,0,0.0,277.76,72,0,0.0,286.95
August,12,8:00,42,1,0.020499,285.23,80,1,0.007297,291.56,258,0,1e-06,297.3,121,0,1e-06,288.86
August,12,8:30,73,3,0.040532,302.33,126,2,0.012882,307.11,384,0,0.000134,312.53,180,0,0.000109,293.58
August,12,9:00,109,3,0.028389,319.4,184,1,0.003181,314.21,543,1,0.002119,322.88,257,0,0.001767,301.38
August,12,9:30,141,2,0.014523,323.25,236,0,0.000573,323.3,684,4,0.006411,330.63,318,2,0.006662,312.54
August,12,10:00,164,1,0.003334,323.79,288,2,0.008064,329.14,802,8,0.010139,335.87,378,6,0.015181,321.07
August,12,10:30,183,1,0.002832,324.41,321,7,0.021271,336.83,894,14,0.015301,342.78,419,11,0.02567,325.97
August,12,11:00,193,1,0.007181,327.81,359,6,0.017198,342.07,958,12,0.012335,347.39,455,9,0.020887,333.36
August,12,11:30,202,1,0.004319,328.67,382,9,0.024738,344.81,987,12,0.012004,349.0,482,8,0.017006,333.68
August,12,12:00,206,2,0.00868,328.59,407,6,0.015072,350.99,994,19,0.019567,351.41,500,8,0.015476,334.42
August,12,12:30,208,3,0.012618,324.3,421,5,0.011618,354.34,999,23,0.022514,355.04,507,10,0.020573,334.69
August,12,13:00,208,1,0.004042,328.15,438,4,0.008114,354.42,1000,12,0.011797,356.25,507,10,0.01944,335.49
August,12,13:30,208,0,0.000186,333.46,448,7,0.016011,350.26,1000,8,0.008393,358.97,504,9,0.018186,337.53
August,12,14:00,212,0,1e-06,332.47,466,7,0.014879,348.88,1012,9,0.008776,361.53,519,8,0.015935,336.38
August,12,14:30,214,0,0.0,336.34,474,4,0.008387,351.21,1015,10,0.010028,365.0,518,6,0.010878,335.46
August,12,15:00,213,0,0.0,339.27,472,3,0.007267,348.85,1009,7,0.007394,364.2,516,4,0.008022,337.25
August,12,15:30,214,0,0.0,334.16,467,4,0.00938,348.42,999,5,0.00544,364.69,521,4,0.007753,337.59
August,12,16:00,215,0,0.0,336.95,463,5,0.01101,354.9,991,5,0.004999,363.88,524,4,0.007062,341.19
August,12,16:30,206,0,0.0,337.24,447,5,0.010346,357.29,968,5,0.005185,361.69,507,4,0.008157,342.34
August,12,17:00,184,0,0.0,333.75,425,5,0.011819,359.31,917,7,0.00731,363.84,473,3,0.006338,339.9
August,12,17:30,160,0,0.0,330.41,410,5,0.012521,358.68,863,9,0.010991,362.59,448,2,0.004602,341.93
August,12,18:00,142,0,0.0,330.4,383,6,0.014522,354.03,798,11,0.013734,360.4,415,3,0.0061,346.03
August,12,18:30,121,0,2e-06,334.56,344,4,0.012034,350.71,700,7,0.009445,359.48,367,2,0.004517,343.82
August,12,19:00,85,0,0.000458,343.9,306,5,0.014845,347.61,625,4,0.007136,358.74,333,3,0.007922,339.91
August,12,19:30,63,1,0.013798,338.76,279,5,0.017932,346.56,553,4,0.007949,357.2,302,5,0.017721,342.6
August,12,20:00,48,3,0.067106,341.22,242,9,0.035306,340.84,474,5,0.010397,358.31,267,5,0.017945,339.45
August,12,20:30,41,4,0.093576,342.08,208,7,0.034508,335.05,415,3,0.007618,356.02,231,3,0.011116,334.19
August,12,21:00,31,2,0.077026,332.73,171,3,0.017991,332.63,350,1,0.002146,354.63,190,1,0.004945,340.5
August,12,21:30,23,1,0.027198,312.75,142,1,0.004066,334.05,290,0,0.00104,353.33,165,0,0.001099,348.56
August,12,22:00,18,2,0.093699,299.51,113,0,0.000212,336.75,239,1,0.004071,348.38,133,0,0.001191,349.06
August,12,22:30,12,5,0.410328,296.56,89,0,2e-06,330.01,190,1,0.005119,342.04,109,0,0.003866,343.69
August,12,23:00,10,3,0.30514,318.04,68,0,0.0,318.22,144,0,0.001866,338.08,85,0,0.001785,344.66
August,12,23:30,7,1,0.078091,314.15,52,0,0.0,299.24,113,0,0.000108,337.42,70,0,0.000102,346.65
August,13,0:00,4,0,0.0,271.17,33,0,0.0,317.33,73,0,0.0,352.26,40,0,0.0,334.45
August,13,0:30,3,0,0.0,275.63,24,0,0.0,312.68,55,0,0.0,348.25,31,0,0.0,348.1
August,13,1:00,2,0,0.0,306.76,12,0,0.0,304.18,38,0,0.0,353.18,23,0,0.0,341.39
August,13,1:30,2,0,0.0,310.27,6,0,0.0,315.01,28,0,0.0,347.73,17,0,0.0,340.65
August,13,2:00,2,0,0.0,312.09,4,0,0.0,339.2,20,0,0.0,322.26,11,0,0.0,357.88
August,13,2:30,2,0,0.0,316.13,4,0,0.0,351.3,17,0,0.0,309.63,8,0,0.0,374.21
August,13,3:00,2,0,0.0,305.9,3,0,0.0,357.96,13,0,0.0,318.76,3,0,0.0,373.27
August,13,3:30,1,0,0.0,253.63,3,0,0.0,307.47,12,0,0.0,348.08,1,0,0.0,337.14
August,13,4:00,1,0,0.0,224.16,3,0,0.0,293.49,12,0,0.0,349.9,1,0,0.0,365.79
August,13,4:30,1,0,0.0,238.1,3,0,0.0,284.82,12,0,0.0,329.77,1,0,0.0,397.6
August,13,5:00,2,0,0.0,268.73,3,0,0.000108,303.79,14,0,0.0,301.92,1,0,7.4e-05,348.78
August,13,5:30,2,0,0.0,279.39,3,0,0.015235,328.02,19,0,0.0,273.67,3,0,0.00416,271.2
August,13,6:00,2,0,5.6e-05,261.2,5,1,0.21315,324.57,30,0,0.0,264.33,12,0,0.023041,257.03
August,13,6:30,4,0,0.005798,272.98,9,3,0.328786,278.75,51,0,0.0,264.58,23,1,0.033918,271.33
August,13,7:00,8,1,0.059544,304.47,24,2,0.095595,257.36,94,0,2e-06,279.57,42,0,0.006825,260.55
August,13,7:30,18,2,0.108901,322.13,43,4,0.085691,291.7,157,0,0.000238,288.92,73,0,0.000183,277.23
August,13,8:00,45,5,0.102643,313.32,80,2,0.026421,305.42,268,1,0.003215,301.03,122,0,5e-05,297.68
August,13,8:30,78,9,0.119706,338.33,123,2,0.018737,312.79,392,4,0.009657,316.19,180,0,0.000852,301.35
August,13,9:00,115,8,0.071764,337.8,183,1,0.006414,319.6,553,7,0.013227,327.53,257,1,0.003814,299.59
August,13,9:30,142,6,0.039236,338.92,235,3,0.010953,325.88,692,9,0.013121,333.29,311,3,0.010302,310.82
August,13,10:00,166,3,0.016593,336.48,280,9,0.033802,332.9,798,9,0.011831,336.43,362,9,0.023557,318.96
August,13,10:30,186,1,0.003178,336.14,310,16,0.050671,344.71,890,16,0.018434,345.87,396,14,0.035442,327.59
August,13,11:00,198,0,0.000409,336.51,345,8,0.023301,351.41,943,12,0.012967,352.04,431,8,0.017949,330.83
August,13,11:30,206,1,0.005909,335.01,375,8,0.022263,353.3,968,7,0.00765,355.15,450,6,0.012625,332.43
August,13,12:00,207,4,0.019027,345.49,400,4,0.01107,354.48,980,13,0.012766,355.13,460,5,0.011381,331.98
August,13,12:30,207,3,0.014318,343.89,411,5,0.012823,354.6,988,22,0.022734,357.91,469,6,0.012045,330.89
August,13,13:00,209,1,0.003319,342.16,420,6,0.013246,347.62,987,12,0.012296,356.93,473,5,0.010924,334.59
August,13,13:30,208,0,0.000146,340.6,428,5,0.012816,349.59,985,8,0.008076,356.43,480,3,0.006842,331.76
August,13,14:00,209,0,2e-06,341.48,437,4,0.009127,353.43,986,8,0.008506,358.42,490,2,0.004936,332.79
August,13,14:30,210,0,0.000106,345.71,441,5,0.012169,357.95,990,10,0.009663,360.81,489,3,0.007158,341.94
August,13,15:00,210,0,0.002263,344.44,443,4,0.008812,355.59,980,8,0.008372,364.46,486,4,0.007255,346.76
August,13,15:30,209,1,0.006301,348.72,444,4,0.008559,354.48,973,9,0.009368,369.37,483,5,0.010599,344.71
August,13,16:00,206,0,0.002306,353.72,439,4,0.008,353.81,960,6,0.005879,368.89,476,6,0.012282,342.38
August,13,16:30,197,0,0.000113,351.33,424,2,0.005153,355.75,924,5,0.005012,366.64,465,4,0.008989,341.17
August,13,17:00,180,0,1e-06,348.3,404,1,0.00276,357.24,875,7,0.008168,364.58,449,5,0.010771,337.17
August,13,17:30,160,0,0.0,340.3,390,3,0.008204,355.71,819,9,0.011499,365.93,414,5,0.011086,340.05
August,13,18:00,140,0,0.0,341.74,357,5,0.015258,353.39,742,8,0.010362,371.66,374,4,0.010658,335.81
August,13,18:30,119,0,0.0,360.69,318,3,0.008862,353.45,666,6,0.008814,371.78,336,4,0.012473,338.2
August,13,19:00,82,0,0.0,360.01,288,4,0.013133,354.43,597,6,0.009853,363.5,310,6,0.018191,339.89
August,13,19:30,61,0,2e-06,346.26,262,5,0.018657,356.08,524,6,0.010669,357.57,279,6,0.022522,347.01
August,13,20:00,47,0,0.000471,328.04,230,5,0.021621,353.43,453,4,0.008572,358.65,250,6,0.025105,343.37
August,13,20:30,40,0,0.011988,321.11,198,2,0.011373,346.64,390,3,0.008377,360.53,215,5,0.023804,334.39
August,13,21:00,31,1,0.042248,323.62,162,2,0.013478,343.98,329,1,0.002988,360.14,179,7,0.041348,336.94
August,13,21:30,24,0,0.020232,321.87,135,1,0.005657,342.03,273,0,0.000165,355.96,155,4,0.028784,336.61
August,13,22:00,18,0,0.016099,318.23,108,0,0.00033,324.34,222,0,1e-06,350.23,124,1,0.007344,335.37
August,13,22:30,13,1,0.057593,313.32,85,0,3e-06,320.85,175,0,0.0,335.35,102,0,0.000375,333.54
August,13,23:00,11,0,0.024542,323.02,65,0,0.0,316.05,136,0,0.0,334.76,79,0,3e-06,326.74
August,13,23:30,9,0,0.001446,294.88,52,0,0.0,314.84,111,0,0.0,335.36,65,0,0.0,318.21
August,14,0:00,5,0,0.0,335.85,31,0,0.0,306.57,72,0,0.0,335.93,42,0,0.0,350.95
August,14,0:30,4,0,0.0,339.9,22,0,0.0,294.73,57,0,0.0,331.12,31,0,0.0,358.49
August,14,1:00,3,0,0.0,327.62,11,0,0.0,290.49,42,0,0.0,332.13,23,0,0.0,357.94
August,14,1:30,2,0,0.0,322.97,7,0,0.0,322.37,30,0,0.0,321.17,18,0,0.0,337.64
August,14,2:00,2,0,0.0,281.86,5,0,0.0,374.96,21,0,0.0,263.66,14,0,0.0,317.5
August,14,2:30,1,0,0.0,296.18,4,0,0.0,379.3,17,0,0.0,228.09,9,0,0.0,302.44
August,14,3:00,2,0,0.0,334.45,3,0,0.0,330.09,13,0,0.0,287.32,3,0,0.0,318.43
August,14,3:30,2,0,0.0,305.56,3,0,0.0,354.67,13,0,0.0,323.03,1,0,0.0,363.21
August,14,4:00,2,0,0.0,281.31,3,0,0.0,342.54,12,0,0.0,297.27,1,0,0.0,343.55
August,14,4:30,1,0,0.0,296.39,2,0,0.0,304.71,12,0,0.0,277.43,1,0,0.0,290.66
August,14,5:00,2,0,0.000276,254.09,3,0,0.000141,268.62,15,0,1.1e-05,266.42,1,0,0.000167,291.14
August,14,5:30,2,0,0.033673,271.6,3,0,0.018131,265.42,21,0,0.001257,274.43,3,0,0.009988,378.58
August,14,6:00,3,2,0.504996,274.69,5,1,0.275041,271.19,33,1,0.016868,274.38,12,1,0.054475,298.18
August,14,6:30,5,5,1.0,295.12,8,4,0.421658,338.93,56,2,0.028146,268.84,23,2,0.081562,272.15
August,14,7:00,9,6,0.613518,319.66,23,2,0.088709,309.98,97,1,0.012378,269.85,40,1,0.016508,278.47
August,14,7:30,18,3,0.191783,308.33,41,2,0.054074,300.69,157,2,0.011594,279.65,71,0,0.000441,269.59
August,14,8:00,45,2,0.036024,306.54,77,1,0.019062,313.42,266,1,0.004251,302.5,124,0,0.000232,279.29
August,14,8:30,78,2,0.028136,323.9,119,2,0.016801,321.97,389,2,0.00517,313.19,184,1,0.003652,297.24
August,14,9:00,112,1,0.007161,332.1,179,1,0.008015,322.36,538,4,0.006676,322.42,250,3,0.012744,306.06
August,14,9:30,141,1,0.00421,328.76,223,2,0.009552,328.18,675,6,0.008893,330.82,302,6,0.019634,314.65
August,14,10:00,166,2,0.012935,324.24,270,2,0.00753,334.44,789,10,0.012072,340.37,355,7,0.021117,321.4
August,14,10:30,192,2,0.012824,328.7,308,5,0.015862,345.88,874,15,0.017112,349.23,394,10,0.024271,324.5
August,14,11:00,205,1,0.003535,330.43,334,8,0.025197,351.13,928,16,0.01754,353.24,427,6,0.01301,330.54
August,14,11:30,213,0,0.000155,332.79,366,13,0.035803,348.05,954,15,0.015639,355.59,440,3,0.007262,333.21
August,14,12:00,216,0,1e-06,332.45,390,10,0.026719,350.97,959,13,0.013164,357.06,452,4,0.009084,329.49
August,14,12:30,217,0,0.0,327.5,397,10,0.02533,356.49,965,19,0.019899,359.15,458,7,0.015597,328.15
August,14,13:00,214,0,0.0,333.01,404,10,0.025547,352.27,958,18,0.019156,360.08,460,9,0.02031,331.67
August,14,13:30,216,0,1e-06,339.67,417,15,0.035732,349.2,955,11,0.011204,357.71,467,9,0.019982,330.82
August,14,14:00,219,0,0.000191,341.64,434,10,0.023025,352.69,962,16,0.016418,360.24,481,12,0.024809,333.46
August,14,14:30,220,1,0.004357,344.6,437,8,0.017844,355.87,968,32,0.032612,363.63,484,9,0.01959,339.3
August,14,15:00,220,4,0.01853,348.16,431,6,0.013504,359.2,962,14,0.014962,363.21,477,6,0.013524,343.7
August,14,15:30,218,6,0.028002,348.36,430,6,0.013235,360.21,963,6,0.006052,363.86,475,5,0.011452,341.23
August,14,16:00,217,4,0.017656,346.49,424,5,0.010615,357.8,946,6,0.006715,365.51,476,3,0.007304,338.78
August,14,16:30,210,1,0.004191,343.87,413,4,0.008721,355.31,910,7,0.007814,367.45,458,2,0.005031,342.68
August,14,17:00,189,0,0.002255,343.32,394,2,0.004581,357.4,861,6,0.007296,365.09,432,3,0.006321,342.33
August,14,17:30,164,1,0.006605,343.14,376,3,0.008864,357.74,808,8,0.010469,363.13,402,2,0.006018,340.24
August,14,18:00,143,0,0.002729,342.87,351,5,0.014378,355.91,727,8,0.010939,365.86,364,2,0.005009,343.7
August,14,18:30,122,0,0.000149,340.98,319,4,0.014007,355.82,653,8,0.011555,368.29,329,4,0.010885,338.75
August,14,19:00,85,0,3e-06,341.81,288,4,0.015299,352.21,579,14,0.02404,366.82,301,8,0.02643,335.08
August,14,19:30,64,0,0.00041,329.89,257,4,0.016163,356.44,519,22,0.043201,371.07,273,12,0.045167,335.42
August,14,20:00,49,1,0.011321,333.94,222,4,0.016087,360.09,452,15,0.034089,366.5,246,10,0.039311,329.5
August,14,20:30,41,2,0.03798,340.26,193,1,0.005341,349.51,391,9,0.023667,360.97,212,5,0.025121,331.94
August,14,21:00,31,1,0.018081,322.26,160,0,0.000503,347.76,325,2,0.007646,360.04,174,5,0.025963,333.19
August,14,21:30,23,0,0.002679,323.49,130,1,0.005512,344.59,268,0,0.000416,358.83,153,2,0.014486,331.81
August,14,22:00,18,1,0.042148,313.97,105,2,0.018945,335.48,220,0,3e-06,345.14,123,2,0.019966,337.8
August,14,22:30,13,2,0.160139,314.59,82,1,0.008702,327.09,171,0,0.0,339.16,99,1,0.011215,326.41
August,14,23:00,11,1,0.071237,329.36,63,0,0.000536,326.46,133,0,0.0,339.96,77,0,0.001839,326.6
August,14,23:30,9,0,0.004218,350.69,49,0,4e-06,316.75,107,0,0.0,336.89,62,0,8.1e-05,336.61
August,15,0:00,5,0,0.0,409.96,28,0,0.0,317.04,72,0,0.0,358.71,40,0,0.0,338.09
August,15,0:30,4,0,0.0,363.11,21,0,0.0,332.03,54,0,0.0,339.06,30,0,0.0,332.88
August,15,1:00,3,0,0.0,308.7,11,0,0.0,358.49,40,0,0.0,332.83,22,0,0.0,345.96
August,15,1:30,2,0,0.0,248.68,6,0,0.0,300.2,29,0,0.0,324.78,17,0,0.0,322.54
August,15,2:00,2,0,0.0,255.1,5,0,0.0,318.59,20,0,0.0,324.95,12,0,0.0,332.95
August,15,2:30,1,0,0.0,271.24,3,0,0.0,341.81,17,0,0.0,342.8,8,0,0.0,342.2
August,15,3:00,1,0,0.0,212.75,3,0,0.0,377.04,14,0,0.0,364.06,3,0,0.0,346.62
August,15,3:30,1,0,0.0,199.34,3,0,0.0,371.65,13,0,0.0,370.66,1,0,0.0,295.14
August,15,4:00,1,0,0.0,236.65,3,0,0.0,303.11,13,0,0.0,332.17,1,0,0.0,326.38
August,15,4:30,1,0,0.0,256.27,3,0,1e-05,247.26,14,0,0.0,326.64,1,0,0.0,333.54
August,15,5:00,1,0,0.000197,258.11,3,0,0.001974,260.93,17,0,7e-06,321.03,1,0,0.000151,322.95
August,15,5:30,2,0,0.025876,244.35,3,0,0.057523,286.85,21,0,0.000959,313.06,3,0,0.007947,277.72
August,15,6:00,2,1,0.452985,244.65,5,2,0.441849,301.43,32,0,0.01302,289.47,11,0,0.042345,260.44
August,15,6:30,4,4,1.0,291.99,9,5,0.564362,319.33,54,1,0.02233,275.39,24,1,0.056726,268.62
August,15,7:00,8,5,0.580401,310.33,26,2,0.095699,286.4,92,1,0.011127,274.13,44,1,0.014785,275.08
August,15,7:30,16,3,0.162534,310.95,44,2,0.047271,282.26,156,2,0.011534,275.7,74,1,0.009437,286.39
August,15,8:00,39,1,0.013578,301.3,83,1,0.016521,292.94,266,1,0.0035,290.94,128,1,0.00915,287.67
August,15,8:30,71,0,0.000319,308.67,119,2,0.020974,312.84,391,0,0.001094,309.44,183,1,0.007978,292.37
August,15,9:00,105,0,2e-06,318.99,174,3,0.018473,330.8,549,2,0.003606,316.61,254,2,0.009678,302.98
August,15,9:30,131,0,9.6e-05,326.83,216,3,0.012282,337.61,688,5,0.007583,320.68,314,5,0.014483,311.9
August,15,10:00,150,0,0.001797,334.23,266,2,0.008986,343.42,794,9,0.010891,331.5,369,6,0.015377,314.37
August,15,10:30,176,1,0.004247,336.66,302,5,0.016991,344.48,880,14,0.015459,340.33,405,8,0.018548,325.26
August,15,11:00,188,0,0.001611,336.74,332,9,0.027774,348.89,932,11,0.01136,347.11,436,7,0.015429,330.44
August,15,11:30,196,1,0.003677,334.76,362,14,0.037458,357.0,964,13,0.013356,348.77,457,6,0.012446,329.2
August,15,12:00,202,2,0.009822,333.09,390,11,0.027889,359.71,976,19,0.019222,348.77,467,5,0.010914,329.24
August,15,12:30,202,1,0.004847,341.67,400,12,0.028813,361.78,978,17,0.017765,352.25,476,4,0.00908,337.59
August,15,13:00,203,1,0.003849,347.79,410,11,0.027713,354.34,975,11,0.010919,359.15,481,4,0.008883,340.8
August,15,13:30,205,0,0.001415,345.16,420,12,0.02964,352.43,973,10,0.01033,359.77,490,6,0.012417,338.72
August,15,14:00,206,0,0.002293,343.26,437,15,0.034757,358.75,979,11,0.01107,359.95,499,8,0.016819,335.82
August,15,14:30,210,2,0.009296,342.96,444,15,0.034416,360.35,978,12,0.01212,359.59,498,9,0.019026,338.66
August,15,15:00,208,4,0.018282,338.96,443,8,0.019206,362.46,974,15,0.01534,358.85,494,7,0.01446,342.28
August,15,15:30,208,5,0.022382,343.66,437,7,0.016315,361.61,968,17,0.017615,359.64,491,7,0.013709,340.66
August,15,16:00,204,1,0.007123,346.95,434,7,0.016862,367.02,952,9,0.00968,360.71,502,5,0.009143,341.02
August,15,16:30,193,0,0.000345,348.56,422,7,0.016773,363.99,914,6,0.00614,360.01,484,4,0.007991,339.36
August,15,17:00,173,0,3e-06,345.73,403,7,0.016998,359.06,860,6,0.006979,360.61,450,3,0.006446,343.38
August,15,17:30,153,0,8.3e-05,342.04,382,8,0.021478,360.79,794,6,0.007486,362.15,409,2,0.005129,336.59
August,15,18:00,131,0,0.00205,346.05,350,9,0.026608,363.91,703,5,0.006869,364.44,369,1,0.004067,333.76
August,15,18:30,112,1,0.006695,361.64,311,7,0.021023,357.37,635,4,0.006411,363.66,331,3,0.007944,336.05
August,15,19:00,78,0,0.003471,363.22,283,8,0.028925,353.33,562,4,0.00789,357.32,298,4,0.01479,337.24
August,15,19:30,57,0,0.000221,349.85,249,6,0.02435,345.42,495,4,0.008242,358.44,266,4,0.016738,337.46
August,15,20:00,44,0,2e-06,342.52,213,4,0.020986,349.72,421,5,0.01128,355.42,228,3,0.014381,331.53
August,15,20:30,35,0,0.0,333.52,189,3,0.017608,352.5,360,2,0.005019,350.23,200,4,0.019002,324.73
August,15,21:00,26,0,1e-05,336.31,159,2,0.014301,344.81,300,0,0.00061,351.28,167,7,0.044791,333.22
August,15,21:30,20,0,0.002131,325.72,130,3,0.019843,336.07,246,0,2.3e-05,349.06,143,6,0.040904,340.07
August,15,22:00,16,1,0.055273,331.76,103,1,0.008167,334.38,201,0,0.0,346.88,115,2,0.01534,330.21
August,15,22:30,12,3,0.244447,351.92,83,0,0.00047,327.24,159,0,0.0,344.97,94,0,0.002038,315.66
August,15,23:00,9,2,0.23562,320.81,62,0,4e-06,336.4,123,0,0.0,335.6,74,0,8.7e-05,311.26
August,15,23:30,7,1,0.073775,257.25,51,0,0.0,345.19,100,0,0.0,320.46,61,0,1e-06,312.55
August,16,0:00,6,0,0.0,349.93,33,0,0.010427,308.12,66,0,0.0,326.64,40,0,0.0,320.73
August,16,0:30,5,0,0.0,357.33,23,0,0.004156,336.7,52,0,0.0,328.6,28,0,0.0,326.98
August,16,1:00,3,0,0.0,279.58,11,0,0.000398,344.29,39,0,0.0,336.82,22,0,0.0,320.9
August,16,1:30,2,0,0.0,222.51,6,0,4e-06,297.21,30,0,0.0,329.92,16,0,0.0,314.95
August,16,2:00,2,0,0.0,287.14,4,0,0.0,289.69,21,0,0.0,322.97,11,0,0.0,309.53
August,16,2:30,1,0,0.0,301.47,3,0,0.0,297.16,15,0,0.0,332.2,7,0,0.0,326.37
August,16,3:00,1,0,0.0,283.51,3,0,0.0,268.72,12,0,0.0,315.53,3,0,0.0,348.21
August,16,3:30,1,0,0.0,244.14,2,0,0.0,205.52,12,0,0.0,305.01,1,0,0.0,316.07
August,16,4:00,1,0,0.0,252.48,2,0,0.0,248.51,12,0,0.0,339.94,1,0,0.0,386.67
August,16,4:30,1,0,0.0,252.27,2,0,0.0,301.75,12,0,0.0,349.4,1,0,0.0,381.98
August,16,5:00,1,0,0.0,281.94,3,0,3.1e-05,278.29,12,0,0.0,371.19,1,0,0.0,294.12
August,16,5:30,1,0,0.0,225.54,3,0,0.005044,298.57,15,0,0.0,326.6,2,0,0.0,262.44
August,16,6:00,2,0,0.0,251.68,4,0,0.082779,346.14,21,0,4e-06,297.57,8,0,8e-06,254.09
August,16,6:30,3,0,0.0,284.57,6,1,0.132556,334.05,38,0,0.000395,279.88,15,0,0.000728,264.72
August,16,7:00,6,0,0.0,269.22,12,0,0.024978,305.87,65,0,0.004853,267.25,26,0,0.00898,279.65
August,16,7:30,12,0,0.0,290.53,19,0,0.000741,315.9,107,1,0.00819,267.92,43,1,0.015087,295.43
August,16,8:00,30,0,0.0,278.07,32,0,0.000435,313.97,176,0,0.001904,280.17,71,0,0.003428,294.6
August,16,8:30,49,0,2e-06,287.92,51,0,0.006227,314.91,258,1,0.002,297.68,105,0,0.002708,290.54
August,16,9:00,72,0,0.000185,288.54,106,1,0.012624,305.1,360,3,0.009238,304.3,153,1,0.00911,294.01
August,16,9:30,87,0,0.003259,288.15,143,2,0.0157,312.28,434,7,0.016406,315.84,190,3,0.0157,290.1
August,16,10:00,107,1,0.007524,297.72,176,3,0.018465,320.57,527,5,0.009903,323.66,228,4,0.019577,295.8
August,16,10:30,132,1,0.005696,303.04,210,5,0.024177,331.09,596,6,0.009495,332.57,268,7,0.024422,304.3
August,16,11:00,148,2,0.01458,305.24,246,5,0.021111,334.46,643,7,0.011077,336.75,302,5,0.017399,311.82
August,16,11:30,154,4,0.027326,305.39,273,5,0.020136,336.33,660,10,0.014495,341.8,315,3,0.008805,314.82
August,16,12:00,164,7,0.041313,313.05,282,5,0.017627,334.85,670,10,0.015563,343.12,326,2,0.007652,318.54
August,16,12:30,171,9,0.052434,314.56,293,8,0.027975,338.55,671,11,0.016141,342.94,333,4,0.011403,317.09
August,16,13:00,172,4,0.023779,321.23,305,11,0.035117,339.2,665,10,0.014501,345.45,337,5,0.014363,316.68
August,16,13:30,169,1,0.00759,326.12,316,12,0.03852,337.83,667,11,0.01674,347.44,338,6,0.017812,313.89
August,16,14:00,166,2,0.014755,327.27,324,12,0.03614,341.02,669,11,0.015734,347.87,338,7,0.021547,316.43
August,16,14:30,165,2,0.015047,324.83,324,8,0.025203,344.54,658,5,0.00752,346.8,339,11,0.031542,317.91
August,16,15:00,161,1,0.00433,322.25,318,4,0.013768,337.83,628,1,0.001503,348.36,331,6,0.018865,309.87
August,16,15:30,159,0,0.000199,330.16,313,4,0.012263,334.05,609,0,0.000598,346.08,317,3,0.009856,308.05
August,16,16:00,157,0,0.000201,331.57,309,3,0.011306,344.0,588,1,0.001851,347.41,305,2,0.007919,316.29
August,16,16:30,146,1,0.004692,314.94,294,3,0.008784,351.05,549,1,0.002628,346.41,286,2,0.006312,316.12
August,16,17:00,134,2,0.016252,322.68,285,2,0.007341,348.84,520,2,0.003783,348.08,267,2,0.006342,316.87
August,16,17:30,118,2,0.013233,331.97,269,3,0.011259,350.7,499,1,0.002386,347.86,251,1,0.004007,318.3
August,16,18:00,107,1,0.005862,336.99,246,5,0.019705,353.19,459,2,0.004047,347.29,231,1,0.003419,322.4
August,16,18:30,92,1,0.008682,342.33,223,4,0.019518,350.37,418,2,0.004742,350.02,208,0,0.001722,331.19
August,16,19:00,71,0,0.004018,335.65,197,3,0.015018,343.9,379,3,0.007036,349.25,194,0,0.001724,329.74
August,16,19:30,55,0,0.000242,330.51,175,4,0.021944,336.27,339,4,0.010571,347.28,174,0,0.000708,325.09
August,16,20:00,43,0,2e-06,310.26,155,7,0.042583,333.52,305,3,0.010546,347.74,151,0,0.001117,313.79
August,16,20:30,36,0,0.0,298.07,135,4,0.030081,320.92,257,2,0.006557,345.81,137,1,0.007154,307.64
August,16,21:00,26,0,0.0,311.16,111,3,0.02848,316.08,216,1,0.006131,344.74,115,2,0.015828,309.22
August,16,21:30,19,0,0.0,332.24,95,2,0.019093,319.94,178,0,0.002321,339.36,97,1,0.006337,313.34
August,16,22:00,14,0,0.0,363.25,76,1,0.013688,317.6,149,0,0.000128,329.39,84,0,0.000337,311.38
August,16,22:30,10,0,0.0,336.24,60,1,0.009389,315.78,122,0,1e-06,324.08,70,0,2e-06,311.05
August,16,23:00,8,0,0.0,330.78,47,1,0.016942,299.95,96,0,0.0,321.82,56,0,0.0,304.88
August,16,23:30,6,0,0.0,289.3,37,0,0.007897,299.41,83,0,0.0,318.95,48,0,0.0,291.68
August,17,0:00,3,0,0.0,329.53,31,0,0.0,282.05,54,0,0.0,309.2,37,0,0.0,296.99
August,17,0:30,3,0,0.0,345.18,23,0,0.0,287.27,43,0,0.0,317.07,27,0,0.0,296.39
August,17,1:00,3,0,0.0,344.64,11,0,0.0,319.49,33,0,0.0,294.91,21,0,0.0,326.71
August,17,1:30,2,0,0.0,320.66,6,0,0.0,335.93,26,0,0.0,287.47,16,0,0.0,351.06
August,17,2:00,1,0,0.0,242.96,5,0,0.0,348.31,19,0,0.0,300.6,11,0,0.0,350.94
August,17,2:30,1,0,0.0,282.28,3,0,0.0,299.53,14,0,0.0,303.64,8,0,0.0,359.87
August,17,3:00,2,0,0.0,337.57,3,0,0.0,303.4,12,0,0.0,322.94,3,0,0.0,339.92
August,17,3:30,2,0,0.0,437.79,2,0,0.0,255.88,10,0,0.0,369.23,1,0,0.0,255.48
August,17,4:00,1,0,0.0,377.77,2,0,0.0,208.78,9,0,0.0,388.05,0,0,0.0,209.45
August,17,4:30,2,0,0.0,265.47,2,0,0.0,322.71,9,0,0.0,357.95,1,0,0.0,250.21
August,17,5:00,2,0,0.0,207.71,2,0,0.0,409.4,10,0,0.0,321.73,1,0,0.0,297.76
August,17,5:30,2,0,0.0,219.88,2,0,0.0,309.55,12,0,0.0,269.84,1,0,0.0,276.55
August,17,6:00,2,0,0.0,248.13,3,0,0.0,259.28,18,0,0.0,260.75,6,0,0.0,232.13
August,17,6:30,2,0,0.0,246.47,4,0,0.0,252.81,27,0,0.0,259.75,11,0,0.0,256.66
August,17,7:00,5,0,0.0,273.22,8,0,0.0,270.97,43,0,0.0,263.65,19,0,0.0,294.7
August,17,7:30,7,0,0.0,295.67,11,0,0.0,284.83,67,0,0.0,266.64,32,0,0.0,300.85
August,17,8:00,13,0,0.0,278.09,20,0,0.0,275.32,107,0,0.0,273.83,49,0,0.0,294.87
August,17,8:30,16,0,0.0,279.45,32,0,0.0,289.94,143,0,0.0,285.89,66,0,6e-06,302.38
August,17,9:00,20,0,0.0,273.6,59,0,0.0,298.06,184,0,0.0,294.21,92,0,0.000678,295.15
August,17,9:30,23,0,0.0,296.03,78,0,0.0,302.92,228,0,0.0,290.68,113,1,0.012848,286.83
August,17,10:00,27,0,0.0,299.47,98,0,4e-06,301.44,281,0,0.0,291.88,135,7,0.049112,298.09
August,17,10:30,34,0,0.0,293.56,112,0,0.000596,306.63,325,0,0.0,298.33,162,10,0.063568,311.41
August,17,11:00,35,0,0.0,296.16,122,1,0.011691,304.84,362,0,3e-06,306.78,177,6,0.033855,307.44
August,17,11:30,39,0,6e-06,301.02,140,4,0.028541,305.9,402,0,0.000387,309.9,192,3,0.015761,305.48
August,17,12:00,55,0,0.000657,299.53,159,3,0.018104,305.02,428,4,0.008187,307.94,204,1,0.006121,303.65
August,17,12:30,68,1,0.011356,300.36,184,5,0.025837,305.52,436,14,0.032009,309.62,207,3,0.012394,302.15
August,17,13:00,80,2,0.026833,301.75,206,5,0.024739,302.2,442,23,0.052286,316.73,210,5,0.025962,308.0
August,17,13:30,84,1,0.009725,300.73,218,7,0.030011,305.7,445,28,0.062615,319.53,218,5,0.023485,307.76
August,17,14:00,87,1,0.010978,305.46,230,4,0.018359,309.76,448,17,0.037989,322.28,220,3,0.011548,308.3
August,17,14:30,89,3,0.029156,308.47,234,1,0.004064,312.69,447,6,0.012463,322.04,220,3,0.014862,307.79
August,17,15:00,88,2,0.017951,309.46,237,0,0.00035,310.82,447,1,0.001978,324.15,218,2,0.010826,311.12
August,17,15:30,89,2,0.020792,304.17,240,1,0.003715,309.43,438,0,8e-05,323.51,220,4,0.016009,310.2
August,17,16:00,88,1,0.007362,297.26,235,3,0.010698,310.19,431,0,0.0,320.86,213,3,0.012027,318.68
August,17,16:30,82,0,0.000371,288.32,226,2,0.007914,310.06,417,0,0.0,325.09,207,4,0.018184,317.88
August,17,17:00,74,0,3e-06,287.08,220,3,0.011561,310.34,398,0,0.0,323.69,200,1,0.006778,320.08
August,17,17:30,67,0,0.0,289.12,210,1,0.006607,307.46,378,0,0.0,318.43,192,1,0.002649,315.48
August,17,18:00,53,0,0.0,303.19,192,2,0.011764,307.64,329,0,0.0,319.08,178,1,0.00693,307.87
August,17,18:30,43,0,0.0,295.76,173,4,0.025853,302.75,306,0,0.0,319.06,165,0,0.002701,305.28
August,17,19:00,33,0,0.0,287.74,154,6,0.03844,297.96,282,0,0.0,320.71,153,0,0.000338,308.47
August,17,19:30,31,0,0.0,284.29,140,4,0.028552,306.71,255,0,0.0,319.1,149,1,0.004416,317.86
August,17,20:00,30,0,0.0,299.56,122,1,0.007862,304.53,232,0,0.0,312.41,137,2,0.013342,315.88
August,17,20:30,27,0,0.0,301.03,107,0,0.000394,300.75,212,0,0.0,314.6,122,1,0.005401,312.19
August,17,21:00,22,0,1e-05,309.05,98,0,3e-06,301.48,191,0,0.0,316.55,100,0,0.000311,314.57
August,17,21:30,17,0,0.002185,331.72,85,0,0.0,306.97,164,0,0.0,311.6,89,0,0.000196,319.18
August,17,22:00,14,1,0.055866,300.15,69,0,0.0,302.45,141,0,0.0,310.94,79,0,0.00465,316.03
August,17,22:30,12,2,0.180861,314.61,56,0,0.0,288.55,120,0,0.0,309.76,68,1,0.015166,311.69
August,17,23:00,9,1,0.086852,347.67,44,0,0.0,263.5,96,0,0.0,307.76,56,0,0.006643,319.92
August,17,23:30,8,0,0.004803,306.94,36,0,0.0,263.83,81,0,0.0,304.87,50,0,0.000347,341.1
August,18,0:00,4,0,0.0,362.22,22,0,0.0,356.49,54,0,0.0,324.06,30,0,0.0,324.92
August,18,0:30,3,0,0.0,328.4,18,0,0.0,345.12,45,0,0.0,318.99,24,0,0.0,325.48
August,18,1:00,2,0,0.0,336.63,10,0,0.0,361.22,33,0,0.0,319.76,18,0,0.0,336.07
August,18,1:30,1,0,0.0,343.49,6,0,0.0,338.31,24,0,0.0,322.13,14,0,0.0,322.67
August,18,2:00,2,0,0.0,397.01,4,0,0.0,292.58,17,0,0.0,311.99,10,0,0.0,314.83
August,18,2:30,2,0,0.0,323.51,4,0,0.0,306.24,15,0,0.0,333.62,8,0,0.0,328.87
August,18,3:00,1,0,0.0,236.07,3,0,0.0,338.73,11,0,0.0,328.41,5,0,0.0,346.97
August,18,3:30,1,0,0.0,265.71,3,0,0.0,350.26,10,0,0.0,319.79,4,0,0.0,288.99
August,18,4:00,1,0,0.0,267.15,3,0,0.0,300.06,10,0,0.0,307.95,4,0,0.0,283.63
August,18,4:30,2,0,0.0,202.16,2,0,0.0,266.68,10,0,0.0,294.0,4,0,0.0,255.78
August,18,5:00,1,0,0.0,215.88,2,0,7.1e-05,266.92,11,0,0.0,301.81,4,0,0.0,265.27
August,18,5:30,1,0,0.0,230.53,3,0,0.009177,237.93,15,0,0.0,271.26,5,0,0.0,281.32
August,18,6:00,2,0,0.0,243.04,4,1,0.146093,244.05,25,0,0.0,261.25,11,0,0.0,256.16
August,18,6:30,3,0,0.0,232.8,8,2,0.195907,313.0,45,0,0.0,275.72,19,0,0.0,252.64
August,18,7:00,7,0,0.0,248.95,24,1,0.022948,297.81,80,0,0.0,262.48,35,0,5e-06,270.4
August,18,7:30,16,0,8e-06,300.52,43,0,0.001185,286.39,138,0,2e-06,266.94,62,0,0.000444,277.18
August,18,8:00,40,0,0.000515,311.71,82,1,0.006495,294.13,258,0,0.000141,286.63,112,1,0.005254,279.63
August,18,8:30,76,0,0.006544,322.19,130,1,0.011465,308.14,398,1,0.002092,302.25,174,2,0.010324,290.93
August,18,9:00,117,3,0.021859,322.49,197,1,0.004307,319.85,566,4,0.006372,317.47,265,4,0.015312,301.93
August,18,9:30,150,4,0.027699,331.06,258,2,0.00667,329.13,721,8,0.011085,330.63,333,11,0.032708,314.32
August,18,10:00,177,1,0.007685,336.43,322,5,0.016972,335.65,858,14,0.015727,335.09,397,12,0.029677,323.17
August,18,10:30,202,0,0.000313,333.2,359,10,0.028384,345.68,970,13,0.013184,342.75,448,17,0.038892,326.94
August,18,11:00,212,0,0.00031,338.74,398,9,0.022038,353.49,1048,16,0.014792,350.65,487,13,0.026808,330.03
August,18,11:30,217,1,0.006413,343.06,424,10,0.023588,357.31,1082,25,0.023447,354.4,514,13,0.025201,332.36
August,18,12:00,220,4,0.01773,337.57,458,8,0.018511,356.66,1105,26,0.023374,353.56,538,15,0.028396,336.68
August,18,12:30,224,2,0.009541,327.88,475,10,0.02197,360.18,1107,20,0.018332,355.08,546,17,0.031132,339.66
August,18,13:00,221,2,0.0096,330.71,496,10,0.020592,359.68,1099,17,0.015473,358.46,543,14,0.025825,340.97
August,18,13:30,220,1,0.003666,341.06,510,12,0.023647,353.38,1098,22,0.019867,362.92,550,11,0.02014,335.63
August,18,14:00,224,1,0.0066,342.21,518,9,0.017019,353.46,1113,22,0.019907,364.44,566,10,0.017335,334.03
August,18,14:30,229,5,0.02199,343.94,521,7,0.013146,356.5,1120,22,0.019902,364.35,576,10,0.017141,339.89
August,18,15:00,229,6,0.027554,343.64,523,5,0.010414,357.57,1121,13,0.011315,363.47,577,8,0.014188,341.57
August,18,15:30,231,7,0.028446,346.74,524,4,0.007463,357.62,1119,6,0.005292,364.51,571,10,0.016741,344.13
August,18,16:00,227,2,0.009012,346.38,524,3,0.006502,361.8,1115,6,0.005305,362.4,571,7,0.012645,349.05
August,18,16:30,220,1,0.003485,342.6,513,4,0.007794,365.41,1087,6,0.005475,363.01,560,8,0.014795,352.81
August,18,17:00,200,2,0.009389,344.97,490,4,0.007145,364.36,1027,5,0.005266,362.92,537,7,0.013061,352.36
August,18,17:30,179,1,0.003762,339.33,464,3,0.00752,367.28,956,8,0.008881,362.48,503,6,0.012116,344.57
August,18,18:00,152,0,0.000208,337.35,415,5,0.011746,366.53,877,9,0.010486,362.56,456,4,0.009121,346.57
August,18,18:30,129,0,1e-06,346.9,387,6,0.016752,364.91,772,7,0.009073,366.36,399,4,0.009844,346.52
August,18,19:00,91,0,2e-06,346.99,347,5,0.014705,363.03,681,10,0.014372,369.77,364,8,0.021229,340.14
August,18,19:30,69,0,0.000402,345.79,321,5,0.017123,353.74,613,10,0.016345,368.08,336,13,0.039363,341.67
August,18,20:00,52,1,0.012695,342.99,285,8,0.028101,349.97,532,10,0.019502,365.29,293,12,0.041831,337.8
August,18,20:30,42,3,0.078467,347.59,236,5,0.021937,346.41,450,5,0.010541,359.19,251,7,0.02711,336.88
August,18,21:00,32,5,0.159111,343.32,192,3,0.018228,341.22,376,1,0.002065,353.61,208,5,0.026083,337.41
August,18,21:30,25,2,0.071254,329.25,158,1,0.006427,344.9,316,0,9.8e-05,346.29,174,3,0.015102,344.64
August,18,22:00,20,3,0.13919,331.59,125,0,0.000371,340.34,250,0,1e-06,340.75,141,0,0.003448,339.93
August,18,22:30,14,7,0.516425,340.63,96,0,3e-06,330.67,194,0,0.0,333.06,117,0,0.003202,342.33
August,18,23:00,12,3,0.221534,334.08,74,0,0.0,312.28,149,0,0.0,331.99,93,1,0.01063,347.14
August,18,23:30,9,0,0.013373,337.71,58,0,0.0,302.53,118,0,0.0,343.44,72,0,0.005205,335.47
August,19,0:00,4,0,0.0,360.17,30,0,0.0,314.11,71,0,0.0,334.52,43,0,0.0,325.82
August,19,0:30,4,0,0.0,299.51,22,0,0.0,319.44,53,0,0.0,333.07,32,0,0.0,351.63
August,19,1:00,3,0,0.0,284.96,12,0,0.0,332.15,39,0,0.0,325.42,25,0,0.0,373.02
August,19,1:30,2,0,0.0,274.17,6,0,0.0,337.22,28,0,0.0,298.01,19,0,0.0,357.45
August,19,2:00,2,0,0.0,305.53,4,0,0.0,346.3,21,0,0.0,286.21,13,0,0.0,328.49
August,19,2:30,1,0,0.0,247.11,3,0,0.0,371.78,17,0,0.0,278.71,9,0,0.0,321.34
August,19,3:00,1,0,0.0,243.13,3,0,0.0,323.51,13,0,0.0,282.51,3,0,0.0,328.8
August,19,3:30,1,0,0.0,251.6,2,0,0.0,253.2,12,0,0.0,294.99,1,0,0.0,292.98
August,19,4:00,1,0,0.0,250.07,2,0,0.0,225.53,11,0,0.0,296.27,1,0,0.0,224.76
August,19,4:30,2,0,0.0,268.48,2,0,0.0,217.85,11,0,0.0,279.15,1,0,0.0,198.47
August,19,5:00,2,0,0.0,233.76,2,0,0.000199,224.57,13,0,0.0,282.52,1,0,0.0,219.02
August,19,5:30,2,0,0.0,213.55,3,0,0.024645,289.2,18,0,0.0,282.12,3,0,0.0,265.6
August,19,6:00,2,0,0.0,237.79,4,1,0.31514,295.7,29,0,0.0,254.99,12,0,0.0,243.94
August,19,6:30,4,0,0.0,211.79,9,4,0.430529,302.21,49,0,0.0,244.43,22,0,0.0,248.07
August,19,7:00,8,0,3e-05,243.34,24,1,0.056493,286.07,87,0,0.0,257.03,41,0,0.0,276.32
August,19,7:30,17,0,0.002381,279.96,42,0,0.002144,287.97,145,0,0.0,269.21,70,0,0.0,286.35
August,19,8:00,44,1,0.020771,279.68,81,1,0.007352,296.53,252,0,1e-06,288.15,118,0,1e-06,288.26
August,19,8:30,76,3,0.04112,296.45,127,2,0.01296,312.35,375,0,0.000134,302.91,174,0,0.000109,292.96
August,19,9:00,113,3,0.028709,313.19,186,1,0.003201,319.57,530,1,0.002108,312.94,251,0,0.00176,300.75
August,19,9:30,147,2,0.014544,316.97,239,0,0.000577,328.81,666,4,0.006393,320.45,310,2,0.006632,311.88
August,19,10:00,172,1,0.003343,317.49,291,2,0.008121,334.75,779,8,0.010145,325.52,368,6,0.015143,320.4
August,19,10:30,192,1,0.002828,318.1,325,7,0.021406,342.57,872,13,0.015246,332.22,407,10,0.02567,325.29
August,19,11:00,203,1,0.007165,321.44,363,6,0.017314,347.91,932,11,0.012307,336.69,444,9,0.0208,332.66
August,19,11:30,212,1,0.004312,322.28,387,10,0.024857,350.68,961,12,0.011977,338.25,470,8,0.016982,332.98
August,19,12:00,216,2,0.008686,322.21,413,6,0.015118,356.97,968,19,0.019523,340.59,487,8,0.015463,333.72
August,19,12:30,218,3,0.012594,317.99,428,5,0.011643,360.38,973,22,0.022465,344.11,494,10,0.020552,333.99
August,19,13:00,218,1,0.004029,321.77,446,4,0.008125,360.46,974,11,0.011773,345.28,494,10,0.01942,334.78
August,19,13:30,218,0,0.000186,326.97,456,7,0.016024,356.23,973,8,0.008375,347.91,490,9,0.018176,336.83
August,19,14:00,223,0,1e-06,326.01,474,7,0.014878,354.83,984,9,0.008766,350.4,503,8,0.015957,335.68
August,19,14:30,225,0,0.0,329.8,483,4,0.008382,357.2,987,10,0.010017,353.76,503,5,0.010892,334.75
August,19,15:00,224,0,0.0,332.67,481,3,0.007265,354.8,981,7,0.007385,352.98,501,4,0.00803,336.55
August,19,15:30,225,0,0.0,327.66,475,4,0.009377,354.36,972,5,0.00543,353.46,506,4,0.007764,336.88
August,19,16:00,226,0,0.0,330.4,472,5,0.010997,360.95,963,5,0.004993,352.68,509,4,0.00707,340.48
August,19,16:30,216,0,0.0,330.68,456,5,0.010322,363.38,941,5,0.005183,350.55,492,4,0.008168,341.62
August,19,17:00,192,0,0.0,327.26,434,5,0.011787,365.44,892,7,0.0073,352.64,461,3,0.00633,339.19
August,19,17:30,167,0,0.0,323.99,418,5,0.012496,364.79,835,9,0.011024,351.43,434,2,0.004617,341.22
August,19,18:00,151,0,0.0,323.98,391,6,0.014503,360.06,770,11,0.013834,349.31,402,2,0.006128,345.3
August,19,18:30,127,0,2e-06,328.06,353,4,0.01193,356.69,677,6,0.009479,348.42,356,2,0.004524,343.11
August,19,19:00,89,0,0.000459,337.21,314,5,0.01472,353.53,603,4,0.00718,347.7,324,3,0.007909,339.2
August,19,19:30,65,1,0.013909,332.17,288,5,0.017722,352.46,534,4,0.007994,346.2,293,5,0.017725,341.88
August,19,20:00,50,3,0.067328,334.58,250,9,0.034833,346.65,458,5,0.010448,347.27,260,5,0.0179,338.74
August,19,20:30,43,4,0.093777,335.43,212,7,0.034472,340.76,401,3,0.007651,345.06,225,2,0.011072,333.49
August,19,21:00,32,2,0.077243,326.26,174,3,0.017941,338.3,338,1,0.002157,343.71,185,1,0.004945,339.79
August,19,21:30,24,1,0.027178,306.67,145,1,0.004054,339.74,280,0,0.001047,342.45,160,0,0.001097,347.83
August,19,22:00,19,2,0.093523,293.69,116,0,0.000211,342.49,230,1,0.0041,337.65,130,0,0.00119,348.33
August,19,22:30,13,5,0.410016,290.8,90,0,2e-06,335.64,182,1,0.005172,331.51,105,0,0.003883,342.97
August,19,23:00,10,3,0.303737,311.86,69,0,0.0,323.65,140,0,0.001871,327.68,82,0,0.001794,343.94
August,19,23:30,8,1,0.075789,308.04,52,0,0.0,304.34,109,0,0.000108,327.03,67,0,0.000103,345.92
August,20,0:00,4,0,0.0,271.01,35,0,0.0,318.33,72,0,0.0,338.6,41,0,0.0,334.17
August,20,0:30,3,0,0.0,275.46,25,0,0.0,313.66,54,0,0.0,334.74,31,0,0.0,347.81
August,20,1:00,2,0,0.0,306.57,12,0,0.0,305.14,38,0,0.0,339.48,24,0,0.0,341.11
August,20,1:30,2,0,0.0,310.08,6,0,0.0,316.0,28,0,0.0,334.23,18,0,0.0,340.37
August,20,2:00,2,0,0.0,311.9,4,0,0.0,340.27,20,0,0.0,309.75,12,0,0.0,357.58
August,20,2:30,2,0,0.0,315.94,4,0,0.0,352.41,17,0,0.0,297.62,9,0,0.0,373.9
August,20,3:00,2,0,0.0,305.72,3,0,0.0,359.09,13,0,0.0,306.39,3,0,0.0,372.96
August,20,3:30,2,0,0.0,253.47,3,0,0.0,308.44,12,0,0.0,334.57,1,0,0.0,336.86
August,20,4:00,1,0,0.0,224.03,3,0,0.0,294.42,12,0,0.0,336.32,1,0,0.0,365.48
August,20,4:30,1,0,0.0,237.95,3,0,0.0,285.71,12,0,0.0,316.98,1,0,0.0,397.27
August,20,5:00,2,0,0.0,268.57,3,0,0.000116,304.75,14,0,0.0,290.2,1,0,7e-05,348.49
August,20,5:30,2,0,0.0,279.22,3,0,0.016153,329.06,19,0,0.0,263.05,3,0,0.004067,270.97
August,20,6:00,3,0,5.7e-05,261.04,5,1,0.214498,325.59,30,0,0.0,254.07,13,0,0.022777,256.82
August,20,6:30,4,0,0.005888,272.82,9,3,0.331218,279.63,51,0,0.0,254.31,24,1,0.033762,271.1
August,20,7:00,9,1,0.060204,304.28,26,3,0.097694,258.16,94,0,2e-06,268.72,43,0,0.006823,260.34
August,20,7:30,20,2,0.106019,321.93,47,4,0.087677,292.61,157,0,0.000237,277.71,75,0,0.000184,277.0
August,20,8:00,48,5,0.102781,313.13,87,2,0.02711,306.38,268,1,0.003205,289.35,125,0,5.1e-05,297.43
August,20,8:30,82,10,0.120797,338.12,136,3,0.018916,313.77,392,4,0.009653,303.92,184,0,0.000859,301.1
August,20,9:00,122,9,0.07209,337.59,200,1,0.00653,320.61,551,7,0.01325,314.82,265,1,0.0038,299.34
August,20,9:30,151,6,0.039217,338.71,257,3,0.011129,326.91,691,9,0.013133,320.36,320,3,0.010307,310.57
August,20,10:00,177,3,0.016574,336.28,307,11,0.034297,333.94,794,9,0.011856,323.37,371,9,0.023628,318.7
August,20,10:30,199,1,0.003162,335.93,339,18,0.051672,345.8,888,16,0.018437,332.45,405,14,0.035706,327.31
August,20,11:00,213,0,0.000407,336.3,380,9,0.023559,352.52,942,12,0.012965,338.38,442,8,0.018033,330.56
August,20,11:30,220,1,0.005887,334.81,412,9,0.022518,354.41,966,7,0.007649,341.37,462,6,0.012665,332.15
August,20,12:00,220,4,0.019024,345.28,445,5,0.011086,355.6,978,12,0.012765,341.35,473,5,0.011413,331.71
August,20,12:30,221,3,0.014292,343.68,457,6,0.012847,355.71,986,22,0.022731,344.02,481,6,0.01208,330.62
August,20,13:00,223,1,0.003311,341.95,469,6,0.013204,348.71,985,12,0.012295,343.08,486,5,0.010955,334.32
August,20,13:30,222,0,0.000145,340.39,480,6,0.012735,350.68,983,8,0.008074,342.6,493,3,0.006863,331.49
August,20,14:00,223,0,2e-06,341.27,490,4,0.009081,354.54,984,8,0.008507,344.51,504,2,0.004943,332.52
August,20,14:30,224,0,0.000106,345.5,494,6,0.012104,359.07,988,10,0.009665,346.81,502,4,0.007171,341.66
August,20,15:00,224,1,0.00226,344.23,495,4,0.008765,356.71,978,8,0.008373,350.32,500,4,0.007256,346.47
August,20,15:30,223,1,0.006285,348.51,497,4,0.008507,355.6,971,9,0.009363,355.04,497,5,0.010598,344.43
August,20,16:00,220,1,0.002299,353.5,492,4,0.007937,354.92,958,6,0.005879,354.57,490,6,0.012289,342.1
August,20,16:30,210,0,0.000113,351.11,478,2,0.005084,356.87,922,5,0.005012,352.41,479,4,0.008983,340.88
August,20,17:00,190,0,1e-06,348.08,457,1,0.002718,358.36,874,7,0.008165,350.43,463,5,0.010754,336.89
August,20,17:30,169,0,0.0,340.1,438,4,0.008128,356.82,816,9,0.011528,351.73,427,5,0.011065,339.77
August,20,18:00,151,0,0.0,341.53,397,6,0.015266,354.5,742,8,0.010342,357.24,388,4,0.010562,335.54
August,20,18:30,126,0,0.0,360.47,356,3,0.008806,354.56,667,6,0.008793,357.35,349,4,0.012389,337.91
August,20,19:00,86,0,0.0,359.79,322,4,0.013066,355.54,596,6,0.009851,349.39,323,6,0.017982,339.61
August,20,19:30,64,0,2e-06,346.05,293,5,0.018541,357.2,524,6,0.010658,343.69,290,6,0.022331,346.72
August,20,20:00,50,0,0.000472,327.84,259,6,0.021441,354.54,452,4,0.008564,344.73,259,6,0.024943,343.09
August,20,20:30,42,1,0.012003,320.92,220,3,0.011399,347.73,389,3,0.008373,346.54,222,5,0.023707,334.11
August,20,21:00,33,1,0.04223,323.42,179,2,0.013555,345.06,328,1,0.002986,346.17,185,8,0.04114,336.66
August,20,21:30,26,1,0.020101,321.67,150,1,0.005682,343.1,273,0,0.000165,342.15,160,5,0.02872,336.33
August,20,22:00,19,0,0.016036,318.03,120,0,0.000331,325.36,222,0,1e-06,336.64,128,1,0.00734,335.09
August,20,22:30,14,1,0.057068,313.13,94,0,3e-06,321.85,174,0,0.0,322.34,105,0,0.000375,333.27
August,20,23:00,12,0,0.024212,322.83,72,0,0.0,317.05,135,0,0.0,321.77,82,0,3e-06,326.47
August,20,23:30,10,0,0.001404,294.7,57,0,0.0,315.83,109,0,0.0,322.35,66,0,0.0,317.95
August,21,0:00,5,0,0.0,332.97,33,0,0.0,305.63,70,0,0.0,323.64,42,0,0.0,351.31
August,21,0:30,3,0,0.0,336.98,23,0,0.0,293.83,54,0,0.0,319.01,31,0,0.0,358.86
August,21,1:00,3,0,0.0,324.8,12,0,0.0,289.6,40,0,0.0,319.98,23,0,0.0,358.31
August,21,1:30,2,0,0.0,320.2,8,0,0.0,321.39,29,0,0.0,309.42,19,0,0.0,337.99
August,21,2:00,2,0,0.0,279.44,6,0,0.0,373.82,20,0,0.0,254.02,14,0,0.0,317.83
August,21,2:30,1,0,0.0,293.63,4,0,0.0,378.14,16,0,0.0,219.74,9,0,0.0,302.75
August,21,3:00,1,0,0.0,331.58,3,0,0.0,329.08,12,0,0.0,276.81,3,0,0.0,318.76
August,21,3:30,2,0,0.0,302.93,3,0,0.0,353.58,12,0,0.0,311.21,1,0,0.0,363.58
August,21,4:00,2,0,0.0,278.9,3,0,0.0,341.49,12,0,0.0,286.4,1,0,0.0,343.9
August,21,4:30,1,0,0.0,293.85,2,0,0.0,303.77,12,0,0.0,267.29,1,0,0.0,290.96
August,21,5:00,1,0,0.000265,251.91,3,0,0.000133,267.8,14,0,1.1e-05,256.67,1,0,0.000203,291.44
August,21,5:30,2,0,0.032711,269.27,4,0,0.017218,264.61,20,0,0.001252,264.39,3,0,0.010645,378.97
August,21,6:00,3,1,0.495897,272.33,5,1,0.265562,270.36,32,1,0.016843,264.34,12,1,0.055587,298.49
August,21,6:30,5,5,1.0,292.59,9,4,0.411285,337.89,54,2,0.027997,259.0,23,2,0.082711,272.43
August,21,7:00,9,5,0.608423,316.92,24,2,0.088291,309.03,93,1,0.012291,259.98,41,1,0.016689,278.75
August,21,7:30,17,3,0.189362,305.68,42,2,0.054002,299.77,152,2,0.011466,269.42,73,0,0.000445,269.87
August,21,8:00,41,1,0.036315,303.91,79,2,0.019126,312.46,257,1,0.004204,291.44,127,0,0.000234,279.57
August,21,8:30,72,2,0.028184,321.12,122,2,0.016825,320.98,375,2,0.005126,301.73,187,1,0.0037,297.54
August,21,9:00,105,1,0.007098,329.25,183,1,0.008055,321.37,516,3,0.00664,310.63,256,3,0.012767,306.37
August,21,9:30,130,1,0.004223,325.94,230,2,0.009534,327.17,646,6,0.008864,318.72,310,6,0.019646,314.98
August,21,10:00,154,2,0.012991,321.46,277,2,0.007541,333.42,755,9,0.012044,327.91,364,8,0.021122,321.73
August,21,10:30,178,2,0.012842,325.88,316,5,0.01586,344.83,837,14,0.017059,336.46,402,10,0.024445,324.83
August,21,11:00,190,1,0.003539,327.6,344,9,0.025114,350.06,888,16,0.017482,340.32,437,6,0.013056,330.88
August,21,11:30,197,0,0.000156,329.93,377,13,0.035657,346.98,911,14,0.015617,342.58,451,3,0.007288,333.55
August,21,12:00,200,0,1e-06,329.6,402,11,0.026613,349.89,915,12,0.013154,344.0,463,4,0.009106,329.83
August,21,12:30,201,0,0.0,324.69,409,10,0.025234,355.4,922,18,0.019888,346.01,471,7,0.015587,328.49
August,21,13:00,198,0,0.0,330.15,416,11,0.025456,351.19,914,18,0.01916,346.91,473,10,0.020301,332.01
August,21,13:30,199,0,1e-06,336.76,429,15,0.035697,348.13,911,10,0.011207,344.62,480,10,0.019961,331.15
August,21,14:00,203,0,0.000191,338.71,445,10,0.023042,351.61,918,15,0.016426,347.06,496,12,0.024747,333.8
August,21,14:30,203,1,0.004365,341.64,449,8,0.017866,354.78,923,30,0.032621,350.33,499,10,0.019534,339.65
August,21,15:00,204,4,0.01857,345.17,442,6,0.013527,358.1,916,14,0.014985,349.92,491,7,0.013498,344.05
August,21,15:30,201,6,0.028086,345.36,441,6,0.013243,359.1,917,6,0.006067,350.54,489,6,0.011424,341.58
August,21,16:00,200,4,0.017744,343.51,436,5,0.010612,356.7,900,6,0.006735,352.14,491,4,0.007283,339.12
August,21,16:30,195,1,0.004205,340.92,424,4,0.008713,354.22,867,7,0.007827,354.01,472,2,0.005014,343.03
August,21,17:00,176,0,0.002247,340.37,405,2,0.004581,356.31,821,6,0.007305,351.73,446,3,0.006291,342.69
August,21,17:30,154,1,0.006531,340.2,387,3,0.008846,356.64,766,8,0.010541,349.85,414,2,0.006014,340.59
August,21,18:00,133,0,0.00272,339.92,356,5,0.014558,354.82,692,8,0.010975,352.48,376,2,0.004983,344.06
August,21,18:30,113,0,0.00015,338.05,325,5,0.014108,354.73,621,7,0.011583,354.81,339,4,0.010851,339.1
August,21,19:00,79,0,3e-06,338.87,294,5,0.015415,351.14,550,13,0.024146,353.4,312,8,0.026234,335.42
August,21,19:30,60,0,0.000405,327.05,264,4,0.016186,355.35,492,21,0.043499,357.49,283,13,0.044881,335.77
August,21,20:00,47,1,0.011075,331.07,228,4,0.016125,358.99,431,15,0.03413,353.09,254,10,0.039178,329.83
August,21,20:30,39,1,0.037168,337.34,198,1,0.005348,348.44,373,9,0.023635,347.77,218,5,0.02508,332.28
August,21,21:00,29,1,0.017691,319.49,164,0,0.000503,346.7,310,2,0.007639,346.87,180,5,0.025855,333.53
August,21,21:30,22,0,0.00262,320.71,133,1,0.005504,343.54,256,0,0.000416,345.71,157,2,0.01447,332.15
August,21,22:00,17,1,0.041318,311.27,107,2,0.01899,334.45,210,0,3e-06,332.52,125,3,0.020119,338.15
August,21,22:30,13,2,0.156286,311.89,84,1,0.008756,326.09,164,0,0.0,326.75,101,1,0.011317,326.74
August,21,23:00,10,1,0.069421,326.53,64,0,0.000539,325.46,127,0,0.0,327.52,78,0,0.001852,326.93
August,21,23:30,8,0,0.004117,347.68,50,0,4e-06,315.78,101,0,0.0,324.57,64,0,8.1e-05,336.96
August,22,0:00,5,0,0.0,407.62,29,0,0.0,315.89,68,0,0.0,344.08,39,0,0.0,338.34
August,22,0:30,4,0,0.0,361.04,21,0,0.0,330.83,51,0,0.0,325.23,29,0,0.0,333.13
August,22,1:00,3,0,0.0,306.94,11,0,0.0,357.2,38,0,0.0,319.25,21,0,0.0,346.22
August,22,1:30,2,0,0.0,247.27,6,0,0.0,299.11,27,0,0.0,311.53,16,0,0.0,322.78
August,22,2:00,2,0,0.0,253.65,5,0,0.0,317.44,19,0,0.0,311.7,11,0,0.0,333.2
August,22,2:30,1,0,0.0,269.7,4,0,0.0,340.57,16,0,0.0,328.82,8,0,0.0,342.46
August,22,3:00,1,0,0.0,211.54,3,0,0.0,375.68,13,0,0.0,349.21,3,0,0.0,346.88
August,22,3:30,1,0,0.0,198.21,3,0,0.0,370.31,12,0,0.0,355.54,1,0,0.0,295.36
August,22,4:00,1,0,0.0,235.3,3,0,0.0,302.02,13,0,0.0,318.62,1,0,0.0,326.63
August,22,4:30,1,0,0.0,254.81,3,0,1e-05,246.36,13,0,0.0,313.31,1,0,0.0,333.79
August,22,5:00,1,0,0.000196,256.64,3,0,0.001886,259.99,16,0,7e-06,307.94,1,0,0.000173,323.2
August,22,5:30,2,0,0.02513,242.96,3,0,0.054843,285.81,19,0,0.000951,300.29,3,0,0.00856,277.93
August,22,6:00,2,1,0.446595,243.25,5,2,0.427597,300.34,30,0,0.013054,277.66,11,0,0.042427,260.63
August,22,6:30,3,3,1.0,290.32,9,5,0.55218,318.17,51,1,0.022237,264.15,23,1,0.056401,268.82
August,22,7:00,8,5,0.577929,308.56,26,2,0.094577,285.36,87,1,0.011053,262.95,42,1,0.014718,275.29
August,22,7:30,16,3,0.16034,309.18,44,2,0.046771,281.23,148,2,0.011423,264.45,72,1,0.009389,286.6
August,22,8:00,38,1,0.013533,299.59,83,1,0.016383,291.88,253,1,0.003457,279.07,123,1,0.009062,287.89
August,22,8:30,69,0,0.000319,306.91,118,2,0.020834,311.7,371,0,0.001083,296.82,174,1,0.008059,292.59
August,22,9:00,102,0,2e-06,317.17,172,3,0.018386,329.61,520,2,0.003574,303.7,243,2,0.009678,303.2
August,22,9:30,128,0,9.6e-05,324.97,215,3,0.012206,336.38,652,5,0.007516,307.6,303,4,0.014417,312.14
August,22,10:00,146,0,0.001797,332.32,263,2,0.008985,342.17,749,8,0.010849,317.98,354,5,0.015349,314.6
August,22,10:30,172,1,0.004239,334.74,298,5,0.017025,343.23,829,13,0.015419,326.45,387,7,0.018598,325.51
August,22,11:00,183,0,0.001609,334.82,327,9,0.027866,347.63,878,10,0.01132,332.95,419,6,0.015391,330.69
August,22,11:30,192,1,0.003676,332.85,357,13,0.037524,355.71,906,12,0.013343,334.54,439,5,0.012399,329.45
August,22,12:00,197,2,0.009823,331.19,386,11,0.027856,358.41,916,18,0.019227,334.54,448,5,0.010892,329.49
August,22,12:30,197,1,0.004843,339.72,395,11,0.028772,360.47,919,16,0.017765,337.88,456,4,0.009092,337.84
August,22,13:00,198,1,0.003847,345.81,405,11,0.027735,353.06,916,10,0.010921,344.5,460,4,0.008891,341.06
August,22,13:30,200,0,0.001415,343.19,414,12,0.029682,351.15,914,9,0.010333,345.09,468,6,0.012431,338.98
August,22,14:00,201,0,0.002295,341.3,431,15,0.034835,357.45,920,10,0.011073,345.26,478,8,0.016843,336.07
August,22,14:30,205,2,0.009307,341.0,437,15,0.03453,359.05,918,11,0.012123,344.92,477,9,0.019038,338.92
August,22,15:00,203,4,0.01831,337.03,435,8,0.019287,361.15,914,14,0.015364,344.21,472,7,0.014483,342.53
August,22,15:30,203,5,0.022416,341.71,431,7,0.016364,360.3,906,16,0.01768,344.97,469,6,0.013764,340.91
August,22,16:00,198,1,0.007143,344.97,427,7,0.016907,365.69,891,9,0.009719,346.0,479,4,0.009191,341.28
August,22,16:30,188,0,0.000346,346.57,416,7,0.016812,362.68,857,5,0.006154,345.32,461,4,0.008039,339.61
August,22,17:00,168,0,3e-06,343.76,397,7,0.017052,357.76,807,6,0.006985,345.9,429,3,0.006472,343.63
August,22,17:30,148,0,8.3e-05,340.09,377,8,0.021506,359.48,742,6,0.007523,347.38,393,2,0.00512,336.84
August,22,18:00,130,0,0.002026,344.08,344,9,0.026694,362.59,656,5,0.006916,349.57,353,1,0.004068,334.01
August,22,18:30,109,1,0.006679,359.57,309,6,0.020943,356.08,593,4,0.006456,348.82,317,3,0.007954,336.3
August,22,19:00,76,0,0.00347,361.15,280,8,0.028848,352.06,525,4,0.007932,342.74,286,4,0.014767,337.5
August,22,19:30,56,0,0.000221,347.86,247,6,0.024285,344.17,462,4,0.008298,343.82,256,4,0.016696,337.71
August,22,20:00,43,0,2e-06,340.57,211,4,0.020929,348.45,394,4,0.011317,340.92,220,3,0.014336,331.77
August,22,20:30,34,0,0.0,331.62,188,3,0.017571,351.23,337,2,0.005034,335.95,193,4,0.018914,324.97
August,22,21:00,25,0,1e-05,334.4,158,2,0.014268,343.56,282,0,0.000609,336.95,160,7,0.044662,333.47
August,22,21:30,19,0,0.002121,323.87,128,3,0.019807,334.85,231,0,2.3e-05,334.82,137,6,0.040861,340.32
August,22,22:00,16,1,0.054941,329.87,102,1,0.008121,333.17,190,0,0.0,332.73,112,2,0.015086,330.46
August,22,22:30,12,3,0.242973,349.91,82,0,0.000468,326.06,150,0,0.0,330.9,92,0,0.002004,315.9
August,22,23:00,9,2,0.232843,318.98,61,0,4e-06,335.18,117,0,0.0,321.91,72,0,8.6e-05,311.49
August,22,23:30,7,1,0.072757,255.78,51,0,0.0,343.94,93,0,0.0,307.38,58,0,1e-06,312.78
August,23,0:00,5,0,0.0,348.71,35,0,0.010498,307.82,62,0,0.0,308.98,41,0,0.0,321.53
August,23,0:30,4,0,0.0,356.08,24,0,0.004231,336.37,49,0,0.0,310.83,28,0,0.0,327.8
August,23,1:00,3,0,0.0,278.6,11,0,0.000403,343.95,37,0,0.0,318.61,22,0,0.0,321.71
August,23,1:30,2,0,0.0,221.73,6,0,4e-06,296.91,29,0,0.0,312.09,16,0,0.0,315.74
August,23,2:00,2,0,0.0,286.13,5,0,0.0,289.4,19,0,0.0,305.51,11,0,0.0,310.31
August,23,2:30,2,0,0.0,300.41,4,0,0.0,296.87,14,0,0.0,314.24,7,0,0.0,327.19
August,23,3:00,1,0,0.0,282.52,3,0,0.0,268.45,11,0,0.0,298.47,2,0,0.0,349.08
August,23,3:30,1,0,0.0,243.28,3,0,0.0,205.32,11,0,0.0,288.52,1,0,0.0,316.87
August,23,4:00,1,0,0.0,251.59,3,0,0.0,248.26,10,0,0.0,321.56,0,0,0.0,387.65
August,23,4:30,1,0,0.0,251.38,3,0,0.0,301.45,10,0,0.0,330.51,0,0,0.0,382.94
August,23,5:00,1,0,0.0,280.96,3,0,3e-05,278.02,11,0,0.0,351.12,1,0,0.0,294.85
August,23,5:30,2,0,0.0,224.75,3,0,0.004858,298.28,13,0,0.0,308.94,2,0,0.0,263.1
August,23,6:00,2,0,0.0,250.79,4,0,0.080425,345.8,20,0,4e-06,281.48,8,0,8e-06,254.73
August,23,6:30,3,0,0.0,283.57,7,1,0.128962,333.72,34,0,0.000405,264.75,15,0,0.000725,265.38
August,23,7:00,6,0,0.0,268.27,13,0,0.024056,305.57,59,0,0.004997,252.8,26,0,0.00898,280.35
August,23,7:30,12,0,0.0,289.51,20,0,0.000722,315.59,99,1,0.008318,253.44,43,1,0.015057,296.17
August,23,8:00,28,0,0.0,277.1,35,0,0.000422,313.66,165,0,0.001904,265.02,73,0,0.003409,295.34
August,23,8:30,44,0,2e-06,286.91,55,0,0.006171,314.6,238,0,0.002035,281.59,108,0,0.002661,291.27
August,23,9:00,65,0,0.000187,287.53,115,1,0.012478,304.8,334,3,0.009329,287.85,155,1,0.009106,294.75
August,23,9:30,79,0,0.003288,287.14,156,2,0.01544,311.97,407,7,0.01644,298.76,193,3,0.015684,290.83
August,23,10:00,97,1,0.0076,296.67,191,3,0.018304,320.26,497,5,0.009863,306.16,231,5,0.019566,296.55
August,23,10:30,122,1,0.005691,301.98,225,5,0.0242,330.76,562,5,0.009454,314.59,271,7,0.024419,305.06
August,23,11:00,136,2,0.014582,304.17,263,6,0.021152,334.13,603,7,0.011085,318.54,306,5,0.017369,312.6
August,23,11:30,142,4,0.027245,304.31,291,6,0.020223,335.99,618,9,0.014525,323.32,319,3,0.008787,315.61
August,23,12:00,152,6,0.041139,311.96,302,5,0.01767,334.52,629,10,0.015569,324.57,330,3,0.007647,319.34
August,23,12:30,158,8,0.052184,313.46,314,9,0.028045,338.21,630,10,0.016134,324.4,338,4,0.011394,317.88
August,23,13:00,159,4,0.023681,320.11,325,11,0.035294,338.87,624,9,0.014501,326.77,342,5,0.01435,317.47
August,23,13:30,156,1,0.007562,324.97,337,13,0.038721,337.49,626,10,0.016737,328.65,343,6,0.017797,314.68
August,23,14:00,152,2,0.014749,326.12,347,13,0.036154,340.68,628,10,0.015733,329.06,343,7,0.021515,317.22
August,23,14:30,152,2,0.015057,323.69,346,9,0.025262,344.2,618,5,0.007517,328.05,344,11,0.031493,318.71
August,23,15:00,148,1,0.004328,321.12,339,5,0.013815,337.5,589,1,0.001504,329.52,336,6,0.01883,310.65
August,23,15:30,146,0,0.000199,329.0,334,4,0.012302,333.72,571,0,0.000599,327.37,321,3,0.009837,308.83
August,23,16:00,144,0,0.000201,330.41,332,4,0.011269,343.66,552,1,0.001851,328.63,310,2,0.007873,317.09
August,23,16:30,134,1,0.004676,313.83,318,3,0.008703,350.71,515,1,0.002628,327.68,290,2,0.006301,316.92
August,23,17:00,123,2,0.016216,321.55,305,2,0.007346,348.5,486,2,0.003799,329.26,270,2,0.006339,317.67
August,23,17:30,109,1,0.013078,330.81,290,3,0.011209,350.36,466,1,0.002393,329.05,254,1,0.004013,319.1
August,23,18:00,96,1,0.006013,335.81,261,5,0.019919,352.84,434,2,0.004017,328.51,233,1,0.003435,323.21
August,23,18:30,82,1,0.008938,341.13,239,5,0.019604,350.02,397,2,0.004694,331.09,209,0,0.001733,332.03
August,23,19:00,65,0,0.003981,334.47,212,3,0.014959,343.56,358,3,0.006996,330.37,196,0,0.001723,330.57
August,23,19:30,50,0,0.000245,329.35,188,4,0.021907,335.94,320,3,0.0105,328.51,176,0,0.000709,325.91
August,23,20:00,39,0,2e-06,309.17,165,7,0.042873,333.19,287,3,0.010507,328.94,153,0,0.001118,314.58
August,23,20:30,33,0,0.0,297.03,145,4,0.029953,320.61,242,2,0.00653,327.12,138,1,0.007186,308.42
August,23,21:00,24,0,0.0,310.07,119,3,0.02834,315.77,204,1,0.006077,326.1,115,2,0.015916,310.0
August,23,21:30,18,0,0.0,331.07,102,2,0.018937,319.63,168,0,0.002308,321.02,97,1,0.006401,314.13
August,23,22:00,13,0,0.0,361.98,81,1,0.01375,317.28,140,0,0.000128,311.59,85,0,0.00034,312.17
August,23,22:30,9,0,0.0,335.06,64,1,0.009489,315.47,115,0,1e-06,306.56,70,0,2e-06,311.83
August,23,23:00,8,0,0.0,329.62,50,1,0.017056,299.65,90,0,0.0,304.42,56,0,0.0,305.64
August,23,23:30,5,0,0.0,288.29,40,0,0.007848,299.11,78,0,0.0,301.71,47,0,0.0,292.41
August,24,0:00,2,0,0.0,328.6,31,0,0.0,281.82,49,0,0.0,304.02,34,0,0.0,296.76
August,24,0:30,2,0,0.0,344.2,22,0,0.0,287.03,40,0,0.0,311.75,25,0,0.0,296.17
August,24,1:00,2,0,0.0,343.66,11,0,0.0,319.23,30,0,0.0,289.97,19,0,0.0,326.46
August,24,1:30,2,0,0.0,319.74,6,0,0.0,335.66,24,0,0.0,282.65,14,0,0.0,350.8
August,24,2:00,1,0,0.0,242.27,5,0,0.0,348.03,17,0,0.0,295.56,10,0,0.0,350.67
August,24,2:30,1,0,0.0,281.47,3,0,0.0,299.28,13,0,0.0,298.55,7,0,0.0,359.6
August,24,3:00,1,0,0.0,336.61,3,0,0.0,303.15,11,0,0.0,317.52,2,0,0.0,339.66
August,24,3:30,1,0,0.0,436.55,2,0,0.0,255.67,9,0,0.0,363.04,1,0,0.0,255.28
August,24,4:00,1,0,0.0,376.7,2,0,0.0,208.61,8,0,0.0,381.54,0,0,0.0,209.3
August,24,4:30,1,0,0.0,264.72,2,0,0.0,322.44,8,0,0.0,351.95,0,0,0.0,250.03
August,24,5:00,1,0,0.0,207.12,2,0,0.0,409.07,9,0,0.0,316.34,1,0,0.0,297.54
August,24,5:30,2,0,0.0,219.25,2,0,0.0,309.29,11,0,0.0,265.32,1,0,0.0,276.34
August,24,6:00,2,0,0.0,247.43,3,0,0.0,259.07,16,0,0.0,256.37,5,0,0.0,231.96
August,24,6:30,2,0,0.0,245.76,4,0,0.0,252.61,26,0,0.0,255.4,11,0,0.0,256.47
August,24,7:00,4,0,0.0,272.44,8,0,0.0,270.75,39,0,0.0,259.23,18,0,0.0,294.48
August,24,7:30,6,0,0.0,294.82,11,0,0.0,284.6,63,0,0.0,262.17,30,0,0.0,300.62
August,24,8:00,11,0,0.0,277.3,19,0,0.0,275.1,100,0,0.0,269.24,45,0,0.0,294.65
August,24,8:30,14,0,0.0,278.66,31,0,0.0,289.7,133,0,0.0,281.1,62,0,5e-06,302.16
August,24,9:00,17,0,0.0,272.82,56,0,0.0,297.82,169,0,0.0,289.28,85,0,0.000662,294.93
August,24,9:30,20,0,0.0,295.19,75,0,0.0,302.67,211,0,0.0,285.81,102,1,0.012811,286.61
August,24,10:00,23,0,0.0,298.62,94,0,4e-06,301.19,263,0,0.0,286.99,120,6,0.049334,297.87
August,24,10:30,28,0,0.0,292.73,106,0,0.000597,306.38,303,0,0.0,293.33,145,9,0.06362,311.17
August,24,11:00,29,0,0.0,295.32,116,1,0.011684,304.59,333,0,3e-06,301.64,158,5,0.033955,307.21
August,24,11:30,31,0,6e-06,300.17,134,4,0.028375,305.65,368,0,0.000387,304.71,171,3,0.015851,305.25
August,24,12:00,43,0,0.000672,298.68,151,3,0.018158,304.77,392,3,0.008214,302.78,183,1,0.006124,303.42
August,24,12:30,54,1,0.011579,299.5,175,5,0.025914,305.27,399,13,0.032113,304.43,186,2,0.012395,301.93
August,24,13:00,64,2,0.027033,300.89,195,5,0.024771,301.96,405,21,0.052498,311.42,188,5,0.025978,307.77
August,24,13:30,67,1,0.009853,299.88,207,6,0.030184,305.45,407,26,0.062868,314.18,195,5,0.023568,307.52
August,24,14:00,70,1,0.011107,304.59,217,4,0.018576,309.5,410,16,0.038145,316.88,196,2,0.011583,308.07
August,24,14:30,70,2,0.029642,307.6,220,1,0.004117,312.44,408,5,0.01251,316.65,197,3,0.014906,307.56
August,24,15:00,70,1,0.018213,308.58,222,0,0.000355,310.56,408,1,0.001989,318.72,195,2,0.01087,310.89
August,24,15:30,71,1,0.02109,303.31,226,1,0.003767,309.17,400,0,8.1e-05,318.09,197,3,0.016015,309.96
August,24,16:00,70,1,0.007499,296.41,221,2,0.010839,309.93,393,0,0.0,315.49,192,2,0.011994,318.44
August,24,16:30,67,0,0.000369,287.5,213,2,0.007979,309.8,383,0,0.0,319.64,184,3,0.018378,317.64
August,24,17:00,60,0,2e-06,286.26,207,2,0.011695,310.08,365,0,0.0,318.26,177,1,0.00686,319.84
August,24,17:30,54,0,0.0,288.3,197,1,0.006695,307.2,344,0,0.0,313.09,170,0,0.002685,315.24
August,24,18:00,42,0,0.0,302.32,183,2,0.011754,307.39,301,0,0.0,313.73,158,1,0.006998,307.64
August,24,18:30,34,0,0.0,294.92,165,4,0.025692,302.51,281,0,0.0,313.72,147,0,0.002712,305.06
August,24,19:00,28,0,0.0,286.92,148,6,0.03808,297.71,258,0,0.0,315.34,138,0,0.000335,308.24
August,24,19:30,26,0,0.0,283.48,135,4,0.028312,306.46,233,0,0.0,313.75,135,1,0.004376,317.62
August,24,20:00,25,0,0.0,298.71,117,1,0.007824,304.28,213,0,0.0,307.18,122,2,0.013364,315.64
August,24,20:30,22,0,0.0,300.17,104,0,0.000388,300.5,196,0,0.0,309.32,109,1,0.005432,311.95
August,24,21:00,18,0,1e-05,308.17,95,0,3e-06,301.23,176,0,0.0,311.25,90,0,0.000309,314.34
August,24,21:30,14,0,0.002127,330.78,82,0,0.0,306.72,152,0,0.0,306.37,80,0,0.000195,318.94
August,24,22:00,12,1,0.054212,299.29,67,0,0.0,302.21,130,0,0.0,305.73,72,0,0.004609,315.79
August,24,22:30,10,2,0.174955,313.72,54,0,0.0,288.31,112,0,0.0,304.56,62,1,0.014902,311.46
August,24,23:00,8,1,0.083954,346.69,42,0,0.0,263.29,89,0,0.0,302.61,50,0,0.006579,319.68
August,24,23:30,7,0,0.004572,306.06,35,0,0.0,263.62,74,0,0.0,299.76,45,0,0.000343,340.84
August,25,0:00,4,0,0.0,353.81,22,0,0.0,354.49,53,0,0.0,322.78,30,0,0.0,323.58
August,25,0:30,3,0,0.0,320.77,18,0,0.0,343.19,44,0,0.0,317.73,23,0,0.0,324.14
August,25,1:00,2,0,0.0,328.81,10,0,0.0,359.2,32,0,0.0,318.5,17,0,0.0,334.69
August,25,1:30,2,0,0.0,335.51,6,0,0.0,336.41,23,0,0.0,320.86,13,0,0.0,321.34
August,25,2:00,2,0,0.0,387.78,4,0,0.0,290.94,17,0,0.0,310.76,9,0,0.0,313.54
August,25,2:30,2,0,0.0,316.0,4,0,0.0,304.52,14,0,0.0,332.31,8,0,0.0,327.52
August,25,3:00,1,0,0.0,230.58,3,0,0.0,336.84,11,0,0.0,327.11,5,0,0.0,345.55
August,25,3:30,1,0,0.0,259.53,3,0,0.0,348.3,10,0,0.0,318.53,4,0,0.0,287.81
August,25,4:00,1,0,0.0,260.95,3,0,0.0,298.38,10,0,0.0,306.74,3,0,0.0,282.47
August,25,4:30,2,0,0.0,197.46,2,0,0.0,265.18,10,0,0.0,292.84,4,0,0.0,254.73
August,25,5:00,1,0,0.0,210.86,2,0,7e-05,265.43,11,0,0.0,300.62,3,0,0.0,264.18
August,25,5:30,1,0,0.0,225.17,3,0,0.008985,236.6,15,0,0.0,270.19,4,0,0.0,280.16
August,25,6:00,2,0,0.0,237.4,4,1,0.143831,242.68,25,0,0.0,260.22,11,0,0.0,255.11
August,25,6:30,3,0,0.0,227.39,8,2,0.19386,311.25,44,0,0.0,274.63,19,0,0.0,251.61
August,25,7:00,8,0,0.0,243.17,24,1,0.022776,296.15,78,0,0.0,261.44,34,0,5e-06,269.29
August,25,7:30,16,0,8e-06,293.54,43,0,0.001175,284.79,135,0,2e-06,265.89,61,0,0.000443,276.04
August,25,8:00,42,0,0.000516,304.47,82,1,0.006448,292.48,251,0,0.000139,285.5,111,1,0.005212,278.48
August,25,8:30,79,1,0.006585,314.7,130,1,0.011378,306.41,387,1,0.002065,301.06,171,2,0.010266,289.73
August,25,9:00,120,3,0.022187,314.99,198,1,0.00426,318.06,546,3,0.006343,316.22,262,4,0.015184,300.69
August,25,9:30,155,4,0.027855,323.37,257,2,0.006629,327.29,697,8,0.011013,329.33,328,11,0.032518,313.03
August,25,10:00,185,1,0.007674,328.61,318,5,0.016974,333.78,832,13,0.015598,333.77,392,12,0.029476,321.84
August,25,10:30,211,0,0.000313,325.46,357,10,0.028272,343.74,938,12,0.013107,341.39,437,17,0.039062,325.6
August,25,11:00,221,0,0.000309,330.87,395,9,0.02194,351.51,1009,15,0.014771,349.27,477,13,0.026841,328.68
August,25,11:30,227,1,0.006383,335.09,422,10,0.023496,355.31,1038,24,0.023488,353.0,503,13,0.025225,331.0
August,25,12:00,229,4,0.017674,329.72,455,8,0.018443,354.66,1060,25,0.023424,352.16,526,15,0.028481,335.3
August,25,12:30,233,2,0.009515,320.26,472,10,0.021907,358.16,1061,19,0.018371,353.68,534,17,0.031253,338.27
August,25,13:00,230,2,0.009572,323.03,492,10,0.020539,357.66,1054,16,0.015511,357.04,530,14,0.025928,339.57
August,25,13:30,229,1,0.003655,333.14,505,12,0.023649,351.4,1052,21,0.019919,361.48,537,11,0.020227,334.25
August,25,14:00,234,2,0.006581,334.26,513,9,0.017025,351.48,1066,21,0.019965,363.01,553,10,0.017391,332.66
August,25,14:30,238,5,0.021935,335.95,515,7,0.013158,354.51,1073,21,0.019961,362.91,564,10,0.017163,338.5
August,25,15:00,239,7,0.027484,335.66,517,5,0.010429,355.57,1072,12,0.011363,362.04,564,8,0.014219,340.17
August,25,15:30,241,7,0.028382,338.68,518,4,0.007467,355.61,1070,6,0.005322,363.07,558,9,0.016775,342.72
August,25,16:00,236,2,0.008998,338.33,519,3,0.006503,359.78,1064,6,0.005339,360.97,560,7,0.012652,347.62
August,25,16:30,228,1,0.003491,334.64,506,4,0.007815,363.37,1037,6,0.005513,361.58,549,8,0.014804,351.36
August,25,17:00,206,2,0.009468,336.96,483,3,0.007169,362.32,980,5,0.005302,361.48,526,7,0.013071,350.92
August,25,17:30,185,1,0.00379,331.44,457,3,0.007557,365.23,912,8,0.008948,361.04,495,6,0.01208,343.16
August,25,18:00,159,0,0.000207,329.51,411,5,0.011738,364.47,845,9,0.010459,361.13,446,4,0.009132,345.15
August,25,18:30,133,0,2e-06,338.84,382,6,0.016807,362.87,744,7,0.009044,364.91,393,4,0.0098,345.1
August,25,19:00,94,0,2e-06,338.93,342,5,0.014773,361.0,656,9,0.01433,368.31,359,8,0.0211,338.74
August,25,19:30,71,0,0.000405,337.76,316,5,0.017218,351.76,590,10,0.016301,366.63,331,13,0.039183,340.27
August,25,20:00,54,1,0.012797,335.02,281,8,0.028194,348.01,514,10,0.019399,363.85,289,12,0.041604,336.41
August,25,20:30,43,3,0.079333,339.51,233,5,0.022005,344.47,434,5,0.010491,357.78,247,7,0.027006,335.5
August,25,21:00,34,5,0.159945,335.34,189,3,0.018335,339.3,363,1,0.002058,352.22,205,5,0.025935,336.03
August,25,21:30,26,2,0.071892,321.6,155,1,0.006484,342.97,304,0,9.8e-05,344.93,171,3,0.015045,343.22
August,25,22:00,21,3,0.139902,323.88,123,0,0.000374,338.43,241,0,1e-06,339.41,138,0,0.003432,338.54
August,25,22:30,15,8,0.518191,332.71,96,0,3e-06,328.82,187,0,0.0,331.75,115,0,0.003187,340.93
August,25,23:00,13,3,0.222179,326.31,73,0,0.0,310.53,144,0,0.0,330.68,92,1,0.010581,345.72
August,25,23:30,10,0,0.01341,329.86,58,0,0.0,300.83,114,0,0.0,342.09,70,0,0.005203,334.1
August,26,0:00,4,0,0.0,363.57,28,0,0.0,303.99,69,0,0.0,329.71,41,0,0.0,323.89
August,26,0:30,3,0,0.0,302.34,21,0,0.0,309.15,52,0,0.0,328.28,31,0,0.0,349.55
August,26,1:00,3,0,0.0,287.65,11,0,0.0,321.45,38,0,0.0,320.75,24,0,0.0,370.81
August,26,1:30,2,0,0.0,276.77,6,0,0.0,326.35,28,0,0.0,293.73,18,0,0.0,355.33
August,26,2:00,2,0,0.0,308.42,4,0,0.0,335.14,20,0,0.0,282.1,12,0,0.0,326.54
August,26,2:30,1,0,0.0,249.45,3,0,0.0,359.8,17,0,0.0,274.7,9,0,0.0,319.44
August,26,3:00,1,0,0.0,245.43,3,0,0.0,313.08,13,0,0.0,278.45,3,0,0.0,326.85
August,26,3:30,1,0,0.0,253.98,2,0,0.0,245.04,12,0,0.0,290.75,1,0,0.0,291.24
August,26,4:00,1,0,0.0,252.44,2,0,0.0,218.26,11,0,0.0,292.02,1,0,0.0,223.43
August,26,4:30,1,0,0.0,271.02,2,0,0.0,210.83,11,0,0.0,275.14,1,0,0.0,197.3
August,26,5:00,2,0,0.0,235.98,2,0,0.000174,217.33,13,0,0.0,278.46,1,0,0.0,217.72
August,26,5:30,2,0,0.0,215.58,3,0,0.02186,279.88,17,0,0.0,278.07,3,0,0.0,264.03
August,26,6:00,2,0,0.0,240.04,4,1,0.297765,286.17,28,0,0.0,251.33,11,0,0.0,242.49
August,26,6:30,4,0,0.0,213.79,8,3,0.41602,292.47,47,0,0.0,240.92,21,0,0.0,246.6
August,26,7:00,8,0,3e-05,245.65,22,1,0.054694,276.85,85,0,0.0,253.34,39,0,0.0,274.68
August,26,7:30,16,0,0.002354,282.61,39,0,0.00208,278.69,141,0,0.0,265.34,67,0,0.0,284.66
August,26,8:00,41,1,0.020444,282.33,75,1,0.007113,286.97,245,0,1e-06,284.01,113,0,1e-06,286.55
August,26,8:30,71,3,0.040447,299.25,116,1,0.012773,302.29,362,0,0.000133,298.56,167,0,0.000108,291.23
August,26,9:00,106,3,0.028321,316.16,170,1,0.003144,309.27,512,1,0.002096,308.45,238,0,0.001747,298.97
August,26,9:30,137,2,0.014519,319.97,219,0,0.000565,318.22,640,4,0.006388,315.85,294,2,0.0066,310.04
August,26,10:00,159,1,0.003339,320.5,262,2,0.00808,323.96,746,8,0.010169,320.85,350,5,0.015008,318.5
August,26,10:30,178,1,0.002826,321.12,293,6,0.02134,331.53,837,13,0.015245,327.45,386,10,0.025478,323.37
August,26,11:00,188,1,0.007163,324.48,325,6,0.017347,336.7,896,11,0.012301,331.86,421,9,0.02064,330.69
August,26,11:30,196,1,0.004323,325.33,351,9,0.02463,339.38,921,11,0.012007,333.39,446,8,0.016853,331.01
August,26,12:00,200,2,0.008711,325.26,374,6,0.015014,345.47,926,18,0.019591,335.7,461,7,0.015378,331.74
August,26,12:30,202,3,0.012626,321.0,386,4,0.011572,348.76,931,21,0.022542,339.16,467,10,0.020486,332.01
August,26,13:00,202,1,0.004043,324.81,398,3,0.008166,348.84,932,11,0.011808,340.32,467,9,0.019358,332.8
August,26,13:30,202,0,0.000186,330.07,408,7,0.016068,344.76,932,8,0.0084,342.92,463,8,0.018122,334.83
August,26,14:00,206,0,1e-06,329.09,425,6,0.014918,343.39,941,8,0.0088,345.37,474,8,0.015959,333.69
August,26,14:30,208,0,0.0,332.92,432,4,0.008417,345.69,944,9,0.010056,348.68,475,5,0.010882,332.77
August,26,15:00,207,0,0.0,335.82,430,3,0.007297,343.37,937,7,0.007423,347.91,471,4,0.008041,334.55
August,26,15:30,208,0,0.0,330.77,425,4,0.009414,342.94,930,5,0.005449,348.38,475,4,0.007784,334.89
August,26,16:00,208,0,0.0,333.53,422,5,0.011059,349.32,922,5,0.00501,347.61,478,3,0.007094,338.46
August,26,16:30,200,0,0.0,333.81,406,4,0.010418,351.67,905,5,0.005176,345.52,462,4,0.008208,339.6
August,26,17:00,178,0,0.0,330.36,386,5,0.011912,353.66,857,6,0.007295,347.57,432,3,0.006363,337.18
August,26,17:30,156,0,0.0,327.06,373,5,0.012593,353.04,803,9,0.011014,346.38,409,2,0.004611,339.2
August,26,18:00,138,0,0.0,327.05,349,5,0.014574,348.46,741,10,0.01379,344.29,374,2,0.006196,343.26
August,26,18:30,117,0,2e-06,331.16,317,4,0.011958,345.19,652,6,0.00945,343.41,331,2,0.00458,341.07
August,26,19:00,82,0,0.000459,340.41,282,4,0.01472,342.14,580,4,0.007171,342.7,301,2,0.008032,337.19
August,26,19:30,61,1,0.013832,335.32,256,5,0.01792,341.11,513,4,0.007986,341.23,273,5,0.017939,339.86
August,26,20:00,47,3,0.066334,337.75,222,8,0.035229,335.48,442,5,0.010394,342.29,243,4,0.018071,336.73
August,26,20:30,40,4,0.092749,338.61,190,7,0.034446,329.78,387,3,0.007605,340.1,211,2,0.011116,331.51
August,26,21:00,30,2,0.076415,329.35,156,3,0.017935,327.4,326,1,0.002148,338.77,173,1,0.004989,337.77
August,26,21:30,23,1,0.026971,309.57,130,1,0.004068,328.8,270,0,0.001042,337.53,150,0,0.001108,345.77
August,26,22:00,18,2,0.09248,296.47,105,0,0.00021,331.46,222,1,0.004074,332.8,123,0,0.001183,346.27
August,26,22:30,12,5,0.404489,293.55,82,0,2e-06,324.82,176,1,0.005149,326.75,100,0,0.003864,340.94
August,26,23:00,10,3,0.30077,314.81,63,0,0.0,313.22,135,0,0.001858,322.97,77,0,0.001792,341.9
August,26,23:30,7,1,0.075643,310.96,48,0,0.0,294.53,104,0,0.000109,322.33,62,0,0.000105,343.87
August,27,0:00,4,0,0.0,269.51,32,0,0.0,317.19,71,0,0.0,343.69,40,0,0.0,334.5
August,27,0:30,3,0,0.0,273.94,23,0,0.0,312.54,53,0,0.0,339.77,32,0,0.0,348.15
August,27,1:00,2,0,0.0,304.88,11,0,0.0,304.05,37,0,0.0,344.59,24,0,0.0,341.45
August,27,1:30,2,0,0.0,308.37,6,0,0.0,314.88,27,0,0.0,339.26,18,0,0.0,340.7
August,27,2:00,2,0,0.0,310.18,4,0,0.0,339.05,20,0,0.0,314.41,12,0,0.0,357.93
August,27,2:30,2,0,0.0,314.19,4,0,0.0,351.15,16,0,0.0,302.1,9,0,0.0,374.26
August,27,3:00,2,0,0.0,304.03,3,0,0.0,357.81,13,0,0.0,311.0,3,0,0.0,373.32
August,27,3:30,1,0,0.0,252.07,3,0,0.0,307.34,12,0,0.0,339.6,1,0,0.0,337.19
August,27,4:00,1,0,0.0,222.79,3,0,0.0,293.36,11,0,0.0,341.38,1,0,0.0,365.84
August,27,4:30,1,0,0.0,236.64,2,0,0.0,284.69,12,0,0.0,321.74,1,0,0.0,397.66
August,27,5:00,1,0,0.0,267.08,2,0,0.000114,303.66,13,0,0.0,294.57,1,0,7.9e-05,348.84
August,27,5:30,2,0,0.0,277.67,3,0,0.015647,327.88,19,0,0.0,267.01,3,0,0.00423,271.24
August,27,6:00,2,0,5.6e-05,259.59,4,1,0.217196,324.42,30,0,0.0,257.89,13,0,0.022836,257.07
August,27,6:30,4,0,0.005828,271.31,8,3,0.331739,278.63,50,0,0.0,258.14,24,1,0.033855,271.37
August,27,7:00,8,0,0.05991,302.6,24,2,0.09515,257.24,92,0,2e-06,272.76,43,0,0.006841,260.59
August,27,7:30,18,2,0.108041,320.15,43,4,0.085305,291.57,155,0,0.000236,281.89,75,0,0.000183,277.27
August,27,8:00,44,4,0.102612,311.4,79,2,0.026238,305.28,265,1,0.003184,293.7,127,0,5e-05,297.72
August,27,8:30,76,9,0.119523,336.25,122,2,0.018563,312.65,385,4,0.009646,308.49,185,0,0.000859,301.4
August,27,9:00,113,8,0.071544,335.73,180,1,0.006381,319.46,543,7,0.013214,319.56,268,1,0.003796,299.64
August,27,9:30,139,5,0.039157,336.84,232,3,0.010829,325.74,679,9,0.013112,325.18,322,3,0.01034,310.87
August,27,10:00,162,3,0.016579,334.42,274,9,0.033762,332.75,781,9,0.011835,328.24,376,9,0.023548,319.01
August,27,10:30,182,1,0.003171,334.07,303,15,0.050828,344.56,873,16,0.018402,337.45,408,15,0.035767,327.63
August,27,11:00,194,0,0.000408,334.44,338,8,0.023311,351.26,925,12,0.012949,343.47,446,8,0.018017,330.88
August,27,11:30,201,1,0.005911,332.96,366,8,0.022287,353.14,948,7,0.007651,346.51,467,6,0.012652,332.48
August,27,12:00,201,4,0.019067,343.37,391,4,0.01109,354.32,959,12,0.012777,346.48,477,5,0.011406,332.03
August,27,12:30,202,3,0.014311,341.78,402,5,0.012838,354.44,967,22,0.022751,349.19,486,6,0.01207,330.94
August,27,13:00,204,1,0.003318,340.06,410,5,0.013274,347.46,966,12,0.012302,348.24,491,5,0.010945,334.64
August,27,13:30,203,0,0.000146,338.51,419,5,0.012818,349.43,964,8,0.008079,347.76,498,3,0.006856,331.81
August,27,14:00,204,0,2e-06,339.38,429,4,0.009121,353.27,965,8,0.008513,349.69,509,3,0.004939,332.84
August,27,14:30,205,0,0.000106,343.58,433,5,0.012156,357.79,969,9,0.009671,352.03,508,4,0.007164,341.99
August,27,15:00,205,0,0.002264,342.32,433,4,0.008811,355.43,958,8,0.008388,355.59,505,4,0.007249,346.81
August,27,15:30,204,1,0.006299,346.58,434,4,0.00856,354.33,952,9,0.009372,360.38,503,5,0.010586,344.76
August,27,16:00,201,0,0.002306,351.54,429,3,0.008001,353.65,939,6,0.005887,359.91,495,6,0.012277,342.43
August,27,16:30,192,0,0.000113,349.17,415,2,0.005157,355.59,905,5,0.005008,357.71,484,4,0.008983,341.22
August,27,17:00,175,0,1e-06,346.16,395,1,0.002766,357.08,858,7,0.008164,355.7,468,5,0.010753,337.22
August,27,17:30,157,0,0.0,338.21,381,3,0.008217,355.55,801,9,0.011524,357.02,434,5,0.011014,340.1
August,27,18:00,137,0,0.0,339.65,350,5,0.015232,353.23,730,8,0.010319,362.61,392,4,0.010576,335.86
August,27,18:30,116,0,0.0,358.48,313,3,0.008814,353.29,655,6,0.008786,362.73,352,4,0.012399,338.25
August,27,19:00,79,0,0.0,357.8,282,4,0.013096,354.27,583,6,0.009884,354.65,325,6,0.018032,339.94
August,27,19:30,59,0,2e-06,344.14,256,5,0.018702,355.93,514,5,0.010662,348.86,292,7,0.022377,347.06
August,27,20:00,46,0,0.000467,326.02,225,5,0.021661,353.27,443,4,0.008576,349.92,261,7,0.025,343.42
August,27,20:30,39,0,0.011928,319.14,193,2,0.011396,346.49,381,3,0.008397,351.75,224,5,0.023746,334.44
August,27,21:00,31,1,0.042115,321.63,158,2,0.013537,343.83,321,1,0.002998,351.38,187,8,0.041178,336.99
August,27,21:30,24,0,0.020186,319.9,131,1,0.005696,341.88,267,0,0.000165,347.3,161,5,0.028749,336.66
August,27,22:00,18,0,0.016002,316.28,106,0,0.000329,324.2,217,0,1e-06,341.71,129,1,0.007344,335.42
August,27,22:30,13,1,0.05746,311.4,83,0,3e-06,320.7,170,0,0.0,327.19,106,0,0.000375,333.59
August,27,23:00,11,0,0.024566,321.04,64,0,0.0,315.91,133,0,0.0,326.61,83,0,3e-06,326.79
August,27,23:30,8,0,0.001462,293.07,51,0,0.0,314.7,107,0,0.0,327.19,66,0,0.0,318.26
August,28,0:00,5,0,0.0,336.09,30,0,0.0,305.07,71,0,0.0,326.24,42,0,0.0,351.08
August,28,0:30,3,0,0.0,340.14,21,0,0.0,293.28,55,0,0.0,321.57,31,0,0.0,358.63
August,28,1:00,3,0,0.0,327.86,11,0,0.0,289.06,41,0,0.0,322.54,23,0,0.0,358.08
August,28,1:30,2,0,0.0,323.21,7,0,0.0,320.79,29,0,0.0,311.9,18,0,0.0,337.77
August,28,2:00,2,0,0.0,282.06,5,0,0.0,373.12,20,0,0.0,256.05,14,0,0.0,317.62
August,28,2:30,1,0,0.0,296.39,3,0,0.0,377.44,16,0,0.0,221.51,9,0,0.0,302.56
August,28,3:00,1,0,0.0,334.69,3,0,0.0,328.47,12,0,0.0,279.03,3,0,0.0,318.55
August,28,3:30,2,0,0.0,305.78,3,0,0.0,352.92,12,0,0.0,313.71,1,0,0.0,363.35
August,28,4:00,2,0,0.0,281.52,2,0,0.0,340.86,12,0,0.0,288.7,1,0,0.0,343.68
August,28,4:30,1,0,0.0,296.61,2,0,0.0,303.21,12,0,0.0,269.43,1,0,0.0,290.78
August,28,5:00,1,0,0.000273,254.27,2,0,0.000142,267.3,15,0,1.1e-05,258.73,1,0,0.000205,291.25
August,28,5:30,2,0,0.033037,271.8,3,0,0.01799,264.12,20,0,0.001246,266.51,3,0,0.010556,378.72
August,28,6:00,3,1,0.495226,274.89,4,1,0.273135,269.86,33,1,0.016595,266.46,12,1,0.055449,298.29
August,28,6:30,5,5,1.0,295.34,8,3,0.417015,337.27,55,2,0.02783,261.08,23,2,0.082575,272.25
August,28,7:00,9,5,0.605726,319.89,22,2,0.087234,308.45,95,1,0.012298,262.07,41,1,0.016654,278.57
August,28,7:30,17,3,0.189005,308.56,40,2,0.053371,299.22,154,2,0.011517,271.58,73,0,0.000441,269.7
August,28,8:00,43,2,0.035665,306.77,75,1,0.018818,311.88,263,1,0.004209,293.77,127,0,0.000233,279.4
August,28,8:30,75,2,0.027758,324.14,116,2,0.016571,320.39,381,2,0.005153,304.15,187,1,0.003686,297.35
August,28,9:00,108,1,0.007064,332.34,172,1,0.007983,320.77,528,4,0.006636,313.12,256,3,0.012731,306.18
August,28,9:30,134,1,0.004193,329.0,218,2,0.009422,326.57,660,6,0.008868,321.28,310,6,0.019596,314.78
August,28,10:00,158,2,0.01292,324.48,260,2,0.007509,332.8,769,9,0.012085,330.54,365,8,0.020987,321.52
August,28,10:30,182,2,0.012839,328.94,295,5,0.01588,344.19,854,15,0.01711,339.16,401,10,0.024406,324.62
August,28,11:00,194,1,0.00354,330.67,321,8,0.025207,349.41,906,16,0.017526,343.05,436,6,0.013034,330.67
August,28,11:30,201,0,0.000156,333.03,353,13,0.035651,346.34,931,15,0.015644,345.33,449,3,0.007285,333.34
August,28,12:00,204,0,1e-06,332.69,376,10,0.026593,349.24,935,12,0.013178,346.75,461,4,0.00911,329.62
August,28,12:30,205,0,0.0,327.74,383,10,0.025279,354.74,941,19,0.01992,348.79,468,7,0.015597,328.28
August,28,13:00,202,0,0.0,333.25,388,10,0.025592,350.54,934,18,0.019183,349.69,470,10,0.020318,331.8
August,28,13:30,203,0,1e-06,339.92,401,14,0.035719,347.49,931,10,0.011218,347.38,478,10,0.019976,330.94
August,28,14:00,207,0,0.000191,341.89,417,10,0.022997,350.96,938,15,0.016437,349.84,493,12,0.024768,333.59
August,28,14:30,207,1,0.004365,344.85,421,8,0.017819,354.13,944,31,0.032647,353.14,496,10,0.019551,339.43
August,28,15:00,208,4,0.018564,348.41,415,6,0.013507,357.43,937,14,0.014994,352.73,489,7,0.013511,343.83
August,28,15:30,206,6,0.028067,348.61,413,5,0.013253,358.44,938,6,0.006063,353.36,487,6,0.011435,341.36
August,28,16:00,204,4,0.017712,346.74,407,4,0.010645,356.04,921,6,0.006731,354.96,488,4,0.007293,338.91
August,28,16:30,199,1,0.004197,344.12,394,3,0.008773,353.57,889,7,0.007812,356.85,469,2,0.00502,342.81
August,28,17:00,179,0,0.002251,343.57,376,2,0.004612,355.64,841,6,0.007296,354.55,443,3,0.0063,342.47
August,28,17:30,157,1,0.006533,343.39,360,3,0.008906,355.98,788,8,0.010475,352.65,413,2,0.006005,340.37
August,28,18:00,134,0,0.002749,343.12,336,5,0.014476,354.16,714,8,0.010877,355.31,375,2,0.004981,343.84
August,28,18:30,115,0,0.00015,341.23,308,4,0.013968,354.07,638,7,0.011544,357.66,338,4,0.010848,338.88
August,28,19:00,80,0,3e-06,342.06,278,4,0.01524,350.48,565,14,0.02403,356.24,310,8,0.026279,335.2
August,28,19:30,60,0,0.000409,330.13,248,4,0.016125,354.69,505,22,0.043283,360.36,281,13,0.044927,335.55
August,28,20:00,47,1,0.011143,334.18,213,3,0.016116,358.32,442,15,0.034061,355.92,252,10,0.03922,329.62
August,28,20:30,39,1,0.037469,340.5,185,1,0.005376,347.79,382,9,0.023621,350.55,217,5,0.025078,332.07
August,28,21:00,30,1,0.017838,322.5,153,0,0.000506,346.06,317,2,0.007639,349.65,179,5,0.025905,333.32
August,28,21:30,22,0,0.002645,323.72,124,1,0.005564,342.9,261,0,0.000417,348.48,156,2,0.014499,331.93
August,28,22:00,18,1,0.041424,314.19,100,2,0.019138,333.83,214,0,3e-06,335.18,125,3,0.020159,337.93
August,28,22:30,13,2,0.158017,314.82,79,1,0.008691,325.48,166,0,0.0,329.37,100,1,0.011341,326.53
August,28,23:00,10,1,0.07065,329.6,61,0,0.000532,324.86,129,0,0.0,330.15,78,0,0.001858,326.72
August,28,23:30,8,0,0.004224,350.94,46,0,4e-06,315.19,103,0,0.0,327.17,63,0,8.2e-05,336.74
August,29,0:00,5,0,0.0,409.3,28,0,0.0,316.61,69,0,0.0,350.04,39,0,0.0,337.71
August,29,0:30,4,0,0.0,362.52,21,0,0.0,331.57,52,0,0.0,330.86,30,0,0.0,332.51
August,29,1:00,3,0,0.0,308.2,10,0,0.0,358.0,38,0,0.0,324.78,22,0,0.0,345.58
August,29,1:30,2,0,0.0,248.28,6,0,0.0,299.79,28,0,0.0,316.92,16,0,0.0,322.18
August,29,2:00,2,0,0.0,254.69,4,0,0.0,318.15,20,0,0.0,317.1,12,0,0.0,332.58
August,29,2:30,1,0,0.0,270.81,3,0,0.0,341.34,17,0,0.0,334.52,8,0,0.0,341.82
August,29,3:00,1,0,0.0,212.41,3,0,0.0,376.53,13,0,0.0,355.26,3,0,0.0,346.23
August,29,3:30,1,0,0.0,199.02,3,0,0.0,371.14,13,0,0.0,361.7,1,0,0.0,294.81
August,29,4:00,1,0,0.0,236.27,3,0,0.0,302.7,13,0,0.0,324.14,0,0,0.0,326.02
August,29,4:30,1,0,0.0,255.86,3,0,1.1e-05,246.92,14,0,0.0,318.74,0,0,0.0,333.17
August,29,5:00,1,0,0.000195,257.69,3,0,0.002037,260.58,16,0,7e-06,313.27,1,0,0.00028,322.59
August,29,5:30,2,0,0.025151,243.96,3,0,0.058389,286.45,20,0,0.000949,305.49,3,0,0.008594,277.41
August,29,6:00,2,1,0.446986,244.25,5,2,0.447214,301.01,31,0,0.01284,282.47,12,0,0.042629,260.15
August,29,6:30,4,4,1.0,291.52,9,5,0.565182,318.89,52,1,0.022063,268.73,24,1,0.056868,268.32
August,29,7:00,8,5,0.58263,309.83,26,2,0.095262,286.01,89,1,0.011035,267.5,45,1,0.014818,274.77
August,29,7:30,16,3,0.162972,310.45,44,2,0.047072,281.87,151,2,0.011436,269.03,76,1,0.009402,286.07
August,29,8:00,39,1,0.01366,300.82,82,1,0.016436,292.54,258,1,0.003454,283.91,131,1,0.009136,287.35
August,29,8:30,71,0,0.000318,308.17,118,2,0.020841,312.41,378,0,0.001086,301.96,187,1,0.007993,292.04
August,29,9:00,106,0,2e-06,318.47,172,3,0.018415,330.35,531,2,0.003575,308.96,261,3,0.009629,302.64
August,29,9:30,133,0,9.6e-05,326.31,215,3,0.012162,337.14,665,5,0.007523,312.93,323,5,0.014419,311.55
August,29,10:00,152,0,0.001791,333.69,263,2,0.00898,342.95,764,8,0.010852,323.49,379,6,0.015298,314.02
August,29,10:30,178,1,0.004242,336.12,297,5,0.017036,344.01,846,13,0.015414,332.11,413,8,0.018619,324.9
August,29,11:00,190,0,0.001608,336.2,326,9,0.027875,348.41,896,10,0.011331,338.72,444,7,0.015471,330.07
August,29,11:30,198,1,0.003674,334.22,357,13,0.037529,356.51,924,12,0.013359,340.34,466,6,0.012479,328.84
August,29,12:00,203,2,0.009831,332.55,385,11,0.027868,359.22,935,18,0.019241,340.34,476,5,0.010944,328.87
August,29,12:30,204,1,0.004842,341.12,395,11,0.028764,361.28,938,17,0.017773,343.73,485,4,0.009106,337.21
August,29,13:00,205,1,0.003846,347.23,404,11,0.027717,353.85,935,10,0.010922,350.47,490,4,0.008911,340.43
August,29,13:30,207,0,0.001415,344.6,413,12,0.029658,351.94,933,10,0.010329,351.07,499,6,0.012454,338.35
August,29,14:00,208,0,0.002292,342.71,431,15,0.034752,358.26,939,10,0.011071,351.24,510,9,0.016833,335.45
August,29,14:30,212,2,0.009298,342.4,438,15,0.034411,359.86,938,11,0.01212,350.9,508,10,0.01905,338.29
August,29,15:00,211,4,0.018282,338.42,436,8,0.019219,361.97,933,14,0.015365,350.18,505,7,0.014459,341.9
August,29,15:30,210,5,0.022386,343.11,431,7,0.016328,361.12,925,16,0.017668,350.95,503,7,0.013705,340.28
August,29,16:00,206,1,0.007129,346.39,427,7,0.016891,366.52,910,9,0.009715,351.99,513,5,0.009144,340.64
August,29,16:30,195,0,0.000345,348.0,415,7,0.016816,363.49,875,5,0.006152,351.31,496,4,0.00798,338.98
August,29,17:00,174,0,3e-06,345.17,396,7,0.017062,358.57,824,6,0.006989,351.9,461,3,0.006436,342.99
August,29,17:30,154,0,8.3e-05,341.49,376,8,0.021512,360.29,759,6,0.007518,353.4,420,2,0.005111,336.21
August,29,18:00,133,0,0.002048,345.5,344,9,0.026684,363.41,676,5,0.006857,355.63,380,2,0.004032,333.39
August,29,18:30,113,1,0.006698,361.05,308,6,0.020918,356.88,608,4,0.006425,354.87,341,3,0.007896,335.67
August,29,19:00,78,0,0.003485,362.63,279,8,0.028848,352.85,537,4,0.007917,348.68,308,5,0.014629,336.87
August,29,19:30,57,0,0.000222,349.29,246,6,0.024291,344.95,471,4,0.008301,349.77,274,5,0.016626,337.08
August,29,20:00,44,0,2e-06,341.97,211,4,0.020936,349.24,403,5,0.011309,346.82,235,3,0.014297,331.16
August,29,20:30,35,0,0.0,332.98,187,3,0.017583,352.02,345,2,0.005025,341.77,206,4,0.018938,324.36
August,29,21:00,26,0,1e-05,335.77,157,2,0.014276,344.34,287,0,0.000611,342.78,171,8,0.044597,332.85
August,29,21:30,20,0,0.002134,325.2,128,3,0.019821,335.61,235,0,2.4e-05,340.62,146,6,0.040809,339.69
August,29,22:00,17,1,0.054752,331.23,102,1,0.00815,333.92,192,0,0.0,338.49,117,2,0.015393,329.84
August,29,22:30,12,3,0.24432,351.35,82,0,0.00047,326.79,152,0,0.0,336.63,95,0,0.002056,315.31
August,29,23:00,9,2,0.236221,320.29,61,0,4e-06,335.94,118,0,0.0,327.49,75,0,8.8e-05,310.91
August,29,23:30,7,1,0.074469,256.84,50,0,0.0,344.72,94,0,0.0,312.71,60,0,1e-06,312.2
August,30,0:00,5,0,0.0,349.17,31,0,0.010253,307.79,61,0,0.0,316.91,41,0,0.0,321.93
August,30,0:30,4,0,0.0,356.56,22,0,0.004114,336.33,48,0,0.0,318.81,29,0,0.0,328.2
August,30,1:00,3,0,0.0,278.97,10,0,0.000406,343.91,36,0,0.0,326.79,22,0,0.0,322.1
August,30,1:30,2,0,0.0,222.03,5,0,5e-06,296.88,28,0,0.0,320.1,16,0,0.0,316.13
August,30,2:00,1,0,0.0,286.51,4,0,0.0,289.37,19,0,0.0,313.35,11,0,0.0,310.69
August,30,2:30,1,0,0.0,300.81,3,0,0.0,296.83,14,0,0.0,322.3,7,0,0.0,327.59
August,30,3:00,1,0,0.0,282.9,2,0,0.0,268.42,11,0,0.0,306.13,2,0,0.0,349.51
August,30,3:30,1,0,0.0,243.61,2,0,0.0,205.3,11,0,0.0,295.93,1,0,0.0,317.25
August,30,4:00,1,0,0.0,251.93,2,0,0.0,248.24,10,0,0.0,329.82,0,0,0.0,388.12
August,30,4:30,1,0,0.0,251.72,2,0,0.0,301.42,10,0,0.0,338.99,0,0,0.0,383.41
August,30,5:00,1,0,0.0,281.33,2,0,3.2e-05,277.99,10,0,0.0,360.13,1,0,0.0,295.21
August,30,5:30,1,0,0.0,225.05,2,0,0.00526,298.25,13,0,0.0,316.87,2,0,0.0,263.42
August,30,6:00,2,0,0.0,251.13,3,0,0.08529,345.76,19,0,4e-06,288.71,9,0,8e-06,255.04
August,30,6:30,3,0,0.0,283.95,6,1,0.134525,333.68,33,0,0.000406,271.55,16,0,0.000731,265.71
August,30,7:00,6,0,0.0,268.63,11,0,0.026036,305.54,58,0,0.00499,259.29,27,0,0.008965,280.69
August,30,7:30,11,0,0.0,289.9,17,0,0.000769,315.56,97,1,0.008319,259.95,45,1,0.015155,296.53
August,30,8:00,27,0,0.0,277.47,30,0,0.000442,313.63,162,0,0.001894,271.83,74,0,0.00344,295.7
August,30,8:30,43,0,2e-06,287.3,47,0,0.006288,314.57,234,0,0.002025,288.81,111,0,0.002657,291.62
August,30,9:00,64,0,0.000188,287.91,101,1,0.012476,304.77,327,3,0.009315,295.24,161,1,0.009088,295.11
August,30,9:30,78,0,0.003292,287.53,135,2,0.015715,311.94,397,7,0.016465,306.43,201,3,0.015546,291.18
August,30,10:00,96,1,0.007577,297.07,166,3,0.018509,320.22,487,5,0.009835,314.02,238,5,0.019607,296.91
August,30,10:30,120,1,0.005691,302.38,196,5,0.024433,330.73,549,5,0.009453,322.66,280,7,0.024493,305.43
August,30,11:00,134,2,0.014575,304.58,232,5,0.021114,334.1,587,7,0.011123,326.72,317,5,0.017334,312.98
August,30,11:30,140,4,0.027236,304.72,256,5,0.020176,335.96,602,9,0.014582,331.62,331,3,0.008765,316.0
August,30,12:00,149,6,0.041157,312.37,266,5,0.017629,334.48,612,10,0.015627,332.9,342,3,0.007632,319.73
August,30,12:30,155,8,0.052164,313.88,277,8,0.027865,338.18,613,10,0.016204,332.72,350,4,0.011372,318.27
August,30,13:00,156,4,0.023682,320.54,288,10,0.035031,338.83,608,9,0.014556,335.16,354,5,0.014322,317.86
August,30,13:30,153,1,0.007568,325.41,299,11,0.0384,337.46,610,10,0.016793,337.09,355,6,0.017746,315.07
August,30,14:00,150,2,0.014732,326.56,306,11,0.035973,340.64,612,10,0.015779,337.51,355,8,0.021446,317.61
August,30,14:30,149,2,0.015041,324.12,306,8,0.025084,344.17,602,5,0.007535,336.47,356,11,0.031391,319.1
August,30,15:00,146,1,0.004327,321.55,300,4,0.013727,337.46,576,1,0.001505,337.98,348,7,0.018778,311.03
August,30,15:30,144,0,0.000199,329.44,295,4,0.012225,333.69,559,0,0.000597,335.78,333,3,0.009815,309.2
August,30,16:00,142,0,0.000201,330.85,292,3,0.011265,343.63,541,1,0.001845,337.07,320,3,0.007892,317.48
August,30,16:30,132,1,0.004666,314.25,276,2,0.008797,350.67,506,1,0.002617,336.09,300,2,0.006279,317.3
August,30,17:00,121,2,0.016156,321.98,268,2,0.007353,348.46,477,2,0.003785,337.71,280,2,0.00632,318.05
August,30,17:30,108,1,0.012977,331.25,254,3,0.011245,350.32,458,1,0.002381,337.5,264,1,0.003981,319.49
August,30,18:00,94,1,0.006036,336.26,230,5,0.019806,352.81,424,2,0.004016,336.95,239,1,0.003452,323.61
August,30,18:30,81,1,0.008891,341.59,211,4,0.019491,349.99,387,2,0.004702,339.59,216,0,0.001734,332.43
August,30,19:00,64,0,0.003997,334.92,185,3,0.015039,343.53,349,2,0.007015,338.85,202,0,0.001735,330.97
August,30,19:30,49,0,0.000245,329.79,165,4,0.021924,335.9,312,3,0.010528,336.94,180,0,0.000714,326.31
August,30,20:00,39,0,2e-06,309.58,147,6,0.042391,333.15,280,3,0.010533,337.38,157,0,0.001125,314.96
August,30,20:30,33,0,0.0,297.42,128,4,0.029938,320.57,238,2,0.006499,335.51,142,1,0.007223,308.79
August,30,21:00,24,0,0.0,310.49,104,3,0.028466,315.73,201,1,0.006034,334.47,118,2,0.016028,310.38
August,30,21:30,18,0,0.0,331.51,89,2,0.019128,319.59,165,0,0.002296,329.26,100,1,0.006432,314.51
August,30,22:00,13,0,0.0,362.46,71,1,0.013772,317.25,137,0,0.000127,319.58,87,0,0.000342,312.55
August,30,22:30,9,0,0.0,335.51,56,1,0.009479,315.44,113,0,1e-06,314.43,72,0,3e-06,312.21
August,30,23:00,8,0,0.0,330.06,44,1,0.017243,299.62,89,0,0.0,312.24,58,0,0.0,306.02
August,30,23:30,5,0,0.0,288.67,34,0,0.008182,299.08,77,0,0.0,309.45,48,0,0.0,292.77
August,31,0:00,3,0,0.0,326.98,26,0,0.0,278.46,48,0,0.0,307.05,36,0,0.0,297.01
August,31,0:30,3,0,0.0,342.51,19,0,0.0,283.61,39,0,0.0,314.86,26,0,0.0,296.42
August,31,1:00,3,0,0.0,341.98,9,0,0.0,315.43,29,0,0.0,292.86,20,0,0.0,326.74
August,31,1:30,2,0,0.0,318.17,5,0,0.0,331.66,23,0,0.0,285.46,15,0,0.0,351.09
August,31,2:00,1,0,0.0,241.08,4,0,0.0,343.88,17,0,0.0,298.51,11,0,0.0,350.97
August,31,2:30,1,0,0.0,280.09,3,0,0.0,295.72,13,0,0.0,301.52,7,0,0.0,359.9
August,31,3:00,1,0,0.0,334.95,2,0,0.0,299.54,11,0,0.0,320.68,3,0,0.0,339.95
August,31,3:30,1,0,0.0,434.41,2,0,0.0,252.63,9,0,0.0,366.65,1,0,0.0,255.5
August,31,4:00,1,0,0.0,374.85,2,0,0.0,206.12,8,0,0.0,385.34,0,0,0.0,209.47
August,31,4:30,1,0,0.0,263.42,2,0,0.0,318.6,8,0,0.0,355.45,0,0,0.0,250.24
August,31,5:00,2,0,0.0,206.1,1,0,0.0,404.2,9,0,0.0,319.49,1,0,0.0,297.79
August,31,5:30,2,0,0.0,218.17,2,0,0.0,305.61,11,0,0.0,267.96,1,0,0.0,276.57
August,31,6:00,2,0,0.0,246.21,2,0,0.0,255.98,15,0,0.0,258.93,6,0,0.0,232.15
August,31,6:30,2,0,0.0,244.56,3,0,0.0,249.6,24,0,0.0,257.94,11,0,0.0,256.68
August,31,7:00,4,0,0.0,271.11,6,0,0.0,267.52,38,0,0.0,261.81,19,0,0.0,294.73
August,31,7:30,6,0,0.0,293.38,9,0,0.0,281.21,60,0,0.0,264.78,32,0,0.0,300.88
August,31,8:00,13,0,0.0,275.93,16,0,0.0,271.82,97,0,0.0,271.92,48,0,0.0,294.9
August,31,8:30,15,0,0.0,277.29,26,0,0.0,286.25,129,0,0.0,283.9,65,0,6e-06,302.41
August,31,9:00,19,0,0.0,271.48,49,0,0.0,294.27,161,0,0.0,292.16,91,0,0.000672,295.18
August,31,9:30,22,0,0.0,293.74,64,0,0.0,299.07,202,0,0.0,288.65,111,1,0.012774,286.85
August,31,10:00,26,0,0.0,297.15,78,0,4e-06,297.6,252,0,0.0,289.84,131,6,0.049391,298.12
August,31,10:30,32,0,0.0,291.29,88,0,0.000595,302.73,291,0,0.0,296.25,158,10,0.063592,311.44
August,31,11:00,33,0,0.0,293.87,96,1,0.011653,300.96,318,0,3e-06,304.64,173,6,0.033862,307.47
August,31,11:30,37,0,6e-06,298.69,112,3,0.028138,302.01,351,0,0.000387,307.74,187,3,0.015775,305.51
August,31,12:00,52,0,0.000651,297.22,125,2,0.01807,301.14,373,3,0.008218,305.8,199,1,0.006131,303.68
August,31,12:30,64,1,0.011262,298.03,145,4,0.025862,301.63,380,12,0.032169,307.46,201,3,0.012426,302.18
August,31,13:00,76,2,0.026534,299.42,161,4,0.024784,298.36,385,20,0.052631,314.52,204,5,0.026038,308.03
August,31,13:30,79,1,0.009653,298.41,169,5,0.030465,301.81,386,24,0.063099,317.3,212,5,0.023543,307.78
August,31,14:00,82,1,0.010899,303.09,177,3,0.018774,305.82,388,15,0.038345,320.03,214,2,0.01157,308.33
August,31,14:30,83,2,0.02905,306.09,179,1,0.00418,308.71,387,5,0.012578,319.8,214,3,0.01489,307.82
August,31,15:00,82,1,0.017861,307.06,183,0,0.000357,306.86,387,1,0.001999,321.89,212,2,0.010854,311.15
August,31,15:30,84,2,0.020706,301.82,186,1,0.003772,305.49,380,0,8.1e-05,321.26,214,3,0.016048,310.23
August,31,16:00,83,1,0.007334,294.96,182,2,0.010853,306.24,373,0,0.0,318.63,207,2,0.012063,318.71
August,31,16:30,77,0,0.00037,286.09,175,1,0.008001,306.11,362,0,0.0,322.82,201,4,0.018243,317.91
August,31,17:00,68,0,3e-06,284.86,169,2,0.011786,306.39,346,0,0.0,321.43,194,1,0.006802,320.11
August,31,17:30,61,0,0.0,286.88,163,1,0.00671,303.55,326,0,0.0,316.21,187,0,0.002643,315.51
August,31,18:00,46,0,0.0,300.84,147,2,0.012102,303.73,283,0,0.0,316.85,175,1,0.0069,307.9
August,31,18:30,38,0,0.0,293.47,133,4,0.026385,298.9,263,0,0.0,316.84,162,0,0.002682,305.31
August,31,19:00,30,0,0.0,285.52,123,5,0.038008,294.17,245,0,0.0,318.48,149,0,0.000337,308.5
August,31,19:30,29,0,0.0,282.09,113,3,0.027964,302.81,221,0,0.0,316.87,146,1,0.0044,317.89
August,31,20:00,28,0,0.0,297.24,99,1,0.007641,300.66,204,0,0.0,310.23,134,2,0.013295,315.91
August,31,20:30,25,0,0.0,298.7,87,0,0.000383,296.93,189,0,0.0,312.4,119,1,0.005377,312.21
August,31,21:00,21,0,1e-05,306.66,79,0,3e-06,297.64,169,0,0.0,314.35,98,0,0.000308,314.6
August,31,21:30,16,0,0.002181,329.16,68,0,0.0,303.07,147,0,0.0,309.42,88,0,0.000194,319.21
August,31,22:00,13,1,0.055268,297.82,57,0,0.0,298.61,127,0,0.0,308.77,78,0,0.004619,316.06
August,31,22:30,11,2,0.180941,312.18,47,0,0.0,284.88,109,0,0.0,307.6,66,1,0.015073,311.72
August,31,23:00,8,1,0.087219,344.98,37,0,0.0,260.15,87,0,0.0,305.62,54,0,0.006626,319.94
August,31,23:30,7,0,0.004884,304.56,30,0,0.0,260.48,72,0,0.0,302.75,49,0,0.000348,341.13
