Portfolio,Date,slot,interval_cv,cv_share
A,2025-08-01,0,5.717058322303679,0.001140901680763057
A,2025-08-01,1,4.594855696364554,0.0009169538408231
A,2025-08-01,2,3.3478010678548618,0.0006680904146587231
A,2025-08-01,3,2.880101696768025,0.0005747558764254689
A,2025-08-01,4,2.156193067651156,0.0004302919711936052
A,2025-08-01,5,1.3772363592144674,0.00027484261808311065
A,2025-08-01,6,0.9408448011669432,0.00018775589725941792
A,2025-08-01,7,1.1991441846111204,0.00023930237170447421
A,2025-08-01,8,1.3476623527874398,0.00026894080079573735
A,2025-08-01,9,1.3358013848703953,0.0002665738145819987
A,2025-08-01,10,1.5017755284388077,0.0002996957749827994
A,2025-08-01,11,2.1053238277036357,0.0004201404565363472
A,2025-08-01,12,2.7986126874427177,0.0005584938510163076
A,2025-08-01,13,4.569706308757056,0.000911935004740981
A,2025-08-01,14,10.561940565019292,0.0021077510606703834
A,2025-08-01,15,20.09083652879198,0.004009346742923963
A,2025-08-01,16,49.142873742825635,0.009806999349995137
A,2025-08-01,17,87.9232310028106,0.017546044901778208
A,2025-08-01,18,128.3607561327272,0.025615796474301976
A,2025-08-01,19,163.53201791299887,0.03263460744621809
A,2025-08-01,20,187.46231702118425,0.03741016104992701
A,2025-08-01,21,218.5422854817657,0.043612509575287506
A,2025-08-01,22,234.0942254945338,0.04671606974546673
A,2025-08-01,23,244.18602955854865,0.04872999991190354
A,2025-08-01,24,251.83970495953739,0.050257374767419156
A,2025-08-01,25,252.76776492321778,0.050442579310161204
A,2025-08-01,26,253.26135793792557,0.050541081208925476
A,2025-08-01,27,255.7649399817386,0.0510406984597363
A,2025-08-01,28,257.7375926566999,0.051434362932887626
A,2025-08-01,29,264.08778811716604,0.052701614072473764
A,2025-08-01,30,261.65635023013095,0.05221639397927179
A,2025-08-01,31,262.01721757436604,0.052288409015040116
A,2025-08-01,32,255.58568835812173,0.05100492683259264
A,2025-08-01,33,238.94481367739735,0.047684057808301206
A,2025-08-01,34,210.9982161525513,0.042107007813320954
A,2025-08-01,35,186.19617868306585,0.03715748926024064
A,2025-08-01,36,163.53835323984012,0.03263587173016167
A,2025-08-01,37,137.84575115785188,0.02750863124283614
A,2025-08-01,38,95.78373359405741,0.01911469439115095
A,2025-08-01,39,70.38117255423666,0.014045334774343774
A,2025-08-01,40,54.70089734351196,0.010916163908104562
A,2025-08-01,41,44.117465790187566,0.008804124085050402
A,2025-08-01,42,32.84351008379735,0.0065542825950503595
A,2025-08-01,43,24.59201159607322,0.004907605586923412
A,2025-08-01,44,20.672083193967264,0.004125340888838009
A,2025-08-01,45,15.137181726242895,0.003020790605915565
A,2025-08-01,46,11.583544992513492,0.0023116234269633788
A,2025-08-01,47,9.178050748660064,0.0018315806722530561
A,2025-08-02,0,6.174353450306437,0.0018111919772092803
A,2025-08-02,1,4.776497428881768,0.0014011432762926865
A,2025-08-02,2,3.2371194907824243,0.0009495803727727851
A,2025-08-02,3,1.7633745553117375,0.0005172703301002457
A,2025-08-02,4,1.1885851857750989,0.00034866095211941883
A,2025-08-02,5,1.2795964824156139,0.00037535831106354174
A,2025-08-02,6,1.1966891899672751,0.0003510381900754694
A,2025-08-02,7,1.142889764825408,0.000335256604524907
A,2025-08-02,8,1.1487886609614504,0.0003369869935351864
A,2025-08-02,9,1.1595433321747242,0.0003401417812187516
A,2025-08-02,10,1.1172672686278409,0.00032774047187675005
A,2025-08-02,11,1.2128096522625813,0.000355766985116627
A,2025-08-02,12,1.6005270225454595,0.0004695004466252448
A,2025-08-02,13,2.769705520595699,0.0008124686185378994
A,2025-08-02,14,6.411533053200607,0.0018807665160459393
A,2025-08-02,15,12.921670507751129,0.003790457761147295
A,2025-08-02,16,31.57206890827375,0.009261387183418525
A,2025-08-02,17,54.164562005704376,0.01588869522021249
A,2025-08-02,18,75.70396152718472,0.02220708757030939
A,2025-08-02,19,94.00605897740661,0.027575845989265654
A,2025-08-02,20,116.00589224213343,0.03402930250575929
A,2025-08-02,21,142.66013992721088,0.04184809032772393
A,2025-08-02,22,159.61459044848445,0.04682152843898048
A,2025-08-02,23,165.94695292927864,0.04867907096781421
A,2025-08-02,24,177.62111216221177,0.05210358232977758
A,2025-08-02,25,185.78219303962277,0.05449756322664206
A,2025-08-02,26,185.44321257265625,0.054398126304680626
A,2025-08-02,27,181.5243934285668,0.05324857536772274
A,2025-08-02,28,177.33005967560558,0.05201820465696849
A,2025-08-02,29,176.8967813747671,0.051891106299433006
A,2025-08-02,30,173.0288313925977,0.0507564773812255
A,2025-08-02,31,170.96572996337153,0.05015128482351761
A,2025-08-02,32,169.9134565041736,0.04984260971081655
A,2025-08-02,33,157.55755833471972,0.046218116261284754
A,2025-08-02,34,141.55434515841097,0.04152371521220621
A,2025-08-02,35,123.16397232434024,0.03612906199012621
A,2025-08-02,36,109.94117928495865,0.032250272597523805
A,2025-08-02,37,94.82488565283842,0.027816041552607338
A,2025-08-02,38,71.21986896156363,0.020891718674556654
A,2025-08-02,39,55.80647348846433,0.01637033543222773
A,2025-08-02,40,44.58440690041538,0.013078441449227159
A,2025-08-02,41,35.912373804404154,0.010534577238018232
A,2025-08-02,42,27.308470209145646,0.008010698213301744
A,2025-08-02,43,20.32528924786699,0.0059622438392100295
A,2025-08-02,44,14.736531911093554,0.004322831302755516
A,2025-08-02,45,10.294327890867518,0.00301975004132224
A,2025-08-02,46,8.226393197710912,0.0024131396883868912
A,2025-08-02,47,6.262975987565187,0.001837188614715514
A,2025-08-03,0,2.7649033136316263,0.0018719724533728006
A,2025-08-03,1,2.7309816915963756,0.0018490058846285548
A,2025-08-03,2,2.413452936611849,0.001634023653765639
A,2025-08-03,3,1.9895503554545373,0.0013470212291499914
A,2025-08-03,4,1.2110058418590173,0.0008199091684895174
A,2025-08-03,5,0.8401004029414832,0.0005687883567647144
A,2025-08-03,6,1.1412010163165633,0.000772647946050483
A,2025-08-03,7,1.1019662264188623,0.0007460841072571851
A,2025-08-03,8,0.765074944628246,0.0005179925149818862
A,2025-08-03,9,0.844083000548593,0.0005714847667898396
A,2025-08-03,10,0.7496608994670664,0.0005075564654482507
A,2025-08-03,11,1.2676443445399628,0.000858256157440733
A,2025-08-03,12,1.8340712586576762,0.0012417544066741207
A,2025-08-03,13,2.016395353589376,0.0013651965833374247
A,2025-08-03,14,4.198410495616701,0.0028425257248589717
A,2025-08-03,15,6.58124295097337,0.004455817840875674
A,2025-08-03,16,11.60055737938682,0.007854134989429128
A,2025-08-03,17,15.126752652514003,0.010241538694999325
A,2025-08-03,18,18.9201650701207,0.012809861252620649
A,2025-08-03,19,22.580508409554486,0.01528808964763337
A,2025-08-03,20,26.53408279173895,0.017964849554325625
A,2025-08-03,21,36.05325289717317,0.024409785306142972
A,2025-08-03,22,36.476970881469164,0.02469666274980986
A,2025-08-03,23,40.973306886637204,0.027740898366037377
A,2025-08-03,24,54.75757730921169,0.03707351205769241
A,2025-08-03,25,65.39409532535348,0.04427494605643431
A,2025-08-03,26,79.62754006462528,0.05391167235248834
A,2025-08-03,27,84.16895176220284,0.05698642637928425
A,2025-08-03,28,87.59265436192688,0.05930443761809538
A,2025-08-03,29,88.59243406789686,0.05998133653886043
A,2025-08-03,30,87.6855507075278,0.059367332909632906
A,2025-08-03,31,89.23785465410594,0.06041831730135812
A,2025-08-03,32,88.03623358454294,0.05960476207484288
A,2025-08-03,33,83.4549463039984,0.05650301036154258
A,2025-08-03,34,73.29115598511197,0.04962163573805821
A,2025-08-03,35,65.18505293614109,0.04413341431018354
A,2025-08-03,36,50.47830375257846,0.03417623815340451
A,2025-08-03,37,41.79190212376681,0.028295126691785247
A,2025-08-03,38,33.1128842048448,0.022419014356699258
A,2025-08-03,39,29.17960457000095,0.01975599496953348
A,2025-08-03,40,28.707354778044262,0.019436259159136264
A,2025-08-03,41,24.94692134899871,0.016890264962084435
A,2025-08-03,42,20.750509977108948,0.014049092740087303
A,2025-08-03,43,16.524311806631534,0.011187753423582622
A,2025-08-03,44,14.597904089006311,0.009883482795535756
A,2025-08-03,45,13.121708641588462,0.008884027516309047
A,2025-08-03,46,8.839760757947948,0.005984942964081211
A,2025-08-03,47,7.209444885391951,0.004881140748403488
A,2025-08-04,0,3.706604335693207,0.0007302215003335711
A,2025-08-04,1,2.929784943208523,0.0005771837949583379
A,2025-08-04,2,2.21452340175599,0.00043627332579905244
A,2025-08-04,3,1.590407172199259,0.00031331898585485797
A,2025-08-04,4,1.5146301753882994,0.0002983904994854806
A,2025-08-04,5,0.7742491107275078,0.0001525313456909984
A,2025-08-04,6,0.5092809174202237,0.0001003311500039842
A,2025-08-04,7,0.7455208261104793,0.00014687171515178867
A,2025-08-04,8,0.8222152842631362,0.0001619809464663389
A,2025-08-04,9,0.7847616071956426,0.00015460236548377513
A,2025-08-04,10,0.9748915620705039,0.00019205901538031991
A,2025-08-04,11,1.3935688915638056,0.0002745407587793155
A,2025-08-04,12,2.1148350086276695,0.0004166341624561997
A,2025-08-04,13,3.567062372696754,0.0007027309638882494
A,2025-08-04,14,8.342954399005649,0.0016436080376291665
A,2025-08-04,15,16.50630974730467,0.003251834071573024
A,2025-08-04,16,43.82285346028005,0.008633343865303398
A,2025-08-04,17,81.579186355165,0.016071549715359536
A,2025-08-04,18,126.68985786647704,0.024958600840519513
A,2025-08-04,19,168.79531938421957,0.03325360901974381
A,2025-08-04,20,201.70721932692032,0.03973743485557926
A,2025-08-04,21,226.74844746113249,0.04467069492930112
A,2025-08-04,22,237.70816194444106,0.04682981913799075
A,2025-08-04,23,246.46492194047644,0.04855494916085036
A,2025-08-04,24,249.97912987723612,0.049247267509305775
A,2025-08-04,25,252.1280682036098,0.04967062021347711
A,2025-08-04,26,249.9773165374854,0.04924691027137222
A,2025-08-04,27,249.8839721988864,0.04922852092176643
A,2025-08-04,28,254.42294097957117,0.050122722809214176
A,2025-08-04,29,257.67235112612957,0.050762874532334426
A,2025-08-04,30,259.04078648875753,0.05103246384727296
A,2025-08-04,31,262.6480380348374,0.05174311230000736
A,2025-08-04,32,256.41507532317456,0.05051518426382477
A,2025-08-04,33,245.74061774726266,0.04841225723941345
A,2025-08-04,34,224.49255572483005,0.044226271813402294
A,2025-08-04,35,202.45448646864318,0.039884650604539634
A,2025-08-04,36,170.37867917755878,0.03356553963308881
A,2025-08-04,37,145.47269976974232,0.028658924304519766
A,2025-08-04,38,103.21668366291577,0.020334256040763547
A,2025-08-04,39,78.76048774440966,0.015516250540663842
A,2025-08-04,40,59.38544904828236,0.011699261041820796
A,2025-08-04,41,46.56354833600778,0.009173275873918002
A,2025-08-04,42,36.97965181835325,0.007285195393686612
A,2025-08-04,43,28.34255676479418,0.005583640024585141
A,2025-08-04,44,22.086159293037444,0.0043510952113942954
A,2025-08-04,45,15.744114686419953,0.0031016774401930562
A,2025-08-04,46,12.68483753806294,0.0024989829665214617
A,2025-08-04,47,9.522225955648562,0.0018759310393318678
A,2025-08-05,0,4.884363805003112,0.0009992560975865612
A,2025-08-05,1,4.311248739414775,0.0008820066979162795
A,2025-08-05,2,3.3108510339187727,0.0006773426828802727
A,2025-08-05,3,2.4065284748403677,0.0004923339760311718
A,2025-08-05,4,1.8719436215619731,0.00038296718935392247
A,2025-08-05,5,1.2563520865916136,0.0002570278409557311
A,2025-08-05,6,1.1124946624491499,0.00022759710770236288
A,2025-08-05,7,1.1469445001430418,0.00023464494683777452
A,2025-08-05,8,1.1528468361071198,0.00023585246237870698
A,2025-08-05,9,1.2257053408991476,0.00025075804846545573
A,2025-08-05,10,1.6403303032358576,0.00033558312259326055
A,2025-08-05,11,2.2323780189272013,0.00045670581401947657
A,2025-08-05,12,2.837037676878414,0.0005804086900324087
A,2025-08-05,13,4.530073161562404,0.0009267743783883805
A,2025-08-05,14,9.46547792027719,0.0019364725696148096
A,2025-08-05,15,18.877302859180077,0.003861968670045024
A,2025-08-05,16,47.43277200322918,0.009703922259253105
A,2025-08-05,17,82.62010584522442,0.016902640312034454
A,2025-08-05,18,123.1096693884955,0.025186102575387788
A,2025-08-05,19,160.95260167851004,0.03292810999969518
A,2025-08-05,20,189.53783257270248,0.038776152326657626
A,2025-08-05,21,211.9213448284114,0.04335543061137713
A,2025-08-05,22,225.6944630726769,0.04617317165971295
A,2025-08-05,23,236.97459382718193,0.04848089071750858
A,2025-08-05,24,240.86643916127602,0.04927709475476187
A,2025-08-05,25,242.40459529173947,0.049591774814185655
A,2025-08-05,26,242.523342434182,0.04961606841943167
A,2025-08-05,27,242.71266674306037,0.0496548008885148
A,2025-08-05,28,248.96119780349412,0.05093314194015837
A,2025-08-05,29,251.13483211866463,0.05137782981151077
A,2025-08-05,30,249.51697470515867,0.05104684425228287
A,2025-08-05,31,248.53198714222725,0.050845332885071044
A,2025-08-05,32,251.0482773179333,0.05136012220088652
A,2025-08-05,33,239.10554742012295,0.04891684685354397
A,2025-08-05,34,212.36404950531647,0.043446000307961634
A,2025-08-05,35,183.12584326093366,0.03746437055256417
A,2025-08-05,36,165.3174369412531,0.033821079570632795
A,2025-08-05,37,138.75054814284772,0.02838595502104086
A,2025-08-05,38,97.25724386387367,0.0198971448166681
A,2025-08-05,39,71.97422230612365,0.014724677231203694
A,2025-08-05,40,55.93718319302504,0.01144377724898221
A,2025-08-05,41,47.96073700873767,0.009811934739921781
A,2025-08-05,42,36.04858469830801,0.0073749150364787255
A,2025-08-05,43,26.677143903656155,0.005457680831353551
A,2025-08-05,44,20.927216304737144,0.004281345397859481
A,2025-08-05,45,14.331445045337533,0.002931965025641885
A,2025-08-05,46,11.18714141632978,0.002288695052440626
A,2025-08-05,47,8.830082014239567,0.0018064815904745431
A,2025-08-06,0,3.924467981602802,0.0009670941305083298
A,2025-08-06,1,2.7790212211386662,0.0006848253378853293
A,2025-08-06,2,2.212605124752812,0.0005452452254196185
A,2025-08-06,3,1.820098694461427,0.00044852111741287013
A,2025-08-06,4,1.44365187005688,0.0003557545268745392
A,2025-08-06,5,1.427929526930032,0.00035188011999261507
A,2025-08-06,6,1.3789093852872938,0.00033980024280120597
A,2025-08-06,7,1.0971153664293678,0.00027035864130837056
A,2025-08-06,8,0.995673516660161,0.0002453606497437558
A,2025-08-06,9,0.9866676641651054,0.0002431413662309279
A,2025-08-06,10,1.1406172335379412,0.0002810786677027948
A,2025-08-06,11,1.6302572912567879,0.00040173910578038144
A,2025-08-06,12,2.2700055551829905,0.0005593902304541623
A,2025-08-06,13,3.643435379678888,0.0008978401625625649
A,2025-08-06,14,7.975313931817503,0.0019653311808323073
A,2025-08-06,15,16.956079629721785,0.004178432634234053
A,2025-08-06,16,42.64991064093962,0.010510081478792416
A,2025-08-06,17,74.53372625151862,0.018367108489777875
A,2025-08-06,18,108.41692571192151,0.02671683728731432
A,2025-08-06,19,136.37783395725356,0.03360715474550359
A,2025-08-06,20,160.46430351258192,0.03954270663198174
A,2025-08-06,21,179.92664359058227,0.04433874903661465
A,2025-08-06,22,192.980842694017,0.0475556536949278
A,2025-08-06,23,199.67994006368522,0.04920649089790173
A,2025-08-06,24,200.61438948584907,0.04943676428926788
A,2025-08-06,25,201.46417337873876,0.04964617382423331
A,2025-08-06,26,203.36131575823754,0.05011368057127588
A,2025-08-06,27,201.62540863260918,0.049685906513703595
A,2025-08-06,28,203.40374925927333,0.05012413732362576
A,2025-08-06,29,204.9153057562534,0.05049662537118122
A,2025-08-06,30,204.34957840356168,0.050357214983627815
A,2025-08-06,31,203.76924512889227,0.05021420530529627
A,2025-08-06,32,200.38018200267143,0.04937904928602056
A,2025-08-06,33,189.32481262677214,0.046654709863669826
A,2025-08-06,34,171.48853352938877,0.042259372481367366
A,2025-08-06,35,152.4266889156444,0.03756202289690597
A,2025-08-06,36,137.79095746306362,0.0339553862649245
A,2025-08-06,37,114.69284122938772,0.02826339113587672
A,2025-08-06,38,78.214209304084,0.01927407819223361
A,2025-08-06,39,58.296068285702624,0.014365714215303752
A,2025-08-06,40,45.780144490292706,0.011281455024714811
A,2025-08-06,41,38.382173949057325,0.009458396734612452
A,2025-08-06,42,30.320142168878192,0.007471695950931048
A,2025-08-06,43,23.04064074220892,0.005677831626961291
A,2025-08-06,44,17.073068655862684,0.004207261866895684
A,2025-08-06,45,12.279052825199615,0.0030258878327253857
A,2025-08-06,46,10.214258079985258,0.0025170670478031685
A,2025-08-06,47,8.081084133204987,0.001991395794284127
A,2025-08-07,0,4.844764448532891,0.0011212137117641498
A,2025-08-07,1,3.2679996123396644,0.0007563063208376914
A,2025-08-07,2,2.5987862209310757,0.0006014316641821513
A,2025-08-07,3,1.8931099884796174,0.0004381184884238874
A,2025-08-07,4,1.16956873602178,0.0002706708484197593
A,2025-08-07,5,0.6601219429315808,0.00015277064173376087
A,2025-08-07,6,0.8451402330805904,0.00019558903797282814
A,2025-08-07,7,0.953585413627983,0.0002206862794788204
A,2025-08-07,8,0.821592072710964,0.00019013933642929044
A,2025-08-07,9,0.6047295476718345,0.00013995129545749468
A,2025-08-07,10,0.9989678422300974,0.00023118904009027943
A,2025-08-07,11,1.8041181234737347,0.00041752328708024406
A,2025-08-07,12,2.892793201321738,0.0006694730852399301
A,2025-08-07,13,4.698410861882446,0.0010873434070544888
A,2025-08-07,14,9.092981371505614,0.0021043696763493667
A,2025-08-07,15,17.723422752319472,0.004101694689266251
A,2025-08-07,16,44.78499426354178,0.010364497630997867
A,2025-08-07,17,77.58401663296438,0.017955106834752228
A,2025-08-07,18,109.88523941620065,0.02543051132057409
A,2025-08-07,19,139.1247953263604,0.03219736064021301
A,2025-08-07,20,165.64683953343032,0.038335301905445575
A,2025-08-07,21,190.19806169459773,0.044017139943207065
A,2025-08-07,22,204.42901885013902,0.04731058061794469
A,2025-08-07,23,211.56566927963405,0.048962200712713275
A,2025-08-07,24,215.5900447295377,0.04989355351296869
A,2025-08-07,25,216.40473819451472,0.050082096319026784
A,2025-08-07,26,213.16620712560288,0.049332609841611405
A,2025-08-07,27,214.21954075415755,0.049576380642017484
A,2025-08-07,28,219.20888698223035,0.050731054612874416
A,2025-08-07,29,219.65765671630123,0.05083491245459413
A,2025-08-07,30,220.71311597584886,0.05107917518533878
A,2025-08-07,31,218.36864421057274,0.05053659898416402
A,2025-08-07,32,216.8288853471661,0.05018025580818471
A,2025-08-07,33,209.02267971948777,0.04837368195313302
A,2025-08-07,34,186.49717612948564,0.04316065173096173
A,2025-08-07,35,161.70631186268187,0.037423353821495454
A,2025-08-07,36,143.51364875450417,0.033213063817288634
A,2025-08-07,37,121.14741766340046,0.028036893696690688
A,2025-08-07,38,84.98041695515805,0.019666840304364278
A,2025-08-07,39,63.65246157769199,0.014730956162391111
A,2025-08-07,40,50.15862499389913,0.011608105761143054
A,2025-08-07,41,41.496856687019374,0.009603530823193561
A,2025-08-07,42,31.712361575132842,0.0073391255670291235
A,2025-08-07,43,23.39373530879443,0.005413963274425926
A,2025-08-07,44,18.42488154774042,0.004264031832386119
A,2025-08-07,45,13.552105357647129,0.003136335421811416
A,2025-08-07,46,10.785108473825913,0.0024959751154422388
A,2025-08-07,47,8.709765991668496,0.0020156829418348753
A,2025-08-08,0,5.361303024607066,0.0011858666278715033
A,2025-08-08,1,4.325861935158041,0.0009568374110059813
A,2025-08-08,2,3.1711276571254,0.0007014217334937846
A,2025-08-08,3,2.7323907669015504,0.0006043775197747291
A,2025-08-08,4,2.0139253759738107,0.0004454601583662488
A,2025-08-08,5,1.2004406686867746,0.0002655254741620824
A,2025-08-08,6,0.8134115449814816,0.00017991850143363894
A,2025-08-08,7,0.9813404646290963,0.00021706269954193682
A,2025-08-08,8,1.1125049837878338,0.00024607497982478076
A,2025-08-08,9,1.0964632925889974,0.00024252671811302753
A,2025-08-08,10,1.2468645577469077,0.00027579397428597826
A,2025-08-08,11,1.7756634727668352,0.00039275900746888636
A,2025-08-08,12,2.2690976056236436,0.0005019017044069107
A,2025-08-08,13,3.8773202495416412,0.0008576244745723603
A,2025-08-08,14,9.25956451312955,0.0020481230951403563
A,2025-08-08,15,17.942131429753136,0.003968620090633297
A,2025-08-08,16,44.9955507428966,0.009952565968346958
A,2025-08-08,17,79.48555297280026,0.017581409637867786
A,2025-08-08,18,115.75100563825985,0.02560296519315635
A,2025-08-08,19,145.56643776778708,0.03219784069183523
A,2025-08-08,20,167.60618996635196,0.037072813529385525
A,2025-08-08,21,196.47930504780243,0.043459257918116
A,2025-08-08,22,209.38264784971432,0.04631334834101179
A,2025-08-08,23,218.93527428310995,0.048426293802944026
A,2025-08-08,24,226.43317496744848,0.050084754471897475
A,2025-08-08,25,226.86753262347173,0.050180830042794014
A,2025-08-08,26,227.08102061205625,0.05022805145146124
A,2025-08-08,27,229.38581078919384,0.05073784799584027
A,2025-08-08,28,231.19410566429065,0.05113782474326269
A,2025-08-08,29,236.48469167078997,0.05230804947374253
A,2025-08-08,30,235.65953466645124,0.05212553299412768
A,2025-08-08,31,238.33477141205145,0.05271726861580435
A,2025-08-08,32,233.12521134089982,0.05156496601214329
A,2025-08-08,33,217.65317150962102,0.04814270548764013
A,2025-08-08,34,191.6327691388077,0.0423872526296854
A,2025-08-08,35,168.17125548065795,0.037197800371744735
A,2025-08-08,36,150.57840872717435,0.03330643855942808
A,2025-08-08,37,124.84388466971733,0.027614219126236968
A,2025-08-08,38,87.44985091437272,0.01934303271718043
A,2025-08-08,39,64.48833038124603,0.014264173939669549
A,2025-08-08,40,50.29578300924641,0.011124924355064458
A,2025-08-08,41,40.7721490195101,0.009018391731809357
A,2025-08-08,42,30.509257010739837,0.006748342625688971
A,2025-08-08,43,22.16949387356736,0.0049036703989310685
A,2025-08-08,44,18.509265693713203,0.004094064519733069
A,2025-08-08,45,13.59432716646747,0.0030069292560202326
A,2025-08-08,46,10.265430845470224,0.0022706106714156654
A,2025-08-08,47,8.119393001311066,0.0017959285559192802
A,2025-08-09,0,5.242548055345906,0.0018590595940942928
A,2025-08-09,1,4.0145607581243015,0.0014236031057178375
A,2025-08-09,2,2.7613981194861426,0.0009792191913071428
A,2025-08-09,3,1.5288873225801907,0.0005421586250284364
A,2025-08-09,4,1.0579271497721083,0.000375151471550393
A,2025-08-09,5,1.0897089656045806,0.00038642161900871654
A,2025-08-09,6,1.0293885915788947,0.00036503141545350876
A,2025-08-09,7,0.9789825577746769,0.0003471569353810911
A,2025-08-09,8,0.977627381755644,0.0003466763765090936
A,2025-08-09,9,0.9821951997443427,0.0003482961701221073
A,2025-08-09,10,0.9455078056108293,0.00033528645589036497
A,2025-08-09,11,0.9997492075251598,0.0003545209955762978
A,2025-08-09,12,1.3168192905893303,0.0004669571952444434
A,2025-08-09,13,2.345353007440578,0.0008316854636314107
A,2025-08-09,14,5.415865500390942,0.0019205196809896957
A,2025-08-09,15,10.792374294878593,0.003827083083290281
A,2025-08-09,16,26.615261621858114,0.009438036036119899
A,2025-08-09,17,43.910706698778405,0.015571172588219292
A,2025-08-09,18,62.45010024629084,0.02214542561925207
A,2025-08-09,19,76.51409332760281,0.027132657208369788
A,2025-08-09,20,95.96609303117793,0.03403052944368012
A,2025-08-09,21,117.7800998270246,0.041765992846462624
A,2025-08-09,22,131.75688755205238,0.046722300550373186
A,2025-08-09,23,137.81667363090003,0.048871160862021285
A,2025-08-09,24,147.8306188782698,0.052422205275982195
A,2025-08-09,25,154.4607178702984,0.05477330420932568
A,2025-08-09,26,153.83535922824188,0.054551545825617685
A,2025-08-09,27,150.1329363143392,0.053238629898701845
A,2025-08-09,28,146.48245602175714,0.05194413334104864
A,2025-08-09,29,145.99819922637414,0.05177241107318232
A,2025-08-09,30,142.63504652897748,0.05057980373367996
A,2025-08-09,31,140.80324605603374,0.049930229097884304
A,2025-08-09,32,139.8126861759792,0.04957896672907064
A,2025-08-09,33,129.68626619286684,0.045988037657044976
A,2025-08-09,34,116.45407078461588,0.04129576978177868
A,2025-08-09,35,100.4406928729488,0.03561726697622298
A,2025-08-09,36,92.90220617150256,0.03294404474166757
A,2025-08-09,37,77.91521041805744,0.0276295072404459
A,2025-08-09,38,60.103587971932605,0.02131332906806121
A,2025-08-09,39,47.061588361730976,0.01668850651125212
A,2025-08-09,40,37.00187278437428,0.013121231483820666
A,2025-08-09,41,29.846119834436724,0.01058373043774352
A,2025-08-09,42,22.525010908940775,0.007987592520900984
A,2025-08-09,43,16.664238291450037,0.005909304358670226
A,2025-08-09,44,12.088431319244233,0.0042866777727816425
A,2025-08-09,45,8.460502452523087,0.0030001781746535772
A,2025-08-09,46,7.069697290340581,0.0025069848547307023
A,2025-08-09,47,5.500428900877004,0.001950506702438654
A,2025-08-10,0,2.3284529654404706,0.0018191038792503677
A,2025-08-10,1,2.2996758089391567,0.0017966217257337162
A,2025-08-10,2,2.0485966458889937,0.0016004661296007763
A,2025-08-10,3,1.678762376307964,0.0013115331064905969
A,2025-08-10,4,0.9210207391716543,0.000719547452477855
A,2025-08-10,5,0.5790252605239176,0.0004523634847843106
A,2025-08-10,6,0.8564464018735735,0.0006690987514637293
A,2025-08-10,7,0.7929813087967343,0.0006195166474974487
A,2025-08-10,8,0.4989890556620079,0.00038983519973594366
A,2025-08-10,9,0.5734438418306489,0.0004480030014301945
A,2025-08-10,10,0.4893171438777667,0.00038227901865450526
A,2025-08-10,11,0.9473407250929972,0.000740109941478904
A,2025-08-10,12,1.4880650362846073,0.0011625508095973495
A,2025-08-10,13,1.597326391040781,0.00124791124300061
A,2025-08-10,14,3.5761089427098525,0.0027938351114920722
A,2025-08-10,15,5.603330790598241,0.004377602180154876
A,2025-08-10,16,9.901958822766339,0.007735905330286202
A,2025-08-10,17,13.065438250221797,0.010207373632985779
A,2025-08-10,18,16.400237906305936,0.012812685864301513
A,2025-08-10,19,19.694725723262998,0.015386504471299217
A,2025-08-10,20,23.226379727203728,0.018145609161877914
A,2025-08-10,21,31.483020561574826,0.02459610981373033
A,2025-08-10,22,31.898183495727295,0.02492045585603695
A,2025-08-10,23,35.5657398124369,0.027785734228466332
A,2025-08-10,24,47.62601055410839,0.03720782074539718
A,2025-08-10,25,56.585378160200115,0.04420732668765634
A,2025-08-10,26,68.95640756019232,0.05387219340640025
A,2025-08-10,27,72.85341345256731,0.056916729259818215
A,2025-08-10,28,75.86042716106773,0.05926595871958417
A,2025-08-10,29,76.8679878683418,0.060053115522142035
A,2025-08-10,30,76.08400226779247,0.05944062677171287
A,2025-08-10,31,77.41942127996847,0.060483922874975365
A,2025-08-10,32,76.51288934019776,0.0597756947970295
A,2025-08-10,33,72.40286335895682,0.05656473699918502
A,2025-08-10,34,63.77921004015441,0.04982750784387063
A,2025-08-10,35,56.01810678346173,0.04376414592457948
A,2025-08-10,36,45.24272710804098,0.035345880553157016
A,2025-08-10,37,36.39552621624273,0.028434004856439633
A,2025-08-10,38,29.013083065878547,0.022666471145217616
A,2025-08-10,39,25.134240030963234,0.019636125024190026
A,2025-08-10,40,24.706314907527993,0.019301808521506245
A,2025-08-10,41,21.410184444834307,0.016726706597526803
A,2025-08-10,42,17.74797426161232,0.013865604891884625
A,2025-08-10,43,14.14924668650726,0.011054098973833797
A,2025-08-10,44,12.463153671414899,0.00973683880579289
A,2025-08-10,45,11.287500162254513,0.008818359501761339
A,2025-08-10,46,7.643168746226787,0.0059712255829896775
A,2025-08-10,47,6.326195137947912,0.004942339951521806
A,2025-08-11,0,3.5897461354470512,0.0007372655854276137
A,2025-08-11,1,2.8207335102545716,0.0005793250175096677
A,2025-08-11,2,2.1361349658338877,0.00043872149637171656
A,2025-08-11,3,1.526905292681997,0.0003135973080061608
A,2025-08-11,4,1.4627352346016023,0.0003004179984805098
A,2025-08-11,5,0.7410505169734848,0.00015219768268093752
A,2025-08-11,6,0.4657431094588191,9.565477705048657e-05
A,2025-08-11,7,0.6867027509142465,0.00014103568513334288
A,2025-08-11,8,0.7606710586748607,0.00015622736879746576
A,2025-08-11,9,0.7248279941022191,0.0001488658850076441
A,2025-08-11,10,0.9107615003960425,0.0001870530910651145
A,2025-08-11,11,1.2947002415184885,0.0002659068066376029
A,2025-08-11,12,1.9844649185093295,0.00040757135315451417
A,2025-08-11,13,3.3873348630903575,0.0006956941595995805
A,2025-08-11,14,7.9885976032618204,0.0016407060183326802
A,2025-08-11,15,15.835596149393393,0.0032523302833011693
A,2025-08-11,16,41.80096460964232,0.008585123148416989
A,2025-08-11,17,78.24877787103432,0.016070810817628737
A,2025-08-11,18,122.27235577309364,0.02511241646602868
A,2025-08-11,19,161.306361636492,0.03312925891076032
A,2025-08-11,20,193.1657833622431,0.03967257822186139
A,2025-08-11,21,217.98940364181328,0.044770877724751135
A,2025-08-11,22,228.3126436316005,0.04689107488839608
A,2025-08-11,23,236.4357610980772,0.04855940872829682
A,2025-08-11,24,239.81893750248193,0.049254248819569094
A,2025-08-11,25,241.74957283192285,0.049650764598875095
A,2025-08-11,26,239.86625433659208,0.049263966797410574
A,2025-08-11,27,239.7723987700492,0.049244690649014
A,2025-08-11,28,244.12100467080373,0.05013781159802911
A,2025-08-11,29,246.98926391411823,0.050726897497251636
A,2025-08-11,30,248.32296735055942,0.051000814818352724
A,2025-08-11,31,251.85449881336885,0.05172612421716345
A,2025-08-11,32,246.17688754910714,0.050560050841878645
A,2025-08-11,33,235.62925660618424,0.04839376804398937
A,2025-08-11,34,215.21301245537808,0.04420065977723928
A,2025-08-11,35,193.26243998503602,0.039692429653940445
A,2025-08-11,36,165.48880205306907,0.033988252629506895
A,2025-08-11,37,138.9687053609079,0.028541529135532533
A,2025-08-11,38,99.00443608341322,0.020333628277554576
A,2025-08-11,39,75.42527684724884,0.015490917405473165
A,2025-08-11,40,56.89365715416082,0.011684875160024814
A,2025-08-11,41,44.694649212590704,0.009179430932961738
A,2025-08-11,42,35.33471087737947,0.0072570776088271656
A,2025-08-11,43,27.154963994963875,0.005577113163886604
A,2025-08-11,44,21.057403881879406,0.004324790281757939
A,2025-08-11,45,15.086130447038032,0.003098404281585137
A,2025-08-11,46,12.122075526012367,0.00248964377202965
A,2025-08-11,47,9.143936306625852,0.0018779906154499592
A,2025-08-12,0,4.078490236286526,0.0010168262867829782
A,2025-08-12,1,3.5485258428794633,0.000884698539735593
A,2025-08-12,2,2.7160124867881046,0.0006771409839910508
A,2025-08-12,3,1.9777905229556738,0.0004930916287598289
A,2025-08-12,4,1.522309709943741,0.00037953370978402917
A,2025-08-12,5,1.0298743327496847,0.0002567624863499588
A,2025-08-12,6,0.899037280660069,0.00022414292711544977
A,2025-08-12,7,0.9249734474891902,0.00023060918660912247
A,2025-08-12,8,0.9257188541750281,0.00023079502721890503
A,2025-08-12,9,0.9827194314883337,0.0002450060911214993
A,2025-08-12,10,1.32259721274688,0.00032974251128069806
A,2025-08-12,11,1.8132367287230324,0.0004520660006788912
A,2025-08-12,12,2.315708618421512,0.0005773394710599631
A,2025-08-12,13,3.693002546846097,0.0009207186603954369
A,2025-08-12,14,7.810691294571535,0.0019473176999679719
A,2025-08-12,15,15.560993564024555,0.003879579547251198
A,2025-08-12,16,38.85411819044771,0.009686890598466145
A,2025-08-12,17,67.56484413695787,0.016844887593357734
A,2025-08-12,18,101.33810129851625,0.025265046446900086
A,2025-08-12,19,131.29646210611648,0.03273409676043792
A,2025-08-12,20,154.4156577804103,0.038498044821842506
A,2025-08-12,21,173.5047241045333,0.043257223661065394
A,2025-08-12,22,184.82901657004845,0.04608053267764858
A,2025-08-12,23,193.83350966843346,0.04832548234067152
A,2025-08-12,24,197.45261455921604,0.04922777725236002
A,2025-08-12,25,198.63416207678884,0.049522354045571884
A,2025-08-12,26,198.89874744358235,0.04958831898369044
A,2025-08-12,27,199.3268083265947,0.049695040719669584
A,2025-08-12,28,204.7451679977135,0.051045915731167665
A,2025-08-12,29,206.77529465503594,0.05155205551110345
A,2025-08-12,30,205.15234502651427,0.05114743082186843
A,2025-08-12,31,204.36508900233682,0.050951156570016656
A,2025-08-12,32,206.51084915530734,0.05148612544385623
A,2025-08-12,33,196.40971156758815,0.04896776653392873
A,2025-08-12,34,174.78055430135555,0.04357530648251198
A,2025-08-12,35,151.2655828915302,0.03771268583683126
A,2025-08-12,36,135.735490824908,0.033840810477414114
A,2025-08-12,37,113.68913539287752,0.028344336921684747
A,2025-08-12,38,80.06779370510915,0.019962052781129183
A,2025-08-12,39,58.76784675402836,0.014651669597115025
A,2025-08-12,40,45.92562288275652,0.011449918444965476
A,2025-08-12,41,39.36287939133072,0.00981373208460003
A,2025-08-12,42,29.41165664815507,0.007332749102008245
A,2025-08-12,43,21.881295692521956,0.005455321788212904
A,2025-08-12,44,17.123552634418914,0.004269148001600328
A,2025-08-12,45,11.755266525979733,0.00293075704960851
A,2025-08-12,46,9.144964298197454,0.002279971153876204
A,2025-08-12,47,7.0594522799395785,0.0017600230067164244
A,2025-08-13,0,3.7932421908570197,0.0009485476846354138
A,2025-08-13,1,2.6791871507478904,0.0006699642787566617
A,2025-08-13,2,2.10965332296756,0.0005275452170461516
A,2025-08-13,3,1.7297127348915253,0.0004325363178023319
A,2025-08-13,4,1.4040627362441487,0.00035110345992601867
A,2025-08-13,5,1.39249041612843,0.00034820965644621904
A,2025-08-13,6,1.341861120139139,0.0003355491673266164
A,2025-08-13,7,1.0655378881285091,0.0002664510848033281
A,2025-08-13,8,0.9628582129930039,0.00024077474693498472
A,2025-08-13,9,0.9569305332709068,0.00023929245643183466
A,2025-08-13,10,1.105997692312117,0.0002765685652193341
A,2025-08-13,11,1.5903393330227074,0.00039768425431925666
A,2025-08-13,12,2.2222661743014016,0.0005557054699428361
A,2025-08-13,13,3.5724541772694423,0.0008933368785369948
A,2025-08-13,14,7.888335112616162,0.0019725769223846367
A,2025-08-13,15,17.110801411982994,0.004278770045507125
A,2025-08-13,16,42.620063129073245,0.01065768020231889
A,2025-08-13,17,73.89118384175691,0.018477415314267796
A,2025-08-13,18,108.1717607651785,0.027049702616948862
A,2025-08-13,19,135.0311296439234,0.0337662239669726
A,2025-08-13,20,158.22948940276234,0.039567264166732265
A,2025-08-13,21,177.54177669589916,0.04439654330980224
A,2025-08-13,22,189.5486051245199,0.04739900103138782
A,2025-08-13,23,196.1781294871611,0.04905679657093301
A,2025-08-13,24,197.26155102697737,0.04932771968666601
A,2025-08-13,25,198.12539089968323,0.04954373365833539
A,2025-08-13,26,200.13411233124492,0.05004603959270941
A,2025-08-13,27,198.72624209316143,0.04969398401929518
A,2025-08-13,28,200.21788850239622,0.05006698887281726
A,2025-08-13,29,201.74052221491237,0.05044774248935043
A,2025-08-13,30,200.99169538019274,0.050260488967290004
A,2025-08-13,31,200.4244403345678,0.050118639743577845
A,2025-08-13,32,197.1581313486877,0.04930185830174736
A,2025-08-13,33,186.17907186692082,0.04655640706849733
A,2025-08-13,34,169.57026804404273,0.042403167802961425
A,2025-08-13,35,151.06862507229488,0.03777660041817826
A,2025-08-13,36,134.7417942212773,0.033693872023325154
A,2025-08-13,37,113.07603939791424,0.02827607886919586
A,2025-08-13,38,77.18941436275252,0.019302179135471997
A,2025-08-13,39,57.30678736039752,0.014330279409951869
A,2025-08-13,40,45.16115987992514,0.011293113248293357
A,2025-08-13,41,37.884624291138365,0.009473524453898065
A,2025-08-13,42,29.870836806055305,0.007469576595662742
A,2025-08-13,43,22.797395889131607,0.005700774165824358
A,2025-08-13,44,16.874289309505798,0.004219627234184996
A,2025-08-13,45,12.200847999238407,0.003050974743495476
A,2025-08-13,46,10.13087216523204,0.0025333513791527982
A,2025-08-13,47,8.030130904202165,0.002008034734734225
A,2025-08-14,0,4.36647595493255,0.0010554691696718758
A,2025-08-14,1,2.9544764921259192,0.0007141591714106645
A,2025-08-14,2,2.336652940523384,0.0005648182113907141
A,2025-08-14,3,1.7574377738860225,0.00042480971087406876
A,2025-08-14,4,1.2031506758517128,0.00029082684937193926
A,2025-08-14,5,0.7391829131287887,0.00017867607278916817
A,2025-08-14,6,0.9231071916903342,0.00022313444324156012
A,2025-08-14,7,1.0279246679081313,0.000248471034060462
A,2025-08-14,8,0.8996402042420797,0.0002174619783036209
A,2025-08-14,9,0.6937547281090647,0.0001676951240292639
A,2025-08-14,10,1.0703891550758013,0.00025873559465211537
A,2025-08-14,11,1.8559983895924805,0.0004486338867760407
A,2025-08-14,12,2.9356831627192532,0.000709616428020124
A,2025-08-14,13,4.662911760244092,0.001127123944946602
A,2025-08-14,14,8.980665142115324,0.002170815842909191
A,2025-08-14,15,17.28395069278887,0.0041778947770821535
A,2025-08-14,16,43.38444927564194,0.010486934801943907
A,2025-08-14,17,74.89465778613763,0.018103615611829254
A,2025-08-14,18,107.07924865581381,0.02588330883630984
A,2025-08-14,19,133.75994177983577,0.03233259409713216
A,2025-08-14,20,159.08129005772483,0.038453297089128556
A,2025-08-14,21,182.35819124477356,0.044079814175676475
A,2025-08-14,22,195.28632406480713,0.04720481606594323
A,2025-08-14,23,202.04002619696135,0.04883732806307985
A,2025-08-14,24,206.0474577669171,0.04980600864561689
A,2025-08-14,25,206.86011628389187,0.050002445318803934
A,2025-08-14,26,203.92194057088506,0.04929222638890139
A,2025-08-14,27,205.33064162233813,0.049632739091694016
A,2025-08-14,28,209.84944017335886,0.05072502783982569
A,2025-08-14,29,210.4103674457298,0.05086061577126657
A,2025-08-14,30,210.7320611526125,0.05093837591312847
A,2025-08-14,31,208.62416317778542,0.050428852593131596
A,2025-08-14,32,207.23231979587706,0.050092414743987686
A,2025-08-14,33,199.5204213280893,0.048228286518754965
A,2025-08-14,34,179.6093026370261,0.04341534992434762
A,2025-08-14,35,156.0471869399899,0.037719890485856875
A,2025-08-14,36,135.91140474712367,0.032852647993019984
A,2025-08-14,37,115.85271072554362,0.0280040393341899
A,2025-08-14,38,81.10870676538292,0.01960568208010223
A,2025-08-14,39,60.264129597432444,0.014567108918886256
A,2025-08-14,40,47.60820956507305,0.011507906590542192
A,2025-08-14,41,39.41210534234347,0.009526735639918654
A,2025-08-14,42,29.896109107912107,0.00722651900118736
A,2025-08-14,43,22.30737018597062,0.005392161031174914
A,2025-08-14,44,17.544226724129636,0.004240808973683741
A,2025-08-14,45,12.953145384686922,0.003131047953755601
A,2025-08-14,46,10.264995143451436,0.0024812654443924186
A,2025-08-14,47,8.115936909819586,0.0019617928232583
A,2025-08-15,0,4.332748699244723,0.0011309706863076802
A,2025-08-15,1,3.3307119930184363,0.0008694105959327686
A,2025-08-15,2,2.3326554439698333,0.0006088894398250675
A,2025-08-15,3,1.9340858646212642,0.0005048514394730525
A,2025-08-15,4,1.4306978802710948,0.0003734528531117449
A,2025-08-15,5,0.9540532387690687,0.000249035040138102
A,2025-08-15,6,0.637691375317538,0.0001664555926174727
A,2025-08-15,7,0.8320801906692622,0.00021719660419453464
A,2025-08-15,8,0.9406064162034039,0.00024552503685810594
A,2025-08-15,9,0.9285123982406636,0.00024236815406960678
A,2025-08-15,10,1.0553110280106472,0.0002754662041270288
A,2025-08-15,11,1.5122016288265592,0.00039472765043762964
A,2025-08-15,12,2.3137352351527665,0.0006039507270041155
A,2025-08-15,13,3.676665246642004,0.0009597142382255297
A,2025-08-15,14,8.310227778689296,0.0021692058936803173
A,2025-08-15,15,15.631346275944464,0.004080226122668876
A,2025-08-15,16,38.93031527256581,0.010161919935412635
A,2025-08-15,17,68.08026449613926,0.017770886060072898
A,2025-08-15,18,98.9612234768687,0.02583169498221579
A,2025-08-15,19,122.37807880412043,0.0319441604813679
A,2025-08-15,20,140.7509697390686,0.03674000776274305
A,2025-08-15,21,166.25413208699763,0.04339705875411058
A,2025-08-15,22,177.93898141366284,0.046447136886886675
A,2025-08-15,23,185.6688224787936,0.04846484533510666
A,2025-08-15,24,192.76468947299261,0.05031706851291898
A,2025-08-15,25,193.53302315428556,0.05051762546444415
A,2025-08-15,26,193.92970404958888,0.05062117046452333
A,2025-08-15,27,196.09413788815064,0.05118614927907874
A,2025-08-15,28,197.3574477724539,0.051515909102702664
A,2025-08-15,29,202.04022009850397,0.05273824591451422
A,2025-08-15,30,199.88574333565361,0.052175866180019216
A,2025-08-15,31,200.21906225771906,0.05226287190230203
A,2025-08-15,32,195.4460770605819,0.05101698696439099
A,2025-08-15,33,182.84011011327286,0.04772647092489503
A,2025-08-15,34,163.62811344990928,0.042711593174082296
A,2025-08-15,35,142.85494384259093,0.03728920486624665
A,2025-08-15,36,126.24813286913792,0.03295435470350768
A,2025-08-15,37,105.80187804034436,0.027617300454279396
A,2025-08-15,38,73.83068245535794,0.019271908758903143
A,2025-08-15,39,53.93229339745468,0.014077863063809627
A,2025-08-15,40,41.74749358562009,0.010897283629762488
A,2025-08-15,41,33.763381432269796,0.00881320319297045
A,2025-08-15,42,24.808226730140454,0.006475653022746138
A,2025-08-15,43,18.644894161863416,0.004866847862663382
A,2025-08-15,44,15.521051920799499,0.004051436157869877
A,2025-08-15,45,11.419881478985866,0.002980913985639746
A,2025-08-15,46,8.787765523149712,0.002293856831936756
A,2025-08-15,47,6.784927447365404,0.001771059109205274
A,2025-08-16,0,5.333336244085738,0.001749782232311594
A,2025-08-16,1,4.157506648364472,0.0013640113675736456
A,2025-08-16,2,2.816221138997895,0.0009239570666003593
A,2025-08-16,3,1.4802647223702428,0.00048565115563328174
A,2025-08-16,4,0.9990234376531084,0.00032776359503054736
A,2025-08-16,5,1.0351626972446029,0.00033962030749494845
A,2025-08-16,6,0.9706550896419892,0.00031845639423949777
A,2025-08-16,7,0.9154624408259879,0.0003003485698247992
A,2025-08-16,8,0.9200599615046651,0.00030185694275087436
A,2025-08-16,9,0.9290067366553363,0.00030479223643547777
A,2025-08-16,10,0.892934107671037,0.0002929573844065082
A,2025-08-16,11,0.9857730098151202,0.00032341634180286095
A,2025-08-16,12,1.5024149164543223,0.0004929182796766149
A,2025-08-16,13,2.549164164798987,0.0008363399490810326
A,2025-08-16,14,5.837254436439874,0.0019151097232414285
A,2025-08-16,15,11.728787908250895,0.003848027528953706
A,2025-08-16,16,29.187794120904602,0.009576047939929331
A,2025-08-16,17,47.69370666162246,0.015647541555650412
A,2025-08-16,18,67.70061455443624,0.022211487714710054
A,2025-08-16,19,82.8186856901321,0.027171484806473786
A,2025-08-16,20,103.31089705413727,0.033894651264480734
A,2025-08-16,21,126.75289744464506,0.04158559627448985
A,2025-08-16,22,141.32284988456735,0.04636576439782394
A,2025-08-16,23,147.17382406831624,0.048285375350497456
A,2025-08-16,24,158.41868811045933,0.05197463520684361
A,2025-08-16,25,165.4231058937637,0.054272672537324054
A,2025-08-16,26,165.42418024680052,0.054273025015354505
A,2025-08-16,27,162.3325262565757,0.05325870284008389
A,2025-08-16,28,158.5221370489014,0.052008575147277365
A,2025-08-16,29,158.14456601221457,0.051884700135241
A,2025-08-16,30,154.56476967408935,0.050710226271026684
A,2025-08-16,31,152.70367531554487,0.05009963100903703
A,2025-08-16,32,151.3533302314211,0.04965660440663422
A,2025-08-16,33,140.7539687254053,0.04617912359757391
A,2025-08-16,34,127.57372670658663,0.041854897213447054
A,2025-08-16,35,110.85320645815032,0.0363691622238026
A,2025-08-16,36,101.04131739216932,0.03315003851449125
A,2025-08-16,37,85.32587784900156,0.027994054412402086
A,2025-08-16,38,66.08727332641881,0.021682176288195146
A,2025-08-16,39,51.38016209738137,0.016857008562132996
A,2025-08-16,40,40.08561269418669,0.01315144773431322
A,2025-08-16,41,32.223298919419925,0.010571948464376615
A,2025-08-16,42,24.162260989258872,0.007927250980727977
A,2025-08-16,43,18.020665327438653,0.005912291774094046
A,2025-08-16,44,12.978845322542302,0.0042581513525401255
A,2025-08-16,45,9.046603863896152,0.002968045887105037
A,2025-08-16,46,7.158642686196499,0.0023486360519017384
A,2025-08-16,47,5.407261712641457,0.0017740359949611078
A,2025-08-17,0,2.8039007326753556,0.0019676496369651617
A,2025-08-17,1,2.7652775374147076,0.001940545640291023
A,2025-08-17,2,2.513018488014178,0.0017635217459748618
A,2025-08-17,3,2.081998687796963,0.0014610517107347108
A,2025-08-17,4,1.2054919633806045,0.0008459592725477927
A,2025-08-17,5,0.8082550620222185,0.000567196534752434
A,2025-08-17,6,1.09600257584992,0.0007691246146315227
A,2025-08-17,7,1.054984459064165,0.0007403399712730982
A,2025-08-17,8,0.7405506805135997,0.0005196846880797191
A,2025-08-17,9,0.8135857128015636,0.0005709373423168867
A,2025-08-17,10,0.7186721570468099,0.0005043313382784631
A,2025-08-17,11,1.2260153655889943,0.0008603616600624521
A,2025-08-17,12,1.8106943732282101,0.0012706627180548843
A,2025-08-17,13,1.9568498344064362,0.001373227953969429
A,2025-08-17,14,4.24618791875978,0.0029797809956208987
A,2025-08-17,15,6.4568036782773275,0.004531090300545493
A,2025-08-17,16,11.32678318615502,0.007948619779757908
A,2025-08-17,17,14.952302755172198,0.010492844038717333
A,2025-08-17,18,18.13923446762045,0.012729287345698562
A,2025-08-17,19,21.8111341410614,0.015306059046358879
A,2025-08-17,20,25.592036756941244,0.017959324039958768
A,2025-08-17,21,34.554665687676454,0.024248888201878212
A,2025-08-17,22,35.13591017931592,0.024656779073204155
A,2025-08-17,23,39.38241081549049,0.027636779519642447
A,2025-08-17,24,52.79573588297525,0.03704963921612298
A,2025-08-17,25,62.88547205818974,0.04413015583030859
A,2025-08-17,26,76.39637779042758,0.053611493186264965
A,2025-08-17,27,80.93410405723637,0.05679586249630623
A,2025-08-17,28,83.91578624423637,0.05888827104858693
A,2025-08-17,29,84.67732995187457,0.05942268768552601
A,2025-08-17,30,83.72906811177367,0.05875724078019205
A,2025-08-17,31,85.11683381199926,0.059731111447017024
A,2025-08-17,32,83.82699586820996,0.05882596201277892
A,2025-08-17,33,80.00080190491272,0.056140913617482614
A,2025-08-17,34,71.53322403913094,0.05019875371167083
A,2025-08-17,35,62.73299223335643,0.04402315244446065
A,2025-08-17,36,50.420513652527575,0.03538281659826496
A,2025-08-17,37,41.454523743375994,0.029090893855000695
A,2025-08-17,38,32.865851574180205,0.023063755490652777
A,2025-08-17,39,28.745002363968695,0.020171931483486803
A,2025-08-17,40,28.068250433729784,0.019697017848231427
A,2025-08-17,41,23.96908894841369,0.016820413297132415
A,2025-08-17,42,19.726777375902028,0.013843352544492652
A,2025-08-17,43,15.844221745106887,0.011118752101829395
A,2025-08-17,44,13.883137078587847,0.009742552335851121
A,2025-08-17,45,12.611625922637597,0.008850263805359717
A,2025-08-17,46,8.633609026940322,0.006058673001361629
A,2025-08-17,47,7.039908964032589,0.004940286992303571
A,2025-08-18,0,3.1310226801270855,0.0007284836389313833
A,2025-08-18,1,2.4065159344079166,0.000559915294185183
A,2025-08-18,2,1.861468566974549,0.0004331011091145996
A,2025-08-18,3,1.3290771299359245,0.00030923153325638076
A,2025-08-18,4,1.2498558069276127,0.00029079939667929564
A,2025-08-18,5,0.6182809450882921,0.0001438531747529763
A,2025-08-18,6,0.37907849318599895,8.819881181619334e-05
A,2025-08-18,7,0.5781334908830081,0.00013451221286249606
A,2025-08-18,8,0.6410105449037967,0.00014914158792549948
A,2025-08-18,9,0.6165132547233717,0.00014344189267644758
A,2025-08-18,10,0.7811523428082415,0.0001817478694295583
A,2025-08-18,11,1.1457502716778891,0.0002665775411070007
A,2025-08-18,12,1.75415729398772,0.00040813338622329453
A,2025-08-18,13,2.9902122225748884,0.0006957217828233803
A,2025-08-18,14,7.088669877226398,0.0016492949923746854
A,2025-08-18,15,14.065437460796359,0.003272554085806505
A,2025-08-18,16,37.00147047894766,0.008608997319438729
A,2025-08-18,17,68.77634740705892,0.01600194216078616
A,2025-08-18,18,108.14180178938894,0.025160959001719156
A,2025-08-18,19,142.4265794829988,0.033137873309213306
A,2025-08-18,20,169.71487023560303,0.03948694049222965
A,2025-08-18,21,192.57563780552826,0.044805871988256925
A,2025-08-18,22,201.56571993290018,0.046897561640972585
A,2025-08-18,23,208.70854293171402,0.04855945624283714
A,2025-08-18,24,211.6155529364835,0.0492358196687956
A,2025-08-18,25,213.52157694937551,0.04967928733117159
A,2025-08-18,26,211.98810229021373,0.0493224993695239
A,2025-08-18,27,212.25181104237848,0.049383855524052694
A,2025-08-18,28,215.9413428279345,0.05024228544158551
A,2025-08-18,29,218.306289782681,0.05079252903273174
A,2025-08-18,30,219.01683569029333,0.050957849160142704
A,2025-08-18,31,222.11595970057473,0.05167891105178565
A,2025-08-18,32,217.03375501533316,0.050496453004963505
A,2025-08-18,33,208.1771657115121,0.048435822641114956
A,2025-08-18,34,190.19360509712442,0.04425165311706013
A,2025-08-18,35,171.09095970468607,0.03980711021514334
A,2025-08-18,36,146.90948921911135,0.03418089558378579
A,2025-08-18,37,123.1630140655513,0.028655889731398626
A,2025-08-18,38,87.73993889367391,0.0204141318970856
A,2025-08-18,39,66.28022699942086,0.01542117892029336
A,2025-08-18,40,49.93253215904751,0.011617620325511287
A,2025-08-18,41,39.2043165597584,0.0091215254908698
A,2025-08-18,42,30.6998167988711,0.007142814518117985
A,2025-08-18,43,23.65389868121945,0.005503466421875163
A,2025-08-18,44,18.33227758250792,0.004265304230457869
A,2025-08-18,45,13.049412648296478,0.003036159294624588
A,2025-08-18,46,10.435544551715113,0.0024280001283655452
A,2025-08-18,47,7.799268711867508,0.0018146274341245946
A,2025-08-19,0,4.150698882904865,0.000987086535768101
A,2025-08-19,1,3.583499959603472,0.0008521997525810873
A,2025-08-19,2,2.8081045870336516,0.0006678013286643643
A,2025-08-19,3,2.0248821999707345,0.00048154154577187506
A,2025-08-19,4,1.556634313686447,0.0003701865193071217
A,2025-08-19,5,1.0451219465523853,0.00024854267456656014
A,2025-08-19,6,0.9136914276708747,0.00021728690313219375
A,2025-08-19,7,0.9445112905397357,0.0002246162403186054
A,2025-08-19,8,0.944767704879174,0.00022467721875842428
A,2025-08-19,9,1.010905630470302,0.000240405619612438
A,2025-08-19,10,1.3679082754637208,0.00032530517846937477
A,2025-08-19,11,1.8913824284875265,0.0004497936809720634
A,2025-08-19,12,2.4098270659416894,0.000573086103672221
A,2025-08-19,13,3.856504580334734,0.0009171235625052875
A,2025-08-19,14,8.17289533165537,0.0019436136341629896
A,2025-08-19,15,16.472344086864496,0.003917323207339951
A,2025-08-19,16,40.74334916592919,0.009689262584049748
A,2025-08-19,17,70.69765164330123,0.016812759011486617
A,2025-08-19,18,106.35767289170721,0.02529314456402074
A,2025-08-19,19,138.1131818352771,0.03284498973490537
A,2025-08-19,20,162.02152240960382,0.038530683093841576
A,2025-08-19,21,182.11186499633055,0.04330841022504888
A,2025-08-19,22,193.94812658044685,0.04612321678488629
A,2025-08-19,23,203.42585830207838,0.048377136338187486
A,2025-08-19,24,206.9215108194468,0.049208444903554534
A,2025-08-19,25,208.34174459251088,0.04954619371997881
A,2025-08-19,26,208.66401077162618,0.04962283252595153
A,2025-08-19,27,209.2284446407519,0.04975706174571983
A,2025-08-19,28,214.6074261034976,0.05103624877609931
A,2025-08-19,29,216.54478120747012,0.05149697531687756
A,2025-08-19,30,214.513650570826,0.051013947817081094
A,2025-08-19,31,213.6960314936681,0.05081950808410656
A,2025-08-19,32,215.9739033659839,0.05136121364232673
A,2025-08-19,33,205.67335668035795,0.04891161871114339
A,2025-08-19,34,182.87081585419264,0.04348889794392215
A,2025-08-19,35,159.51753021467093,0.03793520338042115
A,2025-08-19,36,142.88730389649703,0.033980333863614036
A,2025-08-19,37,119.73502655055131,0.028474441510238122
A,2025-08-19,38,84.48884982384251,0.020092473204243167
A,2025-08-19,39,62.166330914644576,0.01478390747078349
A,2025-08-19,40,47.919747610173154,0.01139589717245497
A,2025-08-19,41,41.05571895437575,0.009763547908293877
A,2025-08-19,42,30.55515936278529,0.007266387482231936
A,2025-08-19,43,22.66187237403794,0.005389268103219487
A,2025-08-19,44,17.693931180801915,0.0042078314341978396
A,2025-08-19,45,12.088747266897947,0.002874850717454922
A,2025-08-19,46,9.3915985349535,0.002233436036849822
A,2025-08-19,47,7.229599678703062,0.0017192864872064358
A,2025-08-20,0,3.983771641691459,0.0009351576623688871
A,2025-08-20,1,2.746012459278935,0.0006446038636805011
A,2025-08-20,2,2.2601834400789884,0.0005305594929762884
A,2025-08-20,3,1.864589419068551,0.0004376970467297068
A,2025-08-20,4,1.514952617836534,0.00035562268024331783
A,2025-08-20,5,1.5291465988113488,0.00035895460065994104
A,2025-08-20,6,1.4773605963454568,0.0003467982620529241
A,2025-08-20,7,1.1860763664003795,0.0002784216822536102
A,2025-08-20,8,1.0774467171801771,0.0002529217645962857
A,2025-08-20,9,1.0775081040582197,0.00025293617466155393
A,2025-08-20,10,1.236287722633632,0.0002902083855947493
A,2025-08-20,11,1.755561513561355,0.0004121036416810692
A,2025-08-20,12,2.422506486447704,0.0005686634944712921
A,2025-08-20,13,3.8604159590318052,0.000906200929350189
A,2025-08-20,14,8.462184425382993,0.0019864282688692473
A,2025-08-20,15,18.703809951170143,0.0043905657162371225
A,2025-08-20,16,45.74844862139083,0.010739072446335875
A,2025-08-20,17,79.13433247965612,0.018576134384895804
A,2025-08-20,18,116.76804435778105,0.027410339051122314
A,2025-08-20,19,144.3636124497227,0.03388817193655462
A,2025-08-20,20,168.69085410799835,0.03959879204413107
A,2025-08-20,21,189.6591326702886,0.04452092316203958
A,2025-08-20,22,202.31899295936785,0.047492721351964286
A,2025-08-20,23,209.3794164945772,0.049150097768680096
A,2025-08-20,24,210.11674803844846,0.0493231802907156
A,2025-08-20,25,211.2184361985499,0.04958179253487087
A,2025-08-20,26,213.31225751743253,0.050073299886721254
A,2025-08-20,27,211.69984673297557,0.049694799702576425
A,2025-08-20,28,212.62215473371725,0.04991130392810264
A,2025-08-20,29,213.7888425414926,0.050185174305514696
A,2025-08-20,30,213.34714465036734,0.05008148935454632
A,2025-08-20,31,212.87475542037575,0.04997059986393797
A,2025-08-20,32,209.5774478029214,0.0491965839912961
A,2025-08-20,33,198.17299587300016,0.046519482599295815
A,2025-08-20,34,179.29002202790073,0.04208685963096261
A,2025-08-20,35,160.8644776130296,0.03776161446315249
A,2025-08-20,36,143.5563977028933,0.03369868490678246
A,2025-08-20,37,119.1155324834501,0.02796139260174885
A,2025-08-20,38,82.1902619120966,0.019293488711759767
A,2025-08-20,39,61.27665307084073,0.014384190861699703
A,2025-08-20,40,48.21510792138718,0.011318100451029855
A,2025-08-20,41,40.47925433088764,0.009502172378142638
A,2025-08-20,42,31.867088195581662,0.007480537135113066
A,2025-08-20,43,24.346865485040578,0.005715226639680887
A,2025-08-20,44,18.03557989718865,0.004233704201217993
A,2025-08-20,45,13.07158440790997,0.0030684470441103215
A,2025-08-20,46,10.882634060800804,0.0025546089344602825
A,2025-08-20,47,8.857263221951046,0.0020791697704110436
A,2025-08-21,0,4.31561482991786,0.0011244436763725534
A,2025-08-21,1,2.64269020755242,0.0006885591994664982
A,2025-08-21,2,2.081664640575872,0.0005423826577842292
A,2025-08-21,3,1.4961617610864,0.00038982849429035956
A,2025-08-21,4,0.9451312526007767,0.0002462561887964504
A,2025-08-21,5,0.7086264211885458,0.00018463429421275294
A,2025-08-21,6,0.876337817039254,0.00022833189604983168
A,2025-08-21,7,0.9732750390446263,0.00025358911908406105
A,2025-08-21,8,0.8544528540544802,0.00022262971705432
A,2025-08-21,9,0.6631768427610839,0.0001727922987913194
A,2025-08-21,10,1.0097826385534845,0.0002631012606965827
A,2025-08-21,11,1.7303170066652331,0.0004508381987142348
A,2025-08-21,12,2.7071774861248517,0.0007053615127995966
A,2025-08-21,13,4.303387097563884,0.0011212577117154466
A,2025-08-21,14,8.320396875836376,0.0021678991338812863
A,2025-08-21,15,16.504634183219373,0.004300321569364089
A,2025-08-21,16,40.430031590740356,0.010534140591646783
A,2025-08-21,17,69.71396080521377,0.01816413778145226
A,2025-08-21,18,98.93541685250473,0.025777857439422805
A,2025-08-21,19,121.04942929923324,0.03153971581532914
A,2025-08-21,20,145.06800996150008,0.03779781395557584
A,2025-08-21,21,168.97985262892556,0.044028101258188006
A,2025-08-21,22,181.46872284709468,0.047282106004975163
A,2025-08-21,23,187.30187573518327,0.04880194782052717
A,2025-08-21,24,191.87166729192296,0.049992617845732924
A,2025-08-21,25,193.27331606126492,0.050357820755931454
A,2025-08-21,26,190.41016100587535,0.04961181891763297
A,2025-08-21,27,191.28886001486495,0.049840766027843916
A,2025-08-21,28,194.78317967782593,0.050751219301153186
A,2025-08-21,29,195.0884417324664,0.05083075605327421
A,2025-08-21,30,195.52346785608668,0.05094410314124197
A,2025-08-21,31,193.46955981411915,0.05040895253103678
A,2025-08-21,32,192.0515222254095,0.05003947947509367
A,2025-08-21,33,185.4018972818133,0.04830690392960221
A,2025-08-21,34,165.28838523720916,0.043066280676709
A,2025-08-21,35,144.1518834391011,0.037559115018004456
A,2025-08-21,36,126.68657669712579,0.03300848793567634
A,2025-08-21,37,106.41443333022059,0.027726532915638508
A,2025-08-21,38,75.7010514602184,0.01972408844716477
A,2025-08-21,39,56.30202266073285,0.014669625497845975
A,2025-08-21,40,44.54694337647563,0.011606811718727366
A,2025-08-21,41,36.91180062001212,0.009617457170404409
A,2025-08-21,42,28.064670052733696,0.007312316324318316
A,2025-08-21,43,20.95572764410335,0.005460064524258299
A,2025-08-21,44,16.523337055727104,0.004305194647140986
A,2025-08-21,45,12.293283501567254,0.0032030441640352406
A,2025-08-21,46,9.921144384764677,0.0025849776927474406
A,2025-08-21,47,7.99654090417826,0.0020835176925946483
A,2025-08-22,0,4.417014196999735,0.0011813357039314617
A,2025-08-22,1,3.247249924792798,0.000868480857125648
A,2025-08-22,2,2.2990712172057854,0.0006148893332992204
A,2025-08-22,3,1.8952986487716585,0.000506899879318443
A,2025-08-22,4,1.3444093099129266,0.0003595638699954337
A,2025-08-22,5,0.9051023934257117,0.0002420707123363765
A,2025-08-22,6,0.5850899239071731,0.00015648299649830786
A,2025-08-22,7,0.7747665632698604,0.00020721223944098968
A,2025-08-22,8,0.8825997662897332,0.00023605235792718192
A,2025-08-22,9,0.8737224712589868,0.00023367811480582692
A,2025-08-22,10,1.0001471359387115,0.0002674905418397196
A,2025-08-22,11,1.444931077550488,0.00038644853638686495
A,2025-08-22,12,1.9884731512920228,0.0005318195109098751
A,2025-08-22,13,3.2957147810487313,0.0008814428406121239
A,2025-08-22,14,7.847020133247005,0.0020986948738291
A,2025-08-22,15,15.862761902787334,0.00424251455009022
A,2025-08-22,16,37.88506773842041,0.010132406455849268
A,2025-08-22,17,66.06037787128463,0.017667926683948818
A,2025-08-22,18,96.17875953491948,0.025723123705514703
A,2025-08-22,19,118.7374316490853,0.03175646741082784
A,2025-08-22,20,137.41493534821947,0.03675178800433792
A,2025-08-22,21,162.76134803439004,0.043530716243484896
A,2025-08-22,22,174.1500662682794,0.046576642489510406
A,2025-08-22,23,181.50323646768663,0.04854325661077471
A,2025-08-22,24,188.47440121075954,0.050407702918095626
A,2025-08-22,25,189.488276419287,0.05067886504928777
A,2025-08-22,26,189.93461894067093,0.05079823988784994
A,2025-08-22,27,191.57325130194496,0.05123649406310376
A,2025-08-22,28,192.60320576043057,0.051511956608834064
A,2025-08-22,29,197.0224958990282,0.05269390101605462
A,2025-08-22,30,195.05536184670942,0.05216778867256203
A,2025-08-22,31,195.28232113558275,0.05222848920448857
A,2025-08-22,32,190.4255011557481,0.050929526920499624
A,2025-08-22,33,178.53298365418536,0.04774885896073425
A,2025-08-22,34,157.34400844251002,0.042081842322147636
A,2025-08-22,35,139.1426863753991,0.037213877072853466
A,2025-08-22,36,123.64678839708934,0.03306948071599073
A,2025-08-22,37,102.49296074208404,0.02741186433326666
A,2025-08-22,38,72.34922302622314,0.019349885805355214
A,2025-08-22,39,52.932822786946076,0.014156946452780443
A,2025-08-22,40,40.963373075004434,0.01095570288178776
A,2025-08-22,41,33.10613680988607,0.008854275691330855
A,2025-08-22,42,24.43305888119735,0.006534650676971744
A,2025-08-22,43,18.366934406756457,0.004912258466637191
A,2025-08-22,44,15.317280375762973,0.004096624866478463
A,2025-08-22,45,11.322376766028066,0.003028183141489186
A,2025-08-22,46,8.863960463293543,0.0023706767754195085
A,2025-08-22,47,6.97137661748841,0.0018645029733855068
A,2025-08-23,0,5.066331937016712,0.0018094042632202543
A,2025-08-23,1,3.842217836347962,0.0013722206558385579
A,2025-08-23,2,2.6187689789323185,0.0009352746353329708
A,2025-08-23,3,1.3941217212094703,0.000497900614717668
A,2025-08-23,4,0.9300163835153373,0.0003321487083983348
A,2025-08-23,5,1.0280816265679589,0.0003671720094885568
A,2025-08-23,6,0.9738645983561294,0.0003478087851271891
A,2025-08-23,7,0.9287905178227027,0.00033171089922239385
A,2025-08-23,8,0.9382931303872564,0.0003351046894240201
A,2025-08-23,9,0.9478592014503229,0.0003385211433751153
A,2025-08-23,10,0.9129755445778333,0.0003260626944920833
A,2025-08-23,11,0.94849354177127,0.0003387476934897393
A,2025-08-23,12,1.266290310064299,0.00045224653930867823
A,2025-08-23,13,2.3468773777628282,0.000838170492058153
A,2025-08-23,14,6.003508472622187,0.002144110168793638
A,2025-08-23,15,12.35229470909495,0.004411533824676768
A,2025-08-23,16,27.622275015481815,0.009865098219814935
A,2025-08-23,17,44.47745579390571,0.01588480564068061
A,2025-08-23,18,62.49928025736477,0.022321171520487418
A,2025-08-23,19,75.66302339274795,0.02702250835455284
A,2025-08-23,20,94.65800046861344,0.033806428738790514
A,2025-08-23,21,116.85097669518433,0.041732491676851544
A,2025-08-23,22,130.4861504674571,0.046602196595520395
A,2025-08-23,23,136.41670536603877,0.048720251916442414
A,2025-08-23,24,146.37032987939492,0.05227511781406961
A,2025-08-23,25,153.170674152667,0.054703812197381074
A,2025-08-23,26,152.6274791726777,0.05450981399024204
A,2025-08-23,27,149.26667612542926,0.053309527187653305
A,2025-08-23,28,145.1830849953407,0.05185110178405025
A,2025-08-23,29,144.6390927377952,0.05165681883492686
A,2025-08-23,30,141.41700612703156,0.05050607361679699
A,2025-08-23,31,139.60821243664466,0.04986007587023024
A,2025-08-23,32,138.1913655351205,0.04935405911968589
A,2025-08-23,33,128.2443043071477,0.04580153725255275
A,2025-08-23,34,115.41592882433302,0.04121997458011894
A,2025-08-23,35,101.0757412215672,0.03609847900770257
A,2025-08-23,36,91.0523314077448,0.032518689788480284
A,2025-08-23,37,76.7176006074362,0.027399143074084358
A,2025-08-23,38,60.17394506837343,0.021490694667276225
A,2025-08-23,39,46.99487196108802,0.016783882843245723
A,2025-08-23,40,36.52369051086394,0.013044175182451408
A,2025-08-23,41,29.72159060480604,0.010614853787430729
A,2025-08-23,42,22.319659787645374,0.007971307067016205
A,2025-08-23,43,16.63543674231355,0.005941227407969126
A,2025-08-23,44,12.13412170454022,0.00433361489447865
A,2025-08-23,45,8.576368066003226,0.003062988595001152
A,2025-08-23,46,7.228233690317393,0.002581512032256212
A,2025-08-23,47,5.539600989425046,0.001978428924794659
A,2025-08-24,0,2.246329639558345,0.0019516330491384406
A,2025-08-24,1,2.201911933970755,0.001913042514309952
A,2025-08-24,2,2.0110437801540217,0.00174721440499915
A,2025-08-24,3,1.6747296655898558,0.0014550214297044794
A,2025-08-24,4,0.948963443976579,0.0008244686741760025
A,2025-08-24,5,0.6451739748497665,0.0005605334273238631
A,2025-08-24,6,0.881256965481606,0.0007656446268302398
A,2025-08-24,7,0.8495168472157985,0.0007380685032283219
A,2025-08-24,8,0.5930366311313426,0.0005152359957700631
A,2025-08-24,9,0.6454043558703927,0.0005607335845963446
A,2025-08-24,10,0.5727654707076947,0.0004976242143420457
A,2025-08-24,11,0.9341133804635743,0.0008115667944948516
A,2025-08-24,12,1.4251872471977192,0.0012382165483907203
A,2025-08-24,13,1.5667880754947852,0.0013612407258859992
A,2025-08-24,14,3.7770557931810136,0.0032815428263953204
A,2025-08-24,15,5.857264664612935,0.005088848535719318
A,2025-08-24,16,9.584359032373523,0.008326984389551281
A,2025-08-24,17,12.40930441384562,0.01078132442558264
A,2025-08-24,18,15.106955703357261,0.013125070115862086
A,2025-08-24,19,18.046122991746383,0.015678647256078527
A,2025-08-24,20,21.043192067605936,0.018282530032672405
A,2025-08-24,21,27.585535312755237,0.02396658150543461
A,2025-08-24,22,27.897228200984895,0.024237383319708858
A,2025-08-24,23,30.807785261009062,0.026766103615125162
A,2025-08-24,24,41.34230197801367,0.035918594246753845
A,2025-08-24,25,49.95006397235446,0.043397101626719774
A,2025-08-24,26,61.20612611906001,0.053176477948792364
A,2025-08-24,27,64.64083455370324,0.05616058605882124
A,2025-08-24,28,66.98100948498637,0.05819375281058764
A,2025-08-24,29,67.97422256344571,0.05905666599778081
A,2025-08-24,30,67.5718619175465,0.05870709115338532
A,2025-08-24,31,68.70169799848705,0.059688703734567375
A,2025-08-24,32,67.52789264652336,0.05866889022286999
A,2025-08-24,33,64.56583419442414,0.05609542501687588
A,2025-08-24,34,57.63594098075418,0.05007466636034247
A,2025-08-24,35,50.94594886217473,0.04426233610962183
A,2025-08-24,36,40.629441289077825,0.03529925394359498
A,2025-08-24,37,33.257483845609954,0.028894425582632454
A,2025-08-24,38,26.904979749334803,0.023375308209674026
A,2025-08-24,39,24.09202051554342,0.020931381855380904
A,2025-08-24,40,23.41230768289535,0.020340840732315683
A,2025-08-24,41,19.781089708080856,0.01718600322161673
A,2025-08-24,42,16.152097565548484,0.014033099535663321
A,2025-08-24,43,13.162739506836681,0.011435916165800766
A,2025-08-24,44,11.606761825011777,0.01008406761512752
A,2025-08-24,45,10.531276956089005,0.00914967589582016
A,2025-08-24,46,7.136361737928106,0.006200140519485757
A,2025-08-24,47,5.978679493436206,0.005194334920448485
A,2025-08-25,0,3.1206292005867815,0.0006984398389854032
A,2025-08-25,1,2.5001056697149466,0.000559558117662253
A,2025-08-25,2,1.9601825639861998,0.00043871588271848696
A,2025-08-25,3,1.386681035442077,0.00031035833380529926
A,2025-08-25,4,1.2862278696433727,0.0002878755303588569
A,2025-08-25,5,0.6403144242027067,0.0001433111961062459
A,2025-08-25,6,0.3948088654483661,8.836366728924935e-05
A,2025-08-25,7,0.6046710782850876,0.00013533372387759346
A,2025-08-25,8,0.6707716417291849,0.00015012794130017567
A,2025-08-25,9,0.6413616293977429,0.00014354557506663897
A,2025-08-25,10,0.8117008047124478,0.00018166983095623272
A,2025-08-25,11,1.1944260829679478,0.00026732902483615664
A,2025-08-25,12,1.8202428530472576,0.00040739544607145425
A,2025-08-25,13,3.103354829151606,0.0006945735964976737
A,2025-08-25,14,7.328744269154291,0.0016402740083156426
A,2025-08-25,15,14.788225403617245,0.0033098087295472794
A,2025-08-25,16,38.30854768253557,0.008573981128588981
A,2025-08-25,17,71.34523137352735,0.015968046413054465
A,2025-08-25,18,111.51242270855376,0.02495801761605948
A,2025-08-25,19,147.9048404823553,0.03310314245352625
A,2025-08-25,20,176.12427857932713,0.03941904175902577
A,2025-08-25,21,199.8424826242665,0.04472750282548489
A,2025-08-25,22,209.41453249611925,0.04686985955598014
A,2025-08-25,23,217.3660983981414,0.04864952963252941
A,2025-08-25,24,220.2450767289834,0.04929388467524248
A,2025-08-25,25,222.38426762641248,0.04977266509096072
A,2025-08-25,26,220.5108820081226,0.049353375561352414
A,2025-08-25,27,220.70442600729376,0.04939669337674435
A,2025-08-25,28,224.2082292255127,0.05018089284366891
A,2025-08-25,29,226.69384901870464,0.05073720882244956
A,2025-08-25,30,227.926611081342,0.051013117968071175
A,2025-08-25,31,231.02988161288272,0.05170767269760133
A,2025-08-25,32,225.6364238774431,0.05050054249718959
A,2025-08-25,33,216.61953290960105,0.04848243798334849
A,2025-08-25,34,195.70774227295794,0.043802090929489244
A,2025-08-25,35,177.70156720916907,0.03977206070035118
A,2025-08-25,36,152.51185737785462,0.034134256351355106
A,2025-08-25,37,127.80610708030004,0.028604768818330358
A,2025-08-25,38,91.17127608498033,0.02040538855975388
A,2025-08-25,39,69.07575775792995,0.015460106928811536
A,2025-08-25,40,52.30309080804795,0.011706152821854957
A,2025-08-25,41,41.145964594886486,0.009209034152839411
A,2025-08-25,42,32.346899078733564,0.00723968197823043
A,2025-08-25,43,24.94195423576296,0.005582353230922776
A,2025-08-25,44,19.460087267282674,0.004355435825264699
A,2025-08-25,45,13.899071976590186,0.003110803933883211
A,2025-08-25,46,11.297922690436588,0.002528630861780794
A,2025-08-25,47,8.600638902855676,0.0019249415628593725
A,2025-08-26,0,3.7419070251770004,0.0009599556247247307
A,2025-08-26,1,3.3336326859284124,0.0008552161841786589
A,2025-08-26,2,2.637168366811254,0.0006765439627530155
A,2025-08-26,3,1.8841144517924417,0.0004833541436101698
A,2025-08-26,4,1.434757083872932,0.0003680751882690949
A,2025-08-26,5,0.9675330109380912,0.0002482126759718038
A,2025-08-26,6,0.8549340376657873,0.00021932633085320352
A,2025-08-26,7,0.8828518537756409,0.0002264884181056031
A,2025-08-26,8,0.8879958739160144,0.00022780807437558091
A,2025-08-26,9,0.9453959019773247,0.00024253358183102224
A,2025-08-26,10,1.2730445991928818,0.0003265891737282919
A,2025-08-26,11,1.7583133548955507,0.00045108090171768877
A,2025-08-26,12,2.2456290628125752,0.0005760977585460685
A,2025-08-26,13,3.5851543240017256,0.0009197420020527772
A,2025-08-26,14,7.59008003172199,0.001947172917322214
A,2025-08-26,15,15.292602572231393,0.003923192040079885
A,2025-08-26,16,37.59388306458053,0.00964440304376104
A,2025-08-26,17,65.32208542721743,0.01675784644105116
A,2025-08-26,18,98.27677367827967,0.025212102021108174
A,2025-08-26,19,127.35918108820839,0.03267295564089492
A,2025-08-26,20,149.4263719066626,0.03833411285445423
A,2025-08-26,21,168.5194772621147,0.043232292781455794
A,2025-08-26,22,179.79176651986018,0.04612410634167783
A,2025-08-26,23,188.84113385509025,0.04844564747436897
A,2025-08-26,24,192.21534448969012,0.04931127359920219
A,2025-08-26,25,193.6937688132786,0.049690551260461416
A,2025-08-26,26,193.73806477662148,0.04970191502735287
A,2025-08-26,27,194.11458681828827,0.0497985086758051
A,2025-08-26,28,199.00262954305896,0.05105249603464827
A,2025-08-26,29,200.78333310393114,0.0515093209604749
A,2025-08-26,30,199.2999310224134,0.05112876629615531
A,2025-08-26,31,198.49331729049302,0.050921836144302984
A,2025-08-26,32,200.45663862867895,0.05142551016641327
A,2025-08-26,33,191.19467326646293,0.04904942874973395
A,2025-08-26,34,168.29577130089697,0.043174902847844275
A,2025-08-26,35,146.48790258292522,0.03758027259695362
A,2025-08-26,36,131.35259505829,0.03369743331408158
A,2025-08-26,37,110.92679988759602,0.02845736272129195
A,2025-08-26,38,78.16025626228837,0.020051374105256124
A,2025-08-26,39,57.38437714613158,0.01472149234123437
A,2025-08-26,40,44.93726847116593,0.011528288473875303
A,2025-08-26,41,38.452326107034935,0.009864629581076177
A,2025-08-26,42,28.69495971206167,0.007361457083648453
A,2025-08-26,43,21.33392649340799,0.005473044251772188
A,2025-08-26,44,16.83903068701547,0.004319915517448812
A,2025-08-26,45,11.568036468243688,0.00296768508677365
A,2025-08-26,46,9.024964050691453,0.002315280669751527
A,2025-08-26,47,7.103710980609195,0.0018223989175498191
A,2025-08-27,0,3.6402562673537657,0.000932203909693666
A,2025-08-27,1,2.536866618905404,0.000649645741076928
A,2025-08-27,2,2.0926548861610637,0.0005358911360207589
A,2025-08-27,3,1.7139665495932683,0.00043891588978060646
A,2025-08-27,4,1.3847964625472453,0.0003546213732515353
A,2025-08-27,5,1.4016160196950056,0.00035892855818053923
A,2025-08-27,6,1.3533531936939396,0.0003465693197679743
A,2025-08-27,7,1.0840727346957442,0.00027761145574794983
A,2025-08-27,8,0.9865183748408797,0.0002526295454137976
A,2025-08-27,9,0.9835281175364743,0.00025186379450357855
A,2025-08-27,10,1.1274092800696716,0.0002887091626298775
A,2025-08-27,11,1.5999155986230658,0.00040970950028759685
A,2025-08-27,12,2.221317307994061,0.0005688392594094907
A,2025-08-27,13,3.5374496432071614,0.0009058769892976086
A,2025-08-27,14,7.729191539430662,0.0019793064121461364
A,2025-08-27,15,16.630088353391404,0.0042586653913934455
A,2025-08-27,16,40.86603968517375,0.01046505497699712
A,2025-08-27,17,71.8356451480074,0.01839581181767155
A,2025-08-27,18,106.20026444956414,0.027195970409619498
A,2025-08-27,19,131.65244669213297,0.03371381477391369
A,2025-08-27,20,154.3118560893232,0.03951648043260517
A,2025-08-27,21,173.4336778011176,0.04441323375188671
A,2025-08-27,22,185.97351455315598,0.04762445955266478
A,2025-08-27,23,192.37683393938886,0.04926423404337743
A,2025-08-27,24,193.1118450810872,0.049452457127038975
A,2025-08-27,25,194.16792989400582,0.049722901381307506
A,2025-08-27,26,195.9913550347869,0.05018984764015029
A,2025-08-27,27,194.49059164192707,0.049805529229686826
A,2025-08-27,28,195.44849497471944,0.050050830979441595
A,2025-08-27,29,196.66734752534026,0.05036295711276319
A,2025-08-27,30,196.09048167198102,0.05021523218232549
A,2025-08-27,31,195.62706345272395,0.05009655914282303
A,2025-08-27,32,192.49285025907378,0.04929394372831595
A,2025-08-27,33,182.21807238576739,0.046662758613512774
A,2025-08-27,34,164.18792839544452,0.04204556424979373
A,2025-08-27,35,146.98619995413807,0.03764051215214803
A,2025-08-27,36,129.7704255496725,0.033231863136919976
A,2025-08-27,37,109.53813981812053,0.028050740030248534
A,2025-08-27,38,75.41758289229892,0.019313081406478597
A,2025-08-27,39,56.250304971199405,0.014404687572650296
A,2025-08-27,40,44.449278441684875,0.011382657731545422
A,2025-08-27,41,37.20439300037693,0.00952737336757412
A,2025-08-27,42,29.31538735594995,0.007507141448386672
A,2025-08-27,43,22.318863093635002,0.00571545789849808
A,2025-08-27,44,16.612845168567038,0.004254249723064542
A,2025-08-27,45,11.999850828767132,0.003072945154613862
A,2025-08-27,46,9.998508796933715,0.002560437592044485
A,2025-08-27,47,7.970980506195889,0.002041224201330573
A,2025-08-28,0,4.324686705942951,0.0011043633059098445
A,2025-08-28,1,2.7772822985195207,0.0007092140701020226
A,2025-08-28,2,2.2610338054781502,0.0005773835049739913
A,2025-08-28,3,1.6904623387904107,0.00043168088324576373
A,2025-08-28,4,1.1219448986819869,0.00028650278311593126
A,2025-08-28,5,0.697059747674414,0.0001780029999168575
A,2025-08-28,6,0.8710432410641487,0.00022243187974058955
A,2025-08-28,7,0.9693890797127891,0.0002475457302637357
A,2025-08-28,8,0.8496883817069074,0.0002169786470140213
A,2025-08-28,9,0.6550669887099215,0.00016727961918026597
A,2025-08-28,10,1.0075473327978566,0.00025728992155205733
A,2025-08-28,11,1.7459024443653826,0.0004458382135764511
A,2025-08-28,12,2.744667164267462,0.0007008853841336726
A,2025-08-28,13,4.362754983505729,0.0011140845208135162
A,2025-08-28,14,8.438327040981765,0.0021548332586776723
A,2025-08-28,15,16.34044920073274,0.00417273983675504
A,2025-08-28,16,40.2907149979815,0.010288742338606103
A,2025-08-28,17,70.8415503211744,0.018090283534518487
A,2025-08-28,18,101.7565257612766,0.025984812502879623
A,2025-08-28,19,126.75891098614505,0.032369486972968604
A,2025-08-28,20,150.35140010558604,0.03839412668681973
A,2025-08-28,21,172.8279193271289,0.04413378940937919
A,2025-08-28,22,185.5711150736866,0.04738792519757063
A,2025-08-28,23,191.90824830757822,0.04900619211123039
A,2025-08-28,24,195.47906195976688,0.04991804442282096
A,2025-08-28,25,196.48427645215827,0.05017473862414665
A,2025-08-28,26,193.5583426472092,0.04942756451665199
A,2025-08-28,27,194.6489543264324,0.04970606596691328
A,2025-08-28,28,198.56220202251754,0.05070536313138854
A,2025-08-28,29,198.88910208358672,0.05078884118579845
A,2025-08-28,30,199.31824413568881,0.050898428022392445
A,2025-08-28,31,197.22917788185686,0.05036495860108704
A,2025-08-28,32,195.7531201887794,0.04998802864882007
A,2025-08-28,33,188.92421296801567,0.048244181043926374
A,2025-08-28,34,168.50124772760475,0.04302891923585413
A,2025-08-28,35,146.88342504618655,0.03750853550719779
A,2025-08-28,36,127.87830089924574,0.03265533730828543
A,2025-08-28,37,109.33049492609413,0.027918921074079197
A,2025-08-28,38,76.88602840563411,0.019633817263951508
A,2025-08-28,39,57.30595383110154,0.014633798220403867
A,2025-08-28,40,45.30008543807945,0.011567948273258286
A,2025-08-28,41,37.433139324864634,0.0095590243424067
A,2025-08-28,42,28.48768397770181,0.007274689473366141
A,2025-08-28,43,21.204734084085633,0.005414896344250672
A,2025-08-28,44,16.766723011081456,0.004281594231634693
A,2025-08-28,45,12.364627111314784,0.0031574635115717018
A,2025-08-28,46,9.831624700628518,0.002510629392397477
A,2025-08-28,47,7.815546316875808,0.0019957983444524536
A,2025-08-29,0,4.694842802738725,0.0012131376751262856
A,2025-08-29,1,3.4255212887787625,0.0008851476198394736
A,2025-08-29,2,2.443037045217159,0.0006312757222783356
A,2025-08-29,3,2.032057887222519,0.0005250795574218395
A,2025-08-29,4,1.4566559254205322,0.0003763968799536259
A,2025-08-29,5,1.0293176782603781,0.0002659735602739995
A,2025-08-29,6,0.7037624008643638,0.000181850749577355
A,2025-08-29,7,0.900334225853331,0.0002326445028044783
A,2025-08-29,8,1.0118281092525447,0.0002614542917965232
A,2025-08-29,9,1.0049262143742448,0.0002596708564274534
A,2025-08-29,10,1.131374073327443,0.00029234472179003696
A,2025-08-29,11,1.60153508778623,0.0004138333560171137
A,2025-08-29,12,2.1630363627459053,0.000558924124740544
A,2025-08-29,13,3.5303520722271693,0.00091223567757808
A,2025-08-29,14,8.192743609302498,0.0021169880127396637
A,2025-08-29,15,15.558789713318713,0.004020359099048763
A,2025-08-29,16,37.98112769235424,0.009814244881745282
A,2025-08-29,17,67.89333330546931,0.017543496978157446
A,2025-08-29,18,99.17690950933347,0.025627108400344566
A,2025-08-29,19,123.15829810664827,0.031823849639960794
A,2025-08-29,20,142.362565447224,0.03678619262202171
A,2025-08-29,21,168.39131558352344,0.04351196785103965
A,2025-08-29,22,180.8187658218567,0.046723195302805345
A,2025-08-29,23,188.2726812650095,0.0486492716447053
A,2025-08-29,24,195.04816695184533,0.050400043140011716
A,2025-08-29,25,196.2241215142245,0.050703907368016665
A,2025-08-29,26,196.5630849146616,0.05079149480999008
A,2025-08-29,27,198.295260225389,0.05123908532955788
A,2025-08-29,28,199.57506118901674,0.0515697832529759
A,2025-08-29,29,204.32621644918837,0.05279747195069467
A,2025-08-29,30,202.28719038090622,0.05227059182969153
A,2025-08-29,31,202.5596628195163,0.05234099814457785
A,2025-08-29,32,197.55569212642067,0.05104798246160741
A,2025-08-29,33,184.87933395025732,0.047772437713244784
A,2025-08-29,34,163.11695810932068,0.0421490847827702
A,2025-08-29,35,144.16639064063446,0.03725229732316136
A,2025-08-29,36,125.73089141190535,0.032488602432016886
A,2025-08-29,37,106.61018076409114,0.027547850326638538
A,2025-08-29,38,74.3745071921138,0.019218218912690904
A,2025-08-29,39,54.41665834935833,0.014061152028257966
A,2025-08-29,40,42.50965605797554,0.010984407250122879
A,2025-08-29,41,34.303297148266836,0.008863901071903576
A,2025-08-29,42,25.398436371956315,0.006562903455285869
A,2025-08-29,43,19.08634852418603,0.0049318730036656405
A,2025-08-29,44,16.001784498904172,0.004134828035892551
A,2025-08-29,45,11.794771194960328,0.00304774449482179
A,2025-08-29,46,9.138946055572676,0.0023614847688818285
A,2025-08-29,47,7.102271931218968,0.0018352123853278986
A,2025-08-30,0,5.009914358358104,0.0018217870394029471
A,2025-08-30,1,3.925750534478464,0.0014275456489012597
A,2025-08-30,2,2.7183537363258057,0.0009884922677548384
A,2025-08-30,3,1.5129157924811047,0.0005501511972658562
A,2025-08-30,4,1.0506268533434875,0.0003820461284885409
A,2025-08-30,5,1.137081535609178,0.0004134841947669738
A,2025-08-30,6,1.0743959109234966,0.00039068942215399877
A,2025-08-30,7,1.0342734486142604,0.0003760994358597311
A,2025-08-30,8,1.0370953943766814,0.00037712559795515687
A,2025-08-30,9,1.0465909781848728,0.00038057853752177195
A,2025-08-30,10,1.0086681671764304,0.0003667884244277928
A,2025-08-30,11,1.0565159300094598,0.0003841876109125308
A,2025-08-30,12,1.3738936369625858,0.000499597686168213
A,2025-08-30,13,2.365459076670258,0.0008601669369710029
A,2025-08-30,14,5.336342011919391,0.001940488004334324
A,2025-08-30,15,10.597937348371651,0.0038537953994078732
A,2025-08-30,16,25.488821279672333,0.009268662283517212
A,2025-08-30,17,42.69989150755068,0.015527233275472976
A,2025-08-30,18,60.71064825513791,0.022076599365504695
A,2025-08-30,19,74.2040991886125,0.02698330879585909
A,2025-08-30,20,92.71343311452692,0.03371397567800979
A,2025-08-30,21,114.46881719135938,0.041625024433221594
A,2025-08-30,22,128.60834720395977,0.046766671710530824
A,2025-08-30,23,134.40393958606953,0.04887415984947983
A,2025-08-30,24,143.5609923997277,0.052203997236264614
A,2025-08-30,25,150.70766147972645,0.054802785992627806
A,2025-08-30,26,149.99542173210847,0.05454378972076672
A,2025-08-30,27,146.42673150062703,0.05324608418204619
A,2025-08-30,28,142.75389836469972,0.05191050849625445
A,2025-08-30,29,142.2984199111158,0.05174487996767847
A,2025-08-30,30,139.07999858390784,0.050574544939602846
A,2025-08-30,31,137.32999632477717,0.04993818048173715
A,2025-08-30,32,136.08689708188817,0.04948614439341388
A,2025-08-30,33,126.64860266872046,0.046054037334080165
A,2025-08-30,34,113.87185244951641,0.041407946345278696
A,2025-08-30,35,99.92622768606847,0.03633681006766126
A,2025-08-30,36,87.86399355795591,0.03195054311198397
A,2025-08-30,37,76.25933195557582,0.027730666165663935
A,2025-08-30,38,58.98031411803176,0.02144738695201155
A,2025-08-30,39,46.26021174587222,0.01682189518031717
A,2025-08-30,40,36.3038725145438,0.013201408187106837
A,2025-08-30,41,29.480986381947872,0.010720358684344681
A,2025-08-30,42,22.10723344823358,0.008038993981175847
A,2025-08-30,43,16.42701831086619,0.005973461203951341
A,2025-08-30,44,11.981799684564395,0.004357018067114325
A,2025-08-30,45,8.473493021074148,0.0030812701894815083
A,2025-08-30,46,7.084379121479304,0.0025761378623561106
A,2025-08-30,47,5.506853916277216,0.002002492333191715
A,2025-08-31,0,2.541790101039007,0.0019053898808388359
A,2025-08-31,1,2.645409381605019,0.0019830655034520383
A,2025-08-31,2,2.3672106581847765,0.0017745207332719466
A,2025-08-31,3,1.9883996445099443,0.001490554456154381
A,2025-08-31,4,1.2306304338012355,0.0009225115695661436
A,2025-08-31,5,0.8927424746802266,0.0006692222448877261
A,2025-08-31,6,1.1554559205941701,0.00086615886101512
A,2025-08-31,7,1.133897717813013,0.0008499982892151521
A,2025-08-31,8,0.8349462328784971,0.000625896726295725
A,2025-08-31,9,0.8997290513166291,0.0006744595587081177
A,2025-08-31,10,0.7991204856043943,0.000599040843781405
A,2025-08-31,11,1.234595425930266,0.0009254838275339325
A,2025-08-31,12,1.779763719180689,0.0013341557115297518
A,2025-08-31,13,1.885059824210063,0.0014130883239955494
A,2025-08-31,14,3.8906006559098754,0.002916492245809502
A,2025-08-31,15,5.984366564012067,0.004486031907055522
A,2025-08-31,16,10.5618064182785,0.00791739611565105
A,2025-08-31,17,13.806040382337045,0.01034935560894831
A,2025-08-31,18,17.0021182795818,0.012745216101635534
A,2025-08-31,19,20.466962816679665,0.015342550837091202
A,2025-08-31,20,23.921312530305997,0.01793201838853523
A,2025-08-31,21,32.26298227112759,0.024185144131280055
A,2025-08-31,22,32.619433427275176,0.024452348896008377
A,2025-08-31,23,36.599906893945594,0.027436212064426983
A,2025-08-31,24,49.117323419658334,0.03681958277335707
A,2025-08-31,25,58.767622541502426,0.04405369006109627
A,2025-08-31,26,71.60961828955463,0.053680373530400775
A,2025-08-31,27,75.80358050587027,0.05682427324278132
A,2025-08-31,28,78.98336037382595,0.05920791632220836
A,2025-08-31,29,79.71499793025549,0.05975637026256034
A,2025-08-31,30,78.87312597952486,0.05912528184372178
A,2025-08-31,31,80.23410123222826,0.060145503172584894
A,2025-08-31,32,78.95947542751453,0.05919001156485348
A,2025-08-31,33,75.05285652834253,0.05626151164043668
A,2025-08-31,34,66.23782750165284,0.049653543854312476
A,2025-08-31,35,59.05208726133399,0.044266931980010485
A,2025-08-31,36,44.897508984477454,0.03365630358656481
A,2025-08-31,37,37.82309337578121,0.028353143460105857
A,2025-08-31,38,30.18055668224499,0.022624105458954265
A,2025-08-31,39,26.960242500013184,0.02021007683659159
A,2025-08-31,40,26.30594635623357,0.01971959996719158
A,2025-08-31,41,22.70680100816783,0.0170215899611453
A,2025-08-31,42,18.79653334270418,0.014090354829613329
A,2025-08-31,43,15.04125480399992,0.011275303451274303
A,2025-08-31,44,13.268320326497747,0.009946267111317651
A,2025-08-31,45,11.978688444352175,0.008979526569979142
A,2025-08-31,46,8.265048977307078,0.006195688888536041
A,2025-08-31,47,6.865746896155386,0.005146736803714682
B,2025-08-01,0,35.81439102448157,0.002926729674305922
B,2025-08-01,1,27.498123705910018,0.002247129501177578
B,2025-08-01,2,13.622485441762846,0.0011132210052923793
B,2025-08-01,3,8.051126677602001,0.000657933045485168
B,2025-08-01,4,6.446159718819426,0.0005267761476521554
B,2025-08-01,5,5.026634323780944,0.0004107734186304604
B,2025-08-01,6,4.791848761942248,0.00039158688910208777
B,2025-08-01,7,4.106493377235609,0.00033558007495592133
B,2025-08-01,8,3.95205163880575,0.0003229591925149751
B,2025-08-01,9,4.19446121930127,0.00034276875208803385
B,2025-08-01,10,3.975950645131976,0.0003249122043909435
B,2025-08-01,11,4.54926876940068,0.00037176340356302035
B,2025-08-01,12,6.579197717318296,0.0005376479298290673
B,2025-08-01,13,12.792643713964637,0.0010454068573967996
B,2025-08-01,14,35.0218118893583,0.0028619606022193588
B,2025-08-01,15,59.2101950248569,0.004838620170373204
B,2025-08-01,16,108.78565101668589,0.008889895482282086
B,2025-08-01,17,161.36812050293486,0.0131869020595681
B,2025-08-01,18,232.48768352616685,0.01899874834732098
B,2025-08-01,19,287.85102067559404,0.023523005693846043
B,2025-08-01,20,351.481707289398,0.028722865676995835
B,2025-08-01,21,398.85702819604313,0.03259434732336709
B,2025-08-01,22,436.8912290631241,0.03570247847210298
B,2025-08-01,23,476.69689058599704,0.03895537227964346
B,2025-08-01,24,519.168618374709,0.04242613535790709
B,2025-08-01,25,531.250586303352,0.04341346623382789
B,2025-08-01,26,544.9740124755893,0.04453493605259372
B,2025-08-01,27,556.226759407492,0.04545450350637346
B,2025-08-01,28,577.4319475470609,0.047187378241976045
B,2025-08-01,29,588.5783877427648,0.04809825837564475
B,2025-08-01,30,591.2055460031406,0.0483129481084531
B,2025-08-01,31,584.6579677053456,0.047777884097846335
B,2025-08-01,32,581.7763105797752,0.047542396876667094
B,2025-08-01,33,561.9024609986222,0.04591831829685562
B,2025-08-01,34,535.0745105851977,0.04372595493872662
B,2025-08-01,35,500.9663435209738,0.040938656821195865
B,2025-08-01,36,458.098872096427,0.03743555382008883
B,2025-08-01,37,409.13338247330194,0.03343412457900645
B,2025-08-01,38,372.88275599554134,0.03047174601581608
B,2025-08-01,39,329.15033974131666,0.026897960263243988
B,2025-08-01,40,280.9326095255134,0.022957637454074805
B,2025-08-01,41,248.45768735072494,0.02030380708921508
B,2025-08-01,42,209.60177092137678,0.017128525857757357
B,2025-08-01,43,172.15491455378077,0.014068392134819054
B,2025-08-01,44,136.46210172905666,0.011151597755091662
B,2025-08-01,45,109.209773555665,0.008924554511372477
B,2025-08-01,46,81.23641493996485,0.006638589110073126
B,2025-08-01,47,66.41375136769192,0.005427290297269912
B,2025-08-02,0,40.6051301978525,0.004753585834447729
B,2025-08-02,1,28.182229339892018,0.0032992541957260614
B,2025-08-02,2,12.665483974699402,0.0014827305051158279
B,2025-08-02,3,6.860205033267449,0.0008031146140561284
B,2025-08-02,4,5.405273255649583,0.000632787784552749
B,2025-08-02,5,3.951206691371527,0.00046256224436566694
B,2025-08-02,6,3.1014451089494153,0.0003630818437074942
B,2025-08-02,7,2.780725686348483,0.00032553566920492656
B,2025-08-02,8,2.67265887137534,0.0003128844382317186
B,2025-08-02,9,2.772381722661178,0.0003245588530392388
B,2025-08-02,10,2.8900896986186497,0.00033833876125247597
B,2025-08-02,11,3.059227346337614,0.0003581394692504816
B,2025-08-02,12,4.36731961765005,0.0005112760030028155
B,2025-08-02,13,7.313061927186393,0.0008561299376242558
B,2025-08-02,14,13.642865704654554,0.001597151218058365
B,2025-08-02,15,23.21914037444667,0.002718232307942715
B,2025-08-02,16,41.43848431758893,0.004851145436383626
B,2025-08-02,17,67.63929762259423,0.00791843802652707
B,2025-08-02,18,135.14490185469305,0.015821224754705345
B,2025-08-02,19,189.1595056222892,0.02214463891621274
B,2025-08-02,20,235.38934732792444,0.02755670186465985
B,2025-08-02,21,272.3511048974783,0.03188376315821568
B,2025-08-02,22,310.6312891682982,0.03636517082279305
B,2025-08-02,23,346.4731417966258,0.040561126410281645
B,2025-08-02,24,365.3776084781032,0.04277424590003549
B,2025-08-02,25,379.8012209116692,0.04446279804632044
B,2025-08-02,26,397.85825234591846,0.046576709476225525
B,2025-08-02,27,414.280748400722,0.04849926813401101
B,2025-08-02,28,423.72212104216845,0.049604556432002865
B,2025-08-02,29,416.9603611694117,0.04881296665528117
B,2025-08-02,30,412.32528689075804,0.04827034498838188
B,2025-08-02,31,410.80460203074495,0.04809232053743209
B,2025-08-02,32,406.32409855577896,0.047567794258461596
B,2025-08-02,33,388.82064301570637,0.04551868918469988
B,2025-08-02,34,372.27586207187784,0.04358181480588596
B,2025-08-02,35,352.8989873778116,0.04131339117042983
B,2025-08-02,36,320.56640842687864,0.0375282613470942
B,2025-08-02,37,293.655333647239,0.03437781943891817
B,2025-08-02,38,262.2728550257724,0.03070391653310377
B,2025-08-02,39,230.99295393183365,0.02704202223505428
B,2025-08-02,40,203.41977964970744,0.023814069263604243
B,2025-08-02,41,175.9157332332126,0.0205942089947568
B,2025-08-02,42,146.44620785647047,0.017144252851377953
B,2025-08-02,43,123.45935037979264,0.014453213577592208
B,2025-08-02,44,98.09006117504369,0.011483266351562127
B,2025-08-02,45,78.07470192859357,0.009140096222031558
B,2025-08-02,46,59.76075238218505,0.006996107747855895
B,2025-08-02,47,46.18055291414715,0.0054062927785234315
B,2025-08-03,0,35.58538435490868,0.006277188984813668
B,2025-08-03,1,25.333022558503327,0.004468693342477214
B,2025-08-03,2,11.723294797683518,0.002067965213914891
B,2025-08-03,3,7.34539301530754,0.0012957122976375974
B,2025-08-03,4,5.16535431853215,0.0009111579323570558
B,2025-08-03,5,3.71699095857956,0.0006556695993260823
B,2025-08-03,6,3.1291045569386333,0.0005519676410193391
B,2025-08-03,7,1.9361180914960934,0.0003415272696235832
B,2025-08-03,8,1.546491473368996,0.0002727979314462861
B,2025-08-03,9,1.5673079158604317,0.0002764699093068322
B,2025-08-03,10,1.6796547950624388,0.0002962876689120548
B,2025-08-03,11,2.1404647215807175,0.000377573597033113
B,2025-08-03,12,2.6260623348877496,0.0004632320223827394
B,2025-08-03,13,3.912372654484573,0.0006901345306905227
B,2025-08-03,14,8.121853122434059,0.0014326782717294158
B,2025-08-03,15,13.327117861719469,0.0023508763206419947
B,2025-08-03,16,24.278022589060498,0.004282593506625595
B,2025-08-03,17,37.61669900613658,0.006635508732781192
B,2025-08-03,18,74.95057610465172,0.01322112825977275
B,2025-08-03,19,99.76762909524687,0.017598805626256285
B,2025-08-03,20,123.48269230767923,0.021782094250781307
B,2025-08-03,21,141.00209006898956,0.02487248016739982
B,2025-08-03,22,158.84837314915853,0.028020527985386935
B,2025-08-03,23,182.4762723885741,0.032188441063428136
B,2025-08-03,24,203.69520410316056,0.03593141719935801
B,2025-08-03,25,228.05385086014138,0.04022823264423027
B,2025-08-03,26,251.60324865052615,0.04438229822729338
B,2025-08-03,27,264.48864695845,0.04665525612249956
B,2025-08-03,28,280.0395372585934,0.0493984013509602
B,2025-08-03,29,280.6692406957631,0.04950947974876753
B,2025-08-03,30,287.6156313272067,0.05073480884233669
B,2025-08-03,31,294.4758133307989,0.05194493091035437
B,2025-08-03,32,288.43995751232325,0.05088021829464161
B,2025-08-03,33,272.7025765706094,0.04810417649860811
B,2025-08-03,34,263.09863844219166,0.046410061464489616
B,2025-08-03,35,250.7775562799852,0.04423664778267511
B,2025-08-03,36,233.97104062886902,0.04127201281158388
B,2025-08-03,37,209.81956923595538,0.03701174267700748
B,2025-08-03,38,188.07306694091625,0.03317570417020925
B,2025-08-03,39,169.80679442467368,0.029953571075087965
B,2025-08-03,40,147.88784481394745,0.02608711321466704
B,2025-08-03,41,131.2948416229932,0.023160141404655707
B,2025-08-03,42,114.88069416109091,0.02026471937927164
B,2025-08-03,43,98.85686405677937,0.01743814853709285
B,2025-08-03,44,80.18570952677645,0.0141445950832204
B,2025-08-03,45,64.20512462788089,0.011325652606787952
B,2025-08-03,46,51.24407750502135,0.009039350415420947
B,2025-08-03,47,41.836128224501145,0.007379807413036011
B,2025-08-04,0,26.047332824078488,0.0021075599016165134
B,2025-08-04,1,22.454601834160734,0.0018168623540869597
B,2025-08-04,2,11.919202785666773,0.0009644148220460209
B,2025-08-04,3,6.5662500797895405,0.0005312929913253128
B,2025-08-04,4,5.118675241480851,0.0004141658096513351
B,2025-08-04,5,4.617516709304094,0.000373615722089497
B,2025-08-04,6,3.620323519756025,0.0002929301334862064
B,2025-08-04,7,3.26038991660052,0.0002638069355611716
B,2025-08-04,8,3.1969938893132643,0.000258677392128268
B,2025-08-04,9,3.095355946943481,0.00025045359227635576
B,2025-08-04,10,2.787665601312935,0.00022555753712379117
B,2025-08-04,11,3.4697383243986124,0.00028074587947233697
B,2025-08-04,12,4.718475411377128,0.00038178456277830955
B,2025-08-04,13,9.16287428650141,0.0007413928543168063
B,2025-08-04,14,25.959374286442706,0.0021004429392703864
B,2025-08-04,15,46.457330356554415,0.0037589878110328035
B,2025-08-04,16,87.9335255339725,0.007114938549556801
B,2025-08-04,17,140.54466930534625,0.011371847989752104
B,2025-08-04,18,219.40655694296169,0.017752775867219166
B,2025-08-04,19,284.76752341093703,0.02304130782514257
B,2025-08-04,20,356.09079853129174,0.02881226624575546
B,2025-08-04,21,405.272119207288,0.032791659455238126
B,2025-08-04,22,442.11946309132446,0.03577307735992592
B,2025-08-04,23,474.27122715925304,0.038374563246156894
B,2025-08-04,24,511.7751298843329,0.04140910509623213
B,2025-08-04,25,530.3368517433026,0.04291098403942897
B,2025-08-04,26,545.0068386188299,0.044097972216104044
B,2025-08-04,27,555.778382662982,0.04496952687620213
B,2025-08-04,28,580.0117266855875,0.04693031205482543
B,2025-08-04,29,584.5907113964632,0.04730081004907057
B,2025-08-04,30,583.5845882560886,0.04721940191407789
B,2025-08-04,31,588.5164849386697,0.04761845496712272
B,2025-08-04,32,589.4475029317335,0.04769378614222296
B,2025-08-04,33,577.3508416909198,0.04671501267828463
B,2025-08-04,34,550.692097013956,0.04455798179577279
B,2025-08-04,35,518.6499926284478,0.04196536877000144
B,2025-08-04,36,478.56156381970925,0.038721705948677826
B,2025-08-04,37,439.0015436099569,0.035520798091266036
B,2025-08-04,38,394.571426021073,0.03192583752901311
B,2025-08-04,39,361.59295602337966,0.029257460637865496
B,2025-08-04,40,316.11136791189426,0.025577422761703557
B,2025-08-04,41,264.5389394025666,0.02140455857290773
B,2025-08-04,42,217.5400640403998,0.017601752895897712
B,2025-08-04,43,178.8821945588262,0.014473840485381197
B,2025-08-04,44,141.83337199504592,0.011476120397689613
B,2025-08-04,45,110.54210837865215,0.008944259922214754
B,2025-08-04,46,82.35611773808829,0.006663655452551848
B,2025-08-04,47,64.86921385303806,0.0052487429284762575
B,2025-08-05,0,33.57612593133011,0.0030053818413292256
B,2025-08-05,1,26.047768708927247,0.0023315224408277163
B,2025-08-05,2,13.64933192587309,0.001221744712305146
B,2025-08-05,3,7.4374159994783495,0.0006657192981989213
B,2025-08-05,4,4.756793201397461,0.00042577812400621743
B,2025-08-05,5,3.950039249818075,0.0003535659908537482
B,2025-08-05,6,3.609704811219795,0.0003231028295040991
B,2025-08-05,7,3.236721858444067,0.0002897173163662788
B,2025-08-05,8,3.075492686463737,0.00027528577573073193
B,2025-08-05,9,3.167359484659823,0.00028350872580198917
B,2025-08-05,10,2.970113119485663,0.0002658533046442591
B,2025-08-05,11,3.389776790311217,0.0003034171849544591
B,2025-08-05,12,5.281337419677017,0.0004727298084207857
B,2025-08-05,13,10.255179472863924,0.0009179358640229076
B,2025-08-05,14,26.643596815003097,0.0023848547095419886
B,2025-08-05,15,47.47517850934262,0.004249478921351827
B,2025-08-05,16,89.84808836638662,0.008042256387968728
B,2025-08-05,17,142.34858201143277,0.012741548694184816
B,2025-08-05,18,206.71945680691275,0.01850335273960909
B,2025-08-05,19,266.2836953673699,0.023834917236606683
B,2025-08-05,20,320.90629908659906,0.028724158529054696
B,2025-08-05,21,360.56581645519776,0.03227406162327227
B,2025-08-05,22,401.7160182889597,0.03595739512074469
B,2025-08-05,23,429.45560454815893,0.03844035128429636
B,2025-08-05,24,456.1321526900967,0.04082815545024138
B,2025-08-05,25,473.4289794590886,0.04237638555845763
B,2025-08-05,26,494.078820584866,0.044224742265025596
B,2025-08-05,27,505.3050714703797,0.045229598234011785
B,2025-08-05,28,529.1182643668449,0.04736110493795604
B,2025-08-05,29,538.3333127136583,0.04818593919742735
B,2025-08-05,30,536.4402650032142,0.04801649346609508
B,2025-08-05,31,529.430364556178,0.04738904086610974
B,2025-08-05,32,525.5372245653945,0.04704056789880008
B,2025-08-05,33,504.74231964009175,0.04517922660580843
B,2025-08-05,34,478.17126217464426,0.04280086485630543
B,2025-08-05,35,460.71183109480455,0.041238080119477674
B,2025-08-05,36,434.5830064573016,0.038899302403983316
B,2025-08-05,37,391.7199901040488,0.035062655755822486
B,2025-08-05,38,349.9531960462138,0.03132413140406497
B,2025-08-05,39,318.0481765960682,0.02846832944826962
B,2025-08-05,40,276.31380632865745,0.02473270733339218
B,2025-08-05,41,234.71875987168397,0.02100955602145399
B,2025-08-05,42,193.80705163656353,0.017347569963888608
B,2025-08-05,43,161.16106847167345,0.01442544472535566
B,2025-08-05,44,128.03183637833502,0.011460064122657985
B,2025-08-05,45,100.84930240500495,0.009026969424006888
B,2025-08-05,46,76.81739690877282,0.006875885867237095
B,2025-08-05,47,58.20104356110254,0.0052095456105533955
B,2025-08-06,0,34.51756667343806,0.00340880571533064
B,2025-08-06,1,25.223923695046317,0.0024910056977134423
B,2025-08-06,2,12.101122669090985,0.0011950545792110395
B,2025-08-06,3,6.1483645654597305,0.0006071859140292051
B,2025-08-06,4,4.069692205888063,0.00040190521488130186
B,2025-08-06,5,3.706149691060337,0.0003660033271835213
B,2025-08-06,6,3.349577803478156,0.00033078982850860716
B,2025-08-06,7,3.178345652343944,0.0003138796812506364
B,2025-08-06,8,3.054922077274539,0.0003016909023577463
B,2025-08-06,9,2.7595885032497405,0.00027252503488541777
B,2025-08-06,10,2.534440423578852,0.00025029038352546433
B,2025-08-06,11,2.9722221068511097,0.00029352381067066066
B,2025-08-06,12,4.897446182850414,0.00048365062046715527
B,2025-08-06,13,9.278847510268287,0.0009163388811246581
B,2025-08-06,14,25.407255556059745,0.0025091107600296015
B,2025-08-06,15,46.42048069927936,0.004584286065502603
B,2025-08-06,16,84.88466954989865,0.008382843131532555
B,2025-08-06,17,132.78375647595,0.013113149958122657
B,2025-08-06,18,196.35515727708122,0.019391186774351296
B,2025-08-06,19,252.80800819203034,0.024966226366979098
B,2025-08-06,20,297.7728250244406,0.02940675735971169
B,2025-08-06,21,330.19189029322393,0.03260832414509421
B,2025-08-06,22,369.6999439398958,0.036509968787269975
B,2025-08-06,23,401.2127819538769,0.03962204048527325
B,2025-08-06,24,429.4529983931608,0.04241092221935224
B,2025-08-06,25,439.7748832134532,0.04343026695767857
B,2025-08-06,26,450.4689094935675,0.044486362778349546
B,2025-08-06,27,458.9906014077095,0.04532792824488539
B,2025-08-06,28,471.1385893271848,0.04652761103369393
B,2025-08-06,29,475.3874770242707,0.04694721282088393
B,2025-08-06,30,476.3547031076188,0.04704273188896097
B,2025-08-06,31,477.3653785376831,0.04714254182675125
B,2025-08-06,32,472.15885746891587,0.04662836830623305
B,2025-08-06,33,453.95059976978916,0.04483019946373584
B,2025-08-06,34,432.12705120209483,0.04267500011871369
B,2025-08-06,35,414.1098963372138,0.040895703766266424
B,2025-08-06,36,384.9589007390039,0.0380168774184282
B,2025-08-06,37,340.73927073100435,0.03364993785611341
B,2025-08-06,38,308.8334912829719,0.03049906096019869
B,2025-08-06,39,280.1926725027485,0.027670617470150947
B,2025-08-06,40,246.97576053218737,0.024390258792434068
B,2025-08-06,41,210.799386200951,0.020817636401436995
B,2025-08-06,42,173.35739453252648,0.01712002711164591
B,2025-08-06,43,143.96683215354966,0.0142175421838386
B,2025-08-06,44,115.0139905230363,0.011358284665518102
B,2025-08-06,45,90.86300391030923,0.008973237597304881
B,2025-08-06,46,68.98625419927023,0.006812784337277329
B,2025-08-06,47,54.704118688164336,0.005402342355141649
B,2025-08-07,0,32.6316355402365,0.003358891975320278
B,2025-08-07,1,23.506192354507768,0.0024195771852298267
B,2025-08-07,2,11.984122057139258,0.0012335689199319873
B,2025-08-07,3,7.3803765862579445,0.0007596887891155887
B,2025-08-07,4,5.057215904667444,0.0005205574786070452
B,2025-08-07,5,3.963819014597973,0.0004080101919297965
B,2025-08-07,6,3.6421259709178733,0.00037489716633225663
B,2025-08-07,7,3.4216351581912625,0.00035220125148649126
B,2025-08-07,8,3.063623825538156,0.0003153498533750032
B,2025-08-07,9,2.7636848034416572,0.0002844760477037218
B,2025-08-07,10,2.741756914677594,0.0002822189310012964
B,2025-08-07,11,3.45119590615751,0.0003552440459246022
B,2025-08-07,12,5.252446666321983,0.0005406532852621702
B,2025-08-07,13,9.463583814248457,0.0009741208249355077
B,2025-08-07,14,24.045233726537838,0.002475062658418717
B,2025-08-07,15,43.48758550144765,0.004476334071173201
B,2025-08-07,16,80.16279454088999,0.008251445655264023
B,2025-08-07,17,126.24621254086229,0.01299497813081444
B,2025-08-07,18,188.62552011688618,0.019415905313112318
B,2025-08-07,19,236.03863575276785,0.02429630836364054
B,2025-08-07,20,283.78385387251853,0.029210895921000363
B,2025-08-07,21,324.50077709698434,0.03340203572794486
B,2025-08-07,22,352.66774631536424,0.0363013634910308
B,2025-08-07,23,386.92289742109176,0.03982736978086379
B,2025-08-07,24,412.964953173269,0.042507972534561914
B,2025-08-07,25,419.29586181379875,0.04315963580172916
B,2025-08-07,26,426.85872941552464,0.04393810904946213
B,2025-08-07,27,438.9745531734066,0.04518523450060799
B,2025-08-07,28,459.4806507149855,0.04729600110293211
B,2025-08-07,29,463.4069874770272,0.047700153111376965
B,2025-08-07,30,456.3514539094885,0.04697390158615425
B,2025-08-07,31,454.3203965315489,0.046764837522547495
B,2025-08-07,32,449.21471102534974,0.04623929089298505
B,2025-08-07,33,434.1871972466784,0.044692454683137255
B,2025-08-07,34,413.6498230165639,0.0425784686584214
B,2025-08-07,35,390.48270560626503,0.04019379368052136
B,2025-08-07,36,370.4733097927094,0.03813415437907457
B,2025-08-07,37,334.6874087456442,0.03445058247510491
B,2025-08-07,38,302.32426253790646,0.031119327075440704
B,2025-08-07,39,271.3550825255664,0.02793155764545202
B,2025-08-07,40,233.67185890905435,0.024052687484205287
B,2025-08-07,41,202.26274153257464,0.020819633714109588
B,2025-08-07,42,168.0388872807588,0.01729684892236323
B,2025-08-07,43,136.7416469573778,0.014075311060975584
B,2025-08-07,44,109.3609769856453,0.011256919916175532
B,2025-08-07,45,86.5479744241633,0.008908695257247894
B,2025-08-07,46,65.23882138686479,0.006715267255467296
B,2025-08-07,47,50.30433441557675,0.005178006630527715
B,2025-08-08,0,31.777019540912367,0.0031593775642187677
B,2025-08-08,1,24.351380456717823,0.00242109569066592
B,2025-08-08,2,12.738888253606033,0.0012665428766758832
B,2025-08-08,3,7.849207959252895,0.0007803945077801645
B,2025-08-08,4,5.825494074885196,0.0005791901048802144
B,2025-08-08,5,4.529839774252279,0.00045037182086421544
B,2025-08-08,6,4.301285805159812,0.0004276482208351374
B,2025-08-08,7,3.537061911922088,0.0003516665253452066
B,2025-08-08,8,3.418072618741587,0.00033983621184545507
B,2025-08-08,9,3.6239091231249203,0.0003603011655522888
B,2025-08-08,10,2.9142322594986716,0.00028974271818439765
B,2025-08-08,11,3.384571566044323,0.00033650542513862826
B,2025-08-08,12,5.42319326022415,0.0005391920123507805
B,2025-08-08,13,10.093959323049159,0.0010035751961671464
B,2025-08-08,14,27.90625803190582,0.002774533508839314
B,2025-08-08,15,47.74816469755455,0.004747282232805185
B,2025-08-08,16,88.24997311539919,0.008774107488108886
B,2025-08-08,17,130.88646470725817,0.01301317008423724
B,2025-08-08,18,188.20197571151328,0.01871166988581361
B,2025-08-08,19,233.14884714985024,0.02318043817357827
B,2025-08-08,20,287.1373447351461,0.028548155173508262
B,2025-08-08,21,326.2210705081346,0.03243398990933929
B,2025-08-08,22,357.850702110726,0.0355787136717763
B,2025-08-08,23,390.6140729517638,0.038836157581205386
B,2025-08-08,24,425.37098612500324,0.042291806136906265
B,2025-08-08,25,434.4722991630397,0.04319668911941138
B,2025-08-08,26,446.0356502751564,0.04434635616177733
B,2025-08-08,27,454.5430187052116,0.045192187184849034
B,2025-08-08,28,474.1264731554057,0.047139239725134785
B,2025-08-08,29,483.59604810831684,0.04808073653890603
B,2025-08-08,30,485.55746220411277,0.04827574688845822
B,2025-08-08,31,479.9501570896262,0.04771824985977592
B,2025-08-08,32,477.5520768328678,0.047479824700026624
B,2025-08-08,33,461.72418932593774,0.04590616318611431
B,2025-08-08,34,440.4940425238925,0.04379539098467812
B,2025-08-08,35,409.3449323099616,0.04069844226585421
B,2025-08-08,36,380.9288274956226,0.037873218084671166
B,2025-08-08,37,337.76954972487886,0.03358217833812675
B,2025-08-08,38,308.0794466702672,0.03063028899087962
B,2025-08-08,39,273.0815509162446,0.027150681141006626
B,2025-08-08,40,233.01134533862415,0.023166767283617433
B,2025-08-08,41,207.10281518281124,0.020590854561822552
B,2025-08-08,42,174.21463011525518,0.01732100120453919
B,2025-08-08,43,142.861827000884,0.014203800656281965
B,2025-08-08,44,112.7551302425424,0.011210492169670154
B,2025-08-08,45,90.31160649844999,0.008979081974393517
B,2025-08-08,46,67.49739861190615,0.00671081712188369
B,2025-08-08,47,55.88554673733808,0.005556327971499114
B,2025-08-09,0,33.05990896318961,0.004957251306521159
B,2025-08-09,1,22.737749624881644,0.0034094691295369086
B,2025-08-09,2,10.276806824276914,0.0015409816800535184
B,2025-08-09,3,5.51552716670504,0.0008270396111418563
B,2025-08-09,4,4.160502957926216,0.0006238570937061352
B,2025-08-09,5,2.979787916352658,0.0004468118033217361
B,2025-08-09,6,2.3144975562208314,0.0003470531648254358
B,2025-08-09,7,1.9713765977504973,0.0002956030286025637
B,2025-08-09,8,1.8738593622940798,0.0002809805611477103
B,2025-08-09,9,1.9475398676185858,0.0002920287700732622
B,2025-08-09,10,2.0389287524074557,0.00030573230655382455
B,2025-08-09,11,2.186647521877816,0.00032788236945236404
B,2025-08-09,12,3.1789179940827075,0.0004766708643098977
B,2025-08-09,13,5.538125710127637,0.0008304282066468191
B,2025-08-09,14,10.193767397732659,0.001528530124116458
B,2025-08-09,15,17.475696446022603,0.002620437313843545
B,2025-08-09,16,30.902726066658946,0.00463378708451926
B,2025-08-09,17,48.892201677390986,0.007331264309100463
B,2025-08-09,18,103.2323422511949,0.015479433535941655
B,2025-08-09,19,145.2731164505955,0.021783343297435222
B,2025-08-09,20,183.0655686671132,0.027450227720364855
B,2025-08-09,21,212.4822867629764,0.03186119159738737
B,2025-08-09,22,242.97636549730998,0.03643370302853651
B,2025-08-09,23,271.9922910616937,0.04078456906008303
B,2025-08-09,24,285.34449242139505,0.042786698518727705
B,2025-08-09,25,296.3623170755543,0.04443879398343894
B,2025-08-09,26,311.21064647699836,0.046665264129104565
B,2025-08-09,27,324.48426275218486,0.04865560994934546
B,2025-08-09,28,332.60733527821895,0.04987364451615219
B,2025-08-09,29,327.2954361560355,0.04907713842495659
B,2025-08-09,30,323.19873739015634,0.04846284861150942
B,2025-08-09,31,321.9059269904607,0.04826899490035399
B,2025-08-09,32,317.8129384511456,0.04765526142617268
B,2025-08-09,33,303.45305054505394,0.04550203187060338
B,2025-08-09,34,291.2414837692248,0.043670937737175716
B,2025-08-09,35,272.83230414273953,0.04091052693698299
B,2025-08-09,36,250.69411999044064,0.03759096116215934
B,2025-08-09,37,229.33513828357232,0.03438823486033473
B,2025-08-09,38,205.1574959014095,0.030762857385126633
B,2025-08-09,39,180.75634173898877,0.027103964873142716
B,2025-08-09,40,158.95316730837337,0.023834632974714855
B,2025-08-09,41,138.14368942325555,0.02071430340729578
B,2025-08-09,42,114.63645942573638,0.01718945260544855
B,2025-08-09,43,96.67632401886665,0.01449637487162493
B,2025-08-09,44,76.14882031525892,0.0114183266329673
B,2025-08-09,45,60.85686635789225,0.00912533608605372
B,2025-08-09,46,46.676847778867995,0.006999077489708801
B,2025-08-09,47,36.949258913769874,0.005540449679677594
B,2025-08-10,0,28.568881264426274,0.006475267738990542
B,2025-08-10,1,20.487823878272277,0.0046436590839239065
B,2025-08-10,2,9.532976149165792,0.002160692690200769
B,2025-08-10,3,6.202579552619103,0.001405843053630803
B,2025-08-10,4,4.355505421688918,0.0009871952451697458
B,2025-08-10,5,3.121720411805192,0.0007075522238905694
B,2025-08-10,6,2.6775024528483033,0.0006068681896754994
B,2025-08-10,7,1.5802500698415087,0.00035817091338202826
B,2025-08-10,8,1.266809169152228,0.00028712809817593564
B,2025-08-10,9,1.2875669905232006,0.00029183295342774263
B,2025-08-10,10,1.3754628045772563,0.0003117549421072657
B,2025-08-10,11,1.7350142283279462,0.0003932489184786823
B,2025-08-10,12,2.07729073243054,0.0004708274552199773
B,2025-08-10,13,3.0818719642264663,0.0006985203908038228
B,2025-08-10,14,6.2644671885700784,0.0014198701696668356
B,2025-08-10,15,10.267818109801363,0.0023272479849957757
B,2025-08-10,16,18.5253833362464,0.00419886295019184
B,2025-08-10,17,28.73028712280881,0.006511851115777156
B,2025-08-10,18,55.693285928200524,0.012623138243019158
B,2025-08-10,19,74.37700152598138,0.01685788792519977
B,2025-08-10,20,92.2219580397565,0.02090252902079703
B,2025-08-10,21,105.46606341353811,0.023904366140874458
B,2025-08-10,22,117.42775722068194,0.02661553880795148
B,2025-08-10,23,135.63097017848293,0.030741380366836567
B,2025-08-10,24,153.21166420209335,0.03472612515913267
B,2025-08-10,25,174.60357400004443,0.03957469945603908
B,2025-08-10,26,194.78817217415843,0.044149631045820134
B,2025-08-10,27,204.90410279324385,0.04644245303564004
B,2025-08-10,28,217.5041636118263,0.049298314508573506
B,2025-08-10,29,218.09706951713062,0.04943269934658446
B,2025-08-10,30,223.9923011656869,0.05076888059059087
B,2025-08-10,31,229.49936713477976,0.052017082306160416
B,2025-08-10,32,225.05789472383415,0.051010402249282445
B,2025-08-10,33,213.49639371497784,0.048389935112188996
B,2025-08-10,34,205.98825394578557,0.046688180858065635
B,2025-08-10,35,196.17223002322973,0.04446333409411372
B,2025-08-10,36,184.1699428438929,0.041742960753375545
B,2025-08-10,37,164.53414407819372,0.03729241706214726
B,2025-08-10,38,148.09677212290072,0.033566811451246764
B,2025-08-10,39,134.223579438914,0.030422388812083857
B,2025-08-10,40,118.05785726504263,0.026758353867870042
B,2025-08-10,41,105.34737335854003,0.023877464496495925
B,2025-08-10,42,93.28613585725469,0.021143729795388644
B,2025-08-10,43,80.43214842902584,0.018230314693795522
B,2025-08-10,44,65.42520536387384,0.014828922339953275
B,2025-08-10,45,52.61553795625083,0.011925552573946245
B,2025-08-10,46,41.74348162773317,0.009461351230220573
B,2025-08-10,47,34.79638749761391,0.007886760538897078
B,2025-08-11,0,23.574273697320912,0.0021576307612411597
B,2025-08-11,1,20.205984237739564,0.0018493487312593413
B,2025-08-11,2,10.845450203840468,0.000992627695756953
B,2025-08-11,3,6.074186614549054,0.0005559387346283228
B,2025-08-11,4,4.696882273897718,0.000429881225873853
B,2025-08-11,5,4.261272073015993,0.00039001208795679963
B,2025-08-11,6,3.3693440342438987,0.00030837854972029093
B,2025-08-11,7,3.0612847069717057,0.0002801834804111025
B,2025-08-11,8,3.0182309588833456,0.0002762429945893598
B,2025-08-11,9,2.9405317400146833,0.0002691315888719278
B,2025-08-11,10,2.634709780941163,0.0002411412942468573
B,2025-08-11,11,3.235966675722684,0.0002961712132274102
B,2025-08-11,12,4.274722043298674,0.00039124309384025934
B,2025-08-11,13,8.177121820543432,0.0007484094655448866
B,2025-08-11,14,23.027206600653365,0.0021075605528696104
B,2025-08-11,15,41.250849547956385,0.0037754758876035496
B,2025-08-11,16,77.7966655025337,0.007120324501421718
B,2025-08-11,17,124.0786788518616,0.0113562766659218
B,2025-08-11,18,192.37438940960223,0.01760702813560335
B,2025-08-11,19,250.63571677937614,0.022939384658555384
B,2025-08-11,20,316.6721741106243,0.028983358421254286
B,2025-08-11,21,357.9876722976006,0.03276475126282268
B,2025-08-11,22,390.54109515625385,0.03574419688415283
B,2025-08-11,23,418.87733119641143,0.03833766531177114
B,2025-08-11,24,452.24349463138486,0.041391496854419264
B,2025-08-11,25,468.44314768275524,0.04287416691220531
B,2025-08-11,26,481.4055567666116,0.044060548852884095
B,2025-08-11,27,490.55300769656975,0.04489776749922842
B,2025-08-11,28,512.7670231053,0.04693090088827568
B,2025-08-11,29,515.8686929029238,0.0472147806061618
B,2025-08-11,30,515.1735678785135,0.047151159425088185
B,2025-08-11,31,519.5886339561214,0.047555247479051925
B,2025-08-11,32,520.2384965567119,0.0476147260256921
B,2025-08-11,33,509.5756402846983,0.04663881020361507
B,2025-08-11,34,486.3030182388513,0.04450878805041655
B,2025-08-11,35,458.07827064365495,0.04192552358078482
B,2025-08-11,36,423.2480811052024,0.038737697337104374
B,2025-08-11,37,388.43261599089277,0.03555121874344616
B,2025-08-11,38,349.57834671655826,0.031995089393790796
B,2025-08-11,39,320.7887727527686,0.029360129301919145
B,2025-08-11,40,281.9150329661418,0.025802217917457605
B,2025-08-11,41,234.2049314975285,0.021435560268856717
B,2025-08-11,42,192.15198357438024,0.01758667248529931
B,2025-08-11,43,157.7714368376521,0.01443999971056673
B,2025-08-11,44,125.21852512286745,0.01146060087157857
B,2025-08-11,45,98.12267087377508,0.008980658143307256
B,2025-08-11,46,73.15235502842452,0.006695254899178522
B,2025-08-11,47,57.564956875855955,0.005268621350526813
B,2025-08-12,0,28.396287891913797,0.0030183129136813133
B,2025-08-12,1,22.079889403136757,0.002346927019891237
B,2025-08-12,2,11.525342073991657,0.0012250576184089771
B,2025-08-12,3,6.2302791797926655,0.0006622320556752408
B,2025-08-12,4,3.993216689823416,0.00042444905291490393
B,2025-08-12,5,3.3219268180246955,0.000353095962800244
B,2025-08-12,6,3.03403791486667,0.0003224955266652498
B,2025-08-12,7,2.749790399923947,0.00029228214284905896
B,2025-08-12,8,2.630433017105189,0.00027959534620590866
B,2025-08-12,9,2.7125140780211225,0.00028831994876925195
B,2025-08-12,10,2.5047430690796024,0.0002662354452678149
B,2025-08-12,11,2.8454130532302653,0.00030244611535185643
B,2025-08-12,12,4.367011055599639,0.00046418059689622013
B,2025-08-12,13,8.55516208745399,0.0009093497116766571
B,2025-08-12,14,22.36087189951051,0.002376793356665658
B,2025-08-12,15,39.817288636541626,0.004232279829564373
B,2025-08-12,16,75.68741537232697,0.008045005885664007
B,2025-08-12,17,119.52102259875294,0.0127041903272484
B,2025-08-12,18,173.46745175953913,0.018438292066277544
B,2025-08-12,19,224.00353125673465,0.02380989915569033
B,2025-08-12,20,271.1837191923387,0.02882480008421967
B,2025-08-12,21,303.8681732519381,0.03229891297320771
B,2025-08-12,22,338.2332227944883,0.03595166058614884
B,2025-08-12,23,361.55062495428075,0.03843012595177304
B,2025-08-12,24,383.9650167310242,0.04081260807089968
B,2025-08-12,25,398.6649263667735,0.04237509846585603
B,2025-08-12,26,415.9919473685149,0.04421683114036085
B,2025-08-12,27,425.15795588137564,0.0451911092560986
B,2025-08-12,28,446.54070296713417,0.04746393526436375
B,2025-08-12,29,453.5677183739448,0.048210854418999236
B,2025-08-12,30,452.30101168694074,0.048076212976928226
B,2025-08-12,31,446.4195678848413,0.04745105951156901
B,2025-08-12,32,443.1842334758448,0.04710716767387806
B,2025-08-12,33,424.95014170613086,0.04516902016434214
B,2025-08-12,34,403.32730361703784,0.04287067427902188
B,2025-08-12,35,388.3686483976854,0.04128068116471996
B,2025-08-12,36,365.3926918425297,0.03883850891183351
B,2025-08-12,37,329.41738838141407,0.03501460335686799
B,2025-08-12,38,294.68932174299374,0.03132326974309032
B,2025-08-12,39,267.8810114495996,0.02847374696530608
B,2025-08-12,40,233.9099274443628,0.024862874940939923
B,2025-08-12,41,197.21742751898418,0.02096273676859951
B,2025-08-12,42,162.43625004968789,0.017265757870927708
B,2025-08-12,43,134.94125262854834,0.014343245389939236
B,2025-08-12,44,107.4502591723386,0.011421158500461161
B,2025-08-12,45,84.55774446462219,0.008987855491562733
B,2025-08-12,46,64.3592762427497,0.006840909464577986
B,2025-08-12,47,48.668906156504846,0.005173140535342777
B,2025-08-13,0,30.351559145742836,0.003371646205925665
B,2025-08-13,1,22.823991310241155,0.0025354356043369424
B,2025-08-13,2,10.952092114439177,0.001216628761879491
B,2025-08-13,3,5.658544513868582,0.0006285874821004868
B,2025-08-13,4,3.8925447047400783,0.0004324088763319349
B,2025-08-13,5,3.5731928729194067,0.00039693322294150264
B,2025-08-13,6,3.3080917607073252,0.000367484088059023
B,2025-08-13,7,3.1995227896411964,0.00035542354917142817
B,2025-08-13,8,3.106048424315445,0.00034503981607592147
B,2025-08-13,9,2.8098128846602757,0.0003121320689469313
B,2025-08-13,10,2.5997042414021854,0.00028879185085560824
B,2025-08-13,11,2.9507683603243424,0.0003277903088562922
B,2025-08-13,12,4.5156604087091,0.0005016285723960342
B,2025-08-13,13,8.409489520954981,0.0009341801289663386
B,2025-08-13,14,22.84431924978515,0.002537693762473356
B,2025-08-13,15,41.474442039058694,0.004607247504894323
B,2025-08-13,16,75.7478071300696,0.008414553113760232
B,2025-08-13,17,118.06692686134701,0.013115632843962121
B,2025-08-13,18,174.52628361280492,0.01938750095676571
B,2025-08-13,19,224.39681082578852,0.02492743954963214
B,2025-08-13,20,264.86332347867454,0.029422719782123366
B,2025-08-13,21,293.48882319016263,0.0326026242157479
B,2025-08-13,22,327.84583004504964,0.03641922128916348
B,2025-08-13,23,357.070130756914,0.03966564438534926
B,2025-08-13,24,381.57400938846695,0.04238769266701477
B,2025-08-13,25,389.80143204362184,0.043301647638704935
B,2025-08-13,26,399.93986442738435,0.04442788984974276
B,2025-08-13,27,407.46830141511913,0.045264197002346046
B,2025-08-13,28,418.4227061405138,0.04648108266390955
B,2025-08-13,29,422.05542362300235,0.04688462826294183
B,2025-08-13,30,423.35538674870287,0.0470290365195182
B,2025-08-13,31,424.1867658066084,0.04712139144707936
B,2025-08-13,32,419.73520654344935,0.046626883641796193
B,2025-08-13,33,402.63573330308265,0.044727364286056726
B,2025-08-13,34,384.28262639005203,0.04268858324706199
B,2025-08-13,35,369.37337245419815,0.04103236752434994
B,2025-08-13,36,341.0294170989566,0.037883738846807
B,2025-08-13,37,302.92627780714173,0.03365099731250186
B,2025-08-13,38,275.0282465293915,0.03055190474665535
B,2025-08-13,39,249.1013320249754,0.027671776496886846
B,2025-08-13,40,219.63333930120064,0.024398282526238685
B,2025-08-13,41,187.373460232796,0.020814647881892467
B,2025-08-13,42,153.79928706441692,0.017085013004267596
B,2025-08-13,43,127.90414160260046,0.014208413863874746
B,2025-08-13,44,102.5342193742328,0.011390159894938103
B,2025-08-13,45,80.88964392314682,0.0089857413822647
B,2025-08-13,46,61.58239093771447,0.006840967666931179
B,2025-08-13,47,48.89169557690432,0.0054312036855037014
B,2025-08-14,0,28.68735951415654,0.0032695873619964146
B,2025-08-14,1,21.272856366264435,0.0024245334358632816
B,2025-08-14,2,10.678707882974027,0.0012170854664889476
B,2025-08-14,3,6.683906315943317,0.0007617855386304214
B,2025-08-14,4,4.651555944327221,0.0005301522617195374
B,2025-08-14,5,3.6569878667690388,0.00041679825242409835
B,2025-08-14,6,3.382979745529737,0.0003855686967779504
B,2025-08-14,7,3.3583962521833137,0.0003827668397747109
B,2025-08-14,8,3.049055292564765,0.0003475102909237252
B,2025-08-14,9,2.7436424509517483,0.0003127014418682184
B,2025-08-14,10,2.7249532046190468,0.0003105713704831373
B,2025-08-14,11,3.3384195888736925,0.000380490037482755
B,2025-08-14,12,4.812792830037196,0.0005485289297968083
B,2025-08-14,13,8.63998342112152,0.0009847257147391748
B,2025-08-14,14,21.87429564564783,0.0024930813364084604
B,2025-08-14,15,39.3834102842778,0.004488649451137201
B,2025-08-14,16,72.66054535497926,0.00828134777239335
B,2025-08-14,17,114.21788613134362,0.013017766826002235
B,2025-08-14,18,170.49323932115382,0.01943164341476565
B,2025-08-14,19,213.14490205747433,0.024292785737118114
B,2025-08-14,20,255.8677407112002,0.02916204019958972
B,2025-08-14,21,292.85099530833645,0.033377136460945575
B,2025-08-14,22,317.67467159356664,0.03620636785885191
B,2025-08-14,23,349.0870949128871,0.03978653919681868
B,2025-08-14,24,372.19487507383633,0.04242020459013407
B,2025-08-14,25,376.95635575434994,0.04296288531506154
B,2025-08-14,26,385.03032829762185,0.043883101014089564
B,2025-08-14,27,396.3267944726426,0.04517059430962418
B,2025-08-14,28,414.32805371488354,0.047222253671630215
B,2025-08-14,29,417.9457669566699,0.04763457567320149
B,2025-08-14,30,411.8211759743441,0.04693653703833418
B,2025-08-14,31,409.81848459125024,0.04670828408835768
B,2025-08-14,32,405.19628183594085,0.046181477300654306
B,2025-08-14,33,391.431207415072,0.0446126290648589
B,2025-08-14,34,374.0542532820654,0.042632123692963916
B,2025-08-14,35,355.1542890280711,0.0404780361326728
B,2025-08-14,36,334.9417125250568,0.03817434608218108
B,2025-08-14,37,302.1242266301667,0.034434035403483776
B,2025-08-14,38,273.6773306405495,0.03119185441538061
B,2025-08-14,39,244.96225192649433,0.027919107810177153
B,2025-08-14,40,211.26411662970816,0.024078426787064983
B,2025-08-14,41,182.3928551456294,0.020787879547028654
B,2025-08-14,42,151.654102157699,0.017284488506690107
B,2025-08-14,43,123.83279377354873,0.014113607678772365
B,2025-08-14,44,99.49161032751022,0.011339367486609325
B,2025-08-14,45,78.6443688251459,0.008963342697190096
B,2025-08-14,46,59.47577506926766,0.006778638599187105
B,2025-08-14,47,46.34461195529349,0.005282039201651868
B,2025-08-15,0,26.24764616569212,0.0029850615450576733
B,2025-08-15,1,20.378144990917562,0.0023175417935764313
B,2025-08-15,2,10.113659687632184,0.0011501944373515506
B,2025-08-15,3,6.015601299346873,0.0006841352552424511
B,2025-08-15,4,4.640469736526026,0.000527745904301834
B,2025-08-15,5,3.6065882009134302,0.00041016583656470264
B,2025-08-15,6,3.4393125678346435,0.00039114210938640323
B,2025-08-15,7,2.9472265098098935,0.0003351787228260996
B,2025-08-15,8,2.848993191638849,0.00032400695913099614
B,2025-08-15,9,2.9949416648915337,0.000340605216068638
B,2025-08-15,10,2.815212074283037,0.0003201651398024607
B,2025-08-15,11,3.2266855085584725,0.0003669607083541991
B,2025-08-15,12,4.587955466631573,0.0005217736229536647
B,2025-08-15,13,9.05796472344888,0.0010301335975718049
B,2025-08-15,14,24.9900547399897,0.0028420396610928807
B,2025-08-15,15,42.4683766564491,0.004829793774189594
B,2025-08-15,16,77.93707624717227,0.008863536477558543
B,2025-08-15,17,115.20939847298864,0.013102399462411991
B,2025-08-15,18,165.91104909782504,0.01886853737038838
B,2025-08-15,19,205.05748714709975,0.023320537603445893
B,2025-08-15,20,252.26590074139915,0.028689400743932576
B,2025-08-15,21,286.07336158772347,0.0325342160340866
B,2025-08-15,22,313.2691919461235,0.03562711155989122
B,2025-08-15,23,342.17889298852054,0.03891492016246111
B,2025-08-15,24,371.69307033421546,0.042271473937702204
B,2025-08-15,25,378.68012865891154,0.04306608991913016
B,2025-08-15,26,390.43331124091276,0.04440274209495198
B,2025-08-15,27,398.336520865947,0.04530154905788093
B,2025-08-15,28,414.40679897657617,0.04712917081503198
B,2025-08-15,29,422.89283932805563,0.048094261267833005
B,2025-08-15,30,424.70074693635286,0.04829986886572875
B,2025-08-15,31,420.04439235713824,0.047770316428652135
B,2025-08-15,32,417.8359802350051,0.04751916072273457
B,2025-08-15,33,403.2860039053626,0.04586443806497925
B,2025-08-15,34,385.83877762840973,0.04388022036033319
B,2025-08-15,35,360.8985798094837,0.04104385076873464
B,2025-08-15,36,333.80977096420014,0.037963126460161506
B,2025-08-15,37,294.6409017791764,0.03350857520518326
B,2025-08-15,38,269.21021010822847,0.030616423303562887
B,2025-08-15,39,237.22963449514086,0.026979373876394958
B,2025-08-15,40,202.66779622715165,0.0230487656348404
B,2025-08-15,41,179.26214218935613,0.02038691484014058
B,2025-08-15,42,151.0618811082908,0.01717978859414202
B,2025-08-15,43,124.11963544764143,0.014115732451682182
B,2025-08-15,44,98.08370735295792,0.01115474893130421
B,2025-08-15,45,78.5120883126904,0.008928930775922939
B,2025-08-15,46,58.475355849333624,0.0066502167461996615
B,2025-08-15,47,48.598534476046005,0.005526957179124986
B,2025-08-16,0,31.81651350578901,0.005093086842610695
B,2025-08-16,1,21.942253714391867,0.0035124465686556536
B,2025-08-16,2,10.234009654794258,0.0016382278941562763
B,2025-08-16,3,5.737312212382555,0.0009184107911609661
B,2025-08-16,4,4.266179468928918,0.0006829165149558057
B,2025-08-16,5,3.1274894121394095,0.0005006386124762942
B,2025-08-16,6,2.500833521444243,0.00040032551968052554
B,2025-08-16,7,2.2183490755975352,0.00035510630312110374
B,2025-08-16,8,2.12639063468254,0.00034038588677485837
B,2025-08-16,9,2.1895015760610157,0.0003504884866433513
B,2025-08-16,10,2.2744942355231452,0.00036409384272821275
B,2025-08-16,11,2.401731497633171,0.0003844615811802739
B,2025-08-16,12,3.2804677689503707,0.0005251269039459534
B,2025-08-16,13,5.748192048763297,0.0009201524009545856
B,2025-08-16,14,9.970380317571953,0.0015960269437445098
B,2025-08-16,15,16.49141424918814,0.0026398934287158856
B,2025-08-16,16,29.081217804986473,0.004655229358890103
B,2025-08-16,17,45.222616381083604,0.00723909338579856
B,2025-08-16,18,97.54265016589628,0.01561431889961522
B,2025-08-16,19,136.16747582279228,0.021797258815878386
B,2025-08-16,20,171.0612044842376,0.027382936527010984
B,2025-08-16,21,198.4356799055307,0.03176495596374751
B,2025-08-16,22,226.1739108957878,0.0362052042413619
B,2025-08-16,23,253.33665164092997,0.04055332986088202
B,2025-08-16,24,265.17006575122497,0.042447585361169354
B,2025-08-16,25,275.15468076061524,0.04404589094935413
B,2025-08-16,26,290.8410452607709,0.04655691456071249
B,2025-08-16,27,303.0162400002742,0.04850588122303093
B,2025-08-16,28,309.81026684519344,0.04959344755005497
B,2025-08-16,29,305.336393300594,0.048877284024426766
B,2025-08-16,30,301.70771053433145,0.04829641596515631
B,2025-08-16,31,300.5757218299692,0.04811521079397618
B,2025-08-16,32,297.1634861743065,0.047568990903522734
B,2025-08-16,33,284.2700063039119,0.04550504342947205
B,2025-08-16,34,273.4761697753409,0.04377720022016022
B,2025-08-16,35,257.8971542968189,0.041283360700627325
B,2025-08-16,36,237.23475880660166,0.03797578978815458
B,2025-08-16,37,215.71287429450695,0.03453063459172514
B,2025-08-16,38,192.6858392259779,0.030844539655190958
B,2025-08-16,39,169.30407917834904,0.027101661466039546
B,2025-08-16,40,149.23633266255052,0.023889280080446697
B,2025-08-16,41,129.257249885557,0.02069109170570786
B,2025-08-16,42,107.16647359318897,0.017154870112564266
B,2025-08-16,43,90.9223494047737,0.014554562094569186
B,2025-08-16,44,71.9666892485568,0.011520199975757452
B,2025-08-16,45,57.31388285534822,0.009174625076892623
B,2025-08-16,46,44.01701850440876,0.007046105091149153
B,2025-08-16,47,34.416591511742865,0.005509299105449474
B,2025-08-17,0,28.67331762462142,0.006469611377396529
B,2025-08-17,1,20.503207426096292,0.0046261749607617985
B,2025-08-17,2,9.715384952587993,0.0021920994929124533
B,2025-08-17,3,6.299673820354367,0.0014214065479138914
B,2025-08-17,4,4.4552080482443674,0.0010052364729793248
B,2025-08-17,5,3.1966871111891995,0.0007212741676870937
B,2025-08-17,6,2.740102117228959,0.0006182540878224185
B,2025-08-17,7,1.612934493352969,0.00036392926294065187
B,2025-08-17,8,1.292311081945774,0.00029158643545707896
B,2025-08-17,9,1.3032301986156516,0.0002940501350667084
B,2025-08-17,10,1.3900445715371026,0.00031363821559952677
B,2025-08-17,11,1.747346523439509,0.0003942568870576509
B,2025-08-17,12,2.096610460658947,0.00047306192704398627
B,2025-08-17,13,3.183922356684633,0.0007183940335479767
B,2025-08-17,14,6.3424121626994765,0.0014310496756993404
B,2025-08-17,15,10.424376426530152,0.0023520704933506663
B,2025-08-17,16,19.091873862771436,0.0043077332722859735
B,2025-08-17,17,28.885385909241194,0.006517460719594132
B,2025-08-17,18,56.98118791035031,0.012856766225259546
B,2025-08-17,19,75.90267411416572,0.0171260546286475
B,2025-08-17,20,93.55097532160096,0.02110807204909769
B,2025-08-17,21,106.04313644410173,0.02392670046121429
B,2025-08-17,22,118.36001314142007,0.026705779138407056
B,2025-08-17,23,136.03549442831607,0.03069392924826626
B,2025-08-17,24,153.21058386040897,0.034569175058756535
B,2025-08-17,25,174.70493606354174,0.03941898376884967
B,2025-08-17,26,195.30941573791702,0.04406800896613651
B,2025-08-17,27,205.27416241749032,0.04631637238661785
B,2025-08-17,28,217.55990633275485,0.04908842651912339
B,2025-08-17,29,217.95237905316694,0.04917698083329579
B,2025-08-17,30,223.81101237987596,0.05049887463444855
B,2025-08-17,31,229.36077505731507,0.05175107740462885
B,2025-08-17,32,224.97244013526668,0.050760929633408544
B,2025-08-17,33,213.39638461589612,0.048149003749074035
B,2025-08-17,34,206.62525050062783,0.04662122078082758
B,2025-08-17,35,197.75212635978892,0.044619162084789915
B,2025-08-17,36,184.82592242706792,0.04170259982560197
B,2025-08-17,37,165.40802260236228,0.03732130473880015
B,2025-08-17,38,148.6779944722904,0.03354647889717744
B,2025-08-17,39,134.96971976103882,0.03045345662478313
B,2025-08-17,40,118.8705283417348,0.0268209675861315
B,2025-08-17,41,106.19537845787208,0.02396105109609027
B,2025-08-17,42,94.37564055762387,0.02129414272509564
B,2025-08-17,43,81.17746267702009,0.018316214502937744
B,2025-08-17,44,66.57553920035319,0.015021556678780051
B,2025-08-17,45,53.758018945238256,0.012129516910026682
B,2025-08-17,46,42.2631466068819,0.00953590853043364
B,2025-08-17,47,35.14574292871162,0.007929996148175005
B,2025-08-18,0,22.72213475623756,0.002160925797074423
B,2025-08-18,1,19.459550255122906,0.0018506467194600957
B,2025-08-18,2,10.465536293941287,0.0009952958910072552
B,2025-08-18,3,5.86077794516593,0.00055737308085268
B,2025-08-18,4,4.555802533416219,0.0004332670027024459
B,2025-08-18,5,4.106592235241904,0.0003905460994048411
B,2025-08-18,6,3.2313918124474332,0.00030731258320945633
B,2025-08-18,7,2.921226207468145,0.00027781514098603377
B,2025-08-18,8,2.8668279985456064,0.00027264174974280615
B,2025-08-18,9,2.7582442740341704,0.000262315194867729
B,2025-08-18,10,2.5496764168615056,0.00024247992552177893
B,2025-08-18,11,3.1513879204778052,0.00029970403428224493
B,2025-08-18,12,4.130741807704737,0.0003928427777179969
B,2025-08-18,13,7.93945931011809,0.0007550603243098516
B,2025-08-18,14,22.318573299458187,0.002122546200614188
B,2025-08-18,15,39.84629548445092,0.0037894717531574817
B,2025-08-18,16,75.11061982990122,0.007143187810737159
B,2025-08-18,17,119.34371876272455,0.01134985437591294
B,2025-08-18,18,185.47431988008464,0.017639022337620984
B,2025-08-18,19,241.46121267818793,0.02296350096796842
B,2025-08-18,20,304.90057922769216,0.028996726507626455
B,2025-08-18,21,344.1679050901824,0.032731136955794805
B,2025-08-18,22,375.1030540193008,0.03567313875599627
B,2025-08-18,23,402.5559340118308,0.038283968997796555
B,2025-08-18,24,434.93835228915015,0.04136360934751784
B,2025-08-18,25,449.7025294637021,0.04276771559331451
B,2025-08-18,26,462.66911944610627,0.04400086727970578
B,2025-08-18,27,471.9519383148808,0.04488368410032152
B,2025-08-18,28,493.1176298509758,0.04689658866866151
B,2025-08-18,29,496.2882926678549,0.04719812578866903
B,2025-08-18,30,495.60855777379544,0.04713348148110275
B,2025-08-18,31,499.9065230197324,0.04754222758152472
B,2025-08-18,32,500.64450013615544,0.047612410854603465
B,2025-08-18,33,489.73987625472574,0.04657535675270811
B,2025-08-18,34,468.068074019141,0.044514319925738566
B,2025-08-18,35,441.6538589274298,0.04200226903732095
B,2025-08-18,36,405.2706693760867,0.0385421463981062
B,2025-08-18,37,375.50398853302534,0.03571126852430103
B,2025-08-18,38,336.91526846524465,0.032041395003827355
B,2025-08-18,39,309.21574538397186,0.029407108453064372
B,2025-08-18,40,271.57049579503104,0.025826961083692916
B,2025-08-18,41,225.38076817765258,0.021434214757741567
B,2025-08-18,42,185.02748375298196,0.017596527223298332
B,2025-08-18,43,152.248356784195,0.014479158990413219
B,2025-08-18,44,121.55739482000223,0.011560379916310246
B,2025-08-18,45,94.82958882187931,0.00901850583184777
B,2025-08-18,46,70.68597851254232,0.006722394532814296
B,2025-08-18,47,55.503447363139216,0.005278501889028932
B,2025-08-19,0,28.659245021687365,0.0029921951369479395
B,2025-08-19,1,22.375084511343747,0.0023360915129822246
B,2025-08-19,2,11.766348503331354,0.0012284765612164705
B,2025-08-19,3,6.422328070623289,0.0006705291366280318
B,2025-08-19,4,4.161807831751994,0.0004345174182242633
B,2025-08-19,5,3.4588131700852234,0.0003611206066073526
B,2025-08-19,6,3.1496532136140605,0.00032884247375381713
B,2025-08-19,7,2.815816940775071,0.00029398798713458664
B,2025-08-19,8,2.6839415278679875,0.0002802194119720179
B,2025-08-19,9,2.770730980330562,0.00028928074549285467
B,2025-08-19,10,2.5986466038787226,0.0002713141160867324
B,2025-08-19,11,2.9677390909559525,0.0003098495605508407
B,2025-08-19,12,4.499560755964681,0.00046978082647365643
B,2025-08-19,13,8.84664107791472,0.0009236417913880477
B,2025-08-19,14,22.960001988662345,0.002397160366325156
B,2025-08-19,15,40.712991582423484,0.004250677759701763
B,2025-08-19,16,77.42810329224328,0.008083953152249246
B,2025-08-19,17,122.11297293910428,0.01274931853613534
B,2025-08-19,18,176.96807791180393,0.01847651680014658
B,2025-08-19,19,228.9951074187281,0.023908447214316987
B,2025-08-19,20,275.63040625638905,0.02877744897226864
B,2025-08-19,21,309.05108904662694,0.032266766448802144
B,2025-08-19,22,343.7923188723742,0.035893956867025914
B,2025-08-19,23,367.51001750339316,0.0383702252561488
B,2025-08-19,24,390.6353758659512,0.04078464980851443
B,2025-08-19,25,404.88719798271586,0.04227262455447023
B,2025-08-19,26,422.6288692406277,0.04412496024646353
B,2025-08-19,27,432.41872194501894,0.04514707892514293
B,2025-08-19,28,454.1511745062152,0.047416075851557236
B,2025-08-19,29,461.3950786433605,0.04817238240168725
B,2025-08-19,30,460.09541079729405,0.048036689371193785
B,2025-08-19,31,454.0213786053822,0.047402524389787246
B,2025-08-19,32,450.92749506441,0.047079504600585714
B,2025-08-19,33,432.8255185224121,0.045189550900230954
B,2025-08-19,34,409.9551211092606,0.042801745782967276
B,2025-08-19,35,395.887675658126,0.04133302105430424
B,2025-08-19,36,369.59366585340933,0.03858777050046036
B,2025-08-19,37,336.28560110507493,0.0351102110153555
B,2025-08-19,38,300.1375324843939,0.031336138284025254
B,2025-08-19,39,272.7146683168812,0.02847302864030917
B,2025-08-19,40,238.18980931270892,0.02486842861899237
B,2025-08-19,41,201.39881371713398,0.021027230498761117
B,2025-08-19,42,165.69902306175885,0.017299960645412282
B,2025-08-19,43,137.89560509950195,0.014397118928743157
B,2025-08-19,44,110.72586209957251,0.011560436635996294
B,2025-08-19,45,86.7885908848182,0.009061243567009627
B,2025-08-19,46,66.1299704260595,0.006904361080189967
B,2025-08-19,47,50.27439558603953,0.0052489450392607575
B,2025-08-20,0,33.6201235146298,0.0033542974672882177
B,2025-08-20,1,24.939771636369443,0.0024882541790251862
B,2025-08-20,2,12.03450708325693,0.0012006891233420063
B,2025-08-20,3,6.233379168213206,0.0006219075295034627
B,2025-08-20,4,4.285573221460113,0.00042757390217101795
B,2025-08-20,5,3.915349427580783,0.0003906364788567079
B,2025-08-20,6,3.5695625673749003,0.00035613714131247135
B,2025-08-20,7,3.4667227043395643,0.00034587675389998645
B,2025-08-20,8,3.344508980946087,0.0003336834262143158
B,2025-08-20,9,3.0639189139452836,0.0003056888071381107
B,2025-08-20,10,2.8426115549569415,0.0002836088551288977
B,2025-08-20,11,3.266955566922821,0.0003259458811656012
B,2025-08-20,12,4.991741662585211,0.0004980287002479508
B,2025-08-20,13,9.419224144568103,0.0009397609642390604
B,2025-08-20,14,25.586922016486746,0.0025528207140064598
B,2025-08-20,15,46.29398334715508,0.004618775151866215
B,2025-08-20,16,84.62986974299264,0.008443566770726593
B,2025-08-20,17,132.52863991167237,0.013222452350760487
B,2025-08-20,18,195.19825128369527,0.019475032553496485
B,2025-08-20,19,251.0857285026581,0.0250509556522656
B,2025-08-20,20,294.17756702801205,0.029350251125213216
B,2025-08-20,21,325.5324708772377,0.03247854643093263
B,2025-08-20,22,364.4750191679146,0.03636386502722883
B,2025-08-20,23,395.99194102989145,0.039508324955591284
B,2025-08-20,24,423.22306043196596,0.04222518811054235
B,2025-08-20,25,432.6847392808385,0.043169184803036866
B,2025-08-20,26,443.7666692096201,0.04427483480091989
B,2025-08-20,27,452.4954249956081,0.04514570737260382
B,2025-08-20,28,464.0999137950382,0.04630349334481076
B,2025-08-20,29,468.7909559269811,0.04677152109418149
B,2025-08-20,30,470.2189900342217,0.046913996810757426
B,2025-08-20,31,471.20691505482483,0.047012562611476086
B,2025-08-20,32,466.7083806370467,0.04656374145835046
B,2025-08-20,33,450.1453627852162,0.04491124042554287
B,2025-08-20,34,427.80413617307795,0.04268224445506116
B,2025-08-20,35,412.3881798224065,0.04114418635362731
B,2025-08-20,36,378.6771158523791,0.03778081570910696
B,2025-08-20,37,338.66804720092847,0.033789089813521744
B,2025-08-20,38,307.1571658675154,0.03064523255188221
B,2025-08-20,39,278.1136656260879,0.027747547204039498
B,2025-08-20,40,245.46690312640277,0.024490362478938717
B,2025-08-20,41,210.15341888948063,0.020967117518655157
B,2025-08-20,42,171.93593453747764,0.017154138934199106
B,2025-08-20,43,143.4504866560654,0.014312130764847393
B,2025-08-20,44,115.88529704272625,0.011561937248600843
B,2025-08-20,45,91.12336349674855,0.009091426069714512
B,2025-08-20,46,69.25882616954078,0.006909989640780284
B,2025-08-20,47,55.082704332936814,0.005495630483182362
B,2025-08-21,0,30.062663637355456,0.0033354780469716473
B,2025-08-21,1,22.036149623153555,0.0024449295043995956
B,2025-08-21,2,11.144037219217134,0.001236440388241111
B,2025-08-21,3,7.059323267191278,0.0007832379082648705
B,2025-08-21,4,4.941122406944362,0.0005482217249466728
B,2025-08-21,5,3.9238796649669405,0.00043535777931509383
B,2025-08-21,6,3.6433295492278424,0.00040423050585019886
B,2025-08-21,7,3.6407749921640433,0.00040394707557572877
B,2025-08-21,8,3.3334755643564815,0.00036985194323271733
B,2025-08-21,9,3.040642942595885,0.0003373619152996655
B,2025-08-21,10,2.9856548122676783,0.000331260935567256
B,2025-08-21,11,3.617395931971726,0.0004013531490038529
B,2025-08-21,12,5.146383165152992,0.0005709955802899137
B,2025-08-21,13,9.143791744573157,0.0010145114550730232
B,2025-08-21,14,22.822926533969675,0.0025322230704504243
B,2025-08-21,15,40.881829169308006,0.004535873645768114
B,2025-08-21,16,75.09284568676517,0.008331614965801084
B,2025-08-21,17,118.4379618564868,0.013140792395039031
B,2025-08-21,18,176.9763840699252,0.019635680025510395
B,2025-08-21,19,221.4906509560714,0.024574575719080373
B,2025-08-21,20,264.09940064557713,0.02930205266232965
B,2025-08-21,21,300.59017306907515,0.03335073483513538
B,2025-08-21,22,326.294642111774,0.036202667492707646
B,2025-08-21,23,358.5075086476989,0.03977671237631187
B,2025-08-21,24,382.7409498181279,0.0424654332428856
B,2025-08-21,25,387.3398929038986,0.04297568988171514
B,2025-08-21,26,395.00975753881295,0.043826667872940525
B,2025-08-21,27,406.74689113799207,0.0451289128079432
B,2025-08-21,28,424.88919291198135,0.04714181658848123
B,2025-08-21,29,428.83127383697143,0.04757919381304465
B,2025-08-21,30,422.3707217435373,0.04686239007472953
B,2025-08-21,31,420.45343810290507,0.0466496658274609
B,2025-08-21,32,415.81328763689197,0.0461348371948177
B,2025-08-21,33,402.9482099761084,0.04470744590881043
B,2025-08-21,34,382.70445942923453,0.04246138460326579
B,2025-08-21,35,364.4718175713002,0.04043845751373574
B,2025-08-21,36,339.7288198503919,0.037693200915387984
B,2025-08-21,37,310.68985992415685,0.034471303664058234
B,2025-08-21,38,280.7410370705504,0.031148456348668637
B,2025-08-21,39,251.28961562121972,0.027880796141264808
B,2025-08-21,40,216.85687360993376,0.0240604541894967
B,2025-08-21,41,187.79961553476582,0.02083652674301185
B,2025-08-21,42,155.21343867086424,0.017221062761662513
B,2025-08-21,43,126.63315928659885,0.014050056505780412
B,2025-08-21,44,102.48185395408801,0.011370448680138468
B,2025-08-21,45,80.58166664035791,0.008940604309370676
B,2025-08-21,46,60.79820965566716,0.006745612965235456
B,2025-08-21,47,46.953010305853546,0.005209476345928497
B,2025-08-22,0,26.37378980969969,0.003036006654736928
B,2025-08-22,1,20.13991627336218,0.002318397176627395
B,2025-08-22,2,9.954096523879414,0.001145861232172144
B,2025-08-22,3,5.928857179553986,0.0006824976608212254
B,2025-08-22,4,4.533796546386892,0.0005219058992042007
B,2025-08-22,5,3.5061908603074845,0.0004036135444120507
B,2025-08-22,6,3.3455002473175024,0.0003851157185815014
B,2025-08-22,7,2.880391589731185,0.00033157494989423104
B,2025-08-22,8,2.790067581028398,0.0003211773432748242
B,2025-08-22,9,2.949182078030764,0.0003394937352401018
B,2025-08-22,10,2.747892325808855,0.0003163223582144417
B,2025-08-22,11,3.152351239188444,0.0003628814595589322
B,2025-08-22,12,4.502837748805395,0.0005183420914936566
B,2025-08-22,13,8.957497616580104,0.001031138208424094
B,2025-08-22,14,24.733623037187208,0.0028471996128913556
B,2025-08-22,15,42.06005557002606,0.004841723905839307
B,2025-08-22,16,77.11441874719151,0.008876990761734949
B,2025-08-22,17,114.42657557210383,0.01317216249247195
B,2025-08-22,18,164.5228140456722,0.018938967888301163
B,2025-08-22,19,203.37616408006232,0.02341155336480515
B,2025-08-22,20,249.64543849072246,0.02873781955689219
B,2025-08-22,21,282.50714810802754,0.032520680109131755
B,2025-08-22,22,309.4866698586455,0.03562641531698463
B,2025-08-22,23,338.16863016476935,0.038928125954272974
B,2025-08-22,24,367.5843702693988,0.042314305314769055
B,2025-08-22,25,374.43112444557045,0.04310246626517445
B,2025-08-22,26,385.25458057289933,0.04434840342729358
B,2025-08-22,27,394.11948713244266,0.04536888305887449
B,2025-08-22,28,409.1932043978494,0.04710408707238971
B,2025-08-22,29,417.68143873473497,0.04808120625471796
B,2025-08-22,30,419.0763557461434,0.048241781483382457
B,2025-08-22,31,414.54158661320037,0.04771976362532524
B,2025-08-22,32,412.6318854722571,0.0474999292589222
B,2025-08-22,33,399.19049916564353,0.04595263027116882
B,2025-08-22,34,380.68831527800467,0.0438227599030741
B,2025-08-22,35,357.05438666058086,0.04110215110631758
B,2025-08-22,36,325.75746151167243,0.037499419996739086
B,2025-08-22,37,292.04222551150417,0.03361830614844068
B,2025-08-22,38,265.72908511169976,0.03058928112256242
B,2025-08-22,39,234.11732866616094,0.02695030835342016
B,2025-08-22,40,200.39489290145315,0.02306836570754612
B,2025-08-22,41,177.72082173162164,0.02045825045834254
B,2025-08-22,42,148.92709157141203,0.017143673485830787
B,2025-08-22,43,122.31771039820653,0.014080546839899451
B,2025-08-22,44,97.26271473002026,0.01119635256475426
B,2025-08-22,45,78.00103051032912,0.00897905266609061
B,2025-08-22,46,57.3730002646455,0.006604466474576436
B,2025-08-22,47,48.10549730846096,0.0055376421444066955
B,2025-08-23,0,33.954880539413324,0.005067136328818583
B,2025-08-23,1,22.940580056510136,0.0034234562090001697
B,2025-08-23,2,10.584932720524652,0.0015796049426241832
B,2025-08-23,3,5.862915076572814,0.0008749313649563967
B,2025-08-23,4,4.582695008369012,0.0006838822576285648
B,2025-08-23,5,3.38965147056485,0.0005058426310348978
B,2025-08-23,6,2.7321335090370367,0.00040772026698060535
B,2025-08-23,7,2.450512995703579,0.00036569362717558257
B,2025-08-23,8,2.3662658047388,0.00035312129603623336
B,2025-08-23,9,2.438066405261953,0.0003638362043369576
B,2025-08-23,10,2.518932246717339,0.0003759039317590418
B,2025-08-23,11,2.647925556086381,0.00039515379138731243
B,2025-08-23,12,3.612430593208045,0.0005390882843169743
B,2025-08-23,13,6.160439410217832,0.000919331355054146
B,2025-08-23,14,11.003095575035674,0.0016420079950806856
B,2025-08-23,15,18.282857651219572,0.002728377503539706
B,2025-08-23,16,32.27903744642327,0.004817047820686952
B,2025-08-23,17,49.784139174107494,0.0074293596737960745
B,2025-08-23,18,106.70076682388475,0.01592311100192281
B,2025-08-23,19,147.0183524589275,0.021939763088931127
B,2025-08-23,20,184.42880796605616,0.027522579908380265
B,2025-08-23,21,213.3452028638169,0.03183781567882658
B,2025-08-23,22,244.43229964281488,0.03647698845587448
B,2025-08-23,23,273.2631198695247,0.040779453793392734
B,2025-08-23,24,286.1257424930683,0.04269896172109659
B,2025-08-23,25,296.93162069635946,0.04431153868025063
B,2025-08-23,26,312.4146929990403,0.046622100134165095
B,2025-08-23,27,326.2819485005349,0.048691530890991624
B,2025-08-23,28,332.05347904673175,0.04955282480924217
B,2025-08-23,29,323.77829645243065,0.04831790724555002
B,2025-08-23,30,319.86707642441405,0.04773423017824415
B,2025-08-23,31,318.5400763178768,0.04753620001759093
B,2025-08-23,32,316.361558082742,0.04721109656510103
B,2025-08-23,33,304.65849406765665,0.04546463125916381
B,2025-08-23,34,292.20657984549155,0.043606413945006944
B,2025-08-23,35,276.8015522369586,0.041307499214588664
B,2025-08-23,36,251.8945135921081,0.037590585523370856
B,2025-08-23,37,231.82403309860442,0.03459543845673846
B,2025-08-23,38,206.5385951103046,0.03082205567979475
B,2025-08-23,39,181.44548023594044,0.027077373561549087
B,2025-08-23,40,160.0641621574832,0.02388660829092422
B,2025-08-23,41,139.09462851954314,0.02075729421273588
B,2025-08-23,42,114.69224336211116,0.01711569069722596
B,2025-08-23,43,97.33208811658345,0.014525009418979771
B,2025-08-23,44,77.62277396976927,0.011583759732841259
B,2025-08-23,45,62.47226025284667,0.009322826481547032
B,2025-08-23,46,47.39398497000151,0.007072673477093196
B,2025-08-23,47,37.82407858666247,0.005644542394666836
B,2025-08-24,0,27.993153784451366,0.006638167840752043
B,2025-08-24,1,19.675659939252743,0.004665795574876154
B,2025-08-24,2,9.448844470324563,0.0022406555537881345
B,2025-08-24,3,6.155153499057886,0.001459604813625299
B,2025-08-24,4,4.318045951272581,0.0010239615725095047
B,2025-08-24,5,3.10345259351127,0.0007359384855374128
B,2025-08-24,6,2.660447365664941,0.000630886261718032
B,2025-08-24,7,1.669468868713792,0.0003958901751751937
B,2025-08-24,8,1.3775161013450532,0.0003266578376440724
B,2025-08-24,9,1.3893127270906398,0.000329455235259815
B,2025-08-24,10,1.4666688524818061,0.0003477991113307579
B,2025-08-24,11,1.8041138792938003,0.00042781927419819786
B,2025-08-24,12,2.1679740795402753,0.000514103409898097
B,2025-08-24,13,3.260094388040956,0.0007730838008159725
B,2025-08-24,14,6.368419728940806,0.0015101777872755053
B,2025-08-24,15,10.248513027846895,0.002430285280494877
B,2025-08-24,16,18.684096947930115,0.004430660884024215
B,2025-08-24,17,28.519822549917606,0.0067630596513914175
B,2025-08-24,18,55.38806965912534,0.013134472292891948
B,2025-08-24,19,73.28661391522951,0.0173788508217286
B,2025-08-24,20,90.0503423619257,0.021354124344777257
B,2025-08-24,21,101.64534587807094,0.02410371019162223
B,2025-08-24,22,113.62952249623085,0.02694558275936231
B,2025-08-24,23,130.455589699141,0.030935639008570312
B,2025-08-24,24,146.54278848671345,0.03475048339737099
B,2025-08-24,25,166.97897260447348,0.03959662618080946
B,2025-08-24,26,186.50096303612426,0.0442259812748694
B,2025-08-24,27,196.65650555077815,0.0466342199551288
B,2025-08-24,28,206.78758878598487,0.04903665847426722
B,2025-08-24,29,205.69399462814675,0.04877732858149081
B,2025-08-24,30,210.83961742156515,0.04999753792306501
B,2025-08-24,31,215.9618962404883,0.05121221158180894
B,2025-08-24,32,211.9672995839876,0.05026495128859085
B,2025-08-24,33,202.48542343879993,0.04801646275522882
B,2025-08-24,34,196.26362794919578,0.04654105476623092
B,2025-08-24,35,187.5493608739652,0.04447459352002969
B,2025-08-24,36,173.4118133685768,0.04112208047630467
B,2025-08-24,37,156.7128646743531,0.03716216852605006
B,2025-08-24,38,140.47558897237502,0.03331173558747333
B,2025-08-24,39,127.39168226260776,0.03020907807982162
B,2025-08-24,40,111.64580622799518,0.026475173400046285
B,2025-08-24,41,100.46707039128667,0.02382429935766817
B,2025-08-24,42,89.32681990249007,0.021182551553827384
B,2025-08-24,43,76.99392798337973,0.018257986242205298
B,2025-08-24,44,63.81023553050508,0.015131666002016856
B,2025-08-24,45,52.19233693239204,0.012376650920652606
B,2025-08-24,46,40.838411556454595,0.009684233236057528
B,2025-08-24,47,34.739160832960145,0.008237884949717843
B,2025-08-25,0,22.421280656554387,0.0021540283078638088
B,2025-08-25,1,19.13968677585079,0.0018387632602412135
B,2025-08-25,2,10.06739301446744,0.0009671815750280949
B,2025-08-25,3,5.555537380570487,0.0005337244097003062
B,2025-08-25,4,4.253063347079834,0.000408594807097688
B,2025-08-25,5,3.814547387418947,0.00036646626836573607
B,2025-08-25,6,2.952647753168434,0.00028366296024290847
B,2025-08-25,7,2.654075695755579,0.0002549789312859621
B,2025-08-25,8,2.591833417589707,0.0002489992715524745
B,2025-08-25,9,2.483143611327863,0.00023855736490804717
B,2025-08-25,10,2.281355692576203,0.00021917145667943154
B,2025-08-25,11,2.8971750505015197,0.00027833365842074357
B,2025-08-25,12,3.911838167484717,0.00037581306249252734
B,2025-08-25,13,7.709987640195852,0.000740703971581886
B,2025-08-25,14,22.01098691127102,0.0021146110972495935
B,2025-08-25,15,39.379952148809174,0.003783259885561454
B,2025-08-25,16,74.27669584659442,0.007135814760937114
B,2025-08-25,17,118.20511273797514,0.01135604887481748
B,2025-08-25,18,184.3962685190385,0.017715080076764193
B,2025-08-25,19,239.36131898583704,0.022995611392625327
B,2025-08-25,20,300.3979123769973,0.028859440136131932
B,2025-08-25,21,340.24137979977667,0.03268723026225158
B,2025-08-25,22,371.1508726684709,0.03565672712733893
B,2025-08-25,23,398.0882740374603,0.03824462234964553
B,2025-08-25,24,429.65525238864984,0.04127728431056296
B,2025-08-25,25,445.05546902892286,0.0427567940271806
B,2025-08-25,26,457.33587019338574,0.04393658086207952
B,2025-08-25,27,466.82828249277264,0.04484852363269984
B,2025-08-25,28,487.4714986157772,0.04683173202188272
B,2025-08-25,29,491.39100907910745,0.047208282167269425
B,2025-08-25,30,490.6246945979242,0.047134661792479986
B,2025-08-25,31,494.8291475691579,0.047538586566351994
B,2025-08-25,32,495.98729570759247,0.047649850678027905
B,2025-08-25,33,486.15034698747615,0.04670480804952216
B,2025-08-25,34,464.1145287965224,0.04458781139365188
B,2025-08-25,35,437.9768353141098,0.04207674467423478
B,2025-08-25,36,402.5085284254285,0.03866927931841949
B,2025-08-25,37,372.2733005751818,0.035764559571061755
B,2025-08-25,38,333.6102240801374,0.03205017043713492
B,2025-08-25,39,305.74667047665724,0.02937329911390693
B,2025-08-25,40,267.44859991437943,0.025693976358380194
B,2025-08-25,41,224.12970103618858,0.021532299071590794
B,2025-08-25,42,183.77351923562003,0.017655252112174082
B,2025-08-25,43,151.09722126972238,0.014516017030427743
B,2025-08-25,44,121.16015917043393,0.011639942277878176
B,2025-08-25,45,93.96926831498912,0.009027694141126825
B,2025-08-25,46,70.02870303930635,0.006727707084187371
B,2025-08-25,47,55.591534067784124,0.005340718038983968
B,2025-08-26,0,26.045751015440093,0.0030271677144862964
B,2025-08-26,1,20.282183682987608,0.002357297034284938
B,2025-08-26,2,10.513644814295832,0.0012219484907363821
B,2025-08-26,3,5.757744798810267,0.0006691939561611188
B,2025-08-26,4,3.7057445140997674,0.00043070019922126536
B,2025-08-26,5,3.0658854733421497,0.0003563325747724488
B,2025-08-26,6,2.812791247265793,0.0003269166954051363
B,2025-08-26,7,2.508781562837314,0.00029158316629908343
B,2025-08-26,8,2.3921150733457517,0.0002780236022019702
B,2025-08-26,9,2.443413038755725,0.000283985708827955
B,2025-08-26,10,2.306986141440077,0.00026812949110182206
B,2025-08-26,11,2.637566816189353,0.00030655123386673095
B,2025-08-26,12,4.05683214435265,0.00047150536312792307
B,2025-08-26,13,7.962092497706161,0.0009253942930853279
B,2025-08-26,14,20.711537338782016,0.0024071986679198064
B,2025-08-26,15,36.676261055396836,0.004262698867433384
B,2025-08-26,16,69.71947364728031,0.008103146634969818
B,2025-08-26,17,110.111150254894,0.012797669718142026
B,2025-08-26,18,160.09862438646343,0.01860746448006316
B,2025-08-26,19,207.1709246863613,0.024078443129516656
B,2025-08-26,20,247.75134942137043,0.028794903465989126
B,2025-08-26,21,277.41648515660756,0.032242734211600135
B,2025-08-26,22,308.5964255980889,0.0358666231518002
B,2025-08-26,23,330.2745014671353,0.038386157771633574
B,2025-08-26,24,350.8868063297225,0.04078182314385431
B,2025-08-26,25,363.79675148853266,0.04228228166998287
B,2025-08-26,26,379.41201974657315,0.044097166404762106
B,2025-08-26,27,388.62500565851684,0.0451679457994557
B,2025-08-26,28,407.4260926699692,0.047353102355877405
B,2025-08-26,29,414.4796763215174,0.04817290519775888
B,2025-08-26,30,412.9719740494181,0.047997672483660866
B,2025-08-26,31,407.6680691674538,0.04738122607710992
B,2025-08-26,32,404.7734139337048,0.04704479473892431
B,2025-08-26,33,389.23353932843014,0.045238672632314056
B,2025-08-26,34,367.9716066022196,0.0427675042540934
B,2025-08-26,35,355.74233442334435,0.04134615695296889
B,2025-08-26,36,332.44990777039675,0.0386389943945138
B,2025-08-26,37,302.4836721372875,0.03515616830977307
B,2025-08-26,38,269.4954073996721,0.031322106857237575
B,2025-08-26,39,244.74670409955695,0.028445688528539858
B,2025-08-26,40,212.68573335945487,0.024719401831642826
B,2025-08-26,41,180.81747435152795,0.02101551305805764
B,2025-08-26,42,148.80989565495145,0.017295431852039918
B,2025-08-26,43,123.65434368783359,0.014371727532291212
B,2025-08-26,44,99.73941054702887,0.011592214150049846
B,2025-08-26,45,77.57170206507281,0.009015771974090285
B,2025-08-26,46,59.12175361262143,0.006871426500769576
B,2025-08-26,47,44.418439761945,0.005162533677585426
B,2025-08-27,0,29.776844098068057,0.003379124386980034
B,2025-08-27,1,22.07091097729371,0.002504642643814538
B,2025-08-27,2,10.45060283231071,0.0011859512973570936
B,2025-08-27,3,5.366492102903906,0.0006089981959718459
B,2025-08-27,4,3.7203757660364185,0.0004221942539759894
B,2025-08-27,5,3.3955184435878043,0.0003853289200621657
B,2025-08-27,6,3.117991960979727,0.0003538347663390521
B,2025-08-27,7,3.009303909833559,0.00034150067065746246
B,2025-08-27,8,2.9111322289228805,0.0003303599896644213
B,2025-08-27,9,2.633838435150626,0.00029889224184641695
B,2025-08-27,10,2.4490508464800773,0.000277922247671366
B,2025-08-27,11,2.818897781822875,0.0003198930755586558
B,2025-08-27,12,4.392693743301098,0.0004984899844871877
B,2025-08-27,13,8.268254905471638,0.000938294927992696
B,2025-08-27,14,22.52336915988743,0.0025559883295378383
B,2025-08-27,15,40.63915198391522,0.00461179663911884
B,2025-08-27,16,74.49750378049434,0.00845409711535342
B,2025-08-27,17,116.69107086469646,0.013242291291953751
B,2025-08-27,18,171.53307652556165,0.019465850717834958
B,2025-08-27,19,220.86335376829092,0.02506393029599307
B,2025-08-27,20,258.5985708646925,0.029346183711381355
B,2025-08-27,21,286.3582637134995,0.03249639851492278
B,2025-08-27,22,320.40848421026845,0.03636047256131054
B,2025-08-27,23,348.43671760664444,0.03954116178014576
B,2025-08-27,24,373.09373495230767,0.04233927995373442
B,2025-08-27,25,382.0409539099452,0.04335462481955801
B,2025-08-27,26,390.71958656441404,0.04433949007766841
B,2025-08-27,27,398.8239956162597,0.045259191513420303
B,2025-08-27,28,409.27795501982195,0.046445523719907164
B,2025-08-27,29,413.8056736703419,0.046959336549062855
B,2025-08-27,30,414.74358149618564,0.04706577184477822
B,2025-08-27,31,415.2655379129527,0.04712500430242314
B,2025-08-27,32,411.0802302666684,0.046650048827356835
B,2025-08-27,33,395.0795702956834,0.044834268077131575
B,2025-08-27,34,374.96450873672444,0.042551578385919706
B,2025-08-27,35,361.94603665638084,0.04107422113667508
B,2025-08-27,36,333.90307518696295,0.03789186055231082
B,2025-08-27,37,297.39525391375787,0.03374889399838378
B,2025-08-27,38,268.80197270301034,0.03050408224046872
B,2025-08-27,39,243.64915750278848,0.02764970012514622
B,2025-08-27,40,215.0252221111308,0.024401409681244983
B,2025-08-27,41,183.40888174891873,0.020813536285624004
B,2025-08-27,42,150.4640215908238,0.017074900316707192
B,2025-08-27,43,125.26760332320261,0.014215570054834613
B,2025-08-27,44,100.99838632599527,0.011461460091465646
B,2025-08-27,45,79.24300009517614,0.008992623705762159
B,2025-08-27,46,60.23466967291957,0.006835527652396684
B,2025-08-27,47,47.83592021751397,0.005428497528088286
B,2025-08-28,0,28.11746382772354,0.0033330326965058726
B,2025-08-28,1,20.270161513616394,0.0024028166801347076
B,2025-08-28,2,10.060871274268107,0.0011926115782679122
B,2025-08-28,3,6.253644932237434,0.0007413045201798761
B,2025-08-28,4,4.411566582866294,0.0005229453038011255
B,2025-08-28,5,3.4633758554941565,0.0004105471616280413
B,2025-08-28,6,3.1843985506880994,0.0003774773056766358
B,2025-08-28,7,3.1212891480230733,0.0003699963428192358
B,2025-08-28,8,2.8201379204022574,0.0003342979990993667
B,2025-08-28,9,2.5372752252946573,0.0003007675705659859
B,2025-08-28,10,2.552329466400905,0.00030255209416795933
B,2025-08-28,11,3.144900714804361,0.0003727952483172547
B,2025-08-28,12,4.629499006411799,0.0005487789244205546
B,2025-08-28,13,8.377760690816533,0.0009930963360379958
B,2025-08-28,14,21.172642613143328,0.0025097964216623195
B,2025-08-28,15,37.94455087762453,0.004497931588148948
B,2025-08-28,16,70.11903043911134,0.008311881275380672
B,2025-08-28,17,110.8412430779704,0.01313907575604201
B,2025-08-28,18,164.58679735304156,0.019510051843651205
B,2025-08-28,19,206.46674298862234,0.024474483521647977
B,2025-08-28,20,246.7890380386721,0.029254271934408736
B,2025-08-28,21,281.85366462637614,0.033410818471595084
B,2025-08-28,22,305.9883343447017,0.036271732378461555
B,2025-08-28,23,336.1426128386806,0.0398462082549408
B,2025-08-28,24,358.9962735154061,0.04255527187238099
B,2025-08-28,25,364.530489114098,0.04321129553272854
B,2025-08-28,26,370.929159376765,0.043969791296439666
B,2025-08-28,27,382.423386518942,0.045332312294801086
B,2025-08-28,28,400.1711244394358,0.04743612191079135
B,2025-08-28,29,403.895178364713,0.047877569744513154
B,2025-08-28,30,396.4686157470276,0.046997228040188195
B,2025-08-28,31,394.1648424587698,0.046724139694022025
B,2025-08-28,32,389.496298822652,0.046170732435117594
B,2025-08-28,33,376.4726745677613,0.04462691732666682
B,2025-08-28,34,356.87325385328626,0.042303609987350194
B,2025-08-28,35,340.29425997797836,0.040338342813890274
B,2025-08-28,36,319.8082695467057,0.037909941861866484
B,2025-08-28,37,290.78856401978237,0.034469957802250165
B,2025-08-28,38,262.148101414464,0.031074929043914654
B,2025-08-28,39,234.88484758281686,0.02784315405201717
B,2025-08-28,40,202.3545399150709,0.02398702464616772
B,2025-08-28,41,174.66756572407695,0.020705022015656348
B,2025-08-28,42,144.77325686207317,0.017161362833342006
B,2025-08-28,43,117.9272181323169,0.013979044349492282
B,2025-08-28,44,95.00214972231758,0.011261516088468182
B,2025-08-28,45,74.98135819571306,0.008888259624906716
B,2025-08-28,46,56.483924424626274,0.006695581368495291
B,2025-08-28,47,42.61531579621011,0.005051602156971327
B,2025-08-29,0,26.040585499842646,0.003003527739312877
B,2025-08-29,1,19.8143364336642,0.0022853905921181314
B,2025-08-29,2,9.659542330241147,0.0011141340634649535
B,2025-08-29,3,5.6614076712189965,0.0006529881973724332
B,2025-08-29,4,4.412398888003645,0.0005089272073821966
B,2025-08-29,5,3.3937248267429325,0.0003914330826693117
B,2025-08-29,6,3.2114905464372248,0.0003704141345371655
B,2025-08-29,7,2.7109854526612436,0.0003126857500185979
B,2025-08-29,8,2.6085081299519928,0.00030086598961383997
B,2025-08-29,9,2.775336991378143,0.00032010807282331524
B,2025-08-29,10,2.6182243209152043,0.00030198665754500626
B,2025-08-29,11,3.021198428338268,0.0003484657933492812
B,2025-08-29,12,4.447290296644747,0.0005129515913085059
B,2025-08-29,13,8.8722592911792,0.0010233286379676123
B,2025-08-29,14,24.59302413281011,0.0028365656439227347
B,2025-08-29,15,41.75496875756292,0.004816028691760429
B,2025-08-29,16,76.95929361237421,0.00887650445356104
B,2025-08-29,17,114.18525521510625,0.013170156310854239
B,2025-08-29,18,164.27321675694515,0.018947314504837963
B,2025-08-29,19,203.48208946497502,0.02346967583217705
B,2025-08-29,20,249.03302643624556,0.028723532460927976
B,2025-08-29,21,282.4769560003536,0.032580963783201106
B,2025-08-29,22,309.4813017865403,0.03569565187849369
B,2025-08-29,23,338.0992022674906,0.038996447781717486
B,2025-08-29,24,367.88447661121296,0.042431888882492844
B,2025-08-29,25,376.1849803608397,0.04338927109121565
B,2025-08-29,26,385.82236526561013,0.0445008495116044
B,2025-08-29,27,394.236405889213,0.045471327092181435
B,2025-08-29,28,409.7698324676374,0.0472629564553215
B,2025-08-29,29,417.8686962461348,0.0481970814586084
B,2025-08-29,30,419.5615617722561,0.048392336997953415
B,2025-08-29,31,415.0012073966403,0.04786634456708654
B,2025-08-29,32,412.8486501727425,0.047618068070673876
B,2025-08-29,33,398.4013182076027,0.04595170913582499
B,2025-08-29,34,379.3918445702177,0.04375915162286248
B,2025-08-29,35,356.1958319968166,0.04108371764669165
B,2025-08-29,36,323.86825774154755,0.03735504702901356
B,2025-08-29,37,291.06704556771496,0.03357174689362341
B,2025-08-29,38,264.43896265815255,0.030500457053996836
B,2025-08-29,39,233.23108787992754,0.02690093285812313
B,2025-08-29,40,199.2864779351014,0.02298575293369105
B,2025-08-29,41,175.98787598253142,0.020298486272494972
B,2025-08-29,42,148.03404012515924,0.01707428375146012
B,2025-08-29,43,121.47984980390574,0.014011516701719231
B,2025-08-29,44,96.14213894380389,0.011089058701707484
B,2025-08-29,45,76.7027265603974,0.008846911944682513
B,2025-08-29,46,56.98312410682804,0.006572447993867133
B,2025-08-29,47,46.025618200383356,0.005308606482166477
B,2025-08-30,0,29.796724795183355,0.005064886077712622
B,2025-08-30,1,20.443358060632384,0.0034749886215591336
B,2025-08-30,2,9.39967289350533,0.0015977686373457982
B,2025-08-30,3,5.195115123756828,0.000883072433071023
B,2025-08-30,4,3.8460108472746235,0.0006537499315442161
B,2025-08-30,5,2.7988244016106463,0.0004757478160140483
B,2025-08-30,6,2.2064834862648475,0.00037506093596206824
B,2025-08-30,7,1.9304107215967032,0.0003281337279613638
B,2025-08-30,8,1.8461152205732092,0.0003138050689398622
B,2025-08-30,9,1.9097145274495686,0.00032461576193261406
B,2025-08-30,10,1.9945406770455767,0.0003390346212894062
B,2025-08-30,11,2.1144695909687266,0.0003594202942323179
B,2025-08-30,12,2.9962843033548934,0.0005093123072165381
B,2025-08-30,13,5.130606585430205,0.0008721071877324843
B,2025-08-30,14,9.172317475405618,0.001559122467347547
B,2025-08-30,15,15.293780819718231,0.0025996567771066174
B,2025-08-30,16,27.223060860121674,0.004627411330974277
B,2025-08-30,17,42.63451845116069,0.007247070958891839
B,2025-08-30,18,92.09959312243166,0.01565520875785002
B,2025-08-30,19,127.02304780738939,0.02159154305751987
B,2025-08-30,20,157.7344690662777,0.026811910431119787
B,2025-08-30,21,184.14466045290885,0.03130114915058794
B,2025-08-30,22,214.22062617838432,0.03641350096521916
B,2025-08-30,23,239.51336030838792,0.040712792845212974
B,2025-08-30,24,251.63075151425727,0.04277252277991794
B,2025-08-30,25,262.0869532825428,0.04454988157105946
B,2025-08-30,26,274.926455334475,0.046732356847607515
B,2025-08-30,27,286.6435514631721,0.04872404410388784
B,2025-08-30,28,293.23006234766075,0.049843627800044324
B,2025-08-30,29,288.3137264350177,0.04900794262026478
B,2025-08-30,30,284.60107541036405,0.048376861365011736
B,2025-08-30,31,283.6801502573262,0.04822032130840153
B,2025-08-30,32,280.62824151220104,0.047701553886146705
B,2025-08-30,33,267.582106341019,0.045483954842940516
B,2025-08-30,34,256.2198639771215,0.043552586091640574
B,2025-08-30,35,243.30604557056031,0.04135747842436857
B,2025-08-30,36,221.9402209605468,0.037725687737641816
B,2025-08-30,37,204.01957585765626,0.034679513149355135
B,2025-08-30,38,181.00425876995985,0.030767339583538986
B,2025-08-30,39,158.83099708085334,0.026998299690779083
B,2025-08-30,40,140.17703455151863,0.023827474851524498
B,2025-08-30,41,121.7200381032511,0.020690130563190735
B,2025-08-30,42,101.16147520553122,0.01719555927342023
B,2025-08-30,43,86.06116401944435,0.01462878871654672
B,2025-08-30,44,68.15677250282518,0.011585376934017538
B,2025-08-30,45,53.93186694332109,0.009167408965378394
B,2025-08-30,46,41.12751377794592,0.00699090834233315
B,2025-08-30,47,31.35233300459537,0.005329310386638682
B,2025-08-31,0,23.731928846299827,0.006813645950703367
B,2025-08-31,1,16.471152321936497,0.004729013012327447
B,2025-08-31,2,7.79697701613251,0.0022385808257629944
B,2025-08-31,3,5.175360798126186,0.0014858917020172798
B,2025-08-31,4,3.7544395365793686,0.0010779326834853198
B,2025-08-31,5,2.690962394998387,0.0007725990223940245
B,2025-08-31,6,2.2995420067859436,0.0006602187788647555
B,2025-08-31,7,1.3813076301091274,0.000396585595782121
B,2025-08-31,8,1.1376537765457253,0.00032663042680038053
B,2025-08-31,9,1.1528606052957868,0.0003309964413711705
B,2025-08-31,10,1.2261942516125468,0.0003520511776091148
B,2025-08-31,11,1.5064362805903275,0.0004325111342493045
B,2025-08-31,12,1.7521457224647699,0.0005030564807535946
B,2025-08-31,13,2.5723157890666988,0.000738534536051306
B,2025-08-31,14,5.019763404686871,0.0014412183188879904
B,2025-08-31,15,8.159827355151448,0.0023427583563455203
B,2025-08-31,16,14.808190666635147,0.004251562063346296
B,2025-08-31,17,22.581504546607007,0.006483348994144992
B,2025-08-31,18,45.00113016433613,0.012920221120969317
B,2025-08-31,19,59.677969213932876,0.017134070977299132
B,2025-08-31,20,73.4596323376774,0.02109090793502079
B,2025-08-31,21,82.90323216875532,0.023802248684684273
B,2025-08-31,22,92.21279492632452,0.02647510620910839
B,2025-08-31,23,106.32904020404159,0.03052800465232317
B,2025-08-31,24,119.91502476586959,0.03442866057016066
B,2025-08-31,25,136.92481464815404,0.03931232117374506
B,2025-08-31,26,153.33131458079987,0.044022771915245444
B,2025-08-31,27,161.56115894998584,0.04638563277346708
B,2025-08-31,28,171.27801326111324,0.0491754272928835
B,2025-08-31,29,171.46317848649548,0.04922858986118159
B,2025-08-31,30,176.50712241924734,0.05067675062281003
B,2025-08-31,31,181.46813519710028,0.05210110111889184
B,2025-08-31,32,177.84369635710695,0.05106049278125379
B,2025-08-31,33,168.45219486889744,0.048364109925035155
B,2025-08-31,34,163.06701615135256,0.04681797764896714
B,2025-08-31,35,155.31460572913704,0.0445921922851384
B,2025-08-31,36,142.2719108390444,0.040847519620742005
B,2025-08-31,37,128.6366799837235,0.036932724657974016
B,2025-08-31,38,116.4343299879052,0.03342932241972587
B,2025-08-31,39,106.05713764653433,0.03044993903144827
B,2025-08-31,40,92.86128107403253,0.02666129229802829
B,2025-08-31,41,83.08813166412223,0.02385533495955275
B,2025-08-31,42,73.49516580210762,0.021101109905859207
B,2025-08-31,43,63.2977273382988,0.0181733354402236
B,2025-08-31,44,52.21780141660866,0.014992191046973488
B,2025-08-31,45,42.565190902128926,0.012220841487834892
B,2025-08-31,46,33.81222035095306,0.009707786491803923
B,2025-08-31,47,28.333785614588898,0.008134879590751909
C,2025-08-01,0,75.39547080341288,0.0031311711783468116
C,2025-08-01,1,59.16057892646284,0.002456936705281068
C,2025-08-01,2,41.66357293960686,0.0017302866788324622
C,2025-08-01,3,29.23019070104343,0.0012139287636963093
C,2025-08-01,4,20.73960712738425,0.0008613151346561007
C,2025-08-01,5,17.358315323859095,0.0007208902082253871
C,2025-08-01,6,13.57008630982363,0.0005635651941452564
C,2025-08-01,7,13.10037974566298,0.0005440582975066647
C,2025-08-01,8,13.69686438971882,0.0005688302832226762
C,2025-08-01,9,15.020416960154742,0.0006237973736515114
C,2025-08-01,10,18.027073124350736,0.000748663695516871
C,2025-08-01,11,21.88649764934245,0.0009089454565946447
C,2025-08-01,12,37.77480364783172,0.0015687862306504306
C,2025-08-01,13,62.40332795108832,0.002591607955109777
C,2025-08-01,14,105.1336307305982,0.004366195885651323
C,2025-08-01,15,174.71167733519215,0.007255769647210937
C,2025-08-01,16,297.6640979916319,0.012361979234670537
C,2025-08-01,17,435.78093084004416,0.018097966312556342
C,2025-08-01,18,608.4162800128041,0.025267506126201426
C,2025-08-01,19,758.1388076282688,0.03148547728843676
C,2025-08-01,20,872.2799530978963,0.03622575493574884
C,2025-08-01,21,961.5478240221381,0.03993304638988904
C,2025-08-01,22,1026.3732716195852,0.04262524488639832
C,2025-08-01,23,1070.5341034285507,0.044459242635846614
C,2025-08-01,24,1083.9820658600609,0.04501773602973798
C,2025-08-01,25,1086.2625233465578,0.045112443346756834
C,2025-08-01,26,1082.3043112048645,0.04494805893952675
C,2025-08-01,27,1082.070129524571,0.044938333382805395
C,2025-08-01,28,1096.8863522704742,0.04555365057811679
C,2025-08-01,29,1095.1735516210645,0.045482518029032123
C,2025-08-01,30,1085.957695999188,0.0450997838780343
C,2025-08-01,31,1077.1734640086129,0.0447349750408494
C,2025-08-01,32,1059.0358323193998,0.0439817198521284
C,2025-08-01,33,1012.7811495175454,0.0420607645465985
C,2025-08-01,34,954.1301579939218,0.03962499098774541
C,2025-08-01,35,876.4596075581298,0.03639933583446696
C,2025-08-01,36,773.7619115208942,0.03213430422861806
C,2025-08-01,37,696.776359530043,0.028937097036008264
C,2025-08-01,38,619.2037545314221,0.025715509553196646
C,2025-08-01,39,542.8373069624163,0.02254401374485719
C,2025-08-01,40,464.233244816307,0.01927958988397803
C,2025-08-01,41,394.17110691542547,0.01636991182837433
C,2025-08-01,42,332.2706955190211,0.013799189979609664
C,2025-08-01,43,272.98111659099243,0.011336895908924475
C,2025-08-01,44,222.09967395478364,0.009223791434643617
C,2025-08-01,45,175.5543121484004,0.00729076424055818
C,2025-08-01,46,134.9487078164247,0.005604414959775103
C,2025-08-01,47,108.33720616302672,0.004499240257611475
C,2025-08-02,0,67.07912757205546,0.004439386338322664
C,2025-08-02,1,52.47987077701125,0.003473188006420334
C,2025-08-02,2,39.8595287487931,0.002637956899324494
C,2025-08-02,3,31.874396371752603,0.0021094901635838915
C,2025-08-02,4,21.253089331438773,0.0014065578644234793
C,2025-08-02,5,15.24558096031581,0.0010089729292068702
C,2025-08-02,6,12.469480921571144,0.0008252469173773093
C,2025-08-02,7,12.03972410173699,0.0007968050365146916
C,2025-08-02,8,11.628962066021886,0.0007696202558584968
C,2025-08-02,9,11.53381742952567,0.0007633234566198325
C,2025-08-02,10,11.890593706262933,0.00078693538757531
C,2025-08-02,11,13.870890438354095,0.0009179940726905424
C,2025-08-02,12,21.692422343728165,0.0014356335105048421
C,2025-08-02,13,37.51304383695053,0.0024826633909298826
C,2025-08-02,14,64.77797587645718,0.0042870930427834
C,2025-08-02,15,107.76101917458227,0.007131768310693731
C,2025-08-02,16,181.68590674056696,0.012024216197257907
C,2025-08-02,17,263.84480900507856,0.017461602184320222
C,2025-08-02,18,365.8037847872375,0.024209383506766213
C,2025-08-02,19,452.6207748445325,0.02995504797118018
C,2025-08-02,20,546.7581340873709,0.03618518425462415
C,2025-08-02,21,614.7030494481534,0.04068186958624443
C,2025-08-02,22,663.8377447125275,0.04393366940519706
C,2025-08-02,23,684.1580923426974,0.04527849717688268
C,2025-08-02,24,697.5330863930367,0.04616367216366887
C,2025-08-02,25,698.1323711856598,0.04620333363240634
C,2025-08-02,26,691.0670717211683,0.04573574266850882
C,2025-08-02,27,692.4467693430896,0.045827052901594285
C,2025-08-02,28,695.3070401247439,0.04601634944571436
C,2025-08-02,29,683.5453846394416,0.04523794736197496
C,2025-08-02,30,656.9970610814745,0.04348094381743709
C,2025-08-02,31,635.2168732859035,0.042039501871998904
C,2025-08-02,32,612.6139163303653,0.04054360796362444
C,2025-08-02,33,577.0440743238515,0.0381895482676275
C,2025-08-02,34,537.432577440054,0.03556800644871304
C,2025-08-02,35,509.89307425603556,0.033745405311451725
C,2025-08-02,36,482.0680271497448,0.031903906495681325
C,2025-08-02,37,436.1923344857255,0.02886779182566019
C,2025-08-02,38,394.27962092190455,0.026093952410450334
C,2025-08-02,39,352.768707019037,0.023346704633953472
C,2025-08-02,40,312.3012484817959,0.02066851412851065
C,2025-08-02,41,266.76736125662694,0.01765502059937968
C,2025-08-02,42,224.31549448742192,0.01484549930426353
C,2025-08-02,43,183.3638260210557,0.012135263138388861
C,2025-08-02,44,152.13344111261907,0.01006839451440232
C,2025-08-02,45,126.36885390796884,0.008363259689475105
C,2025-08-02,46,99.76941396300145,0.006602873194109957
C,2025-08-02,47,86.06055144355261,0.005695602345701695
C,2025-08-03,0,53.31847941424481,0.005229865562947015
C,2025-08-03,1,42.38492264992513,0.004157422525740572
C,2025-08-03,2,32.231913471471735,0.0031615412919540693
C,2025-08-03,3,26.368275922068143,0.0025863929300704407
C,2025-08-03,4,19.412618022420975,0.0019041312430035286
C,2025-08-03,5,14.197361246031427,0.0013925807990222095
C,2025-08-03,6,11.851425287302824,0.0011624742802651127
C,2025-08-03,7,9.221935141046187,0.0009045546975033042
C,2025-08-03,8,9.17464908176435,0.0008999165357297058
C,2025-08-03,9,8.576640025126263,0.0008412594433669704
C,2025-08-03,10,9.40006456924868,0.0009220269317556332
C,2025-08-03,11,10.627974110636975,0.0010424692604842545
C,2025-08-03,12,16.25922570734747,0.001594823512245951
C,2025-08-03,13,26.117561043980324,0.002561800985186888
C,2025-08-03,14,42.12168910785395,0.004131602658936141
C,2025-08-03,15,67.37495105005301,0.006608626880829133
C,2025-08-03,16,106.92857084683833,0.010488334560749223
C,2025-08-03,17,149.32643110072883,0.014647026101101406
C,2025-08-03,18,191.8171938551406,0.018814830196678824
C,2025-08-03,19,239.12638859493148,0.023455261264828983
C,2025-08-03,20,291.4371206870924,0.028586279616193463
C,2025-08-03,21,340.39362146071346,0.033388290481678615
C,2025-08-03,22,373.03047839605557,0.03658955158372296
C,2025-08-03,23,409.8477964294494,0.04020086281799405
C,2025-08-03,24,440.7811289230567,0.04323502981099134
C,2025-08-03,25,448.0721704084363,0.04395018836767399
C,2025-08-03,26,456.1518771519586,0.04474270496831374
C,2025-08-03,27,458.46680859105084,0.044969770337523376
C,2025-08-03,28,459.20423822062725,0.04504210281712871
C,2025-08-03,29,456.91667598095273,0.044817722018730036
C,2025-08-03,30,455.05005679366434,0.04463463038682338
C,2025-08-03,31,445.06573924240615,0.043655295658892215
C,2025-08-03,32,436.6705317403657,0.042831832441428706
C,2025-08-03,33,423.4207441957098,0.041532196586141226
C,2025-08-03,34,399.2311339954414,0.03915950308930274
C,2025-08-03,35,374.8530822756399,0.036768325873039714
C,2025-08-03,36,336.81372284503846,0.033037147900445166
C,2025-08-03,37,312.7666673443708,0.030678437208864227
C,2025-08-03,38,286.21429762778746,0.028073987015967382
C,2025-08-03,39,260.8644292401728,0.02558748692890366
C,2025-08-03,40,238.77580226279466,0.023420873198900898
C,2025-08-03,41,216.43779795652398,0.021229798720600684
C,2025-08-03,42,187.56694037875624,0.01839793431866172
C,2025-08-03,43,160.66546842076647,0.01575924163028607
C,2025-08-03,44,140.0041180215296,0.01373262560289648
C,2025-08-03,45,121.76805531759992,0.01194389949167238
C,2025-08-03,46,96.21937994201042,0.009437898964395333
C,2025-08-03,47,82.47184590186797,0.008089440500428442
C,2025-08-04,0,56.9876974730798,0.0022281708427072176
C,2025-08-04,1,47.433817042722545,0.0018546221865312225
C,2025-08-04,2,34.77766896910779,0.001359777485498428
C,2025-08-04,3,24.737402836280218,0.0009672115591288793
C,2025-08-04,4,17.068630862985696,0.0006673690515712268
C,2025-08-04,5,14.479970126756221,0.0005661546030167431
C,2025-08-04,6,11.519136338126147,0.00045038850242907987
C,2025-08-04,7,10.307108391258188,0.00040299923331475556
C,2025-08-04,8,10.099465836434847,0.0003948805847839712
C,2025-08-04,9,9.954032853917193,0.0003891942779917576
C,2025-08-04,10,11.974028457521426,0.0004681744001220451
C,2025-08-04,11,16.158936174041227,0.0006318007575086497
C,2025-08-04,12,27.031729949417024,0.001056917811597475
C,2025-08-04,13,47.79878467729316,0.0018688921128125258
C,2025-08-04,14,84.0467613157598,0.0032861573864466607
C,2025-08-04,15,145.51475217024446,0.00568950391657196
C,2025-08-04,16,268.6208073726415,0.010502846706781414
C,2025-08-04,17,414.53371804793954,0.016207918284639487
C,2025-08-04,18,584.4263508521775,0.022850576745862432
C,2025-08-04,19,749.5767180556054,0.029307816627135025
C,2025-08-04,20,894.7767635608536,0.03498501577888855
C,2025-08-04,21,1004.2573724508749,0.0392656151255425
C,2025-08-04,22,1077.587308190778,0.042132753682779876
C,2025-08-04,23,1111.1537744139189,0.04344517416382229
C,2025-08-04,24,1139.9073205556258,0.04456941353439262
C,2025-08-04,25,1140.9270590367992,0.04460928444779477
C,2025-08-04,26,1132.3977412104118,0.0442757953241481
C,2025-08-04,27,1130.2816994234959,0.04419305987736534
C,2025-08-04,28,1148.0318233119565,0.04488707473068332
C,2025-08-04,29,1155.8613573575433,0.04519320289949731
C,2025-08-04,30,1154.3773843490294,0.04513518080814159
C,2025-08-04,31,1149.1023178341036,0.04492893016242194
C,2025-08-04,32,1142.4775820282512,0.044669908587279136
C,2025-08-04,33,1109.2197949451029,0.043369557199918
C,2025-08-04,34,1048.853029558001,0.04100926765553648
C,2025-08-04,35,972.3368152090958,0.03801754829563246
C,2025-08-04,36,898.6233001683202,0.035135412111679705
C,2025-08-04,37,793.5931028127922,0.03102882009746607
C,2025-08-04,38,700.7266406322192,0.027397819855810884
C,2025-08-04,39,626.3510848577642,0.024489798438292316
C,2025-08-04,40,546.4434643865386,0.021365477963189654
C,2025-08-04,41,462.2135701582006,0.018072160234524577
C,2025-08-04,42,386.53127640643936,0.01511304646568812
C,2025-08-04,43,325.40791767556306,0.012723174760539689
C,2025-08-04,44,258.8827725365359,0.010122097768866748
C,2025-08-04,45,201.52267805942512,0.007879366517806737
C,2025-08-04,46,154.88624068440035,0.0060559212028620715
C,2025-08-04,47,122.22129038265167,0.004778749232978248
C,2025-08-05,0,70.71432757156957,0.0030661374310180624
C,2025-08-05,1,55.48109017792444,0.002405631972333367
C,2025-08-05,2,40.208998790918095,0.0017434418241737022
C,2025-08-05,3,29.370539432059026,0.0012734917153908436
C,2025-08-05,4,21.32904016917518,0.0009248163798801189
C,2025-08-05,5,17.23302541199977,0.0007472152543901387
C,2025-08-05,6,13.069101694599361,0.0005666696307765408
C,2025-08-05,7,12.089066379268747,0.0005241757958317976
C,2025-08-05,8,10.88755802484984,0.0004720790020747448
C,2025-08-05,9,11.283413810014661,0.0004892431084427291
C,2025-08-05,10,13.393114345834196,0.0005807186552414775
C,2025-08-05,11,17.896629097348185,0.0007759887741121357
C,2025-08-05,12,29.540971747637364,0.0012808815742807685
C,2025-08-05,13,51.04547163847055,0.0022133057988323527
C,2025-08-05,14,89.9639966246126,0.0039007933323770803
C,2025-08-05,15,149.03836250678248,0.006462227919471989
C,2025-08-05,16,256.4154608492883,0.011118044523665105
C,2025-08-05,17,382.52847126948603,0.016586240786952523
C,2025-08-05,18,547.5572915405588,0.023741806856894542
C,2025-08-05,19,688.2289682469046,0.029841259517274624
C,2025-08-05,20,807.3063166359167,0.03500439303802266
C,2025-08-05,21,900.6711974557884,0.03905264698676618
C,2025-08-05,22,965.8948998156509,0.04188071368927073
C,2025-08-05,23,1000.9020806960277,0.04339860732324623
C,2025-08-05,24,1009.7134707277158,0.04378066473258968
C,2025-08-05,25,1015.1367149902252,0.04401581385727031
C,2025-08-05,26,1015.1317369156114,0.04401559801047615
C,2025-08-05,27,1014.4672727986666,0.04398678718287589
C,2025-08-05,28,1029.7127974179034,0.04464782540943951
C,2025-08-05,29,1033.387396403442,0.04480715416049265
C,2025-08-05,30,1023.4504601932263,0.04437629363886859
C,2025-08-05,31,1013.7049712098254,0.0439537341720429
C,2025-08-05,32,1002.4720011169525,0.043466678277628776
C,2025-08-05,33,984.4430954310428,0.04268495405762662
C,2025-08-05,34,933.5619991301968,0.04047877549018761
C,2025-08-05,35,871.820939952911,0.03780171443233365
C,2025-08-05,36,807.5982991277405,0.035017053250996855
C,2025-08-05,37,708.1941595549542,0.030706940101242433
C,2025-08-05,38,633.0421611922626,0.027448387512130364
C,2025-08-05,39,558.7217340772936,0.024225891431179536
C,2025-08-05,40,479.0679797699372,0.020772144984171063
C,2025-08-05,41,415.58794429768403,0.018019682794852537
C,2025-08-05,42,350.94279223265085,0.015216701740131417
C,2025-08-05,43,293.1348566096897,0.012710178927706269
C,2025-08-05,44,239.78451509519346,0.010396935138325172
C,2025-08-05,45,190.6000139556503,0.008264320077858487
C,2025-08-05,46,144.75175726455032,0.0062763628870723814
C,2025-08-05,47,112.52153660199062,0.004878876841780801
C,2025-08-06,0,71.46402776493196,0.003286760233865242
C,2025-08-06,1,53.62491310908434,0.0024663070003718133
C,2025-08-06,2,36.461694760226806,0.0016769394637458862
C,2025-08-06,3,26.52036604155785,0.0012197197278001127
C,2025-08-06,4,19.16156823979281,0.0008812752720320475
C,2025-08-06,5,15.908208016475031,0.0007316473355321267
C,2025-08-06,6,11.889212261421791,0.0005468064324804209
C,2025-08-06,7,11.27548316673042,0.0005185799184441162
C,2025-08-06,8,10.738228477495726,0.0004938706009978258
C,2025-08-06,9,11.545732315070996,0.0005310091668615644
C,2025-08-06,10,13.355208762465343,0.0006142302700853306
C,2025-08-06,11,18.216071841992072,0.0008377901780799371
C,2025-08-06,12,29.98607905328264,0.001379114154131566
C,2025-08-06,13,51.08639170506979,0.0023495557975012553
C,2025-08-06,14,91.60626189061895,0.004213138108385179
C,2025-08-06,15,151.1217128693084,0.00695036162761847
C,2025-08-06,16,261.08806009392987,0.012007913355743452
C,2025-08-06,17,384.76452557290435,0.01769601828509885
C,2025-08-06,18,544.5103543295969,0.02504301864184321
C,2025-08-06,19,678.2897952998982,0.031195777735358424
C,2025-08-06,20,782.128431464706,0.0359715049195008
C,2025-08-06,21,873.9007036533488,0.040192278142544675
C,2025-08-06,22,920.1643115380552,0.04232002536623535
C,2025-08-06,23,945.0974769705064,0.04346674685970227
C,2025-08-06,24,960.5424416256578,0.04417708879297511
C,2025-08-06,25,967.2003027271471,0.04448329589877879
C,2025-08-06,26,967.8061920330761,0.044511161846712784
C,2025-08-06,27,968.4064488065092,0.04453876874426294
C,2025-08-06,28,970.0033312470579,0.044612212263581745
C,2025-08-06,29,972.8805987491168,0.044744543013802915
C,2025-08-06,30,956.5384798913689,0.04399293933180191
C,2025-08-06,31,948.2351667458754,0.04361105490253762
C,2025-08-06,32,933.6155728447567,0.04293867326701728
C,2025-08-06,33,901.3681101277472,0.04145555397726842
C,2025-08-06,34,855.6812205180998,0.039354331072901615
C,2025-08-06,35,800.7761223904257,0.03682914604196411
C,2025-08-06,36,734.4711109010185,0.03377965832226549
C,2025-08-06,37,655.3352638388226,0.0301400572064031
C,2025-08-06,38,586.4554333024906,0.026972148889412254
C,2025-08-06,39,514.3041061865661,0.0236537785120069
C,2025-08-06,40,442.97696132686485,0.020373313771184513
C,2025-08-06,41,378.8865857229982,0.017425681172009298
C,2025-08-06,42,320.3539772293891,0.01473366036100764
C,2025-08-06,43,267.82515711686784,0.012317764665265504
C,2025-08-06,44,217.42985488321636,0.009999993325815958
C,2025-08-06,45,169.94204671338403,0.007815942910977512
C,2025-08-06,46,131.51694633158647,0.006048702862143516
C,2025-08-06,47,106.5437495414851,0.004900140253943113
C,2025-08-07,0,69.04966894745695,0.003286514466799474
C,2025-08-07,1,54.13769260577936,0.0025767583344016827
C,2025-08-07,2,39.225417587562035,0.0018669879860810105
C,2025-08-07,3,28.075312347860763,0.001336283310226595
C,2025-08-07,4,19.823142660072694,0.0009435098838682862
C,2025-08-07,5,15.77621753141601,0.0007508908867880062
C,2025-08-07,6,11.949309429226457,0.0005687439042944529
C,2025-08-07,7,11.787155070626591,0.0005610259433901281
C,2025-08-07,8,11.480526892149326,0.0005464315512684116
C,2025-08-07,9,11.260887953126202,0.0005359775322763543
C,2025-08-07,10,13.78835248319077,0.000656275701246586
C,2025-08-07,11,19.104487723665684,0.0009093045085038403
C,2025-08-07,12,31.55144053453353,0.0015017344376265364
C,2025-08-07,13,53.55446800470385,0.0025489989531034675
C,2025-08-07,14,92.66123292507962,0.004410339501431681
C,2025-08-07,15,149.0325518087007,0.007093410366906269
C,2025-08-07,16,253.46142267904074,0.012063846867160435
C,2025-08-07,17,371.6516639551756,0.017689274819380086
C,2025-08-07,18,520.1495249984157,0.024757235840000745
C,2025-08-07,19,651.0388743576235,0.030987095400172464
C,2025-08-07,20,759.8988914955653,0.03616843843386793
C,2025-08-07,21,845.1545793539461,0.04022630077838868
C,2025-08-07,22,896.7526044987087,0.04268218012844877
C,2025-08-07,23,924.8980153247265,0.04402179987266666
C,2025-08-07,24,924.9071955694657,0.044022236819108315
C,2025-08-07,25,921.8235212178273,0.04387546507462291
C,2025-08-07,26,915.6941693762565,0.0435837300988223
C,2025-08-07,27,920.2971760732775,0.04380281656702891
C,2025-08-07,28,936.0074751987169,0.044550569976140736
C,2025-08-07,29,944.6698341332974,0.04496286692685852
C,2025-08-07,30,932.039990539863,0.044361732058061064
C,2025-08-07,31,927.7629680594571,0.04415816125937445
C,2025-08-07,32,908.3956501047315,0.04323634698261454
C,2025-08-07,33,873.4777533629086,0.04157438140708751
C,2025-08-07,34,828.2220433309582,0.03942037331418173
C,2025-08-07,35,772.2813056217342,0.036757796555056364
C,2025-08-07,36,703.4030935824323,0.033479442816869695
C,2025-08-07,37,623.8153055189857,0.029691351999951727
C,2025-08-07,38,557.7629471241814,0.02654749867321187
C,2025-08-07,39,494.9251028419883,0.02355664459028978
C,2025-08-07,40,431.75798344053084,0.020550118202785857
C,2025-08-07,41,372.27081136936897,0.01771874399663822
C,2025-08-07,42,311.6259430656022,0.014832267637582209
C,2025-08-07,43,257.33672335634736,0.012248297161177885
C,2025-08-07,44,208.2416563171593,0.00991154956293
C,2025-08-07,45,161.86731518187264,0.0077042986759577655
C,2025-08-07,46,125.40394636479537,0.00596877422012353
C,2025-08-07,47,100.74664807989103,0.004795176015225656
C,2025-08-08,0,69.57715673965888,0.0034046367557084988
C,2025-08-08,1,52.41324909032669,0.0025647508852185696
C,2025-08-08,2,37.46886667225965,0.0018334736089381312
C,2025-08-08,3,26.88515289743848,0.00131557804352312
C,2025-08-08,4,19.54071657679339,0.0009561908679190346
C,2025-08-08,5,16.62380501417738,0.0008134568904960549
C,2025-08-08,6,11.264346994362864,0.0005512011643356266
C,2025-08-08,7,10.848041446565526,0.0005308299787906404
C,2025-08-08,8,11.18398753797259,0.0005472689145611954
C,2025-08-08,9,12.29497135475912,0.0006016329690134625
C,2025-08-08,10,15.06687276162966,0.0007372711275019407
C,2025-08-08,11,18.451758484492743,0.0009029046038604787
C,2025-08-08,12,30.51725762192935,0.0014933087503390756
C,2025-08-08,13,51.512923167673975,0.0025206950072261683
C,2025-08-08,14,87.43455388115282,0.004278457324386026
C,2025-08-08,15,146.13193254928413,0.007150711124940503
C,2025-08-08,16,250.22289719363624,0.012244220845255248
C,2025-08-08,17,367.8859241773443,0.018001855753442174
C,2025-08-08,18,514.0973889862044,0.025156458650724425
C,2025-08-08,19,641.2776997666009,0.03137980523422396
C,2025-08-08,20,739.3257723971017,0.03617761657844498
C,2025-08-08,21,818.542899295188,0.04005396845249501
C,2025-08-08,22,870.7770856535238,0.04260995721538089
C,2025-08-08,23,907.5933268084284,0.04441149573343259
C,2025-08-08,24,921.2961402402299,0.045082018997858186
C,2025-08-08,25,923.2169121688727,0.04517600862051638
C,2025-08-08,26,918.5990991024969,0.04495004399601179
C,2025-08-08,27,919.1826256156289,0.04497859784770155
C,2025-08-08,28,932.2945091685926,0.04562020498965515
C,2025-08-08,29,931.2224627684135,0.045567746269740333
C,2025-08-08,30,923.0467527743883,0.0451676821674686
C,2025-08-08,31,914.951886767479,0.044771574024636863
C,2025-08-08,32,898.8902923657456,0.0439856279294258
C,2025-08-08,33,858.7037884055443,0.04201917148197026
C,2025-08-08,34,809.3462103710664,0.03960394452784627
C,2025-08-08,35,743.4908681852864,0.03638142827291478
C,2025-08-08,36,657.628047411506,0.03217988096552682
C,2025-08-08,37,590.8221146714246,0.02891084922056296
C,2025-08-08,38,525.6437438759134,0.025721459379326354
C,2025-08-08,39,459.91584894615835,0.022505179533478095
C,2025-08-08,40,392.87292117020223,0.019224550849980537
C,2025-08-08,41,333.5915993300609,0.01632372280926115
C,2025-08-08,42,280.616703278099,0.013731488710026375
C,2025-08-08,43,231.03763573241872,0.011305423553162004
C,2025-08-08,44,187.93819600630425,0.009196427676957539
C,2025-08-08,45,148.66872265275094,0.007274844522056711
C,2025-08-08,46,114.17934735989216,0.005587167124676657
C,2025-08-08,47,91.90498456302026,0.004497210049081046
C,2025-08-09,0,61.29315316862434,0.004531841269399212
C,2025-08-09,1,47.71122952160011,0.0035276324969759783
C,2025-08-09,2,36.58277630017585,0.0027048263438207653
C,2025-08-09,3,29.390784945505064,0.0021730709756380825
C,2025-08-09,4,19.68326869320441,0.0014553248571685332
C,2025-08-09,5,14.047294944936125,0.0010386170014740203
C,2025-08-09,6,11.23256607914738,0.00083050396148964
C,2025-08-09,7,10.816132557908285,0.0007997140523407234
C,2025-08-09,8,10.359334541477685,0.0007659397073181282
C,2025-08-09,9,10.217187450212027,0.0007554297560230704
C,2025-08-09,10,10.534719744341048,0.0007789071899697632
C,2025-08-09,11,12.306482500289698,0.0009099062846794602
C,2025-08-09,12,19.28502842475142,0.0014258801053420643
C,2025-08-09,13,33.47827838338068,0.002475288605055873
C,2025-08-09,14,57.68709633004569,0.004265219691685448
C,2025-08-09,15,95.99621179304415,0.007097686639042081
C,2025-08-09,16,161.88746072074295,0.011969498020017963
C,2025-08-09,17,236.21596387548632,0.01746513596121895
C,2025-08-09,18,327.75623552980306,0.024233363070595423
C,2025-08-09,19,404.30089018433745,0.02989285694523752
C,2025-08-09,20,488.57277942178445,0.03612368054874562
C,2025-08-09,21,551.3162299577256,0.04076275267709616
C,2025-08-09,22,593.624742501013,0.04389092365996399
C,2025-08-09,23,611.6817833096474,0.04522600985653585
C,2025-08-09,24,623.924034660645,0.04613116707287579
C,2025-08-09,25,624.3704027487533,0.04616417025868786
C,2025-08-09,26,617.1751243955783,0.04563217185919249
C,2025-08-09,27,618.4243606953736,0.04572453683514777
C,2025-08-09,28,620.649381604182,0.04588904854744414
C,2025-08-09,29,610.4344510782412,0.04513378566197717
C,2025-08-09,30,587.6957063431935,0.043452547603932974
C,2025-08-09,31,567.89011302339,0.041988178412080586
C,2025-08-09,32,547.6009720607935,0.04048805708397734
C,2025-08-09,33,514.239332836346,0.03802139244631024
C,2025-08-09,34,480.16165864132705,0.03550178622117021
C,2025-08-09,35,459.2491689496798,0.03395557626245322
C,2025-08-09,36,431.57952620253013,0.03190976164159188
C,2025-08-09,37,392.41309514872313,0.029013907219868622
C,2025-08-09,38,353.9054654607655,0.026166762695805215
C,2025-08-09,39,316.0479056024101,0.023367682484466547
C,2025-08-09,40,280.1568999827502,0.02071400369558227
C,2025-08-09,41,239.43154731025814,0.01770288704696918
C,2025-08-09,42,201.14723316449087,0.014872253838409677
C,2025-08-09,43,164.61244103112745,0.012170975307292232
C,2025-08-09,44,136.8925705394582,0.010121446989978427
C,2025-08-09,45,113.75518325668673,0.008410734436723603
C,2025-08-09,46,89.61740762262248,0.006626056016460072
C,2025-08-09,47,77.64838676149083,0.005741100684768268
C,2025-08-10,0,50.58810029155274,0.005357206427147383
C,2025-08-10,1,39.66659175027564,0.004200634517661298
C,2025-08-10,2,30.184882150675328,0.003196535227223904
C,2025-08-10,3,24.73933688238373,0.0026198598837640294
C,2025-08-10,4,18.262651400472546,0.0019339882876705016
C,2025-08-10,5,13.49084169752541,0.001428660563118226
C,2025-08-10,6,11.218256128102354,0.0011879970484064762
C,2025-08-10,7,8.80950251732155,0.0009329135356689135
C,2025-08-10,8,8.634259839321926,0.0009143555903126047
C,2025-08-10,9,8.022330695069478,0.000849553181729268
C,2025-08-10,10,8.722806976935875,0.0009237326037208381
C,2025-08-10,11,9.893207172611497,0.0010476762864144336
C,2025-08-10,12,15.160063824092743,0.0016054287645973465
C,2025-08-10,13,24.259750557614254,0.0025690723877596373
C,2025-08-10,14,39.22504626175367,0.004153875491025486
C,2025-08-10,15,62.627192446051914,0.006632128819872065
C,2025-08-10,16,98.94573258300112,0.01047820952906927
C,2025-08-10,17,138.980041599633,0.014717784771749764
C,2025-08-10,18,178.5056139200982,0.01890348553638655
C,2025-08-10,19,219.2896246224586,0.023222453099910896
C,2025-08-10,20,269.0521448722976,0.02849223179840068
C,2025-08-10,21,313.0414457144053,0.03315063493745688
C,2025-08-10,22,344.2042471252107,0.036450730395553396
C,2025-08-10,23,377.65745570099597,0.03999337664947537
C,2025-08-10,24,405.8775416976726,0.04298184281453697
C,2025-08-10,25,412.59367615925566,0.043693071710182746
C,2025-08-10,26,420.5070433348164,0.04453108581328141
C,2025-08-10,27,423.0799119540674,0.04480354886731626
C,2025-08-10,28,424.4587051944264,0.04494956107110308
C,2025-08-10,29,422.4760655577972,0.044739602410017704
C,2025-08-10,30,422.4062682081404,0.04473221097195175
C,2025-08-10,31,413.2096912147463,0.043758306810838324
C,2025-08-10,32,405.5709898778327,0.042949379421564404
C,2025-08-10,33,392.5720790389547,0.04157281362267867
C,2025-08-10,34,369.66680934349654,0.03914717879312682
C,2025-08-10,35,347.5830135914273,0.03680853686237714
C,2025-08-10,36,310.95479374846155,0.032929661521599235
C,2025-08-10,37,289.726939681429,0.03068166257348607
C,2025-08-10,38,266.0588206091845,0.028175243101682148
C,2025-08-10,39,241.54810807734088,0.02557959420494979
C,2025-08-10,40,222.13888752276242,0.02352418590731361
C,2025-08-10,41,201.69710438067676,0.02135943072971267
C,2025-08-10,42,175.0403481179697,0.01853651891538385
C,2025-08-10,43,151.25065042805417,0.01601722444435605
C,2025-08-10,44,130.9312196086916,0.0138654262002215
C,2025-08-10,45,113.57970032191047,0.012027925481511222
C,2025-08-10,46,89.92881757958227,0.009523331312038788
C,2025-08-10,47,76.96168802144268,0.008150131104674645
C,2025-08-11,0,52.626503764523434,0.002236570495729853
C,2025-08-11,1,43.96789012657882,0.0018685886156642084
C,2025-08-11,2,32.29811240443198,0.0013726354613018267
C,2025-08-11,3,22.95031798260892,0.0009753641301576252
C,2025-08-11,4,15.87662769375117,0.0006747398084892125
C,2025-08-11,5,13.498772092312665,0.0005736834718364924
C,2025-08-11,6,11.033364927793555,0.0004689062867740567
C,2025-08-11,7,10.081935278496303,0.0004284715375476542
C,2025-08-11,8,9.473478719793,0.0004026127802716957
C,2025-08-11,9,9.345050959104698,0.00039715473689352736
C,2025-08-11,10,10.83986730106436,0.00046068284322415464
C,2025-08-11,11,14.312638384515372,0.0006082719245437897
C,2025-08-11,12,23.36960411309568,0.0009931833452229359
C,2025-08-11,13,42.40019800516054,0.0018019633661351697
C,2025-08-11,14,75.72469286176354,0.0032182189911501716
C,2025-08-11,15,131.70841416617745,0.005597467665370908
C,2025-08-11,16,244.37642481925477,0.010385738411358043
C,2025-08-11,17,378.9357007181062,0.016104364671402728
C,2025-08-11,18,535.70730628739,0.022766991342430515
C,2025-08-11,19,685.3867999267284,0.029128210791616163
C,2025-08-11,20,820.7350838812303,0.03488036905572589
C,2025-08-11,21,919.8557425300531,0.03909289173523388
C,2025-08-11,22,990.8237810908777,0.04210895797241299
C,2025-08-11,23,1021.9997236772003,0.0434339024087208
C,2025-08-11,24,1047.8970873100425,0.04453451284785561
C,2025-08-11,25,1048.5827430256693,0.04456365248727876
C,2025-08-11,26,1040.138916174255,0.0442047988174354
C,2025-08-11,27,1038.0298224638886,0.04411516457560088
C,2025-08-11,28,1054.0079979714533,0.04479422005828531
C,2025-08-11,29,1061.2559979672756,0.04510225235730028
C,2025-08-11,30,1063.2260709513089,0.04518597836597148
C,2025-08-11,31,1059.3696126543412,0.04502208298573486
C,2025-08-11,32,1053.447069533967,0.044770381195663705
C,2025-08-11,33,1022.7640201798692,0.04346638419803949
C,2025-08-11,34,964.61123588001,0.040994952651084146
C,2025-08-11,35,896.1502771843877,0.03808543464447037
C,2025-08-11,36,828.9725123517758,0.035230451013675126
C,2025-08-11,37,732.7912691060667,0.03114285036574869
C,2025-08-11,38,647.3318709650199,0.027510916743094766
C,2025-08-11,39,578.3931729011492,0.02458109532091582
C,2025-08-11,40,505.36282610479043,0.021477383174874222
C,2025-08-11,41,427.7534555824652,0.01817906738557013
C,2025-08-11,42,357.7961390114315,0.01520595575909186
C,2025-08-11,43,301.5012836753136,0.01281348421909535
C,2025-08-11,44,239.9614693244514,0.010198107493601845
C,2025-08-11,45,186.41485150399953,0.007922433128091778
C,2025-08-11,46,143.41985680738134,0.006095191534525344
C,2025-08-11,47,113.49240965767443,0.004823306827780469
C,2025-08-12,0,69.57034966351232,0.0032034972447166883
C,2025-08-12,1,52.91382891342825,0.002436516503818587
C,2025-08-12,2,38.36011096861251,0.0017663632623572552
C,2025-08-12,3,28.064733177834444,0.001292293280740178
C,2025-08-12,4,20.415952052875614,0.0009400908068736757
C,2025-08-12,5,16.573539368474155,0.0007631597075320787
C,2025-08-12,6,12.863998177614706,0.0005923469253402728
C,2025-08-12,7,12.109359467695517,0.0005575981704515134
C,2025-08-12,8,10.696053838345625,0.000492519861783194
C,2025-08-12,9,11.066867107042698,0.0005095946542820232
C,2025-08-12,10,12.656432783580197,0.0005827891874375004
C,2025-08-12,11,16.91277018329873,0.0007787802267025248
C,2025-08-12,12,27.848421452595485,0.0012823328016114328
C,2025-08-12,13,48.18343749716063,0.0022186967581692054
C,2025-08-12,14,84.88359515937998,0.00390862435692683
C,2025-08-12,15,141.1653986558734,0.006500225567798195
C,2025-08-12,16,242.0727426136478,0.011146693494204898
C,2025-08-12,17,361.8466192656583,0.016661906306840647
C,2025-08-12,18,515.1751021907996,0.02372220390435141
C,2025-08-12,19,647.2506551074883,0.029803870475088104
C,2025-08-12,20,759.6928057926855,0.03498148021332069
C,2025-08-12,21,848.2643700638275,0.03905992402559412
C,2025-08-12,22,910.4798358870709,0.04192475184818671
C,2025-08-12,23,942.6357546084364,0.043405431441195214
C,2025-08-12,24,950.5540686679966,0.04377004506460361
C,2025-08-12,25,955.5139766922241,0.043998433332975276
C,2025-08-12,26,955.462260767522,0.0439960519762178
C,2025-08-12,27,954.9423662598958,0.0439721124584379
C,2025-08-12,28,967.3504652952743,0.044543466652635
C,2025-08-12,29,970.6307852421421,0.04469451513754856
C,2025-08-12,30,962.2460282912195,0.044308423276291364
C,2025-08-12,31,953.3814849696622,0.04390023875165364
C,2025-08-12,32,943.3284915059484,0.04343732981102125
C,2025-08-12,33,924.8381686346515,0.04258590821175354
C,2025-08-12,34,875.8950490210964,0.0403322304655844
C,2025-08-12,35,820.0397047310763,0.03776026636879294
C,2025-08-12,36,757.7413281088677,0.034891620762944595
C,2025-08-12,37,666.4954566565277,0.030690033460262823
C,2025-08-12,38,595.9623951953683,0.0274422063450462
C,2025-08-12,39,525.6424576852733,0.024204192921917084
C,2025-08-12,40,452.0671530243332,0.020816280012171718
C,2025-08-12,41,392.96270865637695,0.018094705007891374
C,2025-08-12,42,331.54996319369707,0.015266839949979145
C,2025-08-12,43,276.8701142329923,0.0127490037405255
C,2025-08-12,44,226.9769899277897,0.010451581246387148
C,2025-08-12,45,180.45517083902408,0.008309396824562512
C,2025-08-12,46,137.22033801312557,0.006318567850675764
C,2025-08-12,47,107.17034039097807,0.0049348593447979955
C,2025-08-13,0,69.56744889133381,0.0032884636677539027
C,2025-08-13,1,52.2399126311779,0.0024693884486493927
C,2025-08-13,2,35.545757933099814,0.0016802532702954297
C,2025-08-13,3,25.810927795455598,0.0012200864001633467
C,2025-08-13,4,18.684103478615256,0.0008832003535152568
C,2025-08-13,5,15.541588815962516,0.0007346532174881832
C,2025-08-13,6,11.9916282037916,0.0005668460507582888
C,2025-08-13,7,11.565911125496534,0.0005467223410775956
C,2025-08-13,8,10.770651931838039,0.0005091303205784939
C,2025-08-13,9,11.552930026213597,0.0005461087225815929
C,2025-08-13,10,12.941437365612499,0.0006117436712650673
C,2025-08-13,11,17.62606967944209,0.0008331869382860832
C,2025-08-13,12,29.06671059930158,0.0013739877380903607
C,2025-08-13,13,49.57628522275368,0.0023434783844364774
C,2025-08-13,14,89.05923813503881,0.004209843447650145
C,2025-08-13,15,147.5792341875973,0.006976092374738705
C,2025-08-13,16,253.78527875790857,0.011996467915760273
C,2025-08-13,17,375.366172509965,0.017743614866932877
C,2025-08-13,18,529.0085585678621,0.025006313333389842
C,2025-08-13,19,659.3857640388383,0.03116926324929512
C,2025-08-13,20,761.0393548647959,0.03597444362395632
C,2025-08-13,21,850.0823415183711,0.040183518861657816
C,2025-08-13,22,895.38820216356,0.04232513364044245
C,2025-08-13,23,919.4052522801968,0.04346042317561791
C,2025-08-13,24,933.5402714877353,0.044128587638276304
C,2025-08-13,25,940.3444364880811,0.04445022153098942
C,2025-08-13,26,939.3210881601559,0.04440184770315084
C,2025-08-13,27,939.961948115406,0.04443214124866018
C,2025-08-13,28,940.4106501333209,0.04445335145985918
C,2025-08-13,29,943.123299676198,0.044581578807667124
C,2025-08-13,30,928.870608599824,0.04390785197824741
C,2025-08-13,31,921.0707772150938,0.04353915278728877
C,2025-08-13,32,908.368803987688,0.04293872862149317
C,2025-08-13,33,877.19307882013,0.041465047450727016
C,2025-08-13,34,832.8815422798729,0.03937043452043833
C,2025-08-13,35,780.8441151748416,0.03691061759276018
C,2025-08-13,36,711.9110191857675,0.03365213988115186
C,2025-08-13,37,638.5458251896218,0.030184156236805572
C,2025-08-13,38,571.0371154039714,0.026993009473125565
C,2025-08-13,39,501.2433514247685,0.023693847857469558
C,2025-08-13,40,433.21215849902956,0.020478003237959327
C,2025-08-13,41,371.18786442645893,0.017546105621671422
C,2025-08-13,42,313.41277119901116,0.014815068362042598
C,2025-08-13,43,261.9002649230187,0.012380064520114333
C,2025-08-13,44,213.28244858026918,0.010081893102352597
C,2025-08-13,45,166.57352216009588,0.007873955195466598
C,2025-08-13,46,129.06170811134243,0.0061007661598365594
C,2025-08-13,47,105.12057003407126,0.004969064998065292
C,2025-08-14,0,68.20616694020784,0.0032786697562951416
C,2025-08-14,1,53.53255383714679,0.0025733093225566886
C,2025-08-14,2,38.77095090290108,0.0018637192185214189
C,2025-08-14,3,27.70539820665185,0.00133179821211613
C,2025-08-14,4,19.546866405416928,0.0009396176707886808
C,2025-08-14,5,15.549034569885377,0.0007474419348115838
C,2025-08-14,6,12.147913714258571,0.0005839500896148907
C,2025-08-14,7,12.156582541444438,0.0005843668000502061
C,2025-08-14,8,11.589492476980174,0.0005571067863760119
C,2025-08-14,9,11.372037048135843,0.0005466537061066117
C,2025-08-14,10,13.655743612266498,0.0006564314575910444
C,2025-08-14,11,18.916933843051336,0.0009093368188747457
C,2025-08-14,12,31.217657941500658,0.0015006325021151112
C,2025-08-14,13,52.9592182280482,0.002545749085614969
C,2025-08-14,14,91.85599805467173,0.004415516899229521
C,2025-08-14,15,148.54705989309906,0.007140655669523582
C,2025-08-14,16,251.5716667160832,0.012093047479502149
C,2025-08-14,17,369.8052830854454,0.017776536224844753
C,2025-08-14,18,515.1590915109724,0.024763692328557053
C,2025-08-14,19,643.6163758806811,0.03093863269147147
C,2025-08-14,20,751.3275841269493,0.03611630938455748
C,2025-08-14,21,835.1915402198027,0.04014764890735965
C,2025-08-14,22,887.5404993360087,0.04266406284362874
C,2025-08-14,23,915.6518519333517,0.04401537527920741
C,2025-08-14,24,913.4244104281738,0.043908302188538854
C,2025-08-14,25,911.3750048895251,0.04380978728498414
C,2025-08-14,26,904.239241861068,0.04346677122823958
C,2025-08-14,27,909.1324259397971,0.043701986537508876
C,2025-08-14,28,922.0752165909893,0.04432414635345812
C,2025-08-14,29,930.36088516764,0.0447224383582964
C,2025-08-14,30,920.8744380585696,0.0442664249415262
C,2025-08-14,31,917.3265023785711,0.044095875709204015
C,2025-08-14,32,899.8039983163112,0.043253569115815564
C,2025-08-14,33,865.3199272909752,0.041595920169733944
C,2025-08-14,34,820.185198419936,0.03942629420852454
C,2025-08-14,35,767.3076333833991,0.03688447019100125
C,2025-08-14,36,694.2559854081105,0.03337287821026345
C,2025-08-14,37,619.7745568089367,0.029792556689368685
C,2025-08-14,38,553.0446459267627,0.026584850546880864
C,2025-08-14,39,491.381150583236,0.023620686948191895
C,2025-08-14,40,429.9654318865441,0.02066843397041504
C,2025-08-14,41,371.9865629867854,0.017881390327682805
C,2025-08-14,42,310.84992692218043,0.014942552849213114
C,2025-08-14,43,256.4278592421855,0.012326484605210089
C,2025-08-14,44,208.0309979385999,0.010000047970898424
C,2025-08-14,45,161.6493892367012,0.00777048450880648
C,2025-08-14,46,125.38628084796584,0.006027317254625094
C,2025-08-14,47,101.22882846207408,0.004866068762297461
C,2025-08-15,0,68.25480066760164,0.003295263876193774
C,2025-08-15,1,51.69419485271458,0.0024957367282728037
C,2025-08-15,2,36.512897535183136,0.00176280102038252
C,2025-08-15,3,25.61678462267226,0.0012367491248333057
C,2025-08-15,4,18.19037656283822,0.0008782106195547831
C,2025-08-15,5,15.271811551661882,0.0007373056318090997
C,2025-08-15,6,11.830798537468192,0.0005711774507540285
C,2025-08-15,7,11.615731622483644,0.0005607942655570725
C,2025-08-15,8,11.86735097769659,0.0005729421608505089
C,2025-08-15,9,12.98871666837536,0.0006270804165681148
C,2025-08-15,10,15.291494913282465,0.0007382559220432803
C,2025-08-15,11,18.587983687818195,0.0008974066377549459
C,2025-08-15,12,31.206990668149672,0.0015066378925384866
C,2025-08-15,13,52.47996424335034,0.0025336727776444907
C,2025-08-15,14,88.9993817966887,0.004296788577062168
C,2025-08-15,15,149.31107206091602,0.007208568148549994
C,2025-08-15,16,254.69448400761462,0.012296359001960827
C,2025-08-15,17,374.04214684492706,0.018058327950800323
C,2025-08-15,18,520.0436055181731,0.025107111742295806
C,2025-08-15,19,647.8787417143914,0.03127884621804622
C,2025-08-15,20,747.0005750269152,0.036064335201415304
C,2025-08-15,21,826.8337731561983,0.039918590892492556
C,2025-08-15,22,881.9529625512755,0.0425796824482825
C,2025-08-15,23,920.545550926339,0.04444288856883788
C,2025-08-15,24,932.6283242401324,0.045026231074211
C,2025-08-15,25,935.7410716799095,0.04517651096798675
C,2025-08-15,26,930.7904650413924,0.04493750132966699
C,2025-08-15,27,930.390350928073,0.044918184276931054
C,2025-08-15,28,942.2335936889245,0.04548996252058729
C,2025-08-15,29,941.013270426465,0.0454310467062456
C,2025-08-15,30,933.197448985753,0.04505370776738053
C,2025-08-15,31,926.6809455672699,0.04473909841970115
C,2025-08-15,32,911.1380843905787,0.04398870682134788
C,2025-08-15,33,870.5796191319007,0.04203059040853091
C,2025-08-15,34,820.5095617279699,0.03961326518263747
C,2025-08-15,35,755.2542381123426,0.0364628126351732
C,2025-08-15,36,665.1306047488159,0.03211174647558615
C,2025-08-15,37,601.6829598900222,0.029048566595375958
C,2025-08-15,38,533.7941521596894,0.02577097244048131
C,2025-08-15,39,467.1750390677268,0.022554677693609172
C,2025-08-15,40,401.032674947573,0.019361399842976537
C,2025-08-15,41,341.53870210827694,0.016489098735493504
C,2025-08-15,42,287.34644416892974,0.013872758372468003
C,2025-08-15,43,236.0930773972476,0.01139830432082497
C,2025-08-15,44,192.57177328688587,0.00929714542977289
C,2025-08-15,45,152.29992800458993,0.00735286670229276
C,2025-08-15,46,117.16954917581782,0.005656812107170271
C,2025-08-15,47,94.29593040897775,0.0045524998990478325
C,2025-08-16,0,62.21451200727127,0.0044823135451924545
C,2025-08-16,1,48.65313731556283,0.0035052692590463136
C,2025-08-16,2,37.19450689665695,0.0026797195170502122
C,2025-08-16,3,29.868330789228988,0.0021518970309242786
C,2025-08-16,4,19.980420555714545,0.0014395115674145926
C,2025-08-16,5,14.234378793200936,0.001025531613343007
C,2025-08-16,6,11.768989294368458,0.000847909891525105
C,2025-08-16,7,11.44992232578736,0.0008249223577656599
C,2025-08-16,8,10.880103649399171,0.000783869139005704
C,2025-08-16,9,10.744748148228403,0.0007741173017455622
C,2025-08-16,10,10.894711949099413,0.0007849216101656638
C,2025-08-16,11,12.633991598810955,0.0009102299422774463
C,2025-08-16,12,19.81561575561813,0.0014276380227390584
C,2025-08-16,13,34.348535830131965,0.002474678373928816
C,2025-08-16,14,59.273143231792076,0.004270399368284732
C,2025-08-16,15,98.9888568947144,0.0071317620241148705
C,2025-08-16,16,166.64260590893633,0.012005951434361407
C,2025-08-16,17,242.71278974678748,0.01748651222959564
C,2025-08-16,18,336.55843408015744,0.024247725798282237
C,2025-08-16,19,414.60549809253087,0.02987071311905842
C,2025-08-16,20,500.7067108337514,0.036073970521163644
C,2025-08-16,21,563.7130955224968,0.04061333541228363
C,2025-08-16,22,610.5096315152447,0.04398484376910985
C,2025-08-16,23,628.840890001249,0.04530553962545022
C,2025-08-16,24,639.4064482274075,0.04606674699044722
C,2025-08-16,25,640.7029022150931,0.04616015145641881
C,2025-08-16,26,633.5353439898595,0.045643756771603705
C,2025-08-16,27,634.6887904541181,0.04572685810188171
C,2025-08-16,28,636.9189805692474,0.04588753462314463
C,2025-08-16,29,625.495837737256,0.045064541623721616
C,2025-08-16,30,602.3450136313282,0.043396614814937194
C,2025-08-16,31,583.4753292211253,0.042037127465498945
C,2025-08-16,32,562.6682409443848,0.04053805770492686
C,2025-08-16,33,528.2789654228098,0.038060444194726935
C,2025-08-16,34,492.73241271872166,0.035499453365902135
C,2025-08-16,35,469.35582219421485,0.03381526096500107
C,2025-08-16,36,441.6156096947673,0.0318166865774328
C,2025-08-16,37,402.2982439954417,0.028984023342611073
C,2025-08-16,38,363.2781807172931,0.026172779590583076
C,2025-08-16,39,324.31915990305276,0.023365933710594578
C,2025-08-16,40,288.5566828474998,0.020789386372298258
C,2025-08-16,41,247.02320668770895,0.0177970610005554
C,2025-08-16,42,207.4720579844255,0.014947554609828927
C,2025-08-16,43,169.4460430307726,0.012207928172245865
C,2025-08-16,44,140.78753325236045,0.0101431940383545
C,2025-08-16,45,116.88628190659625,0.00842120186646947
C,2025-08-16,46,92.1641780379893,0.006640070463832082
C,2025-08-16,47,79.31517387978765,0.00571434970315473
C,2025-08-17,0,50.41623479830982,0.0052941546569683735
C,2025-08-17,1,39.92158564930967,0.004192122823617523
C,2025-08-17,2,30.378818846262234,0.003190047132863828
C,2025-08-17,3,24.88273471405018,0.002612909242260861
C,2025-08-17,4,18.402304582082294,0.0019324062356486712
C,2025-08-17,5,13.611176865170282,0.0014292950609230582
C,2025-08-17,6,11.4634594087274,0.001203765557988806
C,2025-08-17,7,9.03843239227049,0.0009491160760548661
C,2025-08-17,8,8.843168957375052,0.0009286116725165444
C,2025-08-17,9,8.219417268003019,0.0008631121776754194
C,2025-08-17,10,8.796755159372745,0.0009237378094479413
C,2025-08-17,11,9.90019814462356,0.001039609171965091
C,2025-08-17,12,15.215728059270008,0.0015977872581402928
C,2025-08-17,13,24.376487548117026,0.0025597487711978397
C,2025-08-17,14,39.529093413468196,0.004150907635563183
C,2025-08-17,15,63.34597895453624,0.006651893201148403
C,2025-08-17,16,100.91307795104005,0.01059677391064161
C,2025-08-17,17,140.3629397347146,0.014739361517874052
C,2025-08-17,18,180.4540641054202,0.018949287420499863
C,2025-08-17,19,220.57323700905997,0.023162158669438198
C,2025-08-17,20,271.05519918012436,0.02846321528721247
C,2025-08-17,21,315.46720650079203,0.033126872466742834
C,2025-08-17,22,347.87982792774807,0.03653048702381057
C,2025-08-17,23,381.87911223985157,0.04010071534598882
C,2025-08-17,24,409.0104564768914,0.04294974865870959
C,2025-08-17,25,416.46055031425834,0.04373207500937292
C,2025-08-17,26,424.46878101109473,0.04457301071207547
C,2025-08-17,27,427.00538213031155,0.04483937647068272
C,2025-08-17,28,428.2201188216796,0.04496693466572294
C,2025-08-17,29,425.50685419950815,0.04468201766244966
C,2025-08-17,30,424.5606717070643,0.04458266005534645
C,2025-08-17,31,416.13557925983673,0.04369795014804544
C,2025-08-17,32,408.07640788049287,0.04285166521899537
C,2025-08-17,33,394.73351975191423,0.041450542870094954
C,2025-08-17,34,371.89520845346937,0.039052316334502714
C,2025-08-17,35,348.8928312855863,0.03663686141820711
C,2025-08-17,36,312.9614688909461,0.03286374765209977
C,2025-08-17,37,291.949491452003,0.03065730247317053
C,2025-08-17,38,268.3410484458828,0.028178205234262607
C,2025-08-17,39,243.8045482933751,0.02560165371136985
C,2025-08-17,40,224.43414057419685,0.023567588005271117
C,2025-08-17,41,204.19393207151074,0.021442185453272155
C,2025-08-17,42,177.08134014373877,0.018595121300403104
C,2025-08-17,43,152.92913891660515,0.0160589245948341
C,2025-08-17,44,132.75105587872787,0.013940045771156973
C,2025-08-17,45,115.10955754829027,0.012087530982704008
C,2025-08-17,46,91.57117243880538,0.009615790448262667
C,2025-08-17,47,77.98050464411071,0.008188649022798563
C,2025-08-18,0,52.766766472682725,0.0022306813135777944
C,2025-08-18,1,44.08545269617508,0.0018636843245053935
C,2025-08-18,2,32.38968682062582,0.001369253300385788
C,2025-08-18,3,22.991252736604334,0.000971940508839752
C,2025-08-18,4,15.880265327741995,0.0006713280628933416
C,2025-08-18,5,13.496025061307066,0.0005705358301123257
C,2025-08-18,6,10.752856087994774,0.00045457011574697836
C,2025-08-18,7,9.837710593368067,0.0004158829251053928
C,2025-08-18,8,9.363095852306955,0.0003958188903955593
C,2025-08-18,9,9.232968630282006,0.0003903178452877618
C,2025-08-18,10,10.679483732432594,0.0004514683463298497
C,2025-08-18,11,14.166324363097011,0.0005988723045063205
C,2025-08-18,12,23.254573804338474,0.0009830722386108
C,2025-08-18,13,42.43435129305013,0.0017938850684020345
C,2025-08-18,14,75.79843271691533,0.0032043302776121464
C,2025-08-18,15,132.60939459931876,0.005605977366278535
C,2025-08-18,16,246.87936173952852,0.010436667162947728
C,2025-08-18,17,381.16868443453086,0.01611366241532576
C,2025-08-18,18,538.2329417337749,0.02275345346581166
C,2025-08-18,19,687.5983148467817,0.02906777910998866
C,2025-08-18,20,820.9162917161221,0.034703711338665066
C,2025-08-18,21,923.4386363001998,0.03903777790320016
C,2025-08-18,22,995.4991086240924,0.04208408829524804
C,2025-08-18,23,1025.8144232233917,0.043365648836330234
C,2025-08-18,24,1052.220018842365,0.04448192850739231
C,2025-08-18,25,1052.6042874163425,0.044498173215655995
C,2025-08-18,26,1045.949597096886,0.044216850437407994
C,2025-08-18,27,1043.6107589123467,0.044117977548609036
C,2025-08-18,28,1059.6848724073186,0.04479750041882556
C,2025-08-18,29,1067.0901906411825,0.045110555512203866
C,2025-08-18,30,1068.8416450855946,0.04518459712896193
C,2025-08-18,31,1065.3788746484818,0.04503821072282738
C,2025-08-18,32,1059.9541283792971,0.044808883042878764
C,2025-08-18,33,1028.6442470512413,0.04348527782926406
C,2025-08-18,34,969.8330126727778,0.04099907049980037
C,2025-08-18,35,903.9057394929523,0.03821203718000221
C,2025-08-18,36,833.4633904921337,0.03523413191680971
C,2025-08-18,37,738.5383163544951,0.03122123510270535
C,2025-08-18,38,651.401204008003,0.027537569393701247
C,2025-08-18,39,582.0477463353775,0.024605696315171316
C,2025-08-18,40,509.72540812044105,0.02154831571001653
C,2025-08-18,41,431.8359958285872,0.01825559060784558
C,2025-08-18,42,361.3285306739309,0.01527493260088484
C,2025-08-18,43,303.81688795817416,0.012843664678003557
C,2025-08-18,44,241.59069668151926,0.01021309222919126
C,2025-08-18,45,187.34883344243408,0.007920052142990238
C,2025-08-18,46,144.12415643280366,0.006092756560253801
C,2025-08-18,47,112.77505761865046,0.00476749345248998
C,2025-08-19,0,67.72140820229981,0.0032101539724260436
C,2025-08-19,1,51.46283996165199,0.0024394596113790287
C,2025-08-19,2,37.354705256968565,0.0017707008559427649
C,2025-08-19,3,27.27679314255546,0.0012929841269698264
C,2025-08-19,4,19.905507471636867,0.0009435678551212015
C,2025-08-19,5,16.175818492488556,0.0007667718284266476
C,2025-08-19,6,12.587538151581812,0.0005966789036585993
C,2025-08-19,7,11.87141821526561,0.0005627331349670843
C,2025-08-19,8,10.517105418135612,0.0004985355241816274
C,2025-08-19,9,10.87605253144439,0.0005155504612933443
C,2025-08-19,10,12.414047487171588,0.0005884550382618311
C,2025-08-19,11,16.512063135371008,0.000782710615063093
C,2025-08-19,12,27.153867565433675,0.0012871571655969699
C,2025-08-19,13,46.95071018623057,0.0022255740513002736
C,2025-08-19,14,82.65929786841062,0.003918245063917834
C,2025-08-19,15,137.46544748214754,0.006516185413450301
C,2025-08-19,16,236.78456048674278,0.011224144884657887
C,2025-08-19,17,351.800069263502,0.016676150420150835
C,2025-08-19,18,501.18365298649996,0.023757283512822334
C,2025-08-19,19,628.6147405622581,0.02979781667435808
C,2025-08-19,20,735.1253836990984,0.034846671582247746
C,2025-08-19,21,824.0460542736862,0.039061720433906245
C,2025-08-19,22,884.7081074598842,0.04193724438091981
C,2025-08-19,23,915.7703049892115,0.04340966557590119
C,2025-08-19,24,923.1336903233482,0.043758707353211426
C,2025-08-19,25,928.0549831536999,0.0439919882041003
C,2025-08-19,26,927.8664993568032,0.043983053628972466
C,2025-08-19,27,927.1098040290275,0.043947184491326674
C,2025-08-19,28,938.8592777589582,0.0445041371709783
C,2025-08-19,29,942.1050402280387,0.04465799394330862
C,2025-08-19,30,934.6658881698046,0.04430536064513674
C,2025-08-19,31,926.3485683341444,0.04391110012960487
C,2025-08-19,32,916.6760868467153,0.043452601765581876
C,2025-08-19,33,898.4442643020025,0.042588370511092266
C,2025-08-19,34,851.055794009647,0.040342045601519105
C,2025-08-19,35,797.7504297290656,0.03781524600535957
C,2025-08-19,36,734.1643394275435,0.034801115824210443
C,2025-08-19,37,646.7788126959977,0.030658836400075735
C,2025-08-19,38,578.7035651171095,0.027431909609267613
C,2025-08-19,39,510.4951564281568,0.024198670668759803
C,2025-08-19,40,439.7779657220609,0.020846509562099966
C,2025-08-19,41,382.6181113530236,0.01813699807323775
C,2025-08-19,42,323.1065776297859,0.01531601145381996
C,2025-08-19,43,269.28476654552696,0.012764731064918797
C,2025-08-19,44,220.69623058535674,0.010461520221148879
C,2025-08-19,45,175.24518470013885,0.008307033783662252
C,2025-08-19,46,133.2800114835014,0.006317785906498929
C,2025-08-19,47,102.84145778086715,0.004874926895187104
C,2025-08-20,0,69.56759605428086,0.0032947002630490576
C,2025-08-20,1,52.22982380672801,0.0024735886245194415
C,2025-08-20,2,35.62840742084907,0.001687350576407723
C,2025-08-20,3,25.87275257589103,0.0012253257199095918
C,2025-08-20,4,18.782870338375385,0.0008895510460987633
C,2025-08-20,5,15.64489610242837,0.0007409375374107682
C,2025-08-20,6,12.175980994135417,0.0005766507693173297
C,2025-08-20,7,11.757214043225453,0.0005568180934513593
C,2025-08-20,8,11.015662510872124,0.0005216984376449029
C,2025-08-20,9,11.796518542967542,0.0005586795426458698
C,2025-08-20,10,13.181115815867196,0.0006242536498161116
C,2025-08-20,11,17.97472483551219,0.0008512775200337292
C,2025-08-20,12,29.4112110946758,0.0013929060428451716
C,2025-08-20,13,49.96371762483394,0.0023662665226063906
C,2025-08-20,14,89.66170826334812,0.004246351326703676
C,2025-08-20,15,148.72051534046977,0.007043358529030063
C,2025-08-20,16,254.81233827447159,0.012067835106534293
C,2025-08-20,17,376.52307019475376,0.01783201847950527
C,2025-08-20,18,525.7572582486495,0.024899704392547926
C,2025-08-20,19,656.5550219823025,0.031094246837902084
C,2025-08-20,20,757.922054064028,0.03589495875273635
C,2025-08-20,21,846.4270212966308,0.04008652717483451
C,2025-08-20,22,893.5975764315598,0.042320510368532314
C,2025-08-20,23,917.1119486920269,0.04343414391153336
C,2025-08-20,24,931.2652212884703,0.04410443861181484
C,2025-08-20,25,937.5544932533832,0.04440229662578182
C,2025-08-20,26,936.8320401868152,0.044368081467526174
C,2025-08-20,27,936.7577497926587,0.0443645630969765
C,2025-08-20,28,937.2630551682329,0.04438849420640459
C,2025-08-20,29,939.6072721275095,0.04449951561105894
C,2025-08-20,30,926.1176414817106,0.043860650792408744
C,2025-08-20,31,919.1586524279305,0.043531075180105634
C,2025-08-20,32,906.6282617784108,0.0429376396769316
C,2025-08-20,33,875.1354751072812,0.04144615084571542
C,2025-08-20,34,830.2350148648497,0.03931967865805587
C,2025-08-20,35,776.8621184283127,0.03679195446025634
C,2025-08-20,36,711.8132223885465,0.033711258460267415
C,2025-08-20,37,638.507442867811,0.03023951896129818
C,2025-08-20,38,570.6245589851443,0.027024606156057035
C,2025-08-20,39,501.2416941067802,0.023738654705506994
C,2025-08-20,40,433.80361555828637,0.020544807746070867
C,2025-08-20,41,371.66315599582174,0.017601854416093854
C,2025-08-20,42,314.3589934871574,0.014887946648693225
C,2025-08-20,43,262.47230892812485,0.012430608994938426
C,2025-08-20,44,213.91207798509208,0.010130811176182433
C,2025-08-20,45,167.03161680603412,0.007910566744306612
C,2025-08-20,46,129.64355025366737,0.00613987924478652
C,2025-08-20,47,104.41976218308577,0.004945288287145904
C,2025-08-21,0,65.62938143203569,0.003306599225717235
C,2025-08-21,1,51.33379916353855,0.002586346189214961
C,2025-08-21,2,37.23542570482963,0.0018760291064505053
C,2025-08-21,3,26.74118773895638,0.0013472988582706761
C,2025-08-21,4,18.923056134816296,0.0009533986363772822
C,2025-08-21,5,15.070993031793137,0.0007593204872930843
C,2025-08-21,6,11.912498581604861,0.0006001863453045577
C,2025-08-21,7,11.81836754779282,0.0005954437498887958
C,2025-08-21,8,11.401050369474852,0.0005744180960033682
C,2025-08-21,9,11.201308769526639,0.000564354532926574
C,2025-08-21,10,13.623783674111497,0.0006864058683046905
C,2025-08-21,11,18.83168102653649,0.0009487948925098997
C,2025-08-21,12,30.53485606793994,0.001538434908703141
C,2025-08-21,13,51.43658408712277,0.002591524792781276
C,2025-08-21,14,88.67589168030254,0.00446774948006361
C,2025-08-21,15,143.3246583751781,0.007221113380450327
C,2025-08-21,16,242.17319832453197,0.01220139048390427
C,2025-08-21,17,355.4217073045026,0.017907179932713756
C,2025-08-21,18,494.04619891341946,0.024891485233445157
C,2025-08-21,19,615.4063305353584,0.031005961836727044
C,2025-08-21,20,717.9356292371415,0.03617168627756658
C,2025-08-21,21,797.3700459160113,0.04017382335328554
C,2025-08-21,22,848.4660608823827,0.04274818928266741
C,2025-08-21,23,875.1383899206617,0.044092018839211086
C,2025-08-21,24,872.9648622558037,0.04398251019023598
C,2025-08-21,25,870.4552756034924,0.04385606991150204
C,2025-08-21,26,863.4160588854379,0.043501413688303
C,2025-08-21,27,867.5129477104612,0.04370782686973303
C,2025-08-21,28,879.2956238704706,0.04430147238363919
C,2025-08-21,29,887.0695565371847,0.044693145734440984
C,2025-08-21,30,878.0506191917468,0.04423874542481594
C,2025-08-21,31,873.8621765303378,0.04402771949467643
C,2025-08-21,32,856.0895817622277,0.043132284449930856
C,2025-08-21,33,823.3909797952094,0.04148483372607867
C,2025-08-21,34,780.3871397644685,0.03931817511912881
C,2025-08-21,35,725.7193801200048,0.03656385429867013
C,2025-08-21,36,660.005029133249,0.03325297405951476
C,2025-08-21,37,589.8076030740059,0.029716223451935
C,2025-08-21,38,525.9641243964709,0.026499603204175277
C,2025-08-21,39,468.0791636689708,0.023583190430722028
C,2025-08-21,40,409.81110392786707,0.020647476014100517
C,2025-08-21,41,354.133263332058,0.01784226437585943
C,2025-08-21,42,296.5519529700089,0.014941150391475661
C,2025-08-21,43,244.54116992827653,0.012320695784375077
C,2025-08-21,44,198.35042883583122,0.009993471827681944
C,2025-08-21,45,154.15177729929815,0.007766615140029128
C,2025-08-21,46,119.71895285240325,0.006031789240850627
C,2025-08-21,47,95.0191441351464,0.00478734099834474
C,2025-08-22,0,64.20797216935816,0.0033001630432441488
C,2025-08-22,1,48.87168305684556,0.002511908051852671
C,2025-08-22,2,34.67782774073547,0.0017823719027927356
C,2025-08-22,3,24.498939317314843,0.0012591971277402777
C,2025-08-22,4,17.477511205498235,0.0008983095808747037
C,2025-08-22,5,14.6843216246727,0.0007547451492944439
C,2025-08-22,6,11.437156813325382,0.0005878472868691088
C,2025-08-22,7,11.220699073556029,0.0005767217862641873
C,2025-08-22,8,11.441190676969082,0.0005880546194988221
C,2025-08-22,9,12.501666948581583,0.0006425610068144317
C,2025-08-22,10,14.604919805755452,0.0007506640525162137
C,2025-08-22,11,17.860569651248404,0.0009179980289498563
C,2025-08-22,12,29.684237998191755,0.0015257112457952176
C,2025-08-22,13,49.859248999320386,0.002562666992152569
C,2025-08-22,14,84.24167152677015,0.004329855650019025
C,2025-08-22,15,141.83945748329722,0.007290268168343814
C,2025-08-22,16,241.74036274053987,0.012424977525726761
C,2025-08-22,17,354.40618738497113,0.018215778545691362
C,2025-08-22,18,490.512374146978,0.025211367914626748
C,2025-08-22,19,610.3840541377548,0.03137253567731059
C,2025-08-22,20,703.2616861448419,0.03614626265135906
C,2025-08-22,21,777.5602950003488,0.03996506450454095
C,2025-08-22,22,830.1310702253902,0.04266709859299909
C,2025-08-22,23,866.331017087224,0.0445277044144338
C,2025-08-22,24,877.1987151411473,0.045086282645001405
C,2025-08-22,25,879.598925187744,0.04520964870413981
C,2025-08-22,26,875.2627146505478,0.044986776040838186
C,2025-08-22,27,874.5510271429036,0.04495019670759168
C,2025-08-22,28,885.0789942415868,0.04549131343758156
C,2025-08-22,29,883.4046758123809,0.04540525677489622
C,2025-08-22,30,875.0571308812894,0.044976209440855744
C,2025-08-22,31,867.3792507336947,0.044581581554980196
C,2025-08-22,32,852.4630334873639,0.04381491742842125
C,2025-08-22,33,814.9215241775546,0.041885357944981216
C,2025-08-22,34,768.4412286444817,0.039496362492006665
C,2025-08-22,35,703.0575450750986,0.03613577020328426
C,2025-08-22,36,623.1182596023152,0.03202704870488873
C,2025-08-22,37,562.646013148575,0.02891889459028449
C,2025-08-22,38,500.15466085369786,0.025706962420523123
C,2025-08-22,39,438.1484689043684,0.022519966534969595
C,2025-08-22,40,376.6664859766153,0.01935991395850202
C,2025-08-22,41,320.4781473672408,0.0164719442520169
C,2025-08-22,42,270.2173988710738,0.01388864097815963
C,2025-08-22,43,221.9018295661515,0.011405316075562884
C,2025-08-22,44,180.83454091663464,0.009294538492836896
C,2025-08-22,45,143.20467788863078,0.007360437802664
C,2025-08-22,46,110.4183005994213,0.005675282719953809
C,2025-08-22,47,88.36033016999255,0.004541546575349124
C,2025-08-23,0,58.00010062626706,0.004452299119234441
C,2025-08-23,1,45.65147197421994,0.003504373376389033
C,2025-08-23,2,35.05415317293359,0.0026908845607533267
C,2025-08-23,3,28.09506059195603,0.002156679250169343
C,2025-08-23,4,18.70171709043257,0.0014356119667177838
C,2025-08-23,5,13.245640961731898,0.0010167836771115297
C,2025-08-23,6,10.839661284172406,0.0008320919078968609
C,2025-08-23,7,10.51124333303627,0.0008068813489703131
C,2025-08-23,8,9.971275772372685,0.0007654314709735692
C,2025-08-23,9,9.856591639436674,0.0007566278989358005
C,2025-08-23,10,10.101193908996176,0.0007754044606583386
C,2025-08-23,11,11.889574352501372,0.0009126870616796938
C,2025-08-23,12,18.827473113493078,0.0014452654573956457
C,2025-08-23,13,32.61367117121609,0.0025035442673843624
C,2025-08-23,14,56.07992230061347,0.004304899232410645
C,2025-08-23,15,94.70885633426529,0.0072701970011718195
C,2025-08-23,16,158.30815895958892,0.012152311273477311
C,2025-08-23,17,229.44320040386495,0.017612896323318104
C,2025-08-23,18,316.68507415818544,0.02430990052645931
C,2025-08-23,19,388.5559361974394,0.029826969847043784
C,2025-08-23,20,469.5282440301058,0.03604269931911459
C,2025-08-23,21,529.3373337431833,0.040633863033943604
C,2025-08-23,22,573.9987355504375,0.044062235015770126
C,2025-08-23,23,590.456462710813,0.04532559013670169
C,2025-08-23,24,600.7978480869533,0.04611943256981295
C,2025-08-23,25,601.7227675334352,0.04619043275761382
C,2025-08-23,26,596.8521790748147,0.04581654863551199
C,2025-08-23,27,597.6778240302596,0.04587992815155136
C,2025-08-23,28,598.1192579024837,0.04591381422449403
C,2025-08-23,29,587.1065743290195,0.045068440495050245
C,2025-08-23,30,563.5312636707367,0.043258713723093326
C,2025-08-23,31,545.5991097136985,0.04188217622735077
C,2025-08-23,32,526.0594752125735,0.04038224266619893
C,2025-08-23,33,493.7208336005198,0.03789981067018652
C,2025-08-23,34,460.35472854886024,0.03533850683571507
C,2025-08-23,35,440.781360220414,0.0338359837430271
C,2025-08-23,36,413.86928209385496,0.0317701145385626
C,2025-08-23,37,377.5021238557763,0.028978438923449475
C,2025-08-23,38,340.743150377496,0.02615668614243464
C,2025-08-23,39,304.3691737776815,0.02336448712502353
C,2025-08-23,40,270.4162747132295,0.02075813884341978
C,2025-08-23,41,231.04149865452928,0.01773558752241723
C,2025-08-23,42,194.63117297534708,0.014940598217190994
C,2025-08-23,43,158.87824356506135,0.012196073045602315
C,2025-08-23,44,131.9752502555804,0.010130901224808505
C,2025-08-23,45,109.61323405994047,0.008414311357944305
C,2025-08-23,46,86.52977847519819,0.00664234117411516
C,2025-08-23,47,74.64684189127301,0.005730163651744301
C,2025-08-24,0,45.560819334199714,0.005210523711596491
C,2025-08-24,1,36.35340254751923,0.004157525451454624
C,2025-08-24,2,27.545098966816962,0.003150171428044026
C,2025-08-24,3,22.576712165753836,0.0025819661671722138
C,2025-08-24,4,16.586178776285802,0.00189686399545812
C,2025-08-24,5,12.186479144370022,0.001393696151002976
C,2025-08-24,6,10.500340377049273,0.001200862348701884
C,2025-08-24,7,8.303165986688812,0.000949584399209608
C,2025-08-24,8,8.018553435905785,0.0009170349309132874
C,2025-08-24,9,7.449679718417757,0.0008519761800569256
C,2025-08-24,10,8.075592732169747,0.0009235581807147469
C,2025-08-24,11,9.228914977001288,0.0010554568820907238
C,2025-08-24,12,14.248205177848611,0.0016294836662681393
C,2025-08-24,13,22.771104149585856,0.002604197638333241
C,2025-08-24,14,36.5888300900992,0.004184449918812809
C,2025-08-24,15,59.36587706056141,0.0067893272027174534
C,2025-08-24,16,94.26726721871043,0.010780794512661302
C,2025-08-24,17,129.7527013694147,0.014839055508853463
C,2025-08-24,18,166.6640920727071,0.01906039479331051
C,2025-08-24,19,203.62857408095184,0.023287805818956064
C,2025-08-24,20,248.9026910324309,0.028465541060433544
C,2025-08-24,21,290.98285345163856,0.033278002453298094
C,2025-08-24,22,320.2194108961643,0.03662161606772236
C,2025-08-24,23,351.06127930508086,0.04014881968264877
C,2025-08-24,24,376.5216104607493,0.04306056844244617
C,2025-08-24,25,383.01102871780944,0.04380272515071014
C,2025-08-24,26,390.7026244446734,0.04468236784591416
C,2025-08-24,27,392.75105331236284,0.04491663464231048
C,2025-08-24,28,393.3233921951425,0.044982089683799464
C,2025-08-24,29,390.9833826398175,0.04471447651416028
C,2025-08-24,30,389.489405421741,0.044543619101297005
C,2025-08-24,31,381.2398988920603,0.04360017141949454
C,2025-08-24,32,373.62370698881864,0.04272915221738548
C,2025-08-24,33,361.81682584487737,0.04137886846350382
C,2025-08-24,34,340.84024491172494,0.03897989992128602
C,2025-08-24,35,319.40758313643965,0.03652877208788194
C,2025-08-24,36,288.3719734171073,0.03297941141549718
C,2025-08-24,37,267.44748276857064,0.03058640013364257
C,2025-08-24,38,245.9520945214145,0.028128098641515838
C,2025-08-24,39,223.20649126180405,0.025526817390416748
C,2025-08-24,40,204.75468232731387,0.023416592214926105
C,2025-08-24,41,186.32062798556274,0.02130839752808357
C,2025-08-24,42,161.77018452160507,0.01850070728746627
C,2025-08-24,43,138.8248239172066,0.01587658096033927
C,2025-08-24,44,121.1791371008047,0.013858547243916365
C,2025-08-24,45,105.84677797552739,0.012105075248802308
C,2025-08-24,46,84.70601640090158,0.009687330329471817
C,2025-08-24,47,71.07112676859379,0.00812798796530121
C,2025-08-25,0,50.931033622197205,0.0022408937707760123
C,2025-08-25,1,42.79334371024242,0.0018828468721507575
C,2025-08-25,2,31.47478863249331,0.0013848463847453939
C,2025-08-25,3,22.31149867558642,0.000981674528140902
C,2025-08-25,4,15.391143331442828,0.0006771886365471149
C,2025-08-25,5,13.085237880525854,0.0005757320433177514
C,2025-08-25,6,10.446739657997053,0.0004596418364131051
C,2025-08-25,7,9.563638640041455,0.00042078663498950437
C,2025-08-25,8,9.22659019814993,0.00040595697809529786
C,2025-08-25,9,9.086388558588993,0.00039978830335220847
C,2025-08-25,10,10.677341744830319,0.0004697880035564202
C,2025-08-25,11,14.134407982633466,0.0006218940506262524
C,2025-08-25,12,23.26674615939943,0.0010237040724832554
C,2025-08-25,13,41.77404354779344,0.0018379991001317073
C,2025-08-25,14,73.81548542258126,0.003247777429715825
C,2025-08-25,15,129.84831918706269,0.005713143223647601
C,2025-08-25,16,239.7247867784643,0.01054755309655334
C,2025-08-25,17,368.8633149506968,0.01622946651490218
C,2025-08-25,18,518.0051858022462,0.022791498847335716
C,2025-08-25,19,663.8804057454853,0.029209803139100904
C,2025-08-25,20,790.8408362934814,0.034795883328646665
C,2025-08-25,21,891.3187607192009,0.03921677053498772
C,2025-08-25,22,958.2258228272209,0.04216058706561162
C,2025-08-25,23,987.6843939102465,0.043456722716923905
C,2025-08-25,24,1012.2165754871882,0.044536104166102965
C,2025-08-25,25,1013.6861864444958,0.044600764979078486
C,2025-08-25,26,1006.0212800156528,0.044263519888052306
C,2025-08-25,27,1003.6567855335129,0.04415948545993985
C,2025-08-25,28,1019.1303720328721,0.04484030147979902
C,2025-08-25,29,1026.557420668235,0.04516708116280513
C,2025-08-25,30,1024.9223832113207,0.04509514181675998
C,2025-08-25,31,1020.8787661225889,0.04491722835808645
C,2025-08-25,32,1015.1385061614031,0.04466466500182168
C,2025-08-25,33,985.1900145645753,0.043346973537688106
C,2025-08-25,34,930.0438203182342,0.04092061863420601
C,2025-08-25,35,863.84600998939,0.0380080081832713
C,2025-08-25,36,799.3392077982078,0.035169799709530436
C,2025-08-25,37,706.8490279765867,0.031100362019385194
C,2025-08-25,38,624.5367258958062,0.02747873661984364
C,2025-08-25,39,557.2314586432617,0.02451739962351556
C,2025-08-25,40,487.70342273419544,0.021458263935858653
C,2025-08-25,41,412.91500837110704,0.018167679002600627
C,2025-08-25,42,345.63529566819847,0.015207466370476878
C,2025-08-25,43,290.58730723997456,0.012785432384722569
C,2025-08-25,44,231.10748005979949,0.010168403733711699
C,2025-08-25,45,179.1987450366798,0.00788449247785462
C,2025-08-25,46,137.8241047150504,0.006064066557332383
C,2025-08-25,47,107.41384133305472,0.004726057784805294
C,2025-08-26,0,65.00123581734593,0.003208986760335008
C,2025-08-26,1,49.271207541914,0.002432425332835407
C,2025-08-26,2,35.78593423786953,0.001766683167351379
C,2025-08-26,3,26.16701130664732,0.0012918153291196347
C,2025-08-26,4,19.1135529475807,0.0009435995728465985
C,2025-08-26,5,15.467533388921359,0.0007636025567200513
C,2025-08-26,6,12.055428778749938,0.0005951534744643532
C,2025-08-26,7,11.204298116440942,0.0005531347806299833
C,2025-08-26,8,10.141929693390948,0.0005006876823356511
C,2025-08-26,9,10.483684106834588,0.0005175594444527344
C,2025-08-26,10,12.192899212396771,0.0006019401269943114
C,2025-08-26,11,16.258607472019484,0.0008026563720388766
C,2025-08-26,12,26.47739284884246,0.001307138272553439
C,2025-08-26,13,45.49263021984343,0.002245884193317705
C,2025-08-26,14,79.68598092131462,0.003933944555752104
C,2025-08-26,15,132.38515689825087,0.006535602137551879
C,2025-08-26,16,227.71239611740765,0.011241725716696665
C,2025-08-26,17,337.1796642585498,0.016645915494596653
C,2025-08-26,18,480.85558472190263,0.023738921046697406
C,2025-08-26,19,604.0449425767656,0.029820544163544908
C,2025-08-26,20,705.4861865664571,0.03482850447109287
C,2025-08-26,21,792.3250705348754,0.03911557417727465
C,2025-08-26,22,849.5161630375648,0.04193898909150695
C,2025-08-26,23,879.484851284557,0.04341848594414282
C,2025-08-26,24,886.6939007955101,0.04377438293816697
C,2025-08-26,25,891.5475382885072,0.04401399774331098
C,2025-08-26,26,892.2433401756665,0.04404834815243219
C,2025-08-26,27,891.4250585770521,0.04400795115408038
C,2025-08-26,28,903.6687869307572,0.04461240061861953
C,2025-08-26,29,906.6898786145641,0.04476154614013449
C,2025-08-26,30,897.6689161744908,0.04431619846832992
C,2025-08-26,31,889.0223083236369,0.043889331967004196
C,2025-08-26,32,879.0231861389456,0.04339569441839186
C,2025-08-26,33,861.557061494973,0.04253342523178184
C,2025-08-26,34,817.80957803872,0.04037369559827804
C,2025-08-26,35,764.2486292987444,0.03772949394247356
C,2025-08-26,36,704.7807683570018,0.03479367932252181
C,2025-08-26,37,620.9090821228641,0.030653094496586895
C,2025-08-26,38,555.2085675064245,0.0274095856786347
C,2025-08-26,39,489.8455655611108,0.024182739216089592
C,2025-08-26,40,421.2536685278527,0.0207964883751902
C,2025-08-26,41,366.25652483216805,0.018081384519755533
C,2025-08-26,42,309.685456328185,0.015288579005143415
C,2025-08-26,43,258.11272935696087,0.012742532057511892
C,2025-08-26,44,211.07948244058431,0.010420590562825054
C,2025-08-26,45,168.03733557851473,0.008295682048702346
C,2025-08-26,46,127.8150139183542,0.006309982914610693
C,2025-08-26,47,97.62828001196944,0.004819721564571951
C,2025-08-27,0,67.87074790923239,0.0032756152465845748
C,2025-08-27,1,50.784786785805636,0.002451003223253168
C,2025-08-27,2,34.54536848769796,0.0016672475138850365
C,2025-08-27,3,24.934232821314154,0.0012033896149282893
C,2025-08-27,4,17.99385932471423,0.0008684295040885246
C,2025-08-27,5,14.874776569404085,0.0007178946220754868
C,2025-08-27,6,11.471986284804403,0.0005536672917376643
C,2025-08-27,7,10.886960894574635,0.0005254324756068839
C,2025-08-27,8,10.366816504110028,0.0005003289818585921
C,2025-08-27,9,11.134156077498533,0.000537362745053018
C,2025-08-27,10,12.72218142458469,0.0006140048950089136
C,2025-08-27,11,17.067527635241376,0.0008237223762182131
C,2025-08-27,12,28.277133285594502,0.0013647265099225145
C,2025-08-27,13,48.46337453195705,0.0023389659523145295
C,2025-08-27,14,87.4058850213183,0.004218430744272118
C,2025-08-27,15,144.93890164716586,0.006995120735867078
C,2025-08-27,16,250.09748452856087,0.012070341917401587
C,2025-08-27,17,367.6682941430386,0.01774460879068719
C,2025-08-27,18,517.8927748216917,0.024994825039656936
C,2025-08-27,19,645.2558217418157,0.03114169023850462
C,2025-08-27,20,744.3087979469431,0.03592223928315362
C,2025-08-27,21,831.329714518773,0.040122090469052754
C,2025-08-27,22,877.362072732404,0.04234372937897703
C,2025-08-27,23,900.8786106199256,0.04347869742374158
C,2025-08-27,24,915.0567904098718,0.04416297251012895
C,2025-08-27,25,921.4567076620857,0.04447184882539024
C,2025-08-27,26,922.172620938865,0.044506400624462594
C,2025-08-27,27,922.6968543538312,0.04453170146495324
C,2025-08-27,28,924.0252736427954,0.04459581436499978
C,2025-08-27,29,926.5129043388611,0.044715873761528045
C,2025-08-27,30,911.4860881788936,0.04399064132137517
C,2025-08-27,31,903.5743889731535,0.04360880255661938
C,2025-08-27,32,890.0631656181487,0.042956716487362386
C,2025-08-27,33,859.4791124733922,0.04148065214639924
C,2025-08-27,34,815.0492860744959,0.03933635550552586
C,2025-08-27,35,762.981401831493,0.03682342672931916
C,2025-08-27,36,698.4914437759618,0.03371097701621437
C,2025-08-27,37,624.9826320190928,0.030163254441075905
C,2025-08-27,38,558.6715564468844,0.026962912955930715
C,2025-08-27,39,490.75601049065335,0.0236851356414408
C,2025-08-27,40,423.2632987758005,0.020427765384932454
C,2025-08-27,41,362.0112211545503,0.017471584032555516
C,2025-08-27,42,306.6610272434968,0.014800242627581893
C,2025-08-27,43,255.7204726192062,0.01234172165150609
C,2025-08-27,44,207.5996235751889,0.010019286852084407
C,2025-08-27,45,162.2530271490951,0.007830744553527755
C,2025-08-27,46,125.71440542703102,0.006067297559219644
C,2025-08-27,47,100.78842056898384,0.004864306012016595
C,2025-08-28,0,66.32487139712845,0.0032665913808672406
C,2025-08-28,1,52.09582536970366,0.0025657912416126704
C,2025-08-28,2,37.67934054490424,0.001855759483102061
C,2025-08-28,3,26.88397820385972,0.0013240730005841075
C,2025-08-28,4,18.947485477997837,0.0009331897891054885
C,2025-08-28,5,15.007458383623376,0.0007391380212580465
C,2025-08-28,6,11.730838903303464,0.0005777599932675072
C,2025-08-28,7,11.584171999800533,0.0005705364460106646
C,2025-08-28,8,11.253473081350638,0.0005542490682304294
C,2025-08-28,9,11.04097655418674,0.0005437833212266912
C,2025-08-28,10,13.487382837078762,0.0006642722043478507
C,2025-08-28,11,18.620180395097403,0.0009170695624062945
C,2025-08-28,12,30.604002931409166,0.0015072893484736588
C,2025-08-28,13,51.95226954489602,0.0025587209192718687
C,2025-08-28,14,89.65193926420774,0.004415481642248214
C,2025-08-28,15,145.0534434756012,0.007144082125472873
C,2025-08-28,16,246.39713361416864,0.012135398621659212
C,2025-08-28,17,359.89789168987795,0.017725467478815895
C,2025-08-28,18,503.93531009056,0.02481950896821119
C,2025-08-28,19,628.86324127724,0.03097238185959614
C,2025-08-28,20,733.2466671082254,0.03611340953054696
C,2025-08-28,21,815.0761592707744,0.04014362486558187
C,2025-08-28,22,867.1213748678738,0.042706923506100954
C,2025-08-28,23,893.9919676847479,0.04403033725791706
C,2025-08-28,24,893.0569795527819,0.04398428780303299
C,2025-08-28,25,890.3782159747417,0.0438523550026961
C,2025-08-28,26,884.8050485379465,0.04357786882082085
C,2025-08-28,27,888.6984209538346,0.04376962278141423
C,2025-08-28,28,902.1668884897339,0.044432963381094065
C,2025-08-28,29,910.0742192419143,0.04482241032515338
C,2025-08-28,30,899.4730046774287,0.044300285888368235
C,2025-08-28,31,895.6556894566575,0.04411227784952017
C,2025-08-28,32,877.1914508598203,0.04320288863572795
C,2025-08-28,33,843.9855111521952,0.04156745031285437
C,2025-08-28,34,799.1659591104913,0.03936002556690757
C,2025-08-28,35,747.0997768525145,0.036795694289426445
C,2025-08-28,36,679.4314634960481,0.03346293653940347
C,2025-08-28,37,604.4237648105089,0.029768703940627902
C,2025-08-28,38,539.5000378173731,0.026571120853889536
C,2025-08-28,39,479.18724641864,0.023600632703833727
C,2025-08-28,40,418.5254386472145,0.020612955016115767
C,2025-08-28,41,361.2274908501172,0.01779095207102626
C,2025-08-28,42,302.87152835127216,0.014916840442832554
C,2025-08-28,43,249.40578949735504,0.012283579072958779
C,2025-08-28,44,201.82068576530062,0.009939947092459645
C,2025-08-28,45,157.03805697652757,0.007734340867638277
C,2025-08-28,46,121.77766640371765,0.005997718006487276
C,2025-08-28,47,96.59228213825008,0.004757303099795611
C,2025-08-29,0,65.63875522984914,0.0033040750644240985
C,2025-08-29,1,49.403595960941544,0.0024868416370150783
C,2025-08-29,2,34.9007417158181,0.0017568076973632388
C,2025-08-29,3,24.465590963896343,0.0012315308045855403
C,2025-08-29,4,17.360004283927132,0.0008738550429843517
C,2025-08-29,5,14.524184124703249,0.0007311076273383292
C,2025-08-29,6,11.17344770086218,0.0005624407379876261
C,2025-08-29,7,10.779677613051454,0.0005426194308391953
C,2025-08-29,8,11.222126747306918,0.0005648911077875223
C,2025-08-29,9,12.3126305394145,0.0006197840803087939
C,2025-08-29,10,15.04577657070713,0.0007573631617188729
C,2025-08-29,11,18.375440844121826,0.0009249693367623993
C,2025-08-29,12,30.452781861293573,0.001532909587299586
C,2025-08-29,13,50.87851433968678,0.0025610849863931732
C,2025-08-29,14,86.38150676825134,0.004348208334252056
C,2025-08-29,15,144.19468855028575,0.0072583654762048595
C,2025-08-29,16,245.83525656992745,0.012374673138524486
C,2025-08-29,17,359.07838706530515,0.018075022000669745
C,2025-08-29,18,501.60007050804523,0.025249172984397727
C,2025-08-29,19,624.9963381917826,0.03146060294934977
C,2025-08-29,20,719.5793175244748,0.036221650937505026
C,2025-08-29,21,795.1142002497689,0.040023869941093776
C,2025-08-29,22,848.2727239061602,0.042699724348442575
C,2025-08-29,23,884.6448650610791,0.044530598261405374
C,2025-08-29,24,896.7892530963555,0.04514191347510095
C,2025-08-29,25,899.0280051045341,0.045254606116205284
C,2025-08-29,26,896.2705664724298,0.045115804211840825
C,2025-08-29,27,895.9749671752174,0.045100924553267766
C,2025-08-29,28,906.4668538897597,0.04562905737892679
C,2025-08-29,29,905.0564996433534,0.04555806401104165
C,2025-08-29,30,894.7219560913614,0.04503785140900843
C,2025-08-29,31,886.2014423630321,0.044608952097202864
C,2025-08-29,32,870.6307401126503,0.04382516561525472
C,2025-08-29,33,832.3217627101443,0.04189679667321777
C,2025-08-29,34,784.7016357512861,0.03949972997841972
C,2025-08-29,35,718.6468575451121,0.03617471345742032
C,2025-08-29,36,636.2488194210607,0.0320270220185775
C,2025-08-29,37,573.3882796369845,0.028862794706381985
C,2025-08-29,38,509.7605014095541,0.025659946713457872
C,2025-08-29,39,446.9042738819959,0.02249593646843833
C,2025-08-29,40,382.7025962021285,0.019264199949769883
C,2025-08-29,41,325.31969885619856,0.016375702147196143
C,2025-08-29,42,274.51509717217255,0.013818337721341615
C,2025-08-29,43,225.28006098980975,0.011339980921665648
C,2025-08-29,44,183.15241861682372,0.009219390849533058
C,2025-08-29,45,145.07506030713853,0.007302680977908917
C,2025-08-29,46,111.72438402000299,0.005623899326487616
C,2025-08-29,47,88.88764664023377,0.004474360547681152
C,2025-08-30,0,57.065878632852204,0.004481378878031428
C,2025-08-30,1,44.79603137203909,0.0035178287554608993
C,2025-08-30,2,34.11433857718447,0.002678996275890095
C,2025-08-30,3,27.321726703510457,0.0021455730095422064
C,2025-08-30,4,18.159118914077958,0.0014260341537677052
C,2025-08-30,5,12.813348006967317,0.001006231192631327
C,2025-08-30,6,10.49642525899497,0.0008242834348197714
C,2025-08-30,7,10.066124909837779,0.0007904919828677382
C,2025-08-30,8,9.7159901531877,0.0007629959284739831
C,2025-08-30,9,9.633263926395328,0.0007564994445103917
C,2025-08-30,10,9.906295767309908,0.0007779406131074217
C,2025-08-30,11,11.503714240123,0.0009033857578233861
C,2025-08-30,12,18.109580840883286,0.0014221439328477529
C,2025-08-30,13,31.507816578421327,0.0024743063121109884
C,2025-08-30,14,54.78322541717751,0.0043021223038462
C,2025-08-30,15,91.32268701618864,0.007171563296386732
C,2025-08-30,16,153.5091435192432,0.012055060744404208
C,2025-08-30,17,222.5641804796552,0.017477947265561112
C,2025-08-30,18,307.6480828478775,0.02415957930327293
C,2025-08-30,19,379.3866022823865,0.029793199488172335
C,2025-08-30,20,459.9879854273661,0.036122819650335015
C,2025-08-30,21,516.7464368469128,0.04058005629393065
C,2025-08-30,22,558.5934036115406,0.04386629524199313
C,2025-08-30,23,575.8401448316913,0.045220680448538664
C,2025-08-30,24,587.1273049590038,0.046107060229229134
C,2025-08-30,25,587.6532959216911,0.04614836625739682
C,2025-08-30,26,582.4835846171952,0.04574238924275131
C,2025-08-30,27,583.882856930697,0.04585227398544817
C,2025-08-30,28,586.0494897128433,0.04602241948428171
C,2025-08-30,29,576.2030564086581,0.04524917986560846
C,2025-08-30,30,552.0737990771206,0.04335431122012884
C,2025-08-30,31,534.0058442747454,0.04193543617675086
C,2025-08-30,32,514.8820719190772,0.04043364786548431
C,2025-08-30,33,483.9222897422093,0.03800237865102947
C,2025-08-30,34,451.1021087048391,0.035425012463078304
C,2025-08-30,35,430.69796534676755,0.0338226767195514
C,2025-08-30,36,405.65583743476935,0.03185612042050961
C,2025-08-30,37,368.56199167287093,0.028943143684063997
C,2025-08-30,38,332.7702121759937,0.02613241810711432
C,2025-08-30,39,298.0289661587679,0.023404190840173388
C,2025-08-30,40,264.5943447066474,0.020778572695668872
C,2025-08-30,41,226.19721395859113,0.017763249093654086
C,2025-08-30,42,190.78527078004655,0.014982352032357982
C,2025-08-30,43,155.66479704104947,0.012224344042802692
C,2025-08-30,44,129.36082313321864,0.010158695078782679
C,2025-08-30,45,107.51421733436601,0.00844308287532323
C,2025-08-30,46,84.89929165969382,0.0066671345735584905
C,2025-08-30,47,74.29182016731318,0.005834130686925803
C,2025-08-31,0,44.00083243001396,0.005279677517400283
C,2025-08-31,1,34.98302009431121,0.00419762660118925
C,2025-08-31,2,26.35455890196304,0.003162294084708788
C,2025-08-31,3,21.63432714189121,0.002595911584100217
C,2025-08-31,4,15.745326169902032,0.001889287997348456
C,2025-08-31,5,11.521186389081715,0.0013824317721480338
C,2025-08-31,6,9.864689852961897,0.0011836680889083149
C,2025-08-31,7,7.92312411028813,0.0009506988373275895
C,2025-08-31,8,7.486058392873725,0.0008982551467331084
C,2025-08-31,9,6.977013757155666,0.0008371746768845291
C,2025-08-31,10,7.6223073876594825,0.0009146037182216802
C,2025-08-31,11,8.600548907913875,0.0010319833102848423
C,2025-08-31,12,13.268767102949951,0.0015921246823794037
C,2025-08-31,13,21.270262898392023,0.002552227369617473
C,2025-08-31,14,34.63228422882379,0.004155541664125725
C,2025-08-31,15,55.38083840666483,0.006645168995280157
C,2025-08-31,16,87.92495631433944,0.01055015074566108
C,2025-08-31,17,122.80233174432111,0.014735101001238433
C,2025-08-31,18,157.48187658797124,0.01889631348547771
C,2025-08-31,19,194.79840875135278,0.02337393913503153
C,2025-08-31,20,237.89033767363114,0.028544556956279235
C,2025-08-31,21,277.1299673848021,0.033252935851308146
C,2025-08-31,22,303.9988050154421,0.03647693844677731
C,2025-08-31,23,334.10550538278983,0.040089453489655605
C,2025-08-31,24,359.42703071621855,0.04312779346246923
C,2025-08-31,25,365.50893914470674,0.04385756409223743
C,2025-08-31,26,372.8806706310942,0.04474210110764269
C,2025-08-31,27,375.10402263775666,0.04500888200597032
C,2025-08-31,28,375.9735518179405,0.04511321716078
C,2025-08-31,29,373.65113406048727,0.04483454932331261
C,2025-08-31,30,372.2460716210648,0.04466595531810233
C,2025-08-31,31,363.9338602088387,0.04366856973948149
C,2025-08-31,32,356.65212269936393,0.042794831137432675
C,2025-08-31,33,345.6744086792818,0.0414776108326472
C,2025-08-31,34,325.92043749159956,0.039107323913078904
C,2025-08-31,35,304.6191802264621,0.03655137751697409
C,2025-08-31,36,274.1502319765481,0.032895396205489334
C,2025-08-31,37,254.46797721854284,0.030533714569059615
C,2025-08-31,38,233.70521356142405,0.02804238223679194
C,2025-08-31,39,213.09409881364124,0.025569246317931515
C,2025-08-31,40,195.19534088811338,0.02342156718119911
C,2025-08-31,41,177.5926764181422,0.021309416416863715
C,2025-08-31,42,154.1393073359406,0.018495237261331964
C,2025-08-31,43,132.54260241485065,0.015903839982583472
C,2025-08-31,44,115.65009250495035,0.013876900948518161
C,2025-08-31,45,100.9131604338955,0.012108610563222402
C,2025-08-31,46,80.30265234125406,0.009635547437155514
C,2025-08-31,47,67.25788113038666,0.008070300111637469
D,2025-08-01,0,40.78186774775205,0.0035407073925813556
D,2025-08-01,1,31.348222417005893,0.002721672375152448
D,2025-08-01,2,23.135701099647527,0.0020086561121416503
D,2025-08-01,3,17.21233265086914,0.001494385540099769
D,2025-08-01,4,12.06542272007103,0.0010475275846562797
D,2025-08-01,5,8.707903374954833,0.0007560256446392458
D,2025-08-01,6,3.1346682286860372,0.00027215386600851167
D,2025-08-01,7,1.0086889162698456,8.757500575358965e-05
D,2025-08-01,8,0.37633400815318696,3.267355514439894e-05
D,2025-08-01,9,0.2669732700411571,2.3178787119392005e-05
D,2025-08-01,10,0.4967991747906196,4.313241663401802e-05
D,2025-08-01,11,2.2519879947111736,0.00019551901325848007
D,2025-08-01,12,12.325567507825129,0.0010701135186512527
D,2025-08-01,13,26.16201586325786,0.0022714026622033217
D,2025-08-01,14,46.35389879449399,0.004024474630534293
D,2025-08-01,15,78.533089840737,0.006818292224408491
D,2025-08-01,16,133.93565887272766,0.011628378092787607
D,2025-08-01,17,192.73957169196927,0.016733770766797124
D,2025-08-01,18,269.0387982960658,0.02335811758083572
D,2025-08-01,19,332.2674106248031,0.028847665447543247
D,2025-08-01,20,389.7301774260725,0.033836618981253036
D,2025-08-01,21,426.9648730549749,0.03706935866078962
D,2025-08-01,22,457.74863799819923,0.03974202448326092
D,2025-08-01,23,482.06692107740736,0.041853353106216996
D,2025-08-01,24,494.54678344647994,0.04293686260170863
D,2025-08-01,25,503.50939781960034,0.04371500241531519
D,2025-08-01,26,507.8245716505755,0.044089648519758246
D,2025-08-01,27,517.71178106699,0.04494806225620681
D,2025-08-01,28,529.3241436205946,0.045956254872425294
D,2025-08-01,29,527.4656317823479,0.04579489770640285
D,2025-08-01,30,522.2750456725385,0.045344247757643556
D,2025-08-01,31,519.4996483763726,0.04510328601982746
D,2025-08-01,32,530.8675832936173,0.04609025727501452
D,2025-08-01,33,510.31097626923923,0.04430551973165821
D,2025-08-01,34,472.3930878647982,0.04101346482590712
D,2025-08-01,35,433.2539371493226,0.0376153791586493
D,2025-08-01,36,388.09406133109457,0.03369457035345499
D,2025-08-01,37,346.82495170731374,0.030111560314925657
D,2025-08-01,38,313.13443668444785,0.027186528623410994
D,2025-08-01,39,279.1340391140192,0.024234592734330544
D,2025-08-01,40,239.99685908459404,0.020836678163274357
D,2025-08-01,41,210.04209307076763,0.01823598654894666
D,2025-08-01,42,175.25929353399286,0.015216122029344753
D,2025-08-01,43,149.3064655795186,0.012962881192873641
D,2025-08-01,44,120.52509172020923,0.01046406422297354
D,2025-08-01,45,98.83648504743286,0.008581045758589412
D,2025-08-01,46,77.20220300123908,0.006702743792432635
D,2025-08-01,47,62.00790946140908,0.005383565676455033
D,2025-08-02,0,39.06546135939457,0.00508069467543173
D,2025-08-02,1,28.00385639826695,0.003642067420765633
D,2025-08-02,2,21.831649142178993,0.0028393353026634144
D,2025-08-02,3,15.742542356833189,0.0020474108930723356
D,2025-08-02,4,11.08530756791279,0.001441709919093873
D,2025-08-02,5,7.088710100354974,0.0009219287424053809
D,2025-08-02,6,2.494017692882073,0.0003243617756381939
D,2025-08-02,7,0.6012954310860716,7.820203291534292e-05
D,2025-08-02,8,0.24711192844695276,3.213837019728869e-05
D,2025-08-02,9,0.24644424513985974,3.2051534027813725e-05
D,2025-08-02,10,0.4428086499498405,5.758988814538178e-05
D,2025-08-02,11,1.8729941356409927,0.00024359398304603884
D,2025-08-02,12,8.037245585012313,0.001045291401354183
D,2025-08-02,13,15.270510214581943,0.0019860203166318043
D,2025-08-02,14,27.96571449590299,0.0036371068404087645
D,2025-08-02,15,46.50092696860235,0.006047721025959468
D,2025-08-02,16,77.51911412316522,0.010081820018619486
D,2025-08-02,17,115.76983573595123,0.015056552963447944
D,2025-08-02,18,164.2903254027951,0.02136693008229875
D,2025-08-02,19,205.000990577899,0.026661593260228766
D,2025-08-02,20,246.04773845999085,0.031999965985172435
D,2025-08-02,21,285.96881217062,0.0371919381155703
D,2025-08-02,22,318.54100249014976,0.04142814442582257
D,2025-08-02,23,335.0590602411886,0.04357641569010126
D,2025-08-02,24,351.2330118232296,0.04567993390860055
D,2025-08-02,25,360.55690844276285,0.046892561899175816
D,2025-08-02,26,363.58239943217126,0.04728604492550023
D,2025-08-02,27,361.3801555467046,0.046999630061998254
D,2025-08-02,28,359.61366905364935,0.04676988802882681
D,2025-08-02,29,361.53468935888895,0.04701972809973845
D,2025-08-02,30,349.8922064749554,0.04550555423006313
D,2025-08-02,31,339.911591061004,0.04420751606984055
D,2025-08-02,32,328.99846088738786,0.04278819884086199
D,2025-08-02,33,307.514507736108,0.03999408346158252
D,2025-08-02,34,285.9315889715284,0.03718709701801644
D,2025-08-02,35,269.15150805356245,0.035004748088641235
D,2025-08-02,36,246.74864153702106,0.032091122582523224
D,2025-08-02,37,224.34319864427232,0.02917716200341687
D,2025-08-02,38,209.09462391718168,0.027193994526880177
D,2025-08-02,39,186.78167628403236,0.024292063504231024
D,2025-08-02,40,162.05203078042413,0.0210758266068961
D,2025-08-02,41,145.8536338119496,0.018969129121075512
D,2025-08-02,42,123.54337246160898,0.0160675474654193
D,2025-08-02,43,103.50402674792355,0.01346131184132183
D,2025-08-02,44,88.65831420946112,0.011530538978990913
D,2025-08-02,45,74.64902348302668,0.009708547728316645
D,2025-08-02,46,59.81416338155147,0.007779186289706265
D,2025-08-02,47,49.96312242564771,0.006498000055358007
D,2025-08-03,0,35.91307509471617,0.0070211290507754005
D,2025-08-03,1,25.712625927449444,0.005026906339677311
D,2025-08-03,2,19.76387902279808,0.0038639059673114527
D,2025-08-03,3,15.4481558387552,0.003020167319404731
D,2025-08-03,4,11.302483797010932,0.0022096742516150404
D,2025-08-03,5,7.663769662779563,0.0014982931892042156
D,2025-08-03,6,2.7496597477319686,0.0005375678881196419
D,2025-08-03,7,0.7113556787598051,0.0001390724689657488
D,2025-08-03,8,0.3726716679594358,7.285858611132664e-05
D,2025-08-03,9,0.3626539973506004,7.090009723374397e-05
D,2025-08-03,10,0.4119750792503251,8.05425374878446e-05
D,2025-08-03,11,1.1386330242983635,0.00022260665186673776
D,2025-08-03,12,5.085876990733653,0.0009943063520495901
D,2025-08-03,13,10.470686945306591,0.002047055121272061
D,2025-08-03,14,18.350705643417143,0.0035876257367384442
D,2025-08-03,15,31.4154489668871,0.006141827755012141
D,2025-08-03,16,48.808405575207836,0.009542210278633008
D,2025-08-03,17,68.32806294183071,0.013358370076604245
D,2025-08-03,18,95.47195820024498,0.018665094467301073
D,2025-08-03,19,116.1771746165081,0.022713035115641857
D,2025-08-03,20,137.37369136779654,0.02685702666037078
D,2025-08-03,21,164.03530482896193,0.03206946330966998
D,2025-08-03,22,181.26173013178678,0.0354372883933112
D,2025-08-03,23,195.49154299048072,0.03821926549178509
D,2025-08-03,24,207.5155576514234,0.04057000149587945
D,2025-08-03,25,210.34805977792627,0.041123765352478255
D,2025-08-03,26,213.081273871597,0.041658118058963245
D,2025-08-03,27,222.5850808742742,0.04351614484345537
D,2025-08-03,28,223.40213374297406,0.043675881474677235
D,2025-08-03,29,223.96090097505763,0.04378512238026542
D,2025-08-03,30,222.10049384548552,0.043421406421404796
D,2025-08-03,31,223.9761789757943,0.04378810928168022
D,2025-08-03,32,215.11711299146165,0.04205613157213327
D,2025-08-03,33,210.50524444770448,0.04115449549319736
D,2025-08-03,34,200.72928067993763,0.039243261129997584
D,2025-08-03,35,194.2276269928719,0.037972165590004284
D,2025-08-03,36,181.04668467651243,0.03539524627106792
D,2025-08-03,37,165.84661982205665,0.03242358158788986
D,2025-08-03,38,152.42808230739715,0.02980021159479905
D,2025-08-03,39,149.99738813167392,0.02932500256728718
D,2025-08-03,40,137.72097231882051,0.026924921274451716
D,2025-08-03,41,123.98796119592272,0.024240070615038654
D,2025-08-03,42,101.32036872488203,0.019808478734092284
D,2025-08-03,43,89.07932607084253,0.017415313014827474
D,2025-08-03,44,78.94384928379402,0.015433792626352694
D,2025-08-03,45,67.74223477064459,0.013243838664837651
D,2025-08-03,46,55.549413268917206,0.010860100345829366
D,2025-08-03,47,49.9666268640059,0.00976864650322696
D,2025-08-04,0,33.250354328011035,0.0025356786645322226
D,2025-08-04,1,26.176631254496623,0.001996235129603952
D,2025-08-04,2,19.092814307624913,0.0014560218338766806
D,2025-08-04,3,14.72012968943407,0.001122560031223524
D,2025-08-04,4,10.07037580305629,0.0007679688708195142
D,2025-08-04,5,8.595480984288836,0.0006554930972537814
D,2025-08-04,6,5.221759833979515,0.00039821244825589226
D,2025-08-04,7,4.377683627817041,0.0003338430281260612
D,2025-08-04,8,3.7571595812100296,0.00028652174035003657
D,2025-08-04,9,4.011619127949293,0.00030592687622582886
D,2025-08-04,10,4.056763914714471,0.0003093696266845475
D,2025-08-04,11,4.858261917926692,0.00037049202455019384
D,2025-08-04,12,11.419230975336507,0.0008708328357611917
D,2025-08-04,13,20.322387321182447,0.0015497893175613854
D,2025-08-04,14,36.96348841286482,0.002818843011733762
D,2025-08-04,15,64.31685134915892,0.004904815934504608
D,2025-08-04,16,118.25936416099196,0.009018482739342025
D,2025-08-04,17,182.87267924893322,0.013945907057800138
D,2025-08-04,18,280.4114964520347,0.02138423674613244
D,2025-08-04,19,353.88072782218376,0.026987015009699057
D,2025-08-04,20,425.05766307873427,0.03241498231363794
D,2025-08-04,21,473.4538163622855,0.03610568263267639
D,2025-08-04,22,510.5846026806782,0.03893728381611212
D,2025-08-04,23,541.0744724607762,0.041262447377470916
D,2025-08-04,24,566.8282404711767,0.0432264348715913
D,2025-08-04,25,574.3531308727054,0.04380028451709795
D,2025-08-04,26,570.3312272529562,0.0434935733434726
D,2025-08-04,27,577.2098756731468,0.044018140446362146
D,2025-08-04,28,593.3949708167886,0.04525241903582617
D,2025-08-04,29,603.0000552340169,0.045984904692596425
D,2025-08-04,30,601.7804598719321,0.04589189810660658
D,2025-08-04,31,594.4870232931435,0.04533569917586696
D,2025-08-04,32,595.2343631953513,0.045392691466129134
D,2025-08-04,33,581.9349571522506,0.04437847610403802
D,2025-08-04,34,554.4969087100925,0.042286045047669675
D,2025-08-04,35,518.8778821926776,0.03956973096870873
D,2025-08-04,36,471.9774382756192,0.03599309374480433
D,2025-08-04,37,418.04567374883226,0.031880246606332055
D,2025-08-04,38,379.2770898387114,0.02892374665131636
D,2025-08-04,39,349.4598943717091,0.026649881367475717
D,2025-08-04,40,305.8285747678208,0.023322548216870343
D,2025-08-04,41,260.4198423119706,0.0198596692070442
D,2025-08-04,42,215.97493823606064,0.016470291942046873
D,2025-08-04,43,180.2079936436292,0.01374269760113088
D,2025-08-04,44,146.2897730803123,0.011156087324053404
D,2025-08-04,45,123.29723741754646,0.00940267196046263
D,2025-08-04,46,97.30920095442796,0.0074208191073307376
D,2025-08-04,47,76.1774339214514,0.005809306331232471
D,2025-08-05,0,44.4292126256599,0.003741722471421585
D,2025-08-05,1,34.04472790858981,0.0028671659010097534
D,2025-08-05,2,25.400876529663826,0.0021392013247148243
D,2025-08-05,3,18.810798199962974,0.0015842006232072573
D,2025-08-05,4,12.624085746910279,0.0010631704351448778
D,2025-08-05,5,8.629771662389976,0.0007267788161015643
D,2025-08-05,6,2.8558042164737647,0.00024050902951606575
D,2025-08-05,7,0.7000028850875405,5.8952575803228944e-05
D,2025-08-05,8,0.3236424618112751,2.72563973228293e-05
D,2025-08-05,9,0.3236635420642736,2.725817265153054e-05
D,2025-08-05,10,0.4449242100472032,3.747045730564285e-05
D,2025-08-05,11,2.2970647459426607,0.0001934533220433435
D,2025-08-05,12,11.727660148270491,0.0009876756062211969
D,2025-08-05,13,22.685229526477613,0.0019104960018930112
D,2025-08-05,14,41.45631442682439,0.0034913520655907356
D,2025-08-05,15,70.24320486252459,0.005915715417089826
D,2025-08-05,16,120.7635794225519,0.010170421039460325
D,2025-08-05,17,180.7452312085714,0.01522193289612358
D,2025-08-05,18,258.6371744204994,0.021781806840197017
D,2025-08-05,19,322.7999165507256,0.027185440167654167
D,2025-08-05,20,385.18657387116565,0.03243949586248658
D,2025-08-05,21,429.04899970493597,0.03613348490019673
D,2025-08-05,22,464.49355787111597,0.03911854117156106
D,2025-08-05,23,495.0493868053513,0.04169188031037151
D,2025-08-05,24,514.096601423356,0.04329599136123935
D,2025-08-05,25,517.4594886631683,0.0435792057152744
D,2025-08-05,26,516.4858603320096,0.04349720905608974
D,2025-08-05,27,517.7530611060105,0.043603929687216644
D,2025-08-05,28,532.4216174148031,0.044839280563820375
D,2025-08-05,29,533.3184018750968,0.04491480561521786
D,2025-08-05,30,531.1938524355188,0.04473588112140128
D,2025-08-05,31,534.9282431740428,0.04505038261529752
D,2025-08-05,32,538.367678132747,0.04534004363590592
D,2025-08-05,33,520.5269652475539,0.04383754128748138
D,2025-08-05,34,485.6877942500304,0.040903469281626276
D,2025-08-05,35,458.75178988038607,0.038634983146402735
D,2025-08-05,36,423.22678356441673,0.03564315172346444
D,2025-08-05,37,376.31823016965836,0.031692625077451436
D,2025-08-05,38,341.0792566713107,0.028724882657176244
D,2025-08-05,39,309.8421600129948,0.026094168773201514
D,2025-08-05,40,273.2760587909692,0.023014658816824088
D,2025-08-05,41,235.7361140074869,0.019853134075078903
D,2025-08-05,42,194.75538420138653,0.016401834613557903
D,2025-08-05,43,166.14106082656366,0.013992004448927377
D,2025-08-05,44,134.57266812541383,0.01133338960126443
D,2025-08-05,45,110.13279583487406,0.009275121764769585
D,2025-08-05,46,85.04708346024356,0.007162462814573316
D,2025-08-05,47,69.15964684634156,0.005824460741649112
D,2025-08-06,0,41.170813409714384,0.003642145559953502
D,2025-08-06,1,31.88325791728068,0.0028205288320311997
D,2025-08-06,2,24.09474847273805,0.0021315241040992614
D,2025-08-06,3,17.715285126740778,0.0015671695971992902
D,2025-08-06,4,11.472926767482479,0.0010149439815536516
D,2025-08-06,5,8.441739885457656,0.000746792275783586
D,2025-08-06,6,2.93318686223029,0.0002594822064959563
D,2025-08-06,7,0.787941141027283,6.97046303102692e-05
D,2025-08-06,8,0.42687824149819253,3.7763467931545695e-05
D,2025-08-06,9,0.4357634946227394,3.8549495278020114e-05
D,2025-08-06,10,0.6745665691104248,5.9675032653080754e-05
D,2025-08-06,11,2.697196453880916,0.0002386054895506826
D,2025-08-06,12,12.704354303421775,0.0011238813078044742
D,2025-08-06,13,24.48999632972766,0.002166489413457861
D,2025-08-06,14,43.19431674263767,0.003821153285795972
D,2025-08-06,15,73.41102047044048,0.006494251633973857
D,2025-08-06,16,123.46913717233599,0.01092260590696532
D,2025-08-06,17,184.65269803470366,0.01633516436966593
D,2025-08-06,18,264.6684082783478,0.023413694999853837
D,2025-08-06,19,316.80812130065334,0.02802619615186247
D,2025-08-06,20,367.56462933665614,0.03251633309772259
D,2025-08-06,21,407.1962004627139,0.0360223107274163
D,2025-08-06,22,445.0633488573688,0.03937220000507509
D,2025-08-06,23,465.6576717110401,0.04119406154556264
D,2025-08-06,24,479.76830653294365,0.04244234841940407
D,2025-08-06,25,489.8295873459622,0.04333241218559467
D,2025-08-06,26,493.57372456460706,0.04366363451562341
D,2025-08-06,27,500.87583798446383,0.04430961057895115
D,2025-08-06,28,515.5051367698577,0.04560378067673901
D,2025-08-06,29,513.8724647886716,0.04545934755738425
D,2025-08-06,30,508.1900367431118,0.04495665576283721
D,2025-08-06,31,503.90158153755,0.04457728074465234
D,2025-08-06,32,494.8546567148902,0.04377695123097047
D,2025-08-06,33,482.2664103346299,0.04266334132471956
D,2025-08-06,34,465.7969830205845,0.041206385617532246
D,2025-08-06,35,432.22018056460826,0.038236038620365204
D,2025-08-06,36,390.06170721568583,0.034506520454324646
D,2025-08-06,37,349.557071736339,0.030923307832301752
D,2025-08-06,38,320.7186167386515,0.02837213523873421
D,2025-08-06,39,289.8894061589928,0.025644851924893207
D,2025-08-06,40,258.677679129728,0.02288372957623213
D,2025-08-06,41,221.4854026505485,0.01959354234346678
D,2025-08-06,42,184.8833989723902,0.016355573157500903
D,2025-08-06,43,157.18659563639687,0.013905395933863843
D,2025-08-06,44,126.8861275406415,0.011224887432823911
D,2025-08-06,45,105.58899702677397,0.009340852532446388
D,2025-08-06,46,81.17962865608811,0.007181495811755849
D,2025-08-06,47,65.6162542940519,0.005804693408886403
D,2025-08-07,0,38.05955785983012,0.0035814018876286933
D,2025-08-07,1,30.054042216950048,0.0028280833929566246
D,2025-08-07,2,22.992576536581716,0.002163599937572383
D,2025-08-07,3,18.374967623211152,0.0017290832429858994
D,2025-08-07,4,13.283646342357155,0.0012499902458226362
D,2025-08-07,5,8.733476911189907,0.0008218196020692488
D,2025-08-07,6,3.165079715123634,0.00029783379270947906
D,2025-08-07,7,1.2177709628359594,0.00011459216738834661
D,2025-08-07,8,0.996833892487975,9.380200362171592e-05
D,2025-08-07,9,1.2210593263961786,0.00011490160218275887
D,2025-08-07,10,1.2336991704435245,0.00011609101067502819
D,2025-08-07,11,3.1009645132667814,0.00029180055643801463
D,2025-08-07,12,12.573711901625934,0.0011831854617131772
D,2025-08-07,13,23.126977079821682,0.0021762470198383064
D,2025-08-07,14,39.708815642855676,0.003736596936374864
D,2025-08-07,15,69.36801679069774,0.006527525810736589
D,2025-08-07,16,120.38196854940541,0.011327935310944332
D,2025-08-07,17,179.8558520549064,0.01692442383127001
D,2025-08-07,18,246.4333133965285,0.02318935855806234
D,2025-08-07,19,300.7119317293861,0.028296972967854155
D,2025-08-07,20,351.28398530903235,0.03305579987852003
D,2025-08-07,21,390.27724182810675,0.03672506274848092
D,2025-08-07,22,422.94783862761403,0.03979936375530385
D,2025-08-07,23,436.9365917107846,0.041115704498991684
D,2025-08-07,24,450.42749599759554,0.04238519770373535
D,2025-08-07,25,456.412859251721,0.04294841999169295
D,2025-08-07,26,457.37189472031605,0.043038665166116125
D,2025-08-07,27,465.1823534801915,0.04377362882094585
D,2025-08-07,28,482.65190708828703,0.045417512664748944
D,2025-08-07,29,481.93162334658916,0.04534973401210023
D,2025-08-07,30,475.21446707281405,0.04471765004919677
D,2025-08-07,31,473.19444150701014,0.04452756577651361
D,2025-08-07,32,473.7874799649664,0.04458337065634388
D,2025-08-07,33,455.8267866417766,0.04289327059770176
D,2025-08-07,34,429.90508233376534,0.04045403992977937
D,2025-08-07,35,397.34271965854157,0.03738992374692214
D,2025-08-07,36,361.40198750438157,0.03400790321863005
D,2025-08-07,37,325.4508428291748,0.030624902872793337
D,2025-08-07,38,299.5360484773029,0.028186322431288505
D,2025-08-07,39,272.66388370141,0.025657653495945232
D,2025-08-07,40,243.41408499671073,0.022905249364515923
D,2025-08-07,41,210.27264617611286,0.01978664215452271
D,2025-08-07,42,174.27512803694373,0.016399278068781758
D,2025-08-07,43,149.24497811735307,0.014043942610083097
D,2025-08-07,44,120.23417675903242,0.011314028113205272
D,2025-08-07,45,97.32772040839397,0.009158532079457417
D,2025-08-07,46,75.73146935052219,0.007126326277455744
D,2025-08-07,47,62.15800288764913,0.005849063977382999
D,2025-08-08,0,39.82431316683371,0.003733762719560633
D,2025-08-08,1,31.50446146435675,0.0029537278702753376
D,2025-08-08,2,24.112349117079702,0.0022606740218525877
D,2025-08-08,3,18.619513664414573,0.0017456885115708395
D,2025-08-08,4,13.50291621076332,0.0012659775183539584
D,2025-08-08,5,9.962747411197206,0.0009340659489215457
D,2025-08-08,6,4.41762161211545,0.00041417791225533947
D,2025-08-08,7,2.231351970189001,0.00020920232235036577
D,2025-08-08,8,1.6501443622903036,0.00015471070338367744
D,2025-08-08,9,1.5479270829026106,0.00014512723447427438
D,2025-08-08,10,1.7586839473960572,0.00016488692550122418
D,2025-08-08,11,3.456267363455801,0.0003240453181563661
D,2025-08-08,12,12.04900139634444,0.0011296644849376
D,2025-08-08,13,24.56105795488375,0.0023027431047143963
D,2025-08-08,14,43.28457286025596,0.004058182342045374
D,2025-08-08,15,72.40025866916318,0.006787948497015112
D,2025-08-08,16,123.92059683167017,0.011618282095600053
D,2025-08-08,17,178.12327622432338,0.01670010090233671
D,2025-08-08,18,246.97808700545698,0.02315564288444187
D,2025-08-08,19,306.3193682583517,0.028719235726453376
D,2025-08-08,20,357.33024509781234,0.0335018043406912
D,2025-08-08,21,393.55110690796744,0.03689772238027071
D,2025-08-08,22,422.1587300203845,0.03957985468032857
D,2025-08-08,23,444.57880798578935,0.04168186836544059
D,2025-08-08,24,455.39173291578237,0.042695643438569506
D,2025-08-08,25,463.5048519665738,0.043456295890359445
D,2025-08-08,26,467.3895219454186,0.043820506464037
D,2025-08-08,27,476.51880107055206,0.04467642987723158
D,2025-08-08,28,489.0976645364014,0.04585577203603988
D,2025-08-08,29,487.0420239844837,0.0456630436887759
D,2025-08-08,30,482.61701608935067,0.04524817326920595
D,2025-08-08,31,480.4927093231942,0.04504900706199083
D,2025-08-08,32,491.601149761084,0.04609048844562948
D,2025-08-08,33,472.6629146060515,0.04431491792668775
D,2025-08-08,34,438.3238926656413,0.041095433401991496
D,2025-08-08,35,398.57088311541,0.037368355814308085
D,2025-08-08,36,359.77312141907043,0.033730838310432255
D,2025-08-08,37,320.7381109049427,0.030071077339672105
D,2025-08-08,38,289.9489369140879,0.02718441186143708
D,2025-08-08,39,258.59558296489485,0.02424485120615928
D,2025-08-08,40,222.29573319931802,0.020841527582909997
D,2025-08-08,41,194.56198028113403,0.018241325734214702
D,2025-08-08,42,162.66979637338747,0.015251246612918382
D,2025-08-08,43,139.47833736076277,0.013076911434536168
D,2025-08-08,44,113.17098169632288,0.010610442686698189
D,2025-08-08,45,92.24182462783699,0.008648211572082972
D,2025-08-08,46,72.2619996194941,0.006774985900946382
D,2025-08-08,47,59.20702607340687,0.005551005632233909
D,2025-08-09,0,36.80428081022073,0.005117391658818233
D,2025-08-09,1,26.59074180073254,0.0036972666574989627
D,2025-08-09,2,20.739068127421803,0.0028836301623222753
D,2025-08-09,3,15.014455320319959,0.0020876606396440433
D,2025-08-09,4,10.568934100623038,0.0014695403365716125
D,2025-08-09,5,6.783915473801044,0.000943258547525173
D,2025-08-09,6,2.429765896512411,0.0003378428665896011
D,2025-08-09,7,0.6454198766552244,8.974136216007013e-05
D,2025-08-09,8,0.3187000001488236,4.4313125715909844e-05
D,2025-08-09,9,0.3200989152527619,4.4507635602441867e-05
D,2025-08-09,10,0.5011831101336449,6.968619440122982e-05
D,2025-08-09,11,1.845746003812048,0.000256638765824812
D,2025-08-09,12,7.547576172272813,0.0010494405133860975
D,2025-08-09,13,14.126928008444605,0.001964255840996191
D,2025-08-09,14,26.01415068842289,0.0036170954794803797
D,2025-08-09,15,43.29648127400485,0.0060200891649061245
D,2025-08-09,16,72.20566767343688,0.01003972019930991
D,2025-08-09,17,107.91802133344831,0.015005286614773124
D,2025-08-09,18,151.8441928790996,0.021112930044368688
D,2025-08-09,19,191.4614172226423,0.026621442884127128
D,2025-08-09,20,230.47739412168352,0.03204635624606278
D,2025-08-09,21,268.1941194535903,0.03729061727663936
D,2025-08-09,22,299.1732914600892,0.04159806610957859
D,2025-08-09,23,314.41244784474566,0.0437169699450425
D,2025-08-09,24,329.72187202698626,0.04584564405269553
D,2025-08-09,25,338.64357831246656,0.047086148263691126
D,2025-08-09,26,341.52161927384503,0.04748632081115754
D,2025-08-09,27,338.667998176326,0.04708954368413877
D,2025-08-09,28,337.01117030464064,0.04685917273423813
D,2025-08-09,29,338.4706713383097,0.047062106693313364
D,2025-08-09,30,327.1171226216304,0.04548347088732347
D,2025-08-09,31,317.287900776883,0.04411678264417172
D,2025-08-09,32,306.5321659878905,0.042621268908216145
D,2025-08-09,33,286.2775601446032,0.039805000020106125
D,2025-08-09,34,266.3417982996649,0.03703306427970869
D,2025-08-09,35,247.63617260184975,0.03443217082895575
D,2025-08-09,36,230.51428203248545,0.032051485265918445
D,2025-08-09,37,208.76103379752723,0.029026840071958736
D,2025-08-09,38,195.49868191176762,0.027182797818655118
D,2025-08-09,39,174.58598276423504,0.024275025412157265
D,2025-08-09,40,151.43639720479828,0.021056228754838473
D,2025-08-09,41,136.30596282342404,0.01895244199435818
D,2025-08-09,42,115.55550648240178,0.016067228376307256
D,2025-08-09,43,97.25313097287979,0.013522404195339236
D,2025-08-09,44,83.61298853144183,0.011625832665662101
D,2025-08-09,45,70.20672711561915,0.009761780744663396
D,2025-08-09,46,56.449921589185685,0.007848987985148177
D,2025-08-09,47,47.35575734162315,0.006584504635932029
D,2025-08-10,0,33.554895912931954,0.007408897309103986
D,2025-08-10,1,23.86829604133496,0.005270102901597474
D,2025-08-10,2,18.379581292550558,0.004058198563159761
D,2025-08-10,3,14.620334017198385,0.0032281594208872564
D,2025-08-10,4,10.648438573889527,0.0023511677133781247
D,2025-08-10,5,7.011182857473795,0.0015480642211247063
D,2025-08-10,6,2.565762455249744,0.0005665185372598242
D,2025-08-10,7,0.729518576733109,0.00016107718629567434
D,2025-08-10,8,0.4340082300118387,9.582871053474028e-05
D,2025-08-10,9,0.4259559729517534,9.405077786525799e-05
D,2025-08-10,10,0.4682016821566352,0.0001033786006086631
D,2025-08-10,11,1.1140829624631352,0.0002459887309479212
D,2025-08-10,12,4.671303841288688,0.0010314205876106619
D,2025-08-10,13,9.40498735475599,0.0020766145627635216
D,2025-08-10,14,16.480291748033487,0.0036388367736881182
D,2025-08-10,15,28.02723882861804,0.006188394530496365
D,2025-08-10,16,43.29711229825876,0.009559971803545763
D,2025-08-10,17,60.611665669338365,0.013383012954148458
D,2025-08-10,18,84.13288722541729,0.018576482054629563
D,2025-08-10,19,102.40605184756473,0.022611183892153837
D,2025-08-10,20,120.71782082651148,0.026654409544383195
D,2025-08-10,21,143.62343667927152,0.031711953340532464
D,2025-08-10,22,156.6459322045726,0.034587311151373944
D,2025-08-10,23,169.54868195306545,0.037436229179303476
D,2025-08-10,24,183.06313258927267,0.04042021033103835
D,2025-08-10,25,185.69336494503563,0.04100096377677978
D,2025-08-10,26,188.05169307681737,0.0415216809619822
D,2025-08-10,27,196.42788360852884,0.043371137913121846
D,2025-08-10,28,196.93715774869617,0.04348358528343921
D,2025-08-10,29,197.65922048973204,0.04364301622648091
D,2025-08-10,30,196.363033513278,0.0433568190579108
D,2025-08-10,31,198.3906262864323,0.0438045101096119
D,2025-08-10,32,190.4185366441495,0.042044278349337494
D,2025-08-10,33,186.43676145709114,0.04116510520138908
D,2025-08-10,34,177.18740983362682,0.039122854898129125
D,2025-08-10,35,168.139825247109,0.0371251546140669
D,2025-08-10,36,159.18050656705304,0.035146943379786494
D,2025-08-10,37,146.51782848662586,0.032351033006541366
D,2025-08-10,38,136.9442408817055,0.030237191627667366
D,2025-08-10,39,134.30619313739805,0.029654712549657333
D,2025-08-10,40,123.27315496854445,0.02721862551745296
D,2025-08-10,41,111.21246408141742,0.024555633491149795
D,2025-08-10,42,89.92444507060193,0.019855253934776315
D,2025-08-10,43,79.65490607594703,0.017587746980778765
D,2025-08-10,44,71.30913600001202,0.01574500684478075
D,2025-08-10,45,61.31784730713552,0.013538937360815968
D,2025-08-10,46,50.66301740525346,0.011186358446732936
D,2025-08-10,47,46.53994552689433,0.010275987089179582
D,2025-08-11,0,31.017803892464915,0.002551435707202839
D,2025-08-11,1,24.400510265708512,0.002007116086675044
D,2025-08-11,2,17.61923749047188,0.0014493080110612715
D,2025-08-11,3,13.58532043084693,0.0011174895476554192
D,2025-08-11,4,9.264459256109136,0.0007620678832038443
D,2025-08-11,5,7.897547990816903,0.0006496296776192237
D,2025-08-11,6,4.659607192762447,0.0003832859416601503
D,2025-08-11,7,3.863840530687564,0.00031782845526754657
D,2025-08-11,8,3.279062637953411,0.00026972630072825623
D,2025-08-11,9,3.512449929382585,0.00028892407085486427
D,2025-08-11,10,3.5499395327693515,0.0002920078582519825
D,2025-08-11,11,4.326724589111811,0.00035590397212402827
D,2025-08-11,12,10.426309950701656,0.0008576383935758539
D,2025-08-11,13,18.59376458222842,0.0015294698183950333
D,2025-08-11,14,34.03282488260504,0.0027994426982483377
D,2025-08-11,15,59.23580395171177,0.0048725675702650136
D,2025-08-11,16,109.16122839555685,0.008979289988941092
D,2025-08-11,17,168.369531753839,0.013849595439157605
D,2025-08-11,18,256.9022374143734,0.02113204223199584
D,2025-08-11,19,324.5157638310484,0.02669373725681076
D,2025-08-11,20,389.2759732972208,0.03202072660172911
D,2025-08-11,21,437.20235856797206,0.035963013783661436
D,2025-08-11,22,471.2674692596718,0.0387651122200931
D,2025-08-11,23,499.01708579750976,0.0410477161962252
D,2025-08-11,24,523.2232825296729,0.043038848608182356
D,2025-08-11,25,530.0721826353252,0.043602219514298365
D,2025-08-11,26,526.2467187294055,0.04328754781026615
D,2025-08-11,27,532.0959343190921,0.04376868753138867
D,2025-08-11,28,550.4802080425103,0.045280925231760326
D,2025-08-11,29,559.9782259228311,0.046062204978434745
D,2025-08-11,30,559.129882664892,0.04599242269185588
D,2025-08-11,31,553.6694592496073,0.045543263901423645
D,2025-08-11,32,554.4075177092118,0.04560397447636849
D,2025-08-11,33,541.2029041910224,0.044517800788930036
D,2025-08-11,34,516.4908914724554,0.04248506140268613
D,2025-08-11,35,481.8178579641563,0.03963295697656957
D,2025-08-11,36,440.4380411942984,0.036229171768882
D,2025-08-11,37,389.71320147549113,0.03205669173936754
D,2025-08-11,38,353.85573145743786,0.02910715895841391
D,2025-08-11,39,325.44957717049954,0.02677055006749194
D,2025-08-11,40,284.9162325857594,0.023436393237292047
D,2025-08-11,41,243.680943335655,0.02004449644942461
D,2025-08-11,42,202.26322538439575,0.016637593599111274
D,2025-08-11,43,169.58790093491953,0.013949814998348237
D,2025-08-11,44,137.90634127553759,0.011343780642883737
D,2025-08-11,45,114.1978564977757,0.009393588590752299
D,2025-08-11,46,90.44875864026085,0.007440055823004101
D,2025-08-11,47,70.7502691942637,0.00581971450146119
D,2025-08-12,0,42.493094429739735,0.0038382345253129557
D,2025-08-12,1,32.082925817466034,0.002897924832216244
D,2025-08-12,2,23.989964853658492,0.002166919415920738
D,2025-08-12,3,17.779938665741618,0.0016059921114390404
D,2025-08-12,4,12.030479425526911,0.0010866660126029185
D,2025-08-12,5,8.292773708937432,0.0007490537177253574
D,2025-08-12,6,2.915078481419105,0.0002633076037773557
D,2025-08-12,7,0.8983956595860704,8.114855564863792e-05
D,2025-08-12,8,0.5483922693236709,4.953412242107045e-05
D,2025-08-12,9,0.5481399299303249,4.9511329593562e-05
D,2025-08-12,10,0.6638772829701879,5.996543067204299e-05
D,2025-08-12,11,2.3933360342543315,0.00021618065524833634
D,2025-08-12,12,11.349334399753237,0.0010251408544624007
D,2025-08-12,13,21.39506254700172,0.0019325320700028653
D,2025-08-12,14,39.229937960964534,0.0035434864023994703
D,2025-08-12,15,66.17668483833184,0.005977480339475372
D,2025-08-12,16,112.70851533671856,0.010180518050466856
D,2025-08-12,17,168.2109622346504,0.015193836350343276
D,2025-08-12,18,240.23512538370676,0.02169949646677868
D,2025-08-12,19,300.6049796436144,0.02715246857949728
D,2025-08-12,20,358.32141330958194,0.03236576761896685
D,2025-08-12,21,400.57897434485864,0.03618272733672285
D,2025-08-12,22,432.7909991672742,0.03909231317561866
D,2025-08-12,23,460.81714751561765,0.04162380521322533
D,2025-08-12,24,478.47410414546874,0.04321868883980388
D,2025-08-12,25,481.49123063898054,0.04349121404019335
D,2025-08-12,26,480.47121175270803,0.0433990797355892
D,2025-08-12,27,481.2620207381803,0.043470510409012765
D,2025-08-12,28,496.22132697148305,0.04482172585778006
D,2025-08-12,29,497.22612088300644,0.04491248495014059
D,2025-08-12,30,494.88868602593703,0.044701353628934785
D,2025-08-12,31,498.9945585064234,0.04507222098332792
D,2025-08-12,32,501.71655477576115,0.04531808822832275
D,2025-08-12,33,484.91859266556474,0.043800794206988056
D,2025-08-12,34,452.54315859946706,0.04087644825214227
D,2025-08-12,35,426.0856615230975,0.03848664633033127
D,2025-08-12,36,395.19874936741866,0.03569675272038828
D,2025-08-12,37,351.6428010534507,0.031762514773141605
D,2025-08-12,38,318.56735426736947,0.028774939415352675
D,2025-08-12,39,288.5325623549823,0.026062014484236503
D,2025-08-12,40,254.5805034962012,0.02299525819674837
D,2025-08-12,41,219.8537112812555,0.01985852328436957
D,2025-08-12,42,181.97270764154445,0.01643688082752637
D,2025-08-12,43,156.0111329358609,0.014091873628024651
D,2025-08-12,44,126.26902267569658,0.011405385482404171
D,2025-08-12,45,102.657351101535,0.009272635814428236
D,2025-08-12,46,79.6016988216658,0.007190109188119032
D,2025-08-12,47,64.76364453631317,0.005849845952155466
D,2025-08-13,0,38.46095227119312,0.0037035100887042004
D,2025-08-13,1,29.403393764013323,0.002831333053828919
D,2025-08-13,2,22.24449541345351,0.002141983188584835
D,2025-08-13,3,16.34379012536885,0.0015737881680663313
D,2025-08-13,4,10.76170127819273,0.0010362735944335801
D,2025-08-13,5,7.911251763649511,0.0007617960292392403
D,2025-08-13,6,2.808426935071689,0.000270431096299633
D,2025-08-13,7,0.8547527570570882,8.2306476365632e-05
D,2025-08-13,8,0.5289429501744505,5.093336063307178e-05
D,2025-08-13,9,0.5419559268307467,5.218641567941711e-05
D,2025-08-13,10,0.7685812492730403,7.400878664160233e-05
D,2025-08-13,11,2.6215044338918054,0.00025243181838149306
D,2025-08-13,12,11.845144374265097,0.0011406012878444965
D,2025-08-13,13,22.61741824990527,0.0021778929465484133
D,2025-08-13,14,39.89094058944246,0.0038412075675919558
D,2025-08-13,15,67.71639909153757,0.006520596927447045
D,2025-08-13,16,113.35717443983255,0.010915471780436451
D,2025-08-13,17,169.60315540562337,0.016331550833473603
D,2025-08-13,18,243.63358482297198,0.02346014297765739
D,2025-08-13,19,292.7443868225847,0.028189156169724092
D,2025-08-13,20,338.5954553546746,0.03260428072746024
D,2025-08-13,21,375.1039957161897,0.03611978774349443
D,2025-08-13,22,409.36563539572506,0.039418934559049115
D,2025-08-13,23,427.7303373253091,0.041187321841628224
D,2025-08-13,24,440.62109671423144,0.04242860825365734
D,2025-08-13,25,449.8115633115631,0.04331358337135899
D,2025-08-13,26,453.00164423751016,0.04362076497231682
D,2025-08-13,27,459.68838222901985,0.044264649227637926
D,2025-08-13,28,473.5293985029259,0.04559743846922734
D,2025-08-13,29,472.454594236722,0.04549394263232759
D,2025-08-13,30,466.4507983612773,0.04491582073772531
D,2025-08-13,31,462.6661091355074,0.04455138268035699
D,2025-08-13,32,454.42833333198496,0.043758144759940776
D,2025-08-13,33,442.7173204100681,0.0426304593558082
D,2025-08-13,34,427.60851200964805,0.04117559094941243
D,2025-08-13,35,393.06141196930656,0.0378489563764378
D,2025-08-13,36,356.2180514902565,0.0343012086172611
D,2025-08-13,37,321.05183389039024,0.030914957524351493
D,2025-08-13,38,294.7849748591646,0.02838564996236539
D,2025-08-13,39,266.1484400314738,0.02562815984896233
D,2025-08-13,40,237.45273004920983,0.02286497159838323
D,2025-08-13,41,203.33300903772425,0.019579490518798676
D,2025-08-13,42,169.95155491865367,0.016365099173678736
D,2025-08-13,43,145.2446474582995,0.013986003606961919
D,2025-08-13,44,116.85749941662115,0.011252527627984704
D,2025-08-13,45,97.21058088237072,0.00936067220822058
D,2025-08-13,46,74.60364954710506,0.007183789075311031
D,2025-08-13,47,60.650487512733946,0.00584020101229985
D,2025-08-14,0,37.72091138763998,0.0036999422646042156
D,2025-08-14,1,28.671006127741585,0.0028122615132654817
D,2025-08-14,2,21.597773907716455,0.002118467278834375
D,2025-08-14,3,17.148392033197247,0.0016820394343499017
D,2025-08-14,4,12.407218288504614,0.0012169905138307616
D,2025-08-14,5,8.074163481359252,0.0007919728770337667
D,2025-08-14,6,2.723399763932927,0.0002671309233872415
D,2025-08-14,7,0.8690444539501677,8.524222206475407e-05
D,2025-08-14,8,0.6681907898031783,6.55410289164471e-05
D,2025-08-14,9,0.888766962529507,8.71767496350669e-05
D,2025-08-14,10,0.9090118515984492,8.916251609597344e-05
D,2025-08-14,11,2.6860038830872113,0.00026346286249016295
D,2025-08-14,12,11.945653518965257,0.0011717168728754544
D,2025-08-14,13,22.070809607674242,0.002164866072356473
D,2025-08-14,14,38.109501860163896,0.00373805805396409
D,2025-08-14,15,67.00798087230557,0.006572631767759251
D,2025-08-14,16,115.86421963610421,0.011364808203639451
D,2025-08-14,17,173.41209936675162,0.017009524214492557
D,2025-08-14,18,238.08429643477274,0.02335304526088992
D,2025-08-14,19,287.839616445255,0.02823341014666552
D,2025-08-14,20,337.0009248540517,0.033055510039632335
D,2025-08-14,21,374.7628959477104,0.03675947973984408
D,2025-08-14,22,405.75830252104566,0.03979973541157878
D,2025-08-14,23,418.6542865809742,0.0410646676391343
D,2025-08-14,24,432.493744542224,0.04242214267211614
D,2025-08-14,25,438.33322652434026,0.04299492167968026
D,2025-08-14,26,439.1593141016952,0.043075950377802374
D,2025-08-14,27,446.63543038315964,0.04380926242110443
D,2025-08-14,28,463.36504608031083,0.04545022521631298
D,2025-08-14,29,464.1146738510184,0.04552375417861877
D,2025-08-14,30,455.7672528349601,0.0447049782084316
D,2025-08-14,31,454.2646241104637,0.04455758941740694
D,2025-08-14,32,454.12282270939005,0.04454368050116626
D,2025-08-14,33,436.65792963623414,0.04283059633508918
D,2025-08-14,34,411.396463114834,0.040352767348193624
D,2025-08-14,35,379.36563091740186,0.03721094957502716
D,2025-08-14,36,344.64730995706014,0.033805523291521346
D,2025-08-14,37,312.7354452568379,0.030675374718669733
D,2025-08-14,38,287.6887311440364,0.0282186102152071
D,2025-08-14,39,261.5361992087629,0.025653379029795285
D,2025-08-14,40,233.4597614915856,0.02289943712521683
D,2025-08-14,41,201.85667745790633,0.01979957601352686
D,2025-08-14,42,167.39593532066942,0.016419414940722847
D,2025-08-14,43,144.09750223478696,0.014134134598802054
D,2025-08-14,44,115.4450519718337,0.011323693180170055
D,2025-08-14,45,93.5828978255208,0.009179293558167809
D,2025-08-14,46,72.7350508867973,0.007134384589190515
D,2025-08-14,47,59.26880786133577,0.005813517200719546
D,2025-08-15,0,38.27879778222588,0.0036792385411597347
D,2025-08-15,1,28.63793108346484,0.0027525885316671316
D,2025-08-15,2,21.111309742995108,0.0020291531856012216
D,2025-08-15,3,15.808989141833454,0.0015195106826060606
D,2025-08-15,4,11.158367879960407,0.0010725074855786627
D,2025-08-15,5,8.076059131408226,0.0007762455912541547
D,2025-08-15,6,2.9476037216425066,0.0002833144676703678
D,2025-08-15,7,1.0429358441836933,0.00010024373742634499
D,2025-08-15,8,0.48772980974280744,4.687906668039287e-05
D,2025-08-15,9,0.3957080994560257,3.8034227168014775e-05
D,2025-08-15,10,0.6103226583064948,5.86623085646381e-05
D,2025-08-15,11,2.197645975126853,0.00021123087035052415
D,2025-08-15,12,11.20510208937506,0.001076999431889183
D,2025-08-15,13,23.40831761439558,0.002249934411226026
D,2025-08-15,14,41.7804930877219,0.004015810562064773
D,2025-08-15,15,70.63990723252306,0.006789687354144853
D,2025-08-15,16,120.51689345905345,0.011583707560462654
D,2025-08-15,17,174.6472850725094,0.016786551813966686
D,2025-08-15,18,243.4854819838795,0.02340306439675889
D,2025-08-15,19,298.6633101872818,0.028706584985321207
D,2025-08-15,20,348.90334545307724,0.033535500331899004
D,2025-08-15,21,384.2272050379484,0.03693071943848024
D,2025-08-15,22,412.3085470929639,0.03962981037033486
D,2025-08-15,23,434.06690106054236,0.04172115542681107
D,2025-08-15,24,445.15710239776195,0.04278711095710899
D,2025-08-15,25,453.17561457146,0.04355782531444252
D,2025-08-15,26,456.980061478272,0.04392349687411303
D,2025-08-15,27,465.9581190089748,0.044786439735580046
D,2025-08-15,28,477.87767515361486,0.04593211026082419
D,2025-08-15,29,476.49505774016455,0.045799217391403746
D,2025-08-15,30,472.8645316678256,0.04545026255938347
D,2025-08-15,31,470.8542445545643,0.04525704003792429
D,2025-08-15,32,481.28570816955875,0.04625967975485955
D,2025-08-15,33,462.190468366986,0.04442430491801096
D,2025-08-15,34,427.92378359388795,0.04113069815396847
D,2025-08-15,35,388.49178530067184,0.037340617579841584
D,2025-08-15,36,349.1288624992851,0.0335571763263442
D,2025-08-15,37,313.47245889521525,0.03012999412679885
D,2025-08-15,38,283.3611870579734,0.027235792681466107
D,2025-08-15,39,252.4258661959337,0.02426238621644884
D,2025-08-15,40,217.04823744577374,0.02086199898556072
D,2025-08-15,41,190.049377664505,0.018266952870482987
D,2025-08-15,42,158.98633395412685,0.015281270084018344
D,2025-08-15,43,137.07400952531572,0.01317512586748517
D,2025-08-15,44,110.55001747080335,0.010625722555825005
D,2025-08-15,45,90.12330725351437,0.008662370939399689
D,2025-08-15,46,70.50477413442884,0.006776698782624841
D,2025-08-15,47,57.41522565776449,0.00551857224699774
D,2025-08-16,0,35.98137114736648,0.005256591840374943
D,2025-08-16,1,25.74589526232846,0.0037612703085943694
D,2025-08-16,2,20.181283449328554,0.002948324828243762
D,2025-08-16,3,14.7739443488326,0.0021583556389821183
D,2025-08-16,4,10.327539382439287,0.001508771275739852
D,2025-08-16,5,6.483207583257687,0.0009471450085109842
D,2025-08-16,6,2.312329267401941,0.00033781289516463713
D,2025-08-16,7,0.6188625946464161,9.041089768391762e-05
D,2025-08-16,8,0.3313088389191599,4.840158347978962e-05
D,2025-08-16,9,0.33636072567889247,4.913962391218298e-05
D,2025-08-16,10,0.5134929631133521,7.501723347163655e-05
D,2025-08-16,11,1.7802609432661336,0.00026008194934494283
D,2025-08-16,12,7.13117761794913,0.0010418082714315749
D,2025-08-16,13,13.346880900030216,0.0019498730314142026
D,2025-08-16,14,24.539522492785487,0.003585028852123519
D,2025-08-16,15,41.22003488100958,0.0060219189015353666
D,2025-08-16,16,68.20169336667688,0.009963724377892896
D,2025-08-16,17,100.87319625437475,0.01473677081875453
D,2025-08-16,18,144.72671788708578,0.02114342116684964
D,2025-08-16,19,180.79068029004532,0.026412078932073823
D,2025-08-16,20,219.2218997997843,0.032026574112459356
D,2025-08-16,21,254.98077503010023,0.03725066107086928
D,2025-08-16,22,283.71917188955695,0.041449112036458284
D,2025-08-16,23,298.15198049083926,0.04355763045885161
D,2025-08-16,24,312.11764218563843,0.04559790243763892
D,2025-08-16,25,320.94512553570763,0.04688752747051974
D,2025-08-16,26,323.9168270946999,0.047321669407552946
D,2025-08-16,27,321.2860569915203,0.046937334841712246
D,2025-08-16,28,319.53051398803143,0.046680863986564125
D,2025-08-16,29,321.5196162840112,0.04697145599474232
D,2025-08-16,30,310.9307842091975,0.045424511937063185
D,2025-08-16,31,302.2620877522002,0.04415808440499638
D,2025-08-16,32,291.96052788424606,0.042653108529473495
D,2025-08-16,33,272.5193581714498,0.03981290842533964
D,2025-08-16,34,253.79226009801096,0.037077028502266025
D,2025-08-16,35,236.62551631819176,0.03456910391792429
D,2025-08-16,36,221.15886396155975,0.032309549154354966
D,2025-08-16,37,199.3341321656817,0.029121129607842466
D,2025-08-16,38,186.80932517330177,0.027291355028970312
D,2025-08-16,39,166.7156650850903,0.024355831276127147
D,2025-08-16,40,144.86961889794307,0.021164297866755746
D,2025-08-16,41,130.32910711912615,0.019040044867659044
D,2025-08-16,42,110.8277312908051,0.016191049129409073
D,2025-08-16,43,93.6099824766428,0.013675673115652709
D,2025-08-16,44,80.16736289393899,0.011711813424972826
D,2025-08-16,45,67.46361832754265,0.009855897491240708
D,2025-08-16,46,54.455804055070296,0.007955559394458772
D,2025-08-16,47,45.562884633575194,0.006656374672545682
D,2025-08-17,0,35.34388664591233,0.007335800466150338
D,2025-08-17,1,24.78648189617656,0.005144558301406509
D,2025-08-17,2,19.137508330944467,0.003972085581350034
D,2025-08-17,3,15.349821617182046,0.0031859322576135423
D,2025-08-17,4,11.331318361983572,0.002351871806140218
D,2025-08-17,5,7.483865464188684,0.0015533137119528194
D,2025-08-17,6,2.7051256476146914,0.0005614623594052909
D,2025-08-17,7,0.7409635989191874,0.00015379070131157896
D,2025-08-17,8,0.4420387490992672,9.174735348677195e-05
D,2025-08-17,9,0.4347239858304578,9.022913778133204e-05
D,2025-08-17,10,0.48514175866634746,0.00010069359872692974
D,2025-08-17,11,1.1675671640578693,0.0002423344051593751
D,2025-08-17,12,4.943670897281565,0.0010260836233461114
D,2025-08-17,13,9.889990167103466,0.002052716929660329
D,2025-08-17,14,17.339882233640513,0.0035989792929930495
D,2025-08-17,15,29.928895078070614,0.006211891880047865
D,2025-08-17,16,45.967912722766215,0.009540870220582445
D,2025-08-17,17,64.45443509806114,0.013377840410556483
D,2025-08-17,18,90.50161197685435,0.018784062261696627
D,2025-08-17,19,108.94614114672923,0.022612316551832552
D,2025-08-17,20,128.20521404944287,0.02660963346812845
D,2025-08-17,21,152.31794134387968,0.03161435063177245
D,2025-08-17,22,166.89468293394762,0.03463982626275376
D,2025-08-17,23,180.65166192406707,0.037495156065601304
D,2025-08-17,24,194.9641033644166,0.04046577487845923
D,2025-08-17,25,197.94835713839672,0.04108517167671165
D,2025-08-17,26,200.36566585847197,0.04158689619312411
D,2025-08-17,27,209.13033232091286,0.04340604655892753
D,2025-08-17,28,209.73131035215292,0.04353078255544893
D,2025-08-17,29,210.61598285829746,0.04371440075929794
D,2025-08-17,30,209.0055556622193,0.04338014853927341
D,2025-08-17,31,211.58111270289936,0.04391471828619746
D,2025-08-17,32,203.0358510144318,0.04214110647871146
D,2025-08-17,33,198.32029979480407,0.04116237023553426
D,2025-08-17,34,189.2459990736812,0.039278953730527436
D,2025-08-17,35,179.38904871065762,0.037233094377471486
D,2025-08-17,36,170.74845863413643,0.035439696686205155
D,2025-08-17,37,155.76232576935445,0.03232924984835086
D,2025-08-17,38,145.27370877846556,0.030152284927037268
D,2025-08-17,39,142.5393358464659,0.02958475214746075
D,2025-08-17,40,130.99110477119663,0.02718785902266431
D,2025-08-17,41,117.81807136807888,0.02445373004733891
D,2025-08-17,42,95.58826757461284,0.019839823074847
D,2025-08-17,43,84.74125698969519,0.017588471770380903
D,2025-08-17,44,75.35881759554212,0.01564109954245374
D,2025-08-17,45,64.65673807357307,0.013419829405058753
D,2025-08-17,46,53.458611242062496,0.011095602167302304
D,2025-08-17,47,48.2792017130547,0.010020589811758965
D,2025-08-18,0,30.439091312219986,0.00255040563990113
D,2025-08-18,1,23.841634811401708,0.0019976233608212574
D,2025-08-18,2,17.34733187925042,0.001453484028424836
D,2025-08-18,3,13.345043533345695,0.0011181435721278337
D,2025-08-18,4,9.101495189134859,0.0007625886207905201
D,2025-08-18,5,7.770220301140844,0.0006510448513733426
D,2025-08-18,6,4.641794088213758,0.00038892283939788506
D,2025-08-18,7,3.879055328398188,0.0003250151092080593
D,2025-08-18,8,3.330363700302777,0.00027904178469231476
D,2025-08-18,9,3.5934398737537334,0.00030108419553864546
D,2025-08-18,10,3.6100971550237277,0.00030247986217207606
D,2025-08-18,11,4.360581265913427,0.00036536080987963364
D,2025-08-18,12,10.363368493846867,0.0008683174272180031
D,2025-08-18,13,18.412203573841737,0.0015427066253742552
D,2025-08-18,14,33.63772404806807,0.0028184100584891557
D,2025-08-18,15,58.53695182574625,0.004904646152136259
D,2025-08-18,16,107.42266845172495,0.009000642517949305
D,2025-08-18,17,165.10413952062814,0.013833610349445174
D,2025-08-18,18,252.97486010787856,0.021196050281347176
D,2025-08-18,19,318.41861395046504,0.02667939790117009
D,2025-08-18,20,382.01668244842733,0.0320081007497635
D,2025-08-18,21,427.7497972660965,0.035839949498625595
D,2025-08-18,22,462.4551445533851,0.03874781269823084
D,2025-08-18,23,489.25675670166044,0.04099344421463431
D,2025-08-18,24,512.4323842041866,0.04293526470081161
D,2025-08-18,25,519.3078629181986,0.04351134167726842
D,2025-08-18,26,515.5320398856428,0.04319497611107187
D,2025-08-18,27,521.1642528852332,0.04366688335862867
D,2025-08-18,28,539.989259380374,0.045244177576906075
D,2025-08-18,29,549.8150584938778,0.04606745358138901
D,2025-08-18,30,549.1894313990546,0.04601503405103097
D,2025-08-18,31,543.716074816051,0.04555643693473406
D,2025-08-18,32,544.6573469152524,0.04563530347006723
D,2025-08-18,33,531.9597920742524,0.04457141114991642
D,2025-08-18,34,507.08225888343475,0.0424869927845358
D,2025-08-18,35,473.71617805887007,0.039691342945862594
D,2025-08-18,36,433.99288216592174,0.03636303998038724
D,2025-08-18,37,383.01095860330094,0.03209140834547976
D,2025-08-18,38,347.7739810051424,0.029139001341025754
D,2025-08-18,39,319.81209759135515,0.026796153966598672
D,2025-08-18,40,279.83044140372584,0.023446203720462994
D,2025-08-18,41,239.76347556537584,0.020089105619218756
D,2025-08-18,42,198.92620454911054,0.016667465818945165
D,2025-08-18,43,166.99911108185788,0.013992384673804599
D,2025-08-18,44,135.46728308281214,0.011350421707818362
D,2025-08-18,45,111.81437109662834,0.009368610900429689
D,2025-08-18,46,88.67899598018182,0.007430163048192863
D,2025-08-18,47,68.75919858029135,0.00576113938670225
D,2025-08-19,0,40.68197125980961,0.0037790962619423697
D,2025-08-19,1,31.206429502774792,0.0028988787276149367
D,2025-08-19,2,23.414556297300628,0.0021750632881839876
D,2025-08-19,3,17.373719256624234,0.0016139079662447035
D,2025-08-19,4,11.777098718399596,0.001094017530738467
D,2025-08-19,5,8.14422580151002,0.0007565467535076656
D,2025-08-19,6,2.9373735927030227,0.0002728633156249905
D,2025-08-19,7,0.9777866920300791,9.083016182350944e-05
D,2025-08-19,8,0.6641132295210914,6.169189312783013e-05
D,2025-08-19,9,0.6623786890098377,6.153076535158734e-05
D,2025-08-19,10,0.7744686215228993,7.19432068298095e-05
D,2025-08-19,11,2.4569101971636726,0.00022823132347084743
D,2025-08-19,12,11.170014113790488,0.0010376232339796088
D,2025-08-19,13,20.96495484466773,0.0019475109005729428
D,2025-08-19,14,38.26685054963572,0.0035547469158974192
D,2025-08-19,15,64.68706226125022,0.006009016466442195
D,2025-08-19,16,109.73874558453967,0.01019403117366834
D,2025-08-19,17,163.50570239654172,0.015188639330844564
D,2025-08-19,18,234.4218015402161,0.02177629368696852
D,2025-08-19,19,292.20490242440553,0.027143976072866283
D,2025-08-19,20,348.48760624857164,0.03237228111923564
D,2025-08-19,21,388.12174131515485,0.036054040066433334
D,2025-08-19,22,420.7718721208497,0.03908702945850903
D,2025-08-19,23,447.9157649896193,0.041608524383615356
D,2025-08-19,24,464.83180123055035,0.04317991651003719
D,2025-08-19,25,467.8205988720191,0.04345755679257028
D,2025-08-19,26,466.6528928488251,0.043349084333379015
D,2025-08-19,27,467.07671087869716,0.04338845433150926
D,2025-08-19,28,482.4084484512402,0.0448126751928695
D,2025-08-19,29,483.40178373495564,0.044904949719921566
D,2025-08-19,30,481.47620300072066,0.04472607552259365
D,2025-08-19,31,485.3095402086876,0.04508216815686834
D,2025-08-19,32,488.019440501288,0.045333900650375104
D,2025-08-19,33,471.9116852518653,0.04383759268479938
D,2025-08-19,34,440.2427241305771,0.04089574771301227
D,2025-08-19,35,413.94281387813004,0.03845265340252021
D,2025-08-19,36,384.52418323229756,0.03571984981256828
D,2025-08-19,37,341.924766662398,0.03176263508243363
D,2025-08-19,38,310.06897092931297,0.028803434364079235
D,2025-08-19,39,280.7727780707111,0.02608200446546318
D,2025-08-19,40,247.63990953429595,0.02300417180996711
D,2025-08-19,41,214.1295230462743,0.01989127013899436
D,2025-08-19,42,177.08272218391195,0.01644985807560724
D,2025-08-19,43,151.83399568218212,0.014104412046649525
D,2025-08-19,44,122.96697062808123,0.011422849106184973
D,2025-08-19,45,99.78390014786757,0.009269289377414544
D,2025-08-19,46,77.44141610338662,0.007193814779692208
D,2025-08-19,47,62.408170544112785,0.005797321926996078
D,2025-08-20,0,38.65491729203732,0.00361598852123829
D,2025-08-20,1,30.16087929187666,0.002821410597930464
D,2025-08-20,2,22.911021411840647,0.0021432199636894898
D,2025-08-20,3,16.834148246405555,0.0015747566179986489
D,2025-08-20,4,11.076696897248631,0.0010361737041392545
D,2025-08-20,5,8.209356843892596,0.0007679473193538443
D,2025-08-20,6,3.0313012849822005,0.00028356419878224515
D,2025-08-20,7,1.0166444161893544,9.510237756682455e-05
D,2025-08-20,8,0.7052659082117544,6.59743599823905e-05
D,2025-08-20,9,0.7175210364180681,6.712077047877157e-05
D,2025-08-20,10,0.9460295164679123,8.849668067987954e-05
D,2025-08-20,11,2.8622718703025036,0.00026775227972895263
D,2025-08-20,12,12.363026872988335,0.0011565039170241662
D,2025-08-20,13,23.491890769608553,0.0021975576023955615
D,2025-08-20,14,41.24882535347899,0.0038586366093057993
D,2025-08-20,15,70.02522419107832,0.006550535471569535
D,2025-08-20,16,116.96878834725614,0.010941888526403754
D,2025-08-20,17,174.46355867291857,0.01632025806107751
D,2025-08-20,18,252.34430154528323,0.023605640930335195
D,2025-08-20,19,300.59503840035796,0.02811927393829354
D,2025-08-20,20,347.7068904088618,0.03252636954245667
D,2025-08-20,21,383.66960643323165,0.0358905151013313
D,2025-08-20,22,420.691594625433,0.039353750666551265
D,2025-08-20,23,439.66382428586996,0.04112851490045556
D,2025-08-20,24,452.6781336790331,0.04234594328148111
D,2025-08-20,25,462.17382492432836,0.043234221227720145
D,2025-08-20,26,465.4100837697142,0.043536958257223035
D,2025-08-20,27,471.769454082258,0.04413184790292404
D,2025-08-20,28,486.79798948489275,0.0455376978002706
D,2025-08-20,29,485.5461355855066,0.04542059266468724
D,2025-08-20,30,480.45309227801704,0.04494416204658719
D,2025-08-20,31,476.7384246563236,0.04459667209133055
D,2025-08-20,32,468.32183930469415,0.04380933950464866
D,2025-08-20,33,456.23331772453145,0.04267851428667273
D,2025-08-20,34,440.8787686967072,0.04124216732429441
D,2025-08-20,35,405.8108670460663,0.03796172750664792
D,2025-08-20,36,369.46852727149326,0.034562069903787955
D,2025-08-20,37,330.74603331010263,0.03093975989804515
D,2025-08-20,38,304.0093456674596,0.028438666573195475
D,2025-08-20,39,274.39956535940024,0.02566880873333959
D,2025-08-20,40,244.9770571172606,0.02291646932808799
D,2025-08-20,41,209.6970709091409,0.019616189982146016
D,2025-08-20,42,175.22070028786118,0.01639108515321433
D,2025-08-20,43,149.56777072713803,0.013991372378591022
D,2025-08-20,44,120.50050737096572,0.011272264487461714
D,2025-08-20,45,99.58627560514579,0.009315834949031411
D,2025-08-20,46,76.92143961913321,0.00719564449196756
D,2025-08-20,47,61.73515160058652,0.005775037567875259
D,2025-08-21,0,38.02852549721113,0.003630408162024929
D,2025-08-21,1,29.311568766068156,0.0027982404549945733
D,2025-08-21,2,22.16453780486844,0.0021159463298203764
D,2025-08-21,3,17.590671088075585,0.0016793003425370485
D,2025-08-21,4,12.722856575815582,0.0012145925132043514
D,2025-08-21,5,8.302627291434943,0.0007926135839078705
D,2025-08-21,6,2.8045709690714027,0.0002677394719877234
D,2025-08-21,7,0.8905838255482592,8.501993561319897e-05
D,2025-08-21,8,0.7024058411286693,6.705545022708061e-05
D,2025-08-21,9,0.9258163897002722,8.838342622436967e-05
D,2025-08-21,10,0.9382836265200012,8.957361589689749e-05
D,2025-08-21,11,2.780794133275244,0.00026546960699525
D,2025-08-21,12,12.226272773835888,0.0011671859449962662
D,2025-08-21,13,22.5406183350192,0.0021518490057297565
D,2025-08-21,14,38.92152902509952,0.003715659095474894
D,2025-08-21,15,68.67816569417803,0.006556388133095755
D,2025-08-21,16,118.6584522287241,0.011327775869090607
D,2025-08-21,17,176.2599077548947,0.016826721504047227
D,2025-08-21,18,244.9600038722319,0.02338520323362596
D,2025-08-21,19,295.908235019585,0.028248996183253938
D,2025-08-21,20,346.1088557123359,0.03304141820642825
D,2025-08-21,21,381.8618252827483,0.036454589525799365
D,2025-08-21,22,416.49847763885697,0.03976119118270711
D,2025-08-21,23,430.1134426420666,0.04106094917824025
D,2025-08-21,24,443.87551372787266,0.04237475071387806
D,2025-08-21,25,449.8960035242304,0.042949499143124625
D,2025-08-21,26,450.7579801360524,0.04303178807981407
D,2025-08-21,27,458.4720341550666,0.04376821328449323
D,2025-08-21,28,476.5437658159069,0.04549343826404839
D,2025-08-21,29,476.18273329110673,0.04545897215189563
D,2025-08-21,30,469.39775628193826,0.04481124164982704
D,2025-08-21,31,467.21096517783246,0.04460247877592673
D,2025-08-21,32,467.80822170787565,0.04465949610576379
D,2025-08-21,33,449.6605530883022,0.04292702177453959
D,2025-08-21,34,424.2230576460813,0.04049862125499583
D,2025-08-21,35,391.25324005039823,0.037351144634882885
D,2025-08-21,36,355.1594647395861,0.033905438161297
D,2025-08-21,37,321.2268383813153,0.030666046623514586
D,2025-08-21,38,296.21427534023405,0.02827821244298177
D,2025-08-21,39,269.2333855174735,0.025702471171119186
D,2025-08-21,40,240.6381950101347,0.02297262004870021
D,2025-08-21,41,207.92778340612088,0.01984990772373469
D,2025-08-21,42,172.53212318020005,0.01647084708164201
D,2025-08-21,43,148.0408413181554,0.014132777214143714
D,2025-08-21,44,118.77082986001383,0.011338504043915402
D,2025-08-21,45,95.81310258142351,0.009146835568632316
D,2025-08-21,46,74.52159262009086,0.007114233185688865
D,2025-08-21,47,59.74071565429514,0.005703170945517436
D,2025-08-22,0,38.13677458350576,0.003826304262416551
D,2025-08-22,1,27.761298904536215,0.0027853214512427223
D,2025-08-22,2,20.604320270985056,0.0020672539651836117
D,2025-08-22,3,15.481197472550804,0.0015532454572640517
D,2025-08-22,4,11.009787169909862,0.0011046239761121563
D,2025-08-22,5,7.916198015886246,0.0007942407962161378
D,2025-08-22,6,2.8808596417990735,0.0002890397955050741
D,2025-08-22,7,0.9843690700134133,9.876282432160262e-05
D,2025-08-22,8,0.46902144222478814,4.705743375386657e-05
D,2025-08-22,9,0.37313442648883244,3.7436984698387925e-05
D,2025-08-22,10,0.6629394188211603,6.651343622164746e-05
D,2025-08-22,11,2.215320810913008,0.0002222655574308225
D,2025-08-22,12,10.980863602965387,0.001101722043038566
D,2025-08-22,13,22.57587557878669,0.0022650622633477164
D,2025-08-22,14,40.22268208065193,0.004035585640679435
D,2025-08-22,15,67.87105141442203,0.006809576744699711
D,2025-08-22,16,115.64110292763955,0.011602398206846548
D,2025-08-22,17,165.41776068195355,0.01659654466559181
D,2025-08-22,18,232.95015110999276,0.02337214318350484
D,2025-08-22,19,287.37255657114014,0.028832402585646646
D,2025-08-22,20,335.23539001369295,0.03363453296013775
D,2025-08-22,21,367.1306841331554,0.036834622668120334
D,2025-08-22,22,395.72374107820457,0.03970339531235122
D,2025-08-22,23,416.67305462690416,0.04180526283002951
D,2025-08-22,24,427.1247040834319,0.04285388823953365
D,2025-08-22,25,434.9674428692245,0.04364075879093253
D,2025-08-22,26,438.67226521966563,0.04401246766526193
D,2025-08-22,27,447.33044258615644,0.044881152060415014
D,2025-08-22,28,459.09820907931885,0.04606182493020155
D,2025-08-22,29,458.45020640954243,0.045996810114331536
D,2025-08-22,30,453.18295265360985,0.04546834078996788
D,2025-08-22,31,450.14658102091505,0.045163698306502964
D,2025-08-22,32,459.4247619333783,0.04609458833484281
D,2025-08-22,33,441.1219959452144,0.04425825182554574
D,2025-08-22,34,409.1007091897904,0.04104552113873687
D,2025-08-22,35,370.5218602481054,0.03717486307295128
D,2025-08-22,36,333.0879991333669,0.03341908288686334
D,2025-08-22,37,297.7850088671049,0.029877095301204467
D,2025-08-22,38,271.5865548358629,0.02724857578367241
D,2025-08-22,39,242.1945517746318,0.024299644002671997
D,2025-08-22,40,207.8242432456618,0.020851233394768916
D,2025-08-22,41,182.04143349787714,0.01826441592233141
D,2025-08-22,42,152.36165700088551,0.015286611518098275
D,2025-08-22,43,130.5587845881427,0.013099105506987327
D,2025-08-22,44,105.90206215665864,0.010625269605363565
D,2025-08-22,45,86.4659625740212,0.008675224498246334
D,2025-08-22,46,67.74561718368204,0.006796991791279427
D,2025-08-22,47,54.01385885660863,0.0054192694749281255
D,2025-08-23,0,36.55688357600894,0.005277448184785469
D,2025-08-23,1,25.748667430965675,0.003717145579755403
D,2025-08-23,2,20.178310355617135,0.002912994132469631
D,2025-08-23,3,14.697936025701175,0.0021218328317743865
D,2025-08-23,4,10.303920064073512,0.0014875010919696134
D,2025-08-23,5,6.497227244062575,0.0009379568708044717
D,2025-08-23,6,2.3323456430994742,0.00033670357197913587
D,2025-08-23,7,0.5547982454152703,8.009213879244556e-05
D,2025-08-23,8,0.25718296297601195,3.712761122795033e-05
D,2025-08-23,9,0.25894512945740394,3.738200223147163e-05
D,2025-08-23,10,0.5005350410951889,7.225855941896764e-05
D,2025-08-23,11,1.8082894929247362,0.0002610494431824363
D,2025-08-23,12,7.4908424161800315,0.0010813977791511522
D,2025-08-23,13,13.72390767438909,0.0019812195285677913
D,2025-08-23,14,25.173339189131447,0.003634089676502302
D,2025-08-23,15,42.49499032663934,0.006134688945667582
D,2025-08-23,16,69.92950878947109,0.010095208429258132
D,2025-08-23,17,103.14043569662543,0.014889625479518612
D,2025-08-23,18,147.66134363992668,0.02131678123862086
D,2025-08-23,19,184.07105040386242,0.02657298259042333
D,2025-08-23,20,222.52118896946857,0.03212374606171049
D,2025-08-23,21,257.90498852079486,0.03723184474098381
D,2025-08-23,22,287.116107981873,0.04144883903304071
D,2025-08-23,23,301.9055525318173,0.04358388227686117
D,2025-08-23,24,316.6065518626451,0.04570615733544754
D,2025-08-23,25,324.4525275520019,0.0468388230910931
D,2025-08-23,26,327.4027619852726,0.04726472671939838
D,2025-08-23,27,325.0947182162155,0.04693153143008741
D,2025-08-23,28,324.6742909621862,0.04687083744220964
D,2025-08-23,29,326.6436156129083,0.04715513434573529
D,2025-08-23,30,315.4661231551751,0.04554152203770393
D,2025-08-23,31,306.0296980308084,0.044179254804505325
D,2025-08-23,32,296.3903466301006,0.042787692598542024
D,2025-08-23,33,276.3557292262108,0.03989544235978213
D,2025-08-23,34,257.1002017129543,0.037115663593612576
D,2025-08-23,35,239.09625853416185,0.03451656684483353
D,2025-08-23,36,222.5031748256211,0.03212114549236626
D,2025-08-23,37,200.24533837708555,0.02890794548535954
D,2025-08-23,38,188.83349380252056,0.027260501487299055
D,2025-08-23,39,168.57973654903898,0.024336615641553195
D,2025-08-23,40,146.11758922680585,0.02109392077765351
D,2025-08-23,41,131.24767205825654,0.01894726029424809
D,2025-08-23,42,111.56091867238949,0.016105228623125377
D,2025-08-23,43,93.50898024525816,0.013499203153639117
D,2025-08-23,44,80.05910915027616,0.0115575442688431
D,2025-08-23,45,67.24717376173315,0.009707979466108439
D,2025-08-23,46,54.12625732472961,0.007813809343832771
D,2025-08-23,47,44.82943517406846,0.006471695564323438
D,2025-08-24,0,32.099979943138,0.007435714603460274
D,2025-08-24,1,22.332258117164855,0.0051730966219978814
D,2025-08-24,2,17.09682092313385,0.00396034767735322
D,2025-08-24,3,13.450761947051424,0.003115766028967205
D,2025-08-24,4,9.79267495611452,0.0022683981830239797
D,2025-08-24,5,6.50274877337362,0.0015063119697413991
D,2025-08-24,6,2.397470661136278,0.0005553557241455357
D,2025-08-24,7,0.60853160896836,0.00014096168843371785
D,2025-08-24,8,0.3360791339184815,7.78501584244803e-05
D,2025-08-24,9,0.3255763119935257,7.541726013285284e-05
D,2025-08-24,10,0.40826773321855936,9.457209479234639e-05
D,2025-08-24,11,1.0327158976413733,0.0002392207314434499
D,2025-08-24,12,4.53548951970583,0.0010506114245322747
D,2025-08-24,13,9.041708752422046,0.002094442611170268
D,2025-08-24,14,15.8657579859723,0.003675181372706115
D,2025-08-24,15,27.350846478109162,0.0063356141946048555
D,2025-08-24,16,41.6831736231825,0.009655588052625086
D,2025-08-24,17,58.20246766324899,0.013482156048934211
D,2025-08-24,18,81.79431485157558,0.01894702683613055
D,2025-08-24,19,97.61041496836383,0.022610705343609875
D,2025-08-24,20,115.19911077822202,0.026684992072787125
D,2025-08-24,21,136.89797828449954,0.0317113686088718
D,2025-08-24,22,150.46084027959057,0.03485310175575413
D,2025-08-24,23,162.74751502906494,0.037699215897397484
D,2025-08-24,24,175.2969563765976,0.040606197909797914
D,2025-08-24,25,177.6221175491181,0.041144803694491104
D,2025-08-24,26,179.9277605959928,0.04167888825480491
D,2025-08-24,27,187.26447057032502,0.043378380952125324
D,2025-08-24,28,188.4099088538314,0.04364371296127668
D,2025-08-24,29,189.17385774105742,0.04382067587237837
D,2025-08-24,30,187.48144106329661,0.043428640505743944
D,2025-08-24,31,189.36508910692427,0.04386497315425626
D,2025-08-24,32,181.13839992374764,0.0419593235866916
D,2025-08-24,33,176.46816375244134,0.040877499131906726
D,2025-08-24,34,168.78900772396608,0.039098681427835555
D,2025-08-24,35,161.81912184675159,0.03748416072428807
D,2025-08-24,36,151.74274911605116,0.03515004612370886
D,2025-08-24,37,138.68231431849685,0.032124696390664086
D,2025-08-24,38,130.4196971022961,0.030210724369306486
D,2025-08-24,39,128.05993739063658,0.029664104097900525
D,2025-08-24,40,116.87912632031768,0.027074154811285077
D,2025-08-24,41,104.90963731033597,0.02430151431789112
D,2025-08-24,42,85.45734750581256,0.01979554030711433
D,2025-08-24,43,75.54571480197637,0.01749958647254491
D,2025-08-24,44,67.1032397876456,0.015543951769202131
D,2025-08-24,45,57.33710075638833,0.013281700430018145
D,2025-08-24,46,47.18978209205989,0.010931151747060434
D,2025-08-24,47,43.14355417312351,0.00999387402666748
D,2025-08-25,0,29.891691153483105,0.002555282198109344
D,2025-08-25,1,23.23408197894106,0.001986158486830318
D,2025-08-25,2,16.990437026473714,0.0014524223821570964
D,2025-08-25,3,13.042211072058565,0.0011149094778644696
D,2025-08-25,4,8.878958915527251,0.0007590151235704609
D,2025-08-25,5,7.574622647520844,0.0006475143312977299
D,2025-08-25,6,4.519403855288411,0.0003863398747895718
D,2025-08-25,7,3.841724775993176,0.000328408683193125
D,2025-08-25,8,3.30091744018501,0.00028217793128611815
D,2025-08-25,9,3.5767486144783427,0.0003057572759854969
D,2025-08-25,10,3.6012189203242997,0.00030784911269655496
D,2025-08-25,11,4.3057541508097765,0.000368076094273361
D,2025-08-25,12,10.122310813067164,0.0008653026853365673
D,2025-08-25,13,17.99817117613914,0.0015385682318463962
D,2025-08-25,14,32.882182289267185,0.0028109234304382956
D,2025-08-25,15,57.51417246171556,0.004916581677356434
D,2025-08-25,16,105.42175137971427,0.00901194660452336
D,2025-08-25,17,161.55388504150775,0.013810385112113844
D,2025-08-25,18,248.8487090038463,0.02127275679636231
D,2025-08-25,19,312.1418085749908,0.02668334831381354
D,2025-08-25,20,374.97209081944607,0.03205437603175296
D,2025-08-25,21,416.8559299970675,0.03563480338494337
D,2025-08-25,22,452.2372895638052,0.03865936823079203
D,2025-08-25,23,479.25910305243514,0.04096931980273851
D,2025-08-25,24,501.7013183325133,0.04288778580377101
D,2025-08-25,25,508.32308690377613,0.04345384569189401
D,2025-08-25,26,504.73321698120526,0.04314696674484572
D,2025-08-25,27,510.2891412020996,0.04362191325030771
D,2025-08-25,28,529.9137407382825,0.045299516219719824
D,2025-08-25,29,539.9941918955838,0.04616124054501485
D,2025-08-25,30,540.3106805335646,0.04618829548072872
D,2025-08-25,31,534.0322955567102,0.045651589635553956
D,2025-08-25,32,535.0371350608808,0.045737488037346626
D,2025-08-25,33,522.1517443300934,0.044635984299033454
D,2025-08-25,34,497.1198952169097,0.04249614423122839
D,2025-08-25,35,465.9123681141409,0.03982837819406231
D,2025-08-25,36,423.9740066802797,0.03624329002224993
D,2025-08-25,37,374.9600655549841,0.03205334805564918
D,2025-08-25,38,340.71041201078583,0.029125526757632574
D,2025-08-25,39,313.5474797706543,0.026803511691798114
D,2025-08-25,40,274.4503157152657,0.02346130242052194
D,2025-08-25,41,234.89167620698592,0.02007964405941066
D,2025-08-25,42,195.34500283910268,0.016699008620200264
D,2025-08-25,43,163.6470284480887,0.013989316844596401
D,2025-08-25,44,132.16354930259163,0.011297961130329257
D,2025-08-25,45,109.3419195923561,0.009347061001227227
D,2025-08-25,46,86.45729444424937,0.007390775726128344
D,2025-08-25,47,66.42725984480954,0.005678514262678197
D,2025-08-26,0,39.489376808378324,0.00389403183200654
D,2025-08-26,1,29.301647716738067,0.0028894238947577227
D,2025-08-26,2,22.004573439189244,0.002169862285690686
D,2025-08-26,3,16.31512324883978,0.0016088278521684035
D,2025-08-26,4,11.070387482580925,0.001091646532154711
D,2025-08-26,5,7.584116640032166,0.0007478667429279327
D,2025-08-26,6,2.6029856997376197,0.0002566793905667705
D,2025-08-26,7,0.7514031190986361,7.409556445110306e-05
D,2025-08-26,8,0.4545383071826774,4.482184273569445e-05
D,2025-08-26,9,0.45354744621892135,4.472413432786918e-05
D,2025-08-26,10,0.5561446906342667,5.4841208030200846e-05
D,2025-08-26,11,2.1412978221763987,0.00021115253152316325
D,2025-08-26,12,10.46253077830947,0.001031706022907945
D,2025-08-26,13,19.78178056565349,0.0019506735593781176
D,2025-08-26,14,36.07808458777066,0.003557645655040988
D,2025-08-26,15,60.99556139213709,0.006014748189738398
D,2025-08-26,16,103.7282821981393,0.010228604890852904
D,2025-08-26,17,154.63628629750303,0.015248623044818364
D,2025-08-26,18,222.04023169599367,0.021895299447391152
D,2025-08-26,19,276.2558401482276,0.027241479158685297
D,2025-08-26,20,329.87645856347314,0.03252898713770566
D,2025-08-26,21,365.5733346864364,0.03604904197677117
D,2025-08-26,22,397.0537613327438,0.03915331440023112
D,2025-08-26,23,423.0689690278919,0.04171866374399881
D,2025-08-26,24,439.04602368411025,0.04329415478592942
D,2025-08-26,25,441.9001449860828,0.043575598558927404
D,2025-08-26,26,440.9346965369865,0.043480396069124
D,2025-08-26,27,441.8711568741905,0.04357274005267631
D,2025-08-26,28,454.99455620816303,0.04486683327168554
D,2025-08-26,29,456.62701404130183,0.04502780929309751
D,2025-08-26,30,453.3909387146644,0.04470870118476131
D,2025-08-26,31,456.25493424501906,0.04499111865151554
D,2025-08-26,32,458.2822354697332,0.04519103002364
D,2025-08-26,33,443.3262804956644,0.0437162292175983
D,2025-08-26,34,413.157615978291,0.04074130913896963
D,2025-08-26,35,390.4155268577232,0.03849872072356998
D,2025-08-26,36,359.81628956674723,0.03548134203399539
D,2025-08-26,37,321.22198437939704,0.03167557286060517
D,2025-08-26,38,290.98411004180025,0.028693828028971524
D,2025-08-26,39,263.93513522695355,0.026026539318307226
D,2025-08-26,40,232.73046002965305,0.022949458636194957
D,2025-08-26,41,201.0258146151895,0.01982307608866872
D,2025-08-26,42,166.13892192512532,0.01638289339563409
D,2025-08-26,43,141.91730869484235,0.013994409692815537
D,2025-08-26,44,115.18362355264358,0.011358211572097779
D,2025-08-26,45,94.36732667320224,0.009305524768090153
D,2025-08-26,46,72.69992911770409,0.007168911262962636
D,2025-08-26,47,58.50170838972605,0.005768830331301257
D,2025-08-27,0,37.68199814512215,0.003731629842060027
D,2025-08-27,1,28.378358865731062,0.002810294995616069
D,2025-08-27,2,21.529919880420096,0.002132097433196682
D,2025-08-27,3,15.809367996258393,0.0015655939786352142
D,2025-08-27,4,10.359195430081156,0.001025866055662622
D,2025-08-27,5,7.588144958098372,0.0007514502830360836
D,2025-08-27,6,2.6238481475669624,0.00025983839845186794
D,2025-08-27,7,0.7049463154053057,6.981048875077299e-05
D,2025-08-27,8,0.40713197802870554,4.031808061286448e-05
D,2025-08-27,9,0.41436470494111577,4.1034334020708635e-05
D,2025-08-27,10,0.6288269387008111,6.22724241137662e-05
D,2025-08-27,11,2.429936430428168,0.0002406354159663466
D,2025-08-27,12,11.575586470134901,0.0011463246652936127
D,2025-08-27,13,22.129007012826637,0.002191424738842012
D,2025-08-27,14,39.00512565896419,0.0038626585124741718
D,2025-08-27,15,66.1735869886139,0.006553137946980977
D,2025-08-27,16,110.73372952534386,0.01096590706331391
D,2025-08-27,17,165.12599421310034,0.01635234642633198
D,2025-08-27,18,238.73331359018886,0.02364164325511872
D,2025-08-27,19,284.32261139792877,0.02815632911447106
D,2025-08-27,20,330.2369269184146,0.03270320131891608
D,2025-08-27,21,362.64122348982386,0.03591218295601346
D,2025-08-27,22,397.83193590107805,0.039397101990599925
D,2025-08-27,23,415.91004729535746,0.04118736851805877
D,2025-08-27,24,428.27515380236366,0.04241187896636598
D,2025-08-27,25,437.31327158834927,0.043306919349212644
D,2025-08-27,26,440.5978623497887,0.0436321907654772
D,2025-08-27,27,447.21116837656854,0.044287103226041645
D,2025-08-27,28,460.50087197109485,0.04560317607160773
D,2025-08-27,29,460.0180052440514,0.04555535801584981
D,2025-08-27,30,453.6440946293816,0.044924152765832996
D,2025-08-27,31,449.65965759182734,0.04452957591521364
D,2025-08-27,32,441.22201714205096,0.04369400050921479
D,2025-08-27,33,429.8341183164182,0.042566262459538345
D,2025-08-27,34,414.7176835881091,0.041069289323441185
D,2025-08-27,35,385.72082728981206,0.03819774482965063
D,2025-08-27,36,347.26251710932775,0.03438923718650502
D,2025-08-27,37,312.1410841678685,0.030911178863920426
D,2025-08-27,38,286.69673881029405,0.02839143779068073
D,2025-08-27,39,258.8256569471922,0.025631378188472193
D,2025-08-27,40,231.06321616672832,0.022882077259529444
D,2025-08-27,41,197.86201227577698,0.01959417828042949
D,2025-08-27,42,164.91212219738878,0.016331166785243493
D,2025-08-27,43,140.12057578802623,0.0138760720724922
D,2025-08-27,44,113.05425676680598,0.011195707740820557
D,2025-08-27,45,94.40731444046015,0.009349110164434557
D,2025-08-27,46,72.39170381621834,0.00716891501447993
D,2025-08-27,47,57.572941371539734,0.005701420219007698
D,2025-08-28,0,37.674882178334755,0.0036014608716503924
D,2025-08-28,1,29.290540905767966,0.0027999752323647803
D,2025-08-28,2,22.132665629980867,0.002115731347861664
D,2025-08-28,3,17.583821978217603,0.0016808930291767137
D,2025-08-28,4,12.72073702676309,0.0012160153930564086
D,2025-08-28,5,8.305814830711657,0.000793979048916132
D,2025-08-28,6,2.8243036899931635,0.0002699841019016503
D,2025-08-28,7,0.9002538965043564,8.605811074508713e-05
D,2025-08-28,8,0.7083184060931746,6.771039155847191e-05
D,2025-08-28,9,0.9285370507664957,8.87617867093486e-05
D,2025-08-28,10,0.9381007378738386,8.96760097384417e-05
D,2025-08-28,11,2.7574746020369942,0.00026359569850272385
D,2025-08-28,12,11.989482876799963,0.0011461125013669787
D,2025-08-28,13,22.66413101537563,0.002166535801106551
D,2025-08-28,14,38.97436554665777,0.003725682587387226
D,2025-08-28,15,68.67940082466198,0.006565280644743522
D,2025-08-28,16,118.62454604715559,0.011339694679968988
D,2025-08-28,17,176.18249761173428,0.016841840895873653
D,2025-08-28,18,244.94113094810018,0.023414695626431524
D,2025-08-28,19,296.68507360011705,0.028361062384104487
D,2025-08-28,20,348.0197013385884,0.03326830143758612
D,2025-08-28,21,382.4997581568825,0.03656435887170275
D,2025-08-28,22,416.32452751489984,0.03979777530971225
D,2025-08-28,23,430.01853109220957,0.041106828323507275
D,2025-08-28,24,444.00065940441294,0.04244342408989704
D,2025-08-28,25,450.006639792666,0.04301755470726183
D,2025-08-28,26,451.16096834652336,0.04312790061624351
D,2025-08-28,27,459.09952277468307,0.04388677208437846
D,2025-08-28,28,475.5511149009696,0.04545943168922374
D,2025-08-28,29,475.06092544627666,0.04541257293244209
D,2025-08-28,30,467.3011395907158,0.044670790516271465
D,2025-08-28,31,465.2563970733461,0.04447532712678961
D,2025-08-28,32,465.83455703961386,0.0445305952623663
D,2025-08-28,33,448.1273523621992,0.04283790769163552
D,2025-08-28,34,421.57650275712234,0.04029982819588207
D,2025-08-28,35,393.097075735798,0.0375773898992255
D,2025-08-28,36,355.5458543489452,0.03398775015284822
D,2025-08-28,37,321.3683682357255,0.0307206164072006
D,2025-08-28,38,294.9948177120509,0.028199485490110976
D,2025-08-28,39,268.32850053835244,0.0256503680851116
D,2025-08-28,40,239.70122065427688,0.02291379606675049
D,2025-08-28,41,207.20746222957712,0.019807615163901837
D,2025-08-28,42,171.57169886122827,0.016401080093798707
D,2025-08-28,43,146.60465493091982,0.01401440158024279
D,2025-08-28,44,117.77923949956678,0.01125888915969475
D,2025-08-28,45,95.79830161552464,0.009157661945848833
D,2025-08-28,46,74.33506687919862,0.007105923609520947
D,2025-08-28,47,59.32336176408063,0.005670907347680014
D,2025-08-29,0,37.20999461531902,0.0036728846723244513
D,2025-08-29,1,27.673306375845513,0.0027315473670758575
D,2025-08-29,2,20.437869209533996,0.0020173595113546538
D,2025-08-29,3,15.237414449637491,0.0015040385400885885
D,2025-08-29,4,10.701603769543073,0.0010563225515292738
D,2025-08-29,5,7.691713902677226,0.0007592255357494054
D,2025-08-29,6,2.724329252279527,0.0002689102015871609
D,2025-08-29,7,0.8575941477232439,8.465049330996387e-05
D,2025-08-29,8,0.3293326325930432,3.250741610828577e-05
D,2025-08-29,9,0.230970890249144,2.2798429597191195e-05
D,2025-08-29,10,0.43503035249033384,4.294051450896593e-05
D,2025-08-29,11,1.9704561009796535,0.00019449769035432372
D,2025-08-29,12,10.982766951355112,0.0010840753085929436
D,2025-08-29,13,23.217688360917343,0.0022917469510331996
D,2025-08-29,14,41.22766268853919,0.004069456390143045
D,2025-08-29,15,69.36162524997896,0.006846473719275388
D,2025-08-29,16,117.98142012286094,0.011645584850741382
D,2025-08-29,17,169.4531572581626,0.01672620247341453
D,2025-08-29,18,238.17070139999166,0.02350910091797371
D,2025-08-29,19,294.05369370891486,0.02902514003641446
D,2025-08-29,20,344.52843251272986,0.034007347005500926
D,2025-08-29,21,374.8838209435677,0.03700363448263426
D,2025-08-29,22,403.03374197586555,0.039782227023577685
D,2025-08-29,23,424.37494053576313,0.04188875141010395
D,2025-08-29,24,435.19559508067834,0.04295682509926743
D,2025-08-29,25,443.0741650901373,0.04373449462936899
D,2025-08-29,26,446.89098989589974,0.04411124172301843
D,2025-08-29,27,455.85595531852493,0.04499614601900355
D,2025-08-29,28,465.9382898363831,0.045991342398221606
D,2025-08-29,29,465.15452785553214,0.04591397965211057
D,2025-08-29,30,459.0984342137593,0.045316201185841405
D,2025-08-29,31,456.4094576881278,0.04505078054369044
D,2025-08-29,32,466.632000606316,0.046059816464940874
D,2025-08-29,33,448.3203205582448,0.044252326577657174
D,2025-08-29,34,415.07895866233935,0.04097117349346949
D,2025-08-29,35,380.11735877418005,0.03752022098254664
D,2025-08-29,36,339.8825112161665,0.033548762335027786
D,2025-08-29,37,304.27499260519943,0.03003405316407062
D,2025-08-29,38,274.46608095447255,0.027091706737190066
D,2025-08-29,39,244.75312886587213,0.02415883218496418
D,2025-08-29,40,210.26403592576844,0.020754519388586364
D,2025-08-29,41,184.0053344170973,0.018162603337982162
D,2025-08-29,42,153.74242947576596,0.015175444623015098
D,2025-08-29,43,130.95011080818713,0.012925684612396321
D,2025-08-29,44,105.86750385430622,0.010449857255385078
D,2025-08-29,45,86.92419667589705,0.008580021387414575
D,2025-08-29,46,67.66836636136433,0.006679337317280065
D,2025-08-29,47,53.6659878522619,0.005297205394557487
D,2025-08-30,0,34.71576846480514,0.005283983023562425
D,2025-08-30,1,25.10689913600311,0.003821445835008084
D,2025-08-30,2,19.875713050736138,0.003025222686565622
D,2025-08-30,3,14.666890650567563,0.0022324034475749714
D,2025-08-30,4,10.218818035655168,0.0015553756523067226
D,2025-08-30,5,6.35870098976338,0.0009678388112273029
D,2025-08-30,6,2.258227651404413,0.00034371805957449206
D,2025-08-30,7,0.5818690514974032,8.856454360691068e-05
D,2025-08-30,8,0.3448075960932476,5.248213030338625e-05
D,2025-08-30,9,0.344012547943624,5.2361118408466363e-05
D,2025-08-30,10,0.512944574509601,7.807375563312039e-05
D,2025-08-30,11,1.754553323004928,0.0002670553003051641
D,2025-08-30,12,6.900982327934072,0.0010503778276916395
D,2025-08-30,13,13.124854038220858,0.001997694678572429
D,2025-08-30,14,23.878189522821998,0.003634427629044444
D,2025-08-30,15,39.90492250941176,0.006073808601128122
D,2025-08-30,16,65.7848904397996,0.010012920919299787
D,2025-08-30,17,97.23299591628779,0.014799542757425843
D,2025-08-30,18,139.7864146480878,0.02127647102710621
D,2025-08-30,19,174.05940819793184,0.026493060608513218
D,2025-08-30,20,209.96367321313855,0.03195794112833159
D,2025-08-30,21,244.2470982979574,0.037176118462398385
D,2025-08-30,22,271.9251614805878,0.041388913467364966
D,2025-08-30,23,286.2343532280393,0.043566872637448906
D,2025-08-30,24,299.8872022636275,0.04564493185138927
D,2025-08-30,25,307.6276983197711,0.0468230895463883
D,2025-08-30,26,310.22112431784524,0.04721782714122454
D,2025-08-30,27,308.00194489165114,0.046880052494924065
D,2025-08-30,28,306.55869968230746,0.04666038046914878
D,2025-08-30,29,308.28664533433584,0.04692338589563712
D,2025-08-30,30,297.90353000951825,0.045343003045588776
D,2025-08-30,31,289.5643688386991,0.044073724328569125
D,2025-08-30,32,279.9621879933688,0.042612205174028736
D,2025-08-30,33,261.5973287324775,0.03981694501255365
D,2025-08-30,34,243.34979739201603,0.03703954298204201
D,2025-08-30,35,229.1709828014493,0.034881428128074474
D,2025-08-30,36,212.4361277150069,0.03233426601446072
D,2025-08-30,37,191.45163310842352,0.02914027901193661
D,2025-08-30,38,178.70014234659754,0.0271994128381427
D,2025-08-30,39,159.79839027758902,0.02432243383220533
D,2025-08-30,40,138.7246784585511,0.021114867345289362
D,2025-08-30,41,124.64487850831158,0.018971823212832813
D,2025-08-30,42,105.8952695931929,0.016118001460151125
D,2025-08-30,43,88.55705699277905,0.013479004108489963
D,2025-08-30,44,76.94374509748748,0.011711376727167044
D,2025-08-30,45,64.91592608179675,0.009880658459938622
D,2025-08-30,46,52.476522617293,0.007987294157883258
D,2025-08-30,47,43.54196973370194,0.006627392653531497
D,2025-08-31,0,29.612677771876236,0.007360844586596131
D,2025-08-31,1,21.001216644083264,0.005220287507850674
D,2025-08-31,2,16.131040379549088,0.00400970429518993
D,2025-08-31,3,12.571854344922745,0.003124994865752609
D,2025-08-31,4,9.147037306512221,0.002273685634231226
D,2025-08-31,5,6.1416364924211155,0.001526630994884692
D,2025-08-31,6,2.2655788224761557,0.0005631565554253432
D,2025-08-31,7,0.6354553675251764,0.000157955597197409
D,2025-08-31,8,0.36823346945275964,9.153205802952017e-05
D,2025-08-31,9,0.3594543476344264,8.934982541248481e-05
D,2025-08-31,10,0.3995720468354058,9.93219107221988e-05
D,2025-08-31,11,0.9691908588788488,0.00024091246802854805
D,2025-08-31,12,4.192598085915848,0.0010421571180501735
D,2025-08-31,13,8.542188947441717,0.0021233380431125324
D,2025-08-31,14,14.829703637723291,0.0036862300864338284
D,2025-08-31,15,25.27866528792757,0.006283535990039168
D,2025-08-31,16,38.70172380640959,0.009620115288692416
D,2025-08-31,17,54.26391235987113,0.013488419676826032
D,2025-08-31,18,76.02696759503705,0.018898077950543636
D,2025-08-31,19,91.21628867036593,0.02267369840178124
D,2025-08-31,20,107.80709764808556,0.026797687707702102
D,2025-08-31,21,127.02230036370531,0.03157402445033689
D,2025-08-31,22,139.60687210368474,0.03470218048811453
D,2025-08-31,23,151.23400651634648,0.03759234564164715
D,2025-08-31,24,163.09923150905047,0.04054169314169785
D,2025-08-31,25,165.44481449331064,0.041124736389090394
D,2025-08-31,26,167.37024177797912,0.04160334123240843
D,2025-08-31,27,175.0385198750102,0.043509450627643595
D,2025-08-31,28,174.76995469468918,0.043442693187842205
D,2025-08-31,29,175.08539253575216,0.04352110179859611
D,2025-08-31,30,173.38514632806343,0.04309847037734612
D,2025-08-31,31,175.35524235148966,0.04358817856114583
D,2025-08-31,32,168.30064884618128,0.041834613185727385
D,2025-08-31,33,165.0453399819654,0.04102543872283505
D,2025-08-31,34,157.37979678368745,0.039120009143347616
D,2025-08-31,35,153.0210847490147,0.03803656096172377
D,2025-08-31,36,141.79894221666243,0.03524706493081343
D,2025-08-31,37,130.6448350651513,0.03247448050339331
D,2025-08-31,38,120.9916868137082,0.030074990508006015
D,2025-08-31,39,119.36970281879601,0.029671812781207063
D,2025-08-31,40,109.12118858327445,0.02712433223546469
D,2025-08-31,41,98.01119268195251,0.024362712573192273
D,2025-08-31,42,79.79741524075922,0.01983530083041492
D,2025-08-31,43,70.41005068913032,0.017501876880221305
D,2025-08-31,44,62.83390634883807,0.01561866923908478
D,2025-08-31,45,53.82595265285887,0.013379555717837152
D,2025-08-31,46,44.20845804433312,0.010988928174082306
D,2025-08-31,47,40.365982043660026,0.010033801154277908
