Month,Day,Interval,Calls_Offered_A,Abandoned_Calls_A,Abandoned_Rate_A,CCT_A,Calls_Offered_B,Abandoned_Calls_B,Abandoned_Rate_B,CCT_B,Calls_Offered_C,Abandoned_Calls_C,Abandoned_Rate_C,CCT_C,Calls_Offered_D,Abandoned_Calls_D,Abandoned_Rate_D,CCT_D
August,1,0:00,6,0,0.0,401.52,36,0,0.0,327.52,75,0,0.0,354.06,41,0,0.0,326.16
August,1,0:30,5,0,0.0,348.94,27,0,0.0,343.01,59,0,0.0,334.69,31,0,0.0,321.14
August,1,1:00,3,0,0.0,287.85,14,0,0.0,370.49,42,0,0.0,329.15,23,0,0.0,333.76
August,1,1:30,3,0,0.0,254.74,8,0,0.0,311.89,29,0,0.0,322.34,17,0,0.0,311.22
August,1,2:00,2,0,0.0,256.59,6,0,0.0,333.57,21,0,0.0,322.75,12,0,0.0,322.89
August,1,2:30,1,0,0.0,234.71,5,0,0.0,354.65,17,0,0.0,338.57,9,0,0.0,343.61
August,1,3:00,1,0,0.0,164.84,5,0,0.0,388.45,14,0,0.0,348.21,3,0,0.0,345.06
August,1,3:30,1,0,0.0,112.01,4,0,0.0,377.0,13,0,0.0,359.46,1,0,0.0,200.59
August,1,4:00,1,0,0.0,128.71,4,0,0.0,295.92,14,0,0.0,318.94,0,0,0.0,175.71
August,1,4:30,1,0,0.0,283.45,4,0,0.0,238.25,15,0,0.0,319.07,0,0,0.0,251.53
August,1,5:00,2,0,0.0,283.58,4,0,0.0,254.95,18,0,0.0,316.71,0,0,0.0,289.25
August,1,5:30,2,0,0.0,220.56,5,0,0.0,261.06,22,0,0.0,309.0,2,0,0.0,308.08
August,1,6:00,3,2,0.666667,226.49,7,2,0.285714,296.56,38,1,0.026316,285.72,12,2,0.166667,269.56
August,1,6:30,5,5,1.0,274.11,13,5,0.384615,328.53,62,4,0.064516,271.82,26,4,0.153846,260.02
August,1,7:00,11,11,1.0,299.99,35,2,0.057143,295.83,105,4,0.038095,270.58,46,2,0.043478,265.38
August,1,7:30,20,6,0.3,304.61,59,2,0.033898,291.59,175,6,0.034286,272.12,79,2,0.025316,276.29
August,1,8:00,49,1,0.020408,295.35,109,1,0.009174,302.63,298,3,0.010067,287.17,134,4,0.029851,277.52
August,1,8:30,88,0,0.0,302.58,161,2,0.012422,323.18,436,2,0.004587,305.43,193,5,0.025907,282.05
August,1,9:00,128,0,0.0,312.69,232,3,0.012931,341.74,608,7,0.011513,312.51,269,8,0.02974,292.29
August,1,9:30,164,0,0.0,320.38,288,3,0.010417,348.77,758,18,0.023747,316.53,332,14,0.042169,300.9
August,1,10:00,187,1,0.005348,327.62,351,2,0.005698,354.77,872,30,0.034404,327.21,390,18,0.046154,303.28
August,1,10:30,219,2,0.009132,330.01,399,5,0.012531,355.87,962,48,0.049896,335.92,427,24,0.056206,313.79
August,1,11:00,234,1,0.004274,330.09,437,9,0.020595,360.43,1026,37,0.036062,342.61,458,21,0.045852,318.78
August,1,11:30,244,2,0.008197,328.14,477,13,0.027254,368.81,1071,45,0.042017,344.25,482,18,0.037344,317.59
August,1,12:00,252,4,0.015873,326.51,519,10,0.019268,371.61,1084,66,0.060886,344.25,495,16,0.032323,317.63
August,1,12:30,253,2,0.007905,334.92,531,11,0.020716,373.74,1086,61,0.056169,347.68,504,14,0.027778,325.68
August,1,13:00,253,2,0.007905,340.92,545,11,0.020183,366.05,1082,37,0.034196,354.51,508,14,0.027559,328.78
August,1,13:30,256,1,0.003906,338.34,556,12,0.021583,364.08,1082,35,0.032348,355.41,518,19,0.03668,326.78
August,1,14:00,258,1,0.003876,336.48,577,14,0.024263,370.61,1097,38,0.03464,355.89,529,27,0.05104,323.97
August,1,14:30,264,4,0.015152,336.18,589,15,0.025467,372.27,1095,42,0.038356,354.77,527,30,0.056926,326.72
August,1,15:00,262,8,0.030534,332.27,591,8,0.013536,374.45,1086,53,0.048803,355.11,522,23,0.044061,330.2
August,1,15:30,262,10,0.038168,336.88,585,7,0.011966,373.57,1077,60,0.05571,356.53,519,21,0.040462,328.64
August,1,16:00,256,3,0.011719,340.1,582,7,0.012027,379.15,1059,32,0.030217,356.62,531,15,0.028249,328.99
August,1,16:30,239,0,0.0,341.67,562,7,0.012456,376.03,1013,20,0.019743,356.51,510,12,0.023529,327.39
August,1,17:00,211,0,0.0,338.9,535,7,0.013084,370.93,954,21,0.022013,356.76,472,9,0.019068,331.26
August,1,17:30,186,0,0.0,335.29,501,8,0.015968,372.72,876,21,0.023973,357.63,433,7,0.016166,324.71
August,1,18:00,164,1,0.006098,339.22,458,9,0.019651,375.94,774,17,0.021964,359.73,388,5,0.012887,321.99
August,1,18:30,138,2,0.014493,354.49,409,6,0.01467,369.19,697,14,0.020086,358.95,347,8,0.023055,324.2
August,1,19:00,96,1,0.010417,356.04,373,8,0.021448,365.02,619,16,0.025848,352.69,313,14,0.044728,325.35
August,1,19:30,70,0,0.0,342.94,329,6,0.018237,356.84,543,14,0.025783,353.79,279,14,0.050179,325.55
August,1,20:00,55,0,0.0,335.76,281,4,0.014235,361.25,464,17,0.036638,350.81,240,10,0.041667,319.83
August,1,20:30,44,0,0.0,326.93,248,3,0.012097,363.45,394,6,0.015228,345.69,210,12,0.057143,313.27
August,1,21:00,33,0,0.0,329.67,210,2,0.009524,354.25,332,1,0.003012,346.72,175,24,0.137143,321.47
August,1,21:30,25,0,0.0,319.29,172,2,0.011628,345.2,273,0,0.0,344.53,149,19,0.127517,328.07
August,1,22:00,21,2,0.095238,325.21,136,1,0.007353,341.11,222,0,0.0,342.38,121,6,0.049587,318.56
August,1,22:30,15,6,0.4,344.97,109,0,0.0,336.08,176,0,0.0,340.5,99,1,0.010101,304.53
August,1,23:00,12,5,0.416667,314.47,81,0,0.0,343.64,135,0,0.0,331.25,77,0,0.0,300.28
August,1,23:30,9,1,0.111111,252.17,66,0,0.0,337.51,108,0,0.0,316.3,62,0,0.0,301.52
August,2,0:00,6,0,0.0,357.06,41,0,0.0,316.69,67,0,0.0,321.67,39,0,0.0,322.72
August,2,0:30,5,0,0.0,364.33,28,0,0.0,341.35,52,0,0.0,323.6,28,0,0.0,329.02
August,2,1:00,3,0,0.0,359.58,13,0,0.0,349.67,40,0,0.0,331.7,22,0,0.0,322.9
August,2,1:30,2,0,0.0,345.9,7,0,0.0,306.76,32,0,0.0,324.91,16,0,0.0,316.87
August,2,2:00,1,0,0.0,227.48,5,0,0.0,284.38,21,0,0.0,318.06,11,0,0.0,311.54
August,2,2:30,1,0,0.0,203.87,4,0,0.0,270.71,15,0,0.0,327.14,7,0,0.0,350.53
August,2,3:00,1,0,0.0,249.92,3,0,0.0,263.81,12,0,0.0,310.73,2,0,0.0,425.57
August,2,3:30,1,0,0.0,191.75,3,0,0.0,176.1,12,0,0.0,300.37,1,0,0.0,338.01
August,2,4:00,1,0,0.0,166.37,3,0,0.0,165.16,12,0,0.0,334.21,0,0,0.0,296.12
August,2,4:30,1,0,0.0,195.14,3,0,0.0,288.28,12,0,0.0,332.09,0,0,0.0,310.82
August,2,5:00,1,0,0.0,223.86,3,0,0.0,277.05,12,0,0.0,332.26,0,0,0.0,417.39
August,2,5:30,1,0,0.0,186.0,3,0,0.0,288.8,14,0,0.0,309.63,2,0,0.0,560.21
August,2,6:00,2,0,0.0,234.1,4,0,0.0,348.21,22,0,0.0,292.48,8,0,0.0,355.13
August,2,6:30,3,0,0.0,272.54,7,1,0.142857,341.02,38,0,0.0,275.62,15,0,0.0,270.06
August,2,7:00,6,0,0.0,257.44,14,0,0.0,310.77,65,0,0.0,263.18,28,0,0.0,281.45
August,2,7:30,13,0,0.0,277.39,23,0,0.0,320.12,108,1,0.009259,263.85,47,1,0.021277,297.49
August,2,8:00,32,0,0.0,265.48,41,0,0.0,318.13,182,1,0.005495,275.91,78,0,0.0,296.4
August,2,8:30,54,0,0.0,274.89,68,0,0.0,319.09,264,1,0.003788,293.15,116,0,0.0,292.49
August,2,9:00,76,0,0.0,275.47,135,1,0.007407,309.15,366,5,0.013661,299.67,164,2,0.012195,297.12
August,2,9:30,94,0,0.0,275.11,189,2,0.010582,316.42,453,11,0.024283,311.03,205,5,0.02439,291.8
August,2,10:00,116,1,0.008621,284.83,235,3,0.012766,324.82,547,8,0.014625,318.74,246,8,0.03252,296.14
August,2,10:30,143,1,0.006993,290.8,272,5,0.018382,335.48,615,9,0.014634,327.51,286,11,0.038462,303.78
August,2,11:00,160,3,0.01875,290.6,311,5,0.016077,338.89,664,11,0.016566,331.62,319,9,0.028213,311.63
August,2,11:30,166,5,0.03012,290.24,346,5,0.014451,340.78,684,15,0.02193,336.6,335,5,0.014925,315.3
August,2,12:00,178,8,0.044944,298.92,365,5,0.013699,339.28,698,16,0.022923,337.9,351,4,0.011396,320.13
August,2,12:30,186,10,0.053763,300.98,380,8,0.021053,343.03,698,16,0.022923,337.72,361,6,0.01662,319.04
August,2,13:00,185,5,0.027027,306.82,398,10,0.025126,343.7,691,15,0.021708,340.19,364,8,0.021978,318.65
August,2,13:30,182,1,0.005495,311.92,414,11,0.02657,342.3,692,17,0.024566,342.15,361,10,0.027701,315.85
August,2,14:00,177,3,0.016949,312.9,424,11,0.025943,345.53,695,16,0.023022,342.58,360,12,0.033333,318.4
August,2,14:30,177,3,0.016949,310.09,417,8,0.019185,349.11,684,8,0.011696,341.53,362,18,0.049724,319.89
August,2,15:00,173,1,0.00578,306.06,412,4,0.009709,342.3,657,1,0.001522,343.06,350,11,0.031429,311.8
August,2,15:30,171,0,0.0,312.92,411,4,0.009732,338.48,635,1,0.001575,340.82,340,5,0.014706,309.97
August,2,16:00,170,0,0.0,316.6,406,3,0.007389,348.56,613,2,0.003263,342.13,329,4,0.012158,318.26
August,2,16:30,158,1,0.006329,303.5,389,2,0.005141,355.71,577,2,0.003466,341.14,308,3,0.00974,318.09
August,2,17:00,142,3,0.021127,308.59,372,2,0.005376,353.46,537,3,0.005587,342.78,286,3,0.01049,318.84
August,2,17:30,123,2,0.01626,316.76,353,3,0.008499,355.35,510,2,0.003922,342.57,269,2,0.007435,320.28
August,2,18:00,110,1,0.009091,321.72,321,5,0.015576,357.87,482,3,0.006224,342.0,247,1,0.004049,324.41
August,2,18:30,95,1,0.010526,326.83,294,4,0.013605,355.01,436,3,0.006881,344.69,224,1,0.004464,333.26
August,2,19:00,71,0,0.0,320.45,262,3,0.01145,348.47,394,4,0.010152,343.94,209,1,0.004785,331.79
August,2,19:30,56,0,0.0,315.54,231,4,0.017316,340.87,353,5,0.014164,342.0,187,0,0.0,327.12
August,2,20:00,45,0,0.0,296.21,203,6,0.029557,338.31,312,5,0.016026,342.45,162,0,0.0,315.74
August,2,20:30,36,0,0.0,284.57,176,4,0.022727,325.22,267,3,0.011236,340.55,146,2,0.013699,309.56
August,2,21:00,27,0,0.0,297.07,146,3,0.020548,319.78,224,2,0.008929,339.49,124,3,0.024194,311.15
August,2,21:30,20,0,0.0,317.19,123,2,0.01626,322.91,183,1,0.005464,334.2,104,1,0.009615,315.29
August,2,22:00,15,0,0.0,346.8,98,1,0.010204,321.35,152,0,0.0,324.38,89,0,0.0,313.32
August,2,22:30,10,0,0.0,321.04,78,1,0.012821,319.94,126,0,0.0,319.15,75,0,0.0,312.99
August,2,23:00,8,0,0.0,316.43,60,1,0.016667,303.92,100,0,0.0,316.93,60,0,0.0,306.78
August,2,23:30,6,0,0.0,278.48,46,0,0.0,303.37,86,0,0.0,314.1,50,0,0.0,293.49
August,3,0:00,3,0,0.0,406.34,36,0,0.0,292.81,53,0,0.0,310.46,36,0,0.0,294.5
August,3,0:30,3,0,0.0,427.61,25,0,0.0,296.98,42,0,0.0,318.36,26,0,0.0,293.92
August,3,1:00,2,0,0.0,393.74,12,0,0.0,328.7,32,0,0.0,296.11,20,0,0.0,323.98
August,3,1:30,2,0,0.0,343.01,7,0,0.0,350.85,26,0,0.0,288.64,15,0,0.0,348.12
August,3,2:00,1,0,0.0,310.64,5,0,0.0,394.94,19,0,0.0,301.82,11,0,0.0,348.0
August,3,2:30,1,0,0.0,286.36,4,0,0.0,401.32,14,0,0.0,304.84,8,0,0.0,357.3
August,3,3:00,1,0,0.0,250.02,3,0,0.0,335.15,12,0,0.0,323.5,3,0,0.0,347.39
August,3,3:30,1,0,0.0,266.94,2,0,0.0,229.41,9,0,0.0,368.83,1,0,0.0,301.85
August,3,4:00,1,0,0.0,348.29,2,0,0.0,183.99,9,0,0.0,392.54,0,0,0.0,290.15
August,3,4:30,1,0,0.0,300.33,2,0,0.0,258.57,9,0,0.0,369.54,0,0,0.0,333.45
August,3,5:00,1,0,0.0,297.18,2,0,0.0,371.69,9,0,0.0,326.7,0,0,0.0,392.55
August,3,5:30,1,0,0.0,324.86,2,0,0.0,413.57,11,0,0.0,271.11,1,0,0.0,267.31
August,3,6:00,2,0,0.0,280.67,3,0,0.0,321.34,16,0,0.0,261.8,5,0,0.0,215.91
August,3,6:30,2,0,0.0,254.74,4,0,0.0,292.06,26,0,0.0,260.81,10,0,0.0,253.77
August,3,7:00,4,0,0.0,299.56,8,0,0.0,291.32,42,0,0.0,264.72,18,0,0.0,292.23
August,3,7:30,7,0,0.0,326.48,13,0,0.0,296.23,67,0,0.0,267.72,31,0,0.0,298.33
August,3,8:00,12,0,0.0,288.6,24,0,0.0,285.9,107,0,0.0,274.94,49,0,0.0,292.41
August,3,8:30,15,0,0.0,281.92,38,0,0.0,301.07,149,0,0.0,287.08,68,0,0.0,299.85
August,3,9:00,19,0,0.0,275.64,75,0,0.0,309.51,192,0,0.0,296.08,95,0,0.0,292.68
August,3,9:30,23,0,0.0,298.24,100,0,0.0,314.55,239,0,0.0,293.95,116,2,0.017241,284.43
August,3,10:00,27,0,0.0,301.71,123,0,0.0,313.01,291,0,0.0,294.5,137,9,0.065693,295.6
August,3,10:30,36,0,0.0,295.75,141,0,0.0,318.41,340,0,0.0,300.96,164,14,0.085366,308.8
August,3,11:00,36,0,0.0,298.37,159,5,0.031447,316.54,373,0,0.0,310.97,181,8,0.044199,304.87
August,3,11:30,41,0,0.0,303.27,182,14,0.076923,317.64,410,0,0.0,313.13,195,4,0.020513,302.92
August,3,12:00,55,0,0.0,301.77,204,10,0.04902,316.74,441,7,0.015873,311.09,208,2,0.009615,301.11
August,3,12:30,65,1,0.015385,302.6,228,16,0.070175,317.25,448,30,0.066964,312.36,210,3,0.014286,299.63
August,3,13:00,80,3,0.0375,304.0,252,17,0.06746,313.81,456,49,0.107456,319.68,213,7,0.032864,305.42
August,3,13:30,84,1,0.011905,302.98,264,22,0.083333,317.44,458,59,0.128821,321.38,223,7,0.03139,305.18
August,3,14:00,88,1,0.011364,307.73,280,15,0.053571,321.65,459,36,0.078431,323.61,223,3,0.013453,305.72
August,3,14:30,89,3,0.033708,310.77,281,3,0.010676,324.7,457,12,0.026258,323.35,224,4,0.017857,305.21
August,3,15:00,88,2,0.022727,311.77,288,0,0.0,322.75,455,2,0.004396,325.47,222,3,0.013514,308.52
August,3,15:30,89,2,0.022472,306.44,294,3,0.010204,321.31,445,0,0.0,324.83,224,5,0.022321,307.6
August,3,16:00,88,1,0.011364,299.48,288,9,0.03125,322.1,437,0,0.0,322.17,215,3,0.013953,316.01
August,3,16:30,83,0,0.0,290.47,273,6,0.021978,321.96,423,0,0.0,326.41,211,5,0.023697,315.22
August,3,17:00,73,0,0.0,289.22,263,9,0.034221,322.25,399,0,0.0,325.0,201,2,0.00995,317.41
August,3,17:30,65,0,0.0,291.28,251,5,0.01992,319.26,375,0,0.0,319.72,194,1,0.005155,312.84
August,3,18:00,50,0,0.0,305.45,234,8,0.034188,319.45,337,0,0.0,320.37,181,2,0.01105,305.3
August,3,18:30,42,0,0.0,297.97,210,15,0.071429,314.38,313,0,0.0,320.36,166,1,0.006024,302.73
August,3,19:00,33,0,0.0,289.89,188,20,0.106383,309.4,286,0,0.0,322.01,152,0,0.0,305.89
August,3,19:30,29,0,0.0,286.41,170,14,0.082353,318.49,261,0,0.0,320.39,150,1,0.006667,315.2
August,3,20:00,29,0,0.0,301.79,148,3,0.02027,316.23,239,0,0.0,313.68,138,2,0.014493,313.23
August,3,20:30,25,0,0.0,303.28,131,0,0.0,312.3,216,0,0.0,315.87,124,1,0.008065,309.57
August,3,21:00,21,0,0.0,311.36,115,0,0.0,313.05,188,0,0.0,317.84,101,0,0.0,311.94
August,3,21:30,17,0,0.0,334.2,99,0,0.0,318.76,161,0,0.0,312.86,89,0,0.0,316.51
August,3,22:00,15,1,0.066667,302.41,80,0,0.0,314.07,140,0,0.0,312.2,79,0,0.0,313.39
August,3,22:30,13,3,0.230769,317.6,64,0,0.0,299.62,122,0,0.0,311.01,68,1,0.014706,309.09
August,3,23:00,9,1,0.111111,352.05,51,0,0.0,273.62,96,0,0.0,309.01,56,0,0.0,317.24
August,3,23:30,7,0,0.0,309.9,42,0,0.0,273.96,82,0,0.0,306.11,50,0,0.0,338.25
August,4,0:00,4,0,0.0,334.14,26,0,0.0,330.6,57,0,0.0,318.69,33,0,0.0,301.06
August,4,0:30,3,0,0.0,321.3,22,0,0.0,320.31,47,0,0.0,313.7,26,0,0.0,301.58
August,4,1:00,2,0,0.0,341.73,12,0,0.0,340.59,35,0,0.0,314.46,19,0,0.0,311.4
August,4,1:30,2,0,0.0,331.08,7,0,0.0,332.08,25,0,0.0,316.79,15,0,0.0,298.98
August,4,2:00,2,0,0.0,368.59,5,0,0.0,285.51,17,0,0.0,306.82,10,0,0.0,291.72
August,4,2:30,1,0,0.0,303.71,5,0,0.0,285.47,14,0,0.0,328.09,9,0,0.0,305.07
August,4,3:00,1,0,0.0,237.8,4,0,0.0,332.17,12,0,0.0,322.97,5,0,0.0,329.07
August,4,3:30,1,0,0.0,172.35,3,0,0.0,397.93,10,0,0.0,314.5,4,0,0.0,295.53
August,4,4:00,1,0,0.0,172.7,3,0,0.0,318.2,10,0,0.0,302.85,4,0,0.0,291.95
August,4,4:30,1,0,0.0,168.63,3,0,0.0,294.22,10,0,0.0,289.13,4,0,0.0,254.12
August,4,5:00,1,0,0.0,233.07,3,0,0.0,362.64,12,0,0.0,296.81,4,0,0.0,272.79
August,4,5:30,1,0,0.0,268.11,3,0,0.0,379.27,16,0,0.0,266.77,5,0,0.0,275.54
August,4,6:00,2,0,0.0,286.91,5,1,0.2,275.21,27,0,0.0,256.92,11,0,0.0,239.96
August,4,6:30,4,0,0.0,249.56,9,3,0.333333,293.2,48,0,0.0,271.15,20,0,0.0,234.2
August,4,7:00,8,0,0.0,235.71,26,1,0.038462,276.69,84,0,0.0,258.13,37,0,0.0,250.55
August,4,7:30,17,0,0.0,275.55,46,0,0.0,265.61,146,0,0.0,262.52,64,0,0.0,256.83
August,4,8:00,44,0,0.0,285.47,88,1,0.011364,272.76,269,0,0.0,281.88,118,1,0.008475,259.1
August,4,8:30,82,1,0.012195,295.06,141,3,0.021277,285.76,415,2,0.004819,297.24,183,4,0.021858,269.57
August,4,9:00,127,3,0.023622,295.34,219,2,0.009132,296.62,584,8,0.013699,312.21,280,9,0.032143,279.76
August,4,9:30,169,5,0.029586,303.19,285,4,0.014035,305.23,750,17,0.022667,325.15,354,24,0.067797,291.24
August,4,10:00,202,2,0.009901,308.11,356,12,0.033708,311.27,895,29,0.032402,329.54,425,26,0.061176,299.44
August,4,10:30,227,0,0.0,305.15,405,22,0.054321,320.57,1004,27,0.026892,337.07,473,39,0.082452,302.94
August,4,11:00,238,0,0.0,310.23,442,19,0.042986,327.81,1078,33,0.030612,344.84,511,29,0.056751,305.8
August,4,11:30,246,2,0.00813,314.18,474,21,0.044304,331.36,1111,54,0.048605,348.53,541,29,0.053604,307.96
August,4,12:00,250,5,0.02,309.15,512,18,0.035156,330.75,1140,55,0.048246,347.7,567,34,0.059965,311.96
August,4,12:30,252,3,0.011905,300.28,530,22,0.041509,334.02,1141,43,0.037686,349.19,574,38,0.066202,314.73
August,4,13:00,250,3,0.012,302.87,545,22,0.040367,333.55,1132,36,0.031802,352.52,570,31,0.054386,315.93
August,4,13:30,250,1,0.004,312.35,556,26,0.046763,327.71,1130,46,0.040708,356.9,577,25,0.043328,310.99
August,4,14:00,254,2,0.007874,313.41,580,19,0.032759,327.79,1148,47,0.040941,358.41,593,22,0.037099,309.51
August,4,14:30,258,6,0.023256,314.99,585,15,0.025641,330.61,1156,47,0.040657,358.31,603,22,0.036484,314.94
August,4,15:00,259,8,0.030888,314.71,584,12,0.020548,331.6,1154,27,0.023397,357.45,602,18,0.0299,316.5
August,4,15:30,263,8,0.030418,317.55,589,8,0.013582,331.64,1149,13,0.011314,358.47,594,21,0.035354,318.87
August,4,16:00,256,3,0.011719,317.22,589,7,0.011885,335.52,1142,13,0.011384,356.39,595,16,0.026891,323.43
August,4,16:30,246,1,0.004065,313.76,577,8,0.013865,338.86,1109,13,0.011722,357.0,582,18,0.030928,326.91
August,4,17:00,224,2,0.008929,315.93,551,7,0.012704,337.72,1049,12,0.011439,356.9,554,16,0.028881,326.49
August,4,17:30,202,1,0.00495,310.76,519,7,0.013487,340.0,972,18,0.018519,356.47,519,14,0.026975,319.27
August,4,18:00,170,0,0.0,308.95,479,10,0.020877,339.49,899,20,0.022247,356.56,472,9,0.019068,321.12
August,4,18:30,145,0,0.0,317.7,439,14,0.031891,337.93,794,15,0.018892,360.29,418,9,0.021531,321.08
August,4,19:00,103,0,0.0,317.78,395,11,0.027848,334.55,701,21,0.029957,363.64,379,17,0.044855,315.16
August,4,19:30,79,0,0.0,316.68,362,12,0.033149,326.98,626,21,0.033546,361.98,349,29,0.083095,316.58
August,4,20:00,59,1,0.016949,314.12,316,17,0.053797,323.47,546,22,0.040293,359.24,306,27,0.088235,313.0
August,4,20:30,47,4,0.085106,318.33,265,11,0.041509,319.42,462,10,0.021645,353.24,260,15,0.057692,312.15
August,4,21:00,37,6,0.162162,314.42,218,7,0.03211,317.35,387,2,0.005168,347.75,216,12,0.055556,312.64
August,4,21:30,28,2,0.071429,301.54,179,2,0.011173,321.37,325,0,0.0,340.55,180,6,0.033333,319.33
August,4,22:00,22,3,0.136364,303.67,142,0,0.0,316.02,259,0,0.0,335.11,146,1,0.006849,314.98
August,4,22:30,16,9,0.5625,311.94,111,0,0.0,306.67,202,0,0.0,327.54,123,1,0.00813,317.2
August,4,23:00,13,3,0.230769,305.69,82,0,0.0,289.6,155,0,0.0,326.49,97,2,0.020619,321.66
August,4,23:30,10,0,0.0,308.34,65,0,0.0,280.55,122,0,0.0,337.75,76,1,0.013158,310.84
August,5,0:00,5,0,0.0,307.7,34,0,0.0,287.06,71,0,0.0,316.99,44,0,0.0,299.77
August,5,0:30,4,0,0.0,289.08,26,0,0.0,291.64,55,0,0.0,315.62,34,0,0.0,323.51
August,5,1:00,3,0,0.0,305.15,14,0,0.0,296.93,40,0,0.0,308.38,25,0,0.0,343.18
August,5,1:30,2,0,0.0,292.1,7,0,0.0,285.2,29,0,0.0,282.4,19,0,0.0,328.86
August,5,2:00,2,0,0.0,373.39,5,0,0.0,295.45,21,0,0.0,271.22,13,0,0.0,302.45
August,5,2:30,1,0,0.0,320.87,4,0,0.0,335.49,17,0,0.0,264.11,9,0,0.0,300.58
August,5,3:00,1,0,0.0,238.74,4,0,0.0,300.7,13,0,0.0,267.71,3,0,0.0,313.55
August,5,3:30,1,0,0.0,181.76,3,0,0.0,228.65,12,0,0.0,279.54,1,0,0.0,280.91
August,5,4:00,1,0,0.0,213.17,3,0,0.0,181.88,11,0,0.0,280.75,0,0,0.0,268.93
August,5,4:30,1,0,0.0,266.95,3,0,0.0,193.68,11,0,0.0,264.53,0,0,0.0,279.67
August,5,5:00,2,0,0.0,257.61,3,0,0.0,180.07,13,0,0.0,267.72,0,0,0.0,295.74
August,5,5:30,2,0,0.0,212.06,3,0,0.0,216.15,18,0,0.0,267.34,2,0,0.0,271.96
August,5,6:00,3,0,0.0,213.24,5,1,0.2,256.04,30,0,0.0,241.64,12,0,0.0,225.7
August,5,6:30,5,0,0.0,200.33,10,4,0.4,276.18,51,0,0.0,231.63,23,0,0.0,228.24
August,5,7:00,9,0,0.0,229.34,27,1,0.037037,261.47,90,0,0.0,243.57,41,0,0.0,254.22
August,5,7:30,19,0,0.0,268.84,47,0,0.0,263.17,149,0,0.0,255.11,70,0,0.0,263.45
August,5,8:00,47,2,0.042553,261.58,90,1,0.011111,270.99,256,0,0.0,273.06,121,0,0.0,265.2
August,5,8:30,83,7,0.084337,273.19,142,2,0.014085,285.45,383,0,0.0,287.04,181,0,0.0,269.53
August,5,9:00,123,8,0.065041,287.75,207,1,0.004831,292.05,548,1,0.001825,296.55,259,0,0.0,276.7
August,5,9:30,161,5,0.031056,290.18,266,0,0.0,300.5,688,5,0.007267,303.67,323,2,0.006192,286.94
August,5,10:00,190,1,0.005263,290.34,321,2,0.006231,305.92,807,10,0.012392,308.47,385,6,0.015584,294.77
August,5,10:30,212,1,0.004717,290.89,361,7,0.019391,313.07,901,16,0.017758,314.82,429,11,0.025641,299.28
August,5,11:00,226,3,0.013274,293.93,402,6,0.014925,317.95,966,14,0.014493,319.06,464,10,0.021552,306.06
August,5,11:30,237,2,0.008439,294.71,429,9,0.020979,320.49,1001,14,0.013986,320.53,495,9,0.018182,306.35
August,5,12:00,241,4,0.016598,294.64,456,6,0.013158,326.23,1010,23,0.022772,322.75,514,8,0.015564,307.03
August,5,12:30,242,7,0.028926,290.78,473,5,0.010571,329.34,1015,27,0.026601,326.08,517,11,0.021277,307.26
August,5,13:00,243,2,0.00823,294.24,494,3,0.006073,329.42,1015,14,0.013793,327.19,516,10,0.01938,307.66
August,5,13:30,243,0,0.0,299.0,505,7,0.013861,325.56,1014,10,0.009862,329.69,518,10,0.019305,308.92
August,5,14:00,249,0,0.0,298.11,529,7,0.013233,324.27,1030,11,0.01068,332.04,532,9,0.016917,308.44
August,5,14:30,251,0,0.0,301.58,538,4,0.007435,326.44,1033,12,0.011617,335.23,533,6,0.011257,307.62
August,5,15:00,250,0,0.0,304.21,536,3,0.005597,324.25,1023,9,0.008798,334.49,531,4,0.007533,308.89
August,5,15:30,249,0,0.0,299.63,529,4,0.007561,323.85,1014,6,0.005917,334.94,535,4,0.007477,309.65
August,5,16:00,251,0,0.0,302.13,526,5,0.009506,329.87,1002,6,0.005988,334.21,538,4,0.007435,313.22
August,5,16:30,239,0,0.0,302.39,505,5,0.009901,332.09,984,6,0.006098,332.19,521,4,0.007678,314.22
August,5,17:00,212,0,0.0,299.26,478,5,0.01046,333.97,934,8,0.008565,334.17,486,3,0.006173,310.38
August,5,17:30,183,0,0.0,296.45,461,5,0.010846,333.38,872,11,0.012615,333.02,459,2,0.004357,309.26
August,5,18:00,165,0,0.0,296.9,435,5,0.011494,329.06,808,13,0.016089,331.01,423,3,0.007092,315.62
August,5,18:30,139,0,0.0,300.74,392,4,0.010204,325.97,708,8,0.011299,330.17,376,2,0.005319,314.42
August,5,19:00,97,0,0.0,308.76,350,4,0.011429,323.09,633,5,0.007899,329.49,341,3,0.008798,311.94
August,5,19:30,72,2,0.027778,302.54,318,5,0.015723,322.11,559,5,0.008945,328.07,310,6,0.019355,316.1
August,5,20:00,56,8,0.142857,303.2,276,8,0.028986,316.8,479,6,0.012526,329.08,273,5,0.018315,312.43
August,5,20:30,48,10,0.208333,305.78,235,7,0.029787,311.42,416,4,0.009615,326.98,236,3,0.012712,307.26
August,5,21:00,36,6,0.166667,298.3,194,3,0.015464,309.17,351,1,0.002849,325.71,195,1,0.005128,311.56
August,5,21:30,27,2,0.074074,280.42,161,1,0.006211,310.49,293,0,0.0,324.51,166,0,0.0,316.62
August,5,22:00,21,4,0.190476,268.56,128,0,0.0,313.0,240,1,0.004167,319.96,135,0,0.0,319.25
August,5,22:30,14,13,0.928571,265.91,101,0,0.0,306.74,191,1,0.005236,314.15,110,0,0.0,315.48
August,5,23:00,11,7,0.636364,285.0,77,0,0.0,295.78,145,0,0.0,310.51,85,0,0.0,316.43
August,5,23:30,9,1,0.111111,281.05,58,0,0.0,278.13,113,0,0.0,309.9,69,0,0.0,318.25
August,6,0:00,4,0,0.0,299.43,35,0,0.0,323.59,71,0,0.0,350.09,41,0,0.0,328.39
August,6,0:30,3,0,0.0,339.44,25,0,0.0,318.03,54,0,0.0,346.1,32,0,0.0,341.8
August,6,1:00,2,0,0.0,260.68,12,0,0.0,292.78,36,0,0.0,351.0,24,0,0.0,335.22
August,6,1:30,2,0,0.0,266.18,6,0,0.0,274.23,27,0,0.0,345.58,18,0,0.0,334.48
August,6,2:00,1,0,0.0,290.34,4,0,0.0,334.98,19,0,0.0,320.27,11,0,0.0,350.95
August,6,2:30,1,0,0.0,334.15,4,0,0.0,366.63,16,0,0.0,307.72,8,0,0.0,357.78
August,6,3:00,1,0,0.0,388.97,3,0,0.0,368.96,12,0,0.0,316.79,3,0,0.0,339.05
August,6,3:30,1,0,0.0,335.69,3,0,0.0,316.49,11,0,0.0,345.93,1,0,0.0,307.78
August,6,4:00,1,0,0.0,273.41,3,0,0.0,298.72,11,0,0.0,347.74,0,0,0.0,342.74
August,6,4:30,1,0,0.0,291.45,3,0,0.0,303.31,12,0,0.0,327.74,0,0,0.0,471.12
August,6,5:00,1,0,0.0,361.06,3,0,0.0,383.94,13,0,0.0,300.06,1,0,0.0,450.98
August,6,5:30,2,0,0.0,290.17,3,0,0.0,423.14,18,0,0.0,271.99,3,0,0.0,301.45
August,6,6:00,2,0,0.0,265.75,5,2,0.4,360.11,30,0,0.0,262.7,13,0,0.0,255.12
August,6,6:30,4,0,0.0,277.32,9,5,0.555556,291.57,51,0,0.0,262.94,24,1,0.041667,266.48
August,6,7:00,8,0,0.0,299.15,25,4,0.16,264.54,92,0,0.0,277.85,43,0,0.0,255.84
August,6,7:30,17,1,0.058824,314.17,46,7,0.152174,297.55,151,0,0.0,287.14,73,0,0.0,272.21
August,6,8:00,43,2,0.046512,305.49,85,4,0.047059,311.44,261,2,0.007663,299.17,123,0,0.0,292.29
August,6,8:30,75,4,0.053333,329.87,133,4,0.030075,318.96,385,8,0.020779,314.24,185,0,0.0,295.9
August,6,9:00,108,4,0.037037,329.36,196,2,0.010204,325.91,545,15,0.027523,325.51,265,2,0.007547,294.17
August,6,9:30,136,2,0.014706,330.45,253,5,0.019763,332.31,678,18,0.026549,331.24,317,5,0.015773,305.2
August,6,10:00,160,1,0.00625,328.07,298,17,0.057047,339.47,782,19,0.024297,334.35,368,14,0.038043,313.19
August,6,10:30,180,0,0.0,327.74,330,28,0.084848,351.52,874,33,0.037757,343.74,407,23,0.056511,321.66
August,6,11:00,193,0,0.0,328.1,370,14,0.037838,358.35,920,24,0.026087,349.87,445,12,0.026966,324.84
August,6,11:30,200,1,0.005,326.64,401,15,0.037406,360.27,945,15,0.015873,352.96,466,9,0.019313,326.41
August,6,12:00,201,2,0.00995,336.86,429,8,0.018648,361.48,961,25,0.026015,352.94,480,8,0.016667,325.98
August,6,12:30,201,1,0.004975,335.3,440,9,0.020455,361.6,967,45,0.046536,355.7,490,9,0.018367,324.9
August,6,13:00,203,0,0.0,333.61,450,10,0.022222,354.48,968,24,0.024793,354.73,494,8,0.016194,328.54
August,6,13:30,202,0,0.0,332.09,459,10,0.021786,356.49,968,16,0.016529,354.23,501,5,0.00998,325.76
August,6,14:00,203,0,0.0,332.94,471,7,0.014862,360.4,970,17,0.017526,356.21,516,4,0.007752,326.77
August,6,14:30,205,0,0.0,337.07,475,10,0.021053,365.01,973,19,0.019527,358.58,514,6,0.011673,335.75
August,6,15:00,204,0,0.0,335.83,476,7,0.014706,362.61,957,16,0.016719,362.22,508,6,0.011811,340.48
August,6,15:30,204,1,0.004902,340.01,477,7,0.014675,361.48,948,18,0.018987,367.1,504,8,0.015873,338.47
August,6,16:00,200,0,0.0,344.88,472,6,0.012712,360.79,934,11,0.011777,366.61,495,9,0.018182,336.18
August,6,16:30,189,0,0.0,342.54,454,4,0.008811,362.77,901,9,0.009989,364.38,482,7,0.014523,334.99
August,6,17:00,171,0,0.0,339.59,432,2,0.00463,364.29,856,14,0.016355,362.33,466,8,0.017167,331.06
August,6,17:30,152,0,0.0,331.8,414,6,0.014493,362.73,801,19,0.02372,363.67,432,7,0.016204,333.9
August,6,18:00,138,0,0.0,333.2,385,10,0.025974,360.36,734,15,0.020436,369.37,390,6,0.015385,329.74
August,6,18:30,115,0,0.0,351.68,341,5,0.014663,360.42,655,12,0.018321,369.49,350,7,0.02,332.07
August,6,19:00,78,0,0.0,351.01,309,7,0.022654,361.42,586,12,0.020478,361.26,321,9,0.028037,333.74
August,6,19:30,58,0,0.0,337.61,280,9,0.032143,363.11,514,11,0.021401,355.36,290,10,0.034483,340.73
August,6,20:00,46,0,0.0,319.84,247,9,0.036437,360.4,443,8,0.018059,356.44,259,10,0.03861,337.16
August,6,20:30,38,0,0.0,313.09,211,4,0.018957,353.48,379,7,0.01847,358.28,221,8,0.036199,328.34
August,6,21:00,30,1,0.033333,315.53,173,4,0.023121,350.77,320,2,0.00625,357.32,185,12,0.064865,330.84
August,6,21:30,23,0,0.0,313.83,144,1,0.006944,348.78,268,0,0.0,351.92,157,7,0.044586,330.52
August,6,22:00,17,0,0.0,310.28,115,0,0.0,330.74,217,0,0.0,346.81,127,1,0.007874,329.3
August,6,22:30,12,0,0.0,305.49,91,0,0.0,327.18,170,0,0.0,332.65,106,0,0.0,327.5
August,6,23:00,10,0,0.0,314.95,69,0,0.0,322.29,132,0,0.0,332.77,81,0,0.0,320.83
August,6,23:30,8,0,0.0,287.51,55,0,0.0,321.05,107,0,0.0,335.28,66,0,0.0,312.45
August,7,0:00,5,0,0.0,357.08,33,0,0.0,304.76,69,0,0.0,334.09,38,0,0.0,338.34
August,7,0:30,3,0,0.0,363.93,24,0,0.0,292.99,54,0,0.0,325.37,30,0,0.0,345.61
August,7,1:00,3,0,0.0,308.82,12,0,0.0,288.77,39,0,0.0,325.55,23,0,0.0,345.07
August,7,1:30,2,0,0.0,290.66,7,0,0.0,320.51,28,0,0.0,321.59,18,0,0.0,325.51
August,7,2:00,1,0,0.0,296.34,5,0,0.0,373.35,20,0,0.0,252.39,13,0,0.0,306.25
August,7,2:30,1,0,0.0,317.88,4,0,0.0,372.57,16,0,0.0,220.24,9,0,0.0,294.21
August,7,3:00,1,0,0.0,454.02,4,0,0.0,291.94,12,0,0.0,280.48,3,0,0.0,295.79
August,7,3:30,1,0,0.0,278.42,3,0,0.0,270.33,12,0,0.0,318.52,1,0,0.0,285.86
August,7,4:00,1,0,0.0,223.72,3,0,0.0,318.27,11,0,0.0,294.34,1,0,0.0,284.03
August,7,4:30,1,0,0.0,239.08,3,0,0.0,466.8,11,0,0.0,274.76,1,0,0.0,296.65
August,7,5:00,1,0,0.0,246.38,3,0,0.0,322.18,14,0,0.0,263.84,1,0,0.0,348.29
August,7,5:30,2,0,0.0,339.28,3,0,0.0,267.07,19,0,0.0,271.78,3,0,0.0,389.08
August,7,6:00,3,2,0.666667,327.09,5,1,0.2,271.48,32,0,0.0,271.73,13,0,0.0,288.59
August,7,6:30,5,5,1.0,310.44,9,2,0.222222,337.03,54,1,0.018519,266.25,23,1,0.043478,262.38
August,7,7:00,9,6,0.666667,322.74,24,1,0.041667,308.15,93,1,0.010753,267.25,40,0,0.0,268.48
August,7,7:30,18,4,0.222222,309.94,43,1,0.023256,298.92,149,1,0.006711,276.95,69,0,0.0,260.34
August,7,8:00,45,2,0.044444,308.1,80,1,0.0125,311.57,253,1,0.003953,299.58,120,0,0.0,270.22
August,7,8:30,78,2,0.025641,325.54,126,1,0.007937,320.07,372,1,0.002688,310.17,180,0,0.0,286.15
August,7,9:00,110,1,0.009091,333.78,189,1,0.005291,320.46,520,2,0.003846,319.31,246,1,0.004065,294.39
August,7,9:30,139,1,0.007194,330.43,236,1,0.004237,326.24,651,3,0.004608,327.63,301,3,0.009967,302.81
August,7,10:00,166,2,0.012048,325.88,284,1,0.003521,332.47,760,5,0.006579,337.08,351,3,0.008547,309.54
August,7,10:30,190,3,0.015789,330.36,325,3,0.009231,343.84,845,8,0.009467,345.87,390,4,0.010256,312.67
August,7,11:00,204,1,0.004902,332.11,353,4,0.011331,349.06,897,9,0.010033,349.83,423,3,0.007092,317.8
August,7,11:30,212,0,0.0,334.47,387,7,0.018088,345.99,925,8,0.008649,352.16,437,1,0.002288,319.99
August,7,12:00,216,0,0.0,334.13,413,6,0.014528,348.9,925,7,0.007568,353.61,450,2,0.004444,316.5
August,7,12:30,216,0,0.0,329.16,419,5,0.011933,354.39,922,11,0.011931,355.69,456,3,0.006579,315.61
August,7,13:00,213,0,0.0,334.69,427,5,0.01171,350.19,916,10,0.010917,356.61,457,4,0.008753,319.85
August,7,13:30,214,0,0.0,341.39,439,8,0.018223,347.14,920,6,0.006522,354.25,465,4,0.008602,320.09
August,7,14:00,219,0,0.0,343.37,459,5,0.010893,350.61,936,9,0.009615,356.76,483,5,0.010352,321.92
August,7,14:30,220,1,0.004545,346.34,463,4,0.008639,353.78,945,18,0.019048,360.12,482,4,0.008299,327.13
August,7,15:00,221,4,0.0181,349.92,456,3,0.006579,357.08,932,8,0.008584,359.7,475,3,0.006316,331.35
August,7,15:30,218,7,0.03211,350.12,454,3,0.006608,358.08,928,3,0.003233,360.37,473,2,0.004228,328.97
August,7,16:00,217,4,0.018433,348.24,449,2,0.004454,355.69,908,4,0.004405,362.5,474,2,0.004219,326.59
August,7,16:30,209,1,0.004785,345.61,434,2,0.004608,353.22,873,4,0.004582,365.34,456,1,0.002193,330.02
August,7,17:00,186,0,0.0,345.06,414,1,0.002415,355.29,828,4,0.004831,362.15,430,1,0.002326,329.01
August,7,17:30,162,1,0.006173,344.88,390,2,0.005128,355.63,772,5,0.006477,359.87,397,1,0.002519,327.54
August,7,18:00,144,0,0.0,344.6,370,3,0.008108,353.81,703,4,0.00569,362.92,361,1,0.00277,331.17
August,7,18:30,121,0,0.0,342.71,335,2,0.00597,353.72,624,4,0.00641,366.16,325,2,0.006154,325.62
August,7,19:00,85,0,0.0,343.54,302,2,0.006623,350.14,558,8,0.014337,363.82,300,4,0.013333,321.88
August,7,19:30,64,0,0.0,331.56,271,2,0.00738,354.34,495,12,0.024242,368.05,273,6,0.021978,322.76
August,7,20:00,50,1,0.02,335.63,234,2,0.008547,357.97,432,9,0.020833,364.48,243,4,0.016461,316.98
August,7,20:30,41,2,0.04878,341.98,202,1,0.00495,347.45,372,5,0.013441,358.52,210,2,0.009524,318.91
August,7,21:00,32,1,0.03125,323.89,168,0,0.0,345.71,312,1,0.003205,357.97,174,2,0.011494,320.48
August,7,21:30,23,0,0.0,325.12,137,0,0.0,342.56,257,0,0.0,355.87,149,1,0.006711,317.62
August,7,22:00,18,1,0.055556,315.56,109,1,0.009174,333.5,208,0,0.0,341.84,120,1,0.008333,322.56
August,7,22:30,14,2,0.142857,316.18,87,0,0.0,325.16,162,0,0.0,335.89,97,1,0.010309,314.04
August,7,23:00,11,1,0.090909,331.02,65,0,0.0,324.54,125,0,0.0,336.68,76,0,0.0,316.95
August,7,23:30,9,0,0.0,352.46,50,0,0.0,314.88,101,0,0.0,333.64,62,0,0.0,325.39
August,8,0:00,5,0,0.0,399.55,32,0,0.0,315.4,70,0,0.0,355.14,40,0,0.0,333.97
August,8,0:30,4,0,0.0,347.23,24,0,0.0,330.32,52,0,0.0,335.71,32,0,0.0,328.83
August,8,1:00,3,0,0.0,286.44,13,0,0.0,356.78,37,0,0.0,330.15,24,0,0.0,341.75
August,8,1:30,3,0,0.0,253.49,8,0,0.0,300.34,27,0,0.0,323.32,19,0,0.0,318.67
August,8,2:00,2,0,0.0,255.33,6,0,0.0,321.23,20,0,0.0,323.73,14,0,0.0,330.62
August,8,2:30,1,0,0.0,233.55,5,0,0.0,341.53,17,0,0.0,339.59,10,0,0.0,351.84
August,8,3:00,1,0,0.0,164.04,4,0,0.0,374.08,11,0,0.0,349.27,4,0,0.0,353.32
August,8,3:30,1,0,0.0,111.46,4,0,0.0,363.05,11,0,0.0,360.55,2,0,0.0,205.39
August,8,4:00,1,0,0.0,128.08,3,0,0.0,284.97,11,0,0.0,319.91,2,0,0.0,179.92
August,8,4:30,1,0,0.0,282.06,4,0,0.0,229.44,12,0,0.0,320.04,2,0,0.0,257.55
August,8,5:00,1,0,0.0,282.19,3,0,0.0,245.51,15,0,0.0,317.68,2,0,0.0,296.17
August,8,5:30,2,0,0.0,219.48,3,0,0.0,251.4,18,0,0.0,309.94,3,0,0.0,315.46
August,8,6:00,2,1,0.5,225.38,5,1,0.2,285.58,31,0,0.0,286.59,12,0,0.0,276.01
August,8,6:30,4,4,1.0,272.77,10,2,0.2,316.37,52,1,0.019231,272.64,25,1,0.04,266.25
August,8,7:00,9,7,0.777778,298.52,28,1,0.035714,284.88,87,1,0.011494,271.4,43,1,0.023256,271.74
August,8,7:30,18,4,0.222222,303.12,48,1,0.020833,280.8,146,2,0.013699,272.95,72,1,0.013889,282.9
August,8,8:00,45,1,0.022222,293.9,88,0,0.0,291.43,250,1,0.004,288.04,124,1,0.008065,284.17
August,8,8:30,79,0,0.0,301.09,131,1,0.007634,311.22,368,0,0.0,306.36,178,1,0.005618,288.81
August,8,9:00,116,0,0.0,311.15,188,1,0.005319,329.09,514,2,0.003891,313.46,247,2,0.008097,299.29
August,8,9:30,146,0,0.0,318.81,233,1,0.004292,335.86,641,5,0.0078,317.49,306,4,0.013072,308.1
August,8,10:00,168,0,0.0,326.02,287,1,0.003484,341.64,739,9,0.012179,328.2,357,5,0.014006,310.54
August,8,10:30,196,1,0.005102,328.39,326,2,0.006135,342.7,819,14,0.017094,336.94,394,6,0.015228,321.3
August,8,11:00,209,0,0.0,328.47,358,3,0.00838,347.09,871,11,0.012629,343.65,422,5,0.011848,326.42
August,8,11:30,219,1,0.004566,326.54,391,5,0.012788,355.16,908,13,0.014317,345.29,445,5,0.011236,325.2
August,8,12:00,226,3,0.013274,324.91,425,4,0.009412,357.85,921,19,0.02063,345.3,455,4,0.008791,325.23
August,8,12:30,227,1,0.004405,333.28,434,4,0.009217,359.91,923,17,0.018418,348.74,464,4,0.008621,333.48
August,8,13:00,227,1,0.004405,339.25,446,4,0.008969,352.51,919,11,0.01197,355.59,467,3,0.006424,336.66
August,8,13:30,229,0,0.0,336.68,455,4,0.008791,350.61,919,10,0.010881,356.49,477,5,0.010482,334.6
August,8,14:00,231,1,0.004329,334.83,474,5,0.010549,356.89,932,11,0.011803,356.97,489,7,0.014315,331.73
August,8,14:30,236,3,0.012712,334.53,484,5,0.010331,358.49,931,12,0.012889,355.84,487,8,0.016427,334.54
August,8,15:00,236,5,0.021186,330.64,486,3,0.006173,360.59,923,15,0.016251,356.19,483,6,0.012422,338.11
August,8,15:30,238,6,0.02521,335.22,480,3,0.00625,359.74,915,17,0.018579,357.61,480,5,0.010417,336.51
August,8,16:00,233,2,0.008584,338.43,478,3,0.006276,365.12,899,9,0.010011,357.71,492,4,0.00813,336.87
August,8,16:30,218,0,0.0,340.0,462,2,0.004329,362.11,859,6,0.006985,357.59,473,3,0.006342,335.23
August,8,17:00,192,0,0.0,337.24,440,2,0.004545,357.21,809,6,0.007417,357.84,438,2,0.004566,339.2
August,8,17:30,168,0,0.0,333.64,409,3,0.007335,358.93,743,6,0.008075,358.72,399,2,0.005013,332.49
August,8,18:00,151,0,0.0,337.55,381,3,0.007874,362.03,658,5,0.007599,360.82,360,1,0.002778,329.7
August,8,18:30,125,1,0.008,352.75,338,2,0.005917,355.53,591,4,0.006768,360.04,321,2,0.006231,331.96
August,8,19:00,87,0,0.0,354.29,308,3,0.00974,351.51,526,4,0.007605,353.76,290,4,0.013793,333.14
August,8,19:30,64,0,0.0,341.26,273,2,0.007326,343.64,460,4,0.008696,354.87,259,4,0.015444,333.35
August,8,20:00,50,0,0.0,334.11,233,2,0.008584,347.88,393,5,0.012723,351.88,222,3,0.013514,327.49
August,8,20:30,41,0,0.0,325.33,207,1,0.004831,350.0,334,2,0.005988,346.74,195,3,0.015385,320.77
August,8,21:00,31,0,0.0,328.05,174,1,0.005747,341.14,281,0,0.0,347.78,163,6,0.03681,329.17
August,8,21:30,22,0,0.0,317.72,143,1,0.006993,332.43,231,0,0.0,345.58,139,5,0.035971,335.93
August,8,22:00,19,1,0.052632,323.61,113,0,0.0,328.49,188,0,0.0,343.42,113,1,0.00885,326.19
August,8,22:30,14,4,0.285714,343.27,90,0,0.0,323.64,149,0,0.0,341.54,92,0,0.0,311.82
August,8,23:00,10,3,0.3,312.93,67,0,0.0,330.93,114,0,0.0,332.26,72,0,0.0,307.47
August,8,23:30,8,1,0.125,250.93,56,0,0.0,325.02,92,0,0.0,317.26,59,0,0.0,308.74
August,9,0:00,5,0,0.0,372.45,33,0,0.0,312.58,61,0,0.0,327.95,37,0,0.0,323.98
August,9,0:30,4,0,0.0,380.03,23,0,0.0,336.92,48,0,0.0,329.91,27,0,0.0,330.3
August,9,1:00,3,0,0.0,375.07,10,0,0.0,345.14,37,0,0.0,338.17,21,0,0.0,324.16
August,9,1:30,2,0,0.0,360.81,6,0,0.0,302.78,29,0,0.0,331.25,15,0,0.0,318.1
August,9,2:00,1,0,0.0,237.28,4,0,0.0,280.69,20,0,0.0,324.27,11,0,0.0,312.76
August,9,2:30,1,0,0.0,212.65,3,0,0.0,267.2,14,0,0.0,333.53,7,0,0.0,351.89
August,9,3:00,1,0,0.0,260.7,2,0,0.0,260.39,11,0,0.0,316.79,2,0,0.0,427.23
August,9,3:30,1,0,0.0,200.01,2,0,0.0,173.82,11,0,0.0,306.23,1,0,0.0,339.32
August,9,4:00,1,0,0.0,173.55,2,0,0.0,163.02,10,0,0.0,340.73,0,0,0.0,297.27
August,9,4:30,1,0,0.0,203.55,2,0,0.0,284.54,10,0,0.0,338.57,0,0,0.0,312.03
August,9,5:00,1,0,0.0,233.5,2,0,0.0,273.46,11,0,0.0,338.74,1,0,0.0,419.01
August,9,5:30,1,0,0.0,194.01,2,0,0.0,285.06,12,0,0.0,315.68,2,0,0.0,562.39
August,9,6:00,1,0,0.0,244.18,3,0,0.0,343.69,19,0,0.0,298.19,8,0,0.0,356.51
August,9,6:30,2,0,0.0,284.28,6,0,0.0,336.6,33,0,0.0,281.0,14,0,0.0,271.11
August,9,7:00,5,0,0.0,268.53,10,0,0.0,306.74,58,0,0.0,268.32,26,0,0.0,282.54
August,9,7:30,11,0,0.0,289.35,17,0,0.0,315.97,96,1,0.010417,269.0,43,1,0.023256,298.64
August,9,8:00,27,0,0.0,276.92,31,0,0.0,314.0,162,0,0.0,281.29,72,0,0.0,297.55
August,9,8:30,44,0,0.0,286.73,49,0,0.0,314.95,236,1,0.004237,298.87,108,0,0.0,293.62
August,9,9:00,62,0,0.0,287.35,103,1,0.009709,305.14,328,4,0.012195,305.52,152,1,0.006579,298.28
August,9,9:30,77,0,0.0,286.96,145,1,0.006897,312.31,404,8,0.019802,317.1,191,3,0.015707,292.94
August,9,10:00,96,1,0.010417,297.11,183,1,0.005464,320.61,489,6,0.01227,324.96,230,4,0.017391,297.29
August,9,10:30,118,1,0.008475,303.34,212,2,0.009434,331.13,551,6,0.010889,333.9,268,6,0.022388,304.96
August,9,11:00,132,2,0.015152,303.12,243,2,0.00823,334.5,594,8,0.013468,338.1,299,5,0.016722,312.84
August,9,11:30,138,4,0.028986,302.75,272,2,0.007353,336.36,612,10,0.01634,343.17,314,2,0.006369,316.53
August,9,12:00,148,6,0.040541,311.8,285,2,0.007018,334.88,624,11,0.017628,344.49,330,2,0.006061,321.37
August,9,12:30,154,8,0.051948,313.95,296,3,0.010135,338.58,624,11,0.017628,344.31,339,3,0.00885,320.28
August,9,13:00,154,4,0.025974,320.04,311,5,0.016077,339.24,617,10,0.016207,346.83,342,4,0.011696,319.89
August,9,13:30,150,1,0.006667,325.36,324,5,0.015432,337.86,618,12,0.019417,348.83,339,5,0.014749,317.08
August,9,14:00,146,2,0.013699,326.39,333,5,0.015015,341.05,621,11,0.017713,349.26,337,6,0.017804,319.64
August,9,14:30,146,2,0.013699,323.46,327,3,0.009174,344.58,610,5,0.008197,348.19,338,9,0.026627,321.14
August,9,15:00,143,1,0.006993,319.25,323,2,0.006192,337.87,588,1,0.001701,349.75,327,5,0.015291,313.01
August,9,15:30,141,0,0.0,326.4,322,2,0.006211,334.09,568,0,0.0,347.47,317,3,0.009464,311.17
August,9,16:00,140,0,0.0,330.25,318,1,0.003145,344.04,548,1,0.001825,348.81,307,2,0.006515,319.5
August,9,16:30,130,1,0.007692,316.58,303,1,0.0033,351.09,514,2,0.003891,347.8,286,2,0.006993,319.33
August,9,17:00,116,2,0.017241,321.89,291,1,0.003436,348.88,480,2,0.004167,349.47,266,1,0.003759,320.08
August,9,17:30,100,1,0.01,330.42,273,1,0.003663,350.74,459,1,0.002179,349.25,248,1,0.004032,321.52
August,9,18:00,93,1,0.010753,335.59,251,2,0.007968,353.23,432,2,0.00463,348.68,231,1,0.004329,325.67
August,9,18:30,78,1,0.012821,340.92,229,2,0.008734,350.41,392,2,0.005102,351.42,209,0,0.0,334.55
August,9,19:00,60,0,0.0,334.26,205,1,0.004878,343.95,354,3,0.008475,350.65,195,0,0.0,333.08
August,9,19:30,47,0,0.0,329.14,181,2,0.01105,336.45,316,4,0.012658,348.67,175,0,0.0,328.39
August,9,20:00,37,0,0.0,308.97,159,3,0.018868,333.93,280,3,0.010714,349.13,151,0,0.0,316.97
August,9,20:30,30,0,0.0,296.84,138,2,0.014493,321.0,239,2,0.008368,347.2,136,1,0.007353,310.76
August,9,21:00,23,0,0.0,309.88,115,1,0.008696,315.64,201,1,0.004975,346.12,116,2,0.017241,312.36
August,9,21:30,17,0,0.0,330.86,97,1,0.010309,318.72,165,0,0.0,340.72,97,1,0.010309,316.52
August,9,22:00,12,0,0.0,361.75,76,0,0.0,317.18,137,0,0.0,330.71,84,0,0.0,314.54
August,9,22:30,8,0,0.0,334.88,61,0,0.0,315.8,114,0,0.0,325.38,70,0,0.0,314.2
August,9,23:00,7,0,0.0,330.07,47,0,0.0,299.98,90,0,0.0,323.11,56,0,0.0,307.97
August,9,23:30,6,0,0.0,290.48,37,0,0.0,299.44,78,0,0.0,320.23,47,0,0.0,294.64
August,10,0:00,2,0,0.0,409.61,29,0,0.0,291.37,51,0,0.0,315.91,34,0,0.0,310.8
August,10,0:30,2,0,0.0,431.05,20,0,0.0,295.52,40,0,0.0,323.94,24,0,0.0,310.18
August,10,1:00,2,0,0.0,396.91,10,0,0.0,327.08,30,0,0.0,301.31,18,0,0.0,341.9
August,10,1:30,2,0,0.0,345.77,6,0,0.0,349.11,25,0,0.0,293.7,15,0,0.0,367.39
August,10,2:00,1,0,0.0,313.14,4,0,0.0,392.99,18,0,0.0,307.12,11,0,0.0,367.26
August,10,2:30,1,0,0.0,288.66,3,0,0.0,399.34,13,0,0.0,310.19,7,0,0.0,377.07
August,10,3:00,1,0,0.0,252.03,3,0,0.0,333.49,11,0,0.0,329.18,3,0,0.0,366.62
August,10,3:30,1,0,0.0,269.09,2,0,0.0,228.28,9,0,0.0,375.3,1,0,0.0,318.56
August,10,4:00,0,0,0.0,351.1,1,0,0.0,183.08,9,0,0.0,399.43,0,0,0.0,306.21
August,10,4:30,1,0,0.0,302.75,1,0,0.0,257.3,8,0,0.0,376.02,0,0,0.0,351.9
August,10,5:00,0,0,0.0,299.57,1,0,0.0,369.86,9,0,0.0,332.44,0,0,0.0,414.27
August,10,5:30,1,0,0.0,327.48,2,0,0.0,411.53,10,0,0.0,275.87,1,0,0.0,282.1
August,10,6:00,1,0,0.0,282.93,2,0,0.0,319.76,15,0,0.0,266.4,5,0,0.0,227.86
August,10,6:30,2,0,0.0,256.79,3,0,0.0,290.62,24,0,0.0,265.38,9,0,0.0,267.82
August,10,7:00,4,0,0.0,301.97,6,0,0.0,289.88,39,0,0.0,269.37,16,0,0.0,308.4
August,10,7:30,6,0,0.0,329.11,10,0,0.0,294.77,63,0,0.0,272.42,28,0,0.0,314.84
August,10,8:00,10,0,0.0,290.93,19,0,0.0,284.49,99,0,0.0,279.77,43,0,0.0,308.59
August,10,8:30,13,0,0.0,284.19,29,0,0.0,299.59,139,0,0.0,292.12,61,0,0.0,316.45
August,10,9:00,16,0,0.0,277.86,56,0,0.0,307.98,179,0,0.0,301.28,84,0,0.0,308.88
August,10,9:30,20,0,0.0,300.64,74,0,0.0,313.0,219,0,0.0,299.11,102,2,0.019608,300.17
August,10,10:00,23,0,0.0,304.14,92,0,0.0,311.47,269,0,0.0,299.67,121,9,0.07438,311.96
August,10,10:30,31,0,0.0,298.13,105,0,0.0,316.84,313,0,0.0,306.25,144,13,0.090278,325.89
August,10,11:00,32,0,0.0,300.77,117,3,0.025641,314.98,344,0,0.0,316.43,157,8,0.050955,321.74
August,10,11:30,36,0,0.0,305.71,136,7,0.051471,316.07,378,0,0.0,318.63,170,4,0.023529,319.69
August,10,12:00,48,0,0.0,304.2,153,5,0.03268,315.17,406,6,0.014778,316.55,183,2,0.010929,317.77
August,10,12:30,57,1,0.017544,305.03,175,9,0.051429,315.68,413,23,0.05569,317.84,186,3,0.016129,316.21
August,10,13:00,69,2,0.028986,306.45,195,10,0.051282,312.26,421,38,0.090261,325.3,188,7,0.037234,322.32
August,10,13:30,73,1,0.013699,305.42,205,12,0.058537,315.87,423,46,0.108747,327.02,196,7,0.035714,322.07
August,10,14:00,76,1,0.013158,310.21,218,8,0.036697,320.06,424,28,0.066038,329.29,197,3,0.015228,322.64
August,10,14:30,77,2,0.025974,313.28,218,2,0.009174,323.1,422,9,0.021327,329.03,198,4,0.020202,322.1
August,10,15:00,76,1,0.013158,314.28,224,0,0.0,321.16,422,1,0.00237,331.18,196,3,0.015306,325.59
August,10,15:30,77,1,0.012987,308.91,229,2,0.008734,319.72,413,0,0.0,330.53,198,5,0.025253,324.63
August,10,16:00,77,0,0.0,301.89,225,5,0.022222,320.51,406,0,0.0,327.82,190,3,0.015789,333.5
August,10,16:30,72,0,0.0,292.81,213,3,0.014085,320.37,393,0,0.0,332.14,186,5,0.026882,332.67
August,10,17:00,64,0,0.0,291.55,206,5,0.024272,320.66,370,0,0.0,330.71,177,2,0.011299,334.97
August,10,17:30,56,0,0.0,293.62,196,3,0.015306,317.69,348,0,0.0,325.34,168,1,0.005952,330.15
August,10,18:00,45,0,0.0,307.91,184,4,0.021739,317.87,311,0,0.0,326.0,159,2,0.012579,322.19
August,10,18:30,36,0,0.0,300.37,165,8,0.048485,312.83,290,0,0.0,325.98,147,1,0.006803,319.49
August,10,19:00,29,0,0.0,292.22,148,11,0.074324,307.87,266,0,0.0,327.67,137,0,0.0,322.82
August,10,19:30,25,0,0.0,288.72,134,7,0.052239,316.92,242,0,0.0,326.02,134,1,0.007463,332.64
August,10,20:00,25,0,0.0,304.22,118,2,0.016949,314.67,222,0,0.0,319.19,123,2,0.01626,330.57
August,10,20:30,21,0,0.0,305.72,105,0,0.0,310.76,202,0,0.0,321.42,111,1,0.009009,326.71
August,10,21:00,18,0,0.0,313.86,93,0,0.0,311.51,175,0,0.0,323.42,90,0,0.0,329.21
August,10,21:30,14,0,0.0,336.89,80,0,0.0,317.19,151,0,0.0,318.35,80,0,0.0,334.03
August,10,22:00,12,1,0.083333,304.85,65,0,0.0,312.52,131,0,0.0,317.68,71,0,0.0,330.73
August,10,22:30,11,2,0.181818,320.16,53,0,0.0,298.15,114,0,0.0,316.47,61,1,0.016393,326.19
August,10,23:00,8,1,0.125,354.89,42,0,0.0,272.27,90,0,0.0,314.44,51,0,0.0,334.8
August,10,23:30,6,0,0.0,312.39,35,0,0.0,272.61,77,0,0.0,311.48,47,0,0.0,356.97
August,11,0:00,4,0,0.0,349.82,24,0,0.0,338.87,53,0,0.0,320.72,31,0,0.0,314.81
August,11,0:30,3,0,0.0,336.38,20,0,0.0,328.32,44,0,0.0,315.7,24,0,0.0,315.36
August,11,1:00,2,0,0.0,357.76,11,0,0.0,349.11,32,0,0.0,316.47,18,0,0.0,325.63
August,11,1:30,2,0,0.0,346.62,6,0,0.0,340.39,23,0,0.0,318.81,14,0,0.0,312.64
August,11,2:00,1,0,0.0,385.88,5,0,0.0,292.65,16,0,0.0,308.78,9,0,0.0,305.05
August,11,2:30,1,0,0.0,317.97,4,0,0.0,292.61,13,0,0.0,330.19,8,0,0.0,319.01
August,11,3:00,0,0,0.0,248.97,3,0,0.0,340.47,11,0,0.0,325.03,5,0,0.0,344.11
August,11,3:30,1,0,0.0,180.44,3,0,0.0,407.88,10,0,0.0,316.5,4,0,0.0,309.03
August,11,4:00,1,0,0.0,180.8,3,0,0.0,326.16,9,0,0.0,304.78,3,0,0.0,305.29
August,11,4:30,1,0,0.0,176.55,3,0,0.0,301.57,9,0,0.0,290.97,4,0,0.0,265.73
August,11,5:00,1,0,0.0,244.01,3,0,0.0,371.71,11,0,0.0,298.7,4,0,0.0,285.25
August,11,5:30,1,0,0.0,280.69,3,0,0.0,388.76,14,0,0.0,268.47,4,0,0.0,288.13
August,11,6:00,2,0,0.0,300.37,4,3,0.75,282.09,23,0,0.0,258.56,10,0,0.0,250.92
August,11,6:30,3,0,0.0,261.27,8,7,0.875,300.54,42,0,0.0,272.88,19,0,0.0,244.9
August,11,7:00,8,0,0.0,246.77,23,3,0.130435,283.61,76,0,0.0,259.78,34,0,0.0,261.99
August,11,7:30,16,0,0.0,288.48,41,0,0.0,272.26,132,0,0.0,264.19,59,0,0.0,268.56
August,11,8:00,42,0,0.0,298.87,78,2,0.025641,279.58,244,0,0.0,283.68,109,1,0.009174,270.94
August,11,8:30,78,1,0.012821,308.91,124,7,0.056452,292.9,379,1,0.002639,299.14,168,3,0.017857,281.88
August,11,9:00,122,5,0.040984,309.2,192,4,0.020833,304.04,536,5,0.009328,314.2,257,8,0.031128,292.54
August,11,9:30,161,7,0.043478,317.42,251,8,0.031873,312.86,685,12,0.017518,327.23,325,21,0.064615,304.55
August,11,10:00,193,2,0.010363,322.57,317,25,0.078864,319.06,821,20,0.024361,331.64,389,22,0.056555,313.12
August,11,10:30,218,0,0.0,319.47,358,47,0.131285,328.59,920,19,0.020652,339.22,437,33,0.075515,316.78
August,11,11:00,228,0,0.0,324.79,391,40,0.102302,336.01,991,23,0.023209,347.04,471,25,0.053079,319.77
August,11,11:30,236,2,0.008475,328.92,419,46,0.109785,339.65,1022,37,0.036204,350.75,499,25,0.0501,322.03
August,11,12:00,240,7,0.029167,323.66,452,39,0.086283,339.02,1048,38,0.03626,349.91,523,29,0.055449,326.21
August,11,12:30,242,4,0.016529,314.37,468,48,0.102564,342.37,1049,30,0.028599,351.42,530,32,0.060377,329.11
August,11,13:00,240,4,0.016667,317.09,481,47,0.097713,341.89,1040,25,0.024038,354.76,526,27,0.051331,330.37
August,11,13:30,240,1,0.004167,327.01,491,55,0.112016,335.9,1038,32,0.030829,359.18,532,21,0.039474,325.2
August,11,14:00,244,3,0.012295,328.12,513,40,0.077973,335.99,1054,33,0.031309,360.69,550,19,0.034545,323.65
August,11,14:30,247,9,0.036437,329.77,516,31,0.060078,338.88,1061,33,0.031103,360.6,560,19,0.033929,329.32
August,11,15:00,248,11,0.044355,329.48,515,25,0.048544,339.89,1063,19,0.017874,359.73,559,16,0.028623,330.96
August,11,15:30,252,12,0.047619,332.45,520,18,0.034615,339.93,1059,9,0.008499,360.76,554,18,0.032491,333.43
August,11,16:00,246,4,0.01626,332.11,520,16,0.030769,343.92,1053,9,0.008547,358.66,554,14,0.025271,338.2
August,11,16:30,236,1,0.004237,328.49,510,18,0.035294,347.34,1023,9,0.008798,359.27,541,16,0.029575,341.84
August,11,17:00,215,3,0.013953,330.76,486,16,0.032922,346.16,965,8,0.00829,359.18,516,13,0.025194,341.41
August,11,17:30,193,1,0.005181,325.35,458,16,0.034934,348.5,896,13,0.014509,358.74,482,12,0.024896,333.86
August,11,18:00,165,0,0.0,323.45,423,22,0.052009,347.98,829,14,0.016888,358.83,440,8,0.018182,335.79
August,11,18:30,139,0,0.0,332.61,388,30,0.07732,346.38,733,10,0.013643,362.59,390,7,0.017949,335.75
August,11,19:00,99,0,0.0,332.7,350,23,0.065714,342.92,647,14,0.021638,365.96,354,15,0.042373,329.56
August,11,19:30,75,0,0.0,331.55,321,25,0.077882,335.16,578,15,0.025952,364.29,325,25,0.076923,331.05
August,11,20:00,57,1,0.017544,328.86,282,37,0.131206,331.56,505,15,0.029703,361.53,285,23,0.080702,327.3
August,11,20:30,45,6,0.133333,333.27,234,24,0.102564,327.4,428,7,0.016355,355.49,244,13,0.053279,326.41
August,11,21:00,35,9,0.257143,329.17,192,16,0.083333,325.29,358,1,0.002793,349.97,202,10,0.049505,326.92
August,11,21:30,27,3,0.111111,315.69,158,5,0.031646,329.4,302,0,0.0,342.72,170,5,0.029412,333.92
August,11,22:00,21,5,0.238095,317.93,125,0,0.0,323.93,240,0,0.0,337.24,138,1,0.007246,329.37
August,11,22:30,15,13,0.866667,326.58,98,0,0.0,314.34,186,0,0.0,329.63,114,1,0.008772,331.69
August,11,23:00,12,5,0.416667,320.04,73,0,0.0,296.84,143,0,0.0,328.57,90,2,0.022222,336.35
August,11,23:30,9,0,0.0,322.82,58,0,0.0,287.57,113,0,0.0,339.9,71,1,0.014085,325.04
August,12,0:00,4,0,0.0,322.44,28,0,0.0,299.26,70,0,0.0,329.1,42,0,0.0,311.4
August,12,0:30,4,0,0.0,302.93,22,0,0.0,304.03,53,0,0.0,327.68,32,0,0.0,336.07
August,12,1:00,3,0,0.0,319.77,12,0,0.0,309.55,38,0,0.0,320.16,24,0,0.0,356.5
August,12,1:30,2,0,0.0,306.09,6,0,0.0,297.32,28,0,0.0,293.19,18,0,0.0,341.62
August,12,2:00,2,0,0.0,391.28,4,0,0.0,308.01,20,0,0.0,281.58,12,0,0.0,314.19
August,12,2:30,1,0,0.0,336.24,3,0,0.0,349.74,17,0,0.0,274.2,8,0,0.0,312.25
August,12,3:00,1,0,0.0,250.18,3,0,0.0,313.48,13,0,0.0,277.94,3,0,0.0,325.72
August,12,3:30,1,0,0.0,190.46,3,0,0.0,238.37,12,0,0.0,290.22,1,0,0.0,291.81
August,12,4:00,1,0,0.0,223.38,3,0,0.0,189.61,11,0,0.0,291.48,1,0,0.0,279.37
August,12,4:30,1,0,0.0,279.73,3,0,0.0,201.91,11,0,0.0,274.64,1,0,0.0,290.53
August,12,5:00,1,0,0.0,269.95,3,0,0.0,187.72,13,0,0.0,277.95,1,0,0.0,307.22
August,12,5:30,2,0,0.0,222.22,3,0,0.0,225.34,17,0,0.0,277.55,2,0,0.0,282.52
August,12,6:00,2,0,0.0,223.46,4,4,1.0,266.92,28,0,0.0,250.87,11,0,0.0,234.46
August,12,6:30,4,0,0.0,209.92,9,9,1.0,287.92,48,0,0.0,240.48,21,0,0.0,237.09
August,12,7:00,8,0,0.0,240.33,22,4,0.181818,272.58,85,0,0.0,252.87,39,0,0.0,264.09
August,12,7:30,16,0,0.0,281.72,40,0,0.0,274.36,141,0,0.0,264.85,66,0,0.0,273.68
August,12,8:00,39,3,0.076923,274.11,76,2,0.026316,282.51,242,0,0.0,283.49,113,0,0.0,275.5
August,12,8:30,68,10,0.147059,286.28,120,4,0.033333,297.59,362,0,0.0,298.01,168,0,0.0,280.0
August,12,9:00,101,10,0.09901,301.53,173,2,0.011561,304.46,515,7,0.013592,307.88,240,2,0.008333,287.44
August,12,9:30,131,7,0.053435,304.08,224,0,0.0,313.27,647,27,0.041731,315.27,301,7,0.023256,298.08
August,12,10:00,154,2,0.012987,304.25,271,6,0.02214,318.92,760,49,0.064474,320.26,358,19,0.053073,306.22
August,12,10:30,174,2,0.011494,304.82,304,18,0.059211,326.37,848,83,0.097877,326.85,401,36,0.089776,310.89
August,12,11:00,185,5,0.027027,308.01,338,17,0.050296,331.46,910,72,0.079121,331.24,433,32,0.073903,317.94
August,12,11:30,194,3,0.015464,308.82,362,25,0.069061,334.11,943,72,0.076352,332.78,461,28,0.060738,318.24
August,12,12:00,197,6,0.030457,308.75,384,16,0.041667,340.1,951,118,0.12408,335.08,478,26,0.054393,318.94
August,12,12:30,199,9,0.045226,304.71,399,13,0.032581,343.34,956,137,0.143305,338.54,481,35,0.072765,319.19
August,12,13:00,199,3,0.015075,308.33,416,10,0.024038,343.42,955,72,0.075393,339.69,480,33,0.06875,319.6
August,12,13:30,199,0,0.0,313.32,425,19,0.044706,339.4,955,51,0.053403,342.28,481,31,0.064449,320.91
August,12,14:00,205,0,0.0,312.39,447,19,0.042506,338.05,967,54,0.055843,344.73,496,28,0.056452,320.41
August,12,14:30,207,0,0.0,316.03,454,11,0.024229,340.31,971,62,0.063852,348.04,497,19,0.038229,319.56
August,12,15:00,205,0,0.0,318.78,452,9,0.019912,338.03,962,45,0.046778,347.27,495,14,0.028283,320.88
August,12,15:30,204,0,0.0,313.98,446,12,0.026906,337.61,953,33,0.034627,347.74,499,14,0.028056,321.67
August,12,16:00,207,0,0.0,316.6,443,14,0.031603,343.89,943,30,0.031813,346.97,502,12,0.023904,325.38
August,12,16:30,196,0,0.0,316.88,425,12,0.028235,346.2,925,31,0.033514,344.88,485,14,0.028866,326.42
August,12,17:00,175,0,0.0,313.6,403,13,0.032258,348.16,876,41,0.046804,346.93,453,10,0.022075,322.43
August,12,17:30,151,0,0.0,310.65,388,14,0.036082,347.55,820,58,0.070732,345.74,426,7,0.016432,321.27
August,12,18:00,136,0,0.0,311.12,365,15,0.041096,343.04,758,67,0.088391,343.66,395,8,0.020253,327.87
August,12,18:30,114,0,0.0,315.15,329,11,0.033435,339.83,666,40,0.06006,342.78,352,6,0.017045,326.63
August,12,19:00,80,0,0.0,323.55,295,12,0.040678,336.82,596,27,0.045302,342.07,319,9,0.028213,324.04
August,12,19:30,59,3,0.050847,317.03,268,13,0.048507,335.8,526,27,0.051331,340.6,289,18,0.062284,328.37
August,12,20:00,46,11,0.23913,317.72,234,23,0.098291,330.27,452,30,0.066372,341.66,255,16,0.062745,324.56
August,12,20:30,39,13,0.333333,320.43,197,19,0.096447,324.66,393,19,0.048346,339.47,220,9,0.040909,319.19
August,12,21:00,29,8,0.275862,312.59,162,8,0.049383,322.3,332,5,0.01506,338.15,182,3,0.016484,323.65
August,12,21:30,22,2,0.090909,293.86,135,2,0.014815,323.69,277,2,0.00722,336.91,156,1,0.00641,328.91
August,12,22:00,17,6,0.352941,281.42,107,0,0.0,326.31,227,6,0.026432,332.19,126,1,0.007937,331.64
August,12,22:30,12,12,1.0,278.65,85,0,0.0,319.77,180,6,0.033333,326.15,103,1,0.009709,327.73
August,12,23:00,9,9,1.0,298.66,64,0,0.0,308.35,137,2,0.014599,322.37,80,1,0.0125,328.71
August,12,23:30,7,2,0.285714,294.52,49,0,0.0,289.96,107,0,0.0,321.74,65,0,0.0,330.61
August,13,0:00,4,0,0.0,304.5,30,0,0.0,318.83,70,0,0.0,343.12,38,0,0.0,332.48
August,13,0:30,3,0,0.0,345.19,23,0,0.0,313.35,52,0,0.0,339.21,29,0,0.0,346.06
August,13,1:00,2,0,0.0,265.1,11,0,0.0,288.47,36,0,0.0,344.02,22,0,0.0,339.39
August,13,1:30,2,0,0.0,270.69,6,0,0.0,270.2,26,0,0.0,338.7,16,0,0.0,338.65
August,13,2:00,1,0,0.0,295.26,4,0,0.0,330.05,19,0,0.0,313.89,11,0,0.0,355.32
August,13,2:30,1,0,0.0,339.82,4,0,0.0,361.23,16,0,0.0,301.6,8,0,0.0,362.24
August,13,3:00,1,0,0.0,395.56,3,0,0.0,363.53,12,0,0.0,310.48,3,0,0.0,343.28
August,13,3:30,1,0,0.0,341.38,3,0,0.0,311.83,12,0,0.0,339.04,1,0,0.0,311.62
August,13,4:00,1,0,0.0,278.05,3,0,0.0,294.33,11,0,0.0,340.82,1,0,0.0,347.01
August,13,4:30,1,0,0.0,296.39,3,0,0.0,298.84,12,0,0.0,321.21,1,0,0.0,477.0
August,13,5:00,1,0,0.0,367.18,3,0,0.0,378.29,13,0,0.0,294.09,1,0,0.0,456.6
August,13,5:30,2,0,0.0,295.09,3,0,0.0,416.91,18,0,0.0,266.57,3,0,0.0,305.21
August,13,6:00,2,0,0.0,270.25,5,1,0.2,354.81,29,0,0.0,257.47,12,0,0.0,258.3
August,13,6:30,4,0,0.0,282.02,8,2,0.25,287.28,50,0,0.0,257.71,23,0,0.0,269.8
August,13,7:00,8,0,0.0,304.22,23,1,0.043478,260.64,89,0,0.0,272.31,40,0,0.0,259.03
August,13,7:30,17,1,0.058824,319.49,41,2,0.04878,293.17,148,0,0.0,281.42,68,0,0.0,275.6
August,13,8:00,43,3,0.069767,310.67,76,1,0.013158,306.86,254,0,0.0,293.22,113,0,0.0,295.93
August,13,8:30,74,6,0.081081,335.46,118,1,0.008475,314.27,375,1,0.002667,307.99,170,0,0.0,299.58
August,13,9:00,108,5,0.046296,334.94,175,1,0.005714,321.11,529,3,0.005671,319.03,244,0,0.0,297.84
August,13,9:30,135,3,0.022222,336.05,224,1,0.004464,327.42,659,3,0.004552,324.64,293,1,0.003413,309.0
August,13,10:00,158,2,0.012658,333.63,265,5,0.018868,334.47,761,3,0.003942,327.7,339,4,0.011799,317.09
August,13,10:30,178,0,0.0,333.29,293,8,0.027304,346.34,850,6,0.007059,336.9,375,6,0.016,325.66
August,13,11:00,190,0,0.0,333.66,328,4,0.012195,353.08,895,4,0.004469,342.9,409,3,0.007335,328.89
August,13,11:30,196,1,0.005102,332.18,357,4,0.011204,354.97,919,3,0.003264,345.94,428,3,0.007009,330.48
August,13,12:00,197,2,0.010152,342.57,382,2,0.005236,356.16,934,5,0.005353,345.91,441,2,0.004535,330.04
August,13,12:30,198,2,0.010101,340.98,390,3,0.007692,356.27,940,8,0.008511,348.62,450,3,0.006667,328.95
August,13,13:00,200,0,0.0,339.26,400,3,0.0075,349.26,939,4,0.00426,347.67,453,2,0.004415,332.63
August,13,13:30,199,0,0.0,337.72,407,3,0.007371,351.24,940,3,0.003191,347.18,460,1,0.002174,329.81
August,13,14:00,200,0,0.0,338.58,418,2,0.004785,355.1,940,3,0.003191,349.12,474,1,0.00211,330.84
August,13,14:30,202,0,0.0,342.78,422,3,0.007109,359.64,943,3,0.003181,351.45,472,2,0.004237,339.94
August,13,15:00,201,0,0.0,341.52,423,2,0.004728,357.27,929,3,0.003229,355.01,466,2,0.004292,344.72
August,13,15:30,200,1,0.005,345.77,424,2,0.004717,356.16,921,3,0.003257,359.79,463,2,0.00432,342.69
August,13,16:00,197,0,0.0,350.72,420,2,0.004762,355.48,908,2,0.002203,359.31,454,3,0.006608,340.37
August,13,16:30,186,0,0.0,348.35,403,1,0.002481,357.43,877,2,0.002281,357.12,443,2,0.004515,339.17
August,13,17:00,170,0,0.0,345.34,384,1,0.002604,358.93,833,3,0.003601,355.12,428,2,0.004673,335.19
August,13,17:30,151,0,0.0,337.42,369,2,0.00542,357.39,781,3,0.003841,356.43,393,2,0.005089,338.06
August,13,18:00,135,0,0.0,338.85,341,3,0.008798,355.06,712,3,0.004213,362.01,356,2,0.005618,333.85
August,13,18:30,113,0,0.0,357.64,303,2,0.006601,355.12,639,2,0.00313,362.13,321,2,0.006231,336.21
August,13,19:00,77,0,0.0,356.96,275,2,0.007273,356.1,571,2,0.003503,354.07,295,3,0.010169,337.9
August,13,19:30,57,0,0.0,343.33,249,3,0.012048,357.77,501,2,0.003992,348.29,266,3,0.011278,344.98
August,13,20:00,45,0,0.0,325.26,220,3,0.013636,355.1,433,1,0.002309,349.34,237,3,0.012658,341.36
August,13,20:30,38,0,0.0,318.39,187,1,0.005348,348.28,371,1,0.002695,351.15,203,2,0.009852,332.43
August,13,21:00,30,1,0.033333,320.88,154,1,0.006494,345.61,313,0,0.0,350.21,170,3,0.017647,334.96
August,13,21:30,23,0,0.0,319.15,128,0,0.0,343.65,262,0,0.0,344.92,145,2,0.013793,334.63
August,13,22:00,17,0,0.0,315.53,103,0,0.0,325.87,213,0,0.0,339.91,117,0,0.0,333.41
August,13,22:30,12,0,0.0,310.67,81,0,0.0,322.36,167,0,0.0,326.03,97,0,0.0,331.59
August,13,23:00,10,0,0.0,320.29,62,0,0.0,317.55,129,0,0.0,326.15,75,0,0.0,324.83
August,13,23:30,8,0,0.0,292.38,49,0,0.0,316.33,105,0,0.0,328.61,61,0,0.0,316.34
August,14,0:00,4,0,0.0,345.1,29,0,0.0,306.01,68,0,0.0,324.55,38,0,0.0,346.28
August,14,0:30,3,0,0.0,351.73,21,0,0.0,294.19,54,0,0.0,316.08,29,0,0.0,353.72
August,14,1:00,2,0,0.0,298.47,11,0,0.0,289.95,39,0,0.0,316.25,22,0,0.0,353.18
August,14,1:30,2,0,0.0,280.91,7,0,0.0,321.82,28,0,0.0,312.41,17,0,0.0,333.15
August,14,2:00,1,0,0.0,286.4,5,0,0.0,374.87,20,0,0.0,245.18,12,0,0.0,313.44
August,14,2:30,1,0,0.0,307.22,4,0,0.0,374.09,16,0,0.0,213.95,8,0,0.0,301.11
August,14,3:00,1,0,0.0,438.8,3,0,0.0,293.14,12,0,0.0,272.47,3,0,0.0,302.73
August,14,3:30,1,0,0.0,269.08,3,0,0.0,271.43,12,0,0.0,309.42,1,0,0.0,292.58
August,14,4:00,1,0,0.0,216.22,3,0,0.0,319.57,12,0,0.0,285.93,1,0,0.0,290.7
August,14,4:30,1,0,0.0,231.06,3,0,0.0,468.7,11,0,0.0,266.91,1,0,0.0,303.61
August,14,5:00,1,0,0.0,238.12,3,0,0.0,323.5,14,0,0.0,256.31,1,0,0.0,356.47
August,14,5:30,2,0,0.0,327.9,3,0,0.0,268.16,19,0,0.0,264.02,3,0,0.0,398.22
August,14,6:00,3,1,0.333333,316.12,5,1,0.2,272.59,31,0,0.0,263.97,12,0,0.0,295.37
August,14,6:30,5,3,0.6,300.03,9,3,0.333333,338.41,53,1,0.018868,258.64,22,1,0.045455,268.54
August,14,7:00,9,3,0.333333,311.92,22,2,0.090909,309.41,92,1,0.01087,259.62,38,0,0.0,274.78
August,14,7:30,17,2,0.117647,299.55,39,2,0.051282,300.14,149,1,0.006711,269.04,67,0,0.0,266.45
August,14,8:00,43,1,0.023256,297.77,73,1,0.013699,312.85,252,1,0.003968,291.03,116,0,0.0,276.56
August,14,8:30,75,1,0.013333,314.63,114,2,0.017544,321.38,370,1,0.002703,301.31,173,0,0.0,292.87
August,14,9:00,107,0,0.0,322.59,170,1,0.005882,321.77,515,2,0.003883,310.19,238,1,0.004202,301.3
August,14,9:30,134,0,0.0,319.35,213,2,0.00939,327.58,644,4,0.006211,318.28,288,3,0.010417,309.92
August,14,10:00,159,1,0.006289,314.96,256,2,0.007812,333.83,751,6,0.007989,327.45,337,3,0.008902,316.8
August,14,10:30,182,2,0.010989,319.29,293,4,0.013652,345.25,835,9,0.010778,335.99,375,4,0.010667,320.01
August,14,11:00,195,0,0.0,320.97,318,7,0.022013,350.49,888,10,0.011261,339.84,406,2,0.004926,325.26
August,14,11:30,202,0,0.0,323.26,349,10,0.028653,347.41,916,9,0.009825,342.1,419,1,0.002387,327.5
August,14,12:00,206,0,0.0,322.93,372,8,0.021505,350.33,913,8,0.008762,343.51,432,2,0.00463,323.93
August,14,12:30,207,0,0.0,318.12,377,8,0.02122,355.84,911,12,0.013172,345.53,438,3,0.006849,323.02
August,14,13:00,204,0,0.0,323.47,385,8,0.020779,351.62,904,11,0.012168,346.43,439,4,0.009112,327.36
August,14,13:30,205,0,0.0,329.95,396,12,0.030303,348.56,909,7,0.007701,344.14,447,4,0.008949,327.61
August,14,14:00,210,0,0.0,331.86,414,8,0.019324,352.04,922,10,0.010846,346.57,463,5,0.010799,329.48
August,14,14:30,210,1,0.004762,334.73,418,6,0.014354,355.22,930,20,0.021505,349.84,464,4,0.008621,334.81
August,14,15:00,211,2,0.009479,338.19,412,5,0.012136,358.54,921,9,0.009772,349.43,456,3,0.006579,339.13
August,14,15:30,209,4,0.019139,338.38,410,4,0.009756,359.55,917,4,0.004362,350.08,454,2,0.004405,336.69
August,14,16:00,207,2,0.009662,336.56,405,4,0.009877,357.14,900,4,0.004444,352.15,454,2,0.004405,334.25
August,14,16:30,200,1,0.005,334.03,391,3,0.007673,354.66,865,4,0.004624,354.91,437,1,0.002288,337.77
August,14,17:00,180,0,0.0,333.49,374,1,0.002674,356.75,820,4,0.004878,351.81,411,1,0.002433,336.74
August,14,17:30,156,1,0.00641,333.32,355,3,0.008451,357.08,767,5,0.006519,349.59,379,1,0.002639,335.23
August,14,18:00,136,0,0.0,333.05,335,4,0.01194,355.26,694,5,0.007205,352.55,345,1,0.002899,338.95
August,14,18:30,116,0,0.0,331.22,302,3,0.009934,355.17,620,5,0.008065,355.7,313,2,0.00639,333.26
August,14,19:00,81,0,0.0,332.02,274,3,0.010949,351.57,553,9,0.016275,353.43,288,4,0.013889,329.44
August,14,19:30,60,0,0.0,320.44,245,3,0.012245,355.78,491,14,0.028513,357.54,262,5,0.019084,330.34
August,14,20:00,48,0,0.0,324.38,211,3,0.014218,359.43,430,10,0.023256,354.07,233,4,0.017167,324.43
August,14,20:30,39,1,0.025641,330.51,182,1,0.005495,348.87,372,6,0.016129,348.28,202,2,0.009901,326.4
August,14,21:00,30,0,0.0,313.03,152,0,0.0,347.13,311,2,0.006431,347.74,167,2,0.011976,328.0
August,14,21:30,22,0,0.0,314.22,124,1,0.008065,343.96,256,0,0.0,345.7,144,1,0.006944,325.07
August,14,22:00,18,0,0.0,304.98,99,2,0.020202,334.87,208,0,0.0,332.07,115,1,0.008696,330.13
August,14,22:30,13,1,0.076923,305.58,79,1,0.012658,326.49,162,0,0.0,326.29,94,0,0.0,321.41
August,14,23:00,10,0,0.0,319.93,59,0,0.0,325.86,125,0,0.0,327.06,73,0,0.0,324.4
August,14,23:30,8,0,0.0,340.65,46,0,0.0,316.17,101,0,0.0,324.11,59,0,0.0,333.03
August,15,0:00,4,0,0.0,400.75,26,0,0.0,310.18,68,0,0.0,347.33,38,0,0.0,341.05
August,15,0:30,3,0,0.0,348.27,20,0,0.0,324.85,52,0,0.0,328.33,29,0,0.0,335.8
August,15,1:00,2,0,0.0,287.3,10,0,0.0,350.87,37,0,0.0,322.89,21,0,0.0,349.0
August,15,1:30,2,0,0.0,254.25,6,0,0.0,295.37,26,0,0.0,316.21,16,0,0.0,325.43
August,15,2:00,1,0,0.0,256.1,5,0,0.0,315.91,18,0,0.0,316.61,11,0,0.0,337.63
August,15,2:30,1,0,0.0,234.26,4,0,0.0,335.88,15,0,0.0,332.13,8,0,0.0,359.3
August,15,3:00,1,0,0.0,164.53,3,0,0.0,367.89,12,0,0.0,341.59,3,0,0.0,360.81
August,15,3:30,1,0,0.0,111.8,3,0,0.0,357.04,12,0,0.0,352.63,1,0,0.0,209.75
August,15,4:00,1,0,0.0,128.47,3,0,0.0,280.25,12,0,0.0,312.87,0,0,0.0,183.74
August,15,4:30,1,0,0.0,282.9,3,0,0.0,225.64,13,0,0.0,313.01,0,0,0.0,263.01
August,15,5:00,1,0,0.0,283.03,3,0,0.0,241.45,15,0,0.0,310.69,1,0,0.0,302.45
August,15,5:30,2,0,0.0,220.14,3,0,0.0,247.24,19,0,0.0,303.13,2,0,0.0,322.15
August,15,6:00,2,2,1.0,226.06,5,2,0.4,280.86,31,1,0.032258,280.29,11,1,0.090909,281.86
August,15,6:30,4,4,1.0,273.59,9,5,0.555556,311.14,52,3,0.057692,266.65,23,1,0.043478,271.9
August,15,7:00,8,8,1.0,299.42,25,2,0.08,280.17,89,2,0.022472,265.43,42,1,0.02381,277.5
August,15,7:30,16,5,0.3125,304.03,42,2,0.047619,276.15,149,4,0.026846,266.95,71,1,0.014085,288.9
August,15,8:00,39,1,0.025641,294.78,78,1,0.012821,286.61,255,2,0.007843,281.71,121,1,0.008264,290.19
August,15,8:30,68,0,0.0,301.99,115,2,0.017391,306.07,374,1,0.002674,299.63,175,2,0.011429,294.93
August,15,9:00,99,0,0.0,312.09,166,3,0.018072,323.65,520,5,0.009615,306.57,243,3,0.012346,305.63
August,15,9:30,122,0,0.0,319.76,205,3,0.014634,330.3,648,13,0.020062,310.51,299,5,0.016722,314.64
August,15,10:00,141,0,0.0,327.0,252,2,0.007937,335.99,747,21,0.028112,320.99,349,6,0.017192,317.12
August,15,10:30,166,1,0.006024,329.38,286,5,0.017483,337.03,827,33,0.039903,329.54,384,8,0.020833,328.11
August,15,11:00,178,1,0.005618,329.46,313,9,0.028754,341.34,882,25,0.028345,336.1,412,7,0.01699,333.34
August,15,11:30,186,1,0.005376,327.51,342,13,0.038012,349.28,921,31,0.033659,337.7,434,6,0.013825,332.09
August,15,12:00,193,3,0.015544,325.88,372,11,0.02957,351.93,933,45,0.048232,337.71,445,6,0.013483,332.13
August,15,12:30,194,2,0.010309,334.28,379,11,0.029024,353.95,936,42,0.044872,341.07,453,5,0.011038,340.55
August,15,13:00,194,1,0.005155,340.27,390,11,0.028205,346.68,931,26,0.027927,347.77,457,5,0.010941,343.79
August,15,13:30,196,1,0.005102,337.69,398,12,0.030151,344.8,930,24,0.025806,348.65,466,7,0.015021,341.69
August,15,14:00,197,1,0.005076,335.83,414,15,0.036232,350.99,942,26,0.027601,349.12,478,9,0.018828,338.76
August,15,14:30,202,3,0.014851,335.54,423,15,0.035461,352.56,941,29,0.030818,348.02,476,10,0.021008,341.63
August,15,15:00,200,7,0.035,331.63,425,8,0.018824,354.62,933,36,0.038585,348.36,473,8,0.016913,345.28
August,15,15:30,200,8,0.04,336.23,420,7,0.016667,353.79,927,41,0.044229,349.75,471,7,0.014862,343.64
August,15,16:00,195,3,0.015385,339.44,418,7,0.016746,359.08,911,22,0.024149,349.84,481,5,0.010395,344.01
August,15,16:30,183,0,0.0,341.02,403,7,0.01737,356.12,871,14,0.016073,349.73,462,4,0.008658,342.33
August,15,17:00,164,0,0.0,338.25,386,7,0.018135,351.3,821,14,0.017052,349.97,428,3,0.007009,346.39
August,15,17:30,143,0,0.0,334.64,361,8,0.022161,352.99,755,14,0.018543,350.83,388,2,0.005155,339.54
August,15,18:00,126,0,0.0,338.57,334,9,0.026946,356.04,665,12,0.018045,352.89,349,2,0.005731,336.69
August,15,18:30,106,1,0.009434,353.81,295,6,0.020339,349.64,602,10,0.016611,352.12,313,3,0.009585,339.0
August,15,19:00,74,0,0.0,355.36,269,8,0.02974,345.69,534,11,0.020599,345.98,283,5,0.017668,340.2
August,15,19:30,54,0,0.0,342.28,237,6,0.025316,337.95,467,10,0.021413,347.07,252,5,0.019841,340.42
August,15,20:00,42,0,0.0,335.11,203,4,0.019704,342.12,401,11,0.027431,344.14,217,4,0.018433,334.43
August,15,20:30,34,0,0.0,326.3,179,3,0.01676,344.21,342,4,0.011696,339.12,190,4,0.021053,327.57
August,15,21:00,25,0,0.0,329.04,151,2,0.013245,335.49,287,0,0.0,340.13,159,8,0.050314,336.14
August,15,21:30,19,0,0.0,318.68,124,3,0.024194,326.92,236,0,0.0,337.98,137,6,0.043796,343.05
August,15,22:00,16,2,0.125,324.58,98,1,0.010204,323.05,193,0,0.0,335.87,111,2,0.018018,333.1
August,15,22:30,11,5,0.454545,344.3,79,0,0.0,318.29,152,0,0.0,334.03,90,0,0.0,318.43
August,15,23:00,9,4,0.444444,313.87,58,0,0.0,325.45,117,0,0.0,324.95,71,0,0.0,313.99
August,15,23:30,7,1,0.142857,251.69,49,0,0.0,319.64,94,0,0.0,310.29,57,0,0.0,315.29
August,16,0:00,5,0,0.0,371.25,32,0,0.0,307.83,62,0,0.0,304.75,36,0,0.0,326.19
August,16,0:30,4,0,0.0,378.81,22,0,0.0,331.8,49,0,0.0,306.58,26,0,0.0,332.55
August,16,1:00,3,0,0.0,373.87,10,0,0.0,339.89,37,0,0.0,314.26,20,0,0.0,326.37
August,16,1:30,1,0,0.0,359.65,6,0,0.0,298.18,30,0,0.0,307.82,15,0,0.0,320.27
August,16,2:00,1,0,0.0,236.52,4,0,0.0,276.42,20,0,0.0,301.33,10,0,0.0,314.89
August,16,2:30,1,0,0.0,211.97,3,0,0.0,263.13,14,0,0.0,309.94,6,0,0.0,354.29
August,16,3:00,1,0,0.0,259.86,3,0,0.0,256.43,12,0,0.0,294.39,2,0,0.0,430.15
August,16,3:30,1,0,0.0,199.37,2,0,0.0,171.18,11,0,0.0,284.58,1,0,0.0,341.64
August,16,4:00,1,0,0.0,172.99,2,0,0.0,160.54,11,0,0.0,316.64,0,0,0.0,299.31
August,16,4:30,1,0,0.0,202.9,2,0,0.0,280.21,11,0,0.0,314.63,0,0,0.0,314.16
August,16,5:00,1,0,0.0,232.76,2,0,0.0,269.3,11,0,0.0,314.79,1,0,0.0,421.87
August,16,5:30,1,0,0.0,193.39,2,0,0.0,280.72,13,0,0.0,293.35,2,0,0.0,566.24
August,16,6:00,2,0,0.0,243.4,3,0,0.0,338.46,20,0,0.0,277.1,7,0,0.0,358.95
August,16,6:30,3,0,0.0,283.37,6,1,0.166667,331.48,34,0,0.0,261.13,13,0,0.0,272.96
August,16,7:00,6,0,0.0,267.67,10,0,0.0,302.08,59,1,0.016949,249.34,25,0,0.0,284.47
August,16,7:30,12,0,0.0,288.42,16,0,0.0,311.17,99,2,0.020202,249.97,41,1,0.02439,300.68
August,16,8:00,29,0,0.0,276.03,29,0,0.0,309.23,167,1,0.005988,261.4,68,0,0.0,299.58
August,16,8:30,48,0,0.0,285.81,45,0,0.0,310.16,243,1,0.004115,277.74,101,0,0.0,295.63
August,16,9:00,68,0,0.0,286.42,98,1,0.010204,300.5,337,8,0.023739,283.91,145,1,0.006897,300.32
August,16,9:30,83,0,0.0,286.04,136,2,0.014706,307.56,415,17,0.040964,294.68,181,3,0.016575,294.94
August,16,10:00,103,1,0.009709,296.16,171,2,0.011696,315.73,501,12,0.023952,301.98,219,4,0.018265,299.32
August,16,10:30,127,1,0.007874,302.36,198,4,0.020202,326.09,564,13,0.02305,310.29,255,6,0.023529,307.04
August,16,11:00,141,2,0.014184,302.15,226,4,0.017699,329.41,611,17,0.027823,314.19,284,4,0.014085,314.98
August,16,11:30,147,3,0.020408,301.78,253,4,0.01581,331.25,629,23,0.036566,318.9,298,2,0.006711,318.69
August,16,12:00,158,5,0.031646,310.8,265,4,0.015094,329.79,639,25,0.039124,320.13,312,2,0.00641,323.57
August,16,12:30,165,7,0.042424,312.94,275,6,0.021818,333.43,641,26,0.040562,319.96,321,3,0.009346,322.47
August,16,13:00,165,3,0.018182,319.01,291,8,0.027491,334.08,634,23,0.036278,322.3,324,4,0.012346,322.07
August,16,13:30,162,1,0.006173,324.32,303,9,0.029703,332.73,635,26,0.040945,324.16,321,5,0.015576,319.24
August,16,14:00,159,2,0.012579,325.34,310,9,0.029032,335.87,637,25,0.039246,324.57,320,6,0.01875,321.82
August,16,14:30,158,2,0.012658,322.42,305,6,0.019672,339.34,625,12,0.0192,323.57,322,9,0.02795,323.33
August,16,15:00,155,1,0.006452,318.23,302,3,0.009934,332.73,602,2,0.003322,325.02,311,5,0.016077,315.15
August,16,15:30,153,0,0.0,325.35,301,3,0.009967,329.01,583,1,0.001715,322.9,302,3,0.009934,313.3
August,16,16:00,151,0,0.0,329.19,297,3,0.010101,338.81,563,3,0.005329,324.14,292,2,0.006849,321.68
August,16,16:30,141,0,0.0,315.57,284,2,0.007042,345.75,528,3,0.005682,323.2,273,2,0.007326,321.51
August,16,17:00,128,2,0.015625,320.86,273,2,0.007326,343.57,493,5,0.010142,324.76,254,1,0.003937,322.27
August,16,17:30,111,1,0.009009,329.36,258,2,0.007752,345.41,469,3,0.006397,324.56,237,1,0.004219,323.72
August,16,18:00,101,0,0.0,334.51,237,4,0.016878,347.86,442,4,0.00905,324.02,221,1,0.004525,327.9
August,16,18:30,85,1,0.011765,339.83,216,3,0.013889,345.08,402,5,0.012438,326.57,199,0,0.0,336.84
August,16,19:00,66,0,0.0,333.19,193,2,0.010363,338.72,363,6,0.016529,325.86,187,0,0.0,335.36
August,16,19:30,51,0,0.0,328.09,169,3,0.017751,331.33,324,8,0.024691,324.02,167,0,0.0,330.63
August,16,20:00,40,0,0.0,307.98,149,5,0.033557,328.85,289,8,0.027682,324.44,145,0,0.0,319.14
August,16,20:30,32,0,0.0,295.89,129,3,0.023256,316.12,247,4,0.016194,322.65,130,1,0.007692,312.88
August,16,21:00,24,0,0.0,308.88,107,2,0.018692,310.84,207,3,0.014493,321.64,111,2,0.018018,314.49
August,16,21:30,18,0,0.0,329.8,91,1,0.010989,313.87,169,1,0.005917,316.63,94,1,0.010638,318.68
August,16,22:00,13,0,0.0,360.59,72,1,0.013889,312.36,141,0,0.0,307.33,80,0,0.0,316.69
August,16,22:30,9,0,0.0,333.81,57,0,0.0,310.99,117,0,0.0,302.37,67,0,0.0,316.35
August,16,23:00,7,0,0.0,329.01,44,1,0.022727,295.42,92,0,0.0,300.26,54,0,0.0,310.07
August,16,23:30,5,0,0.0,289.55,34,0,0.0,294.89,79,0,0.0,297.58,46,0,0.0,296.65
August,17,0:00,3,0,0.0,413.35,29,0,0.0,291.31,50,0,0.0,298.91,35,0,0.0,307.75
August,17,0:30,3,0,0.0,434.98,21,0,0.0,295.46,40,0,0.0,306.51,25,0,0.0,307.14
August,17,1:00,3,0,0.0,400.53,10,0,0.0,327.01,30,0,0.0,285.09,19,0,0.0,338.55
August,17,1:30,2,0,0.0,348.93,6,0,0.0,349.04,25,0,0.0,277.9,15,0,0.0,363.79
August,17,2:00,1,0,0.0,316.0,4,0,0.0,392.91,18,0,0.0,290.59,11,0,0.0,363.67
August,17,2:30,1,0,0.0,291.3,3,0,0.0,399.26,14,0,0.0,293.49,7,0,0.0,373.38
August,17,3:00,1,0,0.0,254.33,3,0,0.0,333.43,11,0,0.0,311.47,3,0,0.0,363.03
August,17,3:30,1,0,0.0,271.55,2,0,0.0,228.23,9,0,0.0,355.1,1,0,0.0,315.44
August,17,4:00,1,0,0.0,354.3,1,0,0.0,183.04,9,0,0.0,377.93,0,0,0.0,303.21
August,17,4:30,1,0,0.0,305.51,1,0,0.0,257.24,8,0,0.0,355.79,0,0,0.0,348.46
August,17,5:00,1,0,0.0,302.31,1,0,0.0,369.78,9,0,0.0,314.55,0,0,0.0,410.21
August,17,5:30,1,0,0.0,330.47,2,0,0.0,411.45,10,0,0.0,261.02,1,0,0.0,279.33
August,17,6:00,2,0,0.0,285.51,2,0,0.0,319.69,15,0,0.0,252.06,5,0,0.0,225.63
August,17,6:30,2,0,0.0,259.13,3,0,0.0,290.56,24,0,0.0,251.1,10,0,0.0,265.19
August,17,7:00,4,0,0.0,304.72,6,0,0.0,289.82,40,0,0.0,254.87,17,0,0.0,305.38
August,17,7:30,6,0,0.0,332.11,10,0,0.0,294.71,63,0,0.0,257.76,30,0,0.0,311.76
August,17,8:00,11,0,0.0,293.58,19,0,0.0,284.43,101,0,0.0,264.71,46,0,0.0,305.56
August,17,8:30,15,0,0.0,286.78,29,0,0.0,299.53,140,0,0.0,276.4,64,0,0.0,313.35
August,17,9:00,18,0,0.0,280.4,57,0,0.0,307.92,180,0,0.0,285.07,91,0,0.0,305.86
August,17,9:30,22,0,0.0,303.38,76,0,0.0,312.94,221,0,0.0,283.01,109,2,0.018349,297.23
August,17,10:00,26,0,0.0,306.91,94,0,0.0,311.4,271,0,0.0,283.54,128,10,0.078125,308.9
August,17,10:30,35,0,0.0,300.85,106,0,0.0,316.77,315,0,0.0,289.76,152,15,0.098684,322.7
August,17,11:00,35,0,0.0,303.52,118,3,0.025424,314.92,348,0,0.0,299.4,167,9,0.053892,318.59
August,17,11:30,39,0,0.0,308.5,136,9,0.066176,316.01,382,0,0.0,301.48,181,5,0.027624,316.55
August,17,12:00,53,0,0.0,306.97,153,6,0.039216,315.11,409,11,0.026895,299.51,195,2,0.010256,314.66
August,17,12:30,63,0,0.0,307.82,175,11,0.062857,315.62,416,44,0.105769,300.74,198,4,0.020202,313.11
August,17,13:00,76,1,0.013158,309.25,195,11,0.05641,312.2,424,73,0.17217,307.79,200,8,0.04,319.17
August,17,13:30,81,0,0.0,308.2,205,15,0.073171,315.81,427,88,0.206089,309.42,209,8,0.038278,318.92
August,17,14:00,84,0,0.0,313.04,218,9,0.041284,320.0,428,53,0.123832,311.57,210,4,0.019048,319.48
August,17,14:30,85,1,0.011765,316.14,218,2,0.009174,323.03,426,17,0.039906,311.32,211,5,0.023697,318.95
August,17,15:00,84,1,0.011905,317.14,224,0,0.0,321.09,425,3,0.007059,313.36,209,4,0.019139,322.4
August,17,15:30,85,1,0.011765,311.73,229,2,0.008734,319.66,416,0,0.0,312.74,212,5,0.023585,321.45
August,17,16:00,84,0,0.0,304.64,225,6,0.026667,320.44,408,0,0.0,310.18,203,4,0.019704,330.23
August,17,16:30,80,0,0.0,295.48,213,4,0.018779,320.31,395,0,0.0,314.26,198,6,0.030303,329.41
August,17,17:00,72,0,0.0,294.21,207,6,0.028986,320.6,372,0,0.0,312.91,189,2,0.010582,331.69
August,17,17:30,63,0,0.0,296.3,198,3,0.015152,317.62,349,0,0.0,307.83,179,1,0.005587,326.92
August,17,18:00,50,0,0.0,310.72,185,5,0.027027,317.81,313,0,0.0,308.45,171,2,0.011696,319.04
August,17,18:30,41,0,0.0,303.11,165,10,0.060606,312.76,292,0,0.0,308.44,156,1,0.00641,316.35
August,17,19:00,33,0,0.0,294.89,149,13,0.087248,307.81,268,0,0.0,310.03,145,0,0.0,319.66
August,17,19:30,29,0,0.0,291.35,135,9,0.066667,316.85,244,0,0.0,308.47,143,1,0.006993,329.38
August,17,20:00,28,0,0.0,307.0,119,2,0.016807,314.6,224,0,0.0,302.01,131,3,0.022901,327.33
August,17,20:30,24,0,0.0,308.51,106,0,0.0,310.69,204,0,0.0,304.12,118,1,0.008475,323.5
August,17,21:00,20,0,0.0,316.73,94,0,0.0,311.44,177,0,0.0,306.01,96,0,0.0,325.98
August,17,21:30,16,0,0.0,339.96,81,0,0.0,317.12,153,0,0.0,301.22,85,0,0.0,330.76
August,17,22:00,14,0,0.0,307.63,67,0,0.0,312.45,133,0,0.0,300.59,75,1,0.013333,327.49
August,17,22:30,13,1,0.076923,323.08,54,0,0.0,298.09,115,0,0.0,299.44,65,2,0.030769,322.99
August,17,23:00,9,0,0.0,358.12,42,0,0.0,272.21,92,0,0.0,297.52,53,1,0.018868,331.52
August,17,23:30,7,0,0.0,315.24,35,0,0.0,272.56,78,0,0.0,294.72,48,0,0.0,353.47
August,18,0:00,3,0,0.0,328.47,23,0,0.0,339.83,53,0,0.0,295.26,30,0,0.0,300.36
August,18,0:30,2,0,0.0,315.85,19,0,0.0,329.25,44,0,0.0,290.64,24,0,0.0,300.88
August,18,1:00,2,0,0.0,335.93,10,0,0.0,350.11,32,0,0.0,291.34,17,0,0.0,310.68
August,18,1:30,1,0,0.0,325.47,6,0,0.0,341.36,23,0,0.0,293.51,13,0,0.0,298.29
August,18,2:00,1,0,0.0,362.34,5,0,0.0,293.49,16,0,0.0,284.27,9,0,0.0,291.04
August,18,2:30,1,0,0.0,298.57,4,0,0.0,293.45,13,0,0.0,303.97,8,0,0.0,304.36
August,18,3:00,0,0,0.0,233.77,3,0,0.0,341.44,11,0,0.0,299.22,5,0,0.0,328.31
August,18,3:30,1,0,0.0,169.43,3,0,0.0,409.05,10,0,0.0,291.38,4,0,0.0,294.85
August,18,4:00,1,0,0.0,169.77,3,0,0.0,327.09,9,0,0.0,280.58,3,0,0.0,291.28
August,18,4:30,1,0,0.0,165.77,3,0,0.0,302.43,9,0,0.0,267.87,4,0,0.0,253.53
August,18,5:00,1,0,0.0,229.12,3,0,0.0,372.77,11,0,0.0,274.99,4,0,0.0,272.16
August,18,5:30,1,0,0.0,263.56,3,0,0.0,389.87,14,0,0.0,247.15,4,0,0.0,274.9
August,18,6:00,2,0,0.0,282.05,4,2,0.5,282.9,23,0,0.0,238.04,10,0,0.0,239.41
August,18,6:30,3,0,0.0,245.33,8,5,0.625,301.39,42,0,0.0,251.21,18,0,0.0,233.66
August,18,7:00,7,0,0.0,231.71,22,2,0.090909,284.42,76,0,0.0,239.16,34,0,0.0,249.97
August,18,7:30,14,0,0.0,270.88,40,0,0.0,273.03,133,0,0.0,243.22,59,0,0.0,256.23
August,18,8:00,37,0,0.0,280.64,75,2,0.026667,280.38,247,0,0.0,261.16,107,1,0.009346,258.5
August,18,8:30,69,0,0.0,290.06,119,5,0.042017,293.74,381,4,0.010499,275.39,165,4,0.024242,268.94
August,18,9:00,108,2,0.018519,290.33,185,3,0.016216,304.9,538,15,0.027881,289.26,253,9,0.035573,279.12
August,18,9:30,142,3,0.021127,298.05,241,6,0.024896,313.75,688,34,0.049419,301.25,318,25,0.078616,290.57
August,18,10:00,170,1,0.005882,302.89,305,19,0.062295,319.97,821,58,0.070646,305.31,382,27,0.070681,298.75
August,18,10:30,193,0,0.0,299.98,344,36,0.104651,329.52,923,55,0.059588,312.29,428,41,0.095794,302.24
August,18,11:00,202,0,0.0,304.97,375,31,0.082667,336.97,995,66,0.066332,319.49,462,30,0.064935,305.09
August,18,11:30,209,1,0.004785,308.85,403,35,0.086849,340.61,1026,108,0.105263,322.91,489,30,0.06135,307.25
August,18,12:00,212,3,0.014151,303.91,435,30,0.068966,339.99,1052,110,0.104563,322.14,512,36,0.070312,311.24
August,18,12:30,214,1,0.004673,295.19,450,37,0.082222,343.35,1053,86,0.081671,323.52,519,40,0.077071,314.0
August,18,13:00,212,1,0.004717,297.74,463,36,0.077754,342.87,1046,72,0.068834,326.6,516,33,0.063953,315.2
August,18,13:30,212,1,0.004717,307.06,472,43,0.091102,336.86,1044,93,0.08908,330.67,521,26,0.049904,310.27
August,18,14:00,216,1,0.00463,308.1,493,31,0.06288,336.95,1060,94,0.088679,332.06,540,23,0.042593,308.79
August,18,14:30,218,3,0.013761,309.65,496,24,0.048387,339.84,1067,95,0.089035,331.97,550,23,0.041818,314.21
August,18,15:00,219,4,0.018265,309.38,496,19,0.038306,340.86,1069,54,0.050514,331.17,549,19,0.034608,315.77
August,18,15:30,222,4,0.018018,312.17,500,14,0.028,340.9,1065,25,0.023474,332.12,544,22,0.040441,318.13
August,18,16:00,217,1,0.004608,311.84,501,12,0.023952,344.9,1060,25,0.023585,330.19,545,17,0.031193,322.68
August,18,16:30,208,1,0.004808,308.44,490,14,0.028571,348.33,1029,25,0.024295,330.75,532,19,0.035714,326.15
August,18,17:00,190,1,0.005263,310.58,468,12,0.025641,347.15,970,23,0.023711,330.66,507,16,0.031558,325.74
August,18,17:30,171,0,0.0,305.5,442,12,0.027149,349.5,904,36,0.039823,330.26,474,14,0.029536,318.53
August,18,18:00,147,0,0.0,303.72,405,17,0.041975,348.97,833,39,0.046819,330.34,434,10,0.023041,320.38
August,18,18:30,123,0,0.0,312.32,376,23,0.06117,347.36,739,30,0.040595,333.8,383,9,0.023499,320.34
August,18,19:00,88,0,0.0,312.4,337,18,0.053412,343.9,651,42,0.064516,336.91,348,18,0.051724,314.44
August,18,19:30,66,0,0.0,311.32,309,19,0.061489,336.11,582,43,0.073883,335.37,320,31,0.096875,315.85
August,18,20:00,50,0,0.0,308.8,272,28,0.102941,332.5,510,44,0.086275,332.83,280,29,0.103571,312.28
August,18,20:30,39,2,0.051282,312.93,225,18,0.08,328.34,432,20,0.046296,327.27,240,16,0.066667,311.43
August,18,21:00,31,3,0.096774,309.09,185,12,0.064865,326.22,361,3,0.00831,322.19,199,13,0.065327,311.92
August,18,21:30,24,1,0.041667,296.43,152,4,0.026316,330.34,304,0,0.0,315.52,167,6,0.035928,318.6
August,18,22:00,18,2,0.111111,298.53,122,0,0.0,324.85,242,0,0.0,310.47,135,1,0.007407,314.25
August,18,22:30,13,5,0.384615,306.66,95,0,0.0,315.24,187,0,0.0,303.46,112,1,0.008929,316.46
August,18,23:00,10,2,0.2,300.51,71,0,0.0,297.69,144,0,0.0,302.48,89,2,0.022472,320.91
August,18,23:30,8,0,0.0,303.12,56,0,0.0,288.39,113,0,0.0,312.92,69,1,0.014493,310.12
August,19,0:00,4,0,0.0,313.18,29,0,0.0,283.96,68,0,0.0,297.55,41,0,0.0,303.73
August,19,0:30,4,0,0.0,294.23,22,0,0.0,288.48,51,0,0.0,296.26,31,0,0.0,327.79
August,19,1:00,3,0,0.0,310.58,12,0,0.0,293.72,37,0,0.0,289.46,23,0,0.0,347.73
August,19,1:30,2,0,0.0,297.3,6,0,0.0,282.11,27,0,0.0,265.07,17,0,0.0,333.21
August,19,2:00,2,0,0.0,380.04,4,0,0.0,292.26,20,0,0.0,254.58,12,0,0.0,306.46
August,19,2:30,1,0,0.0,326.59,3,0,0.0,331.86,16,0,0.0,247.91,8,0,0.0,304.57
August,19,3:00,1,0,0.0,243.0,3,0,0.0,297.45,13,0,0.0,251.29,3,0,0.0,317.7
August,19,3:30,1,0,0.0,184.99,3,0,0.0,226.18,12,0,0.0,262.39,1,0,0.0,284.63
August,19,4:00,1,0,0.0,216.96,3,0,0.0,179.91,11,0,0.0,263.53,1,0,0.0,272.5
August,19,4:30,1,0,0.0,271.7,3,0,0.0,191.59,11,0,0.0,248.3,1,0,0.0,283.38
August,19,5:00,1,0,0.0,262.19,3,0,0.0,178.12,12,0,0.0,251.29,1,0,0.0,299.66
August,19,5:30,2,0,0.0,215.84,3,0,0.0,213.81,17,0,0.0,250.94,2,0,0.0,275.56
August,19,6:00,2,0,0.0,217.04,4,1,0.25,253.27,27,0,0.0,226.81,11,0,0.0,228.69
August,19,6:30,4,0,0.0,203.89,9,2,0.222222,273.2,47,0,0.0,217.42,21,0,0.0,231.26
August,19,7:00,8,0,0.0,233.43,23,1,0.043478,258.64,83,0,0.0,228.62,38,0,0.0,257.59
August,19,7:30,16,0,0.0,273.63,41,0,0.0,260.33,137,0,0.0,239.45,65,0,0.0,266.94
August,19,8:00,41,1,0.02439,266.24,77,0,0.0,268.07,237,0,0.0,256.3,110,0,0.0,268.72
August,19,8:30,71,4,0.056338,278.06,122,1,0.008197,282.37,352,0,0.0,269.43,164,0,0.0,273.1
August,19,9:00,106,5,0.04717,292.87,177,0,0.0,288.89,501,2,0.003992,278.35,234,0,0.0,280.36
August,19,9:30,138,3,0.021739,295.35,229,0,0.0,297.25,629,8,0.012719,285.04,292,1,0.003425,290.74
August,19,10:00,162,1,0.006173,295.51,276,1,0.003623,302.62,735,16,0.021769,289.55,348,4,0.011494,298.68
August,19,10:30,182,1,0.005495,296.07,309,3,0.009709,309.69,824,27,0.032767,295.51,388,7,0.018041,303.24
August,19,11:00,194,2,0.010309,299.17,344,3,0.008721,314.51,885,23,0.025989,299.48,421,6,0.014252,310.11
August,19,11:30,203,1,0.004926,299.95,368,5,0.013587,317.02,916,23,0.025109,300.87,448,5,0.011161,310.4
August,19,12:00,207,3,0.014493,299.88,391,3,0.007673,322.71,923,38,0.04117,302.95,465,5,0.010753,311.09
August,19,12:30,208,4,0.019231,295.96,405,2,0.004938,325.79,928,44,0.047414,306.08,468,6,0.012821,311.33
August,19,13:00,209,1,0.004785,299.48,423,2,0.004728,325.86,928,23,0.024784,307.12,467,6,0.012848,311.73
August,19,13:30,209,0,0.0,304.32,432,3,0.006944,322.04,927,16,0.01726,309.46,467,6,0.012848,313.01
August,19,14:00,215,0,0.0,303.42,454,3,0.006608,320.77,939,17,0.018104,311.67,482,5,0.010373,312.52
August,19,14:30,217,0,0.0,306.95,461,2,0.004338,322.91,942,20,0.021231,314.67,483,3,0.006211,311.7
August,19,15:00,215,0,0.0,309.63,460,2,0.004348,320.74,935,14,0.014973,313.97,481,3,0.006237,312.98
August,19,15:30,214,0,0.0,304.96,454,2,0.004405,320.35,926,11,0.011879,314.4,485,2,0.004124,313.75
August,19,16:00,216,0,0.0,307.51,451,2,0.004435,326.3,917,10,0.010905,313.7,488,2,0.004098,317.37
August,19,16:30,206,0,0.0,307.77,433,2,0.004619,328.5,898,10,0.011136,311.81,472,3,0.006356,318.38
August,19,17:00,183,0,0.0,304.59,410,2,0.004878,330.36,851,13,0.015276,313.67,440,2,0.004545,314.49
August,19,17:30,160,0,0.0,301.73,396,2,0.005051,329.78,798,18,0.022556,312.59,414,1,0.002415,313.36
August,19,18:00,143,0,0.0,302.18,370,3,0.008108,325.5,734,21,0.02861,310.7,385,2,0.005195,319.8
August,19,18:30,120,0,0.0,306.1,336,2,0.005952,322.45,647,13,0.020093,309.91,342,1,0.002924,318.59
August,19,19:00,84,0,0.0,314.25,300,2,0.006667,319.6,579,9,0.015544,309.27,310,2,0.006452,316.07
August,19,19:30,62,1,0.016129,307.93,273,2,0.007326,318.63,510,9,0.017647,307.94,281,3,0.010676,320.29
August,19,20:00,48,5,0.104167,308.6,238,4,0.016807,313.38,440,10,0.022727,308.89,248,3,0.012097,316.57
August,19,20:30,41,6,0.146341,311.23,201,3,0.014925,308.06,383,6,0.015666,306.92,214,2,0.009346,311.33
August,19,21:00,31,3,0.096774,303.61,166,1,0.006024,305.82,323,1,0.003096,305.72,177,1,0.00565,315.68
August,19,21:30,23,1,0.043478,285.42,138,0,0.0,307.13,269,1,0.003717,304.6,152,0,0.0,320.81
August,19,22:00,18,2,0.111111,273.34,111,0,0.0,309.62,221,2,0.00905,300.33,123,0,0.0,323.48
August,19,22:30,12,7,0.583333,270.64,87,0,0.0,303.42,175,2,0.011429,294.87,100,0,0.0,319.66
August,19,23:00,9,4,0.444444,290.08,66,0,0.0,292.58,133,1,0.007519,291.46,77,0,0.0,320.62
August,19,23:30,7,1,0.142857,286.06,50,0,0.0,275.13,103,0,0.0,290.89,62,0,0.0,322.47
August,20,0:00,4,0,0.0,304.22,34,0,0.0,313.74,70,0,0.0,335.23,39,0,0.0,337.52
August,20,0:30,3,0,0.0,344.87,25,0,0.0,308.34,52,0,0.0,331.41,30,0,0.0,351.29
August,20,1:00,2,0,0.0,264.85,12,0,0.0,283.86,36,0,0.0,336.1,23,0,0.0,344.53
August,20,1:30,2,0,0.0,270.44,6,0,0.0,265.88,26,0,0.0,330.91,17,0,0.0,343.78
August,20,2:00,2,0,0.0,294.98,4,0,0.0,324.78,19,0,0.0,306.67,11,0,0.0,360.7
August,20,2:30,2,0,0.0,339.5,4,0,0.0,355.46,16,0,0.0,294.66,8,0,0.0,367.72
August,20,3:00,1,0,0.0,395.2,4,0,0.0,357.72,12,0,0.0,303.34,3,0,0.0,348.47
August,20,3:30,1,0,0.0,341.06,3,0,0.0,306.85,12,0,0.0,331.24,1,0,0.0,316.33
August,20,4:00,1,0,0.0,277.79,3,0,0.0,289.63,11,0,0.0,332.98,1,0,0.0,352.27
August,20,4:30,1,0,0.0,296.11,3,0,0.0,294.07,12,0,0.0,313.83,1,0,0.0,484.22
August,20,5:00,1,0,0.0,366.84,3,0,0.0,372.25,13,0,0.0,287.32,1,0,0.0,463.51
August,20,5:30,2,0,0.0,294.81,3,0,0.0,410.25,18,0,0.0,260.44,3,0,0.0,309.83
August,20,6:00,2,0,0.0,270.0,5,2,0.4,349.14,29,0,0.0,251.55,12,0,0.0,262.21
August,20,6:30,4,0,0.0,281.76,9,5,0.555556,282.69,50,0,0.0,251.78,23,1,0.043478,273.89
August,20,7:00,8,0,0.0,303.94,26,4,0.153846,256.48,90,0,0.0,266.05,41,0,0.0,262.95
August,20,7:30,19,2,0.105263,319.2,46,6,0.130435,288.49,149,0,0.0,274.95,70,0,0.0,279.77
August,20,8:00,46,4,0.086957,310.38,85,4,0.047059,301.96,255,2,0.007843,286.47,117,0,0.0,300.41
August,20,8:30,79,8,0.101266,335.15,133,4,0.030075,309.25,377,8,0.02122,300.9,174,0,0.0,304.12
August,20,9:00,117,7,0.059829,334.63,195,2,0.010256,315.99,526,15,0.028517,311.69,252,1,0.003968,302.34
August,20,9:30,144,5,0.034722,335.74,251,4,0.015936,322.19,657,18,0.027397,317.18,301,3,0.009967,313.68
August,20,10:00,169,2,0.011834,333.32,294,16,0.054422,329.13,758,19,0.025066,320.16,348,9,0.025862,321.89
August,20,10:30,190,1,0.005263,332.98,326,27,0.082822,340.81,846,33,0.039007,329.15,384,14,0.036458,330.59
August,20,11:00,202,0,0.0,333.35,364,14,0.038462,347.44,894,25,0.027964,335.02,421,8,0.019002,333.87
August,20,11:30,209,1,0.004785,331.87,396,14,0.035354,349.3,917,15,0.016358,337.98,440,6,0.013636,335.48
August,20,12:00,210,3,0.014286,342.25,423,8,0.018913,350.47,931,25,0.026853,337.95,453,5,0.011038,335.03
August,20,12:30,211,3,0.014218,340.66,433,9,0.020785,350.58,938,46,0.049041,340.6,462,6,0.012987,333.93
August,20,13:00,213,1,0.004695,338.94,444,10,0.022523,343.68,937,25,0.026681,339.67,465,5,0.010753,337.67
August,20,13:30,212,0,0.0,337.4,452,9,0.019912,345.63,937,16,0.017076,339.2,472,3,0.006356,334.81
August,20,14:00,213,0,0.0,338.27,464,7,0.015086,349.43,937,17,0.018143,341.09,487,2,0.004107,335.85
August,20,14:30,214,0,0.0,342.46,469,9,0.01919,353.9,940,19,0.020213,343.36,486,4,0.00823,345.08
August,20,15:00,213,0,0.0,341.2,470,7,0.014894,351.56,926,17,0.018359,346.84,480,4,0.008333,349.94
August,20,15:30,213,1,0.004695,345.45,471,7,0.014862,350.47,919,19,0.020675,351.51,477,5,0.010482,347.88
August,20,16:00,210,0,0.0,350.39,467,6,0.012848,349.81,907,11,0.012128,351.05,468,6,0.012821,345.53
August,20,16:30,198,0,0.0,348.03,450,4,0.008889,351.72,875,9,0.010286,348.91,456,4,0.008772,344.3
August,20,17:00,179,0,0.0,345.02,428,2,0.004673,353.2,830,15,0.018072,346.95,441,5,0.011338,340.26
August,20,17:30,161,0,0.0,337.11,412,5,0.012136,351.68,777,19,0.024453,348.23,406,5,0.012315,343.18
August,20,18:00,144,0,0.0,338.53,379,9,0.023747,349.39,712,16,0.022472,353.69,369,4,0.01084,338.9
August,20,18:30,119,0,0.0,357.3,339,5,0.014749,349.45,639,12,0.018779,353.8,331,4,0.012085,341.3
August,20,19:00,82,0,0.0,356.63,307,6,0.019544,350.42,571,12,0.021016,345.92,304,6,0.019737,343.02
August,20,19:30,61,0,0.0,343.01,278,8,0.028777,352.05,501,11,0.021956,340.28,274,6,0.021898,350.2
August,20,20:00,48,0,0.0,324.96,245,9,0.036735,349.43,434,8,0.018433,341.31,245,6,0.02449,346.53
August,20,20:30,40,0,0.0,318.1,210,4,0.019048,342.72,372,7,0.018817,343.07,210,5,0.02381,337.46
August,20,21:00,32,1,0.03125,320.58,172,4,0.023256,340.09,314,2,0.006369,342.15,175,8,0.045714,340.03
August,20,21:30,24,0,0.0,318.85,143,1,0.006993,338.16,262,0,0.0,336.98,150,5,0.033333,339.7
August,20,22:00,18,0,0.0,315.24,116,0,0.0,320.67,214,0,0.0,332.09,121,1,0.008264,338.45
August,20,22:30,13,1,0.076923,310.38,91,0,0.0,317.21,167,0,0.0,318.53,100,0,0.0,336.61
August,20,23:00,11,0,0.0,319.99,69,0,0.0,312.48,130,0,0.0,318.64,77,0,0.0,329.75
August,20,23:30,9,0,0.0,292.11,55,0,0.0,311.27,104,0,0.0,321.05,62,0,0.0,321.13
August,21,0:00,4,0,0.0,344.44,30,0,0.0,298.95,66,0,0.0,317.68,38,0,0.0,355.49
August,21,0:30,3,0,0.0,351.05,22,0,0.0,287.4,51,0,0.0,309.39,29,0,0.0,363.13
August,21,1:00,2,0,0.0,297.89,11,0,0.0,283.26,37,0,0.0,309.56,22,0,0.0,362.57
August,21,1:30,1,0,0.0,280.37,7,0,0.0,314.39,27,0,0.0,305.79,18,0,0.0,342.01
August,21,2:00,1,0,0.0,285.85,5,0,0.0,366.22,19,0,0.0,239.99,13,0,0.0,321.78
August,21,2:30,1,0,0.0,306.63,4,0,0.0,365.46,15,0,0.0,209.42,8,0,0.0,309.12
August,21,3:00,1,0,0.0,437.95,4,0,0.0,286.37,12,0,0.0,266.7,3,0,0.0,310.78
August,21,3:30,1,0,0.0,268.56,4,0,0.0,265.17,12,0,0.0,302.87,1,0,0.0,300.36
August,21,4:00,1,0,0.0,215.81,3,0,0.0,312.2,11,0,0.0,279.88,1,0,0.0,298.43
August,21,4:30,1,0,0.0,230.62,3,0,0.0,457.89,11,0,0.0,261.26,1,0,0.0,311.69
August,21,5:00,1,0,0.0,237.66,3,0,0.0,316.03,14,0,0.0,250.88,1,0,0.0,365.95
August,21,5:30,2,0,0.0,327.27,4,0,0.0,261.97,19,0,0.0,258.43,3,0,0.0,408.81
August,21,6:00,3,1,0.333333,315.51,5,2,0.4,266.3,31,1,0.032258,258.38,12,0,0.0,303.22
August,21,6:30,4,4,1.0,299.45,9,5,0.555556,330.6,51,2,0.039216,253.17,23,1,0.043478,275.68
August,21,7:00,8,4,0.5,311.32,23,3,0.130435,302.27,89,1,0.011236,254.12,39,0,0.0,282.09
August,21,7:30,17,3,0.176471,298.97,41,3,0.073171,293.22,143,2,0.013986,263.35,69,0,0.0,273.54
August,21,8:00,40,1,0.025,297.19,75,2,0.026667,305.63,242,1,0.004132,284.87,119,0,0.0,283.92
August,21,8:30,70,2,0.028571,314.02,118,3,0.025424,313.96,355,2,0.005634,294.93,176,0,0.0,300.66
August,21,9:00,99,1,0.010101,321.97,177,2,0.011299,314.34,494,4,0.008097,303.63,245,1,0.004082,309.32
August,21,9:30,121,0,0.0,318.73,221,3,0.013575,320.02,615,6,0.009756,311.54,296,3,0.010135,318.16
August,21,10:00,145,2,0.013793,314.35,264,3,0.011364,326.12,718,9,0.012535,320.52,346,3,0.008671,325.23
August,21,10:30,169,2,0.011834,318.67,301,6,0.019934,337.28,797,15,0.018821,328.88,382,4,0.010471,328.52
August,21,11:00,181,1,0.005525,320.35,326,11,0.033742,342.4,848,16,0.018868,332.65,416,3,0.007212,333.91
August,21,11:30,187,0,0.0,322.63,359,17,0.047354,339.39,875,15,0.017143,334.86,430,1,0.002326,336.21
August,21,12:00,192,0,0.0,322.31,383,14,0.036554,342.24,873,12,0.013746,336.24,444,2,0.004505,332.55
August,21,12:30,193,0,0.0,317.51,387,13,0.033592,347.63,870,19,0.021839,338.21,450,3,0.006667,331.61
August,21,13:00,190,0,0.0,322.85,395,13,0.032911,343.51,863,18,0.020857,339.09,451,4,0.008869,336.07
August,21,13:30,191,0,0.0,329.31,407,19,0.046683,340.52,868,11,0.012673,336.85,458,4,0.008734,336.32
August,21,14:00,195,0,0.0,331.22,425,13,0.030588,343.92,879,16,0.018203,339.24,477,6,0.012579,338.24
August,21,14:30,195,1,0.005128,334.08,429,10,0.02331,347.02,887,31,0.034949,342.43,476,4,0.008403,343.72
August,21,15:00,196,3,0.015306,337.54,422,8,0.018957,350.27,878,14,0.015945,342.03,469,3,0.006397,348.15
August,21,15:30,193,5,0.025907,337.73,420,7,0.016667,351.25,874,6,0.006865,342.67,467,3,0.006424,345.64
August,21,16:00,192,3,0.015625,335.91,416,6,0.014423,348.9,856,6,0.007009,344.69,468,2,0.004274,343.14
August,21,16:30,185,1,0.005405,333.38,403,5,0.012407,346.48,823,7,0.008505,347.4,450,1,0.002222,346.75
August,21,17:00,165,0,0.0,332.85,383,2,0.005222,348.51,780,6,0.007692,344.36,424,1,0.002358,345.69
August,21,17:30,144,1,0.006944,332.67,364,4,0.010989,348.84,726,8,0.011019,342.19,391,1,0.002558,344.15
August,21,18:00,127,0,0.0,332.41,340,7,0.020588,347.06,660,8,0.012121,345.09,355,1,0.002817,347.96
August,21,18:30,106,0,0.0,330.58,311,6,0.019293,346.97,590,7,0.011864,348.17,321,2,0.006231,342.12
August,21,19:00,76,0,0.0,331.38,281,6,0.021352,343.45,526,14,0.026616,345.95,296,4,0.013514,338.2
August,21,19:30,56,0,0.0,319.82,251,5,0.01992,347.57,468,22,0.047009,349.97,269,6,0.022305,339.12
August,21,20:00,45,0,0.0,323.75,217,5,0.023041,351.13,410,15,0.036585,346.58,241,5,0.020747,333.05
August,21,20:30,37,1,0.027027,329.88,188,1,0.005319,340.82,354,9,0.025424,340.91,208,2,0.009615,335.08
August,21,21:00,28,0,0.0,312.43,155,0,0.0,339.12,297,2,0.006734,340.38,173,2,0.011561,336.73
August,21,21:30,21,0,0.0,313.62,127,1,0.007874,336.02,245,0,0.0,338.39,148,1,0.006757,333.72
August,21,22:00,17,1,0.058824,304.39,102,3,0.029412,327.14,198,0,0.0,325.04,119,1,0.008403,338.91
August,21,22:30,12,2,0.166667,304.99,81,1,0.012346,318.95,154,0,0.0,319.39,96,1,0.010417,329.96
August,21,23:00,10,1,0.1,319.31,61,0,0.0,318.34,120,0,0.0,320.14,75,0,0.0,333.02
August,21,23:30,8,0,0.0,339.99,47,0,0.0,308.87,95,0,0.0,317.25,60,0,0.0,341.89
August,22,0:00,4,0,0.0,410.1,26,0,0.0,311.8,64,0,0.0,334.82,38,0,0.0,351.93
August,22,0:30,3,0,0.0,356.39,20,0,0.0,326.55,49,0,0.0,316.51,28,0,0.0,346.51
August,22,1:00,2,0,0.0,294.0,10,0,0.0,352.71,35,0,0.0,311.26,21,0,0.0,360.13
August,22,1:30,2,0,0.0,260.18,6,0,0.0,296.92,24,0,0.0,304.82,15,0,0.0,335.8
August,22,2:00,1,0,0.0,262.07,5,0,0.0,317.56,17,0,0.0,305.21,11,0,0.0,348.4
August,22,2:30,1,0,0.0,239.72,4,0,0.0,337.63,15,0,0.0,320.17,8,0,0.0,370.76
August,22,3:00,1,0,0.0,168.37,3,0,0.0,369.81,11,0,0.0,329.29,3,0,0.0,372.32
August,22,3:30,1,0,0.0,114.41,3,0,0.0,358.9,11,0,0.0,339.93,1,0,0.0,216.44
August,22,4:00,1,0,0.0,131.46,3,0,0.0,281.71,11,0,0.0,301.61,0,0,0.0,189.6
August,22,4:30,1,0,0.0,289.5,3,0,0.0,226.82,13,0,0.0,301.74,0,0,0.0,271.4
August,22,5:00,1,0,0.0,289.63,3,0,0.0,242.71,15,0,0.0,299.51,1,0,0.0,312.1
August,22,5:30,1,0,0.0,225.27,3,0,0.0,248.53,18,0,0.0,292.21,2,0,0.0,332.42
August,22,6:00,2,1,0.5,231.33,5,2,0.4,282.32,30,1,0.033333,270.2,11,0,0.0,290.85
August,22,6:30,3,3,1.0,279.97,9,5,0.555556,312.76,50,2,0.04,257.05,23,1,0.043478,280.57
August,22,7:00,8,6,0.75,306.4,25,3,0.12,281.63,84,1,0.011905,255.87,40,1,0.025,286.35
August,22,7:30,16,3,0.1875,311.12,42,2,0.047619,277.59,142,3,0.021127,257.34,68,1,0.014706,298.11
August,22,8:00,38,1,0.026316,301.66,77,1,0.012987,288.1,242,1,0.004132,271.57,116,1,0.008621,299.45
August,22,8:30,66,0,0.0,309.04,114,3,0.026316,307.67,354,1,0.002825,288.84,165,1,0.006061,304.33
August,22,9:00,96,0,0.0,319.36,165,3,0.018182,325.34,491,3,0.00611,295.53,233,2,0.008584,315.38
August,22,9:30,119,0,0.0,327.22,203,3,0.014778,332.03,610,8,0.013115,299.33,287,4,0.013937,324.67
August,22,10:00,137,0,0.0,334.62,250,2,0.008,337.74,703,13,0.018492,309.43,335,5,0.014925,327.24
August,22,10:30,163,1,0.006135,337.06,283,5,0.017668,338.79,778,20,0.025707,317.67,367,7,0.019074,338.58
August,22,11:00,174,0,0.0,337.14,309,10,0.032362,343.13,830,15,0.018072,323.99,396,7,0.017677,343.97
August,22,11:30,182,1,0.005495,335.15,338,14,0.04142,351.11,866,19,0.02194,325.54,417,6,0.014388,342.68
August,22,12:00,188,3,0.015957,333.48,368,11,0.029891,353.77,877,27,0.030787,325.54,427,5,0.01171,342.72
August,22,12:30,189,1,0.005291,342.07,374,12,0.032086,355.8,880,25,0.028409,328.79,435,4,0.009195,351.41
August,22,13:00,190,1,0.005263,348.21,385,12,0.031169,348.49,875,15,0.017143,335.25,439,4,0.009112,354.76
August,22,13:30,192,0,0.0,345.56,394,13,0.032995,346.6,875,15,0.017143,336.09,447,6,0.013423,352.59
August,22,14:00,193,1,0.005181,343.67,409,16,0.03912,352.82,885,16,0.018079,336.55,459,8,0.017429,349.57
August,22,14:30,197,3,0.015228,343.36,418,16,0.038278,354.4,883,17,0.019253,335.49,458,9,0.019651,352.53
August,22,15:00,195,5,0.025641,339.36,419,9,0.02148,356.48,875,22,0.025143,335.82,453,7,0.015453,356.29
August,22,15:30,195,6,0.030769,344.07,415,7,0.016867,355.64,867,25,0.028835,337.15,450,7,0.015556,354.6
August,22,16:00,190,2,0.010526,347.36,413,8,0.01937,360.96,852,13,0.015258,337.24,459,4,0.008715,354.98
August,22,16:30,179,0,0.0,348.97,399,7,0.017544,357.98,815,8,0.009816,337.14,441,4,0.00907,353.25
August,22,17:00,157,0,0.0,346.14,381,7,0.018373,353.13,768,9,0.011719,337.37,409,3,0.007335,357.43
August,22,17:30,139,0,0.0,342.45,357,9,0.02521,354.83,703,9,0.012802,338.2,371,2,0.005391,350.37
August,22,18:00,124,0,0.0,346.46,326,10,0.030675,357.9,623,7,0.011236,340.18,333,1,0.003003,347.43
August,22,18:30,102,1,0.009804,362.06,292,7,0.023973,351.47,563,6,0.010657,339.44,298,3,0.010067,349.81
August,22,19:00,72,0,0.0,363.65,266,9,0.033835,347.5,500,6,0.012,333.53,272,4,0.014706,351.05
August,22,19:30,53,0,0.0,350.27,234,6,0.025641,339.72,438,6,0.013699,334.57,242,4,0.016529,351.27
August,22,20:00,41,0,0.0,342.93,200,5,0.025,343.91,377,7,0.018568,331.75,208,3,0.014423,345.1
August,22,20:30,33,0,0.0,333.91,178,3,0.016854,346.01,320,3,0.009375,326.91,182,4,0.021978,338.02
August,22,21:00,24,0,0.0,336.71,149,2,0.013423,337.24,270,0,0.0,327.88,152,7,0.046053,346.86
August,22,21:30,18,0,0.0,326.11,122,3,0.02459,328.63,222,0,0.0,325.81,131,6,0.045802,353.99
August,22,22:00,15,1,0.066667,332.15,97,1,0.010309,324.74,181,0,0.0,323.78,106,2,0.018868,343.73
August,22,22:30,11,4,0.363636,352.33,78,0,0.0,319.95,143,0,0.0,322.0,86,0,0.0,328.59
August,22,23:00,9,3,0.333333,321.19,57,0,0.0,327.15,110,0,0.0,313.25,68,0,0.0,324.0
August,22,23:30,7,1,0.142857,257.55,48,0,0.0,321.31,88,0,0.0,299.12,54,0,0.0,325.34
August,23,0:00,5,0,0.0,368.66,34,1,0.029412,313.25,58,0,0.0,312.61,37,0,0.0,339.42
August,23,0:30,4,0,0.0,376.16,23,0,0.0,337.64,46,0,0.0,314.49,26,0,0.0,346.04
August,23,1:00,3,0,0.0,371.26,11,0,0.0,345.88,35,0,0.0,322.36,20,0,0.0,339.6
August,23,1:30,1,0,0.0,357.14,6,0,0.0,303.43,28,0,0.0,315.76,15,0,0.0,333.26
August,23,2:00,1,0,0.0,234.87,5,0,0.0,281.29,19,0,0.0,309.1,10,0,0.0,327.66
August,23,2:30,1,0,0.0,210.49,3,0,0.0,267.77,13,0,0.0,317.93,6,0,0.0,368.66
August,23,3:00,1,0,0.0,258.04,3,0,0.0,260.95,11,0,0.0,301.98,2,0,0.0,447.59
August,23,3:30,1,0,0.0,197.98,2,0,0.0,174.19,11,0,0.0,291.91,1,0,0.0,355.49
August,23,4:00,1,0,0.0,171.78,2,0,0.0,163.36,10,0,0.0,324.8,0,0,0.0,311.44
August,23,4:30,1,0,0.0,201.48,2,0,0.0,285.15,10,0,0.0,322.74,0,0,0.0,326.9
August,23,5:00,1,0,0.0,231.13,3,0,0.0,274.04,10,0,0.0,322.9,1,0,0.0,438.98
August,23,5:30,1,0,0.0,192.04,3,0,0.0,285.66,12,0,0.0,300.92,2,0,0.0,589.19
August,23,6:00,1,0,0.0,241.7,4,1,0.25,344.42,19,0,0.0,284.25,7,0,0.0,373.5
August,23,6:30,2,0,0.0,281.39,6,2,0.333333,337.31,33,0,0.0,267.86,14,0,0.0,284.03
August,23,7:00,6,0,0.0,265.8,11,1,0.090909,307.4,56,1,0.017857,255.77,25,0,0.0,296.0
August,23,7:30,12,0,0.0,286.41,18,0,0.0,316.65,95,2,0.021053,256.42,42,1,0.02381,312.87
August,23,8:00,28,0,0.0,274.11,32,0,0.0,314.67,158,1,0.006329,268.14,70,0,0.0,311.73
August,23,8:30,44,0,0.0,283.82,50,1,0.02,315.62,229,1,0.004367,284.9,103,0,0.0,307.62
August,23,9:00,62,0,0.0,284.42,107,3,0.028037,305.79,317,7,0.022082,291.23,148,1,0.006757,312.49
August,23,9:30,76,0,0.0,284.05,147,5,0.034014,312.98,389,16,0.041131,302.28,184,3,0.016304,306.9
August,23,10:00,95,1,0.010526,294.09,184,7,0.038043,321.29,470,12,0.025532,309.76,223,4,0.017937,311.46
August,23,10:30,117,1,0.008547,300.25,213,10,0.046948,331.83,529,13,0.024575,318.29,258,6,0.023256,319.49
August,23,11:00,130,2,0.015385,300.04,244,10,0.040984,335.21,574,16,0.027875,322.29,287,5,0.017422,327.75
August,23,11:30,136,4,0.029412,299.67,273,11,0.040293,337.08,590,22,0.037288,327.13,302,2,0.006623,331.61
August,23,12:00,146,7,0.047945,308.63,286,10,0.034965,335.6,601,24,0.039933,328.38,317,2,0.006309,336.68
August,23,12:30,153,9,0.058824,310.76,297,17,0.057239,339.31,602,24,0.039867,328.21,324,3,0.009259,335.55
August,23,13:00,153,4,0.026144,316.78,312,22,0.070513,339.96,597,22,0.036851,330.61,327,4,0.012232,335.13
August,23,13:30,149,1,0.006711,322.05,326,25,0.076687,338.58,598,25,0.041806,332.52,325,5,0.015385,332.19
August,23,14:00,145,2,0.013793,323.07,332,24,0.072289,341.78,598,24,0.040134,332.93,325,6,0.018462,334.87
August,23,14:30,145,2,0.013793,320.17,324,16,0.049383,345.32,587,11,0.018739,331.91,327,9,0.027523,336.44
August,23,15:00,141,1,0.007092,316.01,320,9,0.028125,338.59,564,2,0.003546,333.4,315,6,0.019048,327.93
August,23,15:30,140,0,0.0,323.08,319,8,0.025078,334.8,546,1,0.001832,331.22,306,3,0.009804,326.0
August,23,16:00,138,0,0.0,326.89,316,7,0.022152,344.77,526,2,0.003802,332.5,296,2,0.006757,334.73
August,23,16:30,128,1,0.007812,313.36,305,5,0.016393,351.84,494,3,0.006073,331.54,276,2,0.007246,334.55
August,23,17:00,115,2,0.017391,318.62,292,4,0.013699,349.62,460,4,0.008696,333.13,257,1,0.003891,335.33
August,23,17:30,101,2,0.019802,327.06,277,6,0.021661,351.49,441,3,0.006803,332.92,239,1,0.004184,336.84
August,23,18:00,91,1,0.010989,332.17,252,10,0.039683,353.98,414,4,0.009662,332.38,223,1,0.004484,341.19
August,23,18:30,77,1,0.012987,337.45,232,9,0.038793,351.16,378,4,0.010582,334.99,200,0,0.0,350.49
August,23,19:00,60,0,0.0,330.86,207,6,0.028986,344.68,341,6,0.017595,334.26,189,0,0.0,348.96
August,23,19:30,47,0,0.0,325.79,181,8,0.044199,337.17,304,8,0.026316,332.37,169,0,0.0,344.04
August,23,20:00,37,0,0.0,305.83,160,13,0.08125,334.64,270,7,0.025926,332.81,146,0,0.0,332.07
August,23,20:30,30,0,0.0,293.82,139,8,0.057554,321.68,231,4,0.017316,330.96,131,1,0.007634,325.57
August,23,21:00,22,0,0.0,306.73,115,6,0.052174,316.31,195,3,0.015385,329.94,112,2,0.017857,327.24
August,23,21:30,17,0,0.0,327.5,97,4,0.041237,319.4,159,1,0.006289,324.79,94,1,0.010638,331.6
August,23,22:00,12,0,0.0,358.07,78,2,0.025641,317.86,132,0,0.0,315.25,80,0,0.0,329.53
August,23,22:30,9,0,0.0,331.48,62,1,0.016129,316.47,110,0,0.0,310.16,67,0,0.0,329.18
August,23,23:00,7,0,0.0,326.71,47,2,0.042553,300.62,87,0,0.0,308.0,54,0,0.0,322.64
August,23,23:30,6,0,0.0,287.52,38,1,0.026316,300.08,75,0,0.0,305.26,45,0,0.0,308.68
August,24,0:00,2,0,0.0,392.38,28,0,0.0,283.24,46,0,0.0,313.69,32,0,0.0,322.5
August,24,0:30,2,0,0.0,412.92,20,0,0.0,287.27,36,0,0.0,321.67,22,0,0.0,321.86
August,24,1:00,2,0,0.0,380.21,9,0,0.0,317.95,28,0,0.0,299.19,17,0,0.0,354.78
August,24,1:30,2,0,0.0,331.23,6,0,0.0,339.37,23,0,0.0,291.64,13,0,0.0,381.22
August,24,2:00,1,0,0.0,299.97,4,0,0.0,382.03,17,0,0.0,304.96,10,0,0.0,381.09
August,24,2:30,1,0,0.0,276.52,3,0,0.0,388.2,12,0,0.0,308.01,7,0,0.0,391.27
August,24,3:00,1,0,0.0,241.43,3,0,0.0,324.19,11,0,0.0,326.87,2,0,0.0,380.42
August,24,3:30,1,0,0.0,257.77,2,0,0.0,221.91,8,0,0.0,372.67,1,0,0.0,330.55
August,24,4:00,1,0,0.0,336.33,1,0,0.0,177.97,8,0,0.0,396.63,0,0,0.0,317.74
August,24,4:30,1,0,0.0,290.02,1,0,0.0,250.12,7,0,0.0,373.38,0,0,0.0,365.15
August,24,5:00,1,0,0.0,286.97,1,0,0.0,359.53,8,0,0.0,330.11,0,0,0.0,429.87
August,24,5:30,1,0,0.0,313.7,2,0,0.0,400.05,9,0,0.0,273.93,1,0,0.0,292.72
August,24,6:00,1,0,0.0,271.03,2,0,0.0,310.84,14,0,0.0,264.53,5,0,0.0,236.44
August,24,6:30,2,0,0.0,245.99,3,0,0.0,282.51,23,0,0.0,263.52,9,0,0.0,277.9
August,24,7:00,4,0,0.0,289.27,6,0,0.0,281.79,37,0,0.0,267.48,16,0,0.0,320.01
August,24,7:30,6,0,0.0,315.27,10,0,0.0,286.54,59,0,0.0,270.51,27,0,0.0,326.69
August,24,8:00,10,0,0.0,278.69,19,0,0.0,276.55,94,0,0.0,277.8,42,0,0.0,320.2
August,24,8:30,12,0,0.0,272.24,29,0,0.0,291.23,130,0,0.0,290.07,58,0,0.0,328.36
August,24,9:00,15,0,0.0,266.17,55,0,0.0,299.38,167,0,0.0,299.17,82,0,0.0,320.51
August,24,9:30,18,0,0.0,287.99,73,0,0.0,304.27,204,0,0.0,297.01,98,1,0.010204,311.47
August,24,10:00,21,0,0.0,291.34,90,0,0.0,302.77,249,0,0.0,297.57,115,5,0.043478,323.7
August,24,10:30,28,0,0.0,285.59,102,0,0.0,308.0,291,0,0.0,304.09,137,7,0.051095,338.16
August,24,11:00,28,0,0.0,288.12,114,2,0.017544,306.19,320,0,0.0,314.21,150,4,0.026667,333.86
August,24,11:30,31,0,0.0,292.85,130,5,0.038462,307.25,351,0,0.0,316.39,163,2,0.01227,331.72
August,24,12:00,41,0,0.0,291.4,147,4,0.027211,306.38,377,3,0.007958,314.32,175,1,0.005714,329.73
August,24,12:30,50,1,0.02,292.2,167,6,0.035928,306.87,383,14,0.036554,315.61,178,2,0.011236,328.11
August,24,13:00,61,2,0.032787,293.56,187,7,0.037433,303.54,391,23,0.058824,323.01,180,4,0.022222,334.46
August,24,13:30,65,1,0.015385,292.57,197,9,0.045685,307.06,393,27,0.068702,324.72,187,4,0.02139,334.19
August,24,14:00,67,1,0.014925,297.16,207,6,0.028986,311.13,393,17,0.043257,326.98,188,2,0.010638,334.79
August,24,14:30,68,3,0.044118,300.1,206,1,0.004854,314.08,391,5,0.012788,326.72,189,2,0.010582,334.23
August,24,15:00,68,2,0.029412,301.06,211,0,0.0,312.2,389,1,0.002571,328.86,187,2,0.010695,337.85
August,24,15:30,69,2,0.028986,295.91,216,1,0.00463,310.8,381,0,0.0,328.21,189,2,0.010582,336.85
August,24,16:00,68,1,0.014706,289.19,212,3,0.014151,311.56,374,0,0.0,325.52,181,2,0.01105,346.05
August,24,16:30,65,0,0.0,280.49,202,2,0.009901,311.43,362,0,0.0,329.81,176,3,0.017045,345.19
August,24,17:00,58,0,0.0,279.28,196,3,0.015306,311.71,341,0,0.0,328.39,169,1,0.005917,347.58
August,24,17:30,51,0,0.0,281.27,188,2,0.010638,308.82,319,0,0.0,323.05,162,0,0.0,342.58
August,24,18:00,41,0,0.0,294.96,173,3,0.017341,309.0,288,0,0.0,323.71,152,1,0.006579,334.32
August,24,18:30,33,0,0.0,287.73,157,6,0.038217,304.1,267,0,0.0,323.69,139,0,0.0,331.51
August,24,19:00,27,0,0.0,279.93,140,8,0.057143,299.28,246,0,0.0,325.37,130,0,0.0,334.97
August,24,19:30,24,0,0.0,276.57,127,5,0.03937,308.07,223,0,0.0,323.73,128,0,0.0,345.16
August,24,20:00,23,0,0.0,291.43,112,1,0.008929,305.88,205,0,0.0,316.95,117,1,0.008547,343.01
August,24,20:30,20,0,0.0,292.86,100,0,0.0,302.08,186,0,0.0,319.16,105,0,0.0,339.0
August,24,21:00,16,0,0.0,300.66,89,0,0.0,302.81,162,0,0.0,321.15,85,0,0.0,341.6
August,24,21:30,13,0,0.0,322.72,77,0,0.0,308.34,139,0,0.0,316.12,76,0,0.0,346.6
August,24,22:00,12,1,0.083333,292.03,64,0,0.0,303.8,121,0,0.0,315.45,67,0,0.0,343.18
August,24,22:30,11,2,0.181818,306.69,52,0,0.0,289.83,106,0,0.0,314.25,57,1,0.017544,338.47
August,24,23:00,7,1,0.142857,339.96,41,0,0.0,264.67,85,0,0.0,312.23,47,0,0.0,347.4
August,24,23:30,6,0,0.0,299.25,35,0,0.0,265.0,71,0,0.0,309.3,43,0,0.0,370.4
August,25,0:00,3,0,0.0,324.71,22,0,0.0,328.95,51,0,0.0,317.52,30,0,0.0,314.51
August,25,0:30,3,0,0.0,312.24,19,0,0.0,318.71,43,0,0.0,312.55,23,0,0.0,315.05
August,25,1:00,2,0,0.0,332.09,10,0,0.0,338.9,31,0,0.0,313.31,17,0,0.0,325.31
August,25,1:30,1,0,0.0,321.74,6,0,0.0,330.43,22,0,0.0,315.63,13,0,0.0,312.33
August,25,2:00,1,0,0.0,358.19,4,0,0.0,284.09,15,0,0.0,305.7,9,0,0.0,304.75
August,25,2:30,1,0,0.0,295.15,4,0,0.0,284.05,13,0,0.0,326.89,8,0,0.0,318.69
August,25,3:00,0,0,0.0,231.1,3,0,0.0,330.51,10,0,0.0,321.78,5,0,0.0,343.77
August,25,3:30,1,0,0.0,167.49,3,0,0.0,395.95,10,0,0.0,313.34,4,0,0.0,308.73
August,25,4:00,1,0,0.0,167.83,3,0,0.0,316.62,9,0,0.0,301.74,3,0,0.0,304.99
August,25,4:30,1,0,0.0,163.88,2,0,0.0,292.75,9,0,0.0,288.07,4,0,0.0,265.47
August,25,5:00,1,0,0.0,226.5,2,0,0.0,360.84,11,0,0.0,295.72,4,0,0.0,284.97
August,25,5:30,1,0,0.0,260.55,3,0,0.0,377.39,14,0,0.0,265.79,4,0,0.0,287.85
August,25,6:00,2,0,0.0,278.82,4,2,0.5,273.84,23,0,0.0,255.98,10,0,0.0,250.68
August,25,6:30,3,0,0.0,242.52,8,4,0.5,291.75,42,0,0.0,270.15,18,0,0.0,244.66
August,25,7:00,7,0,0.0,229.06,22,2,0.090909,275.32,74,0,0.0,257.18,33,0,0.0,261.74
August,25,7:30,15,0,0.0,267.78,39,0,0.0,264.29,130,0,0.0,261.55,58,0,0.0,268.3
August,25,8:00,38,0,0.0,277.42,74,2,0.027027,271.41,240,0,0.0,280.84,105,1,0.009524,270.67
August,25,8:30,71,1,0.014085,286.74,118,4,0.033898,284.34,369,1,0.00271,296.15,162,3,0.018519,281.61
August,25,9:00,112,4,0.035714,287.01,184,2,0.01087,295.14,518,3,0.005792,311.06,249,6,0.024096,292.26
August,25,9:30,148,7,0.047297,294.64,239,5,0.020921,303.71,664,7,0.010542,323.96,312,17,0.054487,304.25
August,25,10:00,176,2,0.011364,299.42,300,15,0.05,309.73,791,12,0.015171,328.33,375,18,0.048,312.81
August,25,10:30,200,0,0.0,296.55,340,29,0.085294,318.97,891,12,0.013468,335.83,417,26,0.06235,316.47
August,25,11:00,209,0,0.0,301.48,371,25,0.067385,326.18,958,14,0.014614,343.57,452,20,0.044248,319.46
August,25,11:30,217,2,0.009217,305.32,398,28,0.070352,329.71,988,23,0.023279,347.25,479,20,0.041754,321.72
August,25,12:00,220,7,0.031818,300.43,430,24,0.055814,329.11,1012,23,0.022727,346.42,502,23,0.045817,325.89
August,25,12:30,222,4,0.018018,291.81,445,29,0.065169,332.36,1014,18,0.017751,347.91,508,26,0.051181,328.78
August,25,13:00,221,4,0.0181,294.33,457,29,0.063457,331.89,1006,15,0.014911,351.22,505,21,0.041584,330.04
August,25,13:30,221,1,0.004525,303.54,467,34,0.072805,326.08,1004,20,0.01992,355.59,510,17,0.033333,324.88
August,25,14:00,224,2,0.008929,304.57,487,25,0.051335,326.16,1019,20,0.019627,357.09,530,15,0.028302,323.33
August,25,14:30,227,8,0.035242,306.1,491,19,0.038697,328.96,1027,20,0.019474,357.0,540,15,0.027778,329.0
August,25,15:00,228,11,0.048246,305.84,491,15,0.03055,329.95,1025,12,0.011707,356.14,540,12,0.022222,330.63
August,25,15:30,231,11,0.047619,308.6,495,11,0.022222,329.99,1021,5,0.004897,357.16,534,15,0.02809,333.11
August,25,16:00,226,3,0.013274,308.27,496,10,0.020161,333.86,1015,5,0.004926,355.08,535,11,0.020561,337.87
August,25,16:30,217,1,0.004608,304.91,486,11,0.022634,337.18,985,5,0.005076,355.69,522,13,0.024904,341.51
August,25,17:00,196,3,0.015306,307.02,464,10,0.021552,336.04,930,5,0.005376,355.59,497,11,0.022133,341.07
August,25,17:30,178,1,0.005618,302.0,438,10,0.022831,338.31,864,8,0.009259,355.16,466,9,0.019313,333.53
August,25,18:00,153,0,0.0,300.24,403,14,0.034739,337.8,799,8,0.010013,355.25,424,6,0.014151,335.46
August,25,18:30,128,0,0.0,308.74,372,18,0.048387,336.25,707,6,0.008487,358.97,375,6,0.016,335.42
August,25,19:00,91,0,0.0,308.82,334,14,0.041916,332.89,625,9,0.0144,362.3,341,12,0.035191,329.24
August,25,19:30,69,0,0.0,307.75,306,15,0.04902,325.36,557,9,0.016158,360.65,314,20,0.063694,330.72
August,25,20:00,52,1,0.019231,305.26,267,23,0.086142,321.86,488,9,0.018443,357.92,274,19,0.069343,326.98
August,25,20:30,41,6,0.146341,309.35,224,15,0.066964,317.83,413,4,0.009685,351.94,235,10,0.042553,326.09
August,25,21:00,32,9,0.28125,305.55,184,10,0.054348,315.77,346,1,0.00289,346.48,195,8,0.041026,326.6
August,25,21:30,25,3,0.12,293.03,151,3,0.019868,319.77,291,0,0.0,339.3,164,4,0.02439,333.59
August,25,22:00,19,5,0.263158,295.11,121,0,0.0,314.45,231,0,0.0,333.88,132,1,0.007576,329.04
August,25,22:30,14,13,0.928571,303.15,94,0,0.0,305.15,179,0,0.0,326.34,109,1,0.009174,331.36
August,25,23:00,11,5,0.454545,297.07,70,0,0.0,288.16,138,0,0.0,325.29,86,2,0.023256,336.02
August,25,23:30,9,0,0.0,299.65,56,0,0.0,279.16,107,0,0.0,336.51,66,1,0.015152,324.72
August,26,0:00,4,0,0.0,321.93,26,0,0.0,284.06,65,0,0.0,304.94,39,0,0.0,298.24
August,26,0:30,3,0,0.0,302.45,20,0,0.0,288.59,49,0,0.0,303.62,29,0,0.0,321.87
August,26,1:00,3,0,0.0,319.26,11,0,0.0,293.82,36,0,0.0,296.65,22,0,0.0,341.44
August,26,1:30,2,0,0.0,305.61,6,0,0.0,282.21,26,0,0.0,271.66,16,0,0.0,327.19
August,26,2:00,1,0,0.0,390.66,4,0,0.0,292.36,19,0,0.0,260.91,11,0,0.0,300.92
August,26,2:30,1,0,0.0,335.71,3,0,0.0,331.98,15,0,0.0,254.07,8,0,0.0,299.06
August,26,3:00,1,0,0.0,249.79,3,0,0.0,297.56,12,0,0.0,257.54,3,0,0.0,311.96
August,26,3:30,1,0,0.0,190.16,3,0,0.0,226.26,11,0,0.0,268.91,1,0,0.0,279.48
August,26,4:00,1,0,0.0,223.03,2,0,0.0,179.98,10,0,0.0,270.08,0,0,0.0,267.57
August,26,4:30,1,0,0.0,279.29,2,0,0.0,191.66,10,0,0.0,254.48,0,0,0.0,278.25
August,26,5:00,1,0,0.0,269.52,2,0,0.0,178.18,12,0,0.0,257.54,1,0,0.0,294.24
August,26,5:30,2,0,0.0,221.87,3,0,0.0,213.89,16,0,0.0,257.18,2,0,0.0,270.58
August,26,6:00,2,0,0.0,223.1,4,1,0.25,253.36,26,0,0.0,232.45,10,0,0.0,224.56
August,26,6:30,4,0,0.0,209.59,8,3,0.375,273.29,45,0,0.0,222.82,20,0,0.0,227.08
August,26,7:00,8,0,0.0,239.95,21,1,0.047619,258.73,80,0,0.0,234.31,36,0,0.0,252.93
August,26,7:30,15,0,0.0,281.27,37,0,0.0,260.42,132,0,0.0,245.41,61,0,0.0,262.11
August,26,8:00,38,3,0.078947,273.68,70,0,0.0,268.16,228,0,0.0,262.68,104,0,0.0,263.86
August,26,8:30,65,9,0.138462,285.83,110,1,0.009091,282.47,337,0,0.0,276.13,155,0,0.0,268.16
August,26,9:00,98,9,0.091837,301.05,160,0,0.0,289.0,481,0,0.0,285.27,222,0,0.0,275.29
August,26,9:30,127,6,0.047244,303.6,207,0,0.0,297.36,604,1,0.001656,292.12,276,1,0.003623,285.48
August,26,10:00,149,2,0.013423,303.77,248,2,0.008065,302.72,705,3,0.004255,296.75,330,3,0.009091,293.28
August,26,10:30,169,2,0.011834,304.34,277,6,0.021661,309.79,792,5,0.006313,302.85,366,6,0.016393,297.76
August,26,11:00,180,4,0.022222,307.53,309,5,0.016181,314.62,850,4,0.004706,306.93,397,5,0.012594,304.5
August,26,11:30,189,3,0.015873,308.34,330,8,0.024242,317.13,879,4,0.004551,308.35,423,5,0.01182,304.79
August,26,12:00,192,5,0.026042,308.26,351,5,0.014245,322.82,887,7,0.007892,310.48,439,4,0.009112,305.47
August,26,12:30,194,8,0.041237,304.23,364,4,0.010989,325.9,892,8,0.008969,313.68,442,6,0.013575,305.7
August,26,13:00,194,3,0.015464,307.84,379,3,0.007916,325.97,892,4,0.004484,314.76,441,6,0.013605,306.1
August,26,13:30,194,0,0.0,312.83,389,6,0.015424,322.15,891,3,0.003367,317.16,442,5,0.011312,307.35
August,26,14:00,199,0,0.0,311.9,407,6,0.014742,320.88,904,3,0.003319,319.42,455,5,0.010989,306.87
August,26,14:30,201,0,0.0,315.53,414,3,0.007246,323.03,907,3,0.003308,322.49,457,3,0.006565,306.06
August,26,15:00,199,0,0.0,318.28,413,3,0.007264,320.86,898,3,0.003341,321.78,453,2,0.004415,307.32
August,26,15:30,198,0,0.0,313.49,408,4,0.009804,320.46,889,2,0.00225,322.21,456,2,0.004386,308.08
August,26,16:00,200,0,0.0,316.1,405,4,0.009877,326.42,879,2,0.002275,321.5,458,2,0.004367,311.63
August,26,16:30,191,0,0.0,316.37,389,4,0.010283,328.61,862,2,0.00232,319.56,443,2,0.004515,312.63
August,26,17:00,168,0,0.0,313.1,368,4,0.01087,330.48,818,2,0.002445,321.46,413,2,0.004843,308.81
August,26,17:30,146,0,0.0,310.16,356,4,0.011236,329.89,764,3,0.003927,320.36,390,1,0.002564,307.69
August,26,18:00,131,0,0.0,310.63,332,5,0.01506,325.62,705,4,0.005674,318.43,360,1,0.002778,314.02
August,26,18:30,111,0,0.0,314.65,302,3,0.009934,322.56,621,2,0.003221,317.61,321,1,0.003115,312.83
August,26,19:00,78,0,0.0,323.04,269,4,0.01487,319.71,555,2,0.003604,316.96,291,1,0.003436,310.35
August,26,19:30,57,3,0.052632,316.53,245,4,0.016327,318.74,490,1,0.002041,315.6,264,3,0.011364,314.5
August,26,20:00,45,10,0.222222,317.22,213,7,0.032864,313.49,421,2,0.004751,316.57,233,3,0.012876,310.84
August,26,20:30,38,12,0.315789,319.92,181,6,0.033149,308.16,366,1,0.002732,314.55,201,1,0.004975,305.7
August,26,21:00,29,7,0.241379,312.09,149,3,0.020134,305.93,310,0,0.0,313.32,166,1,0.006024,309.98
August,26,21:30,21,2,0.095238,293.39,124,0,0.0,307.24,258,0,0.0,312.17,142,0,0.0,315.01
August,26,22:00,17,5,0.294118,280.98,100,0,0.0,309.73,211,0,0.0,307.8,115,0,0.0,317.63
August,26,22:30,12,12,1.0,278.21,78,0,0.0,303.53,168,0,0.0,302.2,94,0,0.0,313.88
August,26,23:00,9,9,1.0,298.18,59,0,0.0,292.69,128,0,0.0,298.71,73,0,0.0,314.83
August,26,23:30,7,2,0.285714,294.05,44,0,0.0,275.23,98,0,0.0,298.12,59,0,0.0,316.64
August,27,0:00,4,0,0.0,299.03,30,0,0.0,315.49,68,0,0.0,348.14,38,0,0.0,338.43
August,27,0:30,3,0,0.0,338.99,22,0,0.0,310.07,51,0,0.0,344.18,28,0,0.0,352.24
August,27,1:00,2,0,0.0,260.33,10,0,0.0,285.45,35,0,0.0,349.05,22,0,0.0,345.46
August,27,1:30,2,0,0.0,265.83,5,0,0.0,267.37,25,0,0.0,343.66,16,0,0.0,344.7
August,27,2:00,1,0,0.0,289.95,4,0,0.0,326.59,18,0,0.0,318.49,10,0,0.0,361.68
August,27,2:30,1,0,0.0,333.71,3,0,0.0,357.45,15,0,0.0,306.01,8,0,0.0,368.71
August,27,3:00,1,0,0.0,388.45,3,0,0.0,359.72,11,0,0.0,315.03,3,0,0.0,349.42
August,27,3:30,1,0,0.0,335.24,3,0,0.0,308.56,11,0,0.0,344.0,1,0,0.0,317.19
August,27,4:00,1,0,0.0,273.05,3,0,0.0,291.24,10,0,0.0,345.81,0,0,0.0,353.22
August,27,4:30,1,0,0.0,291.06,3,0,0.0,295.71,11,0,0.0,325.91,0,0,0.0,485.53
August,27,5:00,1,0,0.0,360.58,2,0,0.0,374.33,13,0,0.0,298.39,1,0,0.0,464.76
August,27,5:30,2,0,0.0,289.78,3,0,0.0,412.54,17,0,0.0,270.47,2,0,0.0,310.67
August,27,6:00,2,0,0.0,265.39,4,1,0.25,351.09,28,0,0.0,261.24,12,0,0.0,262.92
August,27,6:30,4,0,0.0,276.95,8,3,0.375,284.27,48,0,0.0,261.48,22,0,0.0,274.63
August,27,7:00,8,1,0.125,298.75,23,2,0.086957,257.91,87,0,0.0,276.3,39,0,0.0,263.66
August,27,7:30,17,2,0.117647,313.75,41,4,0.097561,290.1,145,0,0.0,285.54,66,0,0.0,280.53
August,27,8:00,41,5,0.121951,305.08,74,2,0.027027,303.65,250,1,0.004,297.51,111,0,0.0,301.23
August,27,8:30,72,10,0.138889,329.43,117,2,0.017094,310.98,368,4,0.01087,312.49,165,0,0.0,304.94
August,27,9:00,106,9,0.084906,328.92,172,1,0.005814,317.75,518,8,0.015444,323.7,239,0,0.0,303.16
August,27,9:30,132,6,0.045455,330.01,221,3,0.013575,323.99,645,10,0.015504,329.39,284,2,0.007042,314.53
August,27,10:00,154,3,0.019481,327.63,259,10,0.03861,330.97,744,10,0.013441,332.49,330,4,0.012121,322.76
August,27,10:30,173,1,0.00578,327.3,286,17,0.059441,342.72,831,17,0.020457,341.82,363,7,0.019284,331.49
August,27,11:00,186,0,0.0,327.66,320,9,0.028125,349.38,877,13,0.014823,347.92,398,4,0.01005,334.77
August,27,11:30,192,1,0.005208,326.2,348,9,0.025862,351.25,901,8,0.008879,351.0,416,3,0.007212,336.39
August,27,12:00,193,4,0.020725,336.41,373,5,0.013405,352.43,915,13,0.014208,350.97,428,3,0.007009,335.94
August,27,12:30,194,3,0.015464,334.85,382,6,0.015707,352.54,921,24,0.026059,353.72,437,3,0.006865,334.84
August,27,13:00,196,1,0.005102,333.16,391,6,0.015345,345.6,922,13,0.0141,352.75,441,3,0.006803,338.58
August,27,13:30,194,0,0.0,331.64,399,6,0.015038,347.56,923,8,0.008667,352.26,447,2,0.004474,335.71
August,27,14:00,195,0,0.0,332.49,409,4,0.00978,351.38,924,9,0.00974,354.23,461,1,0.002169,336.76
August,27,14:30,197,0,0.0,336.61,414,6,0.014493,355.87,927,10,0.010787,356.59,460,2,0.004348,346.02
August,27,15:00,196,1,0.005102,335.38,415,4,0.009639,353.53,911,9,0.009879,360.2,454,2,0.004405,350.89
August,27,15:30,196,1,0.005102,339.55,415,4,0.009639,352.43,904,10,0.011062,365.05,450,3,0.006667,348.82
August,27,16:00,192,1,0.005208,344.41,411,4,0.009732,351.76,890,6,0.006742,364.57,441,3,0.006803,346.46
August,27,16:30,182,0,0.0,342.09,395,2,0.005063,353.69,859,5,0.005821,362.35,430,2,0.004651,345.23
August,27,17:00,164,0,0.0,339.14,375,1,0.002667,355.17,815,8,0.009816,360.31,415,2,0.004819,341.18
August,27,17:30,147,0,0.0,331.35,362,3,0.008287,353.64,763,10,0.013106,361.65,386,2,0.005181,344.1
August,27,18:00,130,0,0.0,332.76,334,6,0.017964,351.34,698,8,0.011461,367.31,347,2,0.005764,339.81
August,27,18:30,110,0,0.0,351.21,297,3,0.010101,351.4,625,6,0.0096,367.43,312,2,0.00641,342.22
August,27,19:00,75,0,0.0,350.54,269,4,0.01487,352.37,559,6,0.010733,359.25,287,3,0.010453,343.94
August,27,19:30,56,0,0.0,337.16,244,5,0.020492,354.02,491,6,0.01222,353.39,259,3,0.011583,351.15
August,27,20:00,44,0,0.0,319.41,215,5,0.023256,351.38,423,4,0.009456,354.45,231,3,0.012987,347.46
August,27,20:30,37,1,0.027027,312.67,183,2,0.010929,344.63,362,3,0.008287,356.28,198,3,0.015152,338.38
August,27,21:00,29,1,0.034483,315.11,150,2,0.013333,341.99,307,1,0.003257,355.33,165,4,0.024242,340.95
August,27,21:30,22,1,0.045455,313.41,125,1,0.008,340.05,256,0,0.0,349.96,140,2,0.014286,340.62
August,27,22:00,17,0,0.0,309.86,101,0,0.0,322.46,208,0,0.0,344.88,113,0,0.0,339.37
August,27,22:30,12,1,0.083333,305.08,79,0,0.0,318.99,162,0,0.0,330.8,94,0,0.0,337.52
August,27,23:00,10,0,0.0,314.53,60,0,0.0,314.22,126,0,0.0,330.92,72,0,0.0,330.64
August,27,23:30,8,0,0.0,287.12,48,0,0.0,313.01,101,0,0.0,333.41,58,0,0.0,322.0
August,28,0:00,4,0,0.0,354.91,28,0,0.0,299.06,66,0,0.0,327.79,38,0,0.0,357.64
August,28,0:30,3,0,0.0,361.72,20,0,0.0,287.51,52,0,0.0,319.24,29,0,0.0,365.33
August,28,1:00,2,0,0.0,306.95,10,0,0.0,283.37,38,0,0.0,319.41,22,0,0.0,364.76
August,28,1:30,2,0,0.0,288.89,6,0,0.0,314.51,27,0,0.0,315.53,18,0,0.0,344.08
August,28,2:00,1,0,0.0,294.54,4,0,0.0,366.36,19,0,0.0,247.63,13,0,0.0,323.73
August,28,2:30,1,0,0.0,315.95,3,0,0.0,365.6,15,0,0.0,216.09,8,0,0.0,310.99
August,28,3:00,1,0,0.0,451.27,3,0,0.0,286.48,12,0,0.0,275.19,3,0,0.0,312.66
August,28,3:30,1,0,0.0,276.73,3,0,0.0,265.27,12,0,0.0,312.51,1,0,0.0,302.17
August,28,4:00,1,0,0.0,222.37,3,0,0.0,312.32,11,0,0.0,288.79,1,0,0.0,300.24
August,28,4:30,1,0,0.0,237.63,3,0,0.0,458.06,11,0,0.0,269.58,1,0,0.0,313.57
August,28,5:00,1,0,0.0,244.88,3,0,0.0,316.15,13,0,0.0,258.87,1,0,0.0,368.16
August,28,5:30,2,0,0.0,337.22,3,0,0.0,262.07,19,0,0.0,266.66,3,0,0.0,411.28
August,28,6:00,3,2,0.666667,325.11,5,1,0.2,266.4,31,0,0.0,266.61,12,0,0.0,305.06
August,28,6:30,4,4,1.0,308.56,8,4,0.5,330.73,52,1,0.019231,261.23,23,1,0.043478,277.34
August,28,7:00,8,8,1.0,320.78,21,2,0.095238,302.38,90,1,0.011111,262.21,39,0,0.0,283.8
August,28,7:30,16,6,0.375,308.06,38,3,0.078947,293.33,145,1,0.006897,271.73,69,0,0.0,275.19
August,28,8:00,40,3,0.075,306.23,70,2,0.028571,305.74,246,1,0.004065,293.94,119,0,0.0,285.64
August,28,8:30,71,4,0.056338,323.57,111,2,0.018018,314.08,360,1,0.002778,304.32,176,0,0.0,302.47
August,28,9:00,102,1,0.009804,331.76,165,2,0.012121,314.46,504,2,0.003968,313.29,245,2,0.008163,311.19
August,28,9:30,127,1,0.007874,328.42,206,2,0.009709,320.14,629,4,0.006359,321.46,297,4,0.013468,320.08
August,28,10:00,150,3,0.02,323.91,247,2,0.008097,326.25,733,6,0.008186,330.73,348,5,0.014368,327.2
August,28,10:30,173,4,0.023121,328.36,282,6,0.021277,337.41,815,10,0.01227,339.35,382,7,0.018325,330.51
August,28,11:00,186,1,0.005376,330.09,306,10,0.03268,342.53,867,10,0.011534,343.24,416,4,0.009615,335.93
August,28,11:30,192,0,0.0,332.44,336,15,0.044643,339.52,894,9,0.010067,345.52,430,2,0.004651,338.25
August,28,12:00,195,0,0.0,332.11,359,12,0.033426,342.37,893,8,0.008959,346.95,444,3,0.006757,334.56
August,28,12:30,196,0,0.0,327.16,365,12,0.032877,347.76,890,12,0.013483,348.98,450,5,0.011111,333.62
August,28,13:00,194,0,0.0,332.66,371,12,0.032345,343.64,885,12,0.013559,349.89,451,7,0.015521,338.1
August,28,13:30,195,0,0.0,339.32,382,17,0.044503,340.65,889,7,0.007874,347.58,459,7,0.015251,338.36
August,28,14:00,199,0,0.0,341.28,400,11,0.0275,344.05,902,10,0.011086,350.03,476,9,0.018908,340.29
August,28,14:30,199,2,0.01005,344.24,404,9,0.022277,347.16,910,20,0.021978,353.33,475,7,0.014737,345.79
August,28,15:00,199,7,0.035176,347.8,396,7,0.017677,350.4,899,9,0.010011,352.92,467,5,0.010707,350.25
August,28,15:30,197,10,0.050761,347.99,394,7,0.017766,351.38,896,4,0.004464,353.58,465,4,0.008602,347.73
August,28,16:00,196,6,0.030612,346.12,389,5,0.012853,349.03,877,4,0.004561,355.67,466,3,0.006438,345.22
August,28,16:30,189,1,0.005291,343.52,376,4,0.010638,346.61,844,5,0.005924,358.46,448,2,0.004464,348.85
August,28,17:00,169,1,0.005917,342.96,357,2,0.005602,348.65,799,4,0.005006,355.32,422,2,0.004739,347.78
August,28,17:30,147,2,0.013605,342.79,340,4,0.011765,348.98,747,5,0.006693,353.09,393,2,0.005089,346.23
August,28,18:00,128,1,0.007812,342.51,320,6,0.01875,347.19,679,5,0.007364,356.07,356,1,0.002809,350.07
August,28,18:30,109,0,0.0,340.63,291,5,0.017182,347.1,604,5,0.008278,359.25,321,3,0.009346,344.19
August,28,19:00,77,0,0.0,341.45,262,5,0.019084,343.59,540,9,0.016667,356.96,295,6,0.020339,340.24
August,28,19:30,57,0,0.0,329.54,235,5,0.021277,347.71,479,14,0.029228,361.12,268,9,0.033582,341.17
August,28,20:00,45,1,0.022222,333.59,202,4,0.019802,351.27,419,10,0.023866,357.61,240,7,0.029167,335.07
August,28,20:30,37,2,0.054054,339.9,175,1,0.005714,340.95,361,6,0.01662,351.76,207,4,0.019324,337.1
August,28,21:00,28,1,0.035714,321.93,145,0,0.0,339.25,303,2,0.006601,351.22,172,3,0.017442,338.76
August,28,21:30,21,0,0.0,323.15,118,1,0.008475,336.15,249,0,0.0,349.16,147,2,0.013605,335.74
August,28,22:00,17,1,0.058824,313.64,95,2,0.021053,327.26,202,0,0.0,335.39,118,2,0.016949,340.96
August,28,22:30,12,3,0.25,314.26,75,1,0.013333,319.08,157,0,0.0,329.56,96,1,0.010417,331.96
August,28,23:00,10,1,0.1,329.01,56,0,0.0,318.47,122,0,0.0,330.33,74,0,0.0,335.04
August,28,23:30,8,0,0.0,350.32,43,0,0.0,308.99,97,0,0.0,327.35,59,0,0.0,343.95
August,29,0:00,5,0,0.0,400.88,26,0,0.0,299.63,66,0,0.0,351.03,37,0,0.0,351.43
August,29,0:30,3,0,0.0,348.38,20,0,0.0,313.8,49,0,0.0,331.82,28,0,0.0,346.02
August,29,1:00,2,0,0.0,287.39,10,0,0.0,338.93,35,0,0.0,326.33,20,0,0.0,359.62
August,29,1:30,2,0,0.0,254.33,6,0,0.0,285.32,24,0,0.0,319.58,15,0,0.0,335.33
August,29,2:00,1,0,0.0,256.18,4,0,0.0,305.16,17,0,0.0,319.98,11,0,0.0,347.91
August,29,2:30,1,0,0.0,234.33,3,0,0.0,324.45,15,0,0.0,335.66,8,0,0.0,370.23
August,29,3:00,1,0,0.0,164.58,3,0,0.0,355.37,11,0,0.0,345.23,3,0,0.0,371.79
August,29,3:30,1,0,0.0,111.83,3,0,0.0,344.89,11,0,0.0,356.38,1,0,0.0,216.13
August,29,4:00,1,0,0.0,128.5,3,0,0.0,270.71,11,0,0.0,316.2,0,0,0.0,189.33
August,29,4:30,1,0,0.0,282.99,3,0,0.0,217.96,12,0,0.0,316.34,0,0,0.0,271.01
August,29,5:00,1,0,0.0,283.12,3,0,0.0,233.23,15,0,0.0,314.0,0,0,0.0,311.65
August,29,5:30,2,0,0.0,220.21,3,0,0.0,238.82,18,0,0.0,306.35,2,0,0.0,331.95
August,29,6:00,2,1,0.5,226.13,4,1,0.25,271.3,30,0,0.0,283.27,11,0,0.0,290.44
August,29,6:30,4,3,0.75,273.67,9,1,0.111111,300.55,51,0,0.0,269.49,23,0,0.0,280.17
August,29,7:00,8,4,0.5,299.51,25,1,0.04,270.64,86,0,0.0,268.26,41,0,0.0,285.94
August,29,7:30,16,2,0.125,304.12,42,1,0.02381,266.75,144,1,0.006944,269.79,69,0,0.0,297.69
August,29,8:00,38,0,0.0,294.87,77,0,0.0,276.85,246,0,0.0,284.71,118,0,0.0,299.02
August,29,8:30,68,0,0.0,302.09,114,1,0.008772,295.65,359,0,0.0,302.81,169,0,0.0,303.9
August,29,9:00,99,0,0.0,312.18,164,1,0.006098,312.64,502,1,0.001992,309.83,238,0,0.0,314.93
August,29,9:30,123,0,0.0,319.86,203,1,0.004926,319.06,625,1,0.0016,313.81,294,0,0.0,324.21
August,29,10:00,142,0,0.0,327.1,249,1,0.004016,324.56,720,2,0.002778,324.4,345,1,0.002899,326.77
August,29,10:30,168,1,0.005952,329.48,282,2,0.007092,325.56,795,4,0.005031,333.04,375,1,0.002667,338.1
August,29,11:00,181,0,0.0,329.56,309,3,0.009709,329.73,848,3,0.003538,339.67,403,1,0.002481,343.48
August,29,11:30,188,1,0.005319,327.61,338,4,0.011834,337.4,885,4,0.00452,341.3,424,1,0.002358,342.19
August,29,12:00,195,2,0.010256,325.98,368,3,0.008152,339.96,897,5,0.005574,341.3,435,1,0.002299,342.23
August,29,12:30,196,1,0.005102,334.38,376,3,0.007979,341.91,899,5,0.005562,344.7,443,0,0.0,350.91
August,29,13:00,197,1,0.005076,340.37,386,3,0.007772,334.88,896,3,0.003348,351.47,447,0,0.0,354.25
August,29,13:30,198,0,0.0,337.79,394,4,0.010152,333.07,896,3,0.003348,352.36,456,1,0.002193,352.09
August,29,14:00,200,0,0.0,335.94,410,4,0.009756,339.04,906,3,0.003311,352.84,466,1,0.002146,349.07
August,29,14:30,204,2,0.009804,335.64,418,5,0.011962,340.56,905,3,0.003315,351.72,465,1,0.002151,352.03
August,29,15:00,202,3,0.014851,331.73,420,3,0.007143,342.56,895,4,0.004469,352.07,459,1,0.002179,355.78
August,29,15:30,203,4,0.019704,336.33,415,2,0.004819,341.75,886,5,0.005643,353.47,456,1,0.002193,354.1
August,29,16:00,198,1,0.005051,339.55,413,2,0.004843,346.86,871,3,0.003444,353.56,467,1,0.002141,354.48
August,29,16:30,185,0,0.0,341.12,398,2,0.005025,344.0,832,2,0.002404,353.45,448,0,0.0,352.75
August,29,17:00,163,0,0.0,338.35,379,2,0.005277,339.34,785,2,0.002548,353.7,415,0,0.0,356.93
August,29,17:30,144,0,0.0,334.74,356,2,0.005618,340.97,719,2,0.002782,354.56,380,0,0.0,349.87
August,29,18:00,126,0,0.0,338.67,324,3,0.009259,343.92,636,1,0.001572,356.64,340,0,0.0,346.93
August,29,18:30,107,1,0.009346,353.92,291,2,0.006873,337.75,573,1,0.001745,355.87,304,0,0.0,349.31
August,29,19:00,74,0,0.0,355.47,264,2,0.007576,333.93,510,1,0.001961,349.67,274,0,0.0,350.55
August,29,19:30,54,0,0.0,342.39,233,2,0.008584,326.45,447,1,0.002237,350.76,245,0,0.0,350.77
August,29,20:00,43,0,0.0,335.22,199,1,0.005025,330.48,383,1,0.002611,347.8,210,0,0.0,344.61
August,29,20:30,34,0,0.0,326.4,176,1,0.005682,332.5,325,1,0.003077,342.73,184,0,0.0,337.54
August,29,21:00,25,0,0.0,329.14,148,1,0.006757,324.08,275,0,0.0,343.75,154,1,0.006494,346.37
August,29,21:30,19,0,0.0,318.78,121,1,0.008264,315.8,225,0,0.0,341.58,131,1,0.007634,353.49
August,29,22:00,16,1,0.0625,324.68,96,0,0.0,312.06,183,0,0.0,339.45,106,0,0.0,343.24
August,29,22:30,12,3,0.25,344.41,77,0,0.0,307.46,145,0,0.0,337.58,87,0,0.0,328.12
August,29,23:00,9,2,0.222222,313.97,57,0,0.0,314.38,112,0,0.0,328.41,68,0,0.0,323.54
August,29,23:30,7,0,0.0,251.76,46,0,0.0,308.76,89,0,0.0,313.59,54,0,0.0,324.88
August,30,0:00,5,0,0.0,358.94,30,0,0.0,299.7,57,0,0.0,312.83,35,0,0.0,337.18
August,30,0:30,4,0,0.0,366.25,20,0,0.0,323.04,45,0,0.0,314.7,25,0,0.0,343.75
August,30,1:00,3,0,0.0,361.47,9,0,0.0,330.91,34,0,0.0,322.58,20,0,0.0,337.36
August,30,1:30,2,0,0.0,347.73,5,0,0.0,290.3,27,0,0.0,315.97,15,0,0.0,331.06
August,30,2:00,1,0,0.0,228.68,4,0,0.0,269.12,18,0,0.0,309.31,10,0,0.0,325.49
August,30,2:30,1,0,0.0,204.94,3,0,0.0,256.18,13,0,0.0,318.15,6,0,0.0,366.22
August,30,3:00,1,0,0.0,251.24,2,0,0.0,249.66,10,0,0.0,302.18,2,0,0.0,444.63
August,30,3:30,1,0,0.0,192.76,2,0,0.0,166.66,10,0,0.0,292.11,1,0,0.0,353.14
August,30,4:00,1,0,0.0,167.25,2,0,0.0,156.3,10,0,0.0,325.02,0,0,0.0,309.38
August,30,4:30,1,0,0.0,196.17,2,0,0.0,272.81,10,0,0.0,322.96,0,0,0.0,324.74
August,30,5:00,1,0,0.0,225.04,2,0,0.0,262.19,10,0,0.0,323.13,1,0,0.0,436.08
August,30,5:30,1,0,0.0,186.98,2,0,0.0,273.3,12,0,0.0,301.12,2,0,0.0,585.3
August,30,6:00,1,0,0.0,235.33,3,0,0.0,329.52,18,0,0.0,284.44,7,0,0.0,371.03
August,30,6:30,2,0,0.0,273.97,5,0,0.0,322.72,32,0,0.0,268.05,13,0,0.0,282.15
August,30,7:00,5,0,0.0,258.79,9,0,0.0,294.1,55,0,0.0,255.95,24,0,0.0,294.05
August,30,7:30,11,0,0.0,278.86,15,0,0.0,302.95,91,1,0.010989,256.59,40,1,0.025,310.81
August,30,8:00,25,0,0.0,266.88,27,0,0.0,301.06,154,1,0.006494,268.32,66,0,0.0,309.67
August,30,8:30,43,0,0.0,276.33,43,0,0.0,301.96,223,1,0.004484,285.09,97,0,0.0,305.58
August,30,9:00,61,0,0.0,276.93,92,0,0.0,292.56,308,5,0.016234,291.43,140,1,0.007143,310.43
August,30,9:30,74,0,0.0,276.56,127,1,0.007874,299.44,379,11,0.029024,302.48,174,3,0.017241,304.87
August,30,10:00,93,1,0.010753,286.34,158,1,0.006329,307.39,460,8,0.017391,309.98,210,4,0.019048,309.4
August,30,10:30,114,1,0.008772,292.34,184,2,0.01087,317.48,517,9,0.017408,318.5,244,6,0.02459,317.38
August,30,11:00,129,3,0.023256,292.13,214,2,0.009346,320.71,559,11,0.019678,322.51,272,5,0.018382,325.59
August,30,11:30,134,6,0.044776,291.78,240,2,0.008333,322.5,576,14,0.024306,327.35,286,2,0.006993,329.42
August,30,12:00,144,10,0.069444,300.49,252,2,0.007937,321.08,587,16,0.027257,328.61,300,2,0.006667,334.46
August,30,12:30,151,13,0.086093,302.57,262,3,0.01145,324.63,588,16,0.027211,328.44,308,3,0.00974,333.33
August,30,13:00,150,6,0.04,308.43,275,4,0.014545,325.26,582,15,0.025773,330.84,310,4,0.012903,332.92
August,30,13:30,146,2,0.013699,313.56,287,4,0.013937,323.94,584,17,0.02911,332.74,308,5,0.016234,329.99
August,30,14:00,143,4,0.027972,314.55,293,4,0.013652,326.99,586,16,0.027304,333.16,307,6,0.019544,332.66
August,30,14:30,142,4,0.028169,311.73,288,3,0.010417,330.38,576,7,0.012153,332.14,308,9,0.029221,334.22
August,30,15:00,139,1,0.007194,307.68,285,2,0.007018,323.94,552,1,0.001812,333.63,298,5,0.016779,325.76
August,30,15:30,137,0,0.0,314.56,284,1,0.003521,320.31,534,1,0.001873,331.45,290,3,0.010345,323.85
August,30,16:00,136,0,0.0,318.27,281,1,0.003559,329.86,515,2,0.003883,332.72,280,2,0.007143,332.52
August,30,16:30,127,1,0.007874,305.1,268,1,0.003731,336.62,484,2,0.004132,331.76,262,2,0.007634,332.34
August,30,17:00,114,3,0.026316,310.22,256,1,0.003906,334.5,451,3,0.006652,333.36,243,1,0.004115,333.12
August,30,17:30,100,2,0.02,318.43,243,1,0.004115,336.28,431,2,0.00464,333.15,229,1,0.004367,334.62
August,30,18:00,88,1,0.011364,323.42,222,2,0.009009,338.67,406,3,0.007389,332.6,212,1,0.004717,338.94
August,30,18:30,76,1,0.013158,328.56,204,2,0.009804,335.96,369,3,0.00813,335.22,191,0,0.0,348.18
August,30,19:00,59,0,0.0,322.14,181,1,0.005525,329.77,333,4,0.012012,334.49,179,0,0.0,346.65
August,30,19:30,46,0,0.0,317.21,159,1,0.006289,322.58,298,5,0.016779,332.6,160,0,0.0,341.76
August,30,20:00,36,0,0.0,297.77,140,2,0.014286,320.16,265,5,0.018868,333.03,139,0,0.0,329.88
August,30,20:30,29,0,0.0,286.08,122,1,0.008197,307.77,226,3,0.013274,331.19,125,1,0.008,323.42
August,30,21:00,22,0,0.0,298.64,101,1,0.009901,302.62,191,2,0.010471,330.16,106,2,0.018868,325.08
August,30,21:30,16,0,0.0,318.87,86,1,0.011628,305.58,156,1,0.00641,325.01,89,1,0.011236,329.41
August,30,22:00,12,0,0.0,348.63,68,0,0.0,304.1,129,0,0.0,315.47,77,0,0.0,327.35
August,30,22:30,8,0,0.0,322.74,54,0,0.0,302.78,108,0,0.0,310.38,65,0,0.0,327.0
August,30,23:00,7,0,0.0,318.1,41,0,0.0,287.62,85,0,0.0,308.21,52,0,0.0,320.51
August,30,23:30,6,0,0.0,279.94,31,0,0.0,287.1,74,0,0.0,305.46,44,0,0.0,306.64
August,31,0:00,3,0,0.0,374.85,24,0,0.0,269.58,44,0,0.0,303.08,30,0,0.0,318.72
August,31,0:30,3,0,0.0,394.47,16,0,0.0,273.42,35,0,0.0,310.79,21,0,0.0,318.09
August,31,1:00,2,0,0.0,363.22,8,0,0.0,302.62,26,0,0.0,289.07,16,0,0.0,350.62
August,31,1:30,2,0,0.0,316.43,5,0,0.0,323.01,22,0,0.0,281.78,13,0,0.0,376.75
August,31,2:00,1,0,0.0,286.57,4,0,0.0,363.6,16,0,0.0,294.65,9,0,0.0,376.62
August,31,2:30,1,0,0.0,264.17,3,0,0.0,369.48,12,0,0.0,297.59,6,0,0.0,386.68
August,31,3:00,1,0,0.0,230.64,2,0,0.0,308.56,10,0,0.0,315.81,2,0,0.0,375.96
August,31,3:30,1,0,0.0,246.25,1,0,0.0,211.21,8,0,0.0,360.06,1,0,0.0,326.68
August,31,4:00,1,0,0.0,321.3,1,0,0.0,169.39,7,0,0.0,383.21,0,0,0.0,314.02
August,31,4:30,1,0,0.0,277.06,1,0,0.0,238.05,7,0,0.0,360.76,0,0,0.0,360.87
August,31,5:00,1,0,0.0,274.15,1,0,0.0,342.2,8,0,0.0,318.94,0,0,0.0,424.83
August,31,5:30,1,0,0.0,299.69,2,0,0.0,380.76,9,0,0.0,264.67,1,0,0.0,289.29
August,31,6:00,2,0,0.0,258.91,2,0,0.0,295.85,13,0,0.0,255.58,4,0,0.0,233.67
August,31,6:30,2,0,0.0,235.0,3,0,0.0,268.88,21,0,0.0,254.61,9,0,0.0,274.64
August,31,7:00,4,0,0.0,276.34,5,0,0.0,268.2,35,0,0.0,258.43,15,0,0.0,316.26
August,31,7:30,6,0,0.0,301.18,8,0,0.0,272.73,55,0,0.0,261.36,25,0,0.0,322.87
August,31,8:00,11,0,0.0,266.24,15,0,0.0,263.21,88,0,0.0,268.4,39,0,0.0,316.45
August,31,8:30,14,0,0.0,260.07,23,0,0.0,277.18,123,0,0.0,280.26,54,0,0.0,324.51
August,31,9:00,17,0,0.0,254.28,45,0,0.0,284.95,157,0,0.0,289.05,76,0,0.0,316.75
August,31,9:30,20,0,0.0,275.12,60,0,0.0,289.6,195,0,0.0,286.96,91,2,0.021978,307.82
August,31,10:00,24,0,0.0,278.32,73,0,0.0,288.17,238,0,0.0,287.5,108,9,0.083333,319.91
August,31,10:30,32,0,0.0,272.83,83,0,0.0,293.14,277,0,0.0,293.81,127,13,0.102362,334.2
August,31,11:00,33,0,0.0,275.25,92,2,0.021739,291.43,304,0,0.0,303.58,140,8,0.057143,329.95
August,31,11:30,37,0,0.0,279.76,106,5,0.04717,292.44,334,0,0.0,305.69,151,4,0.02649,327.83
August,31,12:00,49,0,0.0,278.38,120,4,0.033333,291.6,359,7,0.019499,303.69,163,2,0.01227,325.87
August,31,12:30,59,1,0.016949,279.15,137,6,0.043796,292.08,366,27,0.07377,304.94,165,3,0.018182,324.27
August,31,13:00,72,3,0.041667,280.44,153,6,0.039216,288.91,373,45,0.120643,312.09,167,7,0.041916,330.54
August,31,13:30,76,1,0.013158,279.5,162,8,0.049383,292.25,375,54,0.144,313.74,175,7,0.04,330.28
August,31,14:00,79,1,0.012658,283.88,171,5,0.02924,296.13,376,33,0.087766,315.92,175,3,0.017143,330.87
August,31,14:30,80,3,0.0375,286.69,171,1,0.005848,298.93,374,11,0.029412,315.67,175,4,0.022857,330.31
August,31,15:00,79,2,0.025316,287.6,177,0,0.0,297.14,372,2,0.005376,317.73,173,3,0.017341,333.89
August,31,15:30,80,2,0.025,282.69,181,1,0.005525,295.81,364,0,0.0,317.11,175,5,0.028571,332.9
August,31,16:00,79,1,0.012658,276.27,178,3,0.016854,296.54,357,0,0.0,314.51,168,3,0.017857,342.0
August,31,16:30,75,0,0.0,267.96,168,2,0.011905,296.42,346,0,0.0,318.65,165,5,0.030303,341.15
August,31,17:00,66,0,0.0,266.8,163,3,0.018405,296.68,326,0,0.0,317.28,157,2,0.012739,343.51
August,31,17:30,59,0,0.0,268.7,155,2,0.012903,293.93,305,0,0.0,312.12,153,1,0.006536,338.57
August,31,18:00,45,0,0.0,281.77,142,3,0.021127,294.1,274,0,0.0,312.76,142,2,0.014085,330.4
August,31,18:30,38,0,0.0,274.88,129,6,0.046512,289.43,254,0,0.0,312.75,131,1,0.007634,327.63
August,31,19:00,30,0,0.0,267.42,116,7,0.060345,284.85,234,0,0.0,314.36,121,0,0.0,331.05
August,31,19:30,27,0,0.0,264.21,106,5,0.04717,293.22,213,0,0.0,312.78,119,1,0.008403,341.12
August,31,20:00,26,0,0.0,278.4,93,1,0.010753,291.14,195,0,0.0,306.23,109,2,0.018349,338.99
August,31,20:30,23,0,0.0,279.77,83,0,0.0,287.52,178,0,0.0,308.37,98,1,0.010204,335.03
August,31,21:00,19,0,0.0,287.23,73,0,0.0,288.21,154,0,0.0,310.29,80,0,0.0,337.6
August,31,21:30,15,0,0.0,308.3,63,0,0.0,293.47,133,0,0.0,305.43,70,0,0.0,342.54
August,31,22:00,13,1,0.076923,278.98,52,0,0.0,289.15,116,0,0.0,304.78,63,0,0.0,339.16
August,31,22:30,12,3,0.25,292.99,43,0,0.0,275.85,101,0,0.0,303.62,54,1,0.018519,334.51
August,31,23:00,8,1,0.125,324.77,34,0,0.0,251.91,80,0,0.0,301.67,44,0,0.0,343.33
August,31,23:30,7,0,0.0,285.88,28,0,0.0,252.23,67,0,0.0,298.84,40,0,0.0,366.07
