Month,Day,Interval,Calls_Offered_A,Abandoned_Calls_A,Abandoned_Rate_A,CCT_A,Calls_Offered_B,Abandoned_Calls_B,Abandoned_Rate_B,CCT_B,Calls_Offered_C,Abandoned_Calls_C,Abandoned_Rate_C,CCT_C,Calls_Offered_D,Abandoned_Calls_D,Abandoned_Rate_D,CCT_D
August,1,0:00,6,0,0.0,413.57,38,0,0.0,337.35,79,0,0.0,364.68,43,0,0.0,335.95
August,1,0:30,5,0,0.0,359.41,29,0,0.0,353.3,62,0,0.0,344.73,33,0,0.0,330.78
August,1,1:00,4,0,0.0,296.49,14,0,0.0,381.6,44,0,0.0,339.02,24,0,0.0,343.77
August,1,1:30,3,0,0.0,262.38,8,0,0.0,321.24,31,0,0.0,332.01,18,0,0.0,320.55
August,1,2:00,2,0,0.0,264.29,7,0,0.0,343.58,22,0,0.0,332.43,13,0,0.0,332.58
August,1,2:30,1,0,0.0,241.75,5,0,0.0,365.29,18,0,0.0,348.72,9,0,0.0,353.92
August,1,3:00,1,0,0.0,169.79,5,0,0.0,400.11,14,0,0.0,358.66,3,0,0.0,355.41
August,1,3:30,1,0,0.0,115.37,4,0,0.0,388.31,14,0,0.0,370.24,1,0,0.0,206.61
August,1,4:00,1,0,0.0,132.57,4,0,0.0,304.8,14,0,0.0,328.5,0,0,0.0,180.99
August,1,4:30,1,0,0.0,291.95,4,0,0.0,245.4,16,0,0.0,328.65,0,0,0.0,259.07
August,1,5:00,2,0,0.0,292.08,4,0,0.0,262.59,19,0,0.0,326.22,1,0,0.0,297.92
August,1,5:30,2,0,0.0,227.18,5,0,0.0,268.89,23,0,0.0,318.27,2,0,0.0,317.32
August,1,6:00,3,2,0.666667,233.29,7,2,0.285714,305.45,40,1,0.025,294.29,13,2,0.153846,277.64
August,1,6:30,5,5,1.0,282.33,13,5,0.384615,338.39,66,4,0.060606,279.97,27,4,0.148148,267.83
August,1,7:00,11,11,1.0,308.99,37,2,0.054054,304.71,110,4,0.036364,278.69,49,2,0.040816,273.34
August,1,7:30,21,6,0.285714,313.75,62,2,0.032258,300.34,183,6,0.032787,280.29,82,2,0.02439,284.58
August,1,8:00,52,1,0.019231,304.21,114,1,0.008772,311.71,313,3,0.009585,295.79,141,4,0.028369,285.85
August,1,8:30,92,0,0.0,311.65,169,2,0.011834,332.87,458,2,0.004367,314.6,202,5,0.024752,290.52
August,1,9:00,135,0,0.0,322.07,244,3,0.012295,351.99,639,7,0.010955,321.89,282,8,0.028369,301.06
August,1,9:30,172,0,0.0,329.99,302,3,0.009934,359.23,796,18,0.022613,326.02,349,14,0.040115,309.93
August,1,10:00,197,1,0.005076,337.45,369,2,0.00542,365.41,916,30,0.032751,337.02,409,18,0.04401,312.38
August,1,10:30,229,2,0.008734,339.91,419,5,0.011933,366.54,1010,48,0.047525,346.0,448,24,0.053571,323.2
August,1,11:00,246,1,0.004065,339.99,459,9,0.019608,371.24,1078,37,0.034323,352.89,481,21,0.043659,328.35
August,1,11:30,256,2,0.007812,337.99,501,13,0.025948,379.87,1124,45,0.040036,354.57,506,18,0.035573,327.12
August,1,12:00,264,4,0.015152,336.3,545,10,0.018349,382.75,1138,66,0.057996,354.58,519,16,0.030829,327.15
August,1,12:30,265,2,0.007547,344.97,558,11,0.019713,384.95,1141,61,0.053462,358.11,529,14,0.026465,335.45
August,1,13:00,266,2,0.007519,351.15,572,11,0.019231,377.04,1136,37,0.03257,365.14,533,14,0.026266,338.65
August,1,13:30,269,1,0.003717,348.49,584,12,0.020548,375.0,1136,35,0.03081,366.07,544,19,0.034926,336.58
August,1,14:00,271,1,0.00369,346.57,606,14,0.023102,381.73,1152,38,0.032986,366.56,556,27,0.048561,333.69
August,1,14:30,277,4,0.01444,346.27,618,15,0.024272,383.44,1150,42,0.036522,365.41,554,30,0.054152,336.52
August,1,15:00,275,8,0.029091,342.24,621,8,0.012882,385.68,1140,53,0.046491,365.77,548,23,0.041971,340.11
August,1,15:30,275,10,0.036364,346.98,614,7,0.011401,384.78,1131,60,0.05305,367.22,545,21,0.038532,338.5
August,1,16:00,268,3,0.011194,350.3,611,7,0.011457,390.53,1112,32,0.028777,367.32,557,15,0.02693,338.86
August,1,16:30,251,0,0.0,351.92,590,7,0.011864,387.31,1063,20,0.018815,367.2,536,12,0.022388,337.21
August,1,17:00,222,0,0.0,349.06,562,7,0.012456,382.06,1002,21,0.020958,367.46,496,9,0.018145,341.2
August,1,17:30,196,0,0.0,345.34,526,8,0.015209,383.9,920,21,0.022826,368.36,455,7,0.015385,334.46
August,1,18:00,172,1,0.005814,349.39,481,9,0.018711,387.22,812,17,0.020936,370.52,407,5,0.012285,331.65
August,1,18:30,145,2,0.013793,365.13,430,6,0.013953,380.27,732,14,0.019126,369.71,364,8,0.021978,333.92
August,1,19:00,101,1,0.009901,366.72,392,8,0.020408,375.97,650,16,0.024615,363.27,329,14,0.042553,335.11
August,1,19:30,74,0,0.0,353.23,346,6,0.017341,367.55,570,14,0.024561,364.41,293,14,0.047782,335.32
August,1,20:00,57,0,0.0,345.83,295,4,0.013559,372.08,487,17,0.034908,361.33,252,10,0.039683,329.43
August,1,20:30,46,0,0.0,336.74,261,3,0.011494,374.35,414,6,0.014493,356.06,221,12,0.054299,322.67
August,1,21:00,34,0,0.0,339.56,220,2,0.009091,364.87,349,1,0.002865,357.12,184,24,0.130435,331.11
August,1,21:30,26,0,0.0,328.87,181,2,0.01105,355.56,287,0,0.0,354.87,157,19,0.121019,337.91
August,1,22:00,22,2,0.090909,334.96,143,1,0.006993,351.35,233,0,0.0,352.65,127,6,0.047244,328.12
August,1,22:30,16,6,0.375,355.31,115,0,0.0,346.16,184,0,0.0,350.72,104,1,0.009615,313.67
August,1,23:00,12,5,0.416667,323.91,85,0,0.0,353.95,142,0,0.0,341.19,81,0,0.0,309.29
August,1,23:30,10,1,0.1,259.73,70,0,0.0,347.63,114,0,0.0,325.79,65,0,0.0,310.57
August,2,0:00,6,0,0.0,367.77,43,0,0.0,326.19,70,0,0.0,331.32,41,0,0.0,332.41
August,2,0:30,5,0,0.0,375.26,30,0,0.0,351.59,55,0,0.0,333.31,29,0,0.0,338.89
August,2,1:00,3,0,0.0,370.36,13,0,0.0,360.16,42,0,0.0,341.65,23,0,0.0,332.59
August,2,1:30,2,0,0.0,356.28,7,0,0.0,315.96,33,0,0.0,334.65,17,0,0.0,326.37
August,2,2:00,1,0,0.0,234.3,6,0,0.0,292.91,22,0,0.0,327.6,12,0,0.0,320.89
August,2,2:30,1,0,0.0,209.98,4,0,0.0,278.83,16,0,0.0,336.96,7,0,0.0,361.04
August,2,3:00,1,0,0.0,257.42,3,0,0.0,271.73,13,0,0.0,320.05,3,0,0.0,438.34
August,2,3:30,1,0,0.0,197.5,3,0,0.0,181.39,13,0,0.0,309.38,1,0,0.0,348.15
August,2,4:00,1,0,0.0,171.37,3,0,0.0,170.11,12,0,0.0,344.24,0,0,0.0,305.01
August,2,4:30,1,0,0.0,201.0,3,0,0.0,296.93,12,0,0.0,342.05,0,0,0.0,320.14
August,2,5:00,1,0,0.0,230.57,3,0,0.0,285.36,12,0,0.0,342.23,0,0,0.0,429.91
August,2,5:30,1,0,0.0,191.58,3,0,0.0,297.46,15,0,0.0,318.92,2,0,0.0,577.02
August,2,6:00,2,0,0.0,241.12,5,0,0.0,358.65,23,0,0.0,301.26,8,0,0.0,365.79
August,2,6:30,3,0,0.0,280.71,8,1,0.125,351.25,39,0,0.0,283.89,16,0,0.0,278.16
August,2,7:00,7,0,0.0,265.16,14,0,0.0,320.1,68,0,0.0,271.08,29,0,0.0,289.89
August,2,7:30,14,0,0.0,285.72,24,0,0.0,329.73,113,1,0.00885,271.76,49,1,0.020408,306.41
August,2,8:00,33,0,0.0,273.44,44,0,0.0,327.67,191,1,0.005236,284.19,81,0,0.0,305.29
August,2,8:30,57,0,0.0,283.13,71,0,0.0,328.66,277,1,0.00361,301.94,122,0,0.0,301.26
August,2,9:00,79,0,0.0,283.74,142,1,0.007042,318.42,384,5,0.013021,308.66,173,2,0.011561,306.04
August,2,9:30,99,0,0.0,283.36,199,2,0.01005,325.91,475,11,0.023158,320.36,215,5,0.023256,300.55
August,2,10:00,122,1,0.008197,293.38,247,3,0.012146,334.56,574,8,0.013937,328.3,258,8,0.031008,305.03
August,2,10:30,150,1,0.006667,299.53,286,5,0.017483,345.54,645,9,0.013953,337.33,300,11,0.036667,312.89
August,2,11:00,168,3,0.017857,299.32,326,5,0.015337,349.06,697,11,0.015782,341.57,334,9,0.026946,320.98
August,2,11:30,174,5,0.028736,298.95,364,5,0.013736,351.0,718,15,0.020891,346.7,352,5,0.014205,324.76
August,2,12:00,187,8,0.042781,307.89,384,5,0.013021,349.46,732,16,0.021858,348.03,369,4,0.01084,329.73
August,2,12:30,195,10,0.051282,310.01,399,8,0.02005,353.32,733,16,0.021828,347.85,379,6,0.015831,328.61
August,2,13:00,195,5,0.025641,316.02,418,10,0.023923,354.01,726,15,0.020661,350.4,382,8,0.020942,328.21
August,2,13:30,191,1,0.005236,321.27,435,11,0.025287,352.57,727,17,0.023384,352.41,379,10,0.026385,325.32
August,2,14:00,186,3,0.016129,322.29,445,11,0.024719,355.9,730,16,0.021918,352.86,378,12,0.031746,327.95
August,2,14:30,186,3,0.016129,319.39,438,8,0.018265,359.58,718,8,0.011142,351.77,380,18,0.047368,329.49
August,2,15:00,182,1,0.005495,315.24,433,4,0.009238,352.57,690,1,0.001449,353.35,367,11,0.029973,321.15
August,2,15:30,180,0,0.0,322.3,431,4,0.009281,348.63,667,1,0.001499,351.04,357,5,0.014006,319.27
August,2,16:00,178,0,0.0,326.1,427,3,0.007026,359.02,643,2,0.00311,352.39,345,4,0.011594,327.81
August,2,16:30,165,1,0.006061,312.61,408,2,0.004902,366.38,606,2,0.0033,351.37,323,3,0.009288,327.63
August,2,17:00,149,3,0.020134,317.85,391,2,0.005115,364.06,564,3,0.005319,353.06,300,3,0.01,328.41
August,2,17:30,129,2,0.015504,326.27,371,3,0.008086,366.01,535,2,0.003738,352.85,283,2,0.007067,329.89
August,2,18:00,115,1,0.008696,331.37,337,5,0.014837,368.61,506,3,0.005929,352.26,259,1,0.003861,334.14
August,2,18:30,100,1,0.01,336.64,308,4,0.012987,365.66,458,3,0.00655,355.03,236,1,0.004237,343.25
August,2,19:00,75,0,0.0,330.07,275,3,0.010909,358.92,414,4,0.009662,354.26,220,1,0.004545,341.75
August,2,19:30,59,0,0.0,325.01,243,4,0.016461,351.1,370,5,0.013514,352.26,196,0,0.0,336.93
August,2,20:00,47,0,0.0,305.09,214,6,0.028037,348.46,328,5,0.015244,352.72,170,0,0.0,325.21
August,2,20:30,38,0,0.0,293.11,185,4,0.021622,334.97,280,3,0.010714,350.77,153,2,0.013072,318.84
August,2,21:00,29,0,0.0,305.99,154,3,0.019481,329.38,236,2,0.008475,349.68,130,3,0.023077,320.48
August,2,21:30,21,0,0.0,326.71,130,2,0.015385,332.6,193,1,0.005181,344.23,109,1,0.009174,324.75
August,2,22:00,15,0,0.0,357.21,103,1,0.009709,330.99,160,0,0.0,334.11,93,0,0.0,322.72
August,2,22:30,11,0,0.0,330.68,82,1,0.012195,329.54,133,0,0.0,328.72,78,0,0.0,322.37
August,2,23:00,9,0,0.0,325.92,63,1,0.015873,313.04,105,0,0.0,326.43,63,0,0.0,315.98
August,2,23:30,7,0,0.0,286.83,48,0,0.0,312.48,90,0,0.0,323.52,52,0,0.0,302.3
August,3,0:00,3,0,0.0,418.53,37,0,0.0,301.6,56,0,0.0,319.77,38,0,0.0,303.34
August,3,0:30,3,0,0.0,440.44,27,0,0.0,305.89,45,0,0.0,327.91,27,0,0.0,302.73
August,3,1:00,3,0,0.0,405.55,12,0,0.0,338.56,34,0,0.0,304.99,21,0,0.0,333.69
August,3,1:30,2,0,0.0,353.3,8,0,0.0,361.37,28,0,0.0,297.29,16,0,0.0,358.57
August,3,2:00,1,0,0.0,319.96,5,0,0.0,406.79,20,0,0.0,310.88,12,0,0.0,358.44
August,3,2:30,1,0,0.0,294.95,4,0,0.0,413.36,15,0,0.0,313.98,8,0,0.0,368.02
August,3,3:00,1,0,0.0,257.52,3,0,0.0,345.2,12,0,0.0,333.21,3,0,0.0,357.81
August,3,3:30,1,0,0.0,274.95,2,0,0.0,236.3,10,0,0.0,379.89,1,0,0.0,310.91
August,3,4:00,1,0,0.0,358.74,2,0,0.0,189.51,10,0,0.0,404.32,0,0,0.0,298.86
August,3,4:30,1,0,0.0,309.34,2,0,0.0,266.33,9,0,0.0,380.62,0,0,0.0,343.45
August,3,5:00,1,0,0.0,306.09,2,0,0.0,382.84,10,0,0.0,336.51,0,0,0.0,404.32
August,3,5:30,1,0,0.0,334.61,2,0,0.0,425.98,11,0,0.0,279.24,1,0,0.0,275.32
August,3,6:00,2,0,0.0,289.09,3,0,0.0,330.98,17,0,0.0,269.66,5,0,0.0,222.39
August,3,6:30,2,0,0.0,262.38,4,0,0.0,300.82,27,0,0.0,268.63,11,0,0.0,261.39
August,3,7:00,4,0,0.0,308.54,9,0,0.0,300.06,44,0,0.0,272.66,19,0,0.0,301.0
August,3,7:30,7,0,0.0,336.27,14,0,0.0,305.12,71,0,0.0,275.76,33,0,0.0,307.28
August,3,8:00,12,0,0.0,297.26,25,0,0.0,294.47,112,0,0.0,283.19,51,0,0.0,301.18
August,3,8:30,16,0,0.0,290.38,39,0,0.0,310.1,157,0,0.0,295.7,72,0,0.0,308.85
August,3,9:00,20,0,0.0,283.91,79,0,0.0,318.79,201,0,0.0,304.97,100,0,0.0,301.46
August,3,9:30,24,0,0.0,307.18,105,0,0.0,323.99,251,0,0.0,302.77,122,2,0.016393,292.96
August,3,10:00,28,0,0.0,310.76,130,0,0.0,322.4,306,0,0.0,303.34,144,9,0.0625,304.46
August,3,10:30,38,0,0.0,304.62,148,0,0.0,327.96,357,0,0.0,309.99,172,14,0.081395,318.07
August,3,11:00,38,0,0.0,307.32,167,5,0.02994,326.04,392,0,0.0,320.3,190,8,0.042105,314.02
August,3,11:30,43,0,0.0,312.37,192,14,0.072917,327.17,430,0,0.0,322.53,205,4,0.019512,312.01
August,3,12:00,57,0,0.0,310.82,214,10,0.046729,326.24,463,7,0.015119,320.42,218,2,0.009174,310.14
August,3,12:30,69,1,0.014493,311.68,239,16,0.066946,326.76,470,30,0.06383,321.73,221,3,0.013575,308.62
August,3,13:00,84,3,0.035714,313.12,264,17,0.064394,323.22,479,49,0.102296,329.28,224,7,0.03125,314.58
August,3,13:30,88,1,0.011364,312.07,278,22,0.079137,326.96,481,59,0.122661,331.02,234,7,0.029915,314.34
August,3,14:00,92,1,0.01087,316.97,294,15,0.05102,331.3,482,36,0.074689,333.32,235,3,0.012766,314.89
August,3,14:30,93,3,0.032258,320.1,295,3,0.010169,334.44,480,12,0.025,333.05,235,4,0.017021,314.37
August,3,15:00,92,2,0.021739,321.12,302,0,0.0,332.43,478,2,0.004184,335.23,233,3,0.012876,317.78
August,3,15:30,94,2,0.021277,315.63,309,3,0.009709,330.95,467,0,0.0,334.57,235,5,0.021277,316.83
August,3,16:00,92,1,0.01087,308.46,303,9,0.029703,331.76,459,0,0.0,331.83,226,3,0.013274,325.49
August,3,16:30,88,0,0.0,299.18,286,6,0.020979,331.62,445,0,0.0,336.2,221,5,0.022624,324.68
August,3,17:00,77,0,0.0,297.9,276,9,0.032609,331.92,419,0,0.0,334.75,211,2,0.009479,326.93
August,3,17:30,68,0,0.0,300.02,263,5,0.019011,328.84,394,0,0.0,329.31,204,1,0.004902,322.22
August,3,18:00,53,0,0.0,314.61,246,8,0.03252,329.03,354,0,0.0,329.98,190,2,0.010526,314.46
August,3,18:30,44,0,0.0,306.91,220,15,0.068182,323.81,328,0,0.0,329.97,174,1,0.005747,311.81
August,3,19:00,35,0,0.0,298.58,197,20,0.101523,318.68,301,0,0.0,331.68,160,0,0.0,315.07
August,3,19:30,31,0,0.0,295.0,178,14,0.078652,328.04,274,0,0.0,330.01,157,1,0.006369,324.65
August,3,20:00,30,0,0.0,310.85,155,3,0.019355,325.71,251,0,0.0,323.09,145,2,0.013793,322.63
August,3,20:30,26,0,0.0,312.37,138,0,0.0,321.67,227,0,0.0,325.35,130,1,0.007692,318.86
August,3,21:00,22,0,0.0,320.7,121,0,0.0,322.44,197,0,0.0,327.37,106,0,0.0,321.3
August,3,21:30,17,0,0.0,344.22,104,0,0.0,328.32,169,0,0.0,322.25,94,0,0.0,326.01
August,3,22:00,15,1,0.066667,311.49,84,0,0.0,323.49,147,0,0.0,321.57,83,0,0.0,322.79
August,3,22:30,14,3,0.214286,327.13,67,0,0.0,308.61,128,0,0.0,320.34,71,1,0.014085,318.36
August,3,23:00,9,1,0.111111,362.61,54,0,0.0,281.83,101,0,0.0,318.28,58,0,0.0,326.76
August,3,23:30,8,0,0.0,319.19,44,0,0.0,282.18,87,0,0.0,315.29,52,0,0.0,348.39
August,4,0:00,4,0,0.0,344.16,27,0,0.0,340.51,60,0,0.0,328.25,35,0,0.0,310.09
August,4,0:30,3,0,0.0,330.94,24,0,0.0,329.92,50,0,0.0,323.11,27,0,0.0,310.63
August,4,1:00,2,0,0.0,351.98,13,0,0.0,350.81,37,0,0.0,323.9,20,0,0.0,320.74
August,4,1:30,2,0,0.0,341.01,7,0,0.0,342.05,26,0,0.0,326.3,15,0,0.0,307.95
August,4,2:00,2,0,0.0,379.64,5,0,0.0,294.08,18,0,0.0,316.03,11,0,0.0,300.47
August,4,2:30,1,0,0.0,312.82,5,0,0.0,294.04,15,0,0.0,337.94,9,0,0.0,314.22
August,4,3:00,1,0,0.0,244.94,4,0,0.0,342.13,12,0,0.0,332.66,5,0,0.0,338.95
August,4,3:30,1,0,0.0,177.52,3,0,0.0,409.87,11,0,0.0,323.93,5,0,0.0,304.4
August,4,4:00,1,0,0.0,177.88,3,0,0.0,327.74,11,0,0.0,311.93,4,0,0.0,300.71
August,4,4:30,1,0,0.0,173.69,3,0,0.0,303.04,10,0,0.0,297.8,4,0,0.0,261.74
August,4,5:00,1,0,0.0,240.06,3,0,0.0,373.52,13,0,0.0,305.72,4,0,0.0,280.97
August,4,5:30,1,0,0.0,276.15,4,0,0.0,390.65,17,0,0.0,274.77,5,0,0.0,283.81
August,4,6:00,2,0,0.0,295.51,5,1,0.2,283.47,28,0,0.0,264.63,12,0,0.0,247.16
August,4,6:30,4,0,0.0,257.05,10,3,0.3,302.0,50,0,0.0,279.28,21,0,0.0,241.22
August,4,7:00,9,0,0.0,242.78,27,1,0.037037,284.99,88,0,0.0,265.88,39,0,0.0,258.06
August,4,7:30,17,0,0.0,283.82,49,0,0.0,273.58,153,0,0.0,270.39,68,0,0.0,264.53
August,4,8:00,46,0,0.0,294.04,92,1,0.01087,280.95,282,0,0.0,290.34,124,1,0.008065,266.87
August,4,8:30,86,1,0.011628,303.92,148,3,0.02027,294.33,435,2,0.004598,306.16,192,4,0.020833,277.66
August,4,9:00,133,3,0.022556,304.2,230,2,0.008696,305.51,614,8,0.013029,321.57,294,9,0.030612,288.15
August,4,9:30,177,5,0.028249,312.29,299,4,0.013378,314.38,787,17,0.021601,334.91,372,24,0.064516,299.98
August,4,10:00,212,2,0.009434,317.35,374,12,0.032086,320.61,940,29,0.030851,339.43,446,26,0.058296,308.42
August,4,10:30,238,0,0.0,314.31,426,22,0.051643,330.18,1054,27,0.025617,347.18,497,39,0.078471,312.02
August,4,11:00,250,0,0.0,319.53,464,19,0.040948,337.65,1131,33,0.029178,355.18,536,29,0.054104,314.98
August,4,11:30,259,2,0.007722,323.6,498,21,0.042169,341.3,1167,54,0.046272,358.98,568,29,0.051056,317.2
August,4,12:00,262,5,0.019084,318.42,537,18,0.03352,340.67,1197,55,0.045948,358.13,595,34,0.057143,321.32
August,4,12:30,265,3,0.011321,309.28,557,22,0.039497,344.04,1198,43,0.035893,359.67,603,38,0.063018,324.17
August,4,13:00,262,3,0.01145,311.96,572,22,0.038462,343.56,1189,36,0.030278,363.09,599,31,0.051753,325.41
August,4,13:30,262,1,0.003817,321.72,584,26,0.044521,337.54,1187,46,0.038753,367.61,606,25,0.041254,320.32
August,4,14:00,267,2,0.007491,322.81,609,19,0.031199,337.62,1205,47,0.039004,369.16,623,22,0.035313,318.79
August,4,14:30,271,6,0.02214,324.44,614,15,0.02443,340.53,1214,47,0.038715,369.06,633,22,0.034755,324.39
August,4,15:00,272,8,0.029412,324.15,613,12,0.019576,341.54,1212,27,0.022277,368.17,632,18,0.028481,325.99
August,4,15:30,276,8,0.028986,327.08,618,8,0.012945,341.59,1207,13,0.010771,369.23,624,21,0.033654,328.43
August,4,16:00,269,3,0.011152,326.73,619,7,0.011309,345.59,1200,13,0.010833,367.08,625,16,0.0256,333.13
August,4,16:30,258,1,0.003876,323.17,606,8,0.013201,349.03,1165,13,0.011159,367.71,611,18,0.02946,336.72
August,4,17:00,236,2,0.008475,325.41,578,7,0.012111,347.85,1101,12,0.010899,367.61,582,16,0.027491,336.29
August,4,17:30,213,1,0.004695,320.09,545,7,0.012844,350.2,1021,18,0.01763,367.16,545,14,0.025688,328.85
August,4,18:00,179,0,0.0,318.22,502,10,0.01992,349.67,944,20,0.021186,367.25,496,9,0.018145,330.76
August,4,18:30,153,0,0.0,327.23,461,14,0.030369,348.06,833,15,0.018007,371.1,439,9,0.020501,330.71
August,4,19:00,108,0,0.0,327.31,414,11,0.02657,344.59,736,21,0.028533,374.55,398,17,0.042714,324.62
August,4,19:30,83,0,0.0,326.18,380,12,0.031579,336.79,658,21,0.031915,372.84,367,29,0.079019,326.08
August,4,20:00,62,1,0.016129,323.54,332,17,0.051205,333.17,574,22,0.038328,370.02,321,27,0.084112,322.39
August,4,20:30,49,4,0.081633,327.88,278,11,0.039568,329.0,485,10,0.020619,363.84,273,15,0.054945,321.51
August,4,21:00,39,6,0.153846,323.85,228,7,0.030702,326.87,406,2,0.004926,358.19,227,12,0.052863,322.02
August,4,21:30,30,2,0.066667,310.58,188,2,0.010638,331.01,342,0,0.0,350.77,189,6,0.031746,328.91
August,4,22:00,23,3,0.130435,312.78,149,0,0.0,325.5,272,0,0.0,345.16,154,1,0.006494,324.43
August,4,22:30,17,9,0.529412,321.3,116,0,0.0,315.87,212,0,0.0,337.37,129,1,0.007752,326.71
August,4,23:00,13,3,0.230769,314.86,86,0,0.0,298.28,163,0,0.0,336.28,102,2,0.019608,331.31
August,4,23:30,10,0,0.0,317.59,68,0,0.0,288.97,128,0,0.0,347.88,80,1,0.0125,320.17
August,5,0:00,5,0,0.0,316.93,35,0,0.0,295.67,74,0,0.0,326.5,47,0,0.0,308.76
August,5,0:30,5,0,0.0,297.76,27,0,0.0,300.38,58,0,0.0,325.09,36,0,0.0,333.21
August,5,1:00,3,0,0.0,314.3,14,0,0.0,305.83,42,0,0.0,317.63,27,0,0.0,353.48
August,5,1:30,3,0,0.0,300.86,8,0,0.0,293.75,31,0,0.0,290.87,20,0,0.0,338.73
August,5,2:00,2,0,0.0,384.59,5,0,0.0,304.32,22,0,0.0,279.36,13,0,0.0,311.53
August,5,2:30,1,0,0.0,330.5,4,0,0.0,345.55,18,0,0.0,272.03,9,0,0.0,309.6
August,5,3:00,1,0,0.0,245.91,4,0,0.0,309.73,14,0,0.0,275.74,3,0,0.0,322.96
August,5,3:30,1,0,0.0,187.21,3,0,0.0,235.51,13,0,0.0,287.92,1,0,0.0,289.33
August,5,4:00,1,0,0.0,219.56,3,0,0.0,187.34,11,0,0.0,289.18,0,0,0.0,277.0
August,5,4:30,1,0,0.0,274.95,3,0,0.0,199.49,12,0,0.0,272.47,0,0,0.0,288.06
August,5,5:00,2,0,0.0,265.34,3,0,0.0,185.47,14,0,0.0,275.75,0,0,0.0,304.61
August,5,5:30,2,0,0.0,218.43,4,0,0.0,222.63,19,0,0.0,275.36,2,0,0.0,280.12
August,5,6:00,3,0,0.0,219.64,6,1,0.166667,263.72,31,0,0.0,248.88,12,0,0.0,232.47
August,5,6:30,5,0,0.0,206.34,11,4,0.363636,284.47,54,0,0.0,238.58,24,0,0.0,235.08
August,5,7:00,10,0,0.0,236.22,28,1,0.035714,269.31,94,0,0.0,250.87,44,0,0.0,261.85
August,5,7:30,20,0,0.0,276.9,50,0,0.0,271.07,156,0,0.0,262.76,74,0,0.0,271.36
August,5,8:00,50,2,0.04,269.43,94,1,0.010638,279.12,269,0,0.0,281.25,127,0,0.0,273.16
August,5,8:30,87,7,0.08046,281.39,149,2,0.013423,294.02,402,0,0.0,295.65,190,0,0.0,277.62
August,5,9:00,129,8,0.062016,296.38,217,1,0.004608,300.81,575,1,0.001739,305.44,272,0,0.0,285.0
August,5,9:30,169,5,0.029586,298.88,280,0,0.0,309.52,723,5,0.006916,312.78,339,2,0.0059,295.55
August,5,10:00,199,1,0.005025,299.05,337,2,0.005935,315.1,848,10,0.011792,317.73,404,6,0.014851,303.62
August,5,10:30,223,1,0.004484,299.61,379,7,0.01847,322.46,946,16,0.016913,324.27,451,11,0.02439,308.25
August,5,11:00,237,3,0.012658,302.75,422,6,0.014218,327.49,1014,14,0.013807,328.63,488,10,0.020492,315.24
August,5,11:30,249,2,0.008032,303.55,451,9,0.019956,330.1,1051,14,0.013321,330.15,520,9,0.017308,315.54
August,5,12:00,253,4,0.01581,303.47,479,6,0.012526,336.02,1060,23,0.021698,332.44,540,8,0.014815,316.24
August,5,12:30,255,7,0.027451,299.51,497,5,0.01006,339.22,1066,27,0.025328,335.86,543,11,0.020258,316.48
August,5,13:00,255,2,0.007843,303.06,519,3,0.00578,339.3,1066,14,0.013133,337.01,542,10,0.01845,316.89
August,5,13:30,255,0,0.0,307.97,531,7,0.013183,335.33,1065,10,0.00939,339.58,544,10,0.018382,318.18
August,5,14:00,261,0,0.0,307.05,556,7,0.01259,334.0,1081,11,0.010176,342.01,559,9,0.0161,317.69
August,5,14:30,264,0,0.0,310.63,565,4,0.00708,336.23,1085,12,0.01106,345.29,560,6,0.010714,316.85
August,5,15:00,262,0,0.0,313.34,563,3,0.005329,333.97,1075,9,0.008372,344.53,558,4,0.007168,318.16
August,5,15:30,261,0,0.0,308.62,556,4,0.007194,333.56,1064,6,0.005639,344.99,562,4,0.007117,318.94
August,5,16:00,264,0,0.0,311.19,552,5,0.009058,339.76,1053,6,0.005698,344.23,565,4,0.00708,322.62
August,5,16:30,251,0,0.0,311.46,530,5,0.009434,342.05,1034,6,0.005803,342.16,547,4,0.007313,323.65
August,5,17:00,223,0,0.0,308.24,502,5,0.00996,343.99,980,8,0.008163,344.19,510,3,0.005882,319.69
August,5,17:30,192,0,0.0,305.34,484,5,0.010331,343.38,915,11,0.012022,343.01,482,2,0.004149,318.54
August,5,18:00,174,0,0.0,305.8,456,5,0.010965,338.93,848,13,0.01533,340.94,444,3,0.006757,325.09
August,5,18:30,146,0,0.0,309.77,411,4,0.009732,335.75,744,8,0.010753,340.07,395,2,0.005063,323.86
August,5,19:00,102,0,0.0,318.02,367,4,0.010899,332.79,665,5,0.007519,339.37,358,3,0.00838,321.29
August,5,19:30,76,2,0.026316,311.62,334,5,0.01497,331.78,587,5,0.008518,337.91,325,6,0.018462,325.58
August,5,20:00,59,8,0.135593,312.29,290,8,0.027586,326.31,503,6,0.011928,338.96,287,5,0.017422,321.8
August,5,20:30,50,10,0.2,314.95,246,7,0.028455,320.76,436,4,0.009174,336.79,248,3,0.012097,316.48
August,5,21:00,38,6,0.157895,307.25,203,3,0.014778,318.44,368,1,0.002717,335.48,204,1,0.004902,320.9
August,5,21:30,28,2,0.071429,288.84,169,1,0.005917,319.8,308,0,0.0,334.25,174,0,0.0,326.12
August,5,22:00,22,4,0.181818,276.61,134,0,0.0,322.39,252,1,0.003968,329.56,141,0,0.0,328.83
August,5,22:30,15,13,0.866667,273.88,106,0,0.0,315.94,200,1,0.005,323.57,116,0,0.0,324.95
August,5,23:00,12,7,0.583333,293.55,81,0,0.0,304.65,152,0,0.0,319.83,89,0,0.0,325.92
August,5,23:30,9,1,0.111111,289.49,61,0,0.0,286.48,118,0,0.0,319.2,73,0,0.0,327.8
August,6,0:00,4,0,0.0,308.41,36,0,0.0,333.3,75,0,0.0,360.59,43,0,0.0,338.24
August,6,0:30,3,0,0.0,349.62,26,0,0.0,327.57,56,0,0.0,356.48,33,0,0.0,352.05
August,6,1:00,2,0,0.0,268.5,13,0,0.0,301.56,38,0,0.0,361.54,25,0,0.0,345.27
August,6,1:30,2,0,0.0,274.17,6,0,0.0,282.46,28,0,0.0,355.95,19,0,0.0,344.52
August,6,2:00,2,0,0.0,299.05,4,0,0.0,345.03,20,0,0.0,329.88,12,0,0.0,361.48
August,6,2:30,1,0,0.0,344.18,4,0,0.0,377.63,17,0,0.0,316.96,9,0,0.0,368.51
August,6,3:00,1,0,0.0,400.64,4,0,0.0,380.03,12,0,0.0,326.29,3,0,0.0,349.22
August,6,3:30,1,0,0.0,345.76,3,0,0.0,325.98,12,0,0.0,356.31,1,0,0.0,317.01
August,6,4:00,1,0,0.0,281.62,3,0,0.0,307.69,11,0,0.0,358.17,0,0,0.0,353.03
August,6,4:30,1,0,0.0,300.19,3,0,0.0,312.41,12,0,0.0,337.57,0,0,0.0,485.26
August,6,5:00,1,0,0.0,371.89,3,0,0.0,395.46,14,0,0.0,309.06,1,0,0.0,464.51
August,6,5:30,2,0,0.0,298.87,3,0,0.0,435.83,19,0,0.0,280.15,3,0,0.0,310.5
August,6,6:00,2,0,0.0,273.72,5,2,0.4,370.91,31,0,0.0,270.58,13,0,0.0,262.77
August,6,6:30,4,0,0.0,285.64,10,5,0.5,300.32,54,0,0.0,270.83,26,1,0.038462,274.48
August,6,7:00,8,0,0.0,308.13,27,4,0.148148,272.47,96,0,0.0,286.18,45,0,0.0,263.51
August,6,7:30,18,1,0.055556,323.6,49,7,0.142857,306.48,159,0,0.0,295.75,77,0,0.0,280.38
August,6,8:00,45,2,0.044444,314.66,89,4,0.044944,320.79,274,2,0.007299,308.15,130,0,0.0,301.06
August,6,8:30,78,4,0.051282,339.77,139,4,0.028777,328.53,404,8,0.019802,323.67,194,0,0.0,304.77
August,6,9:00,114,4,0.035088,339.24,206,2,0.009709,335.69,572,15,0.026224,335.27,278,2,0.007194,302.99
August,6,9:30,143,2,0.013986,340.36,265,5,0.018868,342.28,712,18,0.025281,341.17,333,5,0.015015,314.35
August,6,10:00,168,1,0.005952,337.92,313,17,0.054313,349.65,821,19,0.023143,344.38,386,14,0.036269,322.59
August,6,10:30,189,0,0.0,337.57,347,28,0.080692,362.06,918,33,0.035948,354.05,428,23,0.053738,331.31
August,6,11:00,203,0,0.0,337.94,388,14,0.036082,369.1,966,24,0.024845,360.36,467,12,0.025696,334.59
August,6,11:30,210,1,0.004762,336.44,421,15,0.035629,371.08,992,15,0.015121,363.55,489,9,0.018405,336.2
August,6,12:00,211,2,0.009479,346.96,451,8,0.017738,372.32,1009,25,0.024777,363.52,504,8,0.015873,335.75
August,6,12:30,212,1,0.004717,345.36,462,9,0.019481,372.44,1016,45,0.044291,366.37,514,9,0.01751,334.65
August,6,13:00,214,0,0.0,343.61,473,10,0.021142,365.11,1016,24,0.023622,365.37,518,8,0.015444,338.39
August,6,13:30,212,0,0.0,342.05,482,10,0.020747,367.18,1017,16,0.015733,364.86,526,5,0.009506,335.53
August,6,14:00,214,0,0.0,342.93,495,7,0.014141,371.21,1019,17,0.016683,366.89,541,4,0.007394,336.57
August,6,14:30,215,0,0.0,347.18,499,10,0.02004,375.96,1022,19,0.018591,369.34,540,6,0.011111,345.83
August,6,15:00,215,0,0.0,345.91,500,7,0.014,373.49,1004,16,0.015936,373.08,534,6,0.011236,350.7
August,6,15:30,214,1,0.004673,350.21,501,7,0.013972,372.33,996,18,0.018072,378.11,529,8,0.015123,348.63
August,6,16:00,210,0,0.0,355.22,496,6,0.012097,371.62,980,11,0.011224,377.61,520,9,0.017308,346.27
August,6,16:30,199,0,0.0,352.82,477,4,0.008386,373.66,946,9,0.009514,375.31,506,7,0.013834,345.04
August,6,17:00,180,0,0.0,349.78,454,2,0.004405,375.22,898,14,0.01559,373.2,489,8,0.01636,340.99
August,6,17:30,160,0,0.0,341.75,435,6,0.013793,373.61,841,19,0.022592,374.58,454,7,0.015419,343.91
August,6,18:00,145,0,0.0,343.2,404,10,0.024752,371.17,771,15,0.019455,380.45,410,6,0.014634,339.63
August,6,18:30,120,0,0.0,362.23,358,5,0.013966,371.24,688,12,0.017442,380.57,367,7,0.019074,342.04
August,6,19:00,82,0,0.0,361.54,324,7,0.021605,372.27,616,12,0.019481,372.09,337,9,0.026706,343.75
August,6,19:30,61,0,0.0,347.74,294,9,0.030612,374.01,540,11,0.02037,366.02,304,10,0.032895,350.95
August,6,20:00,48,0,0.0,329.43,259,9,0.034749,371.22,465,8,0.017204,367.13,272,10,0.036765,347.27
August,6,20:30,40,0,0.0,322.48,221,4,0.0181,364.09,398,7,0.017588,369.02,233,8,0.034335,338.19
August,6,21:00,32,1,0.03125,325.0,182,4,0.021978,361.29,336,2,0.005952,368.04,194,12,0.061856,340.76
August,6,21:30,24,0,0.0,323.24,151,1,0.006623,359.24,281,0,0.0,362.48,165,7,0.042424,340.43
August,6,22:00,18,0,0.0,319.58,121,0,0.0,340.66,228,0,0.0,357.22,133,1,0.007519,339.18
August,6,22:30,13,0,0.0,314.65,95,0,0.0,336.99,178,0,0.0,342.63,111,0,0.0,337.33
August,6,23:00,11,0,0.0,324.4,72,0,0.0,331.96,138,0,0.0,342.75,85,0,0.0,330.45
August,6,23:30,8,0,0.0,296.13,57,0,0.0,330.68,112,0,0.0,345.34,69,0,0.0,321.82
August,7,0:00,5,0,0.0,367.79,34,0,0.0,313.91,73,0,0.0,344.12,40,0,0.0,348.49
August,7,0:30,3,0,0.0,374.85,25,0,0.0,301.78,57,0,0.0,335.13,32,0,0.0,355.98
August,7,1:00,3,0,0.0,318.09,13,0,0.0,297.44,41,0,0.0,335.32,24,0,0.0,355.43
August,7,1:30,2,0,0.0,299.38,8,0,0.0,330.13,29,0,0.0,331.24,19,0,0.0,335.27
August,7,2:00,1,0,0.0,305.23,5,0,0.0,384.55,21,0,0.0,259.96,14,0,0.0,315.44
August,7,2:30,1,0,0.0,327.42,4,0,0.0,383.75,17,0,0.0,226.85,9,0,0.0,303.03
August,7,3:00,1,0,0.0,467.64,4,0,0.0,300.7,13,0,0.0,288.9,3,0,0.0,304.66
August,7,3:30,1,0,0.0,286.77,4,0,0.0,278.44,12,0,0.0,328.07,1,0,0.0,294.44
August,7,4:00,1,0,0.0,230.44,3,0,0.0,327.82,12,0,0.0,303.17,1,0,0.0,292.55
August,7,4:30,1,0,0.0,246.25,3,0,0.0,480.8,12,0,0.0,283.0,1,0,0.0,305.55
August,7,5:00,1,0,0.0,253.77,3,0,0.0,331.84,14,0,0.0,271.76,1,0,0.0,358.74
August,7,5:30,2,0,0.0,349.45,4,0,0.0,275.08,20,0,0.0,279.94,3,0,0.0,400.76
August,7,6:00,3,2,0.666667,336.9,6,1,0.166667,279.63,33,0,0.0,279.88,13,0,0.0,297.25
August,7,6:30,5,5,1.0,319.75,10,2,0.2,347.14,56,1,0.017857,274.23,24,1,0.041667,270.25
August,7,7:00,10,6,0.6,332.42,25,1,0.04,317.39,97,1,0.010309,275.27,42,0,0.0,276.54
August,7,7:30,19,4,0.210526,319.24,46,1,0.021739,307.89,156,1,0.00641,285.26,73,0,0.0,268.15
August,7,8:00,47,2,0.042553,317.34,84,1,0.011905,320.92,266,1,0.003759,308.57,126,0,0.0,278.33
August,7,8:30,81,2,0.024691,335.31,133,1,0.007519,329.67,390,1,0.002564,319.47,189,0,0.0,294.73
August,7,9:00,115,1,0.008696,343.8,198,1,0.005051,330.07,546,2,0.003663,328.89,259,1,0.003861,303.22
August,7,9:30,146,1,0.006849,340.34,248,1,0.004032,336.03,684,3,0.004386,337.46,316,3,0.009494,311.89
August,7,10:00,174,2,0.011494,335.66,298,1,0.003356,342.44,798,5,0.006266,347.19,369,3,0.00813,318.82
August,7,10:30,200,3,0.015,340.27,341,3,0.008798,354.16,887,8,0.009019,356.24,410,4,0.009756,322.05
August,7,11:00,215,1,0.004651,342.07,370,4,0.010811,359.53,942,9,0.009554,360.33,444,3,0.006757,327.33
August,7,11:30,222,0,0.0,344.51,406,7,0.017241,356.37,971,8,0.008239,362.72,459,1,0.002179,329.59
August,7,12:00,226,0,0.0,344.16,434,6,0.013825,359.37,971,7,0.007209,364.22,473,2,0.004228,326.0
August,7,12:30,227,0,0.0,339.03,440,5,0.011364,365.02,968,11,0.011364,366.36,479,3,0.006263,325.08
August,7,13:00,224,0,0.0,344.73,448,5,0.011161,360.7,961,10,0.010406,367.31,480,4,0.008333,329.45
August,7,13:30,225,0,0.0,351.63,461,8,0.017354,357.56,966,6,0.006211,364.88,488,4,0.008197,329.7
August,7,14:00,230,0,0.0,353.67,482,5,0.010373,361.13,983,9,0.009156,367.46,507,5,0.009862,331.58
August,7,14:30,231,1,0.004329,356.73,487,4,0.008214,364.39,992,18,0.018145,370.93,506,4,0.007905,336.94
August,7,15:00,232,4,0.017241,360.42,479,3,0.006263,367.79,979,8,0.008172,370.49,499,3,0.006012,341.29
August,7,15:30,229,7,0.030568,360.62,477,3,0.006289,368.83,974,3,0.00308,371.18,497,2,0.004024,338.83
August,7,16:00,228,4,0.017544,358.69,472,2,0.004237,366.36,954,4,0.004193,373.38,497,2,0.004024,336.38
August,7,16:30,219,1,0.004566,355.98,456,2,0.004386,363.81,917,4,0.004362,376.3,479,1,0.002088,339.92
August,7,17:00,196,0,0.0,355.41,434,1,0.002304,365.95,870,4,0.004598,373.02,451,1,0.002217,338.88
August,7,17:30,170,1,0.005882,355.23,410,2,0.004878,366.3,811,5,0.006165,370.67,417,1,0.002398,337.37
August,7,18:00,151,0,0.0,354.94,389,3,0.007712,364.43,739,4,0.005413,373.8,379,1,0.002639,341.11
August,7,18:30,127,0,0.0,352.99,351,2,0.005698,364.33,655,4,0.006107,377.14,342,2,0.005848,335.38
August,7,19:00,89,0,0.0,353.84,317,2,0.006309,360.64,586,8,0.013652,374.73,315,4,0.012698,331.54
August,7,19:30,67,0,0.0,341.5,285,2,0.007018,364.97,520,12,0.023077,379.1,286,6,0.020979,332.44
August,7,20:00,53,1,0.018868,345.7,245,2,0.008163,368.7,453,9,0.019868,375.42,256,4,0.015625,326.49
August,7,20:30,44,2,0.045455,352.24,212,1,0.004717,357.87,391,5,0.012788,369.28,221,2,0.00905,328.48
August,7,21:00,33,1,0.030303,333.61,176,0,0.0,356.09,327,1,0.003058,368.71,183,2,0.010929,330.09
August,7,21:30,25,0,0.0,334.88,144,0,0.0,352.84,270,0,0.0,366.54,157,1,0.006369,327.14
August,7,22:00,19,1,0.052632,325.02,115,1,0.008696,343.51,219,0,0.0,352.09,126,1,0.007937,332.23
August,7,22:30,14,2,0.142857,325.67,91,0,0.0,334.91,170,0,0.0,345.96,102,1,0.009804,323.46
August,7,23:00,11,1,0.090909,340.95,69,0,0.0,334.27,132,0,0.0,346.78,80,0,0.0,326.46
August,7,23:30,9,0,0.0,363.04,53,0,0.0,324.33,106,0,0.0,343.65,65,0,0.0,335.15
August,8,0:00,6,0,0.0,411.54,33,0,0.0,324.87,73,0,0.0,365.79,42,0,0.0,343.99
August,8,0:30,5,0,0.0,357.64,26,0,0.0,340.23,55,0,0.0,345.78,33,0,0.0,338.7
August,8,1:00,3,0,0.0,295.04,13,0,0.0,367.48,39,0,0.0,340.05,25,0,0.0,352.01
August,8,1:30,3,0,0.0,261.09,8,0,0.0,309.35,28,0,0.0,333.02,20,0,0.0,328.23
August,8,2:00,2,0,0.0,262.99,6,0,0.0,330.86,21,0,0.0,333.44,14,0,0.0,340.54
August,8,2:30,1,0,0.0,240.56,5,0,0.0,351.77,17,0,0.0,349.78,10,0,0.0,362.4
August,8,3:00,1,0,0.0,168.96,5,0,0.0,385.3,12,0,0.0,359.75,5,0,0.0,363.92
August,8,3:30,1,0,0.0,114.81,4,0,0.0,373.94,11,0,0.0,371.37,2,0,0.0,211.55
August,8,4:00,1,0,0.0,131.92,4,0,0.0,293.52,12,0,0.0,329.5,2,0,0.0,185.32
August,8,4:30,1,0,0.0,290.52,4,0,0.0,236.32,13,0,0.0,329.65,2,0,0.0,265.28
August,8,5:00,1,0,0.0,290.65,3,0,0.0,252.88,16,0,0.0,327.21,2,0,0.0,305.06
August,8,5:30,2,0,0.0,226.07,4,0,0.0,258.94,19,0,0.0,319.24,4,0,0.0,324.92
August,8,6:00,2,1,0.5,232.14,6,1,0.166667,294.15,32,0,0.0,295.19,13,0,0.0,284.29
August,8,6:30,4,4,1.0,280.95,11,2,0.181818,325.86,54,1,0.018519,280.82,26,1,0.038462,274.24
August,8,7:00,10,7,0.7,307.48,29,1,0.034483,293.43,92,1,0.01087,279.54,45,1,0.022222,279.89
August,8,7:30,19,4,0.210526,312.21,50,1,0.02,289.22,153,2,0.013072,281.14,76,1,0.013158,291.39
August,8,8:00,47,1,0.021277,302.72,93,0,0.0,300.17,263,1,0.003802,296.68,130,1,0.007692,292.69
August,8,8:30,83,0,0.0,310.12,137,1,0.007299,320.56,386,0,0.0,315.55,187,1,0.005348,297.47
August,8,9:00,122,0,0.0,320.49,198,1,0.005051,338.97,540,2,0.003704,322.87,259,2,0.007722,308.27
August,8,9:30,153,0,0.0,328.37,245,1,0.004082,345.94,673,5,0.007429,327.01,322,4,0.012422,317.35
August,8,10:00,176,0,0.0,335.8,301,1,0.003322,351.89,776,9,0.011598,338.05,375,5,0.013333,319.86
August,8,10:30,206,1,0.004854,338.24,343,2,0.005831,352.98,859,14,0.016298,347.05,413,6,0.014528,330.94
August,8,11:00,220,0,0.0,338.33,376,3,0.007979,357.5,914,11,0.012035,353.96,443,5,0.011287,336.21
August,8,11:30,230,1,0.004348,336.33,410,5,0.012195,365.81,953,13,0.013641,355.65,467,5,0.010707,334.95
August,8,12:00,238,3,0.012605,334.65,447,4,0.008949,368.59,967,19,0.019648,355.65,478,4,0.008368,334.99
August,8,12:30,238,1,0.004202,343.27,456,4,0.008772,370.71,969,17,0.017544,359.2,487,4,0.008214,343.48
August,8,13:00,238,1,0.004202,349.43,468,4,0.008547,363.08,965,11,0.011399,366.25,491,3,0.00611,346.76
August,8,13:30,241,0,0.0,346.78,477,4,0.008386,361.12,965,10,0.010363,367.18,500,5,0.01,344.64
August,8,14:00,243,1,0.004115,344.87,498,5,0.01004,367.6,979,11,0.011236,367.68,514,7,0.013619,341.68
August,8,14:30,248,3,0.012097,344.57,508,5,0.009843,369.25,978,12,0.01227,366.52,511,8,0.015656,344.58
August,8,15:00,247,5,0.020243,340.56,510,3,0.005882,371.41,969,15,0.01548,366.88,507,6,0.011834,348.25
August,8,15:30,250,6,0.024,345.28,504,3,0.005952,370.54,961,17,0.01769,368.34,505,5,0.009901,346.6
August,8,16:00,245,2,0.008163,348.58,501,3,0.005988,376.08,944,9,0.009534,368.44,516,4,0.007752,346.98
August,8,16:30,229,0,0.0,350.2,485,2,0.004124,372.98,902,6,0.006652,368.32,496,3,0.006048,345.28
August,8,17:00,201,0,0.0,347.35,463,2,0.00432,367.92,850,6,0.007059,368.58,460,2,0.004348,349.37
August,8,17:30,177,0,0.0,343.65,430,3,0.006977,369.69,781,6,0.007682,369.48,418,2,0.004785,342.46
August,8,18:00,158,0,0.0,347.68,400,3,0.0075,372.89,691,5,0.007236,371.64,378,1,0.002646,339.59
August,8,18:30,131,1,0.007634,363.34,355,2,0.005634,366.19,620,4,0.006452,370.84,337,2,0.005935,341.92
August,8,19:00,92,0,0.0,364.92,323,3,0.009288,362.05,552,4,0.007246,364.37,304,4,0.013158,343.13
August,8,19:30,68,0,0.0,351.5,287,2,0.006969,353.95,483,4,0.008282,365.51,272,4,0.014706,343.35
August,8,20:00,53,0,0.0,344.14,245,2,0.008163,358.32,413,5,0.012107,362.43,233,3,0.012876,337.31
August,8,20:30,43,0,0.0,335.09,217,1,0.004608,360.5,350,2,0.005714,357.15,204,3,0.014706,330.4
August,8,21:00,32,0,0.0,337.9,183,1,0.005464,351.37,295,0,0.0,358.21,171,6,0.035088,339.04
August,8,21:30,23,0,0.0,327.26,150,1,0.006667,342.4,243,0,0.0,355.95,146,5,0.034247,346.0
August,8,22:00,19,1,0.052632,333.32,118,0,0.0,338.34,197,0,0.0,353.72,119,1,0.008403,335.97
August,8,22:30,14,4,0.285714,353.57,95,0,0.0,333.35,156,0,0.0,351.78,97,0,0.0,321.18
August,8,23:00,11,3,0.272727,322.32,71,0,0.0,340.85,120,0,0.0,342.23,76,0,0.0,316.69
August,8,23:30,9,1,0.111111,258.46,59,0,0.0,334.77,97,0,0.0,326.78,62,0,0.0,318.01
August,9,0:00,6,0,0.0,383.62,35,0,0.0,321.96,64,0,0.0,337.78,39,0,0.0,333.7
August,9,0:30,4,0,0.0,391.43,24,0,0.0,347.03,50,0,0.0,339.81,28,0,0.0,340.21
August,9,1:00,3,0,0.0,386.33,11,0,0.0,355.49,38,0,0.0,348.32,22,0,0.0,333.88
August,9,1:30,2,0,0.0,371.64,6,0,0.0,311.87,31,0,0.0,341.18,16,0,0.0,327.64
August,9,2:00,1,0,0.0,244.4,4,0,0.0,289.11,21,0,0.0,333.99,11,0,0.0,322.14
August,9,2:30,1,0,0.0,219.03,3,0,0.0,275.21,15,0,0.0,343.53,7,0,0.0,362.45
August,9,3:00,1,0,0.0,268.52,2,0,0.0,268.21,12,0,0.0,326.29,3,0,0.0,440.05
August,9,3:30,1,0,0.0,206.01,2,0,0.0,179.04,11,0,0.0,315.42,1,0,0.0,349.5
August,9,4:00,1,0,0.0,178.75,2,0,0.0,167.91,11,0,0.0,350.95,0,0,0.0,306.19
August,9,4:30,1,0,0.0,209.66,2,0,0.0,293.08,11,0,0.0,348.73,0,0,0.0,321.39
August,9,5:00,1,0,0.0,240.51,2,0,0.0,281.66,11,0,0.0,348.91,1,0,0.0,431.58
August,9,5:30,1,0,0.0,199.83,2,0,0.0,293.61,13,0,0.0,325.15,2,0,0.0,579.26
August,9,6:00,1,0,0.0,251.51,3,0,0.0,354.0,20,0,0.0,307.14,8,0,0.0,367.21
August,9,6:30,2,0,0.0,292.81,6,0,0.0,346.7,35,0,0.0,289.43,15,0,0.0,279.24
August,9,7:00,6,0,0.0,276.59,11,0,0.0,315.95,61,0,0.0,276.37,27,0,0.0,291.02
August,9,7:30,11,0,0.0,298.03,18,0,0.0,325.45,101,1,0.009901,277.07,45,1,0.022222,307.6
August,9,8:00,28,0,0.0,285.23,32,0,0.0,323.42,170,0,0.0,289.73,76,0,0.0,306.48
August,9,8:30,46,0,0.0,295.33,51,0,0.0,324.4,248,1,0.004032,307.84,113,0,0.0,302.43
August,9,9:00,66,0,0.0,295.97,108,1,0.009259,314.29,344,4,0.011628,314.69,159,1,0.006289,307.23
August,9,9:30,80,0,0.0,295.57,153,1,0.006536,321.68,425,8,0.018824,326.62,201,3,0.014925,301.72
August,9,10:00,101,1,0.009901,306.02,192,1,0.005208,330.23,513,6,0.011696,334.71,242,4,0.016529,306.21
August,9,10:30,124,1,0.008065,312.44,223,2,0.008969,341.06,579,6,0.010363,343.92,282,6,0.021277,314.11
August,9,11:00,138,2,0.014493,312.22,255,2,0.007843,344.54,623,8,0.012841,348.24,314,5,0.015924,322.23
August,9,11:30,145,4,0.027586,311.84,286,2,0.006993,346.45,642,10,0.015576,353.47,330,2,0.006061,326.02
August,9,12:00,155,6,0.03871,321.16,300,2,0.006667,344.93,655,11,0.016794,354.83,346,2,0.00578,331.01
August,9,12:30,162,8,0.049383,323.37,311,3,0.009646,348.74,656,11,0.016768,354.64,356,3,0.008427,329.89
August,9,13:00,162,4,0.024691,329.64,327,5,0.015291,349.42,648,10,0.015432,357.24,359,4,0.011142,329.48
August,9,13:30,158,1,0.006329,335.12,341,5,0.014663,348.0,649,12,0.01849,359.29,356,5,0.014045,326.59
August,9,14:00,154,2,0.012987,336.18,349,5,0.014327,351.29,652,11,0.016871,359.74,354,6,0.016949,329.23
August,9,14:30,153,2,0.013072,333.16,344,3,0.008721,354.92,641,5,0.0078,358.64,355,9,0.025352,330.77
August,9,15:00,150,1,0.006667,328.83,339,2,0.0059,348.0,617,1,0.001621,360.25,343,5,0.014577,322.4
August,9,15:30,148,0,0.0,336.19,338,2,0.005917,344.11,596,0,0.0,357.89,333,3,0.009009,320.51
August,9,16:00,147,0,0.0,340.16,334,1,0.002994,354.36,575,1,0.001739,359.27,322,2,0.006211,329.09
August,9,16:30,136,1,0.007353,326.08,319,1,0.003135,361.63,540,2,0.003704,358.23,301,2,0.006645,328.91
August,9,17:00,122,2,0.016393,331.55,306,1,0.003268,359.34,504,2,0.003968,359.96,280,1,0.003571,329.68
August,9,17:30,105,1,0.009524,340.33,286,1,0.003497,361.26,482,1,0.002075,359.73,260,1,0.003846,331.17
August,9,18:00,98,1,0.010204,345.65,263,2,0.007605,363.83,453,2,0.004415,359.14,242,1,0.004132,335.44
August,9,18:30,82,1,0.012195,351.15,241,2,0.008299,360.92,412,2,0.004854,361.96,219,0,0.0,344.59
August,9,19:00,63,0,0.0,344.29,215,1,0.004651,354.27,372,3,0.008065,361.17,205,0,0.0,343.08
August,9,19:30,49,0,0.0,339.02,190,2,0.010526,346.55,332,4,0.012048,359.13,183,0,0.0,338.24
August,9,20:00,39,0,0.0,318.24,167,3,0.017964,343.94,294,3,0.010204,359.6,159,0,0.0,326.48
August,9,20:30,31,0,0.0,305.74,145,2,0.013793,330.63,251,2,0.007968,357.61,143,1,0.006993,320.08
August,9,21:00,24,0,0.0,319.17,120,1,0.008333,325.11,211,1,0.004739,356.5,121,2,0.016529,321.73
August,9,21:30,17,0,0.0,340.79,102,1,0.009804,328.28,173,0,0.0,350.95,102,1,0.009804,326.01
August,9,22:00,13,0,0.0,372.6,80,0,0.0,326.69,144,0,0.0,340.63,88,0,0.0,323.98
August,9,22:30,9,0,0.0,344.93,64,0,0.0,325.27,119,0,0.0,335.14,74,0,0.0,323.63
August,9,23:00,7,0,0.0,339.97,49,0,0.0,308.98,94,0,0.0,332.8,59,0,0.0,317.21
August,9,23:30,6,0,0.0,299.19,39,0,0.0,308.42,82,0,0.0,329.84,50,0,0.0,303.47
August,10,0:00,2,0,0.0,421.9,30,0,0.0,300.11,53,0,0.0,325.39,35,0,0.0,320.12
August,10,0:30,2,0,0.0,443.98,22,0,0.0,304.38,42,0,0.0,333.66,25,0,0.0,319.49
August,10,1:00,2,0,0.0,408.81,10,0,0.0,336.89,32,0,0.0,310.35,19,0,0.0,352.16
August,10,1:30,2,0,0.0,356.15,7,0,0.0,359.59,26,0,0.0,302.51,15,0,0.0,378.41
August,10,2:00,1,0,0.0,322.54,5,0,0.0,404.78,19,0,0.0,316.33,11,0,0.0,378.28
August,10,2:30,1,0,0.0,297.32,3,0,0.0,411.32,14,0,0.0,319.49,7,0,0.0,388.39
August,10,3:00,1,0,0.0,259.59,3,0,0.0,343.5,12,0,0.0,339.06,3,0,0.0,377.62
August,10,3:30,1,0,0.0,277.16,2,0,0.0,235.13,9,0,0.0,386.56,1,0,0.0,328.11
August,10,4:00,1,0,0.0,361.63,1,0,0.0,188.57,9,0,0.0,411.41,0,0,0.0,315.4
August,10,4:30,1,0,0.0,311.83,1,0,0.0,265.01,8,0,0.0,387.31,0,0,0.0,362.46
August,10,5:00,1,0,0.0,308.56,1,0,0.0,380.95,9,0,0.0,342.41,0,0,0.0,426.7
August,10,5:30,1,0,0.0,337.3,2,0,0.0,423.88,10,0,0.0,284.15,1,0,0.0,290.56
August,10,6:00,2,0,0.0,291.41,2,0,0.0,329.35,16,0,0.0,274.39,5,0,0.0,234.7
August,10,6:30,2,0,0.0,264.49,3,0,0.0,299.33,25,0,0.0,273.35,10,0,0.0,275.85
August,10,7:00,4,0,0.0,311.03,7,0,0.0,298.57,41,0,0.0,277.45,17,0,0.0,317.65
August,10,7:30,6,0,0.0,338.98,11,0,0.0,303.61,66,0,0.0,280.6,29,0,0.0,324.29
August,10,8:00,10,0,0.0,299.65,19,0,0.0,293.02,104,0,0.0,288.16,45,0,0.0,317.85
August,10,8:30,14,0,0.0,292.72,30,0,0.0,308.57,146,0,0.0,300.89,64,0,0.0,325.94
August,10,9:00,17,0,0.0,286.2,58,0,0.0,317.22,187,0,0.0,310.32,88,0,0.0,318.15
August,10,9:30,21,0,0.0,309.66,78,0,0.0,322.39,230,0,0.0,308.08,108,2,0.018519,309.17
August,10,10:00,24,0,0.0,313.26,97,0,0.0,320.81,283,0,0.0,308.66,127,9,0.070866,321.31
August,10,10:30,33,0,0.0,307.08,111,0,0.0,326.34,329,0,0.0,315.43,151,13,0.086093,335.67
August,10,11:00,33,0,0.0,309.8,123,3,0.02439,324.43,361,0,0.0,325.92,164,8,0.04878,331.4
August,10,11:30,37,0,0.0,314.88,142,7,0.049296,325.56,397,0,0.0,328.19,178,4,0.022472,329.28
August,10,12:00,50,0,0.0,313.32,161,5,0.031056,324.63,426,6,0.014085,326.04,192,2,0.010417,327.31
August,10,12:30,59,1,0.016949,314.19,183,9,0.04918,325.15,433,23,0.053118,327.38,195,3,0.015385,325.69
August,10,13:00,72,2,0.027778,315.64,205,10,0.04878,321.63,442,38,0.085973,335.06,197,7,0.035533,331.99
August,10,13:30,76,1,0.013158,314.58,215,12,0.055814,325.35,444,46,0.103604,336.83,206,7,0.033981,331.73
August,10,14:00,80,1,0.0125,319.52,228,8,0.035088,329.66,446,28,0.06278,339.17,207,3,0.014493,332.32
August,10,14:30,81,2,0.024691,322.68,229,2,0.008734,332.79,444,9,0.02027,338.9,208,4,0.019231,331.77
August,10,15:00,80,1,0.0125,323.7,235,0,0.0,330.79,444,1,0.002252,341.12,206,3,0.014563,335.36
August,10,15:30,81,1,0.012346,318.17,241,2,0.008299,329.31,434,0,0.0,340.44,208,5,0.024038,334.37
August,10,16:00,80,0,0.0,310.94,236,5,0.021186,330.12,426,0,0.0,337.66,200,3,0.015,343.51
August,10,16:30,76,0,0.0,301.59,224,3,0.013393,329.99,412,0,0.0,342.1,196,5,0.02551,342.65
August,10,17:00,67,0,0.0,300.29,216,5,0.023148,330.28,388,0,0.0,340.63,186,2,0.010753,345.02
August,10,17:30,59,0,0.0,302.43,206,3,0.014563,327.22,365,0,0.0,335.1,177,1,0.00565,340.06
August,10,18:00,48,0,0.0,317.14,193,4,0.020725,327.41,327,0,0.0,335.78,167,2,0.011976,331.86
August,10,18:30,38,0,0.0,309.38,173,8,0.046243,322.21,304,0,0.0,335.76,154,1,0.006494,329.07
August,10,19:00,30,0,0.0,300.99,156,11,0.070513,317.11,279,0,0.0,337.5,144,0,0.0,332.5
August,10,19:30,26,0,0.0,297.38,141,7,0.049645,326.42,254,0,0.0,335.8,141,1,0.007092,342.62
August,10,20:00,26,0,0.0,313.35,124,2,0.016129,324.11,233,0,0.0,328.76,129,2,0.015504,340.49
August,10,20:30,22,0,0.0,314.89,111,0,0.0,320.08,212,0,0.0,331.06,117,1,0.008547,336.51
August,10,21:00,19,0,0.0,323.28,98,0,0.0,320.85,184,0,0.0,333.12,94,0,0.0,339.08
August,10,21:30,15,0,0.0,347.0,84,0,0.0,326.7,159,0,0.0,327.9,84,0,0.0,344.05
August,10,22:00,13,1,0.076923,313.99,69,0,0.0,321.89,137,0,0.0,327.21,75,0,0.0,340.65
August,10,22:30,12,2,0.166667,329.76,55,0,0.0,307.09,119,0,0.0,325.97,64,1,0.015625,335.98
August,10,23:00,8,1,0.125,365.53,44,0,0.0,280.44,94,0,0.0,323.87,53,0,0.0,344.84
August,10,23:30,7,0,0.0,321.76,37,0,0.0,280.79,81,0,0.0,320.83,49,0,0.0,367.68
August,11,0:00,4,0,0.0,360.31,25,0,0.0,349.03,55,0,0.0,330.34,33,0,0.0,324.26
August,11,0:30,3,0,0.0,346.47,21,0,0.0,338.17,46,0,0.0,325.17,26,0,0.0,324.82
August,11,1:00,2,0,0.0,368.5,11,0,0.0,359.59,34,0,0.0,325.96,19,0,0.0,335.39
August,11,1:30,2,0,0.0,357.01,6,0,0.0,350.6,24,0,0.0,328.38,14,0,0.0,322.02
August,11,2:00,2,0,0.0,397.46,5,0,0.0,301.43,17,0,0.0,318.04,10,0,0.0,314.2
August,11,2:30,1,0,0.0,327.51,4,0,0.0,301.39,14,0,0.0,340.09,8,0,0.0,328.58
August,11,3:00,0,0,0.0,256.43,4,0,0.0,350.69,12,0,0.0,334.78,5,0,0.0,354.43
August,11,3:30,1,0,0.0,185.85,3,0,0.0,420.12,11,0,0.0,326.0,4,0,0.0,318.3
August,11,4:00,1,0,0.0,186.23,3,0,0.0,335.94,10,0,0.0,313.92,3,0,0.0,314.45
August,11,4:30,1,0,0.0,181.84,3,0,0.0,310.62,10,0,0.0,299.7,4,0,0.0,273.7
August,11,5:00,1,0,0.0,251.33,3,0,0.0,382.87,11,0,0.0,307.67,4,0,0.0,293.81
August,11,5:30,1,0,0.0,289.11,3,0,0.0,400.42,15,0,0.0,276.52,5,0,0.0,296.77
August,11,6:00,2,0,0.0,309.38,4,3,0.75,290.56,25,0,0.0,266.32,11,0,0.0,258.45
August,11,6:30,4,0,0.0,269.11,9,7,0.777778,309.55,45,0,0.0,281.06,20,0,0.0,252.24
August,11,7:00,8,0,0.0,254.17,24,3,0.125,292.12,80,0,0.0,267.57,36,0,0.0,269.85
August,11,7:30,17,0,0.0,297.14,43,0,0.0,280.43,138,0,0.0,272.11,62,0,0.0,276.62
August,11,8:00,44,0,0.0,307.84,82,2,0.02439,287.97,257,0,0.0,292.19,115,1,0.008696,279.07
August,11,8:30,82,1,0.012195,318.18,130,7,0.053846,301.69,398,1,0.002513,308.11,177,3,0.016949,290.34
August,11,9:00,128,5,0.039062,318.48,202,4,0.019802,313.16,562,5,0.008897,323.62,270,8,0.02963,301.32
August,11,9:30,169,7,0.04142,326.94,263,8,0.030418,322.25,720,12,0.016667,337.04,341,21,0.061584,313.68
August,11,10:00,203,2,0.009852,332.25,333,25,0.075075,328.63,862,20,0.023202,341.59,409,22,0.05379,322.51
August,11,10:30,229,0,0.0,329.06,376,47,0.125,338.44,966,19,0.019669,349.39,459,33,0.071895,326.28
August,11,11:00,240,0,0.0,334.53,410,40,0.097561,346.09,1040,23,0.022115,357.45,495,25,0.050505,329.36
August,11,11:30,248,2,0.008065,338.79,440,46,0.104545,349.84,1073,37,0.034483,361.27,524,25,0.04771,331.69
August,11,12:00,252,7,0.027778,333.37,475,39,0.082105,349.19,1100,38,0.034545,360.41,549,29,0.052823,336.0
August,11,12:30,254,4,0.015748,323.8,492,48,0.097561,352.64,1101,30,0.027248,361.96,557,32,0.057451,338.98
August,11,13:00,252,4,0.015873,326.6,505,47,0.093069,352.15,1092,25,0.022894,365.41,553,27,0.048825,340.28
August,11,13:30,252,1,0.003968,336.82,515,55,0.106796,345.98,1090,32,0.029358,369.95,559,21,0.037567,334.95
August,11,14:00,256,3,0.011719,337.96,538,40,0.074349,346.07,1107,33,0.02981,371.51,578,19,0.032872,333.36
August,11,14:30,259,9,0.034749,339.66,542,31,0.057196,349.04,1114,33,0.029623,371.41,588,19,0.032313,339.2
August,11,15:00,261,11,0.042146,339.37,541,25,0.046211,350.09,1116,19,0.017025,370.52,587,16,0.027257,340.88
August,11,15:30,264,12,0.045455,342.43,546,18,0.032967,350.13,1112,9,0.008094,371.58,581,18,0.030981,343.44
August,11,16:00,258,4,0.015504,342.07,546,16,0.029304,354.23,1106,9,0.008137,369.42,582,14,0.024055,348.35
August,11,16:30,247,1,0.004049,338.34,535,18,0.033645,357.76,1074,9,0.00838,370.05,568,16,0.028169,352.1
August,11,17:00,226,3,0.013274,340.68,511,16,0.031311,356.55,1013,8,0.007897,369.95,542,13,0.023985,351.65
August,11,17:30,203,1,0.004926,335.11,481,16,0.033264,358.96,941,13,0.013815,369.5,506,12,0.023715,343.87
August,11,18:00,174,0,0.0,333.15,444,22,0.04955,358.42,870,14,0.016092,369.59,462,8,0.017316,345.87
August,11,18:30,146,0,0.0,342.59,408,30,0.073529,356.77,769,10,0.013004,373.46,409,7,0.017115,345.82
August,11,19:00,104,0,0.0,342.68,367,23,0.06267,353.21,680,14,0.020588,376.94,372,15,0.040323,339.45
August,11,19:30,79,0,0.0,341.49,337,25,0.074184,345.21,607,15,0.024712,375.22,342,25,0.073099,340.98
August,11,20:00,60,1,0.016667,338.73,296,37,0.125,341.5,531,15,0.028249,372.37,299,23,0.076923,337.12
August,11,20:30,47,6,0.12766,343.27,246,24,0.097561,337.23,449,7,0.01559,366.16,256,13,0.050781,336.2
August,11,21:00,37,9,0.243243,339.05,202,16,0.079208,335.05,376,1,0.00266,360.47,212,10,0.04717,336.73
August,11,21:30,29,3,0.103448,325.16,166,5,0.03012,339.29,317,0,0.0,353.01,178,5,0.02809,343.94
August,11,22:00,22,5,0.227273,327.46,131,0,0.0,333.64,252,0,0.0,347.36,145,1,0.006897,339.25
August,11,22:30,16,13,0.8125,336.38,103,0,0.0,323.77,196,0,0.0,339.52,120,1,0.008333,341.64
August,11,23:00,13,5,0.384615,329.64,77,0,0.0,305.75,151,0,0.0,338.42,95,2,0.021053,346.44
August,11,23:30,10,0,0.0,332.5,60,0,0.0,296.19,119,0,0.0,350.1,74,1,0.013514,334.79
August,12,0:00,4,0,0.0,332.12,30,0,0.0,308.24,73,0,0.0,338.98,45,0,0.0,320.74
August,12,0:30,4,0,0.0,312.02,23,0,0.0,313.15,56,0,0.0,337.51,34,0,0.0,346.15
August,12,1:00,3,0,0.0,329.36,12,0,0.0,318.83,40,0,0.0,329.76,25,0,0.0,367.2
August,12,1:30,2,0,0.0,315.27,7,0,0.0,306.24,29,0,0.0,301.98,19,0,0.0,351.87
August,12,2:00,2,0,0.0,403.01,4,0,0.0,317.25,21,0,0.0,290.03,13,0,0.0,323.62
August,12,2:30,1,0,0.0,346.33,3,0,0.0,360.24,17,0,0.0,282.42,9,0,0.0,321.62
August,12,3:00,1,0,0.0,257.69,3,0,0.0,322.89,14,0,0.0,286.28,3,0,0.0,335.49
August,12,3:30,1,0,0.0,196.18,3,0,0.0,245.52,13,0,0.0,298.92,1,0,0.0,300.57
August,12,4:00,1,0,0.0,230.08,3,0,0.0,195.3,11,0,0.0,300.22,1,0,0.0,287.75
August,12,4:30,1,0,0.0,288.13,3,0,0.0,207.97,12,0,0.0,282.88,1,0,0.0,299.25
August,12,5:00,1,0,0.0,278.05,3,0,0.0,193.35,13,0,0.0,286.28,1,0,0.0,316.44
August,12,5:30,2,0,0.0,228.89,3,0,0.0,232.1,18,0,0.0,285.88,3,0,0.0,290.99
August,12,6:00,2,0,0.0,230.16,5,4,0.8,274.93,29,0,0.0,258.39,12,0,0.0,241.5
August,12,6:30,4,0,0.0,216.22,9,9,1.0,296.56,51,0,0.0,247.69,22,0,0.0,244.21
August,12,7:00,8,0,0.0,247.54,23,4,0.173913,280.76,89,0,0.0,260.46,41,0,0.0,272.01
August,12,7:30,16,0,0.0,290.17,42,0,0.0,282.59,148,0,0.0,272.8,69,0,0.0,281.89
August,12,8:00,41,3,0.073171,282.34,79,2,0.025316,290.99,254,0,0.0,291.99,118,0,0.0,283.76
August,12,8:30,71,10,0.140845,294.87,125,4,0.032,306.51,380,0,0.0,306.95,177,0,0.0,288.4
August,12,9:00,106,10,0.09434,310.58,182,2,0.010989,313.6,541,7,0.012939,317.11,252,2,0.007937,296.06
August,12,9:30,138,7,0.050725,313.2,235,0,0.0,322.67,680,27,0.039706,324.72,316,7,0.022152,307.02
August,12,10:00,162,2,0.012346,313.38,285,6,0.021053,328.49,798,49,0.061404,329.87,376,19,0.050532,315.4
August,12,10:30,182,2,0.010989,313.97,319,18,0.056426,336.17,891,83,0.093154,336.66,421,36,0.085511,320.22
August,12,11:00,194,5,0.025773,317.25,355,17,0.047887,341.4,956,72,0.075314,341.18,454,32,0.070485,327.47
August,12,11:30,204,3,0.014706,318.09,380,25,0.065789,344.13,990,72,0.072727,342.76,484,28,0.057851,327.79
August,12,12:00,207,6,0.028986,318.01,403,16,0.039702,350.3,998,118,0.118236,345.14,502,26,0.051793,328.51
August,12,12:30,209,9,0.043062,313.86,419,13,0.031026,353.64,1003,137,0.13659,348.69,506,35,0.06917,328.77
August,12,13:00,209,3,0.014354,317.58,437,10,0.022883,353.72,1003,72,0.071785,349.88,504,33,0.065476,329.19
August,12,13:30,209,0,0.0,322.72,446,19,0.042601,349.58,1003,51,0.050847,352.55,505,31,0.061386,330.54
August,12,14:00,215,0,0.0,321.76,469,19,0.040512,348.2,1016,54,0.05315,355.07,521,28,0.053743,330.02
August,12,14:30,217,0,0.0,325.51,476,11,0.023109,350.52,1019,62,0.060844,358.48,522,19,0.036398,329.15
August,12,15:00,215,0,0.0,328.35,475,9,0.018947,348.17,1010,45,0.044554,357.69,520,14,0.026923,330.51
August,12,15:30,215,0,0.0,323.4,469,12,0.025586,347.74,1001,33,0.032967,358.17,524,14,0.026718,331.32
August,12,16:00,217,0,0.0,326.1,465,14,0.030108,354.2,990,30,0.030303,357.38,527,12,0.02277,335.14
August,12,16:30,206,0,0.0,326.38,446,12,0.026906,356.59,971,31,0.031926,355.23,509,14,0.027505,336.21
August,12,17:00,184,0,0.0,323.01,423,13,0.030733,358.61,920,41,0.044565,357.34,475,10,0.021053,332.1
August,12,17:30,159,0,0.0,319.97,408,14,0.034314,357.97,861,58,0.067364,356.11,447,7,0.01566,330.91
August,12,18:00,143,0,0.0,320.45,384,15,0.039062,353.33,796,67,0.084171,353.97,415,8,0.019277,337.71
August,12,18:30,119,0,0.0,324.61,346,11,0.031792,350.02,700,40,0.057143,353.06,369,6,0.01626,336.43
August,12,19:00,84,0,0.0,333.25,309,12,0.038835,346.93,626,27,0.043131,352.34,334,9,0.026946,333.77
August,12,19:30,62,3,0.048387,326.54,281,13,0.046263,345.88,552,27,0.048913,350.82,303,18,0.059406,338.22
August,12,20:00,48,11,0.229167,327.25,246,23,0.093496,340.18,475,30,0.063158,351.91,267,16,0.059925,334.29
August,12,20:30,41,13,0.317073,330.04,207,19,0.091787,334.4,413,19,0.046005,349.66,231,9,0.038961,328.76
August,12,21:00,31,8,0.258065,321.96,171,8,0.046784,331.97,348,5,0.014368,348.29,191,3,0.015707,333.36
August,12,21:30,23,2,0.086957,302.67,142,2,0.014085,333.4,291,2,0.006873,347.02,164,1,0.006098,338.78
August,12,22:00,18,6,0.333333,289.87,113,0,0.0,336.09,238,6,0.02521,342.15,133,1,0.007519,341.59
August,12,22:30,12,12,1.0,287.01,89,0,0.0,329.37,189,6,0.031746,335.93,108,1,0.009259,337.56
August,12,23:00,10,10,1.0,307.62,68,0,0.0,317.6,144,2,0.013889,332.05,84,1,0.011905,338.58
August,12,23:30,7,2,0.285714,303.35,51,0,0.0,298.65,113,0,0.0,331.39,68,0,0.0,340.53
August,13,0:00,4,0,0.0,313.64,32,0,0.0,328.39,73,0,0.0,353.42,40,0,0.0,342.46
August,13,0:30,3,0,0.0,355.55,24,0,0.0,322.75,55,0,0.0,349.39,31,0,0.0,356.44
August,13,1:00,2,0,0.0,273.05,11,0,0.0,297.12,37,0,0.0,354.34,23,0,0.0,349.57
August,13,1:30,2,0,0.0,278.81,6,0,0.0,278.3,27,0,0.0,348.86,17,0,0.0,348.81
August,13,2:00,1,0,0.0,304.12,4,0,0.0,339.95,20,0,0.0,323.31,11,0,0.0,365.98
August,13,2:30,1,0,0.0,350.01,4,0,0.0,372.07,16,0,0.0,310.65,8,0,0.0,373.1
August,13,3:00,1,0,0.0,407.43,3,0,0.0,374.43,13,0,0.0,319.8,3,0,0.0,353.58
August,13,3:30,1,0,0.0,351.62,3,0,0.0,321.18,12,0,0.0,349.21,1,0,0.0,320.97
August,13,4:00,1,0,0.0,286.39,3,0,0.0,303.16,11,0,0.0,351.05,1,0,0.0,357.42
August,13,4:30,1,0,0.0,305.28,3,0,0.0,307.81,12,0,0.0,330.85,1,0,0.0,491.31
August,13,5:00,1,0,0.0,378.2,3,0,0.0,389.64,14,0,0.0,302.91,1,0,0.0,470.29
August,13,5:30,2,0,0.0,303.94,3,0,0.0,429.42,19,0,0.0,274.57,3,0,0.0,314.37
August,13,6:00,2,0,0.0,278.36,5,1,0.2,365.45,31,0,0.0,265.19,12,0,0.0,266.05
August,13,6:30,4,0,0.0,290.48,9,2,0.222222,295.9,52,0,0.0,265.44,24,0,0.0,277.9
August,13,7:00,8,0,0.0,313.35,24,1,0.041667,268.46,94,0,0.0,280.48,42,0,0.0,266.8
August,13,7:30,18,1,0.055556,329.08,44,2,0.045455,301.97,155,0,0.0,289.86,71,0,0.0,283.87
August,13,8:00,45,3,0.066667,319.99,80,1,0.0125,316.07,266,0,0.0,302.02,119,0,0.0,304.81
August,13,8:30,78,6,0.076923,345.53,124,1,0.008065,323.7,394,1,0.002538,317.22,178,0,0.0,308.57
August,13,9:00,114,5,0.04386,344.99,183,1,0.005464,330.75,555,3,0.005405,328.6,256,0,0.0,306.77
August,13,9:30,142,3,0.021127,346.13,236,1,0.004237,337.25,692,3,0.004335,334.38,307,1,0.003257,318.27
August,13,10:00,166,2,0.012048,343.64,278,5,0.017986,344.51,799,3,0.003755,337.53,356,4,0.011236,326.61
August,13,10:30,186,0,0.0,343.29,308,8,0.025974,356.73,893,6,0.006719,347.0,394,6,0.015228,335.43
August,13,11:00,199,0,0.0,343.67,344,4,0.011628,363.67,940,4,0.004255,353.19,430,3,0.006977,338.76
August,13,11:30,206,1,0.004854,342.14,375,4,0.010667,365.62,965,3,0.003109,356.32,449,3,0.006682,340.39
August,13,12:00,207,2,0.009662,352.84,401,2,0.004988,366.84,980,5,0.005102,356.29,463,2,0.00432,339.94
August,13,12:30,208,2,0.009615,351.21,409,3,0.007335,366.96,987,8,0.008105,359.08,472,3,0.006356,338.82
August,13,13:00,210,0,0.0,349.44,420,3,0.007143,359.74,986,4,0.004057,358.1,476,2,0.004202,342.61
August,13,13:30,209,0,0.0,347.85,428,3,0.007009,361.78,987,3,0.00304,357.6,483,1,0.00207,339.71
August,13,14:00,210,0,0.0,348.74,439,2,0.004556,365.75,987,3,0.00304,359.59,497,1,0.002012,340.77
August,13,14:30,212,0,0.0,353.06,443,3,0.006772,370.43,990,3,0.00303,361.99,496,2,0.004032,350.14
August,13,15:00,211,0,0.0,351.77,445,2,0.004494,367.99,975,3,0.003077,365.66,490,2,0.004082,355.07
August,13,15:30,210,1,0.004762,356.14,445,2,0.004494,366.85,967,3,0.003102,370.58,486,2,0.004115,352.97
August,13,16:00,207,0,0.0,361.24,441,2,0.004535,366.15,954,2,0.002096,370.09,477,3,0.006289,350.58
August,13,16:30,195,0,0.0,358.8,423,1,0.002364,368.16,921,2,0.002172,367.84,465,2,0.004301,349.34
August,13,17:00,178,0,0.0,355.71,403,1,0.002481,369.7,875,3,0.003429,365.77,449,2,0.004454,345.24
August,13,17:30,159,0,0.0,347.54,388,2,0.005155,368.11,820,3,0.003659,367.12,413,2,0.004843,348.2
August,13,18:00,141,0,0.0,349.01,358,3,0.00838,365.71,748,3,0.004011,372.87,374,2,0.005348,343.86
August,13,18:30,119,0,0.0,368.37,318,2,0.006289,365.77,670,2,0.002985,373.0,337,2,0.005935,346.3
August,13,19:00,81,0,0.0,367.67,289,2,0.00692,366.79,600,2,0.003333,364.69,310,3,0.009677,348.04
August,13,19:30,60,0,0.0,353.63,262,3,0.01145,368.5,526,2,0.003802,358.74,279,3,0.010753,355.33
August,13,20:00,47,0,0.0,335.02,231,3,0.012987,365.75,455,1,0.002198,359.82,249,3,0.012048,351.6
August,13,20:30,40,0,0.0,327.95,197,1,0.005076,358.73,390,1,0.002564,361.68,213,2,0.00939,342.4
August,13,21:00,31,1,0.032258,330.5,161,1,0.006211,355.98,329,0,0.0,360.72,178,3,0.016854,345.01
August,13,21:30,24,0,0.0,328.72,134,0,0.0,353.95,275,0,0.0,355.26,153,2,0.013072,344.67
August,13,22:00,18,0,0.0,325.0,108,0,0.0,335.65,224,0,0.0,350.11,123,0,0.0,343.41
August,13,22:30,13,0,0.0,319.99,85,0,0.0,332.03,175,0,0.0,335.81,102,0,0.0,341.53
August,13,23:00,11,0,0.0,329.9,65,0,0.0,327.07,136,0,0.0,335.93,78,0,0.0,334.57
August,13,23:30,8,0,0.0,301.15,51,0,0.0,325.82,110,0,0.0,338.46,64,0,0.0,325.84
August,14,0:00,5,0,0.0,355.46,30,0,0.0,315.19,72,0,0.0,334.29,40,0,0.0,356.67
August,14,0:30,3,0,0.0,362.28,22,0,0.0,303.02,56,0,0.0,325.56,30,0,0.0,364.34
August,14,1:00,2,0,0.0,307.42,11,0,0.0,298.65,41,0,0.0,325.74,23,0,0.0,363.77
August,14,1:30,2,0,0.0,289.34,7,0,0.0,331.48,29,0,0.0,321.78,18,0,0.0,343.14
August,14,2:00,1,0,0.0,295.0,5,0,0.0,386.12,21,0,0.0,252.54,13,0,0.0,322.85
August,14,2:30,1,0,0.0,316.44,4,0,0.0,385.32,16,0,0.0,220.37,8,0,0.0,310.15
August,14,3:00,1,0,0.0,451.96,4,0,0.0,301.93,13,0,0.0,280.64,3,0,0.0,311.81
August,14,3:30,1,0,0.0,277.16,4,0,0.0,279.58,13,0,0.0,318.7,1,0,0.0,301.35
August,14,4:00,1,0,0.0,222.71,3,0,0.0,329.16,12,0,0.0,294.51,1,0,0.0,299.42
August,14,4:30,1,0,0.0,237.99,3,0,0.0,482.76,12,0,0.0,274.92,1,0,0.0,312.72
August,14,5:00,1,0,0.0,245.26,3,0,0.0,333.2,14,0,0.0,264.0,1,0,0.0,367.16
August,14,5:30,2,0,0.0,337.74,4,0,0.0,276.21,20,0,0.0,271.94,3,0,0.0,410.16
August,14,6:00,3,1,0.333333,325.61,5,1,0.2,280.77,33,0,0.0,271.89,13,0,0.0,304.23
August,14,6:30,5,3,0.6,309.03,9,3,0.333333,348.56,56,1,0.017857,266.4,23,1,0.043478,276.59
August,14,7:00,9,3,0.333333,321.28,23,2,0.086957,318.69,96,1,0.010417,267.41,40,0,0.0,283.03
August,14,7:30,18,2,0.111111,308.54,41,2,0.04878,309.15,156,1,0.00641,277.11,70,0,0.0,274.44
August,14,8:00,46,1,0.021739,306.7,76,1,0.013158,322.23,264,1,0.003788,299.76,122,0,0.0,284.86
August,14,8:30,79,1,0.012658,324.07,120,2,0.016667,331.02,388,1,0.002577,310.35,182,0,0.0,301.65
August,14,9:00,112,0,0.0,332.27,179,1,0.005587,331.42,541,2,0.003697,319.5,250,1,0.004,310.34
August,14,9:30,140,0,0.0,328.93,224,2,0.008929,337.4,676,4,0.005917,327.82,302,3,0.009934,319.21
August,14,10:00,167,1,0.005988,324.41,269,2,0.007435,343.84,789,6,0.007605,337.28,354,3,0.008475,326.31
August,14,10:30,191,2,0.010471,328.86,307,4,0.013029,355.61,877,9,0.010262,346.07,394,4,0.010152,329.61
August,14,11:00,205,0,0.0,330.6,334,7,0.020958,361.0,932,10,0.01073,350.03,426,2,0.004695,335.02
August,14,11:30,212,0,0.0,332.96,367,10,0.027248,357.83,961,9,0.009365,352.36,440,1,0.002273,337.33
August,14,12:00,216,0,0.0,332.62,391,8,0.02046,360.84,959,8,0.008342,353.82,454,2,0.004405,333.65
August,14,12:30,217,0,0.0,327.67,396,8,0.020202,366.51,957,12,0.012539,355.89,460,3,0.006522,332.71
August,14,13:00,214,0,0.0,333.18,404,8,0.019802,362.17,949,11,0.011591,356.82,461,4,0.008677,337.18
August,14,13:30,216,0,0.0,339.84,416,12,0.028846,359.02,955,7,0.00733,354.46,469,4,0.008529,337.44
August,14,14:00,220,0,0.0,341.81,435,8,0.018391,362.61,968,10,0.010331,356.97,487,5,0.010267,339.36
August,14,14:30,221,1,0.004525,344.77,439,6,0.013667,365.88,977,20,0.020471,360.33,487,4,0.008214,344.85
August,14,15:00,221,2,0.00905,348.34,432,5,0.011574,369.3,967,9,0.009307,359.91,479,3,0.006263,349.3
August,14,15:30,219,4,0.018265,348.53,430,4,0.009302,370.33,963,4,0.004154,360.58,477,2,0.004193,346.79
August,14,16:00,218,2,0.009174,346.66,425,4,0.009412,367.86,945,4,0.004233,362.71,477,2,0.004193,344.28
August,14,16:30,209,1,0.004785,344.05,411,3,0.007299,365.3,909,4,0.0044,365.56,458,1,0.002183,347.9
August,14,17:00,189,0,0.0,343.49,393,1,0.002545,367.45,861,4,0.004646,362.36,432,1,0.002315,346.84
August,14,17:30,164,1,0.006098,343.32,373,3,0.008043,367.8,806,5,0.006203,360.08,398,1,0.002513,345.29
August,14,18:00,143,0,0.0,343.04,352,4,0.011364,365.92,729,5,0.006859,363.13,362,1,0.002762,349.12
August,14,18:30,122,0,0.0,341.15,317,3,0.009464,365.82,651,5,0.00768,366.37,328,2,0.006098,343.26
August,14,19:00,85,0,0.0,341.98,287,3,0.010453,362.11,581,9,0.015491,364.03,302,4,0.013245,339.32
August,14,19:30,63,0,0.0,330.05,257,3,0.011673,366.46,516,14,0.027132,368.27,275,5,0.018182,340.25
August,14,20:00,50,0,0.0,334.11,222,3,0.013514,370.21,451,10,0.022173,364.7,245,4,0.016327,334.16
August,14,20:30,41,1,0.02439,340.43,192,1,0.005208,359.34,391,6,0.015345,358.73,212,2,0.009434,336.19
August,14,21:00,31,0,0.0,322.42,159,0,0.0,357.54,326,2,0.006135,358.17,176,2,0.011364,337.84
August,14,21:30,23,0,0.0,323.65,130,1,0.007692,354.28,269,0,0.0,356.07,151,1,0.006623,334.82
August,14,22:00,18,0,0.0,314.13,104,2,0.019231,344.91,218,0,0.0,342.03,121,1,0.008264,340.03
August,14,22:30,14,1,0.071429,314.75,83,1,0.012048,336.28,170,0,0.0,336.08,98,0,0.0,331.06
August,14,23:00,11,0,0.0,329.52,62,0,0.0,335.64,132,0,0.0,336.88,76,0,0.0,334.13
August,14,23:30,9,0,0.0,350.86,49,0,0.0,325.65,106,0,0.0,333.84,62,0,0.0,343.02
August,15,0:00,5,0,0.0,412.78,28,0,0.0,319.49,72,0,0.0,357.75,40,0,0.0,351.28
August,15,0:30,3,0,0.0,358.72,21,0,0.0,334.6,54,0,0.0,338.18,30,0,0.0,345.88
August,15,1:00,2,0,0.0,295.92,11,0,0.0,361.4,38,0,0.0,332.58,22,0,0.0,359.47
August,15,1:30,2,0,0.0,261.88,6,0,0.0,304.24,27,0,0.0,325.7,17,0,0.0,335.19
August,15,2:00,2,0,0.0,263.78,5,0,0.0,325.39,19,0,0.0,326.11,12,0,0.0,347.76
August,15,2:30,1,0,0.0,241.28,4,0,0.0,345.95,16,0,0.0,342.09,8,0,0.0,370.08
August,15,3:00,1,0,0.0,169.46,4,0,0.0,378.92,12,0,0.0,351.84,3,0,0.0,371.64
August,15,3:30,1,0,0.0,115.15,3,0,0.0,367.75,12,0,0.0,363.2,1,0,0.0,216.04
August,15,4:00,1,0,0.0,132.32,3,0,0.0,288.66,12,0,0.0,322.26,1,0,0.0,189.25
August,15,4:30,1,0,0.0,291.39,3,0,0.0,232.41,14,0,0.0,322.4,0,0,0.0,270.9
August,15,5:00,1,0,0.0,291.52,3,0,0.0,248.69,16,0,0.0,320.01,1,0,0.0,311.53
August,15,5:30,2,0,0.0,226.74,3,0,0.0,254.65,20,0,0.0,312.22,2,0,0.0,331.81
August,15,6:00,2,2,1.0,232.84,5,2,0.4,289.28,33,1,0.030303,288.7,12,1,0.083333,290.32
August,15,6:30,4,4,1.0,281.79,10,5,0.5,320.47,55,3,0.054545,274.65,25,1,0.04,280.05
August,15,7:00,9,8,0.888889,308.4,26,2,0.076923,288.58,93,2,0.021505,273.4,44,1,0.022727,285.82
August,15,7:30,16,5,0.3125,313.15,45,2,0.044444,284.44,157,4,0.025478,274.96,74,1,0.013514,297.57
August,15,8:00,41,1,0.02439,303.63,82,1,0.012195,295.2,267,2,0.007491,290.16,127,1,0.007874,298.9
August,15,8:30,71,0,0.0,311.05,121,2,0.016529,315.25,393,1,0.002545,308.62,183,2,0.010929,303.78
August,15,9:00,104,0,0.0,321.45,174,3,0.017241,333.36,546,5,0.009158,315.77,256,3,0.011719,314.8
August,15,9:30,128,0,0.0,329.36,215,3,0.013953,340.21,680,13,0.019118,319.82,314,5,0.015924,324.08
August,15,10:00,148,0,0.0,336.81,265,2,0.007547,346.07,784,21,0.026786,330.62,366,6,0.016393,326.64
August,15,10:30,175,1,0.005714,339.26,300,5,0.016667,347.14,868,33,0.038018,339.42,403,8,0.019851,337.96
August,15,11:00,187,1,0.005348,339.34,329,9,0.027356,351.58,926,25,0.026998,346.18,433,7,0.016166,343.34
August,15,11:30,195,1,0.005128,337.34,359,13,0.036212,359.76,967,31,0.032058,347.83,456,6,0.013158,342.05
August,15,12:00,202,3,0.014851,335.66,390,11,0.028205,362.49,979,45,0.045965,347.84,467,6,0.012848,342.09
August,15,12:30,203,2,0.009852,344.3,398,11,0.027638,364.57,983,42,0.042726,351.3,476,5,0.010504,350.76
August,15,13:00,204,1,0.004902,350.48,410,11,0.026829,357.08,977,26,0.026612,358.2,480,5,0.010417,354.11
August,15,13:30,206,1,0.004854,347.82,418,12,0.028708,355.15,977,24,0.024565,359.11,489,7,0.014315,351.94
August,15,14:00,207,1,0.004831,345.91,435,15,0.034483,361.52,989,26,0.026289,359.59,502,9,0.017928,348.93
August,15,14:30,212,3,0.014151,345.6,444,15,0.033784,363.14,988,29,0.029352,358.46,500,10,0.02,351.88
August,15,15:00,210,7,0.033333,341.58,446,8,0.017937,365.26,980,36,0.036735,358.81,497,8,0.016097,355.64
August,15,15:30,210,8,0.038095,346.32,441,7,0.015873,364.41,973,41,0.042138,360.24,494,7,0.01417,353.95
August,15,16:00,205,3,0.014634,349.63,439,7,0.015945,369.85,957,22,0.022989,360.34,505,5,0.009901,354.33
August,15,16:30,192,0,0.0,351.25,423,7,0.016548,366.8,914,14,0.015317,360.22,485,4,0.008247,352.6
August,15,17:00,172,0,0.0,348.39,405,7,0.017284,361.84,862,14,0.016241,360.47,449,3,0.006682,356.78
August,15,17:30,150,0,0.0,344.68,379,8,0.021108,363.58,793,14,0.017654,361.35,408,2,0.004902,349.72
August,15,18:00,133,0,0.0,348.72,351,9,0.025641,366.72,698,12,0.017192,363.47,367,2,0.00545,346.79
August,15,18:30,111,1,0.009009,364.43,309,6,0.019417,360.13,632,10,0.015823,362.69,329,3,0.009119,349.17
August,15,19:00,78,0,0.0,366.02,283,8,0.028269,356.06,560,11,0.019643,356.36,298,5,0.016779,350.41
August,15,19:30,57,0,0.0,352.55,249,6,0.024096,348.09,491,10,0.020367,357.48,265,5,0.018868,350.63
August,15,20:00,44,0,0.0,345.17,213,4,0.018779,352.39,421,11,0.026128,354.46,228,4,0.017544,344.47
August,15,20:30,35,0,0.0,336.09,188,3,0.015957,354.54,359,4,0.011142,349.3,200,4,0.02,337.4
August,15,21:00,26,0,0.0,338.91,159,2,0.012579,345.56,302,0,0.0,350.34,167,8,0.047904,346.23
August,15,21:30,20,0,0.0,328.24,130,3,0.023077,336.73,248,0,0.0,348.12,144,6,0.041667,353.34
August,15,22:00,16,2,0.125,334.32,103,1,0.009709,332.74,202,0,0.0,345.95,116,2,0.017241,343.1
August,15,22:30,12,5,0.416667,354.63,82,0,0.0,327.84,160,0,0.0,344.05,95,0,0.0,327.99
August,15,23:00,9,4,0.444444,323.29,61,0,0.0,335.21,123,0,0.0,334.7,74,0,0.0,323.41
August,15,23:30,7,1,0.142857,259.24,51,0,0.0,329.23,99,0,0.0,319.6,60,0,0.0,324.75
August,16,0:00,6,0,0.0,382.39,33,0,0.0,317.06,65,0,0.0,313.9,38,0,0.0,335.98
August,16,0:30,4,0,0.0,390.17,23,0,0.0,341.75,51,0,0.0,315.78,27,0,0.0,342.53
August,16,1:00,3,0,0.0,385.09,11,0,0.0,350.09,39,0,0.0,323.68,21,0,0.0,336.16
August,16,1:30,2,0,0.0,370.44,6,0,0.0,307.12,31,0,0.0,317.06,16,0,0.0,329.88
August,16,2:00,1,0,0.0,243.62,4,0,0.0,284.72,21,0,0.0,310.37,11,0,0.0,324.34
August,16,2:30,1,0,0.0,218.33,3,0,0.0,271.03,15,0,0.0,319.24,7,0,0.0,364.92
August,16,3:00,1,0,0.0,267.66,3,0,0.0,264.13,12,0,0.0,303.22,2,0,0.0,443.05
August,16,3:30,1,0,0.0,205.35,2,0,0.0,176.31,12,0,0.0,293.11,1,0,0.0,351.89
August,16,4:00,1,0,0.0,178.18,2,0,0.0,165.35,11,0,0.0,326.14,0,0,0.0,308.28
August,16,4:30,1,0,0.0,208.99,2,0,0.0,288.62,11,0,0.0,324.06,0,0,0.0,323.59
August,16,5:00,1,0,0.0,239.74,2,0,0.0,277.38,11,0,0.0,324.23,1,0,0.0,434.53
August,16,5:30,1,0,0.0,199.19,3,0,0.0,289.14,13,0,0.0,302.15,2,0,0.0,583.22
August,16,6:00,2,0,0.0,250.7,3,0,0.0,348.62,21,0,0.0,285.42,7,0,0.0,369.72
August,16,6:30,3,0,0.0,291.87,6,1,0.166667,341.42,36,0,0.0,268.96,14,0,0.0,281.15
August,16,7:00,6,0,0.0,275.7,10,0,0.0,311.14,62,1,0.016129,256.83,26,0,0.0,293.0
August,16,7:30,12,0,0.0,297.07,17,0,0.0,320.5,104,2,0.019231,257.47,43,1,0.023256,309.7
August,16,8:00,31,0,0.0,284.31,31,0,0.0,318.5,175,1,0.005714,269.24,72,0,0.0,308.57
August,16,8:30,50,0,0.0,294.39,47,0,0.0,319.46,255,1,0.003922,286.07,106,0,0.0,304.5
August,16,9:00,71,0,0.0,295.02,102,1,0.009804,309.51,353,8,0.022663,292.43,152,1,0.006579,309.33
August,16,9:30,87,0,0.0,294.62,143,2,0.013986,316.79,435,17,0.03908,303.52,190,3,0.015789,303.79
August,16,10:00,108,1,0.009259,305.04,180,2,0.011111,325.2,526,12,0.022814,311.04,230,4,0.017391,308.3
August,16,10:30,133,1,0.007519,311.43,208,4,0.019231,335.87,592,13,0.021959,319.6,268,6,0.022388,316.25
August,16,11:00,148,2,0.013514,311.22,237,4,0.016878,339.29,641,17,0.026521,323.61,298,4,0.013423,324.43
August,16,11:30,155,3,0.019355,310.84,266,4,0.015038,341.18,660,23,0.034848,328.47,313,2,0.00639,328.25
August,16,12:00,166,5,0.03012,320.12,278,4,0.014388,339.68,671,25,0.037258,329.73,328,2,0.006098,333.27
August,16,12:30,174,7,0.04023,322.33,289,6,0.020761,343.44,673,26,0.038633,329.56,337,3,0.008902,332.15
August,16,13:00,174,3,0.017241,328.58,305,8,0.02623,344.1,665,23,0.034586,331.97,340,4,0.011765,331.74
August,16,13:30,170,1,0.005882,334.05,318,9,0.028302,342.71,666,26,0.039039,333.88,337,5,0.014837,328.82
August,16,14:00,166,2,0.012048,335.1,325,9,0.027692,345.94,669,25,0.037369,334.3,336,6,0.017857,331.48
August,16,14:30,166,2,0.012048,332.09,321,6,0.018692,349.52,657,12,0.018265,333.28,338,9,0.026627,333.03
August,16,15:00,162,1,0.006173,327.78,317,3,0.009464,342.71,632,2,0.003165,334.77,326,5,0.015337,324.6
August,16,15:30,160,0,0.0,335.11,316,3,0.009494,338.88,613,1,0.001631,332.58,317,3,0.009464,322.7
August,16,16:00,159,0,0.0,339.06,312,3,0.009615,348.97,591,3,0.005076,333.86,307,2,0.006515,331.34
August,16,16:30,148,0,0.0,325.04,298,2,0.006711,356.13,555,3,0.005405,332.9,286,2,0.006993,331.16
August,16,17:00,134,2,0.014925,330.49,287,2,0.006969,353.88,517,5,0.009671,334.5,266,1,0.003759,331.94
August,16,17:30,116,1,0.008621,339.24,271,2,0.00738,355.77,493,3,0.006085,334.29,248,1,0.004032,333.43
August,16,18:00,106,0,0.0,344.54,249,4,0.016064,358.29,464,4,0.008621,333.74,232,1,0.00431,337.73
August,16,18:30,90,1,0.011111,350.02,226,3,0.013274,355.43,422,5,0.011848,336.36,209,0,0.0,346.94
August,16,19:00,69,0,0.0,343.19,202,2,0.009901,348.88,381,6,0.015748,335.63,196,0,0.0,345.42
August,16,19:30,54,0,0.0,337.93,178,3,0.016854,341.27,341,8,0.02346,333.74,175,0,0.0,340.55
August,16,20:00,42,0,0.0,317.22,157,5,0.031847,338.71,303,8,0.026403,334.17,152,0,0.0,328.71
August,16,20:30,34,0,0.0,304.76,136,3,0.022059,325.6,259,4,0.015444,332.32,137,1,0.007299,322.27
August,16,21:00,25,0,0.0,318.15,113,2,0.017699,320.16,218,3,0.013761,331.29,116,2,0.017241,323.93
August,16,21:30,19,0,0.0,339.7,95,1,0.010526,323.29,178,1,0.005618,326.13,98,1,0.010204,328.24
August,16,22:00,14,0,0.0,371.41,76,1,0.013158,321.73,148,0,0.0,316.55,84,0,0.0,326.19
August,16,22:30,9,0,0.0,343.82,60,0,0.0,320.32,123,0,0.0,311.44,71,0,0.0,325.84
August,16,23:00,8,0,0.0,338.88,46,1,0.021739,304.28,97,0,0.0,309.27,57,0,0.0,319.38
August,16,23:30,6,0,0.0,298.23,36,0,0.0,303.73,83,0,0.0,306.51,48,0,0.0,305.55
August,17,0:00,3,0,0.0,425.75,30,0,0.0,300.05,53,0,0.0,307.87,37,0,0.0,316.99
August,17,0:30,3,0,0.0,448.03,22,0,0.0,304.32,42,0,0.0,315.71,26,0,0.0,316.36
August,17,1:00,3,0,0.0,412.54,10,0,0.0,336.82,32,0,0.0,293.64,20,0,0.0,348.71
August,17,1:30,2,0,0.0,359.4,7,0,0.0,359.52,26,0,0.0,286.23,16,0,0.0,374.7
August,17,2:00,1,0,0.0,325.48,5,0,0.0,404.7,19,0,0.0,299.31,12,0,0.0,374.58
August,17,2:30,1,0,0.0,300.04,3,0,0.0,411.24,14,0,0.0,302.3,8,0,0.0,384.58
August,17,3:00,1,0,0.0,261.96,3,0,0.0,343.43,12,0,0.0,320.81,3,0,0.0,373.92
August,17,3:30,1,0,0.0,279.69,2,0,0.0,235.08,9,0,0.0,365.76,1,0,0.0,324.9
August,17,4:00,1,0,0.0,364.93,1,0,0.0,188.53,9,0,0.0,389.27,0,0,0.0,312.31
August,17,4:30,1,0,0.0,314.68,1,0,0.0,264.96,9,0,0.0,366.46,0,0,0.0,358.91
August,17,5:00,1,0,0.0,311.37,1,0,0.0,380.87,9,0,0.0,323.98,1,0,0.0,422.52
August,17,5:30,1,0,0.0,340.38,2,0,0.0,423.79,10,0,0.0,268.85,1,0,0.0,287.71
August,17,6:00,2,0,0.0,294.07,2,0,0.0,329.28,16,0,0.0,259.63,5,0,0.0,232.4
August,17,6:30,2,0,0.0,266.91,3,0,0.0,299.27,26,0,0.0,258.63,10,0,0.0,273.15
August,17,7:00,4,0,0.0,313.87,7,0,0.0,298.51,42,0,0.0,262.52,18,0,0.0,314.54
August,17,7:30,7,0,0.0,342.07,11,0,0.0,303.55,67,0,0.0,265.5,31,0,0.0,321.11
August,17,8:00,12,0,0.0,302.39,20,0,0.0,292.96,106,0,0.0,272.65,48,0,0.0,314.73
August,17,8:30,16,0,0.0,295.39,30,0,0.0,308.51,147,0,0.0,284.69,68,0,0.0,322.75
August,17,9:00,19,0,0.0,288.81,60,0,0.0,317.15,189,0,0.0,293.62,95,0,0.0,315.03
August,17,9:30,23,0,0.0,312.48,80,0,0.0,322.33,232,0,0.0,291.5,114,2,0.017544,306.14
August,17,10:00,27,0,0.0,316.12,98,0,0.0,320.74,285,0,0.0,292.05,135,10,0.074074,318.17
August,17,10:30,36,0,0.0,309.88,111,0,0.0,326.28,331,0,0.0,298.46,160,15,0.09375,332.38
August,17,11:00,37,0,0.0,312.62,124,3,0.024194,324.36,365,0,0.0,308.38,175,9,0.051429,328.15
August,17,11:30,41,0,0.0,317.75,143,9,0.062937,325.49,401,0,0.0,310.53,190,5,0.026316,326.05
August,17,12:00,55,0,0.0,316.18,161,6,0.037267,324.56,429,11,0.025641,308.5,205,2,0.009756,324.1
August,17,12:30,66,0,0.0,317.05,183,11,0.060109,325.09,437,44,0.100686,309.76,208,4,0.019231,322.5
August,17,13:00,80,1,0.0125,318.52,205,11,0.053659,321.56,446,73,0.163677,317.02,210,8,0.038095,328.74
August,17,13:30,85,0,0.0,317.45,216,15,0.069444,325.28,448,88,0.196429,318.7,220,8,0.036364,328.48
August,17,14:00,88,0,0.0,322.43,228,9,0.039474,329.6,450,53,0.117778,320.92,220,4,0.018182,329.07
August,17,14:30,89,1,0.011236,325.62,229,2,0.008734,332.72,447,17,0.038031,320.66,221,5,0.022624,328.52
August,17,15:00,88,1,0.011364,326.66,235,0,0.0,330.73,446,3,0.006726,322.76,219,4,0.018265,332.08
August,17,15:30,89,1,0.011236,321.08,241,2,0.008299,329.25,437,0,0.0,322.12,222,5,0.022523,331.09
August,17,16:00,88,0,0.0,313.78,236,6,0.025424,330.05,428,0,0.0,319.48,213,4,0.018779,340.14
August,17,16:30,84,0,0.0,304.35,224,4,0.017857,329.92,414,0,0.0,323.69,208,6,0.028846,339.29
August,17,17:00,75,0,0.0,303.03,217,6,0.02765,330.21,390,0,0.0,322.3,199,2,0.01005,341.64
August,17,17:30,66,0,0.0,305.19,208,3,0.014423,327.15,366,0,0.0,317.06,188,1,0.005319,336.73
August,17,18:00,53,0,0.0,320.04,194,5,0.025773,327.34,329,0,0.0,317.7,179,2,0.011173,328.61
August,17,18:30,44,0,0.0,312.2,174,10,0.057471,322.15,307,0,0.0,317.69,164,1,0.006098,325.85
August,17,19:00,35,0,0.0,303.74,156,13,0.083333,317.04,282,0,0.0,319.33,153,0,0.0,329.24
August,17,19:30,30,0,0.0,300.09,142,9,0.06338,326.36,256,0,0.0,317.73,150,1,0.006667,339.26
August,17,20:00,29,0,0.0,316.21,125,2,0.016,324.04,236,0,0.0,311.07,138,3,0.021739,337.15
August,17,20:30,25,0,0.0,317.76,112,0,0.0,320.01,214,0,0.0,313.24,124,1,0.008065,333.21
August,17,21:00,21,0,0.0,326.23,99,0,0.0,320.79,186,0,0.0,315.19,100,0,0.0,335.76
August,17,21:30,17,0,0.0,350.16,85,0,0.0,326.64,161,0,0.0,310.26,89,0,0.0,340.68
August,17,22:00,15,0,0.0,316.86,70,0,0.0,321.83,139,0,0.0,309.6,79,1,0.012658,337.31
August,17,22:30,13,1,0.076923,332.77,56,0,0.0,307.03,121,0,0.0,308.42,68,2,0.029412,332.68
August,17,23:00,9,0,0.0,368.87,44,0,0.0,280.38,96,0,0.0,306.44,56,1,0.017857,341.46
August,17,23:30,7,0,0.0,324.7,37,0,0.0,280.73,82,0,0.0,303.56,51,0,0.0,364.07
August,18,0:00,3,0,0.0,338.33,24,0,0.0,350.03,55,0,0.0,304.12,32,0,0.0,309.38
August,18,0:30,3,0,0.0,325.33,20,0,0.0,339.13,46,0,0.0,299.36,25,0,0.0,309.91
August,18,1:00,2,0,0.0,346.01,11,0,0.0,360.61,34,0,0.0,300.08,18,0,0.0,320.0
August,18,1:30,1,0,0.0,335.23,6,0,0.0,351.6,24,0,0.0,302.31,14,0,0.0,307.24
August,18,2:00,1,0,0.0,373.21,5,0,0.0,302.29,17,0,0.0,292.8,10,0,0.0,299.78
August,18,2:30,1,0,0.0,307.52,4,0,0.0,302.25,14,0,0.0,313.09,8,0,0.0,313.49
August,18,3:00,0,0,0.0,240.79,3,0,0.0,351.69,11,0,0.0,308.2,5,0,0.0,338.16
August,18,3:30,1,0,0.0,174.51,3,0,0.0,421.32,10,0,0.0,300.12,4,0,0.0,303.69
August,18,4:00,1,0,0.0,174.86,3,0,0.0,336.9,10,0,0.0,289.0,3,0,0.0,300.02
August,18,4:30,1,0,0.0,170.75,3,0,0.0,311.51,10,0,0.0,275.91,4,0,0.0,261.14
August,18,5:00,1,0,0.0,236.0,3,0,0.0,383.96,11,0,0.0,283.24,4,0,0.0,280.32
August,18,5:30,1,0,0.0,271.47,3,0,0.0,401.56,15,0,0.0,254.57,5,0,0.0,283.15
August,18,6:00,2,0,0.0,290.51,4,2,0.5,291.39,24,0,0.0,245.18,11,0,0.0,246.59
August,18,6:30,3,0,0.0,252.69,8,5,0.625,310.44,45,0,0.0,258.75,19,0,0.0,240.67
August,18,7:00,7,0,0.0,238.66,23,2,0.086957,292.96,80,0,0.0,246.33,35,0,0.0,257.47
August,18,7:30,15,0,0.0,279.01,42,0,0.0,281.22,139,0,0.0,250.51,61,0,0.0,263.92
August,18,8:00,39,0,0.0,289.06,79,2,0.025316,288.79,259,0,0.0,268.99,113,1,0.00885,266.26
August,18,8:30,72,0,0.0,298.77,125,5,0.04,302.55,400,4,0.01,283.65,173,4,0.023121,277.01
August,18,9:00,114,2,0.017544,299.04,195,3,0.015385,314.05,565,15,0.026549,297.93,266,9,0.033835,287.49
August,18,9:30,150,3,0.02,306.99,254,6,0.023622,323.16,722,34,0.047091,310.29,334,25,0.07485,299.28
August,18,10:00,178,1,0.005618,311.97,320,19,0.059375,329.57,862,58,0.067285,314.47,401,27,0.067332,307.71
August,18,10:30,202,0,0.0,308.98,361,36,0.099723,339.41,970,55,0.056701,321.66,449,41,0.091314,311.3
August,18,11:00,212,0,0.0,314.12,394,31,0.07868,347.08,1045,66,0.063158,329.07,486,30,0.061728,314.25
August,18,11:30,219,1,0.004566,318.12,423,35,0.082742,350.83,1077,108,0.100279,332.59,514,30,0.058366,316.47
August,18,12:00,222,3,0.013514,313.03,457,30,0.065646,350.19,1105,110,0.099548,331.8,538,36,0.066914,320.58
August,18,12:30,224,1,0.004464,304.04,472,37,0.07839,353.65,1105,86,0.077828,333.23,545,40,0.073394,323.42
August,18,13:00,223,1,0.004484,306.67,486,36,0.074074,353.15,1098,72,0.065574,336.4,541,33,0.060998,324.66
August,18,13:30,223,1,0.004484,316.27,496,43,0.086694,346.97,1096,93,0.084854,340.59,547,26,0.047532,319.58
August,18,14:00,227,1,0.004405,317.34,518,31,0.059846,347.05,1113,94,0.084456,342.02,567,23,0.040564,318.06
August,18,14:30,229,3,0.0131,318.94,521,24,0.046065,350.04,1120,95,0.084821,341.93,577,23,0.039861,323.64
August,18,15:00,230,4,0.017391,318.66,520,19,0.036538,351.08,1122,54,0.048128,341.11,577,19,0.032929,325.24
August,18,15:30,233,4,0.017167,321.53,525,14,0.026667,351.13,1119,25,0.022341,342.08,571,22,0.038529,327.67
August,18,16:00,228,1,0.004386,321.2,526,12,0.022814,355.24,1113,25,0.022462,340.1,572,17,0.02972,332.36
August,18,16:30,219,1,0.004566,317.7,514,14,0.027237,358.78,1080,25,0.023148,340.67,559,19,0.033989,335.94
August,18,17:00,200,1,0.005,319.9,491,12,0.02444,357.56,1018,23,0.022593,340.58,532,16,0.030075,335.51
August,18,17:30,180,0,0.0,314.66,464,12,0.025862,359.98,949,36,0.037935,340.17,497,14,0.028169,328.09
August,18,18:00,154,0,0.0,312.83,426,17,0.039906,359.44,875,39,0.044571,340.25,456,10,0.02193,329.99
August,18,18:30,129,0,0.0,321.69,394,23,0.058376,357.79,775,30,0.03871,343.82,402,9,0.022388,329.95
August,18,19:00,92,0,0.0,321.77,354,18,0.050847,354.21,684,42,0.061404,347.01,365,18,0.049315,323.87
August,18,19:30,70,0,0.0,320.66,325,19,0.058462,346.2,611,43,0.070376,345.43,336,31,0.092262,325.33
August,18,20:00,52,0,0.0,318.06,285,28,0.098246,342.48,535,44,0.082243,342.81,294,29,0.098639,321.64
August,18,20:30,41,2,0.04878,322.32,237,18,0.075949,338.19,453,20,0.04415,337.09,252,16,0.063492,320.77
August,18,21:00,32,3,0.09375,318.36,194,12,0.061856,336.0,379,3,0.007916,331.86,209,13,0.062201,321.28
August,18,21:30,25,1,0.04,305.32,160,4,0.025,340.25,319,0,0.0,324.98,175,6,0.034286,328.15
August,18,22:00,19,2,0.105263,307.48,128,0,0.0,334.6,254,0,0.0,319.79,142,1,0.007042,323.68
August,18,22:30,14,5,0.357143,315.86,100,0,0.0,324.69,197,0,0.0,312.57,117,1,0.008547,325.96
August,18,23:00,11,2,0.181818,309.53,74,0,0.0,306.62,151,0,0.0,311.56,93,2,0.021505,330.54
August,18,23:30,8,0,0.0,312.21,58,0,0.0,297.04,118,0,0.0,322.31,72,1,0.013889,319.43
August,19,0:00,4,0,0.0,322.58,30,0,0.0,292.48,71,0,0.0,306.47,43,0,0.0,312.85
August,19,0:30,4,0,0.0,303.06,23,0,0.0,297.14,54,0,0.0,305.14,33,0,0.0,337.63
August,19,1:00,3,0,0.0,319.9,12,0,0.0,302.53,39,0,0.0,298.14,25,0,0.0,358.16
August,19,1:30,2,0,0.0,306.22,7,0,0.0,290.58,29,0,0.0,273.03,18,0,0.0,343.21
August,19,2:00,2,0,0.0,391.44,4,0,0.0,301.03,21,0,0.0,262.22,12,0,0.0,315.65
August,19,2:30,1,0,0.0,336.38,4,0,0.0,341.82,17,0,0.0,255.34,9,0,0.0,313.7
August,19,3:00,1,0,0.0,250.29,3,0,0.0,306.38,13,0,0.0,258.83,3,0,0.0,327.23
August,19,3:30,1,0,0.0,190.54,3,0,0.0,232.96,12,0,0.0,270.26,1,0,0.0,293.17
August,19,4:00,1,0,0.0,223.47,3,0,0.0,185.31,11,0,0.0,271.44,1,0,0.0,280.67
August,19,4:30,1,0,0.0,279.85,3,0,0.0,197.34,11,0,0.0,255.75,1,0,0.0,291.88
August,19,5:00,1,0,0.0,270.06,3,0,0.0,183.47,13,0,0.0,258.83,1,0,0.0,308.64
August,19,5:30,2,0,0.0,222.32,3,0,0.0,220.23,17,0,0.0,258.47,3,0,0.0,283.83
August,19,6:00,3,0,0.0,223.55,5,1,0.2,260.87,29,0,0.0,233.62,12,0,0.0,235.55
August,19,6:30,4,0,0.0,210.01,9,2,0.222222,281.39,49,0,0.0,223.94,22,0,0.0,238.2
August,19,7:00,9,0,0.0,240.43,24,1,0.041667,266.4,87,0,0.0,235.48,40,0,0.0,265.32
August,19,7:30,17,0,0.0,281.84,43,0,0.0,268.14,144,0,0.0,246.64,68,0,0.0,274.95
August,19,8:00,43,1,0.023256,274.23,81,0,0.0,276.11,249,0,0.0,263.99,115,0,0.0,276.78
August,19,8:30,74,4,0.054054,286.4,128,1,0.007812,290.84,369,0,0.0,277.51,172,0,0.0,281.3
August,19,9:00,112,5,0.044643,301.66,186,0,0.0,297.56,526,2,0.003802,286.71,246,0,0.0,288.77
August,19,9:30,145,3,0.02069,304.21,240,0,0.0,306.17,660,8,0.012121,293.59,307,1,0.003257,299.46
August,19,10:00,170,1,0.005882,304.38,289,1,0.00346,311.69,772,16,0.020725,298.23,366,4,0.010929,307.64
August,19,10:30,191,1,0.005236,304.95,325,3,0.009231,318.98,865,27,0.031214,304.37,408,7,0.017157,312.34
August,19,11:00,204,2,0.009804,308.14,361,3,0.00831,323.95,929,23,0.024758,308.47,442,6,0.013575,319.41
August,19,11:30,214,1,0.004673,308.95,386,5,0.012953,326.53,962,23,0.023909,309.89,470,5,0.010638,319.72
August,19,12:00,217,3,0.013825,308.88,410,3,0.007317,332.39,969,38,0.039216,312.04,488,5,0.010246,320.42
August,19,12:30,219,4,0.018265,304.84,425,2,0.004706,335.56,974,44,0.045175,315.26,491,6,0.01222,320.67
August,19,13:00,219,1,0.004566,308.46,444,2,0.004505,335.63,974,23,0.023614,316.33,490,6,0.012245,321.09
August,19,13:30,220,0,0.0,313.45,454,3,0.006608,331.7,973,16,0.016444,318.75,490,6,0.012245,322.4
August,19,14:00,225,0,0.0,312.52,477,3,0.006289,330.39,986,17,0.017241,321.02,507,5,0.009862,321.9
August,19,14:30,227,0,0.0,316.16,484,2,0.004132,332.6,989,20,0.020222,324.11,508,3,0.005906,321.05
August,19,15:00,225,0,0.0,318.92,483,2,0.004141,330.37,981,14,0.014271,323.39,506,3,0.005929,322.37
August,19,15:30,224,0,0.0,314.11,477,2,0.004193,329.96,973,11,0.011305,323.83,510,2,0.003922,323.16
August,19,16:00,227,0,0.0,316.74,473,2,0.004228,336.09,963,10,0.010384,323.11,512,2,0.003906,326.89
August,19,16:30,216,0,0.0,317.01,454,2,0.004405,338.35,943,10,0.010604,321.16,496,3,0.006048,327.94
August,19,17:00,192,0,0.0,313.73,430,2,0.004651,340.27,894,13,0.014541,323.08,462,2,0.004329,323.93
August,19,17:30,167,0,0.0,310.78,416,2,0.004808,339.67,838,18,0.02148,321.97,435,1,0.002299,322.76
August,19,18:00,150,0,0.0,311.25,388,3,0.007732,335.27,771,21,0.027237,320.02,404,2,0.00495,329.4
August,19,18:30,126,0,0.0,315.28,353,2,0.005666,332.12,679,13,0.019146,319.21,359,1,0.002786,328.15
August,19,19:00,89,0,0.0,323.68,315,2,0.006349,329.19,608,9,0.014803,318.55,326,2,0.006135,325.55
August,19,19:30,65,1,0.015385,317.17,286,2,0.006993,328.19,536,9,0.016791,317.18,295,3,0.010169,329.9
August,19,20:00,50,5,0.1,317.85,250,4,0.016,322.78,462,10,0.021645,318.16,260,3,0.011538,326.06
August,19,20:30,43,6,0.139535,320.56,211,3,0.014218,317.3,402,6,0.014925,316.13,225,2,0.008889,320.67
August,19,21:00,32,3,0.09375,312.72,174,1,0.005747,315.0,339,1,0.00295,314.9,186,1,0.005376,325.15
August,19,21:30,24,1,0.041667,293.98,145,0,0.0,316.35,283,1,0.003534,313.74,159,0,0.0,330.44
August,19,22:00,19,2,0.105263,281.54,116,0,0.0,318.91,232,2,0.008621,309.34,129,0,0.0,333.18
August,19,22:30,13,7,0.538462,278.76,91,0,0.0,312.53,184,2,0.01087,303.72,105,0,0.0,329.25
August,19,23:00,10,4,0.4,298.78,69,0,0.0,301.36,140,1,0.007143,300.21,81,0,0.0,330.24
August,19,23:30,8,1,0.125,294.64,53,0,0.0,283.38,108,0,0.0,299.61,66,0,0.0,332.14
August,20,0:00,4,0,0.0,313.35,35,0,0.0,323.15,73,0,0.0,345.29,41,0,0.0,347.64
August,20,0:30,3,0,0.0,355.22,26,0,0.0,317.59,55,0,0.0,341.35,32,0,0.0,361.83
August,20,1:00,2,0,0.0,272.8,13,0,0.0,292.38,37,0,0.0,346.19,24,0,0.0,354.87
August,20,1:30,2,0,0.0,278.55,7,0,0.0,273.86,27,0,0.0,340.84,18,0,0.0,354.09
August,20,2:00,2,0,0.0,303.83,4,0,0.0,334.52,20,0,0.0,315.87,12,0,0.0,371.52
August,20,2:30,2,0,0.0,349.68,4,0,0.0,366.13,16,0,0.0,303.5,9,0,0.0,378.75
August,20,3:00,2,0,0.0,407.05,4,0,0.0,368.45,13,0,0.0,312.44,3,0,0.0,358.93
August,20,3:30,1,0,0.0,351.29,4,0,0.0,316.05,12,0,0.0,341.18,1,0,0.0,325.82
August,20,4:00,1,0,0.0,286.12,4,0,0.0,298.31,12,0,0.0,342.97,1,0,0.0,362.84
August,20,4:30,1,0,0.0,304.99,3,0,0.0,302.89,12,0,0.0,323.24,1,0,0.0,498.74
August,20,5:00,1,0,0.0,377.84,3,0,0.0,383.41,14,0,0.0,295.94,1,0,0.0,477.41
August,20,5:30,2,0,0.0,303.66,3,0,0.0,422.56,19,0,0.0,268.25,3,0,0.0,319.13
August,20,6:00,3,0,0.0,278.1,5,2,0.4,359.61,31,0,0.0,259.09,13,0,0.0,270.07
August,20,6:30,4,0,0.0,290.21,10,5,0.5,291.18,52,0,0.0,259.34,25,1,0.04,282.11
August,20,7:00,9,0,0.0,313.06,27,4,0.148148,264.17,94,0,0.0,274.03,43,0,0.0,270.84
August,20,7:30,20,2,0.1,328.77,49,6,0.122449,297.14,156,0,0.0,283.2,74,0,0.0,288.17
August,20,8:00,48,4,0.083333,319.69,89,4,0.044944,311.02,268,2,0.007463,295.07,123,0,0.0,309.43
August,20,8:30,83,8,0.096386,345.21,139,4,0.028777,318.53,395,8,0.020253,309.93,183,0,0.0,313.24
August,20,9:00,123,7,0.056911,344.67,205,2,0.009756,325.47,552,15,0.027174,321.04,265,1,0.003774,311.41
August,20,9:30,152,5,0.032895,345.81,264,4,0.015152,331.86,689,18,0.026125,326.69,316,3,0.009494,323.09
August,20,10:00,177,2,0.011299,343.32,309,16,0.05178,339.0,796,19,0.023869,329.77,365,9,0.024658,331.55
August,20,10:30,199,1,0.005025,342.97,342,27,0.078947,351.04,889,33,0.03712,339.02,403,14,0.034739,340.51
August,20,11:00,212,0,0.0,343.35,383,14,0.036554,357.86,938,25,0.026652,345.07,442,8,0.0181,343.89
August,20,11:30,220,1,0.004545,341.82,416,14,0.033654,359.78,963,15,0.015576,348.12,462,6,0.012987,345.54
August,20,12:00,221,3,0.013575,352.52,444,8,0.018018,360.98,978,25,0.025562,348.09,475,5,0.010526,345.09
August,20,12:30,222,3,0.013514,350.88,454,9,0.019824,361.1,984,46,0.046748,350.82,485,6,0.012371,343.95
August,20,13:00,224,1,0.004464,349.11,466,10,0.021459,353.99,984,25,0.025407,349.86,489,5,0.010225,347.8
August,20,13:30,222,0,0.0,347.52,475,9,0.018947,356.0,984,16,0.01626,349.37,495,3,0.006061,344.85
August,20,14:00,223,0,0.0,348.42,487,7,0.014374,359.91,984,17,0.017276,351.32,511,2,0.003914,345.92
August,20,14:30,224,0,0.0,352.73,492,9,0.018293,364.51,987,19,0.01925,353.66,510,4,0.007843,355.44
August,20,15:00,224,0,0.0,351.44,494,7,0.01417,362.11,972,17,0.01749,357.25,504,4,0.007937,360.44
August,20,15:30,224,1,0.004464,355.81,495,7,0.014141,360.99,965,19,0.019689,362.06,501,5,0.00998,358.32
August,20,16:00,220,0,0.0,360.9,490,6,0.012245,360.3,952,11,0.011555,361.58,492,6,0.012195,355.89
August,20,16:30,208,0,0.0,358.47,473,4,0.008457,362.28,919,9,0.009793,359.38,479,4,0.008351,354.63
August,20,17:00,188,0,0.0,355.37,449,2,0.004454,363.79,872,15,0.017202,357.36,463,5,0.010799,350.47
August,20,17:30,169,0,0.0,347.22,433,5,0.011547,362.23,816,19,0.023284,358.68,426,5,0.011737,353.47
August,20,18:00,151,0,0.0,348.69,398,9,0.022613,359.87,747,16,0.021419,364.3,388,4,0.010309,349.07
August,20,18:30,125,0,0.0,368.02,356,5,0.014045,359.93,670,12,0.01791,364.42,347,4,0.011527,351.54
August,20,19:00,86,0,0.0,367.33,323,6,0.018576,360.93,599,12,0.020033,356.3,319,6,0.018809,353.31
August,20,19:30,64,0,0.0,353.3,292,8,0.027397,362.61,526,11,0.020913,350.49,288,6,0.020833,360.71
August,20,20:00,51,0,0.0,334.7,258,9,0.034884,359.91,455,8,0.017582,351.55,257,6,0.023346,356.92
August,20,20:30,43,0,0.0,327.64,221,4,0.0181,353.0,390,7,0.017949,353.36,220,5,0.022727,347.59
August,20,21:00,33,1,0.030303,330.2,181,4,0.022099,350.29,330,2,0.006061,352.42,184,8,0.043478,350.23
August,20,21:30,26,0,0.0,328.41,151,1,0.006623,348.3,276,0,0.0,347.09,157,5,0.031847,349.89
August,20,22:00,19,0,0.0,324.7,122,0,0.0,330.29,225,0,0.0,342.05,127,1,0.007874,348.61
August,20,22:30,14,1,0.071429,319.69,96,0,0.0,326.73,175,0,0.0,328.08,105,0,0.0,346.7
August,20,23:00,11,0,0.0,329.59,73,0,0.0,321.85,136,0,0.0,328.2,81,0,0.0,339.64
August,20,23:30,9,0,0.0,300.87,58,0,0.0,320.61,110,0,0.0,330.68,65,0,0.0,330.77
August,21,0:00,5,0,0.0,354.77,32,0,0.0,307.92,69,0,0.0,327.21,40,0,0.0,366.15
August,21,0:30,3,0,0.0,361.58,23,0,0.0,296.02,54,0,0.0,318.67,31,0,0.0,374.03
August,21,1:00,2,0,0.0,306.83,12,0,0.0,291.76,39,0,0.0,318.85,23,0,0.0,373.45
August,21,1:30,2,0,0.0,288.78,7,0,0.0,323.83,28,0,0.0,314.97,18,0,0.0,352.27
August,21,2:00,1,0,0.0,294.43,5,0,0.0,377.21,20,0,0.0,247.19,13,0,0.0,331.43
August,21,2:30,1,0,0.0,315.83,4,0,0.0,376.42,16,0,0.0,215.71,9,0,0.0,318.4
August,21,3:00,1,0,0.0,451.09,4,0,0.0,294.96,13,0,0.0,274.7,3,0,0.0,320.11
August,21,3:30,1,0,0.0,276.62,4,0,0.0,273.13,12,0,0.0,311.96,1,0,0.0,309.37
August,21,4:00,1,0,0.0,222.28,4,0,0.0,321.56,12,0,0.0,288.28,1,0,0.0,307.39
August,21,4:30,1,0,0.0,237.53,3,0,0.0,471.62,12,0,0.0,269.1,1,0,0.0,321.04
August,21,5:00,1,0,0.0,244.79,3,0,0.0,325.51,14,0,0.0,258.41,1,0,0.0,376.93
August,21,5:30,2,0,0.0,337.09,4,0,0.0,269.83,20,0,0.0,266.18,3,0,0.0,421.07
August,21,6:00,3,1,0.333333,324.98,5,2,0.4,274.29,32,1,0.03125,266.13,13,0,0.0,312.32
August,21,6:30,5,4,0.8,308.44,10,5,0.5,340.52,54,2,0.037037,260.76,24,1,0.041667,283.95
August,21,7:00,9,4,0.444444,320.66,24,3,0.125,311.34,93,1,0.010753,261.75,41,0,0.0,290.56
August,21,7:30,17,3,0.176471,307.94,43,3,0.069767,302.01,150,2,0.013333,271.25,72,0,0.0,281.74
August,21,8:00,42,1,0.02381,306.11,79,2,0.025316,314.79,254,1,0.003937,293.41,125,0,0.0,292.44
August,21,8:30,73,2,0.027397,323.44,124,3,0.024194,323.38,373,2,0.005362,303.78,185,0,0.0,309.68
August,21,9:00,104,1,0.009615,331.63,186,2,0.010753,323.77,519,4,0.007707,312.74,257,1,0.003891,318.6
August,21,9:30,127,0,0.0,328.29,233,3,0.012876,329.62,646,6,0.009288,320.89,311,3,0.009646,327.7
August,21,10:00,152,2,0.013158,323.78,277,3,0.01083,335.91,754,9,0.011936,330.14,363,3,0.008264,334.99
August,21,10:30,177,2,0.011299,328.23,316,6,0.018987,347.4,837,15,0.017921,338.74,401,4,0.009975,338.38
August,21,11:00,191,1,0.005236,329.96,343,11,0.03207,352.67,891,16,0.017957,342.63,437,3,0.006865,343.93
August,21,11:30,197,0,0.0,332.31,376,17,0.045213,349.57,919,15,0.016322,344.91,452,1,0.002212,346.3
August,21,12:00,201,0,0.0,331.98,402,14,0.034826,352.51,917,12,0.013086,346.33,466,2,0.004292,342.52
August,21,12:30,203,0,0.0,327.03,407,13,0.031941,358.06,914,19,0.020788,348.36,472,3,0.006356,341.56
August,21,13:00,200,0,0.0,332.53,415,13,0.031325,353.81,907,18,0.019846,349.27,473,4,0.008457,346.15
August,21,13:30,201,0,0.0,339.19,427,19,0.044496,350.73,911,11,0.012075,346.96,481,4,0.008316,346.41
August,21,14:00,205,0,0.0,341.15,446,13,0.029148,354.24,923,16,0.017335,349.41,500,6,0.012,348.39
August,21,14:30,205,1,0.004878,344.11,450,10,0.022222,357.43,931,31,0.033298,352.71,500,4,0.008,354.03
August,21,15:00,205,3,0.014634,347.66,443,8,0.018059,360.77,922,14,0.015184,352.3,493,3,0.006085,358.59
August,21,15:30,203,5,0.024631,347.86,441,7,0.015873,361.79,918,6,0.006536,352.95,491,3,0.00611,356.01
August,21,16:00,202,3,0.014851,345.99,437,6,0.01373,359.37,899,6,0.006674,355.03,491,2,0.004073,353.44
August,21,16:30,195,1,0.005128,343.38,423,5,0.01182,356.87,865,7,0.008092,357.82,472,1,0.002119,357.15
August,21,17:00,174,0,0.0,342.83,402,2,0.004975,358.97,819,6,0.007326,354.69,445,1,0.002247,356.06
August,21,17:30,151,1,0.006623,342.65,383,4,0.010444,359.31,762,8,0.010499,352.46,411,1,0.002433,354.47
August,21,18:00,133,0,0.0,342.38,357,7,0.019608,357.47,693,8,0.011544,355.44,373,1,0.002681,358.4
August,21,18:30,112,0,0.0,340.49,326,6,0.018405,357.38,619,7,0.011309,358.61,337,2,0.005935,352.39
August,21,19:00,79,0,0.0,341.32,295,6,0.020339,353.76,552,14,0.025362,356.33,311,4,0.012862,348.35
August,21,19:30,59,0,0.0,329.42,264,5,0.018939,358.0,491,22,0.044807,360.47,283,6,0.021201,349.3
August,21,20:00,47,0,0.0,333.46,228,5,0.02193,361.67,430,15,0.034884,356.98,253,5,0.019763,343.05
August,21,20:30,39,1,0.025641,339.77,197,1,0.005076,351.04,372,9,0.024194,351.14,218,2,0.009174,345.13
August,21,21:00,29,0,0.0,321.8,163,0,0.0,349.29,311,2,0.006431,350.59,181,2,0.01105,346.83
August,21,21:30,22,0,0.0,323.03,133,1,0.007519,346.11,257,0,0.0,348.54,155,1,0.006452,343.73
August,21,22:00,17,1,0.058824,313.52,108,3,0.027778,336.95,208,0,0.0,334.8,125,1,0.008,349.08
August,21,22:30,13,2,0.153846,314.14,85,1,0.011765,328.52,162,0,0.0,328.97,101,1,0.009901,339.86
August,21,23:00,10,1,0.1,328.89,64,0,0.0,327.89,126,0,0.0,329.75,78,0,0.0,343.01
August,21,23:30,8,0,0.0,350.19,49,0,0.0,318.14,100,0,0.0,326.77,63,0,0.0,352.14
August,22,0:00,5,0,0.0,422.4,28,0,0.0,321.16,67,0,0.0,344.87,40,0,0.0,362.49
August,22,0:30,3,0,0.0,367.08,21,0,0.0,336.34,51,0,0.0,326.0,29,0,0.0,356.91
August,22,1:00,2,0,0.0,302.82,10,0,0.0,363.29,36,0,0.0,320.6,22,0,0.0,370.93
August,22,1:30,2,0,0.0,267.98,6,0,0.0,305.82,26,0,0.0,313.97,16,0,0.0,345.88
August,22,2:00,1,0,0.0,269.93,5,0,0.0,327.09,18,0,0.0,314.37,12,0,0.0,358.85
August,22,2:30,1,0,0.0,246.91,4,0,0.0,347.76,15,0,0.0,329.77,8,0,0.0,381.88
August,22,3:00,1,0,0.0,173.42,4,0,0.0,380.9,12,0,0.0,339.17,3,0,0.0,383.49
August,22,3:30,1,0,0.0,117.84,3,0,0.0,369.67,12,0,0.0,350.13,1,0,0.0,222.93
August,22,4:00,1,0,0.0,135.41,3,0,0.0,290.17,12,0,0.0,310.65,0,0,0.0,195.28
August,22,4:30,1,0,0.0,298.19,3,0,0.0,233.62,13,0,0.0,310.79,0,0,0.0,279.54
August,22,5:00,1,0,0.0,298.32,3,0,0.0,249.99,15,0,0.0,308.49,1,0,0.0,321.46
August,22,5:30,2,0,0.0,232.03,3,0,0.0,255.98,19,0,0.0,300.98,2,0,0.0,342.39
August,22,6:00,2,1,0.5,238.27,5,2,0.4,290.79,31,1,0.032258,278.3,12,0,0.0,299.58
August,22,6:30,3,3,1.0,288.36,9,5,0.555556,322.14,52,2,0.038462,264.76,24,1,0.041667,288.98
August,22,7:00,8,6,0.75,315.59,26,3,0.115385,290.08,88,1,0.011364,263.55,42,1,0.02381,294.94
August,22,7:30,17,3,0.176471,320.45,44,2,0.045455,285.92,149,3,0.020134,265.06,71,1,0.014085,307.06
August,22,8:00,40,1,0.025,310.71,81,1,0.012346,296.75,254,1,0.003937,279.71,121,1,0.008264,308.43
August,22,8:30,69,0,0.0,318.31,120,3,0.025,316.9,372,1,0.002688,297.5,174,1,0.005747,313.46
August,22,9:00,101,0,0.0,328.95,173,3,0.017341,335.1,515,3,0.005825,304.4,245,2,0.008163,324.84
August,22,9:30,125,0,0.0,337.04,214,3,0.014019,341.99,641,8,0.01248,308.31,302,4,0.013245,334.41
August,22,10:00,144,0,0.0,344.66,262,2,0.007634,347.88,738,13,0.017615,318.71,352,5,0.014205,337.05
August,22,10:30,171,1,0.005848,347.17,297,5,0.016835,348.95,816,20,0.02451,327.2,385,7,0.018182,348.73
August,22,11:00,183,0,0.0,347.26,325,10,0.030769,353.42,872,15,0.017202,333.71,416,7,0.016827,354.28
August,22,11:30,191,1,0.005236,345.21,355,14,0.039437,361.64,910,19,0.020879,335.31,438,6,0.013699,352.96
August,22,12:00,198,3,0.015152,343.48,386,11,0.028497,364.38,921,27,0.029316,335.31,448,5,0.011161,353.0
August,22,12:30,199,1,0.005025,352.33,393,12,0.030534,366.48,924,25,0.027056,338.65,457,4,0.008753,361.95
August,22,13:00,199,1,0.005025,358.65,405,12,0.02963,358.94,919,15,0.016322,345.3,461,4,0.008677,365.4
August,22,13:30,201,0,0.0,355.93,414,13,0.031401,357.0,918,15,0.01634,346.18,470,6,0.012766,363.17
August,22,14:00,202,1,0.00495,353.98,430,16,0.037209,363.41,929,16,0.017223,346.65,482,8,0.016598,360.05
August,22,14:30,207,3,0.014493,353.66,439,16,0.036446,365.03,928,17,0.018319,345.55,481,9,0.018711,363.1
August,22,15:00,205,5,0.02439,349.55,440,9,0.020455,367.17,919,22,0.023939,345.89,476,7,0.014706,366.98
August,22,15:30,205,6,0.029268,354.39,435,7,0.016092,366.31,911,25,0.027442,347.27,473,7,0.014799,365.24
August,22,16:00,200,2,0.01,357.78,433,8,0.018476,371.78,895,13,0.014525,347.36,482,4,0.008299,365.63
August,22,16:30,187,0,0.0,359.44,419,7,0.016706,368.72,856,8,0.009346,347.25,463,4,0.008639,363.85
August,22,17:00,165,0,0.0,356.52,400,7,0.0175,363.72,807,9,0.011152,347.49,430,3,0.006977,368.16
August,22,17:30,146,0,0.0,352.72,375,9,0.024,365.47,738,9,0.012195,348.34,389,2,0.005141,360.88
August,22,18:00,130,0,0.0,356.86,342,10,0.02924,368.63,654,7,0.010703,350.39,350,1,0.002857,357.85
August,22,18:30,108,1,0.009259,372.93,307,7,0.022801,362.01,591,6,0.010152,349.63,313,3,0.009585,360.3
August,22,19:00,76,0,0.0,374.55,279,9,0.032258,357.92,525,6,0.011429,343.53,285,4,0.014035,361.58
August,22,19:30,56,0,0.0,360.78,246,6,0.02439,349.91,460,6,0.013043,344.61,254,4,0.015748,361.81
August,22,20:00,43,0,0.0,353.22,210,5,0.02381,354.23,395,7,0.017722,341.7,218,3,0.013761,355.45
August,22,20:30,35,0,0.0,343.93,187,3,0.016043,356.39,337,3,0.008902,336.72,191,4,0.020942,348.16
August,22,21:00,26,0,0.0,346.81,156,2,0.012821,347.36,284,0,0.0,337.72,160,7,0.04375,357.27
August,22,21:30,19,0,0.0,335.89,128,3,0.023438,338.49,233,0,0.0,335.59,137,6,0.043796,364.61
August,22,22:00,16,1,0.0625,342.12,102,1,0.009804,334.48,190,0,0.0,333.49,111,2,0.018018,354.04
August,22,22:30,12,4,0.333333,362.9,82,0,0.0,329.55,150,0,0.0,331.66,91,0,0.0,338.44
August,22,23:00,9,3,0.333333,330.82,60,0,0.0,336.96,116,0,0.0,322.65,71,0,0.0,333.72
August,22,23:30,7,1,0.142857,265.28,51,0,0.0,330.95,93,0,0.0,308.09,57,0,0.0,335.1
August,23,0:00,5,0,0.0,379.72,36,1,0.027778,322.65,61,0,0.0,321.99,38,0,0.0,349.6
August,23,0:30,4,0,0.0,387.45,24,0,0.0,347.77,48,0,0.0,323.92,27,0,0.0,356.42
August,23,1:00,3,0,0.0,382.4,11,0,0.0,356.25,37,0,0.0,332.03,21,0,0.0,349.79
August,23,1:30,1,0,0.0,367.86,6,0,0.0,312.53,29,0,0.0,325.23,15,0,0.0,343.26
August,23,2:00,1,0,0.0,241.91,5,0,0.0,289.73,20,0,0.0,318.38,11,0,0.0,337.49
August,23,2:30,1,0,0.0,216.81,4,0,0.0,275.8,14,0,0.0,327.47,7,0,0.0,379.72
August,23,3:00,1,0,0.0,265.79,3,0,0.0,268.78,11,0,0.0,311.04,2,0,0.0,461.02
August,23,3:30,1,0,0.0,203.92,3,0,0.0,179.42,11,0,0.0,300.67,1,0,0.0,366.16
August,23,4:00,1,0,0.0,176.93,2,0,0.0,168.26,10,0,0.0,334.54,0,0,0.0,320.78
August,23,4:30,1,0,0.0,207.53,3,0,0.0,293.7,10,0,0.0,332.42,0,0,0.0,336.7
August,23,5:00,1,0,0.0,238.06,3,0,0.0,282.26,11,0,0.0,332.59,1,0,0.0,452.15
August,23,5:30,1,0,0.0,197.8,3,0,0.0,294.23,12,0,0.0,309.94,2,0,0.0,606.87
August,23,6:00,1,0,0.0,248.95,4,1,0.25,354.76,20,0,0.0,292.77,8,0,0.0,384.71
August,23,6:30,2,0,0.0,289.83,6,2,0.333333,347.43,34,0,0.0,275.9,14,0,0.0,292.55
August,23,7:00,6,0,0.0,273.77,12,1,0.083333,316.62,59,1,0.016949,263.45,26,0,0.0,304.88
August,23,7:30,13,0,0.0,295.0,19,0,0.0,326.15,99,2,0.020202,264.11,45,1,0.022222,322.26
August,23,8:00,29,0,0.0,282.33,34,0,0.0,324.11,166,1,0.006024,276.19,73,0,0.0,321.08
August,23,8:30,47,0,0.0,292.33,52,1,0.019231,325.09,241,1,0.004149,293.44,108,0,0.0,316.84
August,23,9:00,66,0,0.0,292.96,112,3,0.026786,314.96,333,7,0.021021,299.97,155,1,0.006452,321.87
August,23,9:30,79,0,0.0,292.57,154,5,0.032468,322.37,408,16,0.039216,311.34,193,3,0.015544,316.1
August,23,10:00,99,1,0.010101,302.91,194,7,0.036082,330.93,493,12,0.024341,319.06,234,4,0.017094,320.8
August,23,10:30,123,1,0.00813,309.26,224,10,0.044643,341.79,556,13,0.023381,327.84,271,6,0.02214,329.08
August,23,11:00,137,2,0.014599,309.04,257,10,0.038911,345.27,603,16,0.026534,331.96,301,5,0.016611,337.58
August,23,11:30,143,4,0.027972,308.66,287,11,0.038328,347.19,620,22,0.035484,336.94,317,2,0.006309,341.56
August,23,12:00,154,7,0.045455,317.89,300,10,0.033333,345.67,631,24,0.038035,338.23,332,2,0.006024,346.79
August,23,12:30,161,9,0.055901,320.08,312,17,0.054487,349.49,632,24,0.037975,338.06,341,3,0.008798,345.61
August,23,13:00,160,4,0.025,326.29,328,22,0.067073,350.16,627,22,0.035088,340.53,344,4,0.011628,345.19
August,23,13:30,157,1,0.006369,331.71,343,25,0.072886,348.74,628,25,0.039809,342.49,341,5,0.014663,342.15
August,23,14:00,152,2,0.013158,332.76,349,24,0.068768,352.03,628,24,0.038217,342.92,341,6,0.017595,344.91
August,23,14:30,152,2,0.013158,329.77,340,16,0.047059,355.67,616,11,0.017857,341.87,343,9,0.026239,346.53
August,23,15:00,148,1,0.006757,325.49,336,9,0.026786,348.74,592,2,0.003378,343.4,331,6,0.018127,337.76
August,23,15:30,147,0,0.0,332.77,334,8,0.023952,344.84,573,1,0.001745,341.16,321,3,0.009346,335.78
August,23,16:00,145,0,0.0,336.7,332,7,0.021084,355.12,552,2,0.003623,342.47,311,2,0.006431,344.77
August,23,16:30,135,1,0.007407,322.77,320,5,0.015625,362.4,518,3,0.005792,341.48,290,2,0.006897,344.58
August,23,17:00,121,2,0.016529,328.18,307,4,0.013029,360.11,483,4,0.008282,343.12,270,1,0.003704,345.39
August,23,17:30,106,2,0.018868,336.87,291,6,0.020619,362.03,463,3,0.006479,342.91,251,1,0.003984,346.95
August,23,18:00,96,1,0.010417,342.14,264,10,0.037879,364.6,435,4,0.009195,342.35,234,1,0.004274,351.43
August,23,18:30,81,1,0.012346,347.58,243,9,0.037037,361.69,396,4,0.010101,345.04,210,0,0.0,361.01
August,23,19:00,63,0,0.0,340.79,217,6,0.02765,355.02,358,6,0.01676,344.29,198,0,0.0,359.43
August,23,19:30,49,0,0.0,335.57,191,8,0.041885,347.28,320,8,0.025,342.34,177,0,0.0,354.36
August,23,20:00,38,0,0.0,315.01,168,13,0.077381,344.68,284,7,0.024648,342.79,153,0,0.0,342.04
August,23,20:30,31,0,0.0,302.63,146,8,0.054795,331.33,243,4,0.016461,340.89,138,1,0.007246,335.34
August,23,21:00,23,0,0.0,315.93,120,6,0.05,325.8,204,3,0.014706,339.83,117,2,0.017094,337.06
August,23,21:30,17,0,0.0,337.32,102,4,0.039216,328.98,167,1,0.005988,334.54,98,1,0.010204,341.55
August,23,22:00,13,0,0.0,368.81,82,2,0.02439,327.39,139,0,0.0,324.71,84,0,0.0,339.42
August,23,22:30,9,0,0.0,341.42,66,1,0.015152,325.96,115,0,0.0,319.47,71,0,0.0,339.05
August,23,23:00,8,0,0.0,336.51,50,2,0.04,309.64,91,0,0.0,317.24,57,0,0.0,332.32
August,23,23:30,6,0,0.0,296.15,40,1,0.025,309.08,78,0,0.0,314.41,47,0,0.0,317.94
August,24,0:00,2,0,0.0,404.15,29,0,0.0,291.74,48,0,0.0,323.1,34,0,0.0,332.17
August,24,0:30,2,0,0.0,425.31,21,0,0.0,295.89,38,0,0.0,331.32,23,0,0.0,331.51
August,24,1:00,2,0,0.0,391.62,10,0,0.0,327.49,29,0,0.0,308.17,18,0,0.0,365.42
August,24,1:30,2,0,0.0,341.17,6,0,0.0,349.55,24,0,0.0,300.39,14,0,0.0,392.66
August,24,2:00,1,0,0.0,308.97,5,0,0.0,393.49,17,0,0.0,314.11,10,0,0.0,392.52
August,24,2:30,1,0,0.0,284.82,3,0,0.0,399.84,13,0,0.0,317.25,7,0,0.0,403.0
August,24,3:00,1,0,0.0,248.67,3,0,0.0,333.91,11,0,0.0,336.68,3,0,0.0,391.83
August,24,3:30,1,0,0.0,265.51,2,0,0.0,228.57,9,0,0.0,383.85,1,0,0.0,340.47
August,24,4:00,1,0,0.0,346.42,1,0,0.0,183.31,8,0,0.0,408.53,0,0,0.0,327.27
August,24,4:30,1,0,0.0,298.72,1,0,0.0,257.62,8,0,0.0,384.59,0,0,0.0,376.11
August,24,5:00,1,0,0.0,295.58,2,0,0.0,370.32,8,0,0.0,340.01,0,0,0.0,442.76
August,24,5:30,1,0,0.0,323.12,2,0,0.0,412.05,10,0,0.0,282.15,1,0,0.0,301.5
August,24,6:00,1,0,0.0,279.16,2,0,0.0,320.16,15,0,0.0,272.47,5,0,0.0,243.53
August,24,6:30,2,0,0.0,253.37,3,0,0.0,290.98,24,0,0.0,271.43,9,0,0.0,286.23
August,24,7:00,4,0,0.0,297.95,7,0,0.0,290.24,38,0,0.0,275.5,17,0,0.0,329.61
August,24,7:30,6,0,0.0,324.72,11,0,0.0,295.14,62,0,0.0,278.63,29,0,0.0,336.49
August,24,8:00,10,0,0.0,287.05,20,0,0.0,284.84,99,0,0.0,286.14,44,0,0.0,329.81
August,24,8:30,13,0,0.0,280.41,30,0,0.0,299.96,136,0,0.0,298.77,61,0,0.0,338.21
August,24,9:00,16,0,0.0,274.16,58,0,0.0,308.37,175,0,0.0,308.14,86,0,0.0,330.12
August,24,9:30,19,0,0.0,296.63,77,0,0.0,313.39,214,0,0.0,305.92,102,1,0.009804,320.81
August,24,10:00,22,0,0.0,300.08,95,0,0.0,311.86,261,0,0.0,306.49,121,5,0.041322,333.41
August,24,10:30,29,0,0.0,294.16,107,0,0.0,317.24,306,0,0.0,313.22,144,7,0.048611,348.3
August,24,11:00,29,0,0.0,296.77,119,2,0.016807,315.38,336,0,0.0,323.63,158,4,0.025316,343.87
August,24,11:30,32,0,0.0,301.64,137,5,0.036496,316.47,369,0,0.0,325.88,171,2,0.011696,341.67
August,24,12:00,43,0,0.0,300.15,154,4,0.025974,315.57,395,3,0.007595,323.75,184,1,0.005435,339.63
August,24,12:30,52,1,0.019231,300.97,175,6,0.034286,316.08,402,14,0.034826,325.08,187,2,0.010695,337.95
August,24,13:00,64,2,0.03125,302.37,196,7,0.035714,312.65,410,23,0.056098,332.7,189,4,0.021164,344.49
August,24,13:30,68,1,0.014706,301.35,206,9,0.043689,316.27,412,27,0.065534,334.46,197,4,0.020305,344.22
August,24,14:00,70,1,0.014286,306.08,217,6,0.02765,320.47,413,17,0.041162,336.79,198,2,0.010101,344.83
August,24,14:30,71,3,0.042254,309.1,216,1,0.00463,323.5,411,5,0.012165,336.52,199,2,0.01005,344.26
August,24,15:00,71,2,0.028169,310.09,221,0,0.0,321.56,409,1,0.002445,338.72,197,2,0.010152,347.99
August,24,15:30,72,2,0.027778,304.79,227,1,0.004405,320.12,400,0,0.0,338.05,199,2,0.01005,346.95
August,24,16:00,71,1,0.014085,297.86,223,3,0.013453,320.91,392,0,0.0,335.29,190,2,0.010526,356.44
August,24,16:30,68,0,0.0,288.91,213,2,0.00939,320.78,380,0,0.0,339.7,185,3,0.016216,355.55
August,24,17:00,61,0,0.0,287.66,206,3,0.014563,321.06,358,0,0.0,338.24,177,1,0.00565,358.01
August,24,17:30,53,0,0.0,289.71,197,2,0.010152,318.08,335,0,0.0,332.74,170,0,0.0,352.86
August,24,18:00,43,0,0.0,303.8,182,3,0.016484,318.27,303,0,0.0,333.42,159,1,0.006289,344.35
August,24,18:30,35,0,0.0,296.37,165,6,0.036364,313.22,281,0,0.0,333.4,146,0,0.0,341.46
August,24,19:00,28,0,0.0,288.33,147,8,0.054422,308.26,258,0,0.0,335.13,137,0,0.0,345.02
August,24,19:30,25,0,0.0,284.87,134,5,0.037313,317.32,234,0,0.0,333.44,134,0,0.0,355.52
August,24,20:00,25,0,0.0,300.17,117,1,0.008547,315.06,215,0,0.0,326.46,123,1,0.00813,353.3
August,24,20:30,21,0,0.0,301.64,105,0,0.0,311.15,196,0,0.0,328.74,110,0,0.0,349.17
August,24,21:00,17,0,0.0,309.68,94,0,0.0,311.9,170,0,0.0,330.78,90,0,0.0,351.85
August,24,21:30,14,0,0.0,332.4,81,0,0.0,317.59,146,0,0.0,325.6,79,0,0.0,357.0
August,24,22:00,12,1,0.083333,300.79,67,0,0.0,312.91,127,0,0.0,324.92,70,0,0.0,353.47
August,24,22:30,11,2,0.181818,315.89,55,0,0.0,298.52,111,0,0.0,323.68,60,1,0.016667,348.62
August,24,23:00,7,1,0.142857,350.16,43,0,0.0,272.61,89,0,0.0,321.6,50,0,0.0,357.82
August,24,23:30,6,0,0.0,308.23,36,0,0.0,272.95,75,0,0.0,318.58,45,0,0.0,381.52
August,25,0:00,3,0,0.0,334.45,24,0,0.0,338.82,53,0,0.0,327.04,31,0,0.0,323.94
August,25,0:30,3,0,0.0,321.61,20,0,0.0,328.28,45,0,0.0,321.93,24,0,0.0,324.5
August,25,1:00,2,0,0.0,342.05,11,0,0.0,349.07,33,0,0.0,322.71,18,0,0.0,335.07
August,25,1:30,1,0,0.0,331.39,6,0,0.0,340.34,23,0,0.0,325.1,14,0,0.0,321.7
August,25,2:00,1,0,0.0,368.94,4,0,0.0,292.62,16,0,0.0,314.87,9,0,0.0,313.89
August,25,2:30,1,0,0.0,304.0,4,0,0.0,292.57,14,0,0.0,336.7,8,0,0.0,328.25
August,25,3:00,0,0,0.0,238.03,3,0,0.0,340.43,11,0,0.0,331.43,5,0,0.0,354.08
August,25,3:30,1,0,0.0,172.51,3,0,0.0,407.83,10,0,0.0,322.74,4,0,0.0,317.99
August,25,4:00,1,0,0.0,172.86,3,0,0.0,326.11,10,0,0.0,310.79,3,0,0.0,314.14
August,25,4:30,1,0,0.0,168.79,3,0,0.0,301.53,10,0,0.0,296.71,4,0,0.0,273.43
August,25,5:00,1,0,0.0,233.29,2,0,0.0,371.67,11,0,0.0,304.59,4,0,0.0,293.52
August,25,5:30,1,0,0.0,268.36,3,0,0.0,388.71,15,0,0.0,273.76,5,0,0.0,296.48
August,25,6:00,2,0,0.0,287.18,4,2,0.5,282.06,24,0,0.0,263.66,11,0,0.0,258.2
August,25,6:30,3,0,0.0,249.8,8,4,0.5,300.5,44,0,0.0,278.26,19,0,0.0,252.0
August,25,7:00,8,0,0.0,235.93,23,2,0.086957,283.58,78,0,0.0,264.9,35,0,0.0,269.59
August,25,7:30,16,0,0.0,275.81,41,0,0.0,272.22,136,0,0.0,269.4,60,0,0.0,276.35
August,25,8:00,40,0,0.0,285.75,78,2,0.025641,279.55,252,0,0.0,289.27,111,1,0.009009,278.79
August,25,8:30,75,1,0.013333,295.35,124,4,0.032258,292.87,387,1,0.002584,305.04,170,3,0.017647,290.05
August,25,9:00,117,4,0.034188,295.62,194,2,0.010309,304.0,544,3,0.005515,320.39,261,6,0.022989,301.02
August,25,9:30,155,7,0.045161,303.48,251,5,0.01992,312.82,697,7,0.010043,333.68,328,17,0.051829,313.37
August,25,10:00,185,2,0.010811,308.4,315,15,0.047619,319.02,830,12,0.014458,338.18,394,18,0.045685,322.2
August,25,10:30,210,0,0.0,305.44,357,29,0.081232,328.54,936,12,0.012821,345.9,438,26,0.059361,325.96
August,25,11:00,220,0,0.0,310.52,390,25,0.064103,335.97,1006,14,0.013917,353.88,475,20,0.042105,329.04
August,25,11:30,228,2,0.008772,314.48,418,28,0.066986,339.6,1037,23,0.022179,357.67,503,20,0.039761,331.37
August,25,12:00,231,7,0.030303,309.45,451,24,0.053215,338.98,1063,23,0.021637,356.81,527,23,0.043643,335.67
August,25,12:30,234,4,0.017094,300.56,467,29,0.062099,342.33,1064,18,0.016917,358.35,534,26,0.048689,338.65
August,25,13:00,232,4,0.017241,303.16,480,29,0.060417,341.85,1056,15,0.014205,361.76,530,21,0.039623,339.94
August,25,13:30,232,1,0.00431,312.65,490,34,0.069388,335.86,1054,20,0.018975,366.26,536,17,0.031716,334.62
August,25,14:00,235,2,0.008511,313.71,512,25,0.048828,335.94,1070,20,0.018692,367.8,556,15,0.026978,333.03
August,25,14:30,238,8,0.033613,315.29,516,19,0.036822,338.83,1078,20,0.018553,367.71,567,15,0.026455,338.87
August,25,15:00,239,11,0.046025,315.01,515,15,0.029126,339.84,1076,12,0.011152,366.82,567,12,0.021164,340.55
August,25,15:30,243,11,0.045267,317.85,520,11,0.021154,339.89,1072,5,0.004664,367.87,561,15,0.026738,343.1
August,25,16:00,237,3,0.012658,317.52,521,10,0.019194,343.87,1066,5,0.00469,365.74,562,11,0.019573,348.01
August,25,16:30,227,1,0.004405,314.06,510,11,0.021569,347.29,1034,5,0.004836,366.36,548,13,0.023723,351.75
August,25,17:00,205,3,0.014634,316.23,487,10,0.020534,346.12,977,5,0.005118,366.26,522,11,0.021073,351.31
August,25,17:30,187,1,0.005348,311.06,460,10,0.021739,348.46,907,8,0.00882,365.82,489,9,0.018405,343.54
August,25,18:00,160,0,0.0,309.25,423,14,0.033097,347.93,839,8,0.009535,365.9,445,6,0.013483,345.53
August,25,18:30,134,0,0.0,318.0,391,18,0.046036,346.33,742,6,0.008086,369.74,394,6,0.015228,345.48
August,25,19:00,96,0,0.0,318.08,350,14,0.04,342.87,656,9,0.01372,373.17,358,12,0.03352,339.12
August,25,19:30,73,0,0.0,316.99,321,15,0.046729,335.12,585,9,0.015385,371.47,329,20,0.06079,340.64
August,25,20:00,55,1,0.018182,314.42,281,23,0.081851,331.51,512,9,0.017578,368.66,288,19,0.065972,336.79
August,25,20:30,43,6,0.139535,318.63,235,15,0.06383,327.36,434,4,0.009217,362.5,247,10,0.040486,335.87
August,25,21:00,34,9,0.264706,314.72,193,10,0.051813,325.25,363,1,0.002755,356.87,205,8,0.039024,336.4
August,25,21:30,26,3,0.115385,301.83,159,3,0.018868,329.36,305,0,0.0,349.48,172,4,0.023256,343.6
August,25,22:00,20,5,0.25,303.96,127,0,0.0,323.88,243,0,0.0,343.89,139,1,0.007194,338.91
August,25,22:30,15,13,0.866667,312.24,99,0,0.0,314.3,188,0,0.0,336.13,115,1,0.008696,341.3
August,25,23:00,12,5,0.416667,305.98,74,0,0.0,296.8,145,0,0.0,335.05,91,2,0.021978,346.1
August,25,23:30,9,0,0.0,308.64,58,0,0.0,287.53,113,0,0.0,346.61,70,1,0.014286,334.46
August,26,0:00,4,0,0.0,331.59,27,0,0.0,292.58,68,0,0.0,314.09,41,0,0.0,307.19
August,26,0:30,4,0,0.0,311.53,21,0,0.0,297.24,52,0,0.0,312.73,31,0,0.0,331.52
August,26,1:00,3,0,0.0,328.84,11,0,0.0,302.64,38,0,0.0,305.55,23,0,0.0,351.68
August,26,1:30,2,0,0.0,314.77,6,0,0.0,290.68,27,0,0.0,279.81,17,0,0.0,337.01
August,26,2:00,2,0,0.0,402.38,4,0,0.0,301.13,20,0,0.0,268.74,12,0,0.0,309.95
August,26,2:30,1,0,0.0,345.78,3,0,0.0,341.94,16,0,0.0,261.69,8,0,0.0,308.03
August,26,3:00,1,0,0.0,257.28,3,0,0.0,306.49,13,0,0.0,265.26,3,0,0.0,321.32
August,26,3:30,1,0,0.0,195.87,3,0,0.0,233.04,12,0,0.0,276.98,1,0,0.0,287.87
August,26,4:00,1,0,0.0,229.72,3,0,0.0,185.38,11,0,0.0,278.18,0,0,0.0,275.6
August,26,4:30,1,0,0.0,287.67,3,0,0.0,197.4,11,0,0.0,262.11,0,0,0.0,286.6
August,26,5:00,1,0,0.0,277.61,2,0,0.0,183.53,13,0,0.0,265.27,1,0,0.0,303.06
August,26,5:30,2,0,0.0,228.53,3,0,0.0,220.31,17,0,0.0,264.89,2,0,0.0,278.7
August,26,6:00,2,0,0.0,229.8,4,1,0.25,260.96,28,0,0.0,239.42,11,0,0.0,231.29
August,26,6:30,4,0,0.0,215.88,8,3,0.375,281.49,48,0,0.0,229.51,21,0,0.0,233.89
August,26,7:00,8,0,0.0,247.15,22,1,0.045455,266.49,84,0,0.0,241.34,38,0,0.0,260.52
August,26,7:30,16,0,0.0,289.71,39,0,0.0,268.23,139,0,0.0,252.77,64,0,0.0,269.98
August,26,8:00,39,3,0.076923,281.89,73,0,0.0,276.2,239,0,0.0,270.56,109,0,0.0,271.77
August,26,8:30,69,9,0.130435,294.4,116,1,0.008621,290.94,354,0,0.0,284.41,162,0,0.0,276.21
August,26,9:00,103,9,0.087379,310.09,168,0,0.0,297.67,505,0,0.0,293.83,233,0,0.0,283.55
August,26,9:30,134,6,0.044776,312.71,218,0,0.0,306.28,634,1,0.001577,300.89,290,1,0.003448,294.05
August,26,10:00,157,2,0.012739,312.88,260,2,0.007692,311.8,741,3,0.004049,305.65,346,3,0.008671,302.08
August,26,10:30,177,2,0.011299,313.47,291,6,0.020619,319.09,832,5,0.00601,311.94,384,6,0.015625,306.69
August,26,11:00,189,4,0.021164,316.75,324,5,0.015432,324.06,892,4,0.004484,316.13,417,5,0.01199,313.64
August,26,11:30,198,3,0.015152,317.59,347,8,0.023055,326.65,923,4,0.004334,317.6,444,5,0.011261,313.94
August,26,12:00,202,5,0.024752,317.51,368,5,0.013587,332.51,931,7,0.007519,319.8,461,4,0.008677,314.63
August,26,12:30,203,8,0.039409,313.36,382,4,0.010471,335.68,936,8,0.008547,323.1,464,6,0.012931,314.87
August,26,13:00,203,3,0.014778,317.08,398,3,0.007538,335.75,937,4,0.004269,324.2,463,6,0.012959,315.28
August,26,13:30,204,0,0.0,322.21,408,6,0.014706,331.82,936,3,0.003205,326.67,464,5,0.010776,316.57
August,26,14:00,209,0,0.0,321.25,428,6,0.014019,330.51,949,3,0.003161,329.0,478,5,0.01046,316.08
August,26,14:30,211,0,0.0,325.0,435,3,0.006897,332.72,952,3,0.003151,332.16,479,3,0.006263,315.24
August,26,15:00,209,0,0.0,327.83,434,3,0.006912,330.48,943,3,0.003181,331.43,476,2,0.004202,316.54
August,26,15:30,208,0,0.0,322.89,428,4,0.009346,330.07,933,2,0.002144,331.88,479,2,0.004175,317.32
August,26,16:00,210,0,0.0,325.59,425,4,0.009412,336.21,923,2,0.002167,331.15,481,2,0.004158,320.98
August,26,16:30,201,0,0.0,325.87,409,4,0.00978,338.47,905,2,0.00221,329.15,465,2,0.004301,322.01
August,26,17:00,177,0,0.0,322.5,386,4,0.010363,340.39,859,2,0.002328,331.11,434,2,0.004608,318.07
August,26,17:30,154,0,0.0,319.46,374,4,0.010695,339.79,802,3,0.003741,329.97,410,1,0.002439,316.93
August,26,18:00,138,0,0.0,319.95,349,5,0.014327,335.38,740,4,0.005405,327.98,378,1,0.002646,323.44
August,26,18:30,116,0,0.0,324.09,318,3,0.009434,332.24,652,2,0.003067,327.14,337,1,0.002967,322.21
August,26,19:00,82,0,0.0,332.73,283,4,0.014134,329.3,583,2,0.003431,326.47,306,1,0.003268,319.66
August,26,19:30,60,3,0.05,326.03,257,4,0.015564,328.31,514,1,0.001946,325.06,277,3,0.01083,323.93
August,26,20:00,47,10,0.212766,326.73,223,7,0.03139,322.89,442,2,0.004525,326.07,244,3,0.012295,320.17
August,26,20:30,40,12,0.3,329.52,190,6,0.031579,317.41,385,1,0.002597,323.99,211,1,0.004739,314.87
August,26,21:00,30,7,0.233333,321.46,156,3,0.019231,315.11,325,0,0.0,322.72,174,1,0.005747,319.27
August,26,21:30,22,2,0.090909,302.2,130,0,0.0,316.46,271,0,0.0,321.54,149,0,0.0,324.46
August,26,22:00,18,5,0.277778,289.41,105,0,0.0,319.02,222,0,0.0,317.03,121,0,0.0,327.16
August,26,22:30,12,12,1.0,286.55,81,0,0.0,312.64,176,0,0.0,311.27,99,0,0.0,323.3
August,26,23:00,9,9,1.0,307.13,62,0,0.0,301.47,134,0,0.0,307.67,76,0,0.0,324.27
August,26,23:30,7,2,0.285714,302.87,47,0,0.0,283.48,103,0,0.0,307.06,61,0,0.0,326.14
August,27,0:00,4,0,0.0,308.0,31,0,0.0,324.95,71,0,0.0,358.59,40,0,0.0,348.58
August,27,0:30,3,0,0.0,349.16,23,0,0.0,319.37,53,0,0.0,354.5,30,0,0.0,362.81
August,27,1:00,2,0,0.0,268.14,11,0,0.0,294.01,36,0,0.0,359.52,23,0,0.0,355.83
August,27,1:30,2,0,0.0,273.8,6,0,0.0,275.39,26,0,0.0,353.97,17,0,0.0,355.05
August,27,2:00,1,0,0.0,298.65,4,0,0.0,336.39,19,0,0.0,328.04,11,0,0.0,372.53
August,27,2:30,1,0,0.0,343.72,4,0,0.0,368.17,16,0,0.0,315.19,8,0,0.0,379.77
August,27,3:00,1,0,0.0,400.1,3,0,0.0,370.51,12,0,0.0,324.48,3,0,0.0,359.9
August,27,3:30,1,0,0.0,345.3,3,0,0.0,317.82,11,0,0.0,354.32,1,0,0.0,326.7
August,27,4:00,1,0,0.0,281.24,3,0,0.0,299.98,11,0,0.0,356.18,0,0,0.0,363.82
August,27,4:30,1,0,0.0,299.79,3,0,0.0,304.58,12,0,0.0,335.69,0,0,0.0,500.09
August,27,5:00,1,0,0.0,371.4,3,0,0.0,385.56,13,0,0.0,307.34,1,0,0.0,478.7
August,27,5:30,2,0,0.0,298.47,3,0,0.0,424.92,18,0,0.0,278.59,3,0,0.0,319.99
August,27,6:00,2,0,0.0,273.36,5,1,0.2,361.62,30,0,0.0,269.07,12,0,0.0,270.8
August,27,6:30,4,0,0.0,285.26,9,3,0.333333,292.8,51,0,0.0,269.33,23,0,0.0,282.87
August,27,7:00,8,1,0.125,307.71,24,2,0.083333,265.65,92,0,0.0,284.59,41,0,0.0,271.57
August,27,7:30,17,2,0.117647,323.16,43,4,0.093023,298.8,152,0,0.0,294.11,69,0,0.0,288.95
August,27,8:00,43,5,0.116279,314.24,78,2,0.025641,312.75,263,1,0.003802,306.43,116,0,0.0,310.26
August,27,8:30,75,10,0.133333,339.32,123,2,0.01626,320.3,386,4,0.010363,321.87,173,0,0.0,314.09
August,27,9:00,112,9,0.080357,338.78,180,1,0.005556,327.28,544,8,0.014706,333.41,251,0,0.0,312.26
August,27,9:30,138,6,0.043478,339.91,232,3,0.012931,333.71,678,10,0.014749,339.27,299,2,0.006689,323.96
August,27,10:00,162,3,0.018519,337.46,272,10,0.036765,340.9,782,10,0.012788,342.47,347,4,0.011527,332.45
August,27,10:30,182,1,0.005495,337.11,301,17,0.056478,353.0,873,17,0.019473,352.08,381,7,0.018373,341.43
August,27,11:00,195,0,0.0,337.49,336,9,0.026786,359.86,921,13,0.014115,358.36,418,4,0.009569,344.81
August,27,11:30,202,1,0.00495,335.99,366,9,0.02459,361.79,946,8,0.008457,361.53,437,3,0.006865,346.48
August,27,12:00,203,4,0.019704,346.5,392,5,0.012755,363.0,961,13,0.013528,361.5,450,3,0.006667,346.02
August,27,12:30,204,3,0.014706,344.9,401,6,0.014963,363.12,968,24,0.024793,364.33,459,3,0.006536,344.88
August,27,13:00,206,1,0.004854,343.15,410,6,0.014634,355.97,968,13,0.01343,363.34,463,3,0.006479,348.74
August,27,13:30,204,0,0.0,341.59,419,6,0.01432,357.99,969,8,0.008256,362.83,470,2,0.004255,345.78
August,27,14:00,205,0,0.0,342.47,430,4,0.009302,361.92,970,9,0.009278,364.85,484,1,0.002066,346.86
August,27,14:30,207,0,0.0,346.71,434,6,0.013825,366.55,973,10,0.010277,367.29,483,2,0.004141,356.4
August,27,15:00,206,1,0.004854,345.44,435,4,0.009195,364.13,957,9,0.009404,371.01,476,2,0.004202,361.41
August,27,15:30,205,1,0.004878,349.74,436,4,0.009174,363.0,949,10,0.010537,376.0,472,3,0.006356,359.28
August,27,16:00,202,1,0.00495,354.74,432,4,0.009259,362.31,935,6,0.006417,375.51,463,3,0.006479,356.85
August,27,16:30,191,0,0.0,352.35,415,2,0.004819,364.3,902,5,0.005543,373.22,451,2,0.004435,355.59
August,27,17:00,172,0,0.0,349.31,394,1,0.002538,365.82,856,8,0.009346,371.12,435,2,0.004598,351.42
August,27,17:30,154,0,0.0,341.29,380,3,0.007895,364.25,801,10,0.012484,372.5,405,2,0.004938,354.43
August,27,18:00,136,0,0.0,342.74,351,6,0.017094,361.88,733,8,0.010914,378.33,365,2,0.005479,350.01
August,27,18:30,115,0,0.0,361.74,312,3,0.009615,361.94,656,6,0.009146,378.45,328,2,0.006098,352.49
August,27,19:00,79,0,0.0,361.06,282,4,0.014184,362.94,587,6,0.010221,370.02,301,3,0.009967,354.26
August,27,19:30,59,0,0.0,347.27,256,5,0.019531,364.64,515,6,0.01165,363.99,272,3,0.011029,361.68
August,27,20:00,47,0,0.0,328.99,226,5,0.022124,361.92,444,4,0.009009,365.09,243,3,0.012346,357.89
August,27,20:30,39,1,0.025641,322.05,193,2,0.010363,354.97,380,3,0.007895,366.97,208,3,0.014423,348.53
August,27,21:00,31,1,0.032258,324.56,158,2,0.012658,352.25,322,1,0.003106,365.99,173,4,0.023121,351.18
August,27,21:30,23,1,0.043478,322.81,132,1,0.007576,350.25,269,0,0.0,360.46,147,2,0.013605,350.84
August,27,22:00,17,0,0.0,319.16,106,0,0.0,332.13,218,0,0.0,355.23,119,0,0.0,349.55
August,27,22:30,13,1,0.076923,314.23,83,0,0.0,328.56,170,0,0.0,340.72,99,0,0.0,347.64
August,27,23:00,10,0,0.0,323.96,63,0,0.0,323.65,132,0,0.0,340.84,76,0,0.0,340.56
August,27,23:30,8,0,0.0,295.74,50,0,0.0,322.4,106,0,0.0,343.42,60,0,0.0,331.66
August,28,0:00,5,0,0.0,365.55,30,0,0.0,308.03,70,0,0.0,337.63,40,0,0.0,368.37
August,28,0:30,3,0,0.0,372.57,21,0,0.0,296.14,55,0,0.0,328.82,31,0,0.0,376.29
August,28,1:00,2,0,0.0,316.16,11,0,0.0,291.87,40,0,0.0,329.0,23,0,0.0,375.71
August,28,1:30,2,0,0.0,297.56,7,0,0.0,323.95,28,0,0.0,324.99,18,0,0.0,354.4
August,28,2:00,1,0,0.0,303.38,5,0,0.0,377.35,20,0,0.0,255.06,13,0,0.0,333.44
August,28,2:30,1,0,0.0,325.43,4,0,0.0,376.57,16,0,0.0,222.57,9,0,0.0,320.32
August,28,3:00,1,0,0.0,464.8,3,0,0.0,295.08,12,0,0.0,283.45,3,0,0.0,322.04
August,28,3:30,1,0,0.0,285.03,3,0,0.0,273.23,12,0,0.0,321.89,1,0,0.0,311.24
August,28,4:00,1,0,0.0,229.04,3,0,0.0,321.69,12,0,0.0,297.46,1,0,0.0,309.25
August,28,4:30,1,0,0.0,244.75,3,0,0.0,471.8,12,0,0.0,277.66,1,0,0.0,322.98
August,28,5:00,1,0,0.0,252.23,3,0,0.0,325.64,14,0,0.0,266.64,1,0,0.0,379.2
August,28,5:30,2,0,0.0,347.33,3,0,0.0,269.94,20,0,0.0,274.66,3,0,0.0,423.62
August,28,6:00,3,2,0.666667,334.86,5,1,0.2,274.39,32,0,0.0,274.61,13,0,0.0,314.21
August,28,6:30,5,5,1.0,317.81,9,4,0.444444,340.65,55,1,0.018182,269.06,24,1,0.041667,285.67
August,28,7:00,9,9,1.0,330.4,22,2,0.090909,311.46,94,1,0.010638,270.08,41,0,0.0,292.31
August,28,7:30,17,6,0.352941,317.3,40,3,0.075,302.13,152,1,0.006579,279.88,72,0,0.0,283.45
August,28,8:00,42,3,0.071429,315.41,74,2,0.027027,314.91,259,1,0.003861,302.75,125,0,0.0,294.21
August,28,8:30,74,4,0.054054,333.27,116,2,0.017241,323.51,378,1,0.002646,313.45,185,0,0.0,311.55
August,28,9:00,107,1,0.009346,341.71,173,2,0.011561,323.89,529,2,0.003781,322.69,257,2,0.007782,320.52
August,28,9:30,133,1,0.007519,338.27,217,2,0.009217,329.74,660,4,0.006061,331.1,312,4,0.012821,329.69
August,28,10:00,158,3,0.018987,333.62,259,2,0.007722,336.04,770,6,0.007792,340.65,365,5,0.013699,337.01
August,28,10:30,181,4,0.022099,338.21,296,6,0.02027,347.53,856,10,0.011682,349.53,402,7,0.017413,340.43
August,28,11:00,195,1,0.005128,339.99,321,10,0.031153,352.81,910,10,0.010989,353.53,437,4,0.009153,346.01
August,28,11:30,202,0,0.0,342.41,353,15,0.042493,349.71,939,9,0.009585,355.89,452,2,0.004425,348.39
August,28,12:00,205,0,0.0,342.07,377,12,0.03183,352.64,938,8,0.008529,357.36,466,3,0.006438,344.6
August,28,12:30,206,0,0.0,336.97,383,12,0.031332,358.19,935,12,0.012834,359.45,473,5,0.010571,343.63
August,28,13:00,203,0,0.0,342.64,389,12,0.030848,353.95,929,12,0.012917,360.38,474,7,0.014768,348.25
August,28,13:30,204,0,0.0,349.5,402,17,0.042289,350.87,933,7,0.007503,358.0,482,7,0.014523,348.51
August,28,14:00,208,0,0.0,351.52,420,11,0.02619,354.37,947,10,0.01056,360.54,499,9,0.018036,350.49
August,28,14:30,209,2,0.009569,354.57,424,9,0.021226,357.57,956,20,0.020921,363.93,499,7,0.014028,356.17
August,28,15:00,209,7,0.033493,358.23,416,7,0.016827,360.91,944,9,0.009534,363.51,491,5,0.010183,360.76
August,28,15:30,207,10,0.048309,358.43,414,7,0.016908,361.92,940,4,0.004255,364.18,489,4,0.00818,358.17
August,28,16:00,206,6,0.029126,356.51,409,5,0.012225,359.51,921,4,0.004343,366.34,489,3,0.006135,355.58
August,28,16:30,198,1,0.005051,353.82,395,4,0.010127,357.01,886,5,0.005643,369.21,471,2,0.004246,359.31
August,28,17:00,177,1,0.00565,353.25,375,2,0.005333,359.1,839,4,0.004768,365.98,443,2,0.004515,358.22
August,28,17:30,154,2,0.012987,353.07,357,4,0.011204,359.45,784,5,0.006378,363.68,413,2,0.004843,356.62
August,28,18:00,134,1,0.007463,352.79,336,6,0.017857,357.61,713,5,0.007013,366.76,373,1,0.002681,360.57
August,28,18:30,115,0,0.0,350.85,305,5,0.016393,357.52,635,5,0.007874,370.03,337,3,0.008902,354.52
August,28,19:00,81,0,0.0,351.7,275,5,0.018182,353.89,566,9,0.015901,367.67,310,6,0.019355,350.45
August,28,19:30,60,0,0.0,339.43,247,5,0.020243,358.14,503,14,0.027833,371.95,282,9,0.031915,351.41
August,28,20:00,48,1,0.020833,343.6,212,4,0.018868,361.81,439,10,0.022779,368.34,252,7,0.027778,345.12
August,28,20:30,39,2,0.051282,350.1,183,1,0.005464,351.18,379,6,0.015831,362.32,218,4,0.018349,347.22
August,28,21:00,30,1,0.033333,331.58,152,0,0.0,349.42,318,2,0.006289,361.75,180,3,0.016667,348.93
August,28,21:30,22,0,0.0,332.85,124,1,0.008065,346.24,262,0,0.0,359.63,154,2,0.012987,345.81
August,28,22:00,18,1,0.055556,323.05,100,2,0.02,337.08,212,0,0.0,345.45,124,2,0.016129,351.19
August,28,22:30,13,3,0.230769,323.69,79,1,0.012658,328.65,165,0,0.0,339.44,101,1,0.009901,341.92
August,28,23:00,10,1,0.1,338.88,59,0,0.0,328.02,128,0,0.0,340.24,78,0,0.0,345.09
August,28,23:30,8,0,0.0,360.83,45,0,0.0,318.26,101,0,0.0,337.17,62,0,0.0,354.27
August,29,0:00,5,0,0.0,412.9,27,0,0.0,308.62,69,0,0.0,361.56,39,0,0.0,361.97
August,29,0:30,4,0,0.0,358.83,21,0,0.0,323.21,52,0,0.0,341.78,29,0,0.0,356.4
August,29,1:00,3,0,0.0,296.01,10,0,0.0,349.1,37,0,0.0,336.12,21,0,0.0,370.4
August,29,1:30,2,0,0.0,261.96,6,0,0.0,293.88,26,0,0.0,329.16,16,0,0.0,345.39
August,29,2:00,2,0,0.0,263.86,5,0,0.0,314.31,18,0,0.0,329.58,11,0,0.0,358.34
August,29,2:30,1,0,0.0,241.36,4,0,0.0,334.18,15,0,0.0,345.73,8,0,0.0,381.34
August,29,3:00,1,0,0.0,169.52,3,0,0.0,366.03,12,0,0.0,355.58,3,0,0.0,382.94
August,29,3:30,1,0,0.0,115.19,3,0,0.0,355.24,11,0,0.0,367.07,1,0,0.0,222.61
August,29,4:00,1,0,0.0,132.36,3,0,0.0,278.84,12,0,0.0,325.69,0,0,0.0,195.01
August,29,4:30,1,0,0.0,291.48,3,0,0.0,224.5,13,0,0.0,325.83,0,0,0.0,279.14
August,29,5:00,1,0,0.0,291.61,3,0,0.0,240.23,16,0,0.0,323.42,0,0,0.0,321.0
August,29,5:30,2,0,0.0,226.81,3,0,0.0,245.99,19,0,0.0,315.54,2,0,0.0,341.91
August,29,6:00,2,1,0.5,232.91,5,1,0.2,279.44,32,0,0.0,291.77,12,0,0.0,299.15
August,29,6:30,4,3,0.75,281.88,9,1,0.111111,309.57,53,0,0.0,277.57,24,0,0.0,288.57
August,29,7:00,9,4,0.444444,308.49,26,1,0.038462,278.75,91,0,0.0,276.3,43,0,0.0,294.52
August,29,7:30,16,2,0.125,313.24,44,1,0.022727,274.76,151,1,0.006623,277.88,73,0,0.0,306.62
August,29,8:00,40,0,0.0,303.72,81,0,0.0,285.16,258,0,0.0,293.25,124,0,0.0,307.99
August,29,8:30,71,0,0.0,311.15,120,1,0.008333,304.52,377,0,0.0,311.9,178,0,0.0,313.02
August,29,9:00,104,0,0.0,321.55,172,1,0.005814,322.01,527,1,0.001898,319.13,250,0,0.0,324.38
August,29,9:30,129,0,0.0,329.46,214,1,0.004673,328.64,656,1,0.001524,323.23,309,0,0.0,333.93
August,29,10:00,149,0,0.0,336.91,261,1,0.003831,334.29,756,2,0.002646,334.14,362,1,0.002762,336.57
August,29,10:30,177,1,0.00565,339.36,297,2,0.006734,335.33,835,4,0.00479,343.03,394,1,0.002538,348.24
August,29,11:00,190,0,0.0,339.45,325,3,0.009231,339.62,891,3,0.003367,349.86,423,1,0.002364,353.78
August,29,11:30,198,1,0.005051,337.44,355,4,0.011268,347.52,929,4,0.004306,351.53,446,1,0.002242,352.46
August,29,12:00,205,2,0.009756,335.76,386,3,0.007772,350.15,942,5,0.005308,351.54,457,1,0.002188,352.5
August,29,12:30,206,1,0.004854,344.41,395,3,0.007595,352.17,944,5,0.005297,355.04,465,0,0.0,361.44
August,29,13:00,206,1,0.004854,350.58,405,3,0.007407,344.92,941,3,0.003188,362.01,469,0,0.0,364.88
August,29,13:30,208,0,0.0,347.93,414,4,0.009662,343.06,941,3,0.003188,362.93,479,1,0.002088,362.65
August,29,14:00,210,0,0.0,346.01,430,4,0.009302,349.22,952,3,0.003151,363.42,489,1,0.002045,359.54
August,29,14:30,215,2,0.009302,345.71,439,5,0.01139,350.78,950,3,0.003158,362.28,488,1,0.002049,362.59
August,29,15:00,212,3,0.014151,341.68,441,3,0.006803,352.83,939,4,0.00426,362.63,482,1,0.002075,366.46
August,29,15:30,213,4,0.018779,346.42,436,2,0.004587,352.0,931,5,0.005371,364.07,479,1,0.002088,364.72
August,29,16:00,207,1,0.004831,349.73,433,2,0.004619,357.27,914,3,0.003282,364.17,490,1,0.002041,365.11
August,29,16:30,194,0,0.0,351.35,418,2,0.004785,354.32,874,2,0.002288,364.06,471,0,0.0,363.33
August,29,17:00,171,0,0.0,348.5,398,2,0.005025,349.52,824,2,0.002427,364.31,436,0,0.0,367.63
August,29,17:30,151,0,0.0,344.79,374,2,0.005348,351.2,755,2,0.002649,365.2,399,0,0.0,360.36
August,29,18:00,132,0,0.0,348.83,340,3,0.008824,354.24,668,1,0.001497,367.34,357,0,0.0,357.34
August,29,18:30,112,1,0.008929,364.54,306,2,0.006536,347.88,602,1,0.001661,366.55,319,0,0.0,359.79
August,29,19:00,78,0,0.0,366.13,278,2,0.007194,343.95,535,1,0.001869,360.16,288,0,0.0,361.07
August,29,19:30,57,0,0.0,352.66,245,2,0.008163,336.25,469,1,0.002132,361.28,257,0,0.0,361.3
August,29,20:00,45,0,0.0,345.27,209,1,0.004785,340.39,402,1,0.002488,358.24,221,0,0.0,354.95
August,29,20:30,36,0,0.0,336.2,185,1,0.005405,342.47,342,1,0.002924,353.01,193,0,0.0,347.67
August,29,21:00,27,0,0.0,339.01,155,1,0.006452,333.8,288,0,0.0,354.06,161,1,0.006211,356.76
August,29,21:30,20,0,0.0,328.34,128,1,0.007812,325.27,237,0,0.0,351.83,137,1,0.007299,364.09
August,29,22:00,17,1,0.058824,334.42,101,0,0.0,321.42,192,0,0.0,349.63,111,0,0.0,353.54
August,29,22:30,12,3,0.25,354.74,81,0,0.0,316.68,152,0,0.0,347.71,91,0,0.0,337.96
August,29,23:00,10,2,0.2,323.38,60,0,0.0,323.81,117,0,0.0,338.26,71,0,0.0,333.25
August,29,23:30,7,0,0.0,259.31,48,0,0.0,318.02,93,0,0.0,323.0,56,0,0.0,334.63
August,30,0:00,5,0,0.0,369.71,31,0,0.0,308.69,60,0,0.0,322.21,36,0,0.0,347.29
August,30,0:30,4,0,0.0,377.24,21,0,0.0,332.73,47,0,0.0,324.14,26,0,0.0,354.06
August,30,1:00,3,0,0.0,372.32,10,0,0.0,340.84,36,0,0.0,332.26,21,0,0.0,347.48
August,30,1:30,2,0,0.0,358.16,5,0,0.0,299.01,29,0,0.0,325.45,15,0,0.0,340.99
August,30,2:00,1,0,0.0,235.54,4,0,0.0,277.2,19,0,0.0,318.59,11,0,0.0,335.26
August,30,2:30,1,0,0.0,211.09,3,0,0.0,263.87,13,0,0.0,327.7,7,0,0.0,377.21
August,30,3:00,1,0,0.0,258.78,2,0,0.0,257.15,11,0,0.0,311.25,2,0,0.0,457.97
August,30,3:30,1,0,0.0,198.54,2,0,0.0,171.66,11,0,0.0,300.88,1,0,0.0,363.74
August,30,4:00,1,0,0.0,172.27,2,0,0.0,160.98,10,0,0.0,334.77,0,0,0.0,318.66
August,30,4:30,1,0,0.0,202.06,2,0,0.0,281.0,10,0,0.0,332.65,0,0,0.0,334.48
August,30,5:00,1,0,0.0,231.79,2,0,0.0,270.05,10,0,0.0,332.82,1,0,0.0,449.16
August,30,5:30,1,0,0.0,192.59,2,0,0.0,281.5,12,0,0.0,310.15,2,0,0.0,602.86
August,30,6:00,1,0,0.0,242.39,3,0,0.0,339.41,19,0,0.0,292.97,7,0,0.0,382.17
August,30,6:30,2,0,0.0,282.19,5,0,0.0,332.4,33,0,0.0,276.09,14,0,0.0,290.62
August,30,7:00,6,0,0.0,266.56,10,0,0.0,302.92,58,0,0.0,263.63,25,0,0.0,302.87
August,30,7:30,11,0,0.0,287.22,16,0,0.0,312.04,96,1,0.010417,264.29,42,1,0.02381,320.13
August,30,8:00,27,0,0.0,274.89,29,0,0.0,310.09,161,1,0.006211,276.37,69,0,0.0,318.96
August,30,8:30,45,0,0.0,284.62,45,0,0.0,311.02,234,1,0.004274,293.64,102,0,0.0,314.75
August,30,9:00,64,0,0.0,285.23,97,0,0.0,301.34,323,5,0.01548,300.18,147,1,0.006803,319.74
August,30,9:30,78,0,0.0,284.85,133,1,0.007519,308.42,398,11,0.027638,311.56,183,3,0.016393,314.01
August,30,10:00,97,1,0.010309,294.93,166,1,0.006024,316.61,483,8,0.016563,319.28,220,4,0.018182,318.68
August,30,10:30,120,1,0.008333,301.11,193,2,0.010363,327.0,543,9,0.016575,328.06,256,6,0.023438,326.9
August,30,11:00,135,3,0.022222,300.9,225,2,0.008889,330.33,587,11,0.018739,332.18,286,5,0.017483,335.35
August,30,11:30,141,6,0.042553,300.53,251,2,0.007968,332.17,605,14,0.02314,337.17,301,2,0.006645,339.3
August,30,12:00,151,10,0.066225,309.51,264,2,0.007576,330.71,616,16,0.025974,338.47,315,2,0.006349,344.49
August,30,12:30,158,13,0.082278,311.64,275,3,0.010909,334.37,617,16,0.025932,338.29,323,3,0.009288,343.33
August,30,13:00,157,6,0.038217,317.69,289,4,0.013841,335.01,612,15,0.02451,340.77,326,4,0.01227,342.9
August,30,13:30,154,2,0.012987,322.97,301,4,0.013289,333.65,613,17,0.027732,342.73,323,5,0.01548,339.89
August,30,14:00,150,4,0.026667,323.99,308,4,0.012987,336.8,615,16,0.026016,343.16,322,6,0.018634,342.64
August,30,14:30,149,4,0.026846,321.08,303,3,0.009901,340.29,605,7,0.01157,342.1,324,9,0.027778,344.24
August,30,15:00,146,1,0.006849,316.91,299,2,0.006689,333.66,580,1,0.001724,343.64,313,5,0.015974,335.53
August,30,15:30,144,0,0.0,324.0,298,1,0.003356,329.92,561,1,0.001783,341.39,304,3,0.009868,333.56
August,30,16:00,143,0,0.0,327.82,295,1,0.00339,339.75,541,2,0.003697,342.71,294,2,0.006803,342.49
August,30,16:30,133,1,0.007519,314.26,281,1,0.003559,346.72,508,2,0.003937,341.71,275,2,0.007273,342.31
August,30,17:00,120,3,0.025,319.53,269,1,0.003717,344.53,474,3,0.006329,343.36,256,1,0.003906,343.11
August,30,17:30,105,2,0.019048,327.99,255,1,0.003922,346.37,452,2,0.004425,343.15,241,1,0.004149,344.66
August,30,18:00,92,1,0.01087,333.12,233,2,0.008584,348.83,426,3,0.007042,342.58,223,1,0.004484,349.1
August,30,18:30,80,1,0.0125,338.41,214,2,0.009346,346.04,387,3,0.007752,345.27,201,0,0.0,358.62
August,30,19:00,62,0,0.0,331.81,190,1,0.005263,339.66,349,4,0.011461,344.52,188,0,0.0,357.05
August,30,19:30,49,0,0.0,326.72,167,1,0.005988,332.26,313,5,0.015974,342.58,168,0,0.0,352.02
August,30,20:00,38,0,0.0,306.7,147,2,0.013605,329.76,278,5,0.017986,343.02,146,0,0.0,339.78
August,30,20:30,31,0,0.0,294.66,128,1,0.007812,317.0,238,3,0.012605,341.13,131,1,0.007634,333.12
August,30,21:00,23,0,0.0,307.6,106,1,0.009434,311.7,200,2,0.01,340.07,111,2,0.018018,334.84
August,30,21:30,17,0,0.0,328.43,90,1,0.011111,314.75,163,1,0.006135,334.77,93,1,0.010753,339.29
August,30,22:00,13,0,0.0,359.09,72,0,0.0,313.23,136,0,0.0,324.93,81,0,0.0,337.17
August,30,22:30,9,0,0.0,332.42,57,0,0.0,311.86,113,0,0.0,319.69,68,0,0.0,336.81
August,30,23:00,7,0,0.0,327.64,43,0,0.0,296.25,89,0,0.0,317.46,55,0,0.0,330.13
August,30,23:30,6,0,0.0,288.34,33,0,0.0,295.71,78,0,0.0,314.63,46,0,0.0,315.84
August,31,0:00,3,0,0.0,386.09,25,0,0.0,277.67,46,0,0.0,312.17,31,0,0.0,328.28
August,31,0:30,3,0,0.0,406.3,17,0,0.0,281.62,37,0,0.0,320.11,22,0,0.0,327.63
August,31,1:00,2,0,0.0,374.12,8,0,0.0,311.7,28,0,0.0,297.74,17,0,0.0,361.14
August,31,1:30,2,0,0.0,325.92,5,0,0.0,332.7,23,0,0.0,290.23,13,0,0.0,388.06
August,31,2:00,1,0,0.0,295.17,4,0,0.0,374.51,17,0,0.0,303.49,10,0,0.0,387.92
August,31,2:30,1,0,0.0,272.09,3,0,0.0,380.56,12,0,0.0,306.52,6,0,0.0,398.28
August,31,3:00,1,0,0.0,237.56,2,0,0.0,317.81,10,0,0.0,325.29,2,0,0.0,387.24
August,31,3:30,1,0,0.0,253.64,1,0,0.0,217.55,8,0,0.0,370.86,1,0,0.0,336.48
August,31,4:00,1,0,0.0,330.94,1,0,0.0,174.47,8,0,0.0,394.71,0,0,0.0,323.44
August,31,4:30,1,0,0.0,285.37,1,0,0.0,245.2,7,0,0.0,371.58,0,0,0.0,371.7
August,31,5:00,1,0,0.0,282.37,1,0,0.0,352.46,8,0,0.0,328.51,0,0,0.0,437.58
August,31,5:30,1,0,0.0,308.68,2,0,0.0,392.18,9,0,0.0,272.61,1,0,0.0,297.97
August,31,6:00,2,0,0.0,266.68,2,0,0.0,304.72,14,0,0.0,263.25,4,0,0.0,240.68
August,31,6:30,2,0,0.0,242.05,3,0,0.0,276.95,22,0,0.0,262.25,9,0,0.0,282.88
August,31,7:00,4,0,0.0,284.63,5,0,0.0,276.25,36,0,0.0,266.18,16,0,0.0,325.75
August,31,7:30,6,0,0.0,310.21,9,0,0.0,280.91,58,0,0.0,269.2,27,0,0.0,332.55
August,31,8:00,11,0,0.0,274.22,16,0,0.0,271.11,92,0,0.0,276.46,41,0,0.0,325.95
August,31,8:30,14,0,0.0,267.87,24,0,0.0,285.5,129,0,0.0,288.67,57,0,0.0,334.25
August,31,9:00,18,0,0.0,261.91,47,0,0.0,293.5,165,0,0.0,297.72,80,0,0.0,326.26
August,31,9:30,21,0,0.0,283.38,63,0,0.0,298.28,205,0,0.0,295.57,96,2,0.020833,317.05
August,31,10:00,25,0,0.0,286.67,77,0,0.0,296.82,250,0,0.0,296.13,113,9,0.079646,329.5
August,31,10:30,34,0,0.0,281.01,87,0,0.0,301.94,291,0,0.0,302.62,133,13,0.097744,344.22
August,31,11:00,34,0,0.0,283.5,97,2,0.020619,300.17,319,0,0.0,312.69,147,8,0.054422,339.84
August,31,11:30,38,0,0.0,288.16,112,5,0.044643,301.21,351,0,0.0,314.86,159,4,0.025157,337.67
August,31,12:00,52,0,0.0,286.73,126,4,0.031746,300.35,377,7,0.018568,312.8,171,2,0.011696,335.65
August,31,12:30,62,1,0.016129,287.52,144,6,0.041667,300.84,384,27,0.070312,314.08,174,3,0.017241,334.0
August,31,13:00,75,3,0.04,288.85,161,6,0.037267,297.58,392,45,0.114796,321.45,176,7,0.039773,340.45
August,31,13:30,80,1,0.0125,287.88,170,8,0.047059,301.02,394,54,0.137056,323.15,184,7,0.038043,340.19
August,31,14:00,83,1,0.012048,292.4,180,5,0.027778,305.01,395,33,0.083544,325.4,184,3,0.016304,340.79
August,31,14:30,84,3,0.035714,295.29,180,1,0.005556,307.9,392,11,0.028061,325.14,184,4,0.021739,340.22
August,31,15:00,83,2,0.024096,296.23,185,0,0.0,306.06,391,2,0.005115,327.27,182,3,0.016484,343.91
August,31,15:30,84,2,0.02381,291.17,191,1,0.005236,304.69,382,0,0.0,326.62,184,5,0.027174,342.89
August,31,16:00,83,1,0.012048,284.55,187,3,0.016043,305.44,374,0,0.0,323.94,177,3,0.016949,352.26
August,31,16:30,79,0,0.0,276.0,177,2,0.011299,305.31,363,0,0.0,328.21,173,5,0.028902,351.38
August,31,17:00,70,0,0.0,274.81,171,3,0.017544,305.58,342,0,0.0,326.8,165,2,0.012121,353.81
August,31,17:30,62,0,0.0,276.76,163,2,0.01227,302.75,320,0,0.0,321.49,161,1,0.006211,348.72
August,31,18:00,47,0,0.0,290.23,149,3,0.020134,302.93,288,0,0.0,322.14,149,2,0.013423,340.32
August,31,18:30,40,0,0.0,283.12,135,6,0.044444,298.12,267,0,0.0,322.13,137,1,0.007299,337.46
August,31,19:00,32,0,0.0,275.44,122,7,0.057377,293.39,245,0,0.0,323.79,127,0,0.0,340.98
August,31,19:30,28,0,0.0,272.14,111,5,0.045045,302.01,224,0,0.0,322.16,125,1,0.008,351.35
August,31,20:00,28,0,0.0,286.76,98,1,0.010204,299.87,205,0,0.0,315.41,115,2,0.017391,349.16
August,31,20:30,24,0,0.0,288.17,87,0,0.0,296.14,186,0,0.0,317.62,103,1,0.009709,345.08
August,31,21:00,20,0,0.0,295.84,77,0,0.0,296.86,162,0,0.0,319.59,84,0,0.0,347.72
August,31,21:30,16,0,0.0,317.55,66,0,0.0,302.27,139,0,0.0,314.59,74,0,0.0,352.82
August,31,22:00,14,1,0.071429,287.35,55,0,0.0,297.82,121,0,0.0,313.93,66,0,0.0,349.33
August,31,22:30,13,3,0.230769,301.78,45,0,0.0,284.13,106,0,0.0,312.73,57,1,0.017544,344.54
August,31,23:00,9,1,0.111111,334.51,36,0,0.0,259.47,84,0,0.0,310.72,46,0,0.0,353.63
August,31,23:30,7,0,0.0,294.46,30,0,0.0,259.79,71,0,0.0,307.8,42,0,0.0,377.05
