Portfolio,Date,slot,interval_cct,interval_abandoned_calls,abd_share
A,2025-08-01,0,401.5234922760249,0.0,0.0
A,2025-08-01,1,348.9385780292484,0.0,0.0
A,2025-08-01,2,287.85426894581843,0.0,0.0
A,2025-08-01,3,254.73877353772673,0.0,0.0
A,2025-08-01,4,256.59044886012026,0.0,0.0
A,2025-08-01,5,234.70583045522494,0.0,0.0
A,2025-08-01,6,164.84496001841688,0.0,0.0
A,2025-08-01,7,112.01431930253571,0.0,0.0
A,2025-08-01,8,128.71249679195634,0.0,0.0
A,2025-08-01,9,283.44659944585385,0.0,0.0
A,2025-08-01,10,283.5774542650563,0.0005902207198384618,6.847966100607289e-06
A,2025-08-01,11,220.56400254420547,0.09777675269693466,0.001134443209786547
A,2025-08-01,12,226.4927080801839,2.1982809682845286,0.025505294959049723
A,2025-08-01,13,274.1116273282373,8.497295114514738,0.09858886164989045
A,2025-08-01,14,299.99401397707663,10.603130961151797,0.12302157301786995
A,2025-08-01,15,304.6110223204601,5.672351722817174,0.06581279003421744
A,2025-08-01,16,295.35170613854876,1.1628485189761226,0.013491812419376472
A,2025-08-01,17,302.5752146993083,0.049273302904883715,0.0005716876697414956
A,2025-08-01,18,312.68630120136584,0.0004632111978479067,5.3743531422487586e-06
A,2025-08-01,19,320.3777685097223,0.027628547349902437,0.00032055695319021914
A,2025-08-01,20,327.6240239755577,0.5899713947477802,0.006845073335728608
A,2025-08-01,21,330.01049840668725,1.6372161828440899,0.018995607139224983
A,2025-08-01,22,330.0920931928434,0.6627265694358566,0.007689206645796185
A,2025-08-01,23,328.1447237580106,1.5813879876903187,0.018347867107367497
A,2025-08-01,24,326.5065627155783,4.337966910422254,0.050330748056859255
A,2025-08-01,25,334.91947561190347,2.143562734250268,0.02487043311981394
A,2025-08-01,26,340.9242782251153,1.7097942913162145,0.019837686059462376
A,2025-08-01,27,338.33843486148953,0.6345098306403837,0.007361825270920066
A,2025-08-01,28,336.47907205217064,1.033423856819229,0.011990178082859907
A,2025-08-01,29,336.18271906068213,4.285371947057223,0.04972052121445869
A,2025-08-01,30,332.26840916752144,8.34950774494089,0.09687417617219896
A,2025-08-01,31,336.87708159482514,10.217584968784179,0.11854832123728005
A,2025-08-01,32,340.09578560831164,3.1802034530169787,0.03689793446298351
A,2025-08-01,33,341.67255095363095,0.1459530149160317,0.0016934025947106099
A,2025-08-01,34,338.89768300100707,0.0010534319176863684,1.2222319242856047e-05
A,2025-08-01,35,335.28578224636317,0.027628547349902437,0.00032055695319021914
A,2025-08-01,36,339.217679024132,0.5899713947477802,0.006845073335728608
A,2025-08-01,37,354.49338416701954,1.636773517304211,0.01899047116464953
A,2025-08-01,38,356.04141515339546,0.5899713947477802,0.006845073335728608
A,2025-08-01,39,342.94316808823885,0.027628547349902437,0.00032055695319021914
A,2025-08-01,40,335.7588467431529,0.00016810083792867582,1.950370091945114e-06
A,2025-08-01,41,326.9317610312152,0.0,0.0
A,2025-08-01,42,329.6705982238544,0.0005533319248485579,6.4199682193193335e-06
A,2025-08-01,43,319.29071920686084,0.09123907872001474,0.001058590620634775
A,2025-08-01,44,325.2079328846806,1.9904926241701604,0.023094455270151717
A,2025-08-01,45,344.9650698701354,6.423440387461353,0.07452720743969492
A,2025-08-01,46,314.4728143700139,4.815731126227644,0.05587395086887503
A,2025-08-01,47,252.16929655751116,1.1757283097453202,0.013641248668572399
A,2025-08-02,0,357.05901727547825,0.0,0.0
A,2025-08-02,1,364.327884308657,0.0,0.0
A,2025-08-02,2,359.5761806259047,0.0,0.0
A,2025-08-02,3,345.9045942453184,0.0,0.0
A,2025-08-02,4,227.4780661965647,0.0,0.0
A,2025-08-02,5,203.8671930081228,0.0,0.0
A,2025-08-02,6,249.92490144608124,0.0,0.0
A,2025-08-02,7,191.74832334420347,0.0,0.0
A,2025-08-02,8,166.3748686120797,0.0,0.0
A,2025-08-02,9,195.1425274171637,0.0,0.0
A,2025-08-02,10,223.85669895051365,0.0,0.0
A,2025-08-02,11,185.99726928640786,0.0,0.0
A,2025-08-02,12,234.09563260151032,0.0,0.0
A,2025-08-02,13,272.5358358757994,0.0,0.0
A,2025-08-02,14,257.43508791984374,0.0,0.0
A,2025-08-02,15,277.3934036276599,0.0,0.0
A,2025-08-02,16,265.48000836065734,0.0,0.0
A,2025-08-02,17,274.8854731666586,9.415566430088522e-05,1.958846197713712e-06
A,2025-08-02,18,275.47336727865087,0.015475141358321353,0.0003219500604016767
A,2025-08-02,19,275.1072650753679,0.3305937892005792,0.006877784695925454
A,2025-08-02,20,284.83385966890233,0.9404908433182955,0.01956628872089308
A,2025-08-02,21,290.80305102131524,0.880003315481758,0.018307885790050077
A,2025-08-02,22,290.598932850513,2.518534170145452,0.0523964343476582
A,2025-08-02,23,290.2447238615092,4.918433439963796,0.10232474821475478
A,2025-08-02,24,298.91823430620724,7.9271146037490015,0.16491836593891018
A,2025-08-02,25,300.9804894708837,10.475195791658072,0.21792950640998426
A,2025-08-02,26,306.81673093472267,4.7682475923925525,0.09920023118596275
A,2025-08-02,27,311.91654277129715,1.4963140537528161,0.03112982226340405
A,2025-08-02,28,312.8997226839141,2.849050600543981,0.059272609644973585
A,2025-08-02,29,310.09135494971395,2.899488209753127,0.060321930678973006
A,2025-08-02,30,306.06265089348545,0.8143192709565407,0.016941372773291823
A,2025-08-02,31,312.91505093422484,0.03695317056560554,0.0007687862243166408
A,2025-08-02,32,316.6027216682278,0.036848355769497014,0.0007666056219456011
A,2025-08-02,33,303.5036044812969,0.7970922268029376,0.0165829755362409
A,2025-08-02,34,308.59318854018744,2.531556054231001,0.052667346016302304
A,2025-08-02,35,316.76457859516177,1.8159068161561231,0.03777873788732211
A,2025-08-02,36,321.7196814829187,0.7348336173978152,0.015287726427080074
A,2025-08-02,37,326.83410815196856,0.9342293207394675,0.019436021893225224
A,2025-08-02,38,320.45249686380214,0.3305561633763351,0.006877001915587132
A,2025-08-02,39,315.54238912014756,0.015475141358321353,0.0003219500604016767
A,2025-08-02,40,296.2077562461158,9.415566430088522e-05,1.958846197713712e-06
A,2025-08-02,41,284.5747321146926,0.0,0.0
A,2025-08-02,42,297.07387739755666,0.0,0.0
A,2025-08-02,43,317.1931448409306,0.0,0.0
A,2025-08-02,44,346.8025995408794,0.0,0.0
A,2025-08-02,45,321.0448979467977,0.0,0.0
A,2025-08-02,46,316.4304808049808,0.0,0.0
A,2025-08-02,47,278.4765119345069,0.0,0.0
A,2025-08-03,0,406.33672935023674,0.0,0.0
A,2025-08-03,1,427.60830333597943,0.0,0.0
A,2025-08-03,2,393.7373330260887,0.0,0.0
A,2025-08-03,3,343.0113028026641,0.0,0.0
A,2025-08-03,4,310.64345243221715,0.0,0.0
A,2025-08-03,5,286.35815725938244,0.0,0.0
A,2025-08-03,6,250.01727576544863,0.0,0.0
A,2025-08-03,7,266.94071757806626,0.0,0.0
A,2025-08-03,8,348.2935747010619,0.0,0.0
A,2025-08-03,9,300.33310298768345,0.0,0.0
A,2025-08-03,10,297.1795143000884,0.0,0.0
A,2025-08-03,11,324.86218779728466,0.0,0.0
A,2025-08-03,12,280.66558950297343,0.0,0.0
A,2025-08-03,13,254.73819375423832,0.0,0.0
A,2025-08-03,14,299.55659230778815,0.0,0.0
A,2025-08-03,15,326.47917037780036,0.0,0.0
A,2025-08-03,16,288.6026732236415,0.0,0.0
A,2025-08-03,17,281.92186780285033,0.0,0.0
A,2025-08-03,18,275.6412055443516,0.0,0.0
A,2025-08-03,19,298.2365560127534,0.0,0.0
A,2025-08-03,20,301.7059745230773,0.0,0.0
A,2025-08-03,21,295.7507543334114,0.0,0.0
A,2025-08-03,22,298.37114452402074,0.0,0.0
A,2025-08-03,23,303.2678931171714,0.0002724295838817934,1.440999406957692e-05
A,2025-08-03,24,301.76796447286137,0.04477570576409582,0.0023683832178876007
A,2025-08-03,25,302.59801766990836,0.9561264747620948,0.050573717563160904
A,2025-08-03,26,304.00202279331586,2.652932811474187,0.14032523757374465
A,2025-08-03,27,302.9761490809118,1.0096085677580982,0.0534026197400822
A,2025-08-03,28,307.7344138162689,1.1870453572614397,0.06278802879895055
A,2025-08-03,29,310.7747816545535,3.206416678763184,0.16960142385130247
A,2025-08-03,30,311.76562412653186,1.948185807235837,0.10304808137461054
A,2025-08-03,31,306.4396873478855,2.289994222550167,0.12112782575269586
A,2025-08-03,32,299.4755763956736,0.8064712532729715,0.042657797333751454
A,2025-08-03,33,290.4704907663953,0.03775206564423766,0.001996872124885624
A,2025-08-03,34,289.21892159577027,0.00022969553150817878,1.214960284297662e-05
A,2025-08-03,35,291.2780899534498,0.0,0.0
A,2025-08-03,36,305.44671436396226,0.0,0.0
A,2025-08-03,37,297.9684357650878,0.0,0.0
A,2025-08-03,38,289.88821299526415,0.0,0.0
A,2025-08-03,39,286.40911741109284,0.0,0.0
A,2025-08-03,40,301.79413803458357,0.0,0.0
A,2025-08-03,41,303.276013509679,0.0,0.0
A,2025-08-03,42,311.35579804151155,0.00027891600254564564,1.4753089166471608e-05
A,2025-08-03,43,334.1981071162391,0.04584179399657429,0.002424773294503972
A,2025-08-03,44,302.41450728359706,0.9788913908278588,0.05177785369561711
A,2025-08-03,45,317.60134705540855,2.7157647287443414,0.14364869291344054
A,2025-08-03,46,352.05188456308724,0.9788913908278588,0.05177785369561711
A,2025-08-03,47,309.8974100891464,0.046120709999119935,0.0024395263836704435
A,2025-08-04,0,334.13506534043836,0.0,0.0
A,2025-08-04,1,321.29880694622454,0.0,0.0
A,2025-08-04,2,341.7253059921669,0.0,0.0
A,2025-08-04,3,331.0772617235308,0.0,0.0
A,2025-08-04,4,368.5855898531277,0.0,0.0
A,2025-08-04,5,303.71240433807543,0.0,0.0
A,2025-08-04,6,237.80421567217826,0.0,0.0
A,2025-08-04,7,172.34881539564134,0.0,0.0
A,2025-08-04,8,172.6982593854707,0.0,0.0
A,2025-08-04,9,168.63084657114817,0.0,0.0
A,2025-08-04,10,233.07142367549523,0.0,0.0
A,2025-08-04,11,268.1065915550103,0.0,0.0
A,2025-08-04,12,286.90738925039454,0.0,0.0
A,2025-08-04,13,249.560437716431,0.0,0.0
A,2025-08-04,14,235.7061188422494,0.0,0.0
A,2025-08-04,15,275.5509537045429,0.00015367123013415313,1.834792727919301e-06
A,2025-08-04,16,285.4747698586534,0.025729337223751873,0.00030720129455013336
A,2025-08-04,17,295.06475947276226,0.6169705462256088,0.007366460661289117
A,2025-08-04,18,295.33843466575433,3.1542113210590195,0.037660426022148426
A,2025-08-04,19,303.19117386864747,5.138987536621126,0.061358114676566204
A,2025-08-04,20,308.1085213606616,1.683193745870116,0.020096875920793227
A,2025-08-04,21,305.1523525106312,0.07828594299791958,0.0009347128853298896
A,2025-08-04,22,310.22786310453586,0.08110032212060293,0.000968315807252226
A,2025-08-04,23,314.178098474553,1.721963905845153,0.0205597810951734
A,2025-08-04,24,309.1504527602733,4.819350810656748,0.05754173902926126
A,2025-08-04,25,300.27518008688907,2.6352606208135576,0.031464295685144084
A,2025-08-04,26,302.8718515738061,2.6156243034804048,0.031229843392320423
A,2025-08-04,27,312.35212969380996,0.9950509394900293,0.011880637814194298
A,2025-08-04,28,313.40634241544404,1.8268816952529905,0.021812470989480984
A,2025-08-04,29,314.9869188430779,6.2080102517299,0.07412195538995033
A,2025-08-04,30,314.71082072804444,7.801973412695164,0.09315344237523179
A,2025-08-04,31,317.5504000434603,8.125496662950784,0.09701622206641812
A,2025-08-04,32,317.2183164972278,2.525976747958465,0.03015947594095165
A,2025-08-04,33,313.7606275655543,0.9477572007976,0.011315963426195763
A,2025-08-04,34,315.9316528271013,2.314010032752099,0.02762865096296414
A,2025-08-04,35,310.76285821617176,0.8338307728443998,0.009955712835737991
A,2025-08-04,36,308.9507749187931,0.039048559293601105,0.00046622918658931043
A,2025-08-04,37,317.70001958001376,0.00023758380974688153,2.836686125401551e-06
A,2025-08-04,38,317.7807584147783,0.00020572116292152763,2.456254780924226e-06
A,2025-08-04,39,316.6834107119533,0.034391470282557894,0.00041062480935308033
A,2025-08-04,40,314.11908601266316,0.8172922860032735,0.009758247797159222
A,2025-08-04,41,318.328784601899,4.037817798998797,0.04821044725026622
A,2025-08-04,42,314.4170717970281,6.367985204068563,0.07603201284796622
A,2025-08-04,43,301.53741366607244,2.2238357472749426,0.026551994499068015
A,2025-08-04,44,303.6726617288388,3.4113668801163968,0.040730793515729356
A,2025-08-04,45,311.94180078033463,9.199897152267479,0.10984427194244428
A,2025-08-04,46,305.6932612901719,3.315873610781701,0.03959062982999858
A,2025-08-04,47,308.3441799904545,0.1562282053244565,0.0018653223168380792
A,2025-08-05,0,307.70230759197585,0.0,0.0
A,2025-08-05,1,289.0832028184321,0.0,0.0
A,2025-08-05,2,305.14774887925154,0.0,0.0
A,2025-08-05,3,292.0971208439638,0.0,0.0
A,2025-08-05,4,373.3877505198563,0.0,0.0
A,2025-08-05,5,320.8716353431381,0.0,0.0
A,2025-08-05,6,238.74438470083044,0.0,0.0
A,2025-08-05,7,181.75736867102557,0.0,0.0
A,2025-08-05,8,213.16649980501288,0.0,0.0
A,2025-08-05,9,266.94583136562574,0.0,0.0
A,2025-08-05,10,257.60695509911784,0.0,0.0
A,2025-08-05,11,212.06419910266487,0.0,0.0
A,2025-08-05,12,213.24237171533986,0.0,0.0
A,2025-08-05,13,200.32549303608485,0.0,0.0
A,2025-08-05,14,229.34123371360465,0.0005946198688549586,6.113010519608667e-06
A,2025-08-05,15,268.83922469656136,0.09818083625904724,0.001009351547621981
A,2025-08-05,16,261.5814600017287,2.161355931512009,0.022219895832600083
A,2025-08-05,17,273.1922337710318,7.430079289033487,0.07638519200990106
A,2025-08-05,18,287.7459827138102,7.712399744813046,0.07928759740614948
A,2025-08-05,19,290.17953256034275,5.107166868353676,0.05250440899622578
A,2025-08-05,20,290.3409549513907,1.3676451247685686,0.01406012390891208
A,2025-08-05,21,290.88591754924676,1.2936345946150718,0.013299256045109672
A,2025-08-05,22,293.93295040457923,3.4674016690630256,0.035646745070103236
A,2025-08-05,23,294.70599227753075,2.1832947671112697,0.02244543880522981
A,2025-08-05,24,294.6358269183764,4.479495642201907,0.04605161283300614
A,2025-08-05,25,290.7841525626294,6.563101345944092,0.06747219470865058
A,2025-08-05,26,294.235533532339,2.0983911407123537,0.021572584081540617
A,2025-08-05,27,298.9967797280073,0.09664297353424564,0.0009935414956764761
A,2025-08-05,28,298.1104596789212,0.0005865298026120339,6.029840308457529e-06
A,2025-08-05,29,301.5832192473256,0.0,0.0
A,2025-08-05,30,304.2092894712918,0.0,0.0
A,2025-08-05,31,299.62792738195117,0.0,0.0
A,2025-08-05,32,302.13064378745645,0.0,0.0
A,2025-08-05,33,302.3894903045125,0.0,0.0
A,2025-08-05,34,299.2639457383214,0.0,0.0
A,2025-08-05,35,296.4457589451751,0.0,0.0
A,2025-08-05,36,296.8952959767166,0.0,0.0
A,2025-08-05,37,300.74381813155054,0.0005865298026120339,6.029840308457529e-06
A,2025-08-05,38,308.7559367551579,0.09704962161474895,0.000997722055600722
A,2025-08-05,39,302.53969780321614,2.1655884874144973,0.022263408772735378
A,2025-08-05,40,303.19527422125964,8.04941255296701,0.08275226945865796
A,2025-08-05,41,305.7807855011451,9.651239228785586,0.09921990505705272
A,2025-08-05,42,298.2965992780575,5.900251573876306,0.060657744264245805
A,2025-08-05,43,280.4248012747915,1.5705659022717398,0.01614625811413594
A,2025-08-05,44,268.55718893977524,4.233561190223802,0.04352327503129192
A,2025-08-05,45,265.9074861326241,12.627249819514725,0.12981488682687914
A,2025-08-05,46,285.0019315726878,7.460344572423305,0.07669633532251381
A,2025-08-05,47,281.0536797958172,1.4553794435123923,0.014962079665023074
A,2025-08-06,0,299.4304263855716,0.0,0.0
A,2025-08-06,1,339.44078643948154,0.0,0.0
A,2025-08-06,2,260.6816978527464,0.0,0.0
A,2025-08-06,3,266.1823955781959,0.0,0.0
A,2025-08-06,4,290.33752305295576,0.0,0.0
A,2025-08-06,5,334.1531884084586,0.0,0.0
A,2025-08-06,6,388.9720950849791,0.0,0.0
A,2025-08-06,7,335.689255095577,0.0,0.0
A,2025-08-06,8,273.4147325077136,0.0,0.0
A,2025-08-06,9,291.447153358077,0.0,0.0
A,2025-08-06,10,361.0621013696411,0.0,0.0
A,2025-08-06,11,290.16889049711546,0.0,0.0
A,2025-08-06,12,265.74993533099615,6.010915178659929e-05,2.794812566214386e-06
A,2025-08-06,13,277.3191953142177,0.009947224291539877,0.0004625024080800039
A,2025-08-06,14,299.1505859697245,0.22243853736355237,0.010342418765799324
A,2025-08-06,15,314.17132576036676,0.876855752022918,0.04076995601620456
A,2025-08-06,16,305.49232168651355,2.041309263109738,0.09491194952015297
A,2025-08-06,17,329.87478433410354,4.138847584357137,0.19243830422817898
A,2025-08-06,18,329.35729390160105,3.6680928136477746,0.1705502670544917
A,2025-08-06,19,330.4508247395429,2.469175683494407,0.11480586605049457
A,2025-08-06,20,328.0733626615628,1.221981250508904,0.05681678168950705
A,2025-08-06,21,327.7351122851223,0.26323376666995196,0.01223921843969759
A,2025-08-06,22,328.09770184847315,0.0360837019814263,0.0016777342673417659
A,2025-08-06,23,326.64082830651637,0.5407688963595527,0.025143387687937765
A,2025-08-06,24,336.85879231072215,1.7471709024935027,0.08123580267691598
A,2025-08-06,25,335.2994313303084,1.315270884001376,0.06115434148253048
A,2025-08-06,26,333.6055030764427,0.30868403298328295,0.014352456967522013
A,2025-08-06,27,332.08869001707757,0.013449410156615608,0.0006253387279083296
A,2025-08-06,28,332.94142134427,0.00014102531765317527,6.557060251502984e-06
A,2025-08-06,29,337.0669905919622,0.00987935912016791,0.0004593469745375038
A,2025-08-06,30,335.83011704018463,0.21096075756441265,0.009808752223160988
A,2025-08-06,31,340.0053040939927,0.585274106924256,0.027212685258295094
A,2025-08-06,32,344.8750224456557,0.21096075756441265,0.009808752223160988
A,2025-08-06,33,342.54499261183634,0.00987935912016791,0.0004593469745375038
A,2025-08-06,34,339.5904954489393,6.010915178659929e-05,2.794812566214386e-06
A,2025-08-06,35,331.7982606583384,0.0,0.0
A,2025-08-06,36,333.20255228442926,0.0,0.0
A,2025-08-06,37,351.6779982336447,0.0,0.0
A,2025-08-06,38,351.0114020174852,0.0,0.0
A,2025-08-06,39,337.6106775200604,6.010915178659929e-05,2.794812566214386e-06
A,2025-08-06,40,319.838715379528,0.00987935912016791,0.0004593469745375038
A,2025-08-06,41,313.0880846260569,0.21096075756441265,0.009808752223160988
A,2025-08-06,42,315.53088352304326,0.5853080395099419,0.027214262975066343
A,2025-08-06,43,313.82723523384306,0.21653781513224937,0.01006806099910958
A,2025-08-06,44,310.2759150165223,0.12897010935814282,0.005996545810192901
A,2025-08-06,45,305.4887771040325,0.33045678241547943,0.015364794555152154
A,2025-08-06,46,314.9506122133935,0.1190907502379749,0.005537198835655397
A,2025-08-06,47,287.5083653203796,0.005610990153522707,0.00026088649271984094
A,2025-08-07,0,357.07558319383105,0.0,0.0
A,2025-08-07,1,363.92974973379654,0.0,0.0
A,2025-08-07,2,308.8227527562526,0.0,0.0
A,2025-08-07,3,290.6594918774384,0.0,0.0
A,2025-08-07,4,296.34044845303833,0.0,0.0
A,2025-08-07,5,317.881207818975,0.0,0.0
A,2025-08-07,6,454.0236401313983,0.0,0.0
A,2025-08-07,7,278.419274691795,0.0,0.0
A,2025-08-07,8,223.72432481552323,0.0,0.0
A,2025-08-07,9,239.07745089158317,0.0,0.0
A,2025-08-07,10,246.377983683396,0.00045625185530886835,8.185225845095223e-06
A,2025-08-07,11,339.2758606036395,0.0753698992147301,0.001352147152534855
A,2025-08-07,12,327.0915740163931,1.6642552906389423,0.029856986353627987
A,2025-08-07,13,310.44075313784555,5.822072939709704,0.10444885065920542
A,2025-08-07,14,322.7410713027707,6.170786645176847,0.11070482617210785
A,2025-08-07,15,309.94121683835544,3.819800550501857,0.06852778750436136
A,2025-08-07,16,308.09659269469824,1.7682549247063442,0.03172275518885314
A,2025-08-07,17,325.54255978433355,2.4056668096670983,0.043158018791714846
A,2025-08-07,18,333.7833890846463,0.8798066087180094,0.015783860840388464
A,2025-08-07,19,330.42809520403074,0.6484510586630333,0.011633308013739163
A,2025-08-07,20,325.8848352220171,2.3560857623164013,0.04226852746038189
A,2025-08-07,21,330.3630227632613,2.701272869950315,0.0484612352859447
A,2025-08-07,22,332.1060076693343,0.7940920488903392,0.014246128944640994
A,2025-08-07,23,334.47174155421243,0.036094986282874296,0.0006475493987875025
A,2025-08-07,24,334.1341817315886,0.00021862068066883273,3.922087384108127e-06
A,2025-08-07,25,329.1577742748953,0.0,0.0
A,2025-08-07,26,334.6936243110027,0.0,0.0
A,2025-08-07,27,341.3925516606152,0.00027493206811383513,4.9323220133481e-06
A,2025-08-07,28,343.36979705362995,0.04568490042393463,0.0008195938785332607
A,2025-08-07,29,346.3424233003034,1.0469875514698948,0.018783111709173957
A,2025-08-07,30,349.9239102005751,4.464819350433539,0.08009952028821815
A,2025-08-07,31,350.11892265519975,6.676016871899558,0.11976873125298582
A,2025-08-07,32,348.23913882472755,4.187493410181256,0.07512425185422654
A,2025-08-07,33,345.61409793714904,0.965256304577945,0.017316841037334253
A,2025-08-07,34,345.05877032189903,0.4671863463740083,0.008381392233961208
A,2025-08-07,35,344.8797581027974,1.1828447874934054,0.021220410640901122
A,2025-08-07,36,344.6023334444397,0.4262651363979575,0.007647259667460652
A,2025-08-07,37,342.70720055960055,0.01996213140065619,0.00035812359327991094
A,2025-08-07,38,343.53757321569327,0.0002949644104262029,5.291705200780807e-06
A,2025-08-07,39,331.5580163022935,0.02851733057236598,0.0005116051332570156
A,2025-08-07,40,335.63017337129133,0.608950194854225,0.01092465666780093
A,2025-08-07,41,341.9797117292119,1.6894269131823612,0.030308568989419995
A,2025-08-07,42,323.89251889183663,0.6091931067216347,0.010929014542672161
A,2025-08-07,43,325.1246737705396,0.06844159337367836,0.0012278523198168375
A,2025-08-07,44,315.55628221336997,0.8527037812726362,0.015297632102686469
A,2025-08-07,45,316.18199081658855,2.365197678455306,0.042431996585188
A,2025-08-07,46,331.02415450746145,0.852530272795915,0.015294519334921304
A,2025-08-07,47,352.4628943041934,0.04016717466872219,0.0007206050614310531
A,2025-08-08,0,399.55398058433184,0.0,0.0
A,2025-08-08,1,347.22700044454524,0.0,0.0
A,2025-08-08,2,286.4423158245231,0.0,0.0
A,2025-08-08,3,253.48925513479054,0.0,0.0
A,2025-08-08,4,255.33184781004925,0.0,0.0
A,2025-08-08,5,233.55457558201738,0.0,0.0
A,2025-08-08,6,164.0363794936944,0.0,0.0
A,2025-08-08,7,111.46487819697836,0.0,0.0
A,2025-08-08,8,128.08114950549546,0.0,0.0
A,2025-08-08,9,282.0562663711567,0.0,0.0
A,2025-08-08,10,282.1864793347734,0.0003684198914160621,6.847966100607289e-06
A,2025-08-08,11,219.4821147091624,0.061032931242195256,0.001134443209786547
A,2025-08-08,12,225.38173936919128,1.3721823182673791,0.025505294959049723
A,2025-08-08,13,272.76708319760183,5.304070897877941,0.09858886164989045
A,2025-08-08,14,298.5225142284153,6.618548326204102,0.12302157301786995
A,2025-08-08,15,303.1168756978603,3.540721522561895,0.06581279003421744
A,2025-08-08,16,293.9029773603046,0.7258581589812122,0.013491812419376472
A,2025-08-08,17,301.091053910636,0.03075673946332549,0.0005716876697414956
A,2025-08-08,18,311.15254455226545,0.000289139661617669,5.3743531422487586e-06
A,2025-08-08,19,318.80628446712814,0.017245932025938472,0.00032055695319021914
A,2025-08-08,20,326.0169963467588,0.36826426095486553,0.006845073335728608
A,2025-08-08,21,328.3917648892306,1.0219617645295902,0.018995607139224983
A,2025-08-08,22,328.4729594450431,0.4136785486231702,0.007689206645796185
A,2025-08-08,23,326.53514204625236,0.9871134155896606,0.018347867107367497
A,2025-08-08,24,324.9050163426931,2.707789212384222,0.050330748056859255
A,2025-08-08,25,333.2766630849096,1.3380268148026782,0.02487043311981394
A,2025-08-08,26,339.25201155862396,1.06726552623047,0.019837686059462376
A,2025-08-08,27,336.67885200761566,0.39606546339297244,0.007361825270920066
A,2025-08-08,28,334.82860955330096,0.6450703818400547,0.011990178082859907
A,2025-08-08,29,334.5337102019925,2.674959069285756,0.04972052121445869
A,2025-08-08,30,330.6386003786852,5.211820990646687,0.09687417617219896
A,2025-08-08,31,335.2246668205276,6.377887827733543,0.11854832123728005
A,2025-08-08,32,338.427582778499,1.9851051843150667,0.03689793446298351
A,2025-08-08,33,339.99661393679713,0.09110489025517134,0.0016934025947106099
A,2025-08-08,34,337.2353569807419,0.0006575595530337311,1.2222319242856047e-05
A,2025-08-08,35,333.6411729497826,0.017245932025938472,0.00032055695319021914
A,2025-08-08,36,337.5537833923224,0.36826426095486553,0.006845073335728608
A,2025-08-08,37,352.7545597191966,1.0216854496110281,0.01899047116464953
A,2025-08-08,38,354.29499746337024,0.36826426095486553,0.006845073335728608
A,2025-08-08,39,341.26099857106465,0.017245932025938472,0.00032055695319021914
A,2025-08-08,40,334.1119170193114,0.00010492971590963794,1.950370091945114e-06
A,2025-08-08,41,325.3281290193325,0.0,0.0
A,2025-08-08,42,328.05353194977704,0.00034539364820255824,6.4199682193193335e-06
A,2025-08-08,43,317.7245672465798,0.056952069531088834,0.001058590620634775
A,2025-08-08,44,323.61275641712933,1.2424793840886355,0.023094455270151717
A,2025-08-08,45,343.27298272852454,4.009556307534843,0.07452720743969492
A,2025-08-08,46,312.93029470046594,3.00601296935039,0.05587395086887503
A,2025-08-08,47,250.9323816884937,0.7338978142443282,0.013641248668572399
A,2025-08-09,0,372.4475484254223,0.0,0.0
A,2025-08-09,1,380.02968912304567,0.0,0.0
A,2025-08-09,2,375.07319649336995,0.0,0.0
A,2025-08-09,3,360.8123920207939,0.0,0.0
A,2025-08-09,4,237.28191692775664,0.0,0.0
A,2025-08-09,5,212.65346221929,0.0,0.0
A,2025-08-09,6,260.6961659849137,0.0,0.0
A,2025-08-09,7,200.01229345549538,0.0,0.0
A,2025-08-09,8,173.54529345596353,0.0,0.0
A,2025-08-09,9,203.55278095102415,0.0,0.0
A,2025-08-09,10,233.50447597967036,0.0,0.0
A,2025-08-09,11,194.01338044376914,0.0,0.0
A,2025-08-09,12,244.18468723971006,0.0,0.0
A,2025-08-09,13,284.2815865694868,0.0,0.0
A,2025-08-09,14,268.5300265094682,0.0,0.0
A,2025-08-09,15,289.34850579840236,0.0,0.0
A,2025-08-09,16,276.92166696801706,0.0,0.0
A,2025-08-09,17,286.73248853899025,7.181130160818468e-05,1.958846197713712e-06
A,2025-08-09,18,287.3457197140941,0.011802689214325467,0.0003219500604016767
A,2025-08-09,19,286.9638392363895,0.2521395869526271,0.006877784695925454
A,2025-08-09,20,297.1096306479391,0.7173001445079402,0.01956628872089308
A,2025-08-09,21,303.33608223639783,0.6711670930632357,0.018307885790050077
A,2025-08-09,22,303.1231669797423,1.9208532831851495,0.0523964343476582
A,2025-08-09,23,302.75369229012,3.7512252695529096,0.10232474821475478
A,2025-08-09,24,311.80101372739864,6.045907295320447,0.16491836593891018
A,2025-08-09,25,313.95214797453855,7.989295704990022,0.21792950640998426
A,2025-08-09,26,320.03991979952116,3.636680475277394,0.09920023118596275
A,2025-08-09,27,325.3595233498151,1.1412192841763924,0.03112982226340405
A,2025-08-09,28,326.3850763547762,2.1729338695847313,0.059272609644973585
A,2025-08-09,29,323.45567357519894,2.2114019786911503,0.060321930678973006
A,2025-08-09,30,319.25334041323816,0.6210707258688781,0.016941372773291823
A,2025-08-09,31,326.4010652220885,0.02818370298344805,0.0007687862243166408
A,2025-08-09,32,330.24766720615185,0.028103762100525734,0.0007666056219456011
A,2025-08-09,33,316.58400420714213,0.6079318831585913,0.0165829755362409
A,2025-08-09,34,321.89293918294305,1.9307849049576422,0.052667346016302304
A,2025-08-09,35,330.4164998436587,1.3849685309492286,0.03777873788732211
A,2025-08-09,36,335.5851577782011,0.5604480508167554,0.015287726427080074
A,2025-08-09,37,340.920006031087,0.7125245626056367,0.019436021893225224
A,2025-08-09,38,334.26336003060845,0.2521108902254242,0.006877001915587132
A,2025-08-09,39,329.14163644109357,0.011802689214325467,0.0003219500604016767
A,2025-08-09,40,308.9737194715499,7.181130160818468e-05,1.958846197713712e-06
A,2025-08-09,41,296.8393352132199,0.0,0.0
A,2025-08-09,42,309.8771687163134,0.0,0.0
A,2025-08-09,43,330.86353643943625,0.0,0.0
A,2025-08-09,44,361.7490995526658,0.0,0.0
A,2025-08-09,45,334.8812924181724,0.0,0.0
A,2025-08-09,46,330.06800310539757,0.0,0.0
A,2025-08-09,47,290.47829391198235,0.0,0.0
A,2025-08-10,0,409.60840109525384,0.0,0.0
A,2025-08-10,1,431.0512458585422,0.0,0.0
A,2025-08-10,2,396.9075591325983,0.0,0.0
A,2025-08-10,3,345.7731018391319,0.0,0.0
A,2025-08-10,4,313.1446376135868,0.0,0.0
A,2025-08-10,5,288.6638063045938,0.0,0.0
A,2025-08-10,6,252.03032159124922,0.0,0.0
A,2025-08-10,7,269.09002464339426,0.0,0.0
A,2025-08-10,8,351.09790462009875,0.0,0.0
A,2025-08-10,9,302.75127308200234,0.0,0.0
A,2025-08-10,10,299.57229287486365,0.0,0.0
A,2025-08-10,11,327.477856930962,0.0,0.0
A,2025-08-10,12,282.9254041164438,0.0,0.0
A,2025-08-10,13,256.7892506503627,0.0,0.0
A,2025-08-10,14,301.96851022782005,0.0,0.0
A,2025-08-10,15,329.1078588519378,0.0,0.0
A,2025-08-10,16,290.92639427399314,0.0,0.0
A,2025-08-10,17,284.1917975004879,0.0,0.0
A,2025-08-10,18,277.8605656927289,0.0,0.0
A,2025-08-10,19,300.6378454930285,0.0,0.0
A,2025-08-10,20,304.13519846679617,0.0,0.0
A,2025-08-10,21,298.13202906598946,0.0,0.0
A,2025-08-10,22,300.7735176607751,0.0,0.0
A,2025-08-10,23,305.7096930466754,0.00016784761092243197,1.440999406957692e-05
A,2025-08-10,24,304.1976875365281,0.02758692772195477,0.0023683832178876007
A,2025-08-10,25,305.0344240122341,0.5890826621756982,0.050573717563160904
A,2025-08-10,26,306.44973366107655,1.6345083672589777,0.14032523757374465
A,2025-08-10,27,305.4155999962823,0.6220337147324775,0.0534026197400822
A,2025-08-10,28,310.21217650403287,0.731354959450176,0.06278802879895055
A,2025-08-10,29,313.27702424982397,1.9755173850199712,0.16960142385130247
A,2025-08-10,30,314.2758446157144,1.2003040518514636,0.10304808137461054
A,2025-08-10,31,308.9070253811741,1.4108969143674013,0.12112782575269586
A,2025-08-10,32,301.8868420058073,0.4968780233435369,0.042657797333751454
A,2025-08-10,33,292.80925078673926,0.02325956651066775,0.001996872124885624
A,2025-08-10,34,291.5476044480989,0.00014151857391499166,1.214960284297662e-05
A,2025-08-10,35,293.6233524611417,0.0,0.0
A,2025-08-10,36,307.9060573492515,0.0,0.0
A,2025-08-10,37,300.36756644116144,0.0,0.0
A,2025-08-10,38,292.2222847322363,0.0,0.0
A,2025-08-10,39,288.7151767684331,0.0,0.0
A,2025-08-10,40,304.2240718380042,0.0,0.0
A,2025-08-10,41,305.7178788215539,0.0,0.0
A,2025-08-10,42,313.86271876395904,0.00017184398261106129,1.4753089166471608e-05
A,2025-08-10,43,336.888945589145,0.02824375933438226,0.002424773294503972
A,2025-08-10,44,304.84943606875794,0.603108439846548,0.05177785369561711
A,2025-08-10,45,320.15855460837116,1.6732199750557553,0.14364869291344054
A,2025-08-10,46,354.8864749909496,0.603108439846548,0.05177785369561711
A,2025-08-10,47,312.39258841590976,0.028415603316993325,0.0024395263836704435
A,2025-08-11,0,349.81751449595157,0.0,0.0
A,2025-08-11,1,336.3787932341869,0.0,0.0
A,2025-08-11,2,357.7639990006788,0.0,0.0
A,2025-08-11,3,346.6161945147832,0.0,0.0
A,2025-08-11,4,385.884955803951,0.0,0.0
A,2025-08-11,5,317.9669823006659,0.0,0.0
A,2025-08-11,6,248.96542833163355,0.0,0.0
A,2025-08-11,7,180.43791413091247,0.0,0.0
A,2025-08-11,8,180.803759086015,0.0,0.0
A,2025-08-11,9,176.5454444440435,0.0,0.0
A,2025-08-11,10,244.01050529409142,0.0,0.0
A,2025-08-11,11,280.6900298901503,0.0,0.0
A,2025-08-11,12,300.3732328896308,0.0,0.0
A,2025-08-11,13,261.27342231961234,0.0,0.0
A,2025-08-11,14,246.76885845810128,0.0,0.0
A,2025-08-11,15,288.4837891638259,0.00022066006306830518,1.834792727919301e-06
A,2025-08-11,16,298.87337427908074,0.03694534864816561,0.00030720129455013336
A,2025-08-11,17,308.91346488564875,0.8859222349074728,0.007366460661289117
A,2025-08-11,18,309.1999848762823,4.529204773255465,0.037660426022148426
A,2025-08-11,19,317.42128816015696,7.379190710896961,0.061358114676566204
A,2025-08-11,20,322.5694287057075,2.4169367148010528,0.020096875920793227
A,2025-08-11,21,319.47451366440714,0.11241259085517945,0.0009347128853298896
A,2025-08-11,22,324.7882406117678,0.11645382273812388,0.000968315807252226
A,2025-08-11,23,328.9238781492572,2.4726076815642624,0.0205597810951734
A,2025-08-11,24,323.66026259384216,6.9202169651367855,0.05754173902926126
A,2025-08-11,25,314.36843378229906,3.784031495566874,0.031464295685144084
A,2025-08-11,26,317.0869786455577,3.755835254687041,0.031229843392320423
A,2025-08-11,27,327.01220850819175,1.4288165902776073,0.011880637814194298
A,2025-08-11,28,328.11590013557696,2.623261554820238,0.021812470989480984
A,2025-08-11,29,329.770660065734,8.914225079603604,0.07412195538995033
A,2025-08-11,30,329.4816034345193,11.20303353984759,0.09315344237523179
A,2025-08-11,31,332.4544568742527,11.667588035462328,0.09701622206641812
A,2025-08-11,32,332.1067871658081,3.627108262405392,0.03015947594095165
A,2025-08-11,33,328.4868134682082,1.3609064202770351,0.011315963426195763
A,2025-08-11,34,330.7597346299801,3.3227403680052086,0.02762865096296414
A,2025-08-11,35,325.34834543054603,1.1973168351910446,0.009955712835737991
A,2025-08-11,36,323.45121298052084,0.056070726764732806,0.00046622918658931043
A,2025-08-11,37,332.61109872309265,0.00034115207119112976,2.836686125401551e-06
A,2025-08-11,38,332.69562699153954,0.0002953997618495054,2.456254780924226e-06
A,2025-08-11,39,331.5467758658758,0.04938350525948166,0.00041062480935308033
A,2025-08-11,40,328.86209596928285,1.1735688405518958,0.009758247797159222
A,2025-08-11,41,333.2693744923052,5.797995691240192,0.04821044725026622
A,2025-08-11,42,329.17406755578924,9.143936802751664,0.07603201284796622
A,2025-08-11,43,315.68990961403614,3.1932570320342655,0.026551994499068015
A,2025-08-11,44,317.9253743934905,4.89846037061373,0.040730793515729356
A,2025-08-11,45,326.5826210283757,13.210344474167703,0.10984427194244428
A,2025-08-11,46,320.04080970590513,4.761339383063898,0.03959062982999858
A,2025-08-11,47,322.81614784624327,0.22433168270890982,0.0018653223168380792
A,2025-08-12,0,322.4433010319946,0.0,0.0
A,2025-08-12,1,302.93221691817956,0.0,0.0
A,2025-08-12,2,319.7663619136077,0.0,0.0
A,2025-08-12,3,306.0905217251781,0.0,0.0
A,2025-08-12,4,391.27551491158516,0.0,0.0
A,2025-08-12,5,336.24352744462146,0.0,0.0
A,2025-08-12,6,250.18183356579965,0.0,0.0
A,2025-08-12,7,190.46475926624814,0.0,0.0
A,2025-08-12,8,223.37859733475983,0.0,0.0
A,2025-08-12,9,279.734317678244,0.0,0.0
A,2025-08-12,10,269.9480469321202,0.0,0.0
A,2025-08-12,11,222.22348907451797,0.0,0.0
A,2025-08-12,12,223.45810401578828,0.0,0.0
A,2025-08-12,13,209.92242066988481,0.0,0.0
A,2025-08-12,14,240.328208911012,0.0008042325543681319,6.113010519608667e-06
A,2025-08-12,15,281.7184171819383,0.13279109708638592,0.001009351547621981
A,2025-08-12,16,274.1129571363851,2.923267271653533,0.022219895832600083
A,2025-08-12,17,286.2799644331721,10.049296968976192,0.07638519200990106
A,2025-08-12,18,301.53093504897635,10.43113974483095,0.07928759740614948
A,2025-08-12,19,304.08106816914255,6.907522051070661,0.05250440899622578
A,2025-08-12,20,304.2502237696881,1.8497611495556003,0.01406012390891208
A,2025-08-12,21,304.8212937118241,1.7496607646994644,0.013299256045109672
A,2025-08-12,22,308.0142997699041,4.689714298818838,0.035646745070103236
A,2025-08-12,23,308.82437550609575,2.952939885567078,0.02244543880522981
A,2025-08-12,24,308.7508487581136,6.058587025600555,0.04605161283300614
A,2025-08-12,25,304.7146535033994,8.876695913625838,0.06747219470865058
A,2025-08-12,26,308.33137864823607,2.838106419834749,0.021572584081540617
A,2025-08-12,27,313.3207203024205,0.13071111400439375,0.0009935414956764761
A,2025-08-12,28,312.3919396096961,0.0007932906148529192,6.029840308457529e-06
A,2025-08-12,29,316.03106753073735,0.0,0.0
A,2025-08-12,30,318.78294403886,0.0,0.0
A,2025-08-12,31,313.9821041398343,0.0,0.0
A,2025-08-12,32,316.6047173586085,0.0,0.0
A,2025-08-12,33,316.87596435078535,0.0,0.0
A,2025-08-12,34,313.6006853470879,0.0,0.0
A,2025-08-12,35,310.64748860437174,0.0,0.0
A,2025-08-12,36,311.11856145891323,0.0,0.0
A,2025-08-12,37,315.15145350126,0.0007932906148529192,6.029840308457529e-06
A,2025-08-12,38,323.5474060616212,0.1312611118124755,0.000997722055600722
A,2025-08-12,39,317.0333677908206,2.9289918688680845,0.022263408772735378
A,2025-08-12,40,317.7203506931165,10.886954771796608,0.08275226945865796
A,2025-08-12,41,320.4297252131387,13.053450085229901,0.09921990505705272
A,2025-08-12,42,312.58699653750404,7.980181361599589,0.060657744264245805
A,2025-08-12,43,293.8590201740912,2.1242146345022155,0.01614625811413594
A,2025-08-12,44,281.4228700307361,5.72595688173679,0.04352327503129192
A,2025-08-12,45,278.64622878102375,17.07855036285368,0.12981488682687914
A,2025-08-12,46,298.655425550629,10.090231232098175,0.07669633532251381
A,2025-08-12,47,294.518026171981,1.9684231703941677,0.014962079665023074
A,2025-08-13,0,304.50428098359606,0.0,0.0
A,2025-08-13,1,345.19261739341164,0.0,0.0
A,2025-08-13,2,265.0989544663673,0.0,0.0
A,2025-08-13,3,270.6928616254188,0.0,0.0
A,2025-08-13,4,295.257298221109,0.0,0.0
A,2025-08-13,5,339.8154209073951,0.0,0.0
A,2025-08-13,6,395.56323506020925,0.0,0.0
A,2025-08-13,7,341.37751627542406,0.0,0.0
A,2025-08-13,8,278.04775064968265,0.0,0.0
A,2025-08-13,9,296.3857312340703,0.0,0.0
A,2025-08-13,10,367.1803059399666,0.0,0.0
A,2025-08-13,11,295.08580818321803,0.0,0.0
A,2025-08-13,12,270.2530733306315,8.158812480172671e-05,2.794812566214386e-06
A,2025-08-13,13,282.0183746569797,0.01350169404835713,0.0004625024080800039
A,2025-08-13,14,304.21969866627353,0.3019231283043499,0.010342418765799324
A,2025-08-13,15,319.4949651948043,1.190185094994255,0.04076995601620456
A,2025-08-13,16,310.66889522234504,2.7707360687569693,0.09491194952015297
A,2025-08-13,17,335.46451918994177,5.617793683841961,0.19243830422817898
A,2025-08-13,18,334.9382598716514,4.97882278104166,0.1705502670544917
A,2025-08-13,19,336.0503206116381,3.3514932058522726,0.11480586605049457
A,2025-08-13,20,333.6325723909249,1.6586352628272725,0.05681678168950705
A,2025-08-13,21,333.28859035505184,0.35729583214455984,0.01223921843969759
A,2025-08-13,22,333.65732400584704,0.04897759314622797,0.0016777342673417659
A,2025-08-13,23,332.1757637124174,0.7340033737576608,0.025143387687937765
A,2025-08-13,24,342.5668713222046,2.371492416806405,0.08123580267691598
A,2025-08-13,25,340.98108693861184,1.7852603445970676,0.06115434148253048
A,2025-08-13,26,339.2584550364117,0.4189869705157799,0.014352456967522013
A,2025-08-13,27,337.71593954924555,0.018255325882209492,0.0006253387279083296
A,2025-08-13,28,338.58312042592956,0.00019141829280405114,6.557060251502984e-06
A,2025-08-13,29,342.77859752750817,0.013409578423580988,0.0004593469745375038
A,2025-08-13,30,341.5207651285165,0.28634396102507176,0.009808752223160988
A,2025-08-13,31,345.7667008109335,0.7944117569398311,0.027212685258295094
A,2025-08-13,32,350.71893663801785,0.28634396102507176,0.009808752223160988
A,2025-08-13,33,348.34942440179674,0.013409578423580988,0.0004593469745375038
A,2025-08-13,34,345.34486322504597,8.158812480172671e-05,2.794812566214386e-06
A,2025-08-13,35,337.42058885918067,0.0,0.0
A,2025-08-13,36,338.8486762351224,0.0,0.0
A,2025-08-13,37,357.6371889875734,0.0,0.0
A,2025-08-13,38,356.9592972851227,0.0,0.0
A,2025-08-13,39,343.33149724153895,8.158812480172671e-05,2.794812566214386e-06
A,2025-08-13,40,325.25838884505947,0.013409578423580988,0.0004593469745375038
A,2025-08-13,41,318.3933685176846,0.28634396102507176,0.009808752223160988
A,2025-08-13,42,320.8775606911163,0.7944578147522192,0.027214262975066343
A,2025-08-13,43,319.14504404738744,0.29391388432870624,0.01006806099910958
A,2025-08-13,44,315.5335466375508,0.1750553628732183,0.005996545810192901
A,2025-08-13,45,310.66529057684255,0.44853983801019026,0.015364794555152154
A,2025-08-13,46,320.28745667245266,0.16164578444963731,0.005537198835655397
A,2025-08-13,47,292.380200353847,0.007615981116022501,0.00026088649271984094
A,2025-08-14,0,345.10326045893936,0.0,0.0
A,2025-08-14,1,351.7276148869671,0.0,0.0
A,2025-08-14,2,298.46829045780834,0.0,0.0
A,2025-08-14,3,280.9140222724015,0.0,0.0
A,2025-08-14,4,286.4045030810569,0.0,0.0
A,2025-08-14,5,307.22302621684605,0.0,0.0
A,2025-08-14,6,438.80076350593947,0.0,0.0
A,2025-08-14,7,269.08420511798096,0.0,0.0
A,2025-08-14,8,216.22311233725858,0.0,0.0
A,2025-08-14,9,231.0614662221539,0.0,0.0
A,2025-08-14,10,238.1172207685923,0.00025396709490869203,8.185225845095223e-06
A,2025-08-14,11,327.90034155253716,0.04195374577527521,0.001352147152534855
A,2025-08-14,12,316.12457970958206,0.9263876440871923,0.029856986353627987
A,2025-08-14,13,300.0320411968456,3.2407867138284963,0.10444885065920542
A,2025-08-14,14,311.9199442156688,3.4348939940550762,0.11070482617210785
A,2025-08-14,15,299.54925375971624,2.1262459267915723,0.06852778750436136
A,2025-08-14,16,297.7664776858008,0.9842777866221408,0.03172275518885314
A,2025-08-14,17,314.62750209593054,1.3390854280599325,0.043158018791714846
A,2025-08-14,18,322.59202611906903,0.48973374222515303,0.015783860840388464
A,2025-08-14,19,319.3492312809527,0.36095246439629186,0.011633308013739163
A,2025-08-14,20,314.95830144228484,1.3114867357769993,0.04226852746038189
A,2025-08-14,21,319.28634064229664,1.503630977834649,0.0484612352859447
A,2025-08-14,22,320.97088532226707,0.4420217658298484,0.014246128944640994
A,2025-08-14,23,323.25729894301145,0.020091838970879232,0.0006475493987875025
A,2025-08-14,24,322.9310571027113,0.00012169256631041492,3.922087384108127e-06
A,2025-08-14,25,318.12150271280836,0.0,0.0
A,2025-08-14,26,323.4717422329252,0.0,0.0
A,2025-08-14,27,329.94606245737447,0.00015303762126915818,4.9323220133481e-06
A,2025-08-14,28,331.85701314673145,0.025429949066190744,0.0008195938785332607
A,2025-08-14,29,334.7299707448878,0.582792998556395,0.018783111709173957
A,2025-08-14,30,338.1913746177587,2.4852878657426887,0.08009952028821815
A,2025-08-14,31,338.3798485350148,3.7161243089520175,0.11976873125298582
A,2025-08-14,32,336.5630916370731,2.330917724407014,0.07512425185422654
A,2025-08-14,33,334.0260652712865,0.5372982852858885,0.017316841037334253
A,2025-08-14,34,333.4893571353465,0.2600536475392314,0.008381392233961208
A,2025-08-14,35,333.3163469846064,0.6584162911605596,0.021220410640901122
A,2025-08-14,36,333.0482240475111,0.23727534933213537,0.007647259667460652
A,2025-08-14,37,331.216632730874,0.011111679790492436,0.00035812359327991094
A,2025-08-14,38,332.0191639721602,0.00016418838311722648,5.291705200780807e-06
A,2025-08-14,39,320.4412674587951,0.015873828272132053,0.0005116051332570156
A,2025-08-14,40,324.3768899089284,0.33896478476019337,0.01092465666780093
A,2025-08-14,41,330.5135357420824,0.9403991243192289,0.030308568989419995
A,2025-08-14,42,313.03278512649223,0.3390999987227605,0.010929014542672161
A,2025-08-14,43,314.2236273068156,0.03809718785311692,0.0012278523198168375
A,2025-08-14,44,304.97605262194963,0.4746472800661044,0.015297632102686469
A,2025-08-14,45,305.5807819544247,1.3165587740469207,0.042431996585188
A,2025-08-14,46,319.92530541965726,0.47455069866427074,0.015294519334921304
A,2025-08-14,47,340.64522958195107,0.022358573543551998,0.0007206050614310531
A,2025-08-15,0,400.75281378797115,0.0,0.0
A,2025-08-15,1,348.2688302787124,0.0,0.0
A,2025-08-15,2,287.301765550529,0.0,0.0
A,2025-08-15,3,254.2498315539691,0.0,0.0
A,2025-08-15,4,256.097952797049,0.0,0.0
A,2025-08-15,5,234.25533941788285,0.0,0.0
A,2025-08-15,6,164.5285589435255,0.0,0.0
A,2025-08-15,7,111.79932060905675,0.0,0.0
A,2025-08-15,8,128.46544785377603,0.0,0.0
A,2025-08-15,9,282.90255606879845,0.0,0.0
A,2025-08-15,10,283.03315972711954,0.00047222204636567747,6.847966100607289e-06
A,2025-08-15,11,220.14065513049297,0.0782289348604607,0.001134443209786547
A,2025-08-15,12,226.05798119327375,1.7587941297861507,0.025505294959049723
A,2025-08-15,13,273.58550136407564,6.798490721653145,0.09858886164989045
A,2025-08-15,14,299.41820972760047,8.483321632166275,0.12302157301786995
A,2025-08-15,15,304.02635625074714,4.538318375179567,0.06581279003421744
A,2025-08-15,16,294.78481226880103,0.9303684008153628,0.013491812419376472
A,2025-08-15,17,301.9944561298278,0.03942243833003405,0.0005716876697414956
A,2025-08-15,18,312.0861355560657,0.00037060464398318987,5.3743531422487586e-06
A,2025-08-15,19,319.7628399713159,0.02210496637809113,0.00032055695319021914
A,2025-08-15,20,326.99518707733205,0.4720225670851734,0.006845073335728608
A,2025-08-15,21,329.37708094333465,1.3098990771066763,0.018995607139224983
A,2025-08-15,22,329.4585191176172,0.5302323118808133,0.007689206645796185
A,2025-08-15,23,327.5148874360183,1.2652322199898478,0.018347867107367497
A,2025-08-15,24,325.8798706566232,3.4707077245049005,0.050330748056859255
A,2025-08-15,25,334.2766359274276,1.7150153270761297,0.02487043311981394
A,2025-08-15,26,340.26991300779264,1.3679671552884065,0.019837686059462376
A,2025-08-15,27,337.68903287519106,0.5076567470321058,0.007361825270920066
A,2025-08-15,28,335.833238900439,0.8268187002378534,0.011990178082859907
A,2025-08-15,29,335.5374547246732,3.4286277019066422,0.04972052121445869
A,2025-08-15,30,331.6306579023247,6.680249440482496,0.09687417617219896
A,2025-08-15,31,336.2304845092305,8.174855135880359,0.11854832123728005
A,2025-08-15,32,339.4430105879502,2.544407764698417,0.03689793446298351
A,2025-08-15,33,341.01674951226124,0.11677365612605423,0.0016934025947106099
A,2025-08-15,34,338.2472076017729,0.0008428266903488672,1.2222319242856047e-05
A,2025-08-15,35,334.642239478136,0.02210496637809113,0.00032055695319021914
A,2025-08-15,36,338.5665894290761,0.4720225670851734,0.006845073335728608
A,2025-08-15,37,353.8129746004802,1.3095449105719021,0.01899047116464953
A,2025-08-15,38,355.3580343181682,0.4720225670851734,0.006845073335728608
A,2025-08-15,39,342.2849278423881,0.02210496637809113,0.00032055695319021914
A,2025-08-15,40,335.11439598164975,0.00013449362080035116,1.950370091945114e-06
A,2025-08-15,41,326.30425285265244,0.0,0.0
A,2025-08-15,42,329.03783316008503,0.0004427081684678226,6.4199682193193335e-06
A,2025-08-15,43,318.6778771354465,0.07299829201773281,0.001058590620634775
A,2025-08-15,44,324.58373339737796,1.592547446519122,0.023094455270151717
A,2025-08-15,45,344.30294881472247,5.139247170626482,0.07452720743969492
A,2025-08-15,46,313.86921971671256,3.8529559040158845,0.05587395086887503
A,2025-08-15,47,251.68528639137392,0.9406732256874154,0.013641248668572399
A,2025-08-16,0,371.25254161084786,0.0,0.0
A,2025-08-16,1,378.8103548297671,0.0,0.0
A,2025-08-16,2,373.8697652245411,0.0,0.0
A,2025-08-16,3,359.6547168821855,0.0,0.0
A,2025-08-16,4,236.52059225559077,0.0,0.0
A,2025-08-16,5,211.97115852963154,0.0,0.0
A,2025-08-16,6,259.85971613794203,0.0,0.0
A,2025-08-16,7,199.3705492563767,0.0,0.0
A,2025-08-16,8,172.9884692556326,0.0,0.0
A,2025-08-16,9,202.89967701359615,0.0,0.0
A,2025-08-16,10,232.75527131660027,0.0,0.0
A,2025-08-16,11,193.390883899681,0.0,0.0
A,2025-08-16,12,243.40121486487547,0.0,0.0
A,2025-08-16,13,283.3694623397938,0.0,0.0
A,2025-08-16,14,267.6684415347428,0.0,0.0
A,2025-08-16,15,288.4201242378905,0.0,0.0
A,2025-08-16,16,276.03315721535756,0.0,0.0
A,2025-08-16,17,285.81250053205457,5.8511519464187664e-05,1.958846197713712e-06
A,2025-08-16,18,286.42376414035266,0.009616777084222244,0.0003219500604016767
A,2025-08-16,19,286.0431089352405,0.20544217998117167,0.006877784695925454
A,2025-08-16,20,296.1563473338161,0.5844528706085647,0.01956628872089308
A,2025-08-16,21,302.36282120431076,0.5468638717031118,0.018307885790050077
A,2025-08-16,22,302.1505890913186,1.5651024525382895,0.0523964343476582
A,2025-08-16,23,301.7822998700227,3.056481159074011,0.10232474821475478
A,2025-08-16,24,310.80059276135734,4.926177557941623,0.16491836593891018
A,2025-08-16,25,312.9448250431192,6.509641528268794,0.21792950640998426
A,2025-08-16,26,319.01306410745616,2.9631505856171816,0.09920023118596275
A,2025-08-16,27,324.31559958327813,0.9298602429367844,0.03112982226340405
A,2025-08-16,28,325.33786207703884,1.770496559139219,0.059272609644973585
A,2025-08-16,29,322.41785835593043,1.8018401981531953,0.060321930678973006
A,2025-08-16,30,318.2290084798361,0.506045581287336,0.016941372773291823
A,2025-08-16,31,325.35379964369025,0.02296395203482779,0.0007687862243166408
A,2025-08-16,32,329.1880597138295,0.022898816569763884,0.0007666056219456011
A,2025-08-16,33,315.5682369024245,0.49534011245773013,0.0165829755362409
A,2025-08-16,34,320.8601380341283,1.5731946924453564,0.052667346016302304
A,2025-08-16,35,329.3563506478047,1.1284660121894663,0.03777873788732211
A,2025-08-16,36,334.50842482047216,0.4566505034674527,0.015287726427080074
A,2025-08-16,37,339.8261560858953,0.5805617483593948,0.019436021893225224
A,2025-08-16,38,333.19086809238024,0.20541879801935387,0.006877001915587132
A,2025-08-16,39,328.0855776747783,0.009616777084222244,0.0003219500604016767
A,2025-08-16,40,307.9823699463513,5.8511519464187664e-05,1.958846197713712e-06
A,2025-08-16,41,295.88691914842576,0.0,0.0
A,2025-08-16,42,308.88292045273226,0.0,0.0
A,2025-08-16,43,329.80195291603576,0.0,0.0
A,2025-08-16,44,360.5884189656699,0.0,0.0
A,2025-08-16,45,333.80681782918646,0.0,0.0
A,2025-08-16,46,329.00897206961423,0.0,0.0
A,2025-08-16,47,289.54628739944576,0.0,0.0
A,2025-08-17,0,413.34570402495507,0.0,0.0
A,2025-08-17,1,434.9841951820691,0.0,0.0
A,2025-08-17,2,400.52897846774977,0.0,0.0
A,2025-08-17,3,348.92796590700726,0.0,0.0
A,2025-08-17,4,316.0017967159006,0.0,0.0
A,2025-08-17,5,291.29760015773786,0.0,0.0
A,2025-08-17,6,254.3298683210964,0.0,0.0
A,2025-08-17,7,271.5452255981698,0.0,0.0
A,2025-08-17,8,354.3013526549537,0.0,0.0
A,2025-08-17,9,305.5136022159623,0.0,0.0
A,2025-08-17,10,302.30561671496275,0.0,0.0
A,2025-08-17,11,330.46579358179196,0.0,0.0
A,2025-08-17,12,285.5068402853895,0.0,0.0
A,2025-08-17,13,259.1322182657857,0.0,0.0
A,2025-08-17,14,304.7236973649352,0.0,0.0
A,2025-08-17,15,332.1106677830686,0.0,0.0
A,2025-08-17,16,293.58083217795297,0.0,0.0
A,2025-08-17,17,286.78478835359454,0.0,0.0
A,2025-08-17,18,280.39578983226113,0.0,0.0
A,2025-08-17,19,303.3808915285489,0.0,0.0
A,2025-08-17,20,306.91015465718664,0.0,0.0
A,2025-08-17,21,300.8522118129419,0.0,0.0
A,2025-08-17,22,303.5178015810377,0.0,0.0
A,2025-08-17,23,308.49901506352467,0.00011088490436539441,1.440999406957692e-05
A,2025-08-17,24,306.97321388266437,0.018224708861645088,0.0023683832178876007
A,2025-08-17,25,307.81758481526543,0.3891647566485232,0.050573717563160904
A,2025-08-17,26,309.2458078733127,1.079802703129965,0.14032523757374465
A,2025-08-17,27,308.2022386823798,0.41093315889993254,0.0534026197400822
A,2025-08-17,28,313.0425795743252,0.48315388160792455,0.06278802879895055
A,2025-08-17,29,316.1353912594027,1.3050829565357727,0.16960142385130247
A,2025-08-17,30,317.1433249497994,0.7929549861776282,0.10304808137461054
A,2025-08-17,31,311.72552013830165,0.9320786191669946,0.12112782575269586
A,2025-08-17,32,304.6412839949114,0.3282517504832175,0.042657797333751454
A,2025-08-17,33,295.4808680384431,0.015365931000994879,0.001996872124885624
A,2025-08-17,34,294.20771032809984,9.34911938767051e-05,1.214960284297662e-05
A,2025-08-17,35,296.30239764783096,0.0,0.0
A,2025-08-17,36,310.71541918637973,0.0,0.0
A,2025-08-17,37,303.10814642693845,0.0,0.0
A,2025-08-17,38,294.8885464542458,0.0,0.0
A,2025-08-17,39,291.3494393301889,0.0,0.0
A,2025-08-17,40,306.99983891681813,0.0,0.0
A,2025-08-17,41,308.5072755261301,0.0,0.0
A,2025-08-17,42,316.7264297015864,0.00011352502113599902,1.4753089166471608e-05
A,2025-08-17,43,339.96274983722117,0.018658630501208064,0.002424773294503972
A,2025-08-17,44,307.6309090255897,0.39843058418777366,0.05177785369561711
A,2025-08-17,45,323.07970930370305,1.105376691968925,0.14364869291344054
A,2025-08-17,46,358.1244902737137,0.39843058418777366,0.05177785369561711
A,2025-08-17,47,315.24288575547104,0.018772155522344063,0.0024395263836704435
A,2025-08-18,0,328.47286436329193,0.0,0.0
A,2025-08-18,1,315.85412721231717,0.0,0.0
A,2025-08-18,2,335.9344819745407,0.0,0.0
A,2025-08-18,3,325.46687781206685,0.0,0.0
A,2025-08-18,4,362.3395956324909,0.0,0.0
A,2025-08-18,5,298.565741054285,0.0,0.0
A,2025-08-18,6,233.7744223280506,0.0,0.0
A,2025-08-18,7,169.42821910937923,0.0,0.0
A,2025-08-18,8,169.77174147557216,0.0,0.0
A,2025-08-18,9,165.77325440775354,0.0,0.0
A,2025-08-18,10,229.12183149026404,0.0,0.0
A,2025-08-18,11,263.5632988505003,0.0,0.0
A,2025-08-18,12,282.0455011450293,0.0,0.0
A,2025-08-18,13,245.33142525748613,0.0,0.0
A,2025-08-18,14,231.71187952148793,0.0,0.0
A,2025-08-18,15,270.88150999401876,8.437954884718957e-05,1.834792727919301e-06
A,2025-08-18,16,280.63715869923374,0.014127757454548263,0.00030720129455013336
A,2025-08-18,17,290.0646378372017,0.3387732127677607,0.007366460661289117
A,2025-08-18,18,290.3336753728333,1.731950268162175,0.037660426022148426
A,2025-08-18,19,298.0533432755245,2.8217737926147324,0.061358114676566204
A,2025-08-18,20,302.8873621598516,0.9242271879709913,0.020096875920793227
A,2025-08-18,21,299.98128808851254,0.04298613699828216,0.0009347128853298896
A,2025-08-18,22,304.970789867344,0.04453148833339972,0.000968315807252226
A,2025-08-18,23,308.85408516164875,0.9455155488734913,0.0205597810951734
A,2025-08-18,24,303.9116371516182,2.6462640195210843,0.05754173902926126
A,2025-08-18,25,295.18676347198357,1.4469989085458173,0.031464295685144084
A,2025-08-18,26,297.7394321667496,1.436216775832067,0.031229843392320423
A,2025-08-18,27,307.0590589645703,0.5463739001818558,0.011880637814194298
A,2025-08-18,28,308.09540716098167,1.003125003346845,0.021812470989480984
A,2025-08-18,29,309.6491993856948,3.4087649576462695,0.07412195538995033
A,2025-08-18,30,309.3777799864829,4.2839964000175845,0.09315344237523179
A,2025-08-18,31,312.1692402313724,4.461640230123677,0.09701622206641812
A,2025-08-18,32,311.8427841213926,1.3869920752580491,0.03015947594095165
A,2025-08-18,33,308.44368864990446,0.5204053156219465,0.011315963426195763
A,2025-08-18,34,310.57792405419775,1.2706029776753727,0.02762865096296414
A,2025-08-18,35,305.4967190348212,0.45784929531762014,0.009955712835737991
A,2025-08-18,36,303.71534301986026,0.021441227570381163,0.00046622918658931043
A,2025-08-18,37,312.3163243384725,0.00013045522354664175,2.836686125401551e-06
A,2025-08-18,38,312.3956949854695,0.00011295971861801186,2.456254780924226e-06
A,2025-08-18,39,311.31694276656617,0.018884060107415068,0.00041062480935308033
A,2025-08-18,40,308.79607271578243,0.4487681546444366,0.009758247797159222
A,2025-08-18,41,312.9344344058479,2.217130974413593,0.04821044725026622
A,2025-08-18,42,309.0890088792772,3.4966058260599793,0.07603201284796622
A,2025-08-18,43,296.42760743676615,1.2210890542198392,0.026551994499068015
A,2025-08-18,44,298.5266719171386,1.873152170677471,0.040730793515729356
A,2025-08-18,45,306.6556834212013,5.051584284652293,0.10984427194244428
A,2025-08-18,46,300.51303071179564,1.8207176389998725,0.03959062982999858
A,2025-08-18,47,303.1190273550658,0.08578356190013968,0.0018653223168380792
A,2025-08-19,0,313.1823887267379,0.0,0.0
A,2025-08-19,1,294.2316835644477,0.0,0.0
A,2025-08-19,2,310.58233412833494,0.0,0.0
A,2025-08-19,3,297.2992785202653,0.0,0.0
A,2025-08-19,4,380.037668694303,0.0,0.0
A,2025-08-19,5,326.5862580552169,0.0,0.0
A,2025-08-19,6,242.996346958989,0.0,0.0
A,2025-08-19,7,184.99441013149735,0.0,0.0
A,2025-08-19,8,216.96292799330496,0.0,0.0
A,2025-08-19,9,271.70005250201694,0.0,0.0
A,2025-08-19,10,262.19485379207833,0.0,0.0
A,2025-08-19,11,215.84099566280622,0.0,0.0
A,2025-08-19,12,217.04015115844604,0.0,0.0
A,2025-08-19,13,203.8932269402929,0.0,0.0
A,2025-08-19,14,233.42572881581083,0.0003495908455953805,6.113010519608667e-06
A,2025-08-19,15,273.62716657152856,0.05772279630540586,0.001009351547621981
A,2025-08-19,16,266.2401433745548,1.2707114028747335,0.022219895832600083
A,2025-08-19,17,278.05770136589086,4.368316360662222,0.07638519200990106
A,2025-08-19,18,292.8706479911486,4.534299120462877,0.07928759740614948
A,2025-08-19,19,295.3475385935853,3.00262214167616,0.05250440899622578
A,2025-08-19,20,295.5118358665502,0.8040703661028641,0.01406012390891208
A,2025-08-19,21,296.06650407654496,0.760557854707732,0.013299256045109672
A,2025-08-19,22,299.16780362684693,2.038566057069064,0.035646745070103236
A,2025-08-19,23,299.95461313195403,1.2836097543934826,0.02244543880522981
A,2025-08-19,24,299.8831981498637,2.6335996346939554,0.04605161283300614
A,2025-08-19,25,295.96292668758423,3.85859987099831,0.06747219470865058
A,2025-08-19,26,299.4757756647618,1.233692938455145,0.021572584081540617
A,2025-08-19,27,304.3218181548064,0.056818651054746316,0.0009935414956764761
A,2025-08-19,28,303.41971302494414,0.00034483450756006914,6.029840308457529e-06
A,2025-08-19,29,306.9543213469224,0.0,0.0
A,2025-08-19,30,309.6271610540477,0.0,0.0
A,2025-08-19,31,304.9642063495792,0.0,0.0
A,2025-08-19,32,307.51149534560807,0.0,0.0
A,2025-08-19,33,307.7749518375649,0.0,0.0
A,2025-08-19,34,304.59374230757464,0.0,0.0
A,2025-08-19,35,301.72536449571214,0.0,0.0
A,2025-08-19,36,302.18290764012687,0.0,0.0
A,2025-08-19,37,306.0999707617883,0.00034483450756006914,6.029840308457529e-06
A,2025-08-19,38,314.2547826932955,0.0570577289156941,0.000997722055600722
A,2025-08-19,39,307.92783448448694,1.273199820895191,0.022263408772735378
A,2025-08-19,40,308.5950865119499,4.732436785801732,0.08275226945865796
A,2025-08-19,41,311.2266449329813,5.674187930402732,0.09921990505705272
A,2025-08-19,42,303.60916771168456,3.468895078983689,0.060657744264245805
A,2025-08-19,43,285.41907861775877,0.9233722090312062,0.01614625811413594
A,2025-08-19,44,273.34010784678946,2.4890090524895223,0.04352327503129192
A,2025-08-19,45,270.64321466761993,7.423853747855564,0.12981488682687914
A,2025-08-19,46,290.0777261639109,4.38611002442392,0.07669633532251381
A,2025-08-19,47,286.0591572670711,0.8556514118833396,0.014962079665023074
A,2025-08-20,0,304.22138621284296,0.0,0.0
A,2025-08-20,1,344.87192178267094,0.0,0.0
A,2025-08-20,2,264.85266857603955,0.0,0.0
A,2025-08-20,3,270.44137880623913,0.0,0.0
A,2025-08-20,4,294.98299420993504,0.0,0.0
A,2025-08-20,5,339.4997208939652,0.0,0.0
A,2025-08-20,6,395.19574344288526,0.0,0.0
A,2025-08-20,7,341.0603650225909,0.0,0.0
A,2025-08-20,8,277.78943488996856,0.0,0.0
A,2025-08-20,9,296.11037887048076,0.0,0.0
A,2025-08-20,10,366.83918302327584,0.0,0.0
A,2025-08-20,11,294.81166349208644,0.0,0.0
A,2025-08-20,12,270.00199908964464,0.00011786842516752554,2.794812566214386e-06
A,2025-08-20,13,281.7563700533365,0.01950557655836609,0.0004625024080800039
A,2025-08-20,14,303.93706828211344,0.43618116902882076,0.010342418765799324
A,2025-08-20,15,319.19814357166126,1.7194321250274114,0.04076995601620456
A,2025-08-20,16,310.38027331657025,4.002816559062932,0.09491194952015297
A,2025-08-20,17,335.1528613112889,8.115893042519222,0.19243830422817898
A,2025-08-20,18,334.62709090569535,7.192786962756134,0.1705502670544917
A,2025-08-20,19,335.7381185036616,4.841822594813559,0.11480586605049457
A,2025-08-20,20,333.322616452777,2.3961909509732706,0.05681678168950705
A,2025-08-20,21,332.97895398784357,0.5161767984758062,0.01223921843969759
A,2025-08-20,22,333.3473450726122,0.07075676499087165,0.0016777342673417659
A,2025-08-20,23,331.86716119877906,1.0603972323510875,0.025143387687937765
A,2025-08-20,24,342.248615118327,3.426038742096255,0.08123580267691598
A,2025-08-20,25,340.6643039820338,2.579123197684241,0.06115434148253048
A,2025-08-20,26,338.9432724631041,0.6053005201482735,0.014352456967522013
A,2025-08-20,27,337.40219002497,0.026373035510805894,0.0006253387279083296
A,2025-08-20,28,338.26856526130473,0.00027653745904688686,6.557060251502984e-06
A,2025-08-20,29,342.46014462282847,0.01937249930414469,0.0004593469745375038
A,2025-08-20,30,341.20348079265625,0.4136743162595916,0.009808752223160988
A,2025-08-20,31,345.4454718572912,1.1476677880833375,0.027212685258295094
A,2025-08-20,32,350.3931068898826,0.4136743162595916,0.009808752223160988
A,2025-08-20,33,348.0257960106299,0.01937249930414469,0.0004593469745375038
A,2025-08-20,34,345.0240261727811,0.00011786842516752554,2.794812566214386e-06
A,2025-08-20,35,337.1071137256805,0.0,0.0
A,2025-08-20,36,338.53387436017374,0.0,0.0
A,2025-08-20,37,357.3049319491349,0.0,0.0
A,2025-08-20,38,356.62767003099185,0.0,0.0
A,2025-08-20,39,343.01253067433424,0.00011786842516752554,2.794812566214386e-06
A,2025-08-20,40,324.9562128065137,0.01937249930414469,0.0004593469745375038
A,2025-08-20,41,318.0975703150939,0.4136743162595916,0.009808752223160988
A,2025-08-20,42,320.5794545900187,1.147734326710448,0.027214262975066343
A,2025-08-20,43,318.8485475128193,0.4246104045764475,0.01006806099910958
A,2025-08-20,44,315.2404053061625,0.25289832299907544,0.005996545810192901
A,2025-08-20,45,310.3766720199053,0.647994845568987,0.015364794555152154
A,2025-08-20,46,319.9898987979368,0.23352582369493077,0.005537198835655397
A,2025-08-20,47,292.1085692638515,0.011002626943966573,0.00026088649271984094
A,2025-08-21,0,344.4369562784639,0.0,0.0
A,2025-08-21,1,351.0485208098026,0.0,0.0
A,2025-08-21,2,297.8920262132836,0.0,0.0
A,2025-08-21,3,280.3716507307784,0.0,0.0
A,2025-08-21,4,285.8515308562911,0.0,0.0
A,2025-08-21,5,306.62985886619754,0.0,0.0
A,2025-08-21,6,437.95355394109504,0.0,0.0
A,2025-08-21,7,268.56467386078106,0.0,0.0
A,2025-08-21,8,215.80564203148944,0.0,0.0
A,2025-08-21,9,230.6153469340143,0.0,0.0
A,2025-08-21,10,237.65747866290977,0.00031100747825540715,8.185225845095223e-06
A,2025-08-21,11,327.2672517113539,0.05137645363714485,0.001352147152534855
A,2025-08-21,12,315.5142257861465,1.1344520248897199,0.029856986353627987
A,2025-08-21,13,299.4527577584331,3.968659419417301,0.10444885065920542
A,2025-08-21,14,311.3177083442135,4.206362716200644,0.11070482617210785
A,2025-08-21,15,298.9709024576365,2.6037955195732154,0.06852778750436136
A,2025-08-21,16,297.1915684582738,1.2053441507067018,0.03172275518885314
A,2025-08-21,17,314.02003863800707,1.6398407136137556,0.043158018791714846
A,2025-08-21,18,321.9691852473099,0.5997267332635682,0.015783860840388464
A,2025-08-21,19,318.73265139830795,0.442021497951636,0.011633308013739163
A,2025-08-21,20,314.35019929729975,1.6060434230901626,0.04226852746038189
A,2025-08-21,21,318.66988218503445,1.841342788171812,0.0484612352859447
A,2025-08-21,22,320.3511744495946,0.5412987646063682,0.014246128944640994
A,2025-08-21,23,322.63317360334213,0.024604416466209703,0.0006475493987875025
A,2025-08-21,24,322.3075616507508,0.00014902441666404923,3.922087384108127e-06
A,2025-08-21,25,317.5072932530809,0.0,0.0
A,2025-08-21,26,322.8472028593219,0.0,0.0
A,2025-08-21,27,329.3090228639079,0.0001874094936835771,4.9323220133481e-06
A,2025-08-21,28,331.21628400703656,0.03114145292752548,0.0008195938785332607
A,2025-08-21,29,334.0836946751076,0.7136868691241155,0.018783111709173957
A,2025-08-21,30,337.5384154819659,3.043477392775195,0.08009952028821815
A,2025-08-21,31,337.72652550535787,4.5507566664347,0.11976873125298582
A,2025-08-21,32,335.913276290057,2.8544360983035624,0.07512425185422654
A,2025-08-21,33,333.3811482589638,0.6579741554227598,0.017316841037334253
A,2025-08-21,34,332.8454763661302,0.31846105560003685,0.008381392233961208
A,2025-08-21,35,332.67280025276364,0.8062949667938073,0.021220410640901122
A,2025-08-21,36,332.40519499096825,0.2905668077767684,0.007647259667460652
A,2025-08-21,37,330.57713999835653,0.013607335674982153,0.00035812359327991094
A,2025-08-21,38,331.3781217616102,0.0002010646891499077,5.291705200780807e-06
A,2025-08-21,39,319.82257913976645,0.019439050964260216,0.0005116051332570156
A,2025-08-21,40,323.75060293178274,0.41509543968109774,0.01092465666780093
A,2025-08-21,41,329.8754005060496,1.1516104490358001,0.030308568989419995
A,2025-08-21,42,312.4284006501524,0.41526102236628,0.010929014542672161
A,2025-08-21,43,313.61694362553067,0.04665372231422452,0.0012278523198168375
A,2025-08-21,44,304.3872235899183,0.5812518889000956,0.015297632102686469
A,2025-08-21,45,304.99078534813816,1.6122546286501205,0.042431996585188
A,2025-08-21,46,319.30761328844557,0.5811336155535368,0.015294519334921304
A,2025-08-21,47,339.9875326936991,0.02738025403514658,0.0007206050614310531
A,2025-08-22,0,410.09881957960755,0.0,0.0
A,2025-08-22,1,356.3908506185456,0.0,0.0
A,2025-08-22,2,294.00196545530935,0.0,0.0
A,2025-08-22,3,260.17922323001403,0.0,0.0
A,2025-08-22,4,262.0704447365162,0.0,0.0
A,2025-08-22,5,239.7184370770789,0.0,0.0
A,2025-08-22,6,168.36554975649415,0.0,0.0
A,2025-08-22,7,114.40660635219837,0.0,0.0
A,2025-08-22,8,131.46140640567725,0.0,0.0
A,2025-08-22,9,289.5001614667399,0.0,0.0
A,2025-08-22,10,289.6338109490829,0.00035846363350238916,6.847966100607289e-06
A,2025-08-22,11,225.27458249678406,0.059383564259486585,0.001134443209786547
A,2025-08-22,12,231.32990725040625,1.3351001699264167,0.025505294959049723
A,2025-08-22,13,279.9658225802586,5.160732551925165,0.09858886164989045
A,2025-08-22,14,306.4009787212478,6.43968726119342,0.12302157301786995
A,2025-08-22,15,311.1165923977426,3.4450363071311463,0.06581279003421744
A,2025-08-22,16,301.6595252289159,0.7062424129046807,0.013491812419376472
A,2025-08-22,17,309.0373060835271,0.029925562760288328,0.0005716876697414956
A,2025-08-22,18,319.3643348101815,0.0002813258895841535,5.3743531422487586e-06
A,2025-08-22,19,327.22006859579955,0.016779874271695208,0.00032055695319021914
A,2025-08-22,20,334.6210821605763,0.35831220883204973,0.006845073335728608
A,2025-08-22,21,337.0585244671658,0.9943440513098709,0.018995607139224983
A,2025-08-22,22,337.1418618711538,0.4024992110808471,0.007689206645796185
A,2025-08-22,23,335.15290251541745,0.9604374516022589,0.018347867107367497
A,2025-08-22,24,333.47975530807804,2.6346133377843546,0.050330748056859255
A,2025-08-22,25,342.0723425772614,1.3018676920897805,0.02487043311981394
A,2025-08-22,26,348.2053896115152,1.0384235144686176,0.019837686059462376
A,2025-08-22,27,345.56432045506426,0.38536210563158174,0.007361825270920066
A,2025-08-22,28,343.66524728016844,0.6276378619253846,0.011990178082859907
A,2025-08-22,29,343.3625650851631,2.6026704034920543,0.04972052121445869
A,2025-08-22,30,339.36465737233004,5.070975625909926,0.09687417617219896
A,2025-08-22,31,344.07175710279125,6.205530423486661,0.11854832123728005
A,2025-08-22,32,347.35920289836514,1.9314592773993349,0.03689793446298351
A,2025-08-22,33,348.9696431822053,0.08864285222272157,0.0016934025947106099
A,2025-08-22,34,346.1355124432794,0.0006397895230865426,1.2222319242856047e-05
A,2025-08-22,35,342.44647241346246,0.016779874271695208,0.00032055695319021914
A,2025-08-22,36,346.4623426135637,0.35831220883204973,0.006845073335728608
A,2025-08-22,37,362.0642906137514,0.9940752035847441,0.01899047116464953
A,2025-08-22,38,363.6453828596542,0.35831220883204973,0.006845073335728608
A,2025-08-22,39,350.2673968555622,0.016779874271695208,0.00032055695319021914
A,2025-08-22,40,342.9296401370215,0.00010209407283295892,1.950370091945114e-06
A,2025-08-22,41,333.9140345736362,0.0,0.0
A,2025-08-22,42,336.71136504452653,0.00033605965640848983,6.4199682193193335e-06
A,2025-08-22,43,326.1098032078361,0.05541298462774793,0.001058590620634775
A,2025-08-22,44,332.1533906719688,1.2089023555713616,0.023094455270151717
A,2025-08-22,45,352.332480343857,3.90120120063827,0.07452720743969492
A,2025-08-22,46,321.18900249643076,2.9247778321821323,0.05587395086887503
A,2025-08-22,47,257.55486999341935,0.7140648028050908,0.013641248668572399
A,2025-08-23,0,368.6596022962052,0.0,0.0
A,2025-08-23,1,376.16462947642685,0.0,0.0
A,2025-08-23,2,371.25854643368615,0.0,0.0
A,2025-08-23,3,357.1427802606768,0.0,0.0
A,2025-08-23,4,234.8686613631555,0.0,0.0
A,2025-08-23,5,210.490688259618,0.0,0.0
A,2025-08-23,6,258.0447777907395,0.0,0.0
A,2025-08-23,7,197.9780854281004,0.0,0.0
A,2025-08-23,8,171.7802658020844,0.0,0.0
A,2025-08-23,9,201.48256469653538,0.0,0.0
A,2025-08-23,10,231.12963855710865,0.0,0.0
A,2025-08-23,11,192.04018385118786,0.0,0.0
A,2025-08-23,12,241.70122763646083,0.0,0.0
A,2025-08-23,13,281.3903248602714,0.0,0.0
A,2025-08-23,14,265.79896470279135,0.0,0.0
A,2025-08-23,15,286.40571141791185,0.0,0.0
A,2025-08-23,16,274.10525869543613,0.0,0.0
A,2025-08-23,17,283.816300139647,8.062610949789638e-05,1.958846197713712e-06
A,2025-08-23,18,284.4232944992157,0.013251464486133012,0.0003219500604016767
A,2025-08-23,19,284.04529790444565,0.28308961808429167,0.006877784695925454
A,2025-08-23,20,294.0879024069454,0.805348443751959,0.01956628872089308
A,2025-08-23,21,300.25102839883897,0.7535525791184611,0.018307885790050077
A,2025-08-23,22,300.0402785787012,2.1566372377496115,0.0523964343476582
A,2025-08-23,23,299.67456160000035,4.211686636519306,0.10232474821475478
A,2025-08-23,24,308.6298680237207,6.788039942045542,0.16491836593891018
A,2025-08-23,25,310.7591243428696,8.969978483834952,0.21792950640998426
A,2025-08-23,26,316.7849810020322,4.083081515614226,0.09920023118596275
A,2025-08-23,27,322.0504819766414,1.2813034843617106,0.03112982226340405
A,2025-08-23,28,323.0656046819485,2.4396606129871126,0.059272609644973585
A,2025-08-23,29,320.1659951443102,2.4828506667465287,0.060321930678973006
A,2025-08-23,30,316.00640145452974,0.6973069033486914,0.016941372773291823
A,2025-08-23,31,323.08143093584505,0.03164324099287293,0.0007687862243166408
A,2025-08-23,32,326.88891138143197,0.03155348739928094,0.0007666056219456011
A,2025-08-23,33,313.3642135053956,0.6825552730716753,0.0165829755362409
A,2025-08-23,34,318.6191544093416,2.1677879620310025,0.052667346016302304
A,2025-08-23,35,327.0560269209517,1.554972851442178,0.03777873788732211
A,2025-08-23,36,332.17211745936225,0.6292428197386158,0.015287726427080074
A,2025-08-23,37,337.4527080916116,0.7999866611251502,0.019436021893225224
A,2025-08-23,38,330.86376294339453,0.2830573988455663,0.006877001915587132
A,2025-08-23,39,325.7941294082452,0.013251464486133012,0.0003219500604016767
A,2025-08-23,40,305.8313285237507,8.062610949789638e-05,1.958846197713712e-06
A,2025-08-23,41,293.8203559889669,0.0,0.0
A,2025-08-23,42,306.72558931477323,0.0,0.0
A,2025-08-23,43,327.49851696903477,0.0,0.0
A,2025-08-23,44,358.06996108822597,0.0,0.0
A,2025-08-23,45,331.4754107021416,0.0,0.0
A,2025-08-23,46,326.71107453914107,0.0,0.0
A,2025-08-23,47,287.5240091175268,0.0,0.0
A,2025-08-24,0,392.3800472619427,0.0,0.0
A,2025-08-24,1,412.9209942228743,0.0,0.0
A,2025-08-24,2,380.21340967285107,0.0,0.0
A,2025-08-24,3,331.2296956770577,0.0,0.0
A,2025-08-24,4,299.9736025386586,0.0,0.0
A,2025-08-24,5,276.52244841108364,0.0,0.0
A,2025-08-24,6,241.42978814152758,0.0,0.0
A,2025-08-24,7,257.7719507338391,0.0,0.0
A,2025-08-24,8,336.33053433483326,0.0,0.0
A,2025-08-24,9,290.01738861528906,0.0,0.0
A,2025-08-24,10,286.9721180578822,0.0,0.0
A,2025-08-24,11,313.7039587963165,0.0,0.0
A,2025-08-24,12,271.0254065638616,0.0,0.0
A,2025-08-24,13,245.98855403631435,0.0,0.0
A,2025-08-24,14,289.26754919574176,0.0,0.0
A,2025-08-24,15,315.265401943184,0.0,0.0
A,2025-08-24,16,278.6898706904933,0.0,0.0
A,2025-08-24,17,272.23853474813404,0.0,0.0
A,2025-08-24,18,266.1735980200002,0.0,0.0
A,2025-08-24,19,287.9928529489578,0.0,0.0
A,2025-08-24,20,291.34310533994704,0.0,0.0
A,2025-08-24,21,285.59243253413655,0.0,0.0
A,2025-08-24,22,288.1228186709747,0.0,0.0
A,2025-08-24,23,292.85137581490494,0.0002487885476112455,1.440999406957692e-05
A,2025-08-24,24,291.40296608515933,0.040890136256829426,0.0023683832178876007
A,2025-08-24,25,292.2045089661291,0.873155233727973,0.050573717563160904
A,2025-08-24,26,293.56028991548993,2.4227152267107015,0.14032523757374465
A,2025-08-24,27,292.5696524793872,0.9219962298125193,0.0534026197400822
A,2025-08-24,28,297.1644823504889,1.0840353172138812,0.06278802879895055
A,2025-08-24,29,300.100420920422,2.9281685827927375,0.16960142385130247
A,2025-08-24,30,301.057230354326,1.779125124932651,0.10304808137461054
A,2025-08-24,31,295.91422659913724,2.0912719116202942,0.12112782575269586
A,2025-08-24,32,289.18931598390463,0.7364868709672189,0.042657797333751454
A,2025-08-24,33,280.49353322642594,0.0344759972361503,0.001996872124885624
A,2025-08-24,34,279.28495242422593,0.00020976289308399136,1.214960284297662e-05
A,2025-08-24,35,281.2733933382398,0.0,0.0
A,2025-08-24,36,294.95535983121135,0.0,0.0
A,2025-08-24,37,287.7339419821369,0.0,0.0
A,2025-08-24,38,279.93125528585836,0.0,0.0
A,2025-08-24,39,276.5716582050606,0.0,0.0
A,2025-08-24,40,291.4282406484556,0.0,0.0
A,2025-08-24,41,292.8592172916059,0.0,0.0
A,2025-08-24,42,300.6614808023064,0.0002547120844591323,1.4753089166471608e-05
A,2025-08-24,43,322.71921190784985,0.041863710929611074,0.002424773294503972
A,2025-08-24,44,292.02730171693696,0.8939446440548294,0.05177785369561711
A,2025-08-24,45,306.6925103407103,2.480094683150551,0.14364869291344054
A,2025-08-24,46,339.95975535958445,0.8939446440548294,0.05177785369561711
A,2025-08-24,47,299.25318494239156,0.04211842301407021,0.0024395263836704435
A,2025-08-25,0,324.7125543093712,0.0,0.0
A,2025-08-25,1,312.23827464430957,0.0,0.0
A,2025-08-25,2,332.08875239661614,0.0,0.0
A,2025-08-25,3,321.740979859348,0.0,0.0
A,2025-08-25,4,358.19158411552286,0.0,0.0
A,2025-08-25,5,295.1478034416334,0.0,0.0
A,2025-08-25,6,231.0982064027758,0.0,0.0
A,2025-08-25,7,167.48862925324354,0.0,0.0
A,2025-08-25,8,167.82821902485261,0.0,0.0
A,2025-08-25,9,163.8755060612381,0.0,0.0
A,2025-08-25,10,226.49887775496654,0.0,0.0
A,2025-08-25,11,260.5460641561424,0.0,0.0
A,2025-08-25,12,278.8166848600842,0.0,0.0
A,2025-08-25,13,242.52290642678568,0.0,0.0
A,2025-08-25,14,229.05927528927396,0.0,0.0
A,2025-08-25,15,267.78049747225026,0.00020986506005359195,1.834792727919301e-06
A,2025-08-25,16,277.42446491581876,0.03513792983167989,0.00030720129455013336
A,2025-08-25,17,286.7440196300924,0.8425816636067782,0.007366460661289117
A,2025-08-25,18,287.00997726275517,4.3076296567541545,0.037660426022148426
A,2025-08-25,19,294.6412715188632,7.018190243197384,0.061358114676566204
A,2025-08-25,20,299.41995125106024,2.298696745321066,0.020096875920793227
A,2025-08-25,21,296.54714549723985,0.10691320759434103,0.0009347128853298896
A,2025-08-25,22,301.47952817815326,0.1107567366861554,0.000968315807252226
A,2025-08-25,23,305.31836806709043,2.3516442094908094,0.0205597810951734
A,2025-08-25,24,300.43250049020804,6.581670143558126,0.05754173902926126
A,2025-08-25,25,291.80750790815,3.5989113119033282,0.031464295685144084
A,2025-08-25,26,294.330954019261,3.572094471088324,0.031229843392320423
A,2025-08-25,27,303.5438910714475,1.358916857697795,0.011880637814194298
A,2025-08-25,28,304.56837530293177,2.4949278817536262,0.021812470989480984
A,2025-08-25,29,306.10437993798934,8.47812855506683,0.07412195538995033
A,2025-08-25,30,305.83606770897745,10.654965261632912,0.09315344237523179
A,2025-08-25,31,308.5955717189301,11.096793092934558,0.09701622206641812
A,2025-08-25,32,308.2728528314904,3.4496649857068022,0.03015947594095165
A,2025-08-25,33,304.912669715519,1.2943289494590122,0.011315963426195763
A,2025-08-25,34,307.02247270021576,3.1601872000646085,0.02762865096296414
A,2025-08-25,35,301.9994365842505,1.13874239872198,0.009955712835737991
A,2025-08-25,36,300.2384535054058,0.05332766734543459,0.00046622918658931043
A,2025-08-25,37,308.740972028351,0.0003244624283723297,2.836686125401551e-06
A,2025-08-25,38,308.8194340516099,0.0002809483868459377,2.456254780924226e-06
A,2025-08-25,39,307.75303123277735,0.04696759419365281,0.00041062480935308033
A,2025-08-25,40,305.26101973935107,1.1161561896373093,0.009758247797159222
A,2025-08-25,41,309.35200606067775,5.51434952484325,0.04821044725026622
A,2025-08-25,42,305.55060241182645,8.696602455160654,0.07603201284796622
A,2025-08-25,43,293.0341468698947,3.0370383723989987,0.026551994499068015
A,2025-08-25,44,295.10918156234334,4.658820746963936,0.040730793515729356
A,2025-08-25,45,303.1451333132164,12.56407570019433,0.10984427194244428
A,2025-08-25,46,297.07280080753804,4.528407912459101,0.03959062982999858
A,2025-08-25,47,299.64896437647747,0.21335705885779296,0.0018653223168380792
A,2025-08-26,0,321.9335260427144,0.0,0.0
A,2025-08-26,1,302.4532884766897,0.0,0.0
A,2025-08-26,2,319.2608190997395,0.0,0.0
A,2025-08-26,3,305.606600080871,0.0,0.0
A,2025-08-26,4,390.6569178721017,0.0,0.0
A,2025-08-26,5,335.7119346341955,0.0,0.0
A,2025-08-26,6,249.78630219294766,0.0,0.0
A,2025-08-26,7,190.1636391303903,0.0,0.0
A,2025-08-26,8,223.025441224221,0.0,0.0
A,2025-08-26,9,279.29206454927737,0.0,0.0
A,2025-08-26,10,269.52126565835636,0.0,0.0
A,2025-08-26,11,221.87215916194666,0.0,0.0
A,2025-08-26,12,223.10482220712723,0.0,0.0
A,2025-08-26,13,209.59053844623753,0.0,0.0
A,2025-08-26,14,239.94825587824863,0.0007267697076657548,6.113010519608667e-06
A,2025-08-26,15,281.2730272400809,0.12000079614522971,0.001009351547621981
A,2025-08-26,16,273.6795912412384,2.641701195641991,0.022219895832600083
A,2025-08-26,17,285.82736279644104,9.081359092865126,0.07638519200990106
A,2025-08-26,18,301.0542219999216,9.426423168019705,0.07928759740614948
A,2025-08-26,19,303.6003234218642,6.242196681152286,0.05250440899622578
A,2025-08-26,20,303.7692115915337,1.6715940714066482,0.01406012390891208
A,2025-08-26,21,304.33937868602897,1.5811352519470436,0.013299256045109672
A,2025-08-26,22,307.5273366794605,4.238005874639503,0.035646745070103236
A,2025-08-26,23,308.33613170568424,2.668515774114967,0.02244543880522981
A,2025-08-26,24,308.26272120169614,5.475030198103267,0.04605161283300614
A,2025-08-26,25,304.232907073171,8.021701756716759,0.06747219470865058
A,2025-08-26,26,307.8439142638246,2.564742948870282,0.021572584081540617
A,2025-08-26,27,312.8253678906252,0.11812115487948056,0.0009935414956764761
A,2025-08-26,28,311.89805557750793,0.0007168816844322071,6.029840308457529e-06
A,2025-08-26,29,315.53143012612367,0.0,0.0
A,2025-08-26,30,318.27895598465017,0.0,0.0
A,2025-08-26,31,313.485706096334,0.0,0.0
A,2025-08-26,32,316.10417302761766,0.0,0.0
A,2025-08-26,33,316.37499118491996,0.0,0.0
A,2025-08-26,34,313.1048903173899,0.0,0.0
A,2025-08-26,35,310.1563625066473,0.0,0.0
A,2025-08-26,36,310.62669060650296,0.0,0.0
A,2025-08-26,37,314.6532067449588,0.0007168816844322071,6.029840308457529e-06
A,2025-08-26,38,323.03588550923627,0.11861817746831424,0.000997722055600722
A,2025-08-26,39,316.5321457739582,2.646874405581736,0.022263408772735378
A,2025-08-26,40,317.21804257305223,9.838334563670387,0.08275226945865796
A,2025-08-26,41,319.92313363808415,11.79615529232794,0.09921990505705272
A,2025-08-26,42,312.09280412507354,7.211538557831919,0.060657744264245805
A,2025-08-26,43,293.3944362352105,1.9196124809315078,0.01614625811413594
A,2025-08-26,44,280.9779473417115,5.174438645195265,0.04352327503129192
A,2025-08-26,45,278.2056958940474,15.433562079960833,0.12981488682687914
A,2025-08-26,46,298.18325861191056,9.118350610158345,0.07669633532251381
A,2025-08-26,47,294.05240036070154,1.7788266892949283,0.014962079665023074
A,2025-08-27,0,299.0288983238575,0.0,0.0
A,2025-08-27,1,338.98560557262385,0.0,0.0
A,2025-08-27,2,260.3321307826038,0.0,0.0
A,2025-08-27,3,265.8254522219409,0.0,0.0
A,2025-08-27,4,289.9481883274185,0.0,0.0
A,2025-08-27,5,333.7050980668162,0.0,0.0
A,2025-08-27,6,388.45049407974517,0.0,0.0
A,2025-08-27,7,335.2391049302654,0.0,0.0
A,2025-08-27,8,273.0480907842485,0.0,0.0
A,2025-08-27,9,291.0563306484661,0.0,0.0
A,2025-08-27,10,360.57792690724125,0.0,0.0
A,2025-08-27,11,289.77978190325126,0.0,0.0
A,2025-08-27,12,265.39357189217617,0.00015170102868783376,2.794812566214386e-06
A,2025-08-27,13,276.94731781227256,0.025104399459378573,0.0004625024080800039
A,2025-08-27,14,298.74943316640054,0.5613813193982043,0.010342418765799324
A,2025-08-27,15,313.750030553325,2.2129728275815754,0.04076995601620456
A,2025-08-27,16,305.0826647879946,5.1517731639791435,0.09491194952015297
A,2025-08-27,17,329.4324312160157,10.44545493435344,0.19243830422817898
A,2025-08-27,18,328.9156347241151,9.257383220584282,0.1705502670544917
A,2025-08-27,19,330.0076991669311,6.23160500628782,0.11480586605049457
A,2025-08-27,20,327.6334252009658,3.083986501715598,0.05681678168950705
A,2025-08-27,21,327.29562840908477,0.6643386572975654,0.01223921843969759
A,2025-08-27,22,327.6577317496882,0.09106657716417738,0.0016777342673417659
A,2025-08-27,23,326.20281183554584,1.3647705120074178,0.025143387687937765
A,2025-08-27,24,336.40707382779914,4.409438751401661,0.08123580267691598
A,2025-08-27,25,334.8498039080686,3.3194270785010134,0.06115434148253048
A,2025-08-27,26,333.15814716594156,0.7790441879686111,0.014352456967522013
A,2025-08-27,27,331.64336811165424,0.03394307348150017,0.0006253387279083296
A,2025-08-27,28,332.4949559493185,0.0003559139519214562,6.557060251502984e-06
A,2025-08-27,29,336.614992920804,0.024933124104408438,0.0004593469745375038
A,2025-08-27,30,335.3797779828347,0.5324141662970668,0.009808752223160988
A,2025-08-27,31,339.5493662243068,1.4770909494776285,0.027212685258295094
A,2025-08-27,32,344.4125544160444,0.5324141662970668,0.009808752223160988
A,2025-08-27,33,342.08564908888985,0.024933124104408438,0.0004593469745375038
A,2025-08-27,34,339.1351138263698,0.00015170102868783376,2.794812566214386e-06
A,2025-08-27,35,331.35332821078975,0.0,0.0
A,2025-08-27,36,332.755736719986,0.0,0.0
A,2025-08-27,37,351.2064075984418,0.0,0.0
A,2025-08-27,38,350.54070526968655,0.0,0.0
A,2025-08-27,39,337.1579507795118,0.00015170102868783376,2.794812566214386e-06
A,2025-08-27,40,319.40982035707594,0.024933124104408438,0.0004593469745375038
A,2025-08-27,41,312.6682420159282,0.5324141662970668,0.009808752223160988
A,2025-08-27,42,315.10776518600153,1.4771765871551135,0.027214262975066343
A,2025-08-27,43,313.4064014428432,0.5464893170011684,0.01006806099910958
A,2025-08-27,44,309.85984344939055,0.32548950830436557,0.005996545810192901
A,2025-08-27,45,305.07912495870227,0.8339933660563813,0.015364794555152154
A,2025-08-27,46,314.5282720044033,0.3005563841999571,0.005537198835655397
A,2025-08-27,47,287.12282441845053,0.014160788381586607,0.00026088649271984094
A,2025-08-28,0,354.9074505430777,0.0,0.0
A,2025-08-28,1,361.71999916524527,0.0,0.0
A,2025-08-28,2,306.9476071986722,0.0,0.0
A,2025-08-28,3,288.8946320991411,0.0,0.0
A,2025-08-28,4,294.5410943883244,0.0,0.0
A,2025-08-28,5,315.9510600906743,0.0,0.0
A,2025-08-28,6,451.2668471029362,0.0,0.0
A,2025-08-28,7,276.7287364739223,0.0,0.0
A,2025-08-28,8,222.365889693576,0.0,0.0
A,2025-08-28,9,237.62579289049395,0.0,0.0
A,2025-08-28,10,244.88199746649252,0.0006699148981563114,8.185225845095223e-06
A,2025-08-28,11,337.2158063585194,0.11066567241092368,0.001352147152534855
A,2025-08-28,12,325.10550172584874,2.44362713392087,0.029856986353627987
A,2025-08-28,13,308.55578321920154,8.548553512892271,0.10444885065920542
A,2025-08-28,14,320.7814148956542,9.060570075160463,0.11070482617210785
A,2025-08-28,15,308.05928006174673,5.608615651621953,0.06852778750436136
A,2025-08-28,16,306.22585631941206,2.5963298647785717,0.03172275518885314
A,2025-08-28,17,323.5658929768048,3.532242153196626,0.043158018791714846
A,2025-08-28,18,331.75668466066804,1.2918206201650895,0.015783860840388464
A,2025-08-28,19,328.42176383986913,0.9521211143996735,0.011633308013739163
A,2025-08-28,20,323.9060901470656,3.4594422688784796,0.04226852746038189
A,2025-08-28,21,328.35708651344,3.9662807252369716,0.0484612352859447
A,2025-08-28,22,330.08948816301915,1.1659658757967752,0.014246128944640994
A,2025-08-28,23,332.4408575124313,0.052998292014123864,0.0006475493987875025
A,2025-08-28,24,332.1053473244156,0.0003210008886998992,3.922087384108127e-06
A,2025-08-28,25,327.15915619165514,0.0,0.0
A,2025-08-28,26,332.66139301594444,0.0,0.0
A,2025-08-28,27,339.3196450469541,0.00040368293578926724,4.9323220133481e-06
A,2025-08-28,28,341.2848847736704,0.06707916923222759,0.0008195938785332607
A,2025-08-28,29,344.2394614859392,1.5372925079703168,0.018783111709173957
A,2025-08-28,30,347.79920190156685,6.5556971782770415,0.08009952028821815
A,2025-08-28,31,347.9930302571097,9.802399948161872,0.11976873125298582
A,2025-08-28,32,346.1246603145958,6.148499318458058,0.07512425185422654
A,2025-08-28,33,343.5155584526068,1.4172864645959995,0.017316841037334253
A,2025-08-28,34,342.96360273952865,0.6859700185532146,0.008381392233961208
A,2025-08-28,35,342.78567746743596,1.7367717766581676,0.021220410640901122
A,2025-08-28,36,342.5099373080701,0.6258853791275165,0.007647259667460652
A,2025-08-28,37,340.6263115093453,0.02931041061783834,0.00035812359327991094
A,2025-08-28,38,341.45164221310995,0.00043309643713478464,5.291705200780807e-06
A,2025-08-28,39,329.54482415307336,0.041872015168340486,0.0005116051332570156
A,2025-08-28,40,333.59225542978567,0.8941219701821664,0.01092465666780093
A,2025-08-28,41,339.9032399294225,2.4805866437976856,0.030308568989419995
A,2025-08-28,42,321.92587099263557,0.8944786378362773,0.010929014542672161
A,2025-08-28,43,323.15054433143763,0.10049283640401717,0.0012278523198168375
A,2025-08-28,44,313.6402512361251,1.2520255208651123,0.015297632102686469
A,2025-08-28,45,314.26216058978326,3.4728213013167606,0.042431996585188
A,2025-08-28,46,329.01420392177255,1.251770758255033,0.015294519334921304
A,2025-08-28,47,350.32276950908766,0.058977488889787676,0.0007206050614310531
A,2025-08-29,0,400.87514370670976,0.0,0.0
A,2025-08-29,1,348.3751394454641,0.0,0.0
A,2025-08-29,2,287.3894645021622,0.0,0.0
A,2025-08-29,3,254.32744139266075,0.0,0.0
A,2025-08-29,4,256.17612677531423,0.0,0.0
A,2025-08-29,5,234.32684593174665,0.0,0.0
A,2025-08-29,6,164.57878133636535,0.0,0.0
A,2025-08-29,7,111.83344738579943,0.0,0.0
A,2025-08-29,8,128.50466197094747,0.0,0.0
A,2025-08-29,9,282.9889121603945,0.0,0.0
A,2025-08-29,10,283.11955568552213,0.00023586449640321686,6.847966100607289e-06
A,2025-08-29,11,220.20785313266953,0.03907362747467804,0.001134443209786547
A,2025-08-29,12,226.1269854610372,0.8784788742745495,0.025505294959049723
A,2025-08-29,13,273.669013421879,3.3956961618071766,0.09858886164989045
A,2025-08-29,14,299.5096072275172,4.2372320394544944,0.12302157301786995
A,2025-08-29,15,304.1191603887968,2.2667899271485514,0.06581279003421744
A,2025-08-29,16,294.8747954227292,0.46469849516058376,0.013491812419376472
A,2025-08-29,17,302.0866400297453,0.019690638408906332,0.0005716876697414956
A,2025-08-29,18,312.1813999442085,0.00018510884527847397,5.3743531422487586e-06
A,2025-08-29,19,319.8604476758248,0.011040943138730717,0.00032055695319021914
A,2025-08-29,20,327.09500245800274,0.23576486090250043,0.006845073335728608
A,2025-08-29,21,329.47762339783503,0.6542656966963261,0.018995607139224983
A,2025-08-29,22,329.5590864311451,0.264839344501158,0.007689206645796185
A,2025-08-29,23,327.6148614553821,0.6319555867790587,0.018347867107367497
A,2025-08-29,24,325.97934558661603,1.7335419553224032,0.050330748056859255
A,2025-08-29,25,334.3786739725825,0.8566123279457515,0.02487043311981394
A,2025-08-29,26,340.37378050260565,0.6832694209460626,0.019837686059462376
A,2025-08-29,27,337.79211255555583,0.2535633478062998,0.007361825270920066
A,2025-08-29,28,335.93575209912655,0.41297770370794373,0.011990178082859907
A,2025-08-29,29,335.63987763515075,1.7125239121896005,0.04972052121445869
A,2025-08-29,30,331.73188826187965,3.3366372498990486,0.09687417617219896
A,2025-08-29,31,336.3331189672613,4.083159828375637,0.11854832123728005
A,2025-08-29,32,339.54662567054714,1.270875556708541,0.03689793446298351
A,2025-08-29,33,341.1208449791452,0.05832586556961753,0.0016934025947106099
A,2025-08-29,34,338.3504576651433,0.0004209733416816908,1.2222319242856047e-05
A,2025-08-29,35,334.74438912388626,0.011040943138730717,0.00032055695319021914
A,2025-08-29,36,338.6699369838468,0.23576486090250043,0.006845073335728608
A,2025-08-29,37,353.9209761189784,0.6540887983240237,0.01899047116464953
A,2025-08-29,38,355.4665074666169,0.23576486090250043,0.006845073335728608
A,2025-08-29,39,342.3894104210945,0.011040943138730717,0.00032055695319021914
A,2025-08-29,40,335.2166897533168,6.717659707686555e-05,1.950370091945114e-06
A,2025-08-29,41,326.40385732544013,0.0,0.0
A,2025-08-29,42,329.138272059096,0.00022112296537801578,6.4199682193193335e-06
A,2025-08-29,43,318.7751536547186,0.036461036746523554,0.001058590620634775
A,2025-08-29,44,324.6828126810767,0.7954423228698355,0.023094455270151717
A,2025-08-29,45,344.40804739494666,2.566940605845412,0.07452720743969492
A,2025-08-29,46,313.96502839183967,1.9244664897766626,0.05587395086887503
A,2025-08-29,47,251.76211340187183,0.4698455278916391,0.013641248668572399
A,2025-08-30,0,358.94171669089263,0.0,0.0
A,2025-08-30,1,366.2489109782562,0.0,0.0
A,2025-08-30,2,361.4721525305689,0.0,0.0
A,2025-08-30,3,347.72847866180507,0.0,0.0
A,2025-08-30,4,228.67751167063724,0.0,0.0
A,2025-08-30,5,204.9421431606978,0.0,0.0
A,2025-08-30,6,251.2427045068761,0.0,0.0
A,2025-08-30,7,192.7593731673432,0.0,0.0
A,2025-08-30,8,167.25212938052553,0.0,0.0
A,2025-08-30,9,196.17147418650777,0.0,0.0
A,2025-08-30,10,225.03704969327492,0.0,0.0
A,2025-08-30,11,186.97799497379197,0.0,0.0
A,2025-08-30,12,235.3299711543157,0.0,0.0
A,2025-08-30,13,273.97286178484393,0.0,0.0
A,2025-08-30,14,258.79249066304317,0.0,0.0
A,2025-08-30,15,278.8560425012965,0.0,0.0
A,2025-08-30,16,266.8798303294698,0.0,0.0
A,2025-08-30,17,276.33488823418924,0.00011958756037042211,1.958846197713712e-06
A,2025-08-30,18,276.9258821919981,0.019655051187522362,0.0003219500604016767
A,2025-08-30,19,276.55784960642325,0.41988875568624895,0.006877784695925454
A,2025-08-30,20,286.3357305505867,1.1945219264105225,0.01956628872089308
A,2025-08-30,21,292.33639623224474,1.1176964274825572,0.018307885790050077
A,2025-08-30,22,292.1312017879352,3.198802316924533,0.0523964343476582
A,2025-08-30,23,291.7751251271341,6.246925878510779,0.10232474821475478
A,2025-08-30,24,300.49436922440424,10.068266240570466,0.16491836593891018
A,2025-08-30,25,302.5674982401953,13.30459636632954,0.21792950640998426
A,2025-08-30,26,308.4345130156174,6.056174113903025,0.09920023118596275
A,2025-08-30,27,313.5612151204638,1.9004756491808172,0.03112982226340405
A,2025-08-30,28,314.54957914034924,3.618592818825637,0.059272609644973585
A,2025-08-30,29,311.7264034555425,3.6826538679513017,0.060321930678973006
A,2025-08-30,30,307.6764568640339,1.0342708078094658,0.016941372773291823
A,2025-08-30,31,314.5649882133994,0.04693439899453092,0.0007687862243166408
A,2025-08-30,32,318.27210328349025,0.04680127321977894,0.0007666056219456011
A,2025-08-30,33,305.1039171217483,1.012390656487507,0.0165829755362409
A,2025-08-30,34,310.2203375199238,3.2153414742952555,0.052667346016302304
A,2025-08-30,35,318.43481364900714,2.3063919480210147,0.03777873788732211
A,2025-08-30,36,323.41604378424626,0.9333156983732385,0.015287726427080074
A,2025-08-30,37,328.55743778260063,1.1865691365814,0.019436021893225224
A,2025-08-30,38,322.14217755893515,0.4198409669465944,0.006877001915587132
A,2025-08-30,39,317.2061798180215,0.019655051187522362,0.0003219500604016767
A,2025-08-30,40,297.76959936600406,0.00011958756037042211,1.958846197713712e-06
A,2025-08-30,41,286.07523666960395,0.0,0.0
A,2025-08-30,42,298.64028739772687,0.0,0.0
A,2025-08-30,43,318.86563963723125,0.0,0.0
A,2025-08-30,44,348.63121895624073,0.0,0.0
A,2025-08-30,45,322.7377022520867,0.0,0.0
A,2025-08-30,46,318.0989542292808,0.0,0.0
A,2025-08-30,47,279.94486181746544,0.0,0.0
A,2025-08-31,0,374.84535712291824,0.0,0.0
A,2025-08-31,1,394.46836969183516,0.0,0.0
A,2025-08-31,2,363.22242256268146,0.0,0.0
A,2025-08-31,3,316.4276940995838,0.0,0.0
A,2025-08-31,4,286.5683740946881,0.0,0.0
A,2025-08-31,5,264.1652057755124,0.0,0.0
A,2025-08-31,6,230.64076725493317,0.0,0.0
A,2025-08-31,7,246.25263084438419,0.0,0.0
A,2025-08-31,8,321.3005863417926,0.0,0.0
A,2025-08-31,9,277.0570837277592,0.0,0.0
A,2025-08-31,10,274.1479003031876,0.0,0.0
A,2025-08-31,11,299.6851478214389,0.0,0.0
A,2025-08-31,12,258.9138158826772,0.0,0.0
A,2025-08-31,13,234.99581089641157,0.0,0.0
A,2025-08-31,14,276.34075315242444,0.0,0.0
A,2025-08-31,15,301.1768131548292,0.0,0.0
A,2025-08-31,16,266.2357702296196,0.0,0.0
A,2025-08-31,17,260.07273176191893,0.0,0.0
A,2025-08-31,18,254.27882508993275,0.0,0.0
A,2025-08-31,19,275.12302056590994,0.0,0.0
A,2025-08-31,20,278.32355678765595,0.0,0.0
A,2025-08-31,21,272.829870203353,0.0,0.0
A,2025-08-31,22,275.2471783762347,0.0,0.0
A,2025-08-31,23,279.7644256309336,0.0002768102220789448,1.440999406957692e-05
A,2025-08-31,24,278.3807424742711,0.04549569426233365,0.0023683832178876007
A,2025-08-31,25,279.14646598534927,0.9715008849012956,0.050573717563160904
A,2025-08-31,26,280.4416597590641,2.695591683696605,0.14032523757374465
A,2025-08-31,27,279.49529195543477,1.025842964159083,0.0534026197400822
A,2025-08-31,28,283.8847879452816,1.2061329180163205,0.06278802879895055
A,2025-08-31,29,286.68952521318556,3.2579755116139797,0.16960142385130247
A,2025-08-31,30,287.6035767212912,1.9795124239737183,0.10304808137461054
A,2025-08-31,31,282.69040365667996,2.3268170815789864,0.12112782575269586
A,2025-08-31,32,276.2660160284687,0.8194392236624318,0.042657797333751454
A,2025-08-31,33,267.95883064548104,0.03835911477020288,0.001996872124885624
A,2025-08-31,34,266.80425893477906,0.00023338901077244367,1.214960284297662e-05
A,2025-08-31,35,268.7038403475765,0.0,0.0
A,2025-08-31,36,281.7743867527508,0.0,0.0
A,2025-08-31,37,274.87567981936013,0.0,0.0
A,2025-08-31,38,267.4216797966927,0.0,0.0
A,2025-08-31,39,264.2122164808884,0.0,0.0
A,2025-08-31,40,278.4048875672008,0.0,0.0
A,2025-08-31,41,279.77191668751215,0.0,0.0
A,2025-08-31,42,287.22551243593017,0.000283400941652253,1.4753089166471608e-05
A,2025-08-31,43,308.29752705867946,0.046578925078103496,0.002424773294503972
A,2025-08-31,44,278.97717777849033,0.9946318583513264,0.05177785369561711
A,2025-08-31,45,292.9870271635959,2.7594339313900274,0.14364869291344054
A,2025-08-31,46,324.7676246394681,0.9946318583513264,0.05177785369561711
A,2025-08-31,47,285.88015053940103,0.04686232601975575,0.0024395263836704435
B,2025-08-01,0,327.52362036971795,0.0,0.0
B,2025-08-01,1,343.0090686104498,0.0,0.0
B,2025-08-01,2,370.48759768707737,0.0,0.0
B,2025-08-01,3,311.8861569170382,0.0,0.0
B,2025-08-01,4,333.5697748652384,0.0,0.0
B,2025-08-01,5,354.6506943111319,0.0,0.0
B,2025-08-01,6,388.45321093538905,0.0,0.0
B,2025-08-01,7,376.9981079848266,0.0,0.0
B,2025-08-01,8,295.91820337267256,0.0,0.0
B,2025-08-01,9,238.25266518050896,2.8359792725728197e-05,1.3713281393527244e-07
B,2025-08-01,10,254.9462681400536,0.0051392893998334545,2.4850859237328322e-05
B,2025-08-01,11,261.05790725388664,0.1781211419719716,0.0008612987286688088
B,2025-08-01,12,296.55811903207774,1.9544900607981057,0.009450870266855375
B,2025-08-01,13,328.5298604727225,4.787127660645832,0.02314799311548511
B,2025-08-01,14,295.83170701129734,2.362625350250782,0.011424394588778829
B,2025-08-01,15,291.5885915665753,1.9919797252363014,0.00963215026518325
B,2025-08-01,16,302.6279459981642,1.3023121749953996,0.0062972862639178
B,2025-08-01,17,323.1787723872541,2.3756504528931486,0.011487377029955947
B,2025-08-01,18,341.74125268797815,3.0550090332101476,0.014772392357498323
B,2025-08-01,19,348.7685437772733,2.5238286395679026,0.012203887615877845
B,2025-08-01,20,354.77176076423325,2.2759727672942778,0.011005388968727
B,2025-08-01,21,355.86831194454965,4.882170254838717,0.02360756834974112
B,2025-08-01,22,360.425610681201,8.774221705799436,0.04242745087190433
B,2025-08-01,23,368.8083890367051,12.923180482934244,0.062489600038946026
B,2025-08-01,24,371.6054496374605,10.352048443145677,0.05005697843887791
B,2025-08-01,25,373.74106091642994,10.958766386059915,0.052990742432906295
B,2025-08-01,26,366.0549768633493,10.814047572093381,0.05229095952615036
B,2025-08-01,27,364.07869724651084,11.838574161306333,0.05724502303038817
B,2025-08-01,28,370.60906172339514,14.468408147835726,0.06996149589897226
B,2025-08-01,29,372.2676534398667,14.554826586714409,0.07037936932329301
B,2025-08-01,30,374.44874823585627,8.09020069890653,0.039119890539103835
B,2025-08-01,31,373.5689495106131,6.790322132479786,0.03283437190671509
B,2025-08-01,32,379.1548121167212,6.96194558153821,0.033664251262120505
B,2025-08-01,33,376.02811254068735,6.732598777196482,0.03255525258393514
B,2025-08-01,34,370.9341302351031,6.515957641667451,0.03150769173549929
B,2025-08-01,35,372.7186430411734,7.810204023601342,0.037765976131179144
B,2025-08-01,36,375.9399817836289,8.856203838468,0.042823872688311185
B,2025-08-01,37,369.1895186849764,6.226658807741866,0.030108797055693765
B,2025-08-01,38,365.01675041709535,7.780206340943107,0.03762092335613791
B,2025-08-01,39,356.8449312809672,5.771883176379304,0.027909744945508186
B,2025-08-01,40,361.24729219407374,4.262525504340161,0.020611297216948314
B,2025-08-01,41,363.45103731868096,3.1751697073226146,0.015353425213583089
B,2025-08-01,42,354.2461032025741,2.1665264788973033,0.010476165160647737
B,2025-08-01,43,345.19975126910555,2.449025994459986,0.011842181967580068
B,2025-08-01,44,341.11216884797636,0.8000898208618573,0.003868807138220623
B,2025-08-01,45,336.0819697113857,0.03702817866011116,0.00017904849953125556
B,2025-08-01,46,343.6441849336993,0.00022489975161565852,1.0874951058587886e-06
B,2025-08-01,47,337.5060993647742,0.0,0.0
B,2025-08-02,0,316.6886140057618,0.3195801121688064,0.0025278916907301155
B,2025-08-02,1,341.3507350734076,0.08863730088829204,0.0007011246566116236
B,2025-08-02,2,349.67325587165743,0.0039893460170064175,3.1555889318015414e-05
B,2025-08-02,3,306.75946056935527,2.4125657299205828e-05,1.9083493089160262e-07
B,2025-08-02,4,284.3804527412812,0.0,0.0
B,2025-08-02,5,270.7079111349857,0.0,0.0
B,2025-08-02,6,263.8147840162127,0.0,0.0
B,2025-08-02,7,176.10455022762946,0.0,0.0
B,2025-08-02,8,165.156960477508,0.0,0.0
B,2025-08-02,9,288.2799640610282,0.0,0.0
B,2025-08-02,10,277.0525548783667,7.800024540344741e-05,6.169851149127001e-07
B,2025-08-02,11,288.8001086263427,0.012819885373489479,0.0001014058149358138
B,2025-08-02,12,348.2066343342868,0.27375183930294333,0.0021653881876431192
B,2025-08-02,13,341.0189646098507,0.759477094776656,0.006007494722236201
B,2025-08-02,14,310.77339387205296,0.27375183930294333,0.0021653881876431192
B,2025-08-02,15,320.12442878177075,0.012897885618892924,0.0001020228000507265
B,2025-08-02,16,318.12884758543635,0.01303261331549888,0.00010308850161284844
B,2025-08-02,17,319.0851718077074,0.29603000537194024,0.002341609387730738
B,2025-08-02,18,309.14684162370344,1.2548143057112053,0.009925632215627752
B,2025-08-02,19,316.4163333310648,2.1161274176007963,0.016738653976858357
B,2025-08-02,20,324.81871407288725,3.0635957965074123,0.02423316740578677
B,2025-08-02,21,335.47505744420795,4.783541817225919,0.03783801041298259
B,2025-08-02,22,338.8943357653598,4.881300467401193,0.03861128531359509
B,2025-08-02,23,340.7811837836437,5.162813623647894,0.04083806583406549
B,2025-08-02,24,339.2825376468255,4.681583251536082,0.03703151400975847
B,2025-08-02,25,343.032722303141,7.715426577536357,0.0610293381632281
B,2025-08-02,26,343.69609517275217,10.057021493720994,0.07955144922798789
B,2025-08-02,27,342.30266506993115,11.451164010893224,0.09057917326543269
B,2025-08-02,28,345.53393020356384,11.006819699381593,0.08706439168133921
B,2025-08-02,29,349.10704689211286,7.671461065659954,0.06068156917536208
B,2025-08-02,30,342.30475399504024,4.110803124875073,0.03251661998325502
B,2025-08-02,31,338.4758977276487,3.6036703095055183,0.02850517877882829
B,2025-08-02,32,348.5607264115641,3.284162397913457,0.025977858197598014
B,2025-08-02,33,355.70515871845646,2.4247461793816543,0.01917984094001068
B,2025-08-02,34,353.46091081999583,1.9643756625641757,0.015538291419853694
B,2025-08-02,35,355.3485511431005,2.853152839108382,0.022568555049994478
B,2025-08-02,36,357.8697522938905,4.551120064492962,0.035999544891798255
B,2025-08-02,37,355.01158852101076,4.099108772049607,0.03242411717657115
B,2025-08-02,38,348.4656027017973,2.7805065706498353,0.021993920110565248
B,2025-08-02,39,340.87171957684166,3.6178830317495976,0.028617601990083955
B,2025-08-02,40,338.31177330318025,6.219832958090485,0.04919913177882961
B,2025-08-02,41,325.21658944914617,3.8115604975546216,0.030149598625192384
B,2025-08-02,42,319.7824245462282,2.9632335301277006,0.02343929779505797
B,2025-08-02,43,322.90822083095804,1.6975660126494219,0.013427816232743629
B,2025-08-02,44,321.34604240487397,0.9798310729388808,0.0077505036555373516
B,2025-08-02,45,319.9438375646499,0.532582029453214,0.004212745523337895
B,2025-08-02,46,303.92389124265503,0.7494476484440943,0.005928161393654995
B,2025-08-02,47,303.37470615185515,0.27827772358952435,0.002201188116504809
B,2025-08-03,0,292.8139032677984,0.0,0.0
B,2025-08-03,1,296.98382414540293,0.0,0.0
B,2025-08-03,2,328.7009439086649,0.0,0.0
B,2025-08-03,3,350.84554090055957,0.0,0.0
B,2025-08-03,4,394.9404156546265,0.0,0.0
B,2025-08-03,5,401.3213081784324,0.0,0.0
B,2025-08-03,6,335.147184944704,0.0,0.0
B,2025-08-03,7,229.41275591212306,0.0,0.0
B,2025-08-03,8,183.98699458354466,0.0,0.0
B,2025-08-03,9,258.5709594154133,0.0,0.0
B,2025-08-03,10,371.689338361891,0.0,0.0
B,2025-08-03,11,413.5719857104839,0.0,0.0
B,2025-08-03,12,321.3435717841426,0.0,0.0
B,2025-08-03,13,292.0560094955002,0.0,0.0
B,2025-08-03,14,291.3159024440021,0.0,0.0
B,2025-08-03,15,296.2296469268137,0.0,0.0
B,2025-08-03,16,285.89730108799716,0.0,0.0
B,2025-08-03,17,301.0724375339273,0.0,0.0
B,2025-08-03,18,309.5060171903121,0.0,0.0
B,2025-08-03,19,314.55281597114686,0.0,0.0
B,2025-08-03,20,313.00981215839136,0.0013889493284186512,7.122320332626295e-06
B,2025-08-03,21,318.4078378506655,0.2282835276711234,0.0011706031152243915
B,2025-08-03,22,316.54172459250384,4.876087172258246,0.02500383138539182
B,2025-08-03,23,317.64035942235273,13.75340047820533,0.07052534017219994
B,2025-08-03,24,316.73513875126514,9.867377092025482,0.05059840489086649
B,2025-08-03,25,317.24694898619634,16.334965874146725,0.08376321381763491
B,2025-08-03,26,313.8064732744901,17.447211189566833,0.08946663817070621
B,2025-08-03,27,317.4371971208663,22.48984053571339,0.11532447242506877
B,2025-08-03,28,321.64990756914744,14.505399019134044,0.07438147400557728
B,2025-08-03,29,324.6974992848106,3.267718842832484,0.016756363878378144
B,2025-08-03,30,322.75021854108854,0.28474663763678304,0.0014601373321490555
B,2025-08-03,31,321.3071008668884,3.065816074507615,0.015721037273849697
B,2025-08-03,32,322.0954967775731,8.644291551414428,0.04432660876684717
B,2025-08-03,33,321.9627173452235,6.128631289962402,0.03142668660012636
B,2025-08-03,34,322.25135409642866,8.717950657578942,0.04470432142978204
B,2025-08-03,35,319.2605380933297,4.764165555450635,0.024429914403152578
B,2025-08-03,36,319.45091056459694,7.759613464350856,0.0397901144553552
B,2025-08-03,37,314.3782266505671,15.306238992835986,0.07848805925759017
B,2025-08-03,38,309.3980532395462,20.368972902699053,0.10444898664861862
B,2025-08-03,39,318.487848220745,13.751558101951273,0.0705158927477431
B,2025-08-03,40,316.2254983606679,3.304121443986187,0.016943030865468802
B,2025-08-03,41,312.29741989677655,0.14494759288019235,0.0007432691508704642
B,2025-08-03,42,313.05073951286084,0.0008730538635774379,4.4768870662222426e-06
B,2025-08-03,43,318.7608325802976,0.0,0.0
B,2025-08-03,44,314.0653605197184,0.0,0.0
B,2025-08-03,45,299.6246455798141,0.0,0.0
B,2025-08-03,46,273.6196939304709,0.0,0.0
B,2025-08-03,47,273.96241471759515,0.0,0.0
B,2025-08-04,0,330.59647267862096,0.0,0.0
B,2025-08-04,1,320.3067556713605,0.0,0.0
B,2025-08-04,2,340.59391418735197,0.0,0.0
B,2025-08-04,3,332.08283253052156,0.0,0.0
B,2025-08-04,4,285.5133667226848,0.0,0.0
B,2025-08-04,5,285.4715464774587,0.0,0.0
B,2025-08-04,6,332.16564161229076,0.0,0.0
B,2025-08-04,7,397.9297610262709,0.0,0.0
B,2025-08-04,8,318.19838188041456,0.0,0.0
B,2025-08-04,9,294.2150055241897,0.0,0.0
B,2025-08-04,10,362.64380250213935,0.00033891014360513407,9.86407667278656e-07
B,2025-08-04,11,379.27140991443576,0.05570225030008238,0.00016212299282695097
B,2025-08-04,12,275.21103241111825,1.1894485035329083,0.003461923892974357
B,2025-08-04,13,293.20380239042134,3.2999189928726866,0.00960450862090623
B,2025-08-04,14,276.6937519673809,1.18977008304417,0.003462859859340468
B,2025-08-04,15,265.61432838993903,0.10855609007345597,0.00031595560533888734
B,2025-08-04,16,272.7623632705224,1.1291327975449283,0.003286373305402722
B,2025-08-04,17,285.7563707677703,3.1594959103824967,0.009195803222602748
B,2025-08-04,18,296.6162989347936,1.8026549541700405,0.00524667880794656
B,2025-08-04,19,305.2263468192136,3.6525303593271414,0.010630794089202875
B,2025-08-04,20,311.2738748221094,11.56790301598782,0.03366871262077332
B,2025-08-04,21,320.5675749023955,21.62437087449401,0.0629383499820246
B,2025-08-04,22,327.8123630131996,18.580948110237543,0.054080380971422516
B,2025-08-04,23,331.35788852339806,21.224810179770436,0.06177541715084407
B,2025-08-04,24,330.7498032088671,17.97957386903699,0.05233006404046854
B,2025-08-04,25,334.01603921082767,22.12381611981088,0.06439199965484298
B,2025-08-04,26,333.5512254936587,21.634210196346057,0.06296698760972273
B,2025-08-04,27,327.70776803200414,25.581717366171823,0.07445632014351183
B,2025-08-04,28,327.788832041233,18.689187050325323,0.05439541350265621
B,2025-08-04,29,330.6084494153759,14.52344144546966,0.04227089176113658
B,2025-08-04,30,331.5950168899883,11.540425078595648,0.03358873729800393
B,2025-08-04,31,331.6394414787558,8.286816401410578,0.02411901617558456
B,2025-08-04,32,335.52398051762054,7.2289889085600905,0.02104017899913933
B,2025-08-04,33,338.86278284595426,8.474273575406027,0.024664615642595315
B,2025-08-04,34,337.7161746739136,7.419533165442777,0.021594763509197496
B,2025-08-04,35,339.99861625148253,7.392756474152045,0.021516829183265057
B,2025-08-04,36,339.4873449507024,10.328609100781893,0.03006171223132734
B,2025-08-04,37,337.9251098649536,13.741174269589385,0.0399940807694663
B,2025-08-04,38,334.55145451484117,10.808875103705056,0.03145954017054841
B,2025-08-04,39,326.98103648941054,11.637190671597004,0.03387037632435456
B,2025-08-04,40,323.4650817357792,16.97414381594969,0.049403731111250564
B,2025-08-04,41,319.4151916698602,10.960678472689086,0.0319013682182183
B,2025-08-04,42,317.35267052731666,7.4133610290077145,0.021576799329553083
B,2025-08-04,43,321.3660558429943,2.1569393514555584,0.00627783368033303
B,2025-08-04,44,316.02250461555263,0.09831173425765179,0.0002861391147035009
B,2025-08-04,45,306.6710931244155,0.0005957683577058671,1.7340008466898475e-06
B,2025-08-04,46,289.59663792330485,0.0,0.0
B,2025-08-04,47,280.5506851706963,0.0,0.0
B,2025-08-05,0,287.0614465719287,0.0,0.0
B,2025-08-05,1,291.6353073868132,0.0,0.0
B,2025-08-05,2,296.9268455995693,0.0,0.0
B,2025-08-05,3,285.1965254029854,0.0,0.0
B,2025-08-05,4,295.4527502291682,0.0,0.0
B,2025-08-05,5,335.4856551209982,0.0,0.0
B,2025-08-05,6,300.70394667219887,0.0,0.0
B,2025-08-05,7,228.64801746722497,0.0,0.0
B,2025-08-05,8,181.87961618999705,0.0,0.0
B,2025-08-05,9,193.68079624354505,0.0,0.0
B,2025-08-05,10,180.0677514794827,0.00037083777893858404,2.8370512586302754e-06
B,2025-08-05,11,216.14933101716284,0.0609497802675113,0.00046628919878688864
B,2025-08-05,12,256.03711978623556,1.3015026240285248,0.009956994317513295
B,2025-08-05,13,276.18335118692926,3.6107937548777986,0.027623957290033682
B,2025-08-05,14,261.4654342761942,1.3016657032927568,0.009958241936440283
B,2025-08-05,15,263.17423947731646,0.08775299689117591,0.0006713440874100385
B,2025-08-05,16,270.99361575332114,0.5727183772613623,0.004381515275225322
B,2025-08-05,17,285.45357956463226,1.5878791813619237,0.012147884832364212
B,2025-08-05,18,292.0509781331605,0.5729920908601027,0.004383609289249549
B,2025-08-05,19,300.5002142624373,0.13282177328128172,0.001016137514736794
B,2025-08-05,20,305.9211339075777,2.27662739632026,0.017417072873883888
B,2025-08-05,21,313.06880286754387,6.703017341180287,0.05128065387201434
B,2025-08-05,22,317.9478414851209,6.057315549452807,0.046340787480398236
B,2025-08-05,23,320.4869838978578,9.274198395736313,0.07095117521930829
B,2025-08-05,24,326.23387552421764,6.020779971966003,0.0460612762979335
B,2025-08-05,25,329.34449099963734,4.800558063355632,0.03672611063185767
B,2025-08-05,26,329.41907586000343,3.491532881433595,0.026711565860879263
B,2025-08-05,27,325.5589454423025,7.043171866259739,0.053882966468825746
B,2025-08-05,28,324.2730918149657,6.807151089476464,0.05207731699116888
B,2025-08-05,29,326.44119543946755,3.903256423696455,0.02986140889231974
B,2025-08-05,30,324.2473336435444,3.369623583506659,0.02577891296852218
B,2025-08-05,31,323.84500602370133,4.298074225978908,0.032881916528033364
B,2025-08-05,32,329.86851086966317,5.009271464032175,0.03832284820745526
B,2025-08-05,33,332.0874459709844,4.539518019083132,0.03472905416076158
B,2025-08-05,34,333.9689076733951,4.929107943794629,0.03770956652769461
B,2025-08-05,35,333.3796810086588,5.040222016214474,0.03855963180397938
B,2025-08-05,36,329.0580064542344,5.4619057602088255,0.04178567419930187
B,2025-08-05,37,325.9725361293536,4.0646086159208386,0.031095815055961318
B,2025-08-05,38,323.0924208677931,4.458566995109081,0.03410974777533792
B,2025-08-05,39,322.11334096331456,4.9180987631760305,0.03762534207294817
B,2025-08-05,40,316.802937180543,8.38209123899304,0.06412621326662994
B,2025-08-05,41,311.42056635779863,7.031908113872967,0.053796794442401534
B,2025-08-05,42,309.16543945974314,3.0113457739168297,0.02303795029329145
B,2025-08-05,43,310.49005289902306,0.5672501458486586,0.004339681207357975
B,2025-08-05,44,313.002791235508,0.023610245950971043,0.00018062743818467907
B,2025-08-05,45,306.73802262539243,0.0001409956138672741,1.0786705306250525e-06
B,2025-08-05,46,295.77911502584504,0.0,0.0
B,2025-08-05,47,278.13468534059115,0.0,0.0
B,2025-08-06,0,323.5914853286302,0.0,0.0
B,2025-08-06,1,318.0304659894327,0.0,0.0
B,2025-08-06,2,292.7793430384262,0.0,0.0
B,2025-08-06,3,274.2340056046942,0.0,0.0
B,2025-08-06,4,334.97937375139946,0.0,0.0
B,2025-08-06,5,366.6291027879138,0.0,0.0
B,2025-08-06,6,368.95839672507907,0.0,0.0
B,2025-08-06,7,316.4850438205123,0.0,0.0
B,2025-08-06,8,298.72342327067565,0.0,0.0
B,2025-08-06,9,303.3078189753593,0.0,0.0
B,2025-08-06,10,383.9406560232605,0.0005009647421907734,2.0963183472600043e-06
B,2025-08-06,11,423.13774706495883,0.08233705596471846,0.0003445445687921949
B,2025-08-06,12,360.1072531383409,1.7588639173925529,0.007360076248558639
B,2025-08-06,13,291.57459629220597,4.98696562274563,0.02086827006307655
B,2025-08-06,14,264.53516882669135,4.08924478389939,0.01711170097407994
B,2025-08-06,15,297.55195342379113,6.615331914928649,0.02768227082375898
B,2025-08-06,16,311.4443483255365,3.7629660759269057,0.01574636728043142
B,2025-08-06,17,318.9626280943348,4.106658050023925,0.017184567877053886
B,2025-08-06,18,325.91169583131824,2.0870659732439534,0.008733458311897018
B,2025-08-06,19,332.3145921437261,4.563995842047963,0.01909832651827634
B,2025-08-06,20,339.46816760516293,16.78242608778021,0.07022711332038438
B,2025-08-06,21,351.5179078552093,27.916829270881983,0.11681972096868433
B,2025-08-06,22,358.35025084302447,14.290755337649257,0.05980056097263152
B,2025-08-06,23,360.2695425168213,14.806427212155803,0.061958422236413575
B,2025-08-06,24,361.4774864863815,7.870869013747978,0.03293614446846002
B,2025-08-06,25,361.59539075572445,9.36268686741716,0.03917874973393362
B,2025-08-06,26,354.47760228214656,9.873629564880522,0.04131682146011326
B,2025-08-06,27,356.4857346413031,9.748388590985194,0.04079274275897084
B,2025-08-06,28,360.4014468712661,7.090516100202486,0.02967070881554484
B,2025-08-06,29,365.0124679364946,9.53950497061981,0.03991865616377629
B,2025-08-06,30,362.6084204377545,6.925739464039791,0.028981190658883618
B,2025-08-06,31,361.48173945245964,6.741158311604363,0.028208799263200468
B,2025-08-06,32,360.79411365520684,6.232527380107752,0.026080401266532167
B,2025-08-06,33,362.7724723613743,3.8782776894356727,0.016228895950999075
B,2025-08-06,34,364.29147804597363,1.9810732621369365,0.008289925172223779
B,2025-08-06,35,362.72707452670113,5.6781412724241145,0.023760537868719032
B,2025-08-06,36,360.36062797112555,9.674508767527296,0.04048358800941734
B,2025-08-06,37,360.422970081982,5.0063381374423885,0.020949335564440542
B,2025-08-06,38,361.423107961712,6.71097679990727,0.02808250283674544
B,2025-08-06,39,363.11179984087175,8.673464234828211,0.0362946544506515
B,2025-08-06,40,360.40461617772485,8.840778805731617,0.03699479275422732
B,2025-08-06,41,353.48142091777413,3.997798177908474,0.01672903692252397
B,2025-08-06,42,350.7703131553241,3.8780255638396754,0.0162278409156479
B,2025-08-06,43,348.7794829701873,1.3550212512316002,0.0056701713127793206
B,2025-08-06,44,330.7402378965632,0.06342178635120208,0.00026539243812371773
B,2025-08-06,45,327.1786411630402,0.00038587824736316335,1.6147316999164902e-06
B,2025-08-06,46,322.29104788080076,0.0,0.0
B,2025-08-06,47,321.05286079503924,0.0,0.0
B,2025-08-07,0,304.7639794343973,0.0,0.0
B,2025-08-07,1,292.9930740108675,0.0,0.0
B,2025-08-07,2,288.77321695113324,0.0,0.0
B,2025-08-07,3,320.51143928619246,0.0,0.0
B,2025-08-07,4,373.3458950428978,0.0,0.0
B,2025-08-07,5,372.5702901453968,0.0,0.0
B,2025-08-07,6,291.943426116726,0.0,0.0
B,2025-08-07,7,270.3294449180285,0.0,0.0
B,2025-08-07,8,318.2718410709125,0.0,0.0
B,2025-08-07,9,466.79505557152953,0.0,0.0
B,2025-08-07,10,322.1793117323581,0.00019214207438793103,2.2733191875099064e-06
B,2025-08-07,11,267.0712839355788,0.031579892554657214,0.0003736358937140364
B,2025-08-07,12,271.4821998420411,0.6744636392812074,0.007979882268576351
B,2025-08-07,13,337.03257998606983,1.8899988842712798,0.022361425740161023
B,2025-08-07,14,308.15036675476614,1.083147739254952,0.012815207426067664
B,2025-08-07,15,298.9211106359771,1.1827382193000078,0.013993507129039792
B,2025-08-07,16,311.57224994824213,0.7785041045080671,0.009210831745056727
B,2025-08-07,17,320.0719247215448,1.0625750364450581,0.01257180253837895
B,2025-08-07,18,320.4557870225709,0.7607351217401256,0.00900059892854545
B,2025-08-07,19,326.2424499037876,1.1328574216991918,0.013403345007414672
B,2025-08-07,20,332.4690030110102,1.080297472240808,0.012781484636754494
B,2025-08-07,21,343.8445561641591,2.5931944096545227,0.030681247858856994
B,2025-08-07,22,349.0620653142725,4.474868105630982,0.052944174556835116
B,2025-08-07,23,345.993525289726,6.95667894996494,0.08230759342366574
B,2025-08-07,24,348.8994968548157,5.53314085090606,0.06546507475590016
B,2025-08-07,25,354.3905934197024,5.345418917293104,0.06324405223931595
B,2025-08-07,26,350.19120596114766,5.483627244129316,0.0648792570338476
B,2025-08-07,27,347.1437098789573,7.913869246734442,0.09363254177074724
B,2025-08-07,28,350.61117366548166,5.304565237624537,0.06276069400470344
B,2025-08-07,29,353.77501846954783,4.147871603630113,0.04907533206299197
B,2025-08-07,30,357.0811702347495,3.0952308340774266,0.03662106629844152
B,2025-08-07,31,358.0825497086389,3.022046602048457,0.03575519077677554
B,2025-08-07,32,355.68948916474494,2.3947409536799533,0.02833325588088042
B,2025-08-07,33,353.2165718046486,1.9119614378635654,0.02262127457674251
B,2025-08-07,34,355.29274411100334,0.9590336905991739,0.01134675836748687
B,2025-08-07,35,355.6305182275258,1.7725225312685264,0.020971510240338456
B,2025-08-07,36,353.8117022358452,2.684504424025528,0.031761577653060834
B,2025-08-07,37,353.72028720786193,2.3741827393212995,0.028090022412566175
B,2025-08-07,38,350.1365555725847,2.341188045369643,0.027699647368030753
B,2025-08-07,39,354.33561382049953,2.210985259928457,0.02615915972963313
B,2025-08-07,40,357.96555883119504,1.9009210871136804,0.022490651227970497
B,2025-08-07,41,347.4492898126182,0.5482980340444815,0.006487160322578327
B,2025-08-07,42,345.71414541204905,0.042676481685363754,0.0005049246240304276
B,2025-08-07,43,342.5625946280741,0.38006460926571006,0.004496715107763324
B,2025-08-07,44,333.5032637308116,1.0540053833522678,0.012470411123363773
B,2025-08-07,45,325.1601306067417,0.3799139095995235,0.00449493211232214
B,2025-08-07,46,324.5376392548524,0.01779148876318716,0.00021049909505016135
B,2025-08-07,47,314.8795258093659,0.00010824905599320057,1.280743204230933e-06
B,2025-08-08,0,315.40316603954886,0.0,0.0
B,2025-08-08,1,330.3155543343382,0.0,0.0
B,2025-08-08,2,356.7772032960063,0.0,0.0
B,2025-08-08,3,300.34438806122955,0.0,0.0
B,2025-08-08,4,321.22557441455024,0.0,0.0
B,2025-08-08,5,341.52636593839185,0.0,0.0
B,2025-08-08,6,374.0779747394923,0.0,0.0
B,2025-08-08,7,363.04678335904185,0.0,0.0
B,2025-08-08,8,284.96735022383575,0.0,0.0
B,2025-08-08,9,229.435803226853,1.0482542003463374e-05,1.3713281393527244e-07
B,2025-08-08,10,245.51163684185775,0.0018996195607887667,2.4850859237328322e-05
B,2025-08-08,11,251.3971064883465,0.06583836385842667,0.0008612987286688088
B,2025-08-08,12,285.58358493920326,0.7224320838946383,0.009450870266855375
B,2025-08-08,13,316.3721688672696,1.769451112142174,0.02314799311548511
B,2025-08-08,14,284.88405477724217,0.8732898618819246,0.011424394588778829
B,2025-08-08,15,280.79796155555044,0.7362892719908197,0.00963215026518325
B,2025-08-08,16,291.428789752996,0.48136959984288774,0.0062972862639178
B,2025-08-08,17,311.21910503020024,0.8781042900714565,0.011487377029955947
B,2025-08-08,18,329.09465565395743,1.1292134897210577,0.014772392357498323
B,2025-08-08,19,335.8618923367446,0.9328749324677952,0.012203887615877845
B,2025-08-08,20,341.64295216373415,0.8412607370806667,0.011005388968727
B,2025-08-08,21,342.698923985265,1.8045814107088909,0.02360756834974112
B,2025-08-08,22,347.0875737214438,3.2431882866090644,0.04242745087190433
B,2025-08-08,23,355.1601360317566,4.776755018657065,0.062489600038946026
B,2025-08-08,24,357.8536876238124,3.8263954774505784,0.05005697843887791
B,2025-08-08,25,359.9102677204063,4.050654744165303,0.052990742432906295
B,2025-08-08,26,352.50861759803894,3.997162778946554,0.05229095952615036
B,2025-08-08,27,350.6054728800285,4.375855356461296,0.05724502303038817
B,2025-08-08,28,356.89417239146064,5.347912715714158,0.06996149589897226
B,2025-08-08,29,358.4913856793193,5.379855294567976,0.07037936932329301
B,2025-08-08,30,360.59176611389967,2.990355728721528,0.039119890539103835
B,2025-08-08,31,359.7445255298282,2.509885656046827,0.03283437190671509
B,2025-08-08,32,365.12367573902424,2.573322297877501,0.033664251262120505
B,2025-08-08,33,362.1126839075882,2.4885495517180694,0.03255525258393514
B,2025-08-08,34,357.20721130345333,2.4084731624149542,0.03150769173549929
B,2025-08-08,35,358.92568580076545,2.8868614282482383,0.037765976131179144
B,2025-08-08,36,362.0278145483331,3.2734910873926575,0.042823872688311185
B,2025-08-08,37,355.5271614621687,2.301540533974876,0.030108797055693765
B,2025-08-08,38,351.508812124941,2.8757734780818667,0.03762092335613791
B,2025-08-08,39,343.63940220290874,2.133443231430602,0.027909744945508186
B,2025-08-08,40,347.87884779915356,1.5755440483013026,0.020611297216948314
B,2025-08-08,41,350.0010403563216,1.1736281060664622,0.015353425213583089
B,2025-08-08,42,341.13674727074726,0.8008064458120415,0.010476165160647737
B,2025-08-08,43,332.42516781976553,0.9052258633473944,0.011842181967580068
B,2025-08-08,44,328.4888519118734,0.295734712691295,0.003868807138220623
B,2025-08-08,45,323.6448020943391,0.0136866105429688,0.00017904849953125556
B,2025-08-08,46,330.9271673194724,8.312899588793048e-05,1.0874951058587886e-06
B,2025-08-08,47,325.0162299047135,0.0,0.0
B,2025-08-09,0,312.58244072853955,0.14329733232657269,0.0025278916907301155
B,2025-08-09,1,336.92479361378474,0.0397443028470148,0.0007011246566116236
B,2025-08-09,2,345.1394049041156,0.0017887929198256809,3.1555889318015414e-05
B,2025-08-09,3,302.7820283415516,1.0817764309986832e-05,1.9083493089160262e-07
B,2025-08-09,4,280.69318593102145,0.0,0.0
B,2025-08-09,5,267.19792201167957,0.0,0.0
B,2025-08-09,6,260.3941709333444,0.0,0.0
B,2025-08-09,7,173.82118490863263,0.0,0.0
B,2025-08-09,8,163.0155412168596,0.0,0.0
B,2025-08-09,9,284.54213632603916,0.0,0.0
B,2025-08-09,10,273.4603013305111,3.4974726716498773e-05,6.169851149127001e-07
B,2025-08-09,11,285.05553671546625,0.00574834072835901,0.0001014058149358138
B,2025-08-09,12,343.6917995293041,0.12274827749883169,0.0021653881876431192
B,2025-08-09,13,336.5973248742286,0.3405438495720424,0.006007494722236201
B,2025-08-09,14,306.74391712816896,0.12274827749883169,0.0021653881876431192
B,2025-08-09,15,315.97370685267157,0.0057833154550755075,0.0001020228000507265
B,2025-08-09,16,314.00400029097364,0.005843726346676733,0.00010308850161284844
B,2025-08-09,17,314.9479248474778,0.13273764055759849,0.002341609387730738
B,2025-08-09,18,305.13845469827453,0.5626493505911826,0.009925632215627752
B,2025-08-09,19,312.3136904353621,0.9488557086591813,0.016738653976858357
B,2025-08-09,20,320.6071262080848,1.3736934441481317,0.02423316740578677
B,2025-08-09,21,331.1252998112198,2.144904377275538,0.03783801041298259
B,2025-08-09,22,334.50024389157875,2.1887386249291083,0.03861128531359509
B,2025-08-09,23,336.36262710573584,2.3149670189027534,0.04083806583406549
B,2025-08-09,24,334.8834123612913,2.0991869189141736,0.03703151400975847
B,2025-08-09,25,338.58497225707106,3.4595395777898297,0.0610293381632281
B,2025-08-09,26,339.2397438577084,4.509493226662336,0.07955144922798789
B,2025-08-09,27,337.8643809199158,5.13461630531095,0.09057917326543269
B,2025-08-09,28,341.05374958504115,4.935375639044236,0.08706439168133921
B,2025-08-09,29,344.58053737001086,3.4398257710591627,0.06068156917536208
B,2025-08-09,30,337.86644276009645,1.8432533786807859,0.03251661998325502
B,2025-08-09,31,334.08723130654465,1.61585881684605,0.02850517877882829
B,2025-08-09,32,344.0413004613331,1.47259385871814,0.025977858197598014
B,2025-08-09,33,351.09309831367904,1.0872380534459154,0.01917984094001068
B,2025-08-09,34,348.87794925344804,0.8808113565715365,0.015538291419853694
B,2025-08-09,35,350.7411144994298,1.279332395841512,0.022568555049994478
B,2025-08-09,36,353.2296258459956,2.040688201508922,0.035999544891798255
B,2025-08-09,37,350.4085209226832,1.8380097183297006,0.03242411717657115
B,2025-08-09,38,343.9474101221954,1.246758352347557,0.021993920110565248
B,2025-08-09,39,336.45198901506734,1.6222316952108942,0.028617601990083955
B,2025-08-09,40,333.92523491351176,2.7889265835806247,0.04919913177882961
B,2025-08-09,41,320.99984274640195,1.709075222466968,0.030149598625192384
B,2025-08-09,42,315.63613703185246,1.3286917544595536,0.02343929779505797
B,2025-08-09,43,318.7214043534091,0.7611759048774217,0.013427816232743629
B,2025-08-09,44,317.179481077096,0.4393489254696181,0.0077505036555373516
B,2025-08-09,45,315.79545717483273,0.2388057991086936,0.004212745523337895
B,2025-08-09,46,299.98322490563515,0.3360467208414239,0.005928161393654995
B,2025-08-09,47,299.44116052914063,0.12477765016624986,0.002201188116504809
B,2025-08-10,0,291.36919452846047,0.0,0.0
B,2025-08-10,1,295.51854151573053,0.0,0.0
B,2025-08-10,2,327.0791728076554,0.0,0.0
B,2025-08-10,3,349.11451100942344,0.0,0.0
B,2025-08-10,4,392.9918269310501,0.0,0.0
B,2025-08-10,5,399.34123689514473,0.0,0.0
B,2025-08-10,6,333.49360886224827,0.0,0.0
B,2025-08-10,7,228.28086084265044,0.0,0.0
B,2025-08-10,8,183.07922478152034,0.0,0.0
B,2025-08-10,9,257.29520126104455,0.0,0.0
B,2025-08-10,10,369.8554676697638,0.0,0.0
B,2025-08-10,11,411.5314710510592,0.0,0.0
B,2025-08-10,12,319.7581010762779,0.0,0.0
B,2025-08-10,13,290.6150401132901,0.0,0.0
B,2025-08-10,14,289.87858466136913,0.0,0.0
B,2025-08-10,15,294.76808531723816,0.0,0.0
B,2025-08-10,16,284.48671803567123,0.0,0.0
B,2025-08-10,17,299.58698217533646,0.0,0.0
B,2025-08-10,18,307.9789515594715,0.0,0.0
B,2025-08-10,19,313.00085003938824,0.0,0.0
B,2025-08-10,20,311.46545922269695,0.0007573106231118879,7.122320332626295e-06
B,2025-08-10,21,316.83685170252534,0.12446929275931737,0.0011706031152243915
B,2025-08-10,22,314.97994562374475,2.658637388143604,0.02500383138539182
B,2025-08-10,23,316.07315992088564,7.498903000237882,0.07052534017219994
B,2025-08-10,24,315.1724055002047,5.380087913321922,0.05059840489086649
B,2025-08-10,25,315.68169052471717,8.906475514658066,0.08376321381763491
B,2025-08-10,26,312.2581897082352,9.512916063380656,0.08946663817070621
B,2025-08-10,27,315.87099999786955,12.262358893379622,0.11532447242506877
B,2025-08-10,28,320.0629254371979,7.908922625833828,0.07438147400557728
B,2025-08-10,29,323.0954807002322,1.7816907660968453,0.016756363878378144
B,2025-08-10,30,321.15780760654656,0.15525523441754335,0.0014601373321490555
B,2025-08-10,31,319.72181010216264,1.671605316498619,0.015721037273849697
B,2025-08-10,32,320.50631616182073,4.713212848891846,0.04432660876684717
B,2025-08-10,33,320.37419184729237,3.341574444842156,0.03142668660012636
B,2025-08-10,34,320.6614044993263,4.75337473417158,0.04470432142978204
B,2025-08-10,35,317.68534482428834,2.597613254555691,0.024429914403152578
B,2025-08-10,36,317.87477802057606,4.230851037946354,0.0397901144553552
B,2025-08-10,37,312.82712212161215,8.345572550412157,0.07848805925759017
B,2025-08-10,38,307.87152028991187,11.1059771911583,0.10444898664861862
B,2025-08-10,39,316.91646731101866,7.497898463153326,0.0705158927477431
B,2025-08-10,40,314.6652796142741,1.8015389175006054,0.016943030865468802
B,2025-08-10,41,310.7565818192043,0.07903121419673576,0.0007432691508704642
B,2025-08-10,42,311.50618464649983,0.0004760238202417581,4.4768870662222426e-06
B,2025-08-10,43,317.18810479842637,0.0,0.0
B,2025-08-10,44,312.5157996347928,0.0,0.0
B,2025-08-10,45,298.1463334533769,0.0,0.0
B,2025-08-10,46,272.2696871218297,0.0,0.0
B,2025-08-10,47,272.61071696562516,0.0,0.0
B,2025-08-11,0,338.86549332572173,0.0,0.0
B,2025-08-11,1,328.31840550716237,0.0,0.0
B,2025-08-11,2,349.1129951257319,0.0,0.0
B,2025-08-11,3,340.38903064719665,0.0,0.0
B,2025-08-11,4,292.65474940388543,0.0,0.0
B,2025-08-11,5,292.6118831327643,0.0,0.0
B,2025-08-11,6,340.47391098520575,0.0,0.0
B,2025-08-11,7,407.8829507362557,0.0,0.0
B,2025-08-11,8,326.15729616744335,0.0,0.0
B,2025-08-11,9,301.57403732405834,0.0,0.0
B,2025-08-11,10,371.71440469621785,0.0007328693317426886,9.86407667278656e-07
B,2025-08-11,11,388.75790895063767,0.12045219573465413,0.00016212299282695097
B,2025-08-11,12,282.0947286915977,2.5720986709153726,0.003461923892974357
B,2025-08-11,13,300.53754154417135,7.135842561057461,0.00960450862090623
B,2025-08-11,14,283.6145346648002,2.5727940639744693,0.003462859859340468
B,2025-08-11,15,272.2579877969084,0.23474490418742247,0.00031595560533888734
B,2025-08-11,16,279.58481238911463,2.4416702019684497,0.003286373305402722
B,2025-08-11,17,292.9038315702826,6.832187528690719,0.009195803222602748
B,2025-08-11,18,304.03539291448874,3.89811446058244,0.00524667880794656
B,2025-08-11,19,312.86079900630864,7.898339822866882,0.010630794089202875
B,2025-08-11,20,319.0595903711959,25.014776078430714,0.03366871262077332
B,2025-08-11,21,328.5857484605744,46.761180009444864,0.0629383499820246
B,2025-08-11,22,336.01174631625787,40.179992489575845,0.054080380971422516
B,2025-08-11,23,339.6459540299024,45.897158129728325,0.06177541715084407
B,2025-08-11,24,339.022659024898,38.879563020018836,0.05233006404046854
B,2025-08-11,25,342.37059152143905,47.84119519955938,0.06439199965484298
B,2025-08-11,26,341.89415168438694,46.78245685042048,0.06296698760972273
B,2025-08-11,27,335.90453516057005,55.3186632643847,0.07445632014351183
B,2025-08-11,28,335.98762677753655,40.41405157924149,0.05439541350265621
B,2025-08-11,29,338.87776962974885,31.40591990998813,0.04227089176113658
B,2025-08-11,30,339.88901355281587,24.955356972823385,0.03358873729800393
B,2025-08-11,31,339.9345493084352,17.91965720994171,0.02411901617558456
B,2025-08-11,32,343.91625010240443,15.63217971063255,0.02104017899913933
B,2025-08-11,33,347.3385639853712,18.325020154747758,0.024664615642595315
B,2025-08-11,34,346.16327635836865,16.04421825490145,0.021594763509197496
B,2025-08-11,35,348.5028073427839,15.986315544632074,0.021516829183265057
B,2025-08-11,36,347.97874790513055,22.33489021308481,0.03006171223132734
B,2025-08-11,37,346.37743752594315,29.71432220112884,0.0399940807694663
B,2025-08-11,38,342.9193988624813,23.373431641432013,0.03145954017054841
B,2025-08-11,39,335.15962629720246,25.16460575695306,0.03387037632435456
B,2025-08-11,40,331.5557289765605,36.70539129626361,0.049403731111250564
B,2025-08-11,41,327.40454132478925,23.701695742353213,0.0319013682182183
B,2025-08-11,42,325.29043151956404,16.0308714442794,0.021576799329553083
B,2025-08-11,43,329.40420134863723,4.664229533809672,0.00627783368033303
B,2025-08-11,44,323.92699492799113,0.21259220577303067,0.0002861391147035009
B,2025-08-11,45,314.341681925222,0.0012883071410634628,1.7340008466898475e-06
B,2025-08-11,46,296.8401531336038,0.0,0.0
B,2025-08-11,47,287.5679391342313,0.0,0.0
B,2025-08-12,0,299.2615807280649,0.0,0.0
B,2025-08-12,1,304.02983098890076,0.0,0.0
B,2025-08-12,2,309.54625999371154,0.0,0.0
B,2025-08-12,3,297.3174002621194,0.0,0.0
B,2025-08-12,4,308.0095154536201,0.0,0.0
B,2025-08-12,5,349.74382196580945,0.0,0.0
B,2025-08-12,6,313.48388816030536,0.0,0.0
B,2025-08-12,7,238.365576271959,0.0,0.0
B,2025-08-12,8,189.60951424591218,0.0,0.0
B,2025-08-12,9,201.91224538398703,0.0,0.0
B,2025-08-12,10,187.72064514207008,0.001014257173165358,2.8370512586302754e-06
B,2025-08-12,11,225.33569466041757,0.16670025372310784,0.00046628919878688864
B,2025-08-12,12,266.91871760316883,3.5596652964882733,0.009956994317513295
B,2025-08-12,13,287.9211654298723,9.875675227016202,0.027623957290033682
B,2025-08-12,14,272.57773588776814,3.560111325245147,0.009958241936440283
B,2025-08-12,15,274.35916544492756,0.2400081966254384,0.0006713440874100385
B,2025-08-12,16,282.5108658303653,1.5664092369541534,0.004381515275225322
B,2025-08-12,17,297.58537924594265,4.342917419109535,0.012147884832364212
B,2025-08-12,18,304.4631677748043,1.5671578553438708,0.004383609289249549
B,2025-08-12,19,313.27149710703475,0.36327322606846285,0.001016137514736794
B,2025-08-12,20,318.9228062653269,6.226673220704986,0.017417072873883888
B,2025-08-12,21,326.374251720732,18.333038881860617,0.05128065387201434
B,2025-08-12,22,331.46064986498266,16.567016887392292,0.046340787480398236
B,2025-08-12,23,334.1077060308441,25.36532894560359,0.07095117521930829
B,2025-08-12,24,340.09884100530815,16.46709052161642,0.0460612762979335
B,2025-08-12,25,343.3416578841607,13.129731455331646,0.03672611063185767
B,2025-08-12,26,343.4194126069843,9.54949164152778,0.026711565860879263
B,2025-08-12,27,339.39522634159454,19.26337604447108,0.053882966468825746
B,2025-08-12,28,338.0547238335181,18.61784913361084,0.05207731699116888
B,2025-08-12,29,340.31497203333373,10.675573124639877,0.02986140889231974
B,2025-08-12,30,338.0278709377766,9.216064501898554,0.02577891296852218
B,2025-08-12,31,337.60844436230775,11.755416686438041,0.032881916528033364
B,2025-08-12,32,343.88794864005837,13.700571525558086,0.03832284820745526
B,2025-08-12,33,346.20118865847365,12.415775778688909,0.03472905416076158
B,2025-08-12,34,348.1626126318656,13.481320871916935,0.03770956652769461
B,2025-08-12,35,347.5483437873312,13.785222608449844,0.03855963180397938
B,2025-08-12,36,343.0429977229469,14.938545668947215,0.04178567419930187
B,2025-08-12,37,339.82639466551757,11.116878265766395,0.031095815055961318
B,2025-08-12,38,336.82387427782186,12.19437126867441,0.03410974777533792
B,2025-08-12,39,335.8031834000592,13.451210292447263,0.03762534207294817
B,2025-08-12,40,330.2670870370169,22.925377747673274,0.06412621326662994
B,2025-08-12,41,324.6559650291178,19.232569200336318,0.053796794442401534
B,2025-08-12,42,322.304995059748,8.236159381652868,0.02303795029329145
B,2025-08-12,43,323.68590467483705,1.5514533903553056,0.004339681207357975
B,2025-08-12,44,326.30543458912,0.06457503166077551,0.00018062743818467907
B,2025-08-12,45,319.7744128181801,0.00038562902938057877,1.0786705306250525e-06
B,2025-08-12,46,308.3497507799374,0.0,0.0
B,2025-08-12,47,289.95543143921327,0.0,0.0
B,2025-08-13,0,318.8280901806776,0.0,0.0
B,2025-08-13,1,313.3489312541887,0.0,0.0
B,2025-08-13,2,288.46951485912894,0.0,0.0
B,2025-08-13,3,270.1971721559575,0.0,0.0
B,2025-08-13,4,330.04834436423516,0.0,0.0
B,2025-08-13,5,361.23217682261975,0.0,0.0
B,2025-08-13,6,363.52718262816995,0.0,0.0
B,2025-08-13,7,311.8262583132139,0.0,0.0
B,2025-08-13,8,294.3260958702274,0.0,0.0
B,2025-08-13,9,298.84300744987667,0.0,0.0
B,2025-08-13,10,378.2888971206874,0.00015096846209627647,2.0963183472600043e-06
B,2025-08-13,11,416.9089914188149,0.02481272166613871,0.0003445445687921949
B,2025-08-13,12,354.8063313894276,0.530043251116199,0.007360076248558639
B,2025-08-13,13,287.2825024633649,1.5028493368625209,0.02086827006307655
B,2025-08-13,14,260.6411061063074,1.232316257349341,0.01711170097407994
B,2025-08-13,15,293.1718705246281,1.9935664156438269,0.02768227082375898
B,2025-08-13,16,306.8597638573621,1.133990386067549,0.01574636728043142
B,2025-08-13,17,314.2673715627862,1.2375638402339126,0.017184567877053886
B,2025-08-13,18,321.11414626351274,0.6289487337895757,0.008733458311897018
B,2025-08-13,19,327.4227893998941,1.375385082540189,0.01909832651827634
B,2025-08-13,20,334.47106139016904,5.057475792880802,0.07022711332038438
B,2025-08-13,21,346.34342467931407,8.412889025280771,0.11681972096868433
B,2025-08-13,22,353.07519286552633,4.306597199005032,0.05980056097263152
B,2025-08-13,23,354.96623180381874,4.46199773577756,0.061958422236413575
B,2025-08-13,24,356.15639435852574,2.371929380040617,0.03293614446846002
B,2025-08-13,25,356.27256303020937,2.821496840838964,0.03917874973393362
B,2025-08-13,26,349.2595512291226,2.9754722142715164,0.04131682146011326
B,2025-08-13,27,351.23812308261154,2.9377301625300443,0.04079274275897084
B,2025-08-13,28,355.09619447379276,2.1367657660602775,0.02967070881554484
B,2025-08-13,29,359.63933947810784,2.874781942290513,0.03991865616377629
B,2025-08-13,30,357.2706805130905,2.0871094264901626,0.028981190658883618
B,2025-08-13,31,356.1605847192546,2.031484887738645,0.028208799263200468
B,2025-08-13,32,355.4830810467632,1.8782061776105807,0.026080401266532167
B,2025-08-13,33,357.4323175272568,1.1687401708071494,0.016228895950999075
B,2025-08-13,34,358.92896284504866,0.5970072512028677,0.008289925172223779
B,2025-08-13,35,357.38758796673557,1.71113889515367,0.023760537868719032
B,2025-08-13,36,355.05597644406964,2.9154660740861997,0.04048358800941734
B,2025-08-13,37,355.11740085430097,1.5086873500087503,0.020949335564440542
B,2025-08-13,38,356.10281630733067,2.02238952429106,0.02808250283674544
B,2025-08-13,39,357.7666499715241,2.6137958349181183,0.0362946544506515
B,2025-08-13,40,355.099317126802,2.664216994988435,0.03699479275422732
B,2025-08-13,41,348.2780340499734,1.2047583230124863,0.01672903692252397
B,2025-08-13,42,345.60683487024806,1.1686641913812994,0.0162278409156479
B,2025-08-13,43,343.64531049590744,0.4083430572611156,0.0056701713127793206
B,2025-08-13,44,325.8716102723561,0.019112501823917657,0.00026539243812371773
B,2025-08-13,45,322.3624416569036,0.00011628651810118597,1.6147316999164902e-06
B,2025-08-13,46,317.5467956884266,0.0,0.0
B,2025-08-13,47,316.326835208197,0.0,0.0
B,2025-08-14,0,306.0097043935132,0.0,0.0
B,2025-08-14,1,294.1906853093575,0.0,0.0
B,2025-08-14,2,289.9535795535242,0.0,0.0
B,2025-08-14,3,321.82153210077627,0.0,0.0
B,2025-08-14,4,374.87194907560047,0.0,0.0
B,2025-08-14,5,374.0931738874995,0.0,0.0
B,2025-08-14,6,293.13674697189515,0.0,0.0
B,2025-08-14,7,271.4344184695069,0.0,0.0
B,2025-08-14,8,319.57277951167447,0.0,0.0
B,2025-08-14,9,468.70308372038266,0.0,0.0
B,2025-08-14,10,323.4962219875681,0.00028323465622720923,2.2733191875099064e-06
B,2025-08-14,11,268.16293973059464,0.04655159490654677,0.0003736358937140364
B,2025-08-14,12,272.59188528756704,0.9942199157477425,0.007979882268576351
B,2025-08-14,13,338.4102030821557,2.786027922107254,0.022361425740161023
B,2025-08-14,14,309.4099335964235,1.5966569453797113,0.012815207426067664
B,2025-08-14,15,300.14295282683224,1.7434622480127708,0.013993507129039792
B,2025-08-14,16,312.84580376207776,1.1475848957820136,0.009210831745056727
B,2025-08-14,17,321.3802210171827,1.566330935698664,0.01257180253837895
B,2025-08-14,18,321.76565235812666,1.1213918209866203,0.00900059892854545
B,2025-08-14,19,327.5759682655129,1.6699334771498,0.013403345007414672
B,2025-08-14,20,333.82797245336957,1.5924553960809518,0.012781484636754494
B,2025-08-14,21,345.250023261894,3.8226012157332803,0.030681247858856994
B,2025-08-14,22,350.48885901820535,6.5963570633757325,0.052944174556835116
B,2025-08-14,23,347.40777631422634,10.254768910729254,0.08230759342366574
B,2025-08-14,24,350.3256260590006,8.156346035897405,0.06546507475590016
B,2025-08-14,25,355.83916752061197,7.879627063738166,0.06324405223931595
B,2025-08-14,26,351.62261503560023,8.0833585372527,0.0648792570338476
B,2025-08-14,27,348.56266229124316,11.665753285250815,0.09363254177074724
B,2025-08-14,28,352.04429936094795,7.819405074601205,0.06276069400470344
B,2025-08-14,29,355.22107640341875,6.114334881993821,0.04907533206299197
B,2025-08-14,30,358.54074208775285,4.5626479469758685,0.03662106629844152
B,2025-08-14,31,359.546214707448,4.454767823031085,0.03575519077677554
B,2025-08-14,32,357.14337251135964,3.530063016803596,0.02833325588088042
B,2025-08-14,33,354.66034708375804,2.818402696536011,0.02262127457674251
B,2025-08-14,34,356.74500575935576,1.413701702411883,0.01134675836748687
B,2025-08-14,35,357.08416053001025,2.6128572380519604,0.020971510240338456
B,2025-08-14,36,355.2579101148749,3.957200369056972,0.031761577653060834
B,2025-08-14,37,355.16612142730685,3.49975836439955,0.028090022412566175
B,2025-08-14,38,351.56774126318084,3.451121225300846,0.027699647368030753
B,2025-08-14,39,355.7839631919017,3.2591906380427753,0.02615915972963313
B,2025-08-14,40,359.42874562895065,2.8021282290138267,0.022490651227970497
B,2025-08-14,41,348.869491285082,0.8082404943182919,0.006487160322578327
B,2025-08-14,42,347.1272544692889,0.0629089628476502,0.0005049246240304276
B,2025-08-14,43,343.9628216988049,0.5602493326483188,0.004496715107763324
B,2025-08-14,44,334.86646072130605,1.5536984981887911,0.012470411123363773
B,2025-08-14,45,326.4892249805516,0.5600271878199053,0.00449493211232214
B,2025-08-14,46,325.8641891907819,0.026226250651575644,0.00021049909505016135
B,2025-08-14,47,316.16659813708407,0.00015956882040969533,1.280743204230933e-06
B,2025-08-15,0,310.1841345854388,0.0,0.0
B,2025-08-15,1,324.8497649781319,0.0,0.0
B,2025-08-15,2,350.8735483977615,0.0,0.0
B,2025-08-15,3,295.3745368449597,0.0,0.0
B,2025-08-15,4,315.9101985488434,0.0,0.0
B,2025-08-15,5,335.8750693181896,0.0,0.0
B,2025-08-15,6,367.888040944692,0.0,0.0
B,2025-08-15,7,357.03938462092407,0.0,0.0
B,2025-08-15,8,280.25194554706053,0.0,0.0
B,2025-08-15,9,225.63928878859969,2.9180573756974987e-05,1.3713281393527244e-07
B,2025-08-15,10,241.44911276793314,0.005288029247626637,2.4850859237328322e-05
B,2025-08-15,11,247.2371945169162,0.18327627325267304,0.0008612987286688088
B,2025-08-15,12,280.8579833186148,2.0110563546063154,0.009450870266855375
B,2025-08-15,13,311.1371031535783,4.925675343839946,0.02314799311548511
B,2025-08-15,14,280.17002840481695,2.4310037791830004,0.011424394588778829
B,2025-08-15,15,276.151548483639,2.049631034218503,0.00963215026518325
B,2025-08-15,16,286.6064665041438,1.340003322470827,0.0062972862639178
B,2025-08-15,17,306.06930796675243,2.4444058506305444,0.011487377029955947
B,2025-08-15,18,323.649068722144,3.143426233187483,0.014772392357498323
B,2025-08-15,19,330.3043267537706,2.5968725681152165,0.012203887615877845
B,2025-08-15,20,335.9897263708327,2.3418433218887995,0.011005388968727
B,2025-08-15,21,337.02822484160293,5.023468633682423,0.02360756834974112
B,2025-08-15,22,341.34425482160805,9.028162727503046,0.04242745087190433
B,2025-08-15,23,349.28323902887956,13.297199486047349,0.062489600038946026
B,2025-08-15,24,351.9322199507714,10.651654476195894,0.05005697843887791
B,2025-08-15,25,353.95476945614837,11.275931876743591,0.052990742432906295
B,2025-08-15,26,346.6755957352897,11.12702465214525,0.05229095952615036
B,2025-08-15,27,344.80394268640146,12.181202797650117,0.05724502303038817
B,2025-08-15,28,350.9885819850978,14.887148689239847,0.06996149589897226
B,2025-08-15,29,352.55936590481497,14.976068225925115,0.07037936932329301
B,2025-08-15,30,354.624990976311,8.32434497975023,0.039119890539103835
B,2025-08-15,31,353.79176983063945,6.986845698653049,0.03283437190671509
B,2025-08-15,32,359.08191029877713,7.16343622461738,0.033664251262120505
B,2025-08-15,33,356.12074187676865,6.9274517304871095,0.03255525258393514
B,2025-08-15,34,351.29644098736236,6.704540629011936,0.03150769173549929
B,2025-08-15,35,352.9864795860525,8.036244720539289,0.037765976131179144
B,2025-08-15,36,356.03727686567214,9.11251756366935,0.042823872688311185
B,2025-08-15,37,349.64419122518353,6.40686899075931,0.030108797055693765
B,2025-08-15,38,345.69233421854324,8.0053788535066,0.03762092335613791
B,2025-08-15,39,337.9531408013866,5.938931372801655,0.027909744945508186
B,2025-08-15,40,342.12243554850517,4.385890301572762,0.020611297216948314
B,2025-08-15,41,344.20951181357435,3.267064563253474,0.015353425213583089
B,2025-08-15,42,335.4918977389084,2.2292294702333284,0.010476165160647737
B,2025-08-15,43,326.9244703195647,2.5199050061905433,0.011842181967580068
B,2025-08-15,44,323.0532893207306,0.8232457922262494,0.003868807138220623
B,2025-08-15,45,318.28939484431237,0.038099837644355594,0.00017904849953125556
B,2025-08-15,46,325.4512574960329,0.00023140873607275516,1.0874951058587886e-06
B,2025-08-15,47,319.6381293984038,0.0,0.0
B,2025-08-16,0,307.8279243022823,0.2558261781502547,0.0025278916907301155
B,2025-08-16,1,331.8000192921163,0.07095479682361557,0.0007011246566116236
B,2025-08-16,2,339.88968273117257,0.0031935001772282054,3.1555889318015414e-05
B,2025-08-16,3,298.17658049883164,1.9312762175133435e-05,1.9083493089160262e-07
B,2025-08-16,4,276.4237190980891,0.0,0.0
B,2025-08-16,5,263.13372407943035,0.0,0.0
B,2025-08-16,6,256.43346104791806,0.0,0.0
B,2025-08-16,7,171.17728822347843,0.0,0.0
B,2025-08-16,8,160.53600312558248,0.0,0.0
B,2025-08-16,9,280.21412526447295,0.0,0.0
B,2025-08-16,10,269.30084985404665,6.243975740832614e-05,6.169851149127001e-07
B,2025-08-16,11,280.7197166081357,0.010262410439645268,0.0001014058149358138
B,2025-08-16,12,338.46409607090317,0.21914031613294638,0.0021653881876431192
B,2025-08-16,13,331.47753149613993,0.6079668763829147,0.006007494722236201
B,2025-08-16,14,302.078207214198,0.21914031613294638,0.0021653881876431192
B,2025-08-16,15,311.16760777687256,0.010324850197053592,0.0001020228000507265
B,2025-08-16,16,309.2278613184379,0.01043270068712252,0.00010308850161284844
B,2025-08-16,17,310.157428367212,0.23697414829149352,0.002341609387730738
B,2025-08-16,18,300.49716457409374,1.0044878761066305,0.009925632215627752
B,2025-08-16,19,307.5632618192854,1.6939752165736335,0.016738653976858357
B,2025-08-16,20,315.730550785682,2.452430467899989,0.02423316740578677
B,2025-08-16,21,326.0887383414441,3.8292596270084167,0.03783801041298259
B,2025-08-16,22,329.4123480377271,3.9075161295352623,0.03861128531359509
B,2025-08-16,23,331.24640358394777,4.132869435699596,0.04083806583406549
B,2025-08-16,24,329.78968834646224,3.7476410619071716,0.03703151400975847
B,2025-08-16,25,333.43494588793754,6.176254463192112,0.0610293381632281
B,2025-08-16,26,334.0797581244998,8.050718033901294,0.07955144922798789
B,2025-08-16,27,332.72531506200335,9.16673914530436,0.09057917326543269
B,2025-08-16,28,335.8661720267517,8.811038328299883,0.08706439168133921
B,2025-08-16,29,339.3393158181034,6.141059754743488,0.06068156917536208
B,2025-08-16,30,332.72734554068785,3.290727465573385,0.03251661998325502
B,2025-08-16,31,329.00561755579264,2.8847639996677135,0.02850517877882829
B,2025-08-16,32,338.80828094001305,2.628995618598396,0.025977858197598014
B,2025-08-16,33,345.7528178449894,1.941026754906397,0.01917984094001068
B,2025-08-16,34,343.57136217639277,1.5724968452971817,0.015538291419853694
B,2025-08-16,35,345.4061878593901,2.2839693670365113,0.022568555049994478
B,2025-08-16,36,347.8568478536963,3.643204342412832,0.035999544891798255
B,2025-08-16,37,345.07865317725134,3.281366052033048,0.03242411717657115
B,2025-08-16,38,338.7158187142353,2.225815506677358,0.021993920110565248
B,2025-08-16,39,331.3344062593287,2.8961413860392824,0.028617601990083955
B,2025-08-16,40,328.84608519915884,4.979021014802047,0.04919913177882961
B,2025-08-16,41,316.11729393269815,3.0511815903075448,0.030149598625192384
B,2025-08-16,42,310.8351725415227,2.37208975187678,0.02343929779505797
B,2025-08-16,43,313.8735115899315,1.358913801696381,0.013427816232743629
B,2025-08-16,44,312.35504164493204,0.7843618206454978,0.0077505036555373516
B,2025-08-16,45,310.99206935504446,0.42633574480552766,0.004212745523337895
B,2025-08-16,46,295.42034809434904,0.5999382324638367,0.005928161393654995
B,2025-08-16,47,294.8865287554712,0.2227633190536498,0.002201188116504809
B,2025-08-17,0,291.31039824255714,0.0,0.0
B,2025-08-17,1,295.45890792033686,0.0,0.0
B,2025-08-17,2,327.01317049540506,0.0,0.0
B,2025-08-17,3,349.0440621185051,0.0,0.0
B,2025-08-17,4,392.91252390160224,0.0,0.0
B,2025-08-17,5,399.26065259873184,0.0,0.0
B,2025-08-17,6,333.42631216121805,0.0,0.0
B,2025-08-17,7,228.23479534563702,0.0,0.0
B,2025-08-17,8,183.0422806616705,0.0,0.0
B,2025-08-17,9,257.2432808710411,0.0,0.0
B,2025-08-17,10,369.7808333974098,0.0,0.0
B,2025-08-17,11,411.4484268498036,0.0,0.0
B,2025-08-17,12,319.693576105609,0.0,0.0
B,2025-08-17,13,290.5563960105257,0.0,0.0
B,2025-08-17,14,289.82008917021545,0.0,0.0
B,2025-08-17,15,294.7086031587089,0.0,0.0
B,2025-08-17,16,284.42931058586726,0.0,0.0
B,2025-08-17,17,299.52652759678915,0.0,0.0
B,2025-08-17,18,307.9168035396117,0.0,0.0
B,2025-08-17,19,312.93768863518875,0.0,0.0
B,2025-08-17,20,311.4026076497326,0.0009059477505975326,7.122320332626295e-06
B,2025-08-17,21,316.7729162197522,0.14889884329155825,0.0011706031152243915
B,2025-08-17,22,314.9163848517603,3.180447346091623,0.02500383138539182
B,2025-08-17,23,316.0093785458259,8.970710429359558,0.07052534017219994
B,2025-08-17,24,315.1088058911499,6.436036144670393,0.05059840489086649
B,2025-08-17,25,315.61798814547086,10.654546776461052,0.08376321381763491
B,2025-08-17,26,312.19517816774805,11.380013228692757,0.08946663817070621
B,2025-08-17,27,315.80725941728247,14.669088373312869,0.11532447242506877
B,2025-08-17,28,319.9983389550837,9.461204483151022,0.07438147400557728
B,2025-08-17,29,323.03028226946446,2.1313826751474947,0.016756363878378144
B,2025-08-17,30,321.09300018479195,0.18572713242962843,0.0014601373321490555
B,2025-08-17,31,319.657292454761,1.9996907875740433,0.015721037273849697
B,2025-08-17,32,320.44164020652846,5.6382737125689335,0.04432660876684717
B,2025-08-17,33,320.30954255377185,3.9974242528375132,0.03142668660012636
B,2025-08-17,34,320.59669724828143,5.686318158953989,0.04470432142978204
B,2025-08-17,35,317.6212381214785,3.107446024217963,0.024429914403152578
B,2025-08-17,36,317.81063309145895,5.061238894538053,0.0397901144553552
B,2025-08-17,37,312.76399577450354,9.983555556670659,0.07848805925759017
B,2025-08-17,38,307.80939394893835,13.285743983325652,0.10444898664861862
B,2025-08-17,39,316.85251576236703,8.969508732084526,0.0705158927477431
B,2025-08-17,40,314.6017823397115,2.155126417238247,0.016943030865468802
B,2025-08-17,41,310.69387329279147,0.09454264676008166,0.0007432691508704642
B,2025-08-17,42,311.44332485542697,0.0005694528718041633,4.4768870662222426e-06
B,2025-08-17,43,317.12409843521067,0.0,0.0
B,2025-08-17,44,312.45273611040625,0.0,0.0
B,2025-08-17,45,298.08616958776605,0.0,0.0
B,2025-08-17,46,272.2147449842687,0.0,0.0
B,2025-08-17,47,272.5557060106031,0.0,0.0
B,2025-08-18,0,339.8310684074949,0.0,0.0
B,2025-08-18,1,329.2539273513429,0.0,0.0
B,2025-08-18,2,350.1077697943129,0.0,0.0
B,2025-08-18,3,341.3589469490195,0.0,0.0
B,2025-08-18,4,293.48864999026165,0.0,0.0
B,2025-08-18,5,293.4456615745018,0.0,0.0
B,2025-08-18,6,341.4440691480057,0.0,0.0
B,2025-08-18,7,409.04518655332214,0.0,0.0
B,2025-08-18,8,327.0866600717672,0.0,0.0
B,2025-08-18,9,302.43335283857715,0.0,0.0
B,2025-08-18,10,372.7735806045947,0.0005642409682060677,9.86407667278656e-07
B,2025-08-18,11,389.8656492107655,0.09273694586490118,0.00016212299282695097
B,2025-08-18,12,282.89853918894556,1.9802758575636197,0.003461923892974357
B,2025-08-18,13,301.39390363168997,5.493932603296298,0.00960450862090623
B,2025-08-18,14,284.42267574996464,1.9808112453004971,0.003462859859340468
B,2025-08-18,15,273.03376914380914,0.18073166154352896,0.00031595560533888734
B,2025-08-18,16,280.3814710439564,1.8798581126632434,0.003286373305402722
B,2025-08-18,17,293.73844190001694,5.2601465761803325,0.009195803222602748
B,2025-08-18,18,304.9017219009376,3.001184225006359,0.00524667880794656
B,2025-08-18,19,313.75227541076447,6.0809843117294715,0.010630794089202875
B,2025-08-18,20,319.9687298266171,19.25904231848427,0.03366871262077332
B,2025-08-18,21,329.52203208103253,36.00174320331779,0.0629383499820246
B,2025-08-18,22,336.96918983239135,30.93484320174922,0.054080380971422516
B,2025-08-18,23,340.61375298345695,35.33652701695722,0.06177541715084407
B,2025-08-18,24,339.98868194006184,29.933633912172652,0.05233006404046854
B,2025-08-18,25,343.346154151498,36.83325407456466,0.06439199965484298
B,2025-08-18,26,342.86835673026076,36.01812438456316,0.06296698760972273
B,2025-08-18,27,336.86167318552054,42.590206423211065,0.07445632014351183
B,2025-08-18,28,336.94500156662036,31.115046850135393,0.05439541350265621
B,2025-08-18,29,339.8433796920483,24.1796264216383,0.04227089176113658
B,2025-08-18,30,340.8575050885994,19.213295154255015,0.03358873729800393
B,2025-08-18,31,340.90317059537904,13.796463156693177,0.02411901617558456
B,2025-08-18,32,344.8962169855966,12.035319030371681,0.02104017899913933
B,2025-08-18,33,348.32828252835895,14.108554781414801,0.024664615642595315
B,2025-08-18,34,347.14964599605656,12.352550243477115,0.021594763509197496
B,2025-08-18,35,349.49584332114705,12.307970562094544,0.021516829183265057
B,2025-08-18,36,348.9702906103681,17.19578038371494,0.03006171223132734
B,2025-08-18,37,347.3644174018848,22.87725410542703,0.0399940807694663
B,2025-08-18,38,343.8965252831994,17.99536033019642,0.03145954017054841
B,2025-08-18,39,336.11464175301916,19.374397183551995,0.03387037632435456
B,2025-08-18,40,332.50047536244045,28.259724655333102,0.049403731111250564
B,2025-08-18,41,328.33745917269397,18.248093042712355,0.0319013682182183
B,2025-08-18,42,326.21732534971466,12.342274445293636,0.021576799329553083
B,2025-08-18,43,330.3428170971222,3.5910213104893787,0.00627783368033303
B,2025-08-18,44,324.85000373466096,0.16367615183623777,0.0002861391147035009
B,2025-08-18,45,315.2373780087944,0.0009918762283201397,1.7340008466898475e-06
B,2025-08-18,46,297.68597975443373,0.0,0.0
B,2025-08-18,47,288.3873451871161,0.0,0.0
B,2025-08-19,0,283.95925632553565,0.0,0.0
B,2025-08-19,1,288.48368874598503,0.0,0.0
B,2025-08-19,2,293.7180428316907,0.0,0.0
B,2025-08-19,3,282.11448882170373,0.0,0.0
B,2025-08-19,4,292.259877584735,0.0,0.0
B,2025-08-19,5,331.86015842142535,0.0,0.0
B,2025-08-19,6,297.45432586258363,0.0,0.0
B,2025-08-19,7,226.17708429903237,0.0,0.0
B,2025-08-19,8,179.91409564343724,0.0,0.0
B,2025-08-19,9,191.58774374835457,0.0,0.0
B,2025-08-19,10,178.12181123219278,0.00018206095559957723,2.8370512586302754e-06
B,2025-08-19,11,213.81346754802294,0.02992299023807149,0.00046628919878688864
B,2025-08-19,12,253.27020049003394,0.6389662135400538,0.009956994317513295
B,2025-08-19,13,273.19871737943,1.7727011615904156,0.027623957290033682
B,2025-08-19,14,258.6398527511694,0.6390462764904077,0.009958241936440283
B,2025-08-19,15,260.3301913874108,0.043081895583729435,0.0006713440874100385
B,2025-08-19,16,268.0650659196043,0.28117322715092447,0.004381515275225322
B,2025-08-19,17,282.36876507317635,0.7795613541933757,0.012147884832364212
B,2025-08-19,18,288.89486745848234,0.2813076054752956,0.004383609289249549
B,2025-08-19,19,297.252795130205,0.0652081862781984,0.001016137514736794
B,2025-08-19,20,302.6151324604771,1.1176988507066012,0.017417072873883888
B,2025-08-19,21,309.6855586238335,3.2908128886672277,0.05128065387201434
B,2025-08-19,22,314.5118708784943,2.973808818664604,0.046340787480398236
B,2025-08-19,23,317.0235735116263,4.553121386878583,0.07095117521930829
B,2025-08-19,24,322.70836013794775,2.9558718593567677,0.0460612762979335
B,2025-08-19,25,325.7853600892232,2.3568100071339497,0.03672611063185767
B,2025-08-19,26,325.8591389325183,1.7141506313638606,0.026711565860879263
B,2025-08-19,27,322.04072383073526,3.4578100540173673,0.053882966468825746
B,2025-08-19,28,320.7687660526275,3.3419368323474843,0.05207731699116888
B,2025-08-19,29,322.91343960667774,1.9162842482832778,0.02986140889231974
B,2025-08-19,30,320.7432862423344,1.6542998703637866,0.02577891296852218
B,2025-08-19,31,320.3453064610222,2.110118076586874,0.032881916528033364
B,2025-08-19,32,326.30371702767417,2.4592768088777435,0.03832284820745526
B,2025-08-19,33,328.4986727374369,2.2286537010368885,0.03472905416076158
B,2025-08-19,34,330.35980202596244,2.4199209289551353,0.03770956652769461
B,2025-08-19,35,329.7769429638216,2.4744718279040474,0.03855963180397938
B,2025-08-19,36,325.5019714996621,2.6814953561221193,0.04178567419930187
B,2025-08-19,37,322.4498449625372,1.9954993012601834,0.031095815055961318
B,2025-08-19,38,319.60085427580066,2.1889112000876505,0.03410974777533792
B,2025-08-19,39,318.6323550054211,2.4145160267104737,0.03762534207294817
B,2025-08-19,40,313.37933922447303,4.115145833474137,0.06412621326662994
B,2025-08-19,41,308.0551341305933,3.452280171034457,0.053796794442401534
B,2025-08-19,42,305.8243777384036,1.4784051689912752,0.02303795029329145
B,2025-08-19,43,307.13467646234767,0.2784886262473004,0.004339681207357975
B,2025-08-19,44,309.6202603604632,0.011591332339650137,0.00018062743818467907
B,2025-08-19,45,303.4231932975609,6.922109249358925e-05,1.0786705306250525e-06
B,2025-08-19,46,292.5827154511985,0.0,0.0
B,2025-08-19,47,275.12896402778165,0.0,0.0
B,2025-08-20,0,313.73618502252145,0.0,0.0
B,2025-08-20,1,308.34453205444527,0.0,0.0
B,2025-08-20,2,283.86245715022505,0.0,0.0
B,2025-08-20,3,265.88193640041146,0.0,0.0
B,2025-08-20,4,324.77724398485276,0.0,0.0
B,2025-08-20,5,355.46304906661584,0.0,0.0
B,2025-08-20,6,357.721402041819,0.0,0.0
B,2025-08-20,7,306.8461772536881,0.0,0.0
B,2025-08-20,8,289.62550451112764,0.0,0.0
B,2025-08-20,9,294.0702778881539,0.0,0.0
B,2025-08-20,10,372.2473617420749,0.0004832621722755015,2.0963183472600043e-06
B,2025-08-20,11,410.25066641776453,0.0794275148990959,0.0003445445687921949
B,2025-08-20,12,349.1398288302445,1.6967110175039746,0.007360076248558639
B,2025-08-20,13,282.69440216356935,4.810741429370974,0.02086827006307655
B,2025-08-20,14,256.4784873362419,3.944743313853674,0.01711170097407994
B,2025-08-20,15,288.48971294276424,6.381566210730334,0.02768227082375898
B,2025-08-20,16,301.95900115000336,3.6299943027905743,0.01574636728043142
B,2025-08-20,17,309.24830423595847,3.9615412481293553,0.017184567877053886
B,2025-08-20,18,315.9857312082725,2.013315411183308,0.008733458311897018
B,2025-08-20,19,322.193620949591,4.402718113931726,0.01909832651827634
B,2025-08-20,20,329.12932716034817,16.18938620663489,0.07022711332038438
B,2025-08-20,21,340.81208059473647,26.930333455189828,0.11681972096868433
B,2025-08-20,22,347.4363377861319,13.78576352045977,0.05980056097263152
B,2025-08-20,23,349.29717552440235,14.283213119738186,0.061958422236413575
B,2025-08-20,24,350.46833035978347,7.59273644816962,0.03293614446846002
B,2025-08-20,25,350.5826437374175,9.031837997413984,0.03917874973393362
B,2025-08-20,26,343.681634586235,9.52472553437845,0.04131682146011326
B,2025-08-20,27,345.628607278493,9.403910195482789,0.04079274275897084
B,2025-08-20,28,349.42506260063163,6.839958832538737,0.02967070881554484
B,2025-08-20,29,353.8956504363842,9.202407886779184,0.03991865616377629
B,2025-08-20,30,351.5648205936222,6.681004901401781,0.028981190658883618
B,2025-08-20,31,350.47245379755265,6.502946285346341,0.028208799263200468
B,2025-08-20,32,349.8057703273925,6.012288823572394,0.026080401266532167
B,2025-08-20,33,351.7238761528555,3.7412311546878656,0.016228895950999075
B,2025-08-20,34,353.19661900957726,1.9110681600275754,0.008289925172223779
B,2025-08-20,35,351.6798609543586,5.47749303433793,0.023760537868719032
B,2025-08-20,36,349.38548688066516,9.33264106022297,0.04048358800941734
B,2025-08-20,37,349.4459303005731,4.829429378334914,0.020949335564440542
B,2025-08-20,38,350.41560798713004,6.473831296452089,0.02808250283674544
B,2025-08-20,39,352.05286907670427,8.366970395854239,0.0362946544506515
B,2025-08-20,40,349.4281353827122,8.528372578839269,0.03699479275422732
B,2025-08-20,41,342.715792915428,3.856528152712528,0.01672903692252397
B,2025-08-20,42,340.08725463447723,3.740987938443395,0.0162278409156479
B,2025-08-20,43,338.15705716133243,1.307138922563704,0.0056701713127793206
B,2025-08-20,44,320.66721522579,0.06118065336822252,0.00026539243812371773
B,2025-08-20,45,317.2140904606888,0.00037224248405004853,1.6147316999164902e-06
B,2025-08-20,46,312.4753536896819,0.0,0.0
B,2025-08-20,47,311.2748768222623,0.0,0.0
B,2025-08-21,0,298.9476720548635,0.0,0.0
B,2025-08-21,1,287.4014099904528,0.0,0.0
B,2025-08-21,2,283.26208733574464,0.0,0.0
B,2025-08-21,3,314.39459748288954,0.0,0.0
B,2025-08-21,4,366.22072727049016,0.0,0.0
B,2025-08-21,5,365.4599245044528,0.0,0.0
B,2025-08-21,6,286.37179423660547,0.0,0.0
B,2025-08-21,7,265.170307843168,0.0,0.0
B,2025-08-21,8,312.1977411679184,0.0,0.0
B,2025-08-21,9,457.88644527089843,0.0,0.0
B,2025-08-21,10,316.03063920275093,0.00046920785166791335,2.2733191875099064e-06
B,2025-08-21,11,261.9743276532158,0.07711758910002156,0.0003736358937140364
B,2025-08-21,12,266.3010628675082,1.647029346504941,0.007979882268576351
B,2025-08-21,13,330.60043834730294,4.615346841490033,0.022361425740161023
B,2025-08-21,14,302.2694314306899,2.645029337763286,0.012815207426067664
B,2025-08-21,15,293.21631223782936,2.888227686367416,0.013993507129039792
B,2025-08-21,16,305.6260092540659,1.9010944872666948,0.009210831745056727
B,2025-08-21,17,313.9634708905033,2.594791128775577,0.01257180253837895
B,2025-08-21,18,314.34000732205385,1.857702917474245,0.00900059892854545
B,2025-08-21,19,320.01623389094334,2.766419581836871,0.013403345007414672
B,2025-08-21,20,326.12395554421977,2.638069031611463,0.012781484636754494
B,2025-08-21,21,337.2824104895236,6.332538991198008,0.030681247858856994
B,2025-08-21,22,342.4003454149242,10.927555856929287,0.052944174556835116
B,2025-08-21,23,339.3903673373055,16.988097975179734,0.08230759342366574
B,2025-08-21,24,342.2408795141496,13.511840859945854,0.06546507475590016
B,2025-08-21,25,347.6271805401036,13.053426920874662,0.06324405223931595
B,2025-08-21,26,343.50793683183736,13.390929429494966,0.0648792570338476
B,2025-08-21,27,340.5186010807492,19.325541266636158,0.09363254177074724
B,2025-08-21,28,343.91988960848073,12.953662892974577,0.06276069400470344
B,2025-08-21,29,347.02335360929135,10.129035664537797,0.04907533206299197
B,2025-08-21,30,350.26640869572714,7.558503855545843,0.03662106629844152
B,2025-08-21,31,351.2486772141994,7.379789139387684,0.03575519077677554
B,2025-08-21,32,348.9012873421708,5.847918847325192,0.02833325588088042
B,2025-08-21,33,346.47556469162384,4.668979043708128,0.02262127457674251
B,2025-08-21,34,348.5121140204566,2.3419448295050445,0.01134675836748687
B,2025-08-21,35,348.84344184339085,4.328471479132304,0.020971510240338456
B,2025-08-21,36,347.0593372795307,6.5555165759631535,0.031761577653060834
B,2025-08-21,37,346.9696668734114,5.7977160189021095,0.028090022412566175
B,2025-08-21,38,343.45432942564685,5.7171435075726,0.027699647368030753
B,2025-08-21,39,347.573250206136,5.399190402128899,0.02615915972963313
B,2025-08-21,40,351.1339190642094,4.642018684955286,0.022490651227970497
B,2025-08-21,41,340.81834913484715,1.3389349701114248,0.006487160322578327
B,2025-08-21,42,339.11631932085197,0.10421528107324499,0.0005049246240304276
B,2025-08-21,43,336.02491471332416,0.9281116557976022,0.004496715107763324
B,2025-08-21,44,327.1384777822357,2.5738641739166987,0.012470411123363773
B,2025-08-21,45,318.954570255784,0.9277436496394313,0.00449493211232214
B,2025-08-21,46,318.3439589201959,0.043446529070434683,0.00021049909505016135
B,2025-08-21,47,308.87016698347037,0.00026434245164389485,1.280743204230933e-06
B,2025-08-22,0,311.80321020118527,0.0,0.0
B,2025-08-22,1,326.5453911388961,0.0,0.0
B,2025-08-22,2,352.7050115291061,0.0,0.0
B,2025-08-22,3,296.9163104458476,0.0,0.0
B,2025-08-22,4,317.5591626388981,0.0,0.0
B,2025-08-22,5,337.62824452619,0.0,0.0
B,2025-08-22,6,369.8083150335469,0.0,0.0
B,2025-08-22,7,358.90303171645803,0.0,0.0
B,2025-08-22,8,281.71478339306185,0.0,0.0
B,2025-08-22,9,226.81706363166268,3.109221889651408e-05,1.3713281393527244e-07
B,2025-08-22,10,242.7094105309011,0.005634452710480917,2.4850859237328322e-05
B,2025-08-22,11,248.5277044699249,0.1952828636601891,0.0008612987286688088
B,2025-08-22,12,282.32398451460324,2.142802431213306,0.009450870266855375
B,2025-08-22,13,312.7611530023665,5.24836068266912,0.02314799311548511
B,2025-08-22,14,281.6324386659333,2.590260982190036,0.011424394588778829
B,2025-08-22,15,277.5929833880968,2.183904172130184,0.00963215026518325
B,2025-08-22,16,288.1024731965954,1.4277881227184677,0.0062972862639178
B,2025-08-22,17,307.6669053226574,2.604541035165833,0.011487377029955947
B,2025-08-22,18,325.3384275796737,3.349354859890245,0.014772392357498323
B,2025-08-22,19,332.0284242223189,2.7669959818693153,0.012203887615877845
B,2025-08-22,20,337.7435000570188,2.4952595446517507,0.011005388968727
B,2025-08-22,21,338.7874192033283,5.352560497234649,0.02360756834974112
B,2025-08-22,22,343.12597766921743,9.61960563540248,0.04242745087190433
B,2025-08-22,23,351.10640118401824,14.16831075955026,0.062489600038946026
B,2025-08-22,24,353.76920905557967,11.349453761331697,0.05005697843887791
B,2025-08-22,25,355.8023157114381,12.014628125332548,0.052990742432906295
B,2025-08-22,26,348.48514671177514,11.85596585703574,0.05229095952615036
B,2025-08-22,27,346.60372415028235,12.979204143196032,0.05724502303038817
B,2025-08-22,28,352.82064556003536,15.86241893822111,0.06996149589897226
B,2025-08-22,29,354.39962853850005,15.957163672228752,0.07037936932329301
B,2025-08-22,30,356.4760356030499,8.86968016585439,0.039119890539103835
B,2025-08-22,31,355.6384652728488,7.444560126469848,0.03283437190671509
B,2025-08-22,32,360.95621881490234,7.632719253636466,0.033664251262120505
B,2025-08-22,33,357.97959391059305,7.381275207032425,0.03255525258393514
B,2025-08-22,34,353.13011150136634,7.143761002573969,0.03150769173549929
B,2025-08-22,35,354.82897163533084,8.56270620440554,0.037765976131179144
B,2025-08-22,36,357.89569323516315,9.709486631331677,0.042823872688311185
B,2025-08-22,37,351.46923745121535,6.826588632595387,0.030108797055693765
B,2025-08-22,38,347.49675284115193,8.529818287183499,0.03762092335613791
B,2025-08-22,39,339.7171629692765,6.327996008316533,0.027909744945508186
B,2025-08-22,40,343.9082202848415,4.673213845906743,0.020611297216948314
B,2025-08-22,41,346.0061905122776,3.4810928460733437,0.015353425213583089
B,2025-08-22,42,337.2430728969659,2.375268260189274,0.010476165160647737
B,2025-08-22,43,328.630925869887,2.6849862070368062,0.011842181967580068
B,2025-08-22,44,324.73953837413535,0.8771773506137587,0.003868807138220623
B,2025-08-22,45,319.9507776827089,0.04059579163267125,0.00017904849953125556
B,2025-08-22,46,327.150023281814,0.00024656852659793725,1.0874951058587886e-06
B,2025-08-22,47,321.30655225911346,0.0,0.0
B,2025-08-23,0,313.2487934094923,0.6843518496711332,0.0025278916907301155
B,2025-08-23,1,337.6430384997762,0.1898087474877614,0.0007011246566116236
B,2025-08-23,2,345.8751614207781,0.008542822978528859,3.1555889318015414e-05
B,2025-08-23,3,303.4274888346601,5.1662908824947015e-05,1.9083493089160262e-07
B,2025-08-23,4,281.29155817654606,0.0,0.0
B,2025-08-23,5,267.76752550975993,0.0,0.0
B,2025-08-23,6,260.9492704248625,0.0,0.0
B,2025-08-23,7,174.19173103496107,0.0,0.0
B,2025-08-23,8,163.36305223722798,0.0,0.0
B,2025-08-23,9,285.1487136339102,0.0,0.0
B,2025-08-23,10,274.04325475713676,0.00016703045710321214,6.169851149127001e-07
B,2025-08-23,11,285.66320847293304,0.027452622781749484,0.0001014058149358138
B,2025-08-23,12,344.4244700897618,0.5862147563140202,0.0021653881876431192
B,2025-08-23,13,337.31487167343045,1.626351374201673,0.006007494722236201
B,2025-08-23,14,307.39782344186943,0.5862147563140202,0.0021653881876431192
B,2025-08-23,15,316.6472889201131,0.027619653238852696,0.0001020228000507265
B,2025-08-23,16,314.6733834045487,0.02790816039203097,0.00010308850161284844
B,2025-08-23,17,315.6193201875151,0.6339214300902204,0.002341609387730738
B,2025-08-23,18,305.78893854143627,2.6870711236676312,0.009925632215627752
B,2025-08-23,19,312.9794702035244,4.531495100076685,0.016738653976858357
B,2025-08-23,20,321.29058564228524,6.560412773361556,0.02423316740578677
B,2025-08-23,21,331.8311815323626,10.243521314206811,0.03783801041298259
B,2025-08-23,22,335.2133202044292,10.452862604610587,0.03861128531359509
B,2025-08-23,23,337.07967358416823,11.055697517824543,0.04083806583406549
B,2025-08-23,24,335.59730549973324,10.025186285327417,0.03703151400975847
B,2025-08-23,25,339.30675625577544,16.521886839284374,0.0610293381632281
B,2025-08-23,26,339.9629236763778,21.53620015558057,0.07955144922798789
B,2025-08-23,27,338.58462878636567,24.521630018087244,0.09057917326543269
B,2025-08-23,28,341.7807964398014,23.570106941728824,0.08706439168133921
B,2025-08-23,29,345.3151025117555,16.42773867978169,0.06068156917536208
B,2025-08-23,30,338.58669502190753,8.802912368514793,0.03251661998325502
B,2025-08-23,31,334.79942717312736,7.716933401075906,0.02850517877882829
B,2025-08-23,32,344.77471607606356,7.032736162397013,0.025977858197598014
B,2025-08-23,33,351.84154671269994,5.192374211216067,0.01917984094001068
B,2025-08-23,34,349.6216754725808,4.2065324684993595,0.015538291419853694
B,2025-08-23,35,351.48881255125355,6.109768250556525,0.022568555049994478
B,2025-08-23,36,353.9826288221891,9.74581119292558,0.035999544891798255
B,2025-08-23,37,351.15550996276266,8.777869971688212,0.03242411717657115
B,2025-08-23,38,344.6806255846746,5.954202849900268,0.021993920110565248
B,2025-08-23,39,337.1692259921974,7.747368657796324,0.028617601990083955
B,2025-08-23,40,334.63708544165974,13.319208634817464,0.04919913177882961
B,2025-08-23,41,321.6841393604438,8.16211139965153,0.030149598625192384
B,2025-08-23,42,316.3089994793608,6.345496074797211,0.02343929779505797
B,2025-08-23,43,319.40084386950264,3.635183781654848,0.013427816232743629
B,2025-08-23,44,317.8556335732705,2.098219449828534,0.0077505036555373516
B,2025-08-23,45,316.4686592556364,1.1404761531762442,0.004212745523337895
B,2025-08-23,46,300.62271900418665,1.6048742237548377,0.005928161393654995
B,2025-08-23,47,300.0794990731776,0.5959065273754285,0.002201188116504809
B,2025-08-24,0,283.23850813497694,0.0,0.0
B,2025-08-24,1,287.2720671812952,0.0,0.0
B,2025-08-24,2,317.9519959136023,0.0,0.0
B,2025-08-24,3,339.3724358081457,0.0,0.0
B,2025-08-24,4,382.02535085882965,0.0,0.0
B,2025-08-24,5,388.1975799054795,0.0,0.0
B,2025-08-24,6,324.18743649121836,0.0,0.0
B,2025-08-24,7,221.91066068422313,0.0,0.0
B,2025-08-24,8,177.97038077943,0.0,0.0
B,2025-08-24,9,250.11535304343403,0.0,0.0
B,2025-08-24,10,359.53461400709466,0.0,0.0
B,2025-08-24,11,400.0476443631344,0.0,0.0
B,2025-08-24,12,310.8352194180624,0.0,0.0
B,2025-08-24,13,282.5053984738751,0.0,0.0
B,2025-08-24,14,281.7894938846905,0.0,0.0
B,2025-08-24,15,286.5425525377667,0.0,0.0
B,2025-08-24,16,276.5480878342088,0.0,0.0
B,2025-08-24,17,291.226977599081,0.0,0.0
B,2025-08-24,18,299.3847682417175,0.0,0.0
B,2025-08-24,19,304.26653014437466,0.0,0.0
B,2025-08-24,20,302.77398456134694,0.0005346198821997946,7.122320332626295e-06
B,2025-08-24,21,307.9954877990388,0.08786851339684242,0.0011706031152243915
B,2025-08-24,22,306.1903988693331,1.876852593749112,0.02500383138539182
B,2025-08-24,23,307.2531069126289,5.293815399209776,0.07052534017219994
B,2025-08-24,24,306.3774881337716,3.798047826961155,0.05059840489086649
B,2025-08-24,25,306.8725615089506,6.287484613507602,0.08376321381763491
B,2025-08-24,26,303.54459382373085,6.715598474352452,0.08946663817070621
B,2025-08-24,27,307.0565882823996,8.656554743853967,0.11532447242506877
B,2025-08-24,28,311.1315376248307,5.583266830691045,0.07438147400557728
B,2025-08-24,29,314.0794691312096,1.2577762392571474,0.016756363878378144
B,2025-08-24,30,312.19586699819416,0.1096017045081717,0.0014601373321490555
B,2025-08-24,31,310.7999411471944,1.1800619324720703,0.015721037273849697
B,2025-08-24,32,311.56255548712153,3.327270503222343,0.04432660876684717
B,2025-08-24,33,311.4341181147495,2.3589688055906453,0.03142668660012636
B,2025-08-24,34,311.71331606912224,3.3556225977551577,0.04470432142978204
B,2025-08-24,35,308.82030363572966,1.8337728928780808,0.024429914403152578
B,2025-08-24,36,309.00445067980763,2.9867494453165455,0.0397901144553552
B,2025-08-24,37,304.09765012144726,5.891517796828788,0.07848805925759017
B,2025-08-24,38,299.28033485243503,7.840212505210601,0.10444898664861862
B,2025-08-24,39,308.0728817260475,5.2931062509667415,0.0705158927477431
B,2025-08-24,40,305.88451364619726,1.2717879486423385,0.016943030865468802
B,2025-08-24,41,302.0848884524024,0.05579171496412931,0.0007432691508704642
B,2025-08-24,42,302.8135735381424,0.0003360467830970137,4.4768870662222426e-06
B,2025-08-24,43,308.3369391423142,0.0,0.0
B,2025-08-24,44,303.7950151196301,0.0,0.0
B,2025-08-24,45,289.8265303231953,0.0,0.0
B,2025-08-24,46,264.6719743848257,0.0,0.0
B,2025-08-24,47,265.0034877568637,0.0,0.0
B,2025-08-25,0,328.9529406245389,0.0,0.0
B,2025-08-25,1,318.71437806424467,0.0,0.0
B,2025-08-25,2,338.9006807089163,0.0,0.0
B,2025-08-25,3,330.4319111657166,0.0,0.0
B,2025-08-25,4,284.0939614692785,0.0,0.0
B,2025-08-25,5,284.05234912982036,0.0,0.0
B,2025-08-25,6,330.51430856922696,0.0,0.0
B,2025-08-25,7,395.9514872950939,0.0,0.0
B,2025-08-25,8,316.61648587305484,0.0,0.0
B,2025-08-25,9,292.7523408186257,0.0,0.0
B,2025-08-25,10,360.8409498921362,0.000450744014242085,9.86407667278656e-07
B,2025-08-25,11,377.38589457804784,0.07408292839953867,0.00016212299282695097
B,2025-08-25,12,273.8428443305261,1.5819437787064867,0.003461923892974357
B,2025-08-25,13,291.746164794645,4.388829197317069,0.00960450862090623
B,2025-08-25,14,275.3181926734839,1.5823714733109095,0.003462859859340468
B,2025-08-25,15,264.2938495015974,0.1443775252331918,0.00031595560533888734
B,2025-08-25,16,271.4063485388768,1.5017250424076316,0.003286373305402722
B,2025-08-25,17,284.33575744056293,4.202069181164761,0.009195803222602748
B,2025-08-25,18,295.14169640466787,2.397496639353101,0.00524667880794656
B,2025-08-25,19,303.70894017333137,4.8577955761111085,0.010630794089202875
B,2025-08-25,20,309.7264034086264,15.385089942496734,0.03366871262077332
B,2025-08-25,21,318.9739006548072,28.760000009871053,0.0629383499820246
B,2025-08-25,22,326.1826719219086,24.712305894834476,0.054080380971422516
B,2025-08-25,23,329.71057115564565,28.228591921705668,0.06177541715084407
B,2025-08-25,24,329.10550888518395,23.912489646618706,0.05233006404046854
B,2025-08-25,25,332.3555070745571,29.424252641478738,0.06439199965484298
B,2025-08-25,26,331.89300413897985,28.773086119899613,0.06296698760972273
B,2025-08-25,27,326.07859692570537,34.023195216810464,0.07445632014351183
B,2025-08-25,28,326.15925793215405,24.856261616647622,0.05439541350265621
B,2025-08-25,29,328.9648578199727,19.315899571799342,0.04227089176113658
B,2025-08-25,30,329.94652065886737,15.348544810883116,0.03358873729800393
B,2025-08-25,31,329.990724394596,11.021307448415861,0.02411901617558456
B,2025-08-25,32,333.8559517802722,9.614417098569612,0.02104017899913933
B,2025-08-25,33,337.178155538741,11.270621907423706,0.024664615642595315
B,2025-08-25,34,336.0372476310406,9.867837318821692,0.021594763509197496
B,2025-08-25,35,338.30834224575807,9.832224831121803,0.021516829183265057
B,2025-08-25,36,337.79961268646827,13.736852718837408,0.03006171223132734
B,2025-08-25,37,336.24514411867,18.27549917741955,0.0399940807694663
B,2025-08-25,38,332.88826060723574,14.375597324586966,0.03145954017054841
B,2025-08-25,39,325.35547826674383,15.47724120033307,0.03387037632435456
B,2025-08-25,40,321.8570027810898,22.57528689031461,0.049403731111250564
B,2025-08-25,41,317.8272463968308,14.577492904292765,0.0319013682182183
B,2025-08-25,42,315.77497890152836,9.859628495315862,0.021576799329553083
B,2025-08-25,43,319.7684120157858,2.868688117179948,0.00627783368033303
B,2025-08-25,44,314.45142579568915,0.13075272777324973,0.0002861391147035009
B,2025-08-25,45,305.1465040459944,0.000792360530299244,1.7340008466898475e-06
B,2025-08-25,46,288.15693303678586,0.0,0.0
B,2025-08-25,47,279.1559514636583,0.0,0.0
B,2025-08-26,0,284.0590343743963,0.0,0.0
B,2025-08-26,1,288.5850565970058,0.0,0.0
B,2025-08-26,2,293.82124993825994,0.0,0.0
B,2025-08-26,3,282.2136186532654,0.0,0.0
B,2025-08-26,4,292.3625723189127,0.0,0.0
B,2025-08-26,5,331.97676796439407,0.0,0.0
B,2025-08-26,6,297.5588458301444,0.0,0.0
B,2025-08-26,7,226.25655875765847,0.0,0.0
B,2025-08-26,8,179.9773141405488,0.0,0.0
B,2025-08-26,9,191.65506415024666,0.0,0.0
B,2025-08-26,10,178.18439995359685,0.00031000686067153706,2.8370512586302754e-06
B,2025-08-26,11,213.88859765960348,0.050951793782802346,0.00046628919878688864
B,2025-08-26,12,253.35919497032114,1.0880087346701317,0.009956994317513295
B,2025-08-26,13,273.29471437323843,3.0184919122478124,0.027623957290033682
B,2025-08-26,14,258.7307340282901,1.0881450629883789,0.009958241936440283
B,2025-08-26,15,260.4216666183727,0.07335830550656483,0.0006713440874100385
B,2025-08-26,16,268.159259042911,0.47877167933609105,0.004381515275225322
B,2025-08-26,17,282.4679842527261,1.3274090939403032,0.012147884832364212
B,2025-08-26,18,288.996379790124,0.47900049392372956,0.004383609289249549
B,2025-08-26,19,297.3572442835809,0.11103415914530126,0.001016137514736794
B,2025-08-26,20,302.7214658403546,1.9031774865875914,0.017417072873883888
B,2025-08-26,21,309.79437642114584,5.603478073118104,0.05128065387201434
B,2025-08-26,22,314.6223845529764,5.0636949206130994,0.046340787480398236
B,2025-08-26,23,317.1349697521191,7.7528916771539915,0.07095117521930829
B,2025-08-26,24,322.82175390768157,5.033152510096232,0.0460612762979335
B,2025-08-26,25,325.899835060026,4.013091489631593,0.03672611063185767
B,2025-08-26,26,325.97363982784674,2.9187941708709655,0.026711565860879263
B,2025-08-26,27,322.1538830053763,5.887834852421764,0.053882966468825746
B,2025-08-26,28,320.88147828474945,5.690530089478616,0.05207731699116888
B,2025-08-26,29,323.02690543755693,3.262980038790892,0.02986140889231974
B,2025-08-26,30,320.8559895213207,2.8168824432007935,0.02577891296852218
B,2025-08-26,31,320.4578698972487,3.593033324551428,0.032881916528033364
B,2025-08-26,32,326.418374139551,4.187568281907202,0.03832284820745526
B,2025-08-26,33,328.6141011162937,3.794871531389746,0.03472905416076158
B,2025-08-26,34,330.4758843713477,4.120554502134412,0.03770956652769461
B,2025-08-26,35,329.89282050327546,4.21344181492627,0.03855963180397938
B,2025-08-26,36,325.6163468929378,4.565954048297074,0.04178567419930187
B,2025-08-26,37,322.56314789480325,3.3978645878169376,0.031095815055961318
B,2025-08-26,38,319.7131561252507,3.7271994272093947,0.03410974777533792
B,2025-08-26,39,318.7443165420785,4.111351228584704,0.03762534207294817
B,2025-08-26,40,313.4894549482063,7.007122624615267,0.06412621326662994
B,2025-08-26,41,308.1633790267899,5.878418766156769,0.053796794442401534
B,2025-08-26,42,305.9318387879204,2.5173752589081912,0.02303795029329145
B,2025-08-26,43,307.24259792668516,0.4742004372729718,0.004339681207357975
B,2025-08-26,44,309.7290552131693,0.01973730467239043,0.00018062743818467907
B,2025-08-26,45,303.52981061512276,0.00011786719181782398,1.0786705306250525e-06
B,2025-08-26,46,292.68552362465203,0.0,0.0
B,2025-08-26,47,275.22563927468485,0.0,0.0
B,2025-08-27,0,315.48823841027416,0.0,0.0
B,2025-08-27,1,310.06647586510974,0.0,0.0
B,2025-08-27,2,285.4476813081275,0.0,0.0
B,2025-08-27,3,267.36674870339505,0.0,0.0
B,2025-08-27,4,326.59095594334997,0.0,0.0
B,2025-08-27,5,357.44812528373546,0.0,0.0
B,2025-08-27,6,359.7190899855097,0.0,0.0
B,2025-08-27,7,308.55975353223465,0.0,0.0
B,2025-08-27,8,291.2429122906029,0.0,0.0
B,2025-08-27,9,295.71250741476825,0.0,0.0
B,2025-08-27,10,374.3261696142857,0.0003048004950549101,2.0963183472600043e-06
B,2025-08-27,11,412.5417029772658,0.050096091213247554,0.0003445445687921949
B,2025-08-27,12,351.08959315168386,1.070140366387929,0.007360076248558639
B,2025-08-27,13,284.27310334199365,3.034204730631204,0.02086827006307655
B,2025-08-27,14,257.91078626787737,2.488007098229275,0.01711170097407994
B,2025-08-27,15,290.100777917169,4.024946813232908,0.02768227082375898
B,2025-08-27,16,303.64528509232036,2.289490309840167,0.01574636728043142
B,2025-08-27,17,310.9752951441143,2.4986018001878807,0.017184567877053886
B,2025-08-27,18,317.75034714125843,1.2698273716332027,0.008733458311897018
B,2025-08-27,19,323.9929047174373,2.776858479104343,0.01909832651827634
B,2025-08-27,20,330.9673432394264,10.210881822557248,0.07022711332038438
B,2025-08-27,21,342.7153387743761,16.985353789404762,0.11681972096868433
B,2025-08-27,22,349.37658899624614,8.694881964298677,0.05980056097263152
B,2025-08-27,23,351.24781854527686,9.00863067633006,0.061958422236413575
B,2025-08-27,24,352.4255136711787,4.78884953342515,0.03293614446846002
B,2025-08-27,25,352.540465429561,5.6965118538144806,0.03917874973393362
B,2025-08-27,26,345.6009177321749,6.007383206657547,0.04131682146011326
B,2025-08-27,27,347.5587632541037,5.931183211668841,0.04079274275897084
B,2025-08-27,28,351.37641980430004,4.314061720362589,0.02967070881554484
B,2025-08-27,29,355.8719735475149,5.804092768900745,0.03991865616377629
B,2025-08-27,30,353.52812723257904,4.2138071594203605,0.028981190658883618
B,2025-08-27,31,352.4296601362028,4.101502995270821,0.028208799263200468
B,2025-08-27,32,351.75925358567065,3.7920381833512438,0.026080401266532167
B,2025-08-27,33,353.68807103437,2.3596490134833634,0.016228895950999075
B,2025-08-27,34,355.16903839382553,1.2053385401909928,0.008289925172223779
B,2025-08-27,35,353.6438100338862,3.45473468503601,0.023760537868719032
B,2025-08-27,36,351.3366230745248,5.886232729393263,0.04048358800941734
B,2025-08-27,37,351.39740403949025,3.045991492398526,0.020949335564440542
B,2025-08-27,38,352.3724968715002,4.083139747457113,0.02808250283674544
B,2025-08-27,39,354.0189012125563,5.277170167815826,0.0362946544506515
B,2025-08-27,40,351.37950974627,5.378968876879143,0.03699479275422732
B,2025-08-27,41,344.6296823380673,2.43236851046114,0.01672903692252397
B,2025-08-27,42,341.9864650381834,2.3594956134533733,0.0162278409156479
B,2025-08-27,43,340.04548841624,0.8244315685354876,0.0056701713127793206
B,2025-08-27,44,322.45797481170524,0.03858752971831231,0.00026539243812371773
B,2025-08-27,45,318.98556614110686,0.00023477875970445784,1.6147316999164902e-06
B,2025-08-27,46,314.22036599032526,0.0,0.0
B,2025-08-27,47,313.01318508408934,0.0,0.0
B,2025-08-28,0,299.06171729759944,0.0,0.0
B,2025-08-28,1,287.51105046144136,0.0,0.0
B,2025-08-28,2,283.3701487007523,0.0,0.0
B,2025-08-28,3,314.5145355574641,0.0,0.0
B,2025-08-28,4,366.36043644249816,0.0,0.0
B,2025-08-28,5,365.5993434385889,0.0,0.0
B,2025-08-28,6,286.4810419205294,0.0,0.0
B,2025-08-28,7,265.27146739365554,0.0,0.0
B,2025-08-28,8,312.3168411660164,0.0,0.0
B,2025-08-28,9,458.0611239042442,0.0,0.0
B,2025-08-28,10,316.15120140921385,0.0004142387663820051,2.2733191875099064e-06
B,2025-08-28,11,262.07426797247786,0.0680830358264268,0.0003736358937140364
B,2025-08-28,12,266.40265378857754,1.454074995262538,0.007979882268576351
B,2025-08-28,13,330.72655877159247,4.074645330950365,0.022361425740161023
B,2025-08-28,14,302.38474388802473,2.335156340680227,0.012815207426067664
B,2025-08-28,15,293.3281710299499,2.5498632846365212,0.013993507129039792
B,2025-08-28,16,305.74260220885367,1.6783756545880488,0.009210831745056727
B,2025-08-28,17,314.0832444950335,2.2908036862173202,0.01257180253837895
B,2025-08-28,18,314.4599245710836,1.6400675353221232,0.00900059892854545
B,2025-08-28,19,320.13831655786186,2.4423253592230836,0.013403345007414672
B,2025-08-28,20,326.24836823964705,2.3290114549462757,0.012781484636754494
B,2025-08-28,21,337.4110800125557,5.590663349846061,0.030681247858856994
B,2025-08-28,22,342.53096737373494,9.647360421727559,0.052944174556835116
B,2025-08-28,23,339.5198410226471,14.997892135436155,0.08230759342366574
B,2025-08-28,24,342.3714406384764,11.928888805840714,0.06546507475590016
B,2025-08-28,25,347.7597964789193,11.524179413322779,0.06324405223931595
B,2025-08-28,26,343.63898132456893,11.82214250649083,0.0648792570338476
B,2025-08-28,27,340.6485051748317,17.061497043365314,0.09363254177074724
B,2025-08-28,28,344.05109125665723,11.436103035871449,0.06276069400470344
B,2025-08-28,29,347.1557391947866,8.942389227721446,0.04907533206299197
B,2025-08-28,30,350.4000314710021,6.673002810342898,0.03662106629844152
B,2025-08-28,31,351.3826747140904,6.515225050886174,0.03575519077677554
B,2025-08-28,32,349.0343893386919,5.162817886799916,0.02833325588088042
B,2025-08-28,33,346.6077413016832,4.121994362315037,0.02262127457674251
B,2025-08-28,34,348.64506755164376,2.0675790775033756,0.01134675836748687
B,2025-08-28,35,348.97652177249154,3.821378264369897,0.020971510240338456
B,2025-08-28,36,347.19173659239965,5.787518452154378,0.031761577653060834
B,2025-08-28,37,347.1020319780085,5.118496467964018,0.028090022412566175
B,2025-08-28,38,343.5853534677437,5.04736326424888,0.027699647368030753
B,2025-08-28,39,347.7058455711235,4.766659303950398,0.02615915972963313
B,2025-08-28,40,351.2678727851307,4.098192489197837,0.022490651227970497
B,2025-08-28,41,340.94836757950935,1.1820747847954487,0.006487160322578327
B,2025-08-28,42,339.24568845989506,0.09200615317172685,0.0005049246240304276
B,2025-08-28,43,336.15310451557417,0.8193806348203744,0.004496715107763324
B,2025-08-28,44,327.2632775067176,2.2723283859126506,0.012470411123363773
B,2025-08-28,45,319.0762479097244,0.8190557416702708,0.00449493211232214
B,2025-08-28,46,318.4654036326402,0.03835663990221228,0.00021049909505016135
B,2025-08-28,47,308.98799754868406,0.00023337395289127046,1.280743204230933e-06
B,2025-08-29,0,299.62848517998555,0.0,0.0
B,2025-08-29,1,313.79504023169727,0.0,0.0
B,2025-08-29,2,338.9332273124033,0.0,0.0
B,2025-08-29,3,285.322862027998,0.0,0.0
B,2025-08-29,4,305.1596896488784,0.0,0.0
B,2025-08-29,5,324.4451505040197,0.0,0.0
B,2025-08-29,6,355.36871210841474,0.0,0.0
B,2025-08-29,7,344.88923847294575,0.0,0.0
B,2025-08-29,8,270.7148965734093,0.0,0.0
B,2025-08-29,9,217.96072319164705,8.798167076459209e-06,1.3713281393527244e-07
B,2025-08-29,10,233.2325346149521,0.0015943814269485106,2.4850859237328322e-05
B,2025-08-29,11,238.82364638752412,0.055259203833933436,0.0008612987286688088
B,2025-08-29,12,271.30031071683527,0.6063489345809071,0.009450870266855375
B,2025-08-29,13,300.5490239718145,1.4851289423032936,0.02314799311548511
B,2025-08-29,14,270.6357670935166,0.7329663080268721,0.011424394588778829
B,2025-08-29,15,266.7540371232912,0.617979496713627,0.00963215026518325
B,2025-08-29,16,276.8531714757025,0.4040212921204382,0.0062972862639178
B,2025-08-29,17,295.65368721624355,0.7370071354879137,0.011487377029955947
B,2025-08-29,18,312.63520399176923,0.9477671488723775,0.014772392357498323
B,2025-08-29,19,319.0639818051907,0.7829770216594908,0.012203887615877845
B,2025-08-29,20,324.5559057463681,0.7060837454555868,0.011005388968727
B,2025-08-29,21,325.5590638352707,1.5146143701826909,0.02360756834974112
B,2025-08-29,22,329.728218155909,2.722060393039638,0.04242745087190433
B,2025-08-29,23,337.3970365984505,4.009207759298699,0.062489600038946026
B,2025-08-29,24,339.95587198813905,3.2115556226815287,0.05005697843887791
B,2025-08-29,25,341.9095935906561,3.399780053010402,0.052990742432906295
B,2025-08-29,26,334.8781321064708,3.354883381278755,0.05229095952615036
B,2025-08-29,27,333.07017191350224,3.672726187583644,0.05724502303038817
B,2025-08-29,28,339.0443462758682,4.488589653886262,0.06996149589897226
B,2025-08-29,29,340.5616759969352,4.5153995770438335,0.07037936932329301
B,2025-08-29,30,342.5570072924875,2.509853937207824,0.039119890539103835
B,2025-08-29,31,341.75214088617975,2.106587632791027,0.03283437190671509
B,2025-08-29,32,346.8622564534246,2.1598310324751275,0.033664251262120505
B,2025-08-29,33,344.0018573880919,2.088679895280111,0.03255525258393514
B,2025-08-29,34,339.3417287536046,2.0214704863661637,0.03150769173549929
B,2025-08-29,35,340.97425488489114,2.4229894966241914,0.037765976131179144
B,2025-08-29,36,343.9212327137391,2.747494023936669,0.042823872688311185
B,2025-08-29,37,337.74570549457405,1.9317202014992005,0.030108797055693765
B,2025-08-29,38,333.9283312432118,2.413683200683096,0.03762092335613791
B,2025-08-29,39,326.45250465654016,1.7906334162139141,0.027909744945508186
B,2025-08-29,40,330.47991718367535,1.32237960684497,0.020611297216948314
B,2025-08-29,41,332.4959696829225,0.9850450548530638,0.015353425213583089
B,2025-08-29,42,324.075018356489,0.6721298043768376,0.010476165160647737
B,2025-08-29,43,315.7991427931618,0.759770710676002,0.011842181967580068
B,2025-08-29,44,312.0596991233931,0.24821492837395873,0.003868807138220623
B,2025-08-29,45,307.45792125543664,0.011487393632926295,0.00017904849953125556
B,2025-08-29,46,314.37606379767254,6.977151100168815e-05,1.0874951058587886e-06
B,2025-08-29,47,308.76075801042555,0.0,0.0
B,2025-08-30,0,299.6966206414673,0.1219470118958352,0.0025278916907301155
B,2025-08-30,1,323.03549048062644,0.03382267410973869,0.0007011246566116236
B,2025-08-30,2,330.91146469676426,0.0015222750342346544,3.1555889318015414e-05
B,2025-08-30,3,290.30021799508893,9.205991567169445e-06,1.9083493089160262e-07
B,2025-08-30,4,269.1219604804038,0.0,0.0
B,2025-08-30,5,256.183021933936,0.0,0.0
B,2025-08-30,6,249.65974698250136,0.0,0.0
B,2025-08-30,7,166.65562400625447,0.0,0.0
B,2025-08-30,8,156.29542945811428,0.0,0.0
B,2025-08-30,9,272.81224271031704,0.0,0.0
B,2025-08-30,10,262.18724249941147,2.9763732134457602e-05,6.169851149127001e-07
B,2025-08-30,11,273.30447881093966,0.004891877355992619,0.0001014058149358138
B,2025-08-30,12,329.52353504261515,0.10445962540481665,0.0021653881876431192
B,2025-08-30,13,322.7215212302042,0.28980514989750766,0.006007494722236201
B,2025-08-30,14,294.09878287269095,0.10445962540481665,0.0021653881876431192
B,2025-08-30,15,302.9480860620118,0.004921641088127077,0.0001020228000507265
B,2025-08-30,16,301.05957818927163,0.0049730511709047765,0.00010308850161284844
B,2025-08-30,17,301.96459063675735,0.11296064182976344,0.002341609387730738
B,2025-08-30,18,292.55950362307993,0.47881845346121216,0.009925632215627752
B,2025-08-30,19,299.4389492429269,0.8074827110360333,0.016738653976858357
B,2025-08-30,20,307.3904985007772,1.1690225355555972,0.02423316740578677
B,2025-08-30,21,317.47507355506633,1.825328325128528,0.03783801041298259
B,2025-08-30,22,320.7108897876739,1.8626315702990153,0.03861128531359509
B,2025-08-30,23,322.4964985836171,1.9700527986748197,0.04083806583406549
B,2025-08-30,24,321.07826261655566,1.7864224547391547,0.03703151400975847
B,2025-08-30,25,324.62723033618073,2.9440918905970217,0.0610293381632281
B,2025-08-30,26,325.2550097966828,3.8376096416276724,0.07955144922798789
B,2025-08-30,27,323.93634447545986,4.3695936658284324,0.09057917326543269
B,2025-08-30,28,326.99423540717714,4.200038493342812,0.08706439168133921
B,2025-08-30,29,330.3756357776252,2.927315305960972,0.06068156917536208
B,2025-08-30,30,323.93832131885836,1.5686212579642123,0.03251661998325502
B,2025-08-30,31,320.3149031297906,1.375106927397944,0.02850517877882829
B,2025-08-30,32,329.8586282359372,1.2531874661670468,0.025977858197598014
B,2025-08-30,33,336.6197245434237,0.9252470348506793,0.01917984094001068
B,2025-08-30,34,334.4958922321107,0.7495765010685942,0.015538291419853694
B,2025-08-30,35,336.2822508215949,1.0887206367447637,0.022568555049994478
B,2025-08-30,36,338.6681764009572,1.736639645307283,0.035999544891798255
B,2025-08-30,37,335.9633679989843,1.5641588670680981,0.03242411717657115
B,2025-08-30,38,329.76860840857626,1.060999902485734,0.021993920110565248
B,2025-08-30,39,322.5821766600257,1.380530290562844,0.028617601990083955
B,2025-08-30,40,320.1595848354075,2.373395636489808,0.04919913177882961
B,2025-08-30,41,307.76702579107973,1.4544347274384557,0.030149598625192384
B,2025-08-30,42,302.62443213476547,1.1307257892122735,0.02343929779505797
B,2025-08-30,43,305.5825131705748,0.6477659117572923,0.013427816232743629
B,2025-08-30,44,304.10415375242445,0.3738889466453152,0.0077505036555373516
B,2025-08-30,45,302.7771845041565,0.20322537169313407,0.004212745523337895
B,2025-08-30,46,287.6167917295927,0.2859780625267532,0.005928161393654995
B,2025-08-30,47,287.09707327891164,0.1061866354530619,0.002201188116504809
B,2025-08-31,0,269.58097086658415,0.0,0.0
B,2025-08-31,1,273.4200348798573,0.0,0.0
B,2025-08-31,2,302.6206016680129,0.0,0.0
B,2025-08-31,3,323.008164860545,0.0,0.0
B,2025-08-31,4,363.60439001850887,0.0,0.0
B,2025-08-31,5,369.47899905300443,0.0,0.0
B,2025-08-31,6,308.555374223352,0.0,0.0
B,2025-08-31,7,211.21030380653423,0.0,0.0
B,2025-08-31,8,169.38878951145594,0.0,0.0
B,2025-08-31,9,238.0549881655056,0.0,0.0
B,2025-08-31,10,342.19813874314826,0.0,0.0
B,2025-08-31,11,380.7576627571779,0.0,0.0
B,2025-08-31,12,295.846990516969,0.0,0.0
B,2025-08-31,13,268.8832111746099,0.0,0.0
B,2025-08-31,14,268.20182693956707,0.0,0.0
B,2025-08-31,15,272.725696856547,0.0,0.0
B,2025-08-31,16,263.2131573511738,0.0,0.0
B,2025-08-31,17,277.18424263937914,0.0,0.0
B,2025-08-31,18,284.9486710571431,0.0,0.0
B,2025-08-31,19,289.59503825460996,0.0,0.0
B,2025-08-31,20,288.17446204135194,0.0005085443552300164,7.122320332626295e-06
B,2025-08-31,21,293.1441885148765,0.0835828183316944,0.0011706031152243915
B,2025-08-31,22,291.4261395483896,1.785311066664054,0.02500383138539182
B,2025-08-31,23,292.43760464875965,5.035615076305334,0.07052534017219994
B,2025-08-31,24,291.6042075161887,3.612802006815204,0.05059840489086649
B,2025-08-31,25,292.0754088440369,5.980819111399859,0.08376321381763491
B,2025-08-31,26,288.9079131334373,6.388052165345679,0.08946663817070621
B,2025-08-31,27,292.2505619917444,8.234340317858548,0.11532447242506877
B,2025-08-31,28,296.12902049372616,5.310948816209226,0.07438147400557728
B,2025-08-31,29,298.9348050700208,1.196429515462017,0.016756363878378144
B,2025-08-31,30,297.1420287449079,0.10425599572144079,0.0014601373321490555
B,2025-08-31,31,295.81341333647293,1.1225056429087792,0.015721037273849697
B,2025-08-31,32,296.53925501495104,3.1649863558660383,0.04432660876684717
B,2025-08-31,33,296.4170107912839,2.243912563278922,0.03142668660012636
B,2025-08-31,34,296.682746040701,3.1919556065685826,0.04470432142978204
B,2025-08-31,35,293.92923238304746,1.7443325332566988,0.024429914403152578
B,2025-08-31,36,294.1045000020291,2.8410738572840444,0.0397901144553552
B,2025-08-31,37,289.4343014930711,5.6041651630808245,0.07848805925759017
B,2025-08-31,38,284.8492733634501,7.457814320191343,0.10444898664861862
B,2025-08-31,39,293.217850567821,5.034940516027979,0.0705158927477431
B,2025-08-31,40,291.13500386924176,1.2097578183407707,0.016943030865468802
B,2025-08-31,41,287.51859360279514,0.05307053227587745,0.0007432691508704642
B,2025-08-31,42,288.2121420689386,0.00031965645185886747,4.4768870662222426e-06
B,2025-08-31,43,293.4691753439273,0.0,0.0
B,2025-08-31,44,289.14625931213567,0.0,0.0
B,2025-08-31,45,275.85132382559686,0.0,0.0
B,2025-08-31,46,251.90970071708966,0.0,0.0
B,2025-08-31,47,252.22522877603095,0.0,0.0
C,2025-08-01,0,354.0609422369309,0.0,0.0
C,2025-08-01,1,334.69269437634233,0.0,0.0
C,2025-08-01,2,329.14911596753706,0.0,0.0
C,2025-08-01,3,322.3393950590356,0.0,0.0
C,2025-08-01,4,322.74677651608914,0.0,0.0
C,2025-08-01,5,338.56561409734456,0.0,0.0
C,2025-08-01,6,348.21131872328607,0.0,0.0
C,2025-08-01,7,359.4591979188508,0.0,0.0
C,2025-08-01,8,318.93625460006706,0.0,0.0
C,2025-08-01,9,319.0743108442206,0.0,0.0
C,2025-08-01,10,316.71453911247914,0.00042218836185148784,5.42831808469834e-07
C,2025-08-01,11,309.00177831113353,0.06938960739113467,8.921820086170774e-05
C,2025-08-01,12,285.72151198182877,1.482326544017359,0.0019059123162538363
C,2025-08-01,13,271.8172435709798,4.209923311570952,0.005412940031594855
C,2025-08-01,14,270.5770608899408,3.6150275034675787,0.004648048346879317
C,2025-08-01,15,272.1227489846611,6.337791363808774,0.008148862116031086
C,2025-08-01,16,287.17040948553387,3.268256739197215,0.004202185272236904
C,2025-08-01,17,305.4330441074235,1.505269438149486,0.0019354113120543302
C,2025-08-01,18,312.5116992348313,6.957493013710645,0.008945648095286253
C,2025-08-01,19,316.526287517587,18.33765129909112,0.023577770770659992
C,2025-08-01,20,327.2083626466814,30.407722338046796,0.03909695387107067
C,2025-08-01,21,335.9228668285216,47.829730809006634,0.06149743010398644
C,2025-08-01,22,342.6097010219149,37.21789758370451,0.0478531870566204
C,2025-08-01,23,344.24743279293483,45.27444684532283,0.05821195485052984
C,2025-08-01,24,344.24968866175817,65.95233092487364,0.08479869722544307
C,2025-08-01,25,347.6817096429761,61.1158693832035,0.07858018103104564
C,2025-08-01,26,354.5084896378732,37.43694652453188,0.04813483085222685
C,2025-08-01,27,355.4066393533848,35.34402792169557,0.04544384528082107
C,2025-08-01,28,355.8869701356096,38.12364127396214,0.04901775370463625
C,2025-08-01,29,354.76626858919553,41.67871563226988,0.053588716851753426
C,2025-08-01,30,355.11499641171963,52.543613445729804,0.06755833956483773
C,2025-08-01,31,356.52753304882623,59.93528740092534,0.07706223901654646
C,2025-08-01,32,356.6224870886519,32.41304750329579,0.04167531553231679
C,2025-08-01,33,356.5079848103228,19.732508966290432,0.025371219331684434
C,2025-08-01,34,356.7570033305187,21.11257632115632,0.02714565113924704
C,2025-08-01,35,357.6284063639595,20.911068550345917,0.026886561032712517
C,2025-08-01,36,359.7262160800255,16.98377873697089,0.02183701911158907
C,2025-08-01,37,358.94657562265456,14.32079935154626,0.018413073673186776
C,2025-08-01,38,352.68905338130435,15.584429618365844,0.020037795633703975
C,2025-08-01,39,353.7934576327514,14.33597827419534,0.018432590085235866
C,2025-08-01,40,350.8097614584983,16.702564734479406,0.02147544612821728
C,2025-08-01,41,345.69394762453993,6.347384762039278,0.008161196898752233
C,2025-08-01,42,346.72329414750226,0.6433798917135491,0.0008272304537727775
C,2025-08-01,43,344.53372518138065,0.02028768031214901,2.6085034995293496e-05
C,2025-08-01,44,342.3814688711913,0.00011451725031391502,1.472414014831662e-07
C,2025-08-01,45,340.5021720185545,0.0,0.0
C,2025-08-01,46,331.2517704722782,0.0,0.0
C,2025-08-01,47,316.3026177371127,0.0,0.0
C,2025-08-02,0,321.6677132956251,0.0,0.0
C,2025-08-02,1,323.5979372414904,0.0,0.0
C,2025-08-02,2,331.6963109062148,0.0,0.0
C,2025-08-02,3,324.90514399186304,0.0,0.0
C,2025-08-02,4,318.05744768272336,0.0,0.0
C,2025-08-02,5,327.1431304896523,0.0,0.0
C,2025-08-02,6,310.7253200444098,0.0,0.0
C,2025-08-02,7,300.3684143618637,0.0,0.0
C,2025-08-02,8,334.2093570256915,0.0,0.0
C,2025-08-02,9,332.0868013867668,0.0,0.0
C,2025-08-02,10,332.25847034391023,0.0,0.0
C,2025-08-02,11,309.6323458817532,0.0,0.0
C,2025-08-02,12,292.4809551675383,0.00013684154819363904,7.423243112998613e-07
C,2025-08-02,13,275.6228365133845,0.02249086465176369,0.00012200618769332919
C,2025-08-02,14,263.1828951735655,0.4802629186268611,0.00260528213118476
C,2025-08-02,15,263.847353173437,1.332578589820468,0.007228838733552137
C,2025-08-02,16,275.9090616953065,0.5095208201667679,0.002763997462145186
C,2025-08-02,17,293.150407822293,0.7829912711011234,0.004247492547011117
C,2025-08-02,18,299.6713456965898,5.045276788725029,0.027369111698500766
C,2025-08-02,19,311.0326592367986,10.828556594200652,0.058741668172205205
C,2025-08-02,20,318.737316754403,7.928669920784047,0.04301065368057223
C,2025-08-02,21,327.50678484654674,8.597595504909336,0.04663937412477533
C,2025-08-02,22,331.62376161256793,10.817545384017345,0.05868193566315514
C,2025-08-02,23,336.6030613127563,14.530589675235715,0.0788240860749895
C,2025-08-02,24,337.89517180811197,15.844447633744911,0.08595137100468103
C,2025-08-02,25,337.71969638998485,16.4440755700116,0.08920417251636414
C,2025-08-02,26,340.1918507843376,14.650556143726176,0.07947486814576263
C,2025-08-02,27,342.149465578037,16.95026644113682,0.09195010600479987
C,2025-08-02,28,342.57796697784255,15.992451134815159,0.08675424555888055
C,2025-08-02,29,341.52596806890807,7.515494025451301,0.04076929850740092
C,2025-08-02,30,343.05674236490734,1.4344100433921056,0.007781243793558199
C,2025-08-02,31,340.81600151623985,0.5534644683470072,0.0030023785591292663
C,2025-08-02,32,342.1290623325183,1.6535496202494413,0.00897001019978866
C,2025-08-02,33,341.1390786313291,2.1920952794643807,0.011891458698855282
C,2025-08-02,34,342.7810251437201,2.9876784557623504,0.016207258550749965
C,2025-08-02,35,342.5681527566641,1.8066461420769047,0.009800512862380274
C,2025-08-02,36,342.0047942162225,2.8202022401378386,0.015298750366914964
C,2025-08-02,37,344.6917005468332,3.0134612425213367,0.016347122427451892
C,2025-08-02,38,343.94075040505817,4.051411317275692,0.02197768993108294
C,2025-08-02,39,341.9988431302273,5.4413876796679395,0.029517894346746475
C,2025-08-02,40,342.44670099647635,4.88644585266389,0.026507501560490226
C,2025-08-02,41,340.5511961398843,2.562171614215014,0.013899011696819032
C,2025-08-02,42,339.494181817039,2.009349340795552,0.010900116852348093
C,2025-08-02,43,334.2013096528902,0.6271593032951402,0.0034021509113231936
C,2025-08-02,44,324.38181845489004,0.028885951357110827,0.00015669761289945224
C,2025-08-02,45,319.14807292016815,0.0001753261050524773,9.510914769964376e-07
C,2025-08-02,46,316.92541975254363,0.0,0.0
C,2025-08-02,47,314.09785583308343,0.0,0.0
C,2025-08-03,0,310.45948174506293,0.0,0.0
C,2025-08-03,1,318.3555469793718,0.0,0.0
C,2025-08-03,2,296.10971289750023,0.0,0.0
C,2025-08-03,3,288.6350393107487,0.0,0.0
C,2025-08-03,4,301.82252661010466,0.0,0.0
C,2025-08-03,5,304.8353642239703,0.0,0.0
C,2025-08-03,6,323.50213631356155,0.0,0.0
C,2025-08-03,7,368.8276164763246,0.0,0.0
C,2025-08-03,8,392.54022379168214,0.0,0.0
C,2025-08-03,9,369.53774140240444,0.0,0.0
C,2025-08-03,10,326.7046991157419,0.0,0.0
C,2025-08-03,11,271.10971937254476,0.0,0.0
C,2025-08-03,12,261.80457484901666,0.0,0.0
C,2025-08-03,13,260.8057624489063,0.0,0.0
C,2025-08-03,14,264.7228836506712,0.0,0.0
C,2025-08-03,15,267.7243495437024,0.0,0.0
C,2025-08-03,16,274.9389568821399,0.0,0.0
C,2025-08-03,17,287.083067784993,0.0,0.0
C,2025-08-03,18,296.0836614567296,0.0,0.0
C,2025-08-03,19,293.94886793782484,0.0,0.0
C,2025-08-03,20,294.50125831851756,0.0,0.0
C,2025-08-03,21,300.96187930066884,0.0,0.0
C,2025-08-03,22,310.9710280267517,0.0020025437892874946,1.0177414964093922e-05
C,2025-08-03,23,313.132808800678,0.331873642728757,0.0016866626316809623
C,2025-08-03,24,311.0852409373214,7.483160531468401,0.038031243251255446
C,2025-08-03,25,312.35984111448914,29.842138835266663,0.15166501325330492
C,2025-08-03,26,319.6847194393508,49.41324230093095,0.2511301247483957
C,2025-08-03,27,321.37735608461736,59.499322906435516,0.30239004137675696
C,2025-08-03,28,323.6122442364232,36.341551147147996,0.184696608604482
C,2025-08-03,29,323.35087982787445,11.88848815969623,0.060420190531761384
C,2025-08-03,30,325.4686061120463,1.886187546360774,0.00958606421597895
C,2025-08-03,31,324.8263218948974,0.07508737644447269,0.0003816123236498268
C,2025-08-03,32,322.16596780173904,0.0004450097309527765,2.261647769798649e-06
C,2025-08-03,33,326.4093681671783,0.0,0.0
C,2025-08-03,34,325.00262566969377,0.0,0.0
C,2025-08-03,35,319.72315380007655,0.0,0.0
C,2025-08-03,36,320.3715077607018,0.0,0.0
C,2025-08-03,37,320.3586781309418,0.0,0.0
C,2025-08-03,38,322.01482179228947,0.0,0.0
C,2025-08-03,39,320.3940556413618,0.0,0.0
C,2025-08-03,40,313.68148384457425,0.0,0.0
C,2025-08-03,41,315.874240967199,0.0,0.0
C,2025-08-03,42,317.8395399354118,0.0,0.0
C,2025-08-03,43,312.86163619654167,0.0,0.0
C,2025-08-03,44,312.2032840921084,0.0,0.0
C,2025-08-03,45,311.01353712545364,0.0,0.0
C,2025-08-03,46,309.0143156199537,0.0,0.0
C,2025-08-03,47,306.1112967874238,0.0,0.0
C,2025-08-04,0,318.6887084777485,0.0,0.0
C,2025-08-04,1,313.7011676014156,0.0,0.0
C,2025-08-04,2,314.4618891278106,0.0,0.0
C,2025-08-04,3,316.7940538345785,0.0,0.0
C,2025-08-04,4,306.8243283324965,0.0,0.0
C,2025-08-04,5,328.0944798636427,0.0,0.0
C,2025-08-04,6,322.9667807413536,0.0,0.0
C,2025-08-04,7,314.49565599243766,0.0,0.0
C,2025-08-04,8,302.8485055891664,0.0,0.0
C,2025-08-04,9,289.1273192084112,0.0,0.0
C,2025-08-04,10,296.81278750121584,0.0,0.0
C,2025-08-04,11,266.7659626688063,0.0,0.0
C,2025-08-04,12,256.92311515306153,0.0,0.0
C,2025-08-04,13,271.1481344910096,0.0,0.0
C,2025-08-04,14,258.13137455889273,0.0,0.0
C,2025-08-04,15,262.5161581740424,0.00046658919496122447,7.182379318474389e-07
C,2025-08-04,16,281.87921710830096,0.07747886640271426,0.00011926607252787778
C,2025-08-04,17,297.2438940183741,1.7697823896398546,0.002724291211802672
C,2025-08-04,18,312.20840733235065,7.670010068118593,0.011806728977151612
C,2025-08-04,19,325.1531101647917,16.994442901282838,0.026160171847380967
C,2025-08-04,20,329.5394957964899,28.72550030002359,0.044218220545133954
C,2025-08-04,21,337.0674966035359,27.218791273739765,0.041898887850291125
C,2025-08-04,22,344.83954691301267,32.99563710632021,0.05079139939621084
C,2025-08-04,23,348.52875021393083,53.982043307230526,0.08309654737098283
C,2025-08-04,24,347.6968218020111,54.96982481723384,0.08461707582840003
C,2025-08-04,25,349.19360890200426,43.162386291718754,0.06644145084915785
C,2025-08-04,26,352.51595920364906,36.192269242520545,0.05571209297243562
C,2025-08-04,27,356.9035860847224,46.396602124194295,0.07141999839323143
C,2025-08-04,28,358.405894599848,47.14791980444377,0.07257652936876687
C,2025-08-04,29,358.3131299787392,47.43222224420988,0.07301416658489178
C,2025-08-04,30,357.45003759632266,26.978913790443453,0.041529635605789775
C,2025-08-04,31,358.47329054345926,12.605637288699516,0.01940432173232582
C,2025-08-04,32,356.3910368947674,12.583831063353859,0.019370754606548368
C,2025-08-04,33,356.9957273753399,12.662134445439285,0.019491289886432787
C,2025-08-04,34,356.9022626534322,11.505879865937048,0.017711424628430332
C,2025-08-04,35,356.46914385078344,18.071205759917465,0.027817672571846183
C,2025-08-04,36,356.5559831942933,19.566389311062053,0.030119263678334715
C,2025-08-04,37,360.29021933894666,14.896565560017489,0.022930831993110988
C,2025-08-04,38,363.6391397143824,20.817220753682044,0.03204471458491173
C,2025-08-04,39,361.98306796503783,21.306085317321397,0.03279724181214641
C,2025-08-04,40,359.238025780011,22.08670007120843,0.033998870852115955
C,2025-08-04,41,353.2412915127094,10.094198349037017,0.015538371278556262
C,2025-08-04,42,347.7549532628418,1.6541766622600889,0.002546335057996191
C,2025-08-04,43,340.5542746153748,0.06569537607852446,0.00010112731189692548
C,2025-08-04,44,335.1070271320483,0.00038905926830603616,5.988932603924265e-07
C,2025-08-04,45,327.54262375166473,0.0,0.0
C,2025-08-04,46,326.4859648542182,0.0,0.0
C,2025-08-04,47,337.7512512228002,0.0,0.0
C,2025-08-05,0,316.99363601690953,0.0,0.0
C,2025-08-05,1,315.62058858908136,0.0,0.0
C,2025-08-05,2,308.37687016044134,0.0,0.0
C,2025-08-05,3,282.39926698748224,0.0,0.0
C,2025-08-05,4,271.2200922378154,0.0,0.0
C,2025-08-05,5,264.10819835142416,0.0,0.0
C,2025-08-05,6,267.7126982792622,0.0,0.0
C,2025-08-05,7,279.536206307527,0.0,0.0
C,2025-08-05,8,280.75481999867515,0.0,0.0
C,2025-08-05,9,264.53175746446084,0.0,0.0
C,2025-08-05,10,267.7188284987018,0.0,0.0
C,2025-08-05,11,267.3413121076429,0.0,0.0
C,2025-08-05,12,241.63580343131235,0.0,0.0
C,2025-08-05,13,231.62766062935393,0.0,0.0
C,2025-08-05,14,243.56634842187142,0.0,0.0
C,2025-08-05,15,255.10526596096642,0.0,0.0
C,2025-08-05,16,273.0554563704114,0.00037139506522977807,1.4910649943944928e-06
C,2025-08-05,17,287.0418288303264,0.06144032773072426,0.0002466686569104765
C,2025-08-05,18,296.54815890627134,1.3702760096923805,0.00550134016844513
C,2025-08-05,19,303.6659229662012,5.222043450192765,0.020965292532823795
C,2025-08-05,20,308.47317116366867,9.685615651907856,0.038885499027253266
C,2025-08-05,21,314.8224904948087,16.299001022582317,0.0654367064714137
C,2025-08-05,22,319.05589073667625,14.072920264300796,0.05649950885055907
C,2025-08-05,23,320.5322252329695,14.118126409907577,0.056681001033833146
C,2025-08-05,24,322.7540557681807,23.165639784409056,0.09300466750659245
C,2025-08-05,25,326.08085363991086,26.804125494863683,0.10761234322276533
C,2025-08-05,26,327.1939508735061,14.055090410724796,0.05642792612636238
C,2025-08-05,27,329.6893518727613,9.996584748050553,0.040133967779281514
C,2025-08-05,28,332.0440337218699,10.580324808220569,0.04247754864782844
C,2025-08-05,29,335.23235021101044,12.123649196579407,0.048673637895954094
C,2025-08-05,30,334.4946959046287,8.885294179108463,0.035672394050709974
C,2025-08-05,31,334.9447641469454,6.473939647241871,0.025991365226817807
C,2025-08-05,32,334.2067105759552,5.898990234042176,0.023683076765743813
C,2025-08-05,33,332.18939688099675,5.979078596738557,0.02400461295524881
C,2025-08-05,34,334.16796381016246,7.985207378324828,0.032058754435615275
C,2025-08-05,35,333.01940463081746,11.292992679996658,0.04533874475870705
C,2025-08-05,36,331.01002836585883,13.0573347748416,0.05242216880509906
C,2025-08-05,37,330.16621175735645,7.870766526788059,0.03159930097586184
C,2025-08-05,38,329.4855406428316,5.311851198456216,0.02132584979972818
C,2025-08-05,39,328.0668705048601,5.233622746061262,0.021011780718439753
C,2025-08-05,40,329.0841662724329,5.872976346681964,0.023578637045235044
C,2025-08-05,41,326.98174329397443,3.761288320358685,0.015100699695193537
C,2025-08-05,42,325.7056902235896,0.8935360262420033,0.0035873397755985742
C,2025-08-05,43,324.51144770313334,0.3591864016943097,0.0014420500436578296
C,2025-08-05,44,319.96298784395583,1.1569969802435205,0.004645074362509135
C,2025-08-05,45,314.1460123935396,1.1567661893416292,0.004644147790599457
C,2025-08-05,46,310.51146803149254,0.3208354615255842,0.0012880799192774065
C,2025-08-05,47,309.8999814924881,0.014527338084995654,5.832389094041783e-05
C,2025-08-06,0,350.0910500511118,0.0,0.0
C,2025-08-06,1,346.1019257217302,0.0,0.0
C,2025-08-06,2,351.00487535372946,0.0,0.0
C,2025-08-06,3,345.5816705279509,0.0,0.0
C,2025-08-06,4,320.26959401251656,0.0,0.0
C,2025-08-06,5,307.7245365694696,0.0,0.0
C,2025-08-06,6,316.789290457078,0.0,0.0
C,2025-08-06,7,345.92895739551636,0.0,0.0
C,2025-08-06,8,347.74231205452054,0.0,0.0
C,2025-08-06,9,327.73831008920547,0.0,0.0
C,2025-08-06,10,300.0577377768951,0.0,0.0
C,2025-08-06,11,271.98558108024486,0.0,0.0
C,2025-08-06,12,262.6995054658419,0.0,0.0
C,2025-08-06,13,262.94457258554246,0.0,0.0
C,2025-08-06,14,277.8453350386841,0.00044872295827395864,1.0370644518040662e-06
C,2025-08-06,15,287.1376789805463,0.07459540870894756,0.00017240091065858556
C,2025-08-06,16,299.17425204596725,1.71502174131588,0.0039636663317412155
C,2025-08-06,17,314.24013533848444,7.555262558953395,0.01746131790108477
C,2025-08-06,18,325.5088868051322,14.597910883982914,0.033737909258343676
C,2025-08-06,19,331.2363853026562,18.11931867749134,0.04187639822044348
C,2025-08-06,20,334.3538536079511,18.819527689270867,0.04349468376068557
C,2025-08-06,21,343.7379453079246,32.71431092966409,0.0756075620933719
C,2025-08-06,22,349.8673756537912,24.391850907177304,0.05637313853260532
C,2025-08-06,23,352.96448144785006,14.76802036356409,0.03413105717051451
C,2025-08-06,24,352.9357501138507,24.956113218440652,0.05767723134469351
C,2025-08-06,25,355.69781513861216,44.79918094070995,0.10353746597289892
C,2025-08-06,26,354.72807859838474,24.201728651413777,0.05593373816470888
C,2025-08-06,27,354.23456884990264,15.865936470788162,0.03666850203459038
C,2025-08-06,28,356.20798527203726,16.72596232500587,0.038656147695673486
C,2025-08-06,29,358.5836132676296,19.07362510894237,0.044081940098649824
C,2025-08-06,30,362.21675821406484,16.359872623564495,0.03781006079832196
C,2025-08-06,31,367.0961213442325,18.169589920023363,0.04199258242189045
C,2025-08-06,32,366.6116910022534,11.249191657700372,0.025998528857552657
C,2025-08-06,33,364.37770114252885,9.233067245205334,0.021338970169814564
C,2025-08-06,34,362.33024435218294,14.259369856055956,0.03295549137874433
C,2025-08-06,35,363.669927398219,18.789838192706476,0.043426066987437936
C,2025-08-06,36,369.36647108159906,15.342319099800784,0.03545834563009775
C,2025-08-06,37,369.4864655541081,11.71585190162829,0.02707704900260926
C,2025-08-06,38,361.25671855659436,11.731702482756969,0.027113682016200142
C,2025-08-06,39,355.3636233112064,11.152893614805443,0.025775969981918615
C,2025-08-06,40,356.43722047660634,7.741700167365983,0.017892202509502818
C,2025-08-06,41,358.27658807413775,6.511995375107132,0.015050174699804342
C,2025-08-06,42,357.32134019570685,1.9593177333308276,0.004528270135414292
C,2025-08-06,43,351.92208973323454,0.0896320782001407,0.00020715285529459537
C,2025-08-06,44,346.8131737415077,0.000543453360576239,1.2560002805182583e-06
C,2025-08-06,45,332.649954881719,0.0,0.0
C,2025-08-06,46,332.7692026120283,0.0,0.0
C,2025-08-06,47,335.2792186976991,0.0,0.0
C,2025-08-07,0,334.09271700898955,0.0,0.0
C,2025-08-07,1,325.37269408886453,0.0,0.0
C,2025-08-07,2,325.55132966400896,0.0,0.0
C,2025-08-07,3,321.5912722614153,0.0,0.0
C,2025-08-07,4,252.38928775839057,0.0,0.0
C,2025-08-07,5,220.24125420302823,0.0,0.0
C,2025-08-07,6,280.480830729477,0.0,0.0
C,2025-08-07,7,318.51604170915095,0.0,0.0
C,2025-08-07,8,294.3411201106686,0.0,0.0
C,2025-08-07,9,274.7570179344922,0.0,0.0
C,2025-08-07,10,263.844475436713,8.848153573178418e-05,5.135854919944288e-07
C,2025-08-07,11,271.78216111378026,0.014542558678945548,8.441136438481993e-05
C,2025-08-07,12,271.7301335951205,0.3106386743179291,0.001803082587373777
C,2025-08-07,13,266.2454294734727,0.8781986536183345,0.005097448680757911
C,2025-08-07,14,267.25102630878513,0.6665072882575784,0.0038686995057961855
C,2025-08-07,15,276.9527298853289,1.0140772866105907,0.0058861476335925434
C,2025-08-07,16,299.5834525890259,0.6303734010757244,0.0036589626372791374
C,2025-08-07,17,310.1655705941559,1.120595851831449,0.006504427925328525
C,2025-08-07,18,319.31351204075884,1.9997322860215077,0.01160731989425191
C,2025-08-07,19,327.63274109967676,3.3409224641688913,0.019392173669732712
C,2025-08-07,20,337.0821694734923,5.304285027188168,0.03078838780132671
C,2025-08-07,21,345.86520288838005,8.333616794027911,0.04837195292617865
C,2025-08-07,22,349.8303149406464,9.061048114700753,0.052594282134528
C,2025-08-07,23,352.1597202316323,8.307849100824898,0.04822238597662493
C,2025-08-07,24,353.61276237351683,7.028797427866209,0.040798211234291504
C,2025-08-07,25,355.68561714838074,10.699428141353202,0.062104155636417045
C,2025-08-07,26,356.6103932402903,10.224011286467753,0.05934462849553495
C,2025-08-07,27,354.25450398150855,5.960294673703902,0.034596154407912035
C,2025-08-07,28,356.760348655136,8.799006292613466,0.05107327691002813
C,2025-08-07,29,360.1228754009297,17.580355024215624,0.10204406162115383
C,2025-08-07,30,359.70314710840233,8.015371130492705,0.04652471604980616
C,2025-08-07,31,360.3690159984569,3.2460856352471845,0.018841699279362814
C,2025-08-07,32,362.500085396146,3.53833776815645,0.020538058347107938
C,2025-08-07,33,365.3440090705732,3.9609378972073737,0.022991014135007565
C,2025-08-07,34,362.15159338627626,3.500115356300611,0.020316198768882476
C,2025-08-07,35,359.8714303655926,4.71018725748819,0.02733998477779565
C,2025-08-07,36,362.9156023957447,4.43172106230086,0.025723645315824405
C,2025-08-07,37,366.155210278917,4.199522818850009,0.024375865260735357
C,2025-08-07,38,363.8191416699679,7.75220087395395,0.044997160898723895
C,2025-08-07,39,368.0539947097224,12.479573486292923,0.07243689698455394
C,2025-08-07,40,364.4836713264337,8.580934371096582,0.04980749219939739
C,2025-08-07,41,358.5228993242554,5.147487261277681,0.029878265061223347
C,2025-08-07,42,357.96633415096306,1.3825982848176803,0.008025204518276315
C,2025-08-07,43,355.8663210129954,0.06218192091237866,0.000360931036976461
C,2025-08-07,44,341.8353434844164,0.00037604652686008274,2.182738340976322e-06
C,2025-08-07,45,335.88803893346284,0.0,0.0
C,2025-08-07,46,336.68106297360316,0.0,0.0
C,2025-08-07,47,333.642924986585,0.0,0.0
C,2025-08-08,0,355.1370844556295,0.0,0.0
C,2025-08-08,1,335.7099682287837,0.0,0.0
C,2025-08-08,2,330.14954052072875,0.0,0.0
C,2025-08-08,3,323.3191219658817,0.0,0.0
C,2025-08-08,4,323.727741628941,0.0,0.0
C,2025-08-08,5,339.5946594047086,0.0,0.0
C,2025-08-08,6,349.26968144112607,0.0,0.0
C,2025-08-08,7,360.5517477390486,0.0,0.0
C,2025-08-08,8,319.9056379115397,0.0,0.0
C,2025-08-08,9,320.0441137675034,0.0,0.0
C,2025-08-08,10,317.67716968297157,0.0001198077570492069,5.42831808469834e-07
C,2025-08-08,11,309.9409665118785,0.01969124205034648,8.921820086170774e-05
C,2025-08-08,12,286.589941523623,0.4206516202256047,0.0019059123162538363
C,2025-08-08,13,272.6434121105791,1.1946834988452626,0.005412940031594855
C,2025-08-08,14,271.3994599854056,1.0258651729817179,0.004648048346879317
C,2025-08-08,15,272.9498460855177,1.7985255789946817,0.008148862116031086
C,2025-08-08,16,288.04324284483044,0.9274592688130804,0.004202185272236904
C,2025-08-08,17,306.3613854027751,0.4271623081899368,0.0019354113120543302
C,2025-08-08,18,313.46155558232647,1.9743832563329147,0.008945648095286253
C,2025-08-08,19,317.48834591118884,5.203821493467442,0.023577770770659992
C,2025-08-08,20,328.2028884227545,8.629041772539363,0.03909695387107067
C,2025-08-08,21,336.94387969974235,13.573024001334723,0.06149743010398644
C,2025-08-08,22,343.65103803434,10.56161949144222,0.0478531870566204
C,2025-08-08,23,345.2937475707428,12.84789070071462,0.05821195485052984
C,2025-08-08,24,345.29601029611365,18.71581870619087,0.08479869722544307
C,2025-08-08,25,348.7384626529304,17.343337459144845,0.07858018103104564
C,2025-08-08,26,355.5859921440127,10.623780755597965,0.04813483085222685
C,2025-08-08,27,356.48687171959153,10.029856559315682,0.04544384528082107
C,2025-08-08,28,356.9686624319358,10.818649598845822,0.04901775370463625
C,2025-08-08,29,355.84455459551685,11.827501389890276,0.053588716851753426
C,2025-08-08,30,356.19434235063414,14.910720055347857,0.06755833956483773
C,2025-08-08,31,357.6111722890607,17.00831429865515,0.07706223901654646
C,2025-08-08,32,357.7064149347135,9.198108880759,0.04167531553231679
C,2025-08-08,33,357.59156463512267,5.599651373232874,0.025371219331684434
C,2025-08-08,34,357.84134002881365,5.991284088161847,0.02714565113924704
C,2025-08-08,35,358.7153916277468,5.93410062165674,0.026886561032712517
C,2025-08-08,36,360.8195774823046,4.81962228369589,0.02183701911158907
C,2025-08-08,37,360.0375673650489,4.063927394720645,0.018413073673186776
C,2025-08-08,38,353.7610258446282,4.422517828960044,0.020037795633703975
C,2025-08-08,39,354.8687868516496,4.0682348386043055,0.018432590085235866
C,2025-08-08,40,351.876021952107,4.739819944423481,0.02147544612821728
C,2025-08-08,41,346.74465897789344,1.8012479740873268,0.008161196898752233
C,2025-08-08,42,347.77713412397924,0.18257704077564518,0.0008272304537727775
C,2025-08-08,43,345.5809101238675,0.005757196771769233,2.6085034995293496e-05
C,2025-08-08,44,343.422112188764,3.249747303166783e-05,1.472414014831662e-07
C,2025-08-08,45,341.53710335142813,0.0,0.0
C,2025-08-08,46,332.25858588934096,0.0,0.0
C,2025-08-08,47,317.26399630285135,0.0,0.0
C,2025-08-09,0,327.9463312088247,0.0,0.0
C,2025-08-09,1,329.91423111078404,0.0,0.0
C,2025-08-09,2,338.17067657400565,0.0,0.0
C,2025-08-09,3,331.24695317208125,0.0,0.0
C,2025-08-09,4,324.2655969806045,0.0,0.0
C,2025-08-09,5,333.52862282964605,0.0,0.0
C,2025-08-09,6,316.7903538661988,0.0,0.0
C,2025-08-09,7,306.23129219828036,0.0,0.0
C,2025-08-09,8,340.7327747298859,0.0,0.0
C,2025-08-09,9,338.56878902103045,0.0,0.0
C,2025-08-09,10,338.74380877697934,0.0,0.0
C,2025-08-09,11,315.67604598905154,0.0,0.0
C,2025-08-09,12,298.18987803570604,9.53793949481409e-05,7.423243112998613e-07
C,2025-08-09,13,281.00270650683143,0.015676270041246634,0.00012200618769332919
C,2025-08-09,14,268.31995050048863,0.33474618783060184,0.00260528213118476
C,2025-08-09,15,268.9973780267631,0.9288154167772801,0.007228838733552137
C,2025-08-09,16,281.29451850545945,0.35513912391737956,0.002763997462145186
C,2025-08-09,17,298.87239770731213,0.5457496986340908,0.004247492547011117
C,2025-08-09,18,305.5206174804634,3.516588739361117,0.027369111698500766
C,2025-08-09,19,317.10369199873304,7.547570089276215,0.058741668172205205
C,2025-08-09,20,324.95873638671833,5.526331364782524,0.04301065368057223
C,2025-08-09,21,333.8993753398989,5.99257658285707,0.04663937412477533
C,2025-08-09,22,338.0967111938948,7.539895208519645,0.05868193566315514
C,2025-08-09,23,343.17320162538937,10.127909759560213,0.0788240860749895
C,2025-08-09,24,344.49053276853357,11.043676781963953,0.08595137100468103
C,2025-08-09,25,344.31163225345693,11.461621116196337,0.08920417251636414
C,2025-08-09,26,346.8320405204335,10.211527120878674,0.07947486814576263
C,2025-08-09,27,348.8278659109782,11.814439245291721,0.09195010600479987
C,2025-08-09,28,349.26473121071353,11.146836126246663,0.08675424555888055
C,2025-08-09,29,348.1921983814591,5.238345241969675,0.04076929850740092
C,2025-08-09,30,349.75285179344877,0.999792561924809,0.007781243793558199
C,2025-08-09,31,347.4683740229524,0.3857681151161216,0.0030023785591292663
C,2025-08-09,32,348.8070644154098,1.1525341855453453,0.00897001019978866
C,2025-08-09,33,347.79775726600633,1.5279037995691678,0.011891458698855282
C,2025-08-09,34,349.47175285997787,2.0824301330394857,0.016207258550749965
C,2025-08-09,35,349.2547254261846,1.2592433964050853,0.009800512862380274
C,2025-08-09,36,348.6803707152311,1.965698187768986,0.015298750366914964
C,2025-08-09,37,351.4197226520409,2.1004008928972246,0.016347122427451892
C,2025-08-09,38,350.6541147475586,2.823858435020019,0.02197768993108294
C,2025-08-09,39,348.6743034702508,3.792680449877587,0.029517894346746475
C,2025-08-09,40,349.1309030544447,3.4058826067534875,0.026507501560490226
C,2025-08-09,41,347.19839992213133,1.785849265395035,0.013899011696819032
C,2025-08-09,42,346.1207537833231,1.4005287640660753,0.010900116852348093
C,2025-08-09,43,340.72457028076974,0.4371338652186388,0.0034021509113231936
C,2025-08-09,44,330.71341286702597,0.020133684537418366,0.00015669761289945224
C,2025-08-09,45,325.37751008397237,0.00012220336615057975,9.510914769964376e-07
C,2025-08-09,46,323.1114730471678,0.0,0.0
C,2025-08-09,47,320.2287180322334,0.0,0.0
C,2025-08-10,0,315.9094746885362,0.0,0.0
C,2025-08-10,1,323.94415221313915,0.0,0.0
C,2025-08-10,2,301.3078013459969,0.0,0.0
C,2025-08-10,3,293.7019128320233,0.0,0.0
C,2025-08-10,4,307.1209012352259,0.0,0.0
C,2025-08-10,5,310.1866280172468,0.0,0.0
C,2025-08-10,6,329.1810878797927,0.0,0.0
C,2025-08-10,7,375.3022388517,0.0,0.0
C,2025-08-10,8,399.43111157410397,0.0,0.0
C,2025-08-10,9,376.0248297389235,0.0,0.0
C,2025-08-10,10,332.43987040048444,0.0,0.0
C,2025-08-10,11,275.8689428602032,0.0,0.0
C,2025-08-10,12,266.4004502188912,0.0,0.0
C,2025-08-10,13,265.3841040636452,0.0,0.0
C,2025-08-10,14,269.3699887729324,0.0,0.0
C,2025-08-10,15,272.4241442080744,0.0,0.0
C,2025-08-10,16,279.7654011139962,0.0,0.0
C,2025-08-10,17,292.12269706229637,0.0,0.0
C,2025-08-10,18,301.2812925825265,0.0,0.0
C,2025-08-10,19,299.10902361095265,0.0,0.0
C,2025-08-10,20,299.6711109854685,0.0,0.0
C,2025-08-10,21,306.245145603967,0.0,0.0
C,2025-08-10,22,316.43000096210596,0.0015569063379962103,1.0177414964093922e-05
C,2025-08-10,23,318.62973093924876,0.2580199147416059,0.0016866626316809623
C,2025-08-10,24,316.5462188349759,5.8178902863500035,0.038031243251255446
C,2025-08-10,25,317.84319411221236,23.201198066445524,0.15166501325330492
C,2025-08-10,26,325.29665776794525,38.41703264158543,0.2511301247483957
C,2025-08-10,27,327.0190079775092,46.258600403675594,0.30239004137675696
C,2025-08-10,28,329.2931287035251,28.2542592158444,0.184696608604482
C,2025-08-10,29,329.02717614655114,9.242875318901048,0.060420190531761384
C,2025-08-10,30,331.1820782748624,1.4664435111421255,0.00958606421597895
C,2025-08-10,31,330.52851901328097,0.05837775579005009,0.0003816123236498268
C,2025-08-10,32,327.8214634602305,0.00034597918622138,2.261647769798649e-06
C,2025-08-10,33,332.1393550343711,0.0,0.0
C,2025-08-10,34,330.70791773084784,0.0,0.0
C,2025-08-10,35,325.3357668286143,0.0,0.0
C,2025-08-10,36,325.995502385609,0.0,0.0
C,2025-08-10,37,325.9824475367922,0.0,0.0
C,2025-08-10,38,327.667664142593,0.0,0.0
C,2025-08-10,39,326.01844608536203,0.0,0.0
C,2025-08-10,40,319.18803775570575,0.0,0.0
C,2025-08-10,41,321.41928785905026,0.0,0.0
C,2025-08-10,42,323.4190868703874,0.0,0.0
C,2025-08-10,43,318.3537980077077,0.0,0.0
C,2025-08-10,44,317.68388879345997,0.0,0.0
C,2025-08-10,45,316.4732562911587,0.0,0.0
C,2025-08-10,46,314.43893924586024,0.0,0.0
C,2025-08-10,47,311.4849590702812,0.0,0.0
C,2025-08-11,0,320.7198248352341,0.0,0.0
C,2025-08-11,1,315.7004965890068,0.0,0.0
C,2025-08-11,2,316.4660664639458,0.0,0.0
C,2025-08-11,3,318.8130948849222,0.0,0.0
C,2025-08-11,4,308.7798287803393,0.0,0.0
C,2025-08-11,5,330.1855425436946,0.0,0.0
C,2025-08-11,6,325.0251627732166,0.0,0.0
C,2025-08-11,7,316.5000485367973,0.0,0.0
C,2025-08-11,8,304.77866670620256,0.0,0.0
C,2025-08-11,9,290.97003033001084,0.0,0.0
C,2025-08-11,10,298.7044808426092,0.0,0.0
C,2025-08-11,11,268.4661569210129,0.0,0.0
C,2025-08-11,12,258.5605774412492,0.0,0.0
C,2025-08-11,13,272.8762578810633,0.0,0.0
C,2025-08-11,14,259.7765375135238,0.0,0.0
C,2025-08-11,15,264.1892669124049,0.00032279264604467156,7.182379318474389e-07
C,2025-08-11,16,283.6757335002329,0.05360091611369642,0.00011926607252787778
C,2025-08-11,17,299.1383349547576,1.2243591292819922,0.002724291211802672
C,2025-08-11,18,314.1982224284244,5.306215557098409,0.011806728977151612
C,2025-08-11,19,327.2254264507926,11.756982912165496,0.026160171847380967
C,2025-08-11,20,331.63976807644286,19.872685332055738,0.044218220545133954
C,2025-08-11,21,339.2157475070535,18.83032387434139,0.041898887850291125
C,2025-08-11,22,347.0373318542757,22.826823090843266,0.05079139939621084
C,2025-08-11,23,350.75004775846855,37.34549960910922,0.08309654737098283
C,2025-08-11,24,349.91281717122615,38.02886007002703,0.08461707582840003
C,2025-08-11,25,351.4191438271609,29.86031616498107,0.06644145084915785
C,2025-08-11,26,354.76266864758674,25.038295959950936,0.05571209297243562
C,2025-08-11,27,359.17825943353535,32.09778993788125,0.07141999839323143
C,2025-08-11,28,360.6901426945427,32.61756155849931,0.07257652936876687
C,2025-08-11,29,360.59678685154773,32.814245789081816,0.07301416658489178
C,2025-08-11,30,359.72819367475313,18.66437342286086,0.041529635605789775
C,2025-08-11,31,360.7579681764459,8.720748485907068,0.01940432173232582
C,2025-08-11,32,358.6624435855029,8.705662647538787,0.019370754606548368
C,2025-08-11,33,359.27098797333235,8.759833974630283,0.019491289886432787
C,2025-08-11,34,359.1769275675474,7.959921590783045,0.017711424628430332
C,2025-08-11,35,358.74104834489816,12.501901860256828,0.027817672571846183
C,2025-08-11,36,358.828441146395,13.536289840108223,0.030119263678334715
C,2025-08-11,37,362.58647690463476,10.30564330683992,0.022930831993110988
C,2025-08-11,38,365.9567411393712,14.401631762894786,0.03204471458491173
C,2025-08-11,39,364.2901146564268,14.739834806940276,0.03279724181214641
C,2025-08-11,40,361.52757734234245,15.279874534970508,0.033998870852115955
C,2025-08-11,41,355.4926237571365,6.983301435122591,0.015538371278556262
C,2025-08-11,42,349.97131912450874,1.1443815407698221,0.002546335057996191
C,2025-08-11,43,342.72474799388556,0.04544893989465194,0.00010112731189692548
C,2025-08-11,44,337.2427832671415,0.0002691564057653455,5.988932603924265e-07
C,2025-08-11,45,329.6301692566609,0.0,0.0
C,2025-08-11,46,328.566775896669,0.0,0.0
C,2025-08-11,47,339.9038599374191,0.0,0.0
C,2025-08-12,0,329.1038167824948,0.0,0.0
C,2025-08-12,1,327.67831450806574,0.0,0.0
C,2025-08-12,2,320.1578626386914,0.0,0.0
C,2025-08-12,3,293.1878311184819,0.0,0.0
C,2025-08-12,4,281.5815757853382,0.0,0.0
C,2025-08-12,5,274.1979845815117,0.0,0.0
C,2025-08-12,6,277.94018804890385,0.0,0.0
C,2025-08-12,7,290.2153922730443,0.0,0.0
C,2025-08-12,8,291.4805609432408,0.0,0.0
C,2025-08-12,9,274.63772502073596,0.0,0.0
C,2025-08-12,10,277.94655246252626,0.0,0.0
C,2025-08-12,11,277.5546137259745,0.0,0.0
C,2025-08-12,12,250.86707159101294,0.0,0.0
C,2025-08-12,13,240.47658540834058,0.0,0.0
C,2025-08-12,14,252.87136963575168,0.0,0.0
C,2025-08-12,15,264.8511110948265,0.0,0.0
C,2025-08-12,16,283.48705675591145,0.0018975534671193406,1.4910649943944928e-06
C,2025-08-12,17,298.00775381890884,0.3139145288165143,0.0002466686569104765
C,2025-08-12,18,307.8772564086101,7.001094620074,0.00550134016844513
C,2025-08-12,19,315.26694204556475,26.68077091501059,0.020965292532823795
C,2025-08-12,20,320.2578426512883,49.48631600716674,0.038885499027253266
C,2025-08-12,21,326.8497264887846,83.27581273016591,0.0654367064714137
C,2025-08-12,22,331.2448562935112,71.90219025526486,0.05649950885055907
C,2025-08-12,23,332.7775915360314,72.1331601478728,0.056681001033833146
C,2025-08-12,24,335.0843031740622,118.35924654450315,0.09300466750659245
C,2025-08-12,25,338.5381954698428,136.94921130525137,0.10761234322276533
C,2025-08-12,26,339.6938166129962,71.81109292081202,0.05642792612636238
C,2025-08-12,27,342.2845499904131,51.07513756619168,0.040133967779281514
C,2025-08-12,28,344.72918829163365,54.05761654551456,0.04247754864782844
C,2025-08-12,29,348.03930876872346,61.942860099325095,0.048673637895954094
C,2025-08-12,30,347.2734736852604,45.39726656171713,0.035672394050709974
C,2025-08-12,31,347.74073598812595,33.07703244776501,0.025991365226817807
C,2025-08-12,32,346.9744863868568,30.13946715792918,0.023683076765743813
C,2025-08-12,33,344.88010479295315,30.548659321579507,0.02400461295524881
C,2025-08-12,34,346.9342593694612,40.79849024658586,0.032058754435615275
C,2025-08-12,35,345.7418215196904,57.69882106759568,0.04533874475870705
C,2025-08-12,36,343.6556805912499,66.71330126050371,0.05242216880509906
C,2025-08-12,37,342.7796274628276,40.213782330557585,0.03159930097586184
C,2025-08-12,38,342.0729525132025,27.139621933900838,0.02132584979972818
C,2025-08-12,39,340.60008459374416,26.739932533134066,0.021011780718439753
C,2025-08-12,40,341.6562443454403,30.00655547768625,0.023578637045235044
C,2025-08-12,41,339.4735020185092,19.217395063438357,0.015100699695193537
C,2025-08-12,42,338.1486995992636,4.56530671333111,0.0035873397755985742
C,2025-08-12,43,336.90883315719674,1.835176246769661,0.0014420500436578296
C,2025-08-12,44,332.1866074401561,5.911396883933797,0.004645074362509135
C,2025-08-12,45,326.1474047390648,5.910217713511076,0.004644147790599457
C,2025-08-12,46,322.3740090430352,1.6392313721671197,0.0012880799192774065
C,2025-08-12,47,321.7391617431773,0.07422392845780897,5.832389094041783e-05
C,2025-08-13,0,343.12262975223535,0.0,0.0
C,2025-08-13,1,339.2129073240094,0.0,0.0
C,2025-08-13,2,344.0182657329968,0.0,0.0
C,2025-08-13,3,338.7030075987643,0.0,0.0
C,2025-08-13,4,313.89475769578155,0.0,0.0
C,2025-08-13,5,301.5994045308758,0.0,0.0
C,2025-08-13,6,310.4837281704515,0.0,0.0
C,2025-08-13,7,339.04338186214545,0.0,0.0
C,2025-08-13,8,340.82064243244605,0.0,0.0
C,2025-08-13,9,321.2148120094584,0.0,0.0
C,2025-08-13,10,294.0852102573993,0.0,0.0
C,2025-08-13,11,266.5718184492819,0.0,0.0
C,2025-08-13,12,257.4705784020804,0.0,0.0
C,2025-08-13,13,257.7107675602013,0.0,0.0
C,2025-08-13,14,272.3149363828229,8.117466436828558e-05,1.0370644518040662e-06
C,2025-08-13,15,281.4223199889692,0.013494422680434796,0.00017240091065858556
C,2025-08-13,16,293.2193099514638,0.310250036617546,0.0039636663317412155
C,2025-08-13,17,307.9853129501524,1.3667584667305588,0.01746131790108477
C,2025-08-13,18,319.0297644912473,2.6407842403329638,0.033737909258343676
C,2025-08-13,19,324.64325945515884,3.2778122561078824,0.04187639822044348
C,2025-08-13,20,327.6986758187759,3.4044811293420216,0.04349468376068557
C,2025-08-13,21,336.8959809811356,5.918068511515545,0.0756075620933719
C,2025-08-13,22,342.90340750303574,4.412522858931882,0.05637313853260532
C,2025-08-13,23,345.9388666629406,2.6715573034362676,0.03413105717051451
C,2025-08-13,24,345.91070721448654,4.5145987676588675,0.05767723134469351
C,2025-08-13,25,348.61779445566117,8.104239842829704,0.10353746597289892
C,2025-08-13,26,347.66736012778824,4.37812945423534,0.05593373816470888
C,2025-08-13,27,347.18367349060395,2.87017199400451,0.03666850203459038
C,2025-08-13,28,349.1178098595863,3.0257519766572987,0.038656147695673486
C,2025-08-13,29,351.44615194385744,3.450447738311667,0.044081940098649824
C,2025-08-13,30,355.0069806143131,2.9595257938974537,0.03781006079832196
C,2025-08-13,31,359.78922200121735,3.286906400199842,0.04199258242189045
C,2025-08-13,32,359.3144340486337,2.034995848531648,0.025998528857552657
C,2025-08-13,33,357.12491085060674,1.6702758815869803,0.021338970169814564
C,2025-08-13,34,355.11820785689986,2.5795416544341445,0.03295549137874433
C,2025-08-13,35,356.43122505549223,3.399110254341223,0.043426066987437936
C,2025-08-13,36,362.01438134827515,2.775448816677456,0.03545834563009775
C,2025-08-13,37,362.13198737949773,2.1194153951057357,0.02707704900260926
C,2025-08-13,38,354.0660501566804,2.122282789295042,0.027113682016200142
C,2025-08-13,39,348.29025458097885,2.017575386379707,0.025775969981918615
C,2025-08-13,40,349.34248223042255,1.4004853131275687,0.017892202509502818
C,2025-08-13,41,351.145237962264,1.178029849365135,0.015050174699804342
C,2025-08-13,42,350.2090039052534,0.35444355244435055,0.004528270135414292
C,2025-08-13,43,344.91722333244525,0.016214579018901512,0.00020715285529459537
C,2025-08-13,44,339.909998240548,9.831153795714589e-05,1.2560002805182583e-06
C,2025-08-13,45,326.0286925053182,0.0,0.0
C,2025-08-13,46,326.14556665794146,0.0,0.0
C,2025-08-13,47,328.6056218918871,0.0,0.0
C,2025-08-14,0,324.5504726498467,0.0,0.0
C,2025-08-14,1,316.0795081056902,0.0,0.0
C,2025-08-14,2,316.25304155132835,0.0,0.0
C,2025-08-14,3,312.40608998279805,0.0,0.0
C,2025-08-14,4,245.1806293985743,0.0,0.0
C,2025-08-14,5,213.95079721736207,0.0,0.0
C,2025-08-14,6,272.46983112183204,0.0,0.0
C,2025-08-14,7,309.418693136258,0.0,0.0
C,2025-08-14,8,285.93424755689114,0.0,0.0
C,2025-08-14,9,266.909499952082,0.0,0.0
C,2025-08-14,10,256.3086378405908,9.936230660662894e-05,5.135854919944288e-07
C,2025-08-14,11,264.0196099961699,0.0163308894036659,8.441136438481993e-05
C,2025-08-14,12,263.969068470084,0.34883860170577113,0.001803082587373777
C,2025-08-14,13,258.6410166317751,0.9861926916240034,0.005097448680757911
C,2025-08-14,14,259.6178919468603,0.7484691691174258,0.0038686995057961855
C,2025-08-14,15,269.042498713105,1.1387806217611187,0.0058861476335925434
C,2025-08-14,16,291.02685028966107,0.7078918176128564,0.0036589626372791374
C,2025-08-14,17,301.30672538226594,1.2583980114146665,0.006504427925328525
C,2025-08-14,18,310.19338638717556,2.245643804569139,0.01160731989425191
C,2025-08-14,19,318.2750044102392,3.751763116318481,0.019392173669732712
C,2025-08-14,20,327.45454137365704,5.956564732308295,0.03078838780132671
C,2025-08-14,21,335.9867167279151,9.358420151526637,0.04837195292617865
C,2025-08-14,22,339.838578576906,10.175305316574649,0.052594282134528
C,2025-08-14,23,342.10145217364527,9.329483747887075,0.04822238597662493
C,2025-08-14,24,343.5129930122206,7.8931442512547845,0.040798211234291504
C,2025-08-14,25,345.52664360280943,12.01516057225077,0.062104155636417045
C,2025-08-14,26,346.42500654951334,11.481280651311305,0.05934462849553495
C,2025-08-14,27,344.13640541120196,6.693245341374484,0.034596154407912035
C,2025-08-14,28,346.57067898799176,9.88103962990163,0.05107327691002813
C,2025-08-14,29,349.83716637034235,19.742250309315224,0.10204406162115383
C,2025-08-14,30,349.429426216819,9.001039112252293,0.04652471604980616
C,2025-08-14,31,350.0762767825086,3.645263992009837,0.018841699279362814
C,2025-08-14,32,352.1464792893505,3.9734550184924435,0.020538058347107938
C,2025-08-14,33,354.9091757676775,4.44802322357023,0.022991014135007565
C,2025-08-14,34,351.807940791623,3.930532311798278,0.020316198768882476
C,2025-08-14,35,349.59290302394345,5.28940944099209,0.02733998477779565
C,2025-08-14,36,352.5501284314842,4.976699639597384,0.025723645315824405
C,2025-08-14,37,355.6972077186255,4.715947462677422,0.024375865260735357
C,2025-08-14,38,353.4278611193804,8.705506225038224,0.044997160898723895
C,2025-08-14,39,357.5417597040598,14.014214342117983,0.07243689698455394
C,2025-08-14,40,354.07341070222276,9.636150920083793,0.04980749219939739
C,2025-08-14,41,348.2828882748425,5.780485197038252,0.029878265061223347
C,2025-08-14,42,347.74221952974204,1.5526194652214302,0.008025204518276315
C,2025-08-14,43,345.7021862641263,0.06982856976865826,0.000360931036976461
C,2025-08-14,44,332.0719568194145,0.0004222898030781729,2.182738340976322e-06
C,2025-08-14,45,326.2945171904248,0.0,0.0
C,2025-08-14,46,327.0648911433635,0.0,0.0
C,2025-08-14,47,324.11352743663633,0.0,0.0
C,2025-08-15,0,347.32997722752344,0.0,0.0
C,2025-08-15,1,328.32993433701574,0.0,0.0
C,2025-08-15,2,322.89174352634774,0.0,0.0
C,2025-08-15,3,316.2114805379133,0.0,0.0
C,2025-08-15,4,316.61111736683705,0.0,0.0
C,2025-08-15,5,332.1292269390209,0.0,0.0
C,2025-08-15,6,341.59155945981547,0.0,0.0
C,2025-08-15,7,352.62560800572686,0.0,0.0
C,2025-08-15,8,312.8730363405733,0.0,0.0
C,2025-08-15,9,313.00846803161215,0.0,0.0
C,2025-08-15,10,310.6935573366634,0.00028896245389507677,5.42831808469834e-07
C,2025-08-15,11,303.1274219234552,0.047492998477327804,8.921820086170774e-05
C,2025-08-15,12,280.28973097985164,1.0145630584287388,0.0019059123162538363
C,2025-08-15,13,266.64979317707133,2.881438430672703,0.005412940031594855
C,2025-08-15,14,265.4331873022697,2.4742681530090205,0.004648048346879317
C,2025-08-15,15,266.94949070288817,4.337835691940343,0.008148862116031086
C,2025-08-15,16,281.7110838514433,2.236924493076765,0.004202185272236904
C,2025-08-15,17,299.6265320431017,1.0302660848191405,0.0019354113120543302
C,2025-08-15,18,306.5706166085176,4.7619840712399695,0.008945648095286253
C,2025-08-15,19,310.5088845462849,12.551015605497888,0.023577770770659992
C,2025-08-15,20,320.9878853869036,20.81225078215921,0.03909695387107067
C,2025-08-15,21,329.5367202849428,32.73656413241749,0.06149743010398644
C,2025-08-15,22,336.0964327272187,25.473404732047108,0.0478531870566204
C,2025-08-15,23,337.70302998457026,30.987626475048934,0.05821195485052984
C,2025-08-15,24,337.70524296762926,45.140390181706486,0.08479869722544307
C,2025-08-15,25,341.07201864675267,41.83012414518844,0.07858018103104564
C,2025-08-15,26,347.7690164155102,25.62333051206389,0.04813483085222685
C,2025-08-15,27,348.6500916289032,24.190854039652326,0.04544384528082107
C,2025-08-15,28,349.12129096141865,26.09333162484216,0.04901775370463625
C,2025-08-15,29,348.0218947949407,28.52656546826448,0.053588716851753426
C,2025-08-15,30,348.36399303907535,35.96293230634664,0.06755833956483773
C,2025-08-15,31,349.74967629151087,41.022087028467986,0.07706223901654646
C,2025-08-15,32,349.8428251835687,22.18477483295656,0.04167531553231679
C,2025-08-15,33,349.73049967973515,13.505711496641519,0.025371219331684434
C,2025-08-15,34,349.97478417042885,14.450284311613657,0.02714565113924704
C,2025-08-15,35,350.8296211763092,14.312364403833762,0.026886561032712517
C,2025-08-15,36,352.8875499506762,11.624371545259452,0.02183701911158907
C,2025-08-15,37,352.12273104522603,9.801722871312846,0.018413073673186776
C,2025-08-15,38,345.9841690116468,10.666601526695398,0.020037795633703975
C,2025-08-15,39,347.06757770700193,9.812111927792106,0.018432590085235866
C,2025-08-15,40,344.1406038428142,11.431897532301749,0.02147544612821728
C,2025-08-15,41,339.1220454804519,4.344401794051074,0.008161196898752233
C,2025-08-15,42,340.13182335123577,0.4403547067971854,0.0008272304537727775
C,2025-08-15,43,337.9838797392228,0.013885692777338116,2.6085034995293496e-05
C,2025-08-15,44,335.872539441468,7.838014652726511e-05,1.472414014831662e-07
C,2025-08-15,45,334.02896943652433,0.0,0.0
C,2025-08-15,46,324.9544249863106,0.0,0.0
C,2025-08-15,47,310.28946689669107,0.0,0.0
C,2025-08-16,0,304.7544540945356,0.0,0.0
C,2025-08-16,1,306.58318704033104,0.0,0.0
C,2025-08-16,2,314.25574895200305,0.0,0.0
C,2025-08-16,3,307.8216609782869,0.0,0.0
C,2025-08-16,4,301.3340159202356,0.0,0.0
C,2025-08-16,5,309.9419743489294,0.0,0.0
C,2025-08-16,6,294.3874108883774,0.0,0.0
C,2025-08-16,7,284.57507036761103,0.0,0.0
C,2025-08-16,8,316.63665933436283,0.0,0.0
C,2025-08-16,9,314.6257074784914,0.0,0.0
C,2025-08-16,10,314.7883500974326,0.0,0.0
C,2025-08-16,11,293.35190520809886,0.0,0.0
C,2025-08-16,12,277.10233306260693,0.00021225130568134674,7.423243112998613e-07
C,2025-08-16,13,261.13061275884775,0.03488498523477823,0.00012200618769332919
C,2025-08-16,14,249.34476240680945,0.7449231092053961,0.00260528213118476
C,2025-08-16,15,249.97428326529078,2.0669274014070953,0.007228838733552137
C,2025-08-16,16,261.40178824665486,0.7903042663562487,0.002763997462145186
C,2025-08-16,17,277.73658595747054,1.2144770489817946,0.004247492547011117
C,2025-08-16,18,283.9146535095575,7.825595369728926,0.027369111698500766
C,2025-08-16,19,294.67859021389535,16.79588769714229,0.058741668172205205
C,2025-08-16,20,301.97813753776666,12.297950185578657,0.04301065368057223
C,2025-08-16,21,310.2865077927091,13.33550296474876,0.04663937412477533
C,2025-08-16,22,314.1870142936384,16.778808500294623,0.05868193566315514
C,2025-08-16,23,318.90450286703896,22.538013283249597,0.0788240860749895
C,2025-08-16,24,320.128674309698,24.575903608626437,0.08595137100468103
C,2025-08-16,25,319.9624253731465,25.505970639258965,0.08920417251636414
C,2025-08-16,26,322.30459411358197,22.724090099181616,0.07947486814576263
C,2025-08-16,27,324.1592776989158,26.291109909740417,0.09195010600479987
C,2025-08-16,28,324.5652485339697,24.805467924159597,0.08675424555888055
C,2025-08-16,29,323.56856363228746,11.657083983624132,0.04076929850740092
C,2025-08-16,30,325.0188499545907,2.224875475404509,0.007781243793558199
C,2025-08-16,31,322.89592705658947,0.8584640966547129,0.0030023785591292663
C,2025-08-16,32,324.1399472541966,2.564777076405172,0.00897001019978866
C,2025-08-16,33,323.2020168062591,3.400101002846293,0.011891458698855282
C,2025-08-16,34,324.75762991989563,4.634109022898836,0.016207258550749965
C,2025-08-16,35,324.555950343651,2.802241041714667,0.009800512862380274
C,2025-08-16,36,324.02221314418887,4.374341094911261,0.015298750366914964
C,2025-08-16,37,326.56784218354437,4.674100021436464,0.016347122427451892
C,2025-08-16,38,325.85637693213897,6.284036926614683,0.02197768993108294
C,2025-08-16,39,324.01657496575575,8.439992494776526,0.029517894346746475
C,2025-08-16,40,324.4408845060025,7.579236906187849,0.026507501560490226
C,2025-08-16,41,322.64504512291415,3.974116616448072,0.013899011696819032
C,2025-08-16,42,321.6436085173299,3.1166486113581855,0.010900116852348093
C,2025-08-16,43,316.6290350916939,0.9727702057728181,0.0034021509113231936
C,2025-08-16,44,307.32585185060066,0.044804235061114576,0.00015669761289945224
C,2025-08-16,45,302.36729618157705,0.0002719436838346374,9.510914769964376e-07
C,2025-08-16,46,300.26150991598945,0.0,0.0
C,2025-08-16,47,297.5826190510534,0.0,0.0
C,2025-08-17,0,298.90766945956153,0.0,0.0
C,2025-08-17,1,306.5099318991608,0.0,0.0
C,2025-08-17,2,285.0918377143081,0.0,0.0
C,2025-08-17,3,277.8952874616683,0.0,0.0
C,2025-08-17,4,290.59208471366827,0.0,0.0
C,2025-08-17,5,293.4928183764275,0.0,0.0
C,2025-08-17,6,311.4650230269986,0.0,0.0
C,2025-08-17,7,355.1039982853297,0.0,0.0
C,2025-08-17,8,377.9342888907349,0.0,0.0
C,2025-08-17,9,355.7877003436033,0.0,0.0
C,2025-08-17,10,314.5484224391115,0.0,0.0
C,2025-08-17,11,261.02206294355443,0.0,0.0
C,2025-08-17,12,252.063151307555,0.0,0.0
C,2025-08-17,13,251.10150347813084,0.0,0.0
C,2025-08-17,14,254.87287345797134,0.0,0.0
C,2025-08-17,15,257.7626585275252,0.0,0.0
C,2025-08-17,16,264.7088192744179,0.0,0.0
C,2025-08-17,17,276.40106287163894,0.0,0.0
C,2025-08-17,18,285.0667556153397,0.0,0.0
C,2025-08-17,19,283.0113951157135,0.0,0.0
C,2025-08-17,20,283.54323173541235,0.0,0.0
C,2025-08-17,21,289.7634610232463,0.0,0.0
C,2025-08-17,22,299.4001817385257,0.002946353490173219,1.0177414964093922e-05
C,2025-08-17,23,301.48152533088347,0.4882874825415332,0.0016866626316809623
C,2025-08-17,24,299.51014492833934,11.01001449624385,0.038031243251255446
C,2025-08-17,25,300.73731881366723,43.90690000482117,0.15166501325330492
C,2025-08-17,26,307.7896475003367,72.70197021056075,0.2511301247483957
C,2025-08-17,27,309.41930323523206,87.54167506653803,0.30239004137675696
C,2025-08-17,28,311.5710339706058,53.46952043371065,0.184696608604482
C,2025-08-17,29,311.3193946075564,17.491596822792495,0.060420190531761384
C,2025-08-17,30,313.35832292308737,2.775157921674533,0.00958606421597895
C,2025-08-17,31,312.73993730510097,0.11047646240676592,0.0003816123236498268
C,2025-08-17,32,310.1785716883918,0.000654745220038493,2.261647769798649e-06
C,2025-08-17,33,314.2640803888761,0.0,0.0
C,2025-08-17,34,312.9096810350882,0.0,0.0
C,2025-08-17,35,307.8266517661659,0.0,0.0
C,2025-08-17,36,308.4508812800015,0.0,0.0
C,2025-08-17,37,308.43852902485366,0.0,0.0
C,2025-08-17,38,310.03304963450336,0.0,0.0
C,2025-08-17,39,308.47259018198594,0.0,0.0
C,2025-08-17,40,302.0097848568603,0.0,0.0
C,2025-08-17,41,304.12095220639816,0.0,0.0
C,2025-08-17,42,306.0131248373572,0.0,0.0
C,2025-08-17,43,301.2204427230402,0.0,0.0
C,2025-08-17,44,300.58658708392807,0.0,0.0
C,2025-08-17,45,299.4411091263845,0.0,0.0
C,2025-08-17,46,297.5162761736801,0.0,0.0
C,2025-08-17,47,294.7212750715998,0.0,0.0
C,2025-08-18,0,295.26067049255687,0.0,0.0
C,2025-08-18,1,290.63978301182607,0.0,0.0
C,2025-08-18,2,291.34458096031443,0.0,0.0
C,2025-08-18,3,293.50529923084406,0.0,0.0
C,2025-08-18,4,284.2684867612959,0.0,0.0
C,2025-08-18,5,303.97498729142995,0.0,0.0
C,2025-08-18,6,299.224245138804,0.0,0.0
C,2025-08-18,7,291.3758654922887,0.0,0.0
C,2025-08-18,8,280.5849421055643,0.0,0.0
C,2025-08-18,9,267.8724531376096,0.0,0.0
C,2025-08-18,10,274.9929329689219,0.0,0.0
C,2025-08-18,11,247.1549662942756,0.0,0.0
C,2025-08-18,12,238.03570452018698,0.0,0.0
C,2025-08-18,13,251.21498773845448,0.0,0.0
C,2025-08-18,14,239.15514010985288,0.0,0.0
C,2025-08-18,15,243.21758134398988,0.0009344455052818142,7.182379318474389e-07
C,2025-08-18,16,261.15718702071644,0.1551681420105822,0.00011926607252787778
C,2025-08-18,17,275.3923471807334,3.5443709738355715,0.002724291211802672
C,2025-08-18,18,289.25676131634754,15.360849567498677,0.011806728977151612
C,2025-08-18,19,301.2498490410114,34.03503757773883,0.026160171847380967
C,2025-08-18,20,305.3137745212722,57.529010384732906,0.044218220545133954
C,2025-08-18,21,312.28836290996657,54.51150056542502,0.041898887850291125
C,2025-08-18,22,319.489059779458,66.08088039945521,0.05079139939621084
C,2025-08-18,23,322.9070554951377,108.11068554333295,0.08309654737098283
C,2025-08-18,24,322.1362853543362,110.08893107964415,0.08461707582840003
C,2025-08-18,25,323.5230378528467,86.4419885910256,0.06644145084915785
C,2025-08-18,26,326.60114935030276,72.48282575946305,0.05571209297243562
C,2025-08-18,27,330.6662248309025,92.91920340955393,0.07141999839323143
C,2025-08-18,28,332.058092843991,94.42387912199992,0.07257652936876687
C,2025-08-18,29,331.9721477085094,94.99325608110884,0.07301416658489178
C,2025-08-18,30,331.17250458106196,54.03109416402265,0.041529635605789775
C,2025-08-18,31,332.12053425145155,25.245507681799204,0.01940432173232582
C,2025-08-18,32,330.1913551117668,25.201836011984593,0.019370754606548368
C,2025-08-18,33,330.75159245932497,25.358655424496217,0.019491289886432787
C,2025-08-18,34,330.6649986901586,23.043006227203573,0.017711424628430332
C,2025-08-18,35,330.263720123736,36.19148745778618,0.027817672571846183
C,2025-08-18,36,330.34417557166296,39.18591502710542,0.030119263678334715
C,2025-08-18,37,333.8038935927829,29.833585693837225,0.022930831993110988
C,2025-08-18,38,336.90662189527114,41.69097479283479,0.03204471458491173
C,2025-08-18,39,335.372294377265,42.67003152864778,0.03279724181214641
C,2025-08-18,40,332.8290508467589,44.23338095037416,0.033998870852115955
C,2025-08-18,41,327.27315967952353,20.21580949268366,0.015538371278556262
C,2025-08-18,42,322.19014334693213,3.3128455688294944,0.002546335057996191
C,2025-08-18,43,315.51881440149197,0.13156916096069748,0.00010112731189692548
C,2025-08-18,44,310.4720151221941,0.0007791751041020566,5.988932603924265e-07
C,2025-08-18,45,303.4637002539434,0.0,0.0
C,2025-08-18,46,302.48472043369105,0.0,0.0
C,2025-08-18,47,312.9218520859737,0.0,0.0
C,2025-08-19,0,297.5460521873025,0.0,0.0
C,2025-08-19,1,296.25724132425285,0.0,0.0
C,2025-08-19,2,289.4579255755819,0.0,0.0
C,2025-08-19,3,265.0740503453864,0.0,0.0
C,2025-08-19,4,254.58071882216956,0.0,0.0
C,2025-08-19,5,247.90514016999174,0.0,0.0
C,2025-08-19,6,251.28850375139942,0.0,0.0
C,2025-08-19,7,262.38663865726045,0.0,0.0
C,2025-08-19,8,263.53049030519446,0.0,0.0
C,2025-08-19,9,248.30271389902802,0.0,0.0
C,2025-08-19,10,251.29425788140728,0.0,0.0
C,2025-08-19,11,250.93990214983174,0.0,0.0
C,2025-08-19,12,226.81142839807282,0.0,0.0
C,2025-08-19,13,217.4172859229518,0.0,0.0
C,2025-08-19,14,228.62353430571375,0.0,0.0
C,2025-08-19,15,239.45453837069567,0.0,0.0
C,2025-08-19,16,256.30348322476783,0.0006039457367375275,1.4910649943944928e-06
C,2025-08-19,17,269.43179066387023,0.09991146213472152,0.0002466686569104765
C,2025-08-19,18,278.35490666212314,2.2282804261155547,0.00550134016844513
C,2025-08-19,19,285.0359953522438,8.491849176431055,0.020965292532823795
C,2025-08-19,20,289.54831850489114,15.75030695959555,0.038885499027253266
C,2025-08-19,21,295.50810660914334,26.504692986642112,0.0654367064714137
C,2025-08-19,22,299.4817874221843,22.884741863258768,0.05649950885055907
C,2025-08-19,23,300.86754868414397,22.958254037947086,0.056681001033833146
C,2025-08-19,24,302.95306974598014,37.67090814180623,0.09300466750659245
C,2025-08-19,25,306.0757683136751,43.587647858447184,0.10761234322276533
C,2025-08-19,26,307.1205769468024,22.855747767585424,0.05642792612636238
C,2025-08-19,27,309.46288490377674,16.25599073801708,0.040133967779281514
C,2025-08-19,28,311.6731068412354,17.205242232472106,0.04247754864782844
C,2025-08-19,29,314.6658198697608,19.714926049018516,0.048673637895954094
C,2025-08-19,30,313.97342071152934,14.44886063796053,0.035672394050709974
C,2025-08-19,31,314.39587723273553,10.52762574383901,0.025991365226817807
C,2025-08-19,32,313.7031033048099,9.592669199042525,0.023683076765743813
C,2025-08-19,33,311.809551959425,9.722905246155435,0.02400461295524881
C,2025-08-19,34,313.66673365606385,12.985180484615805,0.032058754435615275
C,2025-08-19,35,312.58863867027253,18.364150261049932,0.04533874475870705
C,2025-08-19,36,310.7025377929495,21.2332430037575,0.05242216880509906
C,2025-08-19,37,309.91048939795724,12.799081985026202,0.03159930097586184
C,2025-08-19,38,309.2715775084012,8.637890445601261,0.02132584979972818
C,2025-08-19,39,307.93994289196706,8.510678899895137,0.021011780718439753
C,2025-08-19,40,308.8948274863442,9.550366600440547,0.023578637045235044
C,2025-08-19,41,306.92138831851554,6.116435726780215,0.015100699695193537
C,2025-08-19,42,305.72362120165695,1.4530275821957284,0.0035873397755985742
C,2025-08-19,43,304.60264555122774,0.584092564243307,0.0014420500436578296
C,2025-08-19,44,300.3332340525108,1.8814557840286599,0.004645074362509135
C,2025-08-19,45,294.873130491159,1.881080482377334,0.004644147790599457
C,2025-08-19,46,291.4615657038803,0.5217280123598624,0.0012880799192774065
C,2025-08-19,47,290.8875939108417,0.02362369542295785,5.832389094041783e-05
C,2025-08-20,0,335.2297257332513,0.0,0.0
C,2025-08-20,1,331.4099392672471,0.0,0.0
C,2025-08-20,2,336.1047592581583,0.0,0.0
C,2025-08-20,3,330.91176884587685,0.0,0.0
C,2025-08-20,4,306.6741870317479,0.0,0.0
C,2025-08-20,5,294.6616658166911,0.0,0.0
C,2025-08-20,6,303.3416219570686,0.0,0.0
C,2025-08-20,7,331.2443134263445,0.0,0.0
C,2025-08-20,8,332.9806913911806,0.0,0.0
C,2025-08-20,9,313.82585698047245,0.0,0.0
C,2025-08-20,10,287.3203217403099,0.0,0.0
C,2025-08-20,11,260.4398248273354,0.0,0.0
C,2025-08-20,12,251.54794204169997,0.0,0.0
C,2025-08-20,13,251.78260609069937,0.0,0.0
C,2025-08-20,14,266.0508329124182,0.00045766017230671575,1.0370644518040662e-06
C,2025-08-20,15,274.9487179357421,0.07608112527682111,0.00017240091065858556
C,2025-08-20,16,286.4743398758066,1.7491798250295594,0.0039636663317412155
C,2025-08-20,17,300.9006781764925,7.705740704361363,0.01746131790108477
C,2025-08-20,18,311.6910724552636,14.888657438389467,0.033737909258343676
C,2025-08-20,19,317.1754393083502,18.480201102075476,0.04187639822044348
C,2025-08-20,20,320.1605714470139,19.194356174983703,0.04349468376068557
C,2025-08-20,21,329.1463095467983,33.365881778272346,0.0756075620933719
C,2025-08-20,22,335.01554628805735,24.877663340423588,0.05637313853260532
C,2025-08-20,23,337.98118030171645,15.06215498804815,0.03413105717051451
C,2025-08-20,24,337.95366860950054,25.45316406272295,0.05767723134469351
C,2025-08-20,25,340.5984842955142,45.6914461149712,0.10353746597289892
C,2025-08-20,26,339.6699129585249,24.683754420169606,0.05593373816470888
C,2025-08-20,27,339.1973526414126,16.181938287621854,0.03666850203459038
C,2025-08-20,28,341.0869977661683,17.059093274617645,0.038656147695673486
C,2025-08-20,29,343.36178062991297,19.453514452324512,0.044081940098649824
C,2025-08-20,30,346.8406989963346,16.685712165512275,0.03781006079832196
C,2025-08-20,31,351.512933729671,18.53147359681873,0.04199258242189045
C,2025-08-20,32,351.04906739931266,11.473241779688989,0.025998528857552657
C,2025-08-20,33,348.90991014905734,9.416962222334762,0.021338970169814564
C,2025-08-20,34,346.94936766110135,14.543373689659699,0.03295549137874433
C,2025-08-20,35,348.23218131779606,19.164075352790817,0.043426066987437936
C,2025-08-20,36,353.6869073849954,15.64789203077184,0.03545834563009775
C,2025-08-20,37,353.8018081061159,11.949196494522974,0.02707704900260926
C,2025-08-20,38,345.9214129105581,11.96536277163618,0.027113682016200142
C,2025-08-20,39,340.278478872276,11.375025768915622,0.025775969981918615
C,2025-08-20,40,341.30650196299047,7.8958915901523765,0.017892202509502818
C,2025-08-20,41,343.06778862014164,6.641694770635105,0.015050174699804342
C,2025-08-20,42,342.1530909029424,1.998341459703801,0.004528270135414292
C,2025-08-20,43,336.98303799403345,0.09141728007649846,0.00020715285529459537
C,2025-08-20,44,332.09099489138697,0.0005542773197936892,1.2560002805182583e-06
C,2025-08-20,45,318.5290030233464,0.0,0.0
C,2025-08-20,46,318.6431887013866,0.0,0.0
C,2025-08-20,47,321.04665489643105,0.0,0.0
C,2025-08-21,0,317.6815789037839,0.0,0.0
C,2025-08-21,1,309.38989666017494,0.0,0.0
C,2025-08-21,2,309.5597573864677,0.0,0.0
C,2025-08-21,3,305.7942239756579,0.0,0.0
C,2025-08-21,4,239.99154531503765,0.0,0.0
C,2025-08-21,5,209.422671650412,0.0,0.0
C,2025-08-21,6,266.7031893304865,0.0,0.0
C,2025-08-21,7,302.87005338588057,0.0,0.0
C,2025-08-21,8,279.88264039455095,0.0,0.0
C,2025-08-21,9,261.260538852082,0.0,0.0
C,2025-08-21,10,250.88403689901534,0.0001569821306146235,5.135854919944288e-07
C,2025-08-21,11,258.4318114847894,0.025801110108772552,8.441136438481993e-05
C,2025-08-21,12,258.382339636309,0.5511287811905987,0.001803082587373777
C,2025-08-21,13,253.167052452607,1.5580820858015185,0.005097448680757911
C,2025-08-21,14,254.12325285482677,1.1825035959820573,0.0038686995057961855
C,2025-08-21,15,263.34839412053714,1.7991551767657898,0.0058861476335925434
C,2025-08-21,16,284.8674615956019,1.1183955925406313,0.0036589626372791374
C,2025-08-21,17,294.929770005412,1.9881382361135767,0.006504427925328525
C,2025-08-21,18,303.6283507721337,3.5478841130211234,0.01160731989425191
C,2025-08-21,19,311.5389267534358,5.927396290151565,0.019392173669732712
C,2025-08-21,20,320.52418495483255,9.41075398464328,0.03078838780132671
C,2025-08-21,21,328.8757825226752,14.785332433853425,0.04837195292617865
C,2025-08-21,22,332.6461222911429,16.07592620181412,0.052594282134528
C,2025-08-21,23,334.86110368125594,14.739615919706395,0.04822238597662493
C,2025-08-21,24,336.2427702017961,12.470348607304553,0.040798211234291504
C,2025-08-21,25,338.2138032240433,18.982706528502725,0.062104155636417045
C,2025-08-21,26,339.09315291966203,18.139231670242417,0.05934462849553495
C,2025-08-21,27,336.8529884941918,10.574632879398866,0.034596154407912035
C,2025-08-21,28,339.23574229838255,15.61101696169767,0.05107327691002813
C,2025-08-21,29,342.43309665939125,31.190706239872583,0.10204406162115383
C,2025-08-21,30,342.03398605358575,14.22070748801091,0.04652471604980616
C,2025-08-21,31,342.66714645956296,5.759138728370615,0.018841699279362814
C,2025-08-21,32,344.6935345145686,6.277646483930335,0.020538058347107938
C,2025-08-21,33,347.39776036918244,7.027414987695105,0.022991014135007565
C,2025-08-21,34,344.362160957785,6.209833062737602,0.020316198768882476
C,2025-08-21,35,342.1940029833945,8.356717875193196,0.02733998477779565
C,2025-08-21,36,345.08864069250524,7.862668848318635,0.025723645315824405
C,2025-08-21,37,348.1691141507987,7.450707474904161,0.024375865260735357
C,2025-08-21,38,345.94779675494965,13.753796202575227,0.044997160898723895
C,2025-08-21,39,349.9746274268033,22.141003982781168,0.07243689698455394
C,2025-08-21,40,346.57968371251167,15.224118219674047,0.04980749219939739
C,2025-08-21,41,340.9117138205295,9.13256659600148,0.029878265061223347
C,2025-08-21,42,340.38248796790606,2.452977592892724,0.008025204518276315
C,2025-08-21,43,338.38563064230834,0.11032189201739549,0.000360931036976461
C,2025-08-21,44,325.0438758900712,0.0006671740551121497,2.182738340976322e-06
C,2025-08-21,45,319.38871190779935,0.0,0.0
C,2025-08-21,46,320.14278141112726,0.0,0.0
C,2025-08-21,47,317.25388134385184,0.0,0.0
C,2025-08-22,0,334.8223620064224,0.0,0.0
C,2025-08-22,1,316.50652503316905,0.0,0.0
C,2025-08-22,2,311.26416758736553,0.0,0.0
C,2025-08-22,3,304.8244659224945,0.0,0.0
C,2025-08-22,4,305.2097115268995,0.0,0.0
C,2025-08-22,5,320.1690022345642,0.0,0.0
C,2025-08-22,6,329.2905890034115,0.0,0.0
C,2025-08-22,7,339.92729311437137,0.0,0.0
C,2025-08-22,8,301.6062416260993,0.0,0.0
C,2025-08-22,9,301.7367963194952,0.0,0.0
C,2025-08-22,10,299.5052473098083,0.00017426203848222,5.42831808469834e-07
C,2025-08-22,11,292.21157415630637,0.02864118371342887,8.921820086170774e-05
C,2025-08-22,12,270.1962857393753,0.6118435954130715,0.0019059123162538363
C,2025-08-22,13,257.04753241493665,1.7376836607027066,0.005412940031594855
C,2025-08-22,14,255.87473743799995,1.4921350725085858,0.004648048346879317
C,2025-08-22,15,257.3364376061397,2.615980311936763,0.008148862116031086
C,2025-08-22,16,271.5664546188647,1.3490023248345797,0.004202185272236904
C,2025-08-22,17,288.8367539688266,0.6213134810409293,0.0019354113120543302
C,2025-08-22,18,295.53077679612153,2.8717677341411743,0.008945648095286253
C,2025-08-22,19,299.32722472630877,7.569030283880354,0.023577770770659992
C,2025-08-22,20,309.4288688197148,12.55106051950659,0.03909695387107067
C,2025-08-22,21,317.6698537062263,19.742151001702144,0.06149743010398644
C,2025-08-22,22,323.9933459412976,15.362021521664508,0.0478531870566204
C,2025-08-22,23,325.5420884160858,18.68743459393649,0.05821195485052984
C,2025-08-22,24,325.54422170795084,27.222416978100636,0.08479869722544307
C,2025-08-22,25,328.7897572480388,25.226124035310395,0.07858018103104564
C,2025-08-22,26,335.2455910611343,15.452435939505271,0.04813483085222685
C,2025-08-22,27,336.0949380895952,14.588564987430304,0.04544384528082107
C,2025-08-22,28,336.5491691777034,15.735875365277147,0.04901775370463625
C,2025-08-22,29,335.48936309882924,17.20326423861729,0.053588716851753426
C,2025-08-22,30,335.819142126409,21.687848400462467,0.06755833956483773
C,2025-08-22,31,337.1549258767108,24.73882821804781,0.07706223901654646
C,2025-08-22,32,337.24472040670224,13.378776493446466,0.04167531553231679
C,2025-08-22,33,337.13643982923145,8.144770314734664,0.025371219331684434
C,2025-08-22,34,337.3719274506239,8.714405511325642,0.02714565113924704
C,2025-08-22,35,338.19598112927275,8.631231368965503,0.026886561032712517
C,2025-08-22,36,340.17980233173455,7.01020722327877,0.02183701911158907
C,2025-08-22,37,339.4425251336243,5.911038562861111,0.018413073673186776
C,2025-08-22,38,333.52501736244926,6.432613305514185,0.020037795633703975
C,2025-08-22,39,334.5694116911296,5.917303799522759,0.018432590085235866
C,2025-08-22,40,331.74784036992907,6.894133617864824,0.02147544612821728
C,2025-08-22,41,326.9100040905327,2.619940073225037,0.008161196898752233
C,2025-08-22,42,327.88341909633334,0.2655608291919521,0.0008272304537727775
C,2025-08-22,43,325.8128245586218,0.0083739222743291,2.6085034995293496e-05
C,2025-08-22,44,323.77751522213305,4.726802366973194e-05,1.472414014831662e-07
C,2025-08-22,45,322.00033356765385,0.0,0.0
C,2025-08-22,46,313.2525703276197,0.0,0.0
C,2025-08-22,47,299.11570847225744,0.0,0.0
C,2025-08-23,0,312.6120143823564,0.0,0.0
C,2025-08-23,1,314.4878980069322,0.0,0.0
C,2025-08-23,2,322.35828350074723,0.0,0.0
C,2025-08-23,3,315.75830382808664,0.0,0.0
C,2025-08-23,4,309.10338619539465,0.0,0.0
C,2025-08-23,5,317.9332857685074,0.0,0.0
C,2025-08-23,6,301.97767510913707,0.0,0.0
C,2025-08-23,7,291.91234055933955,0.0,0.0
C,2025-08-23,8,324.80058149079554,0.0,0.0
C,2025-08-23,9,322.7377807604249,0.0,0.0
C,2025-08-23,10,322.9046168346759,0.0,0.0
C,2025-08-23,11,300.91547072699586,0.0,0.0
C,2025-08-23,12,284.24693179998854,0.00020307543486936916,7.423243112998613e-07
C,2025-08-23,13,267.8634086382207,0.03337686674870099,0.00012200618769332919
C,2025-08-23,14,255.77368075973396,0.7127192167818213,0.00260528213118476
C,2025-08-23,15,256.41943271190894,1.9775717258216574,0.007228838733552137
C,2025-08-23,16,268.141575911432,0.7561384937266722,0.002763997462145186
C,2025-08-23,17,284.897537795823,1.1619737936081904,0.004247492547011117
C,2025-08-23,18,291.23489600831056,7.487285780023759,0.027369111698500766
C,2025-08-23,19,302.27636198400853,16.069781936865663,0.058741668172205205
C,2025-08-23,20,309.7641153616405,11.766295495433104,0.04301065368057223
C,2025-08-23,21,318.2867024042119,12.758993661192413,0.04663937412477533
C,2025-08-23,22,322.2877766395002,16.053441093562363,0.05868193566315514
C,2025-08-23,23,327.12689740030464,21.563668755276655,0.0788240860749895
C,2025-08-23,24,328.3826319613499,23.513458711637576,0.08595137100468103
C,2025-08-23,25,328.2120965869001,24.403317862784192,0.08920417251636414
C,2025-08-23,26,330.61465404958375,21.741701254031845,0.07947486814576263
C,2025-08-23,27,332.5171574055256,25.154514649415088,0.09195010600479987
C,2025-08-23,28,332.93359548812475,23.733098694806277,0.08675424555888055
C,2025-08-23,29,331.9112128104209,11.153134684774148,0.04076929850740092
C,2025-08-23,30,333.39889222758785,2.128691520872336,0.007781243793558199
C,2025-08-23,31,331.221233477712,0.821351695285316,0.0030023785591292663
C,2025-08-23,32,332.497328559117,2.4538987803255843,0.00897001019978866
C,2025-08-23,33,331.53521521592916,3.253110681869743,0.011891458698855282
C,2025-08-23,34,333.13093709142527,4.433771099953016,0.016207258550749965
C,2025-08-23,35,332.92405756024027,2.6810969022227846,0.009800512862380274
C,2025-08-23,36,332.37655888111385,4.185233241625826,0.015298750366914964
C,2025-08-23,37,334.98782251047584,4.472033241110732,0.016347122427451892
C,2025-08-23,38,334.2580133726055,6.012370701376567,0.02197768993108294
C,2025-08-23,39,332.37077533211647,8.075121802756392,0.029517894346746475
C,2025-08-23,40,332.8060249513297,7.25157767939863,0.026507501560490226
C,2025-08-23,41,330.9638829924126,3.8023109328636924,0.013899011696819032
C,2025-08-23,42,329.9366260964369,2.9819122669463107,0.010900116852348093
C,2025-08-23,43,324.79276067037154,0.9307162183579522,0.0034021509113231936
C,2025-08-23,44,315.2497111296939,0.04286729586806445,0.00015669761289945224
C,2025-08-23,45,310.1633077800658,0.00026018724208748444,9.510914769964376e-07
C,2025-08-23,46,308.0032275006818,0.0,0.0
C,2025-08-23,47,305.25526612277076,0.0,0.0
C,2025-08-24,0,313.69145430456456,0.0,0.0
C,2025-08-24,1,321.66971985055943,0.0,0.0
C,2025-08-24,2,299.19230023323667,0.0,0.0
C,2025-08-24,3,291.6398131431325,0.0,0.0
C,2025-08-24,4,304.96458598081614,0.0,0.0
C,2025-08-24,5,308.0087881013785,0.0,0.0
C,2025-08-24,6,326.8698866609777,0.0,0.0
C,2025-08-24,7,372.66721811753564,0.0,0.0
C,2025-08-24,8,396.6266804998626,0.0,0.0
C,2025-08-24,9,373.3847356484797,0.0,0.0
C,2025-08-24,10,330.10578906367067,0.0,0.0
C,2025-08-24,11,273.93204958034227,0.0,0.0
C,2025-08-24,12,264.53003582417483,0.0,0.0
C,2025-08-24,13,263.52082549950734,0.0,0.0
C,2025-08-24,14,267.47872506038425,0.0,0.0
C,2025-08-24,15,270.5114370772253,0.0,0.0
C,2025-08-24,16,277.80115055451984,0.0,0.0
C,2025-08-24,17,290.0716851471148,0.0,0.0
C,2025-08-24,18,299.16597758946966,0.0,0.0
C,2025-08-24,19,297.00896025560996,0.0,0.0
C,2025-08-24,20,297.5671011791513,0.0,0.0
C,2025-08-24,21,304.0949790851829,0.0,0.0
C,2025-08-24,22,314.2083259302758,0.0009255096910387875,1.0177414964093922e-05
C,2025-08-24,23,316.39261146424906,0.1533810517347507,0.0016866626316809623
C,2025-08-24,24,314.3237278301165,3.4584699862853676,0.038031243251255446
C,2025-08-24,25,315.6115969619762,13.792052309223742,0.15166501325330492
C,2025-08-24,26,323.01272937840105,22.837170832319707,0.2511301247483957
C,2025-08-24,27,324.72298685830907,27.498624626702973,0.30239004137675696
C,2025-08-24,28,326.9811408390069,16.795866314630942,0.184696608604482
C,2025-08-24,29,326.7170555517409,5.494467118501104,0.060420190531761384
C,2025-08-24,30,328.8568279760419,0.8717336732470073,0.00958606421597895
C,2025-08-24,31,328.2078573953342,0.034702908843138494,0.0003816123236498268
C,2025-08-24,32,325.51980825037936,0.00020566882023084166,2.261647769798649e-06
C,2025-08-24,33,329.8073836349322,0.0,0.0
C,2025-08-24,34,328.3859965431689,0.0,0.0
C,2025-08-24,35,323.0515638518838,0.0,0.0
C,2025-08-24,36,323.7066673638444,0.0,0.0
C,2025-08-24,37,323.6937041739461,0.0,0.0
C,2025-08-24,38,325.3670887674695,0.0,0.0
C,2025-08-24,39,323.72944997443176,0.0,0.0
C,2025-08-24,40,316.94699837326857,0.0,0.0
C,2025-08-24,41,319.1625827286457,0.0,0.0
C,2025-08-24,42,321.14834102475777,0.0,0.0
C,2025-08-24,43,316.11861587525647,0.0,0.0
C,2025-08-24,44,315.4534101359332,0.0,0.0
C,2025-08-24,45,314.25127756092996,0.0,0.0
C,2025-08-24,46,312.23124358415413,0.0,0.0
C,2025-08-24,47,309.29800349004853,0.0,0.0
C,2025-08-25,0,317.518710575971,0.0,0.0
C,2025-08-25,1,312.5494803965819,0.0,0.0
C,2025-08-25,2,313.30740909547455,0.0,0.0
C,2025-08-25,3,315.63101175488737,0.0,0.0
C,2025-08-25,4,305.69788798235663,0.0,0.0
C,2025-08-25,5,326.8899506700643,0.0,0.0
C,2025-08-25,6,321.78107680594854,0.0,0.0
C,2025-08-25,7,313.3410519922304,0.0,0.0
C,2025-08-25,8,301.73666162774,0.0,0.0
C,2025-08-25,9,288.06584966831923,0.0,0.0
C,2025-08-25,10,295.72310239672646,0.0,0.0
C,2025-08-25,11,265.78658809956283,0.0,0.0
C,2025-08-25,12,255.97987650779214,0.0,0.0
C,2025-08-25,13,270.15267170872056,0.0,0.0
C,2025-08-25,14,257.18370004585637,0.0,0.0
C,2025-08-25,15,261.5523858593174,0.00019915416292334883,7.182379318474389e-07
C,2025-08-25,16,280.84435743552905,0.033070287416246,0.00011926607252787778
C,2025-08-25,17,296.15262619787666,0.7553958260745839,0.002724291211802672
C,2025-08-25,18,311.06220047977354,3.273788701550963,0.011806728977151612
C,2025-08-25,19,323.95937958529805,7.253734306116751,0.026160171847380967
C,2025-08-25,20,328.3296615338442,12.260898941907616,0.044218220545133954
C,2025-08-25,21,335.8300248849198,11.617790661349284,0.041898887850291125
C,2025-08-25,22,343.5735417625155,14.083520490820378,0.05079139939621084
C,2025-08-25,23,347.2492009371233,23.041143609501916,0.08309654737098283
C,2025-08-25,24,346.4203267736613,23.462758173020088,0.08461707582840003
C,2025-08-25,25,347.9116187377434,18.42299179777585,0.06644145084915785
C,2025-08-25,26,351.2217717359429,15.447938278745706,0.05571209297243562
C,2025-08-25,27,355.5932903768808,19.80345142647264,0.07141999839323143
C,2025-08-25,28,357.0900834853925,20.124136185818667,0.07257652936876687
C,2025-08-25,29,356.9976594298863,20.24548493332533,0.07301416658489178
C,2025-08-25,30,356.1377357078258,11.515403808190358,0.041529635605789775
C,2025-08-25,31,357.15723199911207,5.380461376854075,0.01940432173232582
C,2025-08-25,32,355.08262290240816,5.371153830511102,0.019370754606548368
C,2025-08-25,33,355.6850933903212,5.404576045773902,0.019491289886432787
C,2025-08-25,34,355.5919718042875,4.911052159250568,0.017711424628430332
C,2025-08-25,35,355.16044310532556,7.713328758997625,0.027817672571846183
C,2025-08-25,36,355.2469636366309,8.351517623550535,0.030119263678334715
C,2025-08-25,37,358.9674903264534,6.358297784381004,0.022930831993110988
C,2025-08-25,38,362.3041158520616,8.885409731647663,0.03204471458491173
C,2025-08-25,39,360.6541240183852,9.094071685258857,0.03279724181214641
C,2025-08-25,40,357.9191596726772,9.427261308068076,0.033998870852115955
C,2025-08-25,41,351.94444114149553,4.308504449512126,0.015538371278556262
C,2025-08-25,42,346.4782448171811,0.7060518590172767,0.002546335057996191
C,2025-08-25,43,339.3040019319008,0.028040742846478534,0.00010112731189692548
C,2025-08-25,44,333.8767528606812,0.00016606208147082864,5.988932603924265e-07
C,2025-08-25,45,326.3401205805839,0.0,0.0
C,2025-08-25,46,325.28734098183867,0.0,0.0
C,2025-08-25,47,336.511269244333,0.0,0.0
C,2025-08-26,0,304.94286742188314,0.0,0.0
C,2025-08-26,1,303.6220174988083,0.0,0.0
C,2025-08-26,2,296.65367486524076,0.0,0.0
C,2025-08-26,3,271.66363121689636,0.0,0.0
C,2025-08-26,4,260.9094418066336,0.0,0.0
C,2025-08-26,5,254.06791229908032,0.0,0.0
C,2025-08-26,6,257.5353842566507,0.0,0.0
C,2025-08-26,7,268.90941209654204,0.0,0.0
C,2025-08-26,8,270.0816992059226,0.0,0.0
C,2025-08-26,9,254.47536947101287,0.0,0.0
C,2025-08-26,10,257.5412814308568,0.0,0.0
C,2025-08-26,11,257.17811662971206,0.0,0.0
C,2025-08-26,12,232.44982358637725,0.0,0.0
C,2025-08-26,13,222.82214840038682,0.0,0.0
C,2025-08-26,14,234.30697735294888,0.0,0.0
C,2025-08-26,15,245.4072336405186,0.0,0.0
C,2025-08-26,16,262.6750330922809,0.00010571054384259196,1.4910649943944928e-06
C,2025-08-26,17,276.12970232901415,0.01748782110032514,0.0002466686569104765
C,2025-08-26,18,285.27464160427115,0.39002301258208594,0.00550134016844513
C,2025-08-26,19,292.1218181259842,1.4863553794070758,0.020965292532823795
C,2025-08-26,20,296.74631490820417,2.7568263390361474,0.038885499027253266
C,2025-08-26,21,302.8542597469193,4.639200741997345,0.0654367064714137
C,2025-08-26,22,306.9267238661382,4.0055891794692355,0.05649950885055907
C,2025-08-26,23,308.34693431651294,4.018456249294635,0.056681001033833146
C,2025-08-26,24,310.4843001729576,6.593658907547378,0.09300466750659245
C,2025-08-26,25,313.68462714193276,7.6292846851211715,0.10761234322276533
C,2025-08-26,26,314.7554090869488,4.000514250654588,0.05642792612636238
C,2025-08-26,27,317.15594540572755,2.845337779679942,0.040133967779281514
C,2025-08-26,28,319.4211121262832,3.0114882889364454,0.04247754864782844
C,2025-08-26,29,322.48822219405486,3.4507662322715613,0.048673637895954094
C,2025-08-26,30,321.7786104107377,2.529030048619134,0.035672394050709974
C,2025-08-26,31,322.21156894603223,1.8426838291204752,0.025991365226817807
C,2025-08-26,32,321.50157307647254,1.6790354103841734,0.023683076765743813
C,2025-08-26,33,319.56094918774176,1.7018310400753196,0.02400461295524881
C,2025-08-26,34,321.4642993002144,2.2728374544673806,0.032058754435615275
C,2025-08-26,35,320.3594035239014,3.2143356484132948,0.04533874475870705
C,2025-08-26,36,318.4264153173707,3.716522079606303,0.05242216880509906
C,2025-08-26,37,317.6146770774232,2.240264041984701,0.03159930097586184
C,2025-08-26,38,316.9598822239916,1.5119174474015291,0.02132584979972818
C,2025-08-26,39,315.595143974875,1.4896512058145048,0.021011780718439753
C,2025-08-26,40,316.5737664238229,1.6716310519589836,0.023578637045235044
C,2025-08-26,41,314.5512687496091,1.070579205590441,0.015100699695193537
C,2025-08-26,42,313.32372586529425,0.25432804073083654,0.0035873397755985742
C,2025-08-26,43,312.17488343690667,0.10223557989516549,0.0014420500436578296
C,2025-08-26,44,307.7993369456928,0.3293171920044476,0.004645074362509135
C,2025-08-26,45,302.2034985059646,0.3292515017623391,0.004644147790599457
C,2025-08-26,46,298.70712427756985,0.09131971395709101,0.0012880799192774065
C,2025-08-26,47,298.11888389225203,0.004134930572111862,5.832389094041783e-05
C,2025-08-27,0,348.142675759272,0.0,0.0
C,2025-08-27,1,344.1757522467613,0.0,0.0
C,2025-08-27,2,349.05141531711956,0.0,0.0
C,2025-08-27,3,343.6583924478931,0.0,0.0
C,2025-08-27,4,318.4871861407904,0.0,0.0
C,2025-08-27,5,306.0119461563964,0.0,0.0
C,2025-08-27,6,315.0262516436989,0.0,0.0
C,2025-08-27,7,344.0037465473842,0.0,0.0
C,2025-08-27,8,345.80700927859107,0.0,0.0
C,2025-08-27,9,325.9143363037128,0.0,0.0
C,2025-08-27,10,298.3878156744399,0.0,0.0
C,2025-08-27,11,270.47188995946215,0.0,0.0
C,2025-08-27,12,261.23749447511835,0.0,0.0
C,2025-08-27,13,261.48119771397785,0.0,0.0
C,2025-08-27,14,276.2990324187857,0.00023636772985518277,1.0370644518040662e-06
C,2025-08-27,15,285.5396613452409,0.03929361555730482,0.00017240091065858556
C,2025-08-27,16,297.5092468383744,0.9033988303304578,0.0039636663317412155
C,2025-08-27,17,312.4912834296213,3.9797835760152407,0.01746131790108477
C,2025-08-27,18,323.697320509096,7.68954427816169,0.033737909258343676
C,2025-08-27,19,329.39294355357,9.544468682403478,0.04187639822044348
C,2025-08-27,20,332.4930621005641,9.913308322735455,0.04349468376068557
C,2025-08-27,21,341.82492817803785,17.232475552321322,0.0756075620933719
C,2025-08-27,22,347.92024618510646,12.848565734351403,0.05637313853260532
C,2025-08-27,23,351.0001155450795,7.779150550303667,0.03413105717051451
C,2025-08-27,24,350.9715441106049,13.145794568082545,0.05767723134469351
C,2025-08-27,25,353.7182373157044,23.598259244543122,0.10353746597289892
C,2025-08-27,26,352.7538976850654,12.748417602500448,0.05593373816470888
C,2025-08-27,27,352.26313448410735,8.357484983723838,0.03666850203459038
C,2025-08-27,28,354.2255681809669,8.810509182797901,0.038656147695673486
C,2025-08-27,29,356.5879750087719,10.047155787284268,0.044081940098649824
C,2025-08-27,30,360.20090028317856,8.61766905715354,0.03781006079832196
C,2025-08-27,31,365.05310811851075,9.57094938559727,0.04199258242189045
C,2025-08-27,32,364.57137379410875,5.925584697213401,0.025998528857552657
C,2025-08-27,33,362.3498168383681,4.863578081104135,0.021338970169814564
C,2025-08-27,34,360.31375483281715,7.511215595043407,0.03295549137874433
C,2025-08-27,35,361.64598209269207,9.897669187776854,0.043426066987437936
C,2025-08-27,36,367.3108225969608,8.081666136011878,0.03545834563009775
C,2025-08-27,37,367.43014925992327,6.171401008674702,0.02707704900260926
C,2025-08-27,38,359.2462035688867,6.179750405132336,0.027113682016200142
C,2025-08-27,39,353.38590537807585,5.874859078278891,0.025775969981918615
C,2025-08-27,40,354.45352761462067,4.077990795965882,0.017892202509502818
C,2025-08-27,41,356.2826585136139,3.4302358175794057,0.015050174699804342
C,2025-08-27,42,355.3327269105017,1.0320833292636253,0.004528270135414292
C,2025-08-27,43,349.9635250905032,0.04721427877874417,0.00020715285529459537
C,2025-08-27,44,344.8830419323949,0.0002862675839357214,1.2560002805182583e-06
C,2025-08-27,45,330.79864614309633,0.0,0.0
C,2025-08-27,46,330.9172302197302,0.0,0.0
C,2025-08-27,47,333.4132772227503,0.0,0.0
C,2025-08-28,0,327.7946454578903,0.0,0.0
C,2025-08-28,1,319.2390060321732,0.0,0.0
C,2025-08-28,2,319.4142741001061,0.0,0.0
C,2025-08-28,3,315.5288688033449,0.0,0.0
C,2025-08-28,4,247.63142949897045,0.0,0.0
C,2025-08-28,5,216.08942715964739,0.0,0.0
C,2025-08-28,6,275.1934112476615,0.0,0.0
C,2025-08-28,7,312.51161024827843,0.0,0.0
C,2025-08-28,8,288.7924165906281,0.0,0.0
C,2025-08-28,9,269.57749958518457,0.0,0.0
C,2025-08-28,10,258.8706723573183,0.00010115004634571236,5.135854919944288e-07
C,2025-08-28,11,266.658722589495,0.016624716921953022,8.441136438481993e-05
C,2025-08-28,12,266.607675855565,0.35511495188416053,0.001803082587373777
C,2025-08-28,13,261.22636536459555,1.0039364007368536,0.005097448680757911
C,2025-08-28,14,262.2130054238457,0.7619357252271518,0.0038686995057961855
C,2025-08-28,15,271.73181958023196,1.1592697130588911,0.0058861476335925434
C,2025-08-28,16,293.9359244512597,0.7206283006569614,0.0036589626372791374
C,2025-08-28,17,304.31855610734516,1.2810392745799426,0.006504427925328525
C,2025-08-28,18,313.29404725245166,2.2860477243890407,0.01160731989425191
C,2025-08-28,19,321.45644828969904,3.819265333645454,0.019392173669732712
C,2025-08-28,20,330.72774295096895,6.063736031405934,0.03078838780132671
C,2025-08-28,21,339.34520504368635,9.526798082467375,0.04837195292617865
C,2025-08-28,22,343.2355697035615,10.358380753256728,0.052594282134528
C,2025-08-28,23,345.5210627496907,9.497341051233109,0.04822238597662493
C,2025-08-28,24,346.94671320384776,8.035158744740231,0.040798211234291504
C,2025-08-28,25,348.980492036548,12.231338927605574,0.062104155636417045
C,2025-08-28,26,349.887834925939,11.687853368641415,0.05934462849553495
C,2025-08-28,27,347.5763571684049,6.813671095252986,0.034596154407912035
C,2025-08-28,28,350.034963490979,10.058820599497748,0.05107327691002813
C,2025-08-28,29,353.3341023418581,20.0974554834123,0.10204406162115383
C,2025-08-28,30,352.92228646011904,9.162986996350064,0.04652471604980616
C,2025-08-28,31,353.5756028768639,3.710850063031371,0.018841699279362814
C,2025-08-28,32,355.66649891289717,4.044945945792892,0.020538058347107938
C,2025-08-28,33,358.45681101821333,4.528052644672778,0.022991014135007565
C,2025-08-28,34,355.3245764195161,4.001250968092881,0.020316198768882476
C,2025-08-28,35,353.08739736442436,5.38457719400512,0.02733998477779565
C,2025-08-28,36,356.0741828899217,5.066241076577238,0.025723645315824405
C,2025-08-28,37,359.2527200546768,4.800797412063516,0.024375865260735357
C,2025-08-28,38,356.96068930258116,8.862136842410592,0.044997160898723895
C,2025-08-28,39,361.11570999013253,14.266359936831517,0.07243689698455394
C,2025-08-28,40,357.6126917319894,9.809525819680676,0.04980749219939739
C,2025-08-28,41,351.7642878439849,5.884488449889865,0.029878265061223347
C,2025-08-28,42,351.2182146302768,1.5805543996290985,0.008025204518276315
C,2025-08-28,43,349.1577894040708,0.07108493461526963,0.000360931036976461
C,2025-08-28,44,335.39131360183285,0.00042988769696927743,2.182738340976322e-06
C,2025-08-28,45,329.5561232865125,0.0,0.0
C,2025-08-28,46,330.33419781745295,0.0,0.0
C,2025-08-28,47,327.3533325857216,0.0,0.0
C,2025-08-29,0,351.0254089973942,0.0,0.0
C,2025-08-29,1,331.82321435860683,0.0,0.0
C,2025-08-29,2,326.327163690138,0.0,0.0
C,2025-08-29,3,319.57582576519616,0.0,0.0
C,2025-08-29,4,319.9797145468186,0.0,0.0
C,2025-08-29,5,335.66292969261036,0.0,0.0
C,2025-08-29,6,345.22593709466213,0.0,0.0
C,2025-08-29,7,356.377382859991,0.0,0.0
C,2025-08-29,8,316.20186205166794,0.0,0.0
C,2025-08-29,9,316.3387346738286,0.0,0.0
C,2025-08-29,10,313.9991943900525,3.4508469462597515e-05,5.42831808469834e-07
C,2025-08-29,11,306.3525587637492,0.005671708090619796,8.921820086170774e-05
C,2025-08-29,12,283.27188525544693,0.12116113303903589,0.0019059123162538363
C,2025-08-29,13,269.48682476588385,0.3441070933365229,0.005412940031594855
C,2025-08-29,14,268.2572747621676,0.29548201106913446,0.004648048346879317
C,2025-08-29,15,269.7897109360184,0.5180329433506354,0.008148862116031086
C,2025-08-29,16,284.7083606701597,0.2671379603784267,0.004202185272236904
C,2025-08-29,17,302.81442101959215,0.12303641960086825,0.0019354113120543302
C,2025-08-29,18,309.83238746218007,0.5686855841950615,0.008945648095286253
C,2025-08-29,19,313.81255676582333,1.4988671812157806,0.023577770770659992
C,2025-08-29,20,324.403049372664,2.485440273928608,0.03909695387107067
C,2025-08-29,21,333.04283995592726,3.909465428626543,0.06149743010398644
C,2025-08-29,22,339.67234473215,3.042084525013827,0.0478531870566204
C,2025-08-29,23,341.2960354479861,3.7006038241940025,0.05821195485052984
C,2025-08-29,24,341.29827197617067,5.390754941058087,0.08479869722544307
C,2025-08-29,25,344.7008686054636,4.995436404360809,0.07858018103104564
C,2025-08-29,26,351.4691193611213,3.0599889590730838,0.04813483085222685
C,2025-08-29,27,352.35956881097155,2.888919777116133,0.04544384528082107
C,2025-08-29,28,352.8357814884255,3.116117424308172,0.04901775370463625
C,2025-08-29,29,351.72468825061003,3.4066990367261876,0.053588716851753426
C,2025-08-29,30,352.0704262632722,4.294764716144212,0.06755833956483773
C,2025-08-29,31,353.47085255042913,4.898939008968679,0.07706223901654646
C,2025-08-29,32,353.56499250400657,2.6493498187680173,0.04167531553231679
C,2025-08-29,33,353.45147190829306,1.6128788583783775,0.025371219331684434
C,2025-08-29,34,353.69835547400766,1.7256816177033016,0.02714565113924704
C,2025-08-29,35,354.56228755384274,1.709210948722774,0.026886561032712517
C,2025-08-29,36,356.64211174718173,1.3882055093466512,0.02183701911158907
C,2025-08-29,37,355.8691555191084,1.1705411890928912,0.018413073673186776
C,2025-08-29,38,349.6652819989098,1.2738267137893222,0.020037795633703975
C,2025-08-29,39,350.760217666237,1.1717818708265464,0.018432590085235866
C,2025-08-29,40,347.8021021416212,1.3652198809061264,0.02147544612821728
C,2025-08-29,41,342.73014861838266,0.518817080289958,0.008161196898752233
C,2025-08-29,42,343.75067006291147,0.05258803262288,0.0008272304537727775
C,2025-08-29,43,341.5798733153095,0.001658256976692802,2.6085034995293496e-05
C,2025-08-29,44,339.4460693244534,9.360312581966655e-06,1.472414014831662e-07
C,2025-08-29,45,337.58288457959975,0.0,0.0
C,2025-08-29,46,328.41179113546934,0.0,0.0
C,2025-08-29,47,313.590804613001,0.0,0.0
C,2025-08-30,0,312.82563599774636,0.0,0.0
C,2025-08-30,1,314.702801496568,0.0,0.0
C,2025-08-30,2,322.5785651728762,0.0,0.0
C,2025-08-30,3,315.9740754422065,0.0,0.0
C,2025-08-30,4,309.31461020996755,0.0,0.0
C,2025-08-30,5,318.1505436439806,0.0,0.0
C,2025-08-30,6,302.1840298101743,0.0,0.0
C,2025-08-30,7,292.1118171721171,0.0,0.0
C,2025-08-30,8,325.0225320931572,0.0,0.0
C,2025-08-30,9,322.9583217598156,0.0,0.0
C,2025-08-30,10,323.12527184053477,0.0,0.0
C,2025-08-30,11,301.1210995768005,0.0,0.0
C,2025-08-30,12,284.441170299941,0.00013611971203333103,7.423243112998613e-07
C,2025-08-30,13,268.0464515521989,0.022372225834850695,0.00012200618769332919
C,2025-08-30,14,255.94846222795772,0.477729542282497,0.00260528213118476
C,2025-08-30,15,256.5946554510014,1.3255492670359619,0.007228838733552137
C,2025-08-30,16,268.32480890941065,0.5068331090345779,0.002763997462145186
C,2025-08-30,17,285.0922208836269,0.7788610093484097,0.004247492547011117
C,2025-08-30,18,291.43390969326487,5.018663064509406,0.027369111698500766
C,2025-08-30,19,302.48292079099747,10.771436196069999,0.058741668172205205
C,2025-08-30,20,309.975790881675,7.886846361145058,0.04301065368057223
C,2025-08-30,21,318.5042017849029,8.552243377510402,0.04663937412477533
C,2025-08-30,22,322.5080101311726,10.760483069778493,0.05868193566315514
C,2025-08-30,23,327.3504376772138,14.453941133936395,0.0788240860749895
C,2025-08-30,24,328.6070303372223,15.760868520579958,0.08595137100468103
C,2025-08-30,25,328.4363784284088,16.357333432656684,0.08920417251636414
C,2025-08-30,26,330.8405776648651,14.573274781941235,0.07947486814576263
C,2025-08-30,27,332.7443810854926,16.86085415805775,0.09195010600479987
C,2025-08-30,28,333.16110373865143,15.908091306433702,0.08675424555888055
C,2025-08-30,29,332.1380224216468,7.475849959582704,0.04076929850740092
C,2025-08-30,30,333.6267184359554,1.4268435619272495,0.007781243793558199
C,2025-08-30,31,331.447571595544,0.5505449554361099,0.0030023785591292663
C,2025-08-30,32,332.72453868915625,1.6448271823311666,0.00897001019978866
C,2025-08-30,33,331.7617678913694,2.1805320250256135,0.011891458698855282
C,2025-08-30,34,333.3585801941974,2.971918517547601,0.016207258550749965
C,2025-08-30,35,333.151559293079,1.7971161233695259,0.009800512862380274
C,2025-08-30,36,332.6036864838908,2.80532573528105,0.015298750366914964
C,2025-08-30,37,335.2167345051797,2.9975653006728824,0.016347122427451892
C,2025-08-30,38,334.48642665644803,4.030040211586706,0.02197768993108294
C,2025-08-30,39,332.5978989827386,5.412684479205162,0.029517894346746475
C,2025-08-30,40,333.0334460272665,4.8606699581464685,0.026507501560490226
C,2025-08-30,41,331.1900452512761,2.548656215241027,0.013899011696819032
C,2025-08-30,42,330.1620863852306,1.9987500671683287,0.010900116852348093
C,2025-08-30,43,325.01470592842077,0.6238510517489695,0.0034021509113231936
C,2025-08-30,44,315.4651351999293,0.028733578598327397,0.00015669761289945224
C,2025-08-30,45,310.3752560859349,0.00017440126370024596,9.510914769964376e-07
C,2025-08-30,46,308.21369972816166,0.0,0.0
C,2025-08-30,47,305.46386054670637,0.0,0.0
C,2025-08-31,0,303.08116903919796,0.0,0.0
C,2025-08-31,1,310.78957809976987,0.0,0.0
C,2025-08-31,2,289.0724336856651,0.0,0.0
C,2025-08-31,3,281.7754015701526,0.0,0.0
C,2025-08-31,4,294.64947790665974,0.0,0.0
C,2025-08-31,5,297.5907130752654,0.0,0.0
C,2025-08-31,6,315.81385470811574,0.0,0.0
C,2025-08-31,7,360.0621393402267,0.0,0.0
C,2025-08-31,8,383.2111979732871,0.0,0.0
C,2025-08-31,9,360.7553875913363,0.0,0.0
C,2025-08-31,10,318.94030609736114,0.0,0.0
C,2025-08-31,11,264.66658458443567,0.0,0.0
C,2025-08-31,12,255.58258410740905,0.0,0.0
C,2025-08-31,13,254.60750926616174,0.0,0.0
C,2025-08-31,14,258.43153701505173,0.0,0.0
C,2025-08-31,15,261.3616707206738,0.0,0.0
C,2025-08-31,16,268.4048172659224,0.0,0.0
C,2025-08-31,17,280.26031386306227,0.0,0.0
C,2025-08-31,18,289.04700137778536,0.0,0.0
C,2025-08-31,19,286.9629428986236,0.0,0.0
C,2025-08-31,20,287.5022052893398,0.0,0.0
C,2025-08-31,21,293.8092845545094,0.0,0.0
C,2025-08-31,22,303.58055802290824,0.0018066356754191612,1.0177414964093922e-05
C,2025-08-31,23,305.6909623838421,0.29940656773274066,0.0016866626316809623
C,2025-08-31,24,303.6920565742176,6.751085720752009,0.038031243251255446
C,2025-08-31,25,304.93636488002994,26.922693495649817,0.15166501325330492
C,2025-08-31,26,312.08716173535663,44.57916319061166,0.2511301247483957
C,2025-08-31,27,313.7395715452372,53.678526282961904,0.30239004137675696
C,2025-08-31,28,315.92134582996454,32.78627071913774,0.184696608604482
C,2025-08-31,29,315.6661929512606,10.725441786093196,0.060420190531761384
C,2025-08-31,30,317.7335898118883,1.7016625204481304,0.00958606421597895
C,2025-08-31,31,317.1065699821355,0.06774160634284009,0.0003816123236498268
C,2025-08-31,32,314.5094412873362,0.00040147459453759133,2.261647769798649e-06
C,2025-08-31,33,318.65199392006514,0.0,0.0
C,2025-08-31,34,317.2786837596596,0.0,0.0
C,2025-08-31,35,312.1246826734016,0.0,0.0
C,2025-08-31,36,312.75762799442373,0.0,0.0
C,2025-08-31,37,312.74510327086193,0.0,0.0
C,2025-08-31,38,314.36188738116425,0.0,0.0
C,2025-08-31,39,312.77964000704253,0.0,0.0
C,2025-08-31,40,306.2265977356503,0.0,0.0
C,2025-08-31,41,308.3672422680981,0.0,0.0
C,2025-08-31,42,310.28583436729696,0.0,0.0
C,2025-08-31,43,305.42623440899956,0.0,0.0
C,2025-08-31,44,304.7835285578866,0.0,0.0
C,2025-08-31,45,303.6220568595905,0.0,0.0
C,2025-08-31,46,301.67034841876796,0.0,0.0
C,2025-08-31,47,298.83632210215995,0.0,0.0
D,2025-08-01,0,326.16197990566144,0.0,0.0
D,2025-08-01,1,321.14220595193825,0.0,0.0
D,2025-08-01,2,333.76164082974174,0.0,0.0
D,2025-08-01,3,311.21830448726,0.0,0.0
D,2025-08-01,4,322.89340228683733,0.0,0.0
D,2025-08-01,5,343.6143600844206,0.0,0.0
D,2025-08-01,6,345.05855744160925,0.0,0.0
D,2025-08-01,7,200.5894302967273,0.0,0.0
D,2025-08-01,8,175.714804647491,0.0,0.0
D,2025-08-01,9,251.52900439077843,0.0,0.0
D,2025-08-01,10,289.2471846067391,0.0004392964911442243,9.984292537885711e-07
D,2025-08-01,11,308.08222180198607,0.07220144798667753,0.00016409882457295964
D,2025-08-01,12,269.5579116715759,1.5418997410935606,0.0035044163542189842
D,2025-08-01,13,260.0245577743728,4.299378734300289,0.00977159068642
D,2025-08-01,14,265.381902453873,2.045479279182794,0.004648947559392115
D,2025-08-01,15,276.28663076083205,2.2250828039790878,0.005057148892330347
D,2025-08-01,16,277.5224761759564,3.699435445342119,0.008408044784312374
D,2025-08-01,17,282.053625340395,4.634855177812939,0.010534058636681897
D,2025-08-01,18,292.2892537386496,7.783013860016371,0.017689166376544184
D,2025-08-01,19,300.8992791272101,14.437201141293533,0.032812745498494805
D,2025-08-01,20,303.27759188371704,17.97923697614709,0.040863053813669045
D,2025-08-01,21,313.7884975563497,23.833703430206192,0.05416903437780109
D,2025-08-01,22,318.7830816339534,21.32368858212328,0.048464294407668036
D,2025-08-01,23,317.5925110772745,18.0206215816414,0.040957112385988606
D,2025-08-01,24,317.6261643313165,16.166548823860207,0.03674319190781787
D,2025-08-01,25,325.68021797844756,13.708549400216603,0.031156672143070857
D,2025-08-01,26,328.7838561285947,13.537984085391512,0.03076901277534074
D,2025-08-01,27,326.7752416998311,19.272960252592597,0.043803416852185376
D,2025-08-01,28,323.9747695235837,26.62952570495973,0.060523354987639943
D,2025-08-01,29,326.7191598556989,30.02637718112741,0.06824368955199513
D,2025-08-01,30,330.20319936278355,22.631469050781522,0.05143660651068695
D,2025-08-01,31,328.64035389962714,21.361187556321596,0.048549521750889335
D,2025-08-01,32,328.99311902055405,14.557077533965677,0.03308519952372675
D,2025-08-01,33,327.3882422786068,12.268172620234404,0.02788299629406466
D,2025-08-01,34,331.2645577300943,9.196564861770227,0.02090187282953026
D,2025-08-01,35,324.71435694558556,6.656501511396996,0.015128838884088999
D,2025-08-01,36,321.99039318619896,4.754380577034873,0.010805714927045382
D,2025-08-01,37,324.1955777744193,8.338193299904246,0.018950973390850664
D,2025-08-01,38,325.34795935869596,13.992748518651693,0.031802597433772437
D,2025-08-01,39,325.5538035608378,14.136272766054947,0.03212879809807128
D,2025-08-01,40,319.8318541861473,10.419240593561735,0.023680759624957012
D,2025-08-01,41,313.27160791349763,12.079842844905421,0.027454962014623642
D,2025-08-01,42,321.4684799025882,23.65169005408064,0.0537553559556693
D,2025-08-01,43,328.07187374253255,18.501614899910518,0.04205030982670993
D,2025-08-01,44,318.56151714450607,5.576548554063813,0.012674331172205339
D,2025-08-01,45,304.53042832096685,0.6073097730395549,0.001380288383217061
D,2025-08-01,46,300.27932224608026,0.020484552286706457,4.655711271569121e-05
D,2025-08-01,47,301.52439501479483,0.00011748627088740884,2.6702177717601324e-07
D,2025-08-02,0,322.7237227409005,0.0,0.0
D,2025-08-02,1,329.01721797529063,0.0,0.0
D,2025-08-02,2,322.9014875449392,0.0,0.0
D,2025-08-02,3,316.8685290390064,0.0,0.0
D,2025-08-02,4,311.5438995894812,0.0,0.0
D,2025-08-02,5,350.52699884160984,0.0,0.0
D,2025-08-02,6,425.5743777066512,0.0,0.0
D,2025-08-02,7,338.0081313395225,0.0,0.0
D,2025-08-02,8,296.1225338968978,0.0,0.0
D,2025-08-02,9,310.819086482549,0.0,0.0
D,2025-08-02,10,417.38593355622095,0.0,0.0
D,2025-08-02,11,560.2134685762716,0.0,0.0
D,2025-08-02,12,355.13195679382517,0.00011345558680274621,8.152249270698558e-07
D,2025-08-02,13,270.058248998359,0.01864721848335246,0.00013398791330193637
D,2025-08-02,14,281.4451515701564,0.39818689551294434,0.0028611361679269465
D,2025-08-02,15,297.4862510711674,1.104817035218147,0.007938563559035307
D,2025-08-02,16,296.3963098223374,0.4176609299345316,0.0030010650928788385
D,2025-08-02,17,292.48607071601157,0.4835186809136592,0.003474280046429671
D,2025-08-02,18,297.1223301682873,2.3874248961107587,0.017154627124713273
D,2025-08-02,19,291.8008722637148,5.104575706370685,0.03667847018572622
D,2025-08-02,20,296.14083032220054,7.624466519293738,0.05478491925606385
D,2025-08-02,21,303.77761556205036,11.18846109992327,0.08039368215570401
D,2025-08-02,22,311.6317403610037,8.963131673294086,0.06440377746564896
D,2025-08-02,23,315.3019441330083,4.73032601049777,0.033989332615494826
D,2025-08-02,24,320.1250850496971,4.261882970429434,0.030623377232089702
D,2025-08-02,25,319.04352136051364,6.494061831404392,0.046662497917340416
D,2025-08-02,26,318.6483964513179,8.278244747084193,0.05948258398188264
D,2025-08-02,27,315.8486424585651,10.292820934628367,0.07395814020480118
D,2025-08-02,28,318.39785177051647,12.439880107060333,0.08938564101446733
D,2025-08-02,29,319.8929207978368,18.265498146039263,0.1312450961087358
D,2025-08-02,30,311.7970257042181,10.669620536969877,0.07666559989890039
D,2025-08-02,31,309.9686939199293,5.338314534963022,0.03835797954143446
D,2025-08-02,32,318.26350942727686,4.125930341380363,0.029646501828905058
D,2025-08-02,33,318.09108010097964,3.079735724426929,0.022129164390162947
D,2025-08-02,34,318.8411216826672,2.889746990117966,0.020764017406785223
D,2025-08-02,35,320.27724074678844,1.7182252633877781,0.012346153279081892
D,2025-08-02,36,324.4097228651951,1.348789570179822,0.009691606292549821
D,2025-08-02,37,333.25566359846636,0.6112924789727735,0.00439238719425378
D,2025-08-02,38,331.79363333840394,0.5713586752377974,0.004105446434835136
D,2025-08-02,39,327.1161455440111,0.21028914985269073,0.0015110137956475865
D,2025-08-02,40,315.7421127714998,0.2880719786673784,0.002069915324736553
D,2025-08-02,41,309.55694731302054,1.6730935566210485,0.012021863454364729
D,2025-08-02,42,311.14957445997976,3.0990980385976488,0.022268290559288244
D,2025-08-02,43,315.29212676221096,1.0448294691728934,0.007507528291998495
D,2025-08-02,44,313.3230984586115,0.04849020319391441,0.00034842199909546035
D,2025-08-02,45,312.98541449376995,0.00029463047238878037,2.117040792211449e-06
D,2025-08-02,46,306.77588882274773,0.0,0.0
D,2025-08-02,47,293.49361207508093,0.0,0.0
D,2025-08-03,0,294.50120141272276,0.0,0.0
D,2025-08-03,1,293.9152325305794,0.0,0.0
D,2025-08-03,2,323.9750896493359,0.0,0.0
D,2025-08-03,3,348.1240621646733,0.0,0.0
D,2025-08-03,4,348.0044581756663,0.0,0.0
D,2025-08-03,5,357.29877358154596,0.0,0.0
D,2025-08-03,6,347.3918619703281,0.0,0.0
D,2025-08-03,7,301.85199073696344,0.0,0.0
D,2025-08-03,8,290.15266122178883,0.0,0.0
D,2025-08-03,9,333.4500806540959,0.0,0.0
D,2025-08-03,10,392.5469606639554,0.0,0.0
D,2025-08-03,11,267.3053947034418,0.0,0.0
D,2025-08-03,12,215.91333260402342,0.0,0.0
D,2025-08-03,13,253.77204294932966,0.0,0.0
D,2025-08-03,14,292.2294639153791,0.0,0.0
D,2025-08-03,15,298.3304401737417,0.0,0.0
D,2025-08-03,16,292.4056533731796,0.0,0.0
D,2025-08-03,17,299.85278574604183,0.0004934557257407719,5.481379695867457e-06
D,2025-08-03,18,292.6840652503532,0.08220123357843052,0.000913103545481544
D,2025-08-03,19,284.4255466495831,1.9126720873754333,0.021246246416238262
D,2025-08-03,20,295.59593489558375,8.710153064858915,0.09675367751776098
D,2025-08-03,21,308.80178707140874,13.548243377715563,0.15049590528876258
D,2025-08-03,22,304.8723052704821,7.894243341300228,0.08769043078845895
D,2025-08-03,23,302.9213798918328,3.9785975005185223,0.04419485360035682
D,2025-08-03,24,301.10810542307496,1.6441097699077292,0.018263016194656194
D,2025-08-03,25,299.6264013539345,3.378768255443557,0.037531861008659434
D,2025-08-03,26,305.4204074068456,7.171657599757382,0.07966384075088179
D,2025-08-03,27,305.18131799622074,6.727837625376599,0.07473382237377364
D,2025-08-03,28,305.7227770566679,3.3339405591352884,0.03703390828151702
D,2025-08-03,29,305.2121452184492,4.302479012022985,0.047792577668432694
D,2025-08-03,30,308.5203208592733,3.1095479675359403,0.03454132195343398
D,2025-08-03,31,307.6027194009778,4.632311420710601,0.05145640518873412
D,2025-08-03,32,316.01141936435243,3.372569295866492,0.03746300204241638
D,2025-08-03,33,315.2216928164323,4.951154277812712,0.05499815913326126
D,2025-08-03,34,317.40530041782984,1.7852062937035063,0.019830337395622347
D,2025-08-03,35,312.8393703896982,0.6680670254575912,0.007420988019390287
D,2025-08-03,36,305.29642163517985,1.625622179920381,0.018057653291570924
D,2025-08-03,37,302.73091683991686,0.5860181670234923,0.0065095770797064375
D,2025-08-03,38,305.8894608510251,0.06798331041923543,0.0007551687374392987
D,2025-08-03,39,315.1967459556254,0.8660899011625799,0.009620655615864435
D,2025-08-03,40,313.2336370492252,2.402353473684995,0.02668570018756104
D,2025-08-03,41,309.5732344537904,0.8659229970200499,0.009618801619790833
D,2025-08-03,42,311.9418095560385,0.040689856633563226,0.0004519889877539681
D,2025-08-03,43,316.5136284363515,0.022995101310813088,0.00025543301020631263
D,2025-08-03,44,313.38559801708556,0.48576168125515,0.005395913103785102
D,2025-08-03,45,309.08534374989296,1.3476617047501191,0.014970026934485462
D,2025-08-03,46,317.23877220920076,0.48576168125515,0.005395913103785102
D,2025-08-03,47,338.2473546215232,0.022886781761260237,0.0002542297805169759
D,2025-08-04,0,301.0604632163229,0.0,0.0
D,2025-08-04,1,301.58073536552416,0.0,0.0
D,2025-08-04,2,311.399545108179,0.0,0.0
D,2025-08-04,3,298.9784580066913,0.0,0.0
D,2025-08-04,4,291.7187580755231,0.0,0.0
D,2025-08-04,5,305.0684204234072,0.0,0.0
D,2025-08-04,6,329.07358213064816,0.0,0.0
D,2025-08-04,7,295.53246159423946,0.0,0.0
D,2025-08-04,8,291.9523787996032,0.0,0.0
D,2025-08-04,9,254.11897117945412,0.0,0.0
D,2025-08-04,10,272.78774826935864,0.0,0.0
D,2025-08-04,11,275.5404051923019,0.0,0.0
D,2025-08-04,12,239.96041365600504,0.0,0.0
D,2025-08-04,13,234.19827457659213,0.0,0.0
D,2025-08-04,14,250.54802936603195,0.00037407834996549074,6.603539284691519e-07
D,2025-08-04,15,256.8277254731066,0.061482390759884945,0.00010853378249158479
D,2025-08-04,16,259.10135227047806,1.3150439501718325,0.0023214239441701765
D,2025-08-04,17,269.56804084534656,3.9994163527871724,0.007060099309116434
D,2025-08-04,18,279.76193562012816,9.044231414128648,0.0159656225623721
D,2025-08-04,19,291.24112266471303,24.24431761431944,0.04279806725288065
D,2025-08-04,20,299.4410700643422,26.248117522265847,0.04633533996914612
D,2025-08-04,21,302.93685532304556,38.818378471529854,0.06852540042170804
D,2025-08-04,22,305.80110527523095,29.06808091977711,0.05131337173136269
D,2025-08-04,23,307.9630153771144,28.817866729858903,0.0508716730249648
D,2025-08-04,24,311.9624515592761,34.038083256251156,0.06008682939790304
D,2025-08-04,25,314.7267639225381,37.8792972667311,0.06686765689605999
D,2025-08-04,26,315.934407259886,31.235672078400597,0.0551397822601839
D,2025-08-04,27,310.98845822403024,24.65515323424211,0.04352330814318083
D,2025-08-04,28,309.5077049030362,21.846124873043475,0.03856457980814112
D,2025-08-04,29,314.93702571953196,22.000957834040527,0.038837903709565365
D,2025-08-04,30,316.496822783754,18.232599291574207,0.032185686687041914
D,2025-08-04,31,318.86595857592346,21.278560520306634,0.037562668443788166
D,2025-08-04,32,323.42697985030003,16.08025853764075,0.028386197429255862
D,2025-08-04,33,326.90798770887085,18.448046247297874,0.032566011406721544
D,2025-08-04,34,326.493347891999,15.620913542188735,0.027575323791962057
D,2025-08-04,35,319.27293456030355,13.578894447318145,0.023970583417569333
D,2025-08-04,36,321.12418710519603,9.25370927114803,0.016335410137148374
D,2025-08-04,37,321.0778632864027,8.748695781979427,0.015443918711533482
D,2025-08-04,38,315.1647869777155,17.206953395105238,0.03037513203448309
D,2025-08-04,39,316.582939041682,29.422082575907027,0.05193828462549714
D,2025-08-04,40,312.99912071060794,27.322028091286203,0.048231095398837666
D,2025-08-04,41,312.1481768761808,15.132126882451228,0.026712477302795405
D,2025-08-04,42,312.6407662046636,12.098911667354926,0.021357995859627082
D,2025-08-04,43,319.33321346069374,5.838070004328256,0.010305842245058367
D,2025-08-04,44,314.97732185662016,1.07947872376542,0.0019055847952791757
D,2025-08-04,45,317.1981499217074,0.8358234026045684,0.0014754643444810358
D,2025-08-04,46,321.65788515795543,2.2013863702516177,0.003886068621207851
D,2025-08-04,47,310.8416868607582,0.830463260834171,0.0014660021805371452
D,2025-08-05,0,299.7652661245863,0.0,0.0
D,2025-08-05,1,323.5080153822201,0.0,0.0
D,2025-08-05,2,343.1817156832519,0.0,0.0
D,2025-08-05,3,328.8593851765421,0.0,0.0
D,2025-08-05,4,302.45292465469396,0.0,0.0
D,2025-08-05,5,300.5848612072163,0.0,0.0
D,2025-08-05,6,313.55069513107946,0.0,0.0
D,2025-08-05,7,280.9075526193384,0.0,0.0
D,2025-08-05,8,268.9339567333755,0.0,0.0
D,2025-08-05,9,279.6744337782441,0.0,0.0
D,2025-08-05,10,295.73888917152243,0.0,0.0
D,2025-08-05,11,271.95990903783087,0.0,0.0
D,2025-08-05,12,225.70282164221126,0.0,0.0
D,2025-08-05,13,228.23544816396563,0.0,0.0
D,2025-08-05,14,254.22110461488694,0.0,0.0
D,2025-08-05,15,263.4521918945756,0.0,0.0
D,2025-08-05,16,265.2033456794865,0.0001247607961252903,9.05780785353179e-07
D,2025-08-05,17,269.53275717892205,0.02075483022504652,0.00015068296295765396
D,2025-08-05,18,276.6992507120393,0.47975968655655066,0.0034831222560778308
D,2025-08-05,19,286.9401226994578,2.2364764204148804,0.016237130824917966
D,2025-08-05,20,294.77389487845295,6.056357982944441,0.04397000388377127
D,2025-08-05,21,299.27564941431064,11.358344434552162,0.08246316520703133
D,2025-08-05,22,306.05502072300305,10.032850975709248,0.0728398977751248
D,2025-08-05,23,306.34709006006284,8.669955389237641,0.06294508567863168
D,2025-08-05,24,307.0255291047032,8.1796321259284,0.05938527038159585
D,2025-08-05,25,307.26270929917507,11.032152431356979,0.08009496575651365
D,2025-08-05,26,307.6590637206254,10.41785820545645,0.07563510397577183
D,2025-08-05,27,308.91729836071517,9.685516285954451,0.07031819947055035
D,2025-08-05,28,308.43512109547873,8.731498353763307,0.06339189618699874
D,2025-08-05,29,307.6221689989089,5.959448328425458,0.04326642627201607
D,2025-08-05,30,308.89153921503635,4.372205482826154,0.03174282177538112
D,2025-08-05,31,309.6513363157387,4.26512753086869,0.030965420905634814
D,2025-08-05,32,313.2189273719504,3.9125298448010764,0.02840551251358428
D,2025-08-05,33,314.22267373845654,4.370054748052027,0.03172720714087014
D,2025-08-05,34,310.3829230313265,3.170840468547969,0.023020744168278196
D,2025-08-05,35,309.26424172862846,2.177087255326691,0.015805957200945353
D,2025-08-05,36,315.62255749120027,2.6767435959803847,0.019433531941567384
D,2025-08-05,37,314.42405278706883,1.7510549870464067,0.012712903497110515
D,2025-08-05,38,311.9362002854613,2.788671311727819,0.020246142773023494
D,2025-08-05,39,316.101886512603,5.649643107744514,0.04101719714868558
D,2025-08-05,40,312.4279726915389,5.065403429838427,0.036775535579318674
D,2025-08-05,41,307.26106237907373,2.712037662638937,0.01968977178941339
D,2025-08-05,42,311.5564426375948,0.9950872369209696,0.007224472165503372
D,2025-08-05,43,316.61966236593145,0.191328936132581,0.0013890747687832952
D,2025-08-05,44,319.24820762213744,0.16779472971699613,0.0012182131469292235
D,2025-08-05,45,315.48180400315704,0.4443612501337565,0.0032261246691827157
D,2025-08-05,46,316.4315767395002,0.16015258186838738,0.0011627300873858516
D,2025-08-05,47,318.254427056069,0.007545628507076248,5.4782315658351256e-05
D,2025-08-06,0,328.39219263235026,0.0,0.0
D,2025-08-06,1,341.7962965694781,0.0,0.0
D,2025-08-06,2,335.2150674212369,0.0,0.0
D,2025-08-06,3,334.48094753044495,0.0,0.0
D,2025-08-06,4,350.9487775995739,0.0,0.0
D,2025-08-06,5,357.77671851076366,0.0,0.0
D,2025-08-06,6,339.05255282142946,0.0,0.0
D,2025-08-06,7,307.7810700544201,0.0,0.0
D,2025-08-06,8,342.7427507954671,0.0,0.0
D,2025-08-06,9,471.1246773446014,0.0,0.0
D,2025-08-06,10,450.97626439790974,0.00013044348930499634,5.798787341919983e-07
D,2025-08-06,11,301.4543692612298,0.02143929896577151,9.530712197652945e-05
D,2025-08-06,12,255.11840186385422,0.45780811249548103,0.002035158597728029
D,2025-08-06,13,266.4836816197397,1.270109366675273,0.005646195266296419
D,2025-08-06,14,255.83887798423447,0.45780811249548103,0.002035158597728029
D,2025-08-06,15,272.20914812527553,0.02149734472384855,9.55651609242628e-05
D,2025-08-06,16,292.29186738109433,0.009931556413563926,4.415014035839106e-05
D,2025-08-06,17,295.8955396130613,0.24719611673735725,0.001098895560327101
D,2025-08-06,18,294.1691002041456,1.5811463072691045,0.007028891392868023
D,2025-08-06,19,305.19851062588594,5.169957002675565,0.022982734811155765
D,2025-08-06,20,313.1909513189292,13.750221801391715,0.06112578907182638
D,2025-08-06,21,321.6558320873853,22.65218859792976,0.10069895033345141
D,2025-08-06,22,324.84200256382337,12.490124770903254,0.05552410304754155
D,2025-08-06,23,326.4092495007332,9.16976115226336,0.04076362506207328
D,2025-08-06,24,325.97556030627953,8.457794825229932,0.03759862131441857
D,2025-08-06,25,324.9045015993967,9.11509923999991,0.04052062879862827
D,2025-08-06,26,328.53763752942507,8.348098107668118,0.03711097111383224
D,2025-08-06,27,325.75537648253504,5.305295291128525,0.023584373082363892
D,2025-08-06,28,326.7682868462609,3.907897074066298,0.017372322840610955
D,2025-08-06,29,335.75360611321594,5.6489530960168235,0.025112083311180918
D,2025-08-06,30,340.48065389162423,5.689323667247632,0.02529154827235804
D,2025-08-06,31,338.4732120605272,8.264618807955104,0.0367398688770956
D,2025-08-06,32,336.1836379846256,9.443608340862626,0.04198099636924282
D,2025-08-06,33,334.99246926386763,6.752509821730624,0.03001787876809127
D,2025-08-06,34,331.0623285684824,7.810027488439134,0.034719010340267926
D,2025-08-06,35,333.89615814588564,7.4153129886966065,0.032964330626489693
D,2025-08-06,36,329.7360917290555,6.4332915695212485,0.028598813109786583
D,2025-08-06,37,332.0734722719041,6.773652920085747,0.03011186914795913
D,2025-08-06,38,333.7404826789463,9.097050129664682,0.040440392557553696
D,2025-08-06,39,340.73127751202685,10.14360319164705,0.04509278163485088
D,2025-08-06,40,337.15675586647666,10.117762515464005,0.04497790845355584
D,2025-08-06,41,328.3391023606263,8.243771054329889,0.03664719143456974
D,2025-08-06,42,330.8394712587995,11.961146190441225,0.05317256038882143
D,2025-08-06,43,330.5153934645564,7.190982647198954,0.0319670835031445
D,2025-08-06,44,329.3025022976822,1.4681318498766394,0.006526492378188889
D,2025-08-06,45,327.5047327680011,0.06197824962767908,0.0002755206038493915
D,2025-08-06,46,320.82976820611253,0.0003709486727110833,1.649030150358495e-06
D,2025-08-06,47,312.45124705524813,0.0,0.0
D,2025-08-07,0,338.3361051984248,0.0,0.0
D,2025-08-07,1,345.61050756605925,0.0,0.0
D,2025-08-07,2,345.0746481033638,0.0,0.0
D,2025-08-07,3,325.5061421926194,0.0,0.0
D,2025-08-07,4,306.25282221292247,0.0,0.0
D,2025-08-07,5,294.2061262549909,0.0,0.0
D,2025-08-07,6,295.78806079600014,0.0,0.0
D,2025-08-07,7,285.86476440603303,0.0,0.0
D,2025-08-07,8,284.03335263501435,0.0,0.0
D,2025-08-07,9,296.6466796912412,0.0,0.0
D,2025-08-07,10,348.28813373881326,8.61391564438441e-05,1.1579555639119237e-06
D,2025-08-07,11,389.08331950659084,0.01415757227515533,0.00019031808836192623
D,2025-08-07,12,288.59063985876236,0.30231638875669614,0.004063993181205503
D,2025-08-07,13,262.37530985571493,0.8387244930333407,0.011274845649670526
D,2025-08-07,14,268.4805994390067,0.30231638875669614,0.004063993181205503
D,2025-08-07,15,260.33840983809387,0.014235597711981907,0.0001913669724284761
D,2025-08-07,16,270.2198962235887,0.013097032045593093,0.00017606140754134475
D,2025-08-07,17,286.147750636674,0.30470578617551275,0.004096113486879952
D,2025-08-07,18,294.3898506176526,1.4409879089833864,0.019370981045361363
D,2025-08-07,19,302.80720054883665,2.68625463812767,0.03611091207204923
D,2025-08-07,20,309.5351499548986,3.3929543839268628,0.045610969147681285
D,2025-08-07,21,312.67156575633453,4.330243499538148,0.0582108040105143
D,2025-08-07,22,317.7980442995154,2.5160897973980245,0.0338234120286336
D,2025-08-07,23,319.99024553852587,1.4483599471584874,0.019470082232030103
D,2025-08-07,24,316.5008417258666,1.8607282342511358,0.025013486325278413
D,2025-08-07,25,315.6109164281483,3.236111818910175,0.04350255842813017
D,2025-08-07,26,319.85436305787516,4.232755030283797,0.05690028136261809
D,2025-08-07,27,320.0927981560092,4.226255827473681,0.056812913568856704
D,2025-08-07,28,321.9191654571436,5.412330843342438,0.07275713940693435
D,2025-08-07,29,327.1292391410065,4.296652173746701,0.05775924093275487
D,2025-08-07,30,331.34622901067036,2.9261042217387314,0.039335173503323495
D,2025-08-07,31,328.9653582507042,2.46376539271596,0.033120023023779865
D,2025-08-07,32,326.5854268016592,1.5764712527993285,0.0211922630066183
D,2025-08-07,33,330.01696873238006,1.0435806519785618,0.014028695801510463
D,2025-08-07,34,329.01067715608923,1.2362882688652386,0.016619234952281098
D,2025-08-07,35,327.5407169398878,1.0971254700771593,0.014748490638093796
D,2025-08-07,36,331.171420681555,0.8266167910801296,0.011112083655918613
D,2025-08-07,37,325.61544815017993,1.6244101731387113,0.021836698613218505
D,2025-08-07,38,321.88017032998397,3.607801429192698,0.04849912526304559
D,2025-08-07,39,322.7571966777946,5.59257487011044,0.0751801324135348
D,2025-08-07,40,316.9834751265691,4.3812785636621445,0.05889686060657012
D,2025-08-07,41,318.90810527202086,2.411842202815576,0.032422027488144434
D,2025-08-07,42,320.4796528331312,2.048699483389545,0.02754035520560224
D,2025-08-07,43,317.61540196662526,1.0027243333154476,0.013479470530796862
D,2025-08-07,44,322.55748034237865,1.111635933638765,0.014943552590285727
D,2025-08-07,45,314.0409398465438,0.5025159012896382,0.006755244744379387
D,2025-08-07,46,316.9540235139207,0.06390832255908402,0.0008591098490245067
D,2025-08-07,47,325.38787128410155,0.0022932365809151716,3.082763017267569e-05
D,2025-08-08,0,333.9714921005857,0.0,0.0
D,2025-08-08,1,328.83152637613955,0.0,0.0
D,2025-08-08,2,341.75311673693267,0.0,0.0
D,2025-08-08,3,318.6700103693493,0.0,0.0
D,2025-08-08,4,330.6246527641278,0.0,0.0
D,2025-08-08,5,351.8417461709489,0.0,0.0
D,2025-08-08,6,353.3205229014787,0.0,0.0
D,2025-08-08,7,205.39227581087428,0.0,0.0
D,2025-08-08,8,179.9220605334168,0.0,0.0
D,2025-08-08,9,257.55152984802237,0.0,0.0
D,2025-08-08,10,296.17282142126663,0.00011288201206163433,9.984292537885711e-07
D,2025-08-08,11,315.4588383803435,0.018552947466688986,0.00016409882457295964
D,2025-08-08,12,276.01211519047274,0.39620791124145666,0.0035044163542189842
D,2025-08-08,13,266.2504978900972,1.1047721343703707,0.00977159068642
D,2025-08-08,14,271.73611701966996,0.5256081514858487,0.004648947559392115
D,2025-08-08,15,282.9019444551055,0.5717592309073121,0.005057148892330347
D,2025-08-08,16,284.16738053509897,0.9506101800964433,0.008408044784312374
D,2025-08-08,17,288.80702200347486,1.1909764558398006,0.010534058636681897
D,2025-08-08,18,299.28772882816656,1.9999300748655349,0.017689166376544184
D,2025-08-08,19,308.1039097541996,3.7097958809616234,0.032812745498494805
D,2025-08-08,20,310.5391680274117,4.619960518951897,0.040863053813669045
D,2025-08-08,21,321.3017432724876,6.1243293591404395,0.05416903437780109
D,2025-08-08,22,326.41591598293536,5.4793537400131855,0.048464294407668036
D,2025-08-08,23,325.1968388072937,4.6305947435149175,0.040957112385988606
D,2025-08-08,24,325.23129784347475,4.154170579821126,0.03674319190781787
D,2025-08-08,25,333.4781950286357,3.522560889826734,0.031156672143070857
D,2025-08-08,26,336.6561456415329,3.478732276774914,0.03076901277534074
D,2025-08-08,27,334.5994376278552,4.952396787941338,0.043803416852185376
D,2025-08-08,28,331.7319118924582,6.842746305560577,0.060523354987639943
D,2025-08-08,29,334.5420129790043,7.7156042432727485,0.06824368955199513
D,2025-08-08,30,338.10947315034315,5.8154021574556625,0.05143660651068695
D,2025-08-08,31,336.5092074437027,5.488989509346848,0.048549521750889335
D,2025-08-08,32,336.87041905344057,3.7405994240727374,0.03308519952372675
D,2025-08-08,33,335.2271156852777,3.152440407808433,0.02788299629406466
D,2025-08-08,34,339.19624432363173,2.3631573813575595,0.02090187282953026
D,2025-08-08,35,332.4892077456911,1.7104604726995485,0.015128838884088999
D,2025-08-08,36,329.70002231882626,1.2216898073657803,0.010805714927045382
D,2025-08-08,37,331.95800710141236,2.14258947118022,0.018950973390850664
D,2025-08-08,38,333.13798092080555,3.5955889448233385,0.031802597433772437
D,2025-08-08,39,333.3487537869423,3.6324690614487,0.03212879809807128
D,2025-08-08,40,327.4897999906043,2.67733721089379,0.023680759624957012
D,2025-08-08,41,320.77247739875037,3.104047023388543,0.027454962014623642
D,2025-08-08,42,329.16561251997405,6.077559042205589,0.0537553559556693
D,2025-08-08,43,335.92711578988894,4.754191208883894,0.04205030982670993
D,2025-08-08,44,326.18904642824776,1.4329548125970668,0.012674331172205339
D,2025-08-08,45,311.82200195682094,0.15605485249116766,0.001380288383217061
D,2025-08-08,46,307.46910883507087,0.005263728540790962,4.655711271569121e-05
D,2025-08-08,47,308.7439932052899,3.018937531880919e-05,2.6702177717601324e-07
D,2025-08-09,0,323.97912147231324,0.0,0.0
D,2025-08-09,1,330.29709847044336,0.0,0.0
D,2025-08-09,2,324.15757778334006,0.0,0.0
D,2025-08-09,3,318.10115100432614,0.0,0.0
D,2025-08-09,4,312.7558086893215,0.0,0.0
D,2025-08-09,5,351.8905526142744,0.0,0.0
D,2025-08-09,6,427.22986658536513,0.0,0.0
D,2025-08-09,7,339.3229865837759,0.0,0.0
D,2025-08-09,8,297.2744537193379,0.0,0.0
D,2025-08-09,9,312.028176051655,0.0,0.0
D,2025-08-09,10,419.0095692996544,0.0,0.0
D,2025-08-09,11,562.3927049577745,0.0,0.0
D,2025-08-09,12,356.51342390215126,5.745835721976675e-05,8.152249270698558e-07
D,2025-08-09,13,271.10877847391384,0.009443682510181758,0.00013398791330193637
D,2025-08-09,14,282.53997621844275,0.20165745493335988,0.0028611361679269465
D,2025-08-09,15,298.64347576799366,0.5595226613425028,0.007938563559035307
D,2025-08-09,16,297.5492946360542,0.21151986945024914,0.0030010650928788385
D,2025-08-09,17,293.6238446578039,0.2448728165204375,0.003474280046429671
D,2025-08-09,18,298.27813920891106,1.209085567153191,0.017154627124713273
D,2025-08-09,19,292.93598077620277,2.585157264242281,0.03667847018572622
D,2025-08-09,20,297.2928213179307,3.86132876503819,0.05478491925606385
D,2025-08-09,21,304.95931373400157,5.666275348225468,0.08039368215570401
D,2025-08-09,22,312.84399116238427,4.539281281822884,0.06440377746564896
D,2025-08-09,23,316.52847206629684,2.39562254567226,0.033989332615494826
D,2025-08-09,24,321.3703750527114,2.1583846247212537,0.030623377232089702
D,2025-08-09,25,320.28460406921505,3.28884751321082,0.046662497917340416
D,2025-08-09,26,319.8879421198986,4.19242769117746,0.05948258398188264
D,2025-08-09,27,317.07729705418427,5.212688054658715,0.07395814020480118
D,2025-08-09,28,319.6364228176105,6.30004299572528,0.08938564101446733
D,2025-08-09,29,321.1373076794295,9.250364365897473,0.1312450961087358
D,2025-08-09,30,313.00991946735064,5.403514145834338,0.07666559989890039
D,2025-08-09,31,311.1744754528759,2.703531770847567,0.03835797954143446
D,2025-08-09,32,319.50155788121947,2.089532883304155,0.029646501828905058
D,2025-08-09,33,319.32845780299976,1.5596989128817087,0.022129164390162947
D,2025-08-09,34,320.0814170544581,1.4634811692580734,0.020764017406785223
D,2025-08-09,35,321.523122637091,0.8701766369549383,0.012346153279081892
D,2025-08-09,36,325.6716801551149,0.6830799180689795,0.009691606292549821
D,2025-08-09,37,334.5520316924027,0.30958247727051724,0.00439238719425378
D,2025-08-09,38,333.0843141189994,0.28935843344147616,0.004105446434835136
D,2025-08-09,39,328.3886308470835,0.10649866993931494,0.0015110137956475865
D,2025-08-09,40,316.9703529654975,0.14589094395195185,0.002069915324736553
D,2025-08-09,41,310.76112714726463,0.847320171245153,0.012021863454364729
D,2025-08-09,42,312.3599496308509,1.5695047478835302,0.022268290559288244
D,2025-08-09,43,316.51861650582214,0.5291426060653212,0.007507528291998495
D,2025-08-09,44,314.5419286610726,0.024557339971446598,0.00034842199909546035
D,2025-08-09,45,314.2029311019979,0.00014921242230033047,2.117040792211449e-06
D,2025-08-09,46,307.9692503097349,0.0,0.0
D,2025-08-09,47,294.63530536353073,0.0,0.0
D,2025-08-10,0,310.79986385141206,0.0,0.0
D,2025-08-10,1,310.1814655293757,0.0,0.0
D,2025-08-10,2,341.9049337362488,0.0,0.0
D,2025-08-10,3,367.39038959827747,0.0,0.0
D,2025-08-10,4,367.26416633222226,0.0,0.0
D,2025-08-10,5,377.07285963765713,0.0,0.0
D,2025-08-10,6,366.6176670435889,0.0,0.0
D,2025-08-10,7,318.55746996715993,0.0,0.0
D,2025-08-10,8,306.2106611832688,0.0,0.0
D,2025-08-10,9,351.9043018208149,0.0,0.0
D,2025-08-10,10,414.27179700589255,0.0,0.0
D,2025-08-10,11,282.0989519976491,0.0,0.0
D,2025-08-10,12,227.8626846176801,0.0,0.0
D,2025-08-10,13,267.816620168596,0.0,0.0
D,2025-08-10,14,308.4024009497546,0.0,0.0
D,2025-08-10,15,314.84102524522035,0.0,0.0
D,2025-08-10,16,308.5883413100443,0.0,0.0
D,2025-08-10,17,316.4476224147259,0.0004915383391231575,5.481379695867457e-06
D,2025-08-10,18,308.88216141368093,0.08188182995822109,0.000913103545481544
D,2025-08-10,19,300.16658930592376,1.9052401503790335,0.021246246416238262
D,2025-08-10,20,311.95518347589797,8.676308628463204,0.09675367751776098
D,2025-08-10,21,325.8918908258156,13.495599910045556,0.15049590528876258
D,2025-08-10,22,321.7449386134779,7.863569228610427,0.08769043078845895
D,2025-08-10,23,319.6860426254147,3.963138140729118,0.04419485360035682
D,2025-08-10,24,317.7724156000859,1.6377213668428388,0.018263016194656194
D,2025-08-10,25,316.20870916782735,3.365639610462728,0.037531861008659434
D,2025-08-10,26,322.32337451982147,7.143791188262725,0.07966384075088179
D,2025-08-10,27,322.07105311700866,6.7016957343102534,0.07473382237377364
D,2025-08-10,28,322.6424782978257,3.3209860980184143,0.03703390828151702
D,2025-08-10,29,322.1035864188274,4.2857611683545676,0.047792577668432694
D,2025-08-10,30,325.59484735030236,3.0974654131166295,0.03454132195343398
D,2025-08-10,31,324.6264628176076,4.614311970175582,0.05145640518873412
D,2025-08-10,32,333.5005278171649,3.3594647377520555,0.03746300204241638
D,2025-08-10,33,332.6670952118104,4.931915921747898,0.05499815913326126
D,2025-08-10,34,334.9715508200175,1.7782696416825177,0.019830337395622347
D,2025-08-10,35,330.1529272480558,0.6654711638484085,0.007420988019390287
D,2025-08-10,36,322.1925269688832,1.6193056127989895,0.018057653291570924
D,2025-08-10,37,319.48503872349426,0.583741116961011,0.0065095770797064375
D,2025-08-10,38,322.818386920079,0.06771915239487918,0.0007551687374392987
D,2025-08-10,39,332.6407677099017,0.8627245958281506,0.009620655615864435
D,2025-08-10,40,330.5690139177003,2.3930188157593864,0.02668570018756104
D,2025-08-10,41,326.7060326366557,0.8625583402134472,0.009618801619790833
D,2025-08-10,42,329.2056924538967,0.040531750885646894,0.0004519889877539681
D,2025-08-10,43,334.03053078643467,0.022905750843842925,0.00025543301020631263
D,2025-08-10,44,330.7293849039482,0.483874190851446,0.005395913103785102
D,2025-08-10,45,326.19114046094205,1.3424251893284365,0.014970026934485462
D,2025-08-10,46,334.79580639411677,0.483874190851446,0.005395913103785102
D,2025-08-10,47,356.967072664472,0.022797852184035402,0.0002542297805169759
D,2025-08-11,0,314.8144454674089,0.0,0.0
D,2025-08-11,1,315.35848631021213,0.0,0.0
D,2025-08-11,2,325.62586951709574,0.0,0.0
D,2025-08-11,3,312.63732360780597,0.0,0.0
D,2025-08-11,4,305.0459634415649,0.0,0.0
D,2025-08-11,5,319.00550666530097,0.0,0.0
D,2025-08-11,6,344.1073469750013,0.0,0.0
D,2025-08-11,7,309.03389644875983,0.0,0.0
D,2025-08-11,8,305.2902571555758,0.0,0.0
D,2025-08-11,9,265.72842591132655,0.0,0.0
D,2025-08-11,10,285.2500882522563,0.0,0.0
D,2025-08-11,11,288.1285006266362,0.0,0.0
D,2025-08-11,12,250.9230330419205,0.0,0.0
D,2025-08-11,13,244.8976499689926,0.0,0.0
D,2025-08-11,14,261.9943452061457,0.0003203141160651392,6.603539284691519e-07
D,2025-08-11,15,268.5609299596942,0.05264586323063283,0.00010853378249158479
D,2025-08-11,16,270.93842766154296,1.1260398804821456,0.0023214239441701765
D,2025-08-11,17,281.88328812038594,3.4246021293070465,0.007060099309116434
D,2025-08-11,18,292.54289216268114,7.744353532281228,0.0159656225623721
D,2025-08-11,19,304.54650720150147,20.759814533371475,0.04279806725288065
D,2025-08-11,20,313.1210701510752,22.475619247395883,0.04633533996914612
D,2025-08-11,21,316.7765607656002,33.23922538777552,0.06852540042170804
D,2025-08-11,22,319.77166430973244,24.89028473951323,0.05131337173136269
D,2025-08-11,23,322.0323415258762,24.676032465683434,0.0508716730249648
D,2025-08-11,24,326.2144924148318,29.14597584111326,0.06008682939790304
D,2025-08-11,25,329.105092709676,32.43511318492751,0.06686765689605999
D,2025-08-11,26,330.3679073732421,26.746339884188522,0.0551397822601839
D,2025-08-11,27,325.19600208086837,21.11160299815631,0.04352330814318083
D,2025-08-11,28,323.6476003723126,18.706300909430105,0.03856457980814112
D,2025-08-11,29,329.324960341302,18.838880576347727,0.038837903709565365
D,2025-08-11,30,330.9560169156816,15.612127582869306,0.032185686687041914
D,2025-08-11,31,333.4333869518557,18.220309474818198,0.037562668443788166
D,2025-08-11,32,338.20277901323107,13.769130985683795,0.028386197429255862
D,2025-08-11,33,341.84281712038114,15.796609526793402,0.032566011406721544
D,2025-08-11,34,341.40923443528635,13.375805132421421,0.027575323791962057
D,2025-08-11,35,333.8589556813807,11.627274266034876,0.023970583417569333
D,2025-08-11,36,335.7947829139379,7.92372428338878,0.016335410137148374
D,2025-08-11,37,335.7463427860993,7.491293619066891,0.015443918711533482
D,2025-08-11,38,329.5631268990359,14.733892157714116,0.03037513203448309
D,2025-08-11,39,331.0460674048614,25.193407675067533,0.05193828462549714
D,2025-08-11,40,327.29852191682323,23.395182527870414,0.048231095398837666
D,2025-08-11,41,326.40870261442416,12.957269104146341,0.026712477302795405
D,2025-08-11,42,326.92379594362706,10.360001311052908,0.021357995859627082
D,2025-08-11,43,333.9219884303408,4.9989961545096655,0.010305842245058367
D,2025-08-11,44,329.36709741209626,0.9243311548127366,0.0019055847952791757
D,2025-08-11,45,331.68938426544014,0.7156950794306525,0.0014754643444810358
D,2025-08-11,46,336.3528630242637,1.8849931554981514,0.003886068621207851
D,2025-08-11,47,325.0425254508076,0.711105321500724,0.0014660021805371452
D,2025-08-12,0,311.401238093306,0.0,0.0
D,2025-08-12,1,336.0656083525783,0.0,0.0
D,2025-08-12,2,356.50298160406015,0.0,0.0
D,2025-08-12,3,341.624701976035,0.0,0.0
D,2025-08-12,4,314.1932233178374,0.0,0.0
D,2025-08-12,5,312.2526473535106,0.0,0.0
D,2025-08-12,6,325.72177534489407,0.0,0.0
D,2025-08-12,7,291.81152575250917,0.0,0.0
D,2025-08-12,8,279.3731514487695,0.0,0.0
D,2025-08-12,9,290.53054100468535,0.0,0.0
D,2025-08-12,10,307.21856948588527,0.0,0.0
D,2025-08-12,11,282.51656197861735,0.0,0.0
D,2025-08-12,12,234.46391574708397,0.0,0.0
D,2025-08-12,13,237.09485109425816,0.0,0.0
D,2025-08-12,14,264.08919135288266,0.0,0.0
D,2025-08-12,15,273.67860124351256,0.0,0.0
D,2025-08-12,16,275.4977294692837,0.00039610201344847927,9.05780785353179e-07
D,2025-08-12,17,279.9951954985177,0.06589433777471539,0.00015068296295765396
D,2025-08-12,18,287.43987041983723,1.5231850366329878,0.0034831222560778308
D,2025-08-12,19,298.07826177606523,7.100570376825339,0.016237130824917966
D,2025-08-12,20,306.21611706202793,19.228280563390655,0.04397000388377127
D,2025-08-12,21,310.8926159579194,36.06151322927823,0.08246316520703133
D,2025-08-12,22,317.93514175256456,31.853215076602062,0.0728398977751248
D,2025-08-12,23,318.23854832913474,27.526169220151186,0.06294508567863168
D,2025-08-12,24,318.9433223051298,25.969445971588584,0.05938527038159585
D,2025-08-12,25,319.18970911026105,35.02588895266933,0.08009496575651365
D,2025-08-12,26,319.60144879964884,33.07557132657291,0.07563510397577183
D,2025-08-12,27,320.90852426506643,30.750465060369287,0.07031819947055035
D,2025-08-12,28,320.40763035125104,27.721561466107392,0.06339189618699874
D,2025-08-12,29,319.5631219375338,18.920602907670855,0.04326642627201607
D,2025-08-12,30,320.8817652280362,13.881278805072153,0.03174282177538112
D,2025-08-12,31,321.6710553313135,13.54131790642818,0.030965420905634814
D,2025-08-12,32,325.37712937477255,12.421858446996717,0.02840551251358428
D,2025-08-12,33,326.4198381091853,13.874450455134648,0.03172720714087014
D,2025-08-12,34,322.4310400084975,10.067075018136812,0.023020744168278196
D,2025-08-12,35,321.2689349147498,6.912016210780807,0.015805957200945353
D,2025-08-12,36,327.8740610731291,8.498370968941154,0.019433531941567384
D,2025-08-12,37,326.62903407733285,5.5594099073521654,0.012712903497110515
D,2025-08-12,38,324.04461074100095,8.853729342285654,0.020246142773023494
D,2025-08-12,39,328.37199618298547,17.937004890507374,0.04101719714868558
D,2025-08-12,40,324.5554722497157,16.082107198746165,0.036775535579318674
D,2025-08-12,41,319.18799826175206,8.610425807483528,0.01968977178941339
D,2025-08-12,42,323.650112061251,3.1592941880993695,0.007224472165503372
D,2025-08-12,43,328.9098705133433,0.6074486472253945,0.0013890747687832952
D,2025-08-12,44,331.6404478672474,0.5327300911113106,0.0012182131469292235
D,2025-08-12,45,327.7278439646253,1.410798835394613,0.0032261246691827157
D,2025-08-12,46,328.7144839774199,0.5084670994992262,0.0011627300873858516
D,2025-08-12,47,330.60809177520383,0.02395655315781747,5.4782315658351256e-05
D,2025-08-13,0,332.484585003044,0.0,0.0
D,2025-08-13,1,346.05572961263294,0.0,0.0
D,2025-08-13,2,339.3924858106932,0.0,0.0
D,2025-08-13,3,338.64921738742197,0.0,0.0
D,2025-08-13,4,355.3222679936062,0.0,0.0
D,2025-08-13,5,362.2352980570943,0.0,0.0
D,2025-08-13,6,343.2777935901223,0.0,0.0
D,2025-08-13,7,311.61660856962715,0.0,0.0
D,2025-08-13,8,347.0139784614557,0.0,0.0
D,2025-08-13,9,476.99578840773535,0.0,0.0
D,2025-08-13,10,456.5962878491133,3.613224392750342e-05,5.798787341919983e-07
D,2025-08-13,11,305.2110650309678,0.00593858677035755,9.530712197652945e-05
D,2025-08-13,12,258.2976632008619,0.12681073222443348,0.002035158597728029
D,2025-08-13,13,269.8045759955567,0.35181442704292987,0.005646195266296419
D,2025-08-13,14,259.02711782634816,0.12681073222443348,0.002035158597728029
D,2025-08-13,15,275.60139272187007,0.0059546651771908155,9.55651609242628e-05
D,2025-08-13,16,295.9343809210718,0.0027509952457313467,4.415014035839106e-05
D,2025-08-13,17,299.58296177474006,0.06847218236398167,0.001098895560327101
D,2025-08-13,18,297.835007641589,0.4379702226896065,0.007028891392868023
D,2025-08-13,19,309.0018655303394,1.4320542060831158,0.022982734811155765
D,2025-08-13,20,317.09390726155976,3.8087479170655016,0.06112578907182638
D,2025-08-13,21,325.66427657162205,6.274551595277358,0.10069895033345141
D,2025-08-13,22,328.8901528024661,3.459706860892314,0.05552410304754155
D,2025-08-13,23,330.4769306221177,2.5399814776177863,0.04076362506207328
D,2025-08-13,24,330.0378368340395,2.3427700941014216,0.03759862131441857
D,2025-08-13,25,328.95343069509545,2.5248403804425275,0.04052062879862827
D,2025-08-13,26,332.631842420637,2.312384610102887,0.03711097111383224
D,2025-08-13,27,329.81490910035853,1.4695422867620942,0.023584373082363892
D,2025-08-13,28,330.8404422570061,1.0824694361984686,0.017372322840610955
D,2025-08-13,29,339.9377357207944,1.564733911119683,0.025112083311180918
D,2025-08-13,30,344.72369152045985,1.5759163728506296,0.02529154827235804
D,2025-08-13,31,342.6912331395833,2.2892612297318267,0.0367398688770956
D,2025-08-13,32,340.3731266086155,2.6158358837675206,0.04198099636924282
D,2025-08-13,33,339.1671136561907,1.870414026039767,0.03001787876809127
D,2025-08-13,34,335.18799592006457,2.1633415343020945,0.034719010340267926
D,2025-08-13,35,338.05714041299444,2.054007441336573,0.032964330626489693
D,2025-08-13,36,333.8452316428813,1.781992044870802,0.028598813109786583
D,2025-08-13,37,336.2117404004548,1.8762705666093336,0.03011186914795913
D,2025-08-13,38,337.89952493314524,2.519840860261171,0.040440392557553696
D,2025-08-13,39,344.97743838865904,2.8097312236675585,0.04509278163485088
D,2025-08-13,40,341.35837139325184,2.8025734757410645,0.04497790845355584
D,2025-08-13,41,332.43083312538715,2.2834864982880405,0.03664719143456974
D,2025-08-13,42,334.96236138371677,3.3131822378274634,0.05317256038882143
D,2025-08-13,43,334.6342449627267,1.9918689730809338,0.0319670835031445
D,2025-08-13,44,333.4062388611216,0.4066657400849497,0.006526492378188889
D,2025-08-13,45,331.58606569800276,0.017167688825855586,0.0002755206038493915
D,2025-08-13,46,324.8279183605776,0.00010275106866883782,1.649030150358495e-06
D,2025-08-13,47,316.34498487347383,0.0,0.0
D,2025-08-14,0,346.27972980256794,0.0,0.0
D,2025-08-14,1,353.7249242338933,0.0,0.0
D,2025-08-14,2,353.1764835942356,0.0,0.0
D,2025-08-14,3,333.14853849674597,0.0,0.0
D,2025-08-14,4,313.44317942351967,0.0,0.0
D,2025-08-14,5,301.11364510178436,0.0,0.0
D,2025-08-14,6,302.73272109458964,0.0,0.0
D,2025-08-14,7,292.57644057982355,0.0,0.0
D,2025-08-14,8,290.7020300055999,0.0,0.0
D,2025-08-14,9,303.6114990744718,0.0,0.0
D,2025-08-14,10,356.4654170555795,8.381803451598264e-05,1.1579555639119237e-06
D,2025-08-14,11,398.21841263560117,0.01377607966703385,0.00019031808836192623
D,2025-08-14,12,295.36631550225604,0.29417011442496976,0.004063993181205503
D,2025-08-14,13,268.5354888459744,0.8161240649285763,0.011274845649670526
D,2025-08-14,14,274.78412147721195,0.29417011442496976,0.004063993181205503
D,2025-08-14,15,266.4507654691329,0.013852002615749029,0.0001913669724284761
D,2025-08-14,16,276.5642543431924,0.01274411695417647,0.00017606140754134475
D,2025-08-14,17,292.86607090298025,0.2964951266910619,0.004096113486879952
D,2025-08-14,18,301.3016830370893,1.4021587774779596,0.019370981045361363
D,2025-08-14,19,309.91665972754527,2.6138703148792475,0.03611091207204923
D,2025-08-14,20,316.8025713008612,3.301527196270336,0.045610969147681285
D,2025-08-14,21,320.0126254440121,4.213559942899073,0.0582108040105143
D,2025-08-14,22,325.2594660190972,2.448290767986629,0.0338234120286336
D,2025-08-14,23,327.50313685721886,1.409332167324383,0.019470082232030103
D,2025-08-14,24,323.9318070734494,1.8105887009121153,0.025013486325278413
D,2025-08-14,25,323.0209876636863,3.148910940540988,0.04350255842813017
D,2025-08-14,26,327.3640640596023,4.118698416292429,0.05690028136261809
D,2025-08-14,27,327.6080972564404,4.112374342224908,0.056812913568856704
D,2025-08-14,28,329.4773449241883,5.26648915740124,0.07275713940693435
D,2025-08-14,29,334.8097433285544,4.180873775296995,0.05775924093275487
D,2025-08-14,30,339.12574179933824,2.84725686645132,0.039335173503323495
D,2025-08-14,31,336.68897176271327,2.397376306564794,0.033120023023779865
D,2025-08-14,32,334.2531630906219,1.5339913616025622,0.0211922630066183
D,2025-08-14,33,337.7652724821967,1.0154601312444342,0.014028695801510463
D,2025-08-14,34,336.73535468806637,1.202975012403391,0.016619234952281098
D,2025-08-14,35,335.23088200937235,1.0675621205931005,0.014748490638093796
D,2025-08-14,36,338.94682923268266,0.8043426193918408,0.011112083655918613
D,2025-08-14,37,333.26041079434685,1.580638510768515,0.021836698613218505
D,2025-08-14,38,329.43743424989435,3.5105849326029235,0.04849912526304559
D,2025-08-14,39,330.3350518617406,5.44187629468751,0.0751801324135348
D,2025-08-14,40,324.4257719829613,4.263219806576275,0.05889686060657012
D,2025-08-14,41,326.39558955932097,2.346852248715591,0.032422027488144434
D,2025-08-14,42,328.0040347015088,1.9934948413799154,0.02754035520560224
D,2025-08-14,43,325.07253551800085,0.9757047346364655,0.013479470530796862
D,2025-08-14,44,330.1306464861322,1.0816815824715373,0.014943552590285727
D,2025-08-14,45,321.41415038524826,0.48897501319952974,0.006755244744379387
D,2025-08-14,46,324.39562889059414,0.06218623686671441,0.0008591098490245067
D,2025-08-14,47,333.02749076457724,0.002231442596234043,3.082763017267569e-05
D,2025-08-15,0,341.05198333613725,0.0,0.0
D,2025-08-15,1,335.80304578887456,0.0,0.0
D,2025-08-15,2,348.99858530240385,0.0,0.0
D,2025-08-15,3,325.42609664863494,0.0,0.0
D,2025-08-15,4,337.63418804341035,0.0,0.0
D,2025-08-15,5,359.3011026100137,0.0,0.0
D,2025-08-15,6,360.81123071611745,0.0,0.0
D,2025-08-15,7,209.7467738537518,0.0,0.0
D,2025-08-15,8,183.7365674683547,0.0,0.0
D,2025-08-15,9,263.0118502434009,0.0,0.0
D,2025-08-15,10,302.4519473822641,0.0001526985719593195,9.984292537885711e-07
D,2025-08-15,11,322.14684497120714,0.025097077311598957,0.00016409882457295964
D,2025-08-15,12,281.8638163348435,0.5359612319146263,0.0035044163542189842
D,2025-08-15,13,271.8952441075507,1.4944553536722511,0.00977159068642
D,2025-08-15,14,277.49716321807153,0.7110044609963587,0.004648947559392115
D,2025-08-15,15,288.8997160781744,0.7734342830143324,0.005057148892330347
D,2025-08-15,16,290.1919805231196,1.2859162796589931,0.008408044784312374
D,2025-08-15,17,294.92998649723916,1.611066287023765,0.010534058636681897
D,2025-08-15,18,305.63289358324016,2.7053598786290154,0.017689166376544184
D,2025-08-15,19,314.6359853482349,5.018341921245197,0.032812745498494805
D,2025-08-15,20,317.1228732523215,6.249546414597967,0.040863053813669045
D,2025-08-15,21,328.11362461870476,8.284547114899643,0.05416903437780109
D,2025-08-15,22,333.3362223172426,7.4120710295554595,0.048464294407668036
D,2025-08-15,23,332.09129962645443,6.2639316197782335,0.040957112385988606
D,2025-08-15,24,332.1264892247027,5.619459678551375,0.03674319190781787
D,2025-08-15,25,340.54822792963756,4.7650640495546845,0.031156672143070857
D,2025-08-15,26,343.7935539083784,4.705775891045282,0.03076901277534074
D,2025-08-15,27,341.6932418643886,6.699242009273008,0.043803416852185376
D,2025-08-15,28,338.76492204531246,9.256369283783666,0.060523354987639943
D,2025-08-15,29,341.63459976215466,10.437107987654672,0.06824368955199513
D,2025-08-15,30,345.2776932467367,7.866652875816648,0.05143660651068695
D,2025-08-15,31,343.6435004906971,7.425105597154913,0.048549521750889335
D,2025-08-15,32,344.012370106275,5.060010712919341,0.03308519952372675
D,2025-08-15,33,342.3342272521954,4.2643919936186965,0.02788299629406466
D,2025-08-15,34,346.38750493081596,3.1967073483009623,0.02090187282953026
D,2025-08-15,35,339.5382732409275,2.3137864643259105,0.015128838884088999
D,2025-08-15,36,336.68995461426454,1.6526130740844083,0.010805714927045382
D,2025-08-15,37,338.9958106728167,2.8983391292286314,0.018950973390850664
D,2025-08-15,38,340.200800981593,4.863851088404235,0.031802597433772437
D,2025-08-15,39,340.41604241905,4.9137398265613035,0.03212879809807128
D,2025-08-15,40,334.4328736163844,3.621706960129375,0.023680759624957012
D,2025-08-15,41,327.57313783998336,4.198928944562122,0.027454962014623642
D,2025-08-15,42,336.14421485466283,8.221279633432914,0.0537553559556693
D,2025-08-15,43,343.0490679786047,6.431123924525224,0.04205030982670993
D,2025-08-15,44,333.10454292719004,1.9383970002796778,0.012674331172205339
D,2025-08-15,45,318.4329043964892,0.21109964898315745,0.001380288383217061
D,2025-08-15,46,313.9877260877491,0.007120388950202554,4.655711271569121e-05
D,2025-08-15,47,315.2896391350355,4.083799017516685e-05,2.6702177717601324e-07
D,2025-08-16,0,326.192839846026,0.0,0.0
D,2025-08-16,1,332.55398697716305,0.0,0.0
D,2025-08-16,2,326.3725155319706,0.0,0.0
D,2025-08-16,3,320.27470576760004,0.0,0.0
D,2025-08-16,4,314.8928392394216,0.0,0.0
D,2025-08-16,5,354.294987129431,0.0,0.0
D,2025-08-16,6,430.1490874325631,0.0,0.0
D,2025-08-16,7,341.6415481213525,0.0,0.0
D,2025-08-16,8,299.30570165051097,0.0,0.0
D,2025-08-16,9,314.1602347574832,0.0,0.0
D,2025-08-16,10,421.87262164112866,0.0,0.0
D,2025-08-16,11,566.2354805617988,0.0,0.0
D,2025-08-16,12,358.9494460550012,5.636016772051095e-05,8.152249270698558e-07
D,2025-08-16,13,272.9612388468388,0.00926318739217272,0.00013398791330193637
D,2025-08-16,14,284.47054487305456,0.1978032184015455,0.0028611361679269465
D,2025-08-16,15,300.68407809598517,0.5488286223721265,0.007938563559035307
D,2025-08-16,16,299.5824205289441,0.20747713466363207,0.0030010650928788385
D,2025-08-16,17,295.6301483261552,0.2401926138698921,0.003474280046429671
D,2025-08-16,18,300.31624522711024,1.1859765689534898,0.017154627124713273
D,2025-08-16,19,294.93758433639164,2.5357476970550894,0.03667847018572622
D,2025-08-16,20,299.3241947531495,3.7875280003083467,0.05478491925606385
D,2025-08-16,21,307.043071579198,5.557977018993519,0.08039368215570401
D,2025-08-16,22,314.98162425489505,4.452522953198908,0.06440377746564896
D,2025-08-16,23,318.6912808646911,2.349835515705927,0.033989332615494826
D,2025-08-16,24,323.56626811146185,2.1171318732519055,0.030623377232089702
D,2025-08-16,25,322.4730781586045,3.225988462266371,0.046662497917340416
D,2025-08-16,26,322.0737058560981,4.112298702295465,0.05948258398188264
D,2025-08-16,27,319.24385592126856,5.1130590439888275,0.07395814020480118
D,2025-08-16,28,321.82046794645566,6.179631598714692,0.08938564101446733
D,2025-08-16,29,323.33160821109306,9.073564096929395,0.1312450961087358
D,2025-08-16,30,315.1486863321112,5.300237916210529,0.07666559989890039
D,2025-08-16,31,313.3007009041025,2.651859736607301,0.03835797954143446
D,2025-08-16,32,321.6846814908436,2.0495960806904368,0.029646501828905058
D,2025-08-16,33,321.5103986363329,1.5298887155317202,0.022129164390162947
D,2025-08-16,34,322.2685027863947,1.4355099614093931,0.020764017406785223
D,2025-08-16,35,323.7200594054872,0.853545133872687,0.012346153279081892
D,2025-08-16,36,327.89696362054616,0.6700243552322857,0.009691606292549821
D,2025-08-16,37,336.83799375117593,0.30366549248113794,0.00439238719425378
D,2025-08-16,38,335.3602474038661,0.28382798654910973,0.004105446434835136
D,2025-08-16,39,330.6324789769287,0.10446318325519807,0.0015110137956475865
D,2025-08-16,40,319.13618109384464,0.14310256101799923,0.002069915324736553
D,2025-08-16,41,312.88452822902343,0.8311255189857784,0.012021863454364729
D,2025-08-16,42,314.49427531383753,1.5395071336711132,0.022268290559288244
D,2025-08-16,43,318.6813579621136,0.51902921470317,0.007507528291998495
D,2025-08-16,44,316.6911635982367,0.024087980696465106,0.00034842199909546035
D,2025-08-16,45,316.3498497012395,0.00014636055664914242,2.117040792211449e-06
D,2025-08-16,46,310.07357476388785,0.0,0.0
D,2025-08-16,47,296.64852024621706,0.0,0.0
D,2025-08-17,0,307.7544699382104,0.0,0.0
D,2025-08-17,1,307.1421310348061,0.0,0.0
D,2025-08-17,2,338.55475464932425,0.0,0.0
D,2025-08-17,3,363.7904895134232,0.0,0.0
D,2025-08-17,4,363.66550305475073,0.0,0.0
D,2025-08-17,5,373.37808520196734,0.0,0.0
D,2025-08-17,6,363.02533853400973,0.0,0.0
D,2025-08-17,7,315.4360626151068,0.0,0.0
D,2025-08-17,8,303.2102348890964,0.0,0.0
D,2025-08-17,9,348.456143235691,0.0,0.0
D,2025-08-17,10,410.21252621542646,0.0,0.0
D,2025-08-17,11,279.3347859498,0.0,0.0
D,2025-08-17,12,225.629956378416,0.0,0.0
D,2025-08-17,13,265.19240053474954,0.0,0.0
D,2025-08-17,14,305.3804987422357,0.0,0.0
D,2025-08-17,15,311.75603373323446,0.0,0.0
D,2025-08-17,16,305.564617153074,0.0,0.0
D,2025-08-17,17,313.3468885495088,0.0005598768923434155,5.481379695867457e-06
D,2025-08-17,18,305.8555582401496,0.09326585710115767,0.000913103545481544
D,2025-08-17,19,297.2253862671226,2.170125602948842,0.021246246416238262
D,2025-08-17,20,308.898469083631,9.882575427548135,0.09675367751776098
D,2025-08-17,21,322.6986166448552,15.371892559642673,0.15049590528876258
D,2025-08-17,22,318.5922986299373,8.956840905422458,0.08769043078845895
D,2025-08-17,23,316.55357687629066,4.514133058506206,0.04419485360035682
D,2025-08-17,24,314.65870065742246,1.865413694948095,0.018263016194656194
D,2025-08-17,25,313.1103163105466,3.833564334402088,0.037531861008659434
D,2025-08-17,26,319.1650666921367,8.136992156440266,0.07966384075088179
D,2025-08-17,27,318.91521767800117,7.633432191373037,0.07473382237377364
D,2025-08-17,28,319.4810437097518,3.782702646127399,0.03703390828151702
D,2025-08-17,29,318.947432200017,4.881610351177985,0.047792577668432694
D,2025-08-17,30,322.4044837703347,3.528105890438872,0.03454132195343398
D,2025-08-17,31,321.44558802030855,5.255839556225605,0.05145640518873412
D,2025-08-17,32,330.2326998815983,3.8265309694156766,0.03746300204241638
D,2025-08-17,33,329.4074337231398,5.617599970925919,0.05499815913326126
D,2025-08-17,34,331.6893089640471,2.0255023901286995,0.019830337395622347
D,2025-08-17,35,326.91790100767224,0.757991589881355,0.007420988019390287
D,2025-08-17,36,319.03550125995565,1.8444375994463207,0.018057653291570924
D,2025-08-17,37,316.3545425249738,0.664898618244543,0.0065095770797064375
D,2025-08-17,38,319.65522867923113,0.07713414311202987,0.0007551687374392987
D,2025-08-17,39,329.3813641930753,0.9826691576533787,0.009620655615864435
D,2025-08-17,40,327.3299106233715,2.7257201142777845,0.02668570018756104
D,2025-08-17,41,323.5047810309806,0.9824797875280273,0.009618801619790833
D,2025-08-17,42,325.9799477590092,0.04616687839157071,0.0004519889877539681
D,2025-08-17,43,330.75750958019995,0.026090336355289102,0.00025543301020631263
D,2025-08-17,44,327.488710203444,0.5511471978815763,0.005395913103785102
D,2025-08-17,45,322.99493406178163,1.5290625031314402,0.014970026934485462
D,2025-08-17,46,331.5152865820311,0.5511471978815763,0.005395913103785102
D,2025-08-17,47,353.46930616987174,0.025967436549652743,0.0002542297805169759
D,2025-08-18,0,300.36454844325317,0.0,0.0
D,2025-08-18,1,300.88361796003045,0.0,0.0
D,2025-08-18,2,310.67973108327243,0.0,0.0
D,2025-08-18,3,298.28735588210924,0.0,0.0
D,2025-08-18,4,291.0444370731654,0.0,0.0
D,2025-08-18,5,304.3632410773661,0.0,0.0
D,2025-08-18,6,328.31291377590924,0.0,0.0
D,2025-08-18,7,294.8493250450297,0.0,0.0
D,2025-08-18,8,291.27751777245624,0.0,0.0
D,2025-08-18,9,253.53156377207895,0.0,0.0
D,2025-08-18,10,272.15718714583886,0.0,0.0
D,2025-08-18,11,274.90348117875857,0.0,0.0
D,2025-08-18,12,239.40573438981676,0.0,0.0
D,2025-08-18,13,233.6569147535051,0.0,0.0
D,2025-08-18,14,249.9688763509313,0.00039170180957308256,6.603539284691519e-07
D,2025-08-18,15,256.23405665860605,0.0643789294936421,0.00010853378249158479
D,2025-08-18,16,258.5024278655893,1.3769978802514515,0.0023214239441701765
D,2025-08-18,17,268.9449222200459,4.187835577138941,0.007060099309116434
D,2025-08-18,18,279.11525334952813,9.470320352510976,0.0159656225623721
D,2025-08-18,19,290.5679057380449,25.386508153357585,0.04279806725288065
D,2025-08-18,20,298.7488985912257,27.48471044182842,0.04633533996914612
D,2025-08-18,21,302.23660318540396,40.64717750544435,0.06852540042170804
D,2025-08-18,22,305.0942322952702,30.43752705320654,0.05131337173136269
D,2025-08-18,23,307.25114504492126,30.175524852381855,0.0508716730249648
D,2025-08-18,24,311.2413363508432,35.64167455053944,0.06008682939790304
D,2025-08-18,25,313.9992588820083,39.663854607207455,0.06686765689605999
D,2025-08-18,26,315.2041106975798,32.70723707338215,0.0551397822601839
D,2025-08-18,27,310.269594444907,25.8166989296365,0.04352330814318083
D,2025-08-18,28,308.79226395167433,22.87533252250516,0.03856457980814112
D,2025-08-18,29,314.2090346494213,23.03745992445103,0.038837903709565365
D,2025-08-18,30,315.7652261727218,19.091567679309307,0.032185686687041914
D,2025-08-18,31,318.1288856011749,22.281029259467605,0.037562668443788166
D,2025-08-18,32,322.6793638701658,16.837826536012983,0.028386197429255862
D,2025-08-18,33,326.1523252228352,19.317164703119314,0.032566011406721544
D,2025-08-18,34,325.7386438645101,16.356841026016237,0.027575323791962057
D,2025-08-18,35,318.534920842301,14.218618980507893,0.023970583417569333
D,2025-08-18,36,320.38189413384714,9.689667063347231,0.016335410137148374
D,2025-08-18,37,320.33567739464013,9.16086154016096,0.015443918711533482
D,2025-08-18,38,314.43626942723404,18.017601881328314,0.03037513203448309
D,2025-08-18,39,315.85114336905445,30.808206322163826,0.05193828462549714
D,2025-08-18,40,312.2756091949034,28.60921474218084,0.048231095398837666
D,2025-08-18,41,311.42663235534206,15.845026805460499,0.026712477302795405
D,2025-08-18,42,311.9180830414834,12.668911725057066,0.021357995859627082
D,2025-08-18,43,318.5950604053075,6.113111291580148,0.010305842245058367
D,2025-08-18,44,314.24923764018,1.130334780223351,0.0019055847952791757
D,2025-08-18,45,316.4649321615185,0.8752004474836438,0.0014754643444810358
D,2025-08-18,46,320.9143585196039,2.3050973810075504,0.003886068621207851
D,2025-08-18,47,310.12316235022865,0.8695877804281281,0.0014660021805371452
D,2025-08-19,0,303.7349564777036,0.0,0.0
D,2025-08-19,1,327.79212295886373,0.0,0.0
D,2025-08-19,2,347.72635543997364,0.0,0.0
D,2025-08-19,3,333.21435913915207,0.0,0.0
D,2025-08-19,4,306.45820676357863,0.0,0.0
D,2025-08-19,5,304.56540518168555,0.0,0.0
D,2025-08-19,6,317.7029412727581,0.0,0.0
D,2025-08-19,7,284.6275166304034,0.0,0.0
D,2025-08-19,8,272.495358451033,0.0,0.0
D,2025-08-19,9,283.3780680122438,0.0,0.0
D,2025-08-19,10,299.6552595721475,0.0,0.0
D,2025-08-19,11,275.56138242165326,0.0,0.0
D,2025-08-19,12,228.6917280132785,0.0,0.0
D,2025-08-19,13,231.25789325418282,0.0,0.0
D,2025-08-19,14,257.58766899239265,0.0,0.0
D,2025-08-19,15,266.94100044865553,0.0,0.0
D,2025-08-19,16,268.7153441727367,7.21554031420196e-05,9.05780785353179e-07
D,2025-08-19,17,273.1020886089937,0.012003555512169672,0.00015068296295765396
D,2025-08-19,18,280.36348559977927,0.27746900204141606,0.0034831222560778308
D,2025-08-19,19,290.73997400220657,1.2934660786437902,0.016237130824917966
D,2025-08-19,20,298.6774861850037,3.502694479385103,0.04397000388377127
D,2025-08-19,21,303.2388559384085,6.569098203557322,0.08246316520703133
D,2025-08-19,22,310.1080041756699,5.802499096664216,0.0728398977751248
D,2025-08-19,23,310.4039412884889,5.0142684702454785,0.06294508567863168
D,2025-08-19,24,311.09136467266103,4.730690023868307,0.05938527038159585
D,2025-08-19,25,311.33168576448276,6.380445067129634,0.08009496575651365
D,2025-08-19,26,311.733288973905,6.02516801781396,0.07563510397577183
D,2025-08-19,27,313.00818599111835,5.601618088023511,0.07031819947055035
D,2025-08-19,28,312.519623414925,5.049861842152507,0.06339189618699874
D,2025-08-19,29,311.6959056678279,3.4466467832550722,0.04326642627201607
D,2025-08-19,30,312.98208572575805,2.528664925448635,0.03174282177538112
D,2025-08-19,31,313.7519445632986,2.466736394763775,0.030965420905634814
D,2025-08-19,32,317.3667800250507,2.2628115323446374,0.02840551251358428
D,2025-08-19,33,318.38381866627435,2.5274210480488564,0.03172720714087014
D,2025-08-19,34,314.4932194351058,1.8338555011892095,0.023020744168278196
D,2025-08-19,35,313.3597238130806,1.2591183565845079,0.015805957200945353
D,2025-08-19,36,319.80224060758337,1.5480945879971995,0.019433531941567384
D,2025-08-19,37,318.5878645097323,1.0127226054833207,0.012712903497110515
D,2025-08-19,38,316.067066216228,1.6128279794418245,0.020246142773023494
D,2025-08-19,39,320.2879172216103,3.267470942061442,0.04101719714868558
D,2025-08-19,40,316.5653509984777,2.929575939784105,0.036775535579318674
D,2025-08-19,41,311.33001703477373,1.5685069105164602,0.01968977178941339
D,2025-08-19,42,315.68227956586645,0.5755086771761642,0.007224472165503372
D,2025-08-19,43,320.81254980599573,0.11065508515604608,0.0013890747687832952
D,2025-08-19,44,323.4759040008129,0.09704407749752887,0.0012182131469292235
D,2025-08-19,45,319.6596231685532,0.2569963172717643,0.0032261246691827157
D,2025-08-19,46,320.6219734250269,0.09262424149124433,0.0011627300873858516
D,2025-08-19,47,322.46896313376214,0.00436401404765992,5.4782315658351256e-05
D,2025-08-20,0,337.51832670840093,0.0,0.0
D,2025-08-20,1,351.2949353896854,0.0,0.0
D,2025-08-20,2,344.53081157786943,0.0,0.0
D,2025-08-20,3,343.77629023813455,0.0,0.0
D,2025-08-20,4,360.7017670739171,0.0,0.0
D,2025-08-20,5,367.7194588550023,0.0,0.0
D,2025-08-20,6,348.47494204168646,0.0,0.0
D,2025-08-20,7,316.3344138135137,0.0,0.0
D,2025-08-20,8,352.26769191017775,0.0,0.0
D,2025-08-20,9,484.2173971730429,0.0,0.0
D,2025-08-20,10,463.5090527721434,8.18255284243645e-05,5.798787341919983e-07
D,2025-08-20,11,309.8318917889022,0.013448597367864117,9.530712197652945e-05
D,2025-08-20,12,262.20823162507475,0.2871771594082067,0.002035158597728029
D,2025-08-20,13,273.88935648687647,0.796723321636555,0.005646195266296419
D,2025-08-20,14,262.94873002923856,0.2871771594082067,0.002035158597728029
D,2025-08-20,15,279.7739357123544,0.013485008727700877,9.55651609242628e-05
D,2025-08-20,16,300.4147607716978,0.006229938005691845,4.415014035839106e-05
D,2025-08-20,17,304.11858031743446,0.1550629547266366,0.001098895560327101
D,2025-08-20,18,302.3441625525364,0.991832806664821,0.007028891392868023
D,2025-08-20,19,313.68008415373487,3.2430477437325678,0.022982734811155765
D,2025-08-20,20,321.8946375735605,8.625337844347277,0.06112578907182638
D,2025-08-20,21,330.5947603440004,14.209427483652663,0.10069895033345141
D,2025-08-20,22,333.86947561416224,7.834895132832494,0.05552410304754155
D,2025-08-20,23,335.4802768924889,5.752073605259037,0.04076362506207328
D,2025-08-20,24,335.0345353233908,5.305466256434976,0.03759862131441857
D,2025-08-20,25,333.93371151982893,5.717784888516838,0.04052062879862827
D,2025-08-20,26,337.6678135701179,5.23665491193064,0.03711097111383224
D,2025-08-20,27,334.80823251404934,3.327943716906204,0.023584373082363892
D,2025-08-20,28,335.84929201162726,2.451373731392931,0.017372322840610955
D,2025-08-20,29,345.0843164487602,3.543515851874117,0.025112083311180918
D,2025-08-20,30,349.9427305409162,3.5688397936158984,0.02529154827235804
D,2025-08-20,31,347.8795011980833,5.184289417509206,0.0367398688770956
D,2025-08-20,32,345.52629905652566,5.9238544356711165,0.04198099636924282
D,2025-08-20,33,344.302027339726,4.235762837207823,0.03001787876809127
D,2025-08-20,34,340.26266665760386,4.899130111094527,0.034719010340267926
D,2025-08-20,35,343.1752493517141,4.651530766042708,0.032964330626489693
D,2025-08-20,36,338.89957323180016,4.035521320295765,0.028598813109786583
D,2025-08-20,37,341.3019103987689,4.249025631730217,0.03011186914795913
D,2025-08-20,38,343.01524760901214,5.706462913011287,0.040440392557553696
D,2025-08-20,39,350.20031907952864,6.362952230930538,0.04509278163485088
D,2025-08-20,40,346.52646022521736,6.346742706064358,0.04497790845355584
D,2025-08-20,41,337.46376103942714,5.171211888949267,0.03664719143456974
D,2025-08-20,42,340.03361606521315,7.503073651345814,0.05317256038882143
D,2025-08-20,43,339.70053203553664,4.510811218961714,0.0319670835031445
D,2025-08-20,44,338.4539341982334,0.9209402865014777,0.006526492378188889
D,2025-08-20,45,336.6062040235254,0.03887816136797994,0.0002755206038493915
D,2025-08-20,46,329.74573985807933,0.0002326913464567865,1.649030150358495e-06
D,2025-08-20,47,321.1343766692575,0.0,0.0
D,2025-08-21,0,355.49018081416915,0.0,0.0
D,2025-08-21,1,363.13340473633616,0.0,0.0
D,2025-08-21,2,362.5703765097954,0.0,0.0
D,2025-08-21,3,342.0097221853214,0.0,0.0
D,2025-08-21,4,321.7802341239113,0.0,0.0
D,2025-08-21,5,309.12275518950423,0.0,0.0
D,2025-08-21,6,310.784895846026,0.0,0.0
D,2025-08-21,7,300.35847556825775,0.0,0.0
D,2025-08-21,8,298.4342088653506,0.0,0.0
D,2025-08-21,9,311.687047823394,0.0,0.0
D,2025-08-21,10,365.9467899993332,8.854596708343503e-05,1.1579555639119237e-06
D,2025-08-21,11,408.81034414596996,0.014553148421815595,0.00019031808836192623
D,2025-08-21,12,303.22255641177094,0.3107633985838318,0.004063993181205503
D,2025-08-21,13,275.6780754660529,0.862159259716181,0.011274845649670526
D,2025-08-21,14,282.09291108229434,0.3107633985838318,0.004063993181205503
D,2025-08-21,15,273.5379019981937,0.014633353964174495,0.0001913669724284761
D,2025-08-21,16,283.92039245049756,0.01346297568116778,0.00017606140754134475
D,2025-08-21,17,300.65580956469745,0.3132195580579928,0.004096113486879952
D,2025-08-21,18,309.3157946136126,1.48125049308617,0.019370981045361363
D,2025-08-21,19,318.1599150105707,2.7613111688694243,0.03611091207204923
D,2025-08-21,20,325.228980103304,3.487756783300319,0.045610969147681285
D,2025-08-21,21,328.5244162191362,4.451234655674003,0.0582108040105143
D,2025-08-21,22,333.9108138168344,2.58639175929954,0.0338234120286336
D,2025-08-21,23,336.21416247771646,1.4888285130777619,0.019470082232030103
D,2025-08-21,24,332.5478414045682,1.9127187655782272,0.025013486325278413
D,2025-08-21,25,331.6127957498591,3.3265318866030436,0.04350255842813017
D,2025-08-21,26,336.0713905805591,4.351022265095999,0.05690028136261809
D,2025-08-21,27,336.3219146447834,4.34434146832655,0.056812913568856704
D,2025-08-21,28,338.24088111669624,5.563556557599752,0.07275713940693435
D,2025-08-21,29,343.71511223620786,4.416704756025433,0.05775924093275487
D,2025-08-21,30,348.1459089150877,3.0078623798653896,0.039335173503323495
D,2025-08-21,31,345.64432494591847,2.5326053605708867,0.033120023023779865
D,2025-08-21,32,343.143727911942,1.6205193714585848,0.0211922630066183
D,2025-08-21,33,346.7492534313303,1.0727392962020013,0.014028695801510463
D,2025-08-21,34,345.6919415780842,1.270831348713555,0.016619234952281098
D,2025-08-21,35,344.1474524886309,1.1277802078684374,0.014748490638093796
D,2025-08-21,36,347.96223757889203,0.8497132569589565,0.011112083655918613
D,2025-08-21,37,342.12457009549195,1.669797751206286,0.021836698613218505
D,2025-08-21,38,338.19990888644395,3.7086068610519387,0.04849912526304559
D,2025-08-21,39,339.12140159789766,5.748836775331973,0.0751801324135348
D,2025-08-21,40,333.05494493932713,4.503695688432901,0.05889686060657012
D,2025-08-21,41,335.07715630812504,2.4792313869496847,0.032422027488144434
D,2025-08-21,42,336.72838335150993,2.105942111684389,0.02754035520560224
D,2025-08-21,43,333.7189112827984,1.0307414128137091,0.013479470530796862
D,2025-08-21,44,338.91155938745163,1.1426961076976738,0.014943552590285727
D,2025-08-21,45,329.9632193366611,0.5165566774908308,0.006755244744379387
D,2025-08-21,46,333.0240000920442,0.06569398238028147,0.0008591098490245067
D,2025-08-21,47,341.88545478965165,0.0023573118102290782,3.082763017267569e-05
D,2025-08-22,0,351.9273781958208,0.0,0.0
D,2025-08-22,1,346.5110636174618,0.0,0.0
D,2025-08-22,2,360.1273797562797,0.0,0.0
D,2025-08-22,3,335.8032164767618,0.0,0.0
D,2025-08-22,4,348.4005969561588,0.0,0.0
D,2025-08-22,5,370.75842159751926,0.0,0.0
D,2025-08-22,6,372.3167043552452,0.0,0.0
D,2025-08-22,7,216.43513544570328,0.0,0.0
D,2025-08-22,8,189.59552099747648,0.0,0.0
D,2025-08-22,9,271.39871753616137,0.0,0.0
D,2025-08-22,10,312.09647230684277,0.00013434314902889427,9.984292537885711e-07
D,2025-08-22,11,332.4193967024491,0.022080235291002295,0.00016409882457295964
D,2025-08-22,12,290.8518312096244,0.4715349903337583,0.0035044163542189842
D,2025-08-22,13,280.5653832201132,1.3148114990158999,0.00977159068642
D,2025-08-22,14,286.34593516455857,0.6255368143802262,0.004648947559392115
D,2025-08-22,15,298.1120902636779,0.6804621406330637,0.005057148892330347
D,2025-08-22,16,299.44556216903555,1.131340261930759,0.008408044784312374
D,2025-08-22,17,304.33465269429024,1.4174049928294141,0.010534058636681897
D,2025-08-22,18,315.37885186007384,2.380156937212714,0.017689166376544184
D,2025-08-22,19,324.6690323466896,4.415102564177219,0.032812745498494805
D,2025-08-22,20,327.23522161611106,5.498307774371331,0.040863053813669045
D,2025-08-22,21,338.57644378094795,7.288687336187836,0.05416903437780109
D,2025-08-22,22,343.9655785909527,6.521088901876568,0.048464294407668036
D,2025-08-22,23,342.68095806378295,5.5109637785405035,0.040957112385988606
D,2025-08-22,24,342.7172697806366,4.943961815560479,0.03674319190781787
D,2025-08-22,25,351.40755914147246,4.192270441874827,0.031156672143070857
D,2025-08-22,26,354.7563714014597,4.140109129479585,0.03076901277534074
D,2025-08-22,27,352.58908504292856,5.893946852837376,0.043803416852185376
D,2025-08-22,28,349.5673875692311,8.143689768684398,0.060523354987639943
D,2025-08-22,29,352.52857297350965,9.182495525823928,0.06824368955199513
D,2025-08-22,30,356.2878366670083,6.921026870742226,0.05143660651068695
D,2025-08-22,31,354.60153311153886,6.532556624430039,0.048549521750889335
D,2025-08-22,32,354.98216516485985,4.451762479315291,0.03308519952372675
D,2025-08-22,33,353.25051003974596,3.7517826248497235,0.02788299629406466
D,2025-08-22,34,357.4330377957294,2.812441047641029,0.02090187282953026
D,2025-08-22,35,350.3653992272637,2.035653351629153,0.015128838884088999
D,2025-08-22,36,347.42625400739894,1.4539575691511277,0.010805714927045382
D,2025-08-22,37,349.80563872536845,2.5499387491192156,0.018950973390850664
D,2025-08-22,38,351.0490535150167,4.279182596402533,0.031802597433772437
D,2025-08-22,39,351.2711585267582,4.323074363686932,0.03212879809807128
D,2025-08-22,40,345.097199679113,3.1863527709562782,0.023680759624957012
D,2025-08-22,41,338.0187220720041,3.6941886863966764,0.027454962014623642
D,2025-08-22,42,346.8631118116107,7.233025042937104,0.0537553559556693
D,2025-08-22,43,353.98814545887467,5.658058413578041,0.04205030982670993
D,2025-08-22,44,343.726511456595,1.7053882937105032,0.012674331172205339
D,2025-08-22,45,328.5870267615086,0.18572401325958005,0.001380288383217061
D,2025-08-22,46,324.0001015294509,0.006264469022903472,4.655711271569121e-05
D,2025-08-22,47,325.3435297097786,3.592898171702987e-05,2.6702177717601324e-07
D,2025-08-23,0,339.41765090976406,0.0,0.0
D,2025-08-23,1,346.0366975367872,0.0,0.0
D,2025-08-23,2,339.60461117313986,0.0,0.0
D,2025-08-23,3,333.259578379366,0.0,0.0
D,2025-08-23,4,327.65951525300653,0.0,0.0
D,2025-08-23,5,368.65914137582075,0.0,0.0
D,2025-08-23,6,447.5885885976415,0.0,0.0
D,2025-08-23,7,355.4926949692128,0.0,0.0
D,2025-08-23,8,311.44042955102526,0.0,0.0
D,2025-08-23,9,326.8972088442488,0.0,0.0
D,2025-08-23,10,438.97657069409183,0.0,0.0
D,2025-08-23,11,589.1923218325927,0.0,0.0
D,2025-08-23,12,373.5023056694293,5.872945592605406e-05,8.152249270698558e-07
D,2025-08-23,13,284.02788523054636,0.009652596464602137,0.00013398791330193637
D,2025-08-23,14,296.0038121603457,0.20611853844639152,0.0028611361679269465
D,2025-08-23,15,312.8746894060639,0.5719004696437506,0.007938563559035307
D,2025-08-23,16,311.7283674215331,0.2161991301430658,0.0030010650928788385
D,2025-08-23,17,307.6158585526696,0.2502899139688306,0.003474280046429671
D,2025-08-23,18,312.4919435176506,1.2358330617660438,0.017154627124713273
D,2025-08-23,19,306.8952159946624,2.6423463349558647,0.03667847018572622
D,2025-08-23,20,311.459672418093,3.9467494111422443,0.05478491925606385
D,2025-08-23,21,319.4914950699817,5.791625177442641,0.08039368215570401
D,2025-08-23,22,327.7518998724917,4.639699651647323,0.06440377746564896
D,2025-08-23,23,331.61195680315035,2.4486187130863395,0.033989332615494826
D,2025-08-23,24,336.6845902806204,2.2061325945015273,0.030623377232089702
D,2025-08-23,25,335.54707921209985,3.361603679963537,0.046662497917340416
D,2025-08-23,26,335.13151518923803,4.28517293612201,0.05948258398188264
D,2025-08-23,27,332.18693486748606,5.32800358686604,0.07395814020480118
D,2025-08-23,28,334.86801027462155,6.439413087195037,0.08938564101446733
D,2025-08-23,29,336.4404165820699,9.455001719750213,0.1312450961087358
D,2025-08-23,30,327.9257351345765,5.523051149196702,0.07666559989890039
D,2025-08-23,31,326.00282697636476,2.7633395325485712,0.03835797954143446
D,2025-08-23,32,334.72671863924734,2.1357577089557833,0.029646501828905058
D,2025-08-23,33,334.5453698484529,1.5942027059988506,0.022129164390162947
D,2025-08-23,34,335.33420975640547,1.4958564251987327,0.020764017406785223
D,2025-08-23,35,336.8446167231784,0.8894267591476827,0.012346153279081892
D,2025-08-23,36,341.19086484260254,0.698191070600323,0.009691606292549821
D,2025-08-23,37,350.4943904659248,0.31643108738379766,0.00439238719425378
D,2025-08-23,38,348.9567319628101,0.29575964552267103,0.004105446434835136
D,2025-08-23,39,344.0372859863935,0.10885464264948863,0.0015110137956475865
D,2025-08-23,40,332.0748945878662,0.14911835592628106,0.002069915324736553
D,2025-08-23,41,325.5697814447251,0.8660646607431984,0.012021863454364729
D,2025-08-23,42,327.24479238103,1.6042254665235722,0.022268290559288244
D,2025-08-23,43,331.6016315971015,0.5408483441782052,0.007507528291998495
D,2025-08-23,44,329.5307489371394,0.025100599552436237,0.00034842199909546035
D,2025-08-23,45,329.1755971772285,0.00015251331230354653,2.117040792211449e-06
D,2025-08-23,46,322.64486371077567,0.0,0.0
D,2025-08-23,47,308.67551824668067,0.0,0.0
D,2025-08-24,0,322.49917771151235,0.0,0.0
D,2025-08-24,1,321.8575012709774,0.0,0.0
D,2025-08-24,2,354.77512319041637,0.0,0.0
D,2025-08-24,3,381.2199177834946,0.0,0.0
D,2025-08-24,4,381.0889431459693,0.0,0.0
D,2025-08-24,5,391.26686113546845,0.0,0.0
D,2025-08-24,6,380.41810794549116,0.0,0.0
D,2025-08-24,7,330.5488002639037,0.0,0.0
D,2025-08-24,8,317.73722553918054,0.0,0.0
D,2025-08-24,9,365.1508934528159,0.0,0.0
D,2025-08-24,10,429.8660630924337,0.0,0.0
D,2025-08-24,11,292.717889014313,0.0,0.0
D,2025-08-24,12,236.44002770693504,0.0,0.0
D,2025-08-24,13,277.89793313146663,0.0,0.0
D,2025-08-24,14,320.01146808127896,0.0,0.0
D,2025-08-24,15,326.69245891296663,0.0,0.0
D,2025-08-24,16,320.2044077195199,0.0,0.0
D,2025-08-24,17,328.3595325714252,0.0002602942776176579,5.481379695867457e-06
D,2025-08-24,18,320.50928797475456,0.043360548064282085,0.000913103545481544
D,2025-08-24,19,311.4656391030779,1.0089205035679063,0.021246246416238262
D,2025-08-24,20,323.69798656642485,4.594541884285916,0.09675367751776098
D,2025-08-24,21,338.15930776733506,7.146599054447469,0.15049590528876258
D,2025-08-24,22,333.85625350625844,4.16415548685155,0.08769043078845895
D,2025-08-24,23,331.7198553273283,2.0986810129201445,0.04419485360035682
D,2025-08-24,24,329.7341944120773,0.8672558500356388,0.018263016194656194
D,2025-08-24,25,328.1116260095806,1.7822754837182107,0.037531861008659434
D,2025-08-24,26,334.45646324201243,3.7829968057371235,0.07966384075088179
D,2025-08-24,27,334.194643806451,3.5488850230633893,0.07473382237377364
D,2025-08-24,28,334.78757891476636,1.7586292025643988,0.03703390828151702
D,2025-08-24,29,334.2284017462221,2.2695261357408634,0.047792577668432694
D,2025-08-24,30,337.85108280413687,1.6402637556027193,0.03454132195343398
D,2025-08-24,31,336.84624576324325,2.443510313197417,0.05145640518873412
D,2025-08-24,32,346.05435361069055,1.7790055779882266,0.03746300204241638
D,2025-08-24,33,345.18954843808183,2.6116975827611775,0.05499815913326126
D,2025-08-24,34,347.58074973884806,0.9416832319059184,0.019830337395622347
D,2025-08-24,35,342.5807406641919,0.35240045807678655,0.007420988019390287
D,2025-08-24,36,334.3206902495142,0.8575037818568285,0.018057653291570924
D,2025-08-24,37,331.5112851166375,0.3091202867840196,0.0065095770797064375
D,2025-08-24,38,334.970109194304,0.03586069783477998,0.0007551687374392987
D,2025-08-24,39,345.16222990064256,0.45685607323055444,0.009620655615864435
D,2025-08-24,40,343.0124899164414,1.267223844806711,0.02668570018756104
D,2025-08-24,41,339.0040959898358,0.4567680325190073,0.009618801619790833
D,2025-08-24,42,341.5978494929072,0.021463601061472683,0.0004519889877539681
D,2025-08-24,43,346.6043072678642,0.012129747355667169,0.00025543301020631263
D,2025-08-24,44,343.1788976830112,0.25623572555944313,0.005395913103785102
D,2025-08-24,45,338.4698219357225,0.7108816690379112,0.014970026934485462
D,2025-08-24,46,347.39838983644006,0.25623572555944313,0.005395913103785102
D,2025-08-24,47,370.40424013639694,0.012072609587409635,0.0002542297805169759
D,2025-08-25,0,314.5051500127112,0.0,0.0
D,2025-08-25,1,315.0486563522149,0.0,0.0
D,2025-08-25,2,325.3059521726928,0.0,0.0
D,2025-08-25,3,312.3301671079917,0.0,0.0
D,2025-08-25,4,304.74626521829475,0.0,0.0
D,2025-08-25,5,318.692093622616,0.0,0.0
D,2025-08-25,6,343.76927215067286,0.0,0.0
D,2025-08-25,7,308.7302802046666,0.0,0.0
D,2025-08-25,8,304.99031892128824,0.0,0.0
D,2025-08-25,9,265.4673559524931,0.0,0.0
D,2025-08-25,10,284.9698388640253,0.0,0.0
D,2025-08-25,11,287.8454232872836,0.0,0.0
D,2025-08-25,12,250.67650892361456,0.0,0.0
D,2025-08-25,13,244.65704560317613,0.0,0.0
D,2025-08-25,14,261.73694386610094,0.0002549190684226606,6.603539284691519e-07
D,2025-08-25,15,268.2970771532495,0.04189773019035644,0.00010853378249158479
D,2025-08-25,16,270.6722390371479,0.8961485708637899,0.0023214239441701765
D,2025-08-25,17,281.6063465091412,2.7254383766954535,0.007060099309116434
D,2025-08-25,18,292.25547782019225,6.163273140242751,0.0159656225623721
D,2025-08-25,19,304.24729967853784,16.52150909389853,0.04279806725288065
D,2025-08-25,20,312.8134383852456,17.887016629649352,0.04633533996914612
D,2025-08-25,21,316.46533759331504,26.453134426393643,0.06852540042170804
D,2025-08-25,22,319.45749854086097,19.808706142944864,0.05131337173136269
D,2025-08-25,23,321.71595471156814,19.63819542451926,0.0508716730249648
D,2025-08-25,24,325.89399676663936,23.195559099790103,0.06008682939790304
D,2025-08-25,25,328.78175713610716,25.81318906221362,0.06686765689605999
D,2025-08-25,26,330.04333112332824,21.28583070502783,0.0551397822601839
D,2025-08-25,27,324.8765070679247,16.801476735744668,0.04352330814318083
D,2025-08-25,28,323.3296266161517,14.887239001655947,0.03856457980814112
D,2025-08-25,29,329.0014087545861,14.992751320618355,0.038837903709565365
D,2025-08-25,30,330.6308628663339,12.424769374545539,0.032185686687041914
D,2025-08-25,31,333.10579896307854,14.500467150029321,0.037562668443788166
D,2025-08-25,32,337.8705052442825,10.958037338405358,0.028386197429255862
D,2025-08-25,33,341.5069671265875,12.571587647382344,0.032566011406721544
D,2025-08-25,34,341.073810423069,10.645012544706281,0.027575323791962057
D,2025-08-25,35,333.53094958449066,9.25346019901796,0.023970583417569333
D,2025-08-25,36,335.46487492667177,6.306023716883935,0.016335410137148374
D,2025-08-25,37,335.4164823897604,5.961877715888116,0.015443918711533482
D,2025-08-25,38,329.23934132104415,11.725833719799645,0.03037513203448309
D,2025-08-25,39,330.7208248836936,20.049943767119164,0.05193828462549714
D,2025-08-25,40,326.97696124317673,18.6188426811949,0.048231095398837666
D,2025-08-25,41,326.08801616071804,10.31192446310732,0.026712477302795405
D,2025-08-25,42,326.6026034266581,8.24491257367528,0.021357995859627082
D,2025-08-25,43,333.59392040572465,3.9784055052288614,0.010305842245058367
D,2025-08-25,44,329.0435044270118,0.7356205208608013,0.0019055847952791757
D,2025-08-25,45,331.3635097053562,0.5695794027573922,0.0014754643444810358
D,2025-08-25,46,336.0224067405519,1.5001546141193516,0.003886068621207851
D,2025-08-25,47,324.72318122390556,0.5659266857614763,0.0014660021805371452
D,2025-08-26,0,298.24371404820715,0.0,0.0
D,2025-08-26,1,321.8659495788874,0.0,0.0
D,2025-08-26,2,341.43978987969274,0.0,0.0
D,2025-08-26,3,327.19015682723705,0.0,0.0
D,2025-08-26,4,300.91773052942125,0.0,0.0
D,2025-08-26,5,299.05914902044185,0.0,0.0
D,2025-08-26,6,311.95917081141886,0.0,0.0
D,2025-08-26,7,279.4817187477754,0.0,0.0
D,2025-08-26,8,267.568898581153,0.0,0.0
D,2025-08-26,9,278.2548589858511,0.0,0.0
D,2025-08-26,10,294.2377742268111,0.0,0.0
D,2025-08-26,11,270.5794917211815,0.0,0.0
D,2025-08-26,12,224.55719659580708,0.0,0.0
D,2025-08-26,13,227.0769679819659,0.0,0.0
D,2025-08-26,14,252.93072613112554,0.0,0.0
D,2025-08-26,15,262.11495814903145,0.0,0.0
D,2025-08-26,16,263.8572234068894,6.613576519871943e-05,9.05780785353179e-07
D,2025-08-26,17,268.16465962832945,0.011002146676945695,0.00015068296295765396
D,2025-08-26,18,275.29477738897435,0.254320868151974,0.0034831222560778308
D,2025-08-26,19,285.48366863747054,1.1855573546075502,0.016237130824917966
D,2025-08-26,20,293.27767806316564,3.2104786275743358,0.04397000388377127
D,2025-08-26,21,297.7565825402092,6.021064500224433,0.08246316520703133
D,2025-08-26,22,304.5015430359858,5.318419704030291,0.0728398977751248
D,2025-08-26,23,304.7921298840568,4.595948019842427,0.06294508567863168
D,2025-08-26,24,305.4671252997857,4.3360273939662966,0.05938527038159585
D,2025-08-26,25,305.7031016122267,5.848149943704994,0.08009496575651365
D,2025-08-26,26,306.09744421322586,5.522512243811775,0.07563510397577183
D,2025-08-26,27,307.34929229107655,5.134297397982127,0.07031819947055035
D,2025-08-26,28,306.86956246689493,4.62857197847295,0.06339189618699874
D,2025-08-26,29,306.06073676217335,3.1591067675365077,0.04326642627201607
D,2025-08-26,30,307.3236638939735,2.317708480493807,0.03174282177538112
D,2025-08-26,31,308.079604407583,2.260946400509107,0.030965420905634814
D,2025-08-26,32,311.62908704299787,2.0740341772818587,0.02840551251358428
D,2025-08-26,33,312.62773858184823,2.3165683748320616,0.03172720714087014
D,2025-08-26,34,308.8074777266839,1.6808642395956659,0.023020744168278196
D,2025-08-26,35,307.69447463974757,1.154075126218465,0.015805957200945353
D,2025-08-26,36,314.02051678811483,1.4189432214199307,0.019433531941567384
D,2025-08-26,37,312.8280954683084,0.9282351914222237,0.012712903497110515
D,2025-08-26,38,310.3528708377964,1.4782761638008648,0.020246142773023494
D,2025-08-26,39,314.49741282561246,2.9948788532507074,0.04101719714868558
D,2025-08-26,40,310.8421470996901,2.6851730854310687,0.036775535579318674
D,2025-08-26,41,305.70146305158187,1.4376526251583766,0.01968977178941339
D,2025-08-26,42,309.9750407682818,0.5274962800586618,0.007224472165503372
D,2025-08-26,43,315.01256054615254,0.10142357205766604,0.0013890747687832952
D,2025-08-26,44,317.62776380131834,0.08894807656566663,0.0012182131469292235
D,2025-08-26,45,313.8804777382877,0.2355561379453098,0.0032261246691827157
D,2025-08-26,46,314.8254296069642,0.08489696987649542,0.0011627300873858516
D,2025-08-26,47,316.63902747837824,0.0039999417342576485,5.4782315658351256e-05
D,2025-08-27,0,338.42994922196954,0.0,0.0
D,2025-08-27,1,352.2437679319862,0.0,0.0
D,2025-08-27,2,345.46137451208244,0.0,0.0
D,2025-08-27,3,344.7048152425943,0.0,0.0
D,2025-08-27,4,361.67600706483955,0.0,0.0
D,2025-08-27,5,368.712653330214,0.0,0.0
D,2025-08-27,6,349.41615790299335,0.0,0.0
D,2025-08-27,7,317.18881948760344,0.0,0.0
D,2025-08-27,8,353.219151826088,0.0,0.0
D,2025-08-27,9,485.52524757935845,0.0,0.0
D,2025-08-27,10,464.76097082907006,4.040374665930851e-05,5.798787341919983e-07
D,2025-08-27,11,310.668734430103,0.006640638092261061,9.530712197652945e-05
D,2025-08-27,12,262.91644480426294,0.14180211748701768,0.002035158597728029
D,2025-08-27,13,274.62911988294223,0.3934054306135225,0.005646195266296419
D,2025-08-27,14,263.6589432628329,0.14180211748701768,0.002035158597728029
D,2025-08-27,15,280.5295931043318,0.00665861726559112,9.55651609242628e-05
D,2025-08-27,16,301.2261681462206,0.0030762140096393265,4.415014035839106e-05
D,2025-08-27,17,304.93999154957595,0.07656686684046315,0.001098895560327101
D,2025-08-27,18,303.16078115845596,0.4897464424677509,0.007028891392868023
D,2025-08-27,19,314.52732059734194,1.6013496272490513,0.022982734811155765
D,2025-08-27,20,322.7640611733716,4.259012704526389,0.06112578907182638
D,2025-08-27,21,331.48768260199023,7.016320203223627,0.10069895033345141
D,2025-08-27,22,334.77124273754026,3.8687085087611144,0.05552410304754155
D,2025-08-27,23,336.38639472098134,2.8402544925500304,0.04076362506207328
D,2025-08-27,24,335.93944922303706,2.619729058427691,0.03759862131441857
D,2025-08-27,25,334.8356521416311,2.823323436298983,0.04052062879862827
D,2025-08-27,26,338.57983984128373,2.585751445521598,0.03711097111383224
D,2025-08-27,27,335.7125351795209,1.643269495761403,0.023584373082363892
D,2025-08-27,28,336.75640653411773,1.210437440706977,0.017372322840610955
D,2025-08-27,29,346.0163743758721,1.7497145392065037,0.025112083311180918
D,2025-08-27,30,350.8879108359595,1.762218975734473,0.02529154827235804
D,2025-08-27,31,348.8191087992289,2.559894451854288,0.0367398688770956
D,2025-08-27,32,346.4595507596905,2.9250762992226367,0.04198099636924282
D,2025-08-27,33,345.2319723375316,2.0915317246212806,0.03001787876809127
D,2025-08-27,34,341.18170151558337,2.419088708270576,0.034719010340267926
D,2025-08-27,35,344.10215097053737,2.296829293597421,0.032964330626489693
D,2025-08-27,36,339.8149264329429,1.9926566220001118,0.028598813109786583
D,2025-08-27,37,342.22375220948715,2.09808061712703,0.03011186914795913
D,2025-08-27,38,343.9417170699959,2.8177328799186228,0.040440392557553696
D,2025-08-27,39,351.14619511015854,3.1418936717461965,0.04509278163485088
D,2025-08-27,40,347.46241332077017,3.1338897449916474,0.04497790845355584
D,2025-08-27,41,338.37523617346585,2.553437039833368,0.03664719143456974
D,2025-08-27,42,340.95203226737385,3.7048619521635993,0.05317256038882143
D,2025-08-27,43,340.61804859202977,2.2273449035817965,0.0319670835031445
D,2025-08-27,44,339.36808374747415,0.45474118824116466,0.006526492378188889
D,2025-08-27,45,337.51536293287194,0.01919722869793097,0.0002755206038493915
D,2025-08-27,46,330.636368948178,0.00011489815456240855,1.649030150358495e-06
D,2025-08-27,47,322.0017468369978,0.0,0.0
D,2025-08-28,0,357.6396321776432,0.0,0.0
D,2025-08-28,1,365.3290704229265,0.0,0.0
D,2025-08-28,2,364.7626378779136,0.0,0.0
D,2025-08-28,3,344.0776647146733,0.0,0.0
D,2025-08-28,4,323.7258601926612,0.0,0.0
D,2025-08-28,5,310.9918485245189,0.0,0.0
D,2025-08-28,6,312.6640392209385,0.0,0.0
D,2025-08-28,7,302.1745761799893,0.0,0.0
D,2025-08-28,8,300.23867450680314,0.0,0.0
D,2025-08-28,9,313.5716460094446,0.0,0.0
D,2025-08-28,10,368.159466661517,0.000138092453956542,1.1579555639119237e-06
D,2025-08-28,11,411.2821928749963,0.022696459754836855,0.00019031808836192623
D,2025-08-28,12,305.0559745270692,0.4846531324219347,0.004063993181205503
D,2025-08-28,13,277.34494742812313,1.3445862278897185,0.011274845649670526
D,2025-08-28,14,283.79856998674984,0.4846531324219347,0.004063993181205503
D,2025-08-28,15,275.19183352188656,0.022821544843746887,0.0001913669724284761
D,2025-08-28,16,285.637101118155,0.020996273580906083,0.00017606140754134475
D,2025-08-28,17,302.4737079896979,0.48848365232326346,0.004096113486879952
D,2025-08-28,18,311.1860551506366,2.3100940929569873,0.019370981045361363
D,2025-08-28,19,320.083651023633,4.306421263517059,0.03611091207204923
D,2025-08-28,20,327.19545882044685,5.4393543700943905,0.045610969147681285
D,2025-08-28,21,330.5108206052136,6.941952716595487,0.0582108040105143
D,2025-08-28,22,335.92978675272116,4.033624530839512,0.0338234120286336
D,2025-08-28,23,338.2470624815981,2.3219124446136425,0.019470082232030103
D,2025-08-28,24,334.55857320450235,2.982993317115607,0.025013486325278413
D,2025-08-28,25,333.61787384888703,5.187915006370034,0.04350255842813017
D,2025-08-28,26,338.10342732220295,6.7856658140115655,0.05690028136261809
D,2025-08-28,27,338.35546616607655,6.775246732819434,0.056812913568856704
D,2025-08-28,28,340.2860355607201,8.676681762829718,0.07275713940693435
D,2025-08-28,29,345.7933663104855,6.888101381132055,0.05775924093275487
D,2025-08-28,30,350.2509535520213,4.690931850208244,0.039335173503323495
D,2025-08-28,31,347.73424389622676,3.949741593710077,0.033120023023779865
D,2025-08-28,32,345.21852714307306,2.5272918017594677,0.0211922630066183
D,2025-08-28,33,348.84585326951594,1.6729977292874507,0.014028695801510463
D,2025-08-28,34,347.782148439678,1.981933511928263,0.016619234952281098
D,2025-08-28,35,346.2283206839032,1.7588371504421307,0.014748490638093796
D,2025-08-28,36,350.06617165743245,1.3251759812200365,0.011112083655918613
D,2025-08-28,37,344.1932070462665,2.604144227798818,0.021836698613218505
D,2025-08-28,38,340.2448155941844,5.783782582894607,0.04849912526304559
D,2025-08-28,39,341.171880059436,8.965636763029057,0.0751801324135348
D,2025-08-28,40,335.06874291223323,7.023768670380762,0.05889686060657012
D,2025-08-28,41,337.103181468218,3.8665018569096596,0.032422027488144434
D,2025-08-28,42,338.7643925629533,3.284336076186177,0.02754035520560224
D,2025-08-28,43,335.73672389081764,1.607499649938392,0.013479470530796862
D,2025-08-28,44,340.96076904987905,1.7820993415755604,0.014943552590285727
D,2025-08-28,45,331.95832336478117,0.8055994140888615,0.006755244744379387
D,2025-08-28,46,335.0376109586735,0.10245348868935715,0.0008591098490245067
D,2025-08-28,47,343.9526459431921,0.003676361367294508,3.082763017267569e-05
D,2025-08-29,0,351.4280487715929,0.0,0.0
D,2025-08-29,1,346.0194190890602,0.0,0.0
D,2025-08-29,2,359.6164158235949,0.0,0.0
D,2025-08-29,3,335.3267646940196,0.0,0.0
D,2025-08-29,4,347.9062714780712,0.0,0.0
D,2025-08-29,5,370.23237389377704,0.0,0.0
D,2025-08-29,6,371.7884456941282,0.0,0.0
D,2025-08-29,7,216.12804813661458,0.0,0.0
D,2025-08-29,8,189.32651486666282,0.0,0.0
D,2025-08-29,9,271.0136455759795,0.0,0.0
D,2025-08-29,10,311.65365665374,1.5172630155198022e-05,9.984292537885711e-07
D,2025-08-29,11,331.94774602608356,0.002493727787622981,0.00016409882457295964
D,2025-08-29,12,290.4391583503599,0.0532548631268888,0.0035044163542189842
D,2025-08-29,13,280.1673052075988,0.14849397786618154,0.00977159068642
D,2025-08-29,14,285.93965546086315,0.07064773158630228,0.004648947559392115
D,2025-08-29,15,297.6891162423049,0.07685096314229811,0.005057148892330347
D,2025-08-29,16,299.02069616141773,0.127772852564803,0.008408044784312374
D,2025-08-29,17,303.9028498385946,0.16008082207233645,0.010534058636681897
D,2025-08-29,18,314.9313790282633,0.2688134168411537,0.017689166376544184
D,2025-08-29,19,324.20837821452915,0.49863888696787634,0.032812745498494805
D,2025-08-29,20,326.77092646625846,0.6209753972794216,0.040863053813669045
D,2025-08-29,21,338.0960572262077,0.8231797309222543,0.05416903437780109
D,2025-08-29,22,343.4775457041892,0.7364876499661274,0.048464294407668036
D,2025-08-29,23,342.1947478508661,0.6224047583736758,0.040957112385988606
D,2025-08-29,24,342.23100804712266,0.5583679158271543,0.03674319190781787
D,2025-08-29,25,350.90896725846807,0.4734723682221763,0.031156672143070857
D,2025-08-29,26,354.2530280822182,0.4675813026404656,0.03076901277534074
D,2025-08-29,27,352.0888167610856,0.665658624194235,0.043803416852185376
D,2025-08-29,28,349.0714065993542,0.9197431640696704,0.060523354987639943
D,2025-08-29,29,352.0283905487459,1.037065228276894,0.06824368955199513
D,2025-08-29,30,355.7823204401823,0.7816563908396542,0.05143660651068695
D,2025-08-29,31,354.09840948340104,0.7377828072873898,0.048549521750889335
D,2025-08-29,32,354.4785014798927,0.5027792345623135,0.03308519952372675
D,2025-08-29,33,352.749303300189,0.42372395318275363,0.02788299629406466
D,2025-08-29,34,356.925896709186,0.3176353104539566,0.02090187282953026
D,2025-08-29,35,349.8682860047506,0.22990540010205848,0.015128838884088999
D,2025-08-29,36,346.9333109682284,0.16420904688884516,0.010805714927045382
D,2025-08-29,37,349.3093197146911,0.2879884671340621,0.018950973390850664
D,2025-08-29,38,350.55097029493294,0.4832881719023228,0.031802597433772437
D,2025-08-29,39,350.77276017470547,0.4882452802973402,0.03212879809807128
D,2025-08-29,40,344.60756120056715,0.3598646636406592,0.023680759624957012
D,2025-08-29,41,337.5391268363741,0.41721933025522817,0.027454962014623642
D,2025-08-29,42,346.37096778236605,0.8168932667803285,0.0537553559556693
D,2025-08-29,43,353.48589213103855,0.6390175332815975,0.04205030982670993
D,2025-08-29,44,343.23881776837624,0.19260547365841843,0.012674331172205339
D,2025-08-29,45,328.12081361343604,0.02097555241555807,0.001380288383217061
D,2025-08-29,46,323.54039650457935,0.0007075051633840014,4.655711271569121e-05
D,2025-08-29,47,324.8819185722789,4.057796436855285e-06,2.6702177717601324e-07
D,2025-08-30,0,337.17518294678234,0.0,0.0
D,2025-08-30,1,343.7504987897205,0.0,0.0
D,2025-08-30,2,337.3609079992025,0.0,0.0
D,2025-08-30,3,331.0577956321535,0.0,0.0
D,2025-08-30,4,325.49473105939865,0.0,0.0
D,2025-08-30,5,366.2234804383894,0.0,0.0
D,2025-08-30,6,444.63145579138904,0.0,0.0
D,2025-08-30,7,353.14402224283646,0.0,0.0
D,2025-08-30,8,309.3828017765902,0.0,0.0
D,2025-08-30,9,324.73746106431895,0.0,0.0
D,2025-08-30,10,436.0763358546763,0.0,0.0
D,2025-08-30,11,585.2996400518928,0.0,0.0
D,2025-08-30,12,371.03464686524364,5.784509992516869e-05,8.152249270698558e-07
D,2025-08-30,13,282.1513669307003,0.009507246376252198,0.00013398791330193637
D,2025-08-30,14,294.0481711855441,0.20301477793142442,0.0028611361679269465
D,2025-08-30,15,310.8075857491375,0.5632887158949093,0.007938563559035307
D,2025-08-30,16,309.668837296268,0.21294357473031086,0.0030010650928788385
D,2025-08-30,17,305.58349899252147,0.24652101497446374,0.003474280046429671
D,2025-08-30,18,310.42736859012416,1.217223722261155,0.017154627124713273
D,2025-08-30,19,304.86761758304254,2.6025575304983897,0.03667847018572622
D,2025-08-30,20,309.40191750968955,3.887318730733267,0.05478491925606385
D,2025-08-30,21,317.3806754345879,5.704414111040134,0.08039368215570401
D,2025-08-30,22,325.58650531124704,4.569834433852588,0.06440377746564896
D,2025-08-30,23,329.4210595788029,2.411747085065051,0.033989332615494826
D,2025-08-30,24,334.46017913019784,2.172912354880157,0.030623377232089702
D,2025-08-30,25,333.33018338128977,3.310984202222807,0.046662497917340416
D,2025-08-30,26,332.91736491100994,4.220646229018465,0.05948258398188264
D,2025-08-30,27,329.9922388722579,5.247773796371873,0.07395814020480118
D,2025-08-30,28,332.65560092332385,6.342447543822544,0.08938564101446733
D,2025-08-30,29,334.2176186409042,9.312627039491458,0.1312450961087358
D,2025-08-30,30,325.75919207676714,5.439884306426376,0.07666559989890039
D,2025-08-30,31,323.8489882075898,2.7217287963420236,0.03835797954143446
D,2025-08-30,32,332.51524277495275,2.1035971837717873,0.029646501828905058
D,2025-08-30,33,332.33509212118037,1.5701969884684022,0.022129164390162947
D,2025-08-30,34,333.1187203136645,1.4733316191158523,0.020764017406785223
D,2025-08-30,35,334.6191483084394,0.8760336520705347,0.012346153279081892
D,2025-08-30,36,338.936681591906,0.6876776160941651,0.009691606292549821
D,2025-08-30,37,348.1787405882065,0.3116662257554712,0.00439238719425378
D,2025-08-30,38,346.6512411028152,0.29130605723016195,0.004105446434835136
D,2025-08-30,39,341.7642969717451,0.10721549488397016,0.0015110137956475865
D,2025-08-30,40,329.8809388214886,0.14687291178200687,0.002069915324736553
D,2025-08-30,41,323.4188037255409,0.8530233432679037,0.012021863454364729
D,2025-08-30,42,325.08274818267995,1.5800688249248567,0.022268290559288244
D,2025-08-30,43,329.41080258942964,0.5327041774870452,0.007507528291998495
D,2025-08-30,44,327.3536018579341,0.024722631367817487,0.00034842199909546035
D,2025-08-30,45,327.00079651825644,0.0001502167464521556,2.117040792211449e-06
D,2025-08-30,46,320.5132103676077,0.0,0.0
D,2025-08-30,47,306.63615771616725,0.0,0.0
D,2025-08-31,0,318.72146033531203,0.0,0.0
D,2025-08-31,1,318.0873004170098,0.0,0.0
D,2025-08-31,2,350.6193291910935,0.0,0.0
D,2025-08-31,3,376.7543525755963,0.0,0.0
D,2025-08-31,4,376.62491215954566,0.0,0.0
D,2025-08-31,5,386.6836072167095,0.0,0.0
D,2025-08-31,6,375.9619350435792,0.0,0.0
D,2025-08-31,7,326.6767905573979,0.0,0.0
D,2025-08-31,8,314.01528910975253,0.0,0.0
D,2025-08-31,9,360.8735589029408,0.0,0.0
D,2025-08-31,10,424.8306626690696,0.0,0.0
D,2025-08-31,11,289.2890261455735,0.0,0.0
D,2025-08-31,12,233.67039707582447,0.0,0.0
D,2025-08-31,13,274.64266948009697,0.0,0.0
D,2025-08-31,14,316.2628914426264,0.0,0.0
D,2025-08-31,15,322.86562193475544,0.0,0.0
D,2025-08-31,16,316.453571008674,0.0,0.0
D,2025-08-31,17,324.51316768876575,0.0004895453094657401,5.481379695867457e-06
D,2025-08-31,18,316.75487993251477,0.08154982550908399,0.000913103545481544
D,2025-08-31,19,307.81716729834795,1.8975150151820892,0.021246246416238262
D,2025-08-31,20,319.9062264845219,8.641128991317744,0.09675367751776098
D,2025-08-31,21,334.198149472478,13.44087959888256,0.15049590528876258
D,2025-08-31,22,329.94550068210106,7.831684987975743,0.08769043078845895
D,2025-08-31,23,327.8341280197638,3.947068891960028,0.04419485360035682
D,2025-08-31,24,325.87172690255636,1.6310809341544616,0.018263016194656194
D,2025-08-31,25,324.2681650751824,3.3519930257999797,0.037531861008659434
D,2025-08-31,26,330.5386796317172,7.114825415765703,0.07966384075088179
D,2025-08-31,27,330.27992711818064,6.6745225164951485,0.07473382237377364
D,2025-08-31,28,330.865916654487,3.3075205689672544,0.03703390828151702
D,2025-08-31,29,330.31328962142214,4.268383787114326,0.047792577668432694
D,2025-08-31,30,333.8935350201888,3.0849061884543607,0.03454132195343398
D,2025-08-31,31,332.9004685220189,4.595602421248958,0.05145640518873412
D,2025-08-31,32,342.00071367888796,3.3458431902094325,0.03746300204241638
D,2025-08-31,33,341.1460387321942,4.911918591087043,0.05499815913326126
D,2025-08-31,34,343.50922978261497,1.7710593310054694,0.019830337395622347
D,2025-08-31,35,338.5677902252411,0.6627728926045582,0.007420988019390287
D,2025-08-31,36,330.40449706805856,1.6127398500621744,0.018057653291570924
D,2025-08-31,37,327.6280009759508,0.5813742347348299,0.0065095770797064375
D,2025-08-31,38,331.04630879583283,0.06744457304194623,0.0007551687374392987
D,2025-08-31,39,341.1190402008842,0.8592265254462222,0.009620655615864435
D,2025-08-31,40,338.99448201761123,2.3833158951711892,0.02668570018756104
D,2025-08-31,41,335.0330419452593,0.8590609439444913,0.009618801619790833
D,2025-08-31,42,337.59641252534885,0.04036740768969955,0.0004519889877539681
D,2025-08-31,43,342.54422524370796,0.02281287540133191,0.00025543301020631263
D,2025-08-31,44,339.1589405032069,0.48191223684690976,0.005395913103785102
D,2025-08-31,45,334.5050263144766,1.3369820875350575,0.014970026934485462
D,2025-08-31,46,343.3290060226212,0.48191223684690976,0.005395913103785102
D,2025-08-31,47,366.0653685023326,0.022705414235839428,0.0002542297805169759
